// 4.23.2 0x58a96a2b D2 AY R0 FARGB8888 U565 N0 SExtFlashSection
// Generated by imageconverter. Please, do not edit!

#include <touchgfx/hal/Config.hpp>

LOCATION_PRAGMA("ExtFlashSection")
KEEP extern const unsigned char image_fan_corner_03[] LOCATION_ATTRIBUTE("ExtFlashSection") = { // 80x80 ARGB8888 pixels.
    0xf8, 0xf8, 0xf8, 0xff, 0xf8, 0xf8, 0xf8, 0xff, 0xf8, 0xf8, 0xf0, 0xff,
    0xf8, 0xf8, 0xf8, 0xff, 0xf8, 0xf8, 0xf8, 0xff, 0xf8, 0xf8, 0xf0, 0xff,
    0xf8, 0xf8, 0xf8, 0xff, 0xf8, 0xf8, 0xf8, 0xff, 0xf8, 0xf8, 0xf0, 0xff,
    0xf8, 0xf8, 0xf8, 0xff, 0xf8, 0xf8, 0xf8, 0xff, 0xf8, 0xf8, 0xf0, 0xff,
    0xf8, 0xf8, 0xf8, 0xff, 0xf8, 0xf8, 0xf8, 0xff, 0xf8, 0xf8, 0xf0, 0xff,
    0xf8, 0xf8, 0xf8, 0xff, 0xf8, 0xf8, 0xf8, 0xff, 0xf8, 0xf8, 0xf0, 0xff,
    0xf8, 0xf8, 0xf8, 0xff, 0xf8, 0xf8, 0xf0, 0xff, 0xf8, 0xf8, 0xf0, 0xff,
    0xf8, 0xf8, 0xf8, 0xff, 0xf8, 0xf8, 0xf0, 0xff, 0xf8, 0xf8, 0xf0, 0xff,
    0xf8, 0xf8, 0xf8, 0xff, 0xf8, 0xf8, 0xf0, 0xff, 0xf8, 0xf8, 0xf0, 0xff,
    0xf8, 0xf8, 0xf8, 0xff, 0xf8, 0xf8, 0xf0, 0xff, 0xf8, 0xf8, 0xf0, 0xff,
    0xf8, 0xf8, 0xf8, 0xff, 0xf8, 0xf8, 0xf0, 0xff, 0xf8, 0xf8, 0xf0, 0xff,
    0xf8, 0xf8, 0xf8, 0xff, 0xf8, 0xf8, 0xf0, 0xff, 0xf8, 0xf8, 0xf0, 0xff,
    0xf8, 0xf8, 0xf8, 0xff, 0xf8, 0xf8, 0xf0, 0xff, 0xf8, 0xf8, 0xf0, 0xff,
    0xf8, 0xf8, 0xf8, 0xff, 0xf8, 0xf8, 0xf0, 0xff, 0xf8, 0xf8, 0xf0, 0xff,
    0xf8, 0xf8, 0xf8, 0xff, 0xf8, 0xf8, 0xf0, 0xff, 0xf8, 0xf8, 0xf0, 0xff,
    0xf8, 0xf8, 0xf8, 0xff, 0xf8, 0xf8, 0xf0, 0xff, 0xf8, 0xf8, 0xf0, 0xff,
    0xf8, 0xf8, 0xf8, 0xff, 0xf8, 0xf8, 0xf0, 0xff, 0xf8, 0xf8, 0xf0, 0xff,
    0xf8, 0xf8, 0xf8, 0xff, 0xf8, 0xf8, 0xf0, 0xff, 0xf8, 0xf8, 0xf0, 0xff,
    0xf8, 0xf8, 0xf8, 0xff, 0xf8, 0xf8, 0xf0, 0xff, 0xf8, 0xf8, 0xf0, 0xff,
    0xf8, 0xf8, 0xf8, 0xff, 0xf8, 0xf8, 0xf0, 0xff, 0xf8, 0xf8, 0xf0, 0xff,
    0xf8, 0xf8, 0xf8, 0xff, 0xf8, 0xf8, 0xf0, 0xff, 0xf8, 0xf8, 0xf0, 0xff,
    0xf8, 0xf8, 0xf8, 0xff, 0xf8, 0xf8, 0xf0, 0xff, 0xf8, 0xf8, 0xf0, 0xff,
    0xf8, 0xf8, 0xf8, 0xff, 0xf8, 0xf8, 0xf0, 0xff, 0xf8, 0xf8, 0xf0, 0xff,
    0xf8, 0xf8, 0xf8, 0xff, 0xf8, 0xf8, 0xf0, 0xff, 0xf8, 0xf8, 0xf0, 0xff,
    0xf8, 0xf8, 0xf8, 0xff, 0xf8, 0xf8, 0xf0, 0xff, 0xf8, 0xf8, 0xf0, 0xff,
    0xf8, 0xf8, 0xf8, 0xff, 0xf8, 0xf8, 0xf0, 0xff, 0xf8, 0xf8, 0xf0, 0xff,
    0xf8, 0xf8, 0xf8, 0xff, 0xf8, 0xf8, 0xf0, 0xff, 0xf8, 0xf8, 0xf0, 0xff,
    0xf8, 0xf8, 0xf8, 0xff, 0xf8, 0xf8, 0xf8, 0xff, 0xf8, 0xf8, 0xf0, 0xff,
    0xf8, 0xf8, 0xf8, 0xff, 0xf8, 0xf8, 0xf8, 0xff, 0xf8, 0xf8, 0xf0, 0xff,
    0xf8, 0xf8, 0xf8, 0xff, 0xf8, 0xf8, 0xf8, 0xff, 0xf8, 0xf8, 0xf0, 0xff,
    0xf8, 0xf8, 0xf8, 0xff, 0xf8, 0xf8, 0xf8, 0xff, 0xf8, 0xf8, 0xf0, 0xff,
    0xf8, 0xf4, 0xf8, 0xff, 0xf8, 0xf8, 0xf8, 0xff, 0xf8, 0xf4, 0xf0, 0xff,
    0xf8, 0xf8, 0xf8, 0xff, 0xf8, 0xf4, 0xf8, 0xff, 0xf8, 0xf8, 0xf0, 0xff,
    0xf8, 0xf4, 0xf8, 0xff, 0xf8, 0xf8, 0xf8, 0xff, 0xf8, 0xf4, 0xf0, 0xff,
    0xf8, 0xf8, 0xf8, 0xff, 0xf8, 0xf4, 0xf8, 0xff, 0xf8, 0xf8, 0xf0, 0xff,
    0xf8, 0xf4, 0xf8, 0xff, 0xf8, 0xf8, 0xf8, 0xff, 0xf8, 0xf4, 0xf0, 0xff,
    0xf8, 0xf8, 0xf8, 0xff, 0xf8, 0xf4, 0xf8, 0xff, 0xf8, 0xf8, 0xf0, 0xff,
    0xf8, 0xf4, 0xf8, 0xff, 0xf8, 0xf8, 0xf8, 0xff, 0xf8, 0xf4, 0xf0, 0xff,
    0xf8, 0xf8, 0xf8, 0xff, 0xf8, 0xf4, 0xf8, 0xff, 0xf8, 0xf8, 0xf0, 0xff,
    0xf8, 0xf4, 0xf8, 0xff, 0xf8, 0xf8, 0xf8, 0xff, 0xf8, 0xf4, 0xf0, 0xff,
    0xf8, 0xf8, 0xf8, 0xff, 0xf8, 0xf4, 0xf8, 0xff, 0xf8, 0xf8, 0xf0, 0xff,
    0xf8, 0xf4, 0xf8, 0xff, 0xf8, 0xf8, 0xf8, 0xff, 0xf8, 0xf4, 0xf0, 0xff,
    0xf8, 0xf8, 0xf8, 0xff, 0xf8, 0xf4, 0xf8, 0xff, 0xf8, 0xf8, 0xf0, 0xff,
    0xf8, 0xf4, 0xf8, 0xff, 0xf8, 0xf8, 0xf8, 0xff, 0xf8, 0xf4, 0xf0, 0xff,
    0xf8, 0xf8, 0xf8, 0xff, 0xf8, 0xf4, 0xf8, 0xff, 0xf8, 0xf8, 0xf0, 0xff,
    0xf8, 0xf4, 0xf8, 0xff, 0xf8, 0xf8, 0xf8, 0xff, 0xf8, 0xf4, 0xf0, 0xff,
    0xf8, 0xf8, 0xf8, 0xff, 0xf8, 0xf4, 0xf8, 0xff, 0xf8, 0xf8, 0xf0, 0xff,
    0xf8, 0xf4, 0xf8, 0xff, 0xf8, 0xf8, 0xf8, 0xff, 0xf8, 0xf4, 0xf0, 0xff,
    0xf8, 0xf8, 0xf8, 0xff, 0xf8, 0xf4, 0xf8, 0xff, 0xf8, 0xf8, 0xf0, 0xff,
    0xf8, 0xf4, 0xf8, 0xff, 0xf8, 0xf8, 0xf8, 0xff, 0xf8, 0xf4, 0xf0, 0xff,
    0xf8, 0xf8, 0xf8, 0xff, 0xf8, 0xf4, 0xf8, 0xff, 0xf8, 0xf8, 0xf0, 0xff,
    0xf8, 0xf4, 0xf8, 0xff, 0xf8, 0xf8, 0xf8, 0xff, 0xf8, 0xf4, 0xf0, 0xff,
    0xf8, 0xf8, 0xf8, 0xff, 0xf8, 0xf4, 0xf8, 0xff, 0xf8, 0xf8, 0xf0, 0xff,
    0xf8, 0xf8, 0xf8, 0xff, 0xf8, 0xf8, 0xf8, 0xff, 0xf8, 0xf8, 0xf0, 0xff,
    0xf8, 0xf8, 0xf8, 0xff, 0xf8, 0xf8, 0xf0, 0xff, 0xf8, 0xf8, 0xf8, 0xff,
    0xf8, 0xf8, 0xf8, 0xff, 0xf8, 0xf8, 0xf0, 0xff, 0xf8, 0xf8, 0xf8, 0xff,
    0xf8, 0xf8, 0xf8, 0xff, 0xf8, 0xf8, 0xf0, 0xff, 0xf8, 0xf8, 0xf8, 0xff,
    0xf8, 0xf8, 0xf8, 0xff, 0xf8, 0xf4, 0xf0, 0xff, 0xf8, 0xf8, 0xf8, 0xff,
    0xf8, 0xf8, 0xf8, 0xff, 0xf8, 0xf8, 0xf0, 0xff, 0xf8, 0xf8, 0xf8, 0xff,
    0xf8, 0xf8, 0xf0, 0xff, 0xf8, 0xf4, 0xf0, 0xff, 0xf8, 0xf8, 0xf8, 0xff,
    0xf8, 0xf8, 0xf0, 0xff, 0xf8, 0xf8, 0xf0, 0xff, 0xf8, 0xf4, 0xf8, 0xff,
    0xf8, 0xf8, 0xf0, 0xff, 0xf8, 0xf8, 0xf0, 0xff, 0xf8, 0xf8, 0xf8, 0xff,
    0xf8, 0xf4, 0xf0, 0xff, 0xf8, 0xf8, 0xf0, 0xff, 0xf8, 0xf8, 0xf8, 0xff,
    0xf8, 0xf8, 0xf0, 0xff, 0xf8, 0xf4, 0xf0, 0xff, 0xf8, 0xf8, 0xf8, 0xff,
    0xf8, 0xf8, 0xf0, 0xff, 0xf8, 0xf8, 0xf0, 0xff, 0xf8, 0xf4, 0xf8, 0xff,
    0xf8, 0xf8, 0xf0, 0xff, 0xf8, 0xf8, 0xf0, 0xff, 0xf8, 0xf8, 0xf8, 0xff,
    0xf8, 0xf4, 0xf0, 0xff, 0xf8, 0xf8, 0xf0, 0xff, 0xf8, 0xf8, 0xf8, 0xff,
    0xf8, 0xf8, 0xf0, 0xff, 0xf8, 0xf4, 0xf0, 0xff, 0xf8, 0xf8, 0xf8, 0xff,
    0xf8, 0xf8, 0xf0, 0xff, 0xf8, 0xf8, 0xf0, 0xff, 0xf8, 0xf4, 0xf8, 0xff,
    0xf8, 0xf8, 0xf0, 0xff, 0xf8, 0xf8, 0xf0, 0xff, 0xf8, 0xf8, 0xf8, 0xff,
    0xf8, 0xf4, 0xf0, 0xff, 0xf8, 0xf8, 0xf0, 0xff, 0xf8, 0xf8, 0xf8, 0xff,
    0xf8, 0xf8, 0xf0, 0xff, 0xf8, 0xf4, 0xf0, 0xff, 0xf8, 0xf8, 0xf8, 0xff,
    0xf8, 0xf8, 0xf0, 0xff, 0xf8, 0xf8, 0xf0, 0xff, 0xf8, 0xf4, 0xf8, 0xff,
    0xf8, 0xf8, 0xf0, 0xff, 0xf8, 0xf8, 0xf0, 0xff, 0xf8, 0xf8, 0xf8, 0xff,
    0xf8, 0xf4, 0xf0, 0xff, 0xf8, 0xf8, 0xf0, 0xff, 0xf8, 0xf8, 0xf8, 0xff,
    0xf8, 0xf8, 0xf0, 0xff, 0xf8, 0xf4, 0xf0, 0xff, 0xf8, 0xf8, 0xf8, 0xff,
    0xf8, 0xf8, 0xf0, 0xff, 0xf8, 0xf8, 0xf0, 0xff, 0xf8, 0xf4, 0xf8, 0xff,
    0xf8, 0xf8, 0xf0, 0xff, 0xf8, 0xf8, 0xf0, 0xff, 0xf8, 0xf8, 0xf8, 0xff,
    0xf8, 0xf4, 0xf0, 0xff, 0xf8, 0xf8, 0xf0, 0xff, 0xf8, 0xf8, 0xf8, 0xff,
    0xf8, 0xf8, 0xf0, 0xff, 0xf8, 0xf4, 0xf0, 0xff, 0xf8, 0xf8, 0xf8, 0xff,
    0xf8, 0xf8, 0xf8, 0xff, 0xf8, 0xf8, 0xf8, 0xff, 0xf8, 0xf8, 0xf0, 0xff,
    0xf8, 0xf8, 0xf8, 0xff, 0xf8, 0xf8, 0xf0, 0xff, 0xf8, 0xf8, 0xf8, 0xff,
    0xf8, 0xf8, 0xf0, 0xff, 0xf8, 0xf8, 0xf8, 0xff, 0xf8, 0xf8, 0xf0, 0xff,
    0xf8, 0xf8, 0xf8, 0xff, 0xf8, 0xf8, 0xf0, 0xff, 0xf8, 0xf4, 0xf8, 0xff,
    0xf8, 0xf8, 0xf0, 0xff, 0xf8, 0xf8, 0xf8, 0xff, 0xf8, 0xf8, 0xf0, 0xff,
    0xf8, 0xf4, 0xf8, 0xff, 0xf8, 0xf8, 0xf0, 0xff, 0xf8, 0xf8, 0xf8, 0xff,
    0xf8, 0xf8, 0xf8, 0xff, 0xf8, 0xf8, 0xf0, 0xff, 0xf8, 0xf8, 0xf8, 0xff,
    0xf8, 0xf8, 0xf8, 0xff, 0xf8, 0xf8, 0xf0, 0xff, 0xf8, 0xf8, 0xf8, 0xff,
    0xf8, 0xf8, 0xf8, 0xff, 0xf8, 0xf8, 0xf0, 0xff, 0xf8, 0xf8, 0xf8, 0xff,
    0xf8, 0xf8, 0xf8, 0xff, 0xf8, 0xf8, 0xf0, 0xff, 0xf8, 0xf8, 0xf8, 0xff,
    0xf8, 0xf8, 0xf8, 0xff, 0xf8, 0xf8, 0xf0, 0xff, 0xf8, 0xf8, 0xf8, 0xff,
    0xf8, 0xf8, 0xf8, 0xff, 0xf8, 0xf8, 0xf0, 0xff, 0xf8, 0xf8, 0xf8, 0xff,
    0xf8, 0xf8, 0xf8, 0xff, 0xf8, 0xf8, 0xf0, 0xff, 0xf8, 0xf8, 0xf8, 0xff,
    0xf8, 0xf8, 0xf8, 0xff, 0xf8, 0xf8, 0xf0, 0xff, 0xf8, 0xf8, 0xf8, 0xff,
    0xf8, 0xf8, 0xf8, 0xff, 0xf8, 0xf8, 0xf0, 0xff, 0xf8, 0xf8, 0xf8, 0xff,
    0xf8, 0xf8, 0xf8, 0xff, 0xf8, 0xf8, 0xf0, 0xff, 0xf8, 0xf8, 0xf8, 0xff,
    0xf8, 0xf8, 0xf8, 0xff, 0xf8, 0xf8, 0xf0, 0xff, 0xf8, 0xf8, 0xf8, 0xff,
    0xf8, 0xf8, 0xf8, 0xff, 0xf8, 0xf8, 0xf0, 0xff, 0xf8, 0xf8, 0xf8, 0xff,
    0xf8, 0xf8, 0xf8, 0xff, 0xf8, 0xf8, 0xf0, 0xff, 0xf8, 0xf8, 0xf8, 0xff,
    0xf8, 0xf8, 0xf8, 0xff, 0xf8, 0xf8, 0xf0, 0xff, 0xf8, 0xf8, 0xf8, 0xff,
    0xf8, 0xf8, 0xf8, 0xff, 0xf8, 0xf8, 0xf0, 0xff, 0xf8, 0xf8, 0xf8, 0xff,
    0xf8, 0xf8, 0xf8, 0xff, 0xf8, 0xf8, 0xf0, 0xff, 0xf8, 0xf8, 0xf8, 0xff,
    0xf8, 0xf8, 0xf8, 0xff, 0xf8, 0xf8, 0xf0, 0xff, 0xf8, 0xf8, 0xf8, 0xff,
    0xf8, 0xf8, 0xf8, 0xff, 0xf8, 0xf8, 0xf0, 0xff, 0xf8, 0xf8, 0xf8, 0xff,
    0xf8, 0xf8, 0xf8, 0xff, 0xf8, 0xf8, 0xf0, 0xff, 0xf8, 0xf8, 0xf8, 0xff,
    0xf8, 0xf8, 0xf8, 0xff, 0xf8, 0xf8, 0xf0, 0xff, 0xf8, 0xf8, 0xf8, 0xff,
    0xf8, 0xf4, 0xf8, 0xff, 0xf8, 0xf8, 0xf0, 0xff, 0xf8, 0xf8, 0xf0, 0xff,
    0xf8, 0xf8, 0xf8, 0xff, 0xf8, 0xf8, 0xf8, 0xff, 0xf8, 0xf8, 0xf0, 0xff,
    0xf8, 0xf8, 0xf8, 0xff, 0xf8, 0xf8, 0xf8, 0xff, 0xf8, 0xf8, 0xf8, 0xff,
    0xf8, 0xf8, 0xf0, 0xff, 0xf8, 0xf8, 0xf8, 0xff, 0xf8, 0xf8, 0xf8, 0xff,
    0xf8, 0xf4, 0xf0, 0xff, 0xf8, 0xf8, 0xf8, 0xff, 0xf8, 0xf8, 0xf8, 0xff,
    0xf8, 0xf8, 0xf0, 0xff, 0xf8, 0xf4, 0xf8, 0xff, 0xf8, 0xf8, 0xf0, 0xff,
    0xf8, 0xf8, 0xf0, 0xff, 0xf8, 0xf4, 0xf8, 0xff, 0xf8, 0xf8, 0xf0, 0xff,
    0xf8, 0xf4, 0xf0, 0xff, 0xf8, 0xf4, 0xf8, 0xff, 0xf8, 0xf8, 0xf0, 0xff,
    0xf8, 0xf8, 0xf0, 0xff, 0xf8, 0xf4, 0xf8, 0xff, 0xf8, 0xf4, 0xf0, 0xff,
    0xf8, 0xf8, 0xf0, 0xff, 0xf8, 0xf8, 0xf8, 0xff, 0xf8, 0xf4, 0xf0, 0xff,
    0xf8, 0xf4, 0xf0, 0xff, 0xf8, 0xf8, 0xf8, 0xff, 0xf8, 0xf8, 0xf0, 0xff,
    0xf8, 0xf4, 0xf0, 0xff, 0xf8, 0xf4, 0xf8, 0xff, 0xf8, 0xf8, 0xf0, 0xff,
    0xf8, 0xf8, 0xf0, 0xff, 0xf8, 0xf4, 0xf8, 0xff, 0xf8, 0xf4, 0xf0, 0xff,
    0xf8, 0xf8, 0xf0, 0xff, 0xf8, 0xf8, 0xf8, 0xff, 0xf8, 0xf4, 0xf0, 0xff,
    0xf8, 0xf4, 0xf0, 0xff, 0xf8, 0xf8, 0xf8, 0xff, 0xf8, 0xf8, 0xf0, 0xff,
    0xf8, 0xf4, 0xf0, 0xff, 0xf8, 0xf4, 0xf8, 0xff, 0xf8, 0xf8, 0xf0, 0xff,
    0xf8, 0xf8, 0xf0, 0xff, 0xf8, 0xf4, 0xf8, 0xff, 0xf8, 0xf4, 0xf0, 0xff,
    0xf8, 0xf8, 0xf0, 0xff, 0xf8, 0xf8, 0xf8, 0xff, 0xf8, 0xf4, 0xf0, 0xff,
    0xf8, 0xf4, 0xf0, 0xff, 0xf8, 0xf8, 0xf8, 0xff, 0xf8, 0xf8, 0xf0, 0xff,
    0xf8, 0xf4, 0xf0, 0xff, 0xf8, 0xf4, 0xf8, 0xff, 0xf8, 0xf8, 0xf0, 0xff,
    0xf8, 0xf8, 0xf0, 0xff, 0xf8, 0xf4, 0xf8, 0xff, 0xf8, 0xf4, 0xf0, 0xff,
    0xf8, 0xf8, 0xf0, 0xff, 0xf8, 0xf8, 0xf8, 0xff, 0xf8, 0xf4, 0xf0, 0xff,
    0xf8, 0xf4, 0xf0, 0xff, 0xf8, 0xf8, 0xf8, 0xff, 0xf8, 0xf8, 0xf0, 0xff,
    0xf8, 0xf4, 0xf0, 0xff, 0xf8, 0xf4, 0xf8, 0xff, 0xf8, 0xf8, 0xf0, 0xff,
    0xf8, 0xf8, 0xf0, 0xff, 0xf8, 0xf4, 0xf8, 0xff, 0xf8, 0xf4, 0xf0, 0xff,
    0xf8, 0xf8, 0xf0, 0xff, 0xf8, 0xf8, 0xf8, 0xff, 0xf8, 0xf4, 0xf0, 0xff,
    0xf8, 0xf8, 0xf0, 0xff, 0xf8, 0xf8, 0xf8, 0xff, 0xf8, 0xf8, 0xf0, 0xff,
    0xf8, 0xf8, 0xf0, 0xff, 0xf8, 0xf8, 0xf8, 0xff, 0xf8, 0xf8, 0xf0, 0xff,
    0xf8, 0xf8, 0xf8, 0xff, 0xf8, 0xf8, 0xf8, 0xff, 0xf8, 0xf8, 0xf0, 0xff,
    0xf8, 0xf8, 0xf8, 0xff, 0xf8, 0xf8, 0xf0, 0xff, 0xf8, 0xf8, 0xf8, 0xff,
    0xf8, 0xf4, 0xf8, 0xff, 0xf8, 0xf8, 0xf0, 0xff, 0xf8, 0xf8, 0xf8, 0xff,
    0xf8, 0xf8, 0xf8, 0xff, 0xf8, 0xf8, 0xf0, 0xff, 0xf8, 0xf4, 0xf8, 0xff,
    0xf8, 0xf8, 0xf8, 0xff, 0xf8, 0xf8, 0xf0, 0xff, 0xf8, 0xf8, 0xf8, 0xff,
    0xf8, 0xf8, 0xf8, 0xff, 0xf8, 0xf8, 0xf0, 0xff, 0xf8, 0xf8, 0xf8, 0xff,
    0xf8, 0xf8, 0xf8, 0xff, 0xf8, 0xf8, 0xf0, 0xff, 0xf8, 0xf8, 0xf8, 0xff,
    0xf8, 0xf8, 0xf8, 0xff, 0xf8, 0xf8, 0xf0, 0xff, 0xf8, 0xf4, 0xf8, 0xff,
    0xf8, 0xf8, 0xf8, 0xff, 0xf8, 0xf8, 0xf0, 0xff, 0xf8, 0xf8, 0xf8, 0xff,
    0xf8, 0xf8, 0xf8, 0xff, 0xf8, 0xf4, 0xf0, 0xff, 0xf8, 0xf8, 0xf8, 0xff,
    0xf8, 0xf8, 0xf8, 0xff, 0xf8, 0xf8, 0xf0, 0xff, 0xf8, 0xf8, 0xf8, 0xff,
    0xf8, 0xf8, 0xf8, 0xff, 0xf8, 0xf8, 0xf0, 0xff, 0xf8, 0xf4, 0xf8, 0xff,
    0xf8, 0xf8, 0xf8, 0xff, 0xf8, 0xf8, 0xf0, 0xff, 0xf8, 0xf8, 0xf8, 0xff,
    0xf8, 0xf8, 0xf8, 0xff, 0xf8, 0xf4, 0xf0, 0xff, 0xf8, 0xf8, 0xf8, 0xff,
    0xf8, 0xf8, 0xf8, 0xff, 0xf8, 0xf8, 0xf0, 0xff, 0xf8, 0xf8, 0xf8, 0xff,
    0xf8, 0xf8, 0xf8, 0xff, 0xf8, 0xf8, 0xf0, 0xff, 0xf8, 0xf4, 0xf8, 0xff,
    0xf8, 0xf8, 0xf8, 0xff, 0xf8, 0xf8, 0xf0, 0xff, 0xf8, 0xf8, 0xf8, 0xff,
    0xf8, 0xf8, 0xf8, 0xff, 0xf8, 0xf4, 0xf0, 0xff, 0xf8, 0xf8, 0xf8, 0xff,
    0xf8, 0xf8, 0xf8, 0xff, 0xf8, 0xf8, 0xf0, 0xff, 0xf8, 0xf8, 0xf8, 0xff,
    0xf8, 0xf8, 0xf8, 0xff, 0xf8, 0xf8, 0xf0, 0xff, 0xf8, 0xf4, 0xf8, 0xff,
    0xf8, 0xf8, 0xf8, 0xff, 0xf8, 0xf8, 0xf0, 0xff, 0xf8, 0xf8, 0xf8, 0xff,
    0xf8, 0xf8, 0xf8, 0xff, 0xf8, 0xf4, 0xf0, 0xff, 0xf8, 0xf8, 0xf8, 0xff,
    0xf8, 0xf8, 0xf8, 0xff, 0xf8, 0xf8, 0xf0, 0xff, 0xf8, 0xf8, 0xf8, 0xff,
    0xf8, 0xf8, 0xf8, 0xff, 0xf8, 0xf8, 0xf0, 0xff, 0xf8, 0xf4, 0xf8, 0xff,
    0xf8, 0xf8, 0xf8, 0xff, 0xf8, 0xf8, 0xf0, 0xff, 0xf8, 0xf4, 0xf8, 0xff,
    0xf8, 0xf8, 0xf8, 0xff, 0xf8, 0xf8, 0xf0, 0xff, 0xf8, 0xf4, 0xf8, 0xff,
    0xf8, 0xf8, 0xf8, 0xff, 0xf8, 0xf8, 0xf0, 0xff, 0xf8, 0xf8, 0xf8, 0xff,
    0xf8, 0xf8, 0xf8, 0xff, 0xf8, 0xf8, 0xf0, 0xff, 0xf8, 0xf8, 0xf8, 0xff,
    0xf8, 0xf8, 0xf8, 0xff, 0xf8, 0xf8, 0xf0, 0xff, 0xf8, 0xf8, 0xf8, 0xff,
    0xf8, 0xf4, 0xf0, 0xff, 0xf8, 0xf8, 0xf8, 0xff, 0xf8, 0xf8, 0xf8, 0xff,
    0xf8, 0xf4, 0xf0, 0xff, 0xf8, 0xf8, 0xf0, 0xff, 0xf8, 0xf8, 0xf8, 0xff,
    0xf8, 0xf4, 0xf0, 0xff, 0xf8, 0xf8, 0xf8, 0xff, 0xf8, 0xf8, 0xf0, 0xff,
    0xf8, 0xf4, 0xf0, 0xff, 0xf8, 0xf8, 0xf8, 0xff, 0xf8, 0xf8, 0xf0, 0xff,
    0xf8, 0xf4, 0xf0, 0xff, 0xf8, 0xf4, 0xf8, 0xff, 0xf8, 0xf8, 0xf0, 0xff,
    0xf8, 0xf8, 0xf0, 0xff, 0xf8, 0xf8, 0xf8, 0xff, 0xf8, 0xf8, 0xf0, 0xff,
    0xf8, 0xf8, 0xf0, 0xff, 0xf8, 0xf8, 0xf8, 0xff, 0xf8, 0xf4, 0xf0, 0xff,
    0xf8, 0xf8, 0xf0, 0xff, 0xf8, 0xf8, 0xf8, 0xff, 0xf8, 0xf8, 0xf0, 0xff,
    0xf8, 0xf4, 0xf0, 0xff, 0xf8, 0xf8, 0xf8, 0xff, 0xf8, 0xf8, 0xf0, 0xff,
    0xf8, 0xf8, 0xf0, 0xff, 0xf8, 0xf8, 0xf8, 0xff, 0xf8, 0xf8, 0xf0, 0xff,
    0xf8, 0xf8, 0xf0, 0xff, 0xf8, 0xf8, 0xf8, 0xff, 0xf8, 0xf4, 0xf0, 0xff,
    0xf8, 0xf8, 0xf0, 0xff, 0xf8, 0xf8, 0xf8, 0xff, 0xf8, 0xf8, 0xf0, 0xff,
    0xf8, 0xf4, 0xf0, 0xff, 0xf8, 0xf8, 0xf8, 0xff, 0xf8, 0xf8, 0xf0, 0xff,
    0xf8, 0xf8, 0xf0, 0xff, 0xf8, 0xf8, 0xf8, 0xff, 0xf8, 0xf8, 0xf0, 0xff,
    0xf8, 0xf8, 0xf0, 0xff, 0xf8, 0xf8, 0xf8, 0xff, 0xf8, 0xf4, 0xf0, 0xff,
    0xf8, 0xf8, 0xf0, 0xff, 0xf8, 0xf8, 0xf8, 0xff, 0xf8, 0xf8, 0xf0, 0xff,
    0xf8, 0xf4, 0xf0, 0xff, 0xf8, 0xf8, 0xf8, 0xff, 0xf8, 0xf8, 0xf0, 0xff,
    0xf8, 0xf8, 0xf0, 0xff, 0xf8, 0xf8, 0xf8, 0xff, 0xf8, 0xf8, 0xf0, 0xff,
    0xf8, 0xf8, 0xf0, 0xff, 0xf8, 0xf8, 0xf8, 0xff, 0xf8, 0xf4, 0xf0, 0xff,
    0xf8, 0xf8, 0xf0, 0xff, 0xf8, 0xf8, 0xf8, 0xff, 0xf8, 0xf8, 0xf0, 0xff,
    0xf8, 0xf4, 0xf0, 0xff, 0xf8, 0xf8, 0xf8, 0xff, 0xf8, 0xf8, 0xf0, 0xff,
    0xf8, 0xf8, 0xf0, 0xff, 0xf8, 0xf8, 0xf8, 0xff, 0xf8, 0xf8, 0xf0, 0xff,
    0xf8, 0xf8, 0xf0, 0xff, 0xf8, 0xf4, 0xf8, 0xff, 0xf8, 0xf8, 0xf0, 0xff,
    0xf8, 0xf8, 0xf8, 0xff, 0xf8, 0xf8, 0xf0, 0xff, 0xf8, 0xf8, 0xf8, 0xff,
    0xf8, 0xf8, 0xf0, 0xff, 0xf8, 0xf8, 0xf8, 0xff, 0xf8, 0xf8, 0xf0, 0xff,
    0xf8, 0xf8, 0xf8, 0xff, 0xf8, 0xf8, 0xf8, 0xff, 0xf8, 0xf4, 0xf0, 0xff,
    0xf8, 0xf8, 0xf8, 0xff, 0xf8, 0xf8, 0xf8, 0xff, 0xf8, 0xf8, 0xf0, 0xff,
    0xf8, 0xf4, 0xf8, 0xff, 0xf8, 0xf8, 0xf8, 0xff, 0xf8, 0xf8, 0xf0, 0xff,
    0xf8, 0xf8, 0xf8, 0xff, 0xf8, 0xf8, 0xf0, 0xff, 0xf8, 0xf4, 0xf8, 0xff,
    0xf8, 0xf8, 0xf0, 0xff, 0xf8, 0xf8, 0xf8, 0xff, 0xf8, 0xf4, 0xf8, 0xff,
    0xf8, 0xf8, 0xf0, 0xff, 0xf8, 0xf8, 0xf8, 0xff, 0xf8, 0xf8, 0xf8, 0xff,
    0xf8, 0xf8, 0xf0, 0xff, 0xf8, 0xf4, 0xf8, 0xff, 0xf8, 0xf8, 0xf8, 0xff,
    0xf8, 0xf8, 0xf0, 0xff, 0xf8, 0xf4, 0xf8, 0xff, 0xf8, 0xf4, 0xf8, 0xff,
    0xf8, 0xf8, 0xf0, 0xff, 0xf8, 0xf8, 0xf8, 0xff, 0xf8, 0xf8, 0xf8, 0xff,
    0xf8, 0xf8, 0xf0, 0xff, 0xf8, 0xf4, 0xf8, 0xff, 0xf8, 0xf8, 0xf8, 0xff,
    0xf8, 0xf4, 0xf0, 0xff, 0xf8, 0xf4, 0xf8, 0xff, 0xf8, 0xf8, 0xf8, 0xff,
    0xf8, 0xf4, 0xf0, 0xff, 0xf8, 0xf4, 0xf8, 0xff, 0xf8, 0xf8, 0xf8, 0xff,
    0xf8, 0xf8, 0xf0, 0xff, 0xf8, 0xf8, 0xf8, 0xff, 0xf8, 0xf8, 0xf8, 0xff,
    0xf8, 0xf8, 0xf0, 0xff, 0xf8, 0xf4, 0xf8, 0xff, 0xf8, 0xf8, 0xf8, 0xff,
    0xf8, 0xf4, 0xf0, 0xff, 0xf8, 0xf4, 0xf8, 0xff, 0xf8, 0xf8, 0xf8, 0xff,
    0xf8, 0xf4, 0xf0, 0xff, 0xf8, 0xf4, 0xf8, 0xff, 0xf8, 0xf8, 0xf8, 0xff,
    0xf8, 0xf8, 0xf0, 0xff, 0xf8, 0xf8, 0xf8, 0xff, 0xf8, 0xf8, 0xf8, 0xff,
    0xf8, 0xf8, 0xf0, 0xff, 0xf8, 0xf4, 0xf8, 0xff, 0xf8, 0xf8, 0xf8, 0xff,
    0xf8, 0xf4, 0xf0, 0xff, 0xf8, 0xf4, 0xf8, 0xff, 0xf8, 0xf8, 0xf8, 0xff,
    0xf8, 0xf4, 0xf0, 0xff, 0xf8, 0xf4, 0xf8, 0xff, 0xf8, 0xf8, 0xf8, 0xff,
    0xf8, 0xf8, 0xf0, 0xff, 0xf8, 0xf8, 0xf8, 0xff, 0xf8, 0xf8, 0xf8, 0xff,
    0xf8, 0xf8, 0xf0, 0xff, 0xf8, 0xf4, 0xf8, 0xff, 0xf8, 0xf8, 0xf8, 0xff,
    0xf8, 0xf4, 0xf0, 0xff, 0xf8, 0xf4, 0xf8, 0xff, 0xf8, 0xf8, 0xf8, 0xff,
    0xf8, 0xf4, 0xf0, 0xff, 0xf8, 0xf8, 0xf8, 0xff, 0xf8, 0xf8, 0xf8, 0xff,
    0xf8, 0xf8, 0xf0, 0xff, 0xf8, 0xf4, 0xf0, 0xff, 0xf8, 0xf8, 0xf8, 0xff,
    0xf8, 0xf8, 0xf8, 0xff, 0xf8, 0xf8, 0xf8, 0xff, 0xf8, 0xf8, 0xf8, 0xff,
    0xf8, 0xf8, 0xf0, 0xff, 0xf8, 0xf8, 0xf8, 0xff, 0xf8, 0xf8, 0xf0, 0xff,
    0xf8, 0xf8, 0xf8, 0xff, 0xf8, 0xf8, 0xf0, 0xff, 0xf8, 0xf4, 0xf8, 0xff,
    0xf8, 0xf8, 0xf8, 0xff, 0xf8, 0xf8, 0xf0, 0xff, 0xf8, 0xf8, 0xf8, 0xff,
    0xf8, 0xf4, 0xf0, 0xff, 0xf8, 0xf8, 0xf0, 0xff, 0xf8, 0xf8, 0xf8, 0xff,
    0xf8, 0xf8, 0xf8, 0xff, 0xf8, 0xf8, 0xf0, 0xff, 0xf8, 0xf8, 0xf0, 0xff,
    0xf8, 0xf8, 0xf8, 0xff, 0xf8, 0xf8, 0xf0, 0xff, 0xf8, 0xf4, 0xf0, 0xff,
    0xf8, 0xf8, 0xf8, 0xff, 0xf8, 0xf8, 0xf0, 0xff, 0xf8, 0xf8, 0xf0, 0xff,
    0xf8, 0xf8, 0xf8, 0xff, 0xf8, 0xf4, 0xf0, 0xff, 0xf8, 0xf8, 0xf0, 0xff,
    0xf8, 0xf8, 0xf8, 0xff, 0xf8, 0xf8, 0xf0, 0xff, 0xf8, 0xf8, 0xf0, 0xff,
    0xf8, 0xf4, 0xf8, 0xff, 0xf8, 0xf8, 0xf0, 0xff, 0xf8, 0xf8, 0xf0, 0xff,
    0xf8, 0xf8, 0xf8, 0xff, 0xf8, 0xf8, 0xf0, 0xff, 0xf8, 0xf8, 0xf0, 0xff,
    0xf8, 0xf8, 0xf8, 0xff, 0xf8, 0xf8, 0xf0, 0xff, 0xf8, 0xf8, 0xf0, 0xff,
    0xf8, 0xf8, 0xf8, 0xff, 0xf8, 0xf4, 0xf0, 0xff, 0xf8, 0xf8, 0xf0, 0xff,
    0xf8, 0xf4, 0xf8, 0xff, 0xf8, 0xf8, 0xf0, 0xff, 0xf8, 0xf8, 0xf0, 0xff,
    0xf8, 0xf8, 0xf8, 0xff, 0xf8, 0xf8, 0xf0, 0xff, 0xf8, 0xf8, 0xf0, 0xff,
    0xf8, 0xf8, 0xf8, 0xff, 0xf8, 0xf8, 0xf0, 0xff, 0xf8, 0xf8, 0xf0, 0xff,
    0xf8, 0xf8, 0xf8, 0xff, 0xf8, 0xf4, 0xf0, 0xff, 0xf8, 0xf8, 0xf0, 0xff,
    0xf8, 0xf4, 0xf8, 0xff, 0xf8, 0xf8, 0xf0, 0xff, 0xf8, 0xf8, 0xf0, 0xff,
    0xf8, 0xf8, 0xf8, 0xff, 0xf8, 0xf8, 0xf0, 0xff, 0xf8, 0xf8, 0xf0, 0xff,
    0xf8, 0xf8, 0xf8, 0xff, 0xf8, 0xf8, 0xf0, 0xff, 0xf8, 0xf8, 0xf0, 0xff,
    0xf8, 0xf8, 0xf8, 0xff, 0xf8, 0xf4, 0xf0, 0xff, 0xf8, 0xf8, 0xf0, 0xff,
    0xf8, 0xf4, 0xf8, 0xff, 0xf8, 0xf8, 0xf0, 0xff, 0xf8, 0xf8, 0xf0, 0xff,
    0xf8, 0xf8, 0xf8, 0xff, 0xf8, 0xf8, 0xf0, 0xff, 0xf8, 0xf8, 0xf0, 0xff,
    0xf8, 0xf8, 0xf8, 0xff, 0xf8, 0xf8, 0xf0, 0xff, 0xf8, 0xf8, 0xf0, 0xff,
    0xf8, 0xf4, 0xf8, 0xff, 0xf8, 0xf8, 0xf8, 0xff, 0xf8, 0xf8, 0xf0, 0xff,
    0xf8, 0xf4, 0xf8, 0xff, 0xf8, 0xf8, 0xf0, 0xff, 0xf8, 0xf8, 0xf0, 0xff,
    0xf8, 0xf8, 0xf0, 0xff, 0xf8, 0xf8, 0xf8, 0xff, 0xf8, 0xf8, 0xf8, 0xff,
    0xf8, 0xf8, 0xf0, 0xff, 0xf8, 0xf4, 0xf8, 0xff, 0xf8, 0xf8, 0xf8, 0xff,
    0xf8, 0xf8, 0xf0, 0xff, 0xf8, 0xf8, 0xf8, 0xff, 0xf8, 0xf4, 0xf0, 0xff,
    0xf8, 0xf8, 0xf8, 0xff, 0xf8, 0xf8, 0xf0, 0xff, 0xf8, 0xf8, 0xf8, 0xff,
    0xf8, 0xf4, 0xf0, 0xff, 0xf8, 0xf8, 0xf0, 0xff, 0xf8, 0xf4, 0xf8, 0xff,
    0xf8, 0xf8, 0xf0, 0xff, 0xf8, 0xf4, 0xf8, 0xff, 0xf8, 0xf8, 0xf8, 0xff,
    0xf8, 0xf8, 0xf0, 0xff, 0xf8, 0xf8, 0xf8, 0xff, 0xf8, 0xf4, 0xf8, 0xff,
    0xf8, 0xf8, 0xf0, 0xff, 0xf8, 0xf8, 0xf8, 0xff, 0xf8, 0xf8, 0xf8, 0xff,
    0xf8, 0xf8, 0xf0, 0xff, 0xf8, 0xf8, 0xf8, 0xff, 0xf8, 0xf8, 0xf8, 0xff,
    0xf8, 0xf8, 0xf0, 0xff, 0xf8, 0xf4, 0xf8, 0xff, 0xf8, 0xf8, 0xf8, 0xff,
    0xf8, 0xf8, 0xf0, 0xff, 0xf8, 0xf4, 0xf8, 0xff, 0xf8, 0xf8, 0xf8, 0xff,
    0xf8, 0xf8, 0xf0, 0xff, 0xf8, 0xf8, 0xf8, 0xff, 0xf8, 0xf8, 0xf8, 0xff,
    0xf8, 0xf4, 0xf0, 0xff, 0xf8, 0xf8, 0xf8, 0xff, 0xf8, 0xf8, 0xf8, 0xff,
    0xf8, 0xf8, 0xf0, 0xff, 0xf8, 0xf8, 0xf8, 0xff, 0xf8, 0xf4, 0xf8, 0xff,
    0xf8, 0xf8, 0xf0, 0xff, 0xf8, 0xf8, 0xf8, 0xff, 0xf8, 0xf4, 0xf8, 0xff,
    0xf8, 0xf8, 0xf0, 0xff, 0xf8, 0xf8, 0xf8, 0xff, 0xf8, 0xf8, 0xf8, 0xff,
    0xf8, 0xf8, 0xf0, 0xff, 0xf8, 0xf8, 0xf8, 0xff, 0xf8, 0xf8, 0xf8, 0xff,
    0xf8, 0xf8, 0xf0, 0xff, 0xf8, 0xf8, 0xf8, 0xff, 0xf8, 0xf4, 0xf8, 0xff,
    0xf8, 0xf8, 0xf0, 0xff, 0xf8, 0xf8, 0xf8, 0xff, 0xf8, 0xf4, 0xf8, 0xff,
    0xf8, 0xf8, 0xf0, 0xff, 0xf8, 0xf8, 0xf8, 0xff, 0xf8, 0xf8, 0xf8, 0xff,
    0xf8, 0xf8, 0xf0, 0xff, 0xf8, 0xf8, 0xf8, 0xff, 0xf8, 0xf8, 0xf8, 0xff,
    0xf8, 0xf8, 0xf0, 0xff, 0xf8, 0xf8, 0xf8, 0xff, 0xf8, 0xf4, 0xf8, 0xff,
    0xf8, 0xf8, 0xf0, 0xff, 0xf8, 0xf8, 0xf8, 0xff, 0xf8, 0xf4, 0xf8, 0xff,
    0xf8, 0xf8, 0xf0, 0xff, 0xf8, 0xf8, 0xf8, 0xff, 0xf8, 0xf8, 0xf8, 0xff,
    0xf8, 0xf8, 0xf0, 0xff, 0xf8, 0xf8, 0xf8, 0xff, 0xf8, 0xf4, 0xf0, 0xff,
    0xf8, 0xf8, 0xf0, 0xff, 0xf8, 0xf8, 0xf8, 0xff, 0xf8, 0xf8, 0xf8, 0xff,
    0xf8, 0xf8, 0xf0, 0xff, 0xf8, 0xf4, 0xf8, 0xff, 0xf8, 0xf8, 0xf8, 0xff,
    0xf8, 0xf8, 0xf0, 0xff, 0xf8, 0xf8, 0xf8, 0xff, 0xf8, 0xf8, 0xf8, 0xff,
    0xf8, 0xf8, 0xf0, 0xff, 0xf8, 0xf4, 0xf8, 0xff, 0xf8, 0xf8, 0xf8, 0xff,
    0xf8, 0xf8, 0xf0, 0xff, 0xf8, 0xf8, 0xf8, 0xff, 0xf8, 0xf4, 0xf0, 0xff,
    0xf8, 0xf8, 0xf8, 0xff, 0xf8, 0xf8, 0xf8, 0xff, 0xf8, 0xf8, 0xf0, 0xff,
    0xf8, 0xf8, 0xf8, 0xff, 0xf8, 0xf8, 0xf0, 0xff, 0xf8, 0xf4, 0xf8, 0xff,
    0xf8, 0xf8, 0xf0, 0xff, 0xf8, 0xf8, 0xf0, 0xff, 0xf8, 0xf4, 0xf8, 0xff,
    0xf8, 0xf8, 0xf0, 0xff, 0xf8, 0xf8, 0xf0, 0xff, 0xf8, 0xf4, 0xf8, 0xff,
    0xf8, 0xf8, 0xf0, 0xff, 0xf8, 0xf4, 0xf0, 0xff, 0xf8, 0xf8, 0xf8, 0xff,
    0xf8, 0xf4, 0xf0, 0xff, 0xf8, 0xf8, 0xf0, 0xff, 0xf8, 0xf8, 0xf8, 0xff,
    0xf8, 0xf4, 0xf0, 0xff, 0xf8, 0xf8, 0xf0, 0xff, 0xf8, 0xf8, 0xf8, 0xff,
    0xf8, 0xf4, 0xf0, 0xff, 0xf8, 0xf8, 0xf8, 0xff, 0xf8, 0xf4, 0xf0, 0xff,
    0xf8, 0xf8, 0xf8, 0xff, 0xf8, 0xf8, 0xf0, 0xff, 0xf8, 0xf4, 0xf0, 0xff,
    0xf8, 0xf8, 0xf8, 0xff, 0xf8, 0xf8, 0xf0, 0xff, 0xf8, 0xf8, 0xf0, 0xff,
    0xf8, 0xf8, 0xf8, 0xff, 0xf8, 0xf8, 0xf0, 0xff, 0xf8, 0xf8, 0xf0, 0xff,
    0xf8, 0xf4, 0xf8, 0xff, 0xf8, 0xf8, 0xf0, 0xff, 0xf8, 0xf8, 0xf0, 0xff,
    0xf8, 0xf4, 0xf8, 0xff, 0xf8, 0xf4, 0xf0, 0xff, 0xf8, 0xf8, 0xf0, 0xff,
    0xf8, 0xf4, 0xf8, 0xff, 0xf8, 0xf4, 0xf0, 0xff, 0xf8, 0xf8, 0xf0, 0xff,
    0xf8, 0xf8, 0xf8, 0xff, 0xf8, 0xf8, 0xf0, 0xff, 0xf8, 0xf8, 0xf0, 0xff,
    0xf8, 0xf4, 0xf8, 0xff, 0xf8, 0xf8, 0xf0, 0xff, 0xf8, 0xf8, 0xf0, 0xff,
    0xf8, 0xf4, 0xf8, 0xff, 0xf8, 0xf4, 0xf0, 0xff, 0xf8, 0xf8, 0xf0, 0xff,
    0xf8, 0xf4, 0xf8, 0xff, 0xf8, 0xf4, 0xf0, 0xff, 0xf8, 0xf8, 0xf0, 0xff,
    0xf8, 0xf8, 0xf8, 0xff, 0xf8, 0xf8, 0xf0, 0xff, 0xf8, 0xf8, 0xf0, 0xff,
    0xf8, 0xf4, 0xf8, 0xff, 0xf8, 0xf8, 0xf0, 0xff, 0xf8, 0xf8, 0xf0, 0xff,
    0xf8, 0xf4, 0xf8, 0xff, 0xf8, 0xf4, 0xf0, 0xff, 0xf8, 0xf8, 0xf8, 0xff,
    0xf8, 0xf8, 0xf8, 0xff, 0xf8, 0xf8, 0xf0, 0xff, 0xf8, 0xf4, 0xf0, 0xff,
    0xf8, 0xf8, 0xf8, 0xff, 0xf8, 0xf8, 0xf0, 0xff, 0xf8, 0xf4, 0xf8, 0xff,
    0xf8, 0xf8, 0xf0, 0xff, 0xf8, 0xf8, 0xf8, 0xff, 0xf8, 0xf8, 0xf0, 0xff,
    0xf8, 0xf4, 0xf8, 0xff, 0xf8, 0xf8, 0xf8, 0xff, 0xf8, 0xf8, 0xf0, 0xff,
    0xf8, 0xf8, 0xf8, 0xff, 0xf8, 0xf4, 0xf8, 0xff, 0xf8, 0xf8, 0xf0, 0xff,
    0xf8, 0xf8, 0xf8, 0xff, 0xf8, 0xf8, 0xf0, 0xff, 0xf8, 0xf4, 0xf0, 0xff,
    0xf8, 0xf8, 0xf8, 0xff, 0xf8, 0xf8, 0xf8, 0xff, 0xf8, 0xf4, 0xf0, 0xff,
    0xf8, 0xf8, 0xf8, 0xff, 0xf8, 0xf8, 0xf8, 0xff, 0xf8, 0xf8, 0xf0, 0xff,
    0xf8, 0xf8, 0xf8, 0xff, 0xf8, 0xf4, 0xf8, 0xff, 0xf8, 0xf8, 0xf0, 0xff,
    0xf8, 0xf8, 0xf8, 0xff, 0xf8, 0xf8, 0xf8, 0xff, 0xf8, 0xf4, 0xf0, 0xff,
    0xf8, 0xf8, 0xf8, 0xff, 0xf8, 0xf8, 0xf8, 0xff, 0xf8, 0xf4, 0xf0, 0xff,
    0xf8, 0xf8, 0xf8, 0xff, 0xf8, 0xf8, 0xf8, 0xff, 0xf8, 0xf8, 0xf0, 0xff,
    0xf8, 0xf8, 0xf8, 0xff, 0xf8, 0xf8, 0xf0, 0xff, 0xf8, 0xf8, 0xf8, 0xff,
    0xf8, 0xf8, 0xf0, 0xff, 0xf8, 0xf8, 0xf0, 0xff, 0xf8, 0xf4, 0xf8, 0xff,
    0xf8, 0xf8, 0xf8, 0xff, 0xf8, 0xf8, 0xf0, 0xff, 0xf8, 0xf8, 0xf8, 0xff,
    0xf8, 0xf4, 0xf8, 0xff, 0xf8, 0xf4, 0xf0, 0xff, 0xf8, 0xf8, 0xf8, 0xff,
    0xf8, 0xf8, 0xf8, 0xff, 0xf8, 0xf4, 0xf0, 0xff, 0xf8, 0xf8, 0xf8, 0xff,
    0xf8, 0xf8, 0xf8, 0xff, 0xf8, 0xf8, 0xf0, 0xff, 0xf8, 0xf8, 0xf8, 0xff,
    0xf8, 0xf8, 0xf8, 0xff, 0xf8, 0xf8, 0xf0, 0xff, 0xf8, 0xf8, 0xf8, 0xff,
    0xf8, 0xf8, 0xf8, 0xff, 0xf8, 0xf8, 0xf0, 0xff, 0xf8, 0xf4, 0xf8, 0xff,
    0xf8, 0xf8, 0xf8, 0xff, 0xf8, 0xf8, 0xf0, 0xff, 0xf8, 0xf8, 0xf8, 0xff,
    0xf8, 0xf8, 0xf8, 0xff, 0xf8, 0xf8, 0xf0, 0xff, 0xf8, 0xf8, 0xf8, 0xff,
    0xf8, 0xf8, 0xf8, 0xff, 0xf8, 0xf8, 0xf0, 0xff, 0xf8, 0xf8, 0xf8, 0xff,
    0xf8, 0xf8, 0xf8, 0xff, 0xf8, 0xf8, 0xf0, 0xff, 0xf8, 0xf4, 0xf8, 0xff,
    0xf8, 0xf8, 0xf8, 0xff, 0xf8, 0xf8, 0xf0, 0xff, 0xf8, 0xf8, 0xf8, 0xff,
    0xf8, 0xf8, 0xf8, 0xff, 0xf8, 0xf8, 0xf0, 0xff, 0xf8, 0xf8, 0xf8, 0xff,
    0xf8, 0xf8, 0xf0, 0xff, 0xf8, 0xf4, 0xf0, 0xff, 0xf8, 0xf8, 0xf8, 0xff,
    0xf8, 0xf8, 0xf8, 0xff, 0xf8, 0xf8, 0xf0, 0xff, 0xf8, 0xf4, 0xf8, 0xff,
    0xf8, 0xf8, 0xf0, 0xff, 0xf8, 0xf8, 0xf0, 0xff, 0xf8, 0xf8, 0xf8, 0xff,
    0xf8, 0xf8, 0xf8, 0xff, 0xf8, 0xf8, 0xf0, 0xff, 0xf8, 0xf8, 0xf8, 0xff,
    0xf8, 0xf4, 0xf0, 0xff, 0xf8, 0xf8, 0xf8, 0xff, 0xf8, 0xf8, 0xf0, 0xff,
    0xf8, 0xf8, 0xf8, 0xff, 0xf8, 0xf4, 0xf0, 0xff, 0xf8, 0xf8, 0xf8, 0xff,
    0xf8, 0xf8, 0xf8, 0xff, 0xf8, 0xf8, 0xf0, 0xff, 0xf8, 0xf4, 0xf0, 0xff,
    0xf8, 0xf8, 0xf8, 0xff, 0xf8, 0xf8, 0xf0, 0xff, 0xf8, 0xf4, 0xf0, 0xff,
    0xf8, 0xf8, 0xf8, 0xff, 0xf8, 0xf8, 0xf0, 0xff, 0xf8, 0xf4, 0xf0, 0xff,
    0xf8, 0xf8, 0xf8, 0xff, 0xf8, 0xf8, 0xf0, 0xff, 0xf8, 0xf8, 0xf8, 0xff,
    0xf8, 0xf8, 0xf0, 0xff, 0xf8, 0xf8, 0xf0, 0xff, 0xf8, 0xf8, 0xf8, 0xff,
    0xf8, 0xf8, 0xf0, 0xff, 0xf8, 0xf8, 0xf0, 0xff, 0xf8, 0xf4, 0xf8, 0xff,
    0xf8, 0xf8, 0xf0, 0xff, 0xf8, 0xf8, 0xf8, 0xff, 0xf8, 0xf4, 0xf8, 0xff,
    0xf8, 0xf8, 0xf0, 0xff, 0xf8, 0xf8, 0xf8, 0xff, 0xf8, 0xf4, 0xf8, 0xff,
    0xf8, 0xf8, 0xf0, 0xff, 0xf8, 0xf8, 0xf8, 0xff, 0xf8, 0xf8, 0xf0, 0xff,
    0xf8, 0xf8, 0xf0, 0xff, 0xf8, 0xf8, 0xf8, 0xff, 0xf8, 0xf8, 0xf0, 0xff,
    0xf8, 0xf8, 0xf0, 0xff, 0xf8, 0xf4, 0xf8, 0xff, 0xf8, 0xf8, 0xf0, 0xff,
    0xf8, 0xf8, 0xf0, 0xff, 0xf8, 0xf8, 0xf8, 0xff, 0xf8, 0xf4, 0xf0, 0xff,
    0xf8, 0xf8, 0xf8, 0xff, 0xf8, 0xf8, 0xf0, 0xff, 0xf8, 0xf4, 0xf8, 0xff,
    0xf8, 0xf8, 0xf0, 0xff, 0xf8, 0xf8, 0xf0, 0xff, 0xf8, 0xf8, 0xf8, 0xff,
    0xf8, 0xf4, 0xf0, 0xff, 0xf8, 0xf8, 0xf0, 0xff, 0xf8, 0xf8, 0xf8, 0xff,
    0xf8, 0xf4, 0xf0, 0xff, 0xf8, 0xf8, 0xf0, 0xff, 0xf8, 0xf4, 0xf8, 0xff,
    0xf8, 0xf8, 0xf0, 0xff, 0xf8, 0xf8, 0xf0, 0xff, 0xf8, 0xf4, 0xf8, 0xff,
    0xf8, 0xf8, 0xf0, 0xff, 0xf8, 0xf8, 0xf0, 0xff, 0xf8, 0xf8, 0xf8, 0xff,
    0xf8, 0xf4, 0xf0, 0xff, 0xf8, 0xf8, 0xf0, 0xff, 0xf8, 0xf8, 0xf8, 0xff,
    0xf8, 0xf4, 0xf0, 0xff, 0xf8, 0xf8, 0xf0, 0xff, 0xf8, 0xf4, 0xf8, 0xff,
    0xf8, 0xf8, 0xf8, 0xff, 0xf8, 0xf8, 0xf0, 0xff, 0xf8, 0xf8, 0xf8, 0xff,
    0xf8, 0xf8, 0xf0, 0xff, 0xf8, 0xf4, 0xf0, 0xff, 0xf8, 0xf8, 0xf8, 0xff,
    0xf8, 0xf8, 0xf8, 0xff, 0xf8, 0xf8, 0xf0, 0xff, 0xf8, 0xf8, 0xf8, 0xff,
    0xf8, 0xf8, 0xf8, 0xff, 0xf8, 0xf4, 0xf0, 0xff, 0xf8, 0xf8, 0xf8, 0xff,
    0xf8, 0xf4, 0xf8, 0xff, 0xf8, 0xf8, 0xf0, 0xff, 0xf8, 0xf8, 0xf8, 0xff,
    0xf8, 0xf4, 0xf8, 0xff, 0xf8, 0xf8, 0xf8, 0xff, 0xf8, 0xf8, 0xf0, 0xff,
    0xf8, 0xf8, 0xf0, 0xff, 0xf8, 0xf4, 0xf8, 0xff, 0xf8, 0xf8, 0xf0, 0xff,
    0xf8, 0xf8, 0xf8, 0xff, 0xf8, 0xf8, 0xf0, 0xff, 0xf8, 0xf8, 0xf8, 0xff,
    0xf8, 0xf8, 0xf8, 0xff, 0xf8, 0xf8, 0xf0, 0xff, 0xf8, 0xf8, 0xf8, 0xff,
    0xf8, 0xf4, 0xf8, 0xff, 0xf8, 0xf8, 0xf0, 0xff, 0xf8, 0xf8, 0xf0, 0xff,
    0xf8, 0xf4, 0xf8, 0xff, 0xf8, 0xf8, 0xf0, 0xff, 0xf8, 0xf4, 0xf8, 0xff,
    0xf8, 0xf8, 0xf8, 0xff, 0xf8, 0xf8, 0xf0, 0xff, 0xf8, 0xf4, 0xf8, 0xff,
    0xf8, 0xf8, 0xf8, 0xff, 0xf8, 0xf8, 0xf0, 0xff, 0xf8, 0xf8, 0xf0, 0xff,
    0xf8, 0xf4, 0xf8, 0xff, 0xf8, 0xf8, 0xf0, 0xff, 0xf8, 0xf8, 0xf0, 0xff,
    0xf8, 0xf4, 0xf8, 0xff, 0xf8, 0xf8, 0xf0, 0xff, 0xf8, 0xf8, 0xf8, 0xff,
    0xf8, 0xf4, 0xf0, 0xff, 0xf8, 0xf8, 0xf8, 0xff, 0xf8, 0xf4, 0xf8, 0xff,
    0xf8, 0xf4, 0xf0, 0xff, 0xf8, 0xf8, 0xf8, 0xff, 0xf8, 0xf8, 0xf8, 0xff,
    0xf8, 0xf8, 0xf0, 0xff, 0xf8, 0xf8, 0xf8, 0xff, 0xf8, 0xf8, 0xf8, 0xff,
    0xf8, 0xf4, 0xf0, 0xff, 0xf8, 0xf8, 0xf0, 0xff, 0xf8, 0xf8, 0xf8, 0xff,
    0xf8, 0xf4, 0xf0, 0xff, 0xf8, 0xf8, 0xf0, 0xff, 0xf8, 0xf8, 0xf8, 0xff,
    0xf8, 0xf4, 0xf8, 0xff, 0xf8, 0xf8, 0xf0, 0xff, 0xf8, 0xf8, 0xf8, 0xff,
    0xf8, 0xf8, 0xf8, 0xff, 0xf8, 0xf8, 0xf0, 0xff, 0xf8, 0xf4, 0xf8, 0xff,
    0xf8, 0xf8, 0xf8, 0xff, 0xf8, 0xf8, 0xf0, 0xff, 0xf8, 0xf4, 0xf8, 0xff,
    0xf8, 0xf8, 0xf8, 0xff, 0xf8, 0xf8, 0xf0, 0xff, 0xf8, 0xf4, 0xf8, 0xff,
    0xf8, 0xf8, 0xf8, 0xff, 0xf8, 0xf8, 0xf0, 0xff, 0xf8, 0xf4, 0xf8, 0xff,
    0xf8, 0xf8, 0xf8, 0xff, 0xf8, 0xf8, 0xf0, 0xff, 0xf8, 0xf8, 0xf8, 0xff,
    0xf8, 0xf4, 0xf0, 0xff, 0xf8, 0xf8, 0xf0, 0xff, 0xf8, 0xf4, 0xf8, 0xff,
    0xf8, 0xf8, 0xf0, 0xff, 0xf8, 0xf4, 0xf8, 0xff, 0xf8, 0xf8, 0xf8, 0xff,
    0xf8, 0xf8, 0xf0, 0xff, 0xf8, 0xf4, 0xf0, 0xff, 0xf8, 0xf8, 0xf8, 0xff,
    0xf8, 0xf8, 0xf0, 0xff, 0xf8, 0xf4, 0xf0, 0xff, 0xf8, 0xf8, 0xf8, 0xff,
    0xf8, 0xf8, 0xf0, 0xff, 0xf8, 0xf8, 0xf0, 0xff, 0xf8, 0xf8, 0xf8, 0xff,
    0xf8, 0xf8, 0xf8, 0xff, 0xf8, 0xf8, 0xf0, 0xff, 0xf8, 0xf8, 0xf8, 0xff,
    0xf8, 0xf4, 0xf0, 0xff, 0xf8, 0xf8, 0xf0, 0xff, 0xf8, 0xf8, 0xf8, 0xff,
    0xf8, 0xf8, 0xf0, 0xff, 0xf8, 0xf4, 0xf8, 0xff, 0xf8, 0xf8, 0xf0, 0xff,
    0xf8, 0xf4, 0xf8, 0xff, 0xf8, 0xf8, 0xf0, 0xff, 0xf8, 0xf4, 0xf0, 0xff,
    0xf8, 0xf8, 0xf8, 0xff, 0xf8, 0xf8, 0xf0, 0xff, 0xf8, 0xf8, 0xf8, 0xff,
    0xf8, 0xf8, 0xf8, 0xff, 0xf8, 0xf8, 0xf0, 0xff, 0xf8, 0xf8, 0xf8, 0xff,
    0xf8, 0xf8, 0xf0, 0xff, 0xf8, 0xf4, 0xf8, 0xff, 0xf8, 0xf8, 0xf0, 0xff,
    0xf8, 0xf8, 0xf0, 0xff, 0xf8, 0xf4, 0xf8, 0xff, 0xf8, 0xf8, 0xf8, 0xff,
    0xf8, 0xf8, 0xf0, 0xff, 0xf8, 0xf4, 0xf8, 0xff, 0xf8, 0xf8, 0xf0, 0xff,
    0xf8, 0xf8, 0xf8, 0xff, 0xf8, 0xf8, 0xf8, 0xff, 0xf8, 0xf8, 0xf0, 0xff,
    0xf8, 0xf8, 0xf0, 0xff, 0xf8, 0xf8, 0xf8, 0xff, 0xf8, 0xf8, 0xf0, 0xff,
    0xf8, 0xf8, 0xf0, 0xff, 0xf8, 0xf8, 0xf8, 0xff, 0xf8, 0xf8, 0xf0, 0xff,
    0xf8, 0xf8, 0xf8, 0xff, 0xf8, 0xf4, 0xf0, 0xff, 0xf8, 0xf8, 0xf0, 0xff,
    0xf8, 0xf8, 0xf8, 0xff, 0xf8, 0xf4, 0xf8, 0xff, 0xf8, 0xf8, 0xf0, 0xff,
    0xf8, 0xf8, 0xf8, 0xff, 0xf8, 0xf8, 0xf8, 0xff, 0xf8, 0xf8, 0xf0, 0xff,
    0xf8, 0xf8, 0xf8, 0xff, 0xf8, 0xf8, 0xf8, 0xff, 0xf8, 0xf4, 0xf0, 0xff,
    0xf8, 0xf8, 0xf0, 0xff, 0xf8, 0xf8, 0xf8, 0xff, 0xf8, 0xf4, 0xf0, 0xff,
    0xf8, 0xf8, 0xf0, 0xff, 0xf8, 0xf8, 0xf8, 0xff, 0xf8, 0xf8, 0xf0, 0xff,
    0xf8, 0xf8, 0xf0, 0xff, 0xf8, 0xf8, 0xf8, 0xff, 0xf8, 0xf8, 0xf0, 0xff,
    0xf8, 0xf8, 0xf0, 0xff, 0xf8, 0xf4, 0xf8, 0xff, 0xf8, 0xf8, 0xf0, 0xff,
    0xf8, 0xf8, 0xf0, 0xff, 0xf8, 0xf8, 0xf8, 0xff, 0xf8, 0xf8, 0xf0, 0xff,
    0xf8, 0xf8, 0xf8, 0xff, 0xf8, 0xf8, 0xf8, 0xff, 0xf8, 0xf8, 0xf0, 0xff,
    0xf8, 0xf8, 0xf8, 0xff, 0xf8, 0xf8, 0xf0, 0xff, 0xf8, 0xf8, 0xf0, 0xff,
    0xf8, 0xf8, 0xf8, 0xff, 0xf8, 0xf8, 0xf8, 0xff, 0xf8, 0xf8, 0xf0, 0xff,
    0xf8, 0xf8, 0xf8, 0xff, 0xf8, 0xf4, 0xf8, 0xff, 0xf8, 0xf8, 0xf0, 0xff,
    0xf8, 0xf8, 0xf8, 0xff, 0xf8, 0xf4, 0xf0, 0xff, 0xf8, 0xf8, 0xf8, 0xff,
    0xf8, 0xf8, 0xf8, 0xff, 0xf8, 0xf4, 0xf0, 0xff, 0xf8, 0xf8, 0xf8, 0xff,
    0xf8, 0xf8, 0xf0, 0xff, 0xf8, 0xf4, 0xf0, 0xff, 0xf8, 0xf8, 0xf8, 0xff,
    0xf8, 0xf8, 0xf8, 0xff, 0xf8, 0xf4, 0xf0, 0xff, 0xf8, 0xf8, 0xf8, 0xff,
    0xf8, 0xf8, 0xf0, 0xff, 0xf8, 0xf8, 0xf8, 0xff, 0xf8, 0xf8, 0xf8, 0xff,
    0xf8, 0xf4, 0xf0, 0xff, 0xf8, 0xf8, 0xf8, 0xff, 0xf8, 0xf8, 0xf0, 0xff,
    0xf8, 0xf4, 0xf0, 0xff, 0xf8, 0xf8, 0xf8, 0xff, 0xf8, 0xf4, 0xf0, 0xff,
    0xf8, 0xf8, 0xf8, 0xff, 0xf8, 0xf8, 0xf0, 0xff, 0xf8, 0xf8, 0xf8, 0xff,
    0xf8, 0xf8, 0xf0, 0xff, 0xf8, 0xf8, 0xf8, 0xff, 0xf8, 0xf8, 0xf0, 0xff,
    0xf8, 0xf8, 0xf0, 0xff, 0xf8, 0xf8, 0xf8, 0xff, 0xf8, 0xf8, 0xf0, 0xff,
    0xf8, 0xf8, 0xf8, 0xff, 0xf8, 0xf8, 0xf0, 0xff, 0xf8, 0xf4, 0xf0, 0xff,
    0xf8, 0xf8, 0xf8, 0xff, 0xf8, 0xf4, 0xf0, 0xff, 0xf8, 0xf8, 0xf8, 0xff,
    0xf8, 0xf4, 0xf8, 0xff, 0xf8, 0xf8, 0xf0, 0xff, 0xf8, 0xf8, 0xf8, 0xff,
    0xf8, 0xf4, 0xf0, 0xff, 0xf8, 0xf8, 0xf8, 0xff, 0xf8, 0xf8, 0xf0, 0xff,
    0xf8, 0xf4, 0xf8, 0xff, 0xf8, 0xf8, 0xf0, 0xff, 0xf8, 0xf8, 0xf0, 0xff,
    0xf8, 0xf4, 0xf8, 0xff, 0xf8, 0xf8, 0xf0, 0xff, 0xf8, 0xf8, 0xf0, 0xff,
    0xf8, 0xf4, 0xf8, 0xff, 0xf8, 0xf8, 0xf0, 0xff, 0xf8, 0xf8, 0xf0, 0xff,
    0xf8, 0xf4, 0xf8, 0xff, 0xf8, 0xf8, 0xf0, 0xff, 0xf8, 0xf8, 0xf8, 0xff,
    0xf8, 0xf8, 0xf8, 0xff, 0xf8, 0xf4, 0xf0, 0xff, 0xf8, 0xf8, 0xf8, 0xff,
    0xf8, 0xf8, 0xf8, 0xff, 0xf8, 0xf4, 0xf0, 0xff, 0xf8, 0xf8, 0xf8, 0xff,
    0xf8, 0xf4, 0xf8, 0xff, 0xf8, 0xf8, 0xf0, 0xff, 0xf8, 0xf8, 0xf8, 0xff,
    0xf8, 0xf8, 0xf8, 0xff, 0xf8, 0xf4, 0xf0, 0xff, 0xf8, 0xf8, 0xf8, 0xff,
    0xf8, 0xf8, 0xf0, 0xff, 0xf8, 0xf4, 0xf0, 0xff, 0xf8, 0xf4, 0xf8, 0xff,
    0xf8, 0xf8, 0xf0, 0xff, 0xf8, 0xf8, 0xf8, 0xff, 0xf8, 0xf4, 0xf8, 0xff,
    0xf8, 0xf8, 0xf0, 0xff, 0xf8, 0xf8, 0xf8, 0xff, 0xf8, 0xf4, 0xf0, 0xff,
    0xf8, 0xf4, 0xf0, 0xff, 0xf8, 0xf8, 0xf8, 0xff, 0xf8, 0xf8, 0xf0, 0xff,
    0xf8, 0xf8, 0xf0, 0xff, 0xf8, 0xf8, 0xf8, 0xff, 0xf8, 0xf8, 0xf8, 0xff,
    0xf8, 0xf8, 0xf0, 0xff, 0xf8, 0xf8, 0xf0, 0xff, 0xf8, 0xf8, 0xf8, 0xff,
    0xf8, 0xf4, 0xf8, 0xff, 0xf8, 0xf8, 0xf0, 0xff, 0xf8, 0xf8, 0xf8, 0xff,
    0xf8, 0xf8, 0xf8, 0xff, 0xf8, 0xf8, 0xf0, 0xff, 0xf8, 0xf8, 0xf8, 0xff,
    0xf8, 0xf4, 0xf0, 0xff, 0xf8, 0xf8, 0xf8, 0xff, 0xf8, 0xf8, 0xf0, 0xff,
    0xf8, 0xf8, 0xf0, 0xff, 0xf8, 0xf8, 0xf8, 0xff, 0xf8, 0xf8, 0xf0, 0xff,
    0xf8, 0xf8, 0xf8, 0xff, 0xf8, 0xf8, 0xf8, 0xff, 0xf8, 0xf8, 0xf0, 0xff,
    0xf8, 0xf4, 0xf0, 0xff, 0xf8, 0xf8, 0xf8, 0xff, 0xf8, 0xf8, 0xf0, 0xff,
    0xf8, 0xf4, 0xf8, 0xff, 0xf8, 0xf4, 0xf0, 0xff, 0xf8, 0xf8, 0xf8, 0xff,
    0xf8, 0xf4, 0xf8, 0xff, 0xf8, 0xf8, 0xf0, 0xff, 0xf8, 0xf4, 0xf8, 0xff,
    0xf8, 0xf8, 0xf0, 0xff, 0xf8, 0xf4, 0xf8, 0xff, 0xf8, 0xf8, 0xf0, 0xff,
    0xf8, 0xf8, 0xf8, 0xff, 0xf8, 0xf8, 0xf8, 0xff, 0xf8, 0xf4, 0xf0, 0xff,
    0xf8, 0xf8, 0xf8, 0xff, 0xf8, 0xf8, 0xf0, 0xff, 0xf8, 0xf4, 0xf0, 0xff,
    0xf8, 0xf8, 0xf8, 0xff, 0xf8, 0xf8, 0xf8, 0xff, 0xf8, 0xf4, 0xf0, 0xff,
    0xf8, 0xf8, 0xf0, 0xff, 0xf8, 0xf8, 0xf8, 0xff, 0xf8, 0xf8, 0xf8, 0xff,
    0xf8, 0xf8, 0xf0, 0xff, 0xf8, 0xf8, 0xf8, 0xff, 0xf8, 0xf8, 0xf8, 0xff,
    0xf8, 0xf8, 0xf0, 0xff, 0xf8, 0xf4, 0xf8, 0xff, 0xf8, 0xf8, 0xf8, 0xff,
    0xf8, 0xf8, 0xf0, 0xff, 0xf8, 0xf4, 0xf8, 0xff, 0xf8, 0xf8, 0xf0, 0xff,
    0xf8, 0xf8, 0xf8, 0xff, 0xf8, 0xf8, 0xf0, 0xff, 0xf8, 0xf4, 0xf0, 0xff,
    0xf8, 0xf8, 0xf8, 0xff, 0xf8, 0xf8, 0xf0, 0xff, 0xf8, 0xf8, 0xf0, 0xff,
    0xf8, 0xf8, 0xf8, 0xff, 0xf8, 0xf4, 0xf0, 0xff, 0xf8, 0xf8, 0xf8, 0xff,
    0xf8, 0xf8, 0xf0, 0xff, 0xf8, 0xf4, 0xf8, 0xff, 0xf8, 0xf8, 0xf0, 0xff,
    0xf8, 0xf8, 0xf8, 0xff, 0xf8, 0xf8, 0xf8, 0xff, 0xf8, 0xf8, 0xf0, 0xff,
    0xf8, 0xf8, 0xf8, 0xff, 0xf8, 0xf8, 0xf0, 0xff, 0xf8, 0xf4, 0xf0, 0xff,
    0xf8, 0xf8, 0xf8, 0xff, 0xf8, 0xf8, 0xf0, 0xff, 0xf8, 0xf4, 0xf8, 0xff,
    0xf8, 0xf8, 0xf8, 0xff, 0xf8, 0xf8, 0xf0, 0xff, 0xf8, 0xf8, 0xf8, 0xff,
    0xf8, 0xf4, 0xf8, 0xff, 0xf8, 0xf8, 0xf0, 0xff, 0xf8, 0xf8, 0xf0, 0xff,
    0xf8, 0xf4, 0xf8, 0xff, 0xf8, 0xf4, 0xf0, 0xff, 0xf8, 0xf8, 0xf8, 0xff,
    0xf8, 0xf8, 0xf8, 0xff, 0xf8, 0xf8, 0xf0, 0xff, 0xf8, 0xf8, 0xf8, 0xff,
    0xf8, 0xf4, 0xf0, 0xff, 0xf8, 0xf8, 0xf8, 0xff, 0xf8, 0xf4, 0xf0, 0xff,
    0xf8, 0xf8, 0xf0, 0xff, 0xf8, 0xf8, 0xf8, 0xff, 0xf8, 0xf8, 0xf8, 0xff,
    0xf8, 0xf4, 0xf0, 0xff, 0xf8, 0xf8, 0xf8, 0xff, 0xf8, 0xf4, 0xf0, 0xff,
    0xf8, 0xf4, 0xf8, 0xff, 0xf8, 0xf8, 0xf0, 0xff, 0xf8, 0xf4, 0xf0, 0xff,
    0xf8, 0xf8, 0xf8, 0xff, 0xf8, 0xf8, 0xf8, 0xff, 0xf8, 0xf8, 0xf0, 0xff,
    0xf8, 0xf8, 0xf8, 0xff, 0xf8, 0xf8, 0xf8, 0xff, 0xf8, 0xf8, 0xf0, 0xff,
    0xf8, 0xf8, 0xf0, 0xff, 0xf8, 0xf8, 0xf8, 0xff, 0xf8, 0xf8, 0xf0, 0xff,
    0xf8, 0xf4, 0xf8, 0xff, 0xf8, 0xf8, 0xf8, 0xff, 0xf8, 0xf8, 0xf0, 0xff,
    0xf8, 0xf8, 0xf0, 0xff, 0xf8, 0xf4, 0xf8, 0xff, 0xf8, 0xf8, 0xf0, 0xff,
    0xf8, 0xf8, 0xf8, 0xff, 0xf8, 0xf8, 0xf0, 0xff, 0xf8, 0xf8, 0xf8, 0xff,
    0xf8, 0xf8, 0xf8, 0xff, 0xf8, 0xf8, 0xf0, 0xff, 0xf8, 0xf8, 0xf0, 0xff,
    0xf8, 0xf8, 0xf8, 0xff, 0xf8, 0xf8, 0xf8, 0xff, 0xf8, 0xf4, 0xf0, 0xff,
    0xf8, 0xf8, 0xf8, 0xff, 0xf8, 0xf8, 0xf0, 0xff, 0xf8, 0xf4, 0xf0, 0xff,
    0xf8, 0xf8, 0xf8, 0xff, 0xf8, 0xf8, 0xf0, 0xff, 0xf8, 0xf4, 0xf0, 0xff,
    0xf8, 0xf8, 0xf8, 0xff, 0xf8, 0xf8, 0xf0, 0xff, 0xf8, 0xf8, 0xf8, 0xff,
    0xf8, 0xf8, 0xf8, 0xff, 0xf8, 0xf8, 0xf0, 0xff, 0xf8, 0xf4, 0xf8, 0xff,
    0xf8, 0xf8, 0xf8, 0xff, 0xf8, 0xf8, 0xf0, 0xff, 0xf8, 0xf8, 0xf8, 0xff,
    0xf8, 0xf4, 0xf8, 0xff, 0xf8, 0xf8, 0xf0, 0xff, 0xf8, 0xf8, 0xf8, 0xff,
    0xf8, 0xf8, 0xf0, 0xff, 0xf8, 0xf8, 0xf0, 0xff, 0xf8, 0xf8, 0xf8, 0xff,
    0xf8, 0xf4, 0xf0, 0xff, 0xf8, 0xf8, 0xf0, 0xff, 0xf8, 0xf8, 0xf8, 0xff,
    0xf8, 0xf4, 0xf0, 0xff, 0xf8, 0xf4, 0xf8, 0xff, 0xf8, 0xf8, 0xf8, 0xff,
    0xf8, 0xf8, 0xf0, 0xff, 0xf8, 0xf8, 0xf8, 0xff, 0xf8, 0xf8, 0xf0, 0xff,
    0xf8, 0xf8, 0xf0, 0xff, 0xf8, 0xf8, 0xf8, 0xff, 0xf8, 0xf8, 0xf0, 0xff,
    0xf8, 0xf8, 0xf0, 0xff, 0xf8, 0xf8, 0xf8, 0xff, 0xf8, 0xf8, 0xf0, 0xff,
    0xf8, 0xf4, 0xf8, 0xff, 0xf8, 0xf8, 0xf8, 0xff, 0xf8, 0xf8, 0xf0, 0xff,
    0xf8, 0xf8, 0xf0, 0xff, 0xf8, 0xf4, 0xf8, 0xff, 0xf8, 0xf8, 0xf0, 0xff,
    0xf8, 0xf8, 0xf8, 0xff, 0xf8, 0xf8, 0xf0, 0xff, 0xf8, 0xf8, 0xf8, 0xff,
    0xf8, 0xf8, 0xf0, 0xff, 0xf8, 0xf8, 0xf8, 0xff, 0xf8, 0xf4, 0xf0, 0xff,
    0xf8, 0xf8, 0xf0, 0xff, 0xf8, 0xf8, 0xf8, 0xff, 0xf8, 0xf8, 0xf0, 0xff,
    0xf8, 0xf8, 0xf8, 0xff, 0xf8, 0xf8, 0xf8, 0xff, 0xf8, 0xf8, 0xf0, 0xff,
    0xf8, 0xf8, 0xf8, 0xff, 0xf8, 0xf8, 0xf0, 0xff, 0xf8, 0xf4, 0xf8, 0xff,
    0xf8, 0xf8, 0xf0, 0xff, 0xf8, 0xf8, 0xf0, 0xff, 0xf8, 0xf4, 0xf8, 0xff,
    0xf8, 0xf8, 0xf0, 0xff, 0xf8, 0xf8, 0xf8, 0xff, 0xf8, 0xf4, 0xf8, 0xff,
    0xf8, 0xf8, 0xf0, 0xff, 0xf8, 0xf8, 0xf0, 0xff, 0xf8, 0xf8, 0xf8, 0xff,
    0xf8, 0xf8, 0xf0, 0xff, 0xf8, 0xf8, 0xf8, 0xff, 0xf8, 0xf8, 0xf8, 0xff,
    0xf8, 0xf4, 0xf0, 0xff, 0xf8, 0xf8, 0xf8, 0xff, 0xf8, 0xf8, 0xf0, 0xff,
    0xf8, 0xf4, 0xf0, 0xff, 0xf8, 0xf8, 0xf8, 0xff, 0xf8, 0xf4, 0xf8, 0xff,
    0xf8, 0xf8, 0xf0, 0xff, 0xf8, 0xf4, 0xf8, 0xff, 0xf8, 0xf8, 0xf0, 0xff,
    0xf8, 0xf8, 0xf0, 0xff, 0xf8, 0xf8, 0xf8, 0xff, 0xf8, 0xf4, 0xf0, 0xff,
    0xf8, 0xf8, 0xf8, 0xff, 0xf8, 0xf8, 0xf8, 0xff, 0xf8, 0xf4, 0xf0, 0xff,
    0xf8, 0xf8, 0xf8, 0xff, 0xf8, 0xf8, 0xf8, 0xff, 0xf8, 0xf8, 0xf0, 0xff,
    0xf8, 0xf4, 0xf0, 0xff, 0xf8, 0xf8, 0xf8, 0xff, 0xf8, 0xf8, 0xf0, 0xff,
    0xf8, 0xf4, 0xf0, 0xff, 0xf8, 0xf8, 0xf8, 0xff, 0xf8, 0xf8, 0xf0, 0xff,
    0xf8, 0xf8, 0xf0, 0xff, 0xf8, 0xf4, 0xf8, 0xff, 0xf8, 0xf8, 0xf0, 0xff,
    0xf8, 0xf8, 0xf8, 0xff, 0xf8, 0xf4, 0xf8, 0xff, 0xf8, 0xf8, 0xf0, 0xff,
    0xf8, 0xf8, 0xf8, 0xff, 0xf8, 0xf4, 0xf8, 0xff, 0xf8, 0xf8, 0xf0, 0xff,
    0xf8, 0xf8, 0xf8, 0xff, 0xf8, 0xf8, 0xf0, 0xff, 0xf8, 0xf8, 0xf0, 0xff,
    0xf8, 0xf8, 0xf8, 0xff, 0xf8, 0xf4, 0xf0, 0xff, 0xf8, 0xf8, 0xf8, 0xff,
    0xf8, 0xf8, 0xf8, 0xff, 0xf8, 0xf4, 0xf0, 0xff, 0xf8, 0xf4, 0xf8, 0xff,
    0xf8, 0xf8, 0xf8, 0xff, 0xf8, 0xf4, 0xf0, 0xff, 0xf8, 0xf4, 0xf8, 0xff,
    0xf8, 0xf8, 0xf0, 0xff, 0xf8, 0xf8, 0xf0, 0xff, 0xf8, 0xf8, 0xf8, 0xff,
    0xf8, 0xf8, 0xf8, 0xff, 0xf8, 0xf8, 0xf0, 0xff, 0xf8, 0xf8, 0xf8, 0xff,
    0xf8, 0xf8, 0xf0, 0xff, 0xf8, 0xf8, 0xf0, 0xff, 0xf8, 0xf8, 0xf0, 0xff,
    0xf8, 0xf4, 0xf8, 0xff, 0xf8, 0xf8, 0xf0, 0xff, 0xf8, 0xf8, 0xf8, 0xff,
    0xf8, 0xf8, 0xf8, 0xff, 0xf8, 0xf4, 0xf0, 0xff, 0xf8, 0xf8, 0xf8, 0xff,
    0xf8, 0xf8, 0xf0, 0xff, 0xf8, 0xf4, 0xf0, 0xff, 0xf8, 0xf8, 0xf8, 0xff,
    0xf8, 0xf8, 0xf0, 0xff, 0xf8, 0xf4, 0xf0, 0xff, 0xf8, 0xf8, 0xf8, 0xff,
    0xf8, 0xf8, 0xf8, 0xff, 0xf8, 0xf8, 0xf0, 0xff, 0xf8, 0xf4, 0xf8, 0xff,
    0xf8, 0xf8, 0xf8, 0xff, 0xf8, 0xf8, 0xf0, 0xff, 0xf8, 0xf4, 0xf0, 0xff,
    0xf8, 0xf8, 0xf8, 0xff, 0xf8, 0xf8, 0xf0, 0xff, 0xf8, 0xf4, 0xf8, 0xff,
    0xf8, 0xf8, 0xf8, 0xff, 0xf8, 0xf8, 0xf0, 0xff, 0xf8, 0xf4, 0xf0, 0xff,
    0xf8, 0xf8, 0xf8, 0xff, 0xf8, 0xf8, 0xf0, 0xff, 0xf8, 0xf8, 0xf0, 0xff,
    0xf8, 0xf8, 0xf8, 0xff, 0xf8, 0xf4, 0xf8, 0xff, 0xf8, 0xf8, 0xf0, 0xff,
    0xf8, 0xf8, 0xf0, 0xff, 0xf8, 0xf8, 0xf0, 0xff, 0xf8, 0xf8, 0xf8, 0xff,
    0xf8, 0xf8, 0xf8, 0xff, 0xf8, 0xf4, 0xf0, 0xff, 0xf8, 0xf8, 0xf8, 0xff,
    0xf8, 0xf8, 0xf8, 0xff, 0xf8, 0xf8, 0xf0, 0xff, 0xf8, 0xf8, 0xf0, 0xff,
    0xf8, 0xf8, 0xf8, 0xff, 0xf8, 0xf4, 0xf0, 0xff, 0xf8, 0xf8, 0xf8, 0xff,
    0xf8, 0xf8, 0xf8, 0xff, 0xf8, 0xf4, 0xf0, 0xff, 0xf8, 0xf8, 0xf8, 0xff,
    0xf8, 0xf8, 0xf0, 0xff, 0xf8, 0xf4, 0xf8, 0xff, 0xf8, 0xf8, 0xf8, 0xff,
    0xf8, 0xf8, 0xf0, 0xff, 0xf8, 0xf8, 0xf8, 0xff, 0xf8, 0xf4, 0xf8, 0xff,
    0xf8, 0xf8, 0xf0, 0xff, 0xf8, 0xf8, 0xf0, 0xff, 0xf8, 0xf8, 0xf8, 0xff,
    0xf8, 0xf4, 0xf0, 0xff, 0xf8, 0xf8, 0xf0, 0xff, 0xf8, 0xf8, 0xf8, 0xff,
    0xf8, 0xf8, 0xf0, 0xff, 0xf8, 0xf8, 0xf8, 0xff, 0xf8, 0xf4, 0xf8, 0xff,
    0xf8, 0xf8, 0xf0, 0xff, 0xf8, 0xf8, 0xf8, 0xff, 0xf8, 0xf8, 0xf0, 0xff,
    0xf8, 0xf8, 0xf0, 0xff, 0xf8, 0xf4, 0xf8, 0xff, 0xf8, 0xf8, 0xf0, 0xff,
    0xf8, 0xf8, 0xf0, 0xff, 0xf8, 0xf8, 0xf8, 0xff, 0xf8, 0xf8, 0xf0, 0xff,
    0xf8, 0xf8, 0xf8, 0xff, 0xf8, 0xf8, 0xf8, 0xff, 0xf8, 0xf8, 0xf0, 0xff,
    0xf8, 0xf4, 0xf8, 0xff, 0xf8, 0xf8, 0xf0, 0xff, 0xf8, 0xf4, 0xf0, 0xff,
    0xf8, 0xf4, 0xf8, 0xff, 0xf8, 0xf8, 0xf8, 0xff, 0xf8, 0xf8, 0xf8, 0xff,
    0xf8, 0xf4, 0xf0, 0xff, 0xf8, 0xf8, 0xf0, 0xff, 0xf8, 0xf4, 0xf8, 0xff,
    0xf8, 0xf8, 0xf0, 0xff, 0xf8, 0xf8, 0xf0, 0xff, 0xf8, 0xf4, 0xf8, 0xff,
    0xf8, 0xf8, 0xf8, 0xff, 0xf8, 0xf8, 0xf0, 0xff, 0xf8, 0xf8, 0xf8, 0xff,
    0xf8, 0xf4, 0xf8, 0xff, 0xf8, 0xf8, 0xf0, 0xff, 0xf8, 0xf8, 0xf8, 0xff,
    0xf8, 0xf4, 0xf0, 0xff, 0xf8, 0xf8, 0xf8, 0xff, 0xf8, 0xf8, 0xf0, 0xff,
    0xf8, 0xf8, 0xf0, 0xff, 0xf8, 0xf4, 0xf8, 0xff, 0xf8, 0xf8, 0xf8, 0xff,
    0xf8, 0xf8, 0xf0, 0xff, 0xf8, 0xf8, 0xf8, 0xff, 0xf8, 0xf8, 0xf0, 0xff,
    0xf8, 0xf8, 0xf0, 0xff, 0xf8, 0xf8, 0xf8, 0xff, 0xf8, 0xf4, 0xf0, 0xff,
    0xf8, 0xf8, 0xf8, 0xff, 0xf8, 0xf8, 0xf8, 0xff, 0xf8, 0xf4, 0xf0, 0xff,
    0xf8, 0xf8, 0xf8, 0xff, 0xf8, 0xf8, 0xf0, 0xff, 0xf8, 0xf4, 0xf8, 0xff,
    0xf8, 0xf8, 0xf8, 0xff, 0xf8, 0xf8, 0xf0, 0xff, 0xf8, 0xf8, 0xf8, 0xff,
    0xf8, 0xf4, 0xf8, 0xff, 0xf8, 0xf8, 0xf0, 0xff, 0xf8, 0xf8, 0xf0, 0xff,
    0xf8, 0xf8, 0xf8, 0xff, 0xf8, 0xf4, 0xf0, 0xff, 0xf8, 0xf8, 0xf8, 0xff,
    0xf8, 0xf4, 0xf0, 0xff, 0xf8, 0xf8, 0xf8, 0xff, 0xf8, 0xf8, 0xf0, 0xff,
    0xf8, 0xf8, 0xf0, 0xff, 0xf8, 0xf8, 0xf0, 0xff, 0xf8, 0xf8, 0xf0, 0xff,
    0xf8, 0xf8, 0xf8, 0xff, 0xf8, 0xf8, 0xf0, 0xff, 0xf8, 0xf8, 0xf8, 0xff,
    0xf8, 0xf8, 0xf0, 0xff, 0xf8, 0xf8, 0xf0, 0xff, 0xf8, 0xf4, 0xf8, 0xff,
    0xf8, 0xf8, 0xf0, 0xff, 0xf8, 0xf8, 0xf8, 0xff, 0xf8, 0xf8, 0xf0, 0xff,
    0xf8, 0xf8, 0xf8, 0xff, 0xf8, 0xf4, 0xf8, 0xff, 0xf8, 0xf8, 0xf0, 0xff,
    0xf8, 0xf8, 0xf8, 0xff, 0xf8, 0xf4, 0xf0, 0xff, 0xf8, 0xf8, 0xf0, 0xff,
    0xf8, 0xf8, 0xf8, 0xff, 0xf8, 0xf4, 0xf0, 0xff, 0xf8, 0xf8, 0xf8, 0xff,
    0xf8, 0xf4, 0xf8, 0xff, 0xf8, 0xf8, 0xf0, 0xff, 0xf8, 0xf8, 0xf8, 0xff,
    0xf8, 0xf8, 0xf8, 0xff, 0xf8, 0xf8, 0xf0, 0xff, 0xf8, 0xf8, 0xf8, 0xff,
    0xf8, 0xf8, 0xf0, 0xff, 0xf8, 0xf4, 0xf0, 0xff, 0xf8, 0xf8, 0xf8, 0xff,
    0xf8, 0xf8, 0xf0, 0xff, 0xf8, 0xf8, 0xf8, 0xff, 0xf8, 0xf8, 0xf8, 0xff,
    0xf8, 0xf8, 0xf0, 0xff, 0xf8, 0xf8, 0xf0, 0xff, 0xf8, 0xf8, 0xf8, 0xff,
    0xf8, 0xf8, 0xf0, 0xff, 0xf8, 0xf4, 0xf0, 0xff, 0xf8, 0xf8, 0xf8, 0xff,
    0xf8, 0xf8, 0xf8, 0xff, 0xf8, 0xf8, 0xf0, 0xff, 0xf8, 0xf8, 0xf8, 0xff,
    0xf8, 0xf4, 0xf0, 0xff, 0xf8, 0xf8, 0xf0, 0xff, 0xf8, 0xf8, 0xf8, 0xff,
    0xf8, 0xf8, 0xf0, 0xff, 0xf8, 0xf4, 0xf8, 0xff, 0xf8, 0xf8, 0xf0, 0xff,
    0xf8, 0xf8, 0xf8, 0xff, 0xf8, 0xf8, 0xf0, 0xff, 0xf8, 0xf8, 0xf8, 0xff,
    0xf8, 0xf4, 0xf0, 0xff, 0xf8, 0xf8, 0xf8, 0xff, 0xf8, 0xf8, 0xf0, 0xff,
    0xf8, 0xf8, 0xf0, 0xff, 0xf8, 0xf4, 0xf0, 0xff, 0xf8, 0xf8, 0xf8, 0xff,
    0xf8, 0xf8, 0xf8, 0xff, 0xf8, 0xf4, 0xf0, 0xff, 0xf8, 0xf8, 0xf8, 0xff,
    0xf8, 0xf8, 0xf0, 0xff, 0xf8, 0xf8, 0xf0, 0xff, 0xf8, 0xf8, 0xf8, 0xff,
    0xf8, 0xf8, 0xf0, 0xff, 0xf8, 0xf4, 0xf8, 0xff, 0xf8, 0xf8, 0xf0, 0xff,
    0xf8, 0xf8, 0xf8, 0xff, 0xf8, 0xf8, 0xf0, 0xff, 0xf8, 0xf8, 0xf0, 0xff,
    0xf8, 0xf4, 0xf8, 0xff, 0xf8, 0xf8, 0xf0, 0xff, 0xf8, 0xf8, 0xf8, 0xff,
    0xf8, 0xf4, 0xf0, 0xff, 0xf8, 0xf8, 0xf8, 0xff, 0xf8, 0xf8, 0xf0, 0xff,
    0xf8, 0xf8, 0xf0, 0xff, 0xf8, 0xf8, 0xf8, 0xff, 0xf8, 0xf4, 0xf8, 0xff,
    0xf8, 0xf8, 0xf0, 0xff, 0xf8, 0xf8, 0xf8, 0xff, 0xf8, 0xf4, 0xf8, 0xff,
    0xf8, 0xf8, 0xf8, 0xff, 0xf8, 0xf4, 0xf0, 0xff, 0xf8, 0xf8, 0xf8, 0xff,
    0xf8, 0xf4, 0xf8, 0xff, 0xf8, 0xf8, 0xf0, 0xff, 0xf8, 0xf8, 0xf8, 0xff,
    0xf8, 0xf4, 0xf0, 0xff, 0xf8, 0xf8, 0xf8, 0xff, 0xf8, 0xf8, 0xf0, 0xff,
    0xf8, 0xf4, 0xf0, 0xff, 0xf8, 0xf8, 0xf8, 0xff, 0xf8, 0xf8, 0xf0, 0xff,
    0xf8, 0xf8, 0xf0, 0xff, 0xf8, 0xf8, 0xf8, 0xff, 0xf8, 0xf8, 0xf8, 0xff,
    0xf8, 0xf4, 0xf0, 0xff, 0xf8, 0xf8, 0xf8, 0xff, 0xf8, 0xf8, 0xf0, 0xff,
    0xf8, 0xf8, 0xf0, 0xff, 0xf8, 0xf8, 0xf8, 0xff, 0xf8, 0xf8, 0xf0, 0xff,
    0xf8, 0xf4, 0xf0, 0xff, 0xf8, 0xf8, 0xf8, 0xff, 0xf8, 0xf8, 0xf0, 0xff,
    0xf8, 0xf4, 0xf8, 0xff, 0xf8, 0xf8, 0xf8, 0xff, 0xf8, 0xf4, 0xf0, 0xff,
    0xf8, 0xf8, 0xf8, 0xff, 0xf8, 0xf8, 0xf0, 0xff, 0xf8, 0xf4, 0xf0, 0xff,
    0xf8, 0xf4, 0xf8, 0xff, 0xf8, 0xf8, 0xf0, 0xff, 0xf8, 0xf8, 0xf8, 0xff,
    0xf8, 0xf4, 0xf8, 0xff, 0xf8, 0xf8, 0xf0, 0xff, 0xf8, 0xf8, 0xf8, 0xff,
    0xf8, 0xf8, 0xf0, 0xff, 0xf8, 0xf8, 0xf8, 0xff, 0xf8, 0xf8, 0xf0, 0xff,
    0xf8, 0xf8, 0xf8, 0xff, 0xf8, 0xf4, 0xf8, 0xff, 0xf8, 0xf8, 0xf0, 0xff,
    0xf8, 0xf8, 0xf8, 0xff, 0xf8, 0xf8, 0xf0, 0xff, 0xf8, 0xf4, 0xf8, 0xff,
    0xf8, 0xf8, 0xf0, 0xff, 0xf8, 0xf8, 0xf0, 0xff, 0xf8, 0xf4, 0xf8, 0xff,
    0xf8, 0xf8, 0xf8, 0xff, 0xf8, 0xf8, 0xf0, 0xff, 0xf8, 0xf8, 0xf8, 0xff,
    0xf8, 0xf4, 0xf8, 0xff, 0xf8, 0xf8, 0xf8, 0xff, 0xf8, 0xf8, 0xf0, 0xff,
    0xf8, 0xf8, 0xf8, 0xff, 0xf8, 0xf4, 0xf0, 0xff, 0xf8, 0xf8, 0xf0, 0xff,
    0xf8, 0xf8, 0xf8, 0xff, 0xf8, 0xf4, 0xf8, 0xff, 0xf8, 0xf8, 0xf0, 0xff,
    0xf8, 0xf4, 0xf8, 0xff, 0xf8, 0xf8, 0xf0, 0xff, 0xf8, 0xf8, 0xf0, 0xff,
    0xf8, 0xf8, 0xf8, 0xff, 0xf8, 0xf4, 0xf8, 0xff, 0xf8, 0xf8, 0xf0, 0xff,
    0xf8, 0xf8, 0xf8, 0xff, 0xf8, 0xf4, 0xf0, 0xff, 0xf8, 0xf8, 0xf8, 0xff,
    0xf8, 0xf8, 0xf0, 0xff, 0xf8, 0xf8, 0xf0, 0xff, 0xf8, 0xf8, 0xf8, 0xff,
    0xf8, 0xf4, 0xf8, 0xff, 0xf8, 0xf8, 0xf0, 0xff, 0xf8, 0xf8, 0xf8, 0xff,
    0xf8, 0xf8, 0xf0, 0xff, 0xf8, 0xf8, 0xf0, 0xff, 0xf8, 0xf8, 0xf8, 0xff,
    0xf8, 0xf4, 0xf0, 0xff, 0xf8, 0xf8, 0xf8, 0xff, 0xf8, 0xf8, 0xf0, 0xff,
    0xf8, 0xf8, 0xf8, 0xff, 0xf8, 0xf4, 0xf0, 0xff, 0xf8, 0xf8, 0xf0, 0xff,
    0xf8, 0xf8, 0xf8, 0xff, 0xf8, 0xf4, 0xf0, 0xff, 0xf8, 0xf8, 0xf8, 0xff,
    0xf8, 0xf8, 0xf8, 0xff, 0xf8, 0xf8, 0xf0, 0xff, 0xf8, 0xf4, 0xf8, 0xff,
    0xf8, 0xf8, 0xf8, 0xff, 0xf8, 0xf8, 0xf0, 0xff, 0xf8, 0xf4, 0xf0, 0xff,
    0xf8, 0xf8, 0xf8, 0xff, 0xf8, 0xf8, 0xf0, 0xff, 0xf8, 0xf8, 0xf8, 0xff,
    0xf8, 0xf8, 0xf8, 0xff, 0xf8, 0xf4, 0xf0, 0xff, 0xf8, 0xf8, 0xf8, 0xff,
    0xf8, 0xf8, 0xf8, 0xff, 0xf8, 0xf8, 0xf0, 0xff, 0xf8, 0xf4, 0xf8, 0xff,
    0xf8, 0xf8, 0xf0, 0xff, 0xf8, 0xf8, 0xf0, 0xff, 0xf8, 0xf4, 0xf8, 0xff,
    0xf8, 0xf8, 0xf0, 0xff, 0xf8, 0xf8, 0xf8, 0xff, 0xf8, 0xf8, 0xf8, 0xff,
    0xf8, 0xf8, 0xf0, 0xff, 0xf8, 0xf8, 0xf8, 0xff, 0xf8, 0xf8, 0xf0, 0xff,
    0xf8, 0xf8, 0xf0, 0xff, 0xf8, 0xf4, 0xf8, 0xff, 0xf8, 0xf8, 0xf0, 0xff,
    0xf8, 0xf8, 0xf8, 0xff, 0xf8, 0xf4, 0xf0, 0xff, 0xf8, 0xf8, 0xf8, 0xff,
    0xf8, 0xf8, 0xf0, 0xff, 0xf8, 0xf8, 0xf0, 0xff, 0xf8, 0xf4, 0xf8, 0xff,
    0xf8, 0xf8, 0xf0, 0xff, 0xf8, 0xf8, 0xf8, 0xff, 0xf8, 0xf8, 0xf8, 0xff,
    0xf8, 0xf4, 0xf0, 0xff, 0xf8, 0xf8, 0xf8, 0xff, 0xf8, 0xf8, 0xf8, 0xff,
    0xf8, 0xf8, 0xf0, 0xff, 0xf8, 0xf8, 0xf0, 0xff, 0xf8, 0xf4, 0xf8, 0xff,
    0xf8, 0xf8, 0xf0, 0xff, 0xf8, 0xf8, 0xf0, 0xff, 0xf8, 0xf8, 0xf8, 0xff,
    0xf8, 0xf4, 0xf0, 0xff, 0xf8, 0xf8, 0xf8, 0xff, 0xf8, 0xf8, 0xf8, 0xff,
    0xf8, 0xf8, 0xf0, 0xff, 0xf8, 0xf8, 0xf8, 0xff, 0xf8, 0xf8, 0xf0, 0xff,
    0xf8, 0xf8, 0xf0, 0xff, 0xf8, 0xf4, 0xf8, 0xff, 0xf8, 0xf8, 0xf8, 0xff,
    0xf8, 0xf8, 0xf0, 0xff, 0xf8, 0xf4, 0xf8, 0xff, 0xf8, 0xf8, 0xf0, 0xff,
    0xf8, 0xf8, 0xf0, 0xff, 0xf8, 0xf4, 0xf8, 0xff, 0xf8, 0xf8, 0xf0, 0xff,
    0xf8, 0xf8, 0xf8, 0xff, 0xf8, 0xf8, 0xf8, 0xff, 0xf8, 0xf4, 0xf0, 0xff,
    0xf8, 0xf8, 0xf8, 0xff, 0xf8, 0xf8, 0xf8, 0xff, 0xf8, 0xf4, 0xf0, 0xff,
    0xf8, 0xf8, 0xf8, 0xff, 0xf8, 0xf4, 0xf8, 0xff, 0xf8, 0xf4, 0xf0, 0xff,
    0xf8, 0xf8, 0xf8, 0xff, 0xf8, 0xf8, 0xf0, 0xff, 0xf8, 0xf8, 0xf8, 0xff,
    0xf8, 0xf8, 0xf0, 0xff, 0xf8, 0xf8, 0xf0, 0xff, 0xf8, 0xf8, 0xf8, 0xff,
    0xf8, 0xf8, 0xf8, 0xff, 0xf8, 0xf8, 0xf0, 0xff, 0xf8, 0xf8, 0xf8, 0xff,
    0xf8, 0xf8, 0xf0, 0xff, 0xf8, 0xf8, 0xf0, 0xff, 0xf8, 0xf8, 0xf8, 0xff,
    0xf8, 0xf4, 0xf0, 0xff, 0xf8, 0xf8, 0xf8, 0xff, 0xf8, 0xf8, 0xf8, 0xff,
    0xf8, 0xf4, 0xf0, 0xff, 0xf8, 0xf8, 0xf8, 0xff, 0xf8, 0xf8, 0xf8, 0xff,
    0xf8, 0xf4, 0xf0, 0xff, 0xf8, 0xf8, 0xf0, 0xff, 0xf8, 0xf8, 0xf8, 0xff,
    0xf8, 0xf4, 0xf0, 0xff, 0xf8, 0xf8, 0xf8, 0xff, 0xf8, 0xf8, 0xf0, 0xff,
    0xf8, 0xf4, 0xf8, 0xff, 0xf8, 0xf8, 0xf8, 0xff, 0xf8, 0xf8, 0xf0, 0xff,
    0xf8, 0xf8, 0xf8, 0xff, 0xf8, 0xf8, 0xf0, 0xff, 0xf8, 0xf8, 0xf0, 0xff,
    0xf8, 0xf4, 0xf8, 0xff, 0xf8, 0xf8, 0xf0, 0xff, 0xf8, 0xf8, 0xf8, 0xff,
    0xf8, 0xf4, 0xf8, 0xff, 0xf8, 0xf8, 0xf0, 0xff, 0xf8, 0xf8, 0xf8, 0xff,
    0xf8, 0xf8, 0xf0, 0xff, 0xf8, 0xf8, 0xf8, 0xff, 0xf8, 0xf8, 0xf0, 0xff,
    0xf8, 0xf4, 0xf8, 0xff, 0xf8, 0xf8, 0xf0, 0xff, 0xf8, 0xf8, 0xf8, 0xff,
    0xf8, 0xf8, 0xf8, 0xff, 0xf8, 0xf8, 0xf0, 0xff, 0xf8, 0xf8, 0xf0, 0xff,
    0xf8, 0xf8, 0xf8, 0xff, 0xf8, 0xf4, 0xf0, 0xff, 0xf8, 0xf8, 0xf0, 0xff,
    0xf8, 0xf8, 0xf8, 0xff, 0xf8, 0xf8, 0xf0, 0xff, 0xf8, 0xf4, 0xf8, 0xff,
    0xf8, 0xf8, 0xf8, 0xff, 0xf8, 0xf8, 0xf0, 0xff, 0xf8, 0xf4, 0xf8, 0xff,
    0xf8, 0xf8, 0xf0, 0xff, 0xf8, 0xf8, 0xf0, 0xff, 0xf8, 0xf8, 0xf8, 0xff,
    0xf8, 0xf4, 0xf0, 0xff, 0xf8, 0xf8, 0xf0, 0xff, 0xf8, 0xf4, 0xf8, 0xff,
    0xf8, 0xf8, 0xf8, 0xff, 0xf8, 0xf8, 0xf0, 0xff, 0xf8, 0xf4, 0xf8, 0xff,
    0xf8, 0xf8, 0xf8, 0xff, 0xf8, 0xf8, 0xf0, 0xff, 0xf8, 0xf8, 0xf8, 0xff,
    0xf8, 0xf4, 0xf8, 0xff, 0xf8, 0xf8, 0xf0, 0xff, 0xf8, 0xf8, 0xf8, 0xff,
    0xf8, 0xf8, 0xf0, 0xff, 0xf8, 0xf8, 0xf0, 0xff, 0xf8, 0xf8, 0xf8, 0xff,
    0xf8, 0xf4, 0xf0, 0xff, 0xf8, 0xf8, 0xf0, 0xff, 0xf8, 0xf8, 0xf8, 0xff,
    0xf8, 0xf8, 0xf0, 0xff, 0xf8, 0xf8, 0xf0, 0xff, 0xf8, 0xf8, 0xf8, 0xff,
    0xf8, 0xf8, 0xf0, 0xff, 0xf8, 0xf8, 0xf8, 0xff, 0xf8, 0xf4, 0xf0, 0xff,
    0xf8, 0xf8, 0xf8, 0xff, 0xf8, 0xf4, 0xf8, 0xff, 0xf8, 0xf4, 0xf0, 0xff,
    0xf8, 0xf8, 0xf8, 0xff, 0xf8, 0xf4, 0xf0, 0xff, 0xf8, 0xf8, 0xf0, 0xff,
    0xf8, 0xf4, 0xf8, 0xff, 0xf8, 0xf8, 0xf8, 0xff, 0xf8, 0xf4, 0xf0, 0xff,
    0xf8, 0xf8, 0xf8, 0xff, 0xf8, 0xf8, 0xf0, 0xff, 0xf8, 0xf8, 0xf0, 0xff,
    0xf8, 0xf8, 0xf0, 0xff, 0xf8, 0xf8, 0xf8, 0xff, 0xf8, 0xf8, 0xf0, 0xff,
    0xf8, 0xf8, 0xf0, 0xff, 0xf8, 0xf4, 0xf8, 0xff, 0xf8, 0xf8, 0xf0, 0xff,
    0xf8, 0xf8, 0xf8, 0xff, 0xf8, 0xf8, 0xf0, 0xff, 0xf8, 0xf8, 0xf8, 0xff,
    0xf8, 0xf8, 0xf0, 0xff, 0xf8, 0xf4, 0xf0, 0xff, 0xf8, 0xf8, 0xf8, 0xff,
    0xf8, 0xf8, 0xf0, 0xff, 0xf8, 0xf4, 0xf8, 0xff, 0xf8, 0xf8, 0xf8, 0xff,
    0xf8, 0xf8, 0xf0, 0xff, 0xf8, 0xf4, 0xf8, 0xff, 0xf8, 0xf8, 0xf0, 0xff,
    0xf8, 0xf8, 0xf0, 0xff, 0xf8, 0xf4, 0xf8, 0xff, 0xf8, 0xf8, 0xf0, 0xff,
    0xf8, 0xf8, 0xf8, 0xff, 0xf8, 0xf4, 0xf8, 0xff, 0xf8, 0xf8, 0xf0, 0xff,
    0xf8, 0xf8, 0xf0, 0xff, 0xf8, 0xf4, 0xf8, 0xff, 0xf8, 0xf8, 0xf0, 0xff,
    0xf8, 0xf8, 0xf8, 0xff, 0xf8, 0xf4, 0xf0, 0xff, 0xf8, 0xf8, 0xf0, 0xff,
    0xf8, 0xf4, 0xf8, 0xff, 0xf8, 0xf8, 0xf8, 0xff, 0xf8, 0xf8, 0xf0, 0xff,
    0xf8, 0xf8, 0xf8, 0xff, 0xf8, 0xf8, 0xf0, 0xff, 0xf8, 0xf4, 0xf0, 0xff,
    0xf8, 0xf8, 0xf8, 0xff, 0xf8, 0xf8, 0xf0, 0xff, 0xf8, 0xf8, 0xf0, 0xff,
    0xf8, 0xf8, 0xf8, 0xff, 0xf8, 0xf8, 0xf8, 0xff, 0xf8, 0xf4, 0xf0, 0xff,
    0xf8, 0xf8, 0xf8, 0xff, 0xf8, 0xf8, 0xf8, 0xff, 0xf8, 0xf8, 0xf0, 0xff,
    0xf8, 0xf8, 0xf0, 0xff, 0xf8, 0xf4, 0xf8, 0xff, 0xf8, 0xf8, 0xf0, 0xff,
    0xf8, 0xf8, 0xf0, 0xff, 0xf8, 0xf8, 0xf8, 0xff, 0xf8, 0xf8, 0xf0, 0xff,
    0xf8, 0xf8, 0xf0, 0xff, 0xf8, 0xf4, 0xf8, 0xff, 0xf8, 0xf8, 0xf0, 0xff,
    0xf8, 0xf8, 0xf8, 0xff, 0xf8, 0xf4, 0xf8, 0xff, 0xf8, 0xf8, 0xf0, 0xff,
    0xf8, 0xf8, 0xf8, 0xff, 0xf8, 0xf4, 0xf8, 0xff, 0xf8, 0xf8, 0xf0, 0xff,
    0xf8, 0xf8, 0xf8, 0xff, 0xf8, 0xf4, 0xf8, 0xff, 0xf8, 0xf8, 0xf0, 0xff,
    0xf8, 0xf8, 0xf8, 0xff, 0xf8, 0xf4, 0xf0, 0xff, 0xf8, 0xf8, 0xf0, 0xff,
    0xf8, 0xf8, 0xf8, 0xff, 0xf8, 0xf8, 0xf0, 0xff, 0xf8, 0xf8, 0xf0, 0xff,
    0xf8, 0xf8, 0xf8, 0xff, 0xf8, 0xf8, 0xf0, 0xff, 0xf8, 0xf8, 0xf8, 0xff,
    0xf8, 0xf8, 0xf8, 0xff, 0xf8, 0xf4, 0xf0, 0xff, 0xf8, 0xf8, 0xf0, 0xff,
    0xf8, 0xf8, 0xf8, 0xff, 0xf8, 0xf8, 0xf8, 0xff, 0xf8, 0xf4, 0xf0, 0xff,
    0xf8, 0xf8, 0xf8, 0xff, 0xf8, 0xf4, 0xf8, 0xff, 0xf8, 0xf8, 0xf0, 0xff,
    0xf8, 0xf4, 0xf8, 0xff, 0xf8, 0xf8, 0xf8, 0xff, 0xf8, 0xf8, 0xf0, 0xff,
    0xf8, 0xf8, 0xf8, 0xff, 0xf8, 0xf4, 0xf8, 0xff, 0xf8, 0xf8, 0xf0, 0xff,
    0xf8, 0xf4, 0xf8, 0xff, 0xf8, 0xf8, 0xf0, 0xff, 0xf8, 0xf8, 0xf8, 0xff,
    0xf8, 0xf8, 0xf8, 0xff, 0xf8, 0xf8, 0xf0, 0xff, 0xf8, 0xf8, 0xf0, 0xff,
    0xf8, 0xf4, 0xf8, 0xff, 0xf8, 0xf8, 0xf0, 0xff, 0xf8, 0xf8, 0xf8, 0xff,
    0xf8, 0xf8, 0xf8, 0xff, 0xf8, 0xf8, 0xf0, 0xff, 0xf8, 0xf8, 0xf8, 0xff,
    0xf8, 0xf8, 0xf0, 0xff, 0xf8, 0xf8, 0xf0, 0xff, 0xf8, 0xf8, 0xf8, 0xff,
    0xf8, 0xf4, 0xf0, 0xff, 0xf8, 0xf8, 0xf8, 0xff, 0xf8, 0xf8, 0xf8, 0xff,
    0xf8, 0xf4, 0xf0, 0xff, 0xf8, 0xf8, 0xf8, 0xff, 0xf8, 0xf8, 0xf0, 0xff,
    0xf8, 0xf8, 0xf8, 0xff, 0xf8, 0xf8, 0xf0, 0xff, 0xf8, 0xf4, 0xf8, 0xff,
    0xf8, 0xf8, 0xf0, 0xff, 0xf8, 0xf4, 0xf0, 0xff, 0xf8, 0xf8, 0xf8, 0xff,
    0xf8, 0xf8, 0xf8, 0xff, 0xf8, 0xf4, 0xf0, 0xff, 0xf8, 0xf8, 0xf8, 0xff,
    0xf8, 0xf8, 0xf8, 0xff, 0xf8, 0xf4, 0xf0, 0xff, 0xf8, 0xf8, 0xf0, 0xff,
    0xf8, 0xf8, 0xf8, 0xff, 0xf8, 0xf8, 0xf0, 0xff, 0xf8, 0xf4, 0xf8, 0xff,
    0xf8, 0xf8, 0xf0, 0xff, 0xf8, 0xf8, 0xf8, 0xff, 0xf8, 0xf8, 0xf8, 0xff,
    0xf8, 0xf8, 0xf0, 0xff, 0xf8, 0xf4, 0xf8, 0xff, 0xf8, 0xf8, 0xf8, 0xff,
    0xf8, 0xf4, 0xf0, 0xff, 0xf8, 0xf8, 0xf8, 0xff, 0xf8, 0xf8, 0xf0, 0xff,
    0xf8, 0xf8, 0xf0, 0xff, 0xf8, 0xf8, 0xf8, 0xff, 0xf8, 0xf8, 0xf0, 0xff,
    0xf8, 0xf8, 0xf0, 0xff, 0xf8, 0xf4, 0xf8, 0xff, 0xf8, 0xf8, 0xf0, 0xff,
    0xf8, 0xf8, 0xf0, 0xff, 0xf8, 0xf8, 0xf8, 0xff, 0xf8, 0xf8, 0xf0, 0xff,
    0xf8, 0xf4, 0xf0, 0xff, 0xf8, 0xf8, 0xf8, 0xff, 0xf8, 0xf8, 0xf8, 0xff,
    0xf8, 0xf4, 0xf0, 0xff, 0xf8, 0xf8, 0xf8, 0xff, 0xf8, 0xf8, 0xf8, 0xff,
    0xf8, 0xf4, 0xf0, 0xff, 0xf8, 0xf8, 0xf8, 0xff, 0xf8, 0xf8, 0xf0, 0xff,
    0xf8, 0xf8, 0xf0, 0xff, 0xf8, 0xf8, 0xf8, 0xff, 0xf8, 0xf8, 0xf8, 0xff,
    0xf8, 0xf8, 0xf0, 0xff, 0xf8, 0xf8, 0xf8, 0xff, 0xf8, 0xf8, 0xf0, 0xff,
    0xf8, 0xf8, 0xf0, 0xff, 0xf8, 0xf8, 0xf8, 0xff, 0xf8, 0xf4, 0xf8, 0xff,
    0xf8, 0xf8, 0xf0, 0xff, 0xf8, 0xf8, 0xf8, 0xff, 0xf8, 0xf8, 0xf0, 0xff,
    0xf8, 0xf4, 0xf0, 0xff, 0xf8, 0xf8, 0xf8, 0xff, 0xf8, 0xf8, 0xf0, 0xff,
    0xf8, 0xf8, 0xf0, 0xff, 0xf8, 0xf8, 0xf8, 0xff, 0xf8, 0xf4, 0xf0, 0xff,
    0xf8, 0xf8, 0xf0, 0xff, 0xf8, 0xf8, 0xf8, 0xff, 0xf8, 0xf4, 0xf8, 0xff,
    0xf8, 0xf8, 0xf0, 0xff, 0xf8, 0xf8, 0xf8, 0xff, 0xf8, 0xf8, 0xf0, 0xff,
    0xf8, 0xf4, 0xf0, 0xff, 0xf8, 0xf8, 0xf8, 0xff, 0xf8, 0xf8, 0xf0, 0xff,
    0xf8, 0xf4, 0xf8, 0xff, 0xf8, 0xf4, 0xf8, 0xff, 0xf8, 0xf8, 0xf0, 0xff,
    0xf8, 0xf8, 0xf8, 0xff, 0xf8, 0xf4, 0xf0, 0xff, 0xf8, 0xf8, 0xf0, 0xff,
    0xf8, 0xf8, 0xf8, 0xff, 0xf8, 0xf8, 0xf0, 0xff, 0xf8, 0xf8, 0xf8, 0xff,
    0xf8, 0xf8, 0xf0, 0xff, 0xf8, 0xf8, 0xf8, 0xff, 0xf8, 0xf8, 0xf0, 0xff,
    0xf8, 0xf8, 0xf8, 0xff, 0xf8, 0xf8, 0xf0, 0xff, 0xf8, 0xf8, 0xf8, 0xff,
    0xf8, 0xf8, 0xf0, 0xff, 0xf8, 0xf4, 0xf8, 0xff, 0xf8, 0xf8, 0xf8, 0xff,
    0xf8, 0xf8, 0xf0, 0xff, 0xf8, 0xf8, 0xf0, 0xff, 0xf8, 0xf4, 0xf8, 0xff,
    0xf8, 0xf8, 0xf8, 0xff, 0xf8, 0xf8, 0xf0, 0xff, 0xf8, 0xf4, 0xf0, 0xff,
    0xf8, 0xf8, 0xf8, 0xff, 0xf8, 0xf8, 0xf0, 0xff, 0xf8, 0xf4, 0xf0, 0xff,
    0xf8, 0xf8, 0xf8, 0xff, 0xf8, 0xf8, 0xf0, 0xff, 0xf8, 0xf4, 0xf0, 0xff,
    0xf8, 0xf8, 0xf8, 0xff, 0xf8, 0xf8, 0xf0, 0xff, 0xf8, 0xf8, 0xf8, 0xff,
    0xf8, 0xf4, 0xf8, 0xff, 0xf8, 0xf8, 0xf0, 0xff, 0xf8, 0xf4, 0xf8, 0xff,
    0xf8, 0xf8, 0xf8, 0xff, 0xf8, 0xf8, 0xf0, 0xff, 0xf8, 0xf8, 0xf8, 0xff,
    0xf8, 0xf8, 0xf8, 0xff, 0xf8, 0xf4, 0xf0, 0xff, 0xf8, 0xf8, 0xf8, 0xff,
    0xf8, 0xf8, 0xf8, 0xff, 0xf8, 0xf4, 0xf0, 0xff, 0xf8, 0xf8, 0xf0, 0xff,
    0xf8, 0xf8, 0xf8, 0xff, 0xf8, 0xf8, 0xf0, 0xff, 0xf8, 0xf8, 0xf0, 0xff,
    0xf8, 0xf8, 0xf8, 0xff, 0xf8, 0xf8, 0xf0, 0xff, 0xf8, 0xf4, 0xf8, 0xff,
    0xf8, 0xf8, 0xf8, 0xff, 0xf8, 0xf4, 0xf0, 0xff, 0xf8, 0xf4, 0xf8, 0xff,
    0xf8, 0xf8, 0xf0, 0xff, 0xf8, 0xf4, 0xf0, 0xff, 0xf8, 0xf8, 0xf8, 0xff,
    0xf8, 0xf4, 0xf8, 0xff, 0xf8, 0xf4, 0xf0, 0xff, 0xf8, 0xf8, 0xf0, 0xff,
    0xf8, 0xf8, 0xf8, 0xff, 0xf8, 0xf8, 0xf0, 0xff, 0xf8, 0xf8, 0xf0, 0xff,
    0xf8, 0xf8, 0xf8, 0xff, 0xf8, 0xf8, 0xf8, 0xff, 0xf8, 0xf4, 0xf0, 0xff,
    0xf8, 0xf8, 0xf8, 0xff, 0xf8, 0xf8, 0xf0, 0xff, 0xf8, 0xf4, 0xf8, 0xff,
    0xf8, 0xf8, 0xf8, 0xff, 0xf8, 0xf8, 0xf0, 0xff, 0xf8, 0xf8, 0xf8, 0xff,
    0xf8, 0xf4, 0xf0, 0xff, 0xf8, 0xf8, 0xf0, 0xff, 0xf8, 0xf8, 0xf8, 0xff,
    0xf8, 0xf4, 0xf8, 0xff, 0xf8, 0xf8, 0xf0, 0xff, 0xf8, 0xf8, 0xf8, 0xff,
    0xf8, 0xf4, 0xf0, 0xff, 0xf8, 0xf8, 0xf0, 0xff, 0xf8, 0xf8, 0xf8, 0xff,
    0xf8, 0xf8, 0xf0, 0xff, 0xf8, 0xf8, 0xf8, 0xff, 0xf8, 0xf4, 0xf8, 0xff,
    0xf8, 0xf8, 0xf0, 0xff, 0xf8, 0xf8, 0xf8, 0xff, 0xf8, 0xf4, 0xf0, 0xff,
    0xf8, 0xf8, 0xf8, 0xff, 0xf8, 0xf8, 0xf0, 0xff, 0xf8, 0xf4, 0xf8, 0xff,
    0xf8, 0xf4, 0xf0, 0xff, 0xf8, 0xf8, 0xf8, 0xff, 0xf8, 0xf8, 0xf0, 0xff,
    0xf8, 0xf8, 0xf8, 0xff, 0xf8, 0xf4, 0xf8, 0xff, 0xf8, 0xf8, 0xf0, 0xff,
    0xf8, 0xf8, 0xf0, 0xff, 0xf8, 0xf8, 0xf8, 0xff, 0xf8, 0xf8, 0xf0, 0xff,
    0xf8, 0xf8, 0xf0, 0xff, 0xf8, 0xf8, 0xf8, 0xff, 0xf8, 0xf8, 0xf8, 0xff,
    0xf8, 0xf8, 0xf0, 0xff, 0xf8, 0xf4, 0xf8, 0xff, 0xf8, 0xf8, 0xf8, 0xff,
    0xf8, 0xf8, 0xf0, 0xff, 0xf8, 0xf8, 0xf8, 0xff, 0xf8, 0xf4, 0xf8, 0xff,
    0xf8, 0xf8, 0xf0, 0xff, 0xf8, 0xf8, 0xf8, 0xff, 0xf8, 0xf8, 0xf0, 0xff,
    0xf8, 0xf8, 0xf0, 0xff, 0xf8, 0xf8, 0xf8, 0xff, 0xf8, 0xf8, 0xf0, 0xff,
    0xf8, 0xf8, 0xf0, 0xff, 0xf8, 0xf4, 0xf8, 0xff, 0xf8, 0xf8, 0xf0, 0xff,
    0xf8, 0xf4, 0xf0, 0xff, 0xf8, 0xf8, 0xf8, 0xff, 0xf8, 0xf8, 0xf0, 0xff,
    0xf8, 0xf4, 0xf0, 0xff, 0xf8, 0xf8, 0xf8, 0xff, 0xf8, 0xf8, 0xf8, 0xff,
    0xf8, 0xf8, 0xf0, 0xff, 0xf8, 0xf8, 0xf8, 0xff, 0xf8, 0xf4, 0xf8, 0xff,
    0xf8, 0xf8, 0xf0, 0xff, 0xf8, 0xf4, 0xf8, 0xff, 0xf8, 0xf8, 0xf0, 0xff,
    0xf8, 0xf8, 0xf0, 0xff, 0xf8, 0xf8, 0xf8, 0xff, 0xf8, 0xf8, 0xf0, 0xff,
    0xf8, 0xf8, 0xf8, 0xff, 0xf8, 0xf8, 0xf8, 0xff, 0xf8, 0xf8, 0xf0, 0xff,
    0xf8, 0xf8, 0xf0, 0xff, 0xf8, 0xf8, 0xf8, 0xff, 0xf8, 0xf8, 0xf0, 0xff,
    0xf8, 0xf8, 0xf8, 0xff, 0xf8, 0xf4, 0xf8, 0xff, 0xf8, 0xf8, 0xf0, 0xff,
    0xf8, 0xf8, 0xf8, 0xff, 0xf8, 0xf4, 0xf0, 0xff, 0xf8, 0xf8, 0xf8, 0xff,
    0xf8, 0xf8, 0xf0, 0xff, 0xf8, 0xf8, 0xf8, 0xff, 0xf8, 0xf8, 0xf0, 0xff,
    0xf8, 0xf4, 0xf8, 0xff, 0xf8, 0xf8, 0xf0, 0xff, 0xf8, 0xf8, 0xf0, 0xff,
    0xf8, 0xf8, 0xf8, 0xff, 0xf8, 0xf4, 0xf8, 0xff, 0xf8, 0xf8, 0xf0, 0xff,
    0xf8, 0xf8, 0xf0, 0xff, 0xf8, 0xf8, 0xf8, 0xff, 0xf8, 0xf4, 0xf0, 0xff,
    0xf8, 0xf8, 0xf8, 0xff, 0xf8, 0xf8, 0xf8, 0xff, 0xf8, 0xf8, 0xf0, 0xff,
    0xf8, 0xf8, 0xf8, 0xff, 0xf8, 0xf8, 0xf0, 0xff, 0xf8, 0xf8, 0xf0, 0xff,
    0xf8, 0xf4, 0xf8, 0xff, 0xf8, 0xf8, 0xf0, 0xff, 0xf8, 0xf8, 0xf8, 0xff,
    0xf8, 0xf8, 0xf8, 0xff, 0xf8, 0xf4, 0xf0, 0xff, 0xf8, 0xf8, 0xf0, 0xff,
    0xf8, 0xf8, 0xf8, 0xff, 0xf8, 0xf8, 0xf0, 0xff, 0xf8, 0xf8, 0xf8, 0xff,
    0xf8, 0xf8, 0xf0, 0xff, 0xf8, 0xf8, 0xf0, 0xff, 0xf8, 0xf4, 0xf8, 0xff,
    0xf8, 0xf8, 0xf0, 0xff, 0xf8, 0xf8, 0xf8, 0xff, 0xf8, 0xf4, 0xf0, 0xff,
    0xf8, 0xf8, 0xf8, 0xff, 0xf8, 0xf4, 0xf8, 0xff, 0xf8, 0xf4, 0xf0, 0xff,
    0xf8, 0xf8, 0xf8, 0xff, 0xf8, 0xf8, 0xf0, 0xff, 0xf8, 0xf4, 0xf0, 0xff,
    0xf8, 0xf8, 0xf8, 0xff, 0xf8, 0xf8, 0xf0, 0xff, 0xf8, 0xf8, 0xf8, 0xff,
    0xf8, 0xf8, 0xf0, 0xff, 0xf8, 0xf8, 0xf0, 0xff, 0xf8, 0xf4, 0xf8, 0xff,
    0xf8, 0xf8, 0xf8, 0xff, 0xf8, 0xf4, 0xf0, 0xff, 0xf8, 0xf8, 0xf8, 0xff,
    0xf8, 0xf4, 0xf8, 0xff, 0xf8, 0xf8, 0xf0, 0xff, 0xf8, 0xf8, 0xf8, 0xff,
    0xf8, 0xf8, 0xf8, 0xff, 0xf8, 0xf8, 0xf0, 0xff, 0xf8, 0xf8, 0xf8, 0xff,
    0xf8, 0xf4, 0xf8, 0xff, 0xf8, 0xf8, 0xf0, 0xff, 0xf8, 0xf8, 0xf0, 0xff,
    0xf8, 0xf8, 0xf8, 0xff, 0xf8, 0xf4, 0xf0, 0xff, 0xf8, 0xf8, 0xf0, 0xff,
    0xf8, 0xf8, 0xf8, 0xff, 0xf8, 0xf8, 0xf0, 0xff, 0xf8, 0xf4, 0xf8, 0xff,
    0xf8, 0xf8, 0xf8, 0xff, 0xf8, 0xf8, 0xf0, 0xff, 0xf8, 0xf4, 0xf8, 0xff,
    0xf8, 0xf8, 0xf0, 0xff, 0xf8, 0xf8, 0xf0, 0xff, 0xf8, 0xf8, 0xf8, 0xff,
    0xf8, 0xf4, 0xf0, 0xff, 0xf8, 0xf8, 0xf8, 0xff, 0xf8, 0xf8, 0xf8, 0xff,
    0xf8, 0xf4, 0xf0, 0xff, 0xf8, 0xf8, 0xf0, 0xff, 0xf8, 0xf8, 0xf8, 0xff,
    0xf8, 0xf8, 0xf0, 0xff, 0xf8, 0xf4, 0xf8, 0xff, 0xf8, 0xf8, 0xf0, 0xff,
    0xf8, 0xf8, 0xf8, 0xff, 0xf8, 0xf4, 0xf0, 0xff, 0xf8, 0xf8, 0xf0, 0xff,
    0xf8, 0xf8, 0xf8, 0xff, 0xf8, 0xf4, 0xf8, 0xff, 0xf8, 0xf8, 0xf0, 0xff,
    0xf8, 0xf8, 0xf8, 0xff, 0xf8, 0xf8, 0xf0, 0xff, 0xf8, 0xf4, 0xf8, 0xff,
    0xf8, 0xf8, 0xf0, 0xff, 0xf8, 0xf8, 0xf8, 0xff, 0xf8, 0xf8, 0xf8, 0xff,
    0xf8, 0xf8, 0xf0, 0xff, 0xf8, 0xf8, 0xf0, 0xff, 0xf8, 0xf8, 0xf8, 0xff,
    0xf8, 0xf4, 0xf0, 0xff, 0xf8, 0xf8, 0xf8, 0xff, 0xf8, 0xf4, 0xf8, 0xff,
    0xf8, 0xf8, 0xf0, 0xff, 0xf8, 0xf8, 0xf8, 0xff, 0xf8, 0xf4, 0xf0, 0xff,
    0xf8, 0xf8, 0xf0, 0xff, 0xf8, 0xf8, 0xf8, 0xff, 0xf8, 0xf8, 0xf0, 0xff,
    0xf8, 0xf8, 0xf8, 0xff, 0xf8, 0xf4, 0xf8, 0xff, 0xf8, 0xf8, 0xf0, 0xff,
    0xf8, 0xf8, 0xf8, 0xff, 0xf8, 0xf4, 0xf0, 0xff, 0xf8, 0xf8, 0xf8, 0xff,
    0xf8, 0xf8, 0xf8, 0xff, 0xf8, 0xf8, 0xf0, 0xff, 0xf8, 0xf8, 0xf0, 0xff,
    0xf8, 0xf8, 0xf8, 0xff, 0xf8, 0xf8, 0xf8, 0xff, 0xf8, 0xf8, 0xf0, 0xff,
    0xf8, 0xf8, 0xf0, 0xff, 0xf8, 0xf8, 0xf8, 0xff, 0xf8, 0xf8, 0xf0, 0xff,
    0xf8, 0xf4, 0xf8, 0xff, 0xf8, 0xf8, 0xf8, 0xff, 0xf8, 0xf8, 0xf0, 0xff,
    0xf8, 0xf4, 0xf8, 0xff, 0xf8, 0xf8, 0xf0, 0xff, 0xf8, 0xf8, 0xf8, 0xff,
    0xf8, 0xf4, 0xf0, 0xff, 0xf8, 0xf8, 0xf8, 0xff, 0xf8, 0xf8, 0xf0, 0xff,
    0xf8, 0xf8, 0xf8, 0xff, 0xf8, 0xf8, 0xf0, 0xff, 0xf8, 0xf4, 0xf0, 0xff,
    0xf8, 0xf8, 0xf8, 0xff, 0xf8, 0xf8, 0xf0, 0xff, 0xf8, 0xf4, 0xf0, 0xff,
    0xf8, 0xf8, 0xf8, 0xff, 0xf8, 0xf8, 0xf0, 0xff, 0xf8, 0xf8, 0xf8, 0xff,
    0xf8, 0xf4, 0xf8, 0xff, 0xf8, 0xf8, 0xf0, 0xff, 0xf8, 0xf8, 0xf8, 0xff,
    0xf8, 0xf4, 0xf8, 0xff, 0xf8, 0xf8, 0xf0, 0xff, 0xf8, 0xf8, 0xf8, 0xff,
    0xf8, 0xf8, 0xf0, 0xff, 0xf8, 0xf8, 0xf0, 0xff, 0xf8, 0xf8, 0xf8, 0xff,
    0xf8, 0xf8, 0xf8, 0xff, 0xf8, 0xf4, 0xf0, 0xff, 0xf8, 0xf8, 0xf8, 0xff,
    0xf8, 0xf8, 0xf8, 0xff, 0xf8, 0xf4, 0xf0, 0xff, 0xf8, 0xf8, 0xf0, 0xff,
    0xf8, 0xf8, 0xf8, 0xff, 0xf8, 0xf4, 0xf8, 0xff, 0xf8, 0xf8, 0xf0, 0xff,
    0xf8, 0xf8, 0xf8, 0xff, 0xf8, 0xf8, 0xf0, 0xff, 0xf8, 0xf8, 0xf8, 0xff,
    0xf8, 0xf8, 0xf0, 0xff, 0xf8, 0xf8, 0xf8, 0xff, 0xf8, 0xf8, 0xf8, 0xff,
    0xf8, 0xf4, 0xf0, 0xff, 0xf8, 0xf8, 0xf8, 0xff, 0xf8, 0xf8, 0xf0, 0xff,
    0xf8, 0xf8, 0xf0, 0xff, 0xf8, 0xf8, 0xf8, 0xff, 0xf8, 0xf4, 0xf8, 0xff,
    0xf8, 0xf8, 0xf0, 0xff, 0xf8, 0xf8, 0xf0, 0xff, 0xf8, 0xf8, 0xf8, 0xff,
    0xf8, 0xf4, 0xf0, 0xff, 0xf8, 0xf4, 0xf8, 0xff, 0xf8, 0xf8, 0xf0, 0xff,
    0xf8, 0xf8, 0xf8, 0xff, 0xf8, 0xf4, 0xf0, 0xff, 0xf8, 0xf8, 0xf0, 0xff,
    0xf8, 0xf8, 0xf8, 0xff, 0xf8, 0xf8, 0xf0, 0xff, 0xf8, 0xf4, 0xf8, 0xff,
    0xf8, 0xf8, 0xf8, 0xff, 0xf8, 0xf8, 0xf0, 0xff, 0xf8, 0xf8, 0xf8, 0xff,
    0xf8, 0xf4, 0xf0, 0xff, 0xf8, 0xf8, 0xf0, 0xff, 0xf8, 0xf8, 0xf8, 0xff,
    0xf8, 0xf8, 0xf0, 0xff, 0xf8, 0xf4, 0xf8, 0xff, 0xf8, 0xf8, 0xf0, 0xff,
    0xf8, 0xf8, 0xf8, 0xff, 0xf8, 0xf4, 0xf0, 0xff, 0xf8, 0xf8, 0xf0, 0xff,
    0xf8, 0xf4, 0xf8, 0xff, 0xf8, 0xf8, 0xf0, 0xff, 0xf8, 0xf4, 0xf8, 0xff,
    0xf8, 0xf8, 0xf0, 0xff, 0xf8, 0xf8, 0xf0, 0xff, 0xf8, 0xf4, 0xf8, 0xff,
    0xf8, 0xf8, 0xf8, 0xff, 0xf8, 0xf8, 0xf0, 0xff, 0xf8, 0xf8, 0xf0, 0xff,
    0xf8, 0xf8, 0xf8, 0xff, 0xf8, 0xf8, 0xf0, 0xff, 0xf8, 0xf4, 0xf0, 0xff,
    0xf8, 0xf8, 0xf8, 0xff, 0xf8, 0xf8, 0xf8, 0xff, 0xf8, 0xf8, 0xf0, 0xff,
    0xf8, 0xf8, 0xf0, 0xff, 0xf8, 0xf8, 0xf8, 0xff, 0xf8, 0xf8, 0xf8, 0xff,
    0xf8, 0xf8, 0xf0, 0xff, 0xf8, 0xf8, 0xf8, 0xff, 0xf8, 0xf8, 0xf8, 0xff,
    0xf8, 0xf4, 0xf0, 0xff, 0xf8, 0xf8, 0xf8, 0xff, 0xf8, 0xf8, 0xf0, 0xff,
    0xf8, 0xf4, 0xf0, 0xff, 0xf8, 0xf8, 0xf8, 0xff, 0xf8, 0xf8, 0xf0, 0xff,
    0xf8, 0xf8, 0xf0, 0xff, 0xf8, 0xf8, 0xf8, 0xff, 0xf8, 0xf8, 0xf0, 0xff,
    0xf8, 0xf4, 0xf8, 0xff, 0xf8, 0xf8, 0xf8, 0xff, 0xf8, 0xf4, 0xf0, 0xff,
    0xf8, 0xf8, 0xf0, 0xff, 0xf8, 0xf8, 0xf8, 0xff, 0xf8, 0xf4, 0xf0, 0xff,
    0xf8, 0xf8, 0xf0, 0xff, 0xf8, 0xf8, 0xf8, 0xff, 0xf8, 0xf4, 0xf8, 0xff,
    0xf8, 0xf8, 0xf0, 0xff, 0xf8, 0xf8, 0xf8, 0xff, 0xf8, 0xf8, 0xf0, 0xff,
    0xf8, 0xf8, 0xf0, 0xff, 0xf8, 0xf4, 0xf8, 0xff, 0xf8, 0xf8, 0xf8, 0xff,
    0xf8, 0xf4, 0xf0, 0xff, 0xf8, 0xf4, 0xf0, 0xff, 0xf8, 0xf8, 0xf8, 0xff,
    0xf8, 0xf8, 0xf0, 0xff, 0xf8, 0xf4, 0xf0, 0xff, 0xf8, 0xf8, 0xf8, 0xff,
    0xf8, 0xf8, 0xf8, 0xff, 0xf8, 0xf4, 0xf0, 0xff, 0xf8, 0xf8, 0xf0, 0xff,
    0xf8, 0xf8, 0xf8, 0xff, 0xf8, 0xf4, 0xf0, 0xff, 0xf8, 0xf8, 0xf8, 0xff,
    0xf8, 0xf8, 0xf8, 0xff, 0xf8, 0xf8, 0xf0, 0xff, 0xf8, 0xf8, 0xf8, 0xff,
    0xf8, 0xf8, 0xf0, 0xff, 0xf8, 0xf8, 0xf8, 0xff, 0xf8, 0xf4, 0xf8, 0xff,
    0xf8, 0xf8, 0xf0, 0xff, 0xf8, 0xf8, 0xf8, 0xff, 0xf8, 0xf8, 0xf0, 0xff,
    0xf8, 0xf8, 0xf0, 0xff, 0xf8, 0xf8, 0xf8, 0xff, 0xf8, 0xf4, 0xf0, 0xff,
    0xf8, 0xf8, 0xf8, 0xff, 0xf8, 0xf8, 0xf8, 0xff, 0xf8, 0xf8, 0xf0, 0xff,
    0xf8, 0xf4, 0xf8, 0xff, 0xf8, 0xf8, 0xf0, 0xff, 0xf8, 0xf8, 0xf8, 0xff,
    0xf8, 0xf8, 0xf0, 0xff, 0xf8, 0xf8, 0xf8, 0xff, 0xf8, 0xf8, 0xf0, 0xff,
    0xf8, 0xf8, 0xf8, 0xff, 0xf8, 0xf8, 0xf8, 0xff, 0xf8, 0xf8, 0xf0, 0xff,
    0xf8, 0xf4, 0xf8, 0xff, 0xf8, 0xf8, 0xf0, 0xff, 0xf8, 0xf8, 0xf8, 0xff,
    0xf8, 0xf4, 0xf8, 0xff, 0xf8, 0xf8, 0xf0, 0xff, 0xf8, 0xf8, 0xf8, 0xff,
    0xf8, 0xf4, 0xf0, 0xff, 0xf8, 0xf8, 0xf8, 0xff, 0xf8, 0xf8, 0xf8, 0xff,
    0xf8, 0xf8, 0xf0, 0xff, 0xf8, 0xf8, 0xf8, 0xff, 0xf8, 0xf4, 0xf0, 0xff,
    0xf8, 0xf8, 0xf8, 0xff, 0xf8, 0xf8, 0xf8, 0xff, 0xf8, 0xf4, 0xf0, 0xff,
    0xf8, 0xf4, 0xf8, 0xff, 0xf8, 0xf8, 0xf0, 0xff, 0xf8, 0xf4, 0xf0, 0xff,
    0xf8, 0xf8, 0xf8, 0xff, 0xf8, 0xf8, 0xf0, 0xff, 0xf8, 0xf8, 0xf8, 0xff,
    0xf8, 0xf8, 0xf8, 0xff, 0xf8, 0xf8, 0xf0, 0xff, 0xf8, 0xf4, 0xf8, 0xff,
    0xf8, 0xf8, 0xf8, 0xff, 0xf8, 0xf8, 0xf0, 0xff, 0xf8, 0xf4, 0xf8, 0xff,
    0xf8, 0xf8, 0xf0, 0xff, 0xf8, 0xf8, 0xf0, 0xff, 0xf8, 0xf8, 0xf8, 0xff,
    0xf8, 0xf8, 0xf0, 0xff, 0xf8, 0xf4, 0xf8, 0xff, 0xf8, 0xf8, 0xf8, 0xff,
    0xf8, 0xf8, 0xf0, 0xff, 0xf8, 0xf8, 0xf8, 0xff, 0xf8, 0xf8, 0xf0, 0xff,
    0xf8, 0xf8, 0xf0, 0xff, 0xf8, 0xf8, 0xf8, 0xff, 0xf8, 0xf8, 0xf0, 0xff,
    0xf8, 0xf4, 0xf8, 0xff, 0xf8, 0xf8, 0xf8, 0xff, 0xf8, 0xf8, 0xf0, 0xff,
    0xf8, 0xf8, 0xf0, 0xff, 0xf8, 0xf8, 0xf8, 0xff, 0xf8, 0xf8, 0xf8, 0xff,
    0xf8, 0xf8, 0xf0, 0xff, 0xf8, 0xf8, 0xf8, 0xff, 0xf8, 0xf4, 0xf8, 0xff,
    0xf8, 0xf8, 0xf0, 0xff, 0xf8, 0xf8, 0xf0, 0xff, 0xf8, 0xf8, 0xf8, 0xff,
    0xf8, 0xf4, 0xf8, 0xff, 0xf8, 0xf8, 0xf0, 0xff, 0xf8, 0xf8, 0xf8, 0xff,
    0xf8, 0xf8, 0xf0, 0xff, 0xf8, 0xf4, 0xf0, 0xff, 0xf8, 0xf8, 0xf8, 0xff,
    0xf8, 0xf8, 0xf0, 0xff, 0xf8, 0xf4, 0xf0, 0xff, 0xf8, 0xf8, 0xf8, 0xff,
    0xf8, 0xf8, 0xf0, 0xff, 0xf8, 0xf8, 0xf0, 0xff, 0xf8, 0xf8, 0xf8, 0xff,
    0xf8, 0xf4, 0xf8, 0xff, 0xf8, 0xf4, 0xf0, 0xff, 0xf8, 0xf8, 0xf8, 0xff,
    0xf8, 0xf8, 0xf0, 0xff, 0xf8, 0xf8, 0xf0, 0xff, 0xf8, 0xf4, 0xf8, 0xff,
    0xf8, 0xf8, 0xf0, 0xff, 0xf8, 0xf8, 0xf8, 0xff, 0xf8, 0xf8, 0xf8, 0xff,
    0xf8, 0xf4, 0xf0, 0xff, 0xf8, 0xf8, 0xf0, 0xff, 0xf8, 0xf8, 0xf8, 0xff,
    0xf8, 0xf4, 0xf0, 0xff, 0xf8, 0xf8, 0xf8, 0xff, 0xf8, 0xf8, 0xf0, 0xff,
    0xf8, 0xf8, 0xf0, 0xff, 0xf8, 0xf8, 0xf8, 0xff, 0xf8, 0xf8, 0xf0, 0xff,
    0xf8, 0xf8, 0xf8, 0xff, 0xf8, 0xf8, 0xf0, 0xff, 0xf8, 0xf8, 0xf0, 0xff,
    0xf8, 0xf8, 0xf8, 0xff, 0xf8, 0xf8, 0xf0, 0xff, 0xf8, 0xf4, 0xf8, 0xff,
    0xf8, 0xf8, 0xf0, 0xff, 0xf8, 0xf4, 0xf0, 0xff, 0xf8, 0xf8, 0xf8, 0xff,
    0xf8, 0xf8, 0xf8, 0xff, 0xf8, 0xf8, 0xf0, 0xff, 0xf8, 0xf4, 0xf0, 0xff,
    0xf8, 0xf8, 0xf8, 0xff, 0xf8, 0xf8, 0xf0, 0xff, 0xf8, 0xf8, 0xf8, 0xff,
    0xf8, 0xf8, 0xf0, 0xff, 0xf8, 0xf4, 0xf8, 0xff, 0xf8, 0xf8, 0xf0, 0xff,
    0xf8, 0xf4, 0xf0, 0xff, 0xf8, 0xf8, 0xf8, 0xff, 0xf8, 0xf8, 0xf0, 0xff,
    0xf8, 0xf4, 0xf0, 0xff, 0xf8, 0xf8, 0xf8, 0xff, 0xf8, 0xf8, 0xf0, 0xff,
    0xf8, 0xf8, 0xf8, 0xff, 0xf8, 0xf4, 0xf8, 0xff, 0xf8, 0xf8, 0xf0, 0xff,
    0xf8, 0xf8, 0xf8, 0xff, 0xf8, 0xf4, 0xf0, 0xff, 0xf8, 0xf8, 0xf0, 0xff,
    0xf8, 0xf8, 0xf8, 0xff, 0xf8, 0xf4, 0xf0, 0xff, 0xf8, 0xf8, 0xf8, 0xff,
    0xf8, 0xf8, 0xf8, 0xff, 0xf8, 0xf4, 0xf0, 0xff, 0xf8, 0xf8, 0xf8, 0xff,
    0xf8, 0xf8, 0xf0, 0xff, 0xf8, 0xf4, 0xf0, 0xff, 0xf8, 0xf8, 0xf8, 0xff,
    0xf8, 0xf8, 0xf0, 0xff, 0xf8, 0xf4, 0xf8, 0xff, 0xf8, 0xf8, 0xf0, 0xff,
    0xf8, 0xf8, 0xf0, 0xff, 0xf8, 0xf4, 0xf8, 0xff, 0xf8, 0xf8, 0xf0, 0xff,
    0xf8, 0xf8, 0xf0, 0xff, 0xf8, 0xf8, 0xf8, 0xff, 0xf8, 0xf8, 0xf8, 0xff,
    0xf8, 0xf8, 0xf0, 0xff, 0xf8, 0xf4, 0xf0, 0xff, 0xf8, 0xf8, 0xf8, 0xff,
    0xf8, 0xf8, 0xf8, 0xff, 0xf8, 0xf8, 0xf0, 0xff, 0xf8, 0xf8, 0xf8, 0xff,
    0xf8, 0xf8, 0xf8, 0xff, 0xf8, 0xf4, 0xf0, 0xff, 0xf8, 0xf8, 0xf8, 0xff,
    0xf8, 0xf8, 0xf8, 0xff, 0xf8, 0xf4, 0xf0, 0xff, 0xf8, 0xf8, 0xf8, 0xff,
    0xf8, 0xf8, 0xf0, 0xff, 0xf8, 0xf8, 0xf8, 0xff, 0xf8, 0xf8, 0xf0, 0xff,
    0xf8, 0xf8, 0xf8, 0xff, 0xf8, 0xf8, 0xf8, 0xff, 0xf8, 0xf4, 0xf0, 0xff,
    0xf8, 0xf8, 0xf8, 0xff, 0xf8, 0xf8, 0xf0, 0xff, 0xf8, 0xf4, 0xf0, 0xff,
    0xf8, 0xf8, 0xf8, 0xff, 0xf8, 0xf8, 0xf0, 0xff, 0xf8, 0xf8, 0xf8, 0xff,
    0xf8, 0xf4, 0xf8, 0xff, 0xf8, 0xf8, 0xf0, 0xff, 0xf8, 0xf8, 0xf8, 0xff,
    0xf8, 0xf4, 0xf0, 0xff, 0xf8, 0xf8, 0xf8, 0xff, 0xf8, 0xf4, 0xf0, 0xff,
    0xf8, 0xf8, 0xf8, 0xff, 0xf8, 0xf8, 0xf8, 0xff, 0xf8, 0xf4, 0xf0, 0xff,
    0xf8, 0xf8, 0xf8, 0xff, 0xf8, 0xf4, 0xf0, 0xff, 0xf8, 0xf8, 0xf8, 0xff,
    0xf8, 0xf8, 0xf0, 0xff, 0xf8, 0xf8, 0xf8, 0xff, 0xf8, 0xf8, 0xf8, 0xff,
    0xf8, 0xf8, 0xf0, 0xff, 0xf8, 0xf4, 0xf0, 0xff, 0xf8, 0xf8, 0xf8, 0xff,
    0xf8, 0xf8, 0xf0, 0xff, 0xf8, 0xf8, 0xf8, 0xff, 0xf8, 0xf4, 0xf0, 0xff,
    0xf8, 0xf8, 0xf8, 0xff, 0xf8, 0xf8, 0xf0, 0xff, 0xf8, 0xf8, 0xf8, 0xff,
    0xf8, 0xf8, 0xf8, 0xff, 0xf8, 0xf8, 0xf0, 0xff, 0xf8, 0xf8, 0xf8, 0xff,
    0xf8, 0xf4, 0xf8, 0xff, 0xf8, 0xf8, 0xf0, 0xff, 0xf8, 0xf8, 0xf8, 0xff,
    0xf8, 0xf8, 0xf0, 0xff, 0xf8, 0xf8, 0xf0, 0xff, 0xf8, 0xf4, 0xf8, 0xff,
    0xf8, 0xf8, 0xf0, 0xff, 0xf8, 0xf8, 0xf8, 0xff, 0xf8, 0xf8, 0xf8, 0xff,
    0xf8, 0xf4, 0xf0, 0xff, 0xf8, 0xf8, 0xf8, 0xff, 0xf8, 0xf8, 0xf0, 0xff,
    0xf8, 0xf8, 0xf0, 0xff, 0xf8, 0xf4, 0xf8, 0xff, 0xf8, 0xf8, 0xf0, 0xff,
    0xf8, 0xf8, 0xf8, 0xff, 0xf8, 0xf4, 0xf8, 0xff, 0xf8, 0xf8, 0xf0, 0xff,
    0xf8, 0xf8, 0xf8, 0xff, 0xf8, 0xf8, 0xf0, 0xff, 0xf8, 0xf8, 0xf8, 0xff,
    0xf8, 0xf4, 0xf8, 0xff, 0xf8, 0xf8, 0xf0, 0xff, 0xf8, 0xf8, 0xf8, 0xff,
    0xf8, 0xf4, 0xf8, 0xff, 0xf8, 0xf8, 0xf0, 0xff, 0xf8, 0xf8, 0xf0, 0xff,
    0xf8, 0xf4, 0xf8, 0xff, 0xf8, 0xf8, 0xf8, 0xff, 0xf8, 0xf8, 0xf0, 0xff,
    0xf8, 0xf8, 0xf0, 0xff, 0xf8, 0xf8, 0xf8, 0xff, 0xf8, 0xf4, 0xf0, 0xff,
    0xf8, 0xf4, 0xf0, 0xff, 0xf8, 0xf8, 0xf8, 0xff, 0xf8, 0xf8, 0xf0, 0xff,
    0xf8, 0xf8, 0xf0, 0xff, 0xf8, 0xf8, 0xf8, 0xff, 0xf8, 0xf8, 0xf0, 0xff,
    0xf8, 0xf8, 0xf8, 0xff, 0xf8, 0xf4, 0xf8, 0xff, 0xf8, 0xf8, 0xf0, 0xff,
    0xf8, 0xf4, 0xf0, 0xff, 0xf8, 0xf8, 0xf8, 0xff, 0xf8, 0xf8, 0xf0, 0xff,
    0xf8, 0xf8, 0xf0, 0xff, 0xf8, 0xf8, 0xf8, 0xff, 0xf8, 0xf8, 0xf8, 0xff,
    0xf8, 0xf8, 0xf0, 0xff, 0xf8, 0xf8, 0xf8, 0xff, 0xf8, 0xf4, 0xf0, 0xff,
    0xf8, 0xf8, 0xf0, 0xff, 0xf8, 0xf8, 0xf8, 0xff, 0xf8, 0xf8, 0xf0, 0xff,
    0xf8, 0xf8, 0xf8, 0xff, 0xf8, 0xf8, 0xf0, 0xff, 0xf8, 0xf4, 0xf8, 0xff,
    0xf8, 0xf8, 0xf0, 0xff, 0xf8, 0xf8, 0xf0, 0xff, 0xf8, 0xf8, 0xf8, 0xff,
    0xf8, 0xf4, 0xf0, 0xff, 0xf8, 0xf8, 0xf0, 0xff, 0xf8, 0xf8, 0xf8, 0xff,
    0xf8, 0xf4, 0xf8, 0xff, 0xf8, 0xf8, 0xf0, 0xff, 0xf8, 0xf8, 0xf0, 0xff,
    0xf8, 0xf4, 0xf8, 0xff, 0xf8, 0xf8, 0xf8, 0xff, 0xf8, 0xf8, 0xf0, 0xff,
    0xf8, 0xf4, 0xf8, 0xff, 0xf8, 0xf8, 0xf0, 0xff, 0xf8, 0xf8, 0xf8, 0xff,
    0xf8, 0xf8, 0xf0, 0xff, 0xf8, 0xf8, 0xf8, 0xff, 0xf8, 0xf4, 0xf0, 0xff,
    0xf8, 0xf8, 0xf0, 0xff, 0xf8, 0xf4, 0xf8, 0xff, 0xf8, 0xf8, 0xf0, 0xff,
    0xf8, 0xf8, 0xf0, 0xff, 0xf8, 0xf8, 0xf8, 0xff, 0xf8, 0xf8, 0xf0, 0xff,
    0xf8, 0xf4, 0xf8, 0xff, 0xf8, 0xf8, 0xf8, 0xff, 0xf8, 0xf8, 0xf0, 0xff,
    0xf8, 0xf4, 0xf8, 0xff, 0xf8, 0xf8, 0xf0, 0xff, 0xf8, 0xf8, 0xf0, 0xff,
    0xf8, 0xf8, 0xf8, 0xff, 0xf8, 0xf4, 0xf0, 0xff, 0xf8, 0xf8, 0xf8, 0xff,
    0xf8, 0xf8, 0xf8, 0xff, 0xf8, 0xf8, 0xf0, 0xff, 0xf8, 0xf8, 0xf8, 0xff,
    0xf8, 0xf8, 0xf0, 0xff, 0xf8, 0xf8, 0xf0, 0xff, 0xf8, 0xf8, 0xf8, 0xff,
    0xf8, 0xf4, 0xf0, 0xff, 0xf8, 0xf8, 0xf8, 0xff, 0xf8, 0xf8, 0xf8, 0xff,
    0xf8, 0xf4, 0xf0, 0xff, 0xf8, 0xf8, 0xf0, 0xff, 0xf8, 0xf8, 0xf8, 0xff,
    0xf8, 0xf8, 0xf0, 0xff, 0xf8, 0xf8, 0xf8, 0xff, 0xf8, 0xf8, 0xf0, 0xff,
    0xf8, 0xf8, 0xf8, 0xff, 0xf8, 0xf4, 0xf8, 0xff, 0xf8, 0xf8, 0xf0, 0xff,
    0xf8, 0xf4, 0xf0, 0xff, 0xf8, 0xf8, 0xf8, 0xff, 0xf8, 0xf8, 0xf8, 0xff,
    0xf8, 0xf8, 0xf0, 0xff, 0xf8, 0xf8, 0xf8, 0xff, 0xf8, 0xf8, 0xf8, 0xff,
    0xf8, 0xf4, 0xf0, 0xff, 0xf8, 0xf8, 0xf8, 0xff, 0xf8, 0xf8, 0xf8, 0xff,
    0xf8, 0xf4, 0xf0, 0xff, 0xf8, 0xf8, 0xf0, 0xff, 0xf8, 0xf8, 0xf8, 0xff,
    0xf8, 0xf8, 0xf0, 0xff, 0xf8, 0xf4, 0xf8, 0xff, 0xf8, 0xf8, 0xf8, 0xff,
    0xf8, 0xf8, 0xf0, 0xff, 0xf8, 0xf4, 0xf8, 0xff, 0xf8, 0xf4, 0xf0, 0xff,
    0xf8, 0xf8, 0xf8, 0xff, 0xf8, 0xf4, 0xf0, 0xff, 0xf8, 0xf8, 0xf8, 0xff,
    0xf8, 0xf8, 0xf8, 0xff, 0xf8, 0xf8, 0xf0, 0xff, 0xf8, 0xf4, 0xf8, 0xff,
    0xf8, 0xf8, 0xf0, 0xff, 0xf8, 0xf4, 0xf8, 0xff, 0xf8, 0xf8, 0xf0, 0xff,
    0xf8, 0xf8, 0xf8, 0xff, 0xf8, 0xf8, 0xf0, 0xff, 0xf8, 0xf8, 0xf8, 0xff,
    0xf8, 0xf8, 0xf8, 0xff, 0xf8, 0xf8, 0xf0, 0xff, 0xf8, 0xf8, 0xf8, 0xff,
    0xf8, 0xf8, 0xf0, 0xff, 0xf8, 0xf8, 0xf8, 0xff, 0xf8, 0xf8, 0xf0, 0xff,
    0xf8, 0xf8, 0xf8, 0xff, 0xf8, 0xf4, 0xf0, 0xff, 0xf8, 0xf8, 0xf0, 0xff,
    0xf8, 0xf8, 0xf8, 0xff, 0xf8, 0xf8, 0xf0, 0xff, 0xf8, 0xf8, 0xf8, 0xff,
    0xf8, 0xf4, 0xf8, 0xff, 0xf8, 0xf8, 0xf0, 0xff, 0xf8, 0xf8, 0xf8, 0xff,
    0xf8, 0xf4, 0xf8, 0xff, 0xf8, 0xf8, 0xf0, 0xff, 0xf8, 0xf8, 0xf8, 0xff,
    0xf8, 0xf8, 0xf8, 0xff, 0xf8, 0xf4, 0xf0, 0xff, 0xf8, 0xf4, 0xf8, 0xff,
    0xf8, 0xf8, 0xf0, 0xff, 0xf8, 0xf8, 0xf0, 0xff, 0xf8, 0xf8, 0xf8, 0xff,
    0xf8, 0xf4, 0xf0, 0xff, 0xf8, 0xf8, 0xf8, 0xff, 0xf8, 0xf8, 0xf8, 0xff,
    0xf8, 0xf8, 0xf0, 0xff, 0xf8, 0xf8, 0xf8, 0xff, 0xf8, 0xf4, 0xf0, 0xff,
    0xf8, 0xf8, 0xf0, 0xff, 0xf8, 0xf8, 0xf8, 0xff, 0xf8, 0xf4, 0xf0, 0xff,
    0xf8, 0xf8, 0xf8, 0xff, 0xf8, 0xf4, 0xf8, 0xff, 0xf8, 0xf8, 0xf0, 0xff,
    0xf8, 0xf8, 0xf8, 0xff, 0xf8, 0xf4, 0xf0, 0xff, 0xf8, 0xf8, 0xf0, 0xff,
    0xf8, 0xf8, 0xf8, 0xff, 0xf8, 0xf8, 0xf0, 0xff, 0xf8, 0xf4, 0xf8, 0xff,
    0xf8, 0xf8, 0xf0, 0xff, 0xf8, 0xf8, 0xf0, 0xff, 0xf8, 0xf4, 0xf8, 0xff,
    0xf8, 0xf8, 0xf0, 0xff, 0xf8, 0xf8, 0xf0, 0xff, 0xf8, 0xf4, 0xf8, 0xff,
    0xf8, 0xf8, 0xf8, 0xff, 0xf8, 0xf8, 0xf0, 0xff, 0xf8, 0xf8, 0xf0, 0xff,
    0xf8, 0xf4, 0xf8, 0xff, 0xf8, 0xf8, 0xf0, 0xff, 0xf8, 0xf4, 0xf0, 0xff,
    0xf8, 0xf8, 0xf8, 0xff, 0xf8, 0xf8, 0xf0, 0xff, 0xf8, 0xf8, 0xf0, 0xff,
    0xf8, 0xf4, 0xf8, 0xff, 0xf8, 0xf8, 0xf8, 0xff, 0xf8, 0xf8, 0xf0, 0xff,
    0xf8, 0xf4, 0xf8, 0xff, 0xf8, 0xf8, 0xf0, 0xff, 0xf8, 0xf8, 0xf0, 0xff,
    0xf8, 0xf8, 0xf8, 0xff, 0xf8, 0xf8, 0xf0, 0xff, 0xf8, 0xf8, 0xf8, 0xff,
    0xf8, 0xf8, 0xf0, 0xff, 0xf8, 0xf8, 0xf8, 0xff, 0xf8, 0xf8, 0xf0, 0xff,
    0xf8, 0xf8, 0xf0, 0xff, 0xf8, 0xf4, 0xf8, 0xff, 0xf8, 0xf8, 0xf0, 0xff,
    0xf8, 0xf8, 0xf8, 0xff, 0xf8, 0xf8, 0xf8, 0xff, 0xf8, 0xf8, 0xf0, 0xff,
    0xf8, 0xf4, 0xf0, 0xff, 0xf8, 0xf8, 0xf8, 0xff, 0xf8, 0xf8, 0xf0, 0xff,
    0xf8, 0xf4, 0xf8, 0xff, 0xf8, 0xf8, 0xf0, 0xff, 0xf8, 0xf4, 0xf0, 0xff,
    0xf8, 0xf8, 0xf8, 0xff, 0xf8, 0xf4, 0xf0, 0xff, 0xf8, 0xf8, 0xf8, 0xff,
    0xf8, 0xf4, 0xf0, 0xff, 0xf8, 0xf8, 0xf8, 0xff, 0xf8, 0xf8, 0xf8, 0xff,
    0xf8, 0xf8, 0xf0, 0xff, 0xf8, 0xf4, 0xf8, 0xff, 0xf8, 0xf8, 0xf0, 0xff,
    0xf8, 0xf8, 0xf0, 0xff, 0xf8, 0xf4, 0xf8, 0xff, 0xf8, 0xf8, 0xf0, 0xff,
    0xf8, 0xf8, 0xf0, 0xff, 0xf8, 0xf4, 0xf8, 0xff, 0xf8, 0xf8, 0xf0, 0xff,
    0xf8, 0xf8, 0xf0, 0xff, 0xf8, 0xf8, 0xf8, 0xff, 0xf8, 0xf8, 0xf0, 0xff,
    0xf8, 0xf8, 0xf8, 0xff, 0xf8, 0xf8, 0xf8, 0xff, 0xf8, 0xf4, 0xf0, 0xff,
    0xf8, 0xf8, 0xf8, 0xff, 0xf8, 0xf8, 0xf0, 0xff, 0xf8, 0xf8, 0xf0, 0xff,
    0xf8, 0xf4, 0xf8, 0xff, 0xf8, 0xf8, 0xf0, 0xff, 0xf8, 0xf8, 0xf8, 0xff,
    0xf8, 0xf4, 0xf8, 0xff, 0xf8, 0xf8, 0xf0, 0xff, 0xf8, 0xf8, 0xf8, 0xff,
    0xf8, 0xf8, 0xf0, 0xff, 0xf8, 0xf8, 0xf0, 0xff, 0xf8, 0xf8, 0xf8, 0xff,
    0xf8, 0xf4, 0xf0, 0xff, 0xf8, 0xf8, 0xf8, 0xff, 0xf8, 0xf8, 0xf8, 0xff,
    0xf8, 0xf8, 0xf0, 0xff, 0xf8, 0xf8, 0xf8, 0xff, 0xf8, 0xf8, 0xf0, 0xff,
    0xf8, 0xf4, 0xf8, 0xff, 0xf8, 0xf8, 0xf8, 0xff, 0xf8, 0xf8, 0xf0, 0xff,
    0xf8, 0xf8, 0xf8, 0xff, 0xf8, 0xf4, 0xf8, 0xff, 0xf8, 0xf8, 0xf0, 0xff,
    0xf8, 0xf8, 0xf8, 0xff, 0xf8, 0xf8, 0xf0, 0xff, 0xf8, 0xf8, 0xf0, 0xff,
    0xf8, 0xf8, 0xf8, 0xff, 0xf8, 0xf8, 0xf8, 0xff, 0xf8, 0xf8, 0xf0, 0xff,
    0xf8, 0xf8, 0xf8, 0xff, 0xf8, 0xf4, 0xf8, 0xff, 0xf8, 0xf8, 0xf0, 0xff,
    0xf8, 0xf8, 0xf8, 0xff, 0xf8, 0xf8, 0xf0, 0xff, 0xf8, 0xf8, 0xf0, 0xff,
    0xf8, 0xf8, 0xf8, 0xff, 0xf8, 0xf8, 0xf0, 0xff, 0xf8, 0xf4, 0xf8, 0xff,
    0xf8, 0xf8, 0xf8, 0xff, 0xf8, 0xf8, 0xf0, 0xff, 0xf8, 0xf4, 0xf8, 0xff,
    0xf8, 0xf8, 0xf0, 0xff, 0xf8, 0xf4, 0xf0, 0xff, 0xf8, 0xf8, 0xf8, 0xff,
    0xf8, 0xf8, 0xf8, 0xff, 0xf8, 0xf8, 0xf0, 0xff, 0xf8, 0xf8, 0xf8, 0xff,
    0xf8, 0xf4, 0xf0, 0xff, 0xf8, 0xf8, 0xf0, 0xff, 0xf8, 0xf8, 0xf8, 0xff,
    0xf8, 0xf4, 0xf0, 0xff, 0xf8, 0xf8, 0xf8, 0xff, 0xf8, 0xf8, 0xf8, 0xff,
    0xf8, 0xf8, 0xf0, 0xff, 0xf8, 0xf4, 0xf8, 0xff, 0xf8, 0xf8, 0xf0, 0xff,
    0xf8, 0xf8, 0xf8, 0xff, 0xf8, 0xf8, 0xf0, 0xff, 0xf8, 0xf8, 0xf8, 0xff,
    0xf8, 0xf8, 0xf8, 0xff, 0xf8, 0xf8, 0xf0, 0xff, 0xf8, 0xf4, 0xf0, 0xff,
    0xf8, 0xf8, 0xf8, 0xff, 0xf8, 0xf8, 0xf0, 0xff, 0xf8, 0xf4, 0xf8, 0xff,
    0xf8, 0xf8, 0xf8, 0xff, 0xf8, 0xf8, 0xf0, 0xff, 0xf8, 0xf4, 0xf8, 0xff,
    0xf8, 0xf8, 0xf8, 0xff, 0xf8, 0xf8, 0xf0, 0xff, 0xf8, 0xf8, 0xf8, 0xff,
    0xf8, 0xf8, 0xf0, 0xff, 0xf8, 0xf8, 0xf8, 0xff, 0xf8, 0xf4, 0xf8, 0xff,
    0xf8, 0xf8, 0xf0, 0xff, 0xf8, 0xf4, 0xf0, 0xff, 0xf8, 0xf8, 0xf8, 0xff,
    0xf8, 0xf8, 0xf0, 0xff, 0xf8, 0xf8, 0xf8, 0xff, 0xf8, 0xf4, 0xf8, 0xff,
    0xf8, 0xf8, 0xf0, 0xff, 0xf8, 0xf8, 0xf8, 0xff, 0xf8, 0xf8, 0xf0, 0xff,
    0xf8, 0xf4, 0xf0, 0xff, 0xf8, 0xf8, 0xf8, 0xff, 0xf8, 0xf8, 0xf0, 0xff,
    0xf8, 0xf8, 0xf8, 0xff, 0xf8, 0xf4, 0xf8, 0xff, 0xf8, 0xf8, 0xf0, 0xff,
    0xf8, 0xf8, 0xf8, 0xff, 0xf8, 0xf8, 0xf0, 0xff, 0xf8, 0xf8, 0xf0, 0xff,
    0xf8, 0xf4, 0xf8, 0xff, 0xf8, 0xf8, 0xf0, 0xff, 0xf8, 0xf4, 0xf8, 0xff,
    0xf8, 0xf8, 0xf8, 0xff, 0xf8, 0xf8, 0xf0, 0xff, 0xf8, 0xf8, 0xf0, 0xff,
    0xf8, 0xf8, 0xf8, 0xff, 0xf8, 0xf8, 0xf0, 0xff, 0xf8, 0xf4, 0xf8, 0xff,
    0xf8, 0xf8, 0xf0, 0xff, 0xf8, 0xf8, 0xf8, 0xff, 0xf8, 0xf4, 0xf8, 0xff,
    0xf8, 0xf8, 0xf0, 0xff, 0xf8, 0xf4, 0xf0, 0xff, 0xf8, 0xf4, 0xf8, 0xff,
    0xf8, 0xf8, 0xf8, 0xff, 0xf8, 0xf8, 0xf0, 0xff, 0xf8, 0xf8, 0xf8, 0xff,
    0xf8, 0xf8, 0xf0, 0xff, 0xf8, 0xf4, 0xf8, 0xff, 0xf8, 0xf8, 0xf8, 0xff,
    0xf8, 0xf4, 0xf0, 0xff, 0xf8, 0xf8, 0xf8, 0xff, 0xf8, 0xf8, 0xf0, 0xff,
    0xf8, 0xf4, 0xf0, 0xff, 0xf8, 0xf8, 0xf8, 0xff, 0xf8, 0xf8, 0xf0, 0xff,
    0xf8, 0xf4, 0xf8, 0xff, 0xf8, 0xf8, 0xf8, 0xff, 0xf8, 0xf8, 0xf0, 0xff,
    0xf8, 0xf8, 0xf8, 0xff, 0xf8, 0xf4, 0xf0, 0xff, 0xf8, 0xf4, 0xf0, 0xff,
    0xf8, 0xf8, 0xf8, 0xff, 0xf8, 0xf8, 0xf8, 0xff, 0xf8, 0xf8, 0xf0, 0xff,
    0xf8, 0xf8, 0xf8, 0xff, 0xf8, 0xf4, 0xf0, 0xff, 0xf8, 0xf8, 0xf0, 0xff,
    0xf8, 0xf8, 0xf8, 0xff, 0xf8, 0xf8, 0xf0, 0xff, 0xf8, 0xf4, 0xf8, 0xff,
    0xf8, 0xf8, 0xf0, 0xff, 0xf8, 0xf8, 0xf8, 0xff, 0xf8, 0xf8, 0xf0, 0xff,
    0xf8, 0xf8, 0xf0, 0xff, 0xf8, 0xf8, 0xf8, 0xff, 0xf8, 0xf8, 0xf0, 0xff,
    0xf8, 0xf4, 0xf8, 0xff, 0xf8, 0xf8, 0xf8, 0xff, 0xf8, 0xf8, 0xf0, 0xff,
    0xf8, 0xf8, 0xf0, 0xff, 0xf8, 0xf8, 0xf8, 0xff, 0xf8, 0xf8, 0xf0, 0xff,
    0xf8, 0xf8, 0xf0, 0xff, 0xf8, 0xf8, 0xf8, 0xff, 0xf8, 0xf8, 0xf0, 0xff,
    0xf8, 0xf4, 0xf8, 0xff, 0xf8, 0xf8, 0xf0, 0xff, 0xf8, 0xf8, 0xf8, 0xff,
    0xf8, 0xf4, 0xf0, 0xff, 0xf8, 0xf8, 0xf8, 0xff, 0xf8, 0xf8, 0xf0, 0xff,
    0xf8, 0xf8, 0xf8, 0xff, 0xf8, 0xf4, 0xf0, 0xff, 0xf8, 0xf8, 0xf0, 0xff,
    0xf8, 0xf8, 0xf8, 0xff, 0xf8, 0xf8, 0xf0, 0xff, 0xf8, 0xf4, 0xf8, 0xff,
    0xf8, 0xf8, 0xf8, 0xff, 0xf8, 0xf8, 0xf0, 0xff, 0xf8, 0xf8, 0xf8, 0xff,
    0xf8, 0xf8, 0xf0, 0xff, 0xf8, 0xf8, 0xf0, 0xff, 0xf8, 0xf4, 0xf8, 0xff,
    0xf8, 0xf8, 0xf0, 0xff, 0xf8, 0xf8, 0xf8, 0xff, 0xf8, 0xf4, 0xf8, 0xff,
    0xf8, 0xf8, 0xf0, 0xff, 0xf8, 0xf8, 0xf8, 0xff, 0xf8, 0xf8, 0xf0, 0xff,
    0xf8, 0xf8, 0xf0, 0xff, 0xf8, 0xf4, 0xf8, 0xff, 0xf8, 0xf8, 0xf0, 0xff,
    0xf8, 0xf4, 0xf0, 0xff, 0xf8, 0xf8, 0xf8, 0xff, 0xf8, 0xf8, 0xf0, 0xff,
    0xf8, 0xf4, 0xf8, 0xff, 0xf8, 0xf8, 0xf0, 0xff, 0xf8, 0xf8, 0xf0, 0xff,
    0xf8, 0xf8, 0xf8, 0xff, 0xf8, 0xf8, 0xf0, 0xff, 0xf8, 0xf8, 0xf8, 0xff,
    0xf8, 0xf8, 0xf8, 0xff, 0xf8, 0xf8, 0xf0, 0xff, 0xf8, 0xf4, 0xf0, 0xff,
    0xf8, 0xf8, 0xf8, 0xff, 0xf8, 0xf4, 0xf0, 0xff, 0xf8, 0xf8, 0xf0, 0xff,
    0xf8, 0xf8, 0xf8, 0xff, 0xf8, 0xf8, 0xf0, 0xff, 0xf8, 0xf4, 0xf8, 0xff,
    0xf8, 0xf8, 0xf8, 0xff, 0xf8, 0xf8, 0xf0, 0xff, 0xf8, 0xf4, 0xf8, 0xff,
    0xf8, 0xf8, 0xf0, 0xff, 0xf8, 0xf8, 0xf0, 0xff, 0xf8, 0xf8, 0xf8, 0xff,
    0xf8, 0xf8, 0xf0, 0xff, 0xf8, 0xf8, 0xf8, 0xff, 0xf8, 0xf8, 0xf8, 0xff,
    0xf8, 0xf8, 0xf0, 0xff, 0xf8, 0xf8, 0xf8, 0xff, 0xf8, 0xf4, 0xf0, 0xff,
    0xf8, 0xf8, 0xf0, 0xff, 0xf8, 0xf8, 0xf8, 0xff, 0xf8, 0xf4, 0xf8, 0xff,
    0xf8, 0xf8, 0xf0, 0xff, 0xf8, 0xf8, 0xf8, 0xff, 0xf8, 0xf8, 0xf0, 0xff,
    0xf8, 0xf4, 0xf8, 0xff, 0xf8, 0xf8, 0xf0, 0xff, 0xf8, 0xf8, 0xf8, 0xff,
    0xf8, 0xf4, 0xf0, 0xff, 0xf8, 0xf8, 0xf8, 0xff, 0xf8, 0xf4, 0xf8, 0xff,
    0xf8, 0xf8, 0xf0, 0xff, 0xf8, 0xf8, 0xf0, 0xff, 0xf8, 0xf8, 0xf8, 0xff,
    0xf8, 0xf8, 0xf8, 0xff, 0xf8, 0xf4, 0xf0, 0xff, 0xf8, 0xf8, 0xf8, 0xff,
    0xf8, 0xf4, 0xf0, 0xff, 0xf8, 0xf8, 0xf8, 0xff, 0xf8, 0xf4, 0xf8, 0xff,
    0xf8, 0xf8, 0xf0, 0xff, 0xf8, 0xf8, 0xf0, 0xff, 0xf8, 0xf4, 0xf8, 0xff,
    0xf8, 0xf8, 0xf0, 0xff, 0xf8, 0xf8, 0xf0, 0xff, 0xf8, 0xf8, 0xf8, 0xff,
    0xf8, 0xf8, 0xf0, 0xff, 0xf8, 0xf8, 0xf8, 0xff, 0xf8, 0xf8, 0xf8, 0xff,
    0xf8, 0xf8, 0xf0, 0xff, 0xf8, 0xf4, 0xf8, 0xff, 0xf8, 0xf8, 0xf0, 0xff,
    0xf8, 0xf8, 0xf0, 0xff, 0xf8, 0xf8, 0xf8, 0xff, 0xf8, 0xf4, 0xf0, 0xff,
    0xf8, 0xf8, 0xf8, 0xff, 0xf8, 0xf8, 0xf8, 0xff, 0xf8, 0xf4, 0xf0, 0xff,
    0xf8, 0xf8, 0xf8, 0xff, 0xf8, 0xf8, 0xf0, 0xff, 0xf8, 0xf8, 0xf0, 0xff,
    0xf8, 0xf8, 0xf8, 0xff, 0xf8, 0xf4, 0xf0, 0xff, 0xf8, 0xf8, 0xf8, 0xff,
    0xf8, 0xf8, 0xf8, 0xff, 0xf8, 0xf4, 0xf0, 0xff, 0xf8, 0xf8, 0xf8, 0xff,
    0xf8, 0xf8, 0xf8, 0xff, 0xf8, 0xf8, 0xf0, 0xff, 0xf8, 0xf8, 0xf8, 0xff,
    0xf8, 0xf4, 0xf8, 0xff, 0xf8, 0xf8, 0xf0, 0xff, 0xf8, 0xf8, 0xf8, 0xff,
    0xf8, 0xf8, 0xf8, 0xff, 0xf8, 0xf4, 0xf0, 0xff, 0xf8, 0xf8, 0xf0, 0xff,
    0xf8, 0xf8, 0xf8, 0xff, 0xf8, 0xf4, 0xf0, 0xff, 0xf8, 0xf8, 0xf8, 0xff,
    0xf8, 0xf8, 0xf0, 0xff, 0xf8, 0xf8, 0xf8, 0xff, 0xf8, 0xf8, 0xf8, 0xff,
    0xf8, 0xf8, 0xf0, 0xff, 0xf8, 0xf4, 0xf8, 0xff, 0xf8, 0xf8, 0xf0, 0xff,
    0xf8, 0xf8, 0xf0, 0xff, 0xf8, 0xf8, 0xf8, 0xff, 0xf8, 0xf8, 0xf0, 0xff,
    0xf8, 0xf8, 0xf8, 0xff, 0xf8, 0xf8, 0xf8, 0xff, 0xf8, 0xf8, 0xf0, 0xff,
    0xf8, 0xf4, 0xf8, 0xff, 0xf8, 0xf8, 0xf0, 0xff, 0xf8, 0xf4, 0xf0, 0xff,
    0xf8, 0xf4, 0xf8, 0xff, 0xf8, 0xf8, 0xf0, 0xff, 0xf8, 0xf8, 0xf8, 0xff,
    0xf8, 0xf8, 0xf8, 0xff, 0xf8, 0xf8, 0xf0, 0xff, 0xf8, 0xf4, 0xf8, 0xff,
    0xf8, 0xf8, 0xf0, 0xff, 0xf8, 0xf8, 0xf0, 0xff, 0xf8, 0xf8, 0xf8, 0xff,
    0xf8, 0xf8, 0xf8, 0xff, 0xf8, 0xf4, 0xf0, 0xff, 0xf8, 0xf8, 0xf0, 0xff,
    0xf8, 0xf8, 0xf8, 0xff, 0xf8, 0xf8, 0xf0, 0xff, 0xf8, 0xf8, 0xf8, 0xff,
    0xe8, 0xa0, 0x80, 0xff, 0xf8, 0xf8, 0xf8, 0xff, 0xf8, 0xf4, 0xf0, 0xff,
    0xf8, 0xf8, 0xf8, 0xff, 0xf8, 0xf8, 0xf0, 0xff, 0xf8, 0xf4, 0xf0, 0xff,
    0xf8, 0xf8, 0xf8, 0xff, 0xf8, 0xf8, 0xf0, 0xff, 0xf8, 0xf8, 0xf8, 0xff,
    0xf8, 0xf4, 0xf0, 0xff, 0xf8, 0xf8, 0xf8, 0xff, 0xf8, 0xf8, 0xf0, 0xff,
    0xf8, 0xf8, 0xf8, 0xff, 0xf8, 0xf8, 0xf8, 0xff, 0xf8, 0xf4, 0xf0, 0xff,
    0xf8, 0xf8, 0xf8, 0xff, 0xf8, 0xf8, 0xf8, 0xff, 0xf8, 0xf4, 0xf0, 0xff,
    0xf8, 0xf4, 0xf0, 0xff, 0xf8, 0xf8, 0xf8, 0xff, 0xf8, 0xf8, 0xf8, 0xff,
    0xf8, 0xf8, 0xf0, 0xff, 0xf8, 0xf4, 0xf8, 0xff, 0xf8, 0xf8, 0xf8, 0xff,
    0xf8, 0xf8, 0xf0, 0xff, 0xf8, 0xf8, 0xf0, 0xff, 0xf8, 0xf4, 0xf8, 0xff,
    0xf8, 0xf8, 0xf0, 0xff, 0xf8, 0xf8, 0xf8, 0xff, 0xf8, 0xf4, 0xf8, 0xff,
    0xf8, 0xf8, 0xf0, 0xff, 0xf8, 0xf8, 0xf8, 0xff, 0xf8, 0xf4, 0xf0, 0xff,
    0xf8, 0xf8, 0xf0, 0xff, 0xf8, 0xf8, 0xf8, 0xff, 0xf8, 0xf4, 0xf0, 0xff,
    0xf8, 0xf8, 0xf0, 0xff, 0xf8, 0xf8, 0xf8, 0xff, 0xf8, 0xf8, 0xf0, 0xff,
    0xf8, 0xf4, 0xf0, 0xff, 0xf8, 0xf8, 0xf8, 0xff, 0xf8, 0xf8, 0xf0, 0xff,
    0xf8, 0xf4, 0xf0, 0xff, 0xf8, 0xf8, 0xf8, 0xff, 0xf8, 0xf8, 0xf8, 0xff,
    0xf8, 0xf4, 0xf0, 0xff, 0xf8, 0xf8, 0xf8, 0xff, 0xf8, 0xf8, 0xf8, 0xff,
    0xf8, 0xf4, 0xf0, 0xff, 0xf8, 0xf8, 0xf0, 0xff, 0xf8, 0xf8, 0xf8, 0xff,
    0xf8, 0xf4, 0xf0, 0xff, 0xf8, 0xf8, 0xf0, 0xff, 0xf8, 0xf8, 0xf8, 0xff,
    0xf8, 0xf8, 0xf8, 0xff, 0xf8, 0xf4, 0xf0, 0xff, 0xf8, 0xf8, 0xf8, 0xff,
    0xf8, 0xf8, 0xf0, 0xff, 0xf8, 0xf4, 0xf0, 0xff, 0xf8, 0xf8, 0xf8, 0xff,
    0xf8, 0xf8, 0xf0, 0xff, 0xf8, 0xf4, 0xf8, 0xff, 0xf8, 0xf8, 0xf8, 0xff,
    0xf8, 0xf8, 0xf0, 0xff, 0xf8, 0xf8, 0xf8, 0xff, 0xf8, 0xf8, 0xf0, 0xff,
    0xf8, 0xf4, 0xf0, 0xff, 0xf8, 0xf8, 0xf8, 0xff, 0xf8, 0xf8, 0xf0, 0xff,
    0xf8, 0xf4, 0xf8, 0xff, 0xf8, 0xf8, 0xf8, 0xff, 0xf8, 0xf8, 0xf0, 0xff,
    0xf8, 0xf4, 0xf8, 0xff, 0xf8, 0xf8, 0xf0, 0xff, 0xf8, 0xf8, 0xf8, 0xff,
    0xf8, 0xf8, 0xf8, 0xff, 0xf8, 0xf8, 0xf0, 0xff, 0xf8, 0xf4, 0xf8, 0xff,
    0xf8, 0xf8, 0xf0, 0xff, 0xe8, 0xa0, 0x80, 0xff, 0xd8, 0x48, 0x10, 0xff,
    0xf8, 0xf8, 0xf0, 0xff, 0xf8, 0xf8, 0xf8, 0xff, 0xf8, 0xf4, 0xf8, 0xff,
    0xf8, 0xf8, 0xf0, 0xff, 0xf8, 0xf8, 0xf8, 0xff, 0xf8, 0xf8, 0xf0, 0xff,
    0xf8, 0xf8, 0xf8, 0xff, 0xf8, 0xf8, 0xf0, 0xff, 0xf8, 0xf8, 0xf0, 0xff,
    0xf8, 0xf8, 0xf8, 0xff, 0xf8, 0xf4, 0xf0, 0xff, 0xf8, 0xf8, 0xf8, 0xff,
    0xf8, 0xf8, 0xf0, 0xff, 0xf8, 0xf8, 0xf8, 0xff, 0xf8, 0xf4, 0xf0, 0xff,
    0xf8, 0xf8, 0xf8, 0xff, 0xf8, 0xf8, 0xf0, 0xff, 0xf8, 0xf8, 0xf0, 0xff,
    0xf8, 0xf4, 0xf8, 0xff, 0xf8, 0xf8, 0xf0, 0xff, 0xf8, 0xf8, 0xf0, 0xff,
    0xf8, 0xf8, 0xf8, 0xff, 0xf8, 0xf4, 0xf8, 0xff, 0xf8, 0xf8, 0xf0, 0xff,
    0xf8, 0xf8, 0xf8, 0xff, 0xf8, 0xf8, 0xf0, 0xff, 0xf8, 0xf8, 0xf0, 0xff,
    0xf8, 0xf8, 0xf8, 0xff, 0xf8, 0xf4, 0xf0, 0xff, 0xf8, 0xf8, 0xf8, 0xff,
    0xf8, 0xf8, 0xf8, 0xff, 0xf8, 0xf8, 0xf0, 0xff, 0xf8, 0xf8, 0xf8, 0xff,
    0xf8, 0xf8, 0xf8, 0xff, 0xf8, 0xf8, 0xf0, 0xff, 0xf8, 0xf8, 0xf8, 0xff,
    0xf8, 0xf4, 0xf8, 0xff, 0xf8, 0xf8, 0xf0, 0xff, 0xf8, 0xf8, 0xf8, 0xff,
    0xf8, 0xf8, 0xf8, 0xff, 0xf8, 0xf8, 0xf0, 0xff, 0xf8, 0xf8, 0xf0, 0xff,
    0xf8, 0xf8, 0xf8, 0xff, 0xf8, 0xf8, 0xf0, 0xff, 0xf8, 0xf8, 0xf0, 0xff,
    0xf8, 0xf8, 0xf8, 0xff, 0xf8, 0xf8, 0xf0, 0xff, 0xf8, 0xf8, 0xf8, 0xff,
    0xf8, 0xf8, 0xf8, 0xff, 0xf8, 0xf4, 0xf0, 0xff, 0xf8, 0xf8, 0xf8, 0xff,
    0xf8, 0xf8, 0xf0, 0xff, 0xf8, 0xf4, 0xf8, 0xff, 0xf8, 0xf8, 0xf0, 0xff,
    0xf8, 0xf8, 0xf8, 0xff, 0xf8, 0xf8, 0xf8, 0xff, 0xf8, 0xf4, 0xf0, 0xff,
    0xf8, 0xf8, 0xf8, 0xff, 0xf8, 0xf8, 0xf0, 0xff, 0xf8, 0xf4, 0xf0, 0xff,
    0xf8, 0xf8, 0xf8, 0xff, 0xf8, 0xf8, 0xf0, 0xff, 0xf8, 0xf8, 0xf8, 0xff,
    0xf8, 0xf8, 0xf8, 0xff, 0xf8, 0xf8, 0xf0, 0xff, 0xf8, 0xf8, 0xf8, 0xff,
    0xf8, 0xf4, 0xf0, 0xff, 0xf8, 0xf8, 0xf0, 0xff, 0xf8, 0xf8, 0xf8, 0xff,
    0xf8, 0xf8, 0xf0, 0xff, 0xf8, 0xf8, 0xf8, 0xff, 0xf8, 0xf4, 0xf0, 0xff,
    0xf8, 0xf8, 0xf0, 0xff, 0xf8, 0xf8, 0xf8, 0xff, 0xf8, 0xf4, 0xf0, 0xff,
    0xf8, 0xf8, 0xf8, 0xff, 0xf8, 0xf8, 0xf8, 0xff, 0xe8, 0xa0, 0x80, 0xff,
    0xe0, 0x48, 0x10, 0xff, 0xe0, 0x48, 0x10, 0xff, 0xf8, 0xf8, 0xf0, 0xff,
    0xf8, 0xf8, 0xf0, 0xff, 0xf8, 0xf8, 0xf8, 0xff, 0xf8, 0xf4, 0xf0, 0xff,
    0xf8, 0xf8, 0xf8, 0xff, 0xf8, 0xf4, 0xf8, 0xff, 0xf8, 0xf4, 0xf0, 0xff,
    0xf8, 0xf8, 0xf8, 0xff, 0xf8, 0xf8, 0xf8, 0xff, 0xf8, 0xf4, 0xf0, 0xff,
    0xf8, 0xf8, 0xf8, 0xff, 0xf8, 0xf8, 0xf0, 0xff, 0xf8, 0xf4, 0xf8, 0xff,
    0xf8, 0xf8, 0xf0, 0xff, 0xf8, 0xf8, 0xf0, 0xff, 0xf8, 0xf8, 0xf8, 0xff,
    0xf8, 0xf8, 0xf8, 0xff, 0xf8, 0xf8, 0xf0, 0xff, 0xf8, 0xf8, 0xf8, 0xff,
    0xf8, 0xf4, 0xf8, 0xff, 0xf8, 0xf8, 0xf0, 0xff, 0xf8, 0xf8, 0xf0, 0xff,
    0xf8, 0xf8, 0xf0, 0xff, 0xf8, 0xf4, 0xf8, 0xff, 0xf8, 0xf8, 0xf8, 0xff,
    0xf8, 0xf8, 0xf0, 0xff, 0xf8, 0xf4, 0xf8, 0xff, 0xf8, 0xf8, 0xf0, 0xff,
    0xf8, 0xf8, 0xf0, 0xff, 0xf8, 0xf8, 0xf8, 0xff, 0xf8, 0xf4, 0xf0, 0xff,
    0xf8, 0xf8, 0xf0, 0xff, 0xf8, 0xf4, 0xf8, 0xff, 0xf8, 0xf8, 0xf0, 0xff,
    0xf8, 0xf8, 0xf0, 0xff, 0xf8, 0xf4, 0xf8, 0xff, 0xf8, 0xf8, 0xf0, 0xff,
    0xf8, 0xf8, 0xf0, 0xff, 0xf8, 0xf4, 0xf8, 0xff, 0xf8, 0xf8, 0xf8, 0xff,
    0xf8, 0xf4, 0xf0, 0xff, 0xf8, 0xf8, 0xf8, 0xff, 0xf8, 0xf4, 0xf8, 0xff,
    0xf8, 0xf8, 0xf0, 0xff, 0xf8, 0xf4, 0xf8, 0xff, 0xf8, 0xf4, 0xf0, 0xff,
    0xf8, 0xf8, 0xf0, 0xff, 0xf8, 0xf8, 0xf8, 0xff, 0xf8, 0xf4, 0xf0, 0xff,
    0xf8, 0xf8, 0xf8, 0xff, 0xf8, 0xf8, 0xf0, 0xff, 0xf8, 0xf8, 0xf8, 0xff,
    0xf8, 0xf8, 0xf0, 0xff, 0xf8, 0xf4, 0xf0, 0xff, 0xf8, 0xf8, 0xf8, 0xff,
    0xf8, 0xf8, 0xf0, 0xff, 0xf8, 0xf8, 0xf8, 0xff, 0xf8, 0xf8, 0xf8, 0xff,
    0xf8, 0xf8, 0xf0, 0xff, 0xf8, 0xf8, 0xf8, 0xff, 0xf8, 0xf8, 0xf0, 0xff,
    0xf8, 0xf4, 0xf0, 0xff, 0xf8, 0xf4, 0xf8, 0xff, 0xf8, 0xf8, 0xf0, 0xff,
    0xf8, 0xf8, 0xf8, 0xff, 0xf8, 0xf8, 0xf8, 0xff, 0xf8, 0xf8, 0xf0, 0xff,
    0xf8, 0xf4, 0xf8, 0xff, 0xf8, 0xf8, 0xf0, 0xff, 0xf8, 0xf8, 0xf0, 0xff,
    0xf8, 0xf8, 0xf8, 0xff, 0xf8, 0xf8, 0xf8, 0xff, 0xf8, 0xf8, 0xf0, 0xff,
    0xf8, 0xf4, 0xf8, 0xff, 0xf8, 0xf8, 0xf0, 0xff, 0xf8, 0xf8, 0xf0, 0xff,
    0xe8, 0xa0, 0x80, 0xff, 0xd8, 0x48, 0x10, 0xff, 0xe0, 0x48, 0x10, 0xff,
    0xd8, 0x48, 0x10, 0xff, 0xf8, 0xf8, 0xf8, 0xff, 0xf8, 0xf4, 0xf0, 0xff,
    0xf8, 0xf8, 0xf0, 0xff, 0xf8, 0xf8, 0xf8, 0xff, 0xf8, 0xf8, 0xf0, 0xff,
    0xf8, 0xf8, 0xf0, 0xff, 0xf8, 0xf8, 0xf8, 0xff, 0xf8, 0xf8, 0xf0, 0xff,
    0xf8, 0xf4, 0xf8, 0xff, 0xf8, 0xf8, 0xf0, 0xff, 0xf8, 0xf8, 0xf0, 0xff,
    0xf8, 0xf8, 0xf8, 0xff, 0xf8, 0xf8, 0xf8, 0xff, 0xf8, 0xf4, 0xf0, 0xff,
    0xf8, 0xf8, 0xf8, 0xff, 0xf8, 0xf4, 0xf0, 0xff, 0xf8, 0xf4, 0xf8, 0xff,
    0xf8, 0xf8, 0xf0, 0xff, 0xf8, 0xf8, 0xf0, 0xff, 0xf8, 0xf8, 0xf8, 0xff,
    0xf8, 0xf4, 0xf8, 0xff, 0xf8, 0xf8, 0xf0, 0xff, 0xf8, 0xf8, 0xf8, 0xff,
    0xf8, 0xf8, 0xf0, 0xff, 0xf8, 0xf4, 0xf0, 0xff, 0xf8, 0xf8, 0xf8, 0xff,
    0xf8, 0xf8, 0xf8, 0xff, 0xf8, 0xf4, 0xf0, 0xff, 0xf8, 0xf8, 0xf8, 0xff,
    0xf8, 0xf8, 0xf8, 0xff, 0xf8, 0xf8, 0xf0, 0xff, 0xf8, 0xf4, 0xf8, 0xff,
    0xf8, 0xf8, 0xf8, 0xff, 0xf8, 0xf8, 0xf0, 0xff, 0xf8, 0xf4, 0xf8, 0xff,
    0xf8, 0xf8, 0xf8, 0xff, 0xf8, 0xf8, 0xf0, 0xff, 0xf8, 0xf8, 0xf8, 0xff,
    0xf8, 0xf8, 0xf0, 0xff, 0xf8, 0xf4, 0xf0, 0xff, 0xf8, 0xf8, 0xf8, 0xff,
    0xf8, 0xf8, 0xf0, 0xff, 0xf8, 0xf8, 0xf0, 0xff, 0xf8, 0xf8, 0xf8, 0xff,
    0xf8, 0xf8, 0xf8, 0xff, 0xf8, 0xf8, 0xf0, 0xff, 0xf8, 0xf8, 0xf8, 0xff,
    0xf8, 0xf4, 0xf0, 0xff, 0xf8, 0xf8, 0xf8, 0xff, 0xf8, 0xf8, 0xf0, 0xff,
    0xf8, 0xf4, 0xf8, 0xff, 0xf8, 0xf8, 0xf8, 0xff, 0xf8, 0xf8, 0xf8, 0xff,
    0xf8, 0xf8, 0xf8, 0xff, 0xf8, 0xf8, 0xf8, 0xff, 0xf8, 0xf8, 0xf8, 0xff,
    0xf8, 0xf8, 0xf0, 0xff, 0xf8, 0xf8, 0xf8, 0xff, 0xf8, 0xf4, 0xf8, 0xff,
    0xf8, 0xf8, 0xf0, 0xff, 0xf8, 0xf8, 0xf8, 0xff, 0xf8, 0xf8, 0xf8, 0xff,
    0xf8, 0xf8, 0xf0, 0xff, 0xf8, 0xf4, 0xf0, 0xff, 0xf8, 0xf8, 0xf8, 0xff,
    0xf8, 0xf8, 0xf0, 0xff, 0xf8, 0xf4, 0xf8, 0xff, 0xf8, 0xf8, 0xf8, 0xff,
    0xf8, 0xf8, 0xf0, 0xff, 0xf8, 0xf4, 0xf8, 0xff, 0xf8, 0xf4, 0xf0, 0xff,
    0xf8, 0xf8, 0xf8, 0xff, 0xf8, 0xf8, 0xf8, 0xff, 0xf8, 0xf8, 0xf0, 0xff,
    0xf8, 0xf8, 0xf8, 0xff, 0xe8, 0xa0, 0x80, 0xff, 0xe0, 0x48, 0x10, 0xff,
    0xe0, 0x48, 0x10, 0xff, 0xd8, 0x48, 0x10, 0xff, 0xe0, 0x48, 0x10, 0xff,
    0xf8, 0xf8, 0xf8, 0xff, 0xf8, 0xf8, 0xf8, 0xff, 0xf8, 0xf4, 0xf0, 0xff,
    0xf8, 0xf8, 0xf8, 0xff, 0xf8, 0xf8, 0xf0, 0xff, 0xf8, 0xf8, 0xf8, 0xff,
    0xf8, 0xf8, 0xf0, 0xff, 0xf8, 0xf8, 0xf0, 0xff, 0xf8, 0xf8, 0xf8, 0xff,
    0xf8, 0xf8, 0xf8, 0xff, 0xf8, 0xf4, 0xf0, 0xff, 0xf8, 0xf8, 0xf8, 0xff,
    0xf8, 0xf8, 0xf0, 0xff, 0xf8, 0xf8, 0xf8, 0xff, 0xf8, 0xf8, 0xf0, 0xff,
    0xf8, 0xf8, 0xf8, 0xff, 0xf8, 0xf8, 0xf0, 0xff, 0xf8, 0xf8, 0xf8, 0xff,
    0xf8, 0xf4, 0xf0, 0xff, 0xf8, 0xf8, 0xf0, 0xff, 0xf8, 0xf8, 0xf8, 0xff,
    0xf8, 0xf4, 0xf8, 0xff, 0xf8, 0xf8, 0xf0, 0xff, 0xf8, 0xf8, 0xf8, 0xff,
    0xf8, 0xf8, 0xf0, 0xff, 0xf8, 0xf8, 0xf8, 0xff, 0xf8, 0xf8, 0xf0, 0xff,
    0xf8, 0xf8, 0xf0, 0xff, 0xf8, 0xf4, 0xf8, 0xff, 0xf8, 0xf8, 0xf0, 0xff,
    0xf8, 0xf8, 0xf0, 0xff, 0xf8, 0xf8, 0xf8, 0xff, 0xf8, 0xf8, 0xf0, 0xff,
    0xf8, 0xf8, 0xf0, 0xff, 0xf8, 0xf8, 0xf8, 0xff, 0xf8, 0xf8, 0xf0, 0xff,
    0xf8, 0xf4, 0xf8, 0xff, 0xf8, 0xf8, 0xf8, 0xff, 0xf8, 0xf8, 0xf0, 0xff,
    0xf8, 0xf8, 0xf8, 0xff, 0xf8, 0xf8, 0xf8, 0xff, 0xf8, 0xf8, 0xf0, 0xff,
    0xf8, 0xf4, 0xf0, 0xff, 0xf8, 0xf8, 0xf8, 0xff, 0xf8, 0xf8, 0xf0, 0xff,
    0xf8, 0xf8, 0xf8, 0xff, 0xf8, 0xf4, 0xf8, 0xff, 0xf8, 0xf8, 0xf0, 0xff,
    0xf8, 0xf8, 0xf0, 0xff, 0xf8, 0xf8, 0xf8, 0xff, 0xf8, 0xf8, 0xf0, 0xff,
    0xf8, 0xf8, 0xf0, 0xff, 0xf8, 0xf8, 0xf8, 0xff, 0xf8, 0xf8, 0xf8, 0xff,
    0xf8, 0xf8, 0xf8, 0xff, 0xf8, 0xf8, 0xf8, 0xff, 0xf8, 0xf8, 0xf8, 0xff,
    0xf8, 0xf8, 0xf8, 0xff, 0xf8, 0xf8, 0xf0, 0xff, 0xf8, 0xf4, 0xf0, 0xff,
    0xf8, 0xf8, 0xf8, 0xff, 0xf8, 0xf8, 0xf8, 0xff, 0xf8, 0xf8, 0xf0, 0xff,
    0xf8, 0xf8, 0xf8, 0xff, 0xf8, 0xf4, 0xf0, 0xff, 0xf8, 0xf8, 0xf0, 0xff,
    0xf8, 0xf8, 0xf8, 0xff, 0xf8, 0xf8, 0xf0, 0xff, 0xf8, 0xf8, 0xf8, 0xff,
    0xf8, 0xf8, 0xf0, 0xff, 0xf8, 0xf8, 0xf0, 0xff, 0xf8, 0xf4, 0xf8, 0xff,
    0xf8, 0xf8, 0xf0, 0xff, 0xf8, 0xf8, 0xf0, 0xff, 0xe8, 0xa0, 0x80, 0xff,
    0xd8, 0x48, 0x10, 0xff, 0xe0, 0x48, 0x10, 0xff, 0xd8, 0x48, 0x10, 0xff,
    0xe0, 0x48, 0x10, 0xff, 0xe0, 0x48, 0x10, 0xff, 0xf8, 0xf8, 0xf0, 0xff,
    0xf8, 0xf8, 0xf0, 0xff, 0xf8, 0xf8, 0xf8, 0xff, 0xf8, 0xf4, 0xf8, 0xff,
    0xf8, 0xf8, 0xf0, 0xff, 0xf8, 0xf4, 0xf8, 0xff, 0xf8, 0xf4, 0xf8, 0xff,
    0xf8, 0xf8, 0xf0, 0xff, 0xf8, 0xf8, 0xf8, 0xff, 0xf8, 0xf4, 0xf0, 0xff,
    0xf8, 0xf8, 0xf8, 0xff, 0xf8, 0xf8, 0xf0, 0xff, 0xf8, 0xf4, 0xf0, 0xff,
    0xf8, 0xf8, 0xf8, 0xff, 0xf8, 0xf8, 0xf8, 0xff, 0xf8, 0xf8, 0xf0, 0xff,
    0xf8, 0xf8, 0xf8, 0xff, 0xf8, 0xf4, 0xf8, 0xff, 0xf8, 0xf8, 0xf8, 0xff,
    0xf8, 0xf8, 0xf0, 0xff, 0xf8, 0xf8, 0xf0, 0xff, 0xf8, 0xf8, 0xf8, 0xff,
    0xf8, 0xf4, 0xf0, 0xff, 0xf8, 0xf8, 0xf8, 0xff, 0xf8, 0xf8, 0xf8, 0xff,
    0xf8, 0xf4, 0xf0, 0xff, 0xf8, 0xf8, 0xf8, 0xff, 0xf8, 0xf8, 0xf8, 0xff,
    0xf8, 0xf8, 0xf0, 0xff, 0xf8, 0xf4, 0xf8, 0xff, 0xf8, 0xf8, 0xf8, 0xff,
    0xf8, 0xf8, 0xf0, 0xff, 0xf8, 0xf4, 0xf8, 0xff, 0xf8, 0xf8, 0xf8, 0xff,
    0xf8, 0xf8, 0xf0, 0xff, 0xf8, 0xf4, 0xf0, 0xff, 0xf8, 0xf8, 0xf8, 0xff,
    0xf8, 0xf8, 0xf0, 0xff, 0xf8, 0xf4, 0xf0, 0xff, 0xf8, 0xf8, 0xf8, 0xff,
    0xf8, 0xf8, 0xf0, 0xff, 0xf8, 0xf4, 0xf8, 0xff, 0xf8, 0xf8, 0xf8, 0xff,
    0xf8, 0xf4, 0xf0, 0xff, 0xf8, 0xf8, 0xf0, 0xff, 0xf8, 0xf8, 0xf8, 0xff,
    0xf8, 0xf8, 0xf0, 0xff, 0xf8, 0xf8, 0xf8, 0xff, 0xf8, 0xf4, 0xf8, 0xff,
    0xf8, 0xf8, 0xf0, 0xff, 0xf8, 0xf8, 0xf8, 0xff, 0xf8, 0xf8, 0xf8, 0xff,
    0xf8, 0xf8, 0xf0, 0xff, 0xf8, 0xf8, 0xf8, 0xff, 0xf8, 0xf8, 0xf0, 0xff,
    0xf8, 0xf8, 0xf0, 0xff, 0xf8, 0xf8, 0xf8, 0xff, 0xf8, 0xf8, 0xf8, 0xff,
    0xf8, 0xf8, 0xf8, 0xff, 0xf8, 0xf8, 0xf8, 0xff, 0xf8, 0xf8, 0xf0, 0xff,
    0xf8, 0xf4, 0xf0, 0xff, 0xf8, 0xf8, 0xf8, 0xff, 0xf8, 0xf8, 0xf8, 0xff,
    0xf8, 0xf8, 0xf0, 0xff, 0xf8, 0xf4, 0xf8, 0xff, 0xf8, 0xf8, 0xf0, 0xff,
    0xf8, 0xf8, 0xf0, 0xff, 0xf8, 0xf4, 0xf8, 0xff, 0xf8, 0xf8, 0xf8, 0xff,
    0xf8, 0xf8, 0xf0, 0xff, 0xf8, 0xf8, 0xf8, 0xff, 0xf8, 0xf4, 0xf8, 0xff,
    0xe8, 0xa0, 0x80, 0xff, 0xe0, 0x48, 0x10, 0xff, 0xe0, 0x48, 0x10, 0xff,
    0xd8, 0x48, 0x10, 0xff, 0xe0, 0x48, 0x10, 0xff, 0xd8, 0x48, 0x10, 0xff,
    0xe0, 0x48, 0x10, 0xff, 0xf8, 0xf4, 0xf0, 0xff, 0xf8, 0xf8, 0xf8, 0xff,
    0xf8, 0xf8, 0xf0, 0xff, 0xf8, 0xf8, 0xf0, 0xff, 0xf8, 0xf8, 0xf8, 0xff,
    0xf8, 0xf8, 0xf0, 0xff, 0xf8, 0xf8, 0xf8, 0xff, 0xf8, 0xf4, 0xf0, 0xff,
    0xf8, 0xf8, 0xf0, 0xff, 0xf8, 0xf8, 0xf8, 0xff, 0xf8, 0xf8, 0xf0, 0xff,
    0xf8, 0xf8, 0xf8, 0xff, 0xf8, 0xf4, 0xf0, 0xff, 0xf8, 0xf8, 0xf0, 0xff,
    0xf8, 0xf4, 0xf8, 0xff, 0xf8, 0xf4, 0xf0, 0xff, 0xf8, 0xf8, 0xf0, 0xff,
    0xf8, 0xf8, 0xf0, 0xff, 0xf8, 0xf8, 0xf8, 0xff, 0xf8, 0xf4, 0xf8, 0xff,
    0xf8, 0xf8, 0xf0, 0xff, 0xf8, 0xf8, 0xf8, 0xff, 0xf8, 0xf8, 0xf0, 0xff,
    0xf8, 0xf4, 0xf0, 0xff, 0xf8, 0xf8, 0xf8, 0xff, 0xf8, 0xf8, 0xf0, 0xff,
    0xf8, 0xf4, 0xf0, 0xff, 0xf8, 0xf8, 0xf8, 0xff, 0xf8, 0xf8, 0xf0, 0xff,
    0xf8, 0xf8, 0xf8, 0xff, 0xf8, 0xf4, 0xf0, 0xff, 0xf8, 0xf8, 0xf0, 0xff,
    0xf8, 0xf8, 0xf8, 0xff, 0xf8, 0xf4, 0xf8, 0xff, 0xf8, 0xf8, 0xf0, 0xff,
    0xf8, 0xf8, 0xf8, 0xff, 0xf8, 0xf8, 0xf0, 0xff, 0xf8, 0xf8, 0xf8, 0xff,
    0xf8, 0xf4, 0xf8, 0xff, 0xf8, 0xf8, 0xf0, 0xff, 0xf8, 0xf8, 0xf0, 0xff,
    0xf8, 0xf8, 0xf8, 0xff, 0xf8, 0xf8, 0xf8, 0xff, 0xf8, 0xf8, 0xf0, 0xff,
    0xf8, 0xf4, 0xf8, 0xff, 0xf8, 0xf8, 0xf0, 0xff, 0xf8, 0xf8, 0xf0, 0xff,
    0xf8, 0xf4, 0xf8, 0xff, 0xf8, 0xf8, 0xf0, 0xff, 0xf8, 0xf8, 0xf0, 0xff,
    0xf8, 0xf8, 0xf8, 0xff, 0xf8, 0xf8, 0xf8, 0xff, 0xf8, 0xf8, 0xf8, 0xff,
    0xf8, 0xf8, 0xf8, 0xff, 0xf8, 0xf8, 0xf8, 0xff, 0xf8, 0xf8, 0xf8, 0xff,
    0xf8, 0xf8, 0xf0, 0xff, 0xf8, 0xf8, 0xf8, 0xff, 0xf8, 0xf8, 0xf8, 0xff,
    0xf8, 0xf8, 0xf8, 0xff, 0xf8, 0xf8, 0xf0, 0xff, 0xf8, 0xf8, 0xf0, 0xff,
    0xf8, 0xf4, 0xf8, 0xff, 0xf8, 0xf8, 0xf0, 0xff, 0xf8, 0xf8, 0xf8, 0xff,
    0xf8, 0xf8, 0xf8, 0xff, 0xf8, 0xf4, 0xf0, 0xff, 0xf8, 0xf8, 0xf8, 0xff,
    0xf8, 0xf8, 0xf8, 0xff, 0xf8, 0xf4, 0xf0, 0xff, 0xf8, 0xf8, 0xf0, 0xff,
    0xf8, 0xf8, 0xf8, 0xff, 0xe8, 0xa0, 0x80, 0xff, 0xd8, 0x48, 0x10, 0xff,
    0xe0, 0x48, 0x10, 0xff, 0xd8, 0x48, 0x10, 0xff, 0xe0, 0x48, 0x10, 0xff,
    0xe0, 0x48, 0x10, 0xff, 0xe0, 0x48, 0x08, 0xff, 0xe0, 0x48, 0x10, 0xff,
    0xf8, 0xf8, 0xf8, 0xff, 0xf8, 0xf8, 0xf8, 0xff, 0xf8, 0xf4, 0xf0, 0xff,
    0xf8, 0xf8, 0xf8, 0xff, 0xf8, 0xf8, 0xf0, 0xff, 0xf8, 0xf8, 0xf8, 0xff,
    0xf8, 0xf8, 0xf0, 0xff, 0xf8, 0xf8, 0xf8, 0xff, 0xf8, 0xf4, 0xf8, 0xff,
    0xf8, 0xf8, 0xf0, 0xff, 0xf8, 0xf8, 0xf8, 0xff, 0xf8, 0xf4, 0xf8, 0xff,
    0xf8, 0xf8, 0xf8, 0xff, 0xf8, 0xf8, 0xf0, 0xff, 0xf8, 0xf8, 0xf8, 0xff,
    0xf8, 0xf8, 0xf8, 0xff, 0xf8, 0xf8, 0xf0, 0xff, 0xf8, 0xf8, 0xf0, 0xff,
    0xf8, 0xf4, 0xf8, 0xff, 0xf8, 0xf8, 0xf0, 0xff, 0xf8, 0xf8, 0xf8, 0xff,
    0xf8, 0xf8, 0xf8, 0xff, 0xf8, 0xf8, 0xf0, 0xff, 0xf8, 0xf8, 0xf8, 0xff,
    0xf8, 0xf8, 0xf8, 0xff, 0xf8, 0xf8, 0xf0, 0xff, 0xf8, 0xf4, 0xf8, 0xff,
    0xf8, 0xf8, 0xf0, 0xff, 0xf8, 0xf8, 0xf8, 0xff, 0xf8, 0xf4, 0xf0, 0xff,
    0xf8, 0xf8, 0xf8, 0xff, 0xf8, 0xf8, 0xf0, 0xff, 0xf8, 0xf8, 0xf0, 0xff,
    0xf8, 0xf8, 0xf8, 0xff, 0xf8, 0xf4, 0xf0, 0xff, 0xf8, 0xf8, 0xf8, 0xff,
    0xf8, 0xf8, 0xf0, 0xff, 0xf8, 0xf4, 0xf0, 0xff, 0xf8, 0xf8, 0xf8, 0xff,
    0xf8, 0xf8, 0xf8, 0xff, 0xf8, 0xf4, 0xf0, 0xff, 0xf8, 0xf8, 0xf0, 0xff,
    0xf8, 0xf8, 0xf8, 0xff, 0xf8, 0xf8, 0xf0, 0xff, 0xf8, 0xf4, 0xf8, 0xff,
    0xf8, 0xf8, 0xf8, 0xff, 0xf8, 0xf8, 0xf0, 0xff, 0xf8, 0xf4, 0xf8, 0xff,
    0xf8, 0xf8, 0xf8, 0xff, 0xf8, 0xf8, 0xf8, 0xff, 0xf8, 0xf8, 0xf8, 0xff,
    0xf8, 0xf8, 0xf8, 0xff, 0xf8, 0xf8, 0xf8, 0xff, 0xf8, 0xf8, 0xf0, 0xff,
    0xf8, 0xf8, 0xf8, 0xff, 0xf8, 0xf8, 0xf8, 0xff, 0xf8, 0xf8, 0xf8, 0xff,
    0xf8, 0xf8, 0xf0, 0xff, 0xf8, 0xf8, 0xf8, 0xff, 0xf8, 0xf8, 0xf8, 0xff,
    0xf8, 0xf8, 0xf8, 0xff, 0xf8, 0xf8, 0xf0, 0xff, 0xf8, 0xf8, 0xf8, 0xff,
    0xf8, 0xf4, 0xf0, 0xff, 0xf8, 0xf8, 0xf0, 0xff, 0xf8, 0xf8, 0xf8, 0xff,
    0xf8, 0xf8, 0xf0, 0xff, 0xf8, 0xf8, 0xf0, 0xff, 0xf8, 0xf8, 0xf8, 0xff,
    0xf8, 0xf8, 0xf0, 0xff, 0xf8, 0xf4, 0xf8, 0xff, 0xe8, 0xa0, 0x80, 0xff,
    0xe0, 0x48, 0x10, 0xff, 0xe0, 0x48, 0x10, 0xff, 0xd8, 0x48, 0x10, 0xff,
    0xe0, 0x48, 0x10, 0xff, 0xd8, 0x48, 0x10, 0xff, 0xe0, 0x48, 0x08, 0xff,
    0xe0, 0x48, 0x10, 0xff, 0xe0, 0x48, 0x10, 0xff, 0xf8, 0xf8, 0xf0, 0xff,
    0xf8, 0xf8, 0xf0, 0xff, 0xf8, 0xf4, 0xf8, 0xff, 0xf8, 0xf8, 0xf8, 0xff,
    0xf8, 0xf4, 0xf0, 0xff, 0xf8, 0xf4, 0xf0, 0xff, 0xf8, 0xf8, 0xf8, 0xff,
    0xf8, 0xf8, 0xf0, 0xff, 0xf8, 0xf8, 0xf8, 0xff, 0xf8, 0xf4, 0xf0, 0xff,
    0xf8, 0xf8, 0xf0, 0xff, 0xf8, 0xf8, 0xf8, 0xff, 0xf8, 0xf8, 0xf0, 0xff,
    0xf8, 0xf8, 0xf0, 0xff, 0xf8, 0xf8, 0xf8, 0xff, 0xf8, 0xf4, 0xf8, 0xff,
    0xf8, 0xf8, 0xf0, 0xff, 0xf8, 0xf8, 0xf8, 0xff, 0xf8, 0xf8, 0xf8, 0xff,
    0xf8, 0xf8, 0xf0, 0xff, 0xf8, 0xf4, 0xf0, 0xff, 0xf8, 0xf4, 0xf8, 0xff,
    0xf8, 0xf8, 0xf0, 0xff, 0xf8, 0xf4, 0xf0, 0xff, 0xf8, 0xf8, 0xf8, 0xff,
    0xf8, 0xf8, 0xf0, 0xff, 0xf8, 0xf8, 0xf8, 0xff, 0xf8, 0xf8, 0xf8, 0xff,
    0xf8, 0xf4, 0xf0, 0xff, 0xf8, 0xf8, 0xf8, 0xff, 0xf8, 0xf8, 0xf8, 0xff,
    0xf8, 0xf4, 0xf0, 0xff, 0xf8, 0xf8, 0xf8, 0xff, 0xf8, 0xf8, 0xf0, 0xff,
    0xf8, 0xf8, 0xf8, 0xff, 0xf8, 0xf4, 0xf0, 0xff, 0xf8, 0xf8, 0xf8, 0xff,
    0xf8, 0xf8, 0xf0, 0xff, 0xf8, 0xf8, 0xf0, 0xff, 0xf8, 0xf8, 0xf8, 0xff,
    0xf8, 0xf4, 0xf8, 0xff, 0xf8, 0xf8, 0xf0, 0xff, 0xf8, 0xf8, 0xf0, 0xff,
    0xf8, 0xf4, 0xf8, 0xff, 0xf8, 0xf8, 0xf0, 0xff, 0xf8, 0xf8, 0xf8, 0xff,
    0xf8, 0xf8, 0xf0, 0xff, 0xf8, 0xf8, 0xf0, 0xff, 0xf8, 0xf4, 0xf8, 0xff,
    0xf8, 0xf8, 0xf0, 0xff, 0xf8, 0xf8, 0xf8, 0xff, 0xf8, 0xf8, 0xf8, 0xff,
    0xf8, 0xf8, 0xf0, 0xff, 0xf8, 0xf8, 0xf8, 0xff, 0xf8, 0xf8, 0xf8, 0xff,
    0xf8, 0xf8, 0xf8, 0xff, 0xf8, 0xf8, 0xf8, 0xff, 0xf8, 0xf8, 0xf8, 0xff,
    0xf8, 0xf8, 0xf0, 0xff, 0xf8, 0xf8, 0xf8, 0xff, 0xf8, 0xf4, 0xf8, 0xff,
    0xf8, 0xf8, 0xf0, 0xff, 0xf8, 0xf8, 0xf8, 0xff, 0xf8, 0xf8, 0xf8, 0xff,
    0xf8, 0xf4, 0xf0, 0xff, 0xf8, 0xf8, 0xf8, 0xff, 0xf8, 0xf4, 0xf8, 0xff,
    0xf8, 0xf8, 0xf0, 0xff, 0xf8, 0xf8, 0xf8, 0xff, 0xf8, 0xf4, 0xf8, 0xff,
    0xe8, 0xa0, 0x80, 0xff, 0xd8, 0x48, 0x10, 0xff, 0xe0, 0x48, 0x10, 0xff,
    0xd8, 0x48, 0x10, 0xff, 0xe0, 0x48, 0x10, 0xff, 0xe0, 0x48, 0x10, 0xff,
    0xe0, 0x48, 0x10, 0xff, 0xd8, 0x48, 0x10, 0xff, 0xe0, 0x48, 0x10, 0xff,
    0xe0, 0x48, 0x10, 0xff, 0xf8, 0xf8, 0xf0, 0xff, 0xf8, 0xf8, 0xf8, 0xff,
    0xf8, 0xf8, 0xf0, 0xff, 0xf8, 0xf8, 0xf8, 0xff, 0xf8, 0xf8, 0xf8, 0xff,
    0xf8, 0xf8, 0xf0, 0xff, 0xf8, 0xf4, 0xf8, 0xff, 0xf8, 0xf8, 0xf0, 0xff,
    0xf8, 0xf8, 0xf0, 0xff, 0xf8, 0xf8, 0xf8, 0xff, 0xf8, 0xf8, 0xf0, 0xff,
    0xf8, 0xf4, 0xf8, 0xff, 0xf8, 0xf8, 0xf0, 0xff, 0xf8, 0xf8, 0xf0, 0xff,
    0xf8, 0xf4, 0xf8, 0xff, 0xf8, 0xf8, 0xf0, 0xff, 0xf8, 0xf8, 0xf0, 0xff,
    0xf8, 0xf4, 0xf8, 0xff, 0xf8, 0xf8, 0xf0, 0xff, 0xf8, 0xf8, 0xf0, 0xff,
    0xf8, 0xf8, 0xf8, 0xff, 0xf8, 0xf8, 0xf8, 0xff, 0xf8, 0xf8, 0xf0, 0xff,
    0xf8, 0xf4, 0xf8, 0xff, 0xf8, 0xf8, 0xf0, 0xff, 0xf8, 0xf8, 0xf0, 0xff,
    0xf8, 0xf4, 0xf8, 0xff, 0xf8, 0xf8, 0xf0, 0xff, 0xf8, 0xf8, 0xf0, 0xff,
    0xf8, 0xf8, 0xf8, 0xff, 0xf8, 0xf8, 0xf0, 0xff, 0xf8, 0xf4, 0xf8, 0xff,
    0xf8, 0xf8, 0xf0, 0xff, 0xf8, 0xf8, 0xf8, 0xff, 0xf8, 0xf8, 0xf0, 0xff,
    0xf8, 0xf8, 0xf8, 0xff, 0xf8, 0xf4, 0xf8, 0xff, 0xf8, 0xf8, 0xf8, 0xff,
    0xf8, 0xf8, 0xf0, 0xff, 0xf8, 0xf4, 0xf0, 0xff, 0xf8, 0xf8, 0xf8, 0xff,
    0xf8, 0xf8, 0xf8, 0xff, 0xf8, 0xf8, 0xf0, 0xff, 0xf8, 0xf8, 0xf8, 0xff,
    0xf8, 0xf8, 0xf0, 0xff, 0xf8, 0xf4, 0xf8, 0xff, 0xf8, 0xf8, 0xf8, 0xff,
    0xf8, 0xf8, 0xf0, 0xff, 0xf8, 0xf8, 0xf0, 0xff, 0xf8, 0xf4, 0xf0, 0xff,
    0xf8, 0xf8, 0xf8, 0xff, 0xf8, 0xf8, 0xf8, 0xff, 0xf8, 0xf8, 0xf0, 0xff,
    0xf8, 0xf8, 0xf8, 0xff, 0xf8, 0xf8, 0xf8, 0xff, 0xf8, 0xf8, 0xf0, 0xff,
    0xf8, 0xf8, 0xf8, 0xff, 0xf8, 0xf8, 0xf8, 0xff, 0xf8, 0xf8, 0xf8, 0xff,
    0xf8, 0xf8, 0xf8, 0xff, 0xf8, 0xf8, 0xf0, 0xff, 0xf8, 0xf4, 0xf0, 0xff,
    0xf8, 0xf8, 0xf8, 0xff, 0xf8, 0xf8, 0xf0, 0xff, 0xf8, 0xf8, 0xf0, 0xff,
    0xf8, 0xf8, 0xf8, 0xff, 0xf8, 0xf4, 0xf0, 0xff, 0xf8, 0xf8, 0xf0, 0xff,
    0xf8, 0xf8, 0xf8, 0xff, 0xe8, 0xa0, 0x80, 0xff, 0xe0, 0x48, 0x10, 0xff,
    0xe0, 0x48, 0x10, 0xff, 0xd8, 0x48, 0x10, 0xff, 0xe0, 0x48, 0x10, 0xff,
    0xd8, 0x48, 0x08, 0xff, 0xe0, 0x48, 0x10, 0xff, 0xe0, 0x48, 0x08, 0xff,
    0xe0, 0x48, 0x10, 0xff, 0xe0, 0x48, 0x08, 0xff, 0xe0, 0x48, 0x10, 0xff,
    0xf8, 0xf4, 0xf8, 0xff, 0xf8, 0xf8, 0xf0, 0xff, 0xf8, 0xf8, 0xf0, 0xff,
    0xf8, 0xf4, 0xf8, 0xff, 0xf8, 0xf8, 0xf0, 0xff, 0xf8, 0xf8, 0xf8, 0xff,
    0xf8, 0xf8, 0xf8, 0xff, 0xf8, 0xf4, 0xf0, 0xff, 0xf8, 0xf8, 0xf8, 0xff,
    0xf8, 0xf8, 0xf8, 0xff, 0xf8, 0xf4, 0xf0, 0xff, 0xf8, 0xf8, 0xf8, 0xff,
    0xf8, 0xf8, 0xf8, 0xff, 0xf8, 0xf4, 0xf0, 0xff, 0xf8, 0xf8, 0xf8, 0xff,
    0xf8, 0xf8, 0xf8, 0xff, 0xf8, 0xf8, 0xf0, 0xff, 0xf8, 0xf4, 0xf8, 0xff,
    0xf8, 0xf8, 0xf8, 0xff, 0xf8, 0xf8, 0xf0, 0xff, 0xf8, 0xf4, 0xf8, 0xff,
    0xf8, 0xf8, 0xf0, 0xff, 0xf8, 0xf8, 0xf8, 0xff, 0xf8, 0xf8, 0xf8, 0xff,
    0xf8, 0xf8, 0xf0, 0xff, 0xf8, 0xf4, 0xf8, 0xff, 0xf8, 0xf8, 0xf8, 0xff,
    0xf8, 0xf8, 0xf0, 0xff, 0xf8, 0xf4, 0xf8, 0xff, 0xf8, 0xf8, 0xf0, 0xff,
    0xf8, 0xf8, 0xf0, 0xff, 0xf8, 0xf8, 0xf8, 0xff, 0xf8, 0xf4, 0xf8, 0xff,
    0xf8, 0xf8, 0xf0, 0xff, 0xf8, 0xf8, 0xf0, 0xff, 0xf8, 0xf4, 0xf8, 0xff,
    0xf8, 0xf8, 0xf0, 0xff, 0xf8, 0xf8, 0xf0, 0xff, 0xf8, 0xf8, 0xf8, 0xff,
    0xf8, 0xf8, 0xf0, 0xff, 0xf8, 0xf8, 0xf8, 0xff, 0xf8, 0xf4, 0xf0, 0xff,
    0xf8, 0xf8, 0xf8, 0xff, 0xf8, 0xf8, 0xf0, 0xff, 0xf8, 0xf4, 0xf8, 0xff,
    0xf8, 0xf8, 0xf0, 0xff, 0xf8, 0xf8, 0xf8, 0xff, 0xf8, 0xf4, 0xf8, 0xff,
    0xf8, 0xf8, 0xf0, 0xff, 0xf8, 0xf8, 0xf8, 0xff, 0xf8, 0xf8, 0xf8, 0xff,
    0xf8, 0xf8, 0xf8, 0xff, 0xf8, 0xf8, 0xf8, 0xff, 0xf8, 0xf8, 0xf8, 0xff,
    0xf8, 0xf8, 0xf0, 0xff, 0xf8, 0xf8, 0xf8, 0xff, 0xf8, 0xf8, 0xf0, 0xff,
    0xf8, 0xf8, 0xf8, 0xff, 0xf8, 0xf8, 0xf8, 0xff, 0xf8, 0xf8, 0xf0, 0xff,
    0xf8, 0xf8, 0xf0, 0xff, 0xf8, 0xf8, 0xf8, 0xff, 0xf8, 0xf4, 0xf8, 0xff,
    0xf8, 0xf8, 0xf0, 0xff, 0xf8, 0xf8, 0xf8, 0xff, 0xf8, 0xf8, 0xf8, 0xff,
    0xf8, 0xf8, 0xf0, 0xff, 0xf8, 0xf4, 0xf8, 0xff, 0xe8, 0xa0, 0x80, 0xff,
    0xd8, 0x48, 0x10, 0xff, 0xe0, 0x48, 0x10, 0xff, 0xd8, 0x48, 0x10, 0xff,
    0xe0, 0x48, 0x10, 0xff, 0xe0, 0x48, 0x10, 0xff, 0xe0, 0x48, 0x10, 0xff,
    0xd8, 0x48, 0x08, 0xff, 0xe0, 0x48, 0x10, 0xff, 0xe0, 0x48, 0x10, 0xff,
    0xe0, 0x48, 0x10, 0xff, 0xe0, 0x48, 0x08, 0xff, 0xf8, 0xf8, 0xf8, 0xff,
    0xf8, 0xf8, 0xf0, 0xff, 0xf8, 0xf4, 0xf8, 0xff, 0xf8, 0xf8, 0xf0, 0xff,
    0xf8, 0xf8, 0xf0, 0xff, 0xf8, 0xf8, 0xf8, 0xff, 0xf8, 0xf8, 0xf0, 0xff,
    0xf8, 0xf8, 0xf0, 0xff, 0xf8, 0xf4, 0xf8, 0xff, 0xf8, 0xf8, 0xf0, 0xff,
    0xf8, 0xf8, 0xf0, 0xff, 0xf8, 0xf8, 0xf8, 0xff, 0xf8, 0xf8, 0xf0, 0xff,
    0xf8, 0xf8, 0xf8, 0xff, 0xf8, 0xf4, 0xf0, 0xff, 0xf8, 0xf8, 0xf0, 0xff,
    0xf8, 0xf8, 0xf8, 0xff, 0xf8, 0xf8, 0xf0, 0xff, 0xf8, 0xf8, 0xf8, 0xff,
    0xf8, 0xf4, 0xf0, 0xff, 0xf8, 0xf8, 0xf0, 0xff, 0xf8, 0xf8, 0xf8, 0xff,
    0xf8, 0xf4, 0xf0, 0xff, 0xf8, 0xf8, 0xf0, 0xff, 0xf8, 0xf8, 0xf8, 0xff,
    0xf8, 0xf8, 0xf0, 0xff, 0xf8, 0xf8, 0xf0, 0xff, 0xf8, 0xf8, 0xf8, 0xff,
    0xf8, 0xf4, 0xf8, 0xff, 0xf8, 0xf8, 0xf0, 0xff, 0xf8, 0xf8, 0xf8, 0xff,
    0xf8, 0xf8, 0xf0, 0xff, 0xf8, 0xf8, 0xf8, 0xff, 0xf8, 0xf4, 0xf0, 0xff,
    0xf8, 0xf8, 0xf8, 0xff, 0xf8, 0xf8, 0xf0, 0xff, 0xf8, 0xf8, 0xf8, 0xff,
    0xf8, 0xf4, 0xf8, 0xff, 0xf8, 0xf8, 0xf0, 0xff, 0xf8, 0xf8, 0xf8, 0xff,
    0xf8, 0xf4, 0xf0, 0xff, 0xf8, 0xf8, 0xf8, 0xff, 0xf8, 0xf8, 0xf0, 0xff,
    0xf8, 0xf4, 0xf8, 0xff, 0xf8, 0xf8, 0xf0, 0xff, 0xf8, 0xf8, 0xf0, 0xff,
    0xf8, 0xf8, 0xf0, 0xff, 0xf8, 0xf8, 0xf8, 0xff, 0xf8, 0xf8, 0xf0, 0xff,
    0xf8, 0xf8, 0xf0, 0xff, 0xf8, 0xf4, 0xf0, 0xff, 0xf8, 0xf8, 0xf8, 0xff,
    0xf8, 0xf8, 0xf8, 0xff, 0xf8, 0xf8, 0xf0, 0xff, 0xf8, 0xf8, 0xf8, 0xff,
    0xf8, 0xf8, 0xf8, 0xff, 0xf8, 0xf8, 0xf8, 0xff, 0xf8, 0xf8, 0xf0, 0xff,
    0xf8, 0xf8, 0xf8, 0xff, 0xf8, 0xf8, 0xf8, 0xff, 0xf8, 0xf8, 0xf0, 0xff,
    0xf8, 0xf8, 0xf8, 0xff, 0xf8, 0xf8, 0xf0, 0xff, 0xf8, 0xf4, 0xf0, 0xff,
    0xf8, 0xf8, 0xf8, 0xff, 0xf8, 0xf4, 0xf0, 0xff, 0xf8, 0xf8, 0xf8, 0xff,
    0xe8, 0xa0, 0x80, 0xff, 0xe0, 0x48, 0x10, 0xff, 0xe0, 0x48, 0x10, 0xff,
    0xd8, 0x48, 0x10, 0xff, 0xe0, 0x48, 0x10, 0xff, 0xd8, 0x48, 0x08, 0xff,
    0xe0, 0x48, 0x10, 0xff, 0xe0, 0x48, 0x10, 0xff, 0xe0, 0x48, 0x10, 0xff,
    0xe0, 0x48, 0x10, 0xff, 0xe0, 0x48, 0x10, 0xff, 0xe0, 0x48, 0x08, 0xff,
    0xe0, 0x48, 0x10, 0xff, 0xf8, 0xf8, 0xf0, 0xff, 0xf8, 0xf8, 0xf8, 0xff,
    0xf8, 0xf8, 0xf8, 0xff, 0xf8, 0xf4, 0xf0, 0xff, 0xf8, 0xf8, 0xf8, 0xff,
    0xf8, 0xf4, 0xf8, 0xff, 0xf8, 0xf8, 0xf0, 0xff, 0xf8, 0xf8, 0xf8, 0xff,
    0xf8, 0xf8, 0xf8, 0xff, 0xf8, 0xf4, 0xf0, 0xff, 0xf8, 0xf8, 0xf8, 0xff,
    0xf8, 0xf8, 0xf0, 0xff, 0xf8, 0xf4, 0xf8, 0xff, 0xf8, 0xf8, 0xf0, 0xff,
    0xf8, 0xf8, 0xf8, 0xff, 0xf8, 0xf4, 0xf8, 0xff, 0xf8, 0xf8, 0xf0, 0xff,
    0xf8, 0xf8, 0xf0, 0xff, 0xf8, 0xf4, 0xf8, 0xff, 0xf8, 0xf8, 0xf8, 0xff,
    0xf8, 0xf8, 0xf0, 0xff, 0xf8, 0xf8, 0xf8, 0xff, 0xf8, 0xf4, 0xf0, 0xff,
    0xf8, 0xf8, 0xf8, 0xff, 0xf8, 0xf8, 0xf8, 0xff, 0xf8, 0xf4, 0xf0, 0xff,
    0xf8, 0xf8, 0xf0, 0xff, 0xf8, 0xf8, 0xf8, 0xff, 0xf8, 0xf8, 0xf0, 0xff,
    0xf8, 0xf4, 0xf8, 0xff, 0xf8, 0xf8, 0xf0, 0xff, 0xf8, 0xf8, 0xf8, 0xff,
    0xf8, 0xf4, 0xf0, 0xff, 0xf8, 0xf8, 0xf8, 0xff, 0xf8, 0xf8, 0xf0, 0xff,
    0xf8, 0xf8, 0xf8, 0xff, 0xf8, 0xf4, 0xf0, 0xff, 0xf8, 0xf8, 0xf0, 0xff,
    0xf8, 0xf8, 0xf8, 0xff, 0xf8, 0xf4, 0xf0, 0xff, 0xf8, 0xf8, 0xf8, 0xff,
    0xf8, 0xf8, 0xf0, 0xff, 0xf8, 0xf8, 0xf8, 0xff, 0xf8, 0xf8, 0xf8, 0xff,
    0xf8, 0xf8, 0xf0, 0xff, 0xf8, 0xf4, 0xf8, 0xff, 0xf8, 0xf8, 0xf8, 0xff,
    0xf8, 0xf4, 0xf0, 0xff, 0xf8, 0xf8, 0xf8, 0xff, 0xf8, 0xf8, 0xf8, 0xff,
    0xf8, 0xf8, 0xf0, 0xff, 0xf8, 0xf8, 0xf0, 0xff, 0xf8, 0xf8, 0xf8, 0xff,
    0xf8, 0xf8, 0xf8, 0xff, 0xf8, 0xf8, 0xf8, 0xff, 0xf8, 0xf8, 0xf8, 0xff,
    0xf8, 0xf8, 0xf8, 0xff, 0xf8, 0xf8, 0xf8, 0xff, 0xf8, 0xf8, 0xf0, 0xff,
    0xf8, 0xf4, 0xf0, 0xff, 0xf8, 0xf8, 0xf8, 0xff, 0xf8, 0xf8, 0xf0, 0xff,
    0xf8, 0xf4, 0xf8, 0xff, 0xf8, 0xf8, 0xf8, 0xff, 0xf8, 0xf8, 0xf0, 0xff,
    0xf8, 0xf8, 0xf0, 0xff, 0xe8, 0xa0, 0x80, 0xff, 0xd8, 0x48, 0x10, 0xff,
    0xe0, 0x48, 0x10, 0xff, 0xd8, 0x48, 0x10, 0xff, 0xe0, 0x48, 0x10, 0xff,
    0xe0, 0x48, 0x08, 0xff, 0xe0, 0x48, 0x10, 0xff, 0xd8, 0x48, 0x10, 0xff,
    0xe0, 0x48, 0x08, 0xff, 0xe0, 0x48, 0x10, 0xff, 0xe0, 0x48, 0x10, 0xff,
    0xe0, 0x48, 0x08, 0xff, 0xe0, 0x48, 0x10, 0xff, 0xe0, 0x48, 0x10, 0xff,
    0xf8, 0xf4, 0xf0, 0xff, 0xf8, 0xf8, 0xf8, 0xff, 0xf8, 0xf8, 0xf0, 0xff,
    0xf8, 0xf8, 0xf0, 0xff, 0xf8, 0xf8, 0xf8, 0xff, 0xf8, 0xf4, 0xf0, 0xff,
    0xf8, 0xf8, 0xf0, 0xff, 0xf8, 0xf8, 0xf8, 0xff, 0xf8, 0xf8, 0xf0, 0xff,
    0xf8, 0xf8, 0xf8, 0xff, 0xf8, 0xf4, 0xf8, 0xff, 0xf8, 0xf8, 0xf0, 0xff,
    0xf8, 0xf8, 0xf8, 0xff, 0xf8, 0xf8, 0xf0, 0xff, 0xf8, 0xf8, 0xf0, 0xff,
    0xf8, 0xf8, 0xf8, 0xff, 0xf8, 0xf4, 0xf8, 0xff, 0xf8, 0xf8, 0xf0, 0xff,
    0xf8, 0xf8, 0xf8, 0xff, 0xf8, 0xf8, 0xf0, 0xff, 0xf8, 0xf8, 0xf8, 0xff,
    0xf8, 0xf4, 0xf0, 0xff, 0xf8, 0xf8, 0xf8, 0xff, 0xf8, 0xf8, 0xf0, 0xff,
    0xf8, 0xf4, 0xf8, 0xff, 0xf8, 0xf8, 0xf8, 0xff, 0xf8, 0xf8, 0xf0, 0xff,
    0xf8, 0xf4, 0xf8, 0xff, 0xf8, 0xf8, 0xf0, 0xff, 0xf8, 0xf8, 0xf0, 0xff,
    0xf8, 0xf4, 0xf8, 0xff, 0xf8, 0xf8, 0xf0, 0xff, 0xf8, 0xf8, 0xf8, 0xff,
    0xf8, 0xf8, 0xf0, 0xff, 0xf8, 0xf4, 0xf8, 0xff, 0xf8, 0xf8, 0xf8, 0xff,
    0xf8, 0xf8, 0xf0, 0xff, 0xf8, 0xf8, 0xf8, 0xff, 0xf8, 0xf8, 0xf8, 0xff,
    0xf8, 0xf8, 0xf0, 0xff, 0xf8, 0xf8, 0xf0, 0xff, 0xf8, 0xf4, 0xf8, 0xff,
    0xf8, 0xf8, 0xf0, 0xff, 0xf8, 0xf8, 0xf0, 0xff, 0xf8, 0xf4, 0xf8, 0xff,
    0xf8, 0xf8, 0xf8, 0xff, 0xf8, 0xf8, 0xf0, 0xff, 0xf8, 0xf8, 0xf0, 0xff,
    0xf8, 0xf4, 0xf8, 0xff, 0xf8, 0xf8, 0xf8, 0xff, 0xf8, 0xf8, 0xf0, 0xff,
    0xf8, 0xf4, 0xf8, 0xff, 0xf8, 0xf8, 0xf8, 0xff, 0xf8, 0xf8, 0xf0, 0xff,
    0xf8, 0xf8, 0xf0, 0xff, 0xf8, 0xf4, 0xf0, 0xff, 0xf8, 0xf8, 0xf8, 0xff,
    0xf8, 0xf8, 0xf8, 0xff, 0xf8, 0xf8, 0xf0, 0xff, 0xf8, 0xf8, 0xf8, 0xff,
    0xf8, 0xf4, 0xf8, 0xff, 0xf8, 0xf8, 0xf0, 0xff, 0xf8, 0xf8, 0xf0, 0xff,
    0xf8, 0xf8, 0xf8, 0xff, 0xf8, 0xf8, 0xf8, 0xff, 0xe8, 0xa0, 0x80, 0xff,
    0xe0, 0x48, 0x10, 0xff, 0xe0, 0x48, 0x10, 0xff, 0xd8, 0x48, 0x10, 0xff,
    0xe0, 0x48, 0x10, 0xff, 0xd8, 0x48, 0x10, 0xff, 0xe0, 0x48, 0x10, 0xff,
    0xe0, 0x48, 0x10, 0xff, 0xe0, 0x48, 0x10, 0xff, 0xe0, 0x48, 0x08, 0xff,
    0xe0, 0x48, 0x10, 0xff, 0xe0, 0x48, 0x08, 0xff, 0xe0, 0x48, 0x08, 0xff,
    0xe0, 0x48, 0x10, 0xff, 0xe0, 0x48, 0x08, 0xff, 0xf8, 0xf8, 0xf8, 0xff,
    0xf8, 0xf8, 0xf0, 0xff, 0xf8, 0xf4, 0xf8, 0xff, 0xf8, 0xf8, 0xf8, 0xff,
    0xf8, 0xf8, 0xf0, 0xff, 0xf8, 0xf8, 0xf8, 0xff, 0xf8, 0xf4, 0xf8, 0xff,
    0xf8, 0xf8, 0xf0, 0xff, 0xf8, 0xf4, 0xf0, 0xff, 0xf8, 0xf8, 0xf8, 0xff,
    0xf8, 0xf8, 0xf0, 0xff, 0xf8, 0xf4, 0xf0, 0xff, 0xf8, 0xf8, 0xf8, 0xff,
    0xf8, 0xf4, 0xf8, 0xff, 0xf8, 0xf8, 0xf0, 0xff, 0xf8, 0xf8, 0xf0, 0xff,
    0xf8, 0xf8, 0xf8, 0xff, 0xf8, 0xf4, 0xf0, 0xff, 0xf8, 0xf8, 0xf0, 0xff,
    0xf8, 0xf8, 0xf8, 0xff, 0xf8, 0xf4, 0xf0, 0xff, 0xf8, 0xf8, 0xf8, 0xff,
    0xf8, 0xf8, 0xf0, 0xff, 0xf8, 0xf8, 0xf0, 0xff, 0xf8, 0xf8, 0xf8, 0xff,
    0xf8, 0xf8, 0xf0, 0xff, 0xf8, 0xf8, 0xf8, 0xff, 0xf8, 0xf4, 0xf8, 0xff,
    0xf8, 0xf8, 0xf0, 0xff, 0xf8, 0xf8, 0xf8, 0xff, 0xf8, 0xf8, 0xf8, 0xff,
    0xf8, 0xf8, 0xf0, 0xff, 0xf8, 0xf8, 0xf0, 0xff, 0xf8, 0xf4, 0xf8, 0xff,
    0xf8, 0xf8, 0xf0, 0xff, 0xf8, 0xf8, 0xf0, 0xff, 0xf8, 0xf4, 0xf8, 0xff,
    0xf8, 0xf8, 0xf0, 0xff, 0xf8, 0xf4, 0xf8, 0xff, 0xf8, 0xf8, 0xf8, 0xff,
    0xf8, 0xf8, 0xf0, 0xff, 0xf8, 0xf4, 0xf8, 0xff, 0xf8, 0xf8, 0xf8, 0xff,
    0xf8, 0xf8, 0xf0, 0xff, 0xf8, 0xf4, 0xf0, 0xff, 0xf8, 0xf8, 0xf8, 0xff,
    0xf8, 0xf8, 0xf0, 0xff, 0xf8, 0xf8, 0xf8, 0xff, 0xf8, 0xf4, 0xf0, 0xff,
    0xf8, 0xf8, 0xf0, 0xff, 0xf8, 0xf8, 0xf8, 0xff, 0xf8, 0xf8, 0xf0, 0xff,
    0xf8, 0xf8, 0xf8, 0xff, 0xf8, 0xf8, 0xf0, 0xff, 0xf8, 0xf8, 0xf8, 0xff,
    0xf8, 0xf8, 0xf0, 0xff, 0xf8, 0xf8, 0xf0, 0xff, 0xf8, 0xf8, 0xf0, 0xff,
    0xf8, 0xf8, 0xf8, 0xff, 0xf8, 0xf8, 0xf0, 0xff, 0xf8, 0xf8, 0xf8, 0xff,
    0xf8, 0xf4, 0xf0, 0xff, 0xf8, 0xf8, 0xf0, 0xff, 0xf8, 0xf4, 0xf8, 0xff,
    0xe8, 0xa0, 0x80, 0xff, 0xd8, 0x48, 0x10, 0xff, 0xe0, 0x48, 0x10, 0xff,
    0xd8, 0x48, 0x10, 0xff, 0xe0, 0x48, 0x10, 0xff, 0xe0, 0x48, 0x08, 0xff,
    0xe0, 0x48, 0x10, 0xff, 0xd8, 0x48, 0x08, 0xff, 0xe0, 0x48, 0x10, 0xff,
    0xe0, 0x48, 0x10, 0xff, 0xe0, 0x48, 0x10, 0xff, 0xe0, 0x48, 0x08, 0xff,
    0xe0, 0x48, 0x10, 0xff, 0xe0, 0x48, 0x10, 0xff, 0xe0, 0x48, 0x10, 0xff,
    0xe0, 0x48, 0x08, 0xff, 0xf8, 0xf8, 0xf0, 0xff, 0xf8, 0xf8, 0xf8, 0xff,
    0xf8, 0xf4, 0xf0, 0xff, 0xf8, 0xf8, 0xf0, 0xff, 0xf8, 0xf8, 0xf8, 0xff,
    0xf8, 0xf8, 0xf0, 0xff, 0xf8, 0xf8, 0xf8, 0xff, 0xf8, 0xf8, 0xf0, 0xff,
    0xf8, 0xf8, 0xf8, 0xff, 0xf8, 0xf8, 0xf8, 0xff, 0xf8, 0xf8, 0xf0, 0xff,
    0xf8, 0xf8, 0xf8, 0xff, 0xf8, 0xf8, 0xf0, 0xff, 0xf8, 0xf8, 0xf8, 0xff,
    0xf8, 0xf4, 0xf8, 0xff, 0xf8, 0xf8, 0xf0, 0xff, 0xf8, 0xf8, 0xf8, 0xff,
    0xf8, 0xf8, 0xf8, 0xff, 0xf8, 0xf4, 0xf0, 0xff, 0xf8, 0xf8, 0xf8, 0xff,
    0xf8, 0xf8, 0xf8, 0xff, 0xf8, 0xf8, 0xf0, 0xff, 0xf8, 0xf4, 0xf8, 0xff,
    0xf8, 0xf8, 0xf8, 0xff, 0xf8, 0xf8, 0xf0, 0xff, 0xf8, 0xf4, 0xf0, 0xff,
    0xf8, 0xf8, 0xf8, 0xff, 0xf8, 0xf8, 0xf0, 0xff, 0xf8, 0xf8, 0xf0, 0xff,
    0xf8, 0xf4, 0xf8, 0xff, 0xf8, 0xf8, 0xf8, 0xff, 0xf8, 0xf8, 0xf0, 0xff,
    0xf8, 0xf4, 0xf8, 0xff, 0xf8, 0xf8, 0xf8, 0xff, 0xf8, 0xf8, 0xf0, 0xff,
    0xf8, 0xf8, 0xf8, 0xff, 0xf8, 0xf8, 0xf0, 0xff, 0xf8, 0xf4, 0xf0, 0xff,
    0xf8, 0xf8, 0xf8, 0xff, 0xf8, 0xf8, 0xf0, 0xff, 0xf8, 0xf8, 0xf0, 0xff,
    0xf8, 0xf8, 0xf8, 0xff, 0xf8, 0xf8, 0xf8, 0xff, 0xf8, 0xf8, 0xf0, 0xff,
    0xf8, 0xf8, 0xf8, 0xff, 0xf8, 0xf4, 0xf0, 0xff, 0xf8, 0xf8, 0xf8, 0xff,
    0xf8, 0xf8, 0xf8, 0xff, 0xf8, 0xf8, 0xf0, 0xff, 0xf8, 0xf4, 0xf8, 0xff,
    0xf8, 0xf8, 0xf0, 0xff, 0xf8, 0xf8, 0xf8, 0xff, 0xf8, 0xf4, 0xf0, 0xff,
    0xf8, 0xf8, 0xf8, 0xff, 0xf8, 0xf4, 0xf8, 0xff, 0xf8, 0xf8, 0xf8, 0xff,
    0xf8, 0xf8, 0xf0, 0xff, 0xf8, 0xf4, 0xf8, 0xff, 0xf8, 0xf4, 0xf0, 0xff,
    0xf8, 0xf8, 0xf8, 0xff, 0xf8, 0xf8, 0xf0, 0xff, 0xf8, 0xf8, 0xf8, 0xff,
    0xf8, 0xf8, 0xf8, 0xff, 0xe8, 0xa0, 0x80, 0xff, 0xe0, 0x48, 0x10, 0xff,
    0xe0, 0x48, 0x10, 0xff, 0xd8, 0x48, 0x10, 0xff, 0xe0, 0x48, 0x10, 0xff,
    0xd8, 0x48, 0x10, 0xff, 0xe0, 0x48, 0x10, 0xff, 0xe0, 0x48, 0x10, 0xff,
    0xe0, 0x48, 0x08, 0xff, 0xe0, 0x48, 0x10, 0xff, 0xe0, 0x48, 0x10, 0xff,
    0xe0, 0x48, 0x08, 0xff, 0xe0, 0x48, 0x10, 0xff, 0xe0, 0x48, 0x10, 0xff,
    0xe0, 0x48, 0x08, 0xff, 0xe8, 0x48, 0x08, 0xff, 0xe0, 0x48, 0x10, 0xff,
    0xf8, 0xf8, 0xf0, 0xff, 0xf8, 0xf8, 0xf8, 0xff, 0xf8, 0xf8, 0xf8, 0xff,
    0xf8, 0xf4, 0xf0, 0xff, 0xf8, 0xf8, 0xf8, 0xff, 0xf8, 0xf4, 0xf0, 0xff,
    0xf8, 0xf8, 0xf0, 0xff, 0xf8, 0xf4, 0xf8, 0xff, 0xf8, 0xf8, 0xf0, 0xff,
    0xf8, 0xf4, 0xf0, 0xff, 0xf8, 0xf8, 0xf8, 0xff, 0xf8, 0xf8, 0xf0, 0xff,
    0xf8, 0xf4, 0xf0, 0xff, 0xf8, 0xf8, 0xf8, 0xff, 0xf8, 0xf8, 0xf0, 0xff,
    0xf8, 0xf4, 0xf0, 0xff, 0xf8, 0xf8, 0xf8, 0xff, 0xf8, 0xf8, 0xf0, 0xff,
    0xf8, 0xf8, 0xf0, 0xff, 0xf8, 0xf8, 0xf8, 0xff, 0xf8, 0xf8, 0xf0, 0xff,
    0xf8, 0xf4, 0xf0, 0xff, 0xf8, 0xf8, 0xf8, 0xff, 0xf8, 0xf8, 0xf8, 0xff,
    0xf8, 0xf4, 0xf0, 0xff, 0xf8, 0xf8, 0xf8, 0xff, 0xf8, 0xf8, 0xf0, 0xff,
    0xf8, 0xf8, 0xf8, 0xff, 0xf8, 0xf4, 0xf0, 0xff, 0xf8, 0xf8, 0xf0, 0xff,
    0xf8, 0xf8, 0xf8, 0xff, 0xf8, 0xf4, 0xf0, 0xff, 0xf8, 0xf8, 0xf0, 0xff,
    0xf8, 0xf8, 0xf8, 0xff, 0xf8, 0xf4, 0xf8, 0xff, 0xf8, 0xf8, 0xf0, 0xff,
    0xf8, 0xf8, 0xf8, 0xff, 0xf8, 0xf8, 0xf8, 0xff, 0xf8, 0xf8, 0xf0, 0xff,
    0xf8, 0xf4, 0xf8, 0xff, 0xf8, 0xf8, 0xf0, 0xff, 0xf8, 0xf4, 0xf0, 0xff,
    0xf8, 0xf4, 0xf8, 0xff, 0xf8, 0xf8, 0xf0, 0xff, 0xf8, 0xf8, 0xf8, 0xff,
    0xf8, 0xf8, 0xf0, 0xff, 0xf8, 0xf4, 0xf0, 0xff, 0xf8, 0xf8, 0xf8, 0xff,
    0xf8, 0xf8, 0xf0, 0xff, 0xf8, 0xf8, 0xf8, 0xff, 0xf8, 0xf4, 0xf8, 0xff,
    0xf8, 0xf8, 0xf0, 0xff, 0xf8, 0xf8, 0xf0, 0xff, 0xf8, 0xf8, 0xf8, 0xff,
    0xf8, 0xf8, 0xf8, 0xff, 0xf8, 0xf8, 0xf8, 0xff, 0xf8, 0xf8, 0xf8, 0xff,
    0xf8, 0xf8, 0xf0, 0xff, 0xf8, 0xf8, 0xf8, 0xff, 0xf8, 0xf4, 0xf0, 0xff,
    0xf8, 0xf8, 0xf8, 0xff, 0xf8, 0xf8, 0xf0, 0xff, 0xe8, 0xa0, 0x80, 0xff,
    0xd8, 0x48, 0x10, 0xff, 0xe0, 0x48, 0x10, 0xff, 0xd8, 0x48, 0x10, 0xff,
    0xe0, 0x48, 0x10, 0xff, 0xe0, 0x48, 0x08, 0xff, 0xe0, 0x48, 0x10, 0xff,
    0xd8, 0x48, 0x10, 0xff, 0xe0, 0x48, 0x10, 0xff, 0xe0, 0x48, 0x10, 0xff,
    0xe0, 0x48, 0x10, 0xff, 0xe0, 0x48, 0x08, 0xff, 0xe0, 0x48, 0x08, 0xff,
    0xe0, 0x48, 0x10, 0xff, 0xe0, 0x48, 0x10, 0xff, 0xe8, 0x48, 0x08, 0xff,
    0xe0, 0x48, 0x08, 0xff, 0xe8, 0x48, 0x10, 0xff, 0xf8, 0xf4, 0xf0, 0xff,
    0xf8, 0xf8, 0xf8, 0xff, 0xf8, 0xf8, 0xf0, 0xff, 0xf8, 0xf8, 0xf8, 0xff,
    0xf8, 0xf8, 0xf8, 0xff, 0xf8, 0xf8, 0xf0, 0xff, 0xf8, 0xf4, 0xf8, 0xff,
    0xf8, 0xf8, 0xf8, 0xff, 0xf8, 0xf8, 0xf0, 0xff, 0xf8, 0xf8, 0xf8, 0xff,
    0xf8, 0xf4, 0xf8, 0xff, 0xf8, 0xf8, 0xf0, 0xff, 0xf8, 0xf8, 0xf8, 0xff,
    0xf8, 0xf8, 0xf8, 0xff, 0xf8, 0xf8, 0xf0, 0xff, 0xf8, 0xf8, 0xf8, 0xff,
    0xf8, 0xf4, 0xf8, 0xff, 0xf8, 0xf8, 0xf0, 0xff, 0xf8, 0xf8, 0xf8, 0xff,
    0xf8, 0xf4, 0xf8, 0xff, 0xf8, 0xf8, 0xf0, 0xff, 0xf8, 0xf8, 0xf0, 0xff,
    0xf8, 0xf8, 0xf8, 0xff, 0xf8, 0xf8, 0xf0, 0xff, 0xf8, 0xf8, 0xf0, 0xff,
    0xf8, 0xf4, 0xf8, 0xff, 0xf8, 0xf8, 0xf8, 0xff, 0xf8, 0xf8, 0xf0, 0xff,
    0xf8, 0xf8, 0xf8, 0xff, 0xf8, 0xf8, 0xf8, 0xff, 0xf8, 0xf8, 0xf0, 0xff,
    0xf8, 0xf8, 0xf8, 0xff, 0xf8, 0xf8, 0xf0, 0xff, 0xf8, 0xf8, 0xf0, 0xff,
    0xf8, 0xf4, 0xf8, 0xff, 0xf8, 0xf8, 0xf0, 0xff, 0xf8, 0xf8, 0xf0, 0xff,
    0xf8, 0xf4, 0xf8, 0xff, 0xf8, 0xf8, 0xf0, 0xff, 0xf8, 0xf8, 0xf8, 0xff,
    0xf8, 0xf8, 0xf8, 0xff, 0xf8, 0xf8, 0xf0, 0xff, 0xf8, 0xf8, 0xf0, 0xff,
    0xf8, 0xf8, 0xf8, 0xff, 0xf8, 0xf4, 0xf8, 0xff, 0xf8, 0xf8, 0xf0, 0xff,
    0xf8, 0xf8, 0xf8, 0xff, 0xf8, 0xf4, 0xf0, 0xff, 0xf8, 0xf8, 0xf0, 0xff,
    0xf8, 0xf8, 0xf8, 0xff, 0xf8, 0xf8, 0xf0, 0xff, 0xf8, 0xf8, 0xf8, 0xff,
    0xf8, 0xf8, 0xf8, 0xff, 0xf8, 0xf8, 0xf8, 0xff, 0xf8, 0xf8, 0xf0, 0xff,
    0xf8, 0xf8, 0xf8, 0xff, 0xf8, 0xf8, 0xf8, 0xff, 0xf8, 0xf8, 0xf8, 0xff,
    0xf8, 0xf8, 0xf0, 0xff, 0xf8, 0xf8, 0xf8, 0xff, 0xf8, 0xf4, 0xf0, 0xff,
    0xe8, 0xa0, 0x80, 0xff, 0xe0, 0x48, 0x10, 0xff, 0xe0, 0x48, 0x10, 0xff,
    0xd8, 0x48, 0x10, 0xff, 0xe0, 0x48, 0x10, 0xff, 0xd8, 0x48, 0x10, 0xff,
    0xe0, 0x48, 0x10, 0xff, 0xe0, 0x48, 0x08, 0xff, 0xe0, 0x48, 0x10, 0xff,
    0xe0, 0x48, 0x08, 0xff, 0xe0, 0x48, 0x10, 0xff, 0xe0, 0x48, 0x08, 0xff,
    0xe0, 0x48, 0x10, 0xff, 0xe0, 0x48, 0x10, 0xff, 0xe0, 0x48, 0x08, 0xff,
    0xe8, 0x48, 0x10, 0xff, 0xe0, 0x48, 0x10, 0xff, 0xe8, 0x48, 0x08, 0xff,
    0xe0, 0x48, 0x10, 0xff, 0xf8, 0xf8, 0xf8, 0xff, 0xf8, 0xf4, 0xf0, 0xff,
    0xf8, 0xf8, 0xf0, 0xff, 0xf8, 0xf8, 0xf8, 0xff, 0xf8, 0xf4, 0xf0, 0xff,
    0xf8, 0xf8, 0xf0, 0xff, 0xf8, 0xf8, 0xf8, 0xff, 0xf8, 0xf8, 0xf0, 0xff,
    0xf8, 0xf8, 0xf0, 0xff, 0xf8, 0xf8, 0xf8, 0xff, 0xf8, 0xf8, 0xf0, 0xff,
    0xf8, 0xf4, 0xf8, 0xff, 0xf8, 0xf8, 0xf0, 0xff, 0xf8, 0xf4, 0xf0, 0xff,
    0xf8, 0xf8, 0xf8, 0xff, 0xf8, 0xf8, 0xf0, 0xff, 0xf8, 0xf8, 0xf0, 0xff,
    0xf8, 0xf4, 0xf8, 0xff, 0xf8, 0xf8, 0xf0, 0xff, 0xf8, 0xf8, 0xf8, 0xff,
    0xf8, 0xf4, 0xf8, 0xff, 0xf8, 0xf8, 0xf0, 0xff, 0xf8, 0xf4, 0xf8, 0xff,
    0xf8, 0xf8, 0xf0, 0xff, 0xf8, 0xf8, 0xf8, 0xff, 0xf8, 0xf8, 0xf0, 0xff,
    0xf8, 0xf4, 0xf0, 0xff, 0xf8, 0xf8, 0xf8, 0xff, 0xf8, 0xf4, 0xf0, 0xff,
    0xf8, 0xf8, 0xf8, 0xff, 0xf8, 0xf4, 0xf0, 0xff, 0xf8, 0xf8, 0xf8, 0xff,
    0xf8, 0xf8, 0xf8, 0xff, 0xf8, 0xf4, 0xf0, 0xff, 0xf8, 0xf8, 0xf8, 0xff,
    0xf8, 0xf8, 0xf8, 0xff, 0xf8, 0xf8, 0xf0, 0xff, 0xf8, 0xf4, 0xf0, 0xff,
    0xf8, 0xf8, 0xf8, 0xff, 0xf8, 0xf8, 0xf0, 0xff, 0xf8, 0xf4, 0xf8, 0xff,
    0xf8, 0xf8, 0xf8, 0xff, 0xf8, 0xf8, 0xf0, 0xff, 0xf8, 0xf8, 0xf8, 0xff,
    0xf8, 0xf8, 0xf0, 0xff, 0xf8, 0xf8, 0xf8, 0xff, 0xf8, 0xf8, 0xf8, 0xff,
    0xf8, 0xf8, 0xf8, 0xff, 0xf8, 0xf8, 0xf8, 0xff, 0xf8, 0xf8, 0xf8, 0xff,
    0xf8, 0xf4, 0xf0, 0xff, 0xf8, 0xf8, 0xf0, 0xff, 0xf8, 0xf8, 0xf8, 0xff,
    0xf8, 0xf8, 0xf8, 0xff, 0xf8, 0xf8, 0xf0, 0xff, 0xf8, 0xf8, 0xf8, 0xff,
    0xf8, 0xf8, 0xf8, 0xff, 0xf8, 0xf8, 0xf0, 0xff, 0xf8, 0xf4, 0xf0, 0xff,
    0xf8, 0xf8, 0xf8, 0xff, 0xf0, 0xa8, 0x90, 0xff, 0xe0, 0x6c, 0x40, 0xff,
    0xe0, 0x64, 0x38, 0xff, 0xe0, 0x60, 0x28, 0xff, 0xe0, 0x58, 0x20, 0xff,
    0xe0, 0x50, 0x18, 0xff, 0xe0, 0x4c, 0x10, 0xff, 0xe0, 0x48, 0x10, 0xff,
    0xe0, 0x48, 0x10, 0xff, 0xe0, 0x48, 0x10, 0xff, 0xe0, 0x48, 0x10, 0xff,
    0xe0, 0x48, 0x08, 0xff, 0xe0, 0x48, 0x10, 0xff, 0xe0, 0x48, 0x10, 0xff,
    0xe0, 0x48, 0x08, 0xff, 0xe8, 0x48, 0x08, 0xff, 0xe0, 0x48, 0x10, 0xff,
    0xe8, 0x48, 0x08, 0xff, 0xe0, 0x48, 0x08, 0xff, 0xe8, 0x48, 0x08, 0xff,
    0xf8, 0xf8, 0xf0, 0xff, 0xf8, 0xf8, 0xf8, 0xff, 0xf8, 0xf8, 0xf8, 0xff,
    0xf8, 0xf4, 0xf0, 0xff, 0xf8, 0xf8, 0xf8, 0xff, 0xf8, 0xf8, 0xf8, 0xff,
    0xf8, 0xf8, 0xf0, 0xff, 0xf8, 0xf4, 0xf8, 0xff, 0xf8, 0xf4, 0xf8, 0xff,
    0xf8, 0xf8, 0xf0, 0xff, 0xf8, 0xf8, 0xf0, 0xff, 0xf8, 0xf8, 0xf8, 0xff,
    0xf8, 0xf8, 0xf8, 0xff, 0xf8, 0xf8, 0xf0, 0xff, 0xf8, 0xf4, 0xf8, 0xff,
    0xf8, 0xf8, 0xf8, 0xff, 0xf8, 0xf8, 0xf0, 0xff, 0xf8, 0xf8, 0xf8, 0xff,
    0xf8, 0xf8, 0xf0, 0xff, 0xf8, 0xf8, 0xf0, 0xff, 0xf8, 0xf8, 0xf8, 0xff,
    0xf8, 0xf8, 0xf0, 0xff, 0xf8, 0xf8, 0xf8, 0xff, 0xf8, 0xf4, 0xf8, 0xff,
    0xf8, 0xf8, 0xf0, 0xff, 0xf8, 0xf8, 0xf8, 0xff, 0xf8, 0xf8, 0xf8, 0xff,
    0xf8, 0xf8, 0xf0, 0xff, 0xf8, 0xf8, 0xf0, 0xff, 0xf8, 0xf4, 0xf8, 0xff,
    0xf8, 0xf8, 0xf0, 0xff, 0xf8, 0xf8, 0xf0, 0xff, 0xf8, 0xf4, 0xf8, 0xff,
    0xf8, 0xf8, 0xf0, 0xff, 0xf8, 0xf8, 0xf0, 0xff, 0xf8, 0xf8, 0xf8, 0xff,
    0xf8, 0xf8, 0xf8, 0xff, 0xf8, 0xf8, 0xf0, 0xff, 0xf8, 0xf8, 0xf8, 0xff,
    0xf8, 0xf4, 0xf0, 0xff, 0xf8, 0xf8, 0xf0, 0xff, 0xf8, 0xf8, 0xf8, 0xff,
    0xf8, 0xf8, 0xf8, 0xff, 0xf8, 0xf8, 0xf0, 0xff, 0xf8, 0xf8, 0xf8, 0xff,
    0xf8, 0xf8, 0xf8, 0xff, 0xf8, 0xf8, 0xf8, 0xff, 0xf8, 0xf8, 0xf0, 0xff,
    0xf8, 0xf8, 0xf8, 0xff, 0xf8, 0xf8, 0xf8, 0xff, 0xf8, 0xf8, 0xf0, 0xff,
    0xf8, 0xf4, 0xf0, 0xff, 0xf8, 0xf8, 0xf8, 0xff, 0xf8, 0xf8, 0xf8, 0xff,
    0xf8, 0xf8, 0xf8, 0xff, 0xf8, 0xf8, 0xf8, 0xff, 0xf8, 0xf8, 0xf8, 0xff,
    0xf8, 0xf8, 0xf0, 0xff, 0xf8, 0xf8, 0xf8, 0xff, 0xe8, 0xa0, 0x80, 0xff,
    0xe0, 0x60, 0x30, 0xff, 0xe0, 0x6c, 0x40, 0xff, 0xe0, 0x6c, 0x40, 0xff,
    0xe0, 0x6c, 0x40, 0xff, 0xe0, 0x6c, 0x40, 0xff, 0xe8, 0x6c, 0x40, 0xff,
    0xe0, 0x6c, 0x40, 0xff, 0xe0, 0x64, 0x30, 0xff, 0xe0, 0x4c, 0x10, 0xff,
    0xe0, 0x48, 0x10, 0xff, 0xe0, 0x48, 0x08, 0xff, 0xe0, 0x48, 0x10, 0xff,
    0xe0, 0x48, 0x10, 0xff, 0xe0, 0x48, 0x08, 0xff, 0xe8, 0x48, 0x08, 0xff,
    0xe0, 0x48, 0x10, 0xff, 0xe8, 0x48, 0x10, 0xff, 0xe0, 0x48, 0x08, 0xff,
    0xe8, 0x48, 0x08, 0xff, 0xe8, 0x48, 0x10, 0xff, 0xf8, 0xf8, 0xf0, 0xff,
    0xf8, 0xf8, 0xf8, 0xff, 0xf8, 0xf4, 0xf0, 0xff, 0xf8, 0xf8, 0xf0, 0xff,
    0xf8, 0xf8, 0xf8, 0xff, 0xf8, 0xf8, 0xf0, 0xff, 0xf8, 0xf4, 0xf0, 0xff,
    0xf8, 0xf8, 0xf8, 0xff, 0xf8, 0xf8, 0xf8, 0xff, 0xf8, 0xf8, 0xf0, 0xff,
    0xf8, 0xf4, 0xf8, 0xff, 0xf8, 0xf8, 0xf0, 0xff, 0xf8, 0xf8, 0xf8, 0xff,
    0xf8, 0xf8, 0xf0, 0xff, 0xf8, 0xf4, 0xf0, 0xff, 0xf8, 0xf8, 0xf8, 0xff,
    0xf8, 0xf8, 0xf0, 0xff, 0xf8, 0xf4, 0xf8, 0xff, 0xf8, 0xf4, 0xf8, 0xff,
    0xf8, 0xf8, 0xf0, 0xff, 0xf8, 0xf8, 0xf0, 0xff, 0xf8, 0xf4, 0xf8, 0xff,
    0xf8, 0xf8, 0xf0, 0xff, 0xf8, 0xf8, 0xf0, 0xff, 0xf8, 0xf4, 0xf8, 0xff,
    0xf8, 0xf8, 0xf0, 0xff, 0xf8, 0xf8, 0xf8, 0xff, 0xf8, 0xf4, 0xf0, 0xff,
    0xf8, 0xf8, 0xf8, 0xff, 0xf8, 0xf8, 0xf8, 0xff, 0xf8, 0xf8, 0xf0, 0xff,
    0xf8, 0xf8, 0xf8, 0xff, 0xf8, 0xf8, 0xf8, 0xff, 0xf8, 0xf8, 0xf0, 0xff,
    0xf8, 0xf4, 0xf0, 0xff, 0xf8, 0xf4, 0xf8, 0xff, 0xf8, 0xf8, 0xf0, 0xff,
    0xf8, 0xf8, 0xf8, 0xff, 0xf8, 0xf4, 0xf8, 0xff, 0xf8, 0xf8, 0xf0, 0xff,
    0xf8, 0xf8, 0xf0, 0xff, 0xf8, 0xf8, 0xf8, 0xff, 0xf8, 0xf8, 0xf8, 0xff,
    0xf8, 0xf8, 0xf8, 0xff, 0xf8, 0xf8, 0xf8, 0xff, 0xf8, 0xf8, 0xf8, 0xff,
    0xf8, 0xf8, 0xf0, 0xff, 0xf8, 0xf8, 0xf8, 0xff, 0xf8, 0xf8, 0xf8, 0xff,
    0xf8, 0xf8, 0xf8, 0xff, 0xf8, 0xf8, 0xf0, 0xff, 0xf8, 0xf8, 0xf8, 0xff,
    0xf8, 0xf4, 0xf0, 0xff, 0xf8, 0xf8, 0xf0, 0xff, 0xf8, 0xf8, 0xf8, 0xff,
    0xf8, 0xf8, 0xf8, 0xff, 0xf8, 0xf8, 0xf0, 0xff, 0xf8, 0xf4, 0xf0, 0xff,
    0xe8, 0xa0, 0x80, 0xff, 0xd8, 0x48, 0x10, 0xff, 0xe0, 0x68, 0x38, 0xff,
    0xe8, 0x6c, 0x40, 0xff, 0xe8, 0x6c, 0x38, 0xff, 0xe0, 0x6c, 0x40, 0xff,
    0xe8, 0x6c, 0x40, 0xff, 0xe0, 0x6c, 0x40, 0xff, 0xe8, 0x6c, 0x40, 0xff,
    0xe8, 0x6c, 0x40, 0xff, 0xe0, 0x68, 0x38, 0xff, 0xe0, 0x4c, 0x10, 0xff,
    0xe0, 0x48, 0x10, 0xff, 0xe0, 0x48, 0x08, 0xff, 0xe0, 0x48, 0x10, 0xff,
    0xe8, 0x48, 0x08, 0xff, 0xe0, 0x48, 0x10, 0xff, 0xe0, 0x48, 0x10, 0xff,
    0xe8, 0x48, 0x08, 0xff, 0xe8, 0x48, 0x08, 0xff, 0xe0, 0x48, 0x10, 0xff,
    0xe8, 0x48, 0x08, 0xff, 0xf8, 0xf8, 0xf8, 0xff, 0xf8, 0xf4, 0xf0, 0xff,
    0xf8, 0xf8, 0xf8, 0xff, 0xf8, 0xf8, 0xf8, 0xff, 0xf8, 0xf8, 0xf0, 0xff,
    0xf8, 0xf4, 0xf8, 0xff, 0xf8, 0xf8, 0xf0, 0xff, 0xf8, 0xf8, 0xf0, 0xff,
    0xf8, 0xf8, 0xf8, 0xff, 0xf8, 0xf8, 0xf0, 0xff, 0xf8, 0xf4, 0xf8, 0xff,
    0xf8, 0xf8, 0xf0, 0xff, 0xf8, 0xf8, 0xf0, 0xff, 0xf8, 0xf4, 0xf8, 0xff,
    0xf8, 0xf8, 0xf8, 0xff, 0xf8, 0xf8, 0xf0, 0xff, 0xf8, 0xf8, 0xf0, 0xff,
    0xf8, 0xf8, 0xf8, 0xff, 0xf8, 0xf8, 0xf8, 0xff, 0xf8, 0xf8, 0xf0, 0xff,
    0xf8, 0xf4, 0xf8, 0xff, 0xf8, 0xf8, 0xf8, 0xff, 0xf8, 0xf8, 0xf0, 0xff,
    0xf8, 0xf8, 0xf8, 0xff, 0xf8, 0xf8, 0xf0, 0xff, 0xf8, 0xf4, 0xf8, 0xff,
    0xf8, 0xf8, 0xf0, 0xff, 0xf8, 0xf8, 0xf8, 0xff, 0xf8, 0xf4, 0xf0, 0xff,
    0xf8, 0xf8, 0xf0, 0xff, 0xf8, 0xf8, 0xf8, 0xff, 0xf8, 0xf4, 0xf0, 0xff,
    0xf8, 0xf8, 0xf8, 0xff, 0xf8, 0xf8, 0xf8, 0xff, 0xf8, 0xf8, 0xf8, 0xff,
    0xf8, 0xf8, 0xf0, 0xff, 0xf8, 0xf8, 0xf0, 0xff, 0xf8, 0xf4, 0xf8, 0xff,
    0xf8, 0xf8, 0xf0, 0xff, 0xf8, 0xf8, 0xf8, 0xff, 0xf8, 0xf8, 0xf8, 0xff,
    0xf8, 0xf8, 0xf8, 0xff, 0xf8, 0xf8, 0xf8, 0xff, 0xf8, 0xf8, 0xf0, 0xff,
    0xf8, 0xf8, 0xf8, 0xff, 0xf8, 0xf8, 0xf8, 0xff, 0xf8, 0xf8, 0xf8, 0xff,
    0xf8, 0xf8, 0xf8, 0xff, 0xf8, 0xf8, 0xf8, 0xff, 0xf8, 0xf8, 0xf0, 0xff,
    0xf8, 0xf8, 0xf8, 0xff, 0xf8, 0xf8, 0xf8, 0xff, 0xf8, 0xf8, 0xf0, 0xff,
    0xf8, 0xf8, 0xf0, 0xff, 0xf8, 0xf4, 0xf0, 0xff, 0xf8, 0xf8, 0xf8, 0xff,
    0xf8, 0xf8, 0xf0, 0xff, 0xe8, 0xa0, 0x80, 0xff, 0xe0, 0x48, 0x10, 0xff,
    0xe0, 0x58, 0x28, 0xff, 0xe0, 0x6c, 0x40, 0xff, 0xe0, 0x6c, 0x40, 0xff,
    0xe8, 0x6c, 0x40, 0xff, 0xe8, 0x6c, 0x38, 0xff, 0xe0, 0x6c, 0x40, 0xff,
    0xe8, 0x6c, 0x38, 0xff, 0xe8, 0x6c, 0x40, 0xff, 0xe8, 0x6c, 0x40, 0xff,
    0xe8, 0x6c, 0x38, 0xff, 0xe0, 0x5c, 0x28, 0xff, 0xe0, 0x48, 0x10, 0xff,
    0xe0, 0x48, 0x10, 0xff, 0xe8, 0x48, 0x08, 0xff, 0xe0, 0x48, 0x10, 0xff,
    0xe8, 0x48, 0x08, 0xff, 0xe0, 0x48, 0x10, 0xff, 0xe8, 0x48, 0x08, 0xff,
    0xe8, 0x48, 0x08, 0xff, 0xe8, 0x48, 0x10, 0xff, 0xe8, 0x48, 0x08, 0xff,
    0xf8, 0xf8, 0xf0, 0xff, 0xf8, 0xf8, 0xf8, 0xff, 0xf8, 0xf8, 0xf0, 0xff,
    0xf8, 0xf4, 0xf0, 0xff, 0xf8, 0xf8, 0xf8, 0xff, 0xf8, 0xf8, 0xf8, 0xff,
    0xf8, 0xf8, 0xf0, 0xff, 0xf8, 0xf4, 0xf8, 0xff, 0xf8, 0xf8, 0xf0, 0xff,
    0xf8, 0xf8, 0xf8, 0xff, 0xf8, 0xf8, 0xf0, 0xff, 0xf8, 0xf4, 0xf8, 0xff,
    0xf8, 0xf8, 0xf8, 0xff, 0xf8, 0xf8, 0xf0, 0xff, 0xf8, 0xf8, 0xf8, 0xff,
    0xf8, 0xf4, 0xf8, 0xff, 0xf8, 0xf8, 0xf0, 0xff, 0xf8, 0xf8, 0xf0, 0xff,
    0xf8, 0xf4, 0xf0, 0xff, 0xf8, 0xf8, 0xf8, 0xff, 0xf8, 0xf8, 0xf0, 0xff,
    0xf8, 0xf8, 0xf0, 0xff, 0xf8, 0xf4, 0xf8, 0xff, 0xf8, 0xf8, 0xf8, 0xff,
    0xf8, 0xf8, 0xf0, 0xff, 0xf8, 0xf8, 0xf0, 0xff, 0xf8, 0xf8, 0xf8, 0xff,
    0xf8, 0xf8, 0xf8, 0xff, 0xf8, 0xf8, 0xf0, 0xff, 0xf8, 0xf8, 0xf8, 0xff,
    0xf8, 0xf4, 0xf0, 0xff, 0xf8, 0xf8, 0xf0, 0xff, 0xf8, 0xf8, 0xf0, 0xff,
    0xf8, 0xf4, 0xf8, 0xff, 0xf8, 0xf8, 0xf0, 0xff, 0xf8, 0xf8, 0xf8, 0xff,
    0xf8, 0xf8, 0xf8, 0xff, 0xf8, 0xf8, 0xf0, 0xff, 0xf8, 0xf8, 0xf0, 0xff,
    0xf8, 0xf4, 0xf8, 0xff, 0xf8, 0xf8, 0xf8, 0xff, 0xf8, 0xf8, 0xf0, 0xff,
    0xf8, 0xf8, 0xf8, 0xff, 0xf8, 0xf8, 0xf8, 0xff, 0xf8, 0xf8, 0xf0, 0xff,
    0xf8, 0xf8, 0xf8, 0xff, 0xf8, 0xf8, 0xf0, 0xff, 0xf8, 0xf8, 0xf8, 0xff,
    0xf8, 0xf8, 0xf8, 0xff, 0xf8, 0xf8, 0xf0, 0xff, 0xf8, 0xf8, 0xf8, 0xff,
    0xf8, 0xf8, 0xf8, 0xff, 0xf8, 0xf8, 0xf8, 0xff, 0xf8, 0xf8, 0xf8, 0xff,
    0xf8, 0xf8, 0xf0, 0xff, 0xf8, 0xf4, 0xf8, 0xff, 0xe8, 0xa0, 0x80, 0xff,
    0xd8, 0x48, 0x10, 0xff, 0xe0, 0x5c, 0x28, 0xff, 0xe8, 0x6c, 0x40, 0xff,
    0xe0, 0x6c, 0x40, 0xff, 0xe0, 0x6c, 0x40, 0xff, 0xe8, 0x6c, 0x40, 0xff,
    0xe0, 0x6c, 0x40, 0xff, 0xe8, 0x6c, 0x40, 0xff, 0xe0, 0x6c, 0x40, 0xff,
    0xe8, 0x6c, 0x38, 0xff, 0xe8, 0x6c, 0x40, 0xff, 0xe8, 0x6c, 0x40, 0xff,
    0xe8, 0x68, 0x38, 0xff, 0xe0, 0x48, 0x10, 0xff, 0xe8, 0x48, 0x08, 0xff,
    0xe0, 0x48, 0x08, 0xff, 0xe8, 0x48, 0x10, 0xff, 0xe0, 0x48, 0x08, 0xff,
    0xe8, 0x48, 0x08, 0xff, 0xe0, 0x48, 0x10, 0xff, 0xe8, 0x48, 0x08, 0xff,
    0xe8, 0x48, 0x08, 0xff, 0xe8, 0x48, 0x10, 0xff, 0xf8, 0xf8, 0xf0, 0xff,
    0xf8, 0xf8, 0xf8, 0xff, 0xf8, 0xf4, 0xf8, 0xff, 0xf8, 0xf8, 0xf0, 0xff,
    0xf8, 0xf8, 0xf0, 0xff, 0xf8, 0xf8, 0xf8, 0xff, 0xf8, 0xf4, 0xf8, 0xff,
    0xf8, 0xf8, 0xf0, 0xff, 0xf8, 0xf8, 0xf8, 0xff, 0xf8, 0xf4, 0xf0, 0xff,
    0xf8, 0xf8, 0xf8, 0xff, 0xf8, 0xf8, 0xf0, 0xff, 0xf8, 0xf4, 0xf8, 0xff,
    0xf8, 0xf8, 0xf0, 0xff, 0xf8, 0xf8, 0xf0, 0xff, 0xf8, 0xf4, 0xf8, 0xff,
    0xf8, 0xf8, 0xf8, 0xff, 0xf8, 0xf8, 0xf0, 0xff, 0xf8, 0xf4, 0xf8, 0xff,
    0xf8, 0xf8, 0xf8, 0xff, 0xf8, 0xf8, 0xf0, 0xff, 0xf8, 0xf4, 0xf0, 0xff,
    0xf8, 0xf8, 0xf8, 0xff, 0xf8, 0xf8, 0xf0, 0xff, 0xf8, 0xf4, 0xf8, 0xff,
    0xf8, 0xf8, 0xf0, 0xff, 0xf8, 0xf4, 0xf8, 0xff, 0xf8, 0xf8, 0xf0, 0xff,
    0xf8, 0xf8, 0xf8, 0xff, 0xf8, 0xf4, 0xf8, 0xff, 0xf8, 0xf8, 0xf8, 0xff,
    0xf8, 0xf8, 0xf0, 0xff, 0xf8, 0xf8, 0xf8, 0xff, 0xf8, 0xf4, 0xf0, 0xff,
    0xf8, 0xf8, 0xf0, 0xff, 0xf8, 0xf4, 0xf8, 0xff, 0xf8, 0xf4, 0xf8, 0xff,
    0xf8, 0xf8, 0xf0, 0xff, 0xf8, 0xf8, 0xf0, 0xff, 0xf8, 0xf8, 0xf8, 0xff,
    0xf8, 0xf8, 0xf8, 0xff, 0xf8, 0xf8, 0xf0, 0xff, 0xf8, 0xf8, 0xf8, 0xff,
    0xf8, 0xf8, 0xf8, 0xff, 0xf8, 0xf8, 0xf8, 0xff, 0xf8, 0xf8, 0xf8, 0xff,
    0xf8, 0xf8, 0xf0, 0xff, 0xf8, 0xf8, 0xf8, 0xff, 0xf8, 0xf8, 0xf8, 0xff,
    0xf8, 0xf8, 0xf8, 0xff, 0xf8, 0xf8, 0xf8, 0xff, 0xf8, 0xf8, 0xf0, 0xff,
    0xf8, 0xf4, 0xf8, 0xff, 0xf8, 0xf8, 0xf0, 0xff, 0xf8, 0xf8, 0xf8, 0xff,
    0xe8, 0xa0, 0x80, 0xff, 0xe0, 0x48, 0x10, 0xff, 0xe0, 0x54, 0x20, 0xff,
    0xe0, 0x6c, 0x40, 0xff, 0xe0, 0x6c, 0x40, 0xff, 0xe8, 0x6c, 0x38, 0xff,
    0xe8, 0x6c, 0x38, 0xff, 0xe0, 0x6c, 0x40, 0xff, 0xe8, 0x6c, 0x40, 0xff,
    0xe8, 0x6c, 0x38, 0xff, 0xe8, 0x6c, 0x40, 0xff, 0xe8, 0x6c, 0x38, 0xff,
    0xe8, 0x6c, 0x40, 0xff, 0xe8, 0x6c, 0x40, 0xff, 0xe8, 0x6c, 0x38, 0xff,
    0xe0, 0x48, 0x08, 0xff, 0xe0, 0x48, 0x10, 0xff, 0xe8, 0x48, 0x10, 0xff,
    0xe0, 0x48, 0x08, 0xff, 0xe8, 0x48, 0x08, 0xff, 0xe8, 0x48, 0x10, 0xff,
    0xe8, 0x48, 0x08, 0xff, 0xe8, 0x48, 0x10, 0xff, 0xe8, 0x48, 0x08, 0xff,
    0xe8, 0x48, 0x08, 0xff, 0xf8, 0xf8, 0xf0, 0xff, 0xf8, 0xf4, 0xf8, 0xff,
    0xf8, 0xf8, 0xf8, 0xff, 0xf8, 0xf8, 0xf0, 0xff, 0xf8, 0xf8, 0xf0, 0xff,
    0xf8, 0xf4, 0xf8, 0xff, 0xf8, 0xf8, 0xf0, 0xff, 0xf8, 0xf8, 0xf0, 0xff,
    0xf8, 0xf8, 0xf8, 0xff, 0xf8, 0xf8, 0xf8, 0xff, 0xf8, 0xf8, 0xf0, 0xff,
    0xf8, 0xf8, 0xf0, 0xff, 0xf8, 0xf8, 0xf8, 0xff, 0xf8, 0xf8, 0xf8, 0xff,
    0xf8, 0xf8, 0xf0, 0xff, 0xf8, 0xf8, 0xf0, 0xff, 0xf8, 0xf8, 0xf8, 0xff,
    0xf8, 0xf8, 0xf0, 0xff, 0xf8, 0xf8, 0xf8, 0xff, 0xf8, 0xf8, 0xf8, 0xff,
    0xf8, 0xf8, 0xf0, 0xff, 0xf8, 0xf8, 0xf8, 0xff, 0xf8, 0xf8, 0xf8, 0xff,
    0xf8, 0xf8, 0xf0, 0xff, 0xf8, 0xf8, 0xf8, 0xff, 0xf8, 0xf4, 0xf8, 0xff,
    0xf8, 0xf8, 0xf0, 0xff, 0xf8, 0xf8, 0xf0, 0xff, 0xf8, 0xf4, 0xf0, 0xff,
    0xf8, 0xf8, 0xf8, 0xff, 0xf8, 0xf8, 0xf0, 0xff, 0xf8, 0xf8, 0xf8, 0xff,
    0xf8, 0xf4, 0xf8, 0xff, 0xf8, 0xf8, 0xf0, 0xff, 0xf8, 0xf8, 0xf8, 0xff,
    0xf8, 0xf8, 0xf0, 0xff, 0xf8, 0xf8, 0xf0, 0xff, 0xf8, 0xf8, 0xf8, 0xff,
    0xf8, 0xf4, 0xf8, 0xff, 0xf8, 0xf8, 0xf0, 0xff, 0xf8, 0xf8, 0xf8, 0xff,
    0xf8, 0xf8, 0xf8, 0xff, 0xf8, 0xf8, 0xf8, 0xff, 0xf8, 0xf8, 0xf0, 0xff,
    0xf8, 0xf8, 0xf8, 0xff, 0xf8, 0xf8, 0xf8, 0xff, 0xf8, 0xf8, 0xf8, 0xff,
    0xf8, 0xf8, 0xf0, 0xff, 0xf8, 0xf8, 0xf8, 0xff, 0xf8, 0xf8, 0xf8, 0xff,
    0xf8, 0xf8, 0xf0, 0xff, 0xf8, 0xf8, 0xf8, 0xff, 0xf8, 0xf8, 0xf0, 0xff,
    0xf8, 0xf4, 0xf0, 0xff, 0xe8, 0xa0, 0x80, 0xff, 0xd8, 0x48, 0x10, 0xff,
    0xe0, 0x48, 0x10, 0xff, 0xe0, 0x48, 0x10, 0xff, 0xe0, 0x58, 0x28, 0xff,
    0xe0, 0x6c, 0x40, 0xff, 0xe8, 0x6c, 0x40, 0xff, 0xe0, 0x6c, 0x40, 0xff,
    0xe8, 0x6c, 0x40, 0xff, 0xe0, 0x6c, 0x38, 0xff, 0xe8, 0x6c, 0x40, 0xff,
    0xe8, 0x6c, 0x40, 0xff, 0xe8, 0x6c, 0x38, 0xff, 0xe8, 0x6c, 0x40, 0xff,
    0xe8, 0x6c, 0x38, 0xff, 0xe8, 0x64, 0x30, 0xff, 0xe0, 0x48, 0x10, 0xff,
    0xe8, 0x48, 0x08, 0xff, 0xe8, 0x48, 0x10, 0xff, 0xe8, 0x48, 0x08, 0xff,
    0xe0, 0x48, 0x10, 0xff, 0xe8, 0x48, 0x08, 0xff, 0xe8, 0x48, 0x08, 0xff,
    0xe8, 0x48, 0x10, 0xff, 0xe8, 0x48, 0x08, 0xff, 0xe8, 0x48, 0x08, 0xff,
    0xf8, 0xf8, 0xf0, 0xff, 0xf8, 0xf8, 0xf0, 0xff, 0xf8, 0xf8, 0xf8, 0xff,
    0xf8, 0xf4, 0xf8, 0xff, 0xf8, 0xf8, 0xf0, 0xff, 0xf8, 0xf8, 0xf8, 0xff,
    0xf8, 0xf8, 0xf8, 0xff, 0xf8, 0xf4, 0xf0, 0xff, 0xf8, 0xf8, 0xf0, 0xff,
    0xf8, 0xf4, 0xf8, 0xff, 0xf8, 0xf8, 0xf0, 0xff, 0xf8, 0xf4, 0xf8, 0xff,
    0xf8, 0xf8, 0xf0, 0xff, 0xf8, 0xf4, 0xf8, 0xff, 0xf8, 0xf8, 0xf0, 0xff,
    0xf8, 0xf4, 0xf8, 0xff, 0xf8, 0xf8, 0xf0, 0xff, 0xf8, 0xf4, 0xf0, 0xff,
    0xf8, 0xf8, 0xf8, 0xff, 0xf8, 0xf4, 0xf0, 0xff, 0xf8, 0xf8, 0xf0, 0xff,
    0xf8, 0xf4, 0xf8, 0xff, 0xf8, 0xf8, 0xf0, 0xff, 0xf8, 0xf8, 0xf0, 0xff,
    0xf8, 0xf4, 0xf8, 0xff, 0xf8, 0xf8, 0xf0, 0xff, 0xf8, 0xf8, 0xf8, 0xff,
    0xf8, 0xf8, 0xf8, 0xff, 0xf8, 0xf8, 0xf0, 0xff, 0xf8, 0xf8, 0xf0, 0xff,
    0xf8, 0xf8, 0xf8, 0xff, 0xf8, 0xf4, 0xf0, 0xff, 0xf8, 0xf8, 0xf0, 0xff,
    0xf8, 0xf8, 0xf8, 0xff, 0xf8, 0xf8, 0xf8, 0xff, 0xf8, 0xf8, 0xf0, 0xff,
    0xf8, 0xf8, 0xf0, 0xff, 0xf8, 0xf8, 0xf8, 0xff, 0xf8, 0xf4, 0xf0, 0xff,
    0xf8, 0xf8, 0xf0, 0xff, 0xf8, 0xf8, 0xf8, 0xff, 0xf8, 0xf8, 0xf8, 0xff,
    0xf8, 0xf8, 0xf0, 0xff, 0xf8, 0xf8, 0xf8, 0xff, 0xf8, 0xf8, 0xf8, 0xff,
    0xf8, 0xf8, 0xf0, 0xff, 0xf8, 0xf8, 0xf8, 0xff, 0xf8, 0xf8, 0xf8, 0xff,
    0xf8, 0xf8, 0xf8, 0xff, 0xf8, 0xf8, 0xf0, 0xff, 0xf8, 0xf8, 0xf8, 0xff,
    0xf8, 0xf8, 0xf8, 0xff, 0xf8, 0xf8, 0xf0, 0xff, 0xe8, 0xa0, 0x80, 0xff,
    0xe0, 0x48, 0x10, 0xff, 0xe0, 0x48, 0x10, 0xff, 0xd8, 0x48, 0x10, 0xff,
    0xe0, 0x48, 0x10, 0xff, 0xe0, 0x48, 0x08, 0xff, 0xe0, 0x5c, 0x28, 0xff,
    0xe0, 0x6c, 0x40, 0xff, 0xe8, 0x6c, 0x40, 0xff, 0xe8, 0x6c, 0x40, 0xff,
    0xe8, 0x6c, 0x40, 0xff, 0xe8, 0x6c, 0x38, 0xff, 0xe8, 0x6c, 0x40, 0xff,
    0xe0, 0x6c, 0x40, 0xff, 0xe8, 0x6c, 0x38, 0xff, 0xe8, 0x6c, 0x40, 0xff,
    0xe8, 0x58, 0x28, 0xff, 0xe0, 0x48, 0x08, 0xff, 0xe0, 0x48, 0x10, 0xff,
    0xe8, 0x48, 0x08, 0xff, 0xe8, 0x48, 0x08, 0xff, 0xe8, 0x48, 0x10, 0xff,
    0xe8, 0x48, 0x08, 0xff, 0xe8, 0x48, 0x08, 0xff, 0xe8, 0x48, 0x08, 0xff,
    0xe8, 0x48, 0x08, 0xff, 0xe8, 0x48, 0x08, 0xff, 0xf8, 0xf8, 0xf8, 0xff,
    0xf8, 0xf8, 0xf0, 0xff, 0xf8, 0xf4, 0xf0, 0xff, 0xf8, 0xf8, 0xf8, 0xff,
    0xf8, 0xf8, 0xf0, 0xff, 0xf8, 0xf8, 0xf0, 0xff, 0xf8, 0xf4, 0xf8, 0xff,
    0xf8, 0xf8, 0xf8, 0xff, 0xf8, 0xf8, 0xf0, 0xff, 0xf8, 0xf8, 0xf8, 0xff,
    0xf8, 0xf4, 0xf8, 0xff, 0xf8, 0xf8, 0xf0, 0xff, 0xf8, 0xf8, 0xf8, 0xff,
    0xf8, 0xf8, 0xf0, 0xff, 0xf8, 0xf4, 0xf8, 0xff, 0xf8, 0xf8, 0xf8, 0xff,
    0xf8, 0xf8, 0xf0, 0xff, 0xf8, 0xf8, 0xf8, 0xff, 0xf8, 0xf4, 0xf8, 0xff,
    0xf8, 0xf8, 0xf0, 0xff, 0xf8, 0xf8, 0xf8, 0xff, 0xf8, 0xf4, 0xf8, 0xff,
    0xf8, 0xf8, 0xf0, 0xff, 0xf8, 0xf8, 0xf8, 0xff, 0xf8, 0xf8, 0xf0, 0xff,
    0xf8, 0xf8, 0xf0, 0xff, 0xf8, 0xf4, 0xf8, 0xff, 0xf8, 0xf8, 0xf8, 0xff,
    0xf8, 0xf8, 0xf0, 0xff, 0xf8, 0xf4, 0xf8, 0xff, 0xf8, 0xf8, 0xf8, 0xff,
    0xf8, 0xf8, 0xf0, 0xff, 0xf8, 0xf8, 0xf0, 0xff, 0xf8, 0xf4, 0xf8, 0xff,
    0xf8, 0xf8, 0xf8, 0xff, 0xf8, 0xf4, 0xf0, 0xff, 0xf8, 0xf8, 0xf8, 0xff,
    0xf8, 0xf8, 0xf8, 0xff, 0xf8, 0xf8, 0xf0, 0xff, 0xf8, 0xf8, 0xf0, 0xff,
    0xf8, 0xf4, 0xf8, 0xff, 0xf8, 0xf8, 0xf0, 0xff, 0xf8, 0xf8, 0xf8, 0xff,
    0xf8, 0xf8, 0xf8, 0xff, 0xf8, 0xf8, 0xf8, 0xff, 0xf8, 0xf8, 0xf8, 0xff,
    0xf8, 0xf8, 0xf0, 0xff, 0xf8, 0xf8, 0xf8, 0xff, 0xf8, 0xf8, 0xf8, 0xff,
    0xf8, 0xf8, 0xf0, 0xff, 0xf8, 0xf4, 0xf0, 0xff, 0xf8, 0xf8, 0xf8, 0xff,
    0xe8, 0xa0, 0x80, 0xff, 0xd8, 0x48, 0x10, 0xff, 0xe0, 0x48, 0x10, 0xff,
    0xd8, 0x48, 0x10, 0xff, 0xe0, 0x48, 0x10, 0xff, 0xd8, 0x48, 0x10, 0xff,
    0xe0, 0x48, 0x10, 0xff, 0xe0, 0x48, 0x08, 0xff, 0xe0, 0x60, 0x28, 0xff,
    0xe8, 0x6c, 0x40, 0xff, 0xe8, 0x6c, 0x38, 0xff, 0xe8, 0x6c, 0x38, 0xff,
    0xe8, 0x6c, 0x40, 0xff, 0xe8, 0x6c, 0x40, 0xff, 0xe8, 0x6c, 0x38, 0xff,
    0xe8, 0x6c, 0x38, 0xff, 0xe8, 0x68, 0x38, 0xff, 0xe0, 0x4c, 0x10, 0xff,
    0xe8, 0x48, 0x08, 0xff, 0xe8, 0x48, 0x08, 0xff, 0xe0, 0x48, 0x08, 0xff,
    0xe8, 0x48, 0x10, 0xff, 0xe8, 0x48, 0x08, 0xff, 0xe8, 0x48, 0x10, 0xff,
    0xe8, 0x48, 0x08, 0xff, 0xe8, 0x48, 0x08, 0xff, 0xe8, 0x48, 0x10, 0xff,
    0xe8, 0x48, 0x08, 0xff, 0xf8, 0xf8, 0xf8, 0xff, 0xf8, 0xf4, 0xf8, 0xff,
    0xf8, 0xf8, 0xf0, 0xff, 0xf8, 0xf8, 0xf8, 0xff, 0xf8, 0xf8, 0xf8, 0xff,
    0xf8, 0xf4, 0xf0, 0xff, 0xf8, 0xf8, 0xf0, 0xff, 0xf8, 0xf8, 0xf8, 0xff,
    0xf8, 0xf8, 0xf0, 0xff, 0xf8, 0xf8, 0xf0, 0xff, 0xf8, 0xf8, 0xf8, 0xff,
    0xf8, 0xf8, 0xf0, 0xff, 0xf8, 0xf8, 0xf0, 0xff, 0xf8, 0xf8, 0xf8, 0xff,
    0xf8, 0xf8, 0xf0, 0xff, 0xf8, 0xf8, 0xf0, 0xff, 0xf8, 0xf8, 0xf8, 0xff,
    0xf8, 0xf8, 0xf0, 0xff, 0xf8, 0xf8, 0xf0, 0xff, 0xf8, 0xf8, 0xf8, 0xff,
    0xf8, 0xf8, 0xf0, 0xff, 0xf8, 0xf8, 0xf0, 0xff, 0xf8, 0xf4, 0xf8, 0xff,
    0xf8, 0xf8, 0xf8, 0xff, 0xf8, 0xf8, 0xf0, 0xff, 0xf8, 0xf4, 0xf8, 0xff,
    0xf8, 0xf8, 0xf0, 0xff, 0xf8, 0xf8, 0xf0, 0xff, 0xf8, 0xf4, 0xf8, 0xff,
    0xf8, 0xf8, 0xf0, 0xff, 0xf8, 0xf8, 0xf8, 0xff, 0xf8, 0xf8, 0xf8, 0xff,
    0xf8, 0xf4, 0xf0, 0xff, 0xf8, 0xf8, 0xf0, 0xff, 0xf8, 0xf8, 0xf8, 0xff,
    0xf8, 0xf8, 0xf0, 0xff, 0xf8, 0xf4, 0xf8, 0xff, 0xf8, 0xf8, 0xf8, 0xff,
    0xf8, 0xf8, 0xf0, 0xff, 0xf8, 0xf4, 0xf8, 0xff, 0xf8, 0xf8, 0xf8, 0xff,
    0xf8, 0xf8, 0xf0, 0xff, 0xf8, 0xf8, 0xf8, 0xff, 0xf8, 0xf8, 0xf8, 0xff,
    0xf8, 0xf8, 0xf0, 0xff, 0xf8, 0xf8, 0xf8, 0xff, 0xf8, 0xf8, 0xf8, 0xff,
    0xf8, 0xf8, 0xf8, 0xff, 0xf8, 0xf8, 0xf0, 0xff, 0xf8, 0xf8, 0xf8, 0xff,
    0xf8, 0xf8, 0xf0, 0xff, 0xe8, 0xa0, 0x80, 0xff, 0xe0, 0x48, 0x10, 0xff,
    0xe0, 0x48, 0x10, 0xff, 0xd8, 0x48, 0x10, 0xff, 0xe0, 0x48, 0x10, 0xff,
    0xe0, 0x48, 0x10, 0xff, 0xe0, 0x48, 0x10, 0xff, 0xe0, 0x48, 0x10, 0xff,
    0xe0, 0x48, 0x10, 0xff, 0xe0, 0x48, 0x10, 0xff, 0xe0, 0x60, 0x30, 0xff,
    0xe8, 0x6c, 0x40, 0xff, 0xe8, 0x6c, 0x38, 0xff, 0xe0, 0x6c, 0x40, 0xff,
    0xe8, 0x6c, 0x40, 0xff, 0xe8, 0x6c, 0x38, 0xff, 0xe8, 0x68, 0x38, 0xff,
    0xe0, 0x4c, 0x10, 0xff, 0xe0, 0x48, 0x10, 0xff, 0xe8, 0x48, 0x08, 0xff,
    0xe8, 0x48, 0x10, 0xff, 0xe8, 0x48, 0x08, 0xff, 0xe8, 0x48, 0x08, 0xff,
    0xe0, 0x48, 0x10, 0xff, 0xe8, 0x48, 0x08, 0xff, 0xe8, 0x48, 0x08, 0xff,
    0xe8, 0x48, 0x10, 0xff, 0xe8, 0x48, 0x08, 0xff, 0xe8, 0x48, 0x08, 0xff,
    0xf8, 0xf8, 0xf0, 0xff, 0xf8, 0xf8, 0xf0, 0xff, 0xf8, 0xf8, 0xf8, 0xff,
    0xf8, 0xf4, 0xf0, 0xff, 0xf8, 0xf8, 0xf8, 0xff, 0xf8, 0xf8, 0xf8, 0xff,
    0xf8, 0xf8, 0xf0, 0xff, 0xf8, 0xf4, 0xf8, 0xff, 0xf8, 0xf8, 0xf8, 0xff,
    0xf8, 0xf4, 0xf0, 0xff, 0xf8, 0xf8, 0xf8, 0xff, 0xf8, 0xf4, 0xf8, 0xff,
    0xf8, 0xf4, 0xf0, 0xff, 0xf8, 0xf8, 0xf8, 0xff, 0xf8, 0xf8, 0xf8, 0xff,
    0xf8, 0xf4, 0xf0, 0xff, 0xf8, 0xf4, 0xf8, 0xff, 0xf8, 0xf8, 0xf8, 0xff,
    0xf8, 0xf8, 0xf0, 0xff, 0xf8, 0xf4, 0xf8, 0xff, 0xf8, 0xf8, 0xf0, 0xff,
    0xf8, 0xf8, 0xf0, 0xff, 0xf8, 0xf8, 0xf8, 0xff, 0xf8, 0xf4, 0xf0, 0xff,
    0xf8, 0xf8, 0xf8, 0xff, 0xf8, 0xf8, 0xf8, 0xff, 0xf8, 0xf8, 0xf0, 0xff,
    0xf8, 0xf8, 0xf8, 0xff, 0xf8, 0xf8, 0xf0, 0xff, 0xf8, 0xf4, 0xf0, 0xff,
    0xf8, 0xf8, 0xf8, 0xff, 0xf8, 0xf8, 0xf0, 0xff, 0xf8, 0xf8, 0xf8, 0xff,
    0xf8, 0xf8, 0xf8, 0xff, 0xf8, 0xf8, 0xf0, 0xff, 0xf8, 0xf4, 0xf0, 0xff,
    0xf8, 0xf8, 0xf0, 0xff, 0xf8, 0xf8, 0xf8, 0xff, 0xf8, 0xf4, 0xf0, 0xff,
    0xf8, 0xf8, 0xf0, 0xff, 0xf8, 0xf8, 0xf8, 0xff, 0xf8, 0xf8, 0xf0, 0xff,
    0xf8, 0xf4, 0xf0, 0xff, 0xf8, 0xf8, 0xf8, 0xff, 0xf8, 0xf8, 0xf0, 0xff,
    0xf8, 0xf8, 0xf8, 0xff, 0xf8, 0xf8, 0xf8, 0xff, 0xf8, 0xf8, 0xf0, 0xff,
    0xf8, 0xf4, 0xf0, 0xff, 0xf8, 0xf8, 0xf8, 0xff, 0xe8, 0xa0, 0x80, 0xff,
    0xd8, 0x48, 0x10, 0xff, 0xe0, 0x48, 0x10, 0xff, 0xd8, 0x48, 0x10, 0xff,
    0xe0, 0x48, 0x10, 0xff, 0xd8, 0x48, 0x10, 0xff, 0xe0, 0x48, 0x08, 0xff,
    0xe0, 0x48, 0x10, 0xff, 0xe0, 0x48, 0x10, 0xff, 0xe0, 0x48, 0x08, 0xff,
    0xe0, 0x48, 0x10, 0xff, 0xe0, 0x48, 0x10, 0xff, 0xe0, 0x58, 0x20, 0xff,
    0xe8, 0x64, 0x30, 0xff, 0xe8, 0x68, 0x38, 0xff, 0xe8, 0x64, 0x30, 0xff,
    0xe8, 0x58, 0x28, 0xff, 0xe0, 0x48, 0x10, 0xff, 0xe8, 0x48, 0x08, 0xff,
    0xe8, 0x48, 0x08, 0xff, 0xe0, 0x48, 0x10, 0xff, 0xe8, 0x48, 0x08, 0xff,
    0xe8, 0x48, 0x10, 0xff, 0xe8, 0x48, 0x08, 0xff, 0xe8, 0x48, 0x08, 0xff,
    0xe8, 0x48, 0x08, 0xff, 0xe8, 0x48, 0x08, 0xff, 0xe8, 0x48, 0x08, 0xff,
    0xe8, 0x48, 0x08, 0xff, 0xe8, 0x48, 0x08, 0xff, 0xf8, 0xf8, 0xf0, 0xff,
    0xf8, 0xf8, 0xf8, 0xff, 0xf8, 0xf4, 0xf0, 0xff, 0xf8, 0xf8, 0xf0, 0xff,
    0xf8, 0xf8, 0xf8, 0xff, 0xf8, 0xf8, 0xf0, 0xff, 0xf8, 0xf4, 0xf0, 0xff,
    0xf8, 0xf8, 0xf8, 0xff, 0xf8, 0xf8, 0xf0, 0xff, 0xf8, 0xf8, 0xf0, 0xff,
    0xf8, 0xf8, 0xf8, 0xff, 0xf8, 0xf8, 0xf0, 0xff, 0xf8, 0xf8, 0xf0, 0xff,
    0xf8, 0xf8, 0xf8, 0xff, 0xf8, 0xf8, 0xf0, 0xff, 0xf8, 0xf8, 0xf0, 0xff,
    0xf8, 0xf8, 0xf8, 0xff, 0xf8, 0xf4, 0xf0, 0xff, 0xf8, 0xf8, 0xf8, 0xff,
    0xf8, 0xf8, 0xf8, 0xff, 0xf8, 0xf4, 0xf8, 0xff, 0xf8, 0xf8, 0xf8, 0xff,
    0xf8, 0xf8, 0xf0, 0xff, 0xf8, 0xf8, 0xf0, 0xff, 0xf8, 0xf4, 0xf8, 0xff,
    0xf8, 0xf8, 0xf0, 0xff, 0xf8, 0xf4, 0xf8, 0xff, 0xf8, 0xf8, 0xf8, 0xff,
    0xf8, 0xf8, 0xf0, 0xff, 0xf8, 0xf8, 0xf8, 0xff, 0xf8, 0xf4, 0xf0, 0xff,
    0xf8, 0xf8, 0xf0, 0xff, 0xf8, 0xf4, 0xf8, 0xff, 0xf8, 0xf8, 0xf8, 0xff,
    0xf8, 0xf8, 0xf0, 0xff, 0xf8, 0xf4, 0xf8, 0xff, 0xf8, 0xf8, 0xf8, 0xff,
    0xf8, 0xf8, 0xf0, 0xff, 0xf8, 0xf8, 0xf8, 0xff, 0xf8, 0xf8, 0xf0, 0xff,
    0xf8, 0xf8, 0xf8, 0xff, 0xf8, 0xf4, 0xf0, 0xff, 0xf8, 0xf8, 0xf8, 0xff,
    0xf8, 0xf8, 0xf0, 0xff, 0xf8, 0xf8, 0xf0, 0xff, 0xf8, 0xf4, 0xf0, 0xff,
    0xf8, 0xf8, 0xf8, 0xff, 0xf8, 0xf8, 0xf0, 0xff, 0xf8, 0xf8, 0xf8, 0xff,
    0xe8, 0xa0, 0x80, 0xff, 0xe0, 0x48, 0x10, 0xff, 0xe0, 0x48, 0x10, 0xff,
    0xd8, 0x48, 0x10, 0xff, 0xe0, 0x48, 0x10, 0xff, 0xe0, 0x48, 0x10, 0xff,
    0xe0, 0x48, 0x10, 0xff, 0xd8, 0x48, 0x08, 0xff, 0xe0, 0x48, 0x10, 0xff,
    0xe0, 0x48, 0x10, 0xff, 0xe0, 0x48, 0x08, 0xff, 0xe0, 0x48, 0x10, 0xff,
    0xe0, 0x48, 0x10, 0xff, 0xe0, 0x48, 0x08, 0xff, 0xe0, 0x48, 0x10, 0xff,
    0xe0, 0x48, 0x08, 0xff, 0xe0, 0x48, 0x08, 0xff, 0xe0, 0x48, 0x10, 0xff,
    0xe0, 0x48, 0x08, 0xff, 0xe8, 0x48, 0x08, 0xff, 0xe8, 0x48, 0x10, 0xff,
    0xe8, 0x48, 0x08, 0xff, 0xe8, 0x48, 0x08, 0xff, 0xe8, 0x48, 0x10, 0xff,
    0xe8, 0x48, 0x08, 0xff, 0xe8, 0x48, 0x08, 0xff, 0xe8, 0x48, 0x10, 0xff,
    0xe8, 0x48, 0x08, 0xff, 0xe8, 0x48, 0x08, 0xff, 0xe8, 0x48, 0x08, 0xff,
    0xe8, 0x48, 0x08, 0xfb, 0xf8, 0xf8, 0xf8, 0xff, 0xf8, 0xf4, 0xf8, 0xff,
    0xf8, 0xf8, 0xf0, 0xff, 0xf8, 0xf8, 0xf8, 0xff, 0xf8, 0xf4, 0xf8, 0xff,
    0xf8, 0xf8, 0xf0, 0xff, 0xf8, 0xf8, 0xf8, 0xff, 0xf8, 0xf8, 0xf8, 0xff,
    0xf8, 0xf4, 0xf0, 0xff, 0xf8, 0xf8, 0xf8, 0xff, 0xf8, 0xf8, 0xf8, 0xff,
    0xf8, 0xf4, 0xf0, 0xff, 0xf8, 0xf8, 0xf8, 0xff, 0xf8, 0xf4, 0xf8, 0xff,
    0xf8, 0xf8, 0xf0, 0xff, 0xf8, 0xf8, 0xf8, 0xff, 0xf8, 0xf8, 0xf0, 0xff,
    0xf8, 0xf8, 0xf0, 0xff, 0xf8, 0xf8, 0xf0, 0xff, 0xf8, 0xf8, 0xf0, 0xff,
    0xf8, 0xf8, 0xf0, 0xff, 0xf8, 0xf4, 0xf8, 0xff, 0xf8, 0xf8, 0xf8, 0xff,
    0xf8, 0xf8, 0xf0, 0xff, 0xf8, 0xf8, 0xf0, 0xff, 0xf8, 0xf8, 0xf8, 0xff,
    0xf8, 0xf8, 0xf0, 0xff, 0xf8, 0xf4, 0xf0, 0xff, 0xf8, 0xf8, 0xf8, 0xff,
    0xf8, 0xf8, 0xf8, 0xff, 0xf8, 0xf8, 0xf0, 0xff, 0xf8, 0xf8, 0xf8, 0xff,
    0xf8, 0xf4, 0xf0, 0xff, 0xf8, 0xf8, 0xf0, 0xff, 0xf8, 0xf8, 0xf8, 0xff,
    0xf8, 0xf8, 0xf0, 0xff, 0xf8, 0xf8, 0xf8, 0xff, 0xf8, 0xf4, 0xf0, 0xff,
    0xf8, 0xf8, 0xf8, 0xff, 0xf8, 0xf8, 0xf8, 0xff, 0xf8, 0xf4, 0xf0, 0xff,
    0xf8, 0xf8, 0xf8, 0xff, 0xf8, 0xf8, 0xf8, 0xff, 0xf8, 0xf8, 0xf8, 0xff,
    0xf8, 0xf8, 0xf0, 0xff, 0xf8, 0xf4, 0xf8, 0xff, 0xf8, 0xf8, 0xf0, 0xff,
    0xf8, 0xf8, 0xf8, 0xff, 0xe8, 0xa0, 0x80, 0xff, 0xd8, 0x48, 0x10, 0xff,
    0xe0, 0x48, 0x10, 0xff, 0xd8, 0x48, 0x10, 0xff, 0xe0, 0x48, 0x10, 0xff,
    0xd8, 0x48, 0x10, 0xff, 0xe0, 0x48, 0x10, 0xff, 0xe0, 0x48, 0x10, 0xff,
    0xe0, 0x48, 0x10, 0xff, 0xe0, 0x48, 0x10, 0xff, 0xe0, 0x48, 0x10, 0xff,
    0xe0, 0x48, 0x08, 0xff, 0xe0, 0x48, 0x10, 0xff, 0xe0, 0x48, 0x10, 0xff,
    0xe0, 0x48, 0x08, 0xff, 0xe0, 0x48, 0x10, 0xff, 0xe0, 0x48, 0x10, 0xff,
    0xe8, 0x48, 0x08, 0xff, 0xe8, 0x48, 0x10, 0xff, 0xe8, 0x48, 0x08, 0xff,
    0xe0, 0x48, 0x10, 0xff, 0xe8, 0x48, 0x08, 0xff, 0xe8, 0x48, 0x08, 0xff,
    0xe8, 0x48, 0x10, 0xff, 0xe8, 0x48, 0x08, 0xff, 0xe8, 0x48, 0x08, 0xff,
    0xe8, 0x48, 0x08, 0xff, 0xe8, 0x48, 0x10, 0xff, 0xe8, 0x48, 0x08, 0xff,
    0xe8, 0x48, 0x08, 0xff, 0xf0, 0x48, 0x10, 0xff, 0xe8, 0x48, 0x08, 0xe3,
    0xf8, 0xf8, 0xf0, 0xff, 0xf8, 0xf8, 0xf0, 0xff, 0xf8, 0xf8, 0xf8, 0xff,
    0xf8, 0xf8, 0xf0, 0xff, 0xf8, 0xf4, 0xf0, 0xff, 0xf8, 0xf8, 0xf8, 0xff,
    0xf8, 0xf8, 0xf0, 0xff, 0xf8, 0xf4, 0xf0, 0xff, 0xf8, 0xf8, 0xf8, 0xff,
    0xf8, 0xf8, 0xf0, 0xff, 0xf8, 0xf4, 0xf0, 0xff, 0xf8, 0xf8, 0xf8, 0xff,
    0xf8, 0xf8, 0xf0, 0xff, 0xf8, 0xf8, 0xf0, 0xff, 0xf8, 0xf4, 0xf8, 0xff,
    0xf8, 0xf4, 0xf8, 0xff, 0xf8, 0xf8, 0xf8, 0xff, 0xf8, 0xf4, 0xf8, 0xff,
    0xf8, 0xf8, 0xf8, 0xff, 0xf8, 0xf8, 0xf0, 0xff, 0xf8, 0xf4, 0xf0, 0xff,
    0xf8, 0xf8, 0xf8, 0xff, 0xf8, 0xf8, 0xf0, 0xff, 0xf8, 0xf4, 0xf8, 0xff,
    0xf8, 0xf8, 0xf8, 0xff, 0xf8, 0xf8, 0xf0, 0xff, 0xf8, 0xf8, 0xf8, 0xff,
    0xf8, 0xf4, 0xf0, 0xff, 0xf8, 0xf8, 0xf8, 0xff, 0xf8, 0xf8, 0xf0, 0xff,
    0xf8, 0xf4, 0xf8, 0xff, 0xf8, 0xf8, 0xf8, 0xff, 0xf8, 0xf8, 0xf0, 0xff,
    0xf8, 0xf8, 0xf8, 0xff, 0xf8, 0xf4, 0xf0, 0xff, 0xf8, 0xf8, 0xf8, 0xff,
    0xf8, 0xf8, 0xf0, 0xff, 0xf8, 0xf4, 0xf0, 0xff, 0xf8, 0xf8, 0xf8, 0xff,
    0xf8, 0xf8, 0xf0, 0xff, 0xf8, 0xf8, 0xf0, 0xff, 0xf8, 0xf8, 0xf0, 0xff,
    0xf8, 0xf4, 0xf8, 0xff, 0xf8, 0xf8, 0xf0, 0xff, 0xf8, 0xf8, 0xf8, 0xff,
    0xf8, 0xf8, 0xf8, 0xff, 0xf8, 0xf4, 0xf0, 0xff, 0xe8, 0xa0, 0x80, 0xff,
    0xe0, 0x48, 0x10, 0xff, 0xe0, 0x48, 0x10, 0xff, 0xd8, 0x48, 0x10, 0xff,
    0xe0, 0x48, 0x10, 0xff, 0xe0, 0x48, 0x10, 0xff, 0xe0, 0x48, 0x08, 0xff,
    0xd8, 0x48, 0x08, 0xff, 0xe0, 0x48, 0x10, 0xff, 0xe0, 0x48, 0x08, 0xff,
    0xe0, 0x48, 0x10, 0xff, 0xe0, 0x48, 0x08, 0xff, 0xe0, 0x48, 0x10, 0xff,
    0xe0, 0x48, 0x08, 0xff, 0xe0, 0x48, 0x10, 0xff, 0xe8, 0x48, 0x08, 0xff,
    0xe8, 0x48, 0x08, 0xff, 0xe8, 0x48, 0x10, 0xff, 0xe0, 0x48, 0x10, 0xff,
    0xe8, 0x48, 0x08, 0xff, 0xe8, 0x48, 0x08, 0xff, 0xe8, 0x48, 0x10, 0xff,
    0xe8, 0x48, 0x08, 0xff, 0xe0, 0x48, 0x08, 0xff, 0xe8, 0x48, 0x08, 0xff,
    0xe8, 0x48, 0x08, 0xff, 0xe8, 0x48, 0x08, 0xff, 0xe8, 0x48, 0x10, 0xff,
    0xe8, 0x48, 0x08, 0xff, 0xe8, 0x48, 0x08, 0xff, 0xf0, 0x48, 0x08, 0xff,
    0xe8, 0x48, 0x08, 0xff, 0xe8, 0x48, 0x08, 0xb6, 0xf8, 0xf8, 0xf0, 0xff,
    0xf8, 0xf4, 0xf8, 0xff, 0xf8, 0xf8, 0xf8, 0xff, 0xf8, 0xf8, 0xf0, 0xff,
    0xf8, 0xf8, 0xf8, 0xff, 0xf8, 0xf8, 0xf8, 0xff, 0xf8, 0xf8, 0xf0, 0xff,
    0xf8, 0xf8, 0xf8, 0xff, 0xf8, 0xf8, 0xf8, 0xff, 0xf8, 0xf8, 0xf0, 0xff,
    0xf8, 0xf8, 0xf8, 0xff, 0xf8, 0xf8, 0xf8, 0xff, 0xf8, 0xf8, 0xf0, 0xff,
    0xf8, 0xf8, 0xf0, 0xff, 0xf8, 0xf8, 0xf8, 0xff, 0xf8, 0xf8, 0xf0, 0xff,
    0xf8, 0xf8, 0xf0, 0xff, 0xf8, 0xf4, 0xf8, 0xff, 0xf8, 0xf8, 0xf8, 0xff,
    0xf8, 0xf8, 0xf8, 0xff, 0xf8, 0xf4, 0xf8, 0xff, 0xf8, 0xf8, 0xf0, 0xff,
    0xf8, 0xf8, 0xf0, 0xff, 0xf8, 0xf8, 0xf8, 0xff, 0xf8, 0xf4, 0xf0, 0xff,
    0xf8, 0xf8, 0xf8, 0xff, 0xf8, 0xf8, 0xf0, 0xff, 0xf8, 0xf8, 0xf8, 0xff,
    0xf8, 0xf8, 0xf0, 0xff, 0xf8, 0xf4, 0xf0, 0xff, 0xf8, 0xf8, 0xf8, 0xff,
    0xf8, 0xf8, 0xf0, 0xff, 0xf8, 0xf8, 0xf8, 0xff, 0xf8, 0xf4, 0xf0, 0xff,
    0xf8, 0xf8, 0xf8, 0xff, 0xf8, 0xf8, 0xf8, 0xff, 0xf8, 0xf8, 0xf0, 0xff,
    0xf8, 0xf8, 0xf8, 0xff, 0xf8, 0xf4, 0xf8, 0xff, 0xf8, 0xf8, 0xf0, 0xff,
    0xf8, 0xf8, 0xf8, 0xff, 0xf8, 0xf4, 0xf8, 0xff, 0xf8, 0xf8, 0xf0, 0xff,
    0xf8, 0xf8, 0xf0, 0xff, 0xf8, 0xf4, 0xf8, 0xff, 0xf8, 0xf8, 0xf0, 0xff,
    0xe8, 0xa0, 0x80, 0xff, 0xd8, 0x48, 0x10, 0xff, 0xe0, 0x48, 0x10, 0xff,
    0xd8, 0x48, 0x10, 0xff, 0xe0, 0x48, 0x10, 0xff, 0xe0, 0x48, 0x10, 0xff,
    0xe0, 0x48, 0x10, 0xff, 0xe0, 0x48, 0x10, 0xff, 0xe0, 0x48, 0x10, 0xff,
    0xe0, 0x48, 0x10, 0xff, 0xe0, 0x48, 0x10, 0xff, 0xe0, 0x48, 0x08, 0xff,
    0xe0, 0x48, 0x10, 0xff, 0xe0, 0x48, 0x10, 0xff, 0xe0, 0x48, 0x08, 0xff,
    0xe0, 0x48, 0x08, 0xff, 0xe0, 0x48, 0x10, 0xff, 0xe8, 0x48, 0x08, 0xff,
    0xe0, 0x48, 0x08, 0xff, 0xe8, 0x48, 0x08, 0xff, 0xe0, 0x48, 0x08, 0xff,
    0xe8, 0x48, 0x10, 0xff, 0xe8, 0x48, 0x08, 0xff, 0xe8, 0x48, 0x10, 0xff,
    0xe8, 0x48, 0x08, 0xff, 0xe8, 0x48, 0x10, 0xff, 0xe8, 0x48, 0x08, 0xff,
    0xe8, 0x48, 0x08, 0xff, 0xe8, 0x48, 0x08, 0xff, 0xe8, 0x48, 0x08, 0xff,
    0xe8, 0x48, 0x08, 0xff, 0xf0, 0x48, 0x08, 0xff, 0xf0, 0x48, 0x08, 0xff,
    0xe0, 0x48, 0x10, 0x6d, 0xf8, 0xf8, 0xf8, 0xff, 0xf8, 0xf4, 0xf0, 0xff,
    0xf8, 0xf8, 0xf0, 0xff, 0xf8, 0xf8, 0xf8, 0xff, 0xf8, 0xf4, 0xf0, 0xff,
    0xf8, 0xf8, 0xf0, 0xff, 0xf8, 0xf4, 0xf8, 0xff, 0xf8, 0xf8, 0xf0, 0xff,
    0xf8, 0xf4, 0xf0, 0xff, 0xf8, 0xf8, 0xf8, 0xff, 0xf8, 0xf8, 0xf0, 0xff,
    0xf8, 0xf4, 0xf8, 0xff, 0xf8, 0xf4, 0xf8, 0xff, 0xf8, 0xf8, 0xf0, 0xff,
    0xf8, 0xf8, 0xf8, 0xff, 0xf8, 0xf8, 0xf0, 0xff, 0xf8, 0xf8, 0xf0, 0xff,
    0xf8, 0xf8, 0xf0, 0xff, 0xf8, 0xf8, 0xf0, 0xff, 0xf8, 0xf8, 0xf0, 0xff,
    0xf8, 0xf8, 0xf8, 0xff, 0xf8, 0xf8, 0xf0, 0xff, 0xf8, 0xf8, 0xf8, 0xff,
    0xf8, 0xf4, 0xf0, 0xff, 0xf8, 0xf8, 0xf8, 0xff, 0xf8, 0xf8, 0xf0, 0xff,
    0xf8, 0xf4, 0xf8, 0xff, 0xf8, 0xf8, 0xf8, 0xff, 0xf8, 0xf8, 0xf0, 0xff,
    0xf8, 0xf8, 0xf8, 0xff, 0xf8, 0xf8, 0xf0, 0xff, 0xf8, 0xf4, 0xf0, 0xff,
    0xf8, 0xf8, 0xf8, 0xff, 0xf8, 0xf8, 0xf0, 0xff, 0xf8, 0xf8, 0xf0, 0xff,
    0xf8, 0xf4, 0xf8, 0xff, 0xf8, 0xf8, 0xf0, 0xff, 0xf8, 0xf8, 0xf0, 0xff,
    0xf8, 0xf8, 0xf8, 0xff, 0xf8, 0xf4, 0xf0, 0xff, 0xf8, 0xf8, 0xf8, 0xff,
    0xf8, 0xf8, 0xf8, 0xff, 0xf8, 0xf8, 0xf0, 0xff, 0xf8, 0xf8, 0xf8, 0xff,
    0xf8, 0xf8, 0xf0, 0xff, 0xe8, 0xa0, 0x80, 0xff, 0xe0, 0x48, 0x10, 0xff,
    0xe0, 0x48, 0x10, 0xff, 0xd8, 0x48, 0x10, 0xff, 0xe0, 0x48, 0x10, 0xff,
    0xd8, 0x48, 0x10, 0xff, 0xe0, 0x48, 0x08, 0xff, 0xd8, 0x48, 0x10, 0xff,
    0xe0, 0x48, 0x10, 0xff, 0xe0, 0x48, 0x08, 0xff, 0xe0, 0x48, 0x10, 0xff,
    0xe0, 0x48, 0x10, 0xff, 0xe0, 0x48, 0x08, 0xff, 0xe0, 0x48, 0x10, 0xff,
    0xe0, 0x48, 0x10, 0xff, 0xe8, 0x48, 0x08, 0xff, 0xe0, 0x48, 0x10, 0xff,
    0xe8, 0x48, 0x10, 0xff, 0xe0, 0x48, 0x10, 0xff, 0xe8, 0x48, 0x08, 0xff,
    0xe8, 0x48, 0x10, 0xff, 0xe8, 0x48, 0x08, 0xff, 0xe8, 0x48, 0x08, 0xff,
    0xe8, 0x48, 0x10, 0xff, 0xe8, 0x48, 0x08, 0xff, 0xe8, 0x48, 0x08, 0xff,
    0xe8, 0x48, 0x08, 0xff, 0xe8, 0x48, 0x10, 0xff, 0xe8, 0x48, 0x08, 0xff,
    0xe8, 0x48, 0x08, 0xff, 0xf0, 0x48, 0x08, 0xff, 0xe8, 0x48, 0x08, 0xff,
    0xe8, 0x48, 0x08, 0xff, 0xe8, 0x48, 0x08, 0xe7, 0xa8, 0x4c, 0x28, 0x20,
    0xf8, 0xf8, 0xf0, 0xff, 0xf8, 0xf8, 0xf8, 0xff, 0xf8, 0xf8, 0xf8, 0xff,
    0xf8, 0xf4, 0xf0, 0xff, 0xf8, 0xf8, 0xf8, 0xff, 0xf8, 0xf8, 0xf8, 0xff,
    0xf8, 0xf8, 0xf0, 0xff, 0xf8, 0xf4, 0xf8, 0xff, 0xf8, 0xf8, 0xf0, 0xff,
    0xf8, 0xf8, 0xf8, 0xff, 0xf8, 0xf4, 0xf0, 0xff, 0xf8, 0xf8, 0xf0, 0xff,
    0xf8, 0xf8, 0xf8, 0xff, 0xf8, 0xf4, 0xf0, 0xff, 0xf8, 0xf8, 0xf8, 0xff,
    0xf8, 0xf4, 0xf8, 0xff, 0xf8, 0xf4, 0xf8, 0xff, 0xf8, 0xf8, 0xf8, 0xff,
    0xf8, 0xf4, 0xf0, 0xff, 0xf8, 0xf8, 0xf8, 0xff, 0xf8, 0xf8, 0xf0, 0xff,
    0xf8, 0xf4, 0xf8, 0xff, 0xf8, 0xf8, 0xf8, 0xff, 0xf8, 0xf8, 0xf0, 0xff,
    0xf8, 0xf8, 0xf0, 0xff, 0xf8, 0xf8, 0xf8, 0xff, 0xf8, 0xf4, 0xf0, 0xff,
    0xf8, 0xf8, 0xf0, 0xff, 0xf8, 0xf4, 0xf8, 0xff, 0xf8, 0xf8, 0xf8, 0xff,
    0xf8, 0xf8, 0xf0, 0xff, 0xf8, 0xf4, 0xf8, 0xff, 0xf8, 0xf8, 0xf8, 0xff,
    0xf8, 0xf8, 0xf0, 0xff, 0xf8, 0xf4, 0xf8, 0xff, 0xf8, 0xf8, 0xf8, 0xff,
    0xf8, 0xf8, 0xf0, 0xff, 0xf8, 0xf4, 0xf8, 0xff, 0xf8, 0xf8, 0xf0, 0xff,
    0xf8, 0xf8, 0xf0, 0xff, 0xf8, 0xf8, 0xf0, 0xff, 0xf8, 0xf4, 0xf8, 0xff,
    0xf8, 0xf8, 0xf0, 0xff, 0xf8, 0xf4, 0xf8, 0xff, 0xe8, 0xa0, 0x80, 0xff,
    0xd8, 0x48, 0x10, 0xff, 0xe0, 0x48, 0x10, 0xff, 0xd8, 0x48, 0x10, 0xff,
    0xe0, 0x48, 0x10, 0xff, 0xe0, 0x48, 0x10, 0xff, 0xe0, 0x48, 0x08, 0xff,
    0xe0, 0x48, 0x10, 0xff, 0xe0, 0x48, 0x10, 0xff, 0xe0, 0x48, 0x08, 0xff,
    0xe0, 0x48, 0x10, 0xff, 0xe0, 0x48, 0x08, 0xff, 0xe0, 0x48, 0x10, 0xff,
    0xe0, 0x48, 0x08, 0xff, 0xe0, 0x48, 0x10, 0xff, 0xe8, 0x48, 0x08, 0xff,
    0xe0, 0x48, 0x08, 0xff, 0xe8, 0x48, 0x10, 0xff, 0xe8, 0x48, 0x08, 0xff,
    0xe0, 0x48, 0x08, 0xff, 0xe8, 0x48, 0x10, 0xff, 0xe8, 0x48, 0x08, 0xff,
    0xe8, 0x48, 0x10, 0xff, 0xe0, 0x48, 0x08, 0xff, 0xe8, 0x48, 0x08, 0xff,
    0xe8, 0x48, 0x08, 0xff, 0xe8, 0x48, 0x08, 0xff, 0xe8, 0x48, 0x08, 0xff,
    0xe8, 0x48, 0x10, 0xff, 0xe8, 0x48, 0x08, 0xff, 0xf0, 0x48, 0x08, 0xff,
    0xe8, 0x48, 0x10, 0xff, 0xf0, 0x48, 0x08, 0xff, 0xf0, 0x48, 0x08, 0xff,
    0xe0, 0x48, 0x10, 0x69, 0x98, 0x54, 0x38, 0x18, 0xf8, 0xf8, 0xf0, 0xff,
    0xf8, 0xf8, 0xf8, 0xff, 0xf8, 0xf4, 0xf0, 0xff, 0xf8, 0xf8, 0xf0, 0xff,
    0xf8, 0xf8, 0xf8, 0xff, 0xf8, 0xf8, 0xf0, 0xff, 0xf8, 0xf8, 0xf8, 0xff,
    0xf8, 0xf8, 0xf0, 0xff, 0xf8, 0xf8, 0xf8, 0xff, 0xf8, 0xf8, 0xf8, 0xff,
    0xf8, 0xf8, 0xf0, 0xff, 0xf8, 0xf8, 0xf8, 0xff, 0xf8, 0xf8, 0xf0, 0xff,
    0xf8, 0xf8, 0xf0, 0xff, 0xf8, 0xf8, 0xf8, 0xff, 0xf8, 0xf8, 0xf0, 0xff,
    0xf8, 0xf8, 0xf0, 0xff, 0xf8, 0xf8, 0xf8, 0xff, 0xf8, 0xf8, 0xf8, 0xff,
    0xf8, 0xf4, 0xf0, 0xff, 0xf8, 0xf8, 0xf0, 0xff, 0xf8, 0xf8, 0xf8, 0xff,
    0xf8, 0xf4, 0xf0, 0xff, 0xf8, 0xf8, 0xf8, 0xff, 0xf8, 0xf8, 0xf8, 0xff,
    0xf8, 0xf4, 0xf0, 0xff, 0xf8, 0xf8, 0xf8, 0xff, 0xf8, 0xf8, 0xf0, 0xff,
    0xf8, 0xf8, 0xf8, 0xff, 0xf8, 0xf4, 0xf0, 0xff, 0xf8, 0xf8, 0xf0, 0xff,
    0xf8, 0xf8, 0xf8, 0xff, 0xf8, 0xf8, 0xf0, 0xff, 0xf8, 0xf8, 0xf0, 0xff,
    0xf8, 0xf8, 0xf8, 0xff, 0xf8, 0xf8, 0xf0, 0xff, 0xf8, 0xf8, 0xf8, 0xff,
    0xf8, 0xf4, 0xf8, 0xff, 0xf8, 0xf8, 0xf8, 0xff, 0xf8, 0xf8, 0xf0, 0xff,
    0xf8, 0xf4, 0xf8, 0xff, 0xf8, 0xf8, 0xf0, 0xff, 0xf8, 0xf8, 0xf8, 0xff,
    0xe8, 0xa0, 0x80, 0xff, 0xe0, 0x48, 0x10, 0xff, 0xe0, 0x48, 0x10, 0xff,
    0xd8, 0x48, 0x10, 0xff, 0xe0, 0x48, 0x10, 0xff, 0xd8, 0x48, 0x10, 0xff,
    0xe0, 0x48, 0x10, 0xff, 0xe0, 0x48, 0x10, 0xff, 0xe0, 0x48, 0x10, 0xff,
    0xe0, 0x48, 0x10, 0xff, 0xe0, 0x48, 0x10, 0xff, 0xe0, 0x48, 0x08, 0xff,
    0xe0, 0x48, 0x10, 0xff, 0xe0, 0x48, 0x10, 0xff, 0xe0, 0x48, 0x10, 0xff,
    0xe0, 0x48, 0x08, 0xff, 0xe0, 0x48, 0x10, 0xff, 0xe8, 0x48, 0x10, 0xff,
    0xe0, 0x48, 0x08, 0xff, 0xe8, 0x48, 0x08, 0xff, 0xe8, 0x48, 0x08, 0xff,
    0xe0, 0x48, 0x08, 0xff, 0xe8, 0x48, 0x10, 0xff, 0xe8, 0x48, 0x08, 0xff,
    0xe8, 0x48, 0x08, 0xff, 0xe8, 0x48, 0x10, 0xff, 0xe8, 0x48, 0x08, 0xff,
    0xe8, 0x48, 0x08, 0xff, 0xe8, 0x48, 0x10, 0xff, 0xe8, 0x48, 0x08, 0xff,
    0xf0, 0x48, 0x08, 0xff, 0xe8, 0x48, 0x08, 0xff, 0xe8, 0x48, 0x08, 0xff,
    0xf0, 0x48, 0x08, 0xff, 0xe8, 0x48, 0x10, 0x96, 0x90, 0x50, 0x28, 0x18,
    0x90, 0x4c, 0x28, 0x18, 0xf8, 0xf8, 0xf8, 0xff, 0xf8, 0xf4, 0xf0, 0xff,
    0xf8, 0xf8, 0xf8, 0xff, 0xf8, 0xf8, 0xf8, 0xff, 0xf8, 0xf4, 0xf0, 0xff,
    0xf8, 0xf8, 0xf0, 0xff, 0xf8, 0xf4, 0xf8, 0xff, 0xf8, 0xf8, 0xf0, 0xff,
    0xf8, 0xf4, 0xf0, 0xff, 0xf8, 0xf8, 0xf8, 0xff, 0xf8, 0xf8, 0xf0, 0xff,
    0xf8, 0xf4, 0xf8, 0xff, 0xf8, 0xf8, 0xf8, 0xff, 0xf8, 0xf8, 0xf0, 0xff,
    0xf8, 0xf4, 0xf8, 0xff, 0xf8, 0xf8, 0xf0, 0xff, 0xf8, 0xf8, 0xf0, 0xff,
    0xf8, 0xf8, 0xf8, 0xff, 0xf8, 0xf8, 0xf0, 0xff, 0xf8, 0xf4, 0xf8, 0xff,
    0xf8, 0xf8, 0xf8, 0xff, 0xf8, 0xf8, 0xf0, 0xff, 0xf8, 0xf8, 0xf0, 0xff,
    0xf8, 0xf4, 0xf8, 0xff, 0xf8, 0xf8, 0xf0, 0xff, 0xf8, 0xf8, 0xf8, 0xff,
    0xf8, 0xf8, 0xf0, 0xff, 0xf8, 0xf8, 0xf8, 0xff, 0xf8, 0xf8, 0xf0, 0xff,
    0xf8, 0xf8, 0xf8, 0xff, 0xf8, 0xf8, 0xf8, 0xff, 0xf8, 0xf4, 0xf0, 0xff,
    0xf8, 0xf8, 0xf8, 0xff, 0xf8, 0xf4, 0xf8, 0xff, 0xf8, 0xf8, 0xf0, 0xff,
    0xf8, 0xf8, 0xf0, 0xff, 0xf8, 0xf4, 0xf0, 0xff, 0xf8, 0xf8, 0xf8, 0xff,
    0xf8, 0xf8, 0xf0, 0xff, 0xf8, 0xf8, 0xf8, 0xff, 0xf8, 0xf8, 0xf8, 0xff,
    0xf8, 0xf8, 0xf0, 0xff, 0xe8, 0xa0, 0x80, 0xff, 0xd8, 0x48, 0x10, 0xff,
    0xe0, 0x48, 0x10, 0xff, 0xd8, 0x48, 0x10, 0xff, 0xe0, 0x48, 0x10, 0xff,
    0xe0, 0x48, 0x10, 0xff, 0xe0, 0x48, 0x08, 0xff, 0xd8, 0x48, 0x10, 0xff,
    0xe0, 0x48, 0x08, 0xff, 0xe0, 0x48, 0x10, 0xff, 0xe0, 0x48, 0x10, 0xff,
    0xe0, 0x48, 0x08, 0xff, 0xe0, 0x48, 0x10, 0xff, 0xe0, 0x48, 0x10, 0xff,
    0xe0, 0x48, 0x08, 0xff, 0xe8, 0x48, 0x08, 0xff, 0xe0, 0x48, 0x08, 0xff,
    0xe8, 0x48, 0x10, 0xff, 0xe8, 0x48, 0x10, 0xff, 0xe0, 0x48, 0x08, 0xff,
    0xe8, 0x48, 0x10, 0xff, 0xe8, 0x48, 0x10, 0xff, 0xe8, 0x48, 0x08, 0xff,
    0xe8, 0x48, 0x08, 0xff, 0xe8, 0x48, 0x08, 0xff, 0xe8, 0x48, 0x08, 0xff,
    0xe8, 0x48, 0x10, 0xff, 0xe8, 0x48, 0x08, 0xff, 0xe8, 0x48, 0x08, 0xff,
    0xe8, 0x48, 0x08, 0xff, 0xf0, 0x48, 0x08, 0xff, 0xe8, 0x48, 0x08, 0xff,
    0xf0, 0x48, 0x08, 0xff, 0xe8, 0x48, 0x08, 0xff, 0xe8, 0x48, 0x08, 0xa2,
    0x98, 0x44, 0x20, 0x1c, 0x90, 0x4c, 0x28, 0x18, 0x98, 0x50, 0x38, 0x18,
    0xf8, 0xf8, 0xf0, 0xff, 0xf8, 0xf8, 0xf8, 0xff, 0xf8, 0xf8, 0xf0, 0xff,
    0xf8, 0xf8, 0xf8, 0xff, 0xf8, 0xf8, 0xf8, 0xff, 0xf8, 0xf4, 0xf0, 0xff,
    0xf8, 0xf8, 0xf8, 0xff, 0xf8, 0xf8, 0xf8, 0xff, 0xf8, 0xf8, 0xf0, 0xff,
    0xf8, 0xf4, 0xf8, 0xff, 0xf8, 0xf8, 0xf0, 0xff, 0xf8, 0xf8, 0xf0, 0xff,
    0xf8, 0xf4, 0xf8, 0xff, 0xf8, 0xf8, 0xf8, 0xff, 0xf8, 0xf8, 0xf0, 0xff,
    0xf8, 0xf4, 0xf8, 0xff, 0xf8, 0xf8, 0xf8, 0xff, 0xf8, 0xf4, 0xf0, 0xff,
    0xf8, 0xf8, 0xf0, 0xff, 0xf8, 0xf8, 0xf8, 0xff, 0xf8, 0xf8, 0xf8, 0xff,
    0xf8, 0xf8, 0xf0, 0xff, 0xf8, 0xf8, 0xf8, 0xff, 0xf8, 0xf8, 0xf0, 0xff,
    0xf8, 0xf4, 0xf8, 0xff, 0xf8, 0xf8, 0xf0, 0xff, 0xf8, 0xf8, 0xf8, 0xff,
    0xf8, 0xf4, 0xf0, 0xff, 0xf8, 0xf4, 0xf8, 0xff, 0xf8, 0xf8, 0xf0, 0xff,
    0xf8, 0xf8, 0xf8, 0xff, 0xf8, 0xf8, 0xf0, 0xff, 0xf8, 0xf8, 0xf0, 0xff,
    0xf8, 0xf4, 0xf8, 0xff, 0xf8, 0xf8, 0xf8, 0xff, 0xf8, 0xf8, 0xf0, 0xff,
    0xf8, 0xf8, 0xf8, 0xff, 0xf8, 0xf8, 0xf0, 0xff, 0xf8, 0xf4, 0xf0, 0xff,
    0xf8, 0xf8, 0xf8, 0xff, 0xf8, 0xf8, 0xf0, 0xff, 0xe8, 0xa0, 0x80, 0xff,
    0xe0, 0x48, 0x10, 0xff, 0xe0, 0x48, 0x10, 0xff, 0xd8, 0x48, 0x10, 0xff,
    0xe0, 0x48, 0x10, 0xff, 0xd8, 0x48, 0x10, 0xff, 0xe0, 0x48, 0x10, 0xff,
    0xe0, 0x48, 0x10, 0xff, 0xe0, 0x48, 0x08, 0xff, 0xe0, 0x48, 0x10, 0xff,
    0xe0, 0x48, 0x10, 0xff, 0xe0, 0x48, 0x08, 0xff, 0xe0, 0x48, 0x08, 0xff,
    0xe0, 0x48, 0x10, 0xff, 0xe0, 0x48, 0x10, 0xff, 0xe0, 0x48, 0x08, 0xff,
    0xe8, 0x48, 0x10, 0xff, 0xe8, 0x48, 0x08, 0xff, 0xe0, 0x48, 0x08, 0xff,
    0xe8, 0x48, 0x08, 0xff, 0xe8, 0x48, 0x08, 0xff, 0xe0, 0x48, 0x08, 0xff,
    0xe8, 0x48, 0x10, 0xff, 0xe8, 0x48, 0x08, 0xff, 0xe8, 0x48, 0x08, 0xff,
    0xe8, 0x48, 0x10, 0xff, 0xe8, 0x48, 0x08, 0xff, 0xe8, 0x48, 0x08, 0xff,
    0xe8, 0x48, 0x08, 0xff, 0xe8, 0x48, 0x08, 0xff, 0xf0, 0x48, 0x08, 0xff,
    0xe8, 0x48, 0x08, 0xff, 0xf0, 0x48, 0x08, 0xff, 0xe8, 0x48, 0x08, 0xdf,
    0xd8, 0x48, 0x10, 0x69, 0x90, 0x40, 0x28, 0x1c, 0x98, 0x4c, 0x28, 0x18,
    0x90, 0x4c, 0x30, 0x18, 0x98, 0x58, 0x38, 0x14, 0xf8, 0xf8, 0xf0, 0xff,
    0xf8, 0xf4, 0xf8, 0xff, 0xf8, 0xf8, 0xf0, 0xff, 0xf8, 0xf8, 0xf0, 0xff,
    0xf8, 0xf8, 0xf8, 0xff, 0xf8, 0xf8, 0xf0, 0xff, 0xf8, 0xf8, 0xf0, 0xff,
    0xf8, 0xf8, 0xf8, 0xff, 0xf8, 0xf8, 0xf8, 0xff, 0xf8, 0xf4, 0xf0, 0xff,
    0xf8, 0xf8, 0xf8, 0xff, 0xf8, 0xf8, 0xf0, 0xff, 0xf8, 0xf8, 0xf0, 0xff,
    0xf8, 0xf8, 0xf8, 0xff, 0xf8, 0xf8, 0xf0, 0xff, 0xf8, 0xf8, 0xf0, 0xff,
    0xf8, 0xf8, 0xf8, 0xff, 0xf8, 0xf8, 0xf8, 0xff, 0xf8, 0xf4, 0xf0, 0xff,
    0xf8, 0xf8, 0xf0, 0xff, 0xf8, 0xf4, 0xf0, 0xff, 0xf8, 0xf4, 0xf8, 0xff,
    0xf8, 0xf8, 0xf0, 0xff, 0xf8, 0xf8, 0xf8, 0xff, 0xf8, 0xf8, 0xf0, 0xff,
    0xf8, 0xf4, 0xf8, 0xff, 0xf8, 0xf8, 0xf0, 0xff, 0xf8, 0xf8, 0xf8, 0xff,
    0xf8, 0xf8, 0xf0, 0xff, 0xf8, 0xf4, 0xf0, 0xff, 0xf8, 0xf8, 0xf8, 0xff,
    0xf8, 0xf8, 0xf8, 0xff, 0xf8, 0xf8, 0xf0, 0xff, 0xf8, 0xf8, 0xf0, 0xff,
    0xf8, 0xf4, 0xf8, 0xff, 0xf8, 0xf8, 0xf8, 0xff, 0xf8, 0xf8, 0xf0, 0xff,
    0xf8, 0xf4, 0xf8, 0xff, 0xf8, 0xf8, 0xf8, 0xff, 0xf8, 0xf8, 0xf0, 0xff,
    0xe8, 0xa0, 0x80, 0xff, 0xd8, 0x48, 0x10, 0xff, 0xe0, 0x48, 0x10, 0xff,
    0xd8, 0x48, 0x10, 0xff, 0xe0, 0x48, 0x10, 0xff, 0xe0, 0x48, 0x10, 0xff,
    0xe0, 0x48, 0x08, 0xff, 0xd8, 0x48, 0x10, 0xff, 0xe0, 0x48, 0x10, 0xff,
    0xe0, 0x48, 0x10, 0xff, 0xe0, 0x48, 0x10, 0xff, 0xe0, 0x48, 0x08, 0xff,
    0xe0, 0x48, 0x10, 0xff, 0xe0, 0x48, 0x10, 0xff, 0xe0, 0x48, 0x08, 0xff,
    0xe8, 0x48, 0x08, 0xff, 0xe0, 0x48, 0x10, 0xff, 0xe0, 0x48, 0x10, 0xff,
    0xe8, 0x48, 0x10, 0xff, 0xe0, 0x48, 0x08, 0xff, 0xe8, 0x48, 0x10, 0xff,
    0xe8, 0x48, 0x08, 0xff, 0xe8, 0x48, 0x08, 0xff, 0xe8, 0x48, 0x10, 0xff,
    0xe8, 0x48, 0x08, 0xff, 0xe8, 0x48, 0x08, 0xff, 0xe8, 0x48, 0x10, 0xff,
    0xe8, 0x48, 0x08, 0xff, 0xe8, 0x48, 0x08, 0xff, 0xe8, 0x48, 0x08, 0xff,
    0xf0, 0x48, 0x10, 0xfb, 0xe8, 0x48, 0x08, 0xe3, 0xe8, 0x48, 0x08, 0xb6,
    0xd8, 0x48, 0x10, 0x6d, 0x98, 0x3c, 0x18, 0x20, 0x88, 0x44, 0x20, 0x18,
    0x88, 0x40, 0x20, 0x18, 0x98, 0x50, 0x30, 0x14, 0x90, 0x54, 0x30, 0x14,
    0x98, 0x5c, 0x38, 0x10
};
