// 4.23.2 0xdf84c777 D2 AY R0 FARGB8888 U565 N0 SExtFlashSection
// Generated by imageconverter. Please, do not edit!

#include <touchgfx/hal/Config.hpp>

LOCATION_PRAGMA("ExtFlashSection")
KEEP extern const unsigned char image_weather_info_bg[] LOCATION_ATTRIBUTE("ExtFlashSection") = { // 261x122 ARGB8888 pixels.
    0x00, 0x00, 0x00, 0x00, 0x00, 0x00, 0x00, 0x00, 0x00, 0x00, 0x00, 0x00,
    0x00, 0x00, 0x00, 0x00, 0x00, 0x00, 0x00, 0x00, 0x00, 0x00, 0x00, 0x00,
    0x00, 0x00, 0x00, 0x00, 0x00, 0x00, 0x00, 0x00, 0x00, 0x00, 0x00, 0x00,
    0x00, 0x00, 0x00, 0x00, 0x00, 0x00, 0x00, 0x00, 0x00, 0x00, 0x00, 0x00,
    0x00, 0x00, 0x00, 0x00, 0x00, 0x00, 0x00, 0x00, 0x00, 0x00, 0x00, 0x00,
    0x00, 0x00, 0x00, 0x00, 0x00, 0x00, 0x00, 0x00, 0x00, 0x00, 0x00, 0x00,
    0x00, 0x00, 0x00, 0x00, 0x00, 0x00, 0x00, 0x00, 0x00, 0x00, 0x00, 0x00,
    0x00, 0x00, 0x00, 0x00, 0x00, 0x00, 0x00, 0x00, 0x00, 0x00, 0x00, 0x00,
    0x00, 0x00, 0x00, 0x00, 0x00, 0x00, 0x00, 0x00, 0x00, 0x00, 0x00, 0x00,
    0x00, 0x00, 0x00, 0x00, 0x00, 0x00, 0x00, 0x00, 0x00, 0x00, 0x00, 0x00,
    0x00, 0x00, 0x00, 0x00, 0x00, 0x00, 0x00, 0x00, 0x00, 0x00, 0x00, 0x00,
    0x00, 0x00, 0x00, 0x00, 0x00, 0x00, 0x00, 0x00, 0x00, 0x00, 0x00, 0x00,
    0x00, 0x00, 0x00, 0x00, 0x00, 0x00, 0x00, 0x00, 0x00, 0x00, 0x00, 0x00,
    0x00, 0x00, 0x00, 0x00, 0x00, 0x00, 0x00, 0x00, 0x00, 0x00, 0x00, 0x00,
    0x00, 0x00, 0x00, 0x00, 0x00, 0x00, 0x00, 0x00, 0x00, 0x00, 0x00, 0x00,
    0x00, 0x00, 0x00, 0x00, 0x00, 0x00, 0x00, 0x00, 0x00, 0x00, 0x00, 0x00,
    0x00, 0x00, 0x00, 0x00, 0x00, 0x00, 0x00, 0x00, 0x00, 0x00, 0x00, 0x00,
    0x00, 0x00, 0x00, 0x00, 0x00, 0x00, 0x00, 0x00, 0x00, 0x00, 0x00, 0x00,
    0x00, 0x00, 0x00, 0x00, 0x00, 0x00, 0x00, 0x00, 0x00, 0x00, 0x00, 0x00,
    0x00, 0x00, 0x00, 0x00, 0x00, 0x00, 0x00, 0x00, 0x00, 0x00, 0x00, 0x00,
    0x00, 0x00, 0x00, 0x00, 0x00, 0x00, 0x00, 0x00, 0x00, 0x00, 0x00, 0x00,
    0x00, 0x00, 0x00, 0x00, 0x00, 0x00, 0x00, 0x00, 0x00, 0x00, 0x00, 0x00,
    0x00, 0x00, 0x00, 0x00, 0x00, 0x00, 0x00, 0x00, 0x00, 0x00, 0x00, 0x00,
    0x00, 0x00, 0x00, 0x00, 0x00, 0x00, 0x00, 0x00, 0x00, 0x00, 0x00, 0x00,
    0x00, 0x00, 0x00, 0x00, 0x00, 0x00, 0x00, 0x00, 0x00, 0x00, 0x00, 0x00,
    0x00, 0x00, 0x00, 0x00, 0x00, 0x00, 0x00, 0x00, 0x00, 0x00, 0x00, 0x00,
    0x00, 0x00, 0x00, 0x00, 0x00, 0x00, 0x00, 0x00, 0x00, 0x00, 0x00, 0x00,
    0x00, 0x00, 0x00, 0x00, 0x00, 0x00, 0x00, 0x00, 0x00, 0x00, 0x00, 0x00,
    0x00, 0x00, 0x00, 0x00, 0x00, 0x00, 0x00, 0x00, 0x00, 0x00, 0x00, 0x00,
    0x00, 0x00, 0x00, 0x00, 0x00, 0x00, 0x00, 0x00, 0x00, 0x00, 0x00, 0x00,
    0x00, 0x00, 0x00, 0x00, 0x00, 0x00, 0x00, 0x00, 0x00, 0x00, 0x00, 0x00,
    0x00, 0x00, 0x00, 0x00, 0x00, 0x00, 0x00, 0x00, 0x00, 0x00, 0x00, 0x00,
    0x00, 0x00, 0x00, 0x00, 0x00, 0x00, 0x00, 0x00, 0x00, 0x00, 0x00, 0x00,
    0x00, 0x00, 0x00, 0x00, 0x00, 0x00, 0x00, 0x00, 0x00, 0x00, 0x00, 0x00,
    0x00, 0x00, 0x00, 0x00, 0x00, 0x00, 0x00, 0x00, 0x00, 0x00, 0x00, 0x00,
    0x00, 0x00, 0x00, 0x00, 0x00, 0x00, 0x00, 0x00, 0x00, 0x00, 0x00, 0x00,
    0x00, 0x00, 0x00, 0x00, 0x00, 0x00, 0x00, 0x00, 0x00, 0x00, 0x00, 0x00,
    0x00, 0x00, 0x00, 0x00, 0x00, 0x00, 0x00, 0x00, 0x00, 0x00, 0x00, 0x00,
    0x00, 0x00, 0x00, 0x00, 0x00, 0x00, 0x00, 0x00, 0x00, 0x00, 0x00, 0x00,
    0x00, 0x00, 0x00, 0x00, 0x00, 0x00, 0x00, 0x00, 0x00, 0x00, 0x00, 0x00,
    0x00, 0x00, 0x00, 0x00, 0x00, 0x00, 0x00, 0x00, 0x00, 0x00, 0x00, 0x00,
    0x00, 0x00, 0x00, 0x00, 0x00, 0x00, 0x00, 0x00, 0x00, 0x00, 0x00, 0x00,
    0x00, 0x00, 0x00, 0x00, 0x00, 0x00, 0x00, 0x00, 0x00, 0x00, 0x00, 0x00,
    0x00, 0x00, 0x00, 0x00, 0x00, 0x00, 0x00, 0x00, 0x00, 0x00, 0x00, 0x00,
    0x00, 0x00, 0x00, 0x00, 0x00, 0x00, 0x00, 0x00, 0x00, 0x00, 0x00, 0x00,
    0x00, 0x00, 0x00, 0x00, 0x00, 0x00, 0x00, 0x00, 0x00, 0x00, 0x00, 0x00,
    0x00, 0x00, 0x00, 0x00, 0x00, 0x00, 0x00, 0x00, 0x00, 0x00, 0x00, 0x00,
    0x00, 0x00, 0x00, 0x00, 0x00, 0x00, 0x00, 0x00, 0x00, 0x00, 0x00, 0x00,
    0x00, 0x00, 0x00, 0x00, 0x00, 0x00, 0x00, 0x00, 0x00, 0x00, 0x00, 0x00,
    0x00, 0x00, 0x00, 0x00, 0x00, 0x00, 0x00, 0x00, 0x00, 0x00, 0x00, 0x00,
    0x00, 0x00, 0x00, 0x00, 0x00, 0x00, 0x00, 0x00, 0x00, 0x00, 0x00, 0x00,
    0x00, 0x00, 0x00, 0x00, 0x00, 0x00, 0x00, 0x00, 0x00, 0x00, 0x00, 0x00,
    0x00, 0x00, 0x00, 0x00, 0x00, 0x00, 0x00, 0x00, 0x00, 0x00, 0x00, 0x00,
    0x00, 0x00, 0x00, 0x00, 0x00, 0x00, 0x00, 0x00, 0x00, 0x00, 0x00, 0x00,
    0x00, 0x00, 0x00, 0x00, 0x00, 0x00, 0x00, 0x00, 0x00, 0x00, 0x00, 0x00,
    0x00, 0x00, 0x00, 0x00, 0x00, 0x00, 0x00, 0x00, 0x00, 0x00, 0x00, 0x00,
    0x00, 0x00, 0x00, 0x00, 0x00, 0x00, 0x00, 0x00, 0x00, 0x00, 0x00, 0x00,
    0x00, 0x00, 0x00, 0x00, 0x00, 0x00, 0x00, 0x00, 0x00, 0x00, 0x00, 0x00,
    0x00, 0x00, 0x00, 0x00, 0x00, 0x00, 0x00, 0x00, 0x00, 0x00, 0x00, 0x00,
    0x00, 0x00, 0x00, 0x00, 0x00, 0x00, 0x00, 0x00, 0x00, 0x00, 0x00, 0x00,
    0x00, 0x00, 0x00, 0x00, 0x00, 0x00, 0x00, 0x00, 0x00, 0x00, 0x00, 0x00,
    0x00, 0x00, 0x00, 0x00, 0x00, 0x00, 0x00, 0x00, 0x00, 0x00, 0x00, 0x00,
    0x00, 0x00, 0x00, 0x00, 0x00, 0x00, 0x00, 0x00, 0x00, 0x00, 0x00, 0x00,
    0x00, 0x00, 0x00, 0x00, 0x00, 0x00, 0x00, 0x00, 0x00, 0x00, 0x00, 0x00,
    0x00, 0x00, 0x00, 0x00, 0x00, 0x00, 0x00, 0x00, 0x00, 0x00, 0x00, 0x00,
    0x00, 0x00, 0x00, 0x00, 0x00, 0x00, 0x00, 0x00, 0x00, 0x00, 0x00, 0x00,
    0x00, 0x00, 0x00, 0x00, 0x00, 0x00, 0x00, 0x00, 0x00, 0x00, 0x00, 0x00,
    0x00, 0x00, 0x00, 0x00, 0x00, 0x00, 0x00, 0x00, 0x00, 0x00, 0x00, 0x00,
    0x00, 0x00, 0x00, 0x00, 0x00, 0x00, 0x00, 0x00, 0x00, 0x00, 0x00, 0x00,
    0x00, 0x00, 0x00, 0x00, 0x00, 0x00, 0x00, 0x00, 0x00, 0x00, 0x00, 0x00,
    0x00, 0x00, 0x00, 0x00, 0x00, 0x00, 0x00, 0x00, 0x00, 0x00, 0x00, 0x00,
    0x00, 0x00, 0x00, 0x00, 0x00, 0x00, 0x00, 0x00, 0x00, 0x00, 0x00, 0x00,
    0x00, 0x00, 0x00, 0x00, 0x00, 0x00, 0x00, 0x00, 0x00, 0x00, 0x00, 0x00,
    0x00, 0x00, 0x00, 0x00, 0x00, 0x00, 0x00, 0x00, 0x00, 0x00, 0x00, 0x00,
    0x00, 0x00, 0x00, 0x00, 0x00, 0x00, 0x00, 0x00, 0x00, 0x00, 0x00, 0x00,
    0x00, 0x00, 0x00, 0x00, 0x00, 0x00, 0x00, 0x00, 0x00, 0x00, 0x00, 0x00,
    0x00, 0x00, 0x00, 0x00, 0x00, 0x00, 0x00, 0x00, 0x00, 0x00, 0x00, 0x00,
    0x00, 0x00, 0x00, 0x00, 0x00, 0x00, 0x00, 0x00, 0x00, 0x00, 0x00, 0x00,
    0x00, 0x00, 0x00, 0x00, 0x00, 0x00, 0x00, 0x00, 0x00, 0x00, 0x00, 0x00,
    0x00, 0x00, 0x00, 0x00, 0x00, 0x00, 0x00, 0x00, 0x00, 0x00, 0x00, 0x00,
    0x00, 0x00, 0x00, 0x00, 0x00, 0x00, 0x00, 0x00, 0x00, 0x00, 0x00, 0x00,
    0x00, 0x00, 0x00, 0x00, 0x00, 0x00, 0x00, 0x00, 0x00, 0x00, 0x00, 0x00,
    0x00, 0x00, 0x00, 0x00, 0x00, 0x00, 0x00, 0x00, 0x00, 0x00, 0x00, 0x00,
    0x00, 0x00, 0x00, 0x00, 0x00, 0x00, 0x00, 0x00, 0x00, 0x00, 0x00, 0x00,
    0x00, 0x00, 0x00, 0x00, 0x00, 0x00, 0x00, 0x00, 0x00, 0x00, 0x00, 0x00,
    0x00, 0x00, 0x00, 0x00, 0x00, 0x00, 0x00, 0x00, 0x00, 0x00, 0x00, 0x00,
    0x00, 0x00, 0x00, 0x00, 0x00, 0x00, 0x00, 0x00, 0x00, 0x00, 0x00, 0x00,
    0x00, 0x00, 0x00, 0x00, 0x00, 0x00, 0x00, 0x00, 0x00, 0x00, 0x00, 0x00,
    0x00, 0x00, 0x00, 0x00, 0x00, 0x00, 0x00, 0x00, 0x00, 0x00, 0x00, 0x00,
    0x00, 0x00, 0x00, 0x00, 0x00, 0x00, 0x00, 0x00, 0x00, 0x00, 0x00, 0x00,
    0x00, 0x00, 0x00, 0x00, 0x00, 0x00, 0x00, 0x00, 0x00, 0x00, 0x00, 0x00,
    0x00, 0x00, 0x00, 0x00, 0x00, 0x00, 0x00, 0x00, 0x00, 0x00, 0x00, 0x00,
    0x00, 0x00, 0x00, 0x00, 0x00, 0x00, 0x00, 0x00, 0x00, 0x00, 0x00, 0x00,
    0x00, 0x00, 0x00, 0x00, 0x00, 0x00, 0x00, 0x00, 0x00, 0x00, 0x00, 0x00,
    0x00, 0x00, 0x00, 0x00, 0x00, 0x00, 0x00, 0x00, 0x00, 0x00, 0x00, 0x00,
    0x00, 0x00, 0x00, 0x00, 0x00, 0x00, 0x00, 0x00, 0x00, 0x00, 0x00, 0x00,
    0x00, 0x00, 0x00, 0x00, 0x00, 0x00, 0x00, 0x00, 0x00, 0x00, 0x00, 0x00,
    0x00, 0x00, 0x00, 0x00, 0x00, 0x00, 0x00, 0x00, 0x00, 0x00, 0x00, 0x00,
    0x00, 0x00, 0x00, 0x00, 0x00, 0x00, 0x00, 0x00, 0x00, 0x00, 0x00, 0x00,
    0x00, 0x00, 0x00, 0x00, 0x00, 0x00, 0x00, 0x00, 0x00, 0x00, 0x00, 0x00,
    0x00, 0x00, 0x00, 0x00, 0x00, 0x00, 0x00, 0x00, 0x00, 0x00, 0x00, 0x00,
    0x00, 0x00, 0x00, 0x00, 0x00, 0x00, 0x00, 0x00, 0x00, 0x00, 0x00, 0x00,
    0x00, 0x00, 0x00, 0x00, 0x00, 0x00, 0x00, 0x00, 0x00, 0x00, 0x00, 0x00,
    0x00, 0x00, 0x00, 0x00, 0x00, 0x00, 0x00, 0x00, 0x00, 0x00, 0x00, 0x00,
    0x00, 0x00, 0x00, 0x00, 0x00, 0x00, 0x00, 0x00, 0x00, 0x00, 0x00, 0x00,
    0x00, 0x00, 0x00, 0x00, 0x00, 0x00, 0x00, 0x00, 0x00, 0x00, 0x00, 0x00,
    0x00, 0x00, 0x00, 0x00, 0x00, 0x00, 0x00, 0x00, 0x00, 0x00, 0x00, 0x00,
    0x00, 0x00, 0x00, 0x00, 0x00, 0x00, 0x00, 0x00, 0x00, 0x00, 0x00, 0x00,
    0x00, 0x00, 0x00, 0x00, 0x00, 0x00, 0x00, 0x00, 0x00, 0x00, 0x00, 0x00,
    0x00, 0x00, 0x00, 0x00, 0x00, 0x00, 0x00, 0x00, 0x00, 0x00, 0x00, 0x00,
    0x00, 0x00, 0x00, 0x00, 0x00, 0x00, 0x00, 0x00, 0x00, 0x00, 0x00, 0x00,
    0x00, 0x00, 0x00, 0x00, 0x00, 0x00, 0x00, 0x00, 0x00, 0x00, 0x00, 0x00,
    0x00, 0x00, 0x00, 0x00, 0x00, 0x00, 0x00, 0x00, 0x00, 0x00, 0x00, 0x00,
    0x00, 0x00, 0x00, 0x00, 0x00, 0x00, 0x00, 0x00, 0x00, 0x00, 0x00, 0x00,
    0x00, 0x00, 0x00, 0x00, 0x00, 0x00, 0x00, 0x00, 0x00, 0x00, 0x00, 0x00,
    0x00, 0x00, 0x00, 0x00, 0x00, 0x00, 0x00, 0x00, 0x00, 0x00, 0x00, 0x00,
    0x00, 0x00, 0x00, 0x00, 0x00, 0x00, 0x00, 0x00, 0x00, 0x00, 0x00, 0x00,
    0x00, 0x00, 0x00, 0x00, 0x00, 0x00, 0x00, 0x00, 0x00, 0x00, 0x00, 0x00,
    0x00, 0x00, 0x00, 0x00, 0x00, 0x00, 0x00, 0x00, 0x00, 0x00, 0x00, 0x00,
    0x00, 0x00, 0x00, 0x00, 0x00, 0x00, 0x00, 0x00, 0x00, 0x00, 0x00, 0x00,
    0x00, 0x00, 0x00, 0x00, 0x00, 0x00, 0x00, 0x00, 0x00, 0x00, 0x00, 0x00,
    0x00, 0x00, 0x00, 0x00, 0x00, 0x00, 0x00, 0x00, 0x00, 0x00, 0x00, 0x00,
    0x00, 0x00, 0x00, 0x00, 0x00, 0x00, 0x00, 0x00, 0x00, 0x00, 0x00, 0x00,
    0x00, 0x00, 0x00, 0x00, 0x00, 0x00, 0x00, 0x00, 0x00, 0x00, 0x00, 0x00,
    0x00, 0x00, 0x00, 0x00, 0x00, 0x00, 0x00, 0x00, 0x00, 0x00, 0x00, 0x00,
    0x00, 0x00, 0x00, 0x00, 0x00, 0x00, 0x00, 0x00, 0x00, 0x00, 0x00, 0x00,
    0x00, 0x00, 0x00, 0x00, 0x00, 0x00, 0x00, 0x00, 0x00, 0x00, 0x00, 0x00,
    0x00, 0x00, 0x00, 0x00, 0x00, 0x00, 0x00, 0x00, 0x00, 0x00, 0x00, 0x00,
    0x00, 0x00, 0x00, 0x00, 0x00, 0x00, 0x00, 0x00, 0x00, 0x00, 0x00, 0x00,
    0x00, 0x00, 0x00, 0x00, 0x00, 0x00, 0x00, 0x00, 0x00, 0x00, 0x00, 0x00,
    0x00, 0x00, 0x00, 0x00, 0x00, 0x00, 0x00, 0x00, 0x00, 0x00, 0x00, 0x00,
    0x00, 0x00, 0x00, 0x00, 0x00, 0x00, 0x00, 0x00, 0x00, 0x00, 0x00, 0x00,
    0x00, 0x00, 0x00, 0x00, 0x00, 0x00, 0x00, 0x00, 0x00, 0x00, 0x00, 0x00,
    0x00, 0x00, 0x00, 0x00, 0x00, 0x00, 0x00, 0x00, 0x00, 0x00, 0x00, 0x00,
    0x00, 0x00, 0x00, 0x00, 0x00, 0x00, 0x00, 0x00, 0x00, 0x00, 0x00, 0x00,
    0x00, 0x00, 0x00, 0x00, 0x00, 0x00, 0x00, 0x00, 0x00, 0x00, 0x00, 0x00,
    0x00, 0x00, 0x00, 0x00, 0x00, 0x00, 0x00, 0x00, 0x00, 0x00, 0x00, 0x00,
    0x00, 0x00, 0x00, 0x00, 0x00, 0x00, 0x00, 0x00, 0x00, 0x00, 0x00, 0x00,
    0x00, 0x00, 0x00, 0x00, 0x00, 0x00, 0x00, 0x00, 0x00, 0x00, 0x00, 0x00,
    0x00, 0x00, 0x00, 0x00, 0x00, 0x00, 0x00, 0x00, 0x00, 0x00, 0x00, 0x00,
    0x00, 0x00, 0x00, 0x00, 0x00, 0x00, 0x00, 0x00, 0x00, 0x00, 0x00, 0x00,
    0x00, 0x00, 0x00, 0x00, 0x00, 0x00, 0x00, 0x00, 0x00, 0x00, 0x00, 0x00,
    0x00, 0x00, 0x00, 0x00, 0x00, 0x00, 0x00, 0x00, 0x00, 0x00, 0x00, 0x00,
    0x00, 0x00, 0x00, 0x00, 0x00, 0x00, 0x00, 0x00, 0x00, 0x00, 0x00, 0x00,
    0x00, 0x00, 0x00, 0x00, 0x00, 0x00, 0x00, 0x00, 0x00, 0x00, 0x00, 0x00,
    0x00, 0x00, 0x00, 0x00, 0x00, 0x00, 0x00, 0x00, 0x00, 0x00, 0x00, 0x00,
    0x00, 0x00, 0x00, 0x00, 0x00, 0x00, 0x00, 0x00, 0x00, 0x00, 0x00, 0x00,
    0x00, 0x00, 0x00, 0x00, 0x00, 0x00, 0x00, 0x00, 0x00, 0x00, 0x00, 0x00,
    0x00, 0x00, 0x00, 0x00, 0x00, 0x00, 0x00, 0x00, 0x00, 0x00, 0x00, 0x00,
    0x00, 0x00, 0x00, 0x00, 0x00, 0x00, 0x00, 0x00, 0x00, 0x00, 0x00, 0x00,
    0x00, 0x00, 0x00, 0x00, 0x00, 0x00, 0x00, 0x00, 0x00, 0x00, 0x00, 0x00,
    0x00, 0x00, 0x00, 0x00, 0x00, 0x00, 0x00, 0x00, 0x00, 0x00, 0x00, 0x00,
    0x00, 0x00, 0x00, 0x00, 0x00, 0x00, 0x00, 0x00, 0x00, 0x00, 0x00, 0x00,
    0x00, 0x00, 0x00, 0x00, 0x00, 0x00, 0x00, 0x00, 0x00, 0x00, 0x00, 0x00,
    0x00, 0x00, 0x00, 0x00, 0x00, 0x00, 0x00, 0x00, 0x00, 0x00, 0x00, 0x00,
    0x00, 0x00, 0x00, 0x00, 0x00, 0x00, 0x00, 0x00, 0x00, 0x00, 0x00, 0x00,
    0x00, 0x00, 0x00, 0x00, 0x00, 0x00, 0x00, 0x00, 0x00, 0x00, 0x00, 0x00,
    0x00, 0x00, 0x00, 0x00, 0x00, 0x00, 0x00, 0x00, 0x00, 0x00, 0x00, 0x00,
    0x00, 0x00, 0x00, 0x00, 0x00, 0x00, 0x00, 0x00, 0x00, 0x00, 0x00, 0x00,
    0x00, 0x00, 0x00, 0x00, 0x00, 0x00, 0x00, 0x00, 0x00, 0x00, 0x00, 0x00,
    0x00, 0x00, 0x00, 0x00, 0x00, 0x00, 0x00, 0x00, 0x00, 0x00, 0x00, 0x00,
    0x00, 0x00, 0x00, 0x00, 0x00, 0x00, 0x00, 0x00, 0x00, 0x00, 0x00, 0x00,
    0x00, 0x00, 0x00, 0x00, 0x00, 0x00, 0x00, 0x00, 0x00, 0x00, 0x00, 0x00,
    0x00, 0x00, 0x00, 0x00, 0x00, 0x00, 0x00, 0x00, 0x00, 0x00, 0x00, 0x00,
    0x00, 0x00, 0x00, 0x00, 0x00, 0x00, 0x00, 0x00, 0x00, 0x00, 0x00, 0x00,
    0x00, 0x00, 0x00, 0x00, 0x00, 0x00, 0x00, 0x00, 0x00, 0x00, 0x00, 0x00,
    0x00, 0x00, 0x00, 0x00, 0x00, 0x00, 0x00, 0x00, 0x00, 0x00, 0x00, 0x00,
    0x00, 0x00, 0x00, 0x00, 0x00, 0x00, 0x00, 0x00, 0x00, 0x00, 0x00, 0x00,
    0x00, 0x00, 0x00, 0x00, 0x00, 0x00, 0x00, 0x00, 0x00, 0x00, 0x00, 0x00,
    0x00, 0x00, 0x00, 0x00, 0x00, 0x00, 0x00, 0x00, 0x00, 0x00, 0x00, 0x00,
    0x00, 0x00, 0x00, 0x00, 0x00, 0x00, 0x00, 0x00, 0x00, 0x00, 0x00, 0x00,
    0x00, 0x00, 0x00, 0x00, 0x00, 0x00, 0x00, 0x00, 0x00, 0x00, 0x00, 0x00,
    0x00, 0x00, 0x00, 0x00, 0x00, 0x00, 0x00, 0x00, 0x00, 0x00, 0x00, 0x00,
    0x00, 0x00, 0x00, 0x00, 0x00, 0x00, 0x00, 0x00, 0x00, 0x00, 0x00, 0x00,
    0x00, 0x00, 0x00, 0x00, 0x00, 0x00, 0x00, 0x00, 0x00, 0x00, 0x00, 0x00,
    0x00, 0x00, 0x00, 0x00, 0x00, 0x00, 0x00, 0x00, 0x00, 0x00, 0x00, 0x00,
    0x00, 0x00, 0x00, 0x00, 0x00, 0x00, 0x00, 0x00, 0x00, 0x00, 0x00, 0x00,
    0x00, 0x00, 0x00, 0x00, 0x00, 0x00, 0x00, 0x00, 0x00, 0x00, 0x00, 0x00,
    0x00, 0x00, 0x00, 0x00, 0x00, 0x00, 0x00, 0x00, 0x00, 0x00, 0x00, 0x00,
    0x00, 0x00, 0x00, 0x00, 0x00, 0x00, 0x00, 0x00, 0x00, 0x00, 0x00, 0x00,
    0x00, 0x00, 0x00, 0x00, 0x00, 0x00, 0x00, 0x00, 0x00, 0x00, 0x00, 0x00,
    0x00, 0x00, 0x00, 0x00, 0x00, 0x00, 0x00, 0x00, 0x00, 0x00, 0x00, 0x00,
    0x00, 0x00, 0x00, 0x00, 0x00, 0x00, 0x00, 0x00, 0x00, 0x00, 0x00, 0x00,
    0x00, 0x00, 0x00, 0x00, 0x00, 0x00, 0x00, 0x00, 0x00, 0x00, 0x00, 0x00,
    0x00, 0x00, 0x00, 0x00, 0x00, 0x00, 0x00, 0x00, 0x00, 0x00, 0x00, 0x00,
    0x00, 0x00, 0x00, 0x00, 0x00, 0x00, 0x00, 0x00, 0x00, 0x00, 0x00, 0x00,
    0x00, 0x00, 0x00, 0x00, 0x00, 0x00, 0x00, 0x00, 0x00, 0x00, 0x00, 0x00,
    0x00, 0x00, 0x00, 0x00, 0x00, 0x00, 0x00, 0x00, 0x00, 0x00, 0x00, 0x00,
    0x00, 0x00, 0x00, 0x00, 0x00, 0x00, 0x00, 0x00, 0x00, 0x00, 0x00, 0x00,
    0x00, 0x00, 0x00, 0x00, 0x00, 0x00, 0x00, 0x00, 0x00, 0x00, 0x00, 0x00,
    0x00, 0x00, 0x00, 0x00, 0x00, 0x00, 0x00, 0x00, 0x00, 0x00, 0x00, 0x00,
    0x00, 0x00, 0x00, 0x00, 0x00, 0x00, 0x00, 0x00, 0x00, 0x00, 0x00, 0x00,
    0x00, 0x00, 0x00, 0x00, 0x00, 0x00, 0x00, 0x00, 0x00, 0x00, 0x00, 0x00,
    0x00, 0x00, 0x00, 0x00, 0x00, 0x00, 0x00, 0x00, 0x00, 0x00, 0x00, 0x00,
    0x00, 0x00, 0x00, 0x00, 0x00, 0x00, 0x00, 0x00, 0x00, 0x00, 0x00, 0x00,
    0x00, 0x00, 0x00, 0x00, 0x00, 0x00, 0x00, 0x00, 0x00, 0x00, 0x00, 0x00,
    0x00, 0x00, 0x00, 0x00, 0x00, 0x00, 0x00, 0x00, 0x00, 0x00, 0x00, 0x00,
    0x00, 0x00, 0x00, 0x00, 0x00, 0x00, 0x00, 0x00, 0x00, 0x00, 0x00, 0x00,
    0x00, 0x00, 0x00, 0x00, 0x00, 0x00, 0x00, 0x00, 0x00, 0x00, 0x00, 0x00,
    0x00, 0x00, 0x00, 0x00, 0x00, 0x00, 0x00, 0x00, 0x00, 0x00, 0x00, 0x00,
    0x00, 0x00, 0x00, 0x00, 0x00, 0x00, 0x00, 0x00, 0x00, 0x00, 0x00, 0x00,
    0x00, 0x00, 0x00, 0x00, 0x00, 0x00, 0x00, 0x00, 0x00, 0x00, 0x00, 0x00,
    0x00, 0x00, 0x00, 0x00, 0x00, 0x00, 0x00, 0x00, 0x00, 0x00, 0x00, 0x00,
    0x00, 0x00, 0x00, 0x00, 0x00, 0x00, 0x00, 0x00, 0x00, 0x00, 0x00, 0x00,
    0x00, 0x00, 0x00, 0x00, 0x00, 0x00, 0x00, 0x00, 0x00, 0x00, 0x00, 0x00,
    0x00, 0x00, 0x00, 0x00, 0x00, 0x00, 0x00, 0x00, 0x00, 0x00, 0x00, 0x00,
    0x00, 0x00, 0x00, 0x00, 0x00, 0x00, 0x00, 0x00, 0x00, 0x00, 0x00, 0x00,
    0x00, 0x00, 0x00, 0x00, 0x00, 0x00, 0x00, 0x00, 0x00, 0x00, 0x00, 0x00,
    0x00, 0x00, 0x00, 0x00, 0x00, 0x00, 0x00, 0x00, 0x00, 0x00, 0x00, 0x00,
    0x00, 0x00, 0x00, 0x00, 0x00, 0x00, 0x00, 0x00, 0x00, 0x00, 0x00, 0x00,
    0x00, 0x00, 0x00, 0x00, 0x00, 0x00, 0x00, 0x00, 0x00, 0x00, 0x00, 0x00,
    0x00, 0x00, 0x00, 0x00, 0x00, 0x00, 0x00, 0x00, 0x00, 0x00, 0x00, 0x00,
    0x00, 0x00, 0x00, 0x00, 0x00, 0x00, 0x00, 0x00, 0x00, 0x00, 0x00, 0x00,
    0x00, 0x00, 0x00, 0x00, 0x00, 0x00, 0x00, 0x00, 0x00, 0x00, 0x00, 0x00,
    0x00, 0x00, 0x00, 0x00, 0x00, 0x00, 0x00, 0x00, 0x00, 0x00, 0x00, 0x00,
    0x00, 0x00, 0x00, 0x00, 0x00, 0x00, 0x00, 0x00, 0x00, 0x00, 0x00, 0x00,
    0x00, 0x00, 0x00, 0x00, 0x00, 0x00, 0x00, 0x00, 0x00, 0x00, 0x00, 0x00,
    0x00, 0x00, 0x00, 0x00, 0x00, 0x00, 0x00, 0x00, 0x00, 0x00, 0x00, 0x00,
    0x00, 0x00, 0x00, 0x00, 0x00, 0x00, 0x00, 0x00, 0x00, 0x00, 0x00, 0x00,
    0x00, 0x00, 0x00, 0x00, 0x00, 0x00, 0x00, 0x00, 0x00, 0x00, 0x00, 0x00,
    0x00, 0x00, 0x00, 0x00, 0x00, 0x00, 0x00, 0x00, 0x00, 0x00, 0x00, 0x00,
    0x00, 0x00, 0x00, 0x00, 0x00, 0x00, 0x00, 0x00, 0x00, 0x00, 0x00, 0x00,
    0x00, 0x00, 0x00, 0x00, 0x00, 0x00, 0x00, 0x00, 0x00, 0x00, 0x00, 0x00,
    0x00, 0x00, 0x00, 0x00, 0x00, 0x00, 0x00, 0x00, 0x00, 0x00, 0x00, 0x00,
    0x00, 0x00, 0x00, 0x00, 0x00, 0x00, 0x00, 0x00, 0x00, 0x00, 0x00, 0x00,
    0x00, 0x00, 0x00, 0x00, 0x00, 0x00, 0x00, 0x00, 0x00, 0x00, 0x00, 0x00,
    0x00, 0x00, 0x00, 0x00, 0x00, 0x00, 0x00, 0x00, 0x00, 0x00, 0x00, 0x00,
    0x00, 0x00, 0x00, 0x00, 0x00, 0x00, 0x00, 0x00, 0x00, 0x00, 0x00, 0x00,
    0x00, 0x00, 0x00, 0x00, 0x00, 0x00, 0x00, 0x00, 0x00, 0x00, 0x00, 0x00,
    0x00, 0x00, 0x00, 0x00, 0x00, 0x00, 0x00, 0x00, 0x00, 0x00, 0x00, 0x00,
    0x00, 0x00, 0x00, 0x00, 0x00, 0x00, 0x00, 0x00, 0x00, 0x00, 0x00, 0x00,
    0x00, 0x00, 0x00, 0x00, 0x00, 0x00, 0x00, 0x00, 0x00, 0x00, 0x00, 0x00,
    0x00, 0x00, 0x00, 0x00, 0x00, 0x00, 0x00, 0x00, 0x00, 0x00, 0x00, 0x00,
    0x00, 0x00, 0x00, 0x00, 0x00, 0x00, 0x00, 0x00, 0x00, 0x00, 0x00, 0x00,
    0x00, 0x00, 0x00, 0x00, 0x00, 0x00, 0x00, 0x00, 0x00, 0x00, 0x00, 0x00,
    0x00, 0x00, 0x00, 0x00, 0x00, 0x00, 0x00, 0x00, 0x00, 0x00, 0x00, 0x00,
    0x00, 0x00, 0x00, 0x00, 0x00, 0x00, 0x00, 0x00, 0x00, 0x00, 0x00, 0x00,
    0x00, 0x00, 0x00, 0x00, 0x00, 0x00, 0x00, 0x00, 0x00, 0x00, 0x00, 0x00,
    0x00, 0x00, 0x00, 0x00, 0x00, 0x00, 0x00, 0x00, 0x00, 0x00, 0x00, 0x00,
    0x00, 0x00, 0x00, 0x00, 0x00, 0x00, 0x00, 0x00, 0x00, 0x00, 0x00, 0x00,
    0x00, 0x00, 0x00, 0x00, 0x00, 0x00, 0x00, 0x00, 0x00, 0x00, 0x00, 0x00,
    0x00, 0x00, 0x00, 0x00, 0x00, 0x00, 0x00, 0x00, 0x00, 0x00, 0x00, 0x00,
    0x00, 0x00, 0x00, 0x00, 0x00, 0x00, 0x00, 0x00, 0x00, 0x00, 0x00, 0x00,
    0x00, 0x00, 0x00, 0x00, 0x00, 0x00, 0x00, 0x00, 0x00, 0x00, 0x00, 0x00,
    0x00, 0x00, 0x00, 0x00, 0x00, 0x00, 0x00, 0x00, 0x00, 0x00, 0x00, 0x00,
    0x00, 0x00, 0x00, 0x00, 0x00, 0x00, 0x00, 0x00, 0x00, 0x00, 0x00, 0x00,
    0x00, 0x00, 0x00, 0x00, 0x00, 0x00, 0x00, 0x00, 0x00, 0x00, 0x00, 0x00,
    0x00, 0x00, 0x00, 0x00, 0x00, 0x00, 0x00, 0x00, 0x00, 0x00, 0x00, 0x00,
    0x00, 0x00, 0x00, 0x00, 0x00, 0x00, 0x00, 0x00, 0x00, 0x00, 0x00, 0x00,
    0x00, 0x00, 0x00, 0x00, 0x00, 0x00, 0x00, 0x00, 0x00, 0x00, 0x00, 0x00,
    0x00, 0x00, 0x00, 0x00, 0x00, 0x00, 0x00, 0x00, 0x00, 0x00, 0x00, 0x00,
    0x00, 0x00, 0x00, 0x00, 0x00, 0x00, 0x00, 0x00, 0x00, 0x00, 0x00, 0x00,
    0x00, 0x00, 0x00, 0x00, 0x00, 0x00, 0x00, 0x00, 0x00, 0x00, 0x00, 0x00,
    0x00, 0x00, 0x00, 0x00, 0x00, 0x00, 0x00, 0x00, 0x00, 0x00, 0x00, 0x00,
    0x00, 0x00, 0x00, 0x00, 0x00, 0x00, 0x00, 0x00, 0x00, 0x00, 0x00, 0x00,
    0x00, 0x00, 0x00, 0x00, 0x00, 0x00, 0x00, 0x00, 0x00, 0x00, 0x00, 0x00,
    0x00, 0x00, 0x00, 0x00, 0x00, 0x00, 0x00, 0x00, 0x00, 0x00, 0x00, 0x00,
    0x00, 0x00, 0x00, 0x00, 0x00, 0x00, 0x00, 0x00, 0x00, 0x00, 0x00, 0x00,
    0x00, 0x00, 0x00, 0x00, 0x00, 0x00, 0x00, 0x00, 0x00, 0x00, 0x00, 0x00,
    0x00, 0x00, 0x00, 0x00, 0x00, 0x00, 0x00, 0x00, 0x00, 0x00, 0x00, 0x00,
    0x00, 0x00, 0x00, 0x00, 0x00, 0x00, 0x00, 0x00, 0x00, 0x00, 0x00, 0x00,
    0x00, 0x00, 0x00, 0x00, 0x00, 0x00, 0x00, 0x00, 0x00, 0x00, 0x00, 0x00,
    0x00, 0x00, 0x00, 0x00, 0x00, 0x00, 0x00, 0x00, 0x00, 0x00, 0x00, 0x00,
    0x00, 0x00, 0x00, 0x00, 0x00, 0x00, 0x00, 0x00, 0x00, 0x00, 0x00, 0x00,
    0x00, 0x00, 0x00, 0x00, 0x00, 0x00, 0x00, 0x00, 0x00, 0x00, 0x00, 0x00,
    0x00, 0x00, 0x00, 0x00, 0x00, 0x00, 0x00, 0x00, 0x00, 0x00, 0x00, 0x00,
    0x00, 0x00, 0x00, 0x00, 0x00, 0x00, 0x00, 0x00, 0x00, 0x00, 0x00, 0x00,
    0x00, 0x00, 0x00, 0x00, 0x00, 0x00, 0x00, 0x00, 0x00, 0x00, 0x00, 0x00,
    0x00, 0x00, 0x00, 0x00, 0x00, 0x00, 0x00, 0x00, 0x00, 0x00, 0x00, 0x00,
    0x00, 0x00, 0x00, 0x00, 0x00, 0x00, 0x00, 0x00, 0x00, 0x00, 0x00, 0x00,
    0x00, 0x00, 0x00, 0x00, 0x00, 0x00, 0x00, 0x00, 0x00, 0x00, 0x00, 0x00,
    0x00, 0x00, 0x00, 0x00, 0x00, 0x00, 0x00, 0x00, 0x00, 0x00, 0x00, 0x00,
    0x00, 0x00, 0x00, 0x00, 0x00, 0x00, 0x00, 0x00, 0x00, 0x00, 0x00, 0x00,
    0x00, 0x00, 0x00, 0x00, 0x00, 0x00, 0x00, 0x00, 0x00, 0x00, 0x00, 0x00,
    0x00, 0x00, 0x00, 0x00, 0x00, 0x00, 0x00, 0x00, 0x00, 0x00, 0x00, 0x00,
    0x00, 0x00, 0x00, 0x00, 0x00, 0x00, 0x00, 0x00, 0x00, 0x00, 0x00, 0x00,
    0x00, 0x00, 0x00, 0x00, 0x00, 0x00, 0x00, 0x00, 0x00, 0x00, 0x00, 0x00,
    0x00, 0x00, 0x00, 0x00, 0x00, 0x00, 0x00, 0x00, 0x00, 0x00, 0x00, 0x00,
    0x00, 0x00, 0x00, 0x00, 0x00, 0x00, 0x00, 0x00, 0x00, 0x00, 0x00, 0x00,
    0x00, 0x00, 0x00, 0x00, 0x00, 0x00, 0x00, 0x00, 0x00, 0x00, 0x00, 0x00,
    0x00, 0x00, 0x00, 0x00, 0x00, 0x00, 0x00, 0x00, 0x00, 0x00, 0x00, 0x00,
    0x00, 0x00, 0x00, 0x00, 0x00, 0x00, 0x00, 0x00, 0x00, 0x00, 0x00, 0x00,
    0x00, 0x00, 0x00, 0x00, 0x00, 0x00, 0x00, 0x00, 0x00, 0x00, 0x00, 0x00,
    0x00, 0x00, 0x00, 0x00, 0x00, 0x00, 0x00, 0x00, 0x00, 0x00, 0x00, 0x00,
    0x00, 0x00, 0x00, 0x00, 0x00, 0x00, 0x00, 0x00, 0x00, 0x00, 0x00, 0x00,
    0x00, 0x00, 0x00, 0x00, 0x00, 0x00, 0x00, 0x00, 0x00, 0x00, 0x00, 0x00,
    0x00, 0x00, 0x00, 0x00, 0x00, 0x00, 0x00, 0x00, 0x00, 0x00, 0x00, 0x00,
    0x00, 0x00, 0x00, 0x00, 0x00, 0x00, 0x00, 0x00, 0x00, 0x00, 0x00, 0x00,
    0x00, 0x00, 0x00, 0x00, 0x00, 0x00, 0x00, 0x00, 0x00, 0x00, 0x00, 0x00,
    0x00, 0x00, 0x00, 0x00, 0x00, 0x00, 0x00, 0x00, 0x00, 0x00, 0x00, 0x00,
    0x00, 0x00, 0x00, 0x00, 0x00, 0x00, 0x00, 0x00, 0x00, 0x00, 0x00, 0x00,
    0x00, 0x00, 0x00, 0x00, 0x00, 0x00, 0x00, 0x00, 0x00, 0x00, 0x00, 0x00,
    0x00, 0x00, 0x00, 0x00, 0x00, 0x00, 0x00, 0x00, 0x00, 0x00, 0x00, 0x00,
    0x00, 0x00, 0x00, 0x00, 0x00, 0x00, 0x00, 0x00, 0x00, 0x00, 0x00, 0x00,
    0x00, 0x00, 0x00, 0x00, 0x00, 0x00, 0x00, 0x00, 0x00, 0x00, 0x00, 0x00,
    0x00, 0x00, 0x00, 0x00, 0x00, 0x00, 0x00, 0x00, 0x00, 0x00, 0x00, 0x00,
    0x00, 0x00, 0x00, 0x00, 0x00, 0x00, 0x00, 0x00, 0x00, 0x00, 0x00, 0x00,
    0x00, 0x00, 0x00, 0x00, 0x00, 0x00, 0x00, 0x00, 0x00, 0x00, 0x00, 0x00,
    0x00, 0x00, 0x00, 0x00, 0x00, 0x00, 0x00, 0x00, 0x00, 0x00, 0x00, 0x00,
    0x00, 0x00, 0x00, 0x00, 0x00, 0x00, 0x00, 0x00, 0x00, 0x00, 0x00, 0x00,
    0x00, 0x00, 0x00, 0x00, 0x00, 0x00, 0x00, 0x00, 0x00, 0x00, 0x00, 0x00,
    0x00, 0x00, 0x00, 0x00, 0x00, 0x00, 0x00, 0x00, 0x00, 0x00, 0x00, 0x00,
    0x00, 0x00, 0x00, 0x00, 0x00, 0x00, 0x00, 0x00, 0x00, 0x00, 0x00, 0x00,
    0x00, 0x00, 0x00, 0x00, 0x00, 0x00, 0x00, 0x00, 0x00, 0x00, 0x00, 0x00,
    0x00, 0x00, 0x00, 0x00, 0x00, 0x00, 0x00, 0x00, 0x00, 0x00, 0x00, 0x00,
    0x00, 0x00, 0x00, 0x00, 0x00, 0x00, 0x00, 0x00, 0x00, 0x00, 0x00, 0x00,
    0x00, 0x00, 0x00, 0x00, 0x00, 0x00, 0x00, 0x00, 0x00, 0x00, 0x00, 0x00,
    0x00, 0x00, 0x00, 0x00, 0x00, 0x00, 0x00, 0x00, 0x00, 0x00, 0x00, 0x00,
    0x00, 0x00, 0x00, 0x00, 0x00, 0x00, 0x00, 0x00, 0x00, 0x00, 0x00, 0x00,
    0x00, 0x00, 0x00, 0x00, 0x00, 0x00, 0x00, 0x00, 0x00, 0x00, 0x00, 0x00,
    0x00, 0x00, 0x00, 0x00, 0x00, 0x00, 0x00, 0x00, 0x00, 0x00, 0x00, 0x00,
    0x00, 0x00, 0x00, 0x00, 0x00, 0x00, 0x00, 0x00, 0x00, 0x00, 0x00, 0x00,
    0x00, 0x00, 0x00, 0x00, 0x00, 0x00, 0x00, 0x00, 0x00, 0x00, 0x00, 0x00,
    0x00, 0x00, 0x00, 0x00, 0x00, 0x00, 0x00, 0x00, 0x00, 0x00, 0x00, 0x00,
    0x00, 0x00, 0x00, 0x00, 0x00, 0x00, 0x00, 0x00, 0x00, 0x00, 0x00, 0x00,
    0x00, 0x00, 0x00, 0x00, 0x00, 0x00, 0x00, 0x00, 0x00, 0x00, 0x00, 0x00,
    0x00, 0x00, 0x00, 0x00, 0x00, 0x00, 0x00, 0x00, 0x00, 0x00, 0x00, 0x00,
    0x00, 0x00, 0x00, 0x00, 0x00, 0x00, 0x00, 0x00, 0x00, 0x00, 0x00, 0x00,
    0x00, 0x00, 0x00, 0x00, 0x00, 0x00, 0x00, 0x00, 0x00, 0x00, 0x00, 0x00,
    0x00, 0x00, 0x00, 0x00, 0x00, 0x00, 0x00, 0x00, 0x00, 0x00, 0x00, 0x00,
    0x00, 0x00, 0x00, 0x00, 0x00, 0x00, 0x00, 0x00, 0x00, 0x00, 0x00, 0x00,
    0x00, 0x00, 0x00, 0x00, 0x00, 0x00, 0x00, 0x00, 0x00, 0x00, 0x00, 0x00,
    0x00, 0x00, 0x00, 0x00, 0x00, 0x00, 0x00, 0x00, 0x00, 0x00, 0x00, 0x00,
    0x00, 0x00, 0x00, 0x00, 0x00, 0x00, 0x00, 0x00, 0x00, 0x00, 0x00, 0x00,
    0x00, 0x00, 0x00, 0x00, 0x00, 0x00, 0x00, 0x00, 0x00, 0x00, 0x00, 0x00,
    0x00, 0x00, 0x00, 0x00, 0x00, 0x00, 0x00, 0x00, 0x00, 0x00, 0x00, 0x00,
    0x00, 0x00, 0x00, 0x00, 0x00, 0x00, 0x00, 0x00, 0x00, 0x00, 0x00, 0x00,
    0x00, 0x00, 0x00, 0x00, 0x00, 0x00, 0x00, 0x00, 0x00, 0x00, 0x00, 0x00,
    0x00, 0x00, 0x00, 0x00, 0x00, 0x00, 0x00, 0x00, 0x00, 0x00, 0x00, 0x00,
    0x00, 0x00, 0x00, 0x00, 0x00, 0x00, 0x00, 0x00, 0x00, 0x00, 0x00, 0x00,
    0x00, 0x00, 0x00, 0x00, 0x00, 0x00, 0x00, 0x00, 0x00, 0x00, 0x00, 0x00,
    0x00, 0x00, 0x00, 0x00, 0x00, 0x00, 0x00, 0x00, 0x00, 0x00, 0x00, 0x00,
    0x00, 0x00, 0x00, 0x00, 0x00, 0x00, 0x00, 0x00, 0x00, 0x00, 0x00, 0x00,
    0x00, 0x00, 0x00, 0x00, 0x00, 0x00, 0x00, 0x00, 0x00, 0x00, 0x00, 0x00,
    0x00, 0x00, 0x00, 0x00, 0x00, 0x00, 0x00, 0x00, 0x00, 0x00, 0x00, 0x00,
    0x00, 0x00, 0x00, 0x00, 0x00, 0x00, 0x00, 0x00, 0x00, 0x00, 0x00, 0x00,
    0x00, 0x00, 0x00, 0x00, 0x00, 0x00, 0x00, 0x00, 0x00, 0x00, 0x00, 0x00,
    0x00, 0x00, 0x00, 0x00, 0x00, 0x00, 0x00, 0x00, 0x00, 0x00, 0x00, 0x00,
    0x00, 0x00, 0x00, 0x00, 0x00, 0x00, 0x00, 0x00, 0x00, 0x00, 0x00, 0x00,
    0x00, 0x00, 0x00, 0x00, 0x00, 0x00, 0x00, 0x00, 0x00, 0x00, 0x00, 0x00,
    0x00, 0x00, 0x00, 0x00, 0x00, 0x00, 0x00, 0x00, 0x00, 0x00, 0x00, 0x00,
    0x00, 0x00, 0x00, 0x00, 0x00, 0x00, 0x00, 0x00, 0x00, 0x00, 0x00, 0x00,
    0x00, 0x00, 0x00, 0x00, 0x00, 0x00, 0x00, 0x00, 0x00, 0x00, 0x00, 0x00,
    0x00, 0x00, 0x00, 0x00, 0x00, 0x00, 0x00, 0x00, 0x00, 0x00, 0x00, 0x00,
    0x00, 0x00, 0x00, 0x00, 0x00, 0x00, 0x00, 0x00, 0x00, 0x00, 0x00, 0x00,
    0x00, 0x00, 0x00, 0x00, 0x00, 0x00, 0x00, 0x00, 0x00, 0x00, 0x00, 0x00,
    0x00, 0x00, 0x00, 0x00, 0x00, 0x00, 0x00, 0x00, 0x00, 0x00, 0x00, 0x00,
    0x00, 0x00, 0x00, 0x00, 0x00, 0x00, 0x00, 0x00, 0x00, 0x00, 0x00, 0x00,
    0x00, 0x00, 0x00, 0x00, 0x00, 0x00, 0x00, 0x00, 0x00, 0x00, 0x00, 0x00,
    0x00, 0x00, 0x00, 0x00, 0x00, 0x00, 0x00, 0x00, 0x00, 0x00, 0x00, 0x00,
    0x00, 0x00, 0x00, 0x00, 0x00, 0x00, 0x00, 0x00, 0x00, 0x00, 0x00, 0x00,
    0x00, 0x00, 0x00, 0x00, 0x00, 0x00, 0x00, 0x00, 0x00, 0x00, 0x00, 0x00,
    0x00, 0x00, 0x00, 0x00, 0x00, 0x00, 0x00, 0x00, 0x00, 0x00, 0x00, 0x00,
    0x00, 0x00, 0x00, 0x00, 0x00, 0x00, 0x00, 0x00, 0x00, 0x00, 0x00, 0x00,
    0x00, 0x00, 0x00, 0x00, 0x00, 0x00, 0x00, 0x00, 0x00, 0x00, 0x00, 0x00,
    0x00, 0x00, 0x00, 0x00, 0x00, 0x00, 0x00, 0x00, 0x00, 0x00, 0x00, 0x00,
    0x00, 0x00, 0x00, 0x00, 0x00, 0x00, 0x00, 0x00, 0x00, 0x00, 0x00, 0x00,
    0x00, 0x00, 0x00, 0x00, 0x00, 0x00, 0x00, 0x00, 0x00, 0x00, 0x00, 0x00,
    0x00, 0x00, 0x00, 0x00, 0x00, 0x00, 0x00, 0x00, 0x00, 0x00, 0x00, 0x00,
    0x00, 0x00, 0x00, 0x00, 0x00, 0x00, 0x00, 0x00, 0x00, 0x00, 0x00, 0x00,
    0x00, 0x00, 0x00, 0x00, 0x00, 0x00, 0x00, 0x00, 0x00, 0x00, 0x00, 0x00,
    0x00, 0x00, 0x00, 0x00, 0x00, 0x00, 0x00, 0x00, 0x00, 0x00, 0x00, 0x00,
    0x00, 0x00, 0x00, 0x00, 0x00, 0x00, 0x00, 0x00, 0x00, 0x00, 0x00, 0x00,
    0x00, 0x00, 0x00, 0x00, 0x00, 0x00, 0x00, 0x00, 0x00, 0x00, 0x00, 0x00,
    0x00, 0x00, 0x00, 0x00, 0x00, 0x00, 0x00, 0x00, 0x00, 0x00, 0x00, 0x00,
    0x00, 0x00, 0x00, 0x00, 0x00, 0x00, 0x00, 0x00, 0x00, 0x00, 0x00, 0x00,
    0x00, 0x00, 0x00, 0x00, 0x00, 0x00, 0x00, 0x00, 0x00, 0x00, 0x00, 0x00,
    0x00, 0x00, 0x00, 0x00, 0x00, 0x00, 0x00, 0x00, 0x00, 0x00, 0x00, 0x00,
    0x00, 0x00, 0x00, 0x00, 0x00, 0x00, 0x00, 0x00, 0x00, 0x00, 0x00, 0x00,
    0x00, 0x00, 0x00, 0x00, 0x00, 0x00, 0x00, 0x00, 0x00, 0x00, 0x00, 0x00,
    0x00, 0x00, 0x00, 0x00, 0x00, 0x00, 0x00, 0x00, 0x00, 0x00, 0x00, 0x00,
    0x00, 0x00, 0x00, 0x00, 0x00, 0x00, 0x00, 0x00, 0x00, 0x00, 0x00, 0x00,
    0x00, 0x00, 0x00, 0x00, 0x00, 0x00, 0x00, 0x00, 0x00, 0x00, 0x00, 0x00,
    0x00, 0x00, 0x00, 0x00, 0x00, 0x00, 0x00, 0x00, 0x00, 0x00, 0x00, 0x00,
    0x00, 0x00, 0x00, 0x00, 0x00, 0x00, 0x00, 0x00, 0x00, 0x00, 0x00, 0x00,
    0x00, 0x00, 0x00, 0x00, 0x00, 0x00, 0x00, 0x00, 0x00, 0x00, 0x00, 0x00,
    0x00, 0x00, 0x00, 0x00, 0x00, 0x00, 0x00, 0x00, 0x00, 0x00, 0x00, 0x00,
    0x00, 0x00, 0x00, 0x00, 0x00, 0x00, 0x00, 0x00, 0x00, 0x00, 0x00, 0x00,
    0x00, 0x00, 0x00, 0x00, 0x00, 0x00, 0x00, 0x00, 0x00, 0x00, 0x00, 0x00,
    0x00, 0x00, 0x00, 0x00, 0x00, 0x00, 0x00, 0x00, 0x00, 0x00, 0x00, 0x00,
    0x00, 0x00, 0x00, 0x00, 0x00, 0x00, 0x00, 0x00, 0x00, 0x00, 0x00, 0x00,
    0x00, 0x00, 0x00, 0x00, 0x00, 0x00, 0x00, 0x00, 0x00, 0x00, 0x00, 0x00,
    0x00, 0x00, 0x00, 0x00, 0x00, 0x00, 0x00, 0x00, 0x00, 0x00, 0x00, 0x00,
    0x00, 0x00, 0x00, 0x00, 0x00, 0x00, 0x00, 0x00, 0x00, 0x00, 0x00, 0x00,
    0x00, 0x00, 0x00, 0x00, 0x00, 0x00, 0x00, 0x00, 0x00, 0x00, 0x00, 0x00,
    0x00, 0x00, 0x00, 0x00, 0x00, 0x00, 0x00, 0x00, 0x00, 0x00, 0x00, 0x00,
    0x00, 0x00, 0x00, 0x00, 0x00, 0x00, 0x00, 0x00, 0x00, 0x00, 0x00, 0x00,
    0x00, 0x00, 0x00, 0x00, 0x00, 0x00, 0x00, 0x00, 0x00, 0x00, 0x00, 0x00,
    0x00, 0x00, 0x00, 0x00, 0x00, 0x00, 0x00, 0x00, 0x00, 0x00, 0x00, 0x00,
    0x00, 0x00, 0x00, 0x00, 0x00, 0x00, 0x00, 0x00, 0x00, 0x00, 0x00, 0x00,
    0x00, 0x00, 0x00, 0x00, 0x00, 0x00, 0x00, 0x00, 0x00, 0x00, 0x00, 0x00,
    0x00, 0x00, 0x00, 0x00, 0x00, 0x00, 0x00, 0x00, 0x00, 0x00, 0x00, 0x00,
    0x00, 0x00, 0x00, 0x00, 0x00, 0x00, 0x00, 0x00, 0x00, 0x00, 0x00, 0x00,
    0x00, 0x00, 0x00, 0x00, 0x00, 0x00, 0x00, 0x00, 0x00, 0x00, 0x00, 0x00,
    0x00, 0x00, 0x00, 0x00, 0x00, 0x00, 0x00, 0x00, 0x00, 0x00, 0x00, 0x00,
    0x00, 0x00, 0x00, 0x00, 0x00, 0x00, 0x00, 0x00, 0x00, 0x00, 0x00, 0x00,
    0x00, 0x00, 0x00, 0x00, 0x00, 0x00, 0x00, 0x00, 0x00, 0x00, 0x00, 0x00,
    0x00, 0x00, 0x00, 0x00, 0x00, 0x00, 0x00, 0x00, 0x00, 0x00, 0x00, 0x00,
    0x00, 0x00, 0x00, 0x00, 0x00, 0x00, 0x00, 0x00, 0x00, 0x00, 0x00, 0x00,
    0x00, 0x00, 0x00, 0x00, 0x00, 0x00, 0x00, 0x00, 0x00, 0x00, 0x00, 0x00,
    0x00, 0x00, 0x00, 0x00, 0x00, 0x00, 0x00, 0x00, 0x00, 0x00, 0x00, 0x00,
    0x00, 0x00, 0x00, 0x00, 0x00, 0x00, 0x00, 0x00, 0x00, 0x00, 0x00, 0x00,
    0x00, 0x00, 0x00, 0x00, 0x00, 0x00, 0x00, 0x00, 0x00, 0x00, 0x00, 0x00,
    0x00, 0x00, 0x00, 0x00, 0x00, 0x00, 0x00, 0x00, 0x00, 0x00, 0x00, 0x00,
    0x00, 0x00, 0x00, 0x00, 0x00, 0x00, 0x00, 0x00, 0x00, 0x00, 0x00, 0x00,
    0x00, 0x00, 0x00, 0x00, 0x00, 0x00, 0x00, 0x00, 0x00, 0x00, 0x00, 0x00,
    0x00, 0x00, 0x00, 0x00, 0x00, 0x00, 0x00, 0x00, 0x00, 0x00, 0x00, 0x00,
    0x00, 0x00, 0x00, 0x00, 0x00, 0x00, 0x00, 0x00, 0x00, 0x00, 0x00, 0x00,
    0x00, 0x00, 0x00, 0x00, 0x00, 0x00, 0x00, 0x00, 0x00, 0x00, 0x00, 0x00,
    0x00, 0x00, 0x00, 0x00, 0x00, 0x00, 0x00, 0x00, 0x00, 0x00, 0x00, 0x00,
    0x00, 0x00, 0x00, 0x00, 0x00, 0x00, 0x00, 0x00, 0x00, 0x00, 0x00, 0x00,
    0x00, 0x00, 0x00, 0x00, 0x00, 0x00, 0x00, 0x00, 0x00, 0x00, 0x00, 0x00,
    0x00, 0x00, 0x00, 0x00, 0x00, 0x00, 0x00, 0x00, 0x00, 0x00, 0x00, 0x00,
    0x00, 0x00, 0x00, 0x00, 0x00, 0x00, 0x00, 0x00, 0x00, 0x00, 0x00, 0x00,
    0x00, 0x00, 0x00, 0x00, 0x00, 0x00, 0x00, 0x00, 0x00, 0x00, 0x00, 0x00,
    0x00, 0x00, 0x00, 0x00, 0x00, 0x00, 0x00, 0x00, 0x00, 0x00, 0x00, 0x00,
    0x00, 0x00, 0x00, 0x00, 0x00, 0x00, 0x00, 0x00, 0x00, 0x00, 0x00, 0x00,
    0x00, 0x00, 0x00, 0x00, 0x00, 0x00, 0x00, 0x00, 0x00, 0x00, 0x00, 0x00,
    0x00, 0x00, 0x00, 0x00, 0x00, 0x00, 0x00, 0x00, 0x00, 0x00, 0x00, 0x00,
    0x00, 0x00, 0x00, 0x00, 0x00, 0x00, 0x00, 0x00, 0x00, 0x00, 0x00, 0x00,
    0x00, 0x00, 0x00, 0x00, 0x00, 0x00, 0x00, 0x00, 0x00, 0x00, 0x00, 0x00,
    0x00, 0x00, 0x00, 0x00, 0x00, 0x00, 0x00, 0x00, 0x00, 0x00, 0x00, 0x00,
    0x00, 0x00, 0x00, 0x00, 0x00, 0x00, 0x00, 0x00, 0x00, 0x00, 0x00, 0x00,
    0x00, 0x00, 0x00, 0x00, 0x00, 0x00, 0x00, 0x00, 0x00, 0x00, 0x00, 0x00,
    0x00, 0x00, 0x00, 0x00, 0x00, 0x00, 0x00, 0x00, 0x00, 0x00, 0x00, 0x00,
    0x00, 0x00, 0x00, 0x00, 0x00, 0x00, 0x00, 0x00, 0x00, 0x00, 0x00, 0x00,
    0x00, 0x00, 0x00, 0x00, 0x00, 0x00, 0x00, 0x00, 0x00, 0x00, 0x00, 0x00,
    0x00, 0x00, 0x00, 0x00, 0x00, 0x00, 0x00, 0x00, 0x00, 0x00, 0x00, 0x00,
    0x00, 0x00, 0x00, 0x00, 0x00, 0x00, 0x00, 0x00, 0x00, 0x00, 0x00, 0x00,
    0x00, 0x00, 0x00, 0x00, 0x00, 0x00, 0x00, 0x00, 0x00, 0x00, 0x00, 0x00,
    0x00, 0x00, 0x00, 0x00, 0x00, 0x00, 0x00, 0x00, 0x00, 0x00, 0x00, 0x00,
    0x00, 0x00, 0x00, 0x00, 0x00, 0x00, 0x00, 0x00, 0x00, 0x00, 0x00, 0x00,
    0x00, 0x00, 0x00, 0x00, 0x00, 0x00, 0x00, 0x00, 0x00, 0x00, 0x00, 0x00,
    0x00, 0x00, 0x00, 0x00, 0x00, 0x00, 0x00, 0x00, 0x00, 0x00, 0x00, 0x00,
    0x00, 0x00, 0x00, 0x00, 0x00, 0x00, 0x00, 0x00, 0x00, 0x00, 0x00, 0x00,
    0x00, 0x00, 0x00, 0x00, 0x00, 0x00, 0x00, 0x00, 0x00, 0x00, 0x00, 0x00,
    0x00, 0x00, 0x00, 0x00, 0x00, 0x00, 0x00, 0x00, 0x00, 0x00, 0x00, 0x00,
    0x00, 0x00, 0x00, 0x00, 0x00, 0x00, 0x00, 0x00, 0x00, 0x00, 0x00, 0x00,
    0x00, 0x00, 0x00, 0x00, 0x00, 0x00, 0x00, 0x00, 0x00, 0x00, 0x00, 0x00,
    0x00, 0x00, 0x00, 0x00, 0x00, 0x00, 0x00, 0x00, 0x00, 0x00, 0x00, 0x00,
    0x00, 0x00, 0x00, 0x00, 0x00, 0x00, 0x00, 0x00, 0x00, 0x00, 0x00, 0x00,
    0x00, 0x00, 0x00, 0x00, 0x00, 0x00, 0x00, 0x00, 0x00, 0x00, 0x00, 0x00,
    0x00, 0x00, 0x00, 0x00, 0x00, 0x00, 0x00, 0x00, 0x00, 0x00, 0x00, 0x00,
    0x00, 0x00, 0x00, 0x00, 0x00, 0x00, 0x00, 0x00, 0x00, 0x00, 0x00, 0x00,
    0x00, 0x00, 0x00, 0x00, 0x00, 0x00, 0x00, 0x00, 0x00, 0x00, 0x00, 0x00,
    0x00, 0x00, 0x00, 0x00, 0x00, 0x00, 0x00, 0x00, 0x00, 0x00, 0x00, 0x00,
    0x00, 0x00, 0x00, 0x00, 0x00, 0x00, 0x00, 0x00, 0x00, 0x00, 0x00, 0x00,
    0x00, 0x00, 0x00, 0x00, 0x00, 0x00, 0x00, 0x00, 0x00, 0x00, 0x00, 0x00,
    0x00, 0x00, 0x00, 0x00, 0x00, 0x00, 0x00, 0x00, 0x00, 0x00, 0x00, 0x00,
    0x00, 0x00, 0x00, 0x00, 0x00, 0x00, 0x00, 0x00, 0x00, 0x00, 0x00, 0x00,
    0x00, 0x00, 0x00, 0x00, 0x00, 0x00, 0x00, 0x00, 0x00, 0x00, 0x00, 0x00,
    0x00, 0x00, 0x00, 0x00, 0x00, 0x00, 0x00, 0x00, 0x00, 0x00, 0x00, 0x00,
    0x00, 0x00, 0x00, 0x00, 0x00, 0x00, 0x00, 0x00, 0x00, 0x00, 0x00, 0x00,
    0x00, 0x00, 0x00, 0x00, 0x00, 0x00, 0x00, 0x00, 0x00, 0x00, 0x00, 0x00,
    0x00, 0x00, 0x00, 0x00, 0x00, 0x00, 0x00, 0x00, 0x00, 0x00, 0x00, 0x00,
    0x00, 0x00, 0x00, 0x00, 0x00, 0x00, 0x00, 0x00, 0x00, 0x00, 0x00, 0x00,
    0x00, 0x00, 0x00, 0x00, 0x00, 0x00, 0x00, 0x00, 0x00, 0x00, 0x00, 0x00,
    0x00, 0x00, 0x00, 0x00, 0x00, 0x00, 0x00, 0x00, 0x00, 0x00, 0x00, 0x00,
    0x00, 0x00, 0x00, 0x00, 0x00, 0x00, 0x00, 0x00, 0x00, 0x00, 0x00, 0x00,
    0x00, 0x00, 0x00, 0x00, 0x00, 0x00, 0x00, 0x00, 0x00, 0x00, 0x00, 0x00,
    0x00, 0x00, 0x00, 0x00, 0x00, 0x00, 0x00, 0x00, 0x00, 0x00, 0x00, 0x00,
    0x00, 0x00, 0x00, 0x00, 0x00, 0x00, 0x00, 0x00, 0x00, 0x00, 0x00, 0x00,
    0x00, 0x00, 0x00, 0x00, 0x00, 0x00, 0x00, 0x00, 0x00, 0x00, 0x00, 0x00,
    0x00, 0x00, 0x00, 0x00, 0x00, 0x00, 0x00, 0x00, 0x00, 0x00, 0x00, 0x00,
    0x00, 0x00, 0x00, 0x00, 0x00, 0x00, 0x00, 0x00, 0x00, 0x00, 0x00, 0x00,
    0x00, 0x00, 0x00, 0x00, 0x00, 0x00, 0x00, 0x00, 0x00, 0x00, 0x00, 0x00,
    0x00, 0x00, 0x00, 0x00, 0x00, 0x00, 0x00, 0x00, 0x00, 0x00, 0x00, 0x00,
    0x00, 0x00, 0x00, 0x00, 0x00, 0x00, 0x00, 0x00, 0x00, 0x00, 0x00, 0x00,
    0x00, 0x00, 0x00, 0x00, 0x00, 0x00, 0x00, 0x00, 0x00, 0x00, 0x00, 0x00,
    0x00, 0x00, 0x00, 0x00, 0x00, 0x00, 0x00, 0x00, 0x00, 0x00, 0x00, 0x00,
    0x00, 0x00, 0x00, 0x00, 0x00, 0x00, 0x00, 0x00, 0x00, 0x00, 0x00, 0x00,
    0x00, 0x00, 0x00, 0x00, 0x00, 0x00, 0x00, 0x00, 0x00, 0x00, 0x00, 0x00,
    0x00, 0x00, 0x00, 0x00, 0x00, 0x00, 0x00, 0x00, 0x00, 0x00, 0x00, 0x00,
    0x00, 0x00, 0x00, 0x00, 0x00, 0x00, 0x00, 0x00, 0x00, 0x00, 0x00, 0x00,
    0x00, 0x00, 0x00, 0x00, 0x00, 0x00, 0x00, 0x00, 0x00, 0x00, 0x00, 0x00,
    0x00, 0x00, 0x00, 0x00, 0x00, 0x00, 0x00, 0x00, 0x00, 0x00, 0x00, 0x00,
    0x00, 0x00, 0x00, 0x00, 0x00, 0x00, 0x00, 0x00, 0x00, 0x00, 0x00, 0x00,
    0x00, 0x00, 0x00, 0x00, 0x00, 0x00, 0x00, 0x00, 0x00, 0x00, 0x00, 0x00,
    0x00, 0x00, 0x00, 0x00, 0x00, 0x00, 0x00, 0x00, 0x00, 0x00, 0x00, 0x00,
    0x00, 0x00, 0x00, 0x00, 0x00, 0x00, 0x00, 0x00, 0x00, 0x00, 0x00, 0x00,
    0x00, 0x00, 0x00, 0x00, 0x00, 0x00, 0x00, 0x00, 0x00, 0x00, 0x00, 0x00,
    0x00, 0x00, 0x00, 0x00, 0x00, 0x00, 0x00, 0x00, 0x00, 0x00, 0x00, 0x00,
    0x00, 0x00, 0x00, 0x00, 0x00, 0x00, 0x00, 0x00, 0x00, 0x00, 0x00, 0x00,
    0x00, 0x00, 0x00, 0x00, 0x00, 0x00, 0x00, 0x00, 0x00, 0x00, 0x00, 0x00,
    0x00, 0x00, 0x00, 0x00, 0x00, 0x00, 0x00, 0x00, 0x00, 0x00, 0x00, 0x00,
    0x00, 0x00, 0x00, 0x00, 0x00, 0x00, 0x00, 0x00, 0x00, 0x00, 0x00, 0x00,
    0x00, 0x00, 0x00, 0x00, 0x00, 0x00, 0x00, 0x00, 0x00, 0x00, 0x00, 0x00,
    0x00, 0x00, 0x00, 0x00, 0x00, 0x00, 0x00, 0x00, 0x00, 0x00, 0x00, 0x00,
    0x00, 0x00, 0x00, 0x00, 0x00, 0x00, 0x00, 0x00, 0x00, 0x00, 0x00, 0x00,
    0x00, 0x00, 0x00, 0x00, 0x00, 0x00, 0x00, 0x00, 0x00, 0x00, 0x00, 0x00,
    0x00, 0x00, 0x00, 0x00, 0x00, 0x00, 0x00, 0x00, 0x00, 0x00, 0x00, 0x00,
    0x00, 0x00, 0x00, 0x00, 0x00, 0x00, 0x00, 0x00, 0x00, 0x00, 0x00, 0x00,
    0x00, 0x00, 0x00, 0x00, 0x00, 0x00, 0x00, 0x00, 0x00, 0x00, 0x00, 0x00,
    0x00, 0x00, 0x00, 0x00, 0x00, 0x00, 0x00, 0x00, 0x00, 0x00, 0x00, 0x00,
    0x00, 0x00, 0x00, 0x00, 0x00, 0x00, 0x00, 0x00, 0x00, 0x00, 0x00, 0x00,
    0x00, 0x00, 0x00, 0x00, 0x00, 0x00, 0x00, 0x00, 0x00, 0x00, 0x00, 0x00,
    0x00, 0x00, 0x00, 0x00, 0x00, 0x00, 0x00, 0x00, 0x00, 0x00, 0x00, 0x00,
    0x00, 0x00, 0x00, 0x00, 0x00, 0x00, 0x00, 0x00, 0x00, 0x00, 0x00, 0x00,
    0x00, 0x00, 0x00, 0x00, 0x00, 0x00, 0x00, 0x00, 0x00, 0x00, 0x00, 0x00,
    0x00, 0x00, 0x00, 0x00, 0x00, 0x00, 0x00, 0x00, 0x00, 0x00, 0x00, 0x00,
    0x00, 0x00, 0x00, 0x00, 0x00, 0x00, 0x00, 0x00, 0x00, 0x00, 0x00, 0x00,
    0x00, 0x00, 0x00, 0x00, 0x00, 0x00, 0x00, 0x00, 0x00, 0x00, 0x00, 0x00,
    0x00, 0x00, 0x00, 0x00, 0x00, 0x00, 0x00, 0x00, 0x00, 0x00, 0x00, 0x00,
    0x00, 0x00, 0x00, 0x00, 0x00, 0x00, 0x00, 0x00, 0x00, 0x00, 0x00, 0x00,
    0x00, 0x00, 0x00, 0x00, 0x00, 0x00, 0x00, 0x00, 0x00, 0x00, 0x00, 0x00,
    0x00, 0x00, 0x00, 0x00, 0x00, 0x00, 0x00, 0x00, 0x00, 0x00, 0x00, 0x00,
    0x00, 0x00, 0x00, 0x00, 0x00, 0x00, 0x00, 0x00, 0x00, 0x00, 0x00, 0x00,
    0x00, 0x00, 0x00, 0x00, 0x00, 0x00, 0x00, 0x00, 0x00, 0x00, 0x00, 0x00,
    0x00, 0x00, 0x00, 0x00, 0x00, 0x00, 0x00, 0x00, 0x00, 0x00, 0x00, 0x00,
    0x00, 0x00, 0x00, 0x00, 0x00, 0x00, 0x00, 0x00, 0x00, 0x00, 0x00, 0x00,
    0x00, 0x00, 0x00, 0x00, 0x00, 0x00, 0x00, 0x00, 0x00, 0x00, 0x00, 0x00,
    0x00, 0x00, 0x00, 0x00, 0x00, 0x00, 0x00, 0x00, 0x00, 0x00, 0x00, 0x00,
    0x00, 0x00, 0x00, 0x00, 0x00, 0x00, 0x00, 0x00, 0x00, 0x00, 0x00, 0x00,
    0x00, 0x00, 0x00, 0x00, 0x00, 0x00, 0x00, 0x00, 0x00, 0x00, 0x00, 0x00,
    0x00, 0x00, 0x00, 0x00, 0x00, 0x00, 0x00, 0x00, 0x00, 0x00, 0x00, 0x00,
    0x00, 0x00, 0x00, 0x00, 0x00, 0x00, 0x00, 0x00, 0x00, 0x00, 0x00, 0x00,
    0x00, 0x00, 0x00, 0x00, 0x00, 0x00, 0x00, 0x00, 0x00, 0x00, 0x00, 0x00,
    0x00, 0x00, 0x00, 0x00, 0x00, 0x00, 0x00, 0x00, 0x00, 0x00, 0x00, 0x00,
    0x00, 0x00, 0x00, 0x00, 0x00, 0x00, 0x00, 0x00, 0x00, 0x00, 0x00, 0x00,
    0x00, 0x00, 0x00, 0x00, 0x00, 0x00, 0x00, 0x00, 0x00, 0x00, 0x00, 0x00,
    0x00, 0x00, 0x00, 0x00, 0x00, 0x00, 0x00, 0x00, 0x00, 0x00, 0x00, 0x00,
    0x00, 0x00, 0x00, 0x00, 0x00, 0x00, 0x00, 0x00, 0x00, 0x00, 0x00, 0x00,
    0x00, 0x00, 0x00, 0x00, 0x00, 0x00, 0x00, 0x00, 0x00, 0x00, 0x00, 0x00,
    0x00, 0x00, 0x00, 0x00, 0x00, 0x00, 0x00, 0x00, 0x00, 0x00, 0x00, 0x00,
    0x00, 0x00, 0x00, 0x00, 0x00, 0x00, 0x00, 0x00, 0x00, 0x00, 0x00, 0x00,
    0x00, 0x00, 0x00, 0x00, 0x00, 0x00, 0x00, 0x00, 0x00, 0x00, 0x00, 0x00,
    0x00, 0x00, 0x00, 0x00, 0x00, 0x00, 0x00, 0x00, 0x00, 0x00, 0x00, 0x00,
    0x00, 0x00, 0x00, 0x00, 0x00, 0x00, 0x00, 0x00, 0x00, 0x00, 0x00, 0x00,
    0x00, 0x00, 0x00, 0x00, 0x00, 0x00, 0x00, 0x00, 0x00, 0x00, 0x00, 0x00,
    0x00, 0x00, 0x00, 0x00, 0x00, 0x00, 0x00, 0x00, 0x00, 0x00, 0x00, 0x00,
    0x00, 0x00, 0x00, 0x00, 0x00, 0x00, 0x00, 0x00, 0x00, 0x00, 0x00, 0x00,
    0x00, 0x00, 0x00, 0x00, 0x00, 0x00, 0x00, 0x00, 0x00, 0x00, 0x00, 0x00,
    0x00, 0x00, 0x00, 0x00, 0x00, 0x00, 0x00, 0x00, 0x00, 0x00, 0x00, 0x00,
    0x00, 0x00, 0x00, 0x00, 0x00, 0x00, 0x00, 0x00, 0x00, 0x00, 0x00, 0x00,
    0x00, 0x00, 0x00, 0x00, 0x00, 0x00, 0x00, 0x00, 0x00, 0x00, 0x00, 0x00,
    0x00, 0x00, 0x00, 0x00, 0x00, 0x00, 0x00, 0x00, 0x00, 0x00, 0x00, 0x00,
    0x00, 0x00, 0x00, 0x00, 0x00, 0x00, 0x00, 0x00, 0x00, 0x00, 0x00, 0x00,
    0x00, 0x00, 0x00, 0x00, 0x00, 0x00, 0x00, 0x00, 0x00, 0x00, 0x00, 0x00,
    0x00, 0x00, 0x00, 0x00, 0x00, 0x00, 0x00, 0x00, 0x00, 0x00, 0x00, 0x00,
    0x00, 0x00, 0x00, 0x00, 0x00, 0x00, 0x00, 0x00, 0x00, 0x00, 0x00, 0x00,
    0x00, 0x00, 0x00, 0x00, 0x00, 0x00, 0x00, 0x00, 0x00, 0x00, 0x00, 0x00,
    0x00, 0x00, 0x00, 0x00, 0x00, 0x00, 0x00, 0x00, 0x00, 0x00, 0x00, 0x00,
    0x00, 0x00, 0x00, 0x00, 0x00, 0x00, 0x00, 0x00, 0x00, 0x00, 0x00, 0x00,
    0x00, 0x00, 0x00, 0x00, 0x00, 0x00, 0x00, 0x00, 0x00, 0x00, 0x00, 0x00,
    0x00, 0x00, 0x00, 0x00, 0x00, 0x00, 0x00, 0x00, 0x00, 0x00, 0x00, 0x00,
    0x00, 0x00, 0x00, 0x00, 0x00, 0x00, 0x00, 0x00, 0x00, 0x00, 0x00, 0x00,
    0x00, 0x00, 0x00, 0x00, 0x00, 0x00, 0x00, 0x00, 0x00, 0x00, 0x00, 0x00,
    0x00, 0x00, 0x00, 0x00, 0x00, 0x00, 0x00, 0x00, 0x00, 0x00, 0x00, 0x00,
    0x00, 0x00, 0x00, 0x00, 0x00, 0x00, 0x00, 0x00, 0x00, 0x00, 0x00, 0x00,
    0x00, 0x00, 0x00, 0x00, 0x00, 0x00, 0x00, 0x00, 0x00, 0x00, 0x00, 0x00,
    0x00, 0x00, 0x00, 0x00, 0x00, 0x00, 0x00, 0x00, 0x00, 0x00, 0x00, 0x00,
    0x00, 0x00, 0x00, 0x00, 0x00, 0x00, 0x00, 0x00, 0x00, 0x00, 0x00, 0x00,
    0x00, 0x00, 0x00, 0x00, 0x00, 0x00, 0x00, 0x00, 0x00, 0x00, 0x00, 0x00,
    0x00, 0x00, 0x00, 0x00, 0x00, 0x00, 0x00, 0x00, 0x00, 0x00, 0x00, 0x00,
    0x00, 0x00, 0x00, 0x00, 0x00, 0x00, 0x00, 0x00, 0x00, 0x00, 0x00, 0x00,
    0x00, 0x00, 0x00, 0x00, 0x00, 0x00, 0x00, 0x00, 0x00, 0x00, 0x00, 0x00,
    0x00, 0x00, 0x00, 0x00, 0x00, 0x00, 0x00, 0x00, 0x00, 0x00, 0x00, 0x00,
    0x00, 0x00, 0x00, 0x00, 0x00, 0x00, 0x00, 0x00, 0x00, 0x00, 0x00, 0x00,
    0x00, 0x00, 0x00, 0x00, 0x00, 0x00, 0x00, 0x00, 0x00, 0x00, 0x00, 0x00,
    0x00, 0x00, 0x00, 0x00, 0x00, 0x00, 0x00, 0x00, 0x00, 0x00, 0x00, 0x00,
    0x00, 0x00, 0x00, 0x00, 0x00, 0x00, 0x00, 0x00, 0x00, 0x00, 0x00, 0x00,
    0x00, 0x00, 0x00, 0x00, 0x00, 0x00, 0x00, 0x00, 0x00, 0x00, 0x00, 0x00,
    0x00, 0x00, 0x00, 0x00, 0x00, 0x00, 0x00, 0x00, 0x00, 0x00, 0x00, 0x00,
    0x00, 0x00, 0x00, 0x00, 0x00, 0x00, 0x00, 0x00, 0x00, 0x00, 0x00, 0x00,
    0x00, 0x00, 0x00, 0x00, 0x00, 0x00, 0x00, 0x00, 0x00, 0x00, 0x00, 0x00,
    0x00, 0x00, 0x00, 0x00, 0x00, 0x00, 0x00, 0x00, 0x00, 0x00, 0x00, 0x00,
    0x00, 0x00, 0x00, 0x00, 0x00, 0x00, 0x00, 0x00, 0x00, 0x00, 0x00, 0x00,
    0x00, 0x00, 0x00, 0x00, 0x00, 0x00, 0x00, 0x00, 0x00, 0x00, 0x00, 0x00,
    0x00, 0x00, 0x00, 0x00, 0x00, 0x00, 0x00, 0x00, 0x00, 0x00, 0x00, 0x00,
    0x00, 0x00, 0x00, 0x00, 0x00, 0x00, 0x00, 0x00, 0x00, 0x00, 0x00, 0x00,
    0x00, 0x00, 0x00, 0x00, 0x00, 0x00, 0x00, 0x00, 0x00, 0x00, 0x00, 0x00,
    0x00, 0x00, 0x00, 0x00, 0x00, 0x00, 0x00, 0x00, 0x00, 0x00, 0x00, 0x00,
    0x00, 0x00, 0x00, 0x00, 0x00, 0x00, 0x00, 0x00, 0x00, 0x00, 0x00, 0x00,
    0x00, 0x00, 0x00, 0x00, 0x00, 0x00, 0x00, 0x00, 0x00, 0x00, 0x00, 0x00,
    0x00, 0x00, 0x00, 0x00, 0x00, 0x00, 0x00, 0x00, 0x00, 0x00, 0x00, 0x00,
    0x00, 0x00, 0x00, 0x00, 0x00, 0x00, 0x00, 0x00, 0x00, 0x00, 0x00, 0x00,
    0x00, 0x00, 0x00, 0x00, 0x00, 0x00, 0x00, 0x00, 0x00, 0x00, 0x00, 0x00,
    0x00, 0x00, 0x00, 0x00, 0x00, 0x00, 0x00, 0x00, 0x00, 0x00, 0x00, 0x00,
    0x00, 0x00, 0x00, 0x00, 0x00, 0x00, 0x00, 0x00, 0x00, 0x00, 0x00, 0x00,
    0x00, 0x00, 0x00, 0x00, 0x00, 0x00, 0x00, 0x00, 0x00, 0x00, 0x00, 0x00,
    0x00, 0x00, 0x00, 0x00, 0x00, 0x00, 0x00, 0x00, 0x00, 0x00, 0x00, 0x00,
    0x00, 0x00, 0x00, 0x00, 0x00, 0x00, 0x00, 0x00, 0x00, 0x00, 0x00, 0x00,
    0x00, 0x00, 0x00, 0x00, 0x00, 0x00, 0x00, 0x00, 0x00, 0x00, 0x00, 0x00,
    0x00, 0x00, 0x00, 0x00, 0x00, 0x00, 0x00, 0x00, 0x00, 0x00, 0x00, 0x00,
    0x00, 0x00, 0x00, 0x00, 0x00, 0x00, 0x00, 0x00, 0x00, 0x00, 0x00, 0x00,
    0x00, 0x00, 0x00, 0x00, 0x00, 0x00, 0x00, 0x00, 0x00, 0x00, 0x00, 0x00,
    0x00, 0x00, 0x00, 0x00, 0x00, 0x00, 0x00, 0x00, 0x00, 0x00, 0x00, 0x00,
    0x00, 0x00, 0x00, 0x00, 0x00, 0x00, 0x00, 0x00, 0x00, 0x00, 0x00, 0x00,
    0x00, 0x00, 0x00, 0x00, 0x00, 0x00, 0x00, 0x00, 0x00, 0x00, 0x00, 0x00,
    0x00, 0x00, 0x00, 0x00, 0x00, 0x00, 0x00, 0x00, 0x00, 0x00, 0x00, 0x00,
    0x00, 0x00, 0x00, 0x00, 0x00, 0x00, 0x00, 0x00, 0x00, 0x00, 0x00, 0x00,
    0x00, 0x00, 0x00, 0x00, 0x00, 0x00, 0x00, 0x00, 0x00, 0x00, 0x00, 0x00,
    0x00, 0x00, 0x00, 0x00, 0x00, 0x00, 0x00, 0x00, 0x00, 0x00, 0x00, 0x00,
    0x00, 0x00, 0x00, 0x00, 0x00, 0x00, 0x00, 0x00, 0x00, 0x00, 0x00, 0x00,
    0x00, 0x00, 0x00, 0x00, 0x00, 0x00, 0x00, 0x00, 0x00, 0x00, 0x00, 0x00,
    0x00, 0x00, 0x00, 0x00, 0x00, 0x00, 0x00, 0x00, 0x00, 0x00, 0x00, 0x00,
    0x00, 0x00, 0x00, 0x00, 0x00, 0x00, 0x00, 0x00, 0x00, 0x00, 0x00, 0x00,
    0x00, 0x00, 0x00, 0x00, 0x00, 0x00, 0x00, 0x00, 0x00, 0x00, 0x00, 0x00,
    0x00, 0x00, 0x00, 0x00, 0x00, 0x00, 0x00, 0x00, 0x00, 0x00, 0x00, 0x00,
    0x00, 0x00, 0x00, 0x00, 0x00, 0x00, 0x00, 0x00, 0x00, 0x00, 0x00, 0x00,
    0x00, 0x00, 0x00, 0x00, 0x00, 0x00, 0x00, 0x00, 0x00, 0x00, 0x00, 0x00,
    0x00, 0x00, 0x00, 0x00, 0x00, 0x00, 0x00, 0x00, 0x00, 0x00, 0x00, 0x00,
    0x00, 0x00, 0x00, 0x00, 0x00, 0x00, 0x00, 0x00, 0x00, 0x00, 0x00, 0x00,
    0x00, 0x00, 0x00, 0x00, 0x00, 0x00, 0x00, 0x00, 0x00, 0x00, 0x00, 0x00,
    0x00, 0x00, 0x00, 0x00, 0x00, 0x00, 0x00, 0x00, 0x00, 0x00, 0x00, 0x00,
    0x00, 0x00, 0x00, 0x00, 0x00, 0x00, 0x00, 0x00, 0x00, 0x00, 0x00, 0x00,
    0x00, 0x00, 0x00, 0x00, 0x00, 0x00, 0x00, 0x00, 0x00, 0x00, 0x00, 0x00,
    0x00, 0x00, 0x00, 0x00, 0x00, 0x00, 0x00, 0x00, 0x00, 0x00, 0x00, 0x00,
    0x00, 0x00, 0x00, 0x00, 0x00, 0x00, 0x00, 0x00, 0x00, 0x00, 0x00, 0x00,
    0x00, 0x00, 0x00, 0x00, 0x00, 0x00, 0x00, 0x00, 0x00, 0x00, 0x00, 0x00,
    0x00, 0x00, 0x00, 0x00, 0x00, 0x00, 0x00, 0x00, 0x00, 0x00, 0x00, 0x00,
    0x00, 0x00, 0x00, 0x00, 0x00, 0x00, 0x00, 0x00, 0x00, 0x00, 0x00, 0x00,
    0x00, 0x00, 0x00, 0x00, 0x00, 0x00, 0x00, 0x00, 0x00, 0x00, 0x00, 0x00,
    0x00, 0x00, 0x00, 0x00, 0x00, 0x00, 0x00, 0x00, 0x00, 0x00, 0x00, 0x00,
    0x00, 0x00, 0x00, 0x00, 0x00, 0x00, 0x00, 0x00, 0x00, 0x00, 0x00, 0x00,
    0x00, 0x00, 0x00, 0x00, 0x00, 0x00, 0x00, 0x00, 0x00, 0x00, 0x00, 0x00,
    0x00, 0x00, 0x00, 0x00, 0x00, 0x00, 0x00, 0x00, 0x00, 0x00, 0x00, 0x00,
    0x00, 0x00, 0x00, 0x00, 0x00, 0x00, 0x00, 0x00, 0x00, 0x00, 0x00, 0x00,
    0x00, 0x00, 0x00, 0x00, 0x00, 0x00, 0x00, 0x00, 0x00, 0x00, 0x00, 0x00,
    0x00, 0x00, 0x00, 0x00, 0x00, 0x00, 0x00, 0x00, 0x00, 0x00, 0x00, 0x00,
    0x00, 0x00, 0x00, 0x00, 0x00, 0x00, 0x00, 0x00, 0x00, 0x00, 0x00, 0x00,
    0x00, 0x00, 0x00, 0x00, 0x00, 0x00, 0x00, 0x00, 0x00, 0x00, 0x00, 0x00,
    0x00, 0x00, 0x00, 0x00, 0x00, 0x00, 0x00, 0x00, 0x00, 0x00, 0x00, 0x00,
    0x00, 0x00, 0x00, 0x00, 0x00, 0x00, 0x00, 0x00, 0x00, 0x00, 0x00, 0x00,
    0x00, 0x00, 0x00, 0x00, 0x00, 0x00, 0x00, 0x00, 0x00, 0x00, 0x00, 0x00,
    0x00, 0x00, 0x00, 0x00, 0x00, 0x00, 0x00, 0x00, 0x00, 0x00, 0x00, 0x00,
    0x00, 0x00, 0x00, 0x00, 0x00, 0x00, 0x00, 0x00, 0x00, 0x00, 0x00, 0x00,
    0x00, 0x00, 0x00, 0x00, 0x00, 0x00, 0x00, 0x00, 0x00, 0x00, 0x00, 0x00,
    0x00, 0x00, 0x00, 0x00, 0x00, 0x00, 0x00, 0x00, 0x00, 0x00, 0x00, 0x00,
    0x00, 0x00, 0x00, 0x00, 0x00, 0x00, 0x00, 0x00, 0x00, 0x00, 0x00, 0x00,
    0x00, 0x00, 0x00, 0x00, 0x00, 0x00, 0x00, 0x00, 0x00, 0x00, 0x00, 0x00,
    0x00, 0x00, 0x00, 0x00, 0x00, 0x00, 0x00, 0x00, 0x00, 0x00, 0x00, 0x00,
    0x00, 0x00, 0x00, 0x00, 0x00, 0x00, 0x00, 0x00, 0x00, 0x00, 0x00, 0x00,
    0x00, 0x00, 0x00, 0x00, 0x00, 0x00, 0x00, 0x00, 0x00, 0x00, 0x00, 0x00,
    0x00, 0x00, 0x00, 0x00, 0x00, 0x00, 0x00, 0x00, 0x00, 0x00, 0x00, 0x00,
    0x00, 0x00, 0x00, 0x00, 0x00, 0x00, 0x00, 0x00, 0x00, 0x00, 0x00, 0x00,
    0x00, 0x00, 0x00, 0x00, 0x00, 0x00, 0x00, 0x00, 0x00, 0x00, 0x00, 0x00,
    0x00, 0x00, 0x00, 0x00, 0x00, 0x00, 0x00, 0x00, 0x00, 0x00, 0x00, 0x00,
    0x00, 0x00, 0x00, 0x00, 0x00, 0x00, 0x00, 0x00, 0x00, 0x00, 0x00, 0x00,
    0x00, 0x00, 0x00, 0x00, 0x00, 0x00, 0x00, 0x00, 0x00, 0x00, 0x00, 0x00,
    0x00, 0x00, 0x00, 0x00, 0x00, 0x00, 0x00, 0x00, 0x00, 0x00, 0x00, 0x00,
    0x00, 0x00, 0x00, 0x00, 0x00, 0x00, 0x00, 0x00, 0x00, 0x00, 0x00, 0x00,
    0x00, 0x00, 0x00, 0x00, 0x00, 0x00, 0x00, 0x00, 0x00, 0x00, 0x00, 0x00,
    0x00, 0x00, 0x00, 0x00, 0x00, 0x00, 0x00, 0x00, 0x00, 0x00, 0x00, 0x00,
    0x00, 0x00, 0x00, 0x00, 0x00, 0x00, 0x00, 0x00, 0x00, 0x00, 0x00, 0x00,
    0x00, 0x00, 0x00, 0x00, 0x00, 0x00, 0x00, 0x00, 0x00, 0x00, 0x00, 0x00,
    0x00, 0x00, 0x00, 0x00, 0x00, 0x00, 0x00, 0x00, 0x00, 0x00, 0x00, 0x00,
    0x00, 0x00, 0x00, 0x00, 0x00, 0x00, 0x00, 0x00, 0x00, 0x00, 0x00, 0x00,
    0x00, 0x00, 0x00, 0x00, 0x00, 0x00, 0x00, 0x00, 0x00, 0x00, 0x00, 0x00,
    0x00, 0x00, 0x00, 0x00, 0x00, 0x00, 0x00, 0x00, 0x00, 0x00, 0x00, 0x00,
    0x00, 0x00, 0x00, 0x00, 0x00, 0x00, 0x00, 0x00, 0x00, 0x00, 0x00, 0x00,
    0x00, 0x00, 0x00, 0x00, 0x00, 0x00, 0x00, 0x00, 0x00, 0x00, 0x00, 0x00,
    0x00, 0x00, 0x00, 0x00, 0x00, 0x00, 0x00, 0x00, 0x00, 0x00, 0x00, 0x00,
    0x00, 0x00, 0x00, 0x00, 0x00, 0x00, 0x00, 0x00, 0x00, 0x00, 0x00, 0x00,
    0x00, 0x00, 0x00, 0x00, 0x00, 0x00, 0x00, 0x00, 0x00, 0x00, 0x00, 0x00,
    0x00, 0x00, 0x00, 0x00, 0x00, 0x00, 0x00, 0x00, 0x00, 0x00, 0x00, 0x00,
    0x00, 0x00, 0x00, 0x00, 0x00, 0x00, 0x00, 0x00, 0x00, 0x00, 0x00, 0x00,
    0x00, 0x00, 0x00, 0x00, 0x00, 0x00, 0x00, 0x00, 0x00, 0x00, 0x00, 0x00,
    0x00, 0x00, 0x00, 0x00, 0x00, 0x00, 0x00, 0x00, 0x00, 0x00, 0x00, 0x00,
    0x00, 0x00, 0x00, 0x00, 0x00, 0x00, 0x00, 0x00, 0x00, 0x00, 0x00, 0x00,
    0x00, 0x00, 0x00, 0x00, 0x00, 0x00, 0x00, 0x00, 0x00, 0x00, 0x00, 0x00,
    0x00, 0x00, 0x00, 0x00, 0x00, 0x00, 0x00, 0x00, 0x00, 0x00, 0x00, 0x00,
    0x00, 0x00, 0x00, 0x00, 0x00, 0x00, 0x00, 0x00, 0x00, 0x00, 0x00, 0x00,
    0x00, 0x00, 0x00, 0x00, 0x00, 0x00, 0x00, 0x00, 0x00, 0x00, 0x00, 0x00,
    0x00, 0x00, 0x00, 0x00, 0x00, 0x00, 0x00, 0x00, 0x00, 0x00, 0x00, 0x00,
    0x00, 0x00, 0x00, 0x00, 0x00, 0x00, 0x00, 0x00, 0x00, 0x00, 0x00, 0x00,
    0x00, 0x00, 0x00, 0x00, 0x00, 0x00, 0x00, 0x00, 0x00, 0x00, 0x00, 0x00,
    0x00, 0x00, 0x00, 0x00, 0x00, 0x00, 0x00, 0x00, 0x00, 0x00, 0x00, 0x00,
    0x00, 0x00, 0x00, 0x00, 0x00, 0x00, 0x00, 0x00, 0x00, 0x00, 0x00, 0x00,
    0x00, 0x00, 0x00, 0x00, 0x00, 0x00, 0x00, 0x00, 0x00, 0x00, 0x00, 0x00,
    0x00, 0x00, 0x00, 0x00, 0x00, 0x00, 0x00, 0x00, 0x00, 0x00, 0x00, 0x00,
    0x00, 0x00, 0x00, 0x00, 0x00, 0x00, 0x00, 0x00, 0x00, 0x00, 0x00, 0x00,
    0x00, 0x00, 0x00, 0x00, 0x00, 0x00, 0x00, 0x00, 0x00, 0x00, 0x00, 0x00,
    0x00, 0x00, 0x00, 0x00, 0x00, 0x00, 0x00, 0x00, 0x00, 0x00, 0x00, 0x00,
    0x00, 0x00, 0x00, 0x00, 0x00, 0x00, 0x00, 0x00, 0x00, 0x00, 0x00, 0x00,
    0x00, 0x00, 0x00, 0x00, 0x00, 0x00, 0x00, 0x00, 0x00, 0x00, 0x00, 0x00,
    0x00, 0x00, 0x00, 0x00, 0x00, 0x00, 0x00, 0x00, 0x00, 0x00, 0x00, 0x00,
    0x00, 0x00, 0x00, 0x00, 0x00, 0x00, 0x00, 0x00, 0x00, 0x00, 0x00, 0x00,
    0x00, 0x00, 0x00, 0x00, 0x00, 0x00, 0x00, 0x00, 0x00, 0x00, 0x00, 0x00,
    0x00, 0x00, 0x00, 0x00, 0x00, 0x00, 0x00, 0x00, 0x00, 0x00, 0x00, 0x00,
    0x00, 0x00, 0x00, 0x00, 0x00, 0x00, 0x00, 0x00, 0x00, 0x00, 0x00, 0x00,
    0x00, 0x00, 0x00, 0x00, 0x00, 0x00, 0x00, 0x00, 0x00, 0x00, 0x00, 0x00,
    0x00, 0x00, 0x00, 0x00, 0x00, 0x00, 0x00, 0x00, 0x00, 0x00, 0x00, 0x00,
    0x00, 0x00, 0x00, 0x00, 0x00, 0x00, 0x00, 0x00, 0x00, 0x00, 0x00, 0x00,
    0x00, 0x00, 0x00, 0x00, 0x00, 0x00, 0x00, 0x00, 0x00, 0x00, 0x00, 0x00,
    0x00, 0x00, 0x00, 0x00, 0x00, 0x00, 0x00, 0x00, 0x00, 0x00, 0x00, 0x00,
    0x00, 0x00, 0x00, 0x00, 0x00, 0x00, 0x00, 0x00, 0x00, 0x00, 0x00, 0x00,
    0x00, 0x00, 0x00, 0x00, 0x00, 0x00, 0x00, 0x00, 0x00, 0x00, 0x00, 0x00,
    0x00, 0x00, 0x00, 0x00, 0x00, 0x00, 0x00, 0x00, 0x00, 0x00, 0x00, 0x00,
    0x00, 0x00, 0x00, 0x00, 0x00, 0x00, 0x00, 0x00, 0x00, 0x00, 0x00, 0x00,
    0x00, 0x00, 0x00, 0x00, 0x00, 0x00, 0x00, 0x00, 0x00, 0x00, 0x00, 0x00,
    0x00, 0x00, 0x00, 0x00, 0x00, 0x00, 0x00, 0x00, 0x00, 0x00, 0x00, 0x00,
    0x00, 0x00, 0x00, 0x00, 0x00, 0x00, 0x00, 0x00, 0x00, 0x00, 0x00, 0x00,
    0x00, 0x00, 0x00, 0x00, 0x00, 0x00, 0x00, 0x00, 0x00, 0x00, 0x00, 0x00,
    0x00, 0x00, 0x00, 0x00, 0x00, 0x00, 0x00, 0x00, 0x00, 0x00, 0x00, 0x00,
    0x00, 0x00, 0x00, 0x00, 0x00, 0x00, 0x00, 0x00, 0x00, 0x00, 0x00, 0x00,
    0x00, 0x00, 0x00, 0x00, 0x00, 0x00, 0x00, 0x00, 0x00, 0x00, 0x00, 0x00,
    0x00, 0x00, 0x00, 0x00, 0x00, 0x00, 0x00, 0x00, 0x00, 0x00, 0x00, 0x00,
    0x00, 0x00, 0x00, 0x00, 0x00, 0x00, 0x00, 0x00, 0x00, 0x00, 0x00, 0x00,
    0x00, 0x00, 0x00, 0x00, 0x00, 0x00, 0x00, 0x00, 0x00, 0x00, 0x00, 0x00,
    0x00, 0x00, 0x00, 0x00, 0x00, 0x00, 0x00, 0x00, 0x00, 0x00, 0x00, 0x00,
    0x00, 0x00, 0x00, 0x00, 0x00, 0x00, 0x00, 0x00, 0x00, 0x00, 0x00, 0x00,
    0x00, 0x00, 0x00, 0x00, 0x00, 0x00, 0x00, 0x00, 0x00, 0x00, 0x00, 0x00,
    0x00, 0x00, 0x00, 0x00, 0x00, 0x00, 0x00, 0x00, 0x00, 0x00, 0x00, 0x00,
    0x00, 0x00, 0x00, 0x00, 0x00, 0x00, 0x00, 0x00, 0x00, 0x00, 0x00, 0x00,
    0x00, 0x00, 0x00, 0x00, 0x00, 0x00, 0x00, 0x00, 0x00, 0x00, 0x00, 0x00,
    0x00, 0x00, 0x00, 0x00, 0x00, 0x00, 0x00, 0x00, 0x00, 0x00, 0x00, 0x00,
    0x00, 0x00, 0x00, 0x00, 0x00, 0x00, 0x00, 0x00, 0x00, 0x00, 0x00, 0x00,
    0x00, 0x00, 0x00, 0x00, 0x00, 0x00, 0x00, 0x00, 0x00, 0x00, 0x00, 0x00,
    0x00, 0x00, 0x00, 0x00, 0x00, 0x00, 0x00, 0x00, 0x00, 0x00, 0x00, 0x00,
    0x00, 0x00, 0x00, 0x00, 0x00, 0x00, 0x00, 0x00, 0x00, 0x00, 0x00, 0x00,
    0x00, 0x00, 0x00, 0x00, 0x00, 0x00, 0x00, 0x00, 0x00, 0x00, 0x00, 0x00,
    0x00, 0x00, 0x00, 0x00, 0x00, 0x00, 0x00, 0x00, 0x00, 0x00, 0x00, 0x00,
    0x00, 0x00, 0x00, 0x00, 0x00, 0x00, 0x00, 0x00, 0x00, 0x00, 0x00, 0x00,
    0x00, 0x00, 0x00, 0x00, 0x00, 0x00, 0x00, 0x00, 0x00, 0x00, 0x00, 0x00,
    0x00, 0x00, 0x00, 0x00, 0x00, 0x00, 0x00, 0x00, 0x00, 0x00, 0x00, 0x00,
    0x00, 0x00, 0x00, 0x00, 0x00, 0x00, 0x00, 0x00, 0x00, 0x00, 0x00, 0x00,
    0x00, 0x00, 0x00, 0x00, 0x00, 0x00, 0x00, 0x00, 0x00, 0x00, 0x00, 0x00,
    0x00, 0x00, 0x00, 0x00, 0x00, 0x00, 0x00, 0x00, 0x00, 0x00, 0x00, 0x00,
    0x00, 0x00, 0x00, 0x00, 0x00, 0x00, 0x00, 0x00, 0x00, 0x00, 0x00, 0x00,
    0x00, 0x00, 0x00, 0x00, 0x00, 0x00, 0x00, 0x00, 0x00, 0x00, 0x00, 0x00,
    0x00, 0x00, 0x00, 0x00, 0x00, 0x00, 0x00, 0x00, 0x00, 0x00, 0x00, 0x00,
    0x00, 0x00, 0x00, 0x00, 0x00, 0x00, 0x00, 0x00, 0x00, 0x00, 0x00, 0x00,
    0x00, 0x00, 0x00, 0x00, 0x00, 0x00, 0x00, 0x00, 0x00, 0x00, 0x00, 0x00,
    0x00, 0x00, 0x00, 0x00, 0x00, 0x00, 0x00, 0x00, 0x00, 0x00, 0x00, 0x00,
    0x00, 0x00, 0x00, 0x00, 0x00, 0x00, 0x00, 0x00, 0x00, 0x00, 0x00, 0x00,
    0x00, 0x00, 0x00, 0x00, 0x00, 0x00, 0x00, 0x00, 0x00, 0x00, 0x00, 0x00,
    0x00, 0x00, 0x00, 0x00, 0x00, 0x00, 0x00, 0x00, 0x00, 0x00, 0x00, 0x00,
    0x00, 0x00, 0x00, 0x00, 0x00, 0x00, 0x00, 0x00, 0x00, 0x00, 0x00, 0x00,
    0x00, 0x00, 0x00, 0x00, 0x00, 0x00, 0x00, 0x00, 0x00, 0x00, 0x00, 0x00,
    0x00, 0x00, 0x00, 0x00, 0x00, 0x00, 0x00, 0x00, 0x00, 0x00, 0x00, 0x00,
    0x00, 0x00, 0x00, 0x00, 0x00, 0x00, 0x00, 0x00, 0x00, 0x00, 0x00, 0x00,
    0x00, 0x00, 0x00, 0x00, 0x00, 0x00, 0x00, 0x00, 0x00, 0x00, 0x00, 0x00,
    0x00, 0x00, 0x00, 0x00, 0x00, 0x00, 0x00, 0x00, 0x00, 0x00, 0x00, 0x00,
    0x00, 0x00, 0x00, 0x00, 0x00, 0x00, 0x00, 0x00, 0x00, 0x00, 0x00, 0x00,
    0x00, 0x00, 0x00, 0x00, 0x00, 0x00, 0x00, 0x00, 0x00, 0x00, 0x00, 0x00,
    0x00, 0x00, 0x00, 0x00, 0x00, 0x00, 0x00, 0x00, 0x00, 0x00, 0x00, 0x00,
    0x00, 0x00, 0x00, 0x00, 0x00, 0x00, 0x00, 0x00, 0x00, 0x00, 0x00, 0x00,
    0x00, 0x00, 0x00, 0x00, 0x00, 0x00, 0x00, 0x00, 0x00, 0x00, 0x00, 0x00,
    0x00, 0x00, 0x00, 0x00, 0x00, 0x00, 0x00, 0x00, 0x00, 0x00, 0x00, 0x00,
    0x00, 0x00, 0x00, 0x00, 0x00, 0x00, 0x00, 0x00, 0x00, 0x00, 0x00, 0x00,
    0x00, 0x00, 0x00, 0x00, 0x00, 0x00, 0x00, 0x00, 0x00, 0x00, 0x00, 0x00,
    0x00, 0x00, 0x00, 0x00, 0x00, 0x00, 0x00, 0x00, 0x00, 0x00, 0x00, 0x00,
    0x00, 0x00, 0x00, 0x00, 0x00, 0x00, 0x00, 0x00, 0x00, 0x00, 0x00, 0x00,
    0x00, 0x00, 0x00, 0x00, 0x00, 0x00, 0x00, 0x00, 0x00, 0x00, 0x00, 0x00,
    0x00, 0x00, 0x00, 0x00, 0x00, 0x00, 0x00, 0x00, 0x00, 0x00, 0x00, 0x00,
    0x00, 0x00, 0x00, 0x00, 0x00, 0x00, 0x00, 0x00, 0x00, 0x00, 0x00, 0x00,
    0x00, 0x00, 0x00, 0x00, 0x00, 0x00, 0x00, 0x00, 0x00, 0x00, 0x00, 0x00,
    0x00, 0x00, 0x00, 0x00, 0x00, 0x00, 0x00, 0x00, 0x00, 0x00, 0x00, 0x00,
    0x00, 0x00, 0x00, 0x00, 0x00, 0x00, 0x00, 0x00, 0x00, 0x00, 0x00, 0x00,
    0x00, 0x00, 0x00, 0x00, 0x00, 0x00, 0x00, 0x00, 0x00, 0x00, 0x00, 0x00,
    0x00, 0x00, 0x00, 0x00, 0x00, 0x00, 0x00, 0x00, 0x00, 0x00, 0x00, 0x00,
    0x00, 0x00, 0x00, 0x00, 0x00, 0x00, 0x00, 0x00, 0x00, 0x00, 0x00, 0x00,
    0x00, 0x00, 0x00, 0x00, 0x00, 0x00, 0x00, 0x00, 0x00, 0x00, 0x00, 0x00,
    0x00, 0x00, 0x00, 0x00, 0x00, 0x00, 0x00, 0x00, 0x00, 0x00, 0x00, 0x00,
    0x00, 0x00, 0x00, 0x00, 0x00, 0x00, 0x00, 0x00, 0x00, 0x00, 0x00, 0x00,
    0x00, 0x00, 0x00, 0x00, 0x00, 0x00, 0x00, 0x00, 0x00, 0x00, 0x00, 0x00,
    0x00, 0x00, 0x00, 0x00, 0x00, 0x00, 0x00, 0x00, 0x00, 0x00, 0x00, 0x00,
    0x00, 0x00, 0x00, 0x00, 0x00, 0x00, 0x00, 0x00, 0x00, 0x00, 0x00, 0x00,
    0x00, 0x00, 0x00, 0x00, 0x00, 0x00, 0x00, 0x00, 0x00, 0x00, 0x00, 0x00,
    0x00, 0x00, 0x00, 0x00, 0x00, 0x00, 0x00, 0x00, 0x00, 0x00, 0x00, 0x00,
    0x00, 0x00, 0x00, 0x00, 0x00, 0x00, 0x00, 0x00, 0x00, 0x00, 0x00, 0x00,
    0x00, 0x00, 0x00, 0x00, 0x00, 0x00, 0x00, 0x00, 0x00, 0x00, 0x00, 0x00,
    0x00, 0x00, 0x00, 0x00, 0x00, 0x00, 0x00, 0x00, 0x00, 0x00, 0x00, 0x00,
    0x00, 0x00, 0x00, 0x00, 0x00, 0x00, 0x00, 0x00, 0x00, 0x00, 0x00, 0x00,
    0x00, 0x00, 0x00, 0x00, 0x00, 0x00, 0x00, 0x00, 0x00, 0x00, 0x00, 0x00,
    0x00, 0x00, 0x00, 0x00, 0x00, 0x00, 0x00, 0x00, 0x00, 0x00, 0x00, 0x00,
    0x00, 0x00, 0x00, 0x00, 0x00, 0x00, 0x00, 0x00, 0x00, 0x00, 0x00, 0x00,
    0x00, 0x00, 0x00, 0x00, 0x00, 0x00, 0x00, 0x00, 0x00, 0x00, 0x00, 0x00,
    0x00, 0x00, 0x00, 0x00, 0x00, 0x00, 0x00, 0x00, 0x00, 0x00, 0x00, 0x00,
    0x00, 0x00, 0x00, 0x00, 0x00, 0x00, 0x00, 0x00, 0x00, 0x00, 0x00, 0x00,
    0x00, 0x00, 0x00, 0x00, 0x00, 0x00, 0x00, 0x00, 0x00, 0x00, 0x00, 0x00,
    0x00, 0x00, 0x00, 0x00, 0x00, 0x00, 0x00, 0x00, 0x00, 0x00, 0x00, 0x00,
    0x00, 0x00, 0x00, 0x00, 0x00, 0x00, 0x00, 0x00, 0x00, 0x00, 0x00, 0x00,
    0x00, 0x00, 0x00, 0x00, 0x00, 0x00, 0x00, 0x00, 0x00, 0x00, 0x00, 0x00,
    0x00, 0x00, 0x00, 0x00, 0x00, 0x00, 0x00, 0x00, 0x00, 0x00, 0x00, 0x00,
    0x00, 0x00, 0x00, 0x00, 0x00, 0x00, 0x00, 0x00, 0x00, 0x00, 0x00, 0x00,
    0x00, 0x00, 0x00, 0x00, 0x00, 0x00, 0x00, 0x00, 0x00, 0x00, 0x00, 0x00,
    0x00, 0x00, 0x00, 0x00, 0x00, 0x00, 0x00, 0x00, 0x00, 0x00, 0x00, 0x00,
    0x00, 0x00, 0x00, 0x00, 0x00, 0x00, 0x00, 0x00, 0x00, 0x00, 0x00, 0x00,
    0x00, 0x00, 0x00, 0x00, 0x00, 0x00, 0x00, 0x00, 0x00, 0x00, 0x00, 0x00,
    0x00, 0x00, 0x00, 0x00, 0x00, 0x00, 0x00, 0x00, 0x00, 0x00, 0x00, 0x00,
    0x00, 0x00, 0x00, 0x00, 0x00, 0x00, 0x00, 0x00, 0x00, 0x00, 0x00, 0x00,
    0x00, 0x00, 0x00, 0x00, 0x00, 0x00, 0x00, 0x00, 0x00, 0x00, 0x00, 0x00,
    0x00, 0x00, 0x00, 0x00, 0x00, 0x00, 0x00, 0x00, 0x00, 0x00, 0x00, 0x00,
    0x00, 0x00, 0x00, 0x00, 0x00, 0x00, 0x00, 0x00, 0x00, 0x00, 0x00, 0x00,
    0x00, 0x00, 0x00, 0x00, 0x00, 0x00, 0x00, 0x00, 0x00, 0x00, 0x00, 0x00,
    0x00, 0x00, 0x00, 0x00, 0x00, 0x00, 0x00, 0x00, 0x00, 0x00, 0x00, 0x00,
    0x00, 0x00, 0x00, 0x00, 0x00, 0x00, 0x00, 0x00, 0x00, 0x00, 0x00, 0x00,
    0x00, 0x00, 0x00, 0x00, 0x00, 0x00, 0x00, 0x00, 0x00, 0x00, 0x00, 0x00,
    0x00, 0x00, 0x00, 0x00, 0x00, 0x00, 0x00, 0x00, 0x00, 0x00, 0x00, 0x00,
    0x00, 0x00, 0x00, 0x00, 0x00, 0x00, 0x00, 0x00, 0x00, 0x00, 0x00, 0x00,
    0x00, 0x00, 0x00, 0x00, 0x00, 0x00, 0x00, 0x00, 0x00, 0x00, 0x00, 0x00,
    0x00, 0x00, 0x00, 0x00, 0x00, 0x00, 0x00, 0x00, 0x00, 0x00, 0x00, 0x00,
    0x00, 0x00, 0x00, 0x00, 0x00, 0x00, 0x00, 0x00, 0x00, 0x00, 0x00, 0x00,
    0x00, 0x00, 0x00, 0x00, 0x00, 0x00, 0x00, 0x00, 0x00, 0x00, 0x00, 0x00,
    0x00, 0x00, 0x00, 0x00, 0x00, 0x00, 0x00, 0x00, 0x00, 0x00, 0x00, 0x00,
    0x00, 0x00, 0x00, 0x00, 0x00, 0x00, 0x00, 0x00, 0x00, 0x00, 0x00, 0x00,
    0x00, 0x00, 0x00, 0x00, 0x00, 0x00, 0x00, 0x00, 0x00, 0x00, 0x00, 0x00,
    0x00, 0x00, 0x00, 0x00, 0x00, 0x00, 0x00, 0x00, 0x00, 0x00, 0x00, 0x00,
    0x00, 0x00, 0x00, 0x00, 0x00, 0x00, 0x00, 0x00, 0x00, 0x00, 0x00, 0x00,
    0x00, 0x00, 0x00, 0x00, 0x00, 0x00, 0x00, 0x00, 0x00, 0x00, 0x00, 0x00,
    0x00, 0x00, 0x00, 0x00, 0x00, 0x00, 0x00, 0x00, 0x00, 0x00, 0x00, 0x00,
    0x00, 0x00, 0x00, 0x00, 0x00, 0x00, 0x00, 0x00, 0x00, 0x00, 0x00, 0x00,
    0x00, 0x00, 0x00, 0x00, 0x00, 0x00, 0x00, 0x00, 0x00, 0x00, 0x00, 0x00,
    0x00, 0x00, 0x00, 0x00, 0x00, 0x00, 0x00, 0x00, 0x00, 0x00, 0x00, 0x00,
    0x00, 0x00, 0x00, 0x00, 0x00, 0x00, 0x00, 0x00, 0x00, 0x00, 0x00, 0x00,
    0x00, 0x00, 0x00, 0x00, 0x00, 0x00, 0x00, 0x00, 0x00, 0x00, 0x00, 0x00,
    0x00, 0x00, 0x00, 0x00, 0x00, 0x00, 0x00, 0x00, 0x00, 0x00, 0x00, 0x00,
    0x00, 0x00, 0x00, 0x00, 0x00, 0x00, 0x00, 0x00, 0x00, 0x00, 0x00, 0x00,
    0x00, 0x00, 0x00, 0x00, 0x00, 0x00, 0x00, 0x00, 0x00, 0x00, 0x00, 0x00,
    0x00, 0x00, 0x00, 0x00, 0x00, 0x00, 0x00, 0x00, 0x00, 0x00, 0x00, 0x00,
    0x00, 0x00, 0x00, 0x00, 0x00, 0x00, 0x00, 0x00, 0x00, 0x00, 0x00, 0x00,
    0x00, 0x00, 0x00, 0x00, 0x00, 0x00, 0x00, 0x00, 0x00, 0x00, 0x00, 0x00,
    0x00, 0x00, 0x00, 0x00, 0x00, 0x00, 0x00, 0x00, 0x00, 0x00, 0x00, 0x00,
    0x00, 0x00, 0x00, 0x00, 0x00, 0x00, 0x00, 0x00, 0x00, 0x00, 0x00, 0x00,
    0x00, 0x00, 0x00, 0x00, 0x00, 0x00, 0x00, 0x00, 0x00, 0x00, 0x00, 0x00,
    0x00, 0x00, 0x00, 0x00, 0x00, 0x00, 0x00, 0x00, 0x00, 0x00, 0x00, 0x00,
    0x00, 0x00, 0x00, 0x00, 0x00, 0x00, 0x00, 0x00, 0x00, 0x00, 0x00, 0x00,
    0x00, 0x00, 0x00, 0x00, 0x00, 0x00, 0x00, 0x00, 0x00, 0x00, 0x00, 0x00,
    0x00, 0x00, 0x00, 0x00, 0x00, 0x00, 0x00, 0x00, 0x00, 0x00, 0x00, 0x00,
    0x00, 0x00, 0x00, 0x00, 0x00, 0x00, 0x00, 0x00, 0x00, 0x00, 0x00, 0x00,
    0x00, 0x00, 0x00, 0x00, 0x00, 0x00, 0x00, 0x00, 0x00, 0x00, 0x00, 0x00,
    0x00, 0x00, 0x00, 0x00, 0x00, 0x00, 0x00, 0x00, 0x00, 0x00, 0x00, 0x00,
    0x00, 0x00, 0x00, 0x00, 0x00, 0x00, 0x00, 0x00, 0x00, 0x00, 0x00, 0x00,
    0x00, 0x00, 0x00, 0x00, 0x00, 0x00, 0x00, 0x00, 0x00, 0x00, 0x00, 0x00,
    0x00, 0x00, 0x00, 0x00, 0x00, 0x00, 0x00, 0x00, 0x00, 0x00, 0x00, 0x00,
    0x00, 0x00, 0x00, 0x00, 0x00, 0x00, 0x00, 0x00, 0x00, 0x00, 0x00, 0x00,
    0x00, 0x00, 0x00, 0x00, 0x00, 0x00, 0x00, 0x00, 0x00, 0x00, 0x00, 0x00,
    0x00, 0x00, 0x00, 0x00, 0x00, 0x00, 0x00, 0x00, 0x00, 0x00, 0x00, 0x00,
    0x00, 0x00, 0x00, 0x00, 0x00, 0x00, 0x00, 0x00, 0x00, 0x00, 0x00, 0x00,
    0x00, 0x00, 0x00, 0x00, 0x00, 0x00, 0x00, 0x00, 0x00, 0x00, 0x00, 0x00,
    0x00, 0x00, 0x00, 0x00, 0x00, 0x00, 0x00, 0x00, 0x00, 0x00, 0x00, 0x00,
    0x00, 0x00, 0x00, 0x00, 0x00, 0x00, 0x00, 0x00, 0x00, 0x00, 0x00, 0x00,
    0x00, 0x00, 0x00, 0x00, 0x00, 0x00, 0x00, 0x00, 0x00, 0x00, 0x00, 0x00,
    0x00, 0x00, 0x00, 0x00, 0x00, 0x00, 0x00, 0x00, 0x00, 0x00, 0x00, 0x00,
    0x00, 0x00, 0x00, 0x00, 0x00, 0x00, 0x00, 0x00, 0x00, 0x00, 0x00, 0x00,
    0x00, 0x00, 0x00, 0x00, 0x00, 0x00, 0x00, 0x00, 0x00, 0x00, 0x00, 0x00,
    0x00, 0x00, 0x00, 0x00, 0x00, 0x00, 0x00, 0x00, 0x00, 0x00, 0x00, 0x00,
    0x00, 0x00, 0x00, 0x00, 0x00, 0x00, 0x00, 0x00, 0x00, 0x00, 0x00, 0x00,
    0x00, 0x00, 0x00, 0x00, 0x00, 0x00, 0x00, 0x00, 0x00, 0x00, 0x00, 0x00,
    0x00, 0x00, 0x00, 0x00, 0x00, 0x00, 0x00, 0x00, 0x00, 0x00, 0x00, 0x00,
    0x00, 0x00, 0x00, 0x00, 0x00, 0x00, 0x00, 0x00, 0x00, 0x00, 0x00, 0x00,
    0x00, 0x00, 0x00, 0x00, 0x00, 0x00, 0x00, 0x00, 0x00, 0x00, 0x00, 0x00,
    0x00, 0x00, 0x00, 0x00, 0x00, 0x00, 0x00, 0x00, 0x00, 0x00, 0x00, 0x00,
    0x00, 0x00, 0x00, 0x00, 0x00, 0x00, 0x00, 0x00, 0x00, 0x00, 0x00, 0x00,
    0x00, 0x00, 0x00, 0x00, 0x00, 0x00, 0x00, 0x00, 0x00, 0x00, 0x00, 0x00,
    0x00, 0x00, 0x00, 0x00, 0x00, 0x00, 0x00, 0x00, 0x00, 0x00, 0x00, 0x00,
    0x00, 0x00, 0x00, 0x00, 0x00, 0x00, 0x00, 0x00, 0x00, 0x00, 0x00, 0x00,
    0x00, 0x00, 0x00, 0x00, 0x00, 0x00, 0x00, 0x00, 0x00, 0x00, 0x00, 0x00,
    0x00, 0x00, 0x00, 0x00, 0x00, 0x00, 0x00, 0x00, 0x00, 0x00, 0x00, 0x00,
    0x00, 0x00, 0x00, 0x00, 0x00, 0x00, 0x00, 0x00, 0x00, 0x00, 0x00, 0x00,
    0x00, 0x00, 0x00, 0x00, 0x00, 0x00, 0x00, 0x00, 0x00, 0x00, 0x00, 0x00,
    0x00, 0x00, 0x00, 0x00, 0x00, 0x00, 0x00, 0x00, 0x00, 0x00, 0x00, 0x00,
    0x00, 0x00, 0x00, 0x00, 0x00, 0x00, 0x00, 0x00, 0x00, 0x00, 0x00, 0x00,
    0x00, 0x00, 0x00, 0x00, 0x00, 0x00, 0x00, 0x00, 0x00, 0x00, 0x00, 0x00,
    0x00, 0x00, 0x00, 0x00, 0x00, 0x00, 0x00, 0x00, 0x00, 0x00, 0x00, 0x00,
    0x00, 0x00, 0x00, 0x00, 0x00, 0x00, 0x00, 0x00, 0x00, 0x00, 0x00, 0x00,
    0x00, 0x00, 0x00, 0x00, 0x00, 0x00, 0x00, 0x00, 0x00, 0x00, 0x00, 0x00,
    0x00, 0x00, 0x00, 0x00, 0x00, 0x00, 0x00, 0x00, 0x00, 0x00, 0x00, 0x00,
    0x00, 0x00, 0x00, 0x00, 0x00, 0x00, 0x00, 0x00, 0x00, 0x00, 0x00, 0x00,
    0x00, 0x00, 0x00, 0x00, 0x00, 0x00, 0x00, 0x00, 0x00, 0x00, 0x00, 0x00,
    0x00, 0x00, 0x00, 0x00, 0x00, 0x00, 0x00, 0x00, 0x00, 0x00, 0x00, 0x00,
    0x00, 0x00, 0x00, 0x00, 0x00, 0x00, 0x00, 0x00, 0x00, 0x00, 0x00, 0x00,
    0x00, 0x00, 0x00, 0x00, 0x00, 0x00, 0x00, 0x00, 0x00, 0x00, 0x00, 0x00,
    0x00, 0x00, 0x00, 0x00, 0x00, 0x00, 0x00, 0x00, 0x00, 0x00, 0x00, 0x00,
    0x00, 0x00, 0x00, 0x00, 0x00, 0x00, 0x00, 0x00, 0x00, 0x00, 0x00, 0x00,
    0x00, 0x00, 0x00, 0x00, 0x00, 0x00, 0x00, 0x00, 0x00, 0x00, 0x00, 0x00,
    0x00, 0x00, 0x00, 0x00, 0x00, 0x00, 0x00, 0x00, 0x00, 0x00, 0x00, 0x00,
    0x00, 0x00, 0x00, 0x00, 0x00, 0x00, 0x00, 0x00, 0x00, 0x00, 0x00, 0x00,
    0x00, 0x00, 0x00, 0x00, 0x00, 0x00, 0x00, 0x00, 0x00, 0x00, 0x00, 0x00,
    0x00, 0x00, 0x00, 0x00, 0x00, 0x00, 0x00, 0x00, 0x00, 0x00, 0x00, 0x00,
    0x00, 0x00, 0x00, 0x00, 0x00, 0x00, 0x00, 0x00, 0x00, 0x00, 0x00, 0x00,
    0x00, 0x00, 0x00, 0x00, 0x00, 0x00, 0x00, 0x00, 0x00, 0x00, 0x00, 0x00,
    0x00, 0x00, 0x00, 0x00, 0x00, 0x00, 0x00, 0x00, 0x00, 0x00, 0x00, 0x00,
    0x00, 0x00, 0x00, 0x00, 0x00, 0x00, 0x00, 0x00, 0x00, 0x00, 0x00, 0x00,
    0x00, 0x00, 0x00, 0x00, 0x00, 0x00, 0x00, 0x00, 0x00, 0x00, 0x00, 0x00,
    0x00, 0x00, 0x00, 0x00, 0x00, 0x00, 0x00, 0x00, 0x00, 0x00, 0x00, 0x00,
    0x00, 0x00, 0x00, 0x00, 0x00, 0x00, 0x00, 0x00, 0x00, 0x00, 0x00, 0x00,
    0x00, 0x00, 0x00, 0x00, 0x00, 0x00, 0x00, 0x00, 0x00, 0x00, 0x00, 0x00,
    0x00, 0x00, 0x00, 0x00, 0x00, 0x00, 0x00, 0x00, 0x00, 0x00, 0x00, 0x00,
    0x00, 0x00, 0x00, 0x00, 0x00, 0x00, 0x00, 0x00, 0x00, 0x00, 0x00, 0x00,
    0x00, 0x00, 0x00, 0x00, 0x00, 0x00, 0x00, 0x00, 0x00, 0x00, 0x00, 0x00,
    0x00, 0x00, 0x00, 0x00, 0x00, 0x00, 0x00, 0x00, 0x00, 0x00, 0x00, 0x00,
    0x00, 0x00, 0x00, 0x00, 0x00, 0x00, 0x00, 0x00, 0x00, 0x00, 0x00, 0x00,
    0x00, 0x00, 0x00, 0x00, 0x00, 0x00, 0x00, 0x00, 0x00, 0x00, 0x00, 0x00,
    0x00, 0x00, 0x00, 0x00, 0x00, 0x00, 0x00, 0x00, 0x00, 0x00, 0x00, 0x00,
    0x00, 0x00, 0x00, 0x00, 0x00, 0x00, 0x00, 0x00, 0x00, 0x00, 0x00, 0x00,
    0x00, 0x00, 0x00, 0x00, 0x00, 0x00, 0x00, 0x00, 0x00, 0x00, 0x00, 0x00,
    0x00, 0x00, 0x00, 0x00, 0x00, 0x00, 0x00, 0x00, 0x00, 0x00, 0x00, 0x00,
    0x00, 0x00, 0x00, 0x00, 0x00, 0x00, 0x00, 0x00, 0x00, 0x00, 0x00, 0x00,
    0x00, 0x00, 0x00, 0x00, 0x00, 0x00, 0x00, 0x00, 0x00, 0x00, 0x00, 0x00,
    0x00, 0x00, 0x00, 0x00, 0x00, 0x00, 0x00, 0x00, 0x00, 0x00, 0x00, 0x00,
    0x00, 0x00, 0x00, 0x00, 0x00, 0x00, 0x00, 0x00, 0x00, 0x00, 0x00, 0x00,
    0x00, 0x00, 0x00, 0x00, 0x00, 0x00, 0x00, 0x00, 0x00, 0x00, 0x00, 0x00,
    0x00, 0x00, 0x00, 0x00, 0x00, 0x00, 0x00, 0x00, 0x00, 0x00, 0x00, 0x00,
    0x00, 0x00, 0x00, 0x00, 0x00, 0x00, 0x00, 0x00, 0x00, 0x00, 0x00, 0x00,
    0x00, 0x00, 0x00, 0x00, 0x00, 0x00, 0x00, 0x00, 0x00, 0x00, 0x00, 0x00,
    0x00, 0x00, 0x00, 0x00, 0x00, 0x00, 0x00, 0x00, 0x00, 0x00, 0x00, 0x00,
    0x00, 0x00, 0x00, 0x00, 0x00, 0x00, 0x00, 0x00, 0x00, 0x00, 0x00, 0x00,
    0x00, 0x00, 0x00, 0x00, 0x00, 0x00, 0x00, 0x00, 0x00, 0x00, 0x00, 0x00,
    0x00, 0x00, 0x00, 0x00, 0x00, 0x00, 0x00, 0x00, 0x00, 0x00, 0x00, 0x00,
    0x00, 0x00, 0x00, 0x00, 0x00, 0x00, 0x00, 0x00, 0x00, 0x00, 0x00, 0x00,
    0x00, 0x00, 0x00, 0x00, 0x00, 0x00, 0x00, 0x00, 0x00, 0x00, 0x00, 0x00,
    0x00, 0x00, 0x00, 0x00, 0x00, 0x00, 0x00, 0x00, 0x00, 0x00, 0x00, 0x00,
    0x00, 0x00, 0x00, 0x00, 0x00, 0x00, 0x00, 0x00, 0x00, 0x00, 0x00, 0x00,
    0x00, 0x00, 0x00, 0x00, 0x00, 0x00, 0x00, 0x00, 0x00, 0x00, 0x00, 0x00,
    0x00, 0x00, 0x00, 0x00, 0x00, 0x00, 0x00, 0x00, 0x00, 0x00, 0x00, 0x00,
    0x00, 0x00, 0x00, 0x00, 0x00, 0x00, 0x00, 0x00, 0x00, 0x00, 0x00, 0x00,
    0x00, 0x00, 0x00, 0x00, 0x00, 0x00, 0x00, 0x00, 0x00, 0x00, 0x00, 0x00,
    0x00, 0x00, 0x00, 0x00, 0x00, 0x00, 0x00, 0x00, 0x00, 0x00, 0x00, 0x00,
    0x00, 0x00, 0x00, 0x00, 0x00, 0x00, 0x00, 0x00, 0x00, 0x00, 0x00, 0x00,
    0x00, 0x00, 0x00, 0x00, 0x00, 0x00, 0x00, 0x00, 0x00, 0x00, 0x00, 0x00,
    0x00, 0x00, 0x00, 0x00, 0x00, 0x00, 0x00, 0x00, 0x00, 0x00, 0x00, 0x00,
    0x00, 0x00, 0x00, 0x00, 0x00, 0x00, 0x00, 0x00, 0x00, 0x00, 0x00, 0x00,
    0x00, 0x00, 0x00, 0x00, 0x00, 0x00, 0x00, 0x00, 0x00, 0x00, 0x00, 0x00,
    0x00, 0x00, 0x00, 0x00, 0x00, 0x00, 0x00, 0x00, 0x00, 0x00, 0x00, 0x00,
    0x00, 0x00, 0x00, 0x00, 0x00, 0x00, 0x00, 0x00, 0x00, 0x00, 0x00, 0x00,
    0x00, 0x00, 0x00, 0x00, 0x00, 0x00, 0x00, 0x00, 0x00, 0x00, 0x00, 0x00,
    0x00, 0x00, 0x00, 0x00, 0x00, 0x00, 0x00, 0x00, 0x00, 0x00, 0x00, 0x00,
    0x00, 0x00, 0x00, 0x00, 0x00, 0x00, 0x00, 0x00, 0x00, 0x00, 0x00, 0x00,
    0x00, 0x00, 0x00, 0x00, 0x00, 0x00, 0x00, 0x00, 0x00, 0x00, 0x00, 0x00,
    0x00, 0x00, 0x00, 0x00, 0x00, 0x00, 0x00, 0x00, 0x00, 0x00, 0x00, 0x00,
    0x00, 0x00, 0x00, 0x00, 0x00, 0x00, 0x00, 0x00, 0x00, 0x00, 0x00, 0x00,
    0x00, 0x00, 0x00, 0x00, 0x00, 0x00, 0x00, 0x00, 0x00, 0x00, 0x00, 0x00,
    0x00, 0x00, 0x00, 0x00, 0x00, 0x00, 0x00, 0x00, 0x00, 0x00, 0x00, 0x00,
    0x00, 0x00, 0x00, 0x00, 0x00, 0x00, 0x00, 0x00, 0x00, 0x00, 0x00, 0x00,
    0x00, 0x00, 0x00, 0x00, 0x00, 0x00, 0x00, 0x00, 0x00, 0x00, 0x00, 0x00,
    0x00, 0x00, 0x00, 0x00, 0x00, 0x00, 0x00, 0x00, 0x00, 0x00, 0x00, 0x00,
    0x00, 0x00, 0x00, 0x00, 0x00, 0x00, 0x00, 0x00, 0x00, 0x00, 0x00, 0x00,
    0x00, 0x00, 0x00, 0x00, 0x00, 0x00, 0x00, 0x00, 0x00, 0x00, 0x00, 0x00,
    0x00, 0x00, 0x00, 0x00, 0x00, 0x00, 0x00, 0x00, 0x00, 0x00, 0x00, 0x00,
    0x00, 0x00, 0x00, 0x00, 0x00, 0x00, 0x00, 0x00, 0x00, 0x00, 0x00, 0x00,
    0x00, 0x00, 0x00, 0x00, 0x00, 0x00, 0x00, 0x00, 0x00, 0x00, 0x00, 0x00,
    0x00, 0x00, 0x00, 0x00, 0x00, 0x00, 0x00, 0x00, 0x00, 0x00, 0x00, 0x00,
    0x00, 0x00, 0x00, 0x00, 0x00, 0x00, 0x00, 0x00, 0x00, 0x00, 0x00, 0x00,
    0x00, 0x00, 0x00, 0x00, 0x00, 0x00, 0x00, 0x00, 0x00, 0x00, 0x00, 0x00,
    0x00, 0x00, 0x00, 0x00, 0x00, 0x00, 0x00, 0x00, 0x00, 0x00, 0x00, 0x00,
    0x00, 0x00, 0x00, 0x00, 0x00, 0x00, 0x00, 0x00, 0x00, 0x00, 0x00, 0x00,
    0x00, 0x00, 0x00, 0x00, 0x00, 0x00, 0x00, 0x00, 0x00, 0x00, 0x00, 0x00,
    0x00, 0x00, 0x00, 0x00, 0x00, 0x00, 0x00, 0x00, 0x00, 0x00, 0x00, 0x00,
    0x00, 0x00, 0x00, 0x00, 0x00, 0x00, 0x00, 0x00, 0x00, 0x00, 0x00, 0x00,
    0x00, 0x00, 0x00, 0x00, 0x00, 0x00, 0x00, 0x00, 0x00, 0x00, 0x00, 0x00,
    0x00, 0x00, 0x00, 0x00, 0x00, 0x00, 0x00, 0x00, 0x00, 0x00, 0x00, 0x00,
    0x00, 0x00, 0x00, 0x00, 0x00, 0x00, 0x00, 0x00, 0x00, 0x00, 0x00, 0x00,
    0x00, 0x00, 0x00, 0x00, 0x00, 0x00, 0x00, 0x00, 0x00, 0x00, 0x00, 0x00,
    0x00, 0x00, 0x00, 0x00, 0x00, 0x00, 0x00, 0x00, 0x00, 0x00, 0x00, 0x00,
    0x00, 0x00, 0x00, 0x00, 0x00, 0x00, 0x00, 0x00, 0x00, 0x00, 0x00, 0x00,
    0x00, 0x00, 0x00, 0x00, 0x00, 0x00, 0x00, 0x00, 0x00, 0x00, 0x00, 0x00,
    0x00, 0x00, 0x00, 0x00, 0x00, 0x00, 0x00, 0x00, 0x00, 0x00, 0x00, 0x00,
    0x00, 0x00, 0x00, 0x00, 0x00, 0x00, 0x00, 0x00, 0x00, 0x00, 0x00, 0x00,
    0x00, 0x00, 0x00, 0x00, 0x00, 0x00, 0x00, 0x00, 0x00, 0x00, 0x00, 0x00,
    0x00, 0x00, 0x00, 0x00, 0x00, 0x00, 0x00, 0x00, 0x00, 0x00, 0x00, 0x00,
    0x00, 0x00, 0x00, 0x00, 0x00, 0x00, 0x00, 0x00, 0x00, 0x00, 0x00, 0x00,
    0x00, 0x00, 0x00, 0x00, 0x00, 0x00, 0x00, 0x00, 0x00, 0x00, 0x00, 0x00,
    0x00, 0x00, 0x00, 0x00, 0x00, 0x00, 0x00, 0x00, 0x00, 0x00, 0x00, 0x00,
    0x00, 0x00, 0x00, 0x00, 0x00, 0x00, 0x00, 0x00, 0x00, 0x00, 0x00, 0x00,
    0x00, 0x00, 0x00, 0x00, 0x00, 0x00, 0x00, 0x00, 0x00, 0x00, 0x00, 0x00,
    0x00, 0x00, 0x00, 0x00, 0x00, 0x00, 0x00, 0x00, 0x00, 0x00, 0x00, 0x00,
    0x00, 0x00, 0x00, 0x00, 0x00, 0x00, 0x00, 0x00, 0x00, 0x00, 0x00, 0x00,
    0x00, 0x00, 0x00, 0x00, 0x00, 0x00, 0x00, 0x00, 0x00, 0x00, 0x00, 0x00,
    0x00, 0x00, 0x00, 0x00, 0x00, 0x00, 0x00, 0x00, 0x00, 0x00, 0x00, 0x00,
    0x00, 0x00, 0x00, 0x00, 0x00, 0x00, 0x00, 0x00, 0x00, 0x00, 0x00, 0x00,
    0x00, 0x00, 0x00, 0x00, 0x00, 0x00, 0x00, 0x00, 0x00, 0x00, 0x00, 0x00,
    0x00, 0x00, 0x00, 0x00, 0x00, 0x00, 0x00, 0x00, 0x00, 0x00, 0x00, 0x00,
    0x00, 0x00, 0x00, 0x00, 0x00, 0x00, 0x00, 0x00, 0x00, 0x00, 0x00, 0x00,
    0x00, 0x00, 0x00, 0x00, 0x00, 0x00, 0x00, 0x00, 0x00, 0x00, 0x00, 0x00,
    0x00, 0x00, 0x00, 0x00, 0x00, 0x00, 0x00, 0x00, 0x00, 0x00, 0x00, 0x00,
    0x00, 0x00, 0x00, 0x00, 0x00, 0x00, 0x00, 0x00, 0x00, 0x00, 0x00, 0x00,
    0x00, 0x00, 0x00, 0x00, 0x00, 0x00, 0x00, 0x00, 0x00, 0x00, 0x00, 0x00,
    0x00, 0x00, 0x00, 0x00, 0x00, 0x00, 0x00, 0x00, 0x00, 0x00, 0x00, 0x00,
    0x00, 0x00, 0x00, 0x00, 0x00, 0x00, 0x00, 0x00, 0x00, 0x00, 0x00, 0x00,
    0x00, 0x00, 0x00, 0x00, 0x00, 0x00, 0x00, 0x00, 0x00, 0x00, 0x00, 0x00,
    0x00, 0x00, 0x00, 0x00, 0x00, 0x00, 0x00, 0x00, 0x00, 0x00, 0x00, 0x00,
    0x00, 0x00, 0x00, 0x00, 0x00, 0x00, 0x00, 0x00, 0x00, 0x00, 0x00, 0x00,
    0x00, 0x00, 0x00, 0x00, 0x00, 0x00, 0x00, 0x00, 0x00, 0x00, 0x00, 0x00,
    0x00, 0x00, 0x00, 0x00, 0x00, 0x00, 0x00, 0x00, 0x00, 0x00, 0x00, 0x00,
    0x00, 0x00, 0x00, 0x00, 0x00, 0x00, 0x00, 0x00, 0x00, 0x00, 0x00, 0x00,
    0x00, 0x00, 0x00, 0x00, 0x00, 0x00, 0x00, 0x00, 0x00, 0x00, 0x00, 0x00,
    0x00, 0x00, 0x00, 0x00, 0x00, 0x00, 0x00, 0x00, 0x00, 0x00, 0x00, 0x00,
    0x00, 0x00, 0x00, 0x00, 0x00, 0x00, 0x00, 0x00, 0x00, 0x00, 0x00, 0x00,
    0x00, 0x00, 0x00, 0x00, 0x00, 0x00, 0x00, 0x00, 0x00, 0x00, 0x00, 0x00,
    0x00, 0x00, 0x00, 0x00, 0x00, 0x00, 0x00, 0x00, 0x00, 0x00, 0x00, 0x00,
    0x00, 0x00, 0x00, 0x00, 0x00, 0x00, 0x00, 0x00, 0x00, 0x00, 0x00, 0x00,
    0x00, 0x00, 0x00, 0x00, 0x00, 0x00, 0x00, 0x00, 0x00, 0x00, 0x00, 0x00,
    0x00, 0x00, 0x00, 0x00, 0x00, 0x00, 0x00, 0x00, 0x00, 0x00, 0x00, 0x00,
    0x00, 0x00, 0x00, 0x00, 0x00, 0x00, 0x00, 0x00, 0x00, 0x00, 0x00, 0x00,
    0x00, 0x00, 0x00, 0x00, 0x00, 0x00, 0x00, 0x00, 0x00, 0x00, 0x00, 0x00,
    0x00, 0x00, 0x00, 0x00, 0x00, 0x00, 0x00, 0x00, 0x00, 0x00, 0x00, 0x00,
    0x00, 0x00, 0x00, 0x00, 0x00, 0x00, 0x00, 0x00, 0x00, 0x00, 0x00, 0x00,
    0x00, 0x00, 0x00, 0x00, 0x00, 0x00, 0x00, 0x00, 0x00, 0x00, 0x00, 0x00,
    0x00, 0x00, 0x00, 0x00, 0x00, 0x00, 0x00, 0x00, 0x00, 0x00, 0x00, 0x00,
    0x00, 0x00, 0x00, 0x00, 0x00, 0x00, 0x00, 0x00, 0x00, 0x00, 0x00, 0x00,
    0x00, 0x00, 0x00, 0x00, 0x00, 0x00, 0x00, 0x00, 0x00, 0x00, 0x00, 0x00,
    0x00, 0x00, 0x00, 0x00, 0x00, 0x00, 0x00, 0x00, 0x00, 0x00, 0x00, 0x00,
    0x00, 0x00, 0x00, 0x00, 0x00, 0x00, 0x00, 0x00, 0x00, 0x00, 0x00, 0x00,
    0x00, 0x00, 0x00, 0x00, 0x00, 0x00, 0x00, 0x00, 0x00, 0x00, 0x00, 0x00,
    0x00, 0x00, 0x00, 0x00, 0x00, 0x00, 0x00, 0x00, 0x00, 0x00, 0x00, 0x00,
    0x00, 0x00, 0x00, 0x00, 0x00, 0x00, 0x00, 0x00, 0x00, 0x00, 0x00, 0x00,
    0x00, 0x00, 0x00, 0x00, 0x00, 0x00, 0x00, 0x00, 0x00, 0x00, 0x00, 0x00,
    0x00, 0x00, 0x00, 0x00, 0x00, 0x00, 0x00, 0x00, 0x00, 0x00, 0x00, 0x00,
    0x00, 0x00, 0x00, 0x00, 0x00, 0x00, 0x00, 0x00, 0x00, 0x00, 0x00, 0x00,
    0x00, 0x00, 0x00, 0x00, 0x00, 0x00, 0x00, 0x00, 0x00, 0x00, 0x00, 0x00,
    0x00, 0x00, 0x00, 0x00, 0x00, 0x00, 0x00, 0x00, 0x00, 0x00, 0x00, 0x00,
    0x00, 0x00, 0x00, 0x00, 0x00, 0x00, 0x00, 0x00, 0x00, 0x00, 0x00, 0x00,
    0x00, 0x00, 0x00, 0x00, 0x00, 0x00, 0x00, 0x00, 0x00, 0x00, 0x00, 0x00,
    0x00, 0x00, 0x00, 0x00, 0x00, 0x00, 0x00, 0x00, 0x00, 0x00, 0x00, 0x00,
    0x00, 0x00, 0x00, 0x00, 0x00, 0x00, 0x00, 0x00, 0x00, 0x00, 0x00, 0x00,
    0x00, 0x00, 0x00, 0x00, 0x00, 0x00, 0x00, 0x00, 0x00, 0x00, 0x00, 0x00,
    0x00, 0x00, 0x00, 0x00, 0x00, 0x00, 0x00, 0x00, 0x00, 0x00, 0x00, 0x00,
    0x00, 0x00, 0x00, 0x00, 0x00, 0x00, 0x00, 0x00, 0x00, 0x00, 0x00, 0x00,
    0x00, 0x00, 0x00, 0x00, 0x00, 0x00, 0x00, 0x00, 0x00, 0x00, 0x00, 0x00,
    0x00, 0x00, 0x00, 0x00, 0x00, 0x00, 0x00, 0x00, 0x00, 0x00, 0x00, 0x00,
    0x00, 0x00, 0x00, 0x00, 0x00, 0x00, 0x00, 0x00, 0x00, 0x00, 0x00, 0x00,
    0x00, 0x00, 0x00, 0x00, 0x00, 0x00, 0x00, 0x00, 0x00, 0x00, 0x00, 0x00,
    0x00, 0x00, 0x00, 0x00, 0x00, 0x00, 0x00, 0x00, 0x00, 0x00, 0x00, 0x00,
    0x00, 0x00, 0x00, 0x00, 0x00, 0x00, 0x00, 0x00, 0x00, 0x00, 0x00, 0x00,
    0x00, 0x00, 0x00, 0x00, 0x00, 0x00, 0x00, 0x00, 0x00, 0x00, 0x00, 0x00,
    0x00, 0x00, 0x00, 0x00, 0x00, 0x00, 0x00, 0x00, 0x00, 0x00, 0x00, 0x00,
    0x00, 0x00, 0x00, 0x00, 0x00, 0x00, 0x00, 0x00, 0x00, 0x00, 0x00, 0x00,
    0x00, 0x00, 0x00, 0x00, 0x00, 0x00, 0x00, 0x00, 0x00, 0x00, 0x00, 0x00,
    0x00, 0x00, 0x00, 0x00, 0x00, 0x00, 0x00, 0x00, 0x00, 0x00, 0x00, 0x00,
    0x00, 0x00, 0x00, 0x00, 0x00, 0x00, 0x00, 0x00, 0x00, 0x00, 0x00, 0x00,
    0x00, 0x00, 0x00, 0x00, 0x00, 0x00, 0x00, 0x00, 0x00, 0x00, 0x00, 0x00,
    0x00, 0x00, 0x00, 0x00, 0x00, 0x00, 0x00, 0x00, 0x00, 0x00, 0x00, 0x00,
    0x00, 0x00, 0x00, 0x00, 0x00, 0x00, 0x00, 0x00, 0x00, 0x00, 0x00, 0x00,
    0x00, 0x00, 0x00, 0x00, 0x00, 0x00, 0x00, 0x00, 0x00, 0x00, 0x00, 0x00,
    0x00, 0x00, 0x00, 0x00, 0x00, 0x00, 0x00, 0x00, 0x00, 0x00, 0x00, 0x00,
    0x00, 0x00, 0x00, 0x00, 0x00, 0x00, 0x00, 0x00, 0x00, 0x00, 0x00, 0x00,
    0x00, 0x00, 0x00, 0x00, 0x00, 0x00, 0x00, 0x00, 0x00, 0x00, 0x00, 0x00,
    0x00, 0x00, 0x00, 0x00, 0x00, 0x00, 0x00, 0x00, 0x00, 0x00, 0x00, 0x00,
    0x00, 0x00, 0x00, 0x00, 0x00, 0x00, 0x00, 0x00, 0x00, 0x00, 0x00, 0x00,
    0x00, 0x00, 0x00, 0x00, 0x00, 0x00, 0x00, 0x00, 0x00, 0x00, 0x00, 0x00,
    0x00, 0x00, 0x00, 0x00, 0x00, 0x00, 0x00, 0x00, 0x00, 0x00, 0x00, 0x00,
    0x00, 0x00, 0x00, 0x00, 0x00, 0x00, 0x00, 0x00, 0x00, 0x00, 0x00, 0x00,
    0x00, 0x00, 0x00, 0x00, 0x00, 0x00, 0x00, 0x00, 0x00, 0x00, 0x00, 0x00,
    0x00, 0x00, 0x00, 0x00, 0x00, 0x00, 0x00, 0x00, 0x00, 0x00, 0x00, 0x00,
    0x00, 0x00, 0x00, 0x00, 0x00, 0x00, 0x00, 0x00, 0x00, 0x00, 0x00, 0x00,
    0x00, 0x00, 0x00, 0x00, 0x00, 0x00, 0x00, 0x00, 0x00, 0x00, 0x00, 0x00,
    0x00, 0x00, 0x00, 0x00, 0x00, 0x00, 0x00, 0x00, 0x00, 0x00, 0x00, 0x00,
    0x00, 0x00, 0x00, 0x00, 0x00, 0x00, 0x00, 0x00, 0x00, 0x00, 0x00, 0x00,
    0x00, 0x00, 0x00, 0x00, 0x00, 0x00, 0x00, 0x00, 0x00, 0x00, 0x00, 0x00,
    0x00, 0x00, 0x00, 0x00, 0x00, 0x00, 0x00, 0x00, 0x00, 0x00, 0x00, 0x00,
    0x00, 0x00, 0x00, 0x00, 0x00, 0x00, 0x00, 0x00, 0x00, 0x00, 0x00, 0x00,
    0x00, 0x00, 0x00, 0x00, 0x00, 0x00, 0x00, 0x00, 0x00, 0x00, 0x00, 0x00,
    0x00, 0x00, 0x00, 0x00, 0x00, 0x00, 0x00, 0x00, 0x00, 0x00, 0x00, 0x00,
    0x00, 0x00, 0x00, 0x00, 0x00, 0x00, 0x00, 0x00, 0x00, 0x00, 0x00, 0x00,
    0x00, 0x00, 0x00, 0x00, 0x00, 0x00, 0x00, 0x00, 0x00, 0x00, 0x00, 0x00,
    0x00, 0x00, 0x00, 0x00, 0x00, 0x00, 0x00, 0x00, 0x00, 0x00, 0x00, 0x00,
    0x00, 0x00, 0x00, 0x00, 0x00, 0x00, 0x00, 0x00, 0x00, 0x00, 0x00, 0x00,
    0x00, 0x00, 0x00, 0x00, 0x00, 0x00, 0x00, 0x00, 0x00, 0x00, 0x00, 0x00,
    0x00, 0x00, 0x00, 0x00, 0x00, 0x00, 0x00, 0x00, 0x00, 0x00, 0x00, 0x00,
    0x00, 0x00, 0x00, 0x00, 0x00, 0x00, 0x00, 0x00, 0x00, 0x00, 0x00, 0x00,
    0x00, 0x00, 0x00, 0x00, 0x00, 0x00, 0x00, 0x00, 0x00, 0x00, 0x00, 0x00,
    0x00, 0x00, 0x00, 0x00, 0x00, 0x00, 0x00, 0x00, 0x00, 0x00, 0x00, 0x00,
    0x00, 0x00, 0x00, 0x00, 0x00, 0x00, 0x00, 0x00, 0x00, 0x00, 0x00, 0x00,
    0x00, 0x00, 0x00, 0x00, 0x00, 0x00, 0x00, 0x00, 0x00, 0x00, 0x00, 0x00,
    0x00, 0x00, 0x00, 0x00, 0x00, 0x00, 0x00, 0x00, 0x00, 0x00, 0x00, 0x00,
    0x00, 0x00, 0x00, 0x00, 0x00, 0x00, 0x00, 0x00, 0x00, 0x00, 0x00, 0x00,
    0x00, 0x00, 0x00, 0x00, 0x00, 0x00, 0x00, 0x00, 0x00, 0x00, 0x00, 0x00,
    0x00, 0x00, 0x00, 0x00, 0x00, 0x00, 0x00, 0x00, 0x00, 0x00, 0x00, 0x00,
    0x00, 0x00, 0x00, 0x00, 0x00, 0x00, 0x00, 0x00, 0x00, 0x00, 0x00, 0x00,
    0x00, 0x00, 0x00, 0x00, 0x00, 0x00, 0x00, 0x00, 0x00, 0x00, 0x00, 0x00,
    0x00, 0x00, 0x00, 0x00, 0x00, 0x00, 0x00, 0x00, 0x00, 0x00, 0x00, 0x00,
    0x00, 0x00, 0x00, 0x00, 0x00, 0x00, 0x00, 0x00, 0x00, 0x00, 0x00, 0x00,
    0x00, 0x00, 0x00, 0x00, 0x00, 0x00, 0x00, 0x00, 0x00, 0x00, 0x00, 0x00,
    0x00, 0x00, 0x00, 0x00, 0x00, 0x00, 0x00, 0x00, 0x00, 0x00, 0x00, 0x00,
    0x00, 0x00, 0x00, 0x00, 0x00, 0x00, 0x00, 0x00, 0x00, 0x00, 0x00, 0x00,
    0x00, 0x00, 0x00, 0x00, 0x00, 0x00, 0x00, 0x00, 0x00, 0x00, 0x00, 0x00,
    0x00, 0x00, 0x00, 0x00, 0x00, 0x00, 0x00, 0x00, 0x00, 0x00, 0x00, 0x00,
    0x00, 0x00, 0x00, 0x00, 0x00, 0x00, 0x00, 0x00, 0x00, 0x00, 0x00, 0x00,
    0x00, 0x00, 0x00, 0x00, 0x00, 0x00, 0x00, 0x00, 0x00, 0x00, 0x00, 0x00,
    0x00, 0x00, 0x00, 0x00, 0x00, 0x00, 0x00, 0x00, 0x00, 0x00, 0x00, 0x00,
    0x00, 0x00, 0x00, 0x00, 0x00, 0x00, 0x00, 0x00, 0x00, 0x00, 0x00, 0x00,
    0x00, 0x00, 0x00, 0x00, 0x00, 0x00, 0x00, 0x00, 0x00, 0x00, 0x00, 0x00,
    0x00, 0x00, 0x00, 0x00, 0x00, 0x00, 0x00, 0x00, 0x00, 0x00, 0x00, 0x00,
    0x00, 0x00, 0x00, 0x00, 0x00, 0x00, 0x00, 0x00, 0x00, 0x00, 0x00, 0x00,
    0x00, 0x00, 0x00, 0x00, 0x00, 0x00, 0x00, 0x00, 0x00, 0x00, 0x00, 0x00,
    0x00, 0x00, 0x00, 0x00, 0x00, 0x00, 0x00, 0x00, 0x00, 0x00, 0x00, 0x00,
    0x00, 0x00, 0x00, 0x00, 0x00, 0x00, 0x00, 0x00, 0x00, 0x00, 0x00, 0x00,
    0x00, 0x00, 0x00, 0x00, 0x00, 0x00, 0x00, 0x00, 0x00, 0x00, 0x00, 0x00,
    0x00, 0x00, 0x00, 0x00, 0x00, 0x00, 0x00, 0x00, 0x00, 0x00, 0x00, 0x00,
    0x00, 0x00, 0x00, 0x00, 0x00, 0x00, 0x00, 0x00, 0x00, 0x00, 0x00, 0x00,
    0x00, 0x00, 0x00, 0x00, 0x00, 0x00, 0x00, 0x00, 0x00, 0x00, 0x00, 0x00,
    0x00, 0x00, 0x00, 0x00, 0x00, 0x00, 0x00, 0x00, 0x00, 0x00, 0x00, 0x00,
    0x00, 0x00, 0x00, 0x00, 0x00, 0x00, 0x00, 0x00, 0x00, 0x00, 0x00, 0x00,
    0x00, 0x00, 0x00, 0x00, 0x00, 0x00, 0x00, 0x00, 0x00, 0x00, 0x00, 0x00,
    0x00, 0x00, 0x00, 0x00, 0x00, 0x00, 0x00, 0x00, 0x00, 0x00, 0x00, 0x00,
    0x00, 0x00, 0x00, 0x00, 0x00, 0x00, 0x00, 0x00, 0x00, 0x00, 0x00, 0x00,
    0x00, 0x00, 0x00, 0x00, 0x00, 0x00, 0x00, 0x00, 0x00, 0x00, 0x00, 0x00,
    0x00, 0x00, 0x00, 0x00, 0x00, 0x00, 0x00, 0x00, 0x00, 0x00, 0x00, 0x00,
    0x00, 0x00, 0x00, 0x00, 0x00, 0x00, 0x00, 0x00, 0x00, 0x00, 0x00, 0x00,
    0x00, 0x00, 0x00, 0x00, 0x00, 0x00, 0x00, 0x00, 0x00, 0x00, 0x00, 0x00,
    0x00, 0x00, 0x00, 0x00, 0x00, 0x00, 0x00, 0x00, 0x00, 0x00, 0x00, 0x00,
    0x00, 0x00, 0x00, 0x00, 0x00, 0x00, 0x00, 0x00, 0x00, 0x00, 0x00, 0x00,
    0x00, 0x00, 0x00, 0x00, 0x00, 0x00, 0x00, 0x00, 0x00, 0x00, 0x00, 0x00,
    0x00, 0x00, 0x00, 0x00, 0x00, 0x00, 0x00, 0x00, 0x00, 0x00, 0x00, 0x00,
    0x00, 0x00, 0x00, 0x00, 0x00, 0x00, 0x00, 0x00, 0x00, 0x00, 0x00, 0x00,
    0x00, 0x00, 0x00, 0x00, 0x00, 0x00, 0x00, 0x00, 0x00, 0x00, 0x00, 0x00,
    0x00, 0x00, 0x00, 0x00, 0x00, 0x00, 0x00, 0x00, 0x00, 0x00, 0x00, 0x00,
    0x00, 0x00, 0x00, 0x00, 0x00, 0x00, 0x00, 0x00, 0x00, 0x00, 0x00, 0x00,
    0x00, 0x00, 0x00, 0x00, 0x00, 0x00, 0x00, 0x00, 0x00, 0x00, 0x00, 0x00,
    0x00, 0x00, 0x00, 0x00, 0x00, 0x00, 0x00, 0x00, 0x00, 0x00, 0x00, 0x00,
    0x00, 0x00, 0x00, 0x00, 0x00, 0x00, 0x00, 0x00, 0x00, 0x00, 0x00, 0x00,
    0x00, 0x00, 0x00, 0x00, 0x00, 0x00, 0x00, 0x00, 0x00, 0x00, 0x00, 0x00,
    0x00, 0x00, 0x00, 0x00, 0x00, 0x00, 0x00, 0x00, 0x00, 0x00, 0x00, 0x00,
    0x00, 0x00, 0x00, 0x00, 0x00, 0x00, 0x00, 0x00, 0x00, 0x00, 0x00, 0x00,
    0x00, 0x00, 0x00, 0x00, 0x00, 0x00, 0x00, 0x00, 0x00, 0x00, 0x00, 0x00,
    0x00, 0x00, 0x00, 0x00, 0x00, 0x00, 0x00, 0x00, 0x00, 0x00, 0x00, 0x00,
    0x00, 0x00, 0x00, 0x00, 0x00, 0x00, 0x00, 0x00, 0x00, 0x00, 0x00, 0x00,
    0x00, 0x00, 0x00, 0x00, 0x00, 0x00, 0x00, 0x00, 0x00, 0x00, 0x00, 0x00,
    0x00, 0x00, 0x00, 0x00, 0x00, 0x00, 0x00, 0x00, 0x00, 0x00, 0x00, 0x00,
    0x00, 0x00, 0x00, 0x00, 0x00, 0x00, 0x00, 0x00, 0x00, 0x00, 0x00, 0x00,
    0x00, 0x00, 0x00, 0x00, 0x00, 0x00, 0x00, 0x00, 0x00, 0x00, 0x00, 0x00,
    0x00, 0x00, 0x00, 0x00, 0x00, 0x00, 0x00, 0x00, 0x00, 0x00, 0x00, 0x00,
    0x00, 0x00, 0x00, 0x00, 0x00, 0x00, 0x00, 0x00, 0x00, 0x00, 0x00, 0x00,
    0x00, 0x00, 0x00, 0x00, 0x00, 0x00, 0x00, 0x00, 0x00, 0x00, 0x00, 0x00,
    0x00, 0x00, 0x00, 0x00, 0x00, 0x00, 0x00, 0x00, 0x00, 0x00, 0x00, 0x00,
    0x00, 0x00, 0x00, 0x00, 0x00, 0x00, 0x00, 0x00, 0x00, 0x00, 0x00, 0x00,
    0x00, 0x00, 0x00, 0x00, 0x00, 0x00, 0x00, 0x00, 0x00, 0x00, 0x00, 0x00,
    0x00, 0x00, 0x00, 0x00, 0x00, 0x00, 0x00, 0x00, 0x00, 0x00, 0x00, 0x00,
    0x00, 0x00, 0x00, 0x00, 0x00, 0x00, 0x00, 0x00, 0x00, 0x00, 0x00, 0x00,
    0x00, 0x00, 0x00, 0x00, 0x00, 0x00, 0x00, 0x00, 0x00, 0x00, 0x00, 0x00,
    0x00, 0x00, 0x00, 0x00, 0x00, 0x00, 0x00, 0x00, 0x00, 0x00, 0x00, 0x00,
    0x00, 0x00, 0x00, 0x00, 0x00, 0x00, 0x00, 0x00, 0x00, 0x00, 0x00, 0x00,
    0x00, 0x00, 0x00, 0x00, 0x00, 0x00, 0x00, 0x00, 0x00, 0x00, 0x00, 0x00,
    0x00, 0x00, 0x00, 0x00, 0x00, 0x00, 0x00, 0x00, 0x00, 0x00, 0x00, 0x00,
    0x00, 0x00, 0x00, 0x00, 0x00, 0x00, 0x00, 0x00, 0x00, 0x00, 0x00, 0x00,
    0x00, 0x00, 0x00, 0x00, 0x00, 0x00, 0x00, 0x00, 0x00, 0x00, 0x00, 0x00,
    0x00, 0x00, 0x00, 0x00, 0x00, 0x00, 0x00, 0x00, 0x00, 0x00, 0x00, 0x00,
    0x00, 0x00, 0x00, 0x00, 0x00, 0x00, 0x00, 0x00, 0x00, 0x00, 0x00, 0x00,
    0x00, 0x00, 0x00, 0x00, 0x00, 0x00, 0x00, 0x00, 0x00, 0x00, 0x00, 0x00,
    0x00, 0x00, 0x00, 0x00, 0x00, 0x00, 0x00, 0x00, 0x00, 0x00, 0x00, 0x00,
    0x00, 0x00, 0x00, 0x00, 0x00, 0x00, 0x00, 0x00, 0x00, 0x00, 0x00, 0x00,
    0x00, 0x00, 0x00, 0x00, 0x00, 0x00, 0x00, 0x00, 0x00, 0x00, 0x00, 0x00,
    0x00, 0x00, 0x00, 0x00, 0x00, 0x00, 0x00, 0x00, 0x00, 0x00, 0x00, 0x00,
    0x00, 0x00, 0x00, 0x00, 0x00, 0x00, 0x00, 0x00, 0x00, 0x00, 0x00, 0x00,
    0x00, 0x00, 0x00, 0x00, 0x00, 0x00, 0x00, 0x00, 0x00, 0x00, 0x00, 0x00,
    0x00, 0x00, 0x00, 0x00, 0x00, 0x00, 0x00, 0x00, 0x00, 0x00, 0x00, 0x00,
    0x00, 0x00, 0x00, 0x00, 0x00, 0x00, 0x00, 0x00, 0x00, 0x00, 0x00, 0x00,
    0x00, 0x00, 0x00, 0x00, 0x00, 0x00, 0x00, 0x00, 0x00, 0x00, 0x00, 0x00,
    0x00, 0x00, 0x00, 0x00, 0x00, 0x00, 0x00, 0x00, 0x00, 0x00, 0x00, 0x00,
    0x00, 0x00, 0x00, 0x00, 0x00, 0x00, 0x00, 0x00, 0x00, 0x00, 0x00, 0x00,
    0x00, 0x00, 0x00, 0x00, 0x00, 0x00, 0x00, 0x00, 0x00, 0x00, 0x00, 0x00,
    0x00, 0x00, 0x00, 0x00, 0x00, 0x00, 0x00, 0x00, 0x00, 0x00, 0x00, 0x00,
    0x00, 0x00, 0x00, 0x00, 0x00, 0x00, 0x00, 0x00, 0x00, 0x00, 0x00, 0x00,
    0x00, 0x00, 0x00, 0x00, 0x00, 0x00, 0x00, 0x00, 0x00, 0x00, 0x00, 0x00,
    0x00, 0x00, 0x00, 0x00, 0x00, 0x00, 0x00, 0x00, 0x00, 0x00, 0x00, 0x00,
    0x00, 0x00, 0x00, 0x00, 0x00, 0x00, 0x00, 0x00, 0x00, 0x00, 0x00, 0x00,
    0x00, 0x00, 0x00, 0x00, 0x00, 0x00, 0x00, 0x00, 0x00, 0x00, 0x00, 0x00,
    0x00, 0x00, 0x00, 0x00, 0x00, 0x00, 0x00, 0x00, 0x00, 0x00, 0x00, 0x00,
    0x00, 0x00, 0x00, 0x00, 0x00, 0x00, 0x00, 0x00, 0x00, 0x00, 0x00, 0x00,
    0x00, 0x00, 0x00, 0x00, 0x00, 0x00, 0x00, 0x00, 0x00, 0x00, 0x00, 0x00,
    0x00, 0x00, 0x00, 0x00, 0x00, 0x00, 0x00, 0x00, 0x00, 0x00, 0x00, 0x00,
    0x00, 0x00, 0x00, 0x00, 0x00, 0x00, 0x00, 0x00, 0x00, 0x00, 0x00, 0x00,
    0x00, 0x00, 0x00, 0x00, 0x00, 0x00, 0x00, 0x00, 0x00, 0x00, 0x00, 0x00,
    0x00, 0x00, 0x00, 0x00, 0x00, 0x00, 0x00, 0x00, 0x00, 0x00, 0x00, 0x00,
    0x00, 0x00, 0x00, 0x00, 0x00, 0x00, 0x00, 0x00, 0x00, 0x00, 0x00, 0x00,
    0x00, 0x00, 0x00, 0x00, 0x00, 0x00, 0x00, 0x00, 0x00, 0x00, 0x00, 0x00,
    0x00, 0x00, 0x00, 0x00, 0x00, 0x00, 0x00, 0x00, 0x00, 0x00, 0x00, 0x00,
    0x00, 0x00, 0x00, 0x00, 0x00, 0x00, 0x00, 0x00, 0x00, 0x00, 0x00, 0x00,
    0x00, 0x00, 0x00, 0x00, 0x00, 0x00, 0x00, 0x00, 0x00, 0x00, 0x00, 0x00,
    0x00, 0x00, 0x00, 0x00, 0x00, 0x00, 0x00, 0x00, 0x00, 0x00, 0x00, 0x00,
    0x00, 0x00, 0x00, 0x00, 0x00, 0x00, 0x00, 0x00, 0x00, 0x00, 0x00, 0x00,
    0x00, 0x00, 0x00, 0x00, 0x00, 0x00, 0x00, 0x00, 0x00, 0x00, 0x00, 0x00,
    0x00, 0x00, 0x00, 0x00, 0x00, 0x00, 0x00, 0x00, 0x00, 0x00, 0x00, 0x00,
    0x00, 0x00, 0x00, 0x00, 0x00, 0x00, 0x00, 0x00, 0x00, 0x00, 0x00, 0x00,
    0x00, 0x00, 0x00, 0x00, 0x00, 0x00, 0x00, 0x00, 0x00, 0x00, 0x00, 0x00,
    0x00, 0x00, 0x00, 0x00, 0x00, 0x00, 0x00, 0x00, 0x00, 0x00, 0x00, 0x00,
    0x00, 0x00, 0x00, 0x00, 0x00, 0x00, 0x00, 0x00, 0x00, 0x00, 0x00, 0x00,
    0x00, 0x00, 0x00, 0x00, 0x00, 0x00, 0x00, 0x00, 0x00, 0x00, 0x00, 0x00,
    0x00, 0x00, 0x00, 0x00, 0x00, 0x00, 0x00, 0x00, 0x00, 0x00, 0x00, 0x00,
    0x00, 0x00, 0x00, 0x00, 0x00, 0x00, 0x00, 0x00, 0x00, 0x00, 0x00, 0x00,
    0x00, 0x00, 0x00, 0x00, 0x00, 0x00, 0x00, 0x00, 0x00, 0x00, 0x00, 0x00,
    0x00, 0x00, 0x00, 0x00, 0x00, 0x00, 0x00, 0x00, 0x00, 0x00, 0x00, 0x00,
    0x00, 0x00, 0x00, 0x00, 0x00, 0x00, 0x00, 0x00, 0x00, 0x00, 0x00, 0x00,
    0x00, 0x00, 0x00, 0x00, 0x00, 0x00, 0x00, 0x00, 0x00, 0x00, 0x00, 0x00,
    0x00, 0x00, 0x00, 0x00, 0x00, 0x00, 0x00, 0x00, 0x00, 0x00, 0x00, 0x00,
    0x00, 0x00, 0x00, 0x00, 0x00, 0x00, 0x00, 0x00, 0x00, 0x00, 0x00, 0x00,
    0x00, 0x00, 0x00, 0x00, 0x00, 0x00, 0x00, 0x00, 0x00, 0x00, 0x00, 0x00,
    0x00, 0x00, 0x00, 0x00, 0x00, 0x00, 0x00, 0x00, 0x00, 0x00, 0x00, 0x00,
    0x00, 0x00, 0x00, 0x00, 0x00, 0x00, 0x00, 0x00, 0x00, 0x00, 0x00, 0x00,
    0x00, 0x00, 0x00, 0x00, 0x00, 0x00, 0x00, 0x00, 0x00, 0x00, 0x00, 0x00,
    0x00, 0x00, 0x00, 0x00, 0x00, 0x00, 0x00, 0x00, 0x00, 0x00, 0x00, 0x00,
    0x00, 0x00, 0x00, 0x00, 0x00, 0x00, 0x00, 0x00, 0x00, 0x00, 0x00, 0x00,
    0x00, 0x00, 0x00, 0x00, 0x00, 0x00, 0x00, 0x00, 0x00, 0x00, 0x00, 0x00,
    0x00, 0x00, 0x00, 0x00, 0x00, 0x00, 0x00, 0x00, 0x00, 0x00, 0x00, 0x00,
    0x00, 0x00, 0x00, 0x00, 0x00, 0x00, 0x00, 0x00, 0x00, 0x00, 0x00, 0x00,
    0x00, 0x00, 0x00, 0x00, 0x00, 0x00, 0x00, 0x00, 0x00, 0x00, 0x00, 0x00,
    0x00, 0x00, 0x00, 0x00, 0x00, 0x00, 0x00, 0x00, 0x00, 0x00, 0x00, 0x00,
    0x00, 0x00, 0x00, 0x00, 0x00, 0x00, 0x00, 0x00, 0x00, 0x00, 0x00, 0x00,
    0x00, 0x00, 0x00, 0x00, 0x00, 0x00, 0x00, 0x00, 0x00, 0x00, 0x00, 0x00,
    0x00, 0x00, 0x00, 0x00, 0x00, 0x00, 0x00, 0x00, 0x00, 0x00, 0x00, 0x00,
    0x00, 0x00, 0x00, 0x00, 0x00, 0x00, 0x00, 0x00, 0x00, 0x00, 0x00, 0x00,
    0x00, 0x00, 0x00, 0x00, 0x00, 0x00, 0x00, 0x00, 0x00, 0x00, 0x00, 0x00,
    0x00, 0x00, 0x00, 0x00, 0x00, 0x00, 0x00, 0x00, 0x00, 0x00, 0x00, 0x00,
    0x00, 0x00, 0x00, 0x00, 0x00, 0x00, 0x00, 0x00, 0x00, 0x00, 0x00, 0x00,
    0x00, 0x00, 0x00, 0x00, 0x00, 0x00, 0x00, 0x00, 0x00, 0x00, 0x00, 0x00,
    0x00, 0x00, 0x00, 0x00, 0x00, 0x00, 0x00, 0x00, 0x00, 0x00, 0x00, 0x00,
    0x00, 0x00, 0x00, 0x00, 0x00, 0x00, 0x00, 0x00, 0x00, 0x00, 0x00, 0x00,
    0x00, 0x00, 0x00, 0x00, 0x00, 0x00, 0x00, 0x00, 0x00, 0x00, 0x00, 0x00,
    0x00, 0x00, 0x00, 0x00, 0x00, 0x00, 0x00, 0x00, 0x00, 0x00, 0x00, 0x00,
    0x00, 0x00, 0x00, 0x00, 0x00, 0x00, 0x00, 0x00, 0x00, 0x00, 0x00, 0x00,
    0x00, 0x00, 0x00, 0x00, 0x00, 0x00, 0x00, 0x00, 0x00, 0x00, 0x00, 0x00,
    0x00, 0x00, 0x00, 0x00, 0x00, 0x00, 0x00, 0x00, 0x00, 0x00, 0x00, 0x00,
    0x00, 0x00, 0x00, 0x00, 0x00, 0x00, 0x00, 0x00, 0x00, 0x00, 0x00, 0x00,
    0x00, 0x00, 0x00, 0x00, 0x00, 0x00, 0x00, 0x00, 0x00, 0x00, 0x00, 0x00,
    0x00, 0x00, 0x00, 0x00, 0x00, 0x00, 0x00, 0x00, 0x00, 0x00, 0x00, 0x00,
    0x00, 0x00, 0x00, 0x00, 0x00, 0x00, 0x00, 0x00, 0x00, 0x00, 0x00, 0x00,
    0x00, 0x00, 0x00, 0x00, 0x00, 0x00, 0x00, 0x00, 0x00, 0x00, 0x00, 0x00,
    0x00, 0x00, 0x00, 0x00, 0x00, 0x00, 0x00, 0x00, 0x00, 0x00, 0x00, 0x00,
    0x00, 0x00, 0x00, 0x00, 0x00, 0x00, 0x00, 0x00, 0x00, 0x00, 0x00, 0x00,
    0x00, 0x00, 0x00, 0x00, 0x00, 0x00, 0x00, 0x00, 0x00, 0x00, 0x00, 0x00,
    0x00, 0x00, 0x00, 0x00, 0x00, 0x00, 0x00, 0x00, 0x00, 0x00, 0x00, 0x00,
    0x00, 0x00, 0x00, 0x00, 0x00, 0x00, 0x00, 0x00, 0x00, 0x00, 0x00, 0x00,
    0x00, 0x00, 0x00, 0x00, 0x00, 0x00, 0x00, 0x00, 0x00, 0x00, 0x00, 0x00,
    0x00, 0x00, 0x00, 0x00, 0x00, 0x00, 0x00, 0x00, 0x00, 0x00, 0x00, 0x00,
    0x00, 0x00, 0x00, 0x00, 0x00, 0x00, 0x00, 0x00, 0x00, 0x00, 0x00, 0x00,
    0x00, 0x00, 0x00, 0x00, 0x00, 0x00, 0x00, 0x00, 0x00, 0x00, 0x00, 0x00,
    0x00, 0x00, 0x00, 0x00, 0x00, 0x00, 0x00, 0x00, 0x00, 0x00, 0x00, 0x00,
    0x00, 0x00, 0x00, 0x00, 0x00, 0x00, 0x00, 0x00, 0x00, 0x00, 0x00, 0x00,
    0x00, 0x00, 0x00, 0x00, 0x00, 0x00, 0x00, 0x00, 0x00, 0x00, 0x00, 0x00,
    0x00, 0x00, 0x00, 0x00, 0x00, 0x00, 0x00, 0x00, 0x00, 0x00, 0x00, 0x00,
    0x00, 0x00, 0x00, 0x00, 0x00, 0x00, 0x00, 0x00, 0x00, 0x00, 0x00, 0x00,
    0x00, 0x00, 0x00, 0x00, 0x00, 0x00, 0x00, 0x00, 0x00, 0x00, 0x00, 0x00,
    0x00, 0x00, 0x00, 0x00, 0x00, 0x00, 0x00, 0x00, 0x00, 0x00, 0x00, 0x00,
    0x00, 0x00, 0x00, 0x00, 0x00, 0x00, 0x00, 0x00, 0x00, 0x00, 0x00, 0x00,
    0x00, 0x00, 0x00, 0x00, 0x00, 0x00, 0x00, 0x00, 0x00, 0x00, 0x00, 0x00,
    0x00, 0x00, 0x00, 0x00, 0x00, 0x00, 0x00, 0x00, 0x00, 0x00, 0x00, 0x00,
    0x00, 0x00, 0x00, 0x00, 0x00, 0x00, 0x00, 0x00, 0x00, 0x00, 0x00, 0x00,
    0x00, 0x00, 0x00, 0x00, 0x00, 0x00, 0x00, 0x00, 0x00, 0x00, 0x00, 0x00,
    0x00, 0x00, 0x00, 0x00, 0x00, 0x00, 0x00, 0x00, 0x00, 0x00, 0x00, 0x00,
    0x00, 0x00, 0x00, 0x00, 0x00, 0x00, 0x00, 0x00, 0x00, 0x00, 0x00, 0x00,
    0x00, 0x00, 0x00, 0x00, 0x00, 0x00, 0x00, 0x00, 0x00, 0x00, 0x00, 0x00,
    0x00, 0x00, 0x00, 0x00, 0x00, 0x00, 0x00, 0x00, 0x00, 0x00, 0x00, 0x00,
    0x00, 0x00, 0x00, 0x00, 0x00, 0x00, 0x00, 0x00, 0x00, 0x00, 0x00, 0x00,
    0x00, 0x00, 0x00, 0x00, 0x00, 0x00, 0x00, 0x00, 0x00, 0x00, 0x00, 0x00,
    0x00, 0x00, 0x00, 0x00, 0x00, 0x00, 0x00, 0x00, 0x00, 0x00, 0x00, 0x00,
    0x00, 0x00, 0x00, 0x00, 0x00, 0x00, 0x00, 0x00, 0x00, 0x00, 0x00, 0x00,
    0x00, 0x00, 0x00, 0x00, 0x00, 0x00, 0x00, 0x00, 0x00, 0x00, 0x00, 0x00,
    0x00, 0x00, 0x00, 0x00, 0x00, 0x00, 0x00, 0x00, 0x00, 0x00, 0x00, 0x00,
    0x00, 0x00, 0x00, 0x00, 0x00, 0x00, 0x00, 0x00, 0x00, 0x00, 0x00, 0x00,
    0x00, 0x00, 0x00, 0x00, 0x00, 0x00, 0x00, 0x00, 0x00, 0x00, 0x00, 0x00,
    0x00, 0x00, 0x00, 0x00, 0x00, 0x00, 0x00, 0x00, 0x00, 0x00, 0x00, 0x00,
    0x00, 0x00, 0x00, 0x00, 0x00, 0x00, 0x00, 0x00, 0x00, 0x00, 0x00, 0x00,
    0x00, 0x00, 0x00, 0x00, 0x00, 0x00, 0x00, 0x00, 0x00, 0x00, 0x00, 0x00,
    0x00, 0x00, 0x00, 0x00, 0x00, 0x00, 0x00, 0x00, 0x00, 0x00, 0x00, 0x00,
    0x00, 0x00, 0x00, 0x00, 0x00, 0x00, 0x00, 0x00, 0x00, 0x00, 0x00, 0x00,
    0x00, 0x00, 0x00, 0x00, 0x00, 0x00, 0x00, 0x00, 0x00, 0x00, 0x00, 0x00,
    0x00, 0x00, 0x00, 0x00, 0x00, 0x00, 0x00, 0x00, 0x00, 0x00, 0x00, 0x00,
    0x00, 0x00, 0x00, 0x00, 0x00, 0x00, 0x00, 0x00, 0x00, 0x00, 0x00, 0x00,
    0x00, 0x00, 0x00, 0x00, 0x00, 0x00, 0x00, 0x00, 0x00, 0x00, 0x00, 0x00,
    0x00, 0x00, 0x00, 0x00, 0x00, 0x00, 0x00, 0x00, 0x00, 0x00, 0x00, 0x00,
    0x00, 0x00, 0x00, 0x00, 0x00, 0x00, 0x00, 0x00, 0x00, 0x00, 0x00, 0x00,
    0x00, 0x00, 0x00, 0x00, 0x00, 0x00, 0x00, 0x00, 0x00, 0x00, 0x00, 0x00,
    0x00, 0x00, 0x00, 0x00, 0x00, 0x00, 0x00, 0x00, 0x00, 0x00, 0x00, 0x00,
    0x00, 0x00, 0x00, 0x00, 0x00, 0x00, 0x00, 0x00, 0x00, 0x00, 0x00, 0x00,
    0x00, 0x00, 0x00, 0x00, 0x00, 0x00, 0x00, 0x00, 0x00, 0x00, 0x00, 0x00,
    0x00, 0x00, 0x00, 0x00, 0x00, 0x00, 0x00, 0x00, 0x00, 0x00, 0x00, 0x00,
    0x00, 0x00, 0x00, 0x00, 0x00, 0x00, 0x00, 0x00, 0x00, 0x00, 0x00, 0x00,
    0x00, 0x00, 0x00, 0x00, 0x00, 0x00, 0x00, 0x00, 0x00, 0x00, 0x00, 0x00,
    0x00, 0x00, 0x00, 0x00, 0x00, 0x00, 0x00, 0x00, 0x00, 0x00, 0x00, 0x00,
    0x00, 0x00, 0x00, 0x00, 0x00, 0x00, 0x00, 0x00, 0x00, 0x00, 0x00, 0x00,
    0x00, 0x00, 0x00, 0x00, 0x00, 0x00, 0x00, 0x00, 0x00, 0x00, 0x00, 0x00,
    0x00, 0x00, 0x00, 0x00, 0x00, 0x00, 0x00, 0x00, 0x00, 0x00, 0x00, 0x00,
    0x00, 0x00, 0x00, 0x00, 0x00, 0x00, 0x00, 0x00, 0x00, 0x00, 0x00, 0x00,
    0x00, 0x00, 0x00, 0x00, 0x00, 0x00, 0x00, 0x00, 0x00, 0x00, 0x00, 0x00,
    0x00, 0x00, 0x00, 0x00, 0x00, 0x00, 0x00, 0x00, 0x00, 0x00, 0x00, 0x00,
    0x00, 0x00, 0x00, 0x00, 0x00, 0x00, 0x00, 0x00, 0x00, 0x00, 0x00, 0x00,
    0x00, 0x00, 0x00, 0x00, 0x00, 0x00, 0x00, 0x00, 0x00, 0x00, 0x00, 0x00,
    0x00, 0x00, 0x00, 0x00, 0x00, 0x00, 0x00, 0x00, 0x00, 0x00, 0x00, 0x00,
    0x00, 0x00, 0x00, 0x00, 0x00, 0x00, 0x00, 0x00, 0x00, 0x00, 0x00, 0x00,
    0x00, 0x00, 0x00, 0x00, 0x00, 0x00, 0x00, 0x00, 0x00, 0x00, 0x00, 0x00,
    0x00, 0x00, 0x00, 0x00, 0x00, 0x00, 0x00, 0x00, 0x00, 0x00, 0x00, 0x00,
    0x00, 0x00, 0x00, 0x00, 0x00, 0x00, 0x00, 0x00, 0x00, 0x00, 0x00, 0x00,
    0x00, 0x00, 0x00, 0x00, 0x00, 0x00, 0x00, 0x00, 0x00, 0x00, 0x00, 0x00,
    0x00, 0x00, 0x00, 0x00, 0x00, 0x00, 0x00, 0x00, 0x00, 0x00, 0x00, 0x00,
    0x00, 0x00, 0x00, 0x00, 0x00, 0x00, 0x00, 0x00, 0x00, 0x00, 0x00, 0x00,
    0x00, 0x00, 0x00, 0x00, 0x00, 0x00, 0x00, 0x00, 0x00, 0x00, 0x00, 0x00,
    0x00, 0x00, 0x00, 0x00, 0x00, 0x00, 0x00, 0x00, 0x00, 0x00, 0x00, 0x00,
    0x00, 0x00, 0x00, 0x00, 0x00, 0x00, 0x00, 0x00, 0x00, 0x00, 0x00, 0x00,
    0x00, 0x00, 0x00, 0x00, 0x00, 0x00, 0x00, 0x00, 0x00, 0x00, 0x00, 0x00,
    0x00, 0x00, 0x00, 0x00, 0x00, 0x00, 0x00, 0x00, 0x00, 0x00, 0x00, 0x00,
    0x00, 0x00, 0x00, 0x00, 0x00, 0x00, 0x00, 0x00, 0x00, 0x00, 0x00, 0x00,
    0x00, 0x00, 0x00, 0x00, 0x00, 0x00, 0x00, 0x00, 0x00, 0x00, 0x00, 0x00,
    0x00, 0x00, 0x00, 0x00, 0x00, 0x00, 0x00, 0x00, 0x00, 0x00, 0x00, 0x00,
    0x00, 0x00, 0x00, 0x00, 0x00, 0x00, 0x00, 0x00, 0x00, 0x00, 0x00, 0x00,
    0x00, 0x00, 0x00, 0x00, 0x00, 0x00, 0x00, 0x00, 0x00, 0x00, 0x00, 0x00,
    0x00, 0x00, 0x00, 0x00, 0x00, 0x00, 0x00, 0x00, 0x00, 0x00, 0x00, 0x00,
    0x00, 0x00, 0x00, 0x00, 0x00, 0x00, 0x00, 0x00, 0x00, 0x00, 0x00, 0x00,
    0x00, 0x00, 0x00, 0x00, 0x00, 0x00, 0x00, 0x00, 0x00, 0x00, 0x00, 0x00,
    0x00, 0x00, 0x00, 0x00, 0x00, 0x00, 0x00, 0x00, 0x00, 0x00, 0x00, 0x00,
    0x00, 0x00, 0x00, 0x00, 0x00, 0x00, 0x00, 0x00, 0x00, 0x00, 0x00, 0x00,
    0x00, 0x00, 0x00, 0x00, 0x00, 0x00, 0x00, 0x00, 0x00, 0x00, 0x00, 0x00,
    0x00, 0x00, 0x00, 0x00, 0x00, 0x00, 0x00, 0x00, 0x00, 0x00, 0x00, 0x00,
    0x00, 0x00, 0x00, 0x00, 0x00, 0x00, 0x00, 0x00, 0x00, 0x00, 0x00, 0x00,
    0x00, 0x00, 0x00, 0x00, 0x00, 0x00, 0x00, 0x00, 0x00, 0x00, 0x00, 0x00,
    0x00, 0x00, 0x00, 0x00, 0x00, 0x00, 0x00, 0x00, 0x00, 0x00, 0x00, 0x00,
    0x00, 0x00, 0x00, 0x00, 0x00, 0x00, 0x00, 0x00, 0x00, 0x00, 0x00, 0x00,
    0x00, 0x00, 0x00, 0x00, 0x00, 0x00, 0x00, 0x00, 0x00, 0x00, 0x00, 0x00,
    0x00, 0x00, 0x00, 0x00, 0x00, 0x00, 0x00, 0x00, 0x00, 0x00, 0x00, 0x00,
    0x00, 0x00, 0x00, 0x00, 0x00, 0x00, 0x00, 0x00, 0x00, 0x00, 0x00, 0x00,
    0x00, 0x00, 0x00, 0x00, 0x00, 0x00, 0x00, 0x00, 0x00, 0x00, 0x00, 0x00,
    0x00, 0x00, 0x00, 0x00, 0x00, 0x00, 0x00, 0x00, 0x00, 0x00, 0x00, 0x00,
    0x00, 0x00, 0x00, 0x00, 0x00, 0x00, 0x00, 0x00, 0x00, 0x00, 0x00, 0x00,
    0x00, 0x00, 0x00, 0x00, 0x00, 0x00, 0x00, 0x00, 0x00, 0x00, 0x00, 0x00,
    0x00, 0x00, 0x00, 0x00, 0x00, 0x00, 0x00, 0x00, 0x00, 0x00, 0x00, 0x00,
    0x00, 0x00, 0x00, 0x00, 0x00, 0x00, 0x00, 0x00, 0x00, 0x00, 0x00, 0x00,
    0x00, 0x00, 0x00, 0x00, 0x00, 0x00, 0x00, 0x00, 0x00, 0x00, 0x00, 0x00,
    0x00, 0x00, 0x00, 0x00, 0x00, 0x00, 0x00, 0x00, 0x00, 0x00, 0x00, 0x00,
    0x00, 0x00, 0x00, 0x00, 0x00, 0x00, 0x00, 0x00, 0x00, 0x00, 0x00, 0x00,
    0x00, 0x00, 0x00, 0x00, 0x00, 0x00, 0x00, 0x00, 0x00, 0x00, 0x00, 0x00,
    0x00, 0x00, 0x00, 0x00, 0x00, 0x00, 0x00, 0x00, 0x00, 0x00, 0x00, 0x00,
    0x00, 0x00, 0x00, 0x00, 0x00, 0x00, 0x00, 0x00, 0x00, 0x00, 0x00, 0x00,
    0x00, 0x00, 0x00, 0x00, 0x00, 0x00, 0x00, 0x00, 0x00, 0x00, 0x00, 0x00,
    0x00, 0x00, 0x00, 0x00, 0x00, 0x00, 0x00, 0x00, 0x00, 0x00, 0x00, 0x00,
    0x00, 0x00, 0x00, 0x00, 0x00, 0x00, 0x00, 0x00, 0x00, 0x00, 0x00, 0x00,
    0x00, 0x00, 0x00, 0x00, 0x00, 0x00, 0x00, 0x00, 0x00, 0x00, 0x00, 0x00,
    0x00, 0x00, 0x00, 0x00, 0x00, 0x00, 0x00, 0x00, 0x00, 0x00, 0x00, 0x00,
    0x00, 0x00, 0x00, 0x00, 0x00, 0x00, 0x00, 0x00, 0x00, 0x00, 0x00, 0x00,
    0x00, 0x00, 0x00, 0x00, 0x00, 0x00, 0x00, 0x00, 0x00, 0x00, 0x00, 0x00,
    0x00, 0x00, 0x00, 0x00, 0x00, 0x00, 0x00, 0x00, 0x00, 0x00, 0x00, 0x00,
    0x00, 0x00, 0x00, 0x00, 0x00, 0x00, 0x00, 0x00, 0x00, 0x00, 0x00, 0x00,
    0x00, 0x00, 0x00, 0x00, 0x00, 0x00, 0x00, 0x00, 0x00, 0x00, 0x00, 0x00,
    0x00, 0x00, 0x00, 0x00, 0x00, 0x00, 0x00, 0x00, 0x00, 0x00, 0x00, 0x00,
    0x00, 0x00, 0x00, 0x00, 0x00, 0x00, 0x00, 0x00, 0x00, 0x00, 0x00, 0x00,
    0x00, 0x00, 0x00, 0x00, 0x00, 0x00, 0x00, 0x00, 0x00, 0x00, 0x00, 0x00,
    0x00, 0x00, 0x00, 0x00, 0x00, 0x00, 0x00, 0x00, 0x00, 0x00, 0x00, 0x00,
    0x00, 0x00, 0x00, 0x00, 0x00, 0x00, 0x00, 0x00, 0x00, 0x00, 0x00, 0x00,
    0x00, 0x00, 0x00, 0x00, 0x00, 0x00, 0x00, 0x00, 0x00, 0x00, 0x00, 0x00,
    0x00, 0x00, 0x00, 0x00, 0x00, 0x00, 0x00, 0x00, 0x00, 0x00, 0x00, 0x00,
    0x00, 0x00, 0x00, 0x00, 0x00, 0x00, 0x00, 0x00, 0x00, 0x00, 0x00, 0x00,
    0x00, 0x00, 0x00, 0x00, 0x00, 0x00, 0x00, 0x00, 0x00, 0x00, 0x00, 0x00,
    0x00, 0x00, 0x00, 0x00, 0x00, 0x00, 0x00, 0x00, 0x00, 0x00, 0x00, 0x00,
    0x00, 0x00, 0x00, 0x00, 0x00, 0x00, 0x00, 0x00, 0x00, 0x00, 0x00, 0x00,
    0x00, 0x00, 0x00, 0x00, 0x00, 0x00, 0x00, 0x00, 0x00, 0x00, 0x00, 0x00,
    0x00, 0x00, 0x00, 0x00, 0x00, 0x00, 0x00, 0x00, 0x00, 0x00, 0x00, 0x00,
    0x00, 0x00, 0x00, 0x00, 0x00, 0x00, 0x00, 0x00, 0x00, 0x00, 0x00, 0x00,
    0x00, 0x00, 0x00, 0x00, 0x00, 0x00, 0x00, 0x00, 0x00, 0x00, 0x00, 0x00,
    0x00, 0x00, 0x00, 0x00, 0x00, 0x00, 0x00, 0x00, 0x00, 0x00, 0x00, 0x00,
    0x00, 0x00, 0x00, 0x00, 0x00, 0x00, 0x00, 0x00, 0x00, 0x00, 0x00, 0x00,
    0x00, 0x00, 0x00, 0x00, 0x00, 0x00, 0x00, 0x00, 0x00, 0x00, 0x00, 0x00,
    0x00, 0x00, 0x00, 0x00, 0x00, 0x00, 0x00, 0x00, 0x00, 0x00, 0x00, 0x00,
    0x00, 0x00, 0x00, 0x00, 0x00, 0x00, 0x00, 0x00, 0x00, 0x00, 0x00, 0x00,
    0x00, 0x00, 0x00, 0x00, 0x00, 0x00, 0x00, 0x00, 0x00, 0x00, 0x00, 0x00,
    0x00, 0x00, 0x00, 0x00, 0x00, 0x00, 0x00, 0x00, 0x00, 0x00, 0x00, 0x00,
    0x00, 0x00, 0x00, 0x00, 0x00, 0x00, 0x00, 0x00, 0x00, 0x00, 0x00, 0x00,
    0x00, 0x00, 0x00, 0x00, 0x00, 0x00, 0x00, 0x00, 0x00, 0x00, 0x00, 0x00,
    0x00, 0x00, 0x00, 0x00, 0x00, 0x00, 0x00, 0x00, 0x00, 0x00, 0x00, 0x00,
    0x00, 0x00, 0x00, 0x00, 0x00, 0x00, 0x00, 0x00, 0x00, 0x00, 0x00, 0x00,
    0x00, 0x00, 0x00, 0x00, 0x00, 0x00, 0x00, 0x00, 0x00, 0x00, 0x00, 0x00,
    0x00, 0x00, 0x00, 0x00, 0x00, 0x00, 0x00, 0x00, 0x00, 0x00, 0x00, 0x00,
    0x00, 0x00, 0x00, 0x00, 0x00, 0x00, 0x00, 0x00, 0x00, 0x00, 0x00, 0x00,
    0x00, 0x00, 0x00, 0x00, 0x00, 0x00, 0x00, 0x00, 0x00, 0x00, 0x00, 0x00,
    0x00, 0x00, 0x00, 0x00, 0x00, 0x00, 0x00, 0x00, 0x00, 0x00, 0x00, 0x00,
    0x00, 0x00, 0x00, 0x00, 0x00, 0x00, 0x00, 0x00, 0x00, 0x00, 0x00, 0x00,
    0x00, 0x00, 0x00, 0x00, 0x00, 0x00, 0x00, 0x00, 0x00, 0x00, 0x00, 0x00,
    0x00, 0x00, 0x00, 0x00, 0x00, 0x00, 0x00, 0x00, 0x00, 0x00, 0x00, 0x00,
    0x00, 0x00, 0x00, 0x00, 0x00, 0x00, 0x00, 0x00, 0x00, 0x00, 0x00, 0x00,
    0x00, 0x00, 0x00, 0x00, 0x00, 0x00, 0x00, 0x00, 0x00, 0x00, 0x00, 0x00,
    0x00, 0x00, 0x00, 0x00, 0x00, 0x00, 0x00, 0x00, 0x00, 0x00, 0x00, 0x00,
    0x00, 0x00, 0x00, 0x00, 0x00, 0x00, 0x00, 0x00, 0x00, 0x00, 0x00, 0x00,
    0x00, 0x00, 0x00, 0x00, 0x00, 0x00, 0x00, 0x00, 0x00, 0x00, 0x00, 0x00,
    0x00, 0x00, 0x00, 0x00, 0x00, 0x00, 0x00, 0x00, 0x00, 0x00, 0x00, 0x00,
    0x00, 0x00, 0x00, 0x00, 0x00, 0x00, 0x00, 0x00, 0x00, 0x00, 0x00, 0x00,
    0x00, 0x00, 0x00, 0x00, 0x00, 0x00, 0x00, 0x00, 0x00, 0x00, 0x00, 0x00,
    0x00, 0x00, 0x00, 0x00, 0x00, 0x00, 0x00, 0x00, 0x00, 0x00, 0x00, 0x00,
    0x00, 0x00, 0x00, 0x00, 0x00, 0x00, 0x00, 0x00, 0x00, 0x00, 0x00, 0x00,
    0x00, 0x00, 0x00, 0x00, 0x00, 0x00, 0x00, 0x00, 0x00, 0x00, 0x00, 0x00,
    0x00, 0x00, 0x00, 0x00, 0x00, 0x00, 0x00, 0x00, 0x00, 0x00, 0x00, 0x00,
    0x00, 0x00, 0x00, 0x00, 0x00, 0x00, 0x00, 0x00, 0x00, 0x00, 0x00, 0x00,
    0x00, 0x00, 0x00, 0x00, 0x00, 0x00, 0x00, 0x00, 0x00, 0x00, 0x00, 0x00,
    0x00, 0x00, 0x00, 0x00, 0x00, 0x00, 0x00, 0x00, 0x00, 0x00, 0x00, 0x00,
    0x00, 0x00, 0x00, 0x00, 0x00, 0x00, 0x00, 0x00, 0x00, 0x00, 0x00, 0x00,
    0x00, 0x00, 0x00, 0x00, 0x00, 0x00, 0x00, 0x00, 0x00, 0x00, 0x00, 0x00,
    0x00, 0x00, 0x00, 0x00, 0x00, 0x00, 0x00, 0x00, 0x00, 0x00, 0x00, 0x00,
    0x00, 0x00, 0x00, 0x00, 0x00, 0x00, 0x00, 0x00, 0x00, 0x00, 0x00, 0x00,
    0x00, 0x00, 0x00, 0x00, 0x00, 0x00, 0x00, 0x00, 0x00, 0x00, 0x00, 0x00,
    0x00, 0x00, 0x00, 0x00, 0x00, 0x00, 0x00, 0x00, 0x00, 0x00, 0x00, 0x00,
    0x00, 0x00, 0x00, 0x00, 0x00, 0x00, 0x00, 0x00, 0x00, 0x00, 0x00, 0x00,
    0x00, 0x00, 0x00, 0x00, 0x00, 0x00, 0x00, 0x00, 0x00, 0x00, 0x00, 0x00,
    0x00, 0x00, 0x00, 0x00, 0x00, 0x00, 0x00, 0x00, 0x00, 0x00, 0x00, 0x00,
    0x00, 0x00, 0x00, 0x00, 0x00, 0x00, 0x00, 0x00, 0x00, 0x00, 0x00, 0x00,
    0x00, 0x00, 0x00, 0x00, 0x00, 0x00, 0x00, 0x00, 0x00, 0x00, 0x00, 0x00,
    0x00, 0x00, 0x00, 0x00, 0x00, 0x00, 0x00, 0x00, 0x00, 0x00, 0x00, 0x00,
    0x00, 0x00, 0x00, 0x00, 0x00, 0x00, 0x00, 0x00, 0x00, 0x00, 0x00, 0x00,
    0x00, 0x00, 0x00, 0x00, 0x00, 0x00, 0x00, 0x00, 0x00, 0x00, 0x00, 0x00,
    0x00, 0x00, 0x00, 0x00, 0x00, 0x00, 0x00, 0x00, 0x00, 0x00, 0x00, 0x00,
    0x00, 0x00, 0x00, 0x00, 0x00, 0x00, 0x00, 0x00, 0x00, 0x00, 0x00, 0x00,
    0x00, 0x00, 0x00, 0x00, 0x00, 0x00, 0x00, 0x00, 0x00, 0x00, 0x00, 0x00,
    0x00, 0x00, 0x00, 0x00, 0x00, 0x00, 0x00, 0x00, 0x00, 0x00, 0x00, 0x00,
    0x00, 0x00, 0x00, 0x00, 0x00, 0x00, 0x00, 0x00, 0x00, 0x00, 0x00, 0x00,
    0x00, 0x00, 0x00, 0x00, 0x00, 0x00, 0x00, 0x00, 0x00, 0x00, 0x00, 0x00,
    0x00, 0x00, 0x00, 0x00, 0x00, 0x00, 0x00, 0x00, 0x00, 0x00, 0x00, 0x00,
    0x00, 0x00, 0x00, 0x00, 0x00, 0x00, 0x00, 0x00, 0x00, 0x00, 0x00, 0x00,
    0x00, 0x00, 0x00, 0x00, 0x00, 0x00, 0x00, 0x00, 0x00, 0x00, 0x00, 0x00,
    0x00, 0x00, 0x00, 0x00, 0x00, 0x00, 0x00, 0x00, 0x00, 0x00, 0x00, 0x00,
    0x00, 0x00, 0x00, 0x00, 0x00, 0x00, 0x00, 0x00, 0x00, 0x00, 0x00, 0x00,
    0x00, 0x00, 0x00, 0x00, 0x00, 0x00, 0x00, 0x00, 0x00, 0x00, 0x00, 0x00,
    0x00, 0x00, 0x00, 0x00, 0x00, 0x00, 0x00, 0x00, 0x00, 0x00, 0x00, 0x00,
    0x00, 0x00, 0x00, 0x00, 0x00, 0x00, 0x00, 0x00, 0x00, 0x00, 0x00, 0x00,
    0x00, 0x00, 0x00, 0x00, 0x00, 0x00, 0x00, 0x00, 0x00, 0x00, 0x00, 0x00,
    0x00, 0x00, 0x00, 0x00, 0x00, 0x00, 0x00, 0x00, 0x00, 0x00, 0x00, 0x00,
    0x00, 0x00, 0x00, 0x00, 0x00, 0x00, 0x00, 0x00, 0x00, 0x00, 0x00, 0x00,
    0x00, 0x00, 0x00, 0x00, 0x00, 0x00, 0x00, 0x00, 0x00, 0x00, 0x00, 0x00,
    0x00, 0x00, 0x00, 0x00, 0x00, 0x00, 0x00, 0x00, 0x00, 0x00, 0x00, 0x00,
    0x00, 0x00, 0x00, 0x00, 0x00, 0x00, 0x00, 0x00, 0x00, 0x00, 0x00, 0x00,
    0x00, 0x00, 0x00, 0x00, 0x00, 0x00, 0x00, 0x00, 0x00, 0x00, 0x00, 0x00,
    0x00, 0x00, 0x00, 0x00, 0x00, 0x00, 0x00, 0x00, 0x00, 0x00, 0x00, 0x00,
    0x00, 0x00, 0x00, 0x00, 0x00, 0x00, 0x00, 0x00, 0x00, 0x00, 0x00, 0x00,
    0x00, 0x00, 0x00, 0x00, 0x00, 0x00, 0x00, 0x00, 0x00, 0x00, 0x00, 0x00,
    0x00, 0x00, 0x00, 0x00, 0x00, 0x00, 0x00, 0x00, 0x00, 0x00, 0x00, 0x00,
    0x00, 0x00, 0x00, 0x00, 0x00, 0x00, 0x00, 0x00, 0x00, 0x00, 0x00, 0x00,
    0x00, 0x00, 0x00, 0x00, 0x00, 0x00, 0x00, 0x00, 0x00, 0x00, 0x00, 0x00,
    0x00, 0x00, 0x00, 0x00, 0x00, 0x00, 0x00, 0x00, 0x00, 0x00, 0x00, 0x00,
    0x00, 0x00, 0x00, 0x00, 0x00, 0x00, 0x00, 0x00, 0x00, 0x00, 0x00, 0x00,
    0x00, 0x00, 0x00, 0x00, 0x00, 0x00, 0x00, 0x00, 0x00, 0x00, 0x00, 0x00,
    0x00, 0x00, 0x00, 0x00, 0x00, 0x00, 0x00, 0x00, 0x00, 0x00, 0x00, 0x00,
    0x00, 0x00, 0x00, 0x00, 0x00, 0x00, 0x00, 0x00, 0x00, 0x00, 0x00, 0x00,
    0x00, 0x00, 0x00, 0x00, 0x00, 0x00, 0x00, 0x00, 0x00, 0x00, 0x00, 0x00,
    0x00, 0x00, 0x00, 0x00, 0x00, 0x00, 0x00, 0x00, 0x00, 0x00, 0x00, 0x00,
    0x00, 0x00, 0x00, 0x00, 0x00, 0x00, 0x00, 0x00, 0x00, 0x00, 0x00, 0x00,
    0x00, 0x00, 0x00, 0x00, 0x00, 0x00, 0x00, 0x00, 0x00, 0x00, 0x00, 0x00,
    0x00, 0x00, 0x00, 0x00, 0x00, 0x00, 0x00, 0x00, 0x00, 0x00, 0x00, 0x00,
    0x00, 0x00, 0x00, 0x00, 0x00, 0x00, 0x00, 0x00, 0x00, 0x00, 0x00, 0x00,
    0x00, 0x00, 0x00, 0x00, 0x00, 0x00, 0x00, 0x00, 0x00, 0x00, 0x00, 0x00,
    0x00, 0x00, 0x00, 0x00, 0x00, 0x00, 0x00, 0x00, 0x00, 0x00, 0x00, 0x00,
    0x00, 0x00, 0x00, 0x00, 0x00, 0x00, 0x00, 0x00, 0x00, 0x00, 0x00, 0x00,
    0x00, 0x00, 0x00, 0x00, 0x00, 0x00, 0x00, 0x00, 0x00, 0x00, 0x00, 0x00,
    0x00, 0x00, 0x00, 0x00, 0x00, 0x00, 0x00, 0x00, 0x00, 0x00, 0x00, 0x00,
    0x00, 0x00, 0x00, 0x00, 0x00, 0x00, 0x00, 0x00, 0x00, 0x00, 0x00, 0x00,
    0x00, 0x00, 0x00, 0x00, 0x00, 0x00, 0x00, 0x00, 0x00, 0x00, 0x00, 0x00,
    0x00, 0x00, 0x00, 0x00, 0x00, 0x00, 0x00, 0x00, 0x00, 0x00, 0x00, 0x00,
    0x00, 0x00, 0x00, 0x00, 0x00, 0x00, 0x00, 0x00, 0x00, 0x00, 0x00, 0x00,
    0x00, 0x00, 0x00, 0x00, 0x00, 0x00, 0x00, 0x00, 0x00, 0x00, 0x00, 0x00,
    0x00, 0x00, 0x00, 0x00, 0x00, 0x00, 0x00, 0x00, 0x00, 0x00, 0x00, 0x00,
    0x00, 0x00, 0x00, 0x00, 0x00, 0x00, 0x00, 0x00, 0x00, 0x00, 0x00, 0x00,
    0x00, 0x00, 0x00, 0x00, 0x00, 0x00, 0x00, 0x00, 0x00, 0x00, 0x00, 0x00,
    0x00, 0x00, 0x00, 0x00, 0x00, 0x00, 0x00, 0x00, 0x00, 0x00, 0x00, 0x00,
    0x00, 0x00, 0x00, 0x00, 0x00, 0x00, 0x00, 0x00, 0x00, 0x00, 0x00, 0x00,
    0x00, 0x00, 0x00, 0x00, 0x00, 0x00, 0x00, 0x00, 0x00, 0x00, 0x00, 0x00,
    0x00, 0x00, 0x00, 0x00, 0x00, 0x00, 0x00, 0x00, 0x00, 0x00, 0x00, 0x00,
    0x00, 0x00, 0x00, 0x00, 0x00, 0x00, 0x00, 0x00, 0x00, 0x00, 0x00, 0x00,
    0x00, 0x00, 0x00, 0x00, 0x00, 0x00, 0x00, 0x00, 0x00, 0x00, 0x00, 0x00,
    0x00, 0x00, 0x00, 0x00, 0x00, 0x00, 0x00, 0x00, 0x00, 0x00, 0x00, 0x00,
    0x00, 0x00, 0x00, 0x00, 0x00, 0x00, 0x00, 0x00, 0x00, 0x00, 0x00, 0x00,
    0x00, 0x00, 0x00, 0x00, 0x00, 0x00, 0x00, 0x00, 0x00, 0x00, 0x00, 0x00,
    0x00, 0x00, 0x00, 0x00, 0x00, 0x00, 0x00, 0x00, 0x00, 0x00, 0x00, 0x00,
    0x00, 0x00, 0x00, 0x00, 0x00, 0x00, 0x00, 0x00, 0x00, 0x00, 0x00, 0x00,
    0x00, 0x00, 0x00, 0x00, 0x00, 0x00, 0x00, 0x00, 0x00, 0x00, 0x00, 0x00,
    0x00, 0x00, 0x00, 0x00, 0x00, 0x00, 0x00, 0x00, 0x00, 0x00, 0x00, 0x00,
    0x00, 0x00, 0x00, 0x00, 0x00, 0x00, 0x00, 0x00, 0x00, 0x00, 0x00, 0x00,
    0x00, 0x00, 0x00, 0x00, 0x00, 0x00, 0x00, 0x00, 0x00, 0x00, 0x00, 0x00,
    0x00, 0x00, 0x00, 0x00, 0x00, 0x00, 0x00, 0x00, 0x00, 0x00, 0x00, 0x00,
    0x00, 0x00, 0x00, 0x00, 0x00, 0x00, 0x00, 0x00, 0x00, 0x00, 0x00, 0x00,
    0x00, 0x00, 0x00, 0x00, 0x00, 0x00, 0x00, 0x00, 0x00, 0x00, 0x00, 0x00,
    0x00, 0x00, 0x00, 0x00, 0x00, 0x00, 0x00, 0x00, 0x00, 0x00, 0x00, 0x00,
    0x00, 0x00, 0x00, 0x00, 0x00, 0x00, 0x00, 0x00, 0x00, 0x00, 0x00, 0x00,
    0x00, 0x00, 0x00, 0x00, 0x00, 0x00, 0x00, 0x00, 0x00, 0x00, 0x00, 0x00,
    0x00, 0x00, 0x00, 0x00, 0x00, 0x00, 0x00, 0x00, 0x00, 0x00, 0x00, 0x00,
    0x00, 0x00, 0x00, 0x00, 0x00, 0x00, 0x00, 0x00, 0x00, 0x00, 0x00, 0x00,
    0x00, 0x00, 0x00, 0x00, 0x00, 0x00, 0x00, 0x00, 0x00, 0x00, 0x00, 0x00,
    0x00, 0x00, 0x00, 0x00, 0x00, 0x00, 0x00, 0x00, 0x00, 0x00, 0x00, 0x00,
    0x00, 0x00, 0x00, 0x00, 0x00, 0x00, 0x00, 0x00, 0x00, 0x00, 0x00, 0x00,
    0x00, 0x00, 0x00, 0x00, 0x00, 0x00, 0x00, 0x00, 0x00, 0x00, 0x00, 0x00,
    0x00, 0x00, 0x00, 0x00, 0x00, 0x00, 0x00, 0x00, 0x00, 0x00, 0x00, 0x00,
    0x00, 0x00, 0x00, 0x00, 0x00, 0x00, 0x00, 0x00, 0x00, 0x00, 0x00, 0x00,
    0x00, 0x00, 0x00, 0x00, 0x00, 0x00, 0x00, 0x00, 0x00, 0x00, 0x00, 0x00,
    0x00, 0x00, 0x00, 0x00, 0x00, 0x00, 0x00, 0x00, 0x00, 0x00, 0x00, 0x00,
    0x00, 0x00, 0x00, 0x00, 0x00, 0x00, 0x00, 0x00, 0x00, 0x00, 0x00, 0x00,
    0x00, 0x00, 0x00, 0x00, 0x00, 0x00, 0x00, 0x00, 0x00, 0x00, 0x00, 0x00,
    0x00, 0x00, 0x00, 0x00, 0x00, 0x00, 0x00, 0x00, 0x00, 0x00, 0x00, 0x00,
    0x00, 0x00, 0x00, 0x00, 0x00, 0x00, 0x00, 0x00, 0x00, 0x00, 0x00, 0x00,
    0x00, 0x00, 0x00, 0x00, 0x00, 0x00, 0x00, 0x00, 0x00, 0x00, 0x00, 0x00,
    0x00, 0x00, 0x00, 0x00, 0x00, 0x00, 0x00, 0x00, 0x00, 0x00, 0x00, 0x00,
    0x00, 0x00, 0x00, 0x00, 0x00, 0x00, 0x00, 0x00, 0x00, 0x00, 0x00, 0x00,
    0x00, 0x00, 0x00, 0x00, 0x00, 0x00, 0x00, 0x00, 0x00, 0x00, 0x00, 0x00,
    0x00, 0x00, 0x00, 0x00, 0x00, 0x00, 0x00, 0x00, 0x00, 0x00, 0x00, 0x00,
    0x00, 0x00, 0x00, 0x00, 0x00, 0x00, 0x00, 0x00, 0x00, 0x00, 0x00, 0x00,
    0x00, 0x00, 0x00, 0x00, 0x00, 0x00, 0x00, 0x00, 0x00, 0x00, 0x00, 0x00,
    0x00, 0x00, 0x00, 0x00, 0x00, 0x00, 0x00, 0x00, 0x00, 0x00, 0x00, 0x00,
    0x00, 0x00, 0x00, 0x00, 0x00, 0x00, 0x00, 0x00, 0x00, 0x00, 0x00, 0x00,
    0x00, 0x00, 0x00, 0x00, 0x00, 0x00, 0x00, 0x00, 0x00, 0x00, 0x00, 0x00,
    0x00, 0x00, 0x00, 0x00, 0x00, 0x00, 0x00, 0x00, 0x00, 0x00, 0x00, 0x00,
    0x00, 0x00, 0x00, 0x00, 0x00, 0x00, 0x00, 0x00, 0x00, 0x00, 0x00, 0x00,
    0x00, 0x00, 0x00, 0x00, 0x00, 0x00, 0x00, 0x00, 0x00, 0x00, 0x00, 0x00,
    0x00, 0x00, 0x00, 0x00, 0x00, 0x00, 0x00, 0x00, 0x00, 0x00, 0x00, 0x00,
    0x00, 0x00, 0x00, 0x00, 0x00, 0x00, 0x00, 0x00, 0x00, 0x00, 0x00, 0x00,
    0x00, 0x00, 0x00, 0x00, 0x00, 0x00, 0x00, 0x00, 0x00, 0x00, 0x00, 0x00,
    0x00, 0x00, 0x00, 0x00, 0x00, 0x00, 0x00, 0x00, 0x00, 0x00, 0x00, 0x00,
    0x00, 0x00, 0x00, 0x00, 0x00, 0x00, 0x00, 0x00, 0x00, 0x00, 0x00, 0x00,
    0x00, 0x00, 0x00, 0x00, 0x00, 0x00, 0x00, 0x00, 0x00, 0x00, 0x00, 0x00,
    0x00, 0x00, 0x00, 0x00, 0x00, 0x00, 0x00, 0x00, 0x00, 0x00, 0x00, 0x00,
    0x00, 0x00, 0x00, 0x00, 0x00, 0x00, 0x00, 0x00, 0x00, 0x00, 0x00, 0x00,
    0x00, 0x00, 0x00, 0x00, 0x00, 0x00, 0x00, 0x00, 0x00, 0x00, 0x00, 0x00,
    0x00, 0x00, 0x00, 0x00, 0x00, 0x00, 0x00, 0x00, 0x00, 0x00, 0x00, 0x00,
    0x00, 0x00, 0x00, 0x00, 0x00, 0x00, 0x00, 0x00, 0x00, 0x00, 0x00, 0x00,
    0x00, 0x00, 0x00, 0x00, 0x00, 0x00, 0x00, 0x00, 0x00, 0x00, 0x00, 0x00,
    0x00, 0x00, 0x00, 0x00, 0x00, 0x00, 0x00, 0x00, 0x00, 0x00, 0x00, 0x00,
    0x00, 0x00, 0x00, 0x00, 0x00, 0x00, 0x00, 0x00, 0x00, 0x00, 0x00, 0x00,
    0x00, 0x00, 0x00, 0x00, 0x00, 0x00, 0x00, 0x00, 0x00, 0x00, 0x00, 0x00,
    0x00, 0x00, 0x00, 0x00, 0x00, 0x00, 0x00, 0x00, 0x00, 0x00, 0x00, 0x00,
    0x00, 0x00, 0x00, 0x00, 0x00, 0x00, 0x00, 0x00, 0x00, 0x00, 0x00, 0x00,
    0x00, 0x00, 0x00, 0x00, 0x00, 0x00, 0x00, 0x00, 0x00, 0x00, 0x00, 0x00,
    0x00, 0x00, 0x00, 0x00, 0x00, 0x00, 0x00, 0x00, 0x00, 0x00, 0x00, 0x00,
    0x00, 0x00, 0x00, 0x00, 0x00, 0x00, 0x00, 0x00, 0x00, 0x00, 0x00, 0x00,
    0x00, 0x00, 0x00, 0x00, 0x00, 0x00, 0x00, 0x00, 0x00, 0x00, 0x00, 0x00,
    0x00, 0x00, 0x00, 0x00, 0x00, 0x00, 0x00, 0x00, 0x00, 0x00, 0x00, 0x00,
    0x00, 0x00, 0x00, 0x00, 0x00, 0x00, 0x00, 0x00, 0x00, 0x00, 0x00, 0x00,
    0x00, 0x00, 0x00, 0x00, 0x00, 0x00, 0x00, 0x00, 0x00, 0x00, 0x00, 0x00,
    0x00, 0x00, 0x00, 0x00, 0x00, 0x00, 0x00, 0x00, 0x00, 0x00, 0x00, 0x00,
    0x00, 0x00, 0x00, 0x00, 0x00, 0x00, 0x00, 0x00, 0x00, 0x00, 0x00, 0x00,
    0x00, 0x00, 0x00, 0x00, 0x00, 0x00, 0x00, 0x00, 0x00, 0x00, 0x00, 0x00,
    0x00, 0x00, 0x00, 0x00, 0x00, 0x00, 0x00, 0x00, 0x00, 0x00, 0x00, 0x00,
    0x00, 0x00, 0x00, 0x00, 0x00, 0x00, 0x00, 0x00, 0x00, 0x00, 0x00, 0x00,
    0x00, 0x00, 0x00, 0x00, 0x00, 0x00, 0x00, 0x00, 0x00, 0x00, 0x00, 0x00,
    0x00, 0x00, 0x00, 0x00, 0x00, 0x00, 0x00, 0x00, 0x00, 0x00, 0x00, 0x00,
    0x00, 0x00, 0x00, 0x00, 0x00, 0x00, 0x00, 0x00, 0x00, 0x00, 0x00, 0x00,
    0x00, 0x00, 0x00, 0x00, 0x00, 0x00, 0x00, 0x00, 0x00, 0x00, 0x00, 0x00,
    0x00, 0x00, 0x00, 0x00, 0x00, 0x00, 0x00, 0x00, 0x00, 0x00, 0x00, 0x00,
    0x00, 0x00, 0x00, 0x00, 0x00, 0x00, 0x00, 0x00, 0x00, 0x00, 0x00, 0x00,
    0x00, 0x00, 0x00, 0x00, 0x00, 0x00, 0x00, 0x00, 0x00, 0x00, 0x00, 0x00,
    0x00, 0x00, 0x00, 0x00, 0x00, 0x00, 0x00, 0x00, 0x00, 0x00, 0x00, 0x00,
    0x00, 0x00, 0x00, 0x00, 0x00, 0x00, 0x00, 0x00, 0x00, 0x00, 0x00, 0x00,
    0x00, 0x00, 0x00, 0x00, 0x00, 0x00, 0x00, 0x00, 0x00, 0x00, 0x00, 0x00,
    0x00, 0x00, 0x00, 0x00, 0x00, 0x00, 0x00, 0x00, 0x00, 0x00, 0x00, 0x00,
    0x00, 0x00, 0x00, 0x00, 0x00, 0x00, 0x00, 0x00, 0x00, 0x00, 0x00, 0x00,
    0x00, 0x00, 0x00, 0x00, 0x00, 0x00, 0x00, 0x00, 0x00, 0x00, 0x00, 0x00,
    0x00, 0x00, 0x00, 0x00, 0x00, 0x00, 0x00, 0x00, 0x00, 0x00, 0x00, 0x00,
    0x00, 0x00, 0x00, 0x00, 0x00, 0x00, 0x00, 0x00, 0x00, 0x00, 0x00, 0x00,
    0x00, 0x00, 0x00, 0x00, 0x00, 0x00, 0x00, 0x00, 0x00, 0x00, 0x00, 0x00,
    0x00, 0x00, 0x00, 0x00, 0x00, 0x00, 0x00, 0x00, 0x00, 0x00, 0x00, 0x00,
    0x00, 0x00, 0x00, 0x00, 0x00, 0x00, 0x00, 0x00, 0x00, 0x00, 0x00, 0x00,
    0x00, 0x00, 0x00, 0x00, 0x00, 0x00, 0x00, 0x00, 0x00, 0x00, 0x00, 0x00,
    0x00, 0x00, 0x00, 0x00, 0x00, 0x00, 0x00, 0x00, 0x00, 0x00, 0x00, 0x00,
    0x00, 0x00, 0x00, 0x00, 0x00, 0x00, 0x00, 0x00, 0x00, 0x00, 0x00, 0x00,
    0x00, 0x00, 0x00, 0x00, 0x00, 0x00, 0x00, 0x00, 0x00, 0x00, 0x00, 0x00,
    0x00, 0x00, 0x00, 0x00, 0x00, 0x00, 0x00, 0x00, 0x00, 0x00, 0x00, 0x00,
    0x00, 0x00, 0x00, 0x00, 0x00, 0x00, 0x00, 0x00, 0x00, 0x00, 0x00, 0x00,
    0x00, 0x00, 0x00, 0x00, 0x00, 0x00, 0x00, 0x00, 0x00, 0x00, 0x00, 0x00,
    0x00, 0x00, 0x00, 0x00, 0x00, 0x00, 0x00, 0x00, 0x00, 0x00, 0x00, 0x00,
    0x00, 0x00, 0x00, 0x00, 0x00, 0x00, 0x00, 0x00, 0x00, 0x00, 0x00, 0x00,
    0x00, 0x00, 0x00, 0x00, 0x00, 0x00, 0x00, 0x00, 0x00, 0x00, 0x00, 0x00,
    0x00, 0x00, 0x00, 0x00, 0x00, 0x00, 0x00, 0x00, 0x00, 0x00, 0x00, 0x00,
    0x00, 0x00, 0x00, 0x00, 0x00, 0x00, 0x00, 0x00, 0x00, 0x00, 0x00, 0x00,
    0x00, 0x00, 0x00, 0x00, 0x00, 0x00, 0x00, 0x00, 0x00, 0x00, 0x00, 0x00,
    0x00, 0x00, 0x00, 0x00, 0x00, 0x00, 0x00, 0x00, 0x00, 0x00, 0x00, 0x00,
    0x00, 0x00, 0x00, 0x00, 0x00, 0x00, 0x00, 0x00, 0x00, 0x00, 0x00, 0x00,
    0x00, 0x00, 0x00, 0x00, 0x00, 0x00, 0x00, 0x00, 0x00, 0x00, 0x00, 0x00,
    0x00, 0x00, 0x00, 0x00, 0x00, 0x00, 0x00, 0x00, 0x00, 0x00, 0x00, 0x00,
    0x00, 0x00, 0x00, 0x00, 0x00, 0x00, 0x00, 0x00, 0x00, 0x00, 0x00, 0x00,
    0x00, 0x00, 0x00, 0x00, 0x00, 0x00, 0x00, 0x00, 0x00, 0x00, 0x00, 0x00,
    0x00, 0x00, 0x00, 0x00, 0x00, 0x00, 0x00, 0x00, 0x00, 0x00, 0x00, 0x00,
    0x00, 0x00, 0x00, 0x00, 0x00, 0x00, 0x00, 0x00, 0x00, 0x00, 0x00, 0x00,
    0x00, 0x00, 0x00, 0x00, 0x00, 0x00, 0x00, 0x00, 0x00, 0x00, 0x00, 0x00,
    0x00, 0x00, 0x00, 0x00, 0x00, 0x00, 0x00, 0x00, 0x00, 0x00, 0x00, 0x00,
    0x00, 0x00, 0x00, 0x00, 0x00, 0x00, 0x00, 0x00, 0x00, 0x00, 0x00, 0x00,
    0x00, 0x00, 0x00, 0x00, 0x00, 0x00, 0x00, 0x00, 0x00, 0x00, 0x00, 0x00,
    0x00, 0x00, 0x00, 0x00, 0x00, 0x00, 0x00, 0x00, 0x00, 0x00, 0x00, 0x00,
    0x00, 0x00, 0x00, 0x00, 0x00, 0x00, 0x00, 0x00, 0x00, 0x00, 0x00, 0x00,
    0x00, 0x00, 0x00, 0x00, 0x00, 0x00, 0x00, 0x00, 0x00, 0x00, 0x00, 0x00,
    0x00, 0x00, 0x00, 0x00, 0x00, 0x00, 0x00, 0x00, 0x00, 0x00, 0x00, 0x00,
    0x00, 0x00, 0x00, 0x00, 0x00, 0x00, 0x00, 0x00, 0x00, 0x00, 0x00, 0x00,
    0x00, 0x00, 0x00, 0x00, 0x00, 0x00, 0x00, 0x00, 0x00, 0x00, 0x00, 0x00,
    0x00, 0x00, 0x00, 0x00, 0x00, 0x00, 0x00, 0x00, 0x00, 0x00, 0x00, 0x00,
    0x00, 0x00, 0x00, 0x00, 0x00, 0x00, 0x00, 0x00, 0x00, 0x00, 0x00, 0x00,
    0x00, 0x00, 0x00, 0x00, 0x00, 0x00, 0x00, 0x00, 0x00, 0x00, 0x00, 0x00,
    0x00, 0x00, 0x00, 0x00, 0x00, 0x00, 0x00, 0x00, 0x00, 0x00, 0x00, 0x00,
    0x00, 0x00, 0x00, 0x00, 0x00, 0x00, 0x00, 0x00, 0x00, 0x00, 0x00, 0x00,
    0x00, 0x00, 0x00, 0x00, 0x00, 0x00, 0x00, 0x00, 0x00, 0x00, 0x00, 0x00,
    0x00, 0x00, 0x00, 0x00, 0x00, 0x00, 0x00, 0x00, 0x00, 0x00, 0x00, 0x00,
    0x00, 0x00, 0x00, 0x00, 0x00, 0x00, 0x00, 0x00, 0x00, 0x00, 0x00, 0x00,
    0x00, 0x00, 0x00, 0x00, 0x00, 0x00, 0x00, 0x00, 0x00, 0x00, 0x00, 0x00,
    0x00, 0x00, 0x00, 0x00, 0x00, 0x00, 0x00, 0x00, 0x00, 0x00, 0x00, 0x00,
    0x00, 0x00, 0x00, 0x00, 0x00, 0x00, 0x00, 0x00, 0x00, 0x00, 0x00, 0x00,
    0x00, 0x00, 0x00, 0x00, 0x00, 0x00, 0x00, 0x00, 0x00, 0x00, 0x00, 0x00,
    0x00, 0x00, 0x00, 0x00, 0x00, 0x00, 0x00, 0x00, 0x00, 0x00, 0x00, 0x00,
    0x00, 0x00, 0x00, 0x00, 0x00, 0x00, 0x00, 0x00, 0x00, 0x00, 0x00, 0x00,
    0x00, 0x00, 0x00, 0x00, 0x00, 0x00, 0x00, 0x00, 0x00, 0x00, 0x00, 0x00,
    0x00, 0x00, 0x00, 0x00, 0x00, 0x00, 0x00, 0x00, 0x00, 0x00, 0x00, 0x00,
    0x00, 0x00, 0x00, 0x00, 0x00, 0x00, 0x00, 0x00, 0x00, 0x00, 0x00, 0x00,
    0x00, 0x00, 0x00, 0x00, 0x00, 0x00, 0x00, 0x00, 0x00, 0x00, 0x00, 0x00,
    0x00, 0x00, 0x00, 0x00, 0x00, 0x00, 0x00, 0x00, 0x00, 0x00, 0x00, 0x00,
    0x00, 0x00, 0x00, 0x00, 0x00, 0x00, 0x00, 0x00, 0x00, 0x00, 0x00, 0x00,
    0x00, 0x00, 0x00, 0x00, 0x00, 0x00, 0x00, 0x00, 0x00, 0x00, 0x00, 0x00,
    0x00, 0x00, 0x00, 0x00, 0x00, 0x00, 0x00, 0x00, 0x00, 0x00, 0x00, 0x00,
    0x00, 0x00, 0x00, 0x00, 0x00, 0x00, 0x00, 0x00, 0x00, 0x00, 0x00, 0x00,
    0x00, 0x00, 0x00, 0x00, 0x00, 0x00, 0x00, 0x00, 0x00, 0x00, 0x00, 0x00,
    0x00, 0x00, 0x00, 0x00, 0x00, 0x00, 0x00, 0x00, 0x00, 0x00, 0x00, 0x00,
    0x00, 0x00, 0x00, 0x00, 0x00, 0x00, 0x00, 0x00, 0x00, 0x00, 0x00, 0x00,
    0x00, 0x00, 0x00, 0x00, 0x00, 0x00, 0x00, 0x00, 0x00, 0x00, 0x00, 0x00,
    0x00, 0x00, 0x00, 0x00, 0x00, 0x00, 0x00, 0x00, 0x00, 0x00, 0x00, 0x00,
    0x00, 0x00, 0x00, 0x00, 0x00, 0x00, 0x00, 0x00, 0x00, 0x00, 0x00, 0x00,
    0x00, 0x00, 0x00, 0x00, 0x00, 0x00, 0x00, 0x00, 0x00, 0x00, 0x00, 0x00,
    0x00, 0x00, 0x00, 0x00, 0x00, 0x00, 0x00, 0x00, 0x00, 0x00, 0x00, 0x00,
    0x00, 0x00, 0x00, 0x00, 0x00, 0x00, 0x00, 0x00, 0x00, 0x00, 0x00, 0x00,
    0x00, 0x00, 0x00, 0x00, 0x00, 0x00, 0x00, 0x00, 0x00, 0x00, 0x00, 0x00,
    0x00, 0x00, 0x00, 0x00, 0x00, 0x00, 0x00, 0x00, 0x00, 0x00, 0x00, 0x00,
    0x00, 0x00, 0x00, 0x00, 0x00, 0x00, 0x00, 0x00, 0x00, 0x00, 0x00, 0x00,
    0x00, 0x00, 0x00, 0x00, 0x00, 0x00, 0x00, 0x00, 0x00, 0x00, 0x00, 0x00,
    0x00, 0x00, 0x00, 0x00, 0x00, 0x00, 0x00, 0x00, 0x00, 0x00, 0x00, 0x00,
    0x00, 0x00, 0x00, 0x00, 0x00, 0x00, 0x00, 0x00, 0x00, 0x00, 0x00, 0x00,
    0x00, 0x00, 0x00, 0x00, 0x00, 0x00, 0x00, 0x00, 0x00, 0x00, 0x00, 0x00,
    0x00, 0x00, 0x00, 0x00, 0x00, 0x00, 0x00, 0x00, 0x00, 0x00, 0x00, 0x00,
    0x00, 0x00, 0x00, 0x00, 0x00, 0x00, 0x00, 0x00, 0x00, 0x00, 0x00, 0x00,
    0x00, 0x00, 0x00, 0x00, 0x00, 0x00, 0x00, 0x00, 0x00, 0x00, 0x00, 0x00,
    0x00, 0x00, 0x00, 0x00, 0x00, 0x00, 0x00, 0x00, 0x00, 0x00, 0x00, 0x00,
    0x00, 0x00, 0x00, 0x00, 0x00, 0x00, 0x00, 0x00, 0x00, 0x00, 0x00, 0x00,
    0x00, 0x00, 0x00, 0x00, 0x00, 0x00, 0x00, 0x00, 0x00, 0x00, 0x00, 0x00,
    0x00, 0x00, 0x00, 0x00, 0x00, 0x00, 0x00, 0x00, 0x00, 0x00, 0x00, 0x00,
    0x00, 0x00, 0x00, 0x00, 0x00, 0x00, 0x00, 0x00, 0x00, 0x00, 0x00, 0x00,
    0x00, 0x00, 0x00, 0x00, 0x00, 0x00, 0x00, 0x00, 0x00, 0x00, 0x00, 0x00,
    0x00, 0x00, 0x00, 0x00, 0x00, 0x00, 0x00, 0x00, 0x00, 0x00, 0x00, 0x00,
    0x00, 0x00, 0x00, 0x00, 0x00, 0x00, 0x00, 0x00, 0x00, 0x00, 0x00, 0x00,
    0x00, 0x00, 0x00, 0x00, 0x00, 0x00, 0x00, 0x00, 0x00, 0x00, 0x00, 0x00,
    0x00, 0x00, 0x00, 0x00, 0x00, 0x00, 0x00, 0x00, 0x00, 0x00, 0x00, 0x00,
    0x00, 0x00, 0x00, 0x00, 0x00, 0x00, 0x00, 0x00, 0x00, 0x00, 0x00, 0x00,
    0x00, 0x00, 0x00, 0x00, 0x00, 0x00, 0x00, 0x00, 0x00, 0x00, 0x00, 0x00,
    0x00, 0x00, 0x00, 0x00, 0x00, 0x00, 0x00, 0x00, 0x00, 0x00, 0x00, 0x00,
    0x00, 0x00, 0x00, 0x00, 0x00, 0x00, 0x00, 0x00, 0x00, 0x00, 0x00, 0x00,
    0x00, 0x00, 0x00, 0x00, 0x00, 0x00, 0x00, 0x00, 0x00, 0x00, 0x00, 0x00,
    0x00, 0x00, 0x00, 0x00, 0x00, 0x00, 0x00, 0x00, 0x00, 0x00, 0x00, 0x00,
    0x00, 0x00, 0x00, 0x00, 0x00, 0x00, 0x00, 0x00, 0x00, 0x00, 0x00, 0x00,
    0x00, 0x00, 0x00, 0x00, 0x00, 0x00, 0x00, 0x00, 0x00, 0x00, 0x00, 0x00,
    0x00, 0x00, 0x00, 0x00, 0x00, 0x00, 0x00, 0x00, 0x00, 0x00, 0x00, 0x00,
    0x00, 0x00, 0x00, 0x00, 0x00, 0x00, 0x00, 0x00, 0x00, 0x00, 0x00, 0x00,
    0x00, 0x00, 0x00, 0x00, 0x00, 0x00, 0x00, 0x00, 0x00, 0x00, 0x00, 0x00,
    0x00, 0x00, 0x00, 0x00, 0x00, 0x00, 0x00, 0x00, 0x00, 0x00, 0x00, 0x00,
    0x00, 0x00, 0x00, 0x00, 0x00, 0x00, 0x00, 0x00, 0x00, 0x00, 0x00, 0x00,
    0x00, 0x00, 0x00, 0x00, 0x00, 0x00, 0x00, 0x00, 0x00, 0x00, 0x00, 0x00,
    0x00, 0x00, 0x00, 0x00, 0x00, 0x00, 0x00, 0x00, 0x00, 0x00, 0x00, 0x00,
    0x00, 0x00, 0x00, 0x00, 0x00, 0x00, 0x00, 0x00, 0x00, 0x00, 0x00, 0x00,
    0x00, 0x00, 0x00, 0x00, 0x00, 0x00, 0x00, 0x00, 0x00, 0x00, 0x00, 0x00,
    0x00, 0x00, 0x00, 0x00, 0x00, 0x00, 0x00, 0x00, 0x00, 0x00, 0x00, 0x00,
    0x00, 0x00, 0x00, 0x00, 0x00, 0x00, 0x00, 0x00, 0x00, 0x00, 0x00, 0x00,
    0x00, 0x00, 0x00, 0x00, 0x00, 0x00, 0x00, 0x00, 0x00, 0x00, 0x00, 0x00,
    0x00, 0x00, 0x00, 0x00, 0x00, 0x00, 0x00, 0x00, 0x00, 0x00, 0x00, 0x00,
    0x00, 0x00, 0x00, 0x00, 0x00, 0x00, 0x00, 0x00, 0x00, 0x00, 0x00, 0x00,
    0x00, 0x00, 0x00, 0x00, 0x00, 0x00, 0x00, 0x00, 0x00, 0x00, 0x00, 0x00,
    0x00, 0x00, 0x00, 0x00, 0x00, 0x00, 0x00, 0x00, 0x00, 0x00, 0x00, 0x00,
    0x00, 0x00, 0x00, 0x00, 0x00, 0x00, 0x00, 0x00, 0x00, 0x00, 0x00, 0x00,
    0x00, 0x00, 0x00, 0x00, 0x00, 0x00, 0x00, 0x00, 0x00, 0x00, 0x00, 0x00,
    0x00, 0x00, 0x00, 0x00, 0x00, 0x00, 0x00, 0x00, 0x00, 0x00, 0x00, 0x00,
    0x00, 0x00, 0x00, 0x00, 0x00, 0x00, 0x00, 0x00, 0x00, 0x00, 0x00, 0x00,
    0x00, 0x00, 0x00, 0x00, 0x00, 0x00, 0x00, 0x00, 0x00, 0x00, 0x00, 0x00,
    0x00, 0x00, 0x00, 0x00, 0x00, 0x00, 0x00, 0x00, 0x00, 0x00, 0x00, 0x00,
    0x00, 0x00, 0x00, 0x00, 0x00, 0x00, 0x00, 0x00, 0x00, 0x00, 0x00, 0x00,
    0x00, 0x00, 0x00, 0x00, 0x00, 0x00, 0x00, 0x00, 0x00, 0x00, 0x00, 0x00,
    0x00, 0x00, 0x00, 0x00, 0x00, 0x00, 0x00, 0x00, 0x00, 0x00, 0x00, 0x00,
    0x00, 0x00, 0x00, 0x00, 0x00, 0x00, 0x00, 0x00, 0x00, 0x00, 0x00, 0x00,
    0x00, 0x00, 0x00, 0x00, 0x00, 0x00, 0x00, 0x00, 0x00, 0x00, 0x00, 0x00,
    0x00, 0x00, 0x00, 0x00, 0x00, 0x00, 0x00, 0x00, 0x00, 0x00, 0x00, 0x00,
    0x00, 0x00, 0x00, 0x00, 0x00, 0x00, 0x00, 0x00, 0x00, 0x00, 0x00, 0x00,
    0x00, 0x00, 0x00, 0x00, 0x00, 0x00, 0x00, 0x00, 0x00, 0x00, 0x00, 0x00,
    0x00, 0x00, 0x00, 0x00, 0x00, 0x00, 0x00, 0x00, 0x00, 0x00, 0x00, 0x00,
    0x00, 0x00, 0x00, 0x00, 0x00, 0x00, 0x00, 0x00, 0x00, 0x00, 0x00, 0x00,
    0x00, 0x00, 0x00, 0x00, 0x00, 0x00, 0x00, 0x00, 0x00, 0x00, 0x00, 0x00,
    0x00, 0x00, 0x00, 0x00, 0x00, 0x00, 0x00, 0x00, 0x00, 0x00, 0x00, 0x00,
    0x00, 0x00, 0x00, 0x00, 0x00, 0x00, 0x00, 0x00, 0x00, 0x00, 0x00, 0x00,
    0x00, 0x00, 0x00, 0x00, 0x00, 0x00, 0x00, 0x00, 0x00, 0x00, 0x00, 0x00,
    0x00, 0x00, 0x00, 0x00, 0x00, 0x00, 0x00, 0x00, 0x00, 0x00, 0x00, 0x00,
    0x00, 0x00, 0x00, 0x00, 0x00, 0x00, 0x00, 0x00, 0x00, 0x00, 0x00, 0x00,
    0x00, 0x00, 0x00, 0x00, 0x00, 0x00, 0x00, 0x00, 0x00, 0x00, 0x00, 0x00,
    0x00, 0x00, 0x00, 0x00, 0x00, 0x00, 0x00, 0x00, 0x00, 0x00, 0x00, 0x00,
    0x00, 0x00, 0x00, 0x00, 0x00, 0x00, 0x00, 0x00, 0x00, 0x00, 0x00, 0x00,
    0x00, 0x00, 0x00, 0x00, 0x00, 0x00, 0x00, 0x00, 0x00, 0x00, 0x00, 0x00,
    0x00, 0x00, 0x00, 0x00, 0x00, 0x00, 0x00, 0x00, 0x00, 0x00, 0x00, 0x00,
    0x00, 0x00, 0x00, 0x00, 0x00, 0x00, 0x00, 0x00, 0x00, 0x00, 0x00, 0x00,
    0x00, 0x00, 0x00, 0x00, 0x00, 0x00, 0x00, 0x00, 0x00, 0x00, 0x00, 0x00,
    0x00, 0x00, 0x00, 0x00, 0x00, 0x00, 0x00, 0x00, 0x00, 0x00, 0x00, 0x00,
    0x00, 0x00, 0x00, 0x00, 0x00, 0x00, 0x00, 0x00, 0x00, 0x00, 0x00, 0x00,
    0x00, 0x00, 0x00, 0x00, 0x00, 0x00, 0x00, 0x00, 0x00, 0x00, 0x00, 0x00,
    0x00, 0x00, 0x00, 0x00, 0x00, 0x00, 0x00, 0x00, 0x00, 0x00, 0x00, 0x00,
    0x00, 0x00, 0x00, 0x00, 0x00, 0x00, 0x00, 0x00, 0x00, 0x00, 0x00, 0x00,
    0x00, 0x00, 0x00, 0x00, 0x00, 0x00, 0x00, 0x00, 0x00, 0x00, 0x00, 0x00,
    0x00, 0x00, 0x00, 0x00, 0x00, 0x00, 0x00, 0x00, 0x00, 0x00, 0x00, 0x00,
    0x00, 0x00, 0x00, 0x00, 0x00, 0x00, 0x00, 0x00, 0x00, 0x00, 0x00, 0x00,
    0x00, 0x00, 0x00, 0x00, 0x00, 0x00, 0x00, 0x00, 0x00, 0x00, 0x00, 0x00,
    0x00, 0x00, 0x00, 0x00, 0x00, 0x00, 0x00, 0x00, 0x00, 0x00, 0x00, 0x00,
    0x00, 0x00, 0x00, 0x00, 0x00, 0x00, 0x00, 0x00, 0x00, 0x00, 0x00, 0x00,
    0x00, 0x00, 0x00, 0x00, 0x00, 0x00, 0x00, 0x00, 0x00, 0x00, 0x00, 0x00,
    0x00, 0x00, 0x00, 0x00, 0x00, 0x00, 0x00, 0x00, 0x00, 0x00, 0x00, 0x00,
    0x00, 0x00, 0x00, 0x00, 0x00, 0x00, 0x00, 0x00, 0x00, 0x00, 0x00, 0x00,
    0x00, 0x00, 0x00, 0x00, 0x00, 0x00, 0x00, 0x00, 0x00, 0x00, 0x00, 0x00,
    0x00, 0x00, 0x00, 0x00, 0x00, 0x00, 0x00, 0x00, 0x00, 0x00, 0x00, 0x00,
    0x00, 0x00, 0x00, 0x00, 0x00, 0x00, 0x00, 0x00, 0x00, 0x00, 0x00, 0x00,
    0x00, 0x00, 0x00, 0x00, 0x00, 0x00, 0x00, 0x00, 0x00, 0x00, 0x00, 0x00,
    0x00, 0x00, 0x00, 0x00, 0x00, 0x00, 0x00, 0x00, 0x00, 0x00, 0x00, 0x00,
    0x00, 0x00, 0x00, 0x00, 0x00, 0x00, 0x00, 0x00, 0x00, 0x00, 0x00, 0x00,
    0x00, 0x00, 0x00, 0x00, 0x00, 0x00, 0x00, 0x00, 0x00, 0x00, 0x00, 0x00,
    0x00, 0x00, 0x00, 0x00, 0x00, 0x00, 0x00, 0x00, 0x00, 0x00, 0x00, 0x00,
    0x00, 0x00, 0x00, 0x00, 0x00, 0x00, 0x00, 0x00, 0x00, 0x00, 0x00, 0x00,
    0x00, 0x00, 0x00, 0x00, 0x00, 0x00, 0x00, 0x00, 0x00, 0x00, 0x00, 0x00,
    0x00, 0x00, 0x00, 0x00, 0x00, 0x00, 0x00, 0x00, 0x00, 0x00, 0x00, 0x00,
    0x00, 0x00, 0x00, 0x00, 0x00, 0x00, 0x00, 0x00, 0x00, 0x00, 0x00, 0x00,
    0x00, 0x00, 0x00, 0x00, 0x00, 0x00, 0x00, 0x00, 0x00, 0x00, 0x00, 0x00,
    0x00, 0x00, 0x00, 0x00, 0x00, 0x00, 0x00, 0x00, 0x00, 0x00, 0x00, 0x00,
    0x00, 0x00, 0x00, 0x00, 0x00, 0x00, 0x00, 0x00, 0x00, 0x00, 0x00, 0x00,
    0x00, 0x00, 0x00, 0x00, 0x00, 0x00, 0x00, 0x00, 0x00, 0x00, 0x00, 0x00,
    0x00, 0x00, 0x00, 0x00, 0x00, 0x00, 0x00, 0x00, 0x00, 0x00, 0x00, 0x00,
    0x00, 0x00, 0x00, 0x00, 0x00, 0x00, 0x00, 0x00, 0x00, 0x00, 0x00, 0x00,
    0x00, 0x00, 0x00, 0x00, 0x00, 0x00, 0x00, 0x00, 0x00, 0x00, 0x00, 0x00,
    0x00, 0x00, 0x00, 0x00, 0x00, 0x00, 0x00, 0x00, 0x00, 0x00, 0x00, 0x00,
    0x00, 0x00, 0x00, 0x00, 0x00, 0x00, 0x00, 0x00, 0x00, 0x00, 0x00, 0x00,
    0x00, 0x00, 0x00, 0x00, 0x00, 0x00, 0x00, 0x00, 0x00, 0x00, 0x00, 0x00,
    0x00, 0x00, 0x00, 0x00, 0x00, 0x00, 0x00, 0x00, 0x00, 0x00, 0x00, 0x00,
    0x00, 0x00, 0x00, 0x00, 0x00, 0x00, 0x00, 0x00, 0x00, 0x00, 0x00, 0x00,
    0x00, 0x00, 0x00, 0x00, 0x00, 0x00, 0x00, 0x00, 0x00, 0x00, 0x00, 0x00,
    0x00, 0x00, 0x00, 0x00, 0x00, 0x00, 0x00, 0x00, 0x00, 0x00, 0x00, 0x00,
    0x00, 0x00, 0x00, 0x00, 0x00, 0x00, 0x00, 0x00, 0x00, 0x00, 0x00, 0x00,
    0x00, 0x00, 0x00, 0x00, 0x00, 0x00, 0x00, 0x00, 0x00, 0x00, 0x00, 0x00,
    0x00, 0x00, 0x00, 0x00, 0x00, 0x00, 0x00, 0x00, 0x00, 0x00, 0x00, 0x00,
    0x00, 0x00, 0x00, 0x00, 0x00, 0x00, 0x00, 0x00, 0x00, 0x00, 0x00, 0x00,
    0x00, 0x00, 0x00, 0x00, 0x00, 0x00, 0x00, 0x00, 0x00, 0x00, 0x00, 0x00,
    0x00, 0x00, 0x00, 0x00, 0x00, 0x00, 0x00, 0x00, 0x00, 0x00, 0x00, 0x00,
    0x00, 0x00, 0x00, 0x00, 0x00, 0x00, 0x00, 0x00, 0x00, 0x00, 0x00, 0x00,
    0x00, 0x00, 0x00, 0x00, 0x00, 0x00, 0x00, 0x00, 0x00, 0x00, 0x00, 0x00,
    0x00, 0x00, 0x00, 0x00, 0x00, 0x00, 0x00, 0x00, 0x00, 0x00, 0x00, 0x00,
    0x00, 0x00, 0x00, 0x00, 0x00, 0x00, 0x00, 0x00, 0x00, 0x00, 0x00, 0x00,
    0x00, 0x00, 0x00, 0x00, 0x00, 0x00, 0x00, 0x00, 0x00, 0x00, 0x00, 0x00,
    0x00, 0x00, 0x00, 0x00, 0x00, 0x00, 0x00, 0x00, 0x00, 0x00, 0x00, 0x00,
    0x00, 0x00, 0x00, 0x00, 0x00, 0x00, 0x00, 0x00, 0x00, 0x00, 0x00, 0x00,
    0x00, 0x00, 0x00, 0x00, 0x00, 0x00, 0x00, 0x00, 0x00, 0x00, 0x00, 0x00,
    0x00, 0x00, 0x00, 0x00, 0x00, 0x00, 0x00, 0x00, 0x00, 0x00, 0x00, 0x00,
    0x00, 0x00, 0x00, 0x00, 0x00, 0x00, 0x00, 0x00, 0x00, 0x00, 0x00, 0x00,
    0x00, 0x00, 0x00, 0x00, 0x00, 0x00, 0x00, 0x00, 0x00, 0x00, 0x00, 0x00,
    0x00, 0x00, 0x00, 0x00, 0x00, 0x00, 0x00, 0x00, 0x00, 0x00, 0x00, 0x00,
    0x00, 0x00, 0x00, 0x00, 0x00, 0x00, 0x00, 0x00, 0x00, 0x00, 0x00, 0x00,
    0x00, 0x00, 0x00, 0x00, 0x00, 0x00, 0x00, 0x00, 0x00, 0x00, 0x00, 0x00,
    0x00, 0x00, 0x00, 0x00, 0x00, 0x00, 0x00, 0x00, 0x00, 0x00, 0x00, 0x00,
    0x00, 0x00, 0x00, 0x00, 0x00, 0x00, 0x00, 0x00, 0x00, 0x00, 0x00, 0x00,
    0x00, 0x00, 0x00, 0x00, 0x00, 0x00, 0x00, 0x00, 0x00, 0x00, 0x00, 0x00,
    0x00, 0x00, 0x00, 0x00, 0x00, 0x00, 0x00, 0x00, 0x00, 0x00, 0x00, 0x00,
    0x00, 0x00, 0x00, 0x00, 0x00, 0x00, 0x00, 0x00, 0x00, 0x00, 0x00, 0x00,
    0x00, 0x00, 0x00, 0x00, 0x00, 0x00, 0x00, 0x00, 0x00, 0x00, 0x00, 0x00,
    0x00, 0x00, 0x00, 0x00, 0x00, 0x00, 0x00, 0x00, 0x00, 0x00, 0x00, 0x00,
    0x00, 0x00, 0x00, 0x00, 0x00, 0x00, 0x00, 0x00, 0x00, 0x00, 0x00, 0x00,
    0x00, 0x00, 0x00, 0x00, 0x00, 0x00, 0x00, 0x00, 0x00, 0x00, 0x00, 0x00,
    0x00, 0x00, 0x00, 0x00, 0x00, 0x00, 0x00, 0x00, 0x00, 0x00, 0x00, 0x00,
    0x00, 0x00, 0x00, 0x00, 0x00, 0x00, 0x00, 0x00, 0x00, 0x00, 0x00, 0x00,
    0x00, 0x00, 0x00, 0x00, 0x00, 0x00, 0x00, 0x00, 0x00, 0x00, 0x00, 0x00,
    0x00, 0x00, 0x00, 0x00, 0x00, 0x00, 0x00, 0x00, 0x00, 0x00, 0x00, 0x00,
    0x00, 0x00, 0x00, 0x00, 0x00, 0x00, 0x00, 0x00, 0x00, 0x00, 0x00, 0x00,
    0x00, 0x00, 0x00, 0x00, 0x00, 0x00, 0x00, 0x00, 0x00, 0x00, 0x00, 0x00,
    0x00, 0x00, 0x00, 0x00, 0x00, 0x00, 0x00, 0x00, 0x00, 0x00, 0x00, 0x00,
    0x00, 0x00, 0x00, 0x00, 0x00, 0x00, 0x00, 0x00, 0x00, 0x00, 0x00, 0x00,
    0x00, 0x00, 0x00, 0x00, 0x00, 0x00, 0x00, 0x00, 0x00, 0x00, 0x00, 0x00,
    0x00, 0x00, 0x00, 0x00, 0x00, 0x00, 0x00, 0x00, 0x00, 0x00, 0x00, 0x00,
    0x00, 0x00, 0x00, 0x00, 0x00, 0x00, 0x00, 0x00, 0x00, 0x00, 0x00, 0x00,
    0x00, 0x00, 0x00, 0x00, 0x00, 0x00, 0x00, 0x00, 0x00, 0x00, 0x00, 0x00,
    0x00, 0x00, 0x00, 0x00, 0x00, 0x00, 0x00, 0x00, 0x00, 0x00, 0x00, 0x00,
    0x00, 0x00, 0x00, 0x00, 0x00, 0x00, 0x00, 0x00, 0x00, 0x00, 0x00, 0x00,
    0x00, 0x00, 0x00, 0x00, 0x00, 0x00, 0x00, 0x00, 0x00, 0x00, 0x00, 0x00,
    0x00, 0x00, 0x00, 0x00, 0x00, 0x00, 0x00, 0x00, 0x00, 0x00, 0x00, 0x00,
    0x00, 0x00, 0x00, 0x00, 0x00, 0x00, 0x00, 0x00, 0x00, 0x00, 0x00, 0x00,
    0x00, 0x00, 0x00, 0x00, 0x00, 0x00, 0x00, 0x00, 0x00, 0x00, 0x00, 0x00,
    0x00, 0x00, 0x00, 0x00, 0x00, 0x00, 0x00, 0x00, 0x00, 0x00, 0x00, 0x00,
    0x00, 0x00, 0x00, 0x00, 0x00, 0x00, 0x00, 0x00, 0x00, 0x00, 0x00, 0x00,
    0x00, 0x00, 0x00, 0x00, 0x00, 0x00, 0x00, 0x00, 0x00, 0x00, 0x00, 0x00,
    0x00, 0x00, 0x00, 0x00, 0x00, 0x00, 0x00, 0x00, 0x00, 0x00, 0x00, 0x00,
    0x00, 0x00, 0x00, 0x00, 0x00, 0x00, 0x00, 0x00, 0x00, 0x00, 0x00, 0x00,
    0x00, 0x00, 0x00, 0x00, 0x00, 0x00, 0x00, 0x00, 0x00, 0x00, 0x00, 0x00,
    0x00, 0x00, 0x00, 0x00, 0x00, 0x00, 0x00, 0x00, 0x00, 0x00, 0x00, 0x00,
    0x00, 0x00, 0x00, 0x00, 0x00, 0x00, 0x00, 0x00, 0x00, 0x00, 0x00, 0x00,
    0x00, 0x00, 0x00, 0x00, 0x00, 0x00, 0x00, 0x00, 0x00, 0x00, 0x00, 0x00,
    0x00, 0x00, 0x00, 0x00, 0x00, 0x00, 0x00, 0x00, 0x00, 0x00, 0x00, 0x00,
    0x00, 0x00, 0x00, 0x00, 0x00, 0x00, 0x00, 0x00, 0x00, 0x00, 0x00, 0x00,
    0x00, 0x00, 0x00, 0x00, 0x00, 0x00, 0x00, 0x00, 0x00, 0x00, 0x00, 0x00,
    0x00, 0x00, 0x00, 0x00, 0x00, 0x00, 0x00, 0x00, 0x00, 0x00, 0x00, 0x00,
    0x00, 0x00, 0x00, 0x00, 0x00, 0x00, 0x00, 0x00, 0x00, 0x00, 0x00, 0x00,
    0x00, 0x00, 0x00, 0x00, 0x00, 0x00, 0x00, 0x00, 0x00, 0x00, 0x00, 0x00,
    0x00, 0x00, 0x00, 0x00, 0x00, 0x00, 0x00, 0x00, 0x00, 0x00, 0x00, 0x00,
    0x00, 0x00, 0x00, 0x00, 0x00, 0x00, 0x00, 0x00, 0x00, 0x00, 0x00, 0x00,
    0x00, 0x00, 0x00, 0x00, 0x00, 0x00, 0x00, 0x00, 0x00, 0x00, 0x00, 0x00,
    0x00, 0x00, 0x00, 0x00, 0x00, 0x00, 0x00, 0x00, 0x00, 0x00, 0x00, 0x00,
    0x00, 0x00, 0x00, 0x00, 0x00, 0x00, 0x00, 0x00, 0x00, 0x00, 0x00, 0x00,
    0x00, 0x00, 0x00, 0x00, 0x00, 0x00, 0x00, 0x00, 0x00, 0x00, 0x00, 0x00,
    0x00, 0x00, 0x00, 0x00, 0x00, 0x00, 0x00, 0x00, 0x00, 0x00, 0x00, 0x00,
    0x00, 0x00, 0x00, 0x00, 0x00, 0x00, 0x00, 0x00, 0x00, 0x00, 0x00, 0x00,
    0x00, 0x00, 0x00, 0x00, 0x00, 0x00, 0x00, 0x00, 0x00, 0x00, 0x00, 0x00,
    0x00, 0x00, 0x00, 0x00, 0x00, 0x00, 0x00, 0x00, 0x00, 0x00, 0x00, 0x00,
    0x00, 0x00, 0x00, 0x00, 0x00, 0x00, 0x00, 0x00, 0x00, 0x00, 0x00, 0x00,
    0x00, 0x00, 0x00, 0x00, 0x00, 0x00, 0x00, 0x00, 0x00, 0x00, 0x00, 0x00,
    0x00, 0x00, 0x00, 0x00, 0x00, 0x00, 0x00, 0x00, 0x00, 0x00, 0x00, 0x00,
    0x00, 0x00, 0x00, 0x00, 0x00, 0x00, 0x00, 0x00, 0x00, 0x00, 0x00, 0x00,
    0x00, 0x00, 0x00, 0x00, 0x00, 0x00, 0x00, 0x00, 0x00, 0x00, 0x00, 0x00,
    0x00, 0x00, 0x00, 0x00, 0x00, 0x00, 0x00, 0x00, 0x00, 0x00, 0x00, 0x00,
    0x00, 0x00, 0x00, 0x00, 0x00, 0x00, 0x00, 0x00, 0x00, 0x00, 0x00, 0x00,
    0x00, 0x00, 0x00, 0x00, 0x00, 0x00, 0x00, 0x00, 0x00, 0x00, 0x00, 0x00,
    0x00, 0x00, 0x00, 0x00, 0x00, 0x00, 0x00, 0x00, 0x00, 0x00, 0x00, 0x00,
    0x00, 0x00, 0x00, 0x00, 0x00, 0x00, 0x00, 0x00, 0x00, 0x00, 0x00, 0x00,
    0x00, 0x00, 0x00, 0x00, 0x00, 0x00, 0x00, 0x00, 0x00, 0x00, 0x00, 0x00,
    0x00, 0x00, 0x00, 0x00, 0x00, 0x00, 0x00, 0x00, 0x00, 0x00, 0x00, 0x00,
    0x00, 0x00, 0x00, 0x00, 0x00, 0x00, 0x00, 0x00, 0x00, 0x00, 0x00, 0x00,
    0x00, 0x00, 0x00, 0x00, 0x00, 0x00, 0x00, 0x00, 0x00, 0x00, 0x00, 0x00,
    0x00, 0x00, 0x00, 0x00, 0x00, 0x00, 0x00, 0x00, 0x00, 0x00, 0x00, 0x00,
    0x00, 0x00, 0x00, 0x00, 0x00, 0x00, 0x00, 0x00, 0x00, 0x00, 0x00, 0x00,
    0x00, 0x00, 0x00, 0x00, 0x00, 0x00, 0x00, 0x00, 0x00, 0x00, 0x00, 0x00,
    0x00, 0x00, 0x00, 0x00, 0x00, 0x00, 0x00, 0x00, 0x00, 0x00, 0x00, 0x00,
    0x00, 0x00, 0x00, 0x00, 0x00, 0x00, 0x00, 0x00, 0x00, 0x00, 0x00, 0x00,
    0x00, 0x00, 0x00, 0x00, 0x00, 0x00, 0x00, 0x00, 0x00, 0x00, 0x00, 0x00,
    0x00, 0x00, 0x00, 0x00, 0x00, 0x00, 0x00, 0x00, 0x00, 0x00, 0x00, 0x00,
    0x00, 0x00, 0x00, 0x00, 0x00, 0x00, 0x00, 0x00, 0x00, 0x00, 0x00, 0x00,
    0x00, 0x00, 0x00, 0x00, 0x00, 0x00, 0x00, 0x00, 0x00, 0x00, 0x00, 0x00,
    0x00, 0x00, 0x00, 0x00, 0x00, 0x00, 0x00, 0x00, 0x00, 0x00, 0x00, 0x00,
    0x00, 0x00, 0x00, 0x00, 0x00, 0x00, 0x00, 0x00, 0x00, 0x00, 0x00, 0x00,
    0x00, 0x00, 0x00, 0x00, 0x00, 0x00, 0x00, 0x00, 0x00, 0x00, 0x00, 0x00,
    0x00, 0x00, 0x00, 0x00, 0x00, 0x00, 0x00, 0x00, 0x00, 0x00, 0x00, 0x00,
    0x00, 0x00, 0x00, 0x00, 0x00, 0x00, 0x00, 0x00, 0x00, 0x00, 0x00, 0x00,
    0x00, 0x00, 0x00, 0x00, 0x00, 0x00, 0x00, 0x00, 0x00, 0x00, 0x00, 0x00,
    0x00, 0x00, 0x00, 0x00, 0x00, 0x00, 0x00, 0x00, 0x00, 0x00, 0x00, 0x00,
    0x00, 0x00, 0x00, 0x00, 0x00, 0x00, 0x00, 0x00, 0x00, 0x00, 0x00, 0x00,
    0x00, 0x00, 0x00, 0x00, 0x00, 0x00, 0x00, 0x00, 0x00, 0x00, 0x00, 0x00,
    0x00, 0x00, 0x00, 0x00, 0x00, 0x00, 0x00, 0x00, 0x00, 0x00, 0x00, 0x00,
    0x00, 0x00, 0x00, 0x00, 0x00, 0x00, 0x00, 0x00, 0x00, 0x00, 0x00, 0x00,
    0x00, 0x00, 0x00, 0x00, 0x00, 0x00, 0x00, 0x00, 0x00, 0x00, 0x00, 0x00,
    0x00, 0x00, 0x00, 0x00, 0x00, 0x00, 0x00, 0x00, 0x00, 0x00, 0x00, 0x00,
    0x00, 0x00, 0x00, 0x00, 0x00, 0x00, 0x00, 0x00, 0x00, 0x00, 0x00, 0x00,
    0x00, 0x00, 0x00, 0x00, 0x00, 0x00, 0x00, 0x00, 0x00, 0x00, 0x00, 0x00,
    0x00, 0x00, 0x00, 0x00, 0x00, 0x00, 0x00, 0x00, 0x00, 0x00, 0x00, 0x00,
    0x00, 0x00, 0x00, 0x00, 0x00, 0x00, 0x00, 0x00, 0x00, 0x00, 0x00, 0x00,
    0x00, 0x00, 0x00, 0x00, 0x00, 0x00, 0x00, 0x00, 0x00, 0x00, 0x00, 0x00,
    0x00, 0x00, 0x00, 0x00, 0x00, 0x00, 0x00, 0x00, 0x00, 0x00, 0x00, 0x00,
    0x00, 0x00, 0x00, 0x00, 0x00, 0x00, 0x00, 0x00, 0x00, 0x00, 0x00, 0x00,
    0x00, 0x00, 0x00, 0x00, 0x00, 0x00, 0x00, 0x00, 0x00, 0x00, 0x00, 0x00,
    0x00, 0x00, 0x00, 0x00, 0x00, 0x00, 0x00, 0x00, 0x00, 0x00, 0x00, 0x00,
    0x00, 0x00, 0x00, 0x00, 0x00, 0x00, 0x00, 0x00, 0x00, 0x00, 0x00, 0x00,
    0x00, 0x00, 0x00, 0x00, 0x00, 0x00, 0x00, 0x00, 0x00, 0x00, 0x00, 0x00,
    0x00, 0x00, 0x00, 0x00, 0x00, 0x00, 0x00, 0x00, 0x00, 0x00, 0x00, 0x00,
    0x00, 0x00, 0x00, 0x00, 0x00, 0x00, 0x00, 0x00, 0x00, 0x00, 0x00, 0x00,
    0x00, 0x00, 0x00, 0x00, 0x00, 0x00, 0x00, 0x00, 0x00, 0x00, 0x00, 0x00,
    0x00, 0x00, 0x00, 0x00, 0x00, 0x00, 0x00, 0x00, 0x00, 0x00, 0x00, 0x00,
    0x00, 0x00, 0x00, 0x00, 0x00, 0x00, 0x00, 0x00, 0x00, 0x00, 0x00, 0x00,
    0x00, 0x00, 0x00, 0x00, 0x00, 0x00, 0x00, 0x00, 0x00, 0x00, 0x00, 0x00,
    0x00, 0x00, 0x00, 0x00, 0x00, 0x00, 0x00, 0x00, 0x00, 0x00, 0x00, 0x00,
    0x00, 0x00, 0x00, 0x00, 0x00, 0x00, 0x00, 0x00, 0x00, 0x00, 0x00, 0x00,
    0x00, 0x00, 0x00, 0x00, 0x00, 0x00, 0x00, 0x00, 0x00, 0x00, 0x00, 0x00,
    0x00, 0x00, 0x00, 0x00, 0x00, 0x00, 0x00, 0x00, 0x00, 0x00, 0x00, 0x00,
    0x00, 0x00, 0x00, 0x00, 0x00, 0x00, 0x00, 0x00, 0x00, 0x00, 0x00, 0x00,
    0x00, 0x00, 0x00, 0x00, 0x00, 0x00, 0x00, 0x00, 0x00, 0x00, 0x00, 0x00,
    0x00, 0x00, 0x00, 0x00, 0x00, 0x00, 0x00, 0x00, 0x00, 0x00, 0x00, 0x00,
    0x00, 0x00, 0x00, 0x00, 0x00, 0x00, 0x00, 0x00, 0x00, 0x00, 0x00, 0x00,
    0x00, 0x00, 0x00, 0x00, 0x00, 0x00, 0x00, 0x00, 0x00, 0x00, 0x00, 0x00,
    0x00, 0x00, 0x00, 0x00, 0x00, 0x00, 0x00, 0x00, 0x00, 0x00, 0x00, 0x00,
    0x00, 0x00, 0x00, 0x00, 0x00, 0x00, 0x00, 0x00, 0x00, 0x00, 0x00, 0x00,
    0x00, 0x00, 0x00, 0x00, 0x00, 0x00, 0x00, 0x00, 0x00, 0x00, 0x00, 0x00,
    0x00, 0x00, 0x00, 0x00, 0x00, 0x00, 0x00, 0x00, 0x00, 0x00, 0x00, 0x00,
    0x00, 0x00, 0x00, 0x00, 0x00, 0x00, 0x00, 0x00, 0x00, 0x00, 0x00, 0x00,
    0x00, 0x00, 0x00, 0x00, 0x00, 0x00, 0x00, 0x00, 0x00, 0x00, 0x00, 0x00,
    0x00, 0x00, 0x00, 0x00, 0x00, 0x00, 0x00, 0x00, 0x00, 0x00, 0x00, 0x00,
    0x00, 0x00, 0x00, 0x00, 0x00, 0x00, 0x00, 0x00, 0x00, 0x00, 0x00, 0x00,
    0x00, 0x00, 0x00, 0x00, 0x00, 0x00, 0x00, 0x00, 0x00, 0x00, 0x00, 0x00,
    0x00, 0x00, 0x00, 0x00, 0x00, 0x00, 0x00, 0x00, 0x00, 0x00, 0x00, 0x00,
    0x00, 0x00, 0x00, 0x00, 0x00, 0x00, 0x00, 0x00, 0x00, 0x00, 0x00, 0x00,
    0x00, 0x00, 0x00, 0x00, 0x00, 0x00, 0x00, 0x00, 0x00, 0x00, 0x00, 0x00,
    0x00, 0x00, 0x00, 0x00, 0x00, 0x00, 0x00, 0x00, 0x00, 0x00, 0x00, 0x00,
    0x00, 0x00, 0x00, 0x00, 0x00, 0x00, 0x00, 0x00, 0x00, 0x00, 0x00, 0x00,
    0x00, 0x00, 0x00, 0x00, 0x00, 0x00, 0x00, 0x00, 0x00, 0x00, 0x00, 0x00,
    0x00, 0x00, 0x00, 0x00, 0x00, 0x00, 0x00, 0x00, 0x00, 0x00, 0x00, 0x00,
    0x00, 0x00, 0x00, 0x00, 0x00, 0x00, 0x00, 0x00, 0x00, 0x00, 0x00, 0x00,
    0x00, 0x00, 0x00, 0x00, 0x00, 0x00, 0x00, 0x00, 0x00, 0x00, 0x00, 0x00,
    0x00, 0x00, 0x00, 0x00, 0x00, 0x00, 0x00, 0x00, 0x00, 0x00, 0x00, 0x00,
    0x00, 0x00, 0x00, 0x00, 0x00, 0x00, 0x00, 0x00, 0x00, 0x00, 0x00, 0x00,
    0x00, 0x00, 0x00, 0x00, 0x00, 0x00, 0x00, 0x00, 0x00, 0x00, 0x00, 0x00,
    0x00, 0x00, 0x00, 0x00, 0x00, 0x00, 0x00, 0x00, 0x00, 0x00, 0x00, 0x00,
    0x00, 0x00, 0x00, 0x00, 0x00, 0x00, 0x00, 0x00, 0x00, 0x00, 0x00, 0x00,
    0x00, 0x00, 0x00, 0x00, 0x00, 0x00, 0x00, 0x00, 0x00, 0x00, 0x00, 0x00,
    0x00, 0x00, 0x00, 0x00, 0x00, 0x00, 0x00, 0x00, 0x00, 0x00, 0x00, 0x00,
    0x00, 0x00, 0x00, 0x00, 0x00, 0x00, 0x00, 0x00, 0x00, 0x00, 0x00, 0x00,
    0x00, 0x00, 0x00, 0x00, 0x00, 0x00, 0x00, 0x00, 0x00, 0x00, 0x00, 0x00,
    0x00, 0x00, 0x00, 0x00, 0x00, 0x00, 0x00, 0x00, 0x00, 0x00, 0x00, 0x00,
    0x00, 0x00, 0x00, 0x00, 0x00, 0x00, 0x00, 0x00, 0x00, 0x00, 0x00, 0x00,
    0x00, 0x00, 0x00, 0x00, 0x00, 0x00, 0x00, 0x00, 0x00, 0x00, 0x00, 0x00,
    0x00, 0x00, 0x00, 0x00, 0x00, 0x00, 0x00, 0x00, 0x00, 0x00, 0x00, 0x00,
    0x00, 0x00, 0x00, 0x00, 0x00, 0x00, 0x00, 0x00, 0x00, 0x00, 0x00, 0x00,
    0x00, 0x00, 0x00, 0x00, 0x00, 0x00, 0x00, 0x00, 0x00, 0x00, 0x00, 0x00,
    0x00, 0x00, 0x00, 0x00, 0x00, 0x00, 0x00, 0x00, 0x00, 0x00, 0x00, 0x00,
    0x00, 0x00, 0x00, 0x00, 0x00, 0x00, 0x00, 0x00, 0x00, 0x00, 0x00, 0x00,
    0x00, 0x00, 0x00, 0x00, 0x00, 0x00, 0x00, 0x00, 0x00, 0x00, 0x00, 0x00,
    0x00, 0x00, 0x00, 0x00, 0x00, 0x00, 0x00, 0x00, 0x00, 0x00, 0x00, 0x00,
    0x00, 0x00, 0x00, 0x00, 0x00, 0x00, 0x00, 0x00, 0x00, 0x00, 0x00, 0x00,
    0x00, 0x00, 0x00, 0x00, 0x00, 0x00, 0x00, 0x00, 0x00, 0x00, 0x00, 0x00,
    0x00, 0x00, 0x00, 0x00, 0x00, 0x00, 0x00, 0x00, 0x00, 0x00, 0x00, 0x00,
    0x00, 0x00, 0x00, 0x00, 0x00, 0x00, 0x00, 0x00, 0x00, 0x00, 0x00, 0x00,
    0x00, 0x00, 0x00, 0x00, 0x00, 0x00, 0x00, 0x00, 0x00, 0x00, 0x00, 0x00,
    0x00, 0x00, 0x00, 0x00, 0x00, 0x00, 0x00, 0x00, 0x00, 0x00, 0x00, 0x00,
    0x00, 0x00, 0x00, 0x00, 0x00, 0x00, 0x00, 0x00, 0x00, 0x00, 0x00, 0x00,
    0x00, 0x00, 0x00, 0x00, 0x00, 0x00, 0x00, 0x00, 0x00, 0x00, 0x00, 0x00,
    0x00, 0x00, 0x00, 0x00, 0x00, 0x00, 0x00, 0x00, 0x00, 0x00, 0x00, 0x00,
    0x00, 0x00, 0x00, 0x00, 0x00, 0x00, 0x00, 0x00, 0x00, 0x00, 0x00, 0x00,
    0x00, 0x00, 0x00, 0x00, 0x00, 0x00, 0x00, 0x00, 0x00, 0x00, 0x00, 0x00,
    0x00, 0x00, 0x00, 0x00, 0x00, 0x00, 0x00, 0x00, 0x00, 0x00, 0x00, 0x00,
    0x00, 0x00, 0x00, 0x00, 0x00, 0x00, 0x00, 0x00, 0x00, 0x00, 0x00, 0x00,
    0x00, 0x00, 0x00, 0x00, 0x00, 0x00, 0x00, 0x00, 0x00, 0x00, 0x00, 0x00,
    0x00, 0x00, 0x00, 0x00, 0x00, 0x00, 0x00, 0x00, 0x00, 0x00, 0x00, 0x00,
    0x00, 0x00, 0x00, 0x00, 0x00, 0x00, 0x00, 0x00, 0x00, 0x00, 0x00, 0x00,
    0x00, 0x00, 0x00, 0x00, 0x00, 0x00, 0x00, 0x00, 0x00, 0x00, 0x00, 0x00,
    0x00, 0x00, 0x00, 0x00, 0x00, 0x00, 0x00, 0x00, 0x00, 0x00, 0x00, 0x00,
    0x00, 0x00, 0x00, 0x00, 0x00, 0x00, 0x00, 0x00, 0x00, 0x00, 0x00, 0x00,
    0x00, 0x00, 0x00, 0x00, 0x00, 0x00, 0x00, 0x00, 0x00, 0x00, 0x00, 0x00,
    0x00, 0x00, 0x00, 0x00, 0x00, 0x00, 0x00, 0x00, 0x00, 0x00, 0x00, 0x00,
    0x00, 0x00, 0x00, 0x00, 0x00, 0x00, 0x00, 0x00, 0x00, 0x00, 0x00, 0x00,
    0x00, 0x00, 0x00, 0x00, 0x00, 0x00, 0x00, 0x00, 0x00, 0x00, 0x00, 0x00,
    0x00, 0x00, 0x00, 0x00, 0x00, 0x00, 0x00, 0x00, 0x00, 0x00, 0x00, 0x00,
    0x00, 0x00, 0x00, 0x00, 0x00, 0x00, 0x00, 0x00, 0x00, 0x00, 0x00, 0x00,
    0x00, 0x00, 0x00, 0x00, 0x00, 0x00, 0x00, 0x00, 0x00, 0x00, 0x00, 0x00,
    0x00, 0x00, 0x00, 0x00, 0x00, 0x00, 0x00, 0x00, 0x00, 0x00, 0x00, 0x00,
    0x00, 0x00, 0x00, 0x00, 0x00, 0x00, 0x00, 0x00, 0x00, 0x00, 0x00, 0x00,
    0x00, 0x00, 0x00, 0x00, 0x00, 0x00, 0x00, 0x00, 0x00, 0x00, 0x00, 0x00,
    0x00, 0x00, 0x00, 0x00, 0x00, 0x00, 0x00, 0x00, 0x00, 0x00, 0x00, 0x00,
    0x00, 0x00, 0x00, 0x00, 0x00, 0x00, 0x00, 0x00, 0x00, 0x00, 0x00, 0x00,
    0x00, 0x00, 0x00, 0x00, 0x00, 0x00, 0x00, 0x00, 0x00, 0x00, 0x00, 0x00,
    0x00, 0x00, 0x00, 0x00, 0x00, 0x00, 0x00, 0x00, 0x00, 0x00, 0x00, 0x00,
    0x00, 0x00, 0x00, 0x00, 0x00, 0x00, 0x00, 0x00, 0x00, 0x00, 0x00, 0x00,
    0x00, 0x00, 0x00, 0x00, 0x00, 0x00, 0x00, 0x00, 0x00, 0x00, 0x00, 0x00,
    0x00, 0x00, 0x00, 0x00, 0x00, 0x00, 0x00, 0x00, 0x00, 0x00, 0x00, 0x00,
    0x00, 0x00, 0x00, 0x00, 0x00, 0x00, 0x00, 0x00, 0x00, 0x00, 0x00, 0x00,
    0x00, 0x00, 0x00, 0x00, 0x00, 0x00, 0x00, 0x00, 0x00, 0x00, 0x00, 0x00,
    0x00, 0x00, 0x00, 0x00, 0x00, 0x00, 0x00, 0x00, 0x00, 0x00, 0x00, 0x00,
    0x00, 0x00, 0x00, 0x00, 0x00, 0x00, 0x00, 0x00, 0x00, 0x00, 0x00, 0x00,
    0x00, 0x00, 0x00, 0x00, 0x00, 0x00, 0x00, 0x00, 0x00, 0x00, 0x00, 0x00,
    0x00, 0x00, 0x00, 0x00, 0x00, 0x00, 0x00, 0x00, 0x00, 0x00, 0x00, 0x00,
    0x00, 0x00, 0x00, 0x00, 0x00, 0x00, 0x00, 0x00, 0x00, 0x00, 0x00, 0x00,
    0x00, 0x00, 0x00, 0x00, 0x00, 0x00, 0x00, 0x00, 0x00, 0x00, 0x00, 0x00,
    0x00, 0x00, 0x00, 0x00, 0x00, 0x00, 0x00, 0x00, 0x00, 0x00, 0x00, 0x00,
    0x00, 0x00, 0x00, 0x00, 0x00, 0x00, 0x00, 0x00, 0x00, 0x00, 0x00, 0x00,
    0x00, 0x00, 0x00, 0x00, 0x00, 0x00, 0x00, 0x00, 0x00, 0x00, 0x00, 0x00,
    0x00, 0x00, 0x00, 0x00, 0x00, 0x00, 0x00, 0x00, 0x00, 0x00, 0x00, 0x00,
    0x00, 0x00, 0x00, 0x00, 0x00, 0x00, 0x00, 0x00, 0x00, 0x00, 0x00, 0x00,
    0x00, 0x00, 0x00, 0x00, 0x00, 0x00, 0x00, 0x00, 0x00, 0x00, 0x00, 0x00,
    0x00, 0x00, 0x00, 0x00, 0x00, 0x00, 0x00, 0x00, 0x00, 0x00, 0x00, 0x00,
    0x00, 0x00, 0x00, 0x00, 0x00, 0x00, 0x00, 0x00, 0x00, 0x00, 0x00, 0x00,
    0x00, 0x00, 0x00, 0x00, 0x00, 0x00, 0x00, 0x00, 0x00, 0x00, 0x00, 0x00,
    0x00, 0x00, 0x00, 0x00, 0x00, 0x00, 0x00, 0x00, 0x00, 0x00, 0x00, 0x00,
    0x00, 0x00, 0x00, 0x00, 0x00, 0x00, 0x00, 0x00, 0x00, 0x00, 0x00, 0x00,
    0x00, 0x00, 0x00, 0x00, 0x00, 0x00, 0x00, 0x00, 0x00, 0x00, 0x00, 0x00,
    0x00, 0x00, 0x00, 0x00, 0x00, 0x00, 0x00, 0x00, 0x00, 0x00, 0x00, 0x00,
    0x00, 0x00, 0x00, 0x00, 0x00, 0x00, 0x00, 0x00, 0x00, 0x00, 0x00, 0x00,
    0x00, 0x00, 0x00, 0x00, 0x00, 0x00, 0x00, 0x00, 0x00, 0x00, 0x00, 0x00,
    0x00, 0x00, 0x00, 0x00, 0x00, 0x00, 0x00, 0x00, 0x00, 0x00, 0x00, 0x00,
    0x00, 0x00, 0x00, 0x00, 0x00, 0x00, 0x00, 0x00, 0x00, 0x00, 0x00, 0x00,
    0x00, 0x00, 0x00, 0x00, 0x00, 0x00, 0x00, 0x00, 0x00, 0x00, 0x00, 0x00,
    0x00, 0x00, 0x00, 0x00, 0x00, 0x00, 0x00, 0x00, 0x00, 0x00, 0x00, 0x00,
    0x00, 0x00, 0x00, 0x00, 0x00, 0x00, 0x00, 0x00, 0x00, 0x00, 0x00, 0x00,
    0x00, 0x00, 0x00, 0x00, 0x00, 0x00, 0x00, 0x00, 0x00, 0x00, 0x00, 0x00,
    0x00, 0x00, 0x00, 0x00, 0x00, 0x00, 0x00, 0x00, 0x00, 0x00, 0x00, 0x00,
    0x00, 0x00, 0x00, 0x00, 0x00, 0x00, 0x00, 0x00, 0x00, 0x00, 0x00, 0x00,
    0x00, 0x00, 0x00, 0x00, 0x00, 0x00, 0x00, 0x00, 0x00, 0x00, 0x00, 0x00,
    0x00, 0x00, 0x00, 0x00, 0x00, 0x00, 0x00, 0x00, 0x00, 0x00, 0x00, 0x00,
    0x00, 0x00, 0x00, 0x00, 0x00, 0x00, 0x00, 0x00, 0x00, 0x00, 0x00, 0x00,
    0x00, 0x00, 0x00, 0x00, 0x00, 0x00, 0x00, 0x00, 0x00, 0x00, 0x00, 0x00,
    0x00, 0x00, 0x00, 0x00, 0x00, 0x00, 0x00, 0x00, 0x00, 0x00, 0x00, 0x00,
    0x00, 0x00, 0x00, 0x00, 0x00, 0x00, 0x00, 0x00, 0x00, 0x00, 0x00, 0x00,
    0x00, 0x00, 0x00, 0x00, 0x00, 0x00, 0x00, 0x00, 0x00, 0x00, 0x00, 0x00,
    0x00, 0x00, 0x00, 0x00, 0x00, 0x00, 0x00, 0x00, 0x00, 0x00, 0x00, 0x00,
    0x00, 0x00, 0x00, 0x00, 0x00, 0x00, 0x00, 0x00, 0x00, 0x00, 0x00, 0x00,
    0x00, 0x00, 0x00, 0x00, 0x00, 0x00, 0x00, 0x00, 0x00, 0x00, 0x00, 0x00,
    0x00, 0x00, 0x00, 0x00, 0x00, 0x00, 0x00, 0x00, 0x00, 0x00, 0x00, 0x00,
    0x00, 0x00, 0x00, 0x00, 0x00, 0x00, 0x00, 0x00, 0x00, 0x00, 0x00, 0x00,
    0x00, 0x00, 0x00, 0x00, 0x00, 0x00, 0x00, 0x00, 0x00, 0x00, 0x00, 0x00,
    0x00, 0x00, 0x00, 0x00, 0x00, 0x00, 0x00, 0x00, 0x00, 0x00, 0x00, 0x00,
    0x00, 0x00, 0x00, 0x00, 0x00, 0x00, 0x00, 0x00, 0x00, 0x00, 0x00, 0x00,
    0x00, 0x00, 0x00, 0x00, 0x00, 0x00, 0x00, 0x00, 0x00, 0x00, 0x00, 0x00,
    0x00, 0x00, 0x00, 0x00, 0x00, 0x00, 0x00, 0x00, 0x00, 0x00, 0x00, 0x00,
    0x00, 0x00, 0x00, 0x00, 0x00, 0x00, 0x00, 0x00, 0x00, 0x00, 0x00, 0x00,
    0x00, 0x00, 0x00, 0x00, 0x00, 0x00, 0x00, 0x00, 0x00, 0x00, 0x00, 0x00,
    0x00, 0x00, 0x00, 0x00, 0x00, 0x00, 0x00, 0x00, 0x00, 0x00, 0x00, 0x00,
    0x00, 0x00, 0x00, 0x00, 0x00, 0x00, 0x00, 0x00, 0x00, 0x00, 0x00, 0x00,
    0x00, 0x00, 0x00, 0x00, 0x00, 0x00, 0x00, 0x00, 0x00, 0x00, 0x00, 0x00,
    0x00, 0x00, 0x00, 0x00, 0x00, 0x00, 0x00, 0x00, 0x00, 0x00, 0x00, 0x00,
    0x00, 0x00, 0x00, 0x00, 0x00, 0x00, 0x00, 0x00, 0x00, 0x00, 0x00, 0x00,
    0x00, 0x00, 0x00, 0x00, 0x00, 0x00, 0x00, 0x00, 0x00, 0x00, 0x00, 0x00,
    0x00, 0x00, 0x00, 0x00, 0x00, 0x00, 0x00, 0x00, 0x00, 0x00, 0x00, 0x00,
    0x00, 0x00, 0x00, 0x00, 0x00, 0x00, 0x00, 0x00, 0x00, 0x00, 0x00, 0x00,
    0x00, 0x00, 0x00, 0x00, 0x00, 0x00, 0x00, 0x00, 0x00, 0x00, 0x00, 0x00,
    0x00, 0x00, 0x00, 0x00, 0x00, 0x00, 0x00, 0x00, 0x00, 0x00, 0x00, 0x00,
    0x00, 0x00, 0x00, 0x00, 0x00, 0x00, 0x00, 0x00, 0x00, 0x00, 0x00, 0x00,
    0x00, 0x00, 0x00, 0x00, 0x00, 0x00, 0x00, 0x00, 0x00, 0x00, 0x00, 0x00,
    0x00, 0x00, 0x00, 0x00, 0x00, 0x00, 0x00, 0x00, 0x00, 0x00, 0x00, 0x00,
    0x00, 0x00, 0x00, 0x00, 0x00, 0x00, 0x00, 0x00, 0x00, 0x00, 0x00, 0x00,
    0x00, 0x00, 0x00, 0x00, 0x00, 0x00, 0x00, 0x00, 0x00, 0x00, 0x00, 0x00,
    0x00, 0x00, 0x00, 0x00, 0x00, 0x00, 0x00, 0x00, 0x00, 0x00, 0x00, 0x00,
    0x00, 0x00, 0x00, 0x00, 0x00, 0x00, 0x00, 0x00, 0x00, 0x00, 0x00, 0x00,
    0x00, 0x00, 0x00, 0x00, 0x00, 0x00, 0x00, 0x00, 0x00, 0x00, 0x00, 0x00,
    0x00, 0x00, 0x00, 0x00, 0x00, 0x00, 0x00, 0x00, 0x00, 0x00, 0x00, 0x00,
    0x00, 0x00, 0x00, 0x00, 0x00, 0x00, 0x00, 0x00, 0x00, 0x00, 0x00, 0x00,
    0x00, 0x00, 0x00, 0x00, 0x00, 0x00, 0x00, 0x00, 0x00, 0x00, 0x00, 0x00,
    0x00, 0x00, 0x00, 0x00, 0x00, 0x00, 0x00, 0x00, 0x00, 0x00, 0x00, 0x00,
    0x00, 0x00, 0x00, 0x00, 0x00, 0x00, 0x00, 0x00, 0x00, 0x00, 0x00, 0x00,
    0x00, 0x00, 0x00, 0x00, 0x00, 0x00, 0x00, 0x00, 0x00, 0x00, 0x00, 0x00,
    0x00, 0x00, 0x00, 0x00, 0x00, 0x00, 0x00, 0x00, 0x00, 0x00, 0x00, 0x00,
    0x00, 0x00, 0x00, 0x00, 0x00, 0x00, 0x00, 0x00, 0x00, 0x00, 0x00, 0x00,
    0x00, 0x00, 0x00, 0x00, 0x00, 0x00, 0x00, 0x00, 0x00, 0x00, 0x00, 0x00,
    0x00, 0x00, 0x00, 0x00, 0x00, 0x00, 0x00, 0x00, 0x00, 0x00, 0x00, 0x00,
    0x00, 0x00, 0x00, 0x00, 0x00, 0x00, 0x00, 0x00, 0x00, 0x00, 0x00, 0x00,
    0x00, 0x00, 0x00, 0x00, 0x00, 0x00, 0x00, 0x00, 0x00, 0x00, 0x00, 0x00,
    0x00, 0x00, 0x00, 0x00, 0x00, 0x00, 0x00, 0x00, 0x00, 0x00, 0x00, 0x00,
    0x00, 0x00, 0x00, 0x00, 0x00, 0x00, 0x00, 0x00, 0x00, 0x00, 0x00, 0x00,
    0x00, 0x00, 0x00, 0x00, 0x00, 0x00, 0x00, 0x00, 0x00, 0x00, 0x00, 0x00,
    0x00, 0x00, 0x00, 0x00, 0x00, 0x00, 0x00, 0x00, 0x00, 0x00, 0x00, 0x00,
    0x00, 0x00, 0x00, 0x00, 0x00, 0x00, 0x00, 0x00, 0x00, 0x00, 0x00, 0x00,
    0x00, 0x00, 0x00, 0x00, 0x00, 0x00, 0x00, 0x00, 0x00, 0x00, 0x00, 0x00,
    0x00, 0x00, 0x00, 0x00, 0x00, 0x00, 0x00, 0x00, 0x00, 0x00, 0x00, 0x00,
    0x00, 0x00, 0x00, 0x00, 0x00, 0x00, 0x00, 0x00, 0x00, 0x00, 0x00, 0x00,
    0x00, 0x00, 0x00, 0x00, 0x00, 0x00, 0x00, 0x00, 0x00, 0x00, 0x00, 0x00,
    0x00, 0x00, 0x00, 0x00, 0x00, 0x00, 0x00, 0x00, 0x00, 0x00, 0x00, 0x00,
    0x00, 0x00, 0x00, 0x00, 0x00, 0x00, 0x00, 0x00, 0x00, 0x00, 0x00, 0x00,
    0x00, 0x00, 0x00, 0x00, 0x00, 0x00, 0x00, 0x00, 0x00, 0x00, 0x00, 0x00,
    0x00, 0x00, 0x00, 0x00, 0x00, 0x00, 0x00, 0x00, 0x00, 0x00, 0x00, 0x00,
    0x00, 0x00, 0x00, 0x00, 0x00, 0x00, 0x00, 0x00, 0x00, 0x00, 0x00, 0x00,
    0x00, 0x00, 0x00, 0x00, 0x00, 0x00, 0x00, 0x00, 0x00, 0x00, 0x00, 0x00,
    0x00, 0x00, 0x00, 0x00, 0x00, 0x00, 0x00, 0x00, 0x00, 0x00, 0x00, 0x00,
    0x00, 0x00, 0x00, 0x00, 0x00, 0x00, 0x00, 0x00, 0x00, 0x00, 0x00, 0x00,
    0x00, 0x00, 0x00, 0x00, 0x00, 0x00, 0x00, 0x00, 0x00, 0x00, 0x00, 0x00,
    0x00, 0x00, 0x00, 0x00, 0x00, 0x00, 0x00, 0x00, 0x00, 0x00, 0x00, 0x00,
    0x00, 0x00, 0x00, 0x00, 0x00, 0x00, 0x00, 0x00, 0x00, 0x00, 0x00, 0x00,
    0x00, 0x00, 0x00, 0x00, 0x00, 0x00, 0x00, 0x00, 0x00, 0x00, 0x00, 0x00,
    0x00, 0x00, 0x00, 0x00, 0x00, 0x00, 0x00, 0x00, 0x00, 0x00, 0x00, 0x00,
    0x00, 0x00, 0x00, 0x00, 0x00, 0x00, 0x00, 0x00, 0x00, 0x00, 0x00, 0x00,
    0x00, 0x00, 0x00, 0x00, 0x00, 0x00, 0x00, 0x00, 0x00, 0x00, 0x00, 0x00,
    0x00, 0x00, 0x00, 0x00, 0x00, 0x00, 0x00, 0x00, 0x00, 0x00, 0x00, 0x00,
    0x00, 0x00, 0x00, 0x00, 0x00, 0x00, 0x00, 0x00, 0x00, 0x00, 0x00, 0x00,
    0x00, 0x00, 0x00, 0x00, 0x00, 0x00, 0x00, 0x00, 0x00, 0x00, 0x00, 0x00,
    0x00, 0x00, 0x00, 0x00, 0x00, 0x00, 0x00, 0x00, 0x00, 0x00, 0x00, 0x00,
    0x00, 0x00, 0x00, 0x00, 0x00, 0x00, 0x00, 0x00, 0x00, 0x00, 0x00, 0x00,
    0x00, 0x00, 0x00, 0x00, 0x00, 0x00, 0x00, 0x00, 0x00, 0x00, 0x00, 0x00,
    0x00, 0x00, 0x00, 0x00, 0x00, 0x00, 0x00, 0x00, 0x00, 0x00, 0x00, 0x00,
    0x00, 0x00, 0x00, 0x00, 0x00, 0x00, 0x00, 0x00, 0x00, 0x00, 0x00, 0x00,
    0x00, 0x00, 0x00, 0x00, 0x00, 0x00, 0x00, 0x00, 0x00, 0x00, 0x00, 0x00,
    0x00, 0x00, 0x00, 0x00, 0x00, 0x00, 0x00, 0x00, 0x00, 0x00, 0x00, 0x00,
    0x00, 0x00, 0x00, 0x00, 0x00, 0x00, 0x00, 0x00, 0x00, 0x00, 0x00, 0x00,
    0x00, 0x00, 0x00, 0x00, 0x00, 0x00, 0x00, 0x00, 0x00, 0x00, 0x00, 0x00,
    0x00, 0x00, 0x00, 0x00, 0x00, 0x00, 0x00, 0x00, 0x00, 0x00, 0x00, 0x00,
    0x00, 0x00, 0x00, 0x00, 0x00, 0x00, 0x00, 0x00, 0x00, 0x00, 0x00, 0x00,
    0x00, 0x00, 0x00, 0x00, 0x00, 0x00, 0x00, 0x00, 0x00, 0x00, 0x00, 0x00,
    0x00, 0x00, 0x00, 0x00, 0x00, 0x00, 0x00, 0x00, 0x00, 0x00, 0x00, 0x00,
    0x00, 0x00, 0x00, 0x00, 0x00, 0x00, 0x00, 0x00, 0x00, 0x00, 0x00, 0x00,
    0x00, 0x00, 0x00, 0x00, 0x00, 0x00, 0x00, 0x00, 0x00, 0x00, 0x00, 0x00,
    0x00, 0x00, 0x00, 0x00, 0x00, 0x00, 0x00, 0x00, 0x00, 0x00, 0x00, 0x00,
    0x00, 0x00, 0x00, 0x00, 0x00, 0x00, 0x00, 0x00, 0x00, 0x00, 0x00, 0x00,
    0x00, 0x00, 0x00, 0x00, 0x00, 0x00, 0x00, 0x00, 0x00, 0x00, 0x00, 0x00,
    0x00, 0x00, 0x00, 0x00, 0x00, 0x00, 0x00, 0x00, 0x00, 0x00, 0x00, 0x00,
    0x00, 0x00, 0x00, 0x00, 0x00, 0x00, 0x00, 0x00, 0x00, 0x00, 0x00, 0x00,
    0x00, 0x00, 0x00, 0x00, 0x00, 0x00, 0x00, 0x00, 0x00, 0x00, 0x00, 0x00,
    0x00, 0x00, 0x00, 0x00, 0x00, 0x00, 0x00, 0x00, 0x00, 0x00, 0x00, 0x00,
    0x00, 0x00, 0x00, 0x00, 0x00, 0x00, 0x00, 0x00, 0x00, 0x00, 0x00, 0x00,
    0x00, 0x00, 0x00, 0x00, 0x00, 0x00, 0x00, 0x00, 0x00, 0x00, 0x00, 0x00,
    0x00, 0x00, 0x00, 0x00, 0x00, 0x00, 0x00, 0x00, 0x00, 0x00, 0x00, 0x00,
    0x00, 0x00, 0x00, 0x00, 0x00, 0x00, 0x00, 0x00, 0x00, 0x00, 0x00, 0x00,
    0x00, 0x00, 0x00, 0x00, 0x00, 0x00, 0x00, 0x00, 0x00, 0x00, 0x00, 0x00,
    0x00, 0x00, 0x00, 0x00, 0x00, 0x00, 0x00, 0x00, 0x00, 0x00, 0x00, 0x00,
    0x00, 0x00, 0x00, 0x00, 0x00, 0x00, 0x00, 0x00, 0x00, 0x00, 0x00, 0x00,
    0x00, 0x00, 0x00, 0x00, 0x00, 0x00, 0x00, 0x00, 0x00, 0x00, 0x00, 0x00,
    0x00, 0x00, 0x00, 0x00, 0x00, 0x00, 0x00, 0x00, 0x00, 0x00, 0x00, 0x00,
    0x00, 0x00, 0x00, 0x00, 0x00, 0x00, 0x00, 0x00, 0x00, 0x00, 0x00, 0x00,
    0x00, 0x00, 0x00, 0x00, 0x00, 0x00, 0x00, 0x00, 0x00, 0x00, 0x00, 0x00,
    0x00, 0x00, 0x00, 0x00, 0x00, 0x00, 0x00, 0x00, 0x00, 0x00, 0x00, 0x00,
    0x00, 0x00, 0x00, 0x00, 0x00, 0x00, 0x00, 0x00, 0x00, 0x00, 0x00, 0x00,
    0x00, 0x00, 0x00, 0x00, 0x00, 0x00, 0x00, 0x00, 0x00, 0x00, 0x00, 0x00,
    0x00, 0x00, 0x00, 0x00, 0x00, 0x00, 0x00, 0x00, 0x00, 0x00, 0x00, 0x00,
    0x00, 0x00, 0x00, 0x00, 0x00, 0x00, 0x00, 0x00, 0x00, 0x00, 0x00, 0x00,
    0x00, 0x00, 0x00, 0x00, 0x00, 0x00, 0x00, 0x00, 0x00, 0x00, 0x00, 0x00,
    0x00, 0x00, 0x00, 0x00, 0x00, 0x00, 0x00, 0x00, 0x00, 0x00, 0x00, 0x00,
    0x00, 0x00, 0x00, 0x00, 0x00, 0x00, 0x00, 0x00, 0x00, 0x00, 0x00, 0x00,
    0x00, 0x00, 0x00, 0x00, 0x00, 0x00, 0x00, 0x00, 0x00, 0x00, 0x00, 0x00,
    0x00, 0x00, 0x00, 0x00, 0x00, 0x00, 0x00, 0x00, 0x00, 0x00, 0x00, 0x00,
    0x00, 0x00, 0x00, 0x00, 0x00, 0x00, 0x00, 0x00, 0x00, 0x00, 0x00, 0x00,
    0x00, 0x00, 0x00, 0x00, 0x00, 0x00, 0x00, 0x00, 0x00, 0x00, 0x00, 0x00,
    0x00, 0x00, 0x00, 0x00, 0x00, 0x00, 0x00, 0x00, 0x00, 0x00, 0x00, 0x00,
    0x00, 0x00, 0x00, 0x00, 0x00, 0x00, 0x00, 0x00, 0x00, 0x00, 0x00, 0x00,
    0x00, 0x00, 0x00, 0x00, 0x00, 0x00, 0x00, 0x00, 0x00, 0x00, 0x00, 0x00,
    0x00, 0x00, 0x00, 0x00, 0x00, 0x00, 0x00, 0x00, 0x00, 0x00, 0x00, 0x00,
    0x00, 0x00, 0x00, 0x00, 0x00, 0x00, 0x00, 0x00, 0x00, 0x00, 0x00, 0x00,
    0x00, 0x00, 0x00, 0x00, 0x00, 0x00, 0x00, 0x00, 0x00, 0x00, 0x00, 0x00,
    0x00, 0x00, 0x00, 0x00, 0x00, 0x00, 0x00, 0x00, 0x00, 0x00, 0x00, 0x00,
    0x00, 0x00, 0x00, 0x00, 0x00, 0x00, 0x00, 0x00, 0x00, 0x00, 0x00, 0x00,
    0x00, 0x00, 0x00, 0x00, 0x00, 0x00, 0x00, 0x00, 0x00, 0x00, 0x00, 0x00,
    0x00, 0x00, 0x00, 0x00, 0x00, 0x00, 0x00, 0x00, 0x00, 0x00, 0x00, 0x00,
    0x00, 0x00, 0x00, 0x00, 0x00, 0x00, 0x00, 0x00, 0x00, 0x00, 0x00, 0x00,
    0x00, 0x00, 0x00, 0x00, 0x00, 0x00, 0x00, 0x00, 0x00, 0x00, 0x00, 0x00,
    0x00, 0x00, 0x00, 0x00, 0x00, 0x00, 0x00, 0x00, 0x00, 0x00, 0x00, 0x00,
    0x00, 0x00, 0x00, 0x00, 0x00, 0x00, 0x00, 0x00, 0x00, 0x00, 0x00, 0x00,
    0x00, 0x00, 0x00, 0x00, 0x00, 0x00, 0x00, 0x00, 0x00, 0x00, 0x00, 0x00,
    0x00, 0x00, 0x00, 0x00, 0x00, 0x00, 0x00, 0x00, 0x00, 0x00, 0x00, 0x00,
    0x00, 0x00, 0x00, 0x00, 0x00, 0x00, 0x00, 0x00, 0x00, 0x00, 0x00, 0x00,
    0x00, 0x00, 0x00, 0x00, 0x00, 0x00, 0x00, 0x00, 0x00, 0x00, 0x00, 0x00,
    0x00, 0x00, 0x00, 0x00, 0x00, 0x00, 0x00, 0x00, 0x00, 0x00, 0x00, 0x00,
    0x00, 0x00, 0x00, 0x00, 0x00, 0x00, 0x00, 0x00, 0x00, 0x00, 0x00, 0x00,
    0x00, 0x00, 0x00, 0x00, 0x00, 0x00, 0x00, 0x00, 0x00, 0x00, 0x00, 0x00,
    0x00, 0x00, 0x00, 0x00, 0x00, 0x00, 0x00, 0x00, 0x00, 0x00, 0x00, 0x00,
    0x00, 0x00, 0x00, 0x00, 0x00, 0x00, 0x00, 0x00, 0x00, 0x00, 0x00, 0x00,
    0x00, 0x00, 0x00, 0x00, 0x00, 0x00, 0x00, 0x00, 0x00, 0x00, 0x00, 0x00,
    0x00, 0x00, 0x00, 0x00, 0x00, 0x00, 0x00, 0x00, 0x00, 0x00, 0x00, 0x00,
    0x00, 0x00, 0x00, 0x00, 0x00, 0x00, 0x00, 0x00, 0x00, 0x00, 0x00, 0x00,
    0x00, 0x00, 0x00, 0x00, 0x00, 0x00, 0x00, 0x00, 0x00, 0x00, 0x00, 0x00,
    0x00, 0x00, 0x00, 0x00, 0x00, 0x00, 0x00, 0x00, 0x00, 0x00, 0x00, 0x00,
    0x00, 0x00, 0x00, 0x00, 0x00, 0x00, 0x00, 0x00, 0x00, 0x00, 0x00, 0x00,
    0x00, 0x00, 0x00, 0x00, 0x00, 0x00, 0x00, 0x00, 0x00, 0x00, 0x00, 0x00,
    0x00, 0x00, 0x00, 0x00, 0x00, 0x00, 0x00, 0x00, 0x00, 0x00, 0x00, 0x00,
    0x00, 0x00, 0x00, 0x00, 0x00, 0x00, 0x00, 0x00, 0x00, 0x00, 0x00, 0x00,
    0x00, 0x00, 0x00, 0x00, 0x00, 0x00, 0x00, 0x00, 0x00, 0x00, 0x00, 0x00,
    0x00, 0x00, 0x00, 0x00, 0x00, 0x00, 0x00, 0x00, 0x00, 0x00, 0x00, 0x00,
    0x00, 0x00, 0x00, 0x00, 0x00, 0x00, 0x00, 0x00, 0x00, 0x00, 0x00, 0x00,
    0x00, 0x00, 0x00, 0x00, 0x00, 0x00, 0x00, 0x00, 0x00, 0x00, 0x00, 0x00,
    0x00, 0x00, 0x00, 0x00, 0x00, 0x00, 0x00, 0x00, 0x00, 0x00, 0x00, 0x00,
    0x00, 0x00, 0x00, 0x00, 0x00, 0x00, 0x00, 0x00, 0x00, 0x00, 0x00, 0x00,
    0x00, 0x00, 0x00, 0x00, 0x00, 0x00, 0x00, 0x00, 0x00, 0x00, 0x00, 0x00,
    0x00, 0x00, 0x00, 0x00, 0x00, 0x00, 0x00, 0x00, 0x00, 0x00, 0x00, 0x00,
    0x00, 0x00, 0x00, 0x00, 0x00, 0x00, 0x00, 0x00, 0x00, 0x00, 0x00, 0x00,
    0x00, 0x00, 0x00, 0x00, 0x00, 0x00, 0x00, 0x00, 0x00, 0x00, 0x00, 0x00,
    0x00, 0x00, 0x00, 0x00, 0x00, 0x00, 0x00, 0x00, 0x00, 0x00, 0x00, 0x00,
    0x00, 0x00, 0x00, 0x00, 0x00, 0x00, 0x00, 0x00, 0x00, 0x00, 0x00, 0x00,
    0x00, 0x00, 0x00, 0x00, 0x00, 0x00, 0x00, 0x00, 0x00, 0x00, 0x00, 0x00,
    0x00, 0x00, 0x00, 0x00, 0x00, 0x00, 0x00, 0x00, 0x00, 0x00, 0x00, 0x00,
    0x00, 0x00, 0x00, 0x00, 0x00, 0x00, 0x00, 0x00, 0x00, 0x00, 0x00, 0x00,
    0x00, 0x00, 0x00, 0x00, 0x00, 0x00, 0x00, 0x00, 0x00, 0x00, 0x00, 0x00,
    0x00, 0x00, 0x00, 0x00, 0x00, 0x00, 0x00, 0x00, 0x00, 0x00, 0x00, 0x00,
    0x00, 0x00, 0x00, 0x00, 0x00, 0x00, 0x00, 0x00, 0x00, 0x00, 0x00, 0x00,
    0x00, 0x00, 0x00, 0x00, 0x00, 0x00, 0x00, 0x00, 0x00, 0x00, 0x00, 0x00,
    0x00, 0x00, 0x00, 0x00, 0x00, 0x00, 0x00, 0x00, 0x00, 0x00, 0x00, 0x00,
    0x00, 0x00, 0x00, 0x00, 0x00, 0x00, 0x00, 0x00, 0x00, 0x00, 0x00, 0x00,
    0x00, 0x00, 0x00, 0x00, 0x00, 0x00, 0x00, 0x00, 0x00, 0x00, 0x00, 0x00,
    0x00, 0x00, 0x00, 0x00, 0x00, 0x00, 0x00, 0x00, 0x00, 0x00, 0x00, 0x00,
    0x00, 0x00, 0x00, 0x00, 0x00, 0x00, 0x00, 0x00, 0x00, 0x00, 0x00, 0x00,
    0x00, 0x00, 0x00, 0x00, 0x00, 0x00, 0x00, 0x00, 0x00, 0x00, 0x00, 0x00,
    0x00, 0x00, 0x00, 0x00, 0x00, 0x00, 0x00, 0x00, 0x00, 0x00, 0x00, 0x00,
    0x00, 0x00, 0x00, 0x00, 0x00, 0x00, 0x00, 0x00, 0x00, 0x00, 0x00, 0x00,
    0x00, 0x00, 0x00, 0x00, 0x00, 0x00, 0x00, 0x00, 0x00, 0x00, 0x00, 0x00,
    0x00, 0x00, 0x00, 0x00, 0x00, 0x00, 0x00, 0x00, 0x00, 0x00, 0x00, 0x00,
    0x00, 0x00, 0x00, 0x00, 0x00, 0x00, 0x00, 0x00, 0x00, 0x00, 0x00, 0x00,
    0x00, 0x00, 0x00, 0x00, 0x00, 0x00, 0x00, 0x00, 0x00, 0x00, 0x00, 0x00,
    0x00, 0x00, 0x00, 0x00, 0x00, 0x00, 0x00, 0x00, 0x00, 0x00, 0x00, 0x00,
    0x00, 0x00, 0x00, 0x00, 0x00, 0x00, 0x00, 0x00, 0x00, 0x00, 0x00, 0x00,
    0x00, 0x00, 0x00, 0x00, 0x00, 0x00, 0x00, 0x00, 0x00, 0x00, 0x00, 0x00,
    0x00, 0x00, 0x00, 0x00, 0x00, 0x00, 0x00, 0x00, 0x00, 0x00, 0x00, 0x00,
    0x00, 0x00, 0x00, 0x00, 0x00, 0x00, 0x00, 0x00, 0x00, 0x00, 0x00, 0x00,
    0x00, 0x00, 0x00, 0x00, 0x00, 0x00, 0x00, 0x00, 0x00, 0x00, 0x00, 0x00,
    0x00, 0x00, 0x00, 0x00, 0x00, 0x00, 0x00, 0x00, 0x00, 0x00, 0x00, 0x00,
    0x00, 0x00, 0x00, 0x00, 0x00, 0x00, 0x00, 0x00, 0x00, 0x00, 0x00, 0x00,
    0x00, 0x00, 0x00, 0x00, 0x00, 0x00, 0x00, 0x00, 0x00, 0x00, 0x00, 0x00,
    0x00, 0x00, 0x00, 0x00, 0x00, 0x00, 0x00, 0x00, 0x00, 0x00, 0x00, 0x00,
    0x00, 0x00, 0x00, 0x00, 0x00, 0x00, 0x00, 0x00, 0x00, 0x00, 0x00, 0x00,
    0x00, 0x00, 0x00, 0x00, 0x00, 0x00, 0x00, 0x00, 0x00, 0x00, 0x00, 0x00,
    0x00, 0x00, 0x00, 0x00, 0x00, 0x00, 0x00, 0x00, 0x00, 0x00, 0x00, 0x00,
    0x00, 0x00, 0x00, 0x00, 0x00, 0x00, 0x00, 0x00, 0x00, 0x00, 0x00, 0x00,
    0x00, 0x00, 0x00, 0x00, 0x00, 0x00, 0x00, 0x00, 0x00, 0x00, 0x00, 0x00,
    0x00, 0x00, 0x00, 0x00, 0x00, 0x00, 0x00, 0x00, 0x00, 0x00, 0x00, 0x00,
    0x00, 0x00, 0x00, 0x00, 0x00, 0x00, 0x00, 0x00, 0x00, 0x00, 0x00, 0x00,
    0x00, 0x00, 0x00, 0x00, 0x00, 0x00, 0x00, 0x00, 0x00, 0x00, 0x00, 0x00,
    0x00, 0x00, 0x00, 0x00, 0x00, 0x00, 0x00, 0x00, 0x00, 0x00, 0x00, 0x00,
    0x00, 0x00, 0x00, 0x00, 0x00, 0x00, 0x00, 0x00, 0x00, 0x00, 0x00, 0x00,
    0x00, 0x00, 0x00, 0x00, 0x00, 0x00, 0x00, 0x00, 0x00, 0x00, 0x00, 0x00,
    0x00, 0x00, 0x00, 0x00, 0x00, 0x00, 0x00, 0x00, 0x00, 0x00, 0x00, 0x00,
    0x00, 0x00, 0x00, 0x00, 0x00, 0x00, 0x00, 0x00, 0x00, 0x00, 0x00, 0x00,
    0x00, 0x00, 0x00, 0x00, 0x00, 0x00, 0x00, 0x00, 0x00, 0x00, 0x00, 0x00,
    0x00, 0x00, 0x00, 0x00, 0x00, 0x00, 0x00, 0x00, 0x00, 0x00, 0x00, 0x00,
    0x00, 0x00, 0x00, 0x00, 0x00, 0x00, 0x00, 0x00, 0x00, 0x00, 0x00, 0x00,
    0x00, 0x00, 0x00, 0x00, 0x00, 0x00, 0x00, 0x00, 0x00, 0x00, 0x00, 0x00,
    0x00, 0x00, 0x00, 0x00, 0x00, 0x00, 0x00, 0x00, 0x00, 0x00, 0x00, 0x00,
    0x00, 0x00, 0x00, 0x00, 0x00, 0x00, 0x00, 0x00, 0x00, 0x00, 0x00, 0x00,
    0x00, 0x00, 0x00, 0x00, 0x00, 0x00, 0x00, 0x00, 0x00, 0x00, 0x00, 0x00,
    0x00, 0x00, 0x00, 0x00, 0x00, 0x00, 0x00, 0x00, 0x00, 0x00, 0x00, 0x00,
    0x00, 0x00, 0x00, 0x00, 0x00, 0x00, 0x00, 0x00, 0x00, 0x00, 0x00, 0x00,
    0x00, 0x00, 0x00, 0x00, 0x00, 0x00, 0x00, 0x00, 0x00, 0x00, 0x00, 0x00,
    0x00, 0x00, 0x00, 0x00, 0x00, 0x00, 0x00, 0x00, 0x00, 0x00, 0x00, 0x00,
    0x00, 0x00, 0x00, 0x00, 0x00, 0x00, 0x00, 0x00, 0x00, 0x00, 0x00, 0x00,
    0x00, 0x00, 0x00, 0x00, 0x00, 0x00, 0x00, 0x00, 0x00, 0x00, 0x00, 0x00,
    0x00, 0x00, 0x00, 0x00, 0x00, 0x00, 0x00, 0x00, 0x00, 0x00, 0x00, 0x00,
    0x00, 0x00, 0x00, 0x00, 0x00, 0x00, 0x00, 0x00, 0x00, 0x00, 0x00, 0x00,
    0x00, 0x00, 0x00, 0x00, 0x00, 0x00, 0x00, 0x00, 0x00, 0x00, 0x00, 0x00,
    0x00, 0x00, 0x00, 0x00, 0x00, 0x00, 0x00, 0x00, 0x00, 0x00, 0x00, 0x00,
    0x00, 0x00, 0x00, 0x00, 0x00, 0x00, 0x00, 0x00, 0x00, 0x00, 0x00, 0x00,
    0x00, 0x00, 0x00, 0x00, 0x00, 0x00, 0x00, 0x00, 0x00, 0x00, 0x00, 0x00,
    0x00, 0x00, 0x00, 0x00, 0x00, 0x00, 0x00, 0x00, 0x00, 0x00, 0x00, 0x00,
    0x00, 0x00, 0x00, 0x00, 0x00, 0x00, 0x00, 0x00, 0x00, 0x00, 0x00, 0x00,
    0x00, 0x00, 0x00, 0x00, 0x00, 0x00, 0x00, 0x00, 0x00, 0x00, 0x00, 0x00,
    0x00, 0x00, 0x00, 0x00, 0x00, 0x00, 0x00, 0x00, 0x00, 0x00, 0x00, 0x00,
    0x00, 0x00, 0x00, 0x00, 0x00, 0x00, 0x00, 0x00, 0x00, 0x00, 0x00, 0x00,
    0x00, 0x00, 0x00, 0x00, 0x00, 0x00, 0x00, 0x00, 0x00, 0x00, 0x00, 0x00,
    0x00, 0x00, 0x00, 0x00, 0x00, 0x00, 0x00, 0x00, 0x00, 0x00, 0x00, 0x00,
    0x00, 0x00, 0x00, 0x00, 0x00, 0x00, 0x00, 0x00, 0x00, 0x00, 0x00, 0x00,
    0x00, 0x00, 0x00, 0x00, 0x00, 0x00, 0x00, 0x00, 0x00, 0x00, 0x00, 0x00,
    0x00, 0x00, 0x00, 0x00, 0x00, 0x00, 0x00, 0x00, 0x00, 0x00, 0x00, 0x00,
    0x00, 0x00, 0x00, 0x00, 0x00, 0x00, 0x00, 0x00, 0x00, 0x00, 0x00, 0x00,
    0x00, 0x00, 0x00, 0x00, 0x00, 0x00, 0x00, 0x00, 0x00, 0x00, 0x00, 0x00,
    0x00, 0x00, 0x00, 0x00, 0x00, 0x00, 0x00, 0x00, 0x00, 0x00, 0x00, 0x00,
    0x00, 0x00, 0x00, 0x00, 0x00, 0x00, 0x00, 0x00, 0x00, 0x00, 0x00, 0x00,
    0x00, 0x00, 0x00, 0x00, 0x00, 0x00, 0x00, 0x00, 0x00, 0x00, 0x00, 0x00,
    0x00, 0x00, 0x00, 0x00, 0x00, 0x00, 0x00, 0x00, 0x00, 0x00, 0x00, 0x00,
    0x00, 0x00, 0x00, 0x00, 0x00, 0x00, 0x00, 0x00, 0x00, 0x00, 0x00, 0x00,
    0x00, 0x00, 0x00, 0x00, 0x00, 0x00, 0x00, 0x00, 0x00, 0x00, 0x00, 0x00,
    0x00, 0x00, 0x00, 0x00, 0x00, 0x00, 0x00, 0x00, 0x00, 0x00, 0x00, 0x00,
    0x00, 0x00, 0x00, 0x00, 0x00, 0x00, 0x00, 0x00, 0x00, 0x00, 0x00, 0x00,
    0x00, 0x00, 0x00, 0x00, 0x00, 0x00, 0x00, 0x00, 0x00, 0x00, 0x00, 0x00,
    0x00, 0x00, 0x00, 0x00, 0x00, 0x00, 0x00, 0x00, 0x00, 0x00, 0x00, 0x00,
    0x00, 0x00, 0x00, 0x00, 0x00, 0x00, 0x00, 0x00, 0x00, 0x00, 0x00, 0x00,
    0x00, 0x00, 0x00, 0x00, 0x00, 0x00, 0x00, 0x00, 0x00, 0x00, 0x00, 0x00,
    0x00, 0x00, 0x00, 0x00, 0x00, 0x00, 0x00, 0x00, 0x00, 0x00, 0x00, 0x00,
    0x00, 0x00, 0x00, 0x00, 0x00, 0x00, 0x00, 0x00, 0x00, 0x00, 0x00, 0x00,
    0x00, 0x00, 0x00, 0x00, 0x00, 0x00, 0x00, 0x00, 0x00, 0x00, 0x00, 0x00,
    0x00, 0x00, 0x00, 0x00, 0x00, 0x00, 0x00, 0x00, 0x00, 0x00, 0x00, 0x00,
    0x00, 0x00, 0x00, 0x00, 0x00, 0x00, 0x00, 0x00, 0x00, 0x00, 0x00, 0x00,
    0x00, 0x00, 0x00, 0x00, 0x00, 0x00, 0x00, 0x00, 0x00, 0x00, 0x00, 0x00,
    0x00, 0x00, 0x00, 0x00, 0x00, 0x00, 0x00, 0x00, 0x00, 0x00, 0x00, 0x00,
    0x00, 0x00, 0x00, 0x00, 0x00, 0x00, 0x00, 0x00, 0x00, 0x00, 0x00, 0x00,
    0x00, 0x00, 0x00, 0x00, 0x00, 0x00, 0x00, 0x00, 0x00, 0x00, 0x00, 0x00,
    0x00, 0x00, 0x00, 0x00, 0x00, 0x00, 0x00, 0x00, 0x00, 0x00, 0x00, 0x00,
    0x00, 0x00, 0x00, 0x00, 0x00, 0x00, 0x00, 0x00, 0x00, 0x00, 0x00, 0x00,
    0x00, 0x00, 0x00, 0x00, 0x00, 0x00, 0x00, 0x00, 0x00, 0x00, 0x00, 0x00,
    0x00, 0x00, 0x00, 0x00, 0x00, 0x00, 0x00, 0x00, 0x00, 0x00, 0x00, 0x00,
    0x00, 0x00, 0x00, 0x00, 0x00, 0x00, 0x00, 0x00, 0x00, 0x00, 0x00, 0x00,
    0x00, 0x00, 0x00, 0x00, 0x00, 0x00, 0x00, 0x00, 0x00, 0x00, 0x00, 0x00,
    0x00, 0x00, 0x00, 0x00, 0x00, 0x00, 0x00, 0x00, 0x00, 0x00, 0x00, 0x00,
    0x00, 0x00, 0x00, 0x00, 0x00, 0x00, 0x00, 0x00, 0x00, 0x00, 0x00, 0x00,
    0x00, 0x00, 0x00, 0x00, 0x00, 0x00, 0x00, 0x00, 0x00, 0x00, 0x00, 0x00,
    0x00, 0x00, 0x00, 0x00, 0x00, 0x00, 0x00, 0x00, 0x00, 0x00, 0x00, 0x00,
    0x00, 0x00, 0x00, 0x00, 0x00, 0x00, 0x00, 0x00, 0x00, 0x00, 0x00, 0x00,
    0x00, 0x00, 0x00, 0x00, 0x00, 0x00, 0x00, 0x00, 0x00, 0x00, 0x00, 0x00,
    0x00, 0x00, 0x00, 0x00, 0x00, 0x00, 0x00, 0x00, 0x00, 0x00, 0x00, 0x00,
    0x00, 0x00, 0x00, 0x00, 0x00, 0x00, 0x00, 0x00, 0x00, 0x00, 0x00, 0x00,
    0x00, 0x00, 0x00, 0x00, 0x00, 0x00, 0x00, 0x00, 0x00, 0x00, 0x00, 0x00,
    0x00, 0x00, 0x00, 0x00, 0x00, 0x00, 0x00, 0x00, 0x00, 0x00, 0x00, 0x00,
    0x00, 0x00, 0x00, 0x00, 0x00, 0x00, 0x00, 0x00, 0x00, 0x00, 0x00, 0x00,
    0x00, 0x00, 0x00, 0x00, 0x00, 0x00, 0x00, 0x00, 0x00, 0x00, 0x00, 0x00,
    0x00, 0x00, 0x00, 0x00, 0x00, 0x00, 0x00, 0x00, 0x00, 0x00, 0x00, 0x00,
    0x00, 0x00, 0x00, 0x00, 0x00, 0x00, 0x00, 0x00, 0x00, 0x00, 0x00, 0x00,
    0x00, 0x00, 0x00, 0x00, 0x00, 0x00, 0x00, 0x00, 0x00, 0x00, 0x00, 0x00,
    0x00, 0x00, 0x00, 0x00, 0x00, 0x00, 0x00, 0x00, 0x00, 0x00, 0x00, 0x00,
    0x00, 0x00, 0x00, 0x00, 0x00, 0x00, 0x00, 0x00, 0x00, 0x00, 0x00, 0x00,
    0x00, 0x00, 0x00, 0x00, 0x00, 0x00, 0x00, 0x00, 0x00, 0x00, 0x00, 0x00,
    0x00, 0x00, 0x00, 0x00, 0x00, 0x00, 0x00, 0x00, 0x00, 0x00, 0x00, 0x00,
    0x00, 0x00, 0x00, 0x00, 0x00, 0x00, 0x00, 0x00, 0x00, 0x00, 0x00, 0x00,
    0x00, 0x00, 0x00, 0x00, 0x00, 0x00, 0x00, 0x00, 0x00, 0x00, 0x00, 0x00,
    0x00, 0x00, 0x00, 0x00, 0x00, 0x00, 0x00, 0x00, 0x00, 0x00, 0x00, 0x00,
    0x00, 0x00, 0x00, 0x00, 0x00, 0x00, 0x00, 0x00, 0x00, 0x00, 0x00, 0x00,
    0x00, 0x00, 0x00, 0x00, 0x00, 0x00, 0x00, 0x00, 0x00, 0x00, 0x00, 0x00,
    0x00, 0x00, 0x00, 0x00, 0x00, 0x00, 0x00, 0x00, 0x00, 0x00, 0x00, 0x00,
    0x00, 0x00, 0x00, 0x00, 0x00, 0x00, 0x00, 0x00, 0x00, 0x00, 0x00, 0x00,
    0x00, 0x00, 0x00, 0x00, 0x00, 0x00, 0x00, 0x00, 0x00, 0x00, 0x00, 0x00,
    0x00, 0x00, 0x00, 0x00, 0x00, 0x00, 0x00, 0x00, 0x00, 0x00, 0x00, 0x00,
    0x00, 0x00, 0x00, 0x00, 0x00, 0x00, 0x00, 0x00, 0x00, 0x00, 0x00, 0x00,
    0x00, 0x00, 0x00, 0x00, 0x00, 0x00, 0x00, 0x00, 0x00, 0x00, 0x00, 0x00,
    0x00, 0x00, 0x00, 0x00, 0x00, 0x00, 0x00, 0x00, 0x00, 0x00, 0x00, 0x00,
    0x00, 0x00, 0x00, 0x00, 0x00, 0x00, 0x00, 0x00, 0x00, 0x00, 0x00, 0x00,
    0x00, 0x00, 0x00, 0x00, 0x00, 0x00, 0x00, 0x00, 0x00, 0x00, 0x00, 0x00,
    0x00, 0x00, 0x00, 0x00, 0x00, 0x00, 0x00, 0x00, 0x00, 0x00, 0x00, 0x00,
    0x00, 0x00, 0x00, 0x00, 0x00, 0x00, 0x00, 0x00, 0x00, 0x00, 0x00, 0x00,
    0x00, 0x00, 0x00, 0x00, 0x00, 0x00, 0x00, 0x00, 0x00, 0x00, 0x00, 0x00,
    0x00, 0x00, 0x00, 0x00, 0x00, 0x00, 0x00, 0x00, 0x00, 0x00, 0x00, 0x00,
    0x00, 0x00, 0x00, 0x00, 0x00, 0x00, 0x00, 0x00, 0x00, 0x00, 0x00, 0x00,
    0x00, 0x00, 0x00, 0x00, 0x00, 0x00, 0x00, 0x00, 0x00, 0x00, 0x00, 0x00,
    0x00, 0x00, 0x00, 0x00, 0x00, 0x00, 0x00, 0x00, 0x00, 0x00, 0x00, 0x00,
    0x00, 0x00, 0x00, 0x00, 0x00, 0x00, 0x00, 0x00, 0x00, 0x00, 0x00, 0x00,
    0x00, 0x00, 0x00, 0x00, 0x00, 0x00, 0x00, 0x00, 0x00, 0x00, 0x00, 0x00,
    0x00, 0x00, 0x00, 0x00, 0x00, 0x00, 0x00, 0x00, 0x00, 0x00, 0x00, 0x00,
    0x00, 0x00, 0x00, 0x00, 0x00, 0x00, 0x00, 0x00, 0x00, 0x00, 0x00, 0x00,
    0x00, 0x00, 0x00, 0x00, 0x00, 0x00, 0x00, 0x00, 0x00, 0x00, 0x00, 0x00,
    0x00, 0x00, 0x00, 0x00, 0x00, 0x00, 0x00, 0x00, 0x00, 0x00, 0x00, 0x00,
    0x00, 0x00, 0x00, 0x00, 0x00, 0x00, 0x00, 0x00, 0x00, 0x00, 0x00, 0x00,
    0x00, 0x00, 0x00, 0x00, 0x00, 0x00, 0x00, 0x00, 0x00, 0x00, 0x00, 0x00,
    0x00, 0x00, 0x00, 0x00, 0x00, 0x00, 0x00, 0x00, 0x00, 0x00, 0x00, 0x00,
    0x00, 0x00, 0x00, 0x00, 0x00, 0x00, 0x00, 0x00, 0x00, 0x00, 0x00, 0x00,
    0x00, 0x00, 0x00, 0x00, 0x00, 0x00, 0x00, 0x00, 0x00, 0x00, 0x00, 0x00,
    0x00, 0x00, 0x00, 0x00, 0x00, 0x00, 0x00, 0x00, 0x00, 0x00, 0x00, 0x00,
    0x00, 0x00, 0x00, 0x00, 0x00, 0x00, 0x00, 0x00, 0x00, 0x00, 0x00, 0x00,
    0x00, 0x00, 0x00, 0x00, 0x00, 0x00, 0x00, 0x00, 0x00, 0x00, 0x00, 0x00,
    0x00, 0x00, 0x00, 0x00, 0x00, 0x00, 0x00, 0x00, 0x00, 0x00, 0x00, 0x00,
    0x00, 0x00, 0x00, 0x00, 0x00, 0x00, 0x00, 0x00, 0x00, 0x00, 0x00, 0x00,
    0x00, 0x00, 0x00, 0x00, 0x00, 0x00, 0x00, 0x00, 0x00, 0x00, 0x00, 0x00,
    0x00, 0x00, 0x00, 0x00, 0x00, 0x00, 0x00, 0x00, 0x00, 0x00, 0x00, 0x00,
    0x00, 0x00, 0x00, 0x00, 0x00, 0x00, 0x00, 0x00, 0x00, 0x00, 0x00, 0x00,
    0x00, 0x00, 0x00, 0x00, 0x00, 0x00, 0x00, 0x00, 0x00, 0x00, 0x00, 0x00,
    0x00, 0x00, 0x00, 0x00, 0x00, 0x00, 0x00, 0x00, 0x00, 0x00, 0x00, 0x00,
    0x00, 0x00, 0x00, 0x00, 0x00, 0x00, 0x00, 0x00, 0x00, 0x00, 0x00, 0x00,
    0x00, 0x00, 0x00, 0x00, 0x00, 0x00, 0x00, 0x00, 0x00, 0x00, 0x00, 0x00,
    0x00, 0x00, 0x00, 0x00, 0x00, 0x00, 0x00, 0x00, 0x00, 0x00, 0x00, 0x00,
    0x00, 0x00, 0x00, 0x00, 0x00, 0x00, 0x00, 0x00, 0x00, 0x00, 0x00, 0x00,
    0x00, 0x00, 0x00, 0x00, 0x00, 0x00, 0x00, 0x00, 0x00, 0x00, 0x00, 0x00,
    0x00, 0x00, 0x00, 0x00, 0x00, 0x00, 0x00, 0x00, 0x00, 0x00, 0x00, 0x00,
    0x00, 0x00, 0x00, 0x00, 0x00, 0x00, 0x00, 0x00, 0x00, 0x00, 0x00, 0x00,
    0x00, 0x00, 0x00, 0x00, 0x00, 0x00, 0x00, 0x00, 0x00, 0x00, 0x00, 0x00,
    0x00, 0x00, 0x00, 0x00, 0x00, 0x00, 0x00, 0x00, 0x00, 0x00, 0x00, 0x00,
    0x00, 0x00, 0x00, 0x00, 0x00, 0x00, 0x00, 0x00, 0x00, 0x00, 0x00, 0x00,
    0x00, 0x00, 0x00, 0x00, 0x00, 0x00, 0x00, 0x00, 0x00, 0x00, 0x00, 0x00,
    0x00, 0x00, 0x00, 0x00, 0x00, 0x00, 0x00, 0x00, 0x00, 0x00, 0x00, 0x00,
    0x00, 0x00, 0x00, 0x00, 0x00, 0x00, 0x00, 0x00, 0x00, 0x00, 0x00, 0x00,
    0x00, 0x00, 0x00, 0x00, 0x00, 0x00, 0x00, 0x00, 0x00, 0x00, 0x00, 0x00,
    0x00, 0x00, 0x00, 0x00, 0x00, 0x00, 0x00, 0x00, 0x00, 0x00, 0x00, 0x00,
    0x00, 0x00, 0x00, 0x00, 0x00, 0x00, 0x00, 0x00, 0x00, 0x00, 0x00, 0x00,
    0x00, 0x00, 0x00, 0x00, 0x00, 0x00, 0x00, 0x00, 0x00, 0x00, 0x00, 0x00,
    0x00, 0x00, 0x00, 0x00, 0x00, 0x00, 0x00, 0x00, 0x00, 0x00, 0x00, 0x00,
    0x00, 0x00, 0x00, 0x00, 0x00, 0x00, 0x00, 0x00, 0x00, 0x00, 0x00, 0x00,
    0x00, 0x00, 0x00, 0x00, 0x00, 0x00, 0x00, 0x00, 0x00, 0x00, 0x00, 0x00,
    0x00, 0x00, 0x00, 0x00, 0x00, 0x00, 0x00, 0x00, 0x00, 0x00, 0x00, 0x00,
    0x00, 0x00, 0x00, 0x00, 0x00, 0x00, 0x00, 0x00, 0x00, 0x00, 0x00, 0x00,
    0x00, 0x00, 0x00, 0x00, 0x00, 0x00, 0x00, 0x00, 0x00, 0x00, 0x00, 0x00,
    0x00, 0x00, 0x00, 0x00, 0x00, 0x00, 0x00, 0x00, 0x00, 0x00, 0x00, 0x00,
    0x00, 0x00, 0x00, 0x00, 0x00, 0x00, 0x00, 0x00, 0x00, 0x00, 0x00, 0x00,
    0x00, 0x00, 0x00, 0x00, 0x00, 0x00, 0x00, 0x00, 0x00, 0x00, 0x00, 0x00,
    0x00, 0x00, 0x00, 0x00, 0x00, 0x00, 0x00, 0x00, 0x00, 0x00, 0x00, 0x00,
    0x00, 0x00, 0x00, 0x00, 0x00, 0x00, 0x00, 0x00, 0x00, 0x00, 0x00, 0x00,
    0x00, 0x00, 0x00, 0x00, 0x00, 0x00, 0x00, 0x00, 0x00, 0x00, 0x00, 0x00,
    0x00, 0x00, 0x00, 0x00, 0x00, 0x00, 0x00, 0x00, 0x00, 0x00, 0x00, 0x00,
    0x00, 0x00, 0x00, 0x00, 0x00, 0x00, 0x00, 0x00, 0x00, 0x00, 0x00, 0x00,
    0x00, 0x00, 0x00, 0x00, 0x00, 0x00, 0x00, 0x00, 0x00, 0x00, 0x00, 0x00,
    0x00, 0x00, 0x00, 0x00, 0x00, 0x00, 0x00, 0x00, 0x00, 0x00, 0x00, 0x00,
    0x00, 0x00, 0x00, 0x00, 0x00, 0x00, 0x00, 0x00, 0x00, 0x00, 0x00, 0x00,
    0x00, 0x00, 0x00, 0x00, 0x00, 0x00, 0x00, 0x00, 0x00, 0x00, 0x00, 0x00,
    0x00, 0x00, 0x00, 0x00, 0x00, 0x00, 0x00, 0x00, 0x00, 0x00, 0x00, 0x00,
    0x00, 0x00, 0x00, 0x00, 0x00, 0x00, 0x00, 0x00, 0x00, 0x00, 0x00, 0x00,
    0x00, 0x00, 0x00, 0x00, 0x00, 0x00, 0x00, 0x00, 0x00, 0x00, 0x00, 0x00,
    0x00, 0x00, 0x00, 0x00, 0x00, 0x00, 0x00, 0x00, 0x00, 0x00, 0x00, 0x00,
    0x00, 0x00, 0x00, 0x00, 0x00, 0x00, 0x00, 0x00, 0x00, 0x00, 0x00, 0x00,
    0x00, 0x00, 0x00, 0x00, 0x00, 0x00, 0x00, 0x00, 0x00, 0x00, 0x00, 0x00,
    0x00, 0x00, 0x00, 0x00, 0x00, 0x00, 0x00, 0x00, 0x00, 0x00, 0x00, 0x00,
    0x00, 0x00, 0x00, 0x00, 0x00, 0x00, 0x00, 0x00, 0x00, 0x00, 0x00, 0x00,
    0x00, 0x00, 0x00, 0x00, 0x00, 0x00, 0x00, 0x00, 0x00, 0x00, 0x00, 0x00,
    0x00, 0x00, 0x00, 0x00, 0x00, 0x00, 0x00, 0x00, 0x00, 0x00, 0x00, 0x00,
    0x00, 0x00, 0x00, 0x00, 0x00, 0x00, 0x00, 0x00, 0x00, 0x00, 0x00, 0x00,
    0x00, 0x00, 0x00, 0x00, 0x00, 0x00, 0x00, 0x00, 0x00, 0x00, 0x00, 0x00,
    0x00, 0x00, 0x00, 0x00, 0x00, 0x00, 0x00, 0x00, 0x00, 0x00, 0x00, 0x00,
    0x00, 0x00, 0x00, 0x00, 0x00, 0x00, 0x00, 0x00, 0x00, 0x00, 0x00, 0x00,
    0x00, 0x00, 0x00, 0x00, 0x00, 0x00, 0x00, 0x00, 0x00, 0x00, 0x00, 0x00,
    0x00, 0x00, 0x00, 0x00, 0x00, 0x00, 0x00, 0x00, 0x00, 0x00, 0x00, 0x00,
    0x00, 0x00, 0x00, 0x00, 0x00, 0x00, 0x00, 0x00, 0x00, 0x00, 0x00, 0x00,
    0x00, 0x00, 0x00, 0x00, 0x00, 0x00, 0x00, 0x00, 0x00, 0x00, 0x00, 0x00,
    0x00, 0x00, 0x00, 0x00, 0x00, 0x00, 0x00, 0x00, 0x00, 0x00, 0x00, 0x00,
    0x00, 0x00, 0x00, 0x00, 0x00, 0x00, 0x00, 0x00, 0x00, 0x00, 0x00, 0x00,
    0x00, 0x00, 0x00, 0x00, 0x00, 0x00, 0x00, 0x00, 0x00, 0x00, 0x00, 0x00,
    0x00, 0x00, 0x00, 0x00, 0x00, 0x00, 0x00, 0x00, 0x00, 0x00, 0x00, 0x00,
    0x00, 0x00, 0x00, 0x00, 0x00, 0x00, 0x00, 0x00, 0x00, 0x00, 0x00, 0x00,
    0x00, 0x00, 0x00, 0x00, 0x00, 0x00, 0x00, 0x00, 0x00, 0x00, 0x00, 0x00,
    0x00, 0x00, 0x00, 0x00, 0x00, 0x00, 0x00, 0x00, 0x00, 0x00, 0x00, 0x00,
    0x00, 0x00, 0x00, 0x00, 0x00, 0x00, 0x00, 0x00, 0x00, 0x00, 0x00, 0x00,
    0x00, 0x00, 0x00, 0x00, 0x00, 0x00, 0x00, 0x00, 0x00, 0x00, 0x00, 0x00,
    0x00, 0x00, 0x00, 0x00, 0x00, 0x00, 0x00, 0x00, 0x00, 0x00, 0x00, 0x00,
    0x00, 0x00, 0x00, 0x00, 0x00, 0x00, 0x00, 0x00, 0x00, 0x00, 0x00, 0x00,
    0x00, 0x00, 0x00, 0x00, 0x00, 0x00, 0x00, 0x00, 0x00, 0x00, 0x00, 0x00,
    0x00, 0x00, 0x00, 0x00, 0x00, 0x00, 0x00, 0x00, 0x00, 0x00, 0x00, 0x00,
    0x00, 0x00, 0x00, 0x00, 0x00, 0x00, 0x00, 0x00, 0x00, 0x00, 0x00, 0x00,
    0x00, 0x00, 0x00, 0x00, 0x00, 0x00, 0x00, 0x00, 0x00, 0x00, 0x00, 0x00,
    0x00, 0x00, 0x00, 0x00, 0x00, 0x00, 0x00, 0x00, 0x00, 0x00, 0x00, 0x00,
    0x00, 0x00, 0x00, 0x00, 0x00, 0x00, 0x00, 0x00, 0x00, 0x00, 0x00, 0x00,
    0x00, 0x00, 0x00, 0x00, 0x00, 0x00, 0x00, 0x00, 0x00, 0x00, 0x00, 0x00,
    0x00, 0x00, 0x00, 0x00, 0x00, 0x00, 0x00, 0x00, 0x00, 0x00, 0x00, 0x00,
    0x00, 0x00, 0x00, 0x00, 0x00, 0x00, 0x00, 0x00, 0x00, 0x00, 0x00, 0x00,
    0x00, 0x00, 0x00, 0x00, 0x00, 0x00, 0x00, 0x00, 0x00, 0x00, 0x00, 0x00,
    0x00, 0x00, 0x00, 0x00, 0x00, 0x00, 0x00, 0x00, 0x00, 0x00, 0x00, 0x00,
    0x00, 0x00, 0x00, 0x00, 0x00, 0x00, 0x00, 0x00, 0x00, 0x00, 0x00, 0x00,
    0x00, 0x00, 0x00, 0x00, 0x00, 0x00, 0x00, 0x00, 0x00, 0x00, 0x00, 0x00,
    0x00, 0x00, 0x00, 0x00, 0x00, 0x00, 0x00, 0x00, 0x00, 0x00, 0x00, 0x00,
    0x00, 0x00, 0x00, 0x00, 0x00, 0x00, 0x00, 0x00, 0x00, 0x00, 0x00, 0x00,
    0x00, 0x00, 0x00, 0x00, 0x00, 0x00, 0x00, 0x00, 0x00, 0x00, 0x00, 0x00,
    0x00, 0x00, 0x00, 0x00, 0x00, 0x00, 0x00, 0x00, 0x00, 0x00, 0x00, 0x00,
    0x00, 0x00, 0x00, 0x00, 0x00, 0x00, 0x00, 0x00, 0x00, 0x00, 0x00, 0x00,
    0x00, 0x00, 0x00, 0x00, 0x00, 0x00, 0x00, 0x00, 0x00, 0x00, 0x00, 0x00,
    0x00, 0x00, 0x00, 0x00, 0x00, 0x00, 0x00, 0x00, 0x00, 0x00, 0x00, 0x00,
    0x00, 0x00, 0x00, 0x00, 0x00, 0x00, 0x00, 0x00, 0x00, 0x00, 0x00, 0x00,
    0x00, 0x00, 0x00, 0x00, 0x00, 0x00, 0x00, 0x00, 0x00, 0x00, 0x00, 0x00,
    0x00, 0x00, 0x00, 0x00, 0x00, 0x00, 0x00, 0x00, 0x00, 0x00, 0x00, 0x00,
    0x00, 0x00, 0x00, 0x00, 0x00, 0x00, 0x00, 0x00, 0x00, 0x00, 0x00, 0x00,
    0x00, 0x00, 0x00, 0x00, 0x80, 0x00, 0x00, 0x04, 0x80, 0x00, 0x00, 0x04,
    0x80, 0x00, 0x00, 0x00, 0x80, 0x00, 0x00, 0x04, 0x80, 0x00, 0x00, 0x04,
    0x80, 0x00, 0x00, 0x00, 0x80, 0x00, 0x00, 0x04, 0x80, 0x00, 0x00, 0x04,
    0x80, 0x00, 0x00, 0x00, 0x80, 0x00, 0x00, 0x04, 0x80, 0x00, 0x00, 0x04,
    0x80, 0x00, 0x00, 0x00, 0x80, 0x00, 0x00, 0x04, 0x80, 0x00, 0x00, 0x04,
    0x80, 0x00, 0x00, 0x00, 0x80, 0x00, 0x00, 0x04, 0x80, 0x00, 0x00, 0x04,
    0x80, 0x00, 0x00, 0x00, 0x80, 0x00, 0x00, 0x04, 0x80, 0x00, 0x00, 0x04,
    0x80, 0x00, 0x00, 0x00, 0x80, 0x00, 0x00, 0x04, 0x80, 0x00, 0x00, 0x04,
    0x80, 0x00, 0x00, 0x00, 0x80, 0x00, 0x00, 0x04, 0x80, 0x00, 0x00, 0x04,
    0x80, 0x00, 0x00, 0x00, 0x80, 0x00, 0x00, 0x04, 0x80, 0x00, 0x00, 0x04,
    0x80, 0x00, 0x00, 0x00, 0x80, 0x00, 0x00, 0x04, 0x80, 0x00, 0x00, 0x04,
    0x80, 0x00, 0x00, 0x00, 0x80, 0x00, 0x00, 0x04, 0x80, 0x00, 0x00, 0x04,
    0x80, 0x00, 0x00, 0x00, 0x80, 0x00, 0x00, 0x04, 0x80, 0x00, 0x00, 0x04,
    0x80, 0x00, 0x00, 0x00, 0x80, 0x00, 0x00, 0x04, 0x80, 0x00, 0x00, 0x04,
    0x80, 0x00, 0x00, 0x00, 0x80, 0x00, 0x00, 0x04, 0x80, 0x00, 0x00, 0x04,
    0x80, 0x00, 0x00, 0x00, 0x80, 0x00, 0x00, 0x04, 0x80, 0x00, 0x00, 0x04,
    0x80, 0x00, 0x00, 0x00, 0x80, 0x00, 0x00, 0x04, 0x80, 0x00, 0x00, 0x04,
    0x80, 0x00, 0x00, 0x00, 0x80, 0x00, 0x00, 0x04, 0x80, 0x00, 0x00, 0x04,
    0x80, 0x00, 0x00, 0x00, 0x80, 0x00, 0x00, 0x04, 0x80, 0x00, 0x00, 0x04,
    0x80, 0x00, 0x00, 0x00, 0x80, 0x00, 0x00, 0x04, 0x80, 0x00, 0x00, 0x04,
    0x80, 0x00, 0x00, 0x00, 0x80, 0x00, 0x00, 0x04, 0x80, 0x00, 0x00, 0x04,
    0x80, 0x00, 0x00, 0x00, 0x80, 0x00, 0x00, 0x04, 0x80, 0x00, 0x00, 0x04,
    0x80, 0x00, 0x00, 0x00, 0x80, 0x00, 0x00, 0x04, 0x80, 0x00, 0x00, 0x04,
    0x80, 0x00, 0x00, 0x00, 0x80, 0x00, 0x00, 0x04, 0x80, 0x00, 0x00, 0x04,
    0x80, 0x00, 0x00, 0x00, 0x80, 0x00, 0x00, 0x04, 0x80, 0x00, 0x00, 0x04,
    0x80, 0x00, 0x00, 0x00, 0x80, 0x00, 0x00, 0x04, 0x80, 0x00, 0x00, 0x04,
    0x80, 0x00, 0x00, 0x00, 0x80, 0x00, 0x00, 0x04, 0x80, 0x00, 0x00, 0x04,
    0x80, 0x00, 0x00, 0x00, 0x80, 0x00, 0x00, 0x04, 0x80, 0x00, 0x00, 0x04,
    0x80, 0x00, 0x00, 0x00, 0x80, 0x00, 0x00, 0x04, 0x80, 0x00, 0x00, 0x04,
    0x80, 0x00, 0x00, 0x00, 0x80, 0x00, 0x00, 0x04, 0x80, 0x00, 0x00, 0x04,
    0x80, 0x00, 0x00, 0x00, 0x80, 0x00, 0x00, 0x04, 0x80, 0x00, 0x00, 0x04,
    0x80, 0x00, 0x00, 0x00, 0x80, 0x00, 0x00, 0x04, 0x80, 0x00, 0x00, 0x04,
    0x80, 0x00, 0x00, 0x00, 0x80, 0x00, 0x00, 0x04, 0x80, 0x00, 0x00, 0x04,
    0x80, 0x00, 0x00, 0x00, 0x80, 0x00, 0x00, 0x04, 0x80, 0x00, 0x00, 0x04,
    0x80, 0x00, 0x00, 0x00, 0x80, 0x00, 0x00, 0x04, 0x80, 0x00, 0x00, 0x04,
    0x80, 0x00, 0x00, 0x00, 0x80, 0x00, 0x00, 0x04, 0x80, 0x00, 0x00, 0x04,
    0x80, 0x00, 0x00, 0x00, 0x80, 0x00, 0x00, 0x04, 0x80, 0x00, 0x00, 0x04,
    0x80, 0x00, 0x00, 0x00, 0x80, 0x00, 0x00, 0x04, 0x80, 0x00, 0x00, 0x04,
    0x80, 0x00, 0x00, 0x00, 0x80, 0x00, 0x00, 0x04, 0x80, 0x00, 0x00, 0x04,
    0x80, 0x00, 0x00, 0x00, 0x80, 0x00, 0x00, 0x04, 0x80, 0x00, 0x00, 0x04,
    0x80, 0x00, 0x00, 0x00, 0x80, 0x00, 0x00, 0x04, 0x80, 0x00, 0x00, 0x04,
    0x80, 0x00, 0x00, 0x00, 0x80, 0x00, 0x00, 0x04, 0x80, 0x00, 0x00, 0x04,
    0x80, 0x00, 0x00, 0x00, 0x80, 0x00, 0x00, 0x04, 0x80, 0x00, 0x00, 0x04,
    0x80, 0x00, 0x00, 0x00, 0x80, 0x00, 0x00, 0x04, 0x80, 0x00, 0x00, 0x04,
    0x80, 0x00, 0x00, 0x00, 0x80, 0x00, 0x00, 0x04, 0x80, 0x00, 0x00, 0x04,
    0x80, 0x00, 0x00, 0x00, 0x80, 0x00, 0x00, 0x04, 0x80, 0x00, 0x00, 0x04,
    0x80, 0x00, 0x00, 0x00, 0x80, 0x00, 0x00, 0x04, 0x80, 0x00, 0x00, 0x04,
    0x80, 0x00, 0x00, 0x00, 0x80, 0x00, 0x00, 0x04, 0x80, 0x00, 0x00, 0x04,
    0x80, 0x00, 0x00, 0x00, 0x80, 0x00, 0x00, 0x04, 0x80, 0x00, 0x00, 0x04,
    0x80, 0x00, 0x00, 0x00, 0x80, 0x00, 0x00, 0x04, 0x80, 0x00, 0x00, 0x04,
    0x80, 0x00, 0x00, 0x00, 0x80, 0x00, 0x00, 0x04, 0x80, 0x00, 0x00, 0x04,
    0x80, 0x00, 0x00, 0x00, 0x80, 0x00, 0x00, 0x04, 0x80, 0x00, 0x00, 0x04,
    0x80, 0x00, 0x00, 0x00, 0x80, 0x00, 0x00, 0x04, 0x80, 0x00, 0x00, 0x04,
    0x80, 0x00, 0x00, 0x00, 0x80, 0x00, 0x00, 0x04, 0x80, 0x00, 0x00, 0x04,
    0x80, 0x00, 0x00, 0x00, 0x80, 0x00, 0x00, 0x04, 0x80, 0x00, 0x00, 0x04,
    0x80, 0x00, 0x00, 0x00, 0x80, 0x00, 0x00, 0x04, 0x80, 0x00, 0x00, 0x04,
    0x80, 0x00, 0x00, 0x00, 0x80, 0x00, 0x00, 0x04, 0x80, 0x00, 0x00, 0x04,
    0x80, 0x00, 0x00, 0x00, 0x80, 0x00, 0x00, 0x04, 0x80, 0x00, 0x00, 0x04,
    0x80, 0x00, 0x00, 0x00, 0x80, 0x00, 0x00, 0x04, 0x80, 0x00, 0x00, 0x04,
    0x80, 0x00, 0x00, 0x00, 0x80, 0x00, 0x00, 0x04, 0x80, 0x00, 0x00, 0x04,
    0x80, 0x00, 0x00, 0x00, 0x80, 0x00, 0x00, 0x04, 0x80, 0x00, 0x00, 0x04,
    0x80, 0x00, 0x00, 0x00, 0x80, 0x00, 0x00, 0x04, 0x80, 0x00, 0x00, 0x04,
    0x80, 0x00, 0x00, 0x00, 0x80, 0x00, 0x00, 0x04, 0x00, 0x00, 0x00, 0x00,
    0x00, 0x00, 0x00, 0x00, 0x00, 0x00, 0x00, 0x00, 0x00, 0x00, 0x00, 0x00,
    0x00, 0x00, 0x00, 0x00, 0x00, 0x00, 0x00, 0x00, 0x00, 0x00, 0x00, 0x00,
    0x00, 0x00, 0x00, 0x00, 0x00, 0x00, 0x00, 0x00, 0x00, 0x00, 0x00, 0x00,
    0x00, 0x00, 0x00, 0x00, 0x00, 0x00, 0x00, 0x00, 0x00, 0x00, 0x00, 0x00,
    0x00, 0x00, 0x00, 0x00, 0x00, 0x00, 0x00, 0x00, 0x00, 0x00, 0x00, 0x00,
    0x00, 0x00, 0x00, 0x00, 0x00, 0x00, 0x00, 0x00, 0x00, 0x00, 0x00, 0x00,
    0x00, 0x00, 0x00, 0x00, 0x00, 0x00, 0x00, 0x00, 0x00, 0x00, 0x00, 0x00,
    0x00, 0x00, 0x00, 0x00, 0x00, 0x00, 0x00, 0x00, 0x00, 0x00, 0x00, 0x00,
    0x00, 0x00, 0x00, 0x00, 0x00, 0x00, 0x00, 0x00, 0x00, 0x00, 0x00, 0x00,
    0x00, 0x00, 0x00, 0x00, 0x00, 0x00, 0x00, 0x00, 0x00, 0x00, 0x00, 0x00,
    0x00, 0x00, 0x00, 0x00, 0x00, 0x00, 0x00, 0x00, 0x00, 0x00, 0x00, 0x00,
    0x00, 0x00, 0x00, 0x00, 0x00, 0x00, 0x00, 0x00, 0x00, 0x00, 0x00, 0x00,
    0x00, 0x00, 0x00, 0x00, 0x00, 0x00, 0x00, 0x00, 0x00, 0x00, 0x00, 0x00,
    0x00, 0x00, 0x00, 0x00, 0x00, 0x00, 0x00, 0x00, 0x00, 0x00, 0x00, 0x00,
    0x00, 0x00, 0x00, 0x00, 0x00, 0x00, 0x00, 0x00, 0x00, 0x00, 0x00, 0x00,
    0x00, 0x00, 0x00, 0x00, 0x00, 0x00, 0x00, 0x00, 0x00, 0x00, 0x00, 0x00,
    0x00, 0x00, 0x00, 0x00, 0x00, 0x00, 0x00, 0x00, 0x00, 0x00, 0x00, 0x00,
    0x00, 0x00, 0x00, 0x00, 0x00, 0x00, 0x00, 0x00, 0x00, 0x00, 0x00, 0x00,
    0x00, 0x00, 0x00, 0x00, 0x00, 0x00, 0x00, 0x00, 0x00, 0x00, 0x00, 0x00,
    0x00, 0x00, 0x00, 0x00, 0x00, 0x00, 0x00, 0x00, 0x00, 0x00, 0x00, 0x00,
    0x00, 0x00, 0x00, 0x00, 0x00, 0x00, 0x00, 0x00, 0x00, 0x00, 0x00, 0x00,
    0x00, 0x00, 0x00, 0x00, 0x00, 0x00, 0x00, 0x00, 0x00, 0x00, 0x00, 0x00,
    0x00, 0x00, 0x00, 0x00, 0x00, 0x00, 0x00, 0x00, 0x00, 0x00, 0x00, 0x00,
    0x00, 0x00, 0x00, 0x00, 0x80, 0x00, 0x00, 0x04, 0x80, 0x00, 0x00, 0x04,
    0x80, 0x00, 0x00, 0x00, 0x50, 0x00, 0x00, 0x04, 0x58, 0x00, 0x00, 0x04,
    0x50, 0x00, 0x00, 0x04, 0x80, 0x40, 0x00, 0x04, 0x80, 0x40, 0x00, 0x04,
    0x80, 0x40, 0x00, 0x04, 0x80, 0x40, 0x00, 0x04, 0x80, 0x40, 0x00, 0x04,
    0x80, 0x40, 0x00, 0x04, 0x80, 0x40, 0x00, 0x04, 0x80, 0x40, 0x00, 0x04,
    0x80, 0x40, 0x00, 0x04, 0x80, 0x40, 0x00, 0x04, 0x80, 0x40, 0x00, 0x04,
    0x80, 0x40, 0x00, 0x04, 0x80, 0x40, 0x00, 0x04, 0x80, 0x40, 0x00, 0x04,
    0x80, 0x40, 0x00, 0x04, 0x80, 0x40, 0x00, 0x04, 0x80, 0x40, 0x00, 0x04,
    0x80, 0x40, 0x00, 0x04, 0x80, 0x40, 0x00, 0x04, 0x80, 0x40, 0x00, 0x04,
    0x80, 0x40, 0x00, 0x04, 0x80, 0x40, 0x00, 0x04, 0x80, 0x40, 0x00, 0x04,
    0x80, 0x40, 0x00, 0x04, 0x80, 0x40, 0x00, 0x04, 0x80, 0x40, 0x00, 0x04,
    0x80, 0x40, 0x00, 0x04, 0x80, 0x40, 0x00, 0x04, 0x80, 0x40, 0x00, 0x04,
    0x80, 0x40, 0x00, 0x04, 0x80, 0x40, 0x00, 0x04, 0x80, 0x40, 0x00, 0x04,
    0x80, 0x40, 0x00, 0x04, 0x80, 0x40, 0x00, 0x04, 0x80, 0x40, 0x00, 0x04,
    0x80, 0x40, 0x00, 0x04, 0x80, 0x40, 0x00, 0x04, 0x80, 0x40, 0x00, 0x04,
    0x80, 0x40, 0x00, 0x04, 0x80, 0x40, 0x00, 0x04, 0x80, 0x40, 0x00, 0x04,
    0x80, 0x40, 0x00, 0x04, 0x80, 0x40, 0x00, 0x04, 0x80, 0x40, 0x00, 0x04,
    0x80, 0x40, 0x00, 0x04, 0x80, 0x40, 0x00, 0x04, 0x80, 0x40, 0x00, 0x04,
    0x80, 0x40, 0x00, 0x04, 0x80, 0x40, 0x00, 0x04, 0x80, 0x40, 0x00, 0x04,
    0x80, 0x40, 0x00, 0x04, 0x80, 0x40, 0x00, 0x04, 0x80, 0x40, 0x00, 0x04,
    0x80, 0x40, 0x00, 0x04, 0x80, 0x40, 0x00, 0x04, 0x80, 0x40, 0x00, 0x04,
    0x80, 0x40, 0x00, 0x04, 0x80, 0x40, 0x00, 0x04, 0x80, 0x40, 0x00, 0x04,
    0x80, 0x40, 0x00, 0x04, 0x80, 0x40, 0x00, 0x04, 0x80, 0x40, 0x00, 0x04,
    0x80, 0x40, 0x00, 0x04, 0x80, 0x40, 0x00, 0x04, 0x80, 0x40, 0x00, 0x04,
    0x80, 0x40, 0x00, 0x04, 0x80, 0x40, 0x00, 0x04, 0x80, 0x40, 0x00, 0x04,
    0x80, 0x40, 0x00, 0x04, 0x80, 0x40, 0x00, 0x04, 0x80, 0x40, 0x00, 0x04,
    0x80, 0x40, 0x00, 0x04, 0x80, 0x40, 0x00, 0x04, 0x80, 0x40, 0x00, 0x04,
    0x80, 0x40, 0x00, 0x04, 0x80, 0x40, 0x00, 0x04, 0x80, 0x40, 0x00, 0x04,
    0x80, 0x40, 0x00, 0x04, 0x80, 0x40, 0x00, 0x04, 0x80, 0x40, 0x00, 0x04,
    0x80, 0x40, 0x00, 0x04, 0x80, 0x40, 0x00, 0x04, 0x80, 0x40, 0x00, 0x04,
    0x80, 0x40, 0x00, 0x04, 0x80, 0x40, 0x00, 0x04, 0x80, 0x40, 0x00, 0x04,
    0x80, 0x40, 0x00, 0x04, 0x80, 0x40, 0x00, 0x04, 0x80, 0x40, 0x00, 0x04,
    0x80, 0x40, 0x00, 0x04, 0x80, 0x40, 0x00, 0x04, 0x80, 0x40, 0x00, 0x04,
    0x80, 0x40, 0x00, 0x04, 0x80, 0x40, 0x00, 0x04, 0x80, 0x40, 0x00, 0x04,
    0x80, 0x40, 0x00, 0x04, 0x80, 0x40, 0x00, 0x04, 0x80, 0x40, 0x00, 0x04,
    0x80, 0x40, 0x00, 0x04, 0x80, 0x40, 0x00, 0x04, 0x80, 0x40, 0x00, 0x04,
    0x80, 0x40, 0x00, 0x04, 0x80, 0x40, 0x00, 0x04, 0x80, 0x40, 0x00, 0x04,
    0x80, 0x40, 0x00, 0x04, 0x80, 0x40, 0x00, 0x04, 0x80, 0x40, 0x00, 0x04,
    0x80, 0x40, 0x00, 0x04, 0x80, 0x40, 0x00, 0x04, 0x80, 0x40, 0x00, 0x04,
    0x80, 0x40, 0x00, 0x04, 0x80, 0x40, 0x00, 0x04, 0x80, 0x40, 0x00, 0x04,
    0x80, 0x40, 0x00, 0x04, 0x80, 0x40, 0x00, 0x04, 0x80, 0x40, 0x00, 0x04,
    0x80, 0x40, 0x00, 0x04, 0x80, 0x40, 0x00, 0x04, 0x80, 0x40, 0x00, 0x04,
    0x80, 0x40, 0x00, 0x04, 0x80, 0x40, 0x00, 0x04, 0x80, 0x40, 0x00, 0x04,
    0x80, 0x40, 0x00, 0x04, 0x80, 0x40, 0x00, 0x04, 0x80, 0x40, 0x00, 0x04,
    0x80, 0x40, 0x00, 0x04, 0x80, 0x40, 0x00, 0x04, 0x80, 0x40, 0x00, 0x04,
    0x80, 0x40, 0x00, 0x04, 0x80, 0x40, 0x00, 0x04, 0x80, 0x40, 0x00, 0x04,
    0x80, 0x40, 0x00, 0x04, 0x80, 0x40, 0x00, 0x04, 0x80, 0x40, 0x00, 0x04,
    0x80, 0x40, 0x00, 0x04, 0x80, 0x40, 0x00, 0x04, 0x80, 0x40, 0x00, 0x04,
    0x80, 0x40, 0x00, 0x04, 0x80, 0x40, 0x00, 0x04, 0x80, 0x40, 0x00, 0x04,
    0x80, 0x40, 0x00, 0x04, 0x80, 0x40, 0x00, 0x04, 0x80, 0x40, 0x00, 0x04,
    0x80, 0x40, 0x00, 0x04, 0x80, 0x40, 0x00, 0x04, 0x80, 0x40, 0x00, 0x04,
    0x80, 0x40, 0x00, 0x04, 0x80, 0x40, 0x00, 0x04, 0x80, 0x40, 0x00, 0x04,
    0x80, 0x40, 0x00, 0x04, 0x80, 0x40, 0x00, 0x04, 0x80, 0x40, 0x00, 0x04,
    0x80, 0x40, 0x00, 0x04, 0x80, 0x40, 0x00, 0x04, 0x80, 0x40, 0x00, 0x04,
    0x80, 0x40, 0x00, 0x04, 0x80, 0x40, 0x00, 0x04, 0x80, 0x40, 0x00, 0x04,
    0x80, 0x40, 0x00, 0x04, 0x80, 0x40, 0x00, 0x04, 0x80, 0x40, 0x00, 0x04,
    0x80, 0x40, 0x00, 0x04, 0x80, 0x40, 0x00, 0x04, 0x80, 0x40, 0x00, 0x04,
    0x80, 0x40, 0x00, 0x04, 0x80, 0x40, 0x00, 0x04, 0x80, 0x40, 0x00, 0x04,
    0x80, 0x40, 0x00, 0x04, 0x80, 0x40, 0x00, 0x04, 0x80, 0x40, 0x00, 0x04,
    0x80, 0x40, 0x00, 0x04, 0x80, 0x40, 0x00, 0x04, 0x80, 0x40, 0x00, 0x04,
    0x80, 0x40, 0x00, 0x04, 0x80, 0x40, 0x00, 0x04, 0x80, 0x40, 0x00, 0x04,
    0x80, 0x40, 0x00, 0x04, 0x80, 0x40, 0x00, 0x04, 0x80, 0x40, 0x00, 0x04,
    0x80, 0x40, 0x00, 0x04, 0x80, 0x40, 0x00, 0x04, 0x50, 0x00, 0x00, 0x04,
    0x58, 0x00, 0x00, 0x04, 0x50, 0x00, 0x00, 0x04, 0x80, 0x00, 0x00, 0x04,
    0x80, 0x00, 0x00, 0x04, 0x80, 0x00, 0x00, 0x04, 0x00, 0x00, 0x00, 0x00,
    0x00, 0x00, 0x00, 0x00, 0x00, 0x00, 0x00, 0x00, 0x00, 0x00, 0x00, 0x00,
    0x00, 0x00, 0x00, 0x00, 0x00, 0x00, 0x00, 0x00, 0x00, 0x00, 0x00, 0x00,
    0x00, 0x00, 0x00, 0x00, 0x00, 0x00, 0x00, 0x00, 0x00, 0x00, 0x00, 0x00,
    0x00, 0x00, 0x00, 0x00, 0x00, 0x00, 0x00, 0x00, 0x00, 0x00, 0x00, 0x00,
    0x00, 0x00, 0x00, 0x00, 0x00, 0x00, 0x00, 0x00, 0x00, 0x00, 0x00, 0x00,
    0x00, 0x00, 0x00, 0x00, 0x00, 0x00, 0x00, 0x00, 0x00, 0x00, 0x00, 0x00,
    0x00, 0x00, 0x00, 0x00, 0x00, 0x00, 0x00, 0x00, 0x00, 0x00, 0x00, 0x00,
    0x00, 0x00, 0x00, 0x00, 0x00, 0x00, 0x00, 0x00, 0x00, 0x00, 0x00, 0x00,
    0x00, 0x00, 0x00, 0x00, 0x00, 0x00, 0x00, 0x00, 0x00, 0x00, 0x00, 0x00,
    0x00, 0x00, 0x00, 0x00, 0x00, 0x00, 0x00, 0x00, 0x00, 0x00, 0x00, 0x00,
    0x00, 0x00, 0x00, 0x00, 0x00, 0x00, 0x00, 0x00, 0x00, 0x00, 0x00, 0x00,
    0x00, 0x00, 0x00, 0x00, 0x00, 0x00, 0x00, 0x00, 0x00, 0x00, 0x00, 0x00,
    0x00, 0x00, 0x00, 0x00, 0x00, 0x00, 0x00, 0x00, 0x00, 0x00, 0x00, 0x00,
    0x00, 0x00, 0x00, 0x00, 0x00, 0x00, 0x00, 0x00, 0x00, 0x00, 0x00, 0x00,
    0x00, 0x00, 0x00, 0x00, 0x00, 0x00, 0x00, 0x00, 0x00, 0x00, 0x00, 0x00,
    0x00, 0x00, 0x00, 0x00, 0x00, 0x00, 0x00, 0x00, 0x00, 0x00, 0x00, 0x00,
    0x00, 0x00, 0x00, 0x00, 0x00, 0x00, 0x00, 0x00, 0x00, 0x00, 0x00, 0x00,
    0x00, 0x00, 0x00, 0x00, 0x00, 0x00, 0x00, 0x00, 0x00, 0x00, 0x00, 0x00,
    0x00, 0x00, 0x00, 0x00, 0x00, 0x00, 0x00, 0x00, 0x00, 0x00, 0x00, 0x00,
    0x00, 0x00, 0x00, 0x00, 0x00, 0x00, 0x00, 0x00, 0x00, 0x00, 0x00, 0x00,
    0x00, 0x00, 0x00, 0x00, 0x00, 0x00, 0x00, 0x00, 0x00, 0x00, 0x00, 0x00,
    0x00, 0x00, 0x00, 0x00, 0x00, 0x00, 0x00, 0x00, 0x80, 0x00, 0x00, 0x04,
    0x80, 0x00, 0x00, 0x04, 0x50, 0x00, 0x00, 0x04, 0x58, 0x00, 0x00, 0x04,
    0x80, 0x40, 0x00, 0x04, 0x68, 0x34, 0x00, 0x04, 0x68, 0x34, 0x00, 0x04,
    0x68, 0x34, 0x00, 0x04, 0x80, 0x28, 0x00, 0x04, 0x80, 0x28, 0x00, 0x04,
    0x80, 0x28, 0x00, 0x08, 0x80, 0x2c, 0x00, 0x04, 0x80, 0x28, 0x00, 0x04,
    0x80, 0x28, 0x00, 0x08, 0x80, 0x2c, 0x00, 0x04, 0x80, 0x28, 0x00, 0x04,
    0x80, 0x28, 0x00, 0x08, 0x80, 0x2c, 0x00, 0x04, 0x80, 0x28, 0x00, 0x04,
    0x80, 0x28, 0x00, 0x08, 0x80, 0x2c, 0x00, 0x04, 0x80, 0x28, 0x00, 0x04,
    0x80, 0x28, 0x00, 0x08, 0x80, 0x2c, 0x00, 0x04, 0x80, 0x28, 0x00, 0x04,
    0x80, 0x28, 0x00, 0x08, 0x80, 0x2c, 0x00, 0x04, 0x80, 0x28, 0x00, 0x04,
    0x80, 0x28, 0x00, 0x08, 0x80, 0x2c, 0x00, 0x04, 0x80, 0x28, 0x00, 0x04,
    0x80, 0x28, 0x00, 0x08, 0x80, 0x2c, 0x00, 0x04, 0x80, 0x28, 0x00, 0x04,
    0x80, 0x28, 0x00, 0x08, 0x80, 0x2c, 0x00, 0x04, 0x80, 0x28, 0x00, 0x04,
    0x80, 0x28, 0x00, 0x08, 0x80, 0x2c, 0x00, 0x04, 0x80, 0x28, 0x00, 0x04,
    0x80, 0x28, 0x00, 0x08, 0x80, 0x2c, 0x00, 0x04, 0x80, 0x28, 0x00, 0x04,
    0x80, 0x28, 0x00, 0x08, 0x80, 0x2c, 0x00, 0x04, 0x80, 0x28, 0x00, 0x04,
    0x80, 0x28, 0x00, 0x08, 0x80, 0x2c, 0x00, 0x04, 0x80, 0x28, 0x00, 0x04,
    0x80, 0x28, 0x00, 0x08, 0x80, 0x2c, 0x00, 0x04, 0x80, 0x28, 0x00, 0x04,
    0x80, 0x28, 0x00, 0x08, 0x80, 0x2c, 0x00, 0x04, 0x80, 0x28, 0x00, 0x04,
    0x80, 0x28, 0x00, 0x08, 0x80, 0x2c, 0x00, 0x04, 0x80, 0x28, 0x00, 0x04,
    0x80, 0x28, 0x00, 0x08, 0x80, 0x2c, 0x00, 0x04, 0x80, 0x28, 0x00, 0x04,
    0x80, 0x28, 0x00, 0x08, 0x80, 0x2c, 0x00, 0x04, 0x80, 0x28, 0x00, 0x04,
    0x80, 0x28, 0x00, 0x08, 0x80, 0x2c, 0x00, 0x04, 0x80, 0x28, 0x00, 0x04,
    0x80, 0x28, 0x00, 0x08, 0x80, 0x2c, 0x00, 0x04, 0x80, 0x28, 0x00, 0x04,
    0x80, 0x28, 0x00, 0x08, 0x80, 0x2c, 0x00, 0x04, 0x80, 0x28, 0x00, 0x04,
    0x80, 0x28, 0x00, 0x08, 0x80, 0x2c, 0x00, 0x04, 0x80, 0x28, 0x00, 0x04,
    0x80, 0x28, 0x00, 0x08, 0x80, 0x2c, 0x00, 0x04, 0x80, 0x28, 0x00, 0x04,
    0x80, 0x28, 0x00, 0x08, 0x80, 0x2c, 0x00, 0x04, 0x80, 0x28, 0x00, 0x04,
    0x80, 0x28, 0x00, 0x08, 0x80, 0x2c, 0x00, 0x04, 0x80, 0x28, 0x00, 0x04,
    0x80, 0x28, 0x00, 0x08, 0x80, 0x2c, 0x00, 0x04, 0x80, 0x28, 0x00, 0x04,
    0x80, 0x28, 0x00, 0x08, 0x80, 0x2c, 0x00, 0x04, 0x80, 0x28, 0x00, 0x04,
    0x80, 0x28, 0x00, 0x08, 0x80, 0x2c, 0x00, 0x04, 0x80, 0x28, 0x00, 0x04,
    0x80, 0x28, 0x00, 0x08, 0x80, 0x2c, 0x00, 0x04, 0x80, 0x28, 0x00, 0x04,
    0x80, 0x28, 0x00, 0x08, 0x80, 0x2c, 0x00, 0x04, 0x80, 0x28, 0x00, 0x04,
    0x80, 0x28, 0x00, 0x08, 0x80, 0x2c, 0x00, 0x04, 0x80, 0x28, 0x00, 0x04,
    0x80, 0x28, 0x00, 0x08, 0x80, 0x2c, 0x00, 0x04, 0x80, 0x28, 0x00, 0x04,
    0x80, 0x28, 0x00, 0x08, 0x80, 0x2c, 0x00, 0x04, 0x80, 0x28, 0x00, 0x04,
    0x80, 0x28, 0x00, 0x08, 0x80, 0x2c, 0x00, 0x04, 0x80, 0x28, 0x00, 0x04,
    0x80, 0x28, 0x00, 0x08, 0x80, 0x2c, 0x00, 0x04, 0x80, 0x28, 0x00, 0x04,
    0x80, 0x28, 0x00, 0x08, 0x80, 0x2c, 0x00, 0x04, 0x80, 0x28, 0x00, 0x04,
    0x80, 0x28, 0x00, 0x08, 0x80, 0x2c, 0x00, 0x04, 0x80, 0x28, 0x00, 0x04,
    0x80, 0x28, 0x00, 0x08, 0x80, 0x2c, 0x00, 0x04, 0x80, 0x28, 0x00, 0x04,
    0x80, 0x28, 0x00, 0x08, 0x80, 0x2c, 0x00, 0x04, 0x80, 0x28, 0x00, 0x04,
    0x80, 0x28, 0x00, 0x08, 0x80, 0x2c, 0x00, 0x04, 0x80, 0x28, 0x00, 0x04,
    0x80, 0x28, 0x00, 0x08, 0x80, 0x2c, 0x00, 0x04, 0x80, 0x28, 0x00, 0x04,
    0x80, 0x28, 0x00, 0x08, 0x80, 0x2c, 0x00, 0x04, 0x80, 0x28, 0x00, 0x04,
    0x80, 0x28, 0x00, 0x08, 0x80, 0x2c, 0x00, 0x04, 0x80, 0x28, 0x00, 0x04,
    0x80, 0x28, 0x00, 0x08, 0x80, 0x2c, 0x00, 0x04, 0x80, 0x28, 0x00, 0x04,
    0x80, 0x28, 0x00, 0x08, 0x80, 0x2c, 0x00, 0x04, 0x80, 0x28, 0x00, 0x04,
    0x80, 0x28, 0x00, 0x08, 0x80, 0x2c, 0x00, 0x04, 0x80, 0x28, 0x00, 0x04,
    0x80, 0x28, 0x00, 0x08, 0x80, 0x2c, 0x00, 0x04, 0x80, 0x28, 0x00, 0x04,
    0x80, 0x28, 0x00, 0x08, 0x80, 0x2c, 0x00, 0x04, 0x80, 0x28, 0x00, 0x04,
    0x80, 0x28, 0x00, 0x08, 0x80, 0x2c, 0x00, 0x04, 0x80, 0x28, 0x00, 0x04,
    0x80, 0x28, 0x00, 0x08, 0x80, 0x2c, 0x00, 0x04, 0x80, 0x28, 0x00, 0x04,
    0x80, 0x28, 0x00, 0x08, 0x80, 0x2c, 0x00, 0x04, 0x80, 0x28, 0x00, 0x04,
    0x80, 0x28, 0x00, 0x08, 0x80, 0x2c, 0x00, 0x04, 0x80, 0x28, 0x00, 0x04,
    0x80, 0x28, 0x00, 0x08, 0x80, 0x2c, 0x00, 0x04, 0x80, 0x28, 0x00, 0x04,
    0x80, 0x28, 0x00, 0x08, 0x80, 0x2c, 0x00, 0x04, 0x80, 0x28, 0x00, 0x04,
    0x80, 0x28, 0x00, 0x08, 0x80, 0x2c, 0x00, 0x04, 0x80, 0x28, 0x00, 0x04,
    0x80, 0x28, 0x00, 0x08, 0x80, 0x2c, 0x00, 0x04, 0x80, 0x28, 0x00, 0x04,
    0x80, 0x28, 0x00, 0x08, 0x80, 0x2c, 0x00, 0x04, 0x80, 0x28, 0x00, 0x04,
    0x80, 0x28, 0x00, 0x08, 0x80, 0x2c, 0x00, 0x04, 0x80, 0x28, 0x00, 0x04,
    0x80, 0x28, 0x00, 0x08, 0x80, 0x2c, 0x00, 0x04, 0x80, 0x28, 0x00, 0x04,
    0x80, 0x28, 0x00, 0x08, 0x80, 0x2c, 0x00, 0x04, 0x68, 0x34, 0x00, 0x04,
    0x68, 0x34, 0x00, 0x04, 0x68, 0x34, 0x00, 0x04, 0x80, 0x40, 0x00, 0x04,
    0x50, 0x00, 0x00, 0x04, 0x58, 0x00, 0x00, 0x04, 0x80, 0x00, 0x00, 0x00,
    0x80, 0x00, 0x00, 0x04, 0x00, 0x00, 0x00, 0x00, 0x00, 0x00, 0x00, 0x00,
    0x00, 0x00, 0x00, 0x00, 0x00, 0x00, 0x00, 0x00, 0x00, 0x00, 0x00, 0x00,
    0x00, 0x00, 0x00, 0x00, 0x00, 0x00, 0x00, 0x00, 0x00, 0x00, 0x00, 0x00,
    0x00, 0x00, 0x00, 0x00, 0x00, 0x00, 0x00, 0x00, 0x00, 0x00, 0x00, 0x00,
    0x00, 0x00, 0x00, 0x00, 0x00, 0x00, 0x00, 0x00, 0x00, 0x00, 0x00, 0x00,
    0x00, 0x00, 0x00, 0x00, 0x00, 0x00, 0x00, 0x00, 0x00, 0x00, 0x00, 0x00,
    0x00, 0x00, 0x00, 0x00, 0x00, 0x00, 0x00, 0x00, 0x00, 0x00, 0x00, 0x00,
    0x00, 0x00, 0x00, 0x00, 0x00, 0x00, 0x00, 0x00, 0x00, 0x00, 0x00, 0x00,
    0x00, 0x00, 0x00, 0x00, 0x00, 0x00, 0x00, 0x00, 0x00, 0x00, 0x00, 0x00,
    0x00, 0x00, 0x00, 0x00, 0x00, 0x00, 0x00, 0x00, 0x00, 0x00, 0x00, 0x00,
    0x00, 0x00, 0x00, 0x00, 0x00, 0x00, 0x00, 0x00, 0x00, 0x00, 0x00, 0x00,
    0x00, 0x00, 0x00, 0x00, 0x00, 0x00, 0x00, 0x00, 0x00, 0x00, 0x00, 0x00,
    0x00, 0x00, 0x00, 0x00, 0x00, 0x00, 0x00, 0x00, 0x00, 0x00, 0x00, 0x00,
    0x00, 0x00, 0x00, 0x00, 0x00, 0x00, 0x00, 0x00, 0x00, 0x00, 0x00, 0x00,
    0x00, 0x00, 0x00, 0x00, 0x00, 0x00, 0x00, 0x00, 0x00, 0x00, 0x00, 0x00,
    0x00, 0x00, 0x00, 0x00, 0x00, 0x00, 0x00, 0x00, 0x00, 0x00, 0x00, 0x00,
    0x00, 0x00, 0x00, 0x00, 0x00, 0x00, 0x00, 0x00, 0x00, 0x00, 0x00, 0x00,
    0x00, 0x00, 0x00, 0x00, 0x00, 0x00, 0x00, 0x00, 0x00, 0x00, 0x00, 0x00,
    0x00, 0x00, 0x00, 0x00, 0x00, 0x00, 0x00, 0x00, 0x00, 0x00, 0x00, 0x00,
    0x00, 0x00, 0x00, 0x00, 0x00, 0x00, 0x00, 0x00, 0x00, 0x00, 0x00, 0x00,
    0x00, 0x00, 0x00, 0x00, 0x00, 0x00, 0x00, 0x00, 0x00, 0x00, 0x00, 0x00,
    0x80, 0x00, 0x00, 0x04, 0x80, 0x00, 0x00, 0x04, 0x58, 0x00, 0x00, 0x04,
    0x80, 0x40, 0x00, 0x04, 0x80, 0x40, 0x00, 0x04, 0xb8, 0xa0, 0x88, 0x0c,
    0xf8, 0xf4, 0xf0, 0x59, 0xf8, 0xf8, 0xf8, 0xa6, 0xf8, 0xfc, 0xf8, 0xdf,
    0xf8, 0xfc, 0xf8, 0xfb, 0xf8, 0xfc, 0xf8, 0xff, 0xf8, 0xfc, 0xf8, 0xff,
    0xf8, 0xfc, 0xf8, 0xff, 0xf8, 0xfc, 0xf8, 0xff, 0xf8, 0xfc, 0xf8, 0xff,
    0xf8, 0xfc, 0xf8, 0xff, 0xf8, 0xfc, 0xf8, 0xff, 0xf8, 0xfc, 0xf8, 0xff,
    0xf8, 0xfc, 0xf8, 0xff, 0xf8, 0xfc, 0xf8, 0xff, 0xf8, 0xfc, 0xf8, 0xff,
    0xf8, 0xfc, 0xf8, 0xff, 0xf8, 0xfc, 0xf8, 0xff, 0xf8, 0xfc, 0xf8, 0xff,
    0xf8, 0xfc, 0xf8, 0xff, 0xf8, 0xfc, 0xf8, 0xff, 0xf8, 0xfc, 0xf8, 0xff,
    0xf8, 0xfc, 0xf8, 0xff, 0xf8, 0xfc, 0xf8, 0xff, 0xf8, 0xfc, 0xf8, 0xff,
    0xf8, 0xfc, 0xf8, 0xff, 0xf8, 0xfc, 0xf8, 0xff, 0xf8, 0xfc, 0xf8, 0xff,
    0xf8, 0xfc, 0xf8, 0xff, 0xf8, 0xfc, 0xf8, 0xff, 0xf8, 0xfc, 0xf8, 0xff,
    0xf8, 0xfc, 0xf8, 0xff, 0xf8, 0xfc, 0xf8, 0xff, 0xf8, 0xfc, 0xf8, 0xff,
    0xf8, 0xfc, 0xf8, 0xff, 0xf8, 0xfc, 0xf8, 0xff, 0xf8, 0xfc, 0xf8, 0xff,
    0xf8, 0xfc, 0xf8, 0xff, 0xf8, 0xfc, 0xf8, 0xff, 0xf8, 0xfc, 0xf8, 0xff,
    0xf8, 0xfc, 0xf8, 0xff, 0xf8, 0xfc, 0xf8, 0xff, 0xf8, 0xfc, 0xf8, 0xff,
    0xf8, 0xfc, 0xf8, 0xff, 0xf8, 0xfc, 0xf8, 0xff, 0xf8, 0xfc, 0xf8, 0xff,
    0xf8, 0xfc, 0xf8, 0xff, 0xf8, 0xfc, 0xf8, 0xff, 0xf8, 0xfc, 0xf8, 0xff,
    0xf8, 0xfc, 0xf8, 0xff, 0xf8, 0xfc, 0xf8, 0xff, 0xf8, 0xfc, 0xf8, 0xff,
    0xf8, 0xfc, 0xf8, 0xff, 0xf8, 0xfc, 0xf8, 0xff, 0xf8, 0xfc, 0xf8, 0xff,
    0xf8, 0xfc, 0xf8, 0xff, 0xf8, 0xfc, 0xf8, 0xff, 0xf8, 0xfc, 0xf8, 0xff,
    0xf8, 0xfc, 0xf8, 0xff, 0xf8, 0xfc, 0xf8, 0xff, 0xf8, 0xfc, 0xf8, 0xff,
    0xf8, 0xfc, 0xf8, 0xff, 0xf8, 0xfc, 0xf8, 0xff, 0xf8, 0xfc, 0xf8, 0xff,
    0xf8, 0xfc, 0xf8, 0xff, 0xf8, 0xfc, 0xf8, 0xff, 0xf8, 0xfc, 0xf8, 0xff,
    0xf8, 0xfc, 0xf8, 0xff, 0xf8, 0xfc, 0xf8, 0xff, 0xf8, 0xfc, 0xf8, 0xff,
    0xf8, 0xfc, 0xf8, 0xff, 0xf8, 0xfc, 0xf8, 0xff, 0xf8, 0xfc, 0xf8, 0xff,
    0xf8, 0xfc, 0xf8, 0xff, 0xf8, 0xfc, 0xf8, 0xff, 0xf8, 0xfc, 0xf8, 0xff,
    0xf8, 0xfc, 0xf8, 0xff, 0xf8, 0xfc, 0xf8, 0xff, 0xf8, 0xfc, 0xf8, 0xff,
    0xf8, 0xfc, 0xf8, 0xff, 0xf8, 0xfc, 0xf8, 0xff, 0xf8, 0xfc, 0xf8, 0xff,
    0xf8, 0xfc, 0xf8, 0xff, 0xf8, 0xfc, 0xf8, 0xff, 0xf8, 0xfc, 0xf8, 0xff,
    0xf8, 0xfc, 0xf8, 0xff, 0xf8, 0xfc, 0xf8, 0xff, 0xf8, 0xfc, 0xf8, 0xff,
    0xf8, 0xfc, 0xf8, 0xff, 0xf8, 0xfc, 0xf8, 0xff, 0xf8, 0xfc, 0xf8, 0xff,
    0xf8, 0xfc, 0xf8, 0xff, 0xf8, 0xfc, 0xf8, 0xff, 0xf8, 0xfc, 0xf8, 0xff,
    0xf8, 0xfc, 0xf8, 0xff, 0xf8, 0xfc, 0xf8, 0xff, 0xf8, 0xfc, 0xf8, 0xff,
    0xf8, 0xfc, 0xf8, 0xff, 0xf8, 0xfc, 0xf8, 0xff, 0xf8, 0xfc, 0xf8, 0xff,
    0xf8, 0xfc, 0xf8, 0xff, 0xf8, 0xfc, 0xf8, 0xff, 0xf8, 0xfc, 0xf8, 0xff,
    0xf8, 0xfc, 0xf8, 0xff, 0xf8, 0xfc, 0xf8, 0xff, 0xf8, 0xfc, 0xf8, 0xff,
    0xf8, 0xf8, 0xf8, 0xff, 0xf8, 0xfc, 0xf8, 0xff, 0xf8, 0xf8, 0xf8, 0xff,
    0xf8, 0xfc, 0xf8, 0xff, 0xf8, 0xfc, 0xf8, 0xff, 0xf8, 0xf8, 0xf8, 0xff,
    0xf8, 0xfc, 0xf8, 0xff, 0xf8, 0xf8, 0xf8, 0xff, 0xf8, 0xfc, 0xf8, 0xff,
    0xf8, 0xf8, 0xf8, 0xff, 0xf8, 0xfc, 0xf8, 0xff, 0xf8, 0xf8, 0xf8, 0xff,
    0xf8, 0xf8, 0xf8, 0xff, 0xf8, 0xf8, 0xf8, 0xff, 0xf8, 0xf8, 0xf8, 0xff,
    0xf8, 0xf8, 0xf8, 0xff, 0xf8, 0xf8, 0xf8, 0xff, 0xf8, 0xf8, 0xf8, 0xff,
    0xf8, 0xf8, 0xf8, 0xff, 0xf8, 0xf8, 0xf8, 0xff, 0xf8, 0xf8, 0xf8, 0xff,
    0xf8, 0xf8, 0xf8, 0xff, 0xf8, 0xf8, 0xf8, 0xff, 0xf8, 0xf8, 0xf8, 0xff,
    0xf8, 0xf8, 0xf8, 0xff, 0xf8, 0xf8, 0xf8, 0xff, 0xf8, 0xf8, 0xf8, 0xff,
    0xf8, 0xf8, 0xf8, 0xff, 0xf8, 0xf8, 0xf8, 0xff, 0xf8, 0xf8, 0xf8, 0xff,
    0xf8, 0xf8, 0xf8, 0xff, 0xf8, 0xf8, 0xf0, 0xff, 0xf8, 0xf8, 0xf8, 0xff,
    0xf8, 0xf8, 0xf8, 0xff, 0xf8, 0xf8, 0xf0, 0xff, 0xf8, 0xf8, 0xf8, 0xff,
    0xf8, 0xf8, 0xf8, 0xff, 0xf8, 0xf8, 0xf0, 0xff, 0xf8, 0xf8, 0xf8, 0xff,
    0xf8, 0xf8, 0xf8, 0xff, 0xf8, 0xf8, 0xf0, 0xff, 0xf8, 0xf8, 0xf8, 0xff,
    0xf8, 0xf8, 0xf8, 0xff, 0xf8, 0xf8, 0xf0, 0xff, 0xf8, 0xf8, 0xf8, 0xff,
    0xf8, 0xf8, 0xf8, 0xff, 0xf8, 0xf8, 0xf0, 0xff, 0xf8, 0xf8, 0xf0, 0xff,
    0xf8, 0xf8, 0xf8, 0xff, 0xf8, 0xf8, 0xf0, 0xff, 0xf8, 0xf8, 0xf0, 0xff,
    0xf8, 0xf8, 0xf8, 0xff, 0xf8, 0xf8, 0xf0, 0xff, 0xf8, 0xf8, 0xf0, 0xff,
    0xf8, 0xf8, 0xf8, 0xff, 0xf8, 0xf8, 0xf0, 0xff, 0xf8, 0xf8, 0xf0, 0xff,
    0xf8, 0xf8, 0xf8, 0xff, 0xf8, 0xf8, 0xf0, 0xff, 0xf8, 0xf8, 0xf0, 0xff,
    0xf8, 0xf8, 0xf8, 0xff, 0xf8, 0xf8, 0xf0, 0xff, 0xf8, 0xf8, 0xf0, 0xff,
    0xf8, 0xf8, 0xf8, 0xff, 0xf8, 0xf8, 0xf0, 0xff, 0xf8, 0xf8, 0xf0, 0xff,
    0xf8, 0xf8, 0xf8, 0xff, 0xf8, 0xf8, 0xf0, 0xff, 0xf8, 0xf8, 0xf0, 0xff,
    0xf8, 0xf8, 0xf8, 0xff, 0xf8, 0xf8, 0xf0, 0xff, 0xf8, 0xf8, 0xf0, 0xff,
    0xf8, 0xf8, 0xf8, 0xff, 0xf8, 0xf8, 0xf0, 0xff, 0xf8, 0xf8, 0xf0, 0xff,
    0xf8, 0xf8, 0xf8, 0xff, 0xf8, 0xf8, 0xf0, 0xff, 0xf8, 0xf8, 0xf0, 0xff,
    0xf8, 0xf8, 0xf8, 0xff, 0xf8, 0xf8, 0xf0, 0xff, 0xf8, 0xf4, 0xf0, 0xf3,
    0xf8, 0xf4, 0xf0, 0xd7, 0xf8, 0xf4, 0xf0, 0xa6, 0xf8, 0xec, 0xe8, 0x59,
    0xb8, 0x8c, 0x88, 0x0c, 0x80, 0x40, 0x00, 0x04, 0x80, 0x40, 0x00, 0x04,
    0x50, 0x00, 0x00, 0x04, 0x80, 0x00, 0x00, 0x04, 0x80, 0x00, 0x00, 0x04,
    0x00, 0x00, 0x00, 0x00, 0x00, 0x00, 0x00, 0x00, 0x00, 0x00, 0x00, 0x00,
    0x00, 0x00, 0x00, 0x00, 0x00, 0x00, 0x00, 0x00, 0x00, 0x00, 0x00, 0x00,
    0x00, 0x00, 0x00, 0x00, 0x00, 0x00, 0x00, 0x00, 0x00, 0x00, 0x00, 0x00,
    0x00, 0x00, 0x00, 0x00, 0x00, 0x00, 0x00, 0x00, 0x00, 0x00, 0x00, 0x00,
    0x00, 0x00, 0x00, 0x00, 0x00, 0x00, 0x00, 0x00, 0x00, 0x00, 0x00, 0x00,
    0x00, 0x00, 0x00, 0x00, 0x00, 0x00, 0x00, 0x00, 0x00, 0x00, 0x00, 0x00,
    0x00, 0x00, 0x00, 0x00, 0x00, 0x00, 0x00, 0x00, 0x00, 0x00, 0x00, 0x00,
    0x00, 0x00, 0x00, 0x00, 0x00, 0x00, 0x00, 0x00, 0x00, 0x00, 0x00, 0x00,
    0x00, 0x00, 0x00, 0x00, 0x00, 0x00, 0x00, 0x00, 0x00, 0x00, 0x00, 0x00,
    0x00, 0x00, 0x00, 0x00, 0x00, 0x00, 0x00, 0x00, 0x00, 0x00, 0x00, 0x00,
    0x00, 0x00, 0x00, 0x00, 0x00, 0x00, 0x00, 0x00, 0x00, 0x00, 0x00, 0x00,
    0x00, 0x00, 0x00, 0x00, 0x00, 0x00, 0x00, 0x00, 0x00, 0x00, 0x00, 0x00,
    0x00, 0x00, 0x00, 0x00, 0x00, 0x00, 0x00, 0x00, 0x00, 0x00, 0x00, 0x00,
    0x00, 0x00, 0x00, 0x00, 0x00, 0x00, 0x00, 0x00, 0x00, 0x00, 0x00, 0x00,
    0x00, 0x00, 0x00, 0x00, 0x00, 0x00, 0x00, 0x00, 0x00, 0x00, 0x00, 0x00,
    0x00, 0x00, 0x00, 0x00, 0x00, 0x00, 0x00, 0x00, 0x00, 0x00, 0x00, 0x00,
    0x00, 0x00, 0x00, 0x00, 0x00, 0x00, 0x00, 0x00, 0x00, 0x00, 0x00, 0x00,
    0x00, 0x00, 0x00, 0x00, 0x00, 0x00, 0x00, 0x00, 0x00, 0x00, 0x00, 0x00,
    0x00, 0x00, 0x00, 0x00, 0x00, 0x00, 0x00, 0x00, 0x00, 0x00, 0x00, 0x00,
    0x00, 0x00, 0x00, 0x00, 0x00, 0x00, 0x00, 0x00, 0x80, 0x00, 0x00, 0x04,
    0x80, 0x00, 0x00, 0x00, 0x50, 0x00, 0x00, 0x04, 0x80, 0x40, 0x00, 0x04,
    0x68, 0x34, 0x00, 0x04, 0xf8, 0xf4, 0xf0, 0x55, 0xf8, 0xfc, 0xf8, 0xdb,
    0xf8, 0xfc, 0xf8, 0xff, 0xf8, 0xfc, 0xf8, 0xff, 0xf8, 0xfc, 0xf8, 0xff,
    0xf8, 0xfc, 0xf8, 0xff, 0xf8, 0xfc, 0xf8, 0xff, 0xf8, 0xfc, 0xf8, 0xff,
    0xf8, 0xfc, 0xf8, 0xff, 0xf8, 0xfc, 0xf8, 0xff, 0xf8, 0xfc, 0xf8, 0xff,
    0xf8, 0xfc, 0xf8, 0xff, 0xf8, 0xfc, 0xf8, 0xff, 0xf8, 0xfc, 0xf8, 0xff,
    0xf8, 0xfc, 0xf8, 0xff, 0xf8, 0xfc, 0xf8, 0xff, 0xf8, 0xfc, 0xf8, 0xff,
    0xf8, 0xfc, 0xf8, 0xff, 0xf8, 0xfc, 0xf8, 0xff, 0xf8, 0xfc, 0xf8, 0xff,
    0xf8, 0xfc, 0xf8, 0xff, 0xf8, 0xfc, 0xf8, 0xff, 0xf8, 0xfc, 0xf8, 0xff,
    0xf8, 0xfc, 0xf8, 0xff, 0xf8, 0xfc, 0xf8, 0xff, 0xf8, 0xfc, 0xf8, 0xff,
    0xf8, 0xfc, 0xf8, 0xff, 0xf8, 0xfc, 0xf8, 0xff, 0xf8, 0xfc, 0xf8, 0xff,
    0xf8, 0xfc, 0xf8, 0xff, 0xf8, 0xfc, 0xf8, 0xff, 0xf8, 0xfc, 0xf8, 0xff,
    0xf8, 0xfc, 0xf8, 0xff, 0xf8, 0xfc, 0xf8, 0xff, 0xf8, 0xfc, 0xf8, 0xff,
    0xf8, 0xfc, 0xf8, 0xff, 0xf8, 0xfc, 0xf8, 0xff, 0xf8, 0xfc, 0xf8, 0xff,
    0xf8, 0xfc, 0xf8, 0xff, 0xf8, 0xfc, 0xf8, 0xff, 0xf8, 0xfc, 0xf8, 0xff,
    0xf8, 0xfc, 0xf8, 0xff, 0xf8, 0xfc, 0xf8, 0xff, 0xf8, 0xfc, 0xf8, 0xff,
    0xf8, 0xfc, 0xf8, 0xff, 0xf8, 0xfc, 0xf8, 0xff, 0xf8, 0xfc, 0xf8, 0xff,
    0xf8, 0xfc, 0xf8, 0xff, 0xf8, 0xfc, 0xf8, 0xff, 0xf8, 0xfc, 0xf8, 0xff,
    0xf8, 0xfc, 0xf8, 0xff, 0xf8, 0xfc, 0xf8, 0xff, 0xf8, 0xfc, 0xf8, 0xff,
    0xf8, 0xfc, 0xf8, 0xff, 0xf8, 0xfc, 0xf8, 0xff, 0xf8, 0xfc, 0xf8, 0xff,
    0xf8, 0xfc, 0xf8, 0xff, 0xf8, 0xfc, 0xf8, 0xff, 0xf8, 0xfc, 0xf8, 0xff,
    0xf8, 0xfc, 0xf8, 0xff, 0xf8, 0xfc, 0xf8, 0xff, 0xf8, 0xfc, 0xf8, 0xff,
    0xf8, 0xfc, 0xf8, 0xff, 0xf8, 0xfc, 0xf8, 0xff, 0xf8, 0xfc, 0xf8, 0xff,
    0xf8, 0xfc, 0xf8, 0xff, 0xf8, 0xfc, 0xf8, 0xff, 0xf8, 0xfc, 0xf8, 0xff,
    0xf8, 0xfc, 0xf8, 0xff, 0xf8, 0xfc, 0xf8, 0xff, 0xf8, 0xfc, 0xf8, 0xff,
    0xf8, 0xfc, 0xf8, 0xff, 0xf8, 0xfc, 0xf8, 0xff, 0xf8, 0xfc, 0xf8, 0xff,
    0xf8, 0xfc, 0xf8, 0xff, 0xf8, 0xfc, 0xf8, 0xff, 0xf8, 0xfc, 0xf8, 0xff,
    0xf8, 0xfc, 0xf8, 0xff, 0xf8, 0xfc, 0xf8, 0xff, 0xf8, 0xfc, 0xf8, 0xff,
    0xf8, 0xfc, 0xf8, 0xff, 0xf8, 0xfc, 0xf8, 0xff, 0xf8, 0xfc, 0xf8, 0xff,
    0xf8, 0xfc, 0xf8, 0xff, 0xf8, 0xfc, 0xf8, 0xff, 0xf8, 0xfc, 0xf8, 0xff,
    0xf8, 0xfc, 0xf8, 0xff, 0xf8, 0xfc, 0xf8, 0xff, 0xf8, 0xfc, 0xf8, 0xff,
    0xf8, 0xfc, 0xf8, 0xff, 0xf8, 0xfc, 0xf8, 0xff, 0xf8, 0xfc, 0xf8, 0xff,
    0xf8, 0xfc, 0xf8, 0xff, 0xf8, 0xfc, 0xf8, 0xff, 0xf8, 0xfc, 0xf8, 0xff,
    0xf8, 0xfc, 0xf8, 0xff, 0xf8, 0xfc, 0xf8, 0xff, 0xf8, 0xfc, 0xf8, 0xff,
    0xf8, 0xfc, 0xf8, 0xff, 0xf8, 0xf8, 0xf8, 0xff, 0xf8, 0xfc, 0xf8, 0xff,
    0xf8, 0xfc, 0xf8, 0xff, 0xf8, 0xfc, 0xf8, 0xff, 0xf8, 0xfc, 0xf8, 0xff,
    0xf8, 0xfc, 0xf8, 0xff, 0xf8, 0xfc, 0xf8, 0xff, 0xf8, 0xf8, 0xf8, 0xff,
    0xf8, 0xfc, 0xf8, 0xff, 0xf8, 0xf8, 0xf8, 0xff, 0xf8, 0xfc, 0xf8, 0xff,
    0xf8, 0xf8, 0xf8, 0xff, 0xf8, 0xf8, 0xf8, 0xff, 0xf8, 0xfc, 0xf8, 0xff,
    0xf8, 0xf8, 0xf8, 0xff, 0xf8, 0xfc, 0xf8, 0xff, 0xf8, 0xf8, 0xf8, 0xff,
    0xf8, 0xfc, 0xf8, 0xff, 0xf8, 0xf8, 0xf8, 0xff, 0xf8, 0xf8, 0xf8, 0xff,
    0xf8, 0xf8, 0xf8, 0xff, 0xf8, 0xfc, 0xf8, 0xff, 0xf8, 0xf8, 0xf8, 0xff,
    0xf8, 0xf8, 0xf8, 0xff, 0xf8, 0xfc, 0xf8, 0xff, 0xf8, 0xf8, 0xf8, 0xff,
    0xf8, 0xf8, 0xf8, 0xff, 0xf8, 0xfc, 0xf8, 0xff, 0xf8, 0xf8, 0xf0, 0xff,
    0xf8, 0xf8, 0xf8, 0xff, 0xf8, 0xfc, 0xf8, 0xff, 0xf8, 0xf8, 0xf0, 0xff,
    0xf8, 0xf8, 0xf8, 0xff, 0xf8, 0xf8, 0xf8, 0xff, 0xf8, 0xf8, 0xf0, 0xff,
    0xf8, 0xf8, 0xf8, 0xff, 0xf8, 0xf8, 0xf8, 0xff, 0xf8, 0xf8, 0xf0, 0xff,
    0xf8, 0xf8, 0xf8, 0xff, 0xf8, 0xf8, 0xf8, 0xff, 0xf8, 0xf8, 0xf0, 0xff,
    0xf8, 0xf8, 0xf8, 0xff, 0xf8, 0xf8, 0xf8, 0xff, 0xf8, 0xf8, 0xf0, 0xff,
    0xf8, 0xf8, 0xf8, 0xff, 0xf8, 0xf8, 0xf8, 0xff, 0xf8, 0xf8, 0xf0, 0xff,
    0xf8, 0xf8, 0xf8, 0xff, 0xf8, 0xf8, 0xf8, 0xff, 0xf8, 0xf8, 0xf0, 0xff,
    0xf8, 0xf8, 0xf8, 0xff, 0xf8, 0xf8, 0xf8, 0xff, 0xf8, 0xf8, 0xf0, 0xff,
    0xf8, 0xf8, 0xf0, 0xff, 0xf8, 0xf4, 0xf8, 0xff, 0xf8, 0xf8, 0xf8, 0xff,
    0xf8, 0xf8, 0xf0, 0xff, 0xf8, 0xf8, 0xf8, 0xff, 0xf8, 0xf8, 0xf8, 0xff,
    0xf8, 0xf8, 0xf0, 0xff, 0xf8, 0xf4, 0xf8, 0xff, 0xf8, 0xf8, 0xf8, 0xff,
    0xf8, 0xf8, 0xf0, 0xff, 0xf8, 0xf8, 0xf8, 0xff, 0xf8, 0xf8, 0xf8, 0xff,
    0xf8, 0xf8, 0xf0, 0xff, 0xf8, 0xf4, 0xf8, 0xff, 0xf8, 0xf8, 0xf8, 0xff,
    0xf8, 0xf8, 0xf0, 0xff, 0xf8, 0xf8, 0xf8, 0xff, 0xf8, 0xf8, 0xf8, 0xff,
    0xf8, 0xf8, 0xf0, 0xff, 0xf8, 0xf4, 0xf8, 0xff, 0xf8, 0xf8, 0xf8, 0xff,
    0xf8, 0xf8, 0xf0, 0xff, 0xf8, 0xf8, 0xf8, 0xff, 0xf8, 0xf8, 0xf8, 0xff,
    0xf8, 0xf8, 0xf0, 0xff, 0xf8, 0xf4, 0xf8, 0xff, 0xf8, 0xf8, 0xf8, 0xff,
    0xf8, 0xf8, 0xf0, 0xff, 0xf8, 0xf8, 0xf8, 0xff, 0xf8, 0xf8, 0xf8, 0xff,
    0xf8, 0xf8, 0xf0, 0xff, 0xf8, 0xf4, 0xf8, 0xff, 0xf8, 0xf8, 0xf8, 0xff,
    0xf8, 0xf8, 0xf0, 0xff, 0xf8, 0xf8, 0xf8, 0xff, 0xf8, 0xf8, 0xf8, 0xff,
    0xf8, 0xf8, 0xf8, 0xff, 0xf8, 0xf8, 0xf0, 0xff, 0xf8, 0xf8, 0xf8, 0xff,
    0xf8, 0xf4, 0xf0, 0xdb, 0xf8, 0xec, 0xe8, 0x55, 0x68, 0x34, 0x00, 0x04,
    0x80, 0x40, 0x00, 0x04, 0x50, 0x00, 0x00, 0x04, 0x80, 0x00, 0x00, 0x00,
    0x80, 0x00, 0x00, 0x04, 0x00, 0x00, 0x00, 0x00, 0x00, 0x00, 0x00, 0x00,
    0x00, 0x00, 0x00, 0x00, 0x00, 0x00, 0x00, 0x00, 0x00, 0x00, 0x00, 0x00,
    0x00, 0x00, 0x00, 0x00, 0x00, 0x00, 0x00, 0x00, 0x00, 0x00, 0x00, 0x00,
    0x00, 0x00, 0x00, 0x00, 0x00, 0x00, 0x00, 0x00, 0x00, 0x00, 0x00, 0x00,
    0x00, 0x00, 0x00, 0x00, 0x00, 0x00, 0x00, 0x00, 0x00, 0x00, 0x00, 0x00,
    0x00, 0x00, 0x00, 0x00, 0x00, 0x00, 0x00, 0x00, 0x00, 0x00, 0x00, 0x00,
    0x00, 0x00, 0x00, 0x00, 0x00, 0x00, 0x00, 0x00, 0x00, 0x00, 0x00, 0x00,
    0x00, 0x00, 0x00, 0x00, 0x00, 0x00, 0x00, 0x00, 0x00, 0x00, 0x00, 0x00,
    0x00, 0x00, 0x00, 0x00, 0x00, 0x00, 0x00, 0x00, 0x00, 0x00, 0x00, 0x00,
    0x00, 0x00, 0x00, 0x00, 0x00, 0x00, 0x00, 0x00, 0x00, 0x00, 0x00, 0x00,
    0x00, 0x00, 0x00, 0x00, 0x00, 0x00, 0x00, 0x00, 0x00, 0x00, 0x00, 0x00,
    0x00, 0x00, 0x00, 0x00, 0x00, 0x00, 0x00, 0x00, 0x00, 0x00, 0x00, 0x00,
    0x00, 0x00, 0x00, 0x00, 0x00, 0x00, 0x00, 0x00, 0x00, 0x00, 0x00, 0x00,
    0x00, 0x00, 0x00, 0x00, 0x00, 0x00, 0x00, 0x00, 0x00, 0x00, 0x00, 0x00,
    0x00, 0x00, 0x00, 0x00, 0x00, 0x00, 0x00, 0x00, 0x00, 0x00, 0x00, 0x00,
    0x00, 0x00, 0x00, 0x00, 0x00, 0x00, 0x00, 0x00, 0x00, 0x00, 0x00, 0x00,
    0x00, 0x00, 0x00, 0x00, 0x00, 0x00, 0x00, 0x00, 0x00, 0x00, 0x00, 0x00,
    0x00, 0x00, 0x00, 0x00, 0x00, 0x00, 0x00, 0x00, 0x00, 0x00, 0x00, 0x00,
    0x00, 0x00, 0x00, 0x00, 0x00, 0x00, 0x00, 0x00, 0x00, 0x00, 0x00, 0x00,
    0x00, 0x00, 0x00, 0x00, 0x80, 0x00, 0x00, 0x04, 0x80, 0x00, 0x00, 0x00,
    0x50, 0x00, 0x00, 0x04, 0x68, 0x34, 0x00, 0x04, 0xa8, 0x70, 0x58, 0x08,
    0xf8, 0xf8, 0xf8, 0x8a, 0xf8, 0xfc, 0xf8, 0xff, 0xf8, 0xfc, 0xf8, 0xff,
    0xf8, 0xfc, 0xf8, 0xff, 0xf8, 0xfc, 0xf8, 0xff, 0xf8, 0xfc, 0xf8, 0xff,
    0xf8, 0xfc, 0xf8, 0xff, 0xf8, 0xfc, 0xf8, 0xff, 0xf8, 0xfc, 0xf8, 0xff,
    0xf8, 0xfc, 0xf8, 0xff, 0xf8, 0xfc, 0xf8, 0xff, 0xf8, 0xfc, 0xf8, 0xff,
    0xf8, 0xfc, 0xf8, 0xff, 0xf8, 0xfc, 0xf8, 0xff, 0xf8, 0xfc, 0xf8, 0xff,
    0xf8, 0xfc, 0xf8, 0xff, 0xf8, 0xfc, 0xf8, 0xff, 0xf8, 0xfc, 0xf8, 0xff,
    0xf8, 0xfc, 0xf8, 0xff, 0xf8, 0xfc, 0xf8, 0xff, 0xf8, 0xfc, 0xf8, 0xff,
    0xf8, 0xfc, 0xf8, 0xff, 0xf8, 0xfc, 0xf8, 0xff, 0xf8, 0xfc, 0xf8, 0xff,
    0xf8, 0xfc, 0xf8, 0xff, 0xf8, 0xfc, 0xf8, 0xff, 0xf8, 0xfc, 0xf8, 0xff,
    0xf8, 0xfc, 0xf8, 0xff, 0xf8, 0xfc, 0xf8, 0xff, 0xf8, 0xfc, 0xf8, 0xff,
    0xf8, 0xfc, 0xf8, 0xff, 0xf8, 0xfc, 0xf8, 0xff, 0xf8, 0xfc, 0xf8, 0xff,
    0xf8, 0xfc, 0xf8, 0xff, 0xf8, 0xfc, 0xf8, 0xff, 0xf8, 0xfc, 0xf8, 0xff,
    0xf8, 0xfc, 0xf8, 0xff, 0xf8, 0xfc, 0xf8, 0xff, 0xf8, 0xfc, 0xf8, 0xff,
    0xf8, 0xfc, 0xf8, 0xff, 0xf8, 0xfc, 0xf8, 0xff, 0xf8, 0xfc, 0xf8, 0xff,
    0xf8, 0xfc, 0xf8, 0xff, 0xf8, 0xfc, 0xf8, 0xff, 0xf8, 0xfc, 0xf8, 0xff,
    0xf8, 0xfc, 0xf8, 0xff, 0xf8, 0xfc, 0xf8, 0xff, 0xf8, 0xfc, 0xf8, 0xff,
    0xf8, 0xfc, 0xf8, 0xff, 0xf8, 0xfc, 0xf8, 0xff, 0xf8, 0xfc, 0xf8, 0xff,
    0xf8, 0xfc, 0xf8, 0xff, 0xf8, 0xfc, 0xf8, 0xff, 0xf8, 0xfc, 0xf8, 0xff,
    0xf8, 0xfc, 0xf8, 0xff, 0xf8, 0xfc, 0xf8, 0xff, 0xf8, 0xfc, 0xf8, 0xff,
    0xf8, 0xfc, 0xf8, 0xff, 0xf8, 0xfc, 0xf8, 0xff, 0xf8, 0xfc, 0xf8, 0xff,
    0xf8, 0xfc, 0xf8, 0xff, 0xf8, 0xfc, 0xf8, 0xff, 0xf8, 0xfc, 0xf8, 0xff,
    0xf8, 0xfc, 0xf8, 0xff, 0xf8, 0xfc, 0xf8, 0xff, 0xf8, 0xfc, 0xf8, 0xff,
    0xf8, 0xfc, 0xf8, 0xff, 0xf8, 0xfc, 0xf8, 0xff, 0xf8, 0xfc, 0xf8, 0xff,
    0xf8, 0xfc, 0xf8, 0xff, 0xf8, 0xfc, 0xf8, 0xff, 0xf8, 0xfc, 0xf8, 0xff,
    0xf8, 0xfc, 0xf8, 0xff, 0xf8, 0xfc, 0xf8, 0xff, 0xf8, 0xfc, 0xf8, 0xff,
    0xf8, 0xfc, 0xf8, 0xff, 0xf8, 0xfc, 0xf8, 0xff, 0xf8, 0xfc, 0xf8, 0xff,
    0xf8, 0xfc, 0xf8, 0xff, 0xf8, 0xfc, 0xf8, 0xff, 0xf8, 0xfc, 0xf8, 0xff,
    0xf8, 0xfc, 0xf8, 0xff, 0xf8, 0xfc, 0xf8, 0xff, 0xf8, 0xfc, 0xf8, 0xff,
    0xf8, 0xfc, 0xf8, 0xff, 0xf8, 0xfc, 0xf8, 0xff, 0xf8, 0xfc, 0xf8, 0xff,
    0xf8, 0xfc, 0xf8, 0xff, 0xf8, 0xfc, 0xf8, 0xff, 0xf8, 0xfc, 0xf8, 0xff,
    0xf8, 0xfc, 0xf8, 0xff, 0xf8, 0xfc, 0xf8, 0xff, 0xf8, 0xfc, 0xf8, 0xff,
    0xf8, 0xfc, 0xf8, 0xff, 0xf8, 0xfc, 0xf8, 0xff, 0xf8, 0xfc, 0xf8, 0xff,
    0xf8, 0xf8, 0xf8, 0xff, 0xf8, 0xfc, 0xf8, 0xff, 0xf8, 0xfc, 0xf8, 0xff,
    0xf8, 0xf8, 0xf8, 0xff, 0xf8, 0xfc, 0xf8, 0xff, 0xf8, 0xfc, 0xf8, 0xff,
    0xf8, 0xf8, 0xf8, 0xff, 0xf8, 0xf8, 0xf8, 0xff, 0xf8, 0xfc, 0xf8, 0xff,
    0xf8, 0xf8, 0xf8, 0xff, 0xf8, 0xf8, 0xf8, 0xff, 0xf8, 0xfc, 0xf8, 0xff,
    0xf8, 0xf8, 0xf8, 0xff, 0xf8, 0xfc, 0xf8, 0xff, 0xf8, 0xf8, 0xf8, 0xff,
    0xf8, 0xfc, 0xf8, 0xff, 0xf8, 0xf8, 0xf8, 0xff, 0xf8, 0xfc, 0xf8, 0xff,
    0xf8, 0xfc, 0xf8, 0xff, 0xf8, 0xf8, 0xf8, 0xff, 0xf8, 0xfc, 0xf8, 0xff,
    0xf8, 0xf8, 0xf8, 0xff, 0xf8, 0xf8, 0xf8, 0xff, 0xf8, 0xf8, 0xf8, 0xff,
    0xf8, 0xf8, 0xf8, 0xff, 0xf8, 0xfc, 0xf8, 0xff, 0xf8, 0xf8, 0xf8, 0xff,
    0xf8, 0xf8, 0xf8, 0xff, 0xf8, 0xfc, 0xf8, 0xff, 0xf8, 0xf8, 0xf8, 0xff,
    0xf8, 0xf8, 0xf0, 0xff, 0xf8, 0xfc, 0xf8, 0xff, 0xf8, 0xf8, 0xf8, 0xff,
    0xf8, 0xf8, 0xf0, 0xff, 0xf8, 0xf8, 0xf8, 0xff, 0xf8, 0xf8, 0xf8, 0xff,
    0xf8, 0xf8, 0xf0, 0xff, 0xf8, 0xf8, 0xf8, 0xff, 0xf8, 0xf8, 0xf8, 0xff,
    0xf8, 0xf8, 0xf0, 0xff, 0xf8, 0xf8, 0xf0, 0xff, 0xf8, 0xf8, 0xf8, 0xff,
    0xf8, 0xf8, 0xf0, 0xff, 0xf8, 0xf8, 0xf8, 0xff, 0xf8, 0xf8, 0xf0, 0xff,
    0xf8, 0xf8, 0xf8, 0xff, 0xf8, 0xf8, 0xf8, 0xff, 0xf8, 0xf8, 0xf0, 0xff,
    0xf8, 0xf8, 0xf8, 0xff, 0xf8, 0xf8, 0xf8, 0xff, 0xf8, 0xf8, 0xf0, 0xff,
    0xf8, 0xf8, 0xf8, 0xff, 0xf8, 0xf8, 0xf8, 0xff, 0xf8, 0xf8, 0xf0, 0xff,
    0xf8, 0xf4, 0xf8, 0xff, 0xf8, 0xf8, 0xf8, 0xff, 0xf8, 0xf8, 0xf0, 0xff,
    0xf8, 0xf4, 0xf0, 0xff, 0xf8, 0xf8, 0xf8, 0xff, 0xf8, 0xf8, 0xf0, 0xff,
    0xf8, 0xf4, 0xf0, 0xff, 0xf8, 0xf4, 0xf8, 0xff, 0xf8, 0xf8, 0xf0, 0xff,
    0xf8, 0xf8, 0xf0, 0xff, 0xf8, 0xf4, 0xf8, 0xff, 0xf8, 0xf8, 0xf0, 0xff,
    0xf8, 0xf8, 0xf0, 0xff, 0xf8, 0xf4, 0xf8, 0xff, 0xf8, 0xf8, 0xf0, 0xff,
    0xf8, 0xf8, 0xf0, 0xff, 0xf8, 0xf4, 0xf8, 0xff, 0xf8, 0xf8, 0xf0, 0xff,
    0xf8, 0xf8, 0xf0, 0xff, 0xf8, 0xf4, 0xf8, 0xff, 0xf8, 0xf8, 0xf0, 0xff,
    0xf8, 0xf8, 0xf0, 0xff, 0xf8, 0xf4, 0xf8, 0xff, 0xf8, 0xf8, 0xf0, 0xff,
    0xf8, 0xf8, 0xf0, 0xff, 0xf8, 0xf4, 0xf8, 0xff, 0xf8, 0xf8, 0xf0, 0xff,
    0xf8, 0xf8, 0xf0, 0xff, 0xf8, 0xf4, 0xf8, 0xff, 0xf8, 0xf8, 0xf0, 0xff,
    0xf8, 0xf8, 0xf0, 0xff, 0xf8, 0xf4, 0xf8, 0xff, 0xf8, 0xf8, 0xf0, 0xff,
    0xf8, 0xf8, 0xf0, 0xff, 0xf8, 0xf4, 0xf8, 0xff, 0xf8, 0xf8, 0xf0, 0xff,
    0xf8, 0xf8, 0xf0, 0xff, 0xf8, 0xf4, 0xf8, 0xff, 0xf8, 0xf8, 0xf0, 0xff,
    0xf8, 0xf8, 0xf8, 0xff, 0xf8, 0xf8, 0xf8, 0xff, 0xf8, 0xf8, 0xf0, 0xff,
    0xf8, 0xf8, 0xf8, 0xff, 0xf8, 0xf8, 0xf8, 0xff, 0xf8, 0xf0, 0xf0, 0x8a,
    0xa8, 0x70, 0x58, 0x08, 0x68, 0x34, 0x00, 0x04, 0x58, 0x00, 0x00, 0x04,
    0x80, 0x00, 0x00, 0x04, 0x80, 0x00, 0x00, 0x04, 0x00, 0x00, 0x00, 0x00,
    0x00, 0x00, 0x00, 0x00, 0x00, 0x00, 0x00, 0x00, 0x00, 0x00, 0x00, 0x00,
    0x00, 0x00, 0x00, 0x00, 0x00, 0x00, 0x00, 0x00, 0x00, 0x00, 0x00, 0x00,
    0x00, 0x00, 0x00, 0x00, 0x00, 0x00, 0x00, 0x00, 0x00, 0x00, 0x00, 0x00,
    0x00, 0x00, 0x00, 0x00, 0x00, 0x00, 0x00, 0x00, 0x00, 0x00, 0x00, 0x00,
    0x00, 0x00, 0x00, 0x00, 0x00, 0x00, 0x00, 0x00, 0x00, 0x00, 0x00, 0x00,
    0x00, 0x00, 0x00, 0x00, 0x00, 0x00, 0x00, 0x00, 0x00, 0x00, 0x00, 0x00,
    0x00, 0x00, 0x00, 0x00, 0x00, 0x00, 0x00, 0x00, 0x00, 0x00, 0x00, 0x00,
    0x00, 0x00, 0x00, 0x00, 0x00, 0x00, 0x00, 0x00, 0x00, 0x00, 0x00, 0x00,
    0x00, 0x00, 0x00, 0x00, 0x00, 0x00, 0x00, 0x00, 0x00, 0x00, 0x00, 0x00,
    0x00, 0x00, 0x00, 0x00, 0x00, 0x00, 0x00, 0x00, 0x00, 0x00, 0x00, 0x00,
    0x00, 0x00, 0x00, 0x00, 0x00, 0x00, 0x00, 0x00, 0x00, 0x00, 0x00, 0x00,
    0x00, 0x00, 0x00, 0x00, 0x00, 0x00, 0x00, 0x00, 0x00, 0x00, 0x00, 0x00,
    0x00, 0x00, 0x00, 0x00, 0x00, 0x00, 0x00, 0x00, 0x00, 0x00, 0x00, 0x00,
    0x00, 0x00, 0x00, 0x00, 0x00, 0x00, 0x00, 0x00, 0x00, 0x00, 0x00, 0x00,
    0x00, 0x00, 0x00, 0x00, 0x00, 0x00, 0x00, 0x00, 0x00, 0x00, 0x00, 0x00,
    0x00, 0x00, 0x00, 0x00, 0x00, 0x00, 0x00, 0x00, 0x00, 0x00, 0x00, 0x00,
    0x00, 0x00, 0x00, 0x00, 0x00, 0x00, 0x00, 0x00, 0x00, 0x00, 0x00, 0x00,
    0x00, 0x00, 0x00, 0x00, 0x00, 0x00, 0x00, 0x00, 0x00, 0x00, 0x00, 0x00,
    0x80, 0x00, 0x00, 0x04, 0x80, 0x00, 0x00, 0x04, 0x50, 0x00, 0x00, 0x04,
    0x68, 0x34, 0x00, 0x04, 0x80, 0x28, 0x00, 0x08, 0xf8, 0xf8, 0xf0, 0x8e,
    0xf8, 0xfc, 0xf8, 0xff, 0xf8, 0xfc, 0xf8, 0xff, 0xf8, 0xfc, 0xf8, 0xff,
    0xf8, 0xfc, 0xf8, 0xff, 0xf8, 0xfc, 0xf8, 0xff, 0xf8, 0xfc, 0xf8, 0xff,
    0xf8, 0xfc, 0xf8, 0xff, 0xf8, 0xfc, 0xf8, 0xff, 0xf8, 0xfc, 0xf8, 0xff,
    0xf8, 0xfc, 0xf8, 0xff, 0xf8, 0xfc, 0xf8, 0xff, 0xf8, 0xfc, 0xf8, 0xff,
    0xf8, 0xfc, 0xf8, 0xff, 0xf8, 0xfc, 0xf8, 0xff, 0xf8, 0xfc, 0xf8, 0xff,
    0xf8, 0xfc, 0xf8, 0xff, 0xf8, 0xfc, 0xf8, 0xff, 0xf8, 0xfc, 0xf8, 0xff,
    0xf8, 0xfc, 0xf8, 0xff, 0xf8, 0xfc, 0xf8, 0xff, 0xf8, 0xfc, 0xf8, 0xff,
    0xf8, 0xfc, 0xf8, 0xff, 0xf8, 0xfc, 0xf8, 0xff, 0xf8, 0xfc, 0xf8, 0xff,
    0xf8, 0xfc, 0xf8, 0xff, 0xf8, 0xfc, 0xf8, 0xff, 0xf8, 0xfc, 0xf8, 0xff,
    0xf8, 0xfc, 0xf8, 0xff, 0xf8, 0xfc, 0xf8, 0xff, 0xf8, 0xfc, 0xf8, 0xff,
    0xf8, 0xfc, 0xf8, 0xff, 0xf8, 0xfc, 0xf8, 0xff, 0xf8, 0xfc, 0xf8, 0xff,
    0xf8, 0xfc, 0xf8, 0xff, 0xf8, 0xfc, 0xf8, 0xff, 0xf8, 0xfc, 0xf8, 0xff,
    0xf8, 0xfc, 0xf8, 0xff, 0xf8, 0xfc, 0xf8, 0xff, 0xf8, 0xfc, 0xf8, 0xff,
    0xf8, 0xfc, 0xf8, 0xff, 0xf8, 0xfc, 0xf8, 0xff, 0xf8, 0xfc, 0xf8, 0xff,
    0xf8, 0xfc, 0xf8, 0xff, 0xf8, 0xfc, 0xf8, 0xff, 0xf8, 0xfc, 0xf8, 0xff,
    0xf8, 0xfc, 0xf8, 0xff, 0xf8, 0xfc, 0xf8, 0xff, 0xf8, 0xfc, 0xf8, 0xff,
    0xf8, 0xfc, 0xf8, 0xff, 0xf8, 0xfc, 0xf8, 0xff, 0xf8, 0xfc, 0xf8, 0xff,
    0xf8, 0xfc, 0xf8, 0xff, 0xf8, 0xfc, 0xf8, 0xff, 0xf8, 0xfc, 0xf8, 0xff,
    0xf8, 0xfc, 0xf8, 0xff, 0xf8, 0xfc, 0xf8, 0xff, 0xf8, 0xfc, 0xf8, 0xff,
    0xf8, 0xfc, 0xf8, 0xff, 0xf8, 0xfc, 0xf8, 0xff, 0xf8, 0xfc, 0xf8, 0xff,
    0xf8, 0xfc, 0xf8, 0xff, 0xf8, 0xfc, 0xf8, 0xff, 0xf8, 0xfc, 0xf8, 0xff,
    0xf8, 0xfc, 0xf8, 0xff, 0xf8, 0xfc, 0xf8, 0xff, 0xf8, 0xfc, 0xf8, 0xff,
    0xf8, 0xfc, 0xf8, 0xff, 0xf8, 0xfc, 0xf8, 0xff, 0xf8, 0xfc, 0xf8, 0xff,
    0xf8, 0xfc, 0xf8, 0xff, 0xf8, 0xfc, 0xf8, 0xff, 0xf8, 0xfc, 0xf8, 0xff,
    0xf8, 0xfc, 0xf8, 0xff, 0xf8, 0xfc, 0xf8, 0xff, 0xf8, 0xfc, 0xf8, 0xff,
    0xf8, 0xfc, 0xf8, 0xff, 0xf8, 0xfc, 0xf8, 0xff, 0xf8, 0xfc, 0xf8, 0xff,
    0xf8, 0xfc, 0xf8, 0xff, 0xf8, 0xfc, 0xf8, 0xff, 0xf8, 0xfc, 0xf8, 0xff,
    0xf8, 0xfc, 0xf8, 0xff, 0xf8, 0xfc, 0xf8, 0xff, 0xf8, 0xfc, 0xf8, 0xff,
    0xf8, 0xfc, 0xf8, 0xff, 0xf8, 0xfc, 0xf8, 0xff, 0xf8, 0xfc, 0xf8, 0xff,
    0xf8, 0xfc, 0xf8, 0xff, 0xf8, 0xfc, 0xf8, 0xff, 0xf8, 0xfc, 0xf8, 0xff,
    0xf8, 0xfc, 0xf8, 0xff, 0xf8, 0xfc, 0xf8, 0xff, 0xf8, 0xfc, 0xf8, 0xff,
    0xf8, 0xfc, 0xf8, 0xff, 0xf8, 0xfc, 0xf8, 0xff, 0xf8, 0xfc, 0xf8, 0xff,
    0xf8, 0xf8, 0xf8, 0xff, 0xf8, 0xfc, 0xf8, 0xff, 0xf8, 0xfc, 0xf8, 0xff,
    0xf8, 0xf8, 0xf8, 0xff, 0xf8, 0xfc, 0xf8, 0xff, 0xf8, 0xfc, 0xf8, 0xff,
    0xf8, 0xfc, 0xf8, 0xff, 0xf8, 0xfc, 0xf8, 0xff, 0xf8, 0xfc, 0xf8, 0xff,
    0xf8, 0xf8, 0xf8, 0xff, 0xf8, 0xf8, 0xf8, 0xff, 0xf8, 0xfc, 0xf8, 0xff,
    0xf8, 0xf8, 0xf8, 0xff, 0xf8, 0xf8, 0xf8, 0xff, 0xf8, 0xfc, 0xf8, 0xff,
    0xf8, 0xfc, 0xf8, 0xff, 0xf8, 0xf8, 0xf8, 0xff, 0xf8, 0xf8, 0xf8, 0xff,
    0xf8, 0xfc, 0xf8, 0xff, 0xf8, 0xf8, 0xf8, 0xff, 0xf8, 0xf8, 0xf8, 0xff,
    0xf8, 0xf8, 0xf8, 0xff, 0xf8, 0xf8, 0xf8, 0xff, 0xf8, 0xfc, 0xf8, 0xff,
    0xf8, 0xf8, 0xf8, 0xff, 0xf8, 0xf8, 0xf0, 0xff, 0xf8, 0xf8, 0xf8, 0xff,
    0xf8, 0xf8, 0xf8, 0xff, 0xf8, 0xf8, 0xf8, 0xff, 0xf8, 0xf8, 0xf0, 0xff,
    0xf8, 0xf8, 0xf8, 0xff, 0xf8, 0xf8, 0xf8, 0xff, 0xf8, 0xf8, 0xf8, 0xff,
    0xf8, 0xf8, 0xf8, 0xff, 0xf8, 0xf8, 0xf8, 0xff, 0xf8, 0xf8, 0xf8, 0xff,
    0xf8, 0xf8, 0xf8, 0xff, 0xf8, 0xf8, 0xf8, 0xff, 0xf8, 0xf8, 0xf8, 0xff,
    0xf8, 0xf8, 0xf0, 0xff, 0xf8, 0xf8, 0xf8, 0xff, 0xf8, 0xf8, 0xf8, 0xff,
    0xf8, 0xf8, 0xf8, 0xff, 0xf8, 0xf8, 0xf0, 0xff, 0xf8, 0xf8, 0xf8, 0xff,
    0xf8, 0xf8, 0xf0, 0xff, 0xf8, 0xf8, 0xf8, 0xff, 0xf8, 0xf8, 0xf0, 0xff,
    0xf8, 0xf8, 0xf8, 0xff, 0xf8, 0xf8, 0xf0, 0xff, 0xf8, 0xf8, 0xf8, 0xff,
    0xf8, 0xf8, 0xf0, 0xff, 0xf8, 0xf8, 0xf8, 0xff, 0xf8, 0xf8, 0xf0, 0xff,
    0xf8, 0xf4, 0xf8, 0xff, 0xf8, 0xf8, 0xf0, 0xff, 0xf8, 0xf8, 0xf8, 0xff,
    0xf8, 0xf4, 0xf8, 0xff, 0xf8, 0xf8, 0xf0, 0xff, 0xf8, 0xf8, 0xf8, 0xff,
    0xf8, 0xf8, 0xf8, 0xff, 0xf8, 0xf8, 0xf0, 0xff, 0xf8, 0xf8, 0xf8, 0xff,
    0xf8, 0xf8, 0xf8, 0xff, 0xf8, 0xf8, 0xf0, 0xff, 0xf8, 0xf8, 0xf8, 0xff,
    0xf8, 0xf4, 0xf8, 0xff, 0xf8, 0xf8, 0xf0, 0xff, 0xf8, 0xf8, 0xf8, 0xff,
    0xf8, 0xf4, 0xf8, 0xff, 0xf8, 0xf8, 0xf0, 0xff, 0xf8, 0xf8, 0xf8, 0xff,
    0xf8, 0xf4, 0xf8, 0xff, 0xf8, 0xf8, 0xf0, 0xff, 0xf8, 0xf8, 0xf8, 0xff,
    0xf8, 0xf4, 0xf8, 0xff, 0xf8, 0xf8, 0xf0, 0xff, 0xf8, 0xf8, 0xf8, 0xff,
    0xf8, 0xf4, 0xf8, 0xff, 0xf8, 0xf8, 0xf0, 0xff, 0xf8, 0xf8, 0xf8, 0xff,
    0xf8, 0xf4, 0xf8, 0xff, 0xf8, 0xf8, 0xf0, 0xff, 0xf8, 0xf8, 0xf8, 0xff,
    0xf8, 0xf4, 0xf8, 0xff, 0xf8, 0xf8, 0xf0, 0xff, 0xf8, 0xf8, 0xf8, 0xff,
    0xf8, 0xf4, 0xf8, 0xff, 0xf8, 0xf8, 0xf0, 0xff, 0xf8, 0xf8, 0xf8, 0xff,
    0xf8, 0xf8, 0xf8, 0xff, 0xf8, 0xf4, 0xf0, 0xff, 0xf8, 0xf8, 0xf0, 0xff,
    0xf8, 0xf4, 0xf0, 0xff, 0xf8, 0xf4, 0xf8, 0xff, 0xf8, 0xf8, 0xf0, 0xff,
    0xf8, 0xf8, 0xf0, 0xff, 0xf8, 0xf8, 0xf8, 0xff, 0xf8, 0xf8, 0xf0, 0xff,
    0xf8, 0xf0, 0xf0, 0x8e, 0x80, 0x28, 0x00, 0x08, 0x68, 0x34, 0x00, 0x04,
    0x50, 0x00, 0x00, 0x04, 0x80, 0x00, 0x00, 0x00, 0x80, 0x00, 0x00, 0x04,
    0x00, 0x00, 0x00, 0x00, 0x00, 0x00, 0x00, 0x00, 0x00, 0x00, 0x00, 0x00,
    0x00, 0x00, 0x00, 0x00, 0x00, 0x00, 0x00, 0x00, 0x00, 0x00, 0x00, 0x00,
    0x00, 0x00, 0x00, 0x00, 0x00, 0x00, 0x00, 0x00, 0x00, 0x00, 0x00, 0x00,
    0x00, 0x00, 0x00, 0x00, 0x00, 0x00, 0x00, 0x00, 0x00, 0x00, 0x00, 0x00,
    0x00, 0x00, 0x00, 0x00, 0x00, 0x00, 0x00, 0x00, 0x00, 0x00, 0x00, 0x00,
    0x00, 0x00, 0x00, 0x00, 0x00, 0x00, 0x00, 0x00, 0x00, 0x00, 0x00, 0x00,
    0x00, 0x00, 0x00, 0x00, 0x00, 0x00, 0x00, 0x00, 0x00, 0x00, 0x00, 0x00,
    0x00, 0x00, 0x00, 0x00, 0x00, 0x00, 0x00, 0x00, 0x00, 0x00, 0x00, 0x00,
    0x00, 0x00, 0x00, 0x00, 0x00, 0x00, 0x00, 0x00, 0x00, 0x00, 0x00, 0x00,
    0x00, 0x00, 0x00, 0x00, 0x00, 0x00, 0x00, 0x00, 0x00, 0x00, 0x00, 0x00,
    0x00, 0x00, 0x00, 0x00, 0x00, 0x00, 0x00, 0x00, 0x00, 0x00, 0x00, 0x00,
    0x00, 0x00, 0x00, 0x00, 0x00, 0x00, 0x00, 0x00, 0x00, 0x00, 0x00, 0x00,
    0x00, 0x00, 0x00, 0x00, 0x00, 0x00, 0x00, 0x00, 0x00, 0x00, 0x00, 0x00,
    0x00, 0x00, 0x00, 0x00, 0x00, 0x00, 0x00, 0x00, 0x00, 0x00, 0x00, 0x00,
    0x00, 0x00, 0x00, 0x00, 0x00, 0x00, 0x00, 0x00, 0x00, 0x00, 0x00, 0x00,
    0x00, 0x00, 0x00, 0x00, 0x00, 0x00, 0x00, 0x00, 0x00, 0x00, 0x00, 0x00,
    0x00, 0x00, 0x00, 0x00, 0x00, 0x00, 0x00, 0x00, 0x00, 0x00, 0x00, 0x00,
    0x00, 0x00, 0x00, 0x00, 0x00, 0x00, 0x00, 0x00, 0x00, 0x00, 0x00, 0x00,
    0x80, 0x00, 0x00, 0x04, 0x58, 0x00, 0x00, 0x04, 0x68, 0x34, 0x00, 0x04,
    0x80, 0x28, 0x00, 0x04, 0xf8, 0xf0, 0xf0, 0x59, 0xf8, 0xfc, 0xf8, 0xff,
    0xf8, 0xfc, 0xf8, 0xff, 0xf8, 0xfc, 0xf8, 0xff, 0xf8, 0xfc, 0xf8, 0xff,
    0xf8, 0xfc, 0xf8, 0xff, 0xf8, 0xfc, 0xf8, 0xff, 0xf8, 0xfc, 0xf8, 0xff,
    0xf8, 0xfc, 0xf8, 0xff, 0xf8, 0xfc, 0xf8, 0xff, 0xf8, 0xfc, 0xf8, 0xff,
    0xf8, 0xfc, 0xf8, 0xff, 0xf8, 0xfc, 0xf8, 0xff, 0xf8, 0xfc, 0xf8, 0xff,
    0xf8, 0xfc, 0xf8, 0xff, 0xf8, 0xfc, 0xf8, 0xff, 0xf8, 0xfc, 0xf8, 0xff,
    0xf8, 0xfc, 0xf8, 0xff, 0xf8, 0xfc, 0xf8, 0xff, 0xf8, 0xfc, 0xf8, 0xff,
    0xf8, 0xfc, 0xf8, 0xff, 0xf8, 0xfc, 0xf8, 0xff, 0xf8, 0xfc, 0xf8, 0xff,
    0xf8, 0xfc, 0xf8, 0xff, 0xf8, 0xfc, 0xf8, 0xff, 0xf8, 0xfc, 0xf8, 0xff,
    0xf8, 0xfc, 0xf8, 0xff, 0xf8, 0xfc, 0xf8, 0xff, 0xf8, 0xfc, 0xf8, 0xff,
    0xf8, 0xfc, 0xf8, 0xff, 0xf8, 0xfc, 0xf8, 0xff, 0xf8, 0xfc, 0xf8, 0xff,
    0xf8, 0xfc, 0xf8, 0xff, 0xf8, 0xfc, 0xf8, 0xff, 0xf8, 0xfc, 0xf8, 0xff,
    0xf8, 0xfc, 0xf8, 0xff, 0xf8, 0xfc, 0xf8, 0xff, 0xf8, 0xfc, 0xf8, 0xff,
    0xf8, 0xfc, 0xf8, 0xff, 0xf8, 0xfc, 0xf8, 0xff, 0xf8, 0xfc, 0xf8, 0xff,
    0xf8, 0xfc, 0xf8, 0xff, 0xf8, 0xfc, 0xf8, 0xff, 0xf8, 0xfc, 0xf8, 0xff,
    0xf8, 0xfc, 0xf8, 0xff, 0xf8, 0xfc, 0xf8, 0xff, 0xf8, 0xfc, 0xf8, 0xff,
    0xf8, 0xfc, 0xf8, 0xff, 0xf8, 0xfc, 0xf8, 0xff, 0xf8, 0xfc, 0xf8, 0xff,
    0xf8, 0xfc, 0xf8, 0xff, 0xf8, 0xfc, 0xf8, 0xff, 0xf8, 0xfc, 0xf8, 0xff,
    0xf8, 0xfc, 0xf8, 0xff, 0xf8, 0xfc, 0xf8, 0xff, 0xf8, 0xfc, 0xf8, 0xff,
    0xf8, 0xfc, 0xf8, 0xff, 0xf8, 0xfc, 0xf8, 0xff, 0xf8, 0xfc, 0xf8, 0xff,
    0xf8, 0xfc, 0xf8, 0xff, 0xf8, 0xfc, 0xf8, 0xff, 0xf8, 0xfc, 0xf8, 0xff,
    0xf8, 0xfc, 0xf8, 0xff, 0xf8, 0xfc, 0xf8, 0xff, 0xf8, 0xfc, 0xf8, 0xff,
    0xf8, 0xfc, 0xf8, 0xff, 0xf8, 0xfc, 0xf8, 0xff, 0xf8, 0xfc, 0xf8, 0xff,
    0xf8, 0xfc, 0xf8, 0xff, 0xf8, 0xfc, 0xf8, 0xff, 0xf8, 0xfc, 0xf8, 0xff,
    0xf8, 0xfc, 0xf8, 0xff, 0xf8, 0xfc, 0xf8, 0xff, 0xf8, 0xfc, 0xf8, 0xff,
    0xf8, 0xfc, 0xf8, 0xff, 0xf8, 0xfc, 0xf8, 0xff, 0xf8, 0xfc, 0xf8, 0xff,
    0xf8, 0xfc, 0xf8, 0xff, 0xf8, 0xfc, 0xf8, 0xff, 0xf8, 0xfc, 0xf8, 0xff,
    0xf8, 0xfc, 0xf8, 0xff, 0xf8, 0xfc, 0xf8, 0xff, 0xf8, 0xfc, 0xf8, 0xff,
    0xf8, 0xfc, 0xf8, 0xff, 0xf8, 0xfc, 0xf8, 0xff, 0xf8, 0xfc, 0xf8, 0xff,
    0xf8, 0xfc, 0xf8, 0xff, 0xf8, 0xfc, 0xf8, 0xff, 0xf8, 0xfc, 0xf8, 0xff,
    0xf8, 0xfc, 0xf8, 0xff, 0xf8, 0xfc, 0xf8, 0xff, 0xf8, 0xfc, 0xf8, 0xff,
    0xf8, 0xfc, 0xf8, 0xff, 0xf8, 0xfc, 0xf8, 0xff, 0xf8, 0xfc, 0xf8, 0xff,
    0xf8, 0xfc, 0xf8, 0xff, 0xf8, 0xfc, 0xf8, 0xff, 0xf8, 0xfc, 0xf8, 0xff,
    0xf8, 0xfc, 0xf8, 0xff, 0xf8, 0xfc, 0xf8, 0xff, 0xf8, 0xfc, 0xf8, 0xff,
    0xf8, 0xfc, 0xf8, 0xff, 0xf8, 0xfc, 0xf8, 0xff, 0xf8, 0xf8, 0xf8, 0xff,
    0xf8, 0xfc, 0xf8, 0xff, 0xf8, 0xfc, 0xf8, 0xff, 0xf8, 0xf8, 0xf8, 0xff,
    0xf8, 0xfc, 0xf8, 0xff, 0xf8, 0xfc, 0xf8, 0xff, 0xf8, 0xf8, 0xf8, 0xff,
    0xf8, 0xfc, 0xf8, 0xff, 0xf8, 0xfc, 0xf8, 0xff, 0xf8, 0xf8, 0xf8, 0xff,
    0xf8, 0xf8, 0xf8, 0xff, 0xf8, 0xfc, 0xf8, 0xff, 0xf8, 0xfc, 0xf8, 0xff,
    0xf8, 0xf8, 0xf8, 0xff, 0xf8, 0xf8, 0xf8, 0xff, 0xf8, 0xf8, 0xf8, 0xff,
    0xf8, 0xfc, 0xf8, 0xff, 0xf8, 0xf8, 0xf8, 0xff, 0xf8, 0xf8, 0xf8, 0xff,
    0xf8, 0xfc, 0xf8, 0xff, 0xf8, 0xf8, 0xf8, 0xff, 0xf8, 0xf8, 0xf8, 0xff,
    0xf8, 0xfc, 0xf8, 0xff, 0xf8, 0xf8, 0xf0, 0xff, 0xf8, 0xfc, 0xf8, 0xff,
    0xf8, 0xf8, 0xf8, 0xff, 0xf8, 0xf8, 0xf0, 0xff, 0xf8, 0xf8, 0xf8, 0xff,
    0xf8, 0xf8, 0xf8, 0xff, 0xf8, 0xf8, 0xf0, 0xff, 0xf8, 0xf8, 0xf0, 0xff,
    0xf8, 0xf8, 0xf8, 0xff, 0xf8, 0xf8, 0xf8, 0xff, 0xf8, 0xf8, 0xf0, 0xff,
    0xf8, 0xf8, 0xf8, 0xff, 0xf8, 0xf8, 0xf8, 0xff, 0xf8, 0xf8, 0xf0, 0xff,
    0xf8, 0xf8, 0xf8, 0xff, 0xf8, 0xf8, 0xf8, 0xff, 0xf8, 0xf8, 0xf0, 0xff,
    0xf8, 0xf8, 0xf8, 0xff, 0xf8, 0xf8, 0xf8, 0xff, 0xf8, 0xf8, 0xf8, 0xff,
    0xf8, 0xf8, 0xf0, 0xff, 0xf8, 0xf8, 0xf8, 0xff, 0xf8, 0xf8, 0xf8, 0xff,
    0xf8, 0xf8, 0xf0, 0xff, 0xf8, 0xf8, 0xf8, 0xff, 0xf8, 0xf8, 0xf8, 0xff,
    0xf8, 0xf8, 0xf0, 0xff, 0xf8, 0xf8, 0xf0, 0xff, 0xf8, 0xf8, 0xf8, 0xff,
    0xf8, 0xf8, 0xf0, 0xff, 0xf8, 0xf8, 0xf0, 0xff, 0xf8, 0xf4, 0xf8, 0xff,
    0xf8, 0xf8, 0xf0, 0xff, 0xf8, 0xf8, 0xf0, 0xff, 0xf8, 0xf4, 0xf8, 0xff,
    0xf8, 0xf8, 0xf0, 0xff, 0xf8, 0xf8, 0xf0, 0xff, 0xf8, 0xf4, 0xf8, 0xff,
    0xf8, 0xf8, 0xf0, 0xff, 0xf8, 0xf8, 0xf0, 0xff, 0xf8, 0xf8, 0xf8, 0xff,
    0xf8, 0xf8, 0xf0, 0xff, 0xf8, 0xf8, 0xf0, 0xff, 0xf8, 0xf8, 0xf8, 0xff,
    0xf8, 0xf8, 0xf0, 0xff, 0xf8, 0xf8, 0xf0, 0xff, 0xf8, 0xf8, 0xf8, 0xff,
    0xf8, 0xf8, 0xf0, 0xff, 0xf8, 0xf8, 0xf0, 0xff, 0xf8, 0xf8, 0xf8, 0xff,
    0xf8, 0xf8, 0xf0, 0xff, 0xf8, 0xf8, 0xf0, 0xff, 0xf8, 0xf8, 0xf8, 0xff,
    0xf8, 0xf8, 0xf0, 0xff, 0xf8, 0xf8, 0xf0, 0xff, 0xf8, 0xf8, 0xf8, 0xff,
    0xf8, 0xf8, 0xf0, 0xff, 0xf8, 0xf8, 0xf0, 0xff, 0xf8, 0xf8, 0xf8, 0xff,
    0xf8, 0xf8, 0xf0, 0xff, 0xf8, 0xf8, 0xf0, 0xff, 0xf8, 0xf4, 0xf8, 0xff,
    0xf8, 0xf8, 0xf8, 0xff, 0xf8, 0xf8, 0xf0, 0xff, 0xf8, 0xf8, 0xf8, 0xff,
    0xf8, 0xf8, 0xf8, 0xff, 0xf8, 0xf8, 0xf0, 0xff, 0xf8, 0xf4, 0xf8, 0xff,
    0xf8, 0xf8, 0xf0, 0xff, 0xf8, 0xf4, 0xf0, 0xff, 0xf8, 0xf8, 0xf8, 0xff,
    0xf8, 0xf8, 0xf0, 0xff, 0xf0, 0xec, 0xe8, 0x59, 0x80, 0x28, 0x00, 0x04,
    0x68, 0x34, 0x00, 0x04, 0x50, 0x00, 0x00, 0x04, 0x80, 0x00, 0x00, 0x00,
    0x00, 0x00, 0x00, 0x00, 0x00, 0x00, 0x00, 0x00, 0x00, 0x00, 0x00, 0x00,
    0x00, 0x00, 0x00, 0x00, 0x00, 0x00, 0x00, 0x00, 0x00, 0x00, 0x00, 0x00,
    0x00, 0x00, 0x00, 0x00, 0x00, 0x00, 0x00, 0x00, 0x00, 0x00, 0x00, 0x00,
    0x00, 0x00, 0x00, 0x00, 0x00, 0x00, 0x00, 0x00, 0x00, 0x00, 0x00, 0x00,
    0x00, 0x00, 0x00, 0x00, 0x00, 0x00, 0x00, 0x00, 0x00, 0x00, 0x00, 0x00,
    0x00, 0x00, 0x00, 0x00, 0x00, 0x00, 0x00, 0x00, 0x00, 0x00, 0x00, 0x00,
    0x00, 0x00, 0x00, 0x00, 0x00, 0x00, 0x00, 0x00, 0x00, 0x00, 0x00, 0x00,
    0x00, 0x00, 0x00, 0x00, 0x00, 0x00, 0x00, 0x00, 0x00, 0x00, 0x00, 0x00,
    0x00, 0x00, 0x00, 0x00, 0x00, 0x00, 0x00, 0x00, 0x00, 0x00, 0x00, 0x00,
    0x00, 0x00, 0x00, 0x00, 0x00, 0x00, 0x00, 0x00, 0x00, 0x00, 0x00, 0x00,
    0x00, 0x00, 0x00, 0x00, 0x00, 0x00, 0x00, 0x00, 0x00, 0x00, 0x00, 0x00,
    0x00, 0x00, 0x00, 0x00, 0x00, 0x00, 0x00, 0x00, 0x00, 0x00, 0x00, 0x00,
    0x00, 0x00, 0x00, 0x00, 0x00, 0x00, 0x00, 0x00, 0x00, 0x00, 0x00, 0x00,
    0x00, 0x00, 0x00, 0x00, 0x00, 0x00, 0x00, 0x00, 0x00, 0x00, 0x00, 0x00,
    0x00, 0x00, 0x00, 0x00, 0x00, 0x00, 0x00, 0x00, 0x00, 0x00, 0x00, 0x00,
    0x00, 0x00, 0x00, 0x00, 0x00, 0x00, 0x00, 0x00, 0x00, 0x00, 0x00, 0x00,
    0x00, 0x00, 0x00, 0x00, 0x00, 0x00, 0x00, 0x00, 0x00, 0x00, 0x00, 0x00,
    0x00, 0x00, 0x00, 0x00, 0x00, 0x00, 0x00, 0x00, 0x80, 0x00, 0x00, 0x04,
    0x50, 0x00, 0x00, 0x04, 0x80, 0x40, 0x00, 0x04, 0x80, 0x28, 0x00, 0x04,
    0xb8, 0x80, 0x70, 0x10, 0xf8, 0xfc, 0xf8, 0xe3, 0xf8, 0xfc, 0xf8, 0xff,
    0xf8, 0xfc, 0xf8, 0xff, 0xf8, 0xfc, 0xf8, 0xff, 0xf8, 0xfc, 0xf8, 0xff,
    0xf8, 0xfc, 0xf8, 0xff, 0xf8, 0xfc, 0xf8, 0xff, 0xf8, 0xfc, 0xf8, 0xff,
    0xf8, 0xfc, 0xf8, 0xff, 0xf8, 0xfc, 0xf8, 0xff, 0xf8, 0xfc, 0xf8, 0xff,
    0xf8, 0xfc, 0xf8, 0xff, 0xf8, 0xfc, 0xf8, 0xff, 0xf8, 0xfc, 0xf8, 0xff,
    0xf8, 0xfc, 0xf8, 0xff, 0xf8, 0xfc, 0xf8, 0xff, 0xf8, 0xfc, 0xf8, 0xff,
    0xf8, 0xfc, 0xf8, 0xff, 0xf8, 0xfc, 0xf8, 0xff, 0xf8, 0xfc, 0xf8, 0xff,
    0xf8, 0xfc, 0xf8, 0xff, 0xf8, 0xfc, 0xf8, 0xff, 0xf8, 0xfc, 0xf8, 0xff,
    0xf8, 0xfc, 0xf8, 0xff, 0xf8, 0xfc, 0xf8, 0xff, 0xf8, 0xfc, 0xf8, 0xff,
    0xf8, 0xfc, 0xf8, 0xff, 0xf8, 0xfc, 0xf8, 0xff, 0xf8, 0xfc, 0xf8, 0xff,
    0xf8, 0xfc, 0xf8, 0xff, 0xf8, 0xfc, 0xf8, 0xff, 0xf8, 0xfc, 0xf8, 0xff,
    0xf8, 0xfc, 0xf8, 0xff, 0xf8, 0xfc, 0xf8, 0xff, 0xf8, 0xfc, 0xf8, 0xff,
    0xf8, 0xfc, 0xf8, 0xff, 0xf8, 0xfc, 0xf8, 0xff, 0xf8, 0xfc, 0xf8, 0xff,
    0xf8, 0xfc, 0xf8, 0xff, 0xf8, 0xfc, 0xf8, 0xff, 0xf8, 0xfc, 0xf8, 0xff,
    0xf8, 0xfc, 0xf8, 0xff, 0xf8, 0xfc, 0xf8, 0xff, 0xf8, 0xfc, 0xf8, 0xff,
    0xf8, 0xfc, 0xf8, 0xff, 0xf8, 0xfc, 0xf8, 0xff, 0xf8, 0xfc, 0xf8, 0xff,
    0xf8, 0xfc, 0xf8, 0xff, 0xf8, 0xfc, 0xf8, 0xff, 0xf8, 0xfc, 0xf8, 0xff,
    0xf8, 0xfc, 0xf8, 0xff, 0xf8, 0xfc, 0xf8, 0xff, 0xf8, 0xfc, 0xf8, 0xff,
    0xf8, 0xfc, 0xf8, 0xff, 0xf8, 0xfc, 0xf8, 0xff, 0xf8, 0xfc, 0xf8, 0xff,
    0xf8, 0xfc, 0xf8, 0xff, 0xf8, 0xfc, 0xf8, 0xff, 0xf8, 0xfc, 0xf8, 0xff,
    0xf8, 0xfc, 0xf8, 0xff, 0xf8, 0xfc, 0xf8, 0xff, 0xf8, 0xfc, 0xf8, 0xff,
    0xf8, 0xfc, 0xf8, 0xff, 0xf8, 0xfc, 0xf8, 0xff, 0xf8, 0xfc, 0xf8, 0xff,
    0xf8, 0xfc, 0xf8, 0xff, 0xf8, 0xfc, 0xf8, 0xff, 0xf8, 0xfc, 0xf8, 0xff,
    0xf8, 0xfc, 0xf8, 0xff, 0xf8, 0xfc, 0xf8, 0xff, 0xf8, 0xfc, 0xf8, 0xff,
    0xf8, 0xfc, 0xf8, 0xff, 0xf8, 0xfc, 0xf8, 0xff, 0xf8, 0xfc, 0xf8, 0xff,
    0xf8, 0xfc, 0xf8, 0xff, 0xf8, 0xfc, 0xf8, 0xff, 0xf8, 0xfc, 0xf8, 0xff,
    0xf8, 0xfc, 0xf8, 0xff, 0xf8, 0xfc, 0xf8, 0xff, 0xf8, 0xfc, 0xf8, 0xff,
    0xf8, 0xfc, 0xf8, 0xff, 0xf8, 0xfc, 0xf8, 0xff, 0xf8, 0xfc, 0xf8, 0xff,
    0xf8, 0xfc, 0xf8, 0xff, 0xf8, 0xfc, 0xf8, 0xff, 0xf8, 0xfc, 0xf8, 0xff,
    0xf8, 0xfc, 0xf8, 0xff, 0xf8, 0xfc, 0xf8, 0xff, 0xf8, 0xfc, 0xf8, 0xff,
    0xf8, 0xfc, 0xf8, 0xff, 0xf8, 0xfc, 0xf8, 0xff, 0xf8, 0xfc, 0xf8, 0xff,
    0xf8, 0xfc, 0xf8, 0xff, 0xf8, 0xfc, 0xf8, 0xff, 0xf8, 0xfc, 0xf8, 0xff,
    0xf8, 0xf8, 0xf8, 0xff, 0xf8, 0xf8, 0xf8, 0xff, 0xf8, 0xfc, 0xf8, 0xff,
    0xf8, 0xf8, 0xf8, 0xff, 0xf8, 0xfc, 0xf8, 0xff, 0xf8, 0xf8, 0xf8, 0xff,
    0xf8, 0xfc, 0xf8, 0xff, 0xf8, 0xfc, 0xf8, 0xff, 0xf8, 0xfc, 0xf8, 0xff,
    0xf8, 0xf8, 0xf8, 0xff, 0xf8, 0xf8, 0xf8, 0xff, 0xf8, 0xf8, 0xf8, 0xff,
    0xf8, 0xfc, 0xf8, 0xff, 0xf8, 0xf8, 0xf8, 0xff, 0xf8, 0xf8, 0xf8, 0xff,
    0xf8, 0xfc, 0xf8, 0xff, 0xf8, 0xfc, 0xf8, 0xff, 0xf8, 0xf8, 0xf8, 0xff,
    0xf8, 0xf8, 0xf8, 0xff, 0xf8, 0xfc, 0xf8, 0xff, 0xf8, 0xfc, 0xf8, 0xff,
    0xf8, 0xf8, 0xf8, 0xff, 0xf8, 0xf8, 0xf8, 0xff, 0xf8, 0xfc, 0xf8, 0xff,
    0xf8, 0xf8, 0xf8, 0xff, 0xf8, 0xf8, 0xf0, 0xff, 0xf8, 0xf8, 0xf8, 0xff,
    0xf8, 0xf8, 0xf8, 0xff, 0xf8, 0xfc, 0xf8, 0xff, 0xf8, 0xf8, 0xf8, 0xff,
    0xf8, 0xf8, 0xf0, 0xff, 0xf8, 0xfc, 0xf8, 0xff, 0xf8, 0xf8, 0xf8, 0xff,
    0xf8, 0xfc, 0xf8, 0xff, 0xf8, 0xf8, 0xf0, 0xff, 0xf8, 0xf8, 0xf8, 0xff,
    0xf8, 0xf8, 0xf8, 0xff, 0xf8, 0xf8, 0xf8, 0xff, 0xf8, 0xf8, 0xf8, 0xff,
    0xf8, 0xf8, 0xf0, 0xff, 0xf8, 0xf8, 0xf0, 0xff, 0xf8, 0xf8, 0xf8, 0xff,
    0xf8, 0xf8, 0xf8, 0xff, 0xf8, 0xf8, 0xf0, 0xff, 0xf8, 0xf8, 0xf0, 0xff,
    0xf8, 0xf8, 0xf8, 0xff, 0xf8, 0xf8, 0xf8, 0xff, 0xf8, 0xf8, 0xf0, 0xff,
    0xf8, 0xf8, 0xf8, 0xff, 0xf8, 0xf8, 0xf0, 0xff, 0xf8, 0xf8, 0xf8, 0xff,
    0xf8, 0xf8, 0xf8, 0xff, 0xf8, 0xf8, 0xf0, 0xff, 0xf8, 0xf8, 0xf8, 0xff,
    0xf8, 0xf4, 0xf8, 0xff, 0xf8, 0xf4, 0xf0, 0xff, 0xf8, 0xf8, 0xf8, 0xff,
    0xf8, 0xf4, 0xf0, 0xff, 0xf8, 0xf8, 0xf8, 0xff, 0xf8, 0xf4, 0xf8, 0xff,
    0xf8, 0xf8, 0xf0, 0xff, 0xf8, 0xf8, 0xf8, 0xff, 0xf8, 0xf8, 0xf8, 0xff,
    0xf8, 0xf4, 0xf0, 0xff, 0xf8, 0xf8, 0xf8, 0xff, 0xf8, 0xf8, 0xf8, 0xff,
    0xf8, 0xf4, 0xf0, 0xff, 0xf8, 0xf8, 0xf8, 0xff, 0xf8, 0xf8, 0xf8, 0xff,
    0xf8, 0xf8, 0xf0, 0xff, 0xf8, 0xf4, 0xf8, 0xff, 0xf8, 0xf8, 0xf8, 0xff,
    0xf8, 0xf4, 0xf0, 0xff, 0xf8, 0xf8, 0xf8, 0xff, 0xf8, 0xf4, 0xf8, 0xff,
    0xf8, 0xf8, 0xf0, 0xff, 0xf8, 0xf4, 0xf8, 0xff, 0xf8, 0xf8, 0xf8, 0xff,
    0xf8, 0xf4, 0xf0, 0xff, 0xf8, 0xf8, 0xf8, 0xff, 0xf8, 0xf4, 0xf8, 0xff,
    0xf8, 0xf8, 0xf0, 0xff, 0xf8, 0xf4, 0xf8, 0xff, 0xf8, 0xf8, 0xf8, 0xff,
    0xf8, 0xf4, 0xf0, 0xff, 0xf8, 0xf8, 0xf8, 0xff, 0xf8, 0xf4, 0xf8, 0xff,
    0xf8, 0xf8, 0xf0, 0xff, 0xf8, 0xf4, 0xf8, 0xff, 0xf8, 0xf4, 0xf8, 0xff,
    0xf8, 0xf8, 0xf0, 0xff, 0xf8, 0xf8, 0xf8, 0xff, 0xf8, 0xf8, 0xf0, 0xff,
    0xf8, 0xf4, 0xf0, 0xff, 0xf8, 0xf8, 0xf8, 0xff, 0xf8, 0xf8, 0xf0, 0xff,
    0xf8, 0xf8, 0xf8, 0xff, 0xf8, 0xf8, 0xf0, 0xff, 0xf8, 0xf8, 0xf8, 0xff,
    0xf8, 0xf8, 0xf8, 0xff, 0xf8, 0xf8, 0xf0, 0xff, 0xf8, 0xf4, 0xf8, 0xff,
    0xf8, 0xf8, 0xf0, 0xff, 0xf8, 0xf4, 0xf0, 0xe7, 0xb8, 0x80, 0x70, 0x0c,
    0x80, 0x28, 0x00, 0x08, 0x80, 0x40, 0x00, 0x04, 0x50, 0x00, 0x00, 0x04,
    0x80, 0x00, 0x00, 0x04, 0x00, 0x00, 0x00, 0x00, 0x00, 0x00, 0x00, 0x00,
    0x00, 0x00, 0x00, 0x00, 0x00, 0x00, 0x00, 0x00, 0x00, 0x00, 0x00, 0x00,
    0x00, 0x00, 0x00, 0x00, 0x00, 0x00, 0x00, 0x00, 0x00, 0x00, 0x00, 0x00,
    0x00, 0x00, 0x00, 0x00, 0x00, 0x00, 0x00, 0x00, 0x00, 0x00, 0x00, 0x00,
    0x00, 0x00, 0x00, 0x00, 0x00, 0x00, 0x00, 0x00, 0x00, 0x00, 0x00, 0x00,
    0x00, 0x00, 0x00, 0x00, 0x00, 0x00, 0x00, 0x00, 0x00, 0x00, 0x00, 0x00,
    0x00, 0x00, 0x00, 0x00, 0x00, 0x00, 0x00, 0x00, 0x00, 0x00, 0x00, 0x00,
    0x00, 0x00, 0x00, 0x00, 0x00, 0x00, 0x00, 0x00, 0x00, 0x00, 0x00, 0x00,
    0x00, 0x00, 0x00, 0x00, 0x00, 0x00, 0x00, 0x00, 0x00, 0x00, 0x00, 0x00,
    0x00, 0x00, 0x00, 0x00, 0x00, 0x00, 0x00, 0x00, 0x00, 0x00, 0x00, 0x00,
    0x00, 0x00, 0x00, 0x00, 0x00, 0x00, 0x00, 0x00, 0x00, 0x00, 0x00, 0x00,
    0x00, 0x00, 0x00, 0x00, 0x00, 0x00, 0x00, 0x00, 0x00, 0x00, 0x00, 0x00,
    0x00, 0x00, 0x00, 0x00, 0x00, 0x00, 0x00, 0x00, 0x00, 0x00, 0x00, 0x00,
    0x00, 0x00, 0x00, 0x00, 0x00, 0x00, 0x00, 0x00, 0x00, 0x00, 0x00, 0x00,
    0x00, 0x00, 0x00, 0x00, 0x00, 0x00, 0x00, 0x00, 0x00, 0x00, 0x00, 0x00,
    0x00, 0x00, 0x00, 0x00, 0x00, 0x00, 0x00, 0x00, 0x00, 0x00, 0x00, 0x00,
    0x00, 0x00, 0x00, 0x00, 0x00, 0x00, 0x00, 0x00, 0x00, 0x00, 0x00, 0x00,
    0x00, 0x00, 0x00, 0x00, 0x00, 0x00, 0x00, 0x00, 0x80, 0x00, 0x00, 0x04,
    0x80, 0x40, 0x00, 0x04, 0x68, 0x34, 0x00, 0x04, 0x68, 0x24, 0x00, 0x08,
    0xf8, 0xf0, 0xe8, 0x61, 0xf8, 0xfc, 0xf8, 0xff, 0xf8, 0xfc, 0xf8, 0xff,
    0xf8, 0xfc, 0xf8, 0xff, 0xf8, 0xfc, 0xf8, 0xff, 0xf8, 0xfc, 0xf8, 0xff,
    0xf8, 0xfc, 0xf8, 0xff, 0xf8, 0xfc, 0xf8, 0xff, 0xf8, 0xfc, 0xf8, 0xff,
    0xf8, 0xfc, 0xf8, 0xff, 0xf8, 0xfc, 0xf8, 0xff, 0xf8, 0xfc, 0xf8, 0xff,
    0xf8, 0xfc, 0xf8, 0xff, 0xf8, 0xfc, 0xf8, 0xff, 0xf8, 0xfc, 0xf8, 0xff,
    0xf8, 0xfc, 0xf8, 0xff, 0xf8, 0xfc, 0xf8, 0xff, 0xf8, 0xfc, 0xf8, 0xff,
    0xf8, 0xfc, 0xf8, 0xff, 0xf8, 0xfc, 0xf8, 0xff, 0xf8, 0xfc, 0xf8, 0xff,
    0xf8, 0xfc, 0xf8, 0xff, 0xf8, 0xfc, 0xf8, 0xff, 0xf8, 0xfc, 0xf8, 0xff,
    0xf8, 0xfc, 0xf8, 0xff, 0xf8, 0xfc, 0xf8, 0xff, 0xf8, 0xfc, 0xf8, 0xff,
    0xf8, 0xfc, 0xf8, 0xff, 0xf8, 0xfc, 0xf8, 0xff, 0xf8, 0xfc, 0xf8, 0xff,
    0xf8, 0xfc, 0xf8, 0xff, 0xf8, 0xfc, 0xf8, 0xff, 0xf8, 0xfc, 0xf8, 0xff,
    0xf8, 0xfc, 0xf8, 0xff, 0xf8, 0xfc, 0xf8, 0xff, 0xf8, 0xfc, 0xf8, 0xff,
    0xf8, 0xfc, 0xf8, 0xff, 0xf8, 0xfc, 0xf8, 0xff, 0xf8, 0xfc, 0xf8, 0xff,
    0xf8, 0xfc, 0xf8, 0xff, 0xf8, 0xfc, 0xf8, 0xff, 0xf8, 0xfc, 0xf8, 0xff,
    0xf8, 0xfc, 0xf8, 0xff, 0xf8, 0xfc, 0xf8, 0xff, 0xf8, 0xfc, 0xf8, 0xff,
    0xf8, 0xfc, 0xf8, 0xff, 0xf8, 0xfc, 0xf8, 0xff, 0xf8, 0xfc, 0xf8, 0xff,
    0xf8, 0xfc, 0xf8, 0xff, 0xf8, 0xfc, 0xf8, 0xff, 0xf8, 0xfc, 0xf8, 0xff,
    0xf8, 0xfc, 0xf8, 0xff, 0xf8, 0xfc, 0xf8, 0xff, 0xf8, 0xfc, 0xf8, 0xff,
    0xf8, 0xfc, 0xf8, 0xff, 0xf8, 0xfc, 0xf8, 0xff, 0xf8, 0xfc, 0xf8, 0xff,
    0xf8, 0xfc, 0xf8, 0xff, 0xf8, 0xfc, 0xf8, 0xff, 0xf8, 0xfc, 0xf8, 0xff,
    0xf8, 0xfc, 0xf8, 0xff, 0xf8, 0xfc, 0xf8, 0xff, 0xf8, 0xfc, 0xf8, 0xff,
    0xf8, 0xfc, 0xf8, 0xff, 0xf8, 0xfc, 0xf8, 0xff, 0xf8, 0xfc, 0xf8, 0xff,
    0xf8, 0xfc, 0xf8, 0xff, 0xf8, 0xfc, 0xf8, 0xff, 0xf8, 0xfc, 0xf8, 0xff,
    0xf8, 0xfc, 0xf8, 0xff, 0xf8, 0xfc, 0xf8, 0xff, 0xf8, 0xfc, 0xf8, 0xff,
    0xf8, 0xfc, 0xf8, 0xff, 0xf8, 0xfc, 0xf8, 0xff, 0xf8, 0xfc, 0xf8, 0xff,
    0xf8, 0xfc, 0xf8, 0xff, 0xf8, 0xfc, 0xf8, 0xff, 0xf8, 0xfc, 0xf8, 0xff,
    0xf8, 0xfc, 0xf8, 0xff, 0xf8, 0xfc, 0xf8, 0xff, 0xf8, 0xfc, 0xf8, 0xff,
    0xf8, 0xfc, 0xf8, 0xff, 0xf8, 0xfc, 0xf8, 0xff, 0xf8, 0xfc, 0xf8, 0xff,
    0xf8, 0xfc, 0xf8, 0xff, 0xf8, 0xfc, 0xf8, 0xff, 0xf8, 0xfc, 0xf8, 0xff,
    0xf8, 0xfc, 0xf8, 0xff, 0xf8, 0xfc, 0xf8, 0xff, 0xf8, 0xfc, 0xf8, 0xff,
    0xf8, 0xfc, 0xf8, 0xff, 0xf8, 0xfc, 0xf8, 0xff, 0xf8, 0xfc, 0xf8, 0xff,
    0xf8, 0xfc, 0xf8, 0xff, 0xf8, 0xfc, 0xf8, 0xff, 0xf8, 0xfc, 0xf8, 0xff,
    0xf8, 0xfc, 0xf8, 0xff, 0xf8, 0xfc, 0xf8, 0xff, 0xf8, 0xfc, 0xf8, 0xff,
    0xf8, 0xfc, 0xf8, 0xff, 0xf8, 0xf8, 0xf8, 0xff, 0xf8, 0xfc, 0xf8, 0xff,
    0xf8, 0xfc, 0xf8, 0xff, 0xf8, 0xf8, 0xf8, 0xff, 0xf8, 0xfc, 0xf8, 0xff,
    0xf8, 0xfc, 0xf8, 0xff, 0xf8, 0xf8, 0xf8, 0xff, 0xf8, 0xfc, 0xf8, 0xff,
    0xf8, 0xfc, 0xf8, 0xff, 0xf8, 0xf8, 0xf8, 0xff, 0xf8, 0xfc, 0xf8, 0xff,
    0xf8, 0xf8, 0xf8, 0xff, 0xf8, 0xf8, 0xf8, 0xff, 0xf8, 0xfc, 0xf8, 0xff,
    0xf8, 0xfc, 0xf8, 0xff, 0xf8, 0xf8, 0xf8, 0xff, 0xf8, 0xf8, 0xf8, 0xff,
    0xf8, 0xf8, 0xf8, 0xff, 0xf8, 0xf8, 0xf8, 0xff, 0xf8, 0xf8, 0xf8, 0xff,
    0xf8, 0xf8, 0xf8, 0xff, 0xf8, 0xfc, 0xf8, 0xff, 0xf8, 0xf8, 0xf8, 0xff,
    0xf8, 0xf8, 0xf0, 0xff, 0xf8, 0xf8, 0xf8, 0xff, 0xf8, 0xf8, 0xf8, 0xff,
    0xf8, 0xf8, 0xf0, 0xff, 0xf8, 0xf8, 0xf8, 0xff, 0xf8, 0xf8, 0xf8, 0xff,
    0xf8, 0xf8, 0xf8, 0xff, 0xf8, 0xf8, 0xf8, 0xff, 0xf8, 0xf8, 0xf0, 0xff,
    0xf8, 0xf8, 0xf8, 0xff, 0xf8, 0xf8, 0xf8, 0xff, 0xf8, 0xf8, 0xf8, 0xff,
    0xf8, 0xf8, 0xf8, 0xff, 0xf8, 0xf8, 0xf0, 0xff, 0xf8, 0xf8, 0xf8, 0xff,
    0xf8, 0xf8, 0xf8, 0xff, 0xf8, 0xf8, 0xf0, 0xff, 0xf8, 0xf8, 0xf8, 0xff,
    0xf8, 0xf8, 0xf8, 0xff, 0xf8, 0xf8, 0xf0, 0xff, 0xf8, 0xf8, 0xf8, 0xff,
    0xf8, 0xf8, 0xf8, 0xff, 0xf8, 0xf8, 0xf0, 0xff, 0xf8, 0xf8, 0xf0, 0xff,
    0xf8, 0xf8, 0xf8, 0xff, 0xf8, 0xf8, 0xf0, 0xff, 0xf8, 0xf8, 0xf8, 0xff,
    0xf8, 0xf8, 0xf8, 0xff, 0xf8, 0xf8, 0xf0, 0xff, 0xf8, 0xf8, 0xf0, 0xff,
    0xf8, 0xf8, 0xf8, 0xff, 0xf8, 0xf4, 0xf0, 0xff, 0xf8, 0xf8, 0xf0, 0xff,
    0xf8, 0xf8, 0xf8, 0xff, 0xf8, 0xf4, 0xf0, 0xff, 0xf8, 0xf8, 0xf0, 0xff,
    0xf8, 0xf8, 0xf8, 0xff, 0xf8, 0xf8, 0xf0, 0xff, 0xf8, 0xf8, 0xf8, 0xff,
    0xf8, 0xf8, 0xf0, 0xff, 0xf8, 0xf4, 0xf8, 0xff, 0xf8, 0xf8, 0xf0, 0xff,
    0xf8, 0xf8, 0xf0, 0xff, 0xf8, 0xf8, 0xf8, 0xff, 0xf8, 0xf4, 0xf0, 0xff,
    0xf8, 0xf8, 0xf0, 0xff, 0xf8, 0xf8, 0xf8, 0xff, 0xf8, 0xf8, 0xf0, 0xff,
    0xf8, 0xf4, 0xf0, 0xff, 0xf8, 0xf8, 0xf8, 0xff, 0xf8, 0xf8, 0xf0, 0xff,
    0xf8, 0xf8, 0xf0, 0xff, 0xf8, 0xf4, 0xf8, 0xff, 0xf8, 0xf8, 0xf0, 0xff,
    0xf8, 0xf8, 0xf0, 0xff, 0xf8, 0xf8, 0xf8, 0xff, 0xf8, 0xf4, 0xf0, 0xff,
    0xf8, 0xf8, 0xf0, 0xff, 0xf8, 0xf8, 0xf8, 0xff, 0xf8, 0xf8, 0xf0, 0xff,
    0xf8, 0xf8, 0xf0, 0xff, 0xf8, 0xf8, 0xf8, 0xff, 0xf8, 0xf8, 0xf0, 0xff,
    0xf8, 0xf4, 0xf8, 0xff, 0xf8, 0xf8, 0xf8, 0xff, 0xf8, 0xf8, 0xf0, 0xff,
    0xf8, 0xf8, 0xf8, 0xff, 0xf8, 0xf4, 0xf0, 0xff, 0xf8, 0xf8, 0xf8, 0xff,
    0xf8, 0xf4, 0xf0, 0xff, 0xf8, 0xf8, 0xf0, 0xff, 0xf8, 0xf8, 0xf8, 0xff,
    0xf8, 0xf4, 0xf0, 0xff, 0xf8, 0xf8, 0xf8, 0xff, 0xf8, 0xf8, 0xf8, 0xff,
    0xf8, 0xf8, 0xf0, 0xff, 0xf8, 0xf8, 0xf8, 0xff, 0xf0, 0xe8, 0xe8, 0x61,
    0x68, 0x24, 0x00, 0x08, 0x68, 0x34, 0x00, 0x04, 0x80, 0x40, 0x00, 0x04,
    0x80, 0x00, 0x00, 0x04, 0x00, 0x00, 0x00, 0x00, 0x00, 0x00, 0x00, 0x00,
    0x00, 0x00, 0x00, 0x00, 0x00, 0x00, 0x00, 0x00, 0x00, 0x00, 0x00, 0x00,
    0x00, 0x00, 0x00, 0x00, 0x00, 0x00, 0x00, 0x00, 0x00, 0x00, 0x00, 0x00,
    0x00, 0x00, 0x00, 0x00, 0x00, 0x00, 0x00, 0x00, 0x00, 0x00, 0x00, 0x00,
    0x00, 0x00, 0x00, 0x00, 0x00, 0x00, 0x00, 0x00, 0x00, 0x00, 0x00, 0x00,
    0x00, 0x00, 0x00, 0x00, 0x00, 0x00, 0x00, 0x00, 0x00, 0x00, 0x00, 0x00,
    0x00, 0x00, 0x00, 0x00, 0x00, 0x00, 0x00, 0x00, 0x00, 0x00, 0x00, 0x00,
    0x00, 0x00, 0x00, 0x00, 0x00, 0x00, 0x00, 0x00, 0x00, 0x00, 0x00, 0x00,
    0x00, 0x00, 0x00, 0x00, 0x00, 0x00, 0x00, 0x00, 0x00, 0x00, 0x00, 0x00,
    0x00, 0x00, 0x00, 0x00, 0x00, 0x00, 0x00, 0x00, 0x00, 0x00, 0x00, 0x00,
    0x00, 0x00, 0x00, 0x00, 0x00, 0x00, 0x00, 0x00, 0x00, 0x00, 0x00, 0x00,
    0x00, 0x00, 0x00, 0x00, 0x00, 0x00, 0x00, 0x00, 0x00, 0x00, 0x00, 0x00,
    0x00, 0x00, 0x00, 0x00, 0x00, 0x00, 0x00, 0x00, 0x00, 0x00, 0x00, 0x00,
    0x00, 0x00, 0x00, 0x00, 0x00, 0x00, 0x00, 0x00, 0x00, 0x00, 0x00, 0x00,
    0x00, 0x00, 0x00, 0x00, 0x00, 0x00, 0x00, 0x00, 0x00, 0x00, 0x00, 0x00,
    0x00, 0x00, 0x00, 0x00, 0x00, 0x00, 0x00, 0x00, 0x00, 0x00, 0x00, 0x00,
    0x00, 0x00, 0x00, 0x00, 0x00, 0x00, 0x00, 0x00, 0x00, 0x00, 0x00, 0x00,
    0x00, 0x00, 0x00, 0x00, 0x80, 0x00, 0x00, 0x04, 0x50, 0x00, 0x00, 0x04,
    0x80, 0x40, 0x00, 0x04, 0x80, 0x28, 0x00, 0x04, 0x80, 0x20, 0x00, 0x08,
    0xf8, 0xf8, 0xf8, 0xae, 0xf8, 0xfc, 0xf8, 0xff, 0xf8, 0xfc, 0xf8, 0xff,
    0xf8, 0xfc, 0xf8, 0xff, 0xf8, 0xfc, 0xf8, 0xff, 0xf8, 0xfc, 0xf8, 0xff,
    0xf8, 0xfc, 0xf8, 0xff, 0xf8, 0xfc, 0xf8, 0xff, 0xf8, 0xfc, 0xf8, 0xff,
    0xf8, 0xfc, 0xf8, 0xff, 0xf8, 0xfc, 0xf8, 0xff, 0xf8, 0xfc, 0xf8, 0xff,
    0xf8, 0xfc, 0xf8, 0xff, 0xf8, 0xfc, 0xf8, 0xff, 0xf8, 0xfc, 0xf8, 0xff,
    0xf8, 0xfc, 0xf8, 0xff, 0xf8, 0xfc, 0xf8, 0xff, 0xf8, 0xfc, 0xf8, 0xff,
    0xf8, 0xfc, 0xf8, 0xff, 0xf8, 0xfc, 0xf8, 0xff, 0xf8, 0xfc, 0xf8, 0xff,
    0xf8, 0xfc, 0xf8, 0xff, 0xf8, 0xfc, 0xf8, 0xff, 0xf8, 0xfc, 0xf8, 0xff,
    0xf8, 0xfc, 0xf8, 0xff, 0xf8, 0xfc, 0xf8, 0xff, 0xf8, 0xfc, 0xf8, 0xff,
    0xf8, 0xfc, 0xf8, 0xff, 0xf8, 0xfc, 0xf8, 0xff, 0xf8, 0xfc, 0xf8, 0xff,
    0xf8, 0xfc, 0xf8, 0xff, 0xf8, 0xfc, 0xf8, 0xff, 0xf8, 0xfc, 0xf8, 0xff,
    0xf8, 0xfc, 0xf8, 0xff, 0xf8, 0xfc, 0xf8, 0xff, 0xf8, 0xfc, 0xf8, 0xff,
    0xf8, 0xfc, 0xf8, 0xff, 0xf8, 0xfc, 0xf8, 0xff, 0xf8, 0xfc, 0xf8, 0xff,
    0xf8, 0xfc, 0xf8, 0xff, 0xf8, 0xfc, 0xf8, 0xff, 0xf8, 0xfc, 0xf8, 0xff,
    0xf8, 0xfc, 0xf8, 0xff, 0xf8, 0xfc, 0xf8, 0xff, 0xf8, 0xfc, 0xf8, 0xff,
    0xf8, 0xfc, 0xf8, 0xff, 0xf8, 0xfc, 0xf8, 0xff, 0xf8, 0xfc, 0xf8, 0xff,
    0xf8, 0xfc, 0xf8, 0xff, 0xf8, 0xfc, 0xf8, 0xff, 0xf8, 0xfc, 0xf8, 0xff,
    0xf8, 0xfc, 0xf8, 0xff, 0xf8, 0xfc, 0xf8, 0xff, 0xf8, 0xfc, 0xf8, 0xff,
    0xf8, 0xfc, 0xf8, 0xff, 0xf8, 0xfc, 0xf8, 0xff, 0xf8, 0xfc, 0xf8, 0xff,
    0xf8, 0xfc, 0xf8, 0xff, 0xf8, 0xfc, 0xf8, 0xff, 0xf8, 0xfc, 0xf8, 0xff,
    0xf8, 0xfc, 0xf8, 0xff, 0xf8, 0xfc, 0xf8, 0xff, 0xf8, 0xfc, 0xf8, 0xff,
    0xf8, 0xfc, 0xf8, 0xff, 0xf8, 0xfc, 0xf8, 0xff, 0xf8, 0xfc, 0xf8, 0xff,
    0xf8, 0xfc, 0xf8, 0xff, 0xf8, 0xfc, 0xf8, 0xff, 0xf8, 0xfc, 0xf8, 0xff,
    0xf8, 0xfc, 0xf8, 0xff, 0xf8, 0xfc, 0xf8, 0xff, 0xf8, 0xfc, 0xf8, 0xff,
    0xf8, 0xfc, 0xf8, 0xff, 0xf8, 0xfc, 0xf8, 0xff, 0xf8, 0xfc, 0xf8, 0xff,
    0xf8, 0xfc, 0xf8, 0xff, 0xf8, 0xfc, 0xf8, 0xff, 0xf8, 0xfc, 0xf8, 0xff,
    0xf8, 0xfc, 0xf8, 0xff, 0xf8, 0xfc, 0xf8, 0xff, 0xf8, 0xfc, 0xf8, 0xff,
    0xf8, 0xfc, 0xf8, 0xff, 0xf8, 0xfc, 0xf8, 0xff, 0xf8, 0xfc, 0xf8, 0xff,
    0xf8, 0xfc, 0xf8, 0xff, 0xf8, 0xfc, 0xf8, 0xff, 0xf8, 0xfc, 0xf8, 0xff,
    0xf8, 0xfc, 0xf8, 0xff, 0xf8, 0xfc, 0xf8, 0xff, 0xf8, 0xfc, 0xf8, 0xff,
    0xf8, 0xfc, 0xf8, 0xff, 0xf8, 0xfc, 0xf8, 0xff, 0xf8, 0xfc, 0xf8, 0xff,
    0xf8, 0xfc, 0xf8, 0xff, 0xf8, 0xf8, 0xf8, 0xff, 0xf8, 0xfc, 0xf8, 0xff,
    0xf8, 0xfc, 0xf8, 0xff, 0xf8, 0xf8, 0xf8, 0xff, 0xf8, 0xfc, 0xf8, 0xff,
    0xf8, 0xfc, 0xf8, 0xff, 0xf8, 0xfc, 0xf8, 0xff, 0xf8, 0xfc, 0xf8, 0xff,
    0xf8, 0xfc, 0xf8, 0xff, 0xf8, 0xfc, 0xf8, 0xff, 0xf8, 0xf8, 0xf8, 0xff,
    0xf8, 0xf8, 0xf8, 0xff, 0xf8, 0xfc, 0xf8, 0xff, 0xf8, 0xfc, 0xf8, 0xff,
    0xf8, 0xf8, 0xf8, 0xff, 0xf8, 0xfc, 0xf8, 0xff, 0xf8, 0xfc, 0xf8, 0xff,
    0xf8, 0xf8, 0xf8, 0xff, 0xf8, 0xfc, 0xf8, 0xff, 0xf8, 0xf8, 0xf8, 0xff,
    0xf8, 0xfc, 0xf8, 0xff, 0xf8, 0xf8, 0xf8, 0xff, 0xf8, 0xf8, 0xf8, 0xff,
    0xf8, 0xf8, 0xf8, 0xff, 0xf8, 0xfc, 0xf0, 0xff, 0xf8, 0xf8, 0xf8, 0xff,
    0xf8, 0xf8, 0xf8, 0xff, 0xf8, 0xfc, 0xf8, 0xff, 0xf8, 0xf8, 0xf8, 0xff,
    0xf8, 0xf8, 0xf8, 0xff, 0xf8, 0xfc, 0xf0, 0xff, 0xf8, 0xf8, 0xf8, 0xff,
    0xf8, 0xfc, 0xf8, 0xff, 0xf8, 0xf8, 0xf8, 0xff, 0xf8, 0xf8, 0xf0, 0xff,
    0xf8, 0xf8, 0xf8, 0xff, 0xf8, 0xf8, 0xf8, 0xff, 0xf8, 0xf8, 0xf8, 0xff,
    0xf8, 0xf8, 0xf0, 0xff, 0xf8, 0xf8, 0xf8, 0xff, 0xf8, 0xf8, 0xf0, 0xff,
    0xf8, 0xf8, 0xf8, 0xff, 0xf8, 0xf8, 0xf8, 0xff, 0xf8, 0xf8, 0xf0, 0xff,
    0xf8, 0xf8, 0xf8, 0xff, 0xf8, 0xf8, 0xf8, 0xff, 0xf8, 0xf8, 0xf8, 0xff,
    0xf8, 0xf8, 0xf0, 0xff, 0xf8, 0xf8, 0xf8, 0xff, 0xf8, 0xf8, 0xf8, 0xff,
    0xf8, 0xf8, 0xf0, 0xff, 0xf8, 0xf8, 0xf8, 0xff, 0xf8, 0xf8, 0xf8, 0xff,
    0xf8, 0xf8, 0xf8, 0xff, 0xf8, 0xf4, 0xf0, 0xff, 0xf8, 0xf8, 0xf8, 0xff,
    0xf8, 0xf8, 0xf0, 0xff, 0xf8, 0xf4, 0xf0, 0xff, 0xf8, 0xf8, 0xf8, 0xff,
    0xf8, 0xf8, 0xf8, 0xff, 0xf8, 0xf8, 0xf0, 0xff, 0xf8, 0xf8, 0xf8, 0xff,
    0xf8, 0xf8, 0xf8, 0xff, 0xf8, 0xf8, 0xf0, 0xff, 0xf8, 0xf4, 0xf8, 0xff,
    0xf8, 0xf8, 0xf0, 0xff, 0xf8, 0xf4, 0xf8, 0xff, 0xf8, 0xf8, 0xf0, 0xff,
    0xf8, 0xf8, 0xf0, 0xff, 0xf8, 0xf8, 0xf8, 0xff, 0xf8, 0xf4, 0xf8, 0xff,
    0xf8, 0xf8, 0xf0, 0xff, 0xf8, 0xf8, 0xf8, 0xff, 0xf8, 0xf8, 0xf8, 0xff,
    0xf8, 0xf8, 0xf0, 0xff, 0xf8, 0xf8, 0xf8, 0xff, 0xf8, 0xf8, 0xf8, 0xff,
    0xf8, 0xf8, 0xf0, 0xff, 0xf8, 0xf8, 0xf8, 0xff, 0xf8, 0xf8, 0xf8, 0xff,
    0xf8, 0xf8, 0xf0, 0xff, 0xf8, 0xf8, 0xf8, 0xff, 0xf8, 0xf8, 0xf8, 0xff,
    0xf8, 0xf8, 0xf0, 0xff, 0xf8, 0xf8, 0xf8, 0xff, 0xf8, 0xf8, 0xf8, 0xff,
    0xf8, 0xf8, 0xf0, 0xff, 0xf8, 0xf4, 0xf8, 0xff, 0xf8, 0xf8, 0xf8, 0xff,
    0xf8, 0xf8, 0xf0, 0xff, 0xf8, 0xf8, 0xf8, 0xff, 0xf8, 0xf8, 0xf0, 0xff,
    0xf8, 0xf8, 0xf0, 0xff, 0xf8, 0xf4, 0xf8, 0xff, 0xf8, 0xf8, 0xf0, 0xff,
    0xf8, 0xf8, 0xf8, 0xff, 0xf8, 0xf8, 0xf8, 0xff, 0xf8, 0xf8, 0xf0, 0xff,
    0xf8, 0xf4, 0xf8, 0xff, 0xf8, 0xf8, 0xf8, 0xff, 0xf8, 0xf8, 0xf0, 0xff,
    0xf8, 0xf4, 0xf0, 0xff, 0xf8, 0xf8, 0xf8, 0xff, 0xf8, 0xf8, 0xf0, 0xff,
    0xf8, 0xf8, 0xf0, 0xff, 0xf8, 0xf8, 0xf8, 0xff, 0xf8, 0xf0, 0xe8, 0xb2,
    0x80, 0x20, 0x00, 0x08, 0x80, 0x28, 0x00, 0x08, 0x80, 0x40, 0x00, 0x04,
    0x50, 0x00, 0x00, 0x04, 0x80, 0x00, 0x00, 0x04, 0x00, 0x00, 0x00, 0x00,
    0x00, 0x00, 0x00, 0x00, 0x00, 0x00, 0x00, 0x00, 0x00, 0x00, 0x00, 0x00,
    0x00, 0x00, 0x00, 0x00, 0x00, 0x00, 0x00, 0x00, 0x00, 0x00, 0x00, 0x00,
    0x00, 0x00, 0x00, 0x00, 0x00, 0x00, 0x00, 0x00, 0x00, 0x00, 0x00, 0x00,
    0x00, 0x00, 0x00, 0x00, 0x00, 0x00, 0x00, 0x00, 0x00, 0x00, 0x00, 0x00,
    0x00, 0x00, 0x00, 0x00, 0x00, 0x00, 0x00, 0x00, 0x00, 0x00, 0x00, 0x00,
    0x00, 0x00, 0x00, 0x00, 0x00, 0x00, 0x00, 0x00, 0x00, 0x00, 0x00, 0x00,
    0x00, 0x00, 0x00, 0x00, 0x00, 0x00, 0x00, 0x00, 0x00, 0x00, 0x00, 0x00,
    0x00, 0x00, 0x00, 0x00, 0x00, 0x00, 0x00, 0x00, 0x00, 0x00, 0x00, 0x00,
    0x00, 0x00, 0x00, 0x00, 0x00, 0x00, 0x00, 0x00, 0x00, 0x00, 0x00, 0x00,
    0x00, 0x00, 0x00, 0x00, 0x00, 0x00, 0x00, 0x00, 0x00, 0x00, 0x00, 0x00,
    0x00, 0x00, 0x00, 0x00, 0x00, 0x00, 0x00, 0x00, 0x00, 0x00, 0x00, 0x00,
    0x00, 0x00, 0x00, 0x00, 0x00, 0x00, 0x00, 0x00, 0x00, 0x00, 0x00, 0x00,
    0x00, 0x00, 0x00, 0x00, 0x00, 0x00, 0x00, 0x00, 0x00, 0x00, 0x00, 0x00,
    0x00, 0x00, 0x00, 0x00, 0x00, 0x00, 0x00, 0x00, 0x00, 0x00, 0x00, 0x00,
    0x00, 0x00, 0x00, 0x00, 0x00, 0x00, 0x00, 0x00, 0x00, 0x00, 0x00, 0x00,
    0x00, 0x00, 0x00, 0x00, 0x00, 0x00, 0x00, 0x00, 0x00, 0x00, 0x00, 0x00,
    0x00, 0x00, 0x00, 0x00, 0x80, 0x00, 0x00, 0x00, 0x58, 0x00, 0x00, 0x04,
    0x68, 0x34, 0x00, 0x04, 0x68, 0x24, 0x00, 0x08, 0x80, 0x18, 0x00, 0x08,
    0xf8, 0xfc, 0xf8, 0xe3, 0xf8, 0xfc, 0xf8, 0xff, 0xf8, 0xfc, 0xf8, 0xff,
    0xf8, 0xfc, 0xf8, 0xff, 0xf8, 0xfc, 0xf8, 0xff, 0xf8, 0xfc, 0xf8, 0xff,
    0xf8, 0xfc, 0xf8, 0xff, 0xf8, 0xfc, 0xf8, 0xff, 0xf8, 0xfc, 0xf8, 0xff,
    0xf8, 0xfc, 0xf8, 0xff, 0xf8, 0xfc, 0xf8, 0xff, 0xf8, 0xfc, 0xf8, 0xff,
    0xf8, 0xfc, 0xf8, 0xff, 0xf8, 0xfc, 0xf8, 0xff, 0xf8, 0xfc, 0xf8, 0xff,
    0xf8, 0xfc, 0xf8, 0xff, 0xf8, 0xfc, 0xf8, 0xff, 0xf8, 0xfc, 0xf8, 0xff,
    0xf8, 0xfc, 0xf8, 0xff, 0xf8, 0xfc, 0xf8, 0xff, 0xf8, 0xfc, 0xf8, 0xff,
    0xf8, 0xfc, 0xf8, 0xff, 0xf8, 0xfc, 0xf8, 0xff, 0xf8, 0xfc, 0xf8, 0xff,
    0xf8, 0xfc, 0xf8, 0xff, 0xf8, 0xfc, 0xf8, 0xff, 0xf8, 0xfc, 0xf8, 0xff,
    0xf8, 0xfc, 0xf8, 0xff, 0xf8, 0xfc, 0xf8, 0xff, 0xf8, 0xfc, 0xf8, 0xff,
    0xf8, 0xfc, 0xf8, 0xff, 0xf8, 0xfc, 0xf8, 0xff, 0xf8, 0xfc, 0xf8, 0xff,
    0xf8, 0xfc, 0xf8, 0xff, 0xf8, 0xfc, 0xf8, 0xff, 0xf8, 0xfc, 0xf8, 0xff,
    0xf8, 0xfc, 0xf8, 0xff, 0xf8, 0xfc, 0xf8, 0xff, 0xf8, 0xfc, 0xf8, 0xff,
    0xf8, 0xfc, 0xf8, 0xff, 0xf8, 0xfc, 0xf8, 0xff, 0xf8, 0xfc, 0xf8, 0xff,
    0xf8, 0xfc, 0xf8, 0xff, 0xf8, 0xfc, 0xf8, 0xff, 0xf8, 0xfc, 0xf8, 0xff,
    0xf8, 0xfc, 0xf8, 0xff, 0xf8, 0xfc, 0xf8, 0xff, 0xf8, 0xfc, 0xf8, 0xff,
    0xf8, 0xfc, 0xf8, 0xff, 0xf8, 0xfc, 0xf8, 0xff, 0xf8, 0xfc, 0xf8, 0xff,
    0xf8, 0xfc, 0xf8, 0xff, 0xf8, 0xfc, 0xf8, 0xff, 0xf8, 0xfc, 0xf8, 0xff,
    0xf8, 0xfc, 0xf8, 0xff, 0xf8, 0xfc, 0xf8, 0xff, 0xf8, 0xfc, 0xf8, 0xff,
    0xf8, 0xfc, 0xf8, 0xff, 0xf8, 0xfc, 0xf8, 0xff, 0xf8, 0xfc, 0xf8, 0xff,
    0xf8, 0xfc, 0xf8, 0xff, 0xf8, 0xfc, 0xf8, 0xff, 0xf8, 0xfc, 0xf8, 0xff,
    0xf8, 0xfc, 0xf8, 0xff, 0xf8, 0xfc, 0xf8, 0xff, 0xf8, 0xfc, 0xf8, 0xff,
    0xf8, 0xfc, 0xf8, 0xff, 0xf8, 0xfc, 0xf8, 0xff, 0xf8, 0xfc, 0xf8, 0xff,
    0xf8, 0xfc, 0xf8, 0xff, 0xf8, 0xfc, 0xf8, 0xff, 0xf8, 0xfc, 0xf8, 0xff,
    0xf8, 0xfc, 0xf8, 0xff, 0xf8, 0xfc, 0xf8, 0xff, 0xf8, 0xfc, 0xf8, 0xff,
    0xf8, 0xfc, 0xf8, 0xff, 0xf8, 0xfc, 0xf8, 0xff, 0xf8, 0xfc, 0xf8, 0xff,
    0xf8, 0xfc, 0xf8, 0xff, 0xf8, 0xfc, 0xf8, 0xff, 0xf8, 0xfc, 0xf8, 0xff,
    0xf8, 0xfc, 0xf8, 0xff, 0xf8, 0xfc, 0xf8, 0xff, 0xf8, 0xfc, 0xf8, 0xff,
    0xf8, 0xfc, 0xf8, 0xff, 0xf8, 0xfc, 0xf8, 0xff, 0xf8, 0xfc, 0xf8, 0xff,
    0xf8, 0xfc, 0xf8, 0xff, 0xf8, 0xfc, 0xf8, 0xff, 0xf8, 0xfc, 0xf8, 0xff,
    0xf8, 0xfc, 0xf8, 0xff, 0xf8, 0xfc, 0xf8, 0xff, 0xf8, 0xfc, 0xf8, 0xff,
    0xf8, 0xfc, 0xf8, 0xff, 0xf8, 0xf8, 0xf8, 0xff, 0xf8, 0xfc, 0xf8, 0xff,
    0xf8, 0xfc, 0xf8, 0xff, 0xf8, 0xf8, 0xf8, 0xff, 0xf8, 0xfc, 0xf8, 0xff,
    0xf8, 0xfc, 0xf8, 0xff, 0xf8, 0xf8, 0xf8, 0xff, 0xf8, 0xfc, 0xf8, 0xff,
    0xf8, 0xfc, 0xf8, 0xff, 0xf8, 0xf8, 0xf8, 0xff, 0xf8, 0xf8, 0xf8, 0xff,
    0xf8, 0xfc, 0xf8, 0xff, 0xf8, 0xf8, 0xf8, 0xff, 0xf8, 0xf8, 0xf8, 0xff,
    0xf8, 0xf8, 0xf8, 0xff, 0xf8, 0xfc, 0xf8, 0xff, 0xf8, 0xf8, 0xf8, 0xff,
    0xf8, 0xfc, 0xf8, 0xff, 0xf8, 0xf8, 0xf8, 0xff, 0xf8, 0xfc, 0xf8, 0xff,
    0xf8, 0xf8, 0xf8, 0xff, 0xf8, 0xf8, 0xf8, 0xff, 0xf8, 0xf8, 0xf8, 0xff,
    0xf8, 0xfc, 0xf8, 0xff, 0xf8, 0xf8, 0xf8, 0xff, 0xf8, 0xf8, 0xf8, 0xff,
    0xf8, 0xf8, 0xf0, 0xff, 0xf8, 0xf8, 0xf8, 0xff, 0xf8, 0xf8, 0xf8, 0xff,
    0xf8, 0xfc, 0xf8, 0xff, 0xf8, 0xf8, 0xf8, 0xff, 0xf8, 0xf8, 0xf8, 0xff,
    0xf8, 0xf8, 0xf8, 0xff, 0xf8, 0xf8, 0xf0, 0xff, 0xf8, 0xf8, 0xf8, 0xff,
    0xf8, 0xf8, 0xf8, 0xff, 0xf8, 0xf8, 0xf0, 0xff, 0xf8, 0xf8, 0xf8, 0xff,
    0xf8, 0xf8, 0xf8, 0xff, 0xf8, 0xf8, 0xf0, 0xff, 0xf8, 0xf8, 0xf8, 0xff,
    0xf8, 0xf8, 0xf0, 0xff, 0xf8, 0xf8, 0xf8, 0xff, 0xf8, 0xf8, 0xf0, 0xff,
    0xf8, 0xf8, 0xf0, 0xff, 0xf8, 0xf8, 0xf8, 0xff, 0xf8, 0xf8, 0xf0, 0xff,
    0xf8, 0xf8, 0xf8, 0xff, 0xf8, 0xf8, 0xf8, 0xff, 0xf8, 0xf8, 0xf0, 0xff,
    0xf8, 0xf8, 0xf8, 0xff, 0xf8, 0xf8, 0xf8, 0xff, 0xf8, 0xf8, 0xf0, 0xff,
    0xf8, 0xf8, 0xf8, 0xff, 0xf8, 0xf4, 0xf8, 0xff, 0xf8, 0xf8, 0xf0, 0xff,
    0xf8, 0xf8, 0xf8, 0xff, 0xf8, 0xf4, 0xf0, 0xff, 0xf8, 0xf8, 0xf8, 0xff,
    0xf8, 0xf8, 0xf0, 0xff, 0xf8, 0xf4, 0xf0, 0xff, 0xf8, 0xf8, 0xf8, 0xff,
    0xf8, 0xf8, 0xf0, 0xff, 0xf8, 0xf4, 0xf8, 0xff, 0xf8, 0xf8, 0xf8, 0xff,
    0xf8, 0xf8, 0xf0, 0xff, 0xf8, 0xf8, 0xf8, 0xff, 0xf8, 0xf4, 0xf8, 0xff,
    0xf8, 0xf8, 0xf0, 0xff, 0xf8, 0xf8, 0xf8, 0xff, 0xf8, 0xf8, 0xf0, 0xff,
    0xf8, 0xf4, 0xf0, 0xff, 0xf8, 0xf8, 0xf8, 0xff, 0xf8, 0xf8, 0xf0, 0xff,
    0xf8, 0xf4, 0xf0, 0xff, 0xf8, 0xf4, 0xf8, 0xff, 0xf8, 0xf8, 0xf0, 0xff,
    0xf8, 0xf8, 0xf0, 0xff, 0xf8, 0xf4, 0xf8, 0xff, 0xf8, 0xf4, 0xf0, 0xff,
    0xf8, 0xf8, 0xf8, 0xff, 0xf8, 0xf8, 0xf0, 0xff, 0xf8, 0xf4, 0xf8, 0xff,
    0xf8, 0xf4, 0xf0, 0xff, 0xf8, 0xf8, 0xf0, 0xff, 0xf8, 0xf8, 0xf8, 0xff,
    0xf8, 0xf4, 0xf0, 0xff, 0xf8, 0xf8, 0xf0, 0xff, 0xf8, 0xf8, 0xf8, 0xff,
    0xf8, 0xf4, 0xf8, 0xff, 0xf8, 0xf4, 0xf0, 0xff, 0xf8, 0xf8, 0xf8, 0xff,
    0xf8, 0xf8, 0xf0, 0xff, 0xf8, 0xf8, 0xf0, 0xff, 0xf8, 0xf4, 0xf8, 0xff,
    0xf8, 0xf8, 0xf0, 0xff, 0xf8, 0xf8, 0xf0, 0xff, 0xf8, 0xf8, 0xf8, 0xff,
    0xf8, 0xf8, 0xf0, 0xff, 0xf8, 0xf8, 0xf8, 0xff, 0xf8, 0xf8, 0xf0, 0xff,
    0xf8, 0xf8, 0xf8, 0xff, 0xf8, 0xf4, 0xf8, 0xff, 0xf8, 0xf8, 0xf0, 0xff,
    0xf8, 0xf4, 0xf8, 0xff, 0xf8, 0xf8, 0xf0, 0xff, 0xf8, 0xf4, 0xf0, 0xe7,
    0x80, 0x18, 0x00, 0x08, 0x68, 0x24, 0x00, 0x08, 0x68, 0x34, 0x00, 0x04,
    0x58, 0x00, 0x00, 0x04, 0x80, 0x00, 0x00, 0x00, 0x00, 0x00, 0x00, 0x00,
    0x00, 0x00, 0x00, 0x00, 0x00, 0x00, 0x00, 0x00, 0x00, 0x00, 0x00, 0x00,
    0x00, 0x00, 0x00, 0x00, 0x00, 0x00, 0x00, 0x00, 0x00, 0x00, 0x00, 0x00,
    0x00, 0x00, 0x00, 0x00, 0x00, 0x00, 0x00, 0x00, 0x00, 0x00, 0x00, 0x00,
    0x00, 0x00, 0x00, 0x00, 0x00, 0x00, 0x00, 0x00, 0x00, 0x00, 0x00, 0x00,
    0x00, 0x00, 0x00, 0x00, 0x00, 0x00, 0x00, 0x00, 0x00, 0x00, 0x00, 0x00,
    0x00, 0x00, 0x00, 0x00, 0x00, 0x00, 0x00, 0x00, 0x00, 0x00, 0x00, 0x00,
    0x00, 0x00, 0x00, 0x00, 0x00, 0x00, 0x00, 0x00, 0x00, 0x00, 0x00, 0x00,
    0x00, 0x00, 0x00, 0x00, 0x00, 0x00, 0x00, 0x00, 0x00, 0x00, 0x00, 0x00,
    0x00, 0x00, 0x00, 0x00, 0x00, 0x00, 0x00, 0x00, 0x00, 0x00, 0x00, 0x00,
    0x00, 0x00, 0x00, 0x00, 0x00, 0x00, 0x00, 0x00, 0x00, 0x00, 0x00, 0x00,
    0x00, 0x00, 0x00, 0x00, 0x00, 0x00, 0x00, 0x00, 0x00, 0x00, 0x00, 0x00,
    0x00, 0x00, 0x00, 0x00, 0x00, 0x00, 0x00, 0x00, 0x00, 0x00, 0x00, 0x00,
    0x00, 0x00, 0x00, 0x00, 0x00, 0x00, 0x00, 0x00, 0x00, 0x00, 0x00, 0x00,
    0x00, 0x00, 0x00, 0x00, 0x00, 0x00, 0x00, 0x00, 0x00, 0x00, 0x00, 0x00,
    0x00, 0x00, 0x00, 0x00, 0x00, 0x00, 0x00, 0x00, 0x00, 0x00, 0x00, 0x00,
    0x00, 0x00, 0x00, 0x00, 0x00, 0x00, 0x00, 0x00, 0x00, 0x00, 0x00, 0x00,
    0x00, 0x00, 0x00, 0x00, 0x80, 0x00, 0x00, 0x04, 0x80, 0x40, 0x00, 0x04,
    0x80, 0x28, 0x00, 0x04, 0x80, 0x20, 0x00, 0x08, 0x70, 0x30, 0x00, 0x0c,
    0xf8, 0xfc, 0xf8, 0xf7, 0xf8, 0xfc, 0xf8, 0xff, 0xf8, 0xfc, 0xf8, 0xff,
    0xf8, 0xfc, 0xf8, 0xff, 0xf8, 0xfc, 0xf8, 0xff, 0xf8, 0xfc, 0xf8, 0xff,
    0xf8, 0xfc, 0xf8, 0xff, 0xf8, 0xfc, 0xf8, 0xff, 0xf8, 0xfc, 0xf8, 0xff,
    0xf8, 0xfc, 0xf8, 0xff, 0xf8, 0xfc, 0xf8, 0xff, 0xf8, 0xfc, 0xf8, 0xff,
    0xf8, 0xfc, 0xf8, 0xff, 0xf8, 0xfc, 0xf8, 0xff, 0xf8, 0xfc, 0xf8, 0xff,
    0xf8, 0xfc, 0xf8, 0xff, 0xf8, 0xfc, 0xf8, 0xff, 0xf8, 0xfc, 0xf8, 0xff,
    0xf8, 0xfc, 0xf8, 0xff, 0xf8, 0xfc, 0xf8, 0xff, 0xf8, 0xfc, 0xf8, 0xff,
    0xf8, 0xfc, 0xf8, 0xff, 0xf8, 0xfc, 0xf8, 0xff, 0xf8, 0xfc, 0xf8, 0xff,
    0xf8, 0xfc, 0xf8, 0xff, 0xf8, 0xfc, 0xf8, 0xff, 0xf8, 0xfc, 0xf8, 0xff,
    0xf8, 0xfc, 0xf8, 0xff, 0xf8, 0xfc, 0xf8, 0xff, 0xf8, 0xfc, 0xf8, 0xff,
    0xf8, 0xfc, 0xf8, 0xff, 0xf8, 0xfc, 0xf8, 0xff, 0xf8, 0xfc, 0xf8, 0xff,
    0xf8, 0xfc, 0xf8, 0xff, 0xf8, 0xfc, 0xf8, 0xff, 0xf8, 0xfc, 0xf8, 0xff,
    0xf8, 0xfc, 0xf8, 0xff, 0xf8, 0xfc, 0xf8, 0xff, 0xf8, 0xfc, 0xf8, 0xff,
    0xf8, 0xfc, 0xf8, 0xff, 0xf8, 0xfc, 0xf8, 0xff, 0xf8, 0xfc, 0xf8, 0xff,
    0xf8, 0xfc, 0xf8, 0xff, 0xf8, 0xfc, 0xf8, 0xff, 0xf8, 0xfc, 0xf8, 0xff,
    0xf8, 0xfc, 0xf8, 0xff, 0xf8, 0xfc, 0xf8, 0xff, 0xf8, 0xfc, 0xf8, 0xff,
    0xf8, 0xfc, 0xf8, 0xff, 0xf8, 0xfc, 0xf8, 0xff, 0xf8, 0xfc, 0xf8, 0xff,
    0xf8, 0xfc, 0xf8, 0xff, 0xf8, 0xfc, 0xf8, 0xff, 0xf8, 0xfc, 0xf8, 0xff,
    0xf8, 0xfc, 0xf8, 0xff, 0xf8, 0xfc, 0xf8, 0xff, 0xf8, 0xfc, 0xf8, 0xff,
    0xf8, 0xfc, 0xf8, 0xff, 0xf8, 0xfc, 0xf8, 0xff, 0xf8, 0xfc, 0xf8, 0xff,
    0xf8, 0xfc, 0xf8, 0xff, 0xf8, 0xfc, 0xf8, 0xff, 0xf8, 0xfc, 0xf8, 0xff,
    0xf8, 0xfc, 0xf8, 0xff, 0xf8, 0xfc, 0xf8, 0xff, 0xf8, 0xfc, 0xf8, 0xff,
    0xf8, 0xfc, 0xf8, 0xff, 0xf8, 0xfc, 0xf8, 0xff, 0xf8, 0xfc, 0xf8, 0xff,
    0xf8, 0xfc, 0xf8, 0xff, 0xf8, 0xfc, 0xf8, 0xff, 0xf8, 0xfc, 0xf8, 0xff,
    0xf8, 0xfc, 0xf8, 0xff, 0xf8, 0xfc, 0xf8, 0xff, 0xf8, 0xfc, 0xf8, 0xff,
    0xf8, 0xfc, 0xf8, 0xff, 0xf8, 0xfc, 0xf8, 0xff, 0xf8, 0xfc, 0xf8, 0xff,
    0xf8, 0xfc, 0xf8, 0xff, 0xf8, 0xfc, 0xf8, 0xff, 0xf8, 0xfc, 0xf8, 0xff,
    0xf8, 0xfc, 0xf8, 0xff, 0xf8, 0xfc, 0xf8, 0xff, 0xf8, 0xfc, 0xf8, 0xff,
    0xf8, 0xfc, 0xf8, 0xff, 0xf8, 0xfc, 0xf8, 0xff, 0xf8, 0xfc, 0xf8, 0xff,
    0xf8, 0xfc, 0xf8, 0xff, 0xf8, 0xfc, 0xf8, 0xff, 0xf8, 0xfc, 0xf8, 0xff,
    0xf8, 0xfc, 0xf8, 0xff, 0xf8, 0xfc, 0xf8, 0xff, 0xf8, 0xfc, 0xf8, 0xff,
    0xf8, 0xf8, 0xf8, 0xff, 0xf8, 0xfc, 0xf8, 0xff, 0xf8, 0xfc, 0xf8, 0xff,
    0xf8, 0xfc, 0xf8, 0xff, 0xf8, 0xfc, 0xf8, 0xff, 0xf8, 0xfc, 0xf8, 0xff,
    0xf8, 0xf8, 0xf8, 0xff, 0xf8, 0xfc, 0xf8, 0xff, 0xf8, 0xfc, 0xf8, 0xff,
    0xf8, 0xf8, 0xf8, 0xff, 0xf8, 0xf8, 0xf8, 0xff, 0xf8, 0xfc, 0xf8, 0xff,
    0xf8, 0xfc, 0xf8, 0xff, 0xf8, 0xf8, 0xf8, 0xff, 0xf8, 0xfc, 0xf8, 0xff,
    0xf8, 0xfc, 0xf8, 0xff, 0xf8, 0xf8, 0xf8, 0xff, 0xf8, 0xf8, 0xf8, 0xff,
    0xf8, 0xfc, 0xf8, 0xff, 0xf8, 0xf8, 0xf8, 0xff, 0xf8, 0xf8, 0xf8, 0xff,
    0xf8, 0xf8, 0xf8, 0xff, 0xf8, 0xf8, 0xf8, 0xff, 0xf8, 0xf8, 0xf0, 0xff,
    0xf8, 0xf8, 0xf8, 0xff, 0xf8, 0xf8, 0xf8, 0xff, 0xf8, 0xfc, 0xf8, 0xff,
    0xf8, 0xf8, 0xf8, 0xff, 0xf8, 0xf8, 0xf8, 0xff, 0xf8, 0xfc, 0xf0, 0xff,
    0xf8, 0xf8, 0xf8, 0xff, 0xf8, 0xf8, 0xf0, 0xff, 0xf8, 0xf8, 0xf8, 0xff,
    0xf8, 0xf8, 0xf8, 0xff, 0xf8, 0xf8, 0xf0, 0xff, 0xf8, 0xf8, 0xf8, 0xff,
    0xf8, 0xf8, 0xf8, 0xff, 0xf8, 0xf8, 0xf8, 0xff, 0xf8, 0xf8, 0xf8, 0xff,
    0xf8, 0xf8, 0xf0, 0xff, 0xf8, 0xf8, 0xf8, 0xff, 0xf8, 0xf8, 0xf8, 0xff,
    0xf8, 0xf8, 0xf8, 0xff, 0xf8, 0xf8, 0xf8, 0xff, 0xf8, 0xf8, 0xf8, 0xff,
    0xf8, 0xf8, 0xf8, 0xff, 0xf8, 0xf8, 0xf0, 0xff, 0xf8, 0xf8, 0xf8, 0xff,
    0xf8, 0xf8, 0xf8, 0xff, 0xf8, 0xf8, 0xf0, 0xff, 0xf8, 0xf8, 0xf0, 0xff,
    0xf8, 0xf8, 0xf8, 0xff, 0xf8, 0xf8, 0xf8, 0xff, 0xf8, 0xf8, 0xf0, 0xff,
    0xf8, 0xf8, 0xf8, 0xff, 0xf8, 0xf8, 0xf0, 0xff, 0xf8, 0xf8, 0xf0, 0xff,
    0xf8, 0xf8, 0xf8, 0xff, 0xf8, 0xf8, 0xf8, 0xff, 0xf8, 0xf8, 0xf0, 0xff,
    0xf8, 0xf4, 0xf8, 0xff, 0xf8, 0xf8, 0xf8, 0xff, 0xf8, 0xf8, 0xf0, 0xff,
    0xf8, 0xf4, 0xf0, 0xff, 0xf8, 0xf8, 0xf8, 0xff, 0xf8, 0xf8, 0xf0, 0xff,
    0xf8, 0xf8, 0xf0, 0xff, 0xf8, 0xf8, 0xf8, 0xff, 0xf8, 0xf8, 0xf0, 0xff,
    0xf8, 0xf4, 0xf8, 0xff, 0xf8, 0xf8, 0xf0, 0xff, 0xf8, 0xf8, 0xf8, 0xff,
    0xf8, 0xf8, 0xf8, 0xff, 0xf8, 0xf4, 0xf0, 0xff, 0xf8, 0xf8, 0xf8, 0xff,
    0xf8, 0xf8, 0xf8, 0xff, 0xf8, 0xf8, 0xf0, 0xff, 0xf8, 0xf8, 0xf8, 0xff,
    0xf8, 0xf8, 0xf8, 0xff, 0xf8, 0xf8, 0xf0, 0xff, 0xf8, 0xf8, 0xf0, 0xff,
    0xf8, 0xf4, 0xf8, 0xff, 0xf8, 0xf8, 0xf0, 0xff, 0xf8, 0xf8, 0xf0, 0xff,
    0xf8, 0xf8, 0xf8, 0xff, 0xf8, 0xf8, 0xf8, 0xff, 0xf8, 0xf4, 0xf0, 0xff,
    0xf8, 0xf8, 0xf8, 0xff, 0xf8, 0xf8, 0xf0, 0xff, 0xf8, 0xf8, 0xf0, 0xff,
    0xf8, 0xf8, 0xf8, 0xff, 0xf8, 0xf8, 0xf0, 0xff, 0xf8, 0xf4, 0xf8, 0xff,
    0xf8, 0xf8, 0xf8, 0xff, 0xf8, 0xf8, 0xf0, 0xff, 0xf8, 0xf8, 0xf8, 0xff,
    0xf8, 0xf4, 0xf8, 0xff, 0xf8, 0xf8, 0xf0, 0xff, 0xf8, 0xf4, 0xf0, 0xff,
    0xf8, 0xf8, 0xf8, 0xff, 0xf8, 0xf4, 0xf0, 0xff, 0xf8, 0xf8, 0xf8, 0xff,
    0xf8, 0xf8, 0xf0, 0xff, 0xf8, 0xf8, 0xf0, 0xff, 0xf8, 0xf8, 0xf8, 0xff,
    0xf8, 0xf8, 0xf8, 0xff, 0xf8, 0xf8, 0xf0, 0xff, 0xf8, 0xf4, 0xf0, 0xfb,
    0x80, 0x2c, 0x00, 0x0c, 0x80, 0x20, 0x00, 0x08, 0x80, 0x28, 0x00, 0x04,
    0x80, 0x40, 0x00, 0x04, 0x50, 0x00, 0x00, 0x04, 0x00, 0x00, 0x00, 0x00,
    0x00, 0x00, 0x00, 0x00, 0x00, 0x00, 0x00, 0x00, 0x00, 0x00, 0x00, 0x00,
    0x00, 0x00, 0x00, 0x00, 0x00, 0x00, 0x00, 0x00, 0x00, 0x00, 0x00, 0x00,
    0x00, 0x00, 0x00, 0x00, 0x00, 0x00, 0x00, 0x00, 0x00, 0x00, 0x00, 0x00,
    0x00, 0x00, 0x00, 0x00, 0x00, 0x00, 0x00, 0x00, 0x00, 0x00, 0x00, 0x00,
    0x00, 0x00, 0x00, 0x00, 0x00, 0x00, 0x00, 0x00, 0x00, 0x00, 0x00, 0x00,
    0x00, 0x00, 0x00, 0x00, 0x00, 0x00, 0x00, 0x00, 0x00, 0x00, 0x00, 0x00,
    0x00, 0x00, 0x00, 0x00, 0x00, 0x00, 0x00, 0x00, 0x00, 0x00, 0x00, 0x00,
    0x00, 0x00, 0x00, 0x00, 0x00, 0x00, 0x00, 0x00, 0x00, 0x00, 0x00, 0x00,
    0x00, 0x00, 0x00, 0x00, 0x00, 0x00, 0x00, 0x00, 0x00, 0x00, 0x00, 0x00,
    0x00, 0x00, 0x00, 0x00, 0x00, 0x00, 0x00, 0x00, 0x00, 0x00, 0x00, 0x00,
    0x00, 0x00, 0x00, 0x00, 0x00, 0x00, 0x00, 0x00, 0x00, 0x00, 0x00, 0x00,
    0x00, 0x00, 0x00, 0x00, 0x00, 0x00, 0x00, 0x00, 0x00, 0x00, 0x00, 0x00,
    0x00, 0x00, 0x00, 0x00, 0x00, 0x00, 0x00, 0x00, 0x00, 0x00, 0x00, 0x00,
    0x00, 0x00, 0x00, 0x00, 0x00, 0x00, 0x00, 0x00, 0x00, 0x00, 0x00, 0x00,
    0x00, 0x00, 0x00, 0x00, 0x00, 0x00, 0x00, 0x00, 0x00, 0x00, 0x00, 0x00,
    0x00, 0x00, 0x00, 0x00, 0x00, 0x00, 0x00, 0x00, 0x00, 0x00, 0x00, 0x00,
    0x80, 0x00, 0x00, 0x04, 0x50, 0x00, 0x00, 0x04, 0x68, 0x34, 0x00, 0x04,
    0x80, 0x28, 0x00, 0x08, 0x70, 0x1c, 0x00, 0x08, 0x80, 0x2c, 0x00, 0x0c,
    0xf8, 0xfc, 0xf8, 0xff, 0xf8, 0xfc, 0xf8, 0xff, 0xf8, 0xfc, 0xf8, 0xff,
    0xf8, 0xfc, 0xf8, 0xff, 0xf8, 0xfc, 0xf8, 0xff, 0xf8, 0xfc, 0xf8, 0xff,
    0xf8, 0xfc, 0xf8, 0xff, 0xf8, 0xfc, 0xf8, 0xff, 0xf8, 0xfc, 0xf8, 0xff,
    0xf8, 0xfc, 0xf8, 0xff, 0xf8, 0xfc, 0xf8, 0xff, 0xf8, 0xfc, 0xf8, 0xff,
    0xf8, 0xfc, 0xf8, 0xff, 0xf8, 0xfc, 0xf8, 0xff, 0xf8, 0xfc, 0xf8, 0xff,
    0xf8, 0xfc, 0xf8, 0xff, 0xf8, 0xfc, 0xf8, 0xff, 0xf8, 0xfc, 0xf8, 0xff,
    0xf8, 0xfc, 0xf8, 0xff, 0xf8, 0xfc, 0xf8, 0xff, 0xf8, 0xfc, 0xf8, 0xff,
    0xf8, 0xfc, 0xf8, 0xff, 0xf8, 0xfc, 0xf8, 0xff, 0xf8, 0xfc, 0xf8, 0xff,
    0xf8, 0xfc, 0xf8, 0xff, 0xf8, 0xfc, 0xf8, 0xff, 0xf8, 0xfc, 0xf8, 0xff,
    0xf8, 0xfc, 0xf8, 0xff, 0xf8, 0xfc, 0xf8, 0xff, 0xf8, 0xfc, 0xf8, 0xff,
    0xf8, 0xfc, 0xf8, 0xff, 0xf8, 0xfc, 0xf8, 0xff, 0xf8, 0xfc, 0xf8, 0xff,
    0xf8, 0xfc, 0xf8, 0xff, 0xf8, 0xfc, 0xf8, 0xff, 0xf8, 0xfc, 0xf8, 0xff,
    0xf8, 0xfc, 0xf8, 0xff, 0xf8, 0xfc, 0xf8, 0xff, 0xf8, 0xfc, 0xf8, 0xff,
    0xf8, 0xfc, 0xf8, 0xff, 0xf8, 0xfc, 0xf8, 0xff, 0xf8, 0xfc, 0xf8, 0xff,
    0xf8, 0xfc, 0xf8, 0xff, 0xf8, 0xfc, 0xf8, 0xff, 0xf8, 0xfc, 0xf8, 0xff,
    0xf8, 0xfc, 0xf8, 0xff, 0xf8, 0xfc, 0xf8, 0xff, 0xf8, 0xfc, 0xf8, 0xff,
    0xf8, 0xfc, 0xf8, 0xff, 0xf8, 0xfc, 0xf8, 0xff, 0xf8, 0xfc, 0xf8, 0xff,
    0xf8, 0xfc, 0xf8, 0xff, 0xf8, 0xfc, 0xf8, 0xff, 0xf8, 0xfc, 0xf8, 0xff,
    0xf8, 0xfc, 0xf8, 0xff, 0xf8, 0xfc, 0xf8, 0xff, 0xf8, 0xfc, 0xf8, 0xff,
    0xf8, 0xfc, 0xf8, 0xff, 0xf8, 0xfc, 0xf8, 0xff, 0xf8, 0xfc, 0xf8, 0xff,
    0xf8, 0xfc, 0xf8, 0xff, 0xf8, 0xfc, 0xf8, 0xff, 0xf8, 0xfc, 0xf8, 0xff,
    0xf8, 0xfc, 0xf8, 0xff, 0xf8, 0xfc, 0xf8, 0xff, 0xf8, 0xfc, 0xf8, 0xff,
    0xf8, 0xfc, 0xf8, 0xff, 0xf8, 0xfc, 0xf8, 0xff, 0xf8, 0xfc, 0xf8, 0xff,
    0xf8, 0xfc, 0xf8, 0xff, 0xf8, 0xfc, 0xf8, 0xff, 0xf8, 0xfc, 0xf8, 0xff,
    0xf8, 0xfc, 0xf8, 0xff, 0xf8, 0xfc, 0xf8, 0xff, 0xf8, 0xfc, 0xf8, 0xff,
    0xf8, 0xfc, 0xf8, 0xff, 0xf8, 0xfc, 0xf8, 0xff, 0xf8, 0xfc, 0xf8, 0xff,
    0xf8, 0xfc, 0xf8, 0xff, 0xf8, 0xfc, 0xf8, 0xff, 0xf8, 0xfc, 0xf8, 0xff,
    0xf8, 0xfc, 0xf8, 0xff, 0xf8, 0xfc, 0xf8, 0xff, 0xf8, 0xfc, 0xf8, 0xff,
    0xf8, 0xfc, 0xf8, 0xff, 0xf8, 0xfc, 0xf8, 0xff, 0xf8, 0xfc, 0xf8, 0xff,
    0xf8, 0xfc, 0xf8, 0xff, 0xf8, 0xfc, 0xf8, 0xff, 0xf8, 0xfc, 0xf8, 0xff,
    0xf8, 0xfc, 0xf8, 0xff, 0xf8, 0xf8, 0xf8, 0xff, 0xf8, 0xfc, 0xf8, 0xff,
    0xf8, 0xfc, 0xf8, 0xff, 0xf8, 0xfc, 0xf8, 0xff, 0xf8, 0xf8, 0xf8, 0xff,
    0xf8, 0xfc, 0xf8, 0xff, 0xf8, 0xfc, 0xf8, 0xff, 0xf8, 0xf8, 0xf8, 0xff,
    0xf8, 0xfc, 0xf8, 0xff, 0xf8, 0xfc, 0xf8, 0xff, 0xf8, 0xf8, 0xf8, 0xff,
    0xf8, 0xf8, 0xf8, 0xff, 0xf8, 0xfc, 0xf8, 0xff, 0xf8, 0xfc, 0xf8, 0xff,
    0xf8, 0xf8, 0xf8, 0xff, 0xf8, 0xfc, 0xf8, 0xff, 0xf8, 0xf8, 0xf8, 0xff,
    0xf8, 0xfc, 0xf8, 0xff, 0xf8, 0xf8, 0xf8, 0xff, 0xf8, 0xfc, 0xf8, 0xff,
    0xf8, 0xfc, 0xf8, 0xff, 0xf8, 0xf8, 0xf8, 0xff, 0xf8, 0xf8, 0xf8, 0xff,
    0xf8, 0xfc, 0xf8, 0xff, 0xf8, 0xf8, 0xf8, 0xff, 0xf8, 0xfc, 0xf8, 0xff,
    0xf8, 0xf8, 0xf8, 0xff, 0xf8, 0xf8, 0xf8, 0xff, 0xf8, 0xfc, 0xf8, 0xff,
    0xf8, 0xf8, 0xf8, 0xff, 0xf8, 0xf8, 0xf0, 0xff, 0xf8, 0xf8, 0xf8, 0xff,
    0xf8, 0xf8, 0xf8, 0xff, 0xf8, 0xfc, 0xf8, 0xff, 0xf8, 0xf8, 0xf0, 0xff,
    0xf8, 0xf8, 0xf8, 0xff, 0xf8, 0xf8, 0xf8, 0xff, 0xf8, 0xf8, 0xf8, 0xff,
    0xf8, 0xf8, 0xf0, 0xff, 0xf8, 0xf8, 0xf8, 0xff, 0xf8, 0xf8, 0xf0, 0xff,
    0xf8, 0xf8, 0xf8, 0xff, 0xf8, 0xf8, 0xf0, 0xff, 0xf8, 0xf8, 0xf0, 0xff,
    0xf8, 0xf8, 0xf8, 0xff, 0xf8, 0xf8, 0xf0, 0xff, 0xf8, 0xf8, 0xf8, 0xff,
    0xf8, 0xf8, 0xf8, 0xff, 0xf8, 0xf8, 0xf0, 0xff, 0xf8, 0xf8, 0xf8, 0xff,
    0xf8, 0xf8, 0xf8, 0xff, 0xf8, 0xf8, 0xf0, 0xff, 0xf8, 0xf8, 0xf8, 0xff,
    0xf8, 0xf8, 0xf8, 0xff, 0xf8, 0xf4, 0xf0, 0xff, 0xf8, 0xf4, 0xf8, 0xff,
    0xf8, 0xf8, 0xf0, 0xff, 0xf8, 0xf4, 0xf8, 0xff, 0xf8, 0xf8, 0xf0, 0xff,
    0xf8, 0xf4, 0xf8, 0xff, 0xf8, 0xf8, 0xf0, 0xff, 0xf8, 0xf8, 0xf0, 0xff,
    0xf8, 0xf8, 0xf8, 0xff, 0xf8, 0xf8, 0xf8, 0xff, 0xf8, 0xf8, 0xf0, 0xff,
    0xf8, 0xf8, 0xf8, 0xff, 0xf8, 0xf8, 0xf0, 0xff, 0xf8, 0xf4, 0xf8, 0xff,
    0xf8, 0xf8, 0xf0, 0xff, 0xf8, 0xf8, 0xf0, 0xff, 0xf8, 0xf4, 0xf8, 0xff,
    0xf8, 0xf8, 0xf0, 0xff, 0xf8, 0xf8, 0xf0, 0xff, 0xf8, 0xf4, 0xf8, 0xff,
    0xf8, 0xf8, 0xf0, 0xff, 0xf8, 0xf8, 0xf0, 0xff, 0xf8, 0xf8, 0xf8, 0xff,
    0xf8, 0xf8, 0xf0, 0xff, 0xf8, 0xf4, 0xf0, 0xff, 0xf8, 0xf8, 0xf8, 0xff,
    0xf8, 0xf4, 0xf8, 0xff, 0xf8, 0xf8, 0xf0, 0xff, 0xf8, 0xf8, 0xf8, 0xff,
    0xf8, 0xf8, 0xf8, 0xff, 0xf8, 0xf8, 0xf0, 0xff, 0xf8, 0xf8, 0xf8, 0xff,
    0xf8, 0xf8, 0xf8, 0xff, 0xf8, 0xf4, 0xf0, 0xff, 0xf8, 0xf8, 0xf8, 0xff,
    0xf8, 0xf8, 0xf8, 0xff, 0xf8, 0xf4, 0xf0, 0xff, 0xf8, 0xf8, 0xf8, 0xff,
    0xf8, 0xf8, 0xf0, 0xff, 0xf8, 0xf8, 0xf0, 0xff, 0xf8, 0xf8, 0xf8, 0xff,
    0xf8, 0xf4, 0xf0, 0xff, 0xf8, 0xf8, 0xf8, 0xff, 0xf8, 0xf8, 0xf0, 0xff,
    0xf8, 0xf8, 0xf8, 0xff, 0xf8, 0xf8, 0xf8, 0xff, 0xf8, 0xf8, 0xf0, 0xff,
    0xf8, 0xf4, 0xf8, 0xff, 0xf8, 0xf8, 0xf8, 0xff, 0xf8, 0xf8, 0xf0, 0xff,
    0xf8, 0xf4, 0xf8, 0xff, 0xf8, 0xf8, 0xf0, 0xff, 0xf8, 0xf8, 0xf0, 0xff,
    0xf8, 0xf4, 0xf8, 0xff, 0xf8, 0xf8, 0xf8, 0xff, 0xf8, 0xf8, 0xf0, 0xff,
    0x98, 0x5c, 0x40, 0x18, 0x70, 0x1c, 0x00, 0x08, 0x80, 0x2c, 0x00, 0x08,
    0x68, 0x34, 0x00, 0x04, 0x50, 0x00, 0x00, 0x04, 0x80, 0x00, 0x00, 0x04,
    0x00, 0x00, 0x00, 0x00, 0x00, 0x00, 0x00, 0x00, 0x00, 0x00, 0x00, 0x00,
    0x00, 0x00, 0x00, 0x00, 0x00, 0x00, 0x00, 0x00, 0x00, 0x00, 0x00, 0x00,
    0x00, 0x00, 0x00, 0x00, 0x00, 0x00, 0x00, 0x00, 0x00, 0x00, 0x00, 0x00,
    0x00, 0x00, 0x00, 0x00, 0x00, 0x00, 0x00, 0x00, 0x00, 0x00, 0x00, 0x00,
    0x00, 0x00, 0x00, 0x00, 0x00, 0x00, 0x00, 0x00, 0x00, 0x00, 0x00, 0x00,
    0x00, 0x00, 0x00, 0x00, 0x00, 0x00, 0x00, 0x00, 0x00, 0x00, 0x00, 0x00,
    0x00, 0x00, 0x00, 0x00, 0x00, 0x00, 0x00, 0x00, 0x00, 0x00, 0x00, 0x00,
    0x00, 0x00, 0x00, 0x00, 0x00, 0x00, 0x00, 0x00, 0x00, 0x00, 0x00, 0x00,
    0x00, 0x00, 0x00, 0x00, 0x00, 0x00, 0x00, 0x00, 0x00, 0x00, 0x00, 0x00,
    0x00, 0x00, 0x00, 0x00, 0x00, 0x00, 0x00, 0x00, 0x00, 0x00, 0x00, 0x00,
    0x00, 0x00, 0x00, 0x00, 0x00, 0x00, 0x00, 0x00, 0x00, 0x00, 0x00, 0x00,
    0x00, 0x00, 0x00, 0x00, 0x00, 0x00, 0x00, 0x00, 0x00, 0x00, 0x00, 0x00,
    0x00, 0x00, 0x00, 0x00, 0x00, 0x00, 0x00, 0x00, 0x00, 0x00, 0x00, 0x00,
    0x00, 0x00, 0x00, 0x00, 0x00, 0x00, 0x00, 0x00, 0x00, 0x00, 0x00, 0x00,
    0x00, 0x00, 0x00, 0x00, 0x00, 0x00, 0x00, 0x00, 0x00, 0x00, 0x00, 0x00,
    0x00, 0x00, 0x00, 0x00, 0x00, 0x00, 0x00, 0x00, 0x00, 0x00, 0x00, 0x00,
    0x80, 0x00, 0x00, 0x04, 0x50, 0x00, 0x00, 0x04, 0x68, 0x34, 0x00, 0x04,
    0x68, 0x24, 0x00, 0x08, 0x80, 0x18, 0x00, 0x08, 0x78, 0x28, 0x00, 0x0c,
    0xf8, 0xfc, 0xf8, 0xff, 0xf8, 0xfc, 0xf8, 0xff, 0xf8, 0xfc, 0xf8, 0xff,
    0xf8, 0xfc, 0xf8, 0xff, 0xf8, 0xfc, 0xf8, 0xff, 0xf8, 0xfc, 0xf8, 0xff,
    0xf8, 0xfc, 0xf8, 0xff, 0xf8, 0xfc, 0xf8, 0xff, 0xf8, 0xfc, 0xf8, 0xff,
    0xf8, 0xfc, 0xf8, 0xff, 0xf8, 0xfc, 0xf8, 0xff, 0xf8, 0xfc, 0xf8, 0xff,
    0xf8, 0xfc, 0xf8, 0xff, 0xf8, 0xfc, 0xf8, 0xff, 0xf8, 0xfc, 0xf8, 0xff,
    0xf8, 0xfc, 0xf8, 0xff, 0xf8, 0xfc, 0xf8, 0xff, 0xf8, 0xfc, 0xf8, 0xff,
    0xf8, 0xfc, 0xf8, 0xff, 0xf8, 0xfc, 0xf8, 0xff, 0xf8, 0xfc, 0xf8, 0xff,
    0xf8, 0xfc, 0xf8, 0xff, 0xf8, 0xfc, 0xf8, 0xff, 0xf8, 0xfc, 0xf8, 0xff,
    0xf8, 0xfc, 0xf8, 0xff, 0xf8, 0xfc, 0xf8, 0xff, 0xf8, 0xfc, 0xf8, 0xff,
    0xf8, 0xfc, 0xf8, 0xff, 0xf8, 0xfc, 0xf8, 0xff, 0xf8, 0xfc, 0xf8, 0xff,
    0xf8, 0xfc, 0xf8, 0xff, 0xf8, 0xfc, 0xf8, 0xff, 0xf8, 0xfc, 0xf8, 0xff,
    0xf8, 0xfc, 0xf8, 0xff, 0xf8, 0xfc, 0xf8, 0xff, 0xf8, 0xfc, 0xf8, 0xff,
    0xf8, 0xfc, 0xf8, 0xff, 0xf8, 0xfc, 0xf8, 0xff, 0xf8, 0xfc, 0xf8, 0xff,
    0xf8, 0xfc, 0xf8, 0xff, 0xf8, 0xfc, 0xf8, 0xff, 0xf8, 0xfc, 0xf8, 0xff,
    0xf8, 0xfc, 0xf8, 0xff, 0xf8, 0xfc, 0xf8, 0xff, 0xf8, 0xfc, 0xf8, 0xff,
    0xf8, 0xfc, 0xf8, 0xff, 0xf8, 0xfc, 0xf8, 0xff, 0xf8, 0xfc, 0xf8, 0xff,
    0xf8, 0xfc, 0xf8, 0xff, 0xf8, 0xfc, 0xf8, 0xff, 0xf8, 0xfc, 0xf8, 0xff,
    0xf8, 0xfc, 0xf8, 0xff, 0xf8, 0xfc, 0xf8, 0xff, 0xf8, 0xfc, 0xf8, 0xff,
    0xf8, 0xfc, 0xf8, 0xff, 0xf8, 0xfc, 0xf8, 0xff, 0xf8, 0xfc, 0xf8, 0xff,
    0xf8, 0xfc, 0xf8, 0xff, 0xf8, 0xfc, 0xf8, 0xff, 0xf8, 0xfc, 0xf8, 0xff,
    0xf8, 0xfc, 0xf8, 0xff, 0xf8, 0xfc, 0xf8, 0xff, 0xf8, 0xfc, 0xf8, 0xff,
    0xf8, 0xfc, 0xf8, 0xff, 0xf8, 0xfc, 0xf8, 0xff, 0xf8, 0xfc, 0xf8, 0xff,
    0xf8, 0xfc, 0xf8, 0xff, 0xf8, 0xfc, 0xf8, 0xff, 0xf8, 0xfc, 0xf8, 0xff,
    0xf8, 0xfc, 0xf8, 0xff, 0xf8, 0xfc, 0xf8, 0xff, 0xf8, 0xfc, 0xf8, 0xff,
    0xf8, 0xfc, 0xf8, 0xff, 0xf8, 0xfc, 0xf8, 0xff, 0xf8, 0xfc, 0xf8, 0xff,
    0xf8, 0xfc, 0xf8, 0xff, 0xf8, 0xfc, 0xf8, 0xff, 0xf8, 0xfc, 0xf8, 0xff,
    0xf8, 0xfc, 0xf8, 0xff, 0xf8, 0xfc, 0xf8, 0xff, 0xf8, 0xfc, 0xf8, 0xff,
    0xf8, 0xfc, 0xf8, 0xff, 0xf8, 0xfc, 0xf8, 0xff, 0xf8, 0xfc, 0xf8, 0xff,
    0xf8, 0xfc, 0xf8, 0xff, 0xf8, 0xfc, 0xf8, 0xff, 0xf8, 0xfc, 0xf8, 0xff,
    0xf8, 0xfc, 0xf8, 0xff, 0xf8, 0xfc, 0xf8, 0xff, 0xf8, 0xfc, 0xf8, 0xff,
    0xf8, 0xfc, 0xf8, 0xff, 0xf8, 0xfc, 0xf8, 0xff, 0xf8, 0xf8, 0xf8, 0xff,
    0xf8, 0xfc, 0xf8, 0xff, 0xf8, 0xfc, 0xf8, 0xff, 0xf8, 0xfc, 0xf8, 0xff,
    0xf8, 0xf8, 0xf8, 0xff, 0xf8, 0xfc, 0xf8, 0xff, 0xf8, 0xfc, 0xf8, 0xff,
    0xf8, 0xfc, 0xf8, 0xff, 0xf8, 0xf8, 0xf8, 0xff, 0xf8, 0xf8, 0xf8, 0xff,
    0xf8, 0xfc, 0xf8, 0xff, 0xf8, 0xf8, 0xf8, 0xff, 0xf8, 0xf8, 0xf8, 0xff,
    0xf8, 0xfc, 0xf8, 0xff, 0xf8, 0xf8, 0xf8, 0xff, 0xf8, 0xf8, 0xf8, 0xff,
    0xf8, 0xfc, 0xf8, 0xff, 0xf8, 0xf8, 0xf8, 0xff, 0xf8, 0xfc, 0xf8, 0xff,
    0xf8, 0xf8, 0xf8, 0xff, 0xf8, 0xf8, 0xf8, 0xff, 0xf8, 0xf8, 0xf8, 0xff,
    0xf8, 0xf8, 0xf0, 0xff, 0xf8, 0xf8, 0xf8, 0xff, 0xf8, 0xfc, 0xf8, 0xff,
    0xf8, 0xf8, 0xf8, 0xff, 0xf8, 0xf8, 0xf0, 0xff, 0xf8, 0xf8, 0xf8, 0xff,
    0xf8, 0xfc, 0xf8, 0xff, 0xf8, 0xf8, 0xf8, 0xff, 0xf8, 0xf8, 0xf8, 0xff,
    0xf8, 0xfc, 0xf8, 0xff, 0xf8, 0xf8, 0xf8, 0xff, 0xf8, 0xf8, 0xf8, 0xff,
    0xf8, 0xf8, 0xf0, 0xff, 0xf8, 0xf8, 0xf8, 0xff, 0xf8, 0xf8, 0xf8, 0xff,
    0xf8, 0xf8, 0xf8, 0xff, 0xf8, 0xf8, 0xf0, 0xff, 0xf8, 0xf8, 0xf8, 0xff,
    0xf8, 0xf8, 0xf8, 0xff, 0xf8, 0xf8, 0xf8, 0xff, 0xf8, 0xf8, 0xf0, 0xff,
    0xf8, 0xf8, 0xf8, 0xff, 0xf8, 0xf8, 0xf0, 0xff, 0xf8, 0xf8, 0xf0, 0xff,
    0xf8, 0xf8, 0xf8, 0xff, 0xf8, 0xf8, 0xf0, 0xff, 0xf8, 0xf8, 0xf8, 0xff,
    0xf8, 0xf8, 0xf8, 0xff, 0xf8, 0xf8, 0xf0, 0xff, 0xf8, 0xf8, 0xf8, 0xff,
    0xf8, 0xf8, 0xf8, 0xff, 0xf8, 0xf8, 0xf0, 0xff, 0xf8, 0xf8, 0xf0, 0xff,
    0xf8, 0xf8, 0xf8, 0xff, 0xf8, 0xf8, 0xf8, 0xff, 0xf8, 0xf4, 0xf0, 0xff,
    0xf8, 0xf8, 0xf8, 0xff, 0xf8, 0xf8, 0xf0, 0xff, 0xf8, 0xf4, 0xf0, 0xff,
    0xf8, 0xf8, 0xf8, 0xff, 0xf8, 0xf4, 0xf0, 0xff, 0xf8, 0xf8, 0xf0, 0xff,
    0xf8, 0xf8, 0xf8, 0xff, 0xf8, 0xf4, 0xf8, 0xff, 0xf8, 0xf8, 0xf0, 0xff,
    0xf8, 0xf8, 0xf8, 0xff, 0xf8, 0xf4, 0xf8, 0xff, 0xf8, 0xf8, 0xf8, 0xff,
    0xf8, 0xf8, 0xf0, 0xff, 0xf8, 0xf8, 0xf8, 0xff, 0xf8, 0xf8, 0xf8, 0xff,
    0xf8, 0xf4, 0xf0, 0xff, 0xf8, 0xf8, 0xf8, 0xff, 0xf8, 0xf8, 0xf8, 0xff,
    0xf8, 0xf4, 0xf0, 0xff, 0xf8, 0xf8, 0xf8, 0xff, 0xf8, 0xf8, 0xf0, 0xff,
    0xf8, 0xf4, 0xf0, 0xff, 0xf8, 0xf8, 0xf8, 0xff, 0xf8, 0xf8, 0xf0, 0xff,
    0xf8, 0xf4, 0xf0, 0xff, 0xf8, 0xf4, 0xf8, 0xff, 0xf8, 0xf8, 0xf0, 0xff,
    0xf8, 0xf8, 0xf0, 0xff, 0xf8, 0xf8, 0xf0, 0xff, 0xf8, 0xf8, 0xf8, 0xff,
    0xf8, 0xf8, 0xf0, 0xff, 0xf8, 0xf8, 0xf8, 0xff, 0xf8, 0xf4, 0xf8, 0xff,
    0xf8, 0xf8, 0xf0, 0xff, 0xf8, 0xf8, 0xf8, 0xff, 0xf8, 0xf4, 0xf0, 0xff,
    0xf8, 0xf8, 0xf8, 0xff, 0xf8, 0xf8, 0xf0, 0xff, 0xf8, 0xf4, 0xf0, 0xff,
    0xf8, 0xf8, 0xf8, 0xff, 0xf8, 0xf8, 0xf0, 0xff, 0xf8, 0xf8, 0xf0, 0xff,
    0xf8, 0xf8, 0xf8, 0xff, 0xf8, 0xf8, 0xf0, 0xff, 0xf8, 0xf8, 0xf0, 0xff,
    0xf8, 0xf4, 0xf8, 0xff, 0xf8, 0xf8, 0xf8, 0xff, 0xf8, 0xf8, 0xf0, 0xff,
    0xf8, 0xf4, 0xf0, 0xff, 0xf8, 0xf8, 0xf8, 0xff, 0xf8, 0xf8, 0xf8, 0xff,
    0xa0, 0x70, 0x50, 0x28, 0x80, 0x18, 0x00, 0x0c, 0x68, 0x24, 0x00, 0x08,
    0x68, 0x34, 0x00, 0x04, 0x58, 0x00, 0x00, 0x04, 0x80, 0x00, 0x00, 0x04,
    0x00, 0x00, 0x00, 0x00, 0x00, 0x00, 0x00, 0x00, 0x00, 0x00, 0x00, 0x00,
    0x00, 0x00, 0x00, 0x00, 0x00, 0x00, 0x00, 0x00, 0x00, 0x00, 0x00, 0x00,
    0x00, 0x00, 0x00, 0x00, 0x00, 0x00, 0x00, 0x00, 0x00, 0x00, 0x00, 0x00,
    0x00, 0x00, 0x00, 0x00, 0x00, 0x00, 0x00, 0x00, 0x00, 0x00, 0x00, 0x00,
    0x00, 0x00, 0x00, 0x00, 0x00, 0x00, 0x00, 0x00, 0x00, 0x00, 0x00, 0x00,
    0x00, 0x00, 0x00, 0x00, 0x00, 0x00, 0x00, 0x00, 0x00, 0x00, 0x00, 0x00,
    0x00, 0x00, 0x00, 0x00, 0x00, 0x00, 0x00, 0x00, 0x00, 0x00, 0x00, 0x00,
    0x00, 0x00, 0x00, 0x00, 0x00, 0x00, 0x00, 0x00, 0x00, 0x00, 0x00, 0x00,
    0x00, 0x00, 0x00, 0x00, 0x00, 0x00, 0x00, 0x00, 0x00, 0x00, 0x00, 0x00,
    0x00, 0x00, 0x00, 0x00, 0x00, 0x00, 0x00, 0x00, 0x00, 0x00, 0x00, 0x00,
    0x00, 0x00, 0x00, 0x00, 0x00, 0x00, 0x00, 0x00, 0x00, 0x00, 0x00, 0x00,
    0x00, 0x00, 0x00, 0x00, 0x00, 0x00, 0x00, 0x00, 0x00, 0x00, 0x00, 0x00,
    0x00, 0x00, 0x00, 0x00, 0x00, 0x00, 0x00, 0x00, 0x00, 0x00, 0x00, 0x00,
    0x00, 0x00, 0x00, 0x00, 0x00, 0x00, 0x00, 0x00, 0x00, 0x00, 0x00, 0x00,
    0x00, 0x00, 0x00, 0x00, 0x00, 0x00, 0x00, 0x00, 0x00, 0x00, 0x00, 0x00,
    0x00, 0x00, 0x00, 0x00, 0x00, 0x00, 0x00, 0x00, 0x00, 0x00, 0x00, 0x00,
    0x80, 0x00, 0x00, 0x00, 0x58, 0x00, 0x00, 0x04, 0x68, 0x34, 0x00, 0x04,
    0x80, 0x20, 0x00, 0x08, 0x80, 0x18, 0x00, 0x0c, 0x78, 0x28, 0x00, 0x0c,
    0xf8, 0xfc, 0xf8, 0xff, 0xf8, 0xfc, 0xf8, 0xff, 0xf8, 0xfc, 0xf8, 0xff,
    0xf8, 0xfc, 0xf8, 0xff, 0xf8, 0xfc, 0xf8, 0xff, 0xf8, 0xfc, 0xf8, 0xff,
    0xf8, 0xfc, 0xf8, 0xff, 0xf8, 0xfc, 0xf8, 0xff, 0xf8, 0xfc, 0xf8, 0xff,
    0xf8, 0xfc, 0xf8, 0xff, 0xf8, 0xfc, 0xf8, 0xff, 0xf8, 0xfc, 0xf8, 0xff,
    0xf8, 0xfc, 0xf8, 0xff, 0xf8, 0xfc, 0xf8, 0xff, 0xf8, 0xfc, 0xf8, 0xff,
    0xf8, 0xfc, 0xf8, 0xff, 0xf8, 0xfc, 0xf8, 0xff, 0xf8, 0xfc, 0xf8, 0xff,
    0xf8, 0xfc, 0xf8, 0xff, 0xf8, 0xfc, 0xf8, 0xff, 0xf8, 0xfc, 0xf8, 0xff,
    0xf8, 0xfc, 0xf8, 0xff, 0xf8, 0xfc, 0xf8, 0xff, 0xf8, 0xfc, 0xf8, 0xff,
    0xf8, 0xfc, 0xf8, 0xff, 0xf8, 0xfc, 0xf8, 0xff, 0xf8, 0xfc, 0xf8, 0xff,
    0xf8, 0xfc, 0xf8, 0xff, 0xf8, 0xfc, 0xf8, 0xff, 0xf8, 0xfc, 0xf8, 0xff,
    0xf8, 0xfc, 0xf8, 0xff, 0xf8, 0xfc, 0xf8, 0xff, 0xf8, 0xfc, 0xf8, 0xff,
    0xf8, 0xfc, 0xf8, 0xff, 0xf8, 0xfc, 0xf8, 0xff, 0xf8, 0xfc, 0xf8, 0xff,
    0xf8, 0xfc, 0xf8, 0xff, 0xf8, 0xfc, 0xf8, 0xff, 0xf8, 0xfc, 0xf8, 0xff,
    0xf8, 0xfc, 0xf8, 0xff, 0xf8, 0xfc, 0xf8, 0xff, 0xf8, 0xfc, 0xf8, 0xff,
    0xf8, 0xfc, 0xf8, 0xff, 0xf8, 0xfc, 0xf8, 0xff, 0xf8, 0xfc, 0xf8, 0xff,
    0xf8, 0xfc, 0xf8, 0xff, 0xf8, 0xfc, 0xf8, 0xff, 0xf8, 0xfc, 0xf8, 0xff,
    0xf8, 0xfc, 0xf8, 0xff, 0xf8, 0xfc, 0xf8, 0xff, 0xf8, 0xfc, 0xf8, 0xff,
    0xf8, 0xfc, 0xf8, 0xff, 0xf8, 0xfc, 0xf8, 0xff, 0xf8, 0xfc, 0xf8, 0xff,
    0xf8, 0xfc, 0xf8, 0xff, 0xf8, 0xfc, 0xf8, 0xff, 0xf8, 0xfc, 0xf8, 0xff,
    0xf8, 0xfc, 0xf8, 0xff, 0xf8, 0xfc, 0xf8, 0xff, 0xf8, 0xfc, 0xf8, 0xff,
    0xf8, 0xfc, 0xf8, 0xff, 0xf8, 0xfc, 0xf8, 0xff, 0xf8, 0xfc, 0xf8, 0xff,
    0xf8, 0xfc, 0xf8, 0xff, 0xf8, 0xfc, 0xf8, 0xff, 0xf8, 0xfc, 0xf8, 0xff,
    0xf8, 0xfc, 0xf8, 0xff, 0xf8, 0xfc, 0xf8, 0xff, 0xf8, 0xfc, 0xf8, 0xff,
    0xf8, 0xfc, 0xf8, 0xff, 0xf8, 0xfc, 0xf8, 0xff, 0xf8, 0xfc, 0xf8, 0xff,
    0xf8, 0xfc, 0xf8, 0xff, 0xf8, 0xfc, 0xf8, 0xff, 0xf8, 0xfc, 0xf8, 0xff,
    0xf8, 0xfc, 0xf8, 0xff, 0xf8, 0xfc, 0xf8, 0xff, 0xf8, 0xfc, 0xf8, 0xff,
    0xf8, 0xfc, 0xf8, 0xff, 0xf8, 0xfc, 0xf8, 0xff, 0xf8, 0xfc, 0xf8, 0xff,
    0xf8, 0xfc, 0xf8, 0xff, 0xf8, 0xfc, 0xf8, 0xff, 0xf8, 0xfc, 0xf8, 0xff,
    0xf8, 0xfc, 0xf8, 0xff, 0xf8, 0xfc, 0xf8, 0xff, 0xf8, 0xfc, 0xf8, 0xff,
    0xf8, 0xfc, 0xf8, 0xff, 0xf8, 0xfc, 0xf8, 0xff, 0xf8, 0xf8, 0xf8, 0xff,
    0xf8, 0xfc, 0xf8, 0xff, 0xf8, 0xfc, 0xf8, 0xff, 0xf8, 0xfc, 0xf8, 0xff,
    0xf8, 0xf8, 0xf8, 0xff, 0xf8, 0xfc, 0xf8, 0xff, 0xf8, 0xfc, 0xf8, 0xff,
    0xf8, 0xfc, 0xf8, 0xff, 0xf8, 0xfc, 0xf8, 0xff, 0xf8, 0xfc, 0xf8, 0xff,
    0xf8, 0xf8, 0xf8, 0xff, 0xf8, 0xf8, 0xf8, 0xff, 0xf8, 0xfc, 0xf8, 0xff,
    0xf8, 0xfc, 0xf8, 0xff, 0xf8, 0xf8, 0xf8, 0xff, 0xf8, 0xfc, 0xf8, 0xff,
    0xf8, 0xfc, 0xf8, 0xff, 0xf8, 0xf8, 0xf8, 0xff, 0xf8, 0xfc, 0xf8, 0xff,
    0xf8, 0xfc, 0xf8, 0xff, 0xf8, 0xf8, 0xf8, 0xff, 0xf8, 0xf8, 0xf8, 0xff,
    0xf8, 0xf8, 0xf8, 0xff, 0xf8, 0xf8, 0xf8, 0xff, 0xf8, 0xfc, 0xf8, 0xff,
    0xf8, 0xf8, 0xf8, 0xff, 0xf8, 0xf8, 0xf8, 0xff, 0xf8, 0xf8, 0xf8, 0xff,
    0xf8, 0xfc, 0xf8, 0xff, 0xf8, 0xf8, 0xf8, 0xff, 0xf8, 0xf8, 0xf0, 0xff,
    0xf8, 0xf8, 0xf8, 0xff, 0xf8, 0xfc, 0xf8, 0xff, 0xf8, 0xf8, 0xf0, 0xff,
    0xf8, 0xf8, 0xf0, 0xff, 0xf8, 0xf8, 0xf8, 0xff, 0xf8, 0xf8, 0xf8, 0xff,
    0xf8, 0xf8, 0xf8, 0xff, 0xf8, 0xf8, 0xf0, 0xff, 0xf8, 0xf8, 0xf8, 0xff,
    0xf8, 0xf8, 0xf8, 0xff, 0xf8, 0xf8, 0xf0, 0xff, 0xf8, 0xf8, 0xf8, 0xff,
    0xf8, 0xf8, 0xf8, 0xff, 0xf8, 0xf8, 0xf0, 0xff, 0xf8, 0xf8, 0xf8, 0xff,
    0xf8, 0xf8, 0xf8, 0xff, 0xf8, 0xf8, 0xf8, 0xff, 0xf8, 0xf8, 0xf8, 0xff,
    0xf8, 0xf8, 0xf8, 0xff, 0xf8, 0xf8, 0xf0, 0xff, 0xf8, 0xf8, 0xf8, 0xff,
    0xf8, 0xf8, 0xf0, 0xff, 0xf8, 0xf8, 0xf8, 0xff, 0xf8, 0xf4, 0xf8, 0xff,
    0xf8, 0xf8, 0xf0, 0xff, 0xf8, 0xf8, 0xf8, 0xff, 0xf8, 0xf8, 0xf0, 0xff,
    0xf8, 0xf8, 0xf8, 0xff, 0xf8, 0xf8, 0xf0, 0xff, 0xf8, 0xf8, 0xf0, 0xff,
    0xf8, 0xf8, 0xf8, 0xff, 0xf8, 0xf8, 0xf8, 0xff, 0xf8, 0xf8, 0xf8, 0xff,
    0xf8, 0xf4, 0xf0, 0xff, 0xf8, 0xf8, 0xf8, 0xff, 0xf8, 0xf8, 0xf0, 0xff,
    0xf8, 0xf4, 0xf8, 0xff, 0xf8, 0xf8, 0xf0, 0xff, 0xf8, 0xf8, 0xf0, 0xff,
    0xf8, 0xf8, 0xf8, 0xff, 0xf8, 0xf8, 0xf0, 0xff, 0xf8, 0xf8, 0xf0, 0xff,
    0xf8, 0xf4, 0xf8, 0xff, 0xf8, 0xf8, 0xf0, 0xff, 0xf8, 0xf8, 0xf0, 0xff,
    0xf8, 0xf8, 0xf8, 0xff, 0xf8, 0xf4, 0xf0, 0xff, 0xf8, 0xf8, 0xf0, 0xff,
    0xf8, 0xf8, 0xf8, 0xff, 0xf8, 0xf8, 0xf8, 0xff, 0xf8, 0xf8, 0xf0, 0xff,
    0xf8, 0xf8, 0xf8, 0xff, 0xf8, 0xf8, 0xf8, 0xff, 0xf8, 0xf8, 0xf0, 0xff,
    0xf8, 0xf8, 0xf8, 0xff, 0xf8, 0xf8, 0xf8, 0xff, 0xf8, 0xf4, 0xf0, 0xff,
    0xf8, 0xf8, 0xf8, 0xff, 0xf8, 0xf4, 0xf8, 0xff, 0xf8, 0xf8, 0xf0, 0xff,
    0xf8, 0xf8, 0xf0, 0xff, 0xf8, 0xf4, 0xf8, 0xff, 0xf8, 0xf8, 0xf0, 0xff,
    0xf8, 0xf8, 0xf8, 0xff, 0xf8, 0xf4, 0xf8, 0xff, 0xf8, 0xf8, 0xf0, 0xff,
    0xf8, 0xf8, 0xf8, 0xff, 0xf8, 0xf8, 0xf8, 0xff, 0xf8, 0xf4, 0xf0, 0xff,
    0xf8, 0xf8, 0xf8, 0xff, 0xf8, 0xf4, 0xf0, 0xff, 0xf8, 0xf4, 0xf8, 0xff,
    0xf8, 0xf8, 0xf8, 0xff, 0xf8, 0xf8, 0xf0, 0xff, 0xf8, 0xf4, 0xf8, 0xff,
    0xf8, 0xf8, 0xf0, 0xff, 0xf8, 0xf8, 0xf8, 0xff, 0xf8, 0xf8, 0xf8, 0xff,
    0xf8, 0xf8, 0xf0, 0xff, 0xf8, 0xf8, 0xf0, 0xff, 0xf8, 0xf8, 0xf8, 0xff,
    0xa8, 0x74, 0x60, 0x38, 0x88, 0x3c, 0x10, 0x0c, 0x80, 0x20, 0x00, 0x08,
    0x68, 0x34, 0x00, 0x04, 0x58, 0x00, 0x00, 0x04, 0x80, 0x00, 0x00, 0x00,
    0x00, 0x00, 0x00, 0x00, 0x00, 0x00, 0x00, 0x00, 0x00, 0x00, 0x00, 0x00,
    0x00, 0x00, 0x00, 0x00, 0x00, 0x00, 0x00, 0x00, 0x00, 0x00, 0x00, 0x00,
    0x00, 0x00, 0x00, 0x00, 0x00, 0x00, 0x00, 0x00, 0x00, 0x00, 0x00, 0x00,
    0x00, 0x00, 0x00, 0x00, 0x00, 0x00, 0x00, 0x00, 0x00, 0x00, 0x00, 0x00,
    0x00, 0x00, 0x00, 0x00, 0x00, 0x00, 0x00, 0x00, 0x00, 0x00, 0x00, 0x00,
    0x00, 0x00, 0x00, 0x00, 0x00, 0x00, 0x00, 0x00, 0x00, 0x00, 0x00, 0x00,
    0x00, 0x00, 0x00, 0x00, 0x00, 0x00, 0x00, 0x00, 0x00, 0x00, 0x00, 0x00,
    0x00, 0x00, 0x00, 0x00, 0x00, 0x00, 0x00, 0x00, 0x00, 0x00, 0x00, 0x00,
    0x00, 0x00, 0x00, 0x00, 0x00, 0x00, 0x00, 0x00, 0x00, 0x00, 0x00, 0x00,
    0x00, 0x00, 0x00, 0x00, 0x00, 0x00, 0x00, 0x00, 0x00, 0x00, 0x00, 0x00,
    0x00, 0x00, 0x00, 0x00, 0x00, 0x00, 0x00, 0x00, 0x00, 0x00, 0x00, 0x00,
    0x00, 0x00, 0x00, 0x00, 0x00, 0x00, 0x00, 0x00, 0x00, 0x00, 0x00, 0x00,
    0x00, 0x00, 0x00, 0x00, 0x00, 0x00, 0x00, 0x00, 0x00, 0x00, 0x00, 0x00,
    0x00, 0x00, 0x00, 0x00, 0x00, 0x00, 0x00, 0x00, 0x00, 0x00, 0x00, 0x00,
    0x00, 0x00, 0x00, 0x00, 0x00, 0x00, 0x00, 0x00, 0x00, 0x00, 0x00, 0x00,
    0x00, 0x00, 0x00, 0x00, 0x00, 0x00, 0x00, 0x00, 0x00, 0x00, 0x00, 0x00,
    0x80, 0x00, 0x00, 0x04, 0x80, 0x40, 0x00, 0x04, 0x80, 0x28, 0x00, 0x04,
    0x80, 0x20, 0x00, 0x08, 0x70, 0x2c, 0x00, 0x0c, 0x80, 0x24, 0x00, 0x10,
    0xf8, 0xfc, 0xf8, 0xff, 0xf8, 0xfc, 0xf8, 0xff, 0xf8, 0xfc, 0xf8, 0xff,
    0xf8, 0xfc, 0xf8, 0xff, 0xf8, 0xfc, 0xf8, 0xff, 0xf8, 0xfc, 0xf8, 0xff,
    0xf8, 0xfc, 0xf8, 0xff, 0xf8, 0xfc, 0xf8, 0xff, 0xf8, 0xfc, 0xf8, 0xff,
    0xf8, 0xfc, 0xf8, 0xff, 0xf8, 0xfc, 0xf8, 0xff, 0xf8, 0xfc, 0xf8, 0xff,
    0xf8, 0xfc, 0xf8, 0xff, 0xf8, 0xfc, 0xf8, 0xff, 0xf8, 0xfc, 0xf8, 0xff,
    0xf8, 0xfc, 0xf8, 0xff, 0xf8, 0xfc, 0xf8, 0xff, 0xf8, 0xfc, 0xf8, 0xff,
    0xf8, 0xfc, 0xf8, 0xff, 0xf8, 0xfc, 0xf8, 0xff, 0xf8, 0xfc, 0xf8, 0xff,
    0xf8, 0xfc, 0xf8, 0xff, 0xf8, 0xfc, 0xf8, 0xff, 0xf8, 0xfc, 0xf8, 0xff,
    0xf8, 0xfc, 0xf8, 0xff, 0xf8, 0xfc, 0xf8, 0xff, 0xf8, 0xfc, 0xf8, 0xff,
    0xf8, 0xfc, 0xf8, 0xff, 0xf8, 0xfc, 0xf8, 0xff, 0xf8, 0xfc, 0xf8, 0xff,
    0xf8, 0xfc, 0xf8, 0xff, 0xf8, 0xfc, 0xf8, 0xff, 0xf8, 0xfc, 0xf8, 0xff,
    0xf8, 0xfc, 0xf8, 0xff, 0xf8, 0xfc, 0xf8, 0xff, 0xf8, 0xfc, 0xf8, 0xff,
    0xf8, 0xfc, 0xf8, 0xff, 0xf8, 0xfc, 0xf8, 0xff, 0xf8, 0xfc, 0xf8, 0xff,
    0xf8, 0xfc, 0xf8, 0xff, 0xf8, 0xfc, 0xf8, 0xff, 0xf8, 0xfc, 0xf8, 0xff,
    0xf8, 0xfc, 0xf8, 0xff, 0xf8, 0xfc, 0xf8, 0xff, 0xf8, 0xfc, 0xf8, 0xff,
    0xf8, 0xfc, 0xf8, 0xff, 0xf8, 0xfc, 0xf8, 0xff, 0xf8, 0xfc, 0xf8, 0xff,
    0xf8, 0xfc, 0xf8, 0xff, 0xf8, 0xfc, 0xf8, 0xff, 0xf8, 0xfc, 0xf8, 0xff,
    0xf8, 0xfc, 0xf8, 0xff, 0xf8, 0xfc, 0xf8, 0xff, 0xf8, 0xfc, 0xf8, 0xff,
    0xf8, 0xfc, 0xf8, 0xff, 0xf8, 0xfc, 0xf8, 0xff, 0xf8, 0xfc, 0xf8, 0xff,
    0xf8, 0xfc, 0xf8, 0xff, 0xf8, 0xfc, 0xf8, 0xff, 0xf8, 0xfc, 0xf8, 0xff,
    0xf8, 0xfc, 0xf8, 0xff, 0xf8, 0xfc, 0xf8, 0xff, 0xf8, 0xfc, 0xf8, 0xff,
    0xf8, 0xfc, 0xf8, 0xff, 0xf8, 0xfc, 0xf8, 0xff, 0xf8, 0xfc, 0xf8, 0xff,
    0xf8, 0xfc, 0xf8, 0xff, 0xf8, 0xfc, 0xf8, 0xff, 0xf8, 0xfc, 0xf8, 0xff,
    0xf8, 0xfc, 0xf8, 0xff, 0xf8, 0xfc, 0xf8, 0xff, 0xf8, 0xfc, 0xf8, 0xff,
    0xf8, 0xfc, 0xf8, 0xff, 0xf8, 0xfc, 0xf8, 0xff, 0xf8, 0xfc, 0xf8, 0xff,
    0xf8, 0xfc, 0xf8, 0xff, 0xf8, 0xfc, 0xf8, 0xff, 0xf8, 0xfc, 0xf8, 0xff,
    0xf8, 0xfc, 0xf8, 0xff, 0xf8, 0xfc, 0xf8, 0xff, 0xf8, 0xfc, 0xf8, 0xff,
    0xf8, 0xfc, 0xf8, 0xff, 0xf8, 0xfc, 0xf8, 0xff, 0xf8, 0xfc, 0xf8, 0xff,
    0xf8, 0xfc, 0xf8, 0xff, 0xf8, 0xfc, 0xf8, 0xff, 0xf8, 0xfc, 0xf8, 0xff,
    0xf8, 0xfc, 0xf8, 0xff, 0xf8, 0xfc, 0xf8, 0xff, 0xf8, 0xf8, 0xf8, 0xff,
    0xf8, 0xfc, 0xf8, 0xff, 0xf8, 0xfc, 0xf8, 0xff, 0xf8, 0xfc, 0xf8, 0xff,
    0xf8, 0xfc, 0xf8, 0xff, 0xf8, 0xf8, 0xf8, 0xff, 0xf8, 0xfc, 0xf8, 0xff,
    0xf8, 0xfc, 0xf8, 0xff, 0xf8, 0xf8, 0xf8, 0xff, 0xf8, 0xf8, 0xf8, 0xff,
    0xf8, 0xfc, 0xf8, 0xff, 0xf8, 0xfc, 0xf8, 0xff, 0xf8, 0xf8, 0xf8, 0xff,
    0xf8, 0xfc, 0xf8, 0xff, 0xf8, 0xf8, 0xf8, 0xff, 0xf8, 0xfc, 0xf8, 0xff,
    0xf8, 0xf8, 0xf8, 0xff, 0xf8, 0xf8, 0xf8, 0xff, 0xf8, 0xfc, 0xf8, 0xff,
    0xf8, 0xf8, 0xf8, 0xff, 0xf8, 0xf8, 0xf8, 0xff, 0xf8, 0xf8, 0xf8, 0xff,
    0xf8, 0xf8, 0xf8, 0xff, 0xf8, 0xfc, 0xf0, 0xff, 0xf8, 0xf8, 0xf8, 0xff,
    0xf8, 0xf8, 0xf8, 0xff, 0xf8, 0xfc, 0xf8, 0xff, 0xf8, 0xf8, 0xf8, 0xff,
    0xf8, 0xf8, 0xf8, 0xff, 0xf8, 0xfc, 0xf8, 0xff, 0xf8, 0xf8, 0xf0, 0xff,
    0xf8, 0xf8, 0xf8, 0xff, 0xf8, 0xf8, 0xf8, 0xff, 0xf8, 0xf8, 0xf8, 0xff,
    0xf8, 0xf8, 0xf8, 0xff, 0xf8, 0xf8, 0xf0, 0xff, 0xf8, 0xf8, 0xf8, 0xff,
    0xf8, 0xf8, 0xf8, 0xff, 0xf8, 0xf8, 0xf8, 0xff, 0xf8, 0xf8, 0xf0, 0xff,
    0xf8, 0xf8, 0xf8, 0xff, 0xf8, 0xf8, 0xf0, 0xff, 0xf8, 0xf8, 0xf8, 0xff,
    0xf8, 0xf8, 0xf0, 0xff, 0xf8, 0xf8, 0xf8, 0xff, 0xf8, 0xf8, 0xf8, 0xff,
    0xf8, 0xf8, 0xf0, 0xff, 0xf8, 0xf8, 0xf0, 0xff, 0xf8, 0xf8, 0xf8, 0xff,
    0xf8, 0xf8, 0xf8, 0xff, 0xf8, 0xf8, 0xf0, 0xff, 0xf8, 0xf8, 0xf8, 0xff,
    0xf8, 0xf8, 0xf8, 0xff, 0xf8, 0xf8, 0xf0, 0xff, 0xf8, 0xf8, 0xf8, 0xff,
    0xf8, 0xf4, 0xf0, 0xff, 0xf8, 0xf8, 0xf8, 0xff, 0xf8, 0xf4, 0xf8, 0xff,
    0xf8, 0xf4, 0xf0, 0xff, 0xf8, 0xf8, 0xf8, 0xff, 0xf8, 0xf4, 0xf0, 0xff,
    0xf8, 0xf8, 0xf0, 0xff, 0xf8, 0xf8, 0xf8, 0xff, 0xf8, 0xf4, 0xf0, 0xff,
    0xf8, 0xf8, 0xf8, 0xff, 0xf8, 0xf8, 0xf0, 0xff, 0xf8, 0xf8, 0xf8, 0xff,
    0xf8, 0xf8, 0xf0, 0xff, 0xf8, 0xf8, 0xf8, 0xff, 0xf8, 0xf4, 0xf8, 0xff,
    0xf8, 0xf8, 0xf0, 0xff, 0xf8, 0xf8, 0xf0, 0xff, 0xf8, 0xf4, 0xf8, 0xff,
    0xf8, 0xf8, 0xf8, 0xff, 0xf8, 0xf8, 0xf0, 0xff, 0xf8, 0xf4, 0xf8, 0xff,
    0xf8, 0xf8, 0xf8, 0xff, 0xf8, 0xf8, 0xf0, 0xff, 0xf8, 0xf8, 0xf0, 0xff,
    0xf8, 0xf4, 0xf8, 0xff, 0xf8, 0xf8, 0xf0, 0xff, 0xf8, 0xf4, 0xf0, 0xff,
    0xf8, 0xf8, 0xf8, 0xff, 0xf8, 0xf4, 0xf0, 0xff, 0xf8, 0xf8, 0xf0, 0xff,
    0xf8, 0xf8, 0xf8, 0xff, 0xf8, 0xf8, 0xf0, 0xff, 0xf8, 0xf8, 0xf8, 0xff,
    0xf8, 0xf8, 0xf8, 0xff, 0xf8, 0xf4, 0xf0, 0xff, 0xf8, 0xf8, 0xf8, 0xff,
    0xf8, 0xf8, 0xf8, 0xff, 0xf8, 0xf8, 0xf0, 0xff, 0xf8, 0xf8, 0xf0, 0xff,
    0xf8, 0xf8, 0xf8, 0xff, 0xf8, 0xf8, 0xf0, 0xff, 0xf8, 0xf8, 0xf0, 0xff,
    0xf8, 0xf8, 0xf8, 0xff, 0xf8, 0xf4, 0xf0, 0xff, 0xf8, 0xf8, 0xf8, 0xff,
    0xf8, 0xf8, 0xf0, 0xff, 0xf8, 0xf8, 0xf8, 0xff, 0xf8, 0xf8, 0xf0, 0xff,
    0xf8, 0xf8, 0xf0, 0xff, 0xf8, 0xf4, 0xf8, 0xff, 0xf8, 0xf8, 0xf8, 0xff,
    0xf8, 0xf8, 0xf0, 0xff, 0xf8, 0xf4, 0xf0, 0xff, 0xf8, 0xf8, 0xf8, 0xff,
    0xf8, 0xf4, 0xf8, 0xff, 0xf8, 0xf8, 0xf0, 0xff, 0xf8, 0xf8, 0xf0, 0xff,
    0xa8, 0x74, 0x60, 0x38, 0xa0, 0x64, 0x48, 0x1c, 0x80, 0x20, 0x00, 0x08,
    0x80, 0x28, 0x00, 0x04, 0x80, 0x40, 0x00, 0x04, 0x80, 0x00, 0x00, 0x04,
    0x00, 0x00, 0x00, 0x00, 0x00, 0x00, 0x00, 0x00, 0x00, 0x00, 0x00, 0x00,
    0x00, 0x00, 0x00, 0x00, 0x00, 0x00, 0x00, 0x00, 0x00, 0x00, 0x00, 0x00,
    0x00, 0x00, 0x00, 0x00, 0x00, 0x00, 0x00, 0x00, 0x00, 0x00, 0x00, 0x00,
    0x00, 0x00, 0x00, 0x00, 0x00, 0x00, 0x00, 0x00, 0x00, 0x00, 0x00, 0x00,
    0x00, 0x00, 0x00, 0x00, 0x00, 0x00, 0x00, 0x00, 0x00, 0x00, 0x00, 0x00,
    0x00, 0x00, 0x00, 0x00, 0x00, 0x00, 0x00, 0x00, 0x00, 0x00, 0x00, 0x00,
    0x00, 0x00, 0x00, 0x00, 0x00, 0x00, 0x00, 0x00, 0x00, 0x00, 0x00, 0x00,
    0x00, 0x00, 0x00, 0x00, 0x00, 0x00, 0x00, 0x00, 0x00, 0x00, 0x00, 0x00,
    0x00, 0x00, 0x00, 0x00, 0x00, 0x00, 0x00, 0x00, 0x00, 0x00, 0x00, 0x00,
    0x00, 0x00, 0x00, 0x00, 0x00, 0x00, 0x00, 0x00, 0x00, 0x00, 0x00, 0x00,
    0x00, 0x00, 0x00, 0x00, 0x00, 0x00, 0x00, 0x00, 0x00, 0x00, 0x00, 0x00,
    0x00, 0x00, 0x00, 0x00, 0x00, 0x00, 0x00, 0x00, 0x00, 0x00, 0x00, 0x00,
    0x00, 0x00, 0x00, 0x00, 0x00, 0x00, 0x00, 0x00, 0x00, 0x00, 0x00, 0x00,
    0x00, 0x00, 0x00, 0x00, 0x00, 0x00, 0x00, 0x00, 0x00, 0x00, 0x00, 0x00,
    0x00, 0x00, 0x00, 0x00, 0x00, 0x00, 0x00, 0x00, 0x00, 0x00, 0x00, 0x00,
    0x00, 0x00, 0x00, 0x00, 0x00, 0x00, 0x00, 0x00, 0x00, 0x00, 0x00, 0x00,
    0x80, 0x00, 0x00, 0x04, 0x80, 0x40, 0x00, 0x04, 0x80, 0x28, 0x00, 0x04,
    0x80, 0x20, 0x00, 0x08, 0x70, 0x30, 0x00, 0x0c, 0x80, 0x24, 0x00, 0x0c,
    0xf8, 0xfc, 0xf8, 0xff, 0xf8, 0xfc, 0xf8, 0xff, 0xf8, 0xfc, 0xf8, 0xff,
    0xf8, 0xfc, 0xf8, 0xff, 0xf8, 0xfc, 0xf8, 0xff, 0xf8, 0xfc, 0xf8, 0xff,
    0xf8, 0xfc, 0xf8, 0xff, 0xf8, 0xfc, 0xf8, 0xff, 0xf8, 0xfc, 0xf8, 0xff,
    0xf8, 0xfc, 0xf8, 0xff, 0xf8, 0xfc, 0xf8, 0xff, 0xf8, 0xfc, 0xf8, 0xff,
    0xf8, 0xfc, 0xf8, 0xff, 0xf8, 0xfc, 0xf8, 0xff, 0xf8, 0xfc, 0xf8, 0xff,
    0xf8, 0xfc, 0xf8, 0xff, 0xf8, 0xfc, 0xf8, 0xff, 0xf8, 0xfc, 0xf8, 0xff,
    0xf8, 0xfc, 0xf8, 0xff, 0xf8, 0xfc, 0xf8, 0xff, 0xf8, 0xfc, 0xf8, 0xff,
    0xf8, 0xfc, 0xf8, 0xff, 0xf8, 0xfc, 0xf8, 0xff, 0xf8, 0xfc, 0xf8, 0xff,
    0xf8, 0xfc, 0xf8, 0xff, 0xf8, 0xfc, 0xf8, 0xff, 0xf8, 0xfc, 0xf8, 0xff,
    0xf8, 0xfc, 0xf8, 0xff, 0xf8, 0xfc, 0xf8, 0xff, 0xf8, 0xfc, 0xf8, 0xff,
    0xf8, 0xfc, 0xf8, 0xff, 0xf8, 0xfc, 0xf8, 0xff, 0xf8, 0xfc, 0xf8, 0xff,
    0xf8, 0xfc, 0xf8, 0xff, 0xf8, 0xfc, 0xf8, 0xff, 0xf8, 0xfc, 0xf8, 0xff,
    0xf8, 0xfc, 0xf8, 0xff, 0xf8, 0xfc, 0xf8, 0xff, 0xf8, 0xfc, 0xf8, 0xff,
    0xf8, 0xfc, 0xf8, 0xff, 0xf8, 0xfc, 0xf8, 0xff, 0xf8, 0xfc, 0xf8, 0xff,
    0xf8, 0xfc, 0xf8, 0xff, 0xf8, 0xfc, 0xf8, 0xff, 0xf8, 0xfc, 0xf8, 0xff,
    0xf8, 0xfc, 0xf8, 0xff, 0xf8, 0xfc, 0xf8, 0xff, 0xf8, 0xfc, 0xf8, 0xff,
    0xf8, 0xfc, 0xf8, 0xff, 0xf8, 0xfc, 0xf8, 0xff, 0xf8, 0xfc, 0xf8, 0xff,
    0xf8, 0xfc, 0xf8, 0xff, 0xf8, 0xfc, 0xf8, 0xff, 0xf8, 0xfc, 0xf8, 0xff,
    0xf8, 0xfc, 0xf8, 0xff, 0xf8, 0xfc, 0xf8, 0xff, 0xf8, 0xfc, 0xf8, 0xff,
    0xf8, 0xfc, 0xf8, 0xff, 0xf8, 0xfc, 0xf8, 0xff, 0xf8, 0xfc, 0xf8, 0xff,
    0xf8, 0xfc, 0xf8, 0xff, 0xf8, 0xfc, 0xf8, 0xff, 0xf8, 0xfc, 0xf8, 0xff,
    0xf8, 0xfc, 0xf8, 0xff, 0xf8, 0xfc, 0xf8, 0xff, 0xf8, 0xfc, 0xf8, 0xff,
    0xf8, 0xfc, 0xf8, 0xff, 0xf8, 0xfc, 0xf8, 0xff, 0xf8, 0xfc, 0xf8, 0xff,
    0xf8, 0xfc, 0xf8, 0xff, 0xf8, 0xfc, 0xf8, 0xff, 0xf8, 0xfc, 0xf8, 0xff,
    0xf8, 0xfc, 0xf8, 0xff, 0xf8, 0xfc, 0xf8, 0xff, 0xf8, 0xfc, 0xf8, 0xff,
    0xf8, 0xfc, 0xf8, 0xff, 0xf8, 0xfc, 0xf8, 0xff, 0xf8, 0xfc, 0xf8, 0xff,
    0xf8, 0xfc, 0xf8, 0xff, 0xf8, 0xfc, 0xf8, 0xff, 0xf8, 0xfc, 0xf8, 0xff,
    0xf8, 0xfc, 0xf8, 0xff, 0xf8, 0xfc, 0xf8, 0xff, 0xf8, 0xfc, 0xf8, 0xff,
    0xf8, 0xfc, 0xf8, 0xff, 0xf8, 0xfc, 0xf8, 0xff, 0xf8, 0xfc, 0xf8, 0xff,
    0xf8, 0xfc, 0xf8, 0xff, 0xf8, 0xf8, 0xf8, 0xff, 0xf8, 0xfc, 0xf8, 0xff,
    0xf8, 0xfc, 0xf8, 0xff, 0xf8, 0xf8, 0xf8, 0xff, 0xf8, 0xfc, 0xf8, 0xff,
    0xf8, 0xfc, 0xf8, 0xff, 0xf8, 0xf8, 0xf8, 0xff, 0xf8, 0xfc, 0xf8, 0xff,
    0xf8, 0xf8, 0xf8, 0xff, 0xf8, 0xf8, 0xf8, 0xff, 0xf8, 0xf8, 0xf8, 0xff,
    0xf8, 0xfc, 0xf8, 0xff, 0xf8, 0xf8, 0xf8, 0xff, 0xf8, 0xf8, 0xf8, 0xff,
    0xf8, 0xfc, 0xf8, 0xff, 0xf8, 0xf8, 0xf8, 0xff, 0xf8, 0xfc, 0xf8, 0xff,
    0xf8, 0xf8, 0xf8, 0xff, 0xf8, 0xfc, 0xf8, 0xff, 0xf8, 0xfc, 0xf8, 0xff,
    0xf8, 0xf8, 0xf8, 0xff, 0xf8, 0xf8, 0xf8, 0xff, 0xf8, 0xfc, 0xf8, 0xff,
    0xf8, 0xf8, 0xf8, 0xff, 0xf8, 0xf8, 0xf8, 0xff, 0xf8, 0xf8, 0xf8, 0xff,
    0xf8, 0xf8, 0xf8, 0xff, 0xf8, 0xf8, 0xf0, 0xff, 0xf8, 0xf8, 0xf8, 0xff,
    0xf8, 0xf8, 0xf0, 0xff, 0xf8, 0xf8, 0xf8, 0xff, 0xf8, 0xfc, 0xf8, 0xff,
    0xf8, 0xf8, 0xf0, 0xff, 0xf8, 0xf8, 0xf8, 0xff, 0xf8, 0xf8, 0xf8, 0xff,
    0xf8, 0xf8, 0xf8, 0xff, 0xf8, 0xf8, 0xf8, 0xff, 0xf8, 0xf8, 0xf0, 0xff,
    0xf8, 0xf8, 0xf8, 0xff, 0xf8, 0xf8, 0xf0, 0xff, 0xf8, 0xf8, 0xf8, 0xff,
    0xf8, 0xf8, 0xf8, 0xff, 0xf8, 0xf8, 0xf0, 0xff, 0xf8, 0xf8, 0xf8, 0xff,
    0xf8, 0xf8, 0xf8, 0xff, 0xf8, 0xf8, 0xf0, 0xff, 0xf8, 0xf8, 0xf8, 0xff,
    0xf8, 0xf8, 0xf8, 0xff, 0xf8, 0xf8, 0xf0, 0xff, 0xf8, 0xf8, 0xf8, 0xff,
    0xf8, 0xf8, 0xf0, 0xff, 0xf8, 0xf8, 0xf8, 0xff, 0xf8, 0xf8, 0xf8, 0xff,
    0xf8, 0xf8, 0xf0, 0xff, 0xf8, 0xf4, 0xf8, 0xff, 0xf8, 0xf8, 0xf0, 0xff,
    0xf8, 0xf8, 0xf0, 0xff, 0xf8, 0xf8, 0xf8, 0xff, 0xf8, 0xf8, 0xf0, 0xff,
    0xf8, 0xf8, 0xf0, 0xff, 0xf8, 0xf8, 0xf8, 0xff, 0xf8, 0xf4, 0xf8, 0xff,
    0xf8, 0xf8, 0xf0, 0xff, 0xf8, 0xf8, 0xf0, 0xff, 0xf8, 0xf8, 0xf8, 0xff,
    0xf8, 0xf8, 0xf0, 0xff, 0xf8, 0xf4, 0xf8, 0xff, 0xf8, 0xf8, 0xf0, 0xff,
    0xf8, 0xf8, 0xf8, 0xff, 0xf8, 0xf4, 0xf0, 0xff, 0xf8, 0xf8, 0xf8, 0xff,
    0xf8, 0xf8, 0xf8, 0xff, 0xf8, 0xf4, 0xf0, 0xff, 0xf8, 0xf8, 0xf8, 0xff,
    0xf8, 0xf8, 0xf0, 0xff, 0xf8, 0xf8, 0xf0, 0xff, 0xf8, 0xf8, 0xf8, 0xff,
    0xf8, 0xf4, 0xf8, 0xff, 0xf8, 0xf8, 0xf0, 0xff, 0xf8, 0xf8, 0xf8, 0xff,
    0xf8, 0xf8, 0xf8, 0xff, 0xf8, 0xf8, 0xf0, 0xff, 0xf8, 0xf8, 0xf8, 0xff,
    0xf8, 0xf4, 0xf8, 0xff, 0xf8, 0xf8, 0xf0, 0xff, 0xf8, 0xf8, 0xf8, 0xff,
    0xf8, 0xf4, 0xf0, 0xff, 0xf8, 0xf4, 0xf0, 0xff, 0xf8, 0xf8, 0xf8, 0xff,
    0xf8, 0xf8, 0xf0, 0xff, 0xf8, 0xf8, 0xf0, 0xff, 0xf8, 0xf4, 0xf8, 0xff,
    0xf8, 0xf8, 0xf0, 0xff, 0xf8, 0xf8, 0xf8, 0xff, 0xf8, 0xf4, 0xf8, 0xff,
    0xf8, 0xf4, 0xf0, 0xff, 0xf8, 0xf8, 0xf8, 0xff, 0xf8, 0xf8, 0xf0, 0xff,
    0xf8, 0xf4, 0xf0, 0xff, 0xf8, 0xf8, 0xf8, 0xff, 0xf8, 0xf8, 0xf0, 0xff,
    0xf8, 0xf8, 0xf8, 0xff, 0xf8, 0xf8, 0xf8, 0xff, 0xf8, 0xf8, 0xf0, 0xff,
    0xf8, 0xf8, 0xf0, 0xff, 0xf8, 0xf8, 0xf8, 0xff, 0xf8, 0xf8, 0xf0, 0xff,
    0xf8, 0xf8, 0xf8, 0xff, 0xf8, 0xf8, 0xf0, 0xff, 0xf8, 0xf8, 0xf0, 0xff,
    0xf8, 0xf4, 0xf8, 0xff, 0xf8, 0xf8, 0xf8, 0xff, 0xf8, 0xf8, 0xf0, 0xff,
    0xa8, 0x74, 0x58, 0x34, 0xa8, 0x78, 0x60, 0x2c, 0x80, 0x20, 0x00, 0x08,
    0x80, 0x28, 0x00, 0x08, 0x80, 0x40, 0x00, 0x04, 0x80, 0x00, 0x00, 0x04,
    0x00, 0x00, 0x00, 0x00, 0x00, 0x00, 0x00, 0x00, 0x00, 0x00, 0x00, 0x00,
    0x00, 0x00, 0x00, 0x00, 0x00, 0x00, 0x00, 0x00, 0x00, 0x00, 0x00, 0x00,
    0x00, 0x00, 0x00, 0x00, 0x00, 0x00, 0x00, 0x00, 0x00, 0x00, 0x00, 0x00,
    0x00, 0x00, 0x00, 0x00, 0x00, 0x00, 0x00, 0x00, 0x00, 0x00, 0x00, 0x00,
    0x00, 0x00, 0x00, 0x00, 0x00, 0x00, 0x00, 0x00, 0x00, 0x00, 0x00, 0x00,
    0x00, 0x00, 0x00, 0x00, 0x00, 0x00, 0x00, 0x00, 0x00, 0x00, 0x00, 0x00,
    0x00, 0x00, 0x00, 0x00, 0x00, 0x00, 0x00, 0x00, 0x00, 0x00, 0x00, 0x00,
    0x00, 0x00, 0x00, 0x00, 0x00, 0x00, 0x00, 0x00, 0x00, 0x00, 0x00, 0x00,
    0x00, 0x00, 0x00, 0x00, 0x00, 0x00, 0x00, 0x00, 0x00, 0x00, 0x00, 0x00,
    0x00, 0x00, 0x00, 0x00, 0x00, 0x00, 0x00, 0x00, 0x00, 0x00, 0x00, 0x00,
    0x00, 0x00, 0x00, 0x00, 0x00, 0x00, 0x00, 0x00, 0x00, 0x00, 0x00, 0x00,
    0x00, 0x00, 0x00, 0x00, 0x00, 0x00, 0x00, 0x00, 0x00, 0x00, 0x00, 0x00,
    0x00, 0x00, 0x00, 0x00, 0x00, 0x00, 0x00, 0x00, 0x00, 0x00, 0x00, 0x00,
    0x00, 0x00, 0x00, 0x00, 0x00, 0x00, 0x00, 0x00, 0x00, 0x00, 0x00, 0x00,
    0x00, 0x00, 0x00, 0x00, 0x00, 0x00, 0x00, 0x00, 0x00, 0x00, 0x00, 0x00,
    0x00, 0x00, 0x00, 0x00, 0x00, 0x00, 0x00, 0x00, 0x00, 0x00, 0x00, 0x00,
    0x80, 0x00, 0x00, 0x04, 0x80, 0x40, 0x00, 0x04, 0x80, 0x2c, 0x00, 0x08,
    0x80, 0x20, 0x00, 0x08, 0x70, 0x2c, 0x00, 0x0c, 0x80, 0x24, 0x00, 0x0c,
    0xf8, 0xfc, 0xf8, 0xff, 0xf8, 0xfc, 0xf8, 0xff, 0xf8, 0xfc, 0xf8, 0xff,
    0xf8, 0xfc, 0xf8, 0xff, 0xf8, 0xfc, 0xf8, 0xff, 0xf8, 0xfc, 0xf8, 0xff,
    0xf8, 0xfc, 0xf8, 0xff, 0xf8, 0xfc, 0xf8, 0xff, 0xf8, 0xfc, 0xf8, 0xff,
    0xf8, 0xfc, 0xf8, 0xff, 0xf8, 0xfc, 0xf8, 0xff, 0xf8, 0xfc, 0xf8, 0xff,
    0xf8, 0xfc, 0xf8, 0xff, 0xf8, 0xfc, 0xf8, 0xff, 0xf8, 0xfc, 0xf8, 0xff,
    0xf8, 0xfc, 0xf8, 0xff, 0xf8, 0xfc, 0xf8, 0xff, 0xf8, 0xfc, 0xf8, 0xff,
    0xf8, 0xfc, 0xf8, 0xff, 0xf8, 0xfc, 0xf8, 0xff, 0xf8, 0xfc, 0xf8, 0xff,
    0xf8, 0xfc, 0xf8, 0xff, 0xf8, 0xfc, 0xf8, 0xff, 0xf8, 0xfc, 0xf8, 0xff,
    0xf8, 0xfc, 0xf8, 0xff, 0xf8, 0xfc, 0xf8, 0xff, 0xf8, 0xfc, 0xf8, 0xff,
    0xf8, 0xfc, 0xf8, 0xff, 0xf8, 0xfc, 0xf8, 0xff, 0xf8, 0xfc, 0xf8, 0xff,
    0xf8, 0xfc, 0xf8, 0xff, 0xf8, 0xfc, 0xf8, 0xff, 0xf8, 0xfc, 0xf8, 0xff,
    0xf8, 0xfc, 0xf8, 0xff, 0xf8, 0xfc, 0xf8, 0xff, 0xf8, 0xfc, 0xf8, 0xff,
    0xf8, 0xfc, 0xf8, 0xff, 0xf8, 0xfc, 0xf8, 0xff, 0xf8, 0xfc, 0xf8, 0xff,
    0xf8, 0xfc, 0xf8, 0xff, 0xf8, 0xfc, 0xf8, 0xff, 0xf8, 0xfc, 0xf8, 0xff,
    0xf8, 0xfc, 0xf8, 0xff, 0xf8, 0xfc, 0xf8, 0xff, 0xf8, 0xfc, 0xf8, 0xff,
    0xf8, 0xfc, 0xf8, 0xff, 0xf8, 0xfc, 0xf8, 0xff, 0xf8, 0xfc, 0xf8, 0xff,
    0xf8, 0xfc, 0xf8, 0xff, 0xf8, 0xfc, 0xf8, 0xff, 0xf8, 0xfc, 0xf8, 0xff,
    0xf8, 0xfc, 0xf8, 0xff, 0xf8, 0xfc, 0xf8, 0xff, 0xf8, 0xfc, 0xf8, 0xff,
    0xf8, 0xfc, 0xf8, 0xff, 0xf8, 0xfc, 0xf8, 0xff, 0xf8, 0xfc, 0xf8, 0xff,
    0xf8, 0xfc, 0xf8, 0xff, 0xf8, 0xfc, 0xf8, 0xff, 0xf8, 0xfc, 0xf8, 0xff,
    0xf8, 0xfc, 0xf8, 0xff, 0xf8, 0xfc, 0xf8, 0xff, 0xf8, 0xfc, 0xf8, 0xff,
    0xf8, 0xfc, 0xf8, 0xff, 0xf8, 0xfc, 0xf8, 0xff, 0xf8, 0xfc, 0xf8, 0xff,
    0xf8, 0xfc, 0xf8, 0xff, 0xf8, 0xfc, 0xf8, 0xff, 0xf8, 0xfc, 0xf8, 0xff,
    0xf8, 0xfc, 0xf8, 0xff, 0xf8, 0xfc, 0xf8, 0xff, 0xf8, 0xfc, 0xf8, 0xff,
    0xf8, 0xfc, 0xf8, 0xff, 0xf8, 0xfc, 0xf8, 0xff, 0xf8, 0xfc, 0xf8, 0xff,
    0xf8, 0xfc, 0xf8, 0xff, 0xf8, 0xfc, 0xf8, 0xff, 0xf8, 0xfc, 0xf8, 0xff,
    0xf8, 0xfc, 0xf8, 0xff, 0xf8, 0xfc, 0xf8, 0xff, 0xf8, 0xfc, 0xf8, 0xff,
    0xf8, 0xfc, 0xf8, 0xff, 0xf8, 0xfc, 0xf8, 0xff, 0xf8, 0xfc, 0xf8, 0xff,
    0xf8, 0xfc, 0xf8, 0xff, 0xf8, 0xfc, 0xf8, 0xff, 0xf8, 0xf8, 0xf8, 0xff,
    0xf8, 0xfc, 0xf8, 0xff, 0xf8, 0xfc, 0xf8, 0xff, 0xf8, 0xfc, 0xf8, 0xff,
    0xf8, 0xfc, 0xf8, 0xff, 0xf8, 0xf8, 0xf8, 0xff, 0xf8, 0xfc, 0xf8, 0xff,
    0xf8, 0xfc, 0xf8, 0xff, 0xf8, 0xfc, 0xf8, 0xff, 0xf8, 0xf8, 0xf8, 0xff,
    0xf8, 0xfc, 0xf8, 0xff, 0xf8, 0xfc, 0xf8, 0xff, 0xf8, 0xf8, 0xf8, 0xff,
    0xf8, 0xfc, 0xf8, 0xff, 0xf8, 0xf8, 0xf8, 0xff, 0xf8, 0xfc, 0xf8, 0xff,
    0xf8, 0xfc, 0xf8, 0xff, 0xf8, 0xf8, 0xf8, 0xff, 0xf8, 0xf8, 0xf8, 0xff,
    0xf8, 0xfc, 0xf8, 0xff, 0xf8, 0xf8, 0xf8, 0xff, 0xf8, 0xf8, 0xf8, 0xff,
    0xf8, 0xf8, 0xf8, 0xff, 0xf8, 0xf8, 0xf8, 0xff, 0xf8, 0xfc, 0xf0, 0xff,
    0xf8, 0xf8, 0xf8, 0xff, 0xf8, 0xf8, 0xf8, 0xff, 0xf8, 0xfc, 0xf8, 0xff,
    0xf8, 0xf8, 0xf8, 0xff, 0xf8, 0xfc, 0xf8, 0xff, 0xf8, 0xf8, 0xf8, 0xff,
    0xf8, 0xf8, 0xf8, 0xff, 0xf8, 0xf8, 0xf8, 0xff, 0xf8, 0xf8, 0xf8, 0xff,
    0xf8, 0xf8, 0xf8, 0xff, 0xf8, 0xf8, 0xf0, 0xff, 0xf8, 0xf8, 0xf8, 0xff,
    0xf8, 0xf8, 0xf8, 0xff, 0xf8, 0xf8, 0xf0, 0xff, 0xf8, 0xf8, 0xf8, 0xff,
    0xf8, 0xf8, 0xf8, 0xff, 0xf8, 0xf8, 0xf0, 0xff, 0xf8, 0xf8, 0xf8, 0xff,
    0xf8, 0xf8, 0xf8, 0xff, 0xf8, 0xf8, 0xf0, 0xff, 0xf8, 0xf8, 0xf8, 0xff,
    0xf8, 0xf8, 0xf8, 0xff, 0xf8, 0xf8, 0xf0, 0xff, 0xf8, 0xf8, 0xf8, 0xff,
    0xf8, 0xf8, 0xf8, 0xff, 0xf8, 0xf8, 0xf8, 0xff, 0xf8, 0xf8, 0xf0, 0xff,
    0xf8, 0xf8, 0xf8, 0xff, 0xf8, 0xf8, 0xf8, 0xff, 0xf8, 0xf8, 0xf0, 0xff,
    0xf8, 0xf4, 0xf8, 0xff, 0xf8, 0xf8, 0xf0, 0xff, 0xf8, 0xf8, 0xf8, 0xff,
    0xf8, 0xf8, 0xf8, 0xff, 0xf8, 0xf4, 0xf0, 0xff, 0xf8, 0xf8, 0xf8, 0xff,
    0xf8, 0xf8, 0xf0, 0xff, 0xf8, 0xf8, 0xf8, 0xff, 0xf8, 0xf8, 0xf8, 0xff,
    0xf8, 0xf4, 0xf0, 0xff, 0xf8, 0xf8, 0xf8, 0xff, 0xf8, 0xf8, 0xf8, 0xff,
    0xf8, 0xf4, 0xf0, 0xff, 0xf8, 0xf8, 0xf0, 0xff, 0xf8, 0xf8, 0xf8, 0xff,
    0xf8, 0xf4, 0xf0, 0xff, 0xf8, 0xf8, 0xf0, 0xff, 0xf8, 0xf8, 0xf8, 0xff,
    0xf8, 0xf8, 0xf0, 0xff, 0xf8, 0xf8, 0xf8, 0xff, 0xf8, 0xf8, 0xf0, 0xff,
    0xf8, 0xf4, 0xf8, 0xff, 0xf8, 0xf8, 0xf0, 0xff, 0xf8, 0xf8, 0xf0, 0xff,
    0xf8, 0xf8, 0xf8, 0xff, 0xf8, 0xf4, 0xf0, 0xff, 0xf8, 0xf8, 0xf8, 0xff,
    0xf8, 0xf8, 0xf0, 0xff, 0xf8, 0xf4, 0xf0, 0xff, 0xf8, 0xf8, 0xf8, 0xff,
    0xf8, 0xf8, 0xf0, 0xff, 0xf8, 0xf8, 0xf8, 0xff, 0xf8, 0xf8, 0xf8, 0xff,
    0xf8, 0xf8, 0xf0, 0xff, 0xf8, 0xf8, 0xf8, 0xff, 0xf8, 0xf4, 0xf0, 0xff,
    0xf8, 0xf8, 0xf8, 0xff, 0xf8, 0xf8, 0xf0, 0xff, 0xf8, 0xf8, 0xf0, 0xff,
    0xf8, 0xf4, 0xf8, 0xff, 0xf8, 0xf8, 0xf0, 0xff, 0xf8, 0xf8, 0xf0, 0xff,
    0xf8, 0xf8, 0xf8, 0xff, 0xf8, 0xf8, 0xf8, 0xff, 0xf8, 0xf4, 0xf8, 0xff,
    0xf8, 0xf8, 0xf0, 0xff, 0xf8, 0xf8, 0xf8, 0xff, 0xf8, 0xf8, 0xf0, 0xff,
    0xf8, 0xf4, 0xf0, 0xff, 0xf8, 0xf4, 0xf8, 0xff, 0xf8, 0xf8, 0xf8, 0xff,
    0xf8, 0xf4, 0xf0, 0xff, 0xf8, 0xf8, 0xf8, 0xff, 0xf8, 0xf4, 0xf0, 0xff,
    0xf8, 0xf8, 0xf8, 0xff, 0xf8, 0xf8, 0xf8, 0xff, 0xf8, 0xf8, 0xf0, 0xff,
    0xf8, 0xf8, 0xf0, 0xff, 0xf8, 0xf4, 0xf8, 0xff, 0xf8, 0xf8, 0xf8, 0xff,
    0xa0, 0x74, 0x58, 0x34, 0xa8, 0x78, 0x60, 0x30, 0x98, 0x54, 0x30, 0x10,
    0x80, 0x28, 0x00, 0x04, 0x80, 0x40, 0x00, 0x04, 0x78, 0x00, 0x00, 0x00,
    0x00, 0x00, 0x00, 0x00, 0x00, 0x00, 0x00, 0x00, 0x00, 0x00, 0x00, 0x00,
    0x00, 0x00, 0x00, 0x00, 0x00, 0x00, 0x00, 0x00, 0x00, 0x00, 0x00, 0x00,
    0x00, 0x00, 0x00, 0x00, 0x00, 0x00, 0x00, 0x00, 0x00, 0x00, 0x00, 0x00,
    0x00, 0x00, 0x00, 0x00, 0x00, 0x00, 0x00, 0x00, 0x00, 0x00, 0x00, 0x00,
    0x00, 0x00, 0x00, 0x00, 0x00, 0x00, 0x00, 0x00, 0x00, 0x00, 0x00, 0x00,
    0x00, 0x00, 0x00, 0x00, 0x00, 0x00, 0x00, 0x00, 0x00, 0x00, 0x00, 0x00,
    0x00, 0x00, 0x00, 0x00, 0x00, 0x00, 0x00, 0x00, 0x00, 0x00, 0x00, 0x00,
    0x00, 0x00, 0x00, 0x00, 0x00, 0x00, 0x00, 0x00, 0x00, 0x00, 0x00, 0x00,
    0x00, 0x00, 0x00, 0x00, 0x00, 0x00, 0x00, 0x00, 0x00, 0x00, 0x00, 0x00,
    0x00, 0x00, 0x00, 0x00, 0x00, 0x00, 0x00, 0x00, 0x00, 0x00, 0x00, 0x00,
    0x00, 0x00, 0x00, 0x00, 0x00, 0x00, 0x00, 0x00, 0x00, 0x00, 0x00, 0x00,
    0x00, 0x00, 0x00, 0x00, 0x00, 0x00, 0x00, 0x00, 0x00, 0x00, 0x00, 0x00,
    0x00, 0x00, 0x00, 0x00, 0x00, 0x00, 0x00, 0x00, 0x00, 0x00, 0x00, 0x00,
    0x00, 0x00, 0x00, 0x00, 0x00, 0x00, 0x00, 0x00, 0x00, 0x00, 0x00, 0x00,
    0x00, 0x00, 0x00, 0x00, 0x00, 0x00, 0x00, 0x00, 0x00, 0x00, 0x00, 0x00,
    0x00, 0x00, 0x00, 0x00, 0x00, 0x00, 0x00, 0x00, 0x00, 0x00, 0x00, 0x00,
    0x80, 0x00, 0x00, 0x00, 0x80, 0x40, 0x00, 0x04, 0x80, 0x28, 0x00, 0x04,
    0x80, 0x20, 0x00, 0x08, 0x70, 0x30, 0x00, 0x0c, 0x80, 0x24, 0x00, 0x10,
    0xf8, 0xfc, 0xf8, 0xff, 0xf8, 0xfc, 0xf8, 0xff, 0xf8, 0xfc, 0xf8, 0xff,
    0xf8, 0xfc, 0xf8, 0xff, 0xf8, 0xfc, 0xf8, 0xff, 0xf8, 0xfc, 0xf8, 0xff,
    0xf8, 0xfc, 0xf8, 0xff, 0xf8, 0xfc, 0xf8, 0xff, 0xf8, 0xfc, 0xf8, 0xff,
    0xf8, 0xfc, 0xf8, 0xff, 0xf8, 0xfc, 0xf8, 0xff, 0xf8, 0xfc, 0xf8, 0xff,
    0xf8, 0xfc, 0xf8, 0xff, 0xf8, 0xfc, 0xf8, 0xff, 0xf8, 0xfc, 0xf8, 0xff,
    0xf8, 0xfc, 0xf8, 0xff, 0xf8, 0xfc, 0xf8, 0xff, 0xf8, 0xfc, 0xf8, 0xff,
    0xf8, 0xfc, 0xf8, 0xff, 0xf8, 0xfc, 0xf8, 0xff, 0xf8, 0xfc, 0xf8, 0xff,
    0xf8, 0xfc, 0xf8, 0xff, 0xf8, 0xfc, 0xf8, 0xff, 0xf8, 0xfc, 0xf8, 0xff,
    0xf8, 0xfc, 0xf8, 0xff, 0xf8, 0xfc, 0xf8, 0xff, 0xf8, 0xfc, 0xf8, 0xff,
    0xf8, 0xfc, 0xf8, 0xff, 0xf8, 0xfc, 0xf8, 0xff, 0xf8, 0xfc, 0xf8, 0xff,
    0xf8, 0xfc, 0xf8, 0xff, 0xf8, 0xfc, 0xf8, 0xff, 0xf8, 0xfc, 0xf8, 0xff,
    0xf8, 0xfc, 0xf8, 0xff, 0xf8, 0xfc, 0xf8, 0xff, 0xf8, 0xfc, 0xf8, 0xff,
    0xf8, 0xfc, 0xf8, 0xff, 0xf8, 0xfc, 0xf8, 0xff, 0xf8, 0xfc, 0xf8, 0xff,
    0xf8, 0xfc, 0xf8, 0xff, 0xf8, 0xfc, 0xf8, 0xff, 0xf8, 0xfc, 0xf8, 0xff,
    0xf8, 0xfc, 0xf8, 0xff, 0xf8, 0xfc, 0xf8, 0xff, 0xf8, 0xfc, 0xf8, 0xff,
    0xf8, 0xfc, 0xf8, 0xff, 0xf8, 0xfc, 0xf8, 0xff, 0xf8, 0xfc, 0xf8, 0xff,
    0xf8, 0xfc, 0xf8, 0xff, 0xf8, 0xfc, 0xf8, 0xff, 0xf8, 0xfc, 0xf8, 0xff,
    0xf8, 0xfc, 0xf8, 0xff, 0xf8, 0xfc, 0xf8, 0xff, 0xf8, 0xfc, 0xf8, 0xff,
    0xf8, 0xfc, 0xf8, 0xff, 0xf8, 0xfc, 0xf8, 0xff, 0xf8, 0xfc, 0xf8, 0xff,
    0xf8, 0xfc, 0xf8, 0xff, 0xf8, 0xfc, 0xf8, 0xff, 0xf8, 0xfc, 0xf8, 0xff,
    0xf8, 0xfc, 0xf8, 0xff, 0xf8, 0xfc, 0xf8, 0xff, 0xf8, 0xfc, 0xf8, 0xff,
    0xf8, 0xfc, 0xf8, 0xff, 0xf8, 0xfc, 0xf8, 0xff, 0xf8, 0xfc, 0xf8, 0xff,
    0xf8, 0xfc, 0xf8, 0xff, 0xf8, 0xfc, 0xf8, 0xff, 0xf8, 0xfc, 0xf8, 0xff,
    0xf8, 0xfc, 0xf8, 0xff, 0xf8, 0xfc, 0xf8, 0xff, 0xf8, 0xfc, 0xf8, 0xff,
    0xf8, 0xfc, 0xf8, 0xff, 0xf8, 0xfc, 0xf8, 0xff, 0xf8, 0xfc, 0xf8, 0xff,
    0xf8, 0xfc, 0xf8, 0xff, 0xf8, 0xfc, 0xf8, 0xff, 0xf8, 0xfc, 0xf8, 0xff,
    0xf8, 0xfc, 0xf8, 0xff, 0xf8, 0xfc, 0xf8, 0xff, 0xf8, 0xfc, 0xf8, 0xff,
    0xf8, 0xfc, 0xf8, 0xff, 0xf8, 0xfc, 0xf8, 0xff, 0xf8, 0xfc, 0xf8, 0xff,
    0xf8, 0xfc, 0xf8, 0xff, 0xf8, 0xfc, 0xf8, 0xff, 0xf8, 0xfc, 0xf8, 0xff,
    0xf8, 0xf8, 0xf8, 0xff, 0xf8, 0xfc, 0xf8, 0xff, 0xf8, 0xfc, 0xf8, 0xff,
    0xf8, 0xfc, 0xf8, 0xff, 0xf8, 0xfc, 0xf8, 0xff, 0xf8, 0xf8, 0xf8, 0xff,
    0xf8, 0xfc, 0xf8, 0xff, 0xf8, 0xf8, 0xf8, 0xff, 0xf8, 0xf8, 0xf8, 0xff,
    0xf8, 0xfc, 0xf8, 0xff, 0xf8, 0xf8, 0xf8, 0xff, 0xf8, 0xfc, 0xf8, 0xff,
    0xf8, 0xf8, 0xf8, 0xff, 0xf8, 0xfc, 0xf8, 0xff, 0xf8, 0xf8, 0xf8, 0xff,
    0xf8, 0xfc, 0xf8, 0xff, 0xf8, 0xfc, 0xf8, 0xff, 0xf8, 0xf8, 0xf8, 0xff,
    0xf8, 0xfc, 0xf8, 0xff, 0xf8, 0xf8, 0xf8, 0xff, 0xf8, 0xf8, 0xf8, 0xff,
    0xf8, 0xf8, 0xf8, 0xff, 0xf8, 0xf8, 0xf8, 0xff, 0xf8, 0xf8, 0xf8, 0xff,
    0xf8, 0xf8, 0xf8, 0xff, 0xf8, 0xfc, 0xf8, 0xff, 0xf8, 0xf8, 0xf0, 0xff,
    0xf8, 0xf8, 0xf8, 0xff, 0xf8, 0xfc, 0xf8, 0xff, 0xf8, 0xf8, 0xf0, 0xff,
    0xf8, 0xfc, 0xf8, 0xff, 0xf8, 0xfc, 0xf0, 0xff, 0xf8, 0xf8, 0xf8, 0xff,
    0xf8, 0xf8, 0xf8, 0xff, 0xf8, 0xf8, 0xf0, 0xff, 0xf8, 0xf8, 0xf8, 0xff,
    0xf8, 0xf8, 0xf8, 0xff, 0xf8, 0xf8, 0xf8, 0xff, 0xf8, 0xf8, 0xf0, 0xff,
    0xf8, 0xf8, 0xf8, 0xff, 0xf8, 0xf8, 0xf8, 0xff, 0xf8, 0xf8, 0xf0, 0xff,
    0xf8, 0xf8, 0xf8, 0xff, 0xf8, 0xf8, 0xf0, 0xff, 0xf8, 0xf8, 0xf8, 0xff,
    0xf8, 0xf8, 0xf0, 0xff, 0xf8, 0xf8, 0xf8, 0xff, 0xf8, 0xf8, 0xf0, 0xff,
    0xf8, 0xf8, 0xf0, 0xff, 0xf8, 0xf8, 0xf8, 0xff, 0xf8, 0xf8, 0xf8, 0xff,
    0xf8, 0xf8, 0xf0, 0xff, 0xf8, 0xf8, 0xf8, 0xff, 0xf8, 0xf8, 0xf0, 0xff,
    0xf8, 0xf8, 0xf0, 0xff, 0xf8, 0xf8, 0xf8, 0xff, 0xf8, 0xf4, 0xf0, 0xff,
    0xf8, 0xf8, 0xf0, 0xff, 0xf8, 0xf8, 0xf8, 0xff, 0xf8, 0xf4, 0xf0, 0xff,
    0xf8, 0xf8, 0xf8, 0xff, 0xf8, 0xf8, 0xf0, 0xff, 0xf8, 0xf8, 0xf0, 0xff,
    0xf8, 0xf4, 0xf8, 0xff, 0xf8, 0xf8, 0xf0, 0xff, 0xf8, 0xf8, 0xf8, 0xff,
    0xf8, 0xf8, 0xf8, 0xff, 0xf8, 0xf8, 0xf0, 0xff, 0xf8, 0xf8, 0xf8, 0xff,
    0xf8, 0xf8, 0xf8, 0xff, 0xf8, 0xf8, 0xf0, 0xff, 0xf8, 0xf4, 0xf0, 0xff,
    0xf8, 0xf8, 0xf8, 0xff, 0xf8, 0xf8, 0xf0, 0xff, 0xf8, 0xf4, 0xf8, 0xff,
    0xf8, 0xf8, 0xf8, 0xff, 0xf8, 0xf8, 0xf8, 0xff, 0xf8, 0xf4, 0xf0, 0xff,
    0xf8, 0xf8, 0xf0, 0xff, 0xf8, 0xf8, 0xf8, 0xff, 0xf8, 0xf4, 0xf0, 0xff,
    0xf8, 0xf8, 0xf8, 0xff, 0xf8, 0xf8, 0xf8, 0xff, 0xf8, 0xf4, 0xf0, 0xff,
    0xf8, 0xf8, 0xf0, 0xff, 0xf8, 0xf8, 0xf8, 0xff, 0xf8, 0xf4, 0xf0, 0xff,
    0xf8, 0xf8, 0xf8, 0xff, 0xf8, 0xf8, 0xf0, 0xff, 0xf8, 0xf8, 0xf8, 0xff,
    0xf8, 0xf4, 0xf8, 0xff, 0xf8, 0xf8, 0xf0, 0xff, 0xf8, 0xf8, 0xf8, 0xff,
    0xf8, 0xf8, 0xf8, 0xff, 0xf8, 0xf8, 0xf0, 0xff, 0xf8, 0xf8, 0xf0, 0xff,
    0xf8, 0xf8, 0xf8, 0xff, 0xf8, 0xf4, 0xf0, 0xff, 0xf8, 0xf8, 0xf0, 0xff,
    0xf8, 0xf8, 0xf8, 0xff, 0xf8, 0xf8, 0xf8, 0xff, 0xf8, 0xf4, 0xf0, 0xff,
    0xf8, 0xf8, 0xf0, 0xff, 0xf8, 0xf8, 0xf8, 0xff, 0xf8, 0xf8, 0xf0, 0xff,
    0xf8, 0xf8, 0xf8, 0xff, 0xf8, 0xf4, 0xf0, 0xff, 0xf8, 0xf8, 0xf8, 0xff,
    0xf8, 0xf4, 0xf0, 0xff, 0xf8, 0xf8, 0xf8, 0xff, 0xf8, 0xf4, 0xf8, 0xff,
    0xf8, 0xf8, 0xf0, 0xff, 0xf8, 0xf8, 0xf0, 0xff, 0xf8, 0xf4, 0xf8, 0xff,
    0xa8, 0x70, 0x58, 0x34, 0xa8, 0x78, 0x60, 0x30, 0xa0, 0x6c, 0x58, 0x1c,
    0x80, 0x2c, 0x00, 0x08, 0x80, 0x40, 0x00, 0x04, 0x80, 0x00, 0x00, 0x04,
    0x00, 0x00, 0x00, 0x00, 0x00, 0x00, 0x00, 0x00, 0x00, 0x00, 0x00, 0x00,
    0x00, 0x00, 0x00, 0x00, 0x00, 0x00, 0x00, 0x00, 0x00, 0x00, 0x00, 0x00,
    0x00, 0x00, 0x00, 0x00, 0x00, 0x00, 0x00, 0x00, 0x00, 0x00, 0x00, 0x00,
    0x00, 0x00, 0x00, 0x00, 0x00, 0x00, 0x00, 0x00, 0x00, 0x00, 0x00, 0x00,
    0x00, 0x00, 0x00, 0x00, 0x00, 0x00, 0x00, 0x00, 0x00, 0x00, 0x00, 0x00,
    0x00, 0x00, 0x00, 0x00, 0x00, 0x00, 0x00, 0x00, 0x00, 0x00, 0x00, 0x00,
    0x00, 0x00, 0x00, 0x00, 0x00, 0x00, 0x00, 0x00, 0x00, 0x00, 0x00, 0x00,
    0x00, 0x00, 0x00, 0x00, 0x00, 0x00, 0x00, 0x00, 0x00, 0x00, 0x00, 0x00,
    0x00, 0x00, 0x00, 0x00, 0x00, 0x00, 0x00, 0x00, 0x00, 0x00, 0x00, 0x00,
    0x00, 0x00, 0x00, 0x00, 0x00, 0x00, 0x00, 0x00, 0x00, 0x00, 0x00, 0x00,
    0x00, 0x00, 0x00, 0x00, 0x00, 0x00, 0x00, 0x00, 0x00, 0x00, 0x00, 0x00,
    0x00, 0x00, 0x00, 0x00, 0x00, 0x00, 0x00, 0x00, 0x00, 0x00, 0x00, 0x00,
    0x00, 0x00, 0x00, 0x00, 0x00, 0x00, 0x00, 0x00, 0x00, 0x00, 0x00, 0x00,
    0x00, 0x00, 0x00, 0x00, 0x00, 0x00, 0x00, 0x00, 0x00, 0x00, 0x00, 0x00,
    0x00, 0x00, 0x00, 0x00, 0x00, 0x00, 0x00, 0x00, 0x00, 0x00, 0x00, 0x00,
    0x00, 0x00, 0x00, 0x00, 0x00, 0x00, 0x00, 0x00, 0x00, 0x00, 0x00, 0x00,
    0x80, 0x00, 0x00, 0x04, 0x78, 0x40, 0x00, 0x04, 0x80, 0x28, 0x00, 0x04,
    0x70, 0x1c, 0x00, 0x08, 0x70, 0x30, 0x00, 0x0c, 0x78, 0x20, 0x00, 0x10,
    0xf8, 0xfc, 0xf8, 0xff, 0xf8, 0xfc, 0xf8, 0xff, 0xf8, 0xfc, 0xf8, 0xff,
    0xf8, 0xfc, 0xf8, 0xff, 0xf8, 0xfc, 0xf8, 0xff, 0xf8, 0xfc, 0xf8, 0xff,
    0xf8, 0xfc, 0xf8, 0xff, 0xf8, 0xfc, 0xf8, 0xff, 0xf8, 0xfc, 0xf8, 0xff,
    0xf8, 0xfc, 0xf8, 0xff, 0xf8, 0xfc, 0xf8, 0xff, 0xf8, 0xfc, 0xf8, 0xff,
    0xf8, 0xfc, 0xf8, 0xff, 0xf8, 0xfc, 0xf8, 0xff, 0xf8, 0xfc, 0xf8, 0xff,
    0xf8, 0xfc, 0xf8, 0xff, 0xf8, 0xfc, 0xf8, 0xff, 0xf8, 0xfc, 0xf8, 0xff,
    0xf8, 0xfc, 0xf8, 0xff, 0xf8, 0xfc, 0xf8, 0xff, 0xf8, 0xfc, 0xf8, 0xff,
    0xf8, 0xfc, 0xf8, 0xff, 0xf8, 0xfc, 0xf8, 0xff, 0xf8, 0xfc, 0xf8, 0xff,
    0xf8, 0xfc, 0xf8, 0xff, 0xf8, 0xfc, 0xf8, 0xff, 0xf8, 0xfc, 0xf8, 0xff,
    0xf8, 0xfc, 0xf8, 0xff, 0xf8, 0xfc, 0xf8, 0xff, 0xf8, 0xfc, 0xf8, 0xff,
    0xf8, 0xfc, 0xf8, 0xff, 0xf8, 0xfc, 0xf8, 0xff, 0xf8, 0xfc, 0xf8, 0xff,
    0xf8, 0xfc, 0xf8, 0xff, 0xf8, 0xfc, 0xf8, 0xff, 0xf8, 0xfc, 0xf8, 0xff,
    0xf8, 0xfc, 0xf8, 0xff, 0xf8, 0xfc, 0xf8, 0xff, 0xf8, 0xfc, 0xf8, 0xff,
    0xf8, 0xfc, 0xf8, 0xff, 0xf8, 0xfc, 0xf8, 0xff, 0xf8, 0xfc, 0xf8, 0xff,
    0xf8, 0xfc, 0xf8, 0xff, 0xf8, 0xfc, 0xf8, 0xff, 0xf8, 0xfc, 0xf8, 0xff,
    0xf8, 0xfc, 0xf8, 0xff, 0xf8, 0xfc, 0xf8, 0xff, 0xf8, 0xfc, 0xf8, 0xff,
    0xf8, 0xfc, 0xf8, 0xff, 0xf8, 0xfc, 0xf8, 0xff, 0xf8, 0xfc, 0xf8, 0xff,
    0xf8, 0xfc, 0xf8, 0xff, 0xf8, 0xfc, 0xf8, 0xff, 0xf8, 0xfc, 0xf8, 0xff,
    0xf8, 0xfc, 0xf8, 0xff, 0xf8, 0xfc, 0xf8, 0xff, 0xf8, 0xfc, 0xf8, 0xff,
    0xf8, 0xfc, 0xf8, 0xff, 0xf8, 0xfc, 0xf8, 0xff, 0xf8, 0xfc, 0xf8, 0xff,
    0xf8, 0xfc, 0xf8, 0xff, 0xf8, 0xfc, 0xf8, 0xff, 0xf8, 0xfc, 0xf8, 0xff,
    0xf8, 0xfc, 0xf8, 0xff, 0xf8, 0xfc, 0xf8, 0xff, 0xf8, 0xfc, 0xf8, 0xff,
    0xf8, 0xfc, 0xf8, 0xff, 0xf8, 0xfc, 0xf8, 0xff, 0xf8, 0xfc, 0xf8, 0xff,
    0xf8, 0xfc, 0xf8, 0xff, 0xf8, 0xfc, 0xf8, 0xff, 0xf8, 0xfc, 0xf8, 0xff,
    0xf8, 0xfc, 0xf8, 0xff, 0xf8, 0xfc, 0xf8, 0xff, 0xf8, 0xfc, 0xf8, 0xff,
    0xf8, 0xfc, 0xf8, 0xff, 0xf8, 0xfc, 0xf8, 0xff, 0xf8, 0xfc, 0xf8, 0xff,
    0xf8, 0xfc, 0xf8, 0xff, 0xf8, 0xfc, 0xf8, 0xff, 0xf8, 0xfc, 0xf8, 0xff,
    0xf8, 0xfc, 0xf8, 0xff, 0xf8, 0xfc, 0xf8, 0xff, 0xf8, 0xfc, 0xf8, 0xff,
    0xf8, 0xf8, 0xf8, 0xff, 0xf8, 0xfc, 0xf8, 0xff, 0xf8, 0xfc, 0xf8, 0xff,
    0xf8, 0xfc, 0xf8, 0xff, 0xf8, 0xf8, 0xf8, 0xff, 0xf8, 0xfc, 0xf8, 0xff,
    0xf8, 0xfc, 0xf8, 0xff, 0xf8, 0xf8, 0xf8, 0xff, 0xf8, 0xfc, 0xf8, 0xff,
    0xf8, 0xf8, 0xf8, 0xff, 0xf8, 0xfc, 0xf8, 0xff, 0xf8, 0xfc, 0xf8, 0xff,
    0xf8, 0xf8, 0xf8, 0xff, 0xf8, 0xf8, 0xf8, 0xff, 0xf8, 0xfc, 0xf8, 0xff,
    0xf8, 0xfc, 0xf8, 0xff, 0xf8, 0xf8, 0xf8, 0xff, 0xf8, 0xf8, 0xf8, 0xff,
    0xf8, 0xfc, 0xf8, 0xff, 0xf8, 0xf8, 0xf8, 0xff, 0xf8, 0xfc, 0xf8, 0xff,
    0xf8, 0xf8, 0xf8, 0xff, 0xf8, 0xf8, 0xf8, 0xff, 0xf8, 0xfc, 0xf8, 0xff,
    0xf8, 0xfc, 0xf0, 0xff, 0xf8, 0xf8, 0xf8, 0xff, 0xf8, 0xf8, 0xf8, 0xff,
    0xf8, 0xfc, 0xf8, 0xff, 0xf8, 0xf8, 0xf8, 0xff, 0xf8, 0xf8, 0xf0, 0xff,
    0xf8, 0xf8, 0xf8, 0xff, 0xf8, 0xf8, 0xf8, 0xff, 0xf8, 0xf8, 0xf0, 0xff,
    0xf8, 0xf8, 0xf8, 0xff, 0xf8, 0xf8, 0xf8, 0xff, 0xf8, 0xf8, 0xf0, 0xff,
    0xf8, 0xf8, 0xf8, 0xff, 0xf8, 0xf8, 0xf8, 0xff, 0xf8, 0xf8, 0xf8, 0xff,
    0xf8, 0xf8, 0xf0, 0xff, 0xf8, 0xf8, 0xf8, 0xff, 0xf8, 0xf8, 0xf0, 0xff,
    0xf8, 0xf8, 0xf8, 0xff, 0xf8, 0xf8, 0xf8, 0xff, 0xf8, 0xf8, 0xf0, 0xff,
    0xf8, 0xf8, 0xf8, 0xff, 0xf8, 0xf8, 0xf8, 0xff, 0xf8, 0xf8, 0xf0, 0xff,
    0xf8, 0xf8, 0xf8, 0xff, 0xf8, 0xf8, 0xf8, 0xff, 0xf8, 0xf8, 0xf8, 0xff,
    0xf8, 0xf8, 0xf0, 0xff, 0xf8, 0xf8, 0xf8, 0xff, 0xf8, 0xf8, 0xf8, 0xff,
    0xf8, 0xf8, 0xf0, 0xff, 0xf8, 0xf4, 0xf0, 0xff, 0xf8, 0xf8, 0xf8, 0xff,
    0xf8, 0xf8, 0xf8, 0xff, 0xf8, 0xf4, 0xf0, 0xff, 0xf8, 0xf8, 0xf8, 0xff,
    0xf8, 0xf8, 0xf8, 0xff, 0xf8, 0xf8, 0xf0, 0xff, 0xf8, 0xf4, 0xf8, 0xff,
    0xf8, 0xf8, 0xf0, 0xff, 0xf8, 0xf8, 0xf8, 0xff, 0xf8, 0xf4, 0xf8, 0xff,
    0xf8, 0xf8, 0xf0, 0xff, 0xf8, 0xf8, 0xf0, 0xff, 0xf8, 0xf4, 0xf8, 0xff,
    0xf8, 0xf8, 0xf0, 0xff, 0xf8, 0xf4, 0xf0, 0xff, 0xf8, 0xf8, 0xf8, 0xff,
    0xf8, 0xf8, 0xf8, 0xff, 0xf8, 0xf4, 0xf0, 0xff, 0xf8, 0xf8, 0xf8, 0xff,
    0xf8, 0xf8, 0xf8, 0xff, 0xf8, 0xf4, 0xf0, 0xff, 0xf8, 0xf8, 0xf0, 0xff,
    0xf8, 0xf8, 0xf8, 0xff, 0xf8, 0xf8, 0xf0, 0xff, 0xf8, 0xf8, 0xf8, 0xff,
    0xf8, 0xf8, 0xf8, 0xff, 0xf8, 0xf8, 0xf0, 0xff, 0xf8, 0xf8, 0xf8, 0xff,
    0xf8, 0xf8, 0xf0, 0xff, 0xf8, 0xf8, 0xf8, 0xff, 0xf8, 0xf8, 0xf0, 0xff,
    0xf8, 0xf8, 0xf8, 0xff, 0xf8, 0xf4, 0xf0, 0xff, 0xf8, 0xf8, 0xf0, 0xff,
    0xf8, 0xf8, 0xf8, 0xff, 0xf8, 0xf8, 0xf0, 0xff, 0xf8, 0xf8, 0xf0, 0xff,
    0xf8, 0xf8, 0xf8, 0xff, 0xf8, 0xf4, 0xf0, 0xff, 0xf8, 0xf8, 0xf8, 0xff,
    0xf8, 0xf8, 0xf8, 0xff, 0xf8, 0xf4, 0xf0, 0xff, 0xf8, 0xf4, 0xf8, 0xff,
    0xf8, 0xf8, 0xf8, 0xff, 0xf8, 0xf8, 0xf0, 0xff, 0xf8, 0xf8, 0xf0, 0xff,
    0xf8, 0xf8, 0xf8, 0xff, 0xf8, 0xf4, 0xf8, 0xff, 0xf8, 0xf8, 0xf0, 0xff,
    0xf8, 0xf8, 0xf8, 0xff, 0xf8, 0xf8, 0xf8, 0xff, 0xf8, 0xf8, 0xf0, 0xff,
    0xf8, 0xf8, 0xf0, 0xff, 0xf8, 0xf8, 0xf8, 0xff, 0xf8, 0xf8, 0xf0, 0xff,
    0xf8, 0xf8, 0xf0, 0xff, 0xf8, 0xf8, 0xf8, 0xff, 0xf8, 0xf8, 0xf0, 0xff,
    0xf8, 0xf8, 0xf8, 0xff, 0xf8, 0xf8, 0xf0, 0xff, 0xf8, 0xf8, 0xf0, 0xff,
    0xa0, 0x74, 0x58, 0x34, 0xa8, 0x78, 0x60, 0x30, 0xa8, 0x78, 0x60, 0x2c,
    0x80, 0x2c, 0x00, 0x04, 0x80, 0x40, 0x00, 0x04, 0x80, 0x00, 0x00, 0x04,
    0x00, 0x00, 0x00, 0x00, 0x00, 0x00, 0x00, 0x00, 0x00, 0x00, 0x00, 0x00,
    0x00, 0x00, 0x00, 0x00, 0x00, 0x00, 0x00, 0x00, 0x00, 0x00, 0x00, 0x00,
    0x00, 0x00, 0x00, 0x00, 0x00, 0x00, 0x00, 0x00, 0x00, 0x00, 0x00, 0x00,
    0x00, 0x00, 0x00, 0x00, 0x00, 0x00, 0x00, 0x00, 0x00, 0x00, 0x00, 0x00,
    0x00, 0x00, 0x00, 0x00, 0x00, 0x00, 0x00, 0x00, 0x00, 0x00, 0x00, 0x00,
    0x00, 0x00, 0x00, 0x00, 0x00, 0x00, 0x00, 0x00, 0x00, 0x00, 0x00, 0x00,
    0x00, 0x00, 0x00, 0x00, 0x00, 0x00, 0x00, 0x00, 0x00, 0x00, 0x00, 0x00,
    0x00, 0x00, 0x00, 0x00, 0x00, 0x00, 0x00, 0x00, 0x00, 0x00, 0x00, 0x00,
    0x00, 0x00, 0x00, 0x00, 0x00, 0x00, 0x00, 0x00, 0x00, 0x00, 0x00, 0x00,
    0x00, 0x00, 0x00, 0x00, 0x00, 0x00, 0x00, 0x00, 0x00, 0x00, 0x00, 0x00,
    0x00, 0x00, 0x00, 0x00, 0x00, 0x00, 0x00, 0x00, 0x00, 0x00, 0x00, 0x00,
    0x00, 0x00, 0x00, 0x00, 0x00, 0x00, 0x00, 0x00, 0x00, 0x00, 0x00, 0x00,
    0x00, 0x00, 0x00, 0x00, 0x00, 0x00, 0x00, 0x00, 0x00, 0x00, 0x00, 0x00,
    0x00, 0x00, 0x00, 0x00, 0x00, 0x00, 0x00, 0x00, 0x00, 0x00, 0x00, 0x00,
    0x00, 0x00, 0x00, 0x00, 0x00, 0x00, 0x00, 0x00, 0x00, 0x00, 0x00, 0x00,
    0x00, 0x00, 0x00, 0x00, 0x00, 0x00, 0x00, 0x00, 0x00, 0x00, 0x00, 0x00,
    0x80, 0x00, 0x00, 0x04, 0x80, 0x40, 0x00, 0x04, 0x80, 0x2c, 0x00, 0x08,
    0x70, 0x1c, 0x00, 0x08, 0x70, 0x2c, 0x00, 0x0c, 0x78, 0x24, 0x00, 0x10,
    0xf8, 0xfc, 0xf8, 0xff, 0xf8, 0xfc, 0xf8, 0xff, 0xf8, 0xfc, 0xf8, 0xff,
    0xf8, 0xfc, 0xf8, 0xff, 0xf8, 0xfc, 0xf8, 0xff, 0xf8, 0xfc, 0xf8, 0xff,
    0xf8, 0xfc, 0xf8, 0xff, 0xf8, 0xfc, 0xf8, 0xff, 0xf8, 0xfc, 0xf8, 0xff,
    0xf8, 0xfc, 0xf8, 0xff, 0xf8, 0xfc, 0xf8, 0xff, 0xf8, 0xfc, 0xf8, 0xff,
    0xf8, 0xfc, 0xf8, 0xff, 0xf8, 0xfc, 0xf8, 0xff, 0xf8, 0xfc, 0xf8, 0xff,
    0xf8, 0xfc, 0xf8, 0xff, 0xf8, 0xfc, 0xf8, 0xff, 0xf8, 0xfc, 0xf8, 0xff,
    0xf8, 0xfc, 0xf8, 0xff, 0xf8, 0xfc, 0xf8, 0xff, 0xf8, 0xfc, 0xf8, 0xff,
    0xf8, 0xfc, 0xf8, 0xff, 0xf8, 0xfc, 0xf8, 0xff, 0xf8, 0xfc, 0xf8, 0xff,
    0xf8, 0xfc, 0xf8, 0xff, 0xf8, 0xfc, 0xf8, 0xff, 0xf8, 0xfc, 0xf8, 0xff,
    0xf8, 0xfc, 0xf8, 0xff, 0xf8, 0xfc, 0xf8, 0xff, 0xf8, 0xfc, 0xf8, 0xff,
    0xf8, 0xfc, 0xf8, 0xff, 0xf8, 0xfc, 0xf8, 0xff, 0xf8, 0xfc, 0xf8, 0xff,
    0xf8, 0xfc, 0xf8, 0xff, 0xf8, 0xfc, 0xf8, 0xff, 0xf8, 0xfc, 0xf8, 0xff,
    0xf8, 0xfc, 0xf8, 0xff, 0xf8, 0xfc, 0xf8, 0xff, 0xf8, 0xfc, 0xf8, 0xff,
    0xf8, 0xfc, 0xf8, 0xff, 0xf8, 0xfc, 0xf8, 0xff, 0xf8, 0xfc, 0xf8, 0xff,
    0xf8, 0xfc, 0xf8, 0xff, 0xf8, 0xfc, 0xf8, 0xff, 0xf8, 0xfc, 0xf8, 0xff,
    0xf8, 0xfc, 0xf8, 0xff, 0xf8, 0xfc, 0xf8, 0xff, 0xf8, 0xfc, 0xf8, 0xff,
    0xf8, 0xfc, 0xf8, 0xff, 0xf8, 0xfc, 0xf8, 0xff, 0xf8, 0xfc, 0xf8, 0xff,
    0xf8, 0xfc, 0xf8, 0xff, 0xf8, 0xfc, 0xf8, 0xff, 0xf8, 0xfc, 0xf8, 0xff,
    0xf8, 0xfc, 0xf8, 0xff, 0xf8, 0xfc, 0xf8, 0xff, 0xf8, 0xfc, 0xf8, 0xff,
    0xf8, 0xfc, 0xf8, 0xff, 0xf8, 0xfc, 0xf8, 0xff, 0xf8, 0xfc, 0xf8, 0xff,
    0xf8, 0xfc, 0xf8, 0xff, 0xf8, 0xfc, 0xf8, 0xff, 0xf8, 0xfc, 0xf8, 0xff,
    0xf8, 0xfc, 0xf8, 0xff, 0xf8, 0xfc, 0xf8, 0xff, 0xf8, 0xfc, 0xf8, 0xff,
    0xf8, 0xfc, 0xf8, 0xff, 0xf8, 0xfc, 0xf8, 0xff, 0xf8, 0xfc, 0xf8, 0xff,
    0xf8, 0xfc, 0xf8, 0xff, 0xf8, 0xfc, 0xf8, 0xff, 0xf8, 0xfc, 0xf8, 0xff,
    0xf8, 0xfc, 0xf8, 0xff, 0xf8, 0xfc, 0xf8, 0xff, 0xf8, 0xfc, 0xf8, 0xff,
    0xf8, 0xfc, 0xf8, 0xff, 0xf8, 0xfc, 0xf8, 0xff, 0xf8, 0xfc, 0xf8, 0xff,
    0xf8, 0xfc, 0xf8, 0xff, 0xf8, 0xfc, 0xf8, 0xff, 0xf8, 0xfc, 0xf8, 0xff,
    0xf8, 0xfc, 0xf8, 0xff, 0xf8, 0xfc, 0xf8, 0xff, 0xf8, 0xfc, 0xf8, 0xff,
    0xf8, 0xf8, 0xf8, 0xff, 0xf8, 0xfc, 0xf8, 0xff, 0xf8, 0xfc, 0xf8, 0xff,
    0xf8, 0xf8, 0xf8, 0xff, 0xf8, 0xfc, 0xf8, 0xff, 0xf8, 0xfc, 0xf8, 0xff,
    0xf8, 0xf8, 0xf8, 0xff, 0xf8, 0xfc, 0xf8, 0xff, 0xf8, 0xf8, 0xf8, 0xff,
    0xf8, 0xfc, 0xf8, 0xff, 0xf8, 0xf8, 0xf8, 0xff, 0xf8, 0xfc, 0xf8, 0xff,
    0xf8, 0xf8, 0xf8, 0xff, 0xf8, 0xfc, 0xf8, 0xff, 0xf8, 0xf8, 0xf8, 0xff,
    0xf8, 0xfc, 0xf8, 0xff, 0xf8, 0xf8, 0xf8, 0xff, 0xf8, 0xfc, 0xf8, 0xff,
    0xf8, 0xf8, 0xf8, 0xff, 0xf8, 0xf8, 0xf8, 0xff, 0xf8, 0xf8, 0xf8, 0xff,
    0xf8, 0xf8, 0xf8, 0xff, 0xf8, 0xf8, 0xf8, 0xff, 0xf8, 0xf8, 0xf8, 0xff,
    0xf8, 0xf8, 0xf8, 0xff, 0xf8, 0xf8, 0xf8, 0xff, 0xf8, 0xfc, 0xf8, 0xff,
    0xf8, 0xf8, 0xf8, 0xff, 0xf8, 0xf8, 0xf0, 0xff, 0xf8, 0xf8, 0xf8, 0xff,
    0xf8, 0xfc, 0xf8, 0xff, 0xf8, 0xf8, 0xf8, 0xff, 0xf8, 0xf8, 0xf8, 0xff,
    0xf8, 0xf8, 0xf8, 0xff, 0xf8, 0xf8, 0xf8, 0xff, 0xf8, 0xf8, 0xf8, 0xff,
    0xf8, 0xf8, 0xf8, 0xff, 0xf8, 0xf8, 0xf8, 0xff, 0xf8, 0xf8, 0xf0, 0xff,
    0xf8, 0xf8, 0xf8, 0xff, 0xf8, 0xf8, 0xf8, 0xff, 0xf8, 0xf8, 0xf0, 0xff,
    0xf8, 0xf8, 0xf8, 0xff, 0xf8, 0xf8, 0xf0, 0xff, 0xf8, 0xf8, 0xf8, 0xff,
    0xf8, 0xf8, 0xf8, 0xff, 0xf8, 0xf8, 0xf0, 0xff, 0xf8, 0xf8, 0xf8, 0xff,
    0xf8, 0xf8, 0xf8, 0xff, 0xf8, 0xf8, 0xf0, 0xff, 0xf8, 0xf8, 0xf8, 0xff,
    0xf8, 0xf8, 0xf8, 0xff, 0xf8, 0xf8, 0xf0, 0xff, 0xf8, 0xf8, 0xf8, 0xff,
    0xf8, 0xf8, 0xf0, 0xff, 0xf8, 0xf4, 0xf8, 0xff, 0xf8, 0xf8, 0xf8, 0xff,
    0xf8, 0xf8, 0xf0, 0xff, 0xf8, 0xf4, 0xf0, 0xff, 0xf8, 0xf8, 0xf8, 0xff,
    0xf8, 0xf8, 0xf0, 0xff, 0xf8, 0xf8, 0xf8, 0xff, 0xf8, 0xf8, 0xf0, 0xff,
    0xf8, 0xf4, 0xf0, 0xff, 0xf8, 0xf8, 0xf8, 0xff, 0xf8, 0xf8, 0xf8, 0xff,
    0xf8, 0xf8, 0xf0, 0xff, 0xf8, 0xf8, 0xf8, 0xff, 0xf8, 0xf8, 0xf0, 0xff,
    0xf8, 0xf4, 0xf8, 0xff, 0xf8, 0xf8, 0xf0, 0xff, 0xf8, 0xf8, 0xf0, 0xff,
    0xf8, 0xf4, 0xf8, 0xff, 0xf8, 0xf8, 0xf0, 0xff, 0xf8, 0xf8, 0xf8, 0xff,
    0xf8, 0xf8, 0xf0, 0xff, 0xf8, 0xf8, 0xf8, 0xff, 0xf8, 0xf8, 0xf0, 0xff,
    0xf8, 0xf4, 0xf0, 0xff, 0xf8, 0xf8, 0xf8, 0xff, 0xf8, 0xf4, 0xf0, 0xff,
    0xf8, 0xf8, 0xf8, 0xff, 0xf8, 0xf4, 0xf0, 0xff, 0xf8, 0xf8, 0xf0, 0xff,
    0xf8, 0xf4, 0xf8, 0xff, 0xf8, 0xf8, 0xf0, 0xff, 0xf8, 0xf8, 0xf8, 0xff,
    0xf8, 0xf4, 0xf8, 0xff, 0xf8, 0xf8, 0xf0, 0xff, 0xf8, 0xf8, 0xf8, 0xff,
    0xf8, 0xf4, 0xf8, 0xff, 0xf8, 0xf4, 0xf0, 0xff, 0xf8, 0xf8, 0xf8, 0xff,
    0xf8, 0xf8, 0xf0, 0xff, 0xf8, 0xf8, 0xf0, 0xff, 0xf8, 0xf4, 0xf8, 0xff,
    0xf8, 0xf8, 0xf0, 0xff, 0xf8, 0xf8, 0xf0, 0xff, 0xf8, 0xf8, 0xf8, 0xff,
    0xf8, 0xf8, 0xf0, 0xff, 0xf8, 0xf4, 0xf8, 0xff, 0xf8, 0xf8, 0xf8, 0xff,
    0xf8, 0xf8, 0xf0, 0xff, 0xf8, 0xf8, 0xf0, 0xff, 0xf8, 0xf8, 0xf8, 0xff,
    0xf8, 0xf4, 0xf0, 0xff, 0xf8, 0xf4, 0xf8, 0xff, 0xf8, 0xf8, 0xf8, 0xff,
    0xf8, 0xf4, 0xf0, 0xff, 0xf8, 0xf8, 0xf8, 0xff, 0xf8, 0xf8, 0xf8, 0xff,
    0xf8, 0xf4, 0xf0, 0xff, 0xf8, 0xf8, 0xf0, 0xff, 0xf8, 0xf8, 0xf8, 0xff,
    0xf8, 0xf4, 0xf8, 0xff, 0xf8, 0xf8, 0xf8, 0xff, 0xf8, 0xf8, 0xf0, 0xff,
    0xa8, 0x70, 0x58, 0x34, 0xa8, 0x78, 0x60, 0x30, 0xa8, 0x7c, 0x60, 0x2c,
    0xa0, 0x60, 0x50, 0x10, 0x80, 0x40, 0x00, 0x04, 0x80, 0x00, 0x00, 0x00,
    0x00, 0x00, 0x00, 0x00, 0x00, 0x00, 0x00, 0x00, 0x00, 0x00, 0x00, 0x00,
    0x00, 0x00, 0x00, 0x00, 0x00, 0x00, 0x00, 0x00, 0x00, 0x00, 0x00, 0x00,
    0x00, 0x00, 0x00, 0x00, 0x00, 0x00, 0x00, 0x00, 0x00, 0x00, 0x00, 0x00,
    0x00, 0x00, 0x00, 0x00, 0x00, 0x00, 0x00, 0x00, 0x00, 0x00, 0x00, 0x00,
    0x00, 0x00, 0x00, 0x00, 0x00, 0x00, 0x00, 0x00, 0x00, 0x00, 0x00, 0x00,
    0x00, 0x00, 0x00, 0x00, 0x00, 0x00, 0x00, 0x00, 0x00, 0x00, 0x00, 0x00,
    0x00, 0x00, 0x00, 0x00, 0x00, 0x00, 0x00, 0x00, 0x00, 0x00, 0x00, 0x00,
    0x00, 0x00, 0x00, 0x00, 0x00, 0x00, 0x00, 0x00, 0x00, 0x00, 0x00, 0x00,
    0x00, 0x00, 0x00, 0x00, 0x00, 0x00, 0x00, 0x00, 0x00, 0x00, 0x00, 0x00,
    0x00, 0x00, 0x00, 0x00, 0x00, 0x00, 0x00, 0x00, 0x00, 0x00, 0x00, 0x00,
    0x00, 0x00, 0x00, 0x00, 0x00, 0x00, 0x00, 0x00, 0x00, 0x00, 0x00, 0x00,
    0x00, 0x00, 0x00, 0x00, 0x00, 0x00, 0x00, 0x00, 0x00, 0x00, 0x00, 0x00,
    0x00, 0x00, 0x00, 0x00, 0x00, 0x00, 0x00, 0x00, 0x00, 0x00, 0x00, 0x00,
    0x00, 0x00, 0x00, 0x00, 0x00, 0x00, 0x00, 0x00, 0x00, 0x00, 0x00, 0x00,
    0x00, 0x00, 0x00, 0x00, 0x00, 0x00, 0x00, 0x00, 0x00, 0x00, 0x00, 0x00,
    0x00, 0x00, 0x00, 0x00, 0x00, 0x00, 0x00, 0x00, 0x00, 0x00, 0x00, 0x00,
    0x80, 0x00, 0x00, 0x04, 0x80, 0x40, 0x00, 0x04, 0x80, 0x28, 0x00, 0x04,
    0x70, 0x1c, 0x00, 0x08, 0x78, 0x30, 0x00, 0x0c, 0x78, 0x20, 0x00, 0x10,
    0xf8, 0xfc, 0xf8, 0xff, 0xf8, 0xfc, 0xf8, 0xff, 0xf8, 0xfc, 0xf8, 0xff,
    0xf8, 0xfc, 0xf8, 0xff, 0xf8, 0xfc, 0xf8, 0xff, 0xf8, 0xfc, 0xf8, 0xff,
    0xf8, 0xfc, 0xf8, 0xff, 0xf8, 0xfc, 0xf8, 0xff, 0xf8, 0xfc, 0xf8, 0xff,
    0xf8, 0xfc, 0xf8, 0xff, 0xf8, 0xfc, 0xf8, 0xff, 0xf8, 0xfc, 0xf8, 0xff,
    0xf8, 0xfc, 0xf8, 0xff, 0xf8, 0xfc, 0xf8, 0xff, 0xf8, 0xfc, 0xf8, 0xff,
    0xf8, 0xfc, 0xf8, 0xff, 0xf8, 0xfc, 0xf8, 0xff, 0xf8, 0xfc, 0xf8, 0xff,
    0xf8, 0xfc, 0xf8, 0xff, 0xf8, 0xfc, 0xf8, 0xff, 0xf8, 0xfc, 0xf8, 0xff,
    0xf8, 0xfc, 0xf8, 0xff, 0xf8, 0xfc, 0xf8, 0xff, 0xf8, 0xfc, 0xf8, 0xff,
    0xf8, 0xfc, 0xf8, 0xff, 0xf8, 0xfc, 0xf8, 0xff, 0xf8, 0xfc, 0xf8, 0xff,
    0xf8, 0xfc, 0xf8, 0xff, 0xf8, 0xfc, 0xf8, 0xff, 0xf8, 0xfc, 0xf8, 0xff,
    0xf8, 0xfc, 0xf8, 0xff, 0xf8, 0xfc, 0xf8, 0xff, 0xf8, 0xfc, 0xf8, 0xff,
    0xf8, 0xfc, 0xf8, 0xff, 0xf8, 0xfc, 0xf8, 0xff, 0xf8, 0xfc, 0xf8, 0xff,
    0xf8, 0xfc, 0xf8, 0xff, 0xf8, 0xfc, 0xf8, 0xff, 0xf8, 0xfc, 0xf8, 0xff,
    0xf8, 0xfc, 0xf8, 0xff, 0xf8, 0xfc, 0xf8, 0xff, 0xf8, 0xfc, 0xf8, 0xff,
    0xf8, 0xfc, 0xf8, 0xff, 0xf8, 0xfc, 0xf8, 0xff, 0xf8, 0xfc, 0xf8, 0xff,
    0xf8, 0xfc, 0xf8, 0xff, 0xf8, 0xfc, 0xf8, 0xff, 0xf8, 0xfc, 0xf8, 0xff,
    0xf8, 0xfc, 0xf8, 0xff, 0xf8, 0xfc, 0xf8, 0xff, 0xf8, 0xfc, 0xf8, 0xff,
    0xf8, 0xfc, 0xf8, 0xff, 0xf8, 0xfc, 0xf8, 0xff, 0xf8, 0xfc, 0xf8, 0xff,
    0xf8, 0xfc, 0xf8, 0xff, 0xf8, 0xfc, 0xf8, 0xff, 0xf8, 0xfc, 0xf8, 0xff,
    0xf8, 0xfc, 0xf8, 0xff, 0xf8, 0xfc, 0xf8, 0xff, 0xf8, 0xfc, 0xf8, 0xff,
    0xf8, 0xfc, 0xf8, 0xff, 0xf8, 0xfc, 0xf8, 0xff, 0xf8, 0xfc, 0xf8, 0xff,
    0xf8, 0xfc, 0xf8, 0xff, 0xf8, 0xfc, 0xf8, 0xff, 0xf8, 0xfc, 0xf8, 0xff,
    0xf8, 0xfc, 0xf8, 0xff, 0xf8, 0xfc, 0xf8, 0xff, 0xf8, 0xfc, 0xf8, 0xff,
    0xf8, 0xfc, 0xf8, 0xff, 0xf8, 0xfc, 0xf8, 0xff, 0xf8, 0xfc, 0xf8, 0xff,
    0xf8, 0xfc, 0xf8, 0xff, 0xf8, 0xfc, 0xf8, 0xff, 0xf8, 0xfc, 0xf8, 0xff,
    0xf8, 0xfc, 0xf8, 0xff, 0xf8, 0xfc, 0xf8, 0xff, 0xf8, 0xfc, 0xf8, 0xff,
    0xf8, 0xfc, 0xf8, 0xff, 0xf8, 0xfc, 0xf8, 0xff, 0xf8, 0xfc, 0xf8, 0xff,
    0xf8, 0xfc, 0xf8, 0xff, 0xf8, 0xfc, 0xf8, 0xff, 0xf8, 0xf8, 0xf8, 0xff,
    0xf8, 0xfc, 0xf8, 0xff, 0xf8, 0xfc, 0xf8, 0xff, 0xf8, 0xfc, 0xf8, 0xff,
    0xf8, 0xfc, 0xf8, 0xff, 0xf8, 0xfc, 0xf8, 0xff, 0xf8, 0xfc, 0xf8, 0xff,
    0xf8, 0xfc, 0xf8, 0xff, 0xf8, 0xf8, 0xf8, 0xff, 0xf8, 0xfc, 0xf8, 0xff,
    0xf8, 0xf8, 0xf8, 0xff, 0xf8, 0xfc, 0xf8, 0xff, 0xf8, 0xf8, 0xf8, 0xff,
    0xf8, 0xfc, 0xf8, 0xff, 0xf8, 0xf8, 0xf8, 0xff, 0xf8, 0xfc, 0xf8, 0xff,
    0xf8, 0xf8, 0xf8, 0xff, 0xf8, 0xfc, 0xf8, 0xff, 0xf8, 0xfc, 0xf8, 0xff,
    0xf8, 0xfc, 0xf8, 0xff, 0xf8, 0xf8, 0xf8, 0xff, 0xf8, 0xf8, 0xf8, 0xff,
    0xf8, 0xfc, 0xf8, 0xff, 0xf8, 0xf8, 0xf0, 0xff, 0xf8, 0xf8, 0xf8, 0xff,
    0xf8, 0xf8, 0xf8, 0xff, 0xf8, 0xf8, 0xf8, 0xff, 0xf8, 0xf8, 0xf8, 0xff,
    0xf8, 0xf8, 0xf0, 0xff, 0xf8, 0xf8, 0xf8, 0xff, 0xf8, 0xfc, 0xf8, 0xff,
    0xf8, 0xf8, 0xf0, 0xff, 0xf8, 0xf8, 0xf8, 0xff, 0xf8, 0xf8, 0xf8, 0xff,
    0xf8, 0xf8, 0xf0, 0xff, 0xf8, 0xf8, 0xf8, 0xff, 0xf8, 0xf8, 0xf0, 0xff,
    0xf8, 0xf8, 0xf8, 0xff, 0xf8, 0xf8, 0xf8, 0xff, 0xf8, 0xf8, 0xf0, 0xff,
    0xf8, 0xf8, 0xf8, 0xff, 0xf8, 0xf8, 0xf8, 0xff, 0xf8, 0xf8, 0xf0, 0xff,
    0xf8, 0xf8, 0xf8, 0xff, 0xf8, 0xf8, 0xf8, 0xff, 0xf8, 0xf8, 0xf0, 0xff,
    0xf8, 0xf8, 0xf8, 0xff, 0xf8, 0xf8, 0xf0, 0xff, 0xf8, 0xf8, 0xf8, 0xff,
    0xf8, 0xf8, 0xf0, 0xff, 0xf8, 0xf8, 0xf0, 0xff, 0xf8, 0xf8, 0xf8, 0xff,
    0xf8, 0xf8, 0xf8, 0xff, 0xf8, 0xf8, 0xf0, 0xff, 0xf8, 0xf4, 0xf0, 0xff,
    0xf8, 0xf8, 0xf8, 0xff, 0xf8, 0xf8, 0xf0, 0xff, 0xf8, 0xf8, 0xf0, 0xff,
    0xf8, 0xf8, 0xf8, 0xff, 0xf8, 0xf8, 0xf8, 0xff, 0xf8, 0xf4, 0xf0, 0xff,
    0xf8, 0xf8, 0xf0, 0xff, 0xf8, 0xf8, 0xf8, 0xff, 0xf8, 0xf4, 0xf8, 0xff,
    0xf8, 0xf8, 0xf0, 0xff, 0xf8, 0xf8, 0xf0, 0xff, 0xf8, 0xf8, 0xf0, 0xff,
    0xf8, 0xf4, 0xf8, 0xff, 0xf8, 0xf8, 0xf0, 0xff, 0xf8, 0xf8, 0xf8, 0xff,
    0xf8, 0xf8, 0xf8, 0xff, 0xf8, 0xf8, 0xf8, 0xff, 0xf8, 0xf8, 0xf0, 0xff,
    0xf8, 0xf8, 0xf0, 0xff, 0xf8, 0xf8, 0xf8, 0xff, 0xf8, 0xf4, 0xf0, 0xff,
    0xf8, 0xf8, 0xf8, 0xff, 0xf8, 0xf8, 0xf8, 0xff, 0xf8, 0xf4, 0xf0, 0xff,
    0xf8, 0xf8, 0xf8, 0xff, 0xf8, 0xf8, 0xf0, 0xff, 0xf8, 0xf8, 0xf8, 0xff,
    0xf8, 0xf4, 0xf0, 0xff, 0xf8, 0xf8, 0xf8, 0xff, 0xf8, 0xf8, 0xf8, 0xff,
    0xf8, 0xf8, 0xf0, 0xff, 0xf8, 0xf4, 0xf0, 0xff, 0xf8, 0xf8, 0xf8, 0xff,
    0xf8, 0xf8, 0xf0, 0xff, 0xf8, 0xf8, 0xf8, 0xff, 0xf8, 0xf8, 0xf0, 0xff,
    0xf8, 0xf8, 0xf8, 0xff, 0xf8, 0xf8, 0xf8, 0xff, 0xf8, 0xf4, 0xf0, 0xff,
    0xf8, 0xf8, 0xf8, 0xff, 0xf8, 0xf8, 0xf8, 0xff, 0xf8, 0xf8, 0xf0, 0xff,
    0xf8, 0xf8, 0xf8, 0xff, 0xf8, 0xf8, 0xf8, 0xff, 0xf8, 0xf8, 0xf0, 0xff,
    0xf8, 0xf4, 0xf0, 0xff, 0xf8, 0xf8, 0xf8, 0xff, 0xf8, 0xf8, 0xf0, 0xff,
    0xf8, 0xf4, 0xf0, 0xff, 0xf8, 0xf8, 0xf8, 0xff, 0xf8, 0xf8, 0xf0, 0xff,
    0xf8, 0xf8, 0xf0, 0xff, 0xf8, 0xf8, 0xf8, 0xff, 0xf8, 0xf8, 0xf0, 0xff,
    0xf8, 0xf8, 0xf0, 0xff, 0xf8, 0xf4, 0xf8, 0xff, 0xf8, 0xf8, 0xf8, 0xff,
    0xf8, 0xf8, 0xf0, 0xff, 0xf8, 0xf4, 0xf8, 0xff, 0xf8, 0xf8, 0xf0, 0xff,
    0xf8, 0xf8, 0xf0, 0xff, 0xf8, 0xf4, 0xf8, 0xff, 0xf8, 0xf8, 0xf8, 0xff,
    0xa8, 0x74, 0x58, 0x34, 0xa8, 0x74, 0x60, 0x30, 0xa8, 0x78, 0x60, 0x2c,
    0xa8, 0x78, 0x60, 0x1c, 0x80, 0x40, 0x00, 0x04, 0x80, 0x00, 0x00, 0x04,
    0x00, 0x00, 0x00, 0x00, 0x00, 0x00, 0x00, 0x00, 0x00, 0x00, 0x00, 0x00,
    0x00, 0x00, 0x00, 0x00, 0x00, 0x00, 0x00, 0x00, 0x00, 0x00, 0x00, 0x00,
    0x00, 0x00, 0x00, 0x00, 0x00, 0x00, 0x00, 0x00, 0x00, 0x00, 0x00, 0x00,
    0x00, 0x00, 0x00, 0x00, 0x00, 0x00, 0x00, 0x00, 0x00, 0x00, 0x00, 0x00,
    0x00, 0x00, 0x00, 0x00, 0x00, 0x00, 0x00, 0x00, 0x00, 0x00, 0x00, 0x00,
    0x00, 0x00, 0x00, 0x00, 0x00, 0x00, 0x00, 0x00, 0x00, 0x00, 0x00, 0x00,
    0x00, 0x00, 0x00, 0x00, 0x00, 0x00, 0x00, 0x00, 0x00, 0x00, 0x00, 0x00,
    0x00, 0x00, 0x00, 0x00, 0x00, 0x00, 0x00, 0x00, 0x00, 0x00, 0x00, 0x00,
    0x00, 0x00, 0x00, 0x00, 0x00, 0x00, 0x00, 0x00, 0x00, 0x00, 0x00, 0x00,
    0x00, 0x00, 0x00, 0x00, 0x00, 0x00, 0x00, 0x00, 0x00, 0x00, 0x00, 0x00,
    0x00, 0x00, 0x00, 0x00, 0x00, 0x00, 0x00, 0x00, 0x00, 0x00, 0x00, 0x00,
    0x00, 0x00, 0x00, 0x00, 0x00, 0x00, 0x00, 0x00, 0x00, 0x00, 0x00, 0x00,
    0x00, 0x00, 0x00, 0x00, 0x00, 0x00, 0x00, 0x00, 0x00, 0x00, 0x00, 0x00,
    0x00, 0x00, 0x00, 0x00, 0x00, 0x00, 0x00, 0x00, 0x00, 0x00, 0x00, 0x00,
    0x00, 0x00, 0x00, 0x00, 0x00, 0x00, 0x00, 0x00, 0x00, 0x00, 0x00, 0x00,
    0x00, 0x00, 0x00, 0x00, 0x00, 0x00, 0x00, 0x00, 0x00, 0x00, 0x00, 0x00,
    0x80, 0x00, 0x00, 0x00, 0x80, 0x40, 0x00, 0x04, 0x80, 0x28, 0x00, 0x08,
    0x70, 0x1c, 0x00, 0x08, 0x70, 0x30, 0x00, 0x0c, 0x78, 0x20, 0x00, 0x10,
    0xf8, 0xfc, 0xf8, 0xff, 0xf8, 0xfc, 0xf8, 0xff, 0xf8, 0xfc, 0xf8, 0xff,
    0xf8, 0xfc, 0xf8, 0xff, 0xf8, 0xfc, 0xf8, 0xff, 0xf8, 0xfc, 0xf8, 0xff,
    0xf8, 0xfc, 0xf8, 0xff, 0xf8, 0xfc, 0xf8, 0xff, 0xf8, 0xfc, 0xf8, 0xff,
    0xf8, 0xfc, 0xf8, 0xff, 0xf8, 0xfc, 0xf8, 0xff, 0xf8, 0xfc, 0xf8, 0xff,
    0xf8, 0xfc, 0xf8, 0xff, 0xf8, 0xfc, 0xf8, 0xff, 0xf8, 0xfc, 0xf8, 0xff,
    0xf8, 0xfc, 0xf8, 0xff, 0xf8, 0xfc, 0xf8, 0xff, 0xf8, 0xfc, 0xf8, 0xff,
    0xf8, 0xfc, 0xf8, 0xff, 0xf8, 0xfc, 0xf8, 0xff, 0xf8, 0xfc, 0xf8, 0xff,
    0xf8, 0xfc, 0xf8, 0xff, 0xf8, 0xfc, 0xf8, 0xff, 0xf8, 0xfc, 0xf8, 0xff,
    0xf8, 0xfc, 0xf8, 0xff, 0xf8, 0xfc, 0xf8, 0xff, 0xf8, 0xfc, 0xf8, 0xff,
    0xf8, 0xfc, 0xf8, 0xff, 0xf8, 0xfc, 0xf8, 0xff, 0xf8, 0xfc, 0xf8, 0xff,
    0xf8, 0xfc, 0xf8, 0xff, 0xf8, 0xfc, 0xf8, 0xff, 0xf8, 0xfc, 0xf8, 0xff,
    0xf8, 0xfc, 0xf8, 0xff, 0xf8, 0xfc, 0xf8, 0xff, 0xf8, 0xfc, 0xf8, 0xff,
    0xf8, 0xfc, 0xf8, 0xff, 0xf8, 0xfc, 0xf8, 0xff, 0xf8, 0xfc, 0xf8, 0xff,
    0xf8, 0xfc, 0xf8, 0xff, 0xf8, 0xfc, 0xf8, 0xff, 0xf8, 0xfc, 0xf8, 0xff,
    0xf8, 0xfc, 0xf8, 0xff, 0xf8, 0xfc, 0xf8, 0xff, 0xf8, 0xfc, 0xf8, 0xff,
    0xf8, 0xfc, 0xf8, 0xff, 0xf8, 0xfc, 0xf8, 0xff, 0xf8, 0xfc, 0xf8, 0xff,
    0xf8, 0xfc, 0xf8, 0xff, 0xf8, 0xfc, 0xf8, 0xff, 0xf8, 0xfc, 0xf8, 0xff,
    0xf8, 0xfc, 0xf8, 0xff, 0xf8, 0xfc, 0xf8, 0xff, 0xf8, 0xfc, 0xf8, 0xff,
    0xf8, 0xfc, 0xf8, 0xff, 0xf8, 0xfc, 0xf8, 0xff, 0xf8, 0xfc, 0xf8, 0xff,
    0xf8, 0xfc, 0xf8, 0xff, 0xf8, 0xfc, 0xf8, 0xff, 0xf8, 0xfc, 0xf8, 0xff,
    0xf8, 0xfc, 0xf8, 0xff, 0xf8, 0xfc, 0xf8, 0xff, 0xf8, 0xfc, 0xf8, 0xff,
    0xf8, 0xfc, 0xf8, 0xff, 0xf8, 0xfc, 0xf8, 0xff, 0xf8, 0xfc, 0xf8, 0xff,
    0xf8, 0xfc, 0xf8, 0xff, 0xf8, 0xfc, 0xf8, 0xff, 0xf8, 0xfc, 0xf8, 0xff,
    0xf8, 0xfc, 0xf8, 0xff, 0xf8, 0xfc, 0xf8, 0xff, 0xf8, 0xfc, 0xf8, 0xff,
    0xf8, 0xfc, 0xf8, 0xff, 0xf8, 0xfc, 0xf8, 0xff, 0xf8, 0xfc, 0xf8, 0xff,
    0xf8, 0xfc, 0xf8, 0xff, 0xf8, 0xfc, 0xf8, 0xff, 0xf8, 0xfc, 0xf8, 0xff,
    0xf8, 0xfc, 0xf8, 0xff, 0xf8, 0xfc, 0xf8, 0xff, 0xf8, 0xf8, 0xf8, 0xff,
    0xf8, 0xfc, 0xf8, 0xff, 0xf8, 0xfc, 0xf8, 0xff, 0xf8, 0xfc, 0xf8, 0xff,
    0xf8, 0xfc, 0xf8, 0xff, 0xf8, 0xf8, 0xf8, 0xff, 0xf8, 0xfc, 0xf8, 0xff,
    0xf8, 0xf8, 0xf8, 0xff, 0xf8, 0xfc, 0xf8, 0xff, 0xf8, 0xfc, 0xf8, 0xff,
    0xf8, 0xf8, 0xf8, 0xff, 0xf8, 0xf8, 0xf8, 0xff, 0xf8, 0xfc, 0xf8, 0xff,
    0xf8, 0xfc, 0xf8, 0xff, 0xf8, 0xf8, 0xf8, 0xff, 0xf8, 0xfc, 0xf8, 0xff,
    0xf8, 0xf8, 0xf8, 0xff, 0xf8, 0xfc, 0xf8, 0xff, 0xf8, 0xf8, 0xf8, 0xff,
    0xf8, 0xf8, 0xf8, 0xff, 0xf8, 0xfc, 0xf8, 0xff, 0xf8, 0xf8, 0xf8, 0xff,
    0xf8, 0xf8, 0xf8, 0xff, 0xf8, 0xf8, 0xf8, 0xff, 0xf8, 0xf8, 0xf8, 0xff,
    0xf8, 0xfc, 0xf8, 0xff, 0xf8, 0xf8, 0xf8, 0xff, 0xf8, 0xfc, 0xf8, 0xff,
    0xf8, 0xfc, 0xf8, 0xff, 0xf8, 0xf8, 0xf0, 0xff, 0xf8, 0xfc, 0xf8, 0xff,
    0xf8, 0xf8, 0xf8, 0xff, 0xf8, 0xf8, 0xf8, 0xff, 0xf8, 0xfc, 0xf8, 0xff,
    0xf8, 0xf8, 0xf0, 0xff, 0xf8, 0xf8, 0xf8, 0xff, 0xf8, 0xf8, 0xf8, 0xff,
    0xf8, 0xf8, 0xf0, 0xff, 0xf8, 0xf8, 0xf8, 0xff, 0xf8, 0xf8, 0xf8, 0xff,
    0xf8, 0xf8, 0xf0, 0xff, 0xf8, 0xf8, 0xf8, 0xff, 0xf8, 0xf8, 0xf0, 0xff,
    0xf8, 0xf8, 0xf8, 0xff, 0xf8, 0xf8, 0xf0, 0xff, 0xf8, 0xf8, 0xf8, 0xff,
    0xf8, 0xf8, 0xf8, 0xff, 0xf8, 0xf8, 0xf0, 0xff, 0xf8, 0xf8, 0xf8, 0xff,
    0xf8, 0xf8, 0xf8, 0xff, 0xf8, 0xf8, 0xf8, 0xff, 0xf8, 0xf8, 0xf0, 0xff,
    0xf8, 0xf8, 0xf8, 0xff, 0xf8, 0xf8, 0xf8, 0xff, 0xf8, 0xf8, 0xf0, 0xff,
    0xf8, 0xf8, 0xf8, 0xff, 0xf8, 0xf8, 0xf0, 0xff, 0xf8, 0xf8, 0xf8, 0xff,
    0xf8, 0xf4, 0xf8, 0xff, 0xf8, 0xf8, 0xf0, 0xff, 0xf8, 0xf4, 0xf8, 0xff,
    0xf8, 0xf8, 0xf0, 0xff, 0xf8, 0xf8, 0xf8, 0xff, 0xf8, 0xf8, 0xf8, 0xff,
    0xf8, 0xf4, 0xf0, 0xff, 0xf8, 0xf8, 0xf8, 0xff, 0xf8, 0xf8, 0xf8, 0xff,
    0xf8, 0xf8, 0xf0, 0xff, 0xf8, 0xf8, 0xf8, 0xff, 0xf8, 0xf4, 0xf8, 0xff,
    0xf8, 0xf8, 0xf0, 0xff, 0xf8, 0xf8, 0xf0, 0xff, 0xf8, 0xf4, 0xf8, 0xff,
    0xf8, 0xf8, 0xf0, 0xff, 0xf8, 0xf4, 0xf0, 0xff, 0xf8, 0xf8, 0xf8, 0xff,
    0xf8, 0xf8, 0xf8, 0xff, 0xf8, 0xf4, 0xf0, 0xff, 0xf8, 0xf8, 0xf0, 0xff,
    0xf8, 0xf8, 0xf8, 0xff, 0xf8, 0xf4, 0xf0, 0xff, 0xf8, 0xf8, 0xf8, 0xff,
    0xf8, 0xf8, 0xf0, 0xff, 0xf8, 0xf8, 0xf8, 0xff, 0xf8, 0xf8, 0xf0, 0xff,
    0xf8, 0xf8, 0xf8, 0xff, 0xf8, 0xf8, 0xf0, 0xff, 0xf8, 0xf8, 0xf8, 0xff,
    0xf8, 0xf8, 0xf8, 0xff, 0xf8, 0xf8, 0xf0, 0xff, 0xf8, 0xf4, 0xf8, 0xff,
    0xf8, 0xf8, 0xf0, 0xff, 0xf8, 0xf8, 0xf0, 0xff, 0xf8, 0xf4, 0xf8, 0xff,
    0xf8, 0xf8, 0xf0, 0xff, 0xf8, 0xf8, 0xf0, 0xff, 0xf8, 0xf8, 0xf8, 0xff,
    0xf8, 0xf4, 0xf0, 0xff, 0xf8, 0xf8, 0xf8, 0xff, 0xf8, 0xf8, 0xf0, 0xff,
    0xf8, 0xf4, 0xf0, 0xff, 0xf8, 0xf4, 0xf8, 0xff, 0xf8, 0xf8, 0xf0, 0xff,
    0xf8, 0xf8, 0xf8, 0xff, 0xf8, 0xf8, 0xf8, 0xff, 0xf8, 0xf8, 0xf0, 0xff,
    0xf8, 0xf4, 0xf8, 0xff, 0xf8, 0xf8, 0xf8, 0xff, 0xf8, 0xf8, 0xf0, 0xff,
    0xf8, 0xf4, 0xf8, 0xff, 0xf8, 0xf8, 0xf8, 0xff, 0xf8, 0xf8, 0xf0, 0xff,
    0xf8, 0xf8, 0xf0, 0xff, 0xf8, 0xf8, 0xf8, 0xff, 0xf8, 0xf8, 0xf0, 0xff,
    0xf8, 0xf8, 0xf8, 0xff, 0xf8, 0xf8, 0xf8, 0xff, 0xf8, 0xf8, 0xf0, 0xff,
    0xf8, 0xf8, 0xf0, 0xff, 0xf8, 0xf4, 0xf0, 0xff, 0xf8, 0xf8, 0xf0, 0xff,
    0xa0, 0x70, 0x58, 0x30, 0xa0, 0x78, 0x58, 0x2c, 0xa8, 0x7c, 0x60, 0x2c,
    0xa8, 0x84, 0x68, 0x28, 0x80, 0x54, 0x28, 0x04, 0x80, 0x00, 0x00, 0x04,
    0x00, 0x00, 0x00, 0x00, 0x00, 0x00, 0x00, 0x00, 0x00, 0x00, 0x00, 0x00,
    0x00, 0x00, 0x00, 0x00, 0x00, 0x00, 0x00, 0x00, 0x00, 0x00, 0x00, 0x00,
    0x00, 0x00, 0x00, 0x00, 0x00, 0x00, 0x00, 0x00, 0x00, 0x00, 0x00, 0x00,
    0x00, 0x00, 0x00, 0x00, 0x00, 0x00, 0x00, 0x00, 0x00, 0x00, 0x00, 0x00,
    0x00, 0x00, 0x00, 0x00, 0x00, 0x00, 0x00, 0x00, 0x00, 0x00, 0x00, 0x00,
    0x00, 0x00, 0x00, 0x00, 0x00, 0x00, 0x00, 0x00, 0x00, 0x00, 0x00, 0x00,
    0x00, 0x00, 0x00, 0x00, 0x00, 0x00, 0x00, 0x00, 0x00, 0x00, 0x00, 0x00,
    0x00, 0x00, 0x00, 0x00, 0x00, 0x00, 0x00, 0x00, 0x00, 0x00, 0x00, 0x00,
    0x00, 0x00, 0x00, 0x00, 0x00, 0x00, 0x00, 0x00, 0x00, 0x00, 0x00, 0x00,
    0x00, 0x00, 0x00, 0x00, 0x00, 0x00, 0x00, 0x00, 0x00, 0x00, 0x00, 0x00,
    0x00, 0x00, 0x00, 0x00, 0x00, 0x00, 0x00, 0x00, 0x00, 0x00, 0x00, 0x00,
    0x00, 0x00, 0x00, 0x00, 0x00, 0x00, 0x00, 0x00, 0x00, 0x00, 0x00, 0x00,
    0x00, 0x00, 0x00, 0x00, 0x00, 0x00, 0x00, 0x00, 0x00, 0x00, 0x00, 0x00,
    0x00, 0x00, 0x00, 0x00, 0x00, 0x00, 0x00, 0x00, 0x00, 0x00, 0x00, 0x00,
    0x00, 0x00, 0x00, 0x00, 0x00, 0x00, 0x00, 0x00, 0x00, 0x00, 0x00, 0x00,
    0x00, 0x00, 0x00, 0x00, 0x00, 0x00, 0x00, 0x00, 0x00, 0x00, 0x00, 0x00,
    0x80, 0x00, 0x00, 0x04, 0x80, 0x40, 0x00, 0x04, 0x80, 0x2c, 0x00, 0x04,
    0x70, 0x1c, 0x00, 0x08, 0x70, 0x2c, 0x00, 0x0c, 0x78, 0x24, 0x00, 0x10,
    0xf8, 0xfc, 0xf8, 0xff, 0xf8, 0xfc, 0xf8, 0xff, 0xf8, 0xfc, 0xf8, 0xff,
    0xf8, 0xfc, 0xf8, 0xff, 0xf8, 0xfc, 0xf8, 0xff, 0xf8, 0xfc, 0xf8, 0xff,
    0xf8, 0xfc, 0xf8, 0xff, 0xf8, 0xfc, 0xf8, 0xff, 0xf8, 0xfc, 0xf8, 0xff,
    0xf8, 0xfc, 0xf8, 0xff, 0xf8, 0xfc, 0xf8, 0xff, 0xf8, 0xfc, 0xf8, 0xff,
    0xf8, 0xfc, 0xf8, 0xff, 0xf8, 0xfc, 0xf8, 0xff, 0xf8, 0xfc, 0xf8, 0xff,
    0xf8, 0xfc, 0xf8, 0xff, 0xf8, 0xfc, 0xf8, 0xff, 0xf8, 0xfc, 0xf8, 0xff,
    0xf8, 0xfc, 0xf8, 0xff, 0xf8, 0xfc, 0xf8, 0xff, 0xf8, 0xfc, 0xf8, 0xff,
    0xf8, 0xfc, 0xf8, 0xff, 0xf8, 0xfc, 0xf8, 0xff, 0xf8, 0xfc, 0xf8, 0xff,
    0xf8, 0xfc, 0xf8, 0xff, 0xf8, 0xfc, 0xf8, 0xff, 0xf8, 0xfc, 0xf8, 0xff,
    0xf8, 0xfc, 0xf8, 0xff, 0xf8, 0xfc, 0xf8, 0xff, 0xf8, 0xfc, 0xf8, 0xff,
    0xf8, 0xfc, 0xf8, 0xff, 0xf8, 0xfc, 0xf8, 0xff, 0xf8, 0xfc, 0xf8, 0xff,
    0xf8, 0xfc, 0xf8, 0xff, 0xf8, 0xfc, 0xf8, 0xff, 0xf8, 0xfc, 0xf8, 0xff,
    0xf8, 0xfc, 0xf8, 0xff, 0xf8, 0xfc, 0xf8, 0xff, 0xf8, 0xfc, 0xf8, 0xff,
    0xf8, 0xfc, 0xf8, 0xff, 0xf8, 0xfc, 0xf8, 0xff, 0xf8, 0xfc, 0xf8, 0xff,
    0xf8, 0xfc, 0xf8, 0xff, 0xf8, 0xfc, 0xf8, 0xff, 0xf8, 0xfc, 0xf8, 0xff,
    0xf8, 0xfc, 0xf8, 0xff, 0xf8, 0xfc, 0xf8, 0xff, 0xf8, 0xfc, 0xf8, 0xff,
    0xf8, 0xfc, 0xf8, 0xff, 0xf8, 0xfc, 0xf8, 0xff, 0xf8, 0xfc, 0xf8, 0xff,
    0xf8, 0xfc, 0xf8, 0xff, 0xf8, 0xfc, 0xf8, 0xff, 0xf8, 0xfc, 0xf8, 0xff,
    0xf8, 0xfc, 0xf8, 0xff, 0xf8, 0xfc, 0xf8, 0xff, 0xf8, 0xfc, 0xf8, 0xff,
    0xf8, 0xfc, 0xf8, 0xff, 0xf8, 0xfc, 0xf8, 0xff, 0xf8, 0xfc, 0xf8, 0xff,
    0xf8, 0xfc, 0xf8, 0xff, 0xf8, 0xfc, 0xf8, 0xff, 0xf8, 0xfc, 0xf8, 0xff,
    0xf8, 0xfc, 0xf8, 0xff, 0xf8, 0xfc, 0xf8, 0xff, 0xf8, 0xfc, 0xf8, 0xff,
    0xf8, 0xfc, 0xf8, 0xff, 0xf8, 0xfc, 0xf8, 0xff, 0xf8, 0xfc, 0xf8, 0xff,
    0xf8, 0xfc, 0xf8, 0xff, 0xf8, 0xfc, 0xf8, 0xff, 0xf8, 0xfc, 0xf8, 0xff,
    0xf8, 0xfc, 0xf8, 0xff, 0xf8, 0xfc, 0xf8, 0xff, 0xf8, 0xfc, 0xf8, 0xff,
    0xf8, 0xfc, 0xf8, 0xff, 0xf8, 0xfc, 0xf8, 0xff, 0xf8, 0xfc, 0xf8, 0xff,
    0xf8, 0xfc, 0xf8, 0xff, 0xf8, 0xfc, 0xf8, 0xff, 0xf8, 0xfc, 0xf8, 0xff,
    0xf8, 0xf8, 0xf8, 0xff, 0xf8, 0xfc, 0xf8, 0xff, 0xf8, 0xfc, 0xf8, 0xff,
    0xf8, 0xf8, 0xf8, 0xff, 0xf8, 0xfc, 0xf8, 0xff, 0xf8, 0xfc, 0xf8, 0xff,
    0xf8, 0xfc, 0xf8, 0xff, 0xf8, 0xf8, 0xf8, 0xff, 0xf8, 0xf8, 0xf8, 0xff,
    0xf8, 0xfc, 0xf8, 0xff, 0xf8, 0xf8, 0xf8, 0xff, 0xf8, 0xf8, 0xf8, 0xff,
    0xf8, 0xfc, 0xf8, 0xff, 0xf8, 0xf8, 0xf8, 0xff, 0xf8, 0xf8, 0xf8, 0xff,
    0xf8, 0xfc, 0xf8, 0xff, 0xf8, 0xfc, 0xf8, 0xff, 0xf8, 0xf8, 0xf8, 0xff,
    0xf8, 0xfc, 0xf8, 0xff, 0xf8, 0xf8, 0xf8, 0xff, 0xf8, 0xf8, 0xf8, 0xff,
    0xf8, 0xf8, 0xf8, 0xff, 0xf8, 0xf8, 0xf8, 0xff, 0xf8, 0xf8, 0xf0, 0xff,
    0xf8, 0xf8, 0xf8, 0xff, 0xf8, 0xf8, 0xf8, 0xff, 0xf8, 0xf8, 0xf8, 0xff,
    0xf8, 0xf8, 0xf8, 0xff, 0xf8, 0xf8, 0xf0, 0xff, 0xf8, 0xfc, 0xf8, 0xff,
    0xf8, 0xf8, 0xf8, 0xff, 0xf8, 0xf8, 0xf0, 0xff, 0xf8, 0xf8, 0xf8, 0xff,
    0xf8, 0xf8, 0xf8, 0xff, 0xf8, 0xf8, 0xf8, 0xff, 0xf8, 0xf8, 0xf8, 0xff,
    0xf8, 0xf8, 0xf8, 0xff, 0xf8, 0xf8, 0xf8, 0xff, 0xf8, 0xf8, 0xf8, 0xff,
    0xf8, 0xf8, 0xf0, 0xff, 0xf8, 0xf8, 0xf8, 0xff, 0xf8, 0xf8, 0xf8, 0xff,
    0xf8, 0xf8, 0xf0, 0xff, 0xf8, 0xf8, 0xf8, 0xff, 0xf8, 0xf8, 0xf8, 0xff,
    0xf8, 0xf8, 0xf0, 0xff, 0xf8, 0xf8, 0xf0, 0xff, 0xf8, 0xf8, 0xf8, 0xff,
    0xf8, 0xf8, 0xf0, 0xff, 0xf8, 0xf8, 0xf8, 0xff, 0xf8, 0xf8, 0xf8, 0xff,
    0xf8, 0xf8, 0xf8, 0xff, 0xf8, 0xf8, 0xf8, 0xff, 0xf8, 0xf8, 0xf0, 0xff,
    0xf8, 0xf4, 0xf0, 0xff, 0xf8, 0xf8, 0xf8, 0xff, 0xf8, 0xf8, 0xf0, 0xff,
    0xf8, 0xf8, 0xf8, 0xff, 0xf8, 0xf8, 0xf8, 0xff, 0xf8, 0xf8, 0xf0, 0xff,
    0xf8, 0xf4, 0xf0, 0xff, 0xf8, 0xf8, 0xf8, 0xff, 0xf8, 0xf8, 0xf0, 0xff,
    0xf8, 0xf8, 0xf0, 0xff, 0xf8, 0xf4, 0xf8, 0xff, 0xf8, 0xf8, 0xf0, 0xff,
    0xf8, 0xf8, 0xf0, 0xff, 0xf8, 0xf4, 0xf8, 0xff, 0xf8, 0xf8, 0xf8, 0xff,
    0xf8, 0xf8, 0xf0, 0xff, 0xf8, 0xf8, 0xf8, 0xff, 0xf8, 0xf8, 0xf8, 0xff,
    0xf8, 0xf4, 0xf0, 0xff, 0xf8, 0xf8, 0xf0, 0xff, 0xf8, 0xf8, 0xf8, 0xff,
    0xf8, 0xf4, 0xf8, 0xff, 0xf8, 0xf8, 0xf0, 0xff, 0xf8, 0xf8, 0xf8, 0xff,
    0xf8, 0xf8, 0xf0, 0xff, 0xf8, 0xf8, 0xf0, 0xff, 0xf8, 0xf8, 0xf8, 0xff,
    0xf8, 0xf4, 0xf8, 0xff, 0xf8, 0xf4, 0xf0, 0xff, 0xf8, 0xf8, 0xf8, 0xff,
    0xf8, 0xf8, 0xf0, 0xff, 0xf8, 0xf4, 0xf0, 0xff, 0xf8, 0xf4, 0xf8, 0xff,
    0xf8, 0xf8, 0xf0, 0xff, 0xf8, 0xf8, 0xf8, 0xff, 0xf8, 0xf8, 0xf8, 0xff,
    0xf8, 0xf4, 0xf0, 0xff, 0xf8, 0xf8, 0xf8, 0xff, 0xf8, 0xf8, 0xf8, 0xff,
    0xf8, 0xf4, 0xf0, 0xff, 0xf8, 0xf8, 0xf8, 0xff, 0xf8, 0xf8, 0xf0, 0xff,
    0xf8, 0xf8, 0xf0, 0xff, 0xf8, 0xf4, 0xf8, 0xff, 0xf8, 0xf8, 0xf8, 0xff,
    0xf8, 0xf8, 0xf0, 0xff, 0xf8, 0xf8, 0xf8, 0xff, 0xf8, 0xf8, 0xf0, 0xff,
    0xf8, 0xf4, 0xf8, 0xff, 0xf8, 0xf8, 0xf0, 0xff, 0xf8, 0xf8, 0xf0, 0xff,
    0xf8, 0xf8, 0xf8, 0xff, 0xf8, 0xf8, 0xf0, 0xff, 0xf8, 0xf4, 0xf8, 0xff,
    0xf8, 0xf8, 0xf0, 0xff, 0xf8, 0xf8, 0xf8, 0xff, 0xf8, 0xf4, 0xf8, 0xff,
    0xf8, 0xf4, 0xf0, 0xff, 0xf8, 0xf8, 0xf8, 0xff, 0xf8, 0xf4, 0xf0, 0xff,
    0xf8, 0xf8, 0xf0, 0xff, 0xf8, 0xf4, 0xf8, 0xff, 0xf8, 0xf8, 0xf8, 0xff,
    0xf8, 0xf8, 0xf8, 0xff, 0xf8, 0xf8, 0xf8, 0xff, 0xf8, 0xf8, 0xf0, 0xff,
    0xa8, 0x6c, 0x50, 0x30, 0xa8, 0x74, 0x60, 0x2c, 0xa8, 0x78, 0x60, 0x2c,
    0xa8, 0x84, 0x68, 0x28, 0xa8, 0x78, 0x58, 0x10, 0x80, 0x00, 0x00, 0x00,
    0x00, 0x00, 0x00, 0x00, 0x00, 0x00, 0x00, 0x00, 0x00, 0x00, 0x00, 0x00,
    0x00, 0x00, 0x00, 0x00, 0x00, 0x00, 0x00, 0x00, 0x00, 0x00, 0x00, 0x00,
    0x00, 0x00, 0x00, 0x00, 0x00, 0x00, 0x00, 0x00, 0x00, 0x00, 0x00, 0x00,
    0x00, 0x00, 0x00, 0x00, 0x00, 0x00, 0x00, 0x00, 0x00, 0x00, 0x00, 0x00,
    0x00, 0x00, 0x00, 0x00, 0x00, 0x00, 0x00, 0x00, 0x00, 0x00, 0x00, 0x00,
    0x00, 0x00, 0x00, 0x00, 0x00, 0x00, 0x00, 0x00, 0x00, 0x00, 0x00, 0x00,
    0x00, 0x00, 0x00, 0x00, 0x00, 0x00, 0x00, 0x00, 0x00, 0x00, 0x00, 0x00,
    0x00, 0x00, 0x00, 0x00, 0x00, 0x00, 0x00, 0x00, 0x00, 0x00, 0x00, 0x00,
    0x00, 0x00, 0x00, 0x00, 0x00, 0x00, 0x00, 0x00, 0x00, 0x00, 0x00, 0x00,
    0x00, 0x00, 0x00, 0x00, 0x00, 0x00, 0x00, 0x00, 0x00, 0x00, 0x00, 0x00,
    0x00, 0x00, 0x00, 0x00, 0x00, 0x00, 0x00, 0x00, 0x00, 0x00, 0x00, 0x00,
    0x00, 0x00, 0x00, 0x00, 0x00, 0x00, 0x00, 0x00, 0x00, 0x00, 0x00, 0x00,
    0x00, 0x00, 0x00, 0x00, 0x00, 0x00, 0x00, 0x00, 0x00, 0x00, 0x00, 0x00,
    0x00, 0x00, 0x00, 0x00, 0x00, 0x00, 0x00, 0x00, 0x00, 0x00, 0x00, 0x00,
    0x00, 0x00, 0x00, 0x00, 0x00, 0x00, 0x00, 0x00, 0x00, 0x00, 0x00, 0x00,
    0x00, 0x00, 0x00, 0x00, 0x00, 0x00, 0x00, 0x00, 0x00, 0x00, 0x00, 0x00,
    0x80, 0x00, 0x00, 0x04, 0x80, 0x40, 0x00, 0x04, 0x80, 0x2c, 0x00, 0x08,
    0x70, 0x1c, 0x00, 0x08, 0x70, 0x2c, 0x00, 0x0c, 0x78, 0x24, 0x00, 0x10,
    0xf8, 0xfc, 0xf8, 0xff, 0xf8, 0xfc, 0xf8, 0xff, 0xf8, 0xfc, 0xf8, 0xff,
    0xf8, 0xfc, 0xf8, 0xff, 0xf8, 0xfc, 0xf8, 0xff, 0xf8, 0xfc, 0xf8, 0xff,
    0xf8, 0xfc, 0xf8, 0xff, 0xf8, 0xfc, 0xf8, 0xff, 0xf8, 0xfc, 0xf8, 0xff,
    0xf8, 0xfc, 0xf8, 0xff, 0xf8, 0xfc, 0xf8, 0xff, 0xf8, 0xfc, 0xf8, 0xff,
    0xf8, 0xfc, 0xf8, 0xff, 0xf8, 0xfc, 0xf8, 0xff, 0xf8, 0xfc, 0xf8, 0xff,
    0xf8, 0xfc, 0xf8, 0xff, 0xf8, 0xfc, 0xf8, 0xff, 0xf8, 0xfc, 0xf8, 0xff,
    0xf8, 0xfc, 0xf8, 0xff, 0xf8, 0xfc, 0xf8, 0xff, 0xf8, 0xfc, 0xf8, 0xff,
    0xf8, 0xfc, 0xf8, 0xff, 0xf8, 0xfc, 0xf8, 0xff, 0xf8, 0xfc, 0xf8, 0xff,
    0xf8, 0xfc, 0xf8, 0xff, 0xf8, 0xfc, 0xf8, 0xff, 0xf8, 0xfc, 0xf8, 0xff,
    0xf8, 0xfc, 0xf8, 0xff, 0xf8, 0xfc, 0xf8, 0xff, 0xf8, 0xfc, 0xf8, 0xff,
    0xf8, 0xfc, 0xf8, 0xff, 0xf8, 0xfc, 0xf8, 0xff, 0xf8, 0xfc, 0xf8, 0xff,
    0xf8, 0xfc, 0xf8, 0xff, 0xf8, 0xfc, 0xf8, 0xff, 0xf8, 0xfc, 0xf8, 0xff,
    0xf8, 0xfc, 0xf8, 0xff, 0xf8, 0xfc, 0xf8, 0xff, 0xf8, 0xfc, 0xf8, 0xff,
    0xf8, 0xfc, 0xf8, 0xff, 0xf8, 0xfc, 0xf8, 0xff, 0xf8, 0xfc, 0xf8, 0xff,
    0xf8, 0xfc, 0xf8, 0xff, 0xf8, 0xfc, 0xf8, 0xff, 0xf8, 0xfc, 0xf8, 0xff,
    0xf8, 0xfc, 0xf8, 0xff, 0xf8, 0xfc, 0xf8, 0xff, 0xf8, 0xfc, 0xf8, 0xff,
    0xf8, 0xfc, 0xf8, 0xff, 0xf8, 0xfc, 0xf8, 0xff, 0xf8, 0xfc, 0xf8, 0xff,
    0xf8, 0xfc, 0xf8, 0xff, 0xf8, 0xfc, 0xf8, 0xff, 0xf8, 0xfc, 0xf8, 0xff,
    0xf8, 0xfc, 0xf8, 0xff, 0xf8, 0xfc, 0xf8, 0xff, 0xf8, 0xfc, 0xf8, 0xff,
    0xf8, 0xfc, 0xf8, 0xff, 0xf8, 0xfc, 0xf8, 0xff, 0xf8, 0xfc, 0xf8, 0xff,
    0xf8, 0xfc, 0xf8, 0xff, 0xf8, 0xfc, 0xf8, 0xff, 0xf8, 0xfc, 0xf8, 0xff,
    0xf8, 0xfc, 0xf8, 0xff, 0xf8, 0xfc, 0xf8, 0xff, 0xf8, 0xfc, 0xf8, 0xff,
    0xf8, 0xfc, 0xf8, 0xff, 0xf8, 0xfc, 0xf8, 0xff, 0xf8, 0xfc, 0xf8, 0xff,
    0xf8, 0xfc, 0xf8, 0xff, 0xf8, 0xfc, 0xf8, 0xff, 0xf8, 0xfc, 0xf8, 0xff,
    0xf8, 0xfc, 0xf8, 0xff, 0xf8, 0xfc, 0xf8, 0xff, 0xf8, 0xfc, 0xf8, 0xff,
    0xf8, 0xfc, 0xf8, 0xff, 0xf8, 0xfc, 0xf8, 0xff, 0xf8, 0xfc, 0xf8, 0xff,
    0xf8, 0xf8, 0xf8, 0xff, 0xf8, 0xfc, 0xf8, 0xff, 0xf8, 0xfc, 0xf8, 0xff,
    0xf8, 0xfc, 0xf8, 0xff, 0xf8, 0xf8, 0xf8, 0xff, 0xf8, 0xfc, 0xf8, 0xff,
    0xf8, 0xfc, 0xf8, 0xff, 0xf8, 0xfc, 0xf8, 0xff, 0xf8, 0xfc, 0xf8, 0xff,
    0xf8, 0xfc, 0xf8, 0xff, 0xf8, 0xf8, 0xf8, 0xff, 0xf8, 0xfc, 0xf8, 0xff,
    0xf8, 0xfc, 0xf8, 0xff, 0xf8, 0xf8, 0xf8, 0xff, 0xf8, 0xfc, 0xf8, 0xff,
    0xf8, 0xfc, 0xf8, 0xff, 0xf8, 0xf8, 0xf8, 0xff, 0xf8, 0xfc, 0xf8, 0xff,
    0xf8, 0xf8, 0xf8, 0xff, 0xf8, 0xf8, 0xf8, 0xff, 0xf8, 0xfc, 0xf8, 0xff,
    0xf8, 0xf8, 0xf8, 0xff, 0xf8, 0xf8, 0xf8, 0xff, 0xf8, 0xf8, 0xf8, 0xff,
    0xf8, 0xfc, 0xf8, 0xff, 0xf8, 0xfc, 0xf8, 0xff, 0xf8, 0xf8, 0xf8, 0xff,
    0xf8, 0xf8, 0xf8, 0xff, 0xf8, 0xfc, 0xf8, 0xff, 0xf8, 0xf8, 0xf8, 0xff,
    0xf8, 0xf8, 0xf0, 0xff, 0xf8, 0xf8, 0xf8, 0xff, 0xf8, 0xf8, 0xf8, 0xff,
    0xf8, 0xf8, 0xf8, 0xff, 0xf8, 0xf8, 0xf0, 0xff, 0xf8, 0xf8, 0xf8, 0xff,
    0xf8, 0xf8, 0xf8, 0xff, 0xf8, 0xf8, 0xf0, 0xff, 0xf8, 0xf8, 0xf8, 0xff,
    0xf8, 0xf8, 0xf0, 0xff, 0xf8, 0xf8, 0xf8, 0xff, 0xf8, 0xf8, 0xf0, 0xff,
    0xf8, 0xf8, 0xf8, 0xff, 0xf8, 0xf8, 0xf8, 0xff, 0xf8, 0xf8, 0xf0, 0xff,
    0xf8, 0xf8, 0xf8, 0xff, 0xf8, 0xf8, 0xf8, 0xff, 0xf8, 0xf8, 0xf0, 0xff,
    0xf8, 0xf8, 0xf8, 0xff, 0xf8, 0xf8, 0xf8, 0xff, 0xf8, 0xf8, 0xf8, 0xff,
    0xf8, 0xf8, 0xf0, 0xff, 0xf8, 0xf8, 0xf0, 0xff, 0xf8, 0xf8, 0xf8, 0xff,
    0xf8, 0xf8, 0xf0, 0xff, 0xf8, 0xf8, 0xf8, 0xff, 0xf8, 0xf8, 0xf0, 0xff,
    0xf8, 0xf4, 0xf8, 0xff, 0xf8, 0xf8, 0xf8, 0xff, 0xf8, 0xf8, 0xf0, 0xff,
    0xf8, 0xf4, 0xf0, 0xff, 0xf8, 0xf8, 0xf8, 0xff, 0xf8, 0xf8, 0xf0, 0xff,
    0xf8, 0xf8, 0xf8, 0xff, 0xf8, 0xf4, 0xf8, 0xff, 0xf8, 0xf8, 0xf0, 0xff,
    0xf8, 0xf8, 0xf8, 0xff, 0xf8, 0xf8, 0xf0, 0xff, 0xf8, 0xf4, 0xf8, 0xff,
    0xf8, 0xf8, 0xf0, 0xff, 0xf8, 0xf8, 0xf0, 0xff, 0xf8, 0xf8, 0xf8, 0xff,
    0xf8, 0xf4, 0xf0, 0xff, 0xf8, 0xf8, 0xf0, 0xff, 0xf8, 0xf8, 0xf8, 0xff,
    0xf8, 0xf8, 0xf8, 0xff, 0xf8, 0xf8, 0xf0, 0xff, 0xf8, 0xf8, 0xf8, 0xff,
    0xf8, 0xf8, 0xf0, 0xff, 0xf8, 0xf8, 0xf8, 0xff, 0xf8, 0xf4, 0xf8, 0xff,
    0xf8, 0xf8, 0xf0, 0xff, 0xf8, 0xf8, 0xf8, 0xff, 0xf8, 0xf8, 0xf0, 0xff,
    0xf8, 0xf8, 0xf0, 0xff, 0xf8, 0xf8, 0xf8, 0xff, 0xf8, 0xf8, 0xf8, 0xff,
    0xf8, 0xf8, 0xf0, 0xff, 0xf8, 0xf8, 0xf8, 0xff, 0xf8, 0xf8, 0xf0, 0xff,
    0xf8, 0xf4, 0xf0, 0xff, 0xf8, 0xf8, 0xf8, 0xff, 0xf8, 0xf8, 0xf0, 0xff,
    0xf8, 0xf8, 0xf0, 0xff, 0xf8, 0xf8, 0xf8, 0xff, 0xf8, 0xf8, 0xf0, 0xff,
    0xf8, 0xf8, 0xf8, 0xff, 0xf8, 0xf4, 0xf8, 0xff, 0xf8, 0xf8, 0xf0, 0xff,
    0xf8, 0xf8, 0xf8, 0xff, 0xf8, 0xf8, 0xf0, 0xff, 0xf8, 0xf8, 0xf0, 0xff,
    0xf8, 0xf8, 0xf8, 0xff, 0xf8, 0xf8, 0xf0, 0xff, 0xf8, 0xf4, 0xf8, 0xff,
    0xf8, 0xf8, 0xf0, 0xff, 0xf8, 0xf8, 0xf8, 0xff, 0xf8, 0xf4, 0xf8, 0xff,
    0xf8, 0xf8, 0xf0, 0xff, 0xf8, 0xf8, 0xf8, 0xff, 0xf8, 0xf8, 0xf0, 0xff,
    0xf8, 0xf8, 0xf0, 0xff, 0xf8, 0xf8, 0xf8, 0xff, 0xf8, 0xf8, 0xf0, 0xff,
    0xf8, 0xf8, 0xf8, 0xff, 0xf8, 0xf8, 0xf8, 0xff, 0xf8, 0xf8, 0xf0, 0xff,
    0xf8, 0xf4, 0xf0, 0xff, 0xf8, 0xf8, 0xf8, 0xff, 0xf8, 0xf8, 0xf0, 0xff,
    0xf8, 0xf4, 0xf0, 0xff, 0xf8, 0xf8, 0xf8, 0xff, 0xf8, 0xf8, 0xf8, 0xff,
    0xa0, 0x70, 0x58, 0x30, 0xa8, 0x74, 0x60, 0x2c, 0xa8, 0x78, 0x60, 0x28,
    0xb0, 0x80, 0x68, 0x28, 0xb0, 0x84, 0x68, 0x1c, 0x80, 0x00, 0x00, 0x04,
    0x00, 0x00, 0x00, 0x00, 0x00, 0x00, 0x00, 0x00, 0x00, 0x00, 0x00, 0x00,
    0x00, 0x00, 0x00, 0x00, 0x00, 0x00, 0x00, 0x00, 0x00, 0x00, 0x00, 0x00,
    0x00, 0x00, 0x00, 0x00, 0x00, 0x00, 0x00, 0x00, 0x00, 0x00, 0x00, 0x00,
    0x00, 0x00, 0x00, 0x00, 0x00, 0x00, 0x00, 0x00, 0x00, 0x00, 0x00, 0x00,
    0x00, 0x00, 0x00, 0x00, 0x00, 0x00, 0x00, 0x00, 0x00, 0x00, 0x00, 0x00,
    0x00, 0x00, 0x00, 0x00, 0x00, 0x00, 0x00, 0x00, 0x00, 0x00, 0x00, 0x00,
    0x00, 0x00, 0x00, 0x00, 0x00, 0x00, 0x00, 0x00, 0x00, 0x00, 0x00, 0x00,
    0x00, 0x00, 0x00, 0x00, 0x00, 0x00, 0x00, 0x00, 0x00, 0x00, 0x00, 0x00,
    0x00, 0x00, 0x00, 0x00, 0x00, 0x00, 0x00, 0x00, 0x00, 0x00, 0x00, 0x00,
    0x00, 0x00, 0x00, 0x00, 0x00, 0x00, 0x00, 0x00, 0x00, 0x00, 0x00, 0x00,
    0x00, 0x00, 0x00, 0x00, 0x00, 0x00, 0x00, 0x00, 0x00, 0x00, 0x00, 0x00,
    0x00, 0x00, 0x00, 0x00, 0x00, 0x00, 0x00, 0x00, 0x00, 0x00, 0x00, 0x00,
    0x00, 0x00, 0x00, 0x00, 0x00, 0x00, 0x00, 0x00, 0x00, 0x00, 0x00, 0x00,
    0x00, 0x00, 0x00, 0x00, 0x00, 0x00, 0x00, 0x00, 0x00, 0x00, 0x00, 0x00,
    0x00, 0x00, 0x00, 0x00, 0x00, 0x00, 0x00, 0x00, 0x00, 0x00, 0x00, 0x00,
    0x00, 0x00, 0x00, 0x00, 0x00, 0x00, 0x00, 0x00, 0x00, 0x00, 0x00, 0x00,
    0x80, 0x00, 0x00, 0x00, 0x80, 0x40, 0x00, 0x04, 0x80, 0x28, 0x00, 0x08,
    0x70, 0x1c, 0x00, 0x08, 0x78, 0x30, 0x00, 0x0c, 0x78, 0x20, 0x00, 0x0c,
    0xf8, 0xfc, 0xf8, 0xff, 0xf8, 0xfc, 0xf8, 0xff, 0xf8, 0xfc, 0xf8, 0xff,
    0xf8, 0xfc, 0xf8, 0xff, 0xf8, 0xfc, 0xf8, 0xff, 0xf8, 0xfc, 0xf8, 0xff,
    0xf8, 0xfc, 0xf8, 0xff, 0xf8, 0xfc, 0xf8, 0xff, 0xf8, 0xfc, 0xf8, 0xff,
    0xf8, 0xfc, 0xf8, 0xff, 0xf8, 0xfc, 0xf8, 0xff, 0xf8, 0xfc, 0xf8, 0xff,
    0xf8, 0xfc, 0xf8, 0xff, 0xf8, 0xfc, 0xf8, 0xff, 0xf8, 0xfc, 0xf8, 0xff,
    0xf8, 0xfc, 0xf8, 0xff, 0xf8, 0xfc, 0xf8, 0xff, 0xf8, 0xfc, 0xf8, 0xff,
    0xf8, 0xfc, 0xf8, 0xff, 0xf8, 0xfc, 0xf8, 0xff, 0xf8, 0xfc, 0xf8, 0xff,
    0xf8, 0xfc, 0xf8, 0xff, 0xf8, 0xfc, 0xf8, 0xff, 0xf8, 0xfc, 0xf8, 0xff,
    0xf8, 0xfc, 0xf8, 0xff, 0xf8, 0xfc, 0xf8, 0xff, 0xf8, 0xfc, 0xf8, 0xff,
    0xf8, 0xfc, 0xf8, 0xff, 0xf8, 0xfc, 0xf8, 0xff, 0xf8, 0xfc, 0xf8, 0xff,
    0xf8, 0xfc, 0xf8, 0xff, 0xf8, 0xfc, 0xf8, 0xff, 0xf8, 0xfc, 0xf8, 0xff,
    0xf8, 0xfc, 0xf8, 0xff, 0xf8, 0xfc, 0xf8, 0xff, 0xf8, 0xfc, 0xf8, 0xff,
    0xf8, 0xfc, 0xf8, 0xff, 0xf8, 0xfc, 0xf8, 0xff, 0xf8, 0xfc, 0xf8, 0xff,
    0xf8, 0xfc, 0xf8, 0xff, 0xf8, 0xfc, 0xf8, 0xff, 0xf8, 0xfc, 0xf8, 0xff,
    0xf8, 0xfc, 0xf8, 0xff, 0xf8, 0xfc, 0xf8, 0xff, 0xf8, 0xfc, 0xf8, 0xff,
    0xf8, 0xfc, 0xf8, 0xff, 0xf8, 0xfc, 0xf8, 0xff, 0xf8, 0xfc, 0xf8, 0xff,
    0xf8, 0xfc, 0xf8, 0xff, 0xf8, 0xfc, 0xf8, 0xff, 0xf8, 0xfc, 0xf8, 0xff,
    0xf8, 0xfc, 0xf8, 0xff, 0xf8, 0xfc, 0xf8, 0xff, 0xf8, 0xfc, 0xf8, 0xff,
    0xf8, 0xfc, 0xf8, 0xff, 0xf8, 0xfc, 0xf8, 0xff, 0xf8, 0xfc, 0xf8, 0xff,
    0xf8, 0xfc, 0xf8, 0xff, 0xf8, 0xfc, 0xf8, 0xff, 0xf8, 0xfc, 0xf8, 0xff,
    0xf8, 0xfc, 0xf8, 0xff, 0xf8, 0xfc, 0xf8, 0xff, 0xf8, 0xfc, 0xf8, 0xff,
    0xf8, 0xfc, 0xf8, 0xff, 0xf8, 0xfc, 0xf8, 0xff, 0xf8, 0xfc, 0xf8, 0xff,
    0xf8, 0xfc, 0xf8, 0xff, 0xf8, 0xfc, 0xf8, 0xff, 0xf8, 0xfc, 0xf8, 0xff,
    0xf8, 0xfc, 0xf8, 0xff, 0xf8, 0xfc, 0xf8, 0xff, 0xf8, 0xfc, 0xf8, 0xff,
    0xf8, 0xfc, 0xf8, 0xff, 0xf8, 0xfc, 0xf8, 0xff, 0xf8, 0xfc, 0xf8, 0xff,
    0xf8, 0xfc, 0xf8, 0xff, 0xf8, 0xfc, 0xf8, 0xff, 0xf8, 0xfc, 0xf8, 0xff,
    0xf8, 0xf8, 0xf8, 0xff, 0xf8, 0xfc, 0xf8, 0xff, 0xf8, 0xfc, 0xf8, 0xff,
    0xf8, 0xf8, 0xf8, 0xff, 0xf8, 0xfc, 0xf8, 0xff, 0xf8, 0xfc, 0xf8, 0xff,
    0xf8, 0xf8, 0xf8, 0xff, 0xf8, 0xfc, 0xf8, 0xff, 0xf8, 0xf8, 0xf8, 0xff,
    0xf8, 0xf8, 0xf8, 0xff, 0xf8, 0xfc, 0xf8, 0xff, 0xf8, 0xf8, 0xf8, 0xff,
    0xf8, 0xf8, 0xf8, 0xff, 0xf8, 0xfc, 0xf8, 0xff, 0xf8, 0xf8, 0xf8, 0xff,
    0xf8, 0xf8, 0xf8, 0xff, 0xf8, 0xfc, 0xf8, 0xff, 0xf8, 0xfc, 0xf8, 0xff,
    0xf8, 0xf8, 0xf8, 0xff, 0xf8, 0xfc, 0xf8, 0xff, 0xf8, 0xf8, 0xf8, 0xff,
    0xf8, 0xf8, 0xf8, 0xff, 0xf8, 0xf8, 0xf8, 0xff, 0xf8, 0xf8, 0xf8, 0xff,
    0xf8, 0xf8, 0xf0, 0xff, 0xf8, 0xf8, 0xf8, 0xff, 0xf8, 0xf8, 0xf8, 0xff,
    0xf8, 0xfc, 0xf8, 0xff, 0xf8, 0xf8, 0xf8, 0xff, 0xf8, 0xf8, 0xf0, 0xff,
    0xf8, 0xfc, 0xf8, 0xff, 0xf8, 0xf8, 0xf8, 0xff, 0xf8, 0xf8, 0xf8, 0xff,
    0xf8, 0xf8, 0xf8, 0xff, 0xf8, 0xf8, 0xf8, 0xff, 0xf8, 0xf8, 0xf8, 0xff,
    0xf8, 0xf8, 0xf0, 0xff, 0xf8, 0xf8, 0xf8, 0xff, 0xf8, 0xf8, 0xf8, 0xff,
    0xf8, 0xf8, 0xf8, 0xff, 0xf8, 0xf8, 0xf0, 0xff, 0xf8, 0xf8, 0xf8, 0xff,
    0xf8, 0xf8, 0xf8, 0xff, 0xf8, 0xf8, 0xf0, 0xff, 0xf8, 0xf8, 0xf8, 0xff,
    0xf8, 0xf8, 0xf8, 0xff, 0xf8, 0xf8, 0xf0, 0xff, 0xf8, 0xf8, 0xf8, 0xff,
    0xf8, 0xf8, 0xf8, 0xff, 0xf8, 0xf8, 0xf0, 0xff, 0xf8, 0xf8, 0xf8, 0xff,
    0xf8, 0xf8, 0xf8, 0xff, 0xf8, 0xf8, 0xf8, 0xff, 0xf8, 0xf8, 0xf0, 0xff,
    0xf8, 0xf8, 0xf8, 0xff, 0xf8, 0xf4, 0xf0, 0xff, 0xf8, 0xf8, 0xf8, 0xff,
    0xf8, 0xf8, 0xf0, 0xff, 0xf8, 0xf8, 0xf8, 0xff, 0xf8, 0xf4, 0xf0, 0xff,
    0xf8, 0xf8, 0xf8, 0xff, 0xf8, 0xf8, 0xf0, 0xff, 0xf8, 0xf4, 0xf0, 0xff,
    0xf8, 0xf8, 0xf8, 0xff, 0xf8, 0xf8, 0xf0, 0xff, 0xf8, 0xf4, 0xf8, 0xff,
    0xf8, 0xf8, 0xf0, 0xff, 0xf8, 0xf8, 0xf8, 0xff, 0xf8, 0xf8, 0xf8, 0xff,
    0xf8, 0xf4, 0xf0, 0xff, 0xf8, 0xf8, 0xf8, 0xff, 0xf8, 0xf8, 0xf8, 0xff,
    0xf8, 0xf4, 0xf0, 0xff, 0xf8, 0xf8, 0xf0, 0xff, 0xf8, 0xf8, 0xf8, 0xff,
    0xf8, 0xf4, 0xf0, 0xff, 0xf8, 0xf8, 0xf8, 0xff, 0xf8, 0xf4, 0xf0, 0xff,
    0xf8, 0xf8, 0xf0, 0xff, 0xf8, 0xf8, 0xf8, 0xff, 0xf8, 0xf4, 0xf0, 0xff,
    0xf8, 0xf8, 0xf8, 0xff, 0xf8, 0xf4, 0xf8, 0xff, 0xf8, 0xf4, 0xf0, 0xff,
    0xf8, 0xf8, 0xf0, 0xff, 0xf8, 0xf8, 0xf8, 0xff, 0xf8, 0xf4, 0xf0, 0xff,
    0xf8, 0xf8, 0xf8, 0xff, 0xf8, 0xf8, 0xf8, 0xff, 0xf8, 0xf8, 0xf0, 0xff,
    0xf8, 0xf8, 0xf8, 0xff, 0xf8, 0xf4, 0xf8, 0xff, 0xf8, 0xf8, 0xf0, 0xff,
    0xf8, 0xf4, 0xf8, 0xff, 0xf8, 0xf8, 0xf0, 0xff, 0xf8, 0xf8, 0xf0, 0xff,
    0xf8, 0xf4, 0xf8, 0xff, 0xf8, 0xf8, 0xf0, 0xff, 0xf8, 0xf8, 0xf8, 0xff,
    0xf8, 0xf4, 0xf8, 0xff, 0xf8, 0xf8, 0xf0, 0xff, 0xf8, 0xf4, 0xf8, 0xff,
    0xf8, 0xf8, 0xf8, 0xff, 0xf8, 0xf8, 0xf0, 0xff, 0xf8, 0xf4, 0xf0, 0xff,
    0xf8, 0xf8, 0xf8, 0xff, 0xf8, 0xf8, 0xf0, 0xff, 0xf8, 0xf4, 0xf8, 0xff,
    0xf8, 0xf8, 0xf0, 0xff, 0xf8, 0xf8, 0xf8, 0xff, 0xf8, 0xf4, 0xf8, 0xff,
    0xf8, 0xf4, 0xf0, 0xff, 0xf8, 0xf8, 0xf0, 0xff, 0xf8, 0xf8, 0xf8, 0xff,
    0xf8, 0xf4, 0xf0, 0xff, 0xf8, 0xf8, 0xf0, 0xff, 0xf8, 0xf8, 0xf8, 0xff,
    0xf8, 0xf8, 0xf8, 0xff, 0xf8, 0xf8, 0xf0, 0xff, 0xf8, 0xf8, 0xf0, 0xff,
    0xf8, 0xf4, 0xf8, 0xff, 0xf8, 0xf8, 0xf0, 0xff, 0xf8, 0xf8, 0xf0, 0xff,
    0xa0, 0x6c, 0x50, 0x30, 0xa8, 0x78, 0x60, 0x2c, 0xa8, 0x74, 0x60, 0x28,
    0xa8, 0x7c, 0x68, 0x24, 0xb0, 0x84, 0x70, 0x24, 0x90, 0x6c, 0x48, 0x08,
    0x00, 0x00, 0x00, 0x00, 0x00, 0x00, 0x00, 0x00, 0x00, 0x00, 0x00, 0x00,
    0x00, 0x00, 0x00, 0x00, 0x00, 0x00, 0x00, 0x00, 0x00, 0x00, 0x00, 0x00,
    0x00, 0x00, 0x00, 0x00, 0x00, 0x00, 0x00, 0x00, 0x00, 0x00, 0x00, 0x00,
    0x00, 0x00, 0x00, 0x00, 0x00, 0x00, 0x00, 0x00, 0x00, 0x00, 0x00, 0x00,
    0x00, 0x00, 0x00, 0x00, 0x00, 0x00, 0x00, 0x00, 0x00, 0x00, 0x00, 0x00,
    0x00, 0x00, 0x00, 0x00, 0x00, 0x00, 0x00, 0x00, 0x00, 0x00, 0x00, 0x00,
    0x00, 0x00, 0x00, 0x00, 0x00, 0x00, 0x00, 0x00, 0x00, 0x00, 0x00, 0x00,
    0x00, 0x00, 0x00, 0x00, 0x00, 0x00, 0x00, 0x00, 0x00, 0x00, 0x00, 0x00,
    0x00, 0x00, 0x00, 0x00, 0x00, 0x00, 0x00, 0x00, 0x00, 0x00, 0x00, 0x00,
    0x00, 0x00, 0x00, 0x00, 0x00, 0x00, 0x00, 0x00, 0x00, 0x00, 0x00, 0x00,
    0x00, 0x00, 0x00, 0x00, 0x00, 0x00, 0x00, 0x00, 0x00, 0x00, 0x00, 0x00,
    0x00, 0x00, 0x00, 0x00, 0x00, 0x00, 0x00, 0x00, 0x00, 0x00, 0x00, 0x00,
    0x00, 0x00, 0x00, 0x00, 0x00, 0x00, 0x00, 0x00, 0x00, 0x00, 0x00, 0x00,
    0x00, 0x00, 0x00, 0x00, 0x00, 0x00, 0x00, 0x00, 0x00, 0x00, 0x00, 0x00,
    0x00, 0x00, 0x00, 0x00, 0x00, 0x00, 0x00, 0x00, 0x00, 0x00, 0x00, 0x00,
    0x00, 0x00, 0x00, 0x00, 0x00, 0x00, 0x00, 0x00, 0x00, 0x00, 0x00, 0x00,
    0x80, 0x00, 0x00, 0x04, 0x80, 0x40, 0x00, 0x04, 0x80, 0x28, 0x00, 0x04,
    0x70, 0x1c, 0x00, 0x08, 0x70, 0x30, 0x00, 0x0c, 0x78, 0x20, 0x00, 0x10,
    0xf8, 0xfc, 0xf8, 0xff, 0xf8, 0xfc, 0xf8, 0xff, 0xf8, 0xfc, 0xf8, 0xff,
    0xf8, 0xfc, 0xf8, 0xff, 0xf8, 0xfc, 0xf8, 0xff, 0xf8, 0xfc, 0xf8, 0xff,
    0xf8, 0xfc, 0xf8, 0xff, 0xf8, 0xfc, 0xf8, 0xff, 0xf8, 0xfc, 0xf8, 0xff,
    0xf8, 0xfc, 0xf8, 0xff, 0xf8, 0xfc, 0xf8, 0xff, 0xf8, 0xfc, 0xf8, 0xff,
    0xf8, 0xfc, 0xf8, 0xff, 0xf8, 0xfc, 0xf8, 0xff, 0xf8, 0xfc, 0xf8, 0xff,
    0xf8, 0xfc, 0xf8, 0xff, 0xf8, 0xfc, 0xf8, 0xff, 0xf8, 0xfc, 0xf8, 0xff,
    0xf8, 0xfc, 0xf8, 0xff, 0xf8, 0xfc, 0xf8, 0xff, 0xf8, 0xfc, 0xf8, 0xff,
    0xf8, 0xfc, 0xf8, 0xff, 0xf8, 0xfc, 0xf8, 0xff, 0xf8, 0xfc, 0xf8, 0xff,
    0xf8, 0xfc, 0xf8, 0xff, 0xf8, 0xfc, 0xf8, 0xff, 0xf8, 0xfc, 0xf8, 0xff,
    0xf8, 0xfc, 0xf8, 0xff, 0xf8, 0xfc, 0xf8, 0xff, 0xf8, 0xfc, 0xf8, 0xff,
    0xf8, 0xfc, 0xf8, 0xff, 0xf8, 0xfc, 0xf8, 0xff, 0xf8, 0xfc, 0xf8, 0xff,
    0xf8, 0xfc, 0xf8, 0xff, 0xf8, 0xfc, 0xf8, 0xff, 0xf8, 0xfc, 0xf8, 0xff,
    0xf8, 0xfc, 0xf8, 0xff, 0xf8, 0xfc, 0xf8, 0xff, 0xf8, 0xfc, 0xf8, 0xff,
    0xf8, 0xfc, 0xf8, 0xff, 0xf8, 0xfc, 0xf8, 0xff, 0xf8, 0xfc, 0xf8, 0xff,
    0xf8, 0xfc, 0xf8, 0xff, 0xf8, 0xfc, 0xf8, 0xff, 0xf8, 0xfc, 0xf8, 0xff,
    0xf8, 0xfc, 0xf8, 0xff, 0xf8, 0xfc, 0xf8, 0xff, 0xf8, 0xfc, 0xf8, 0xff,
    0xf8, 0xfc, 0xf8, 0xff, 0xf8, 0xfc, 0xf8, 0xff, 0xf8, 0xfc, 0xf8, 0xff,
    0xf8, 0xfc, 0xf8, 0xff, 0xf8, 0xfc, 0xf8, 0xff, 0xf8, 0xfc, 0xf8, 0xff,
    0xf8, 0xfc, 0xf8, 0xff, 0xf8, 0xfc, 0xf8, 0xff, 0xf8, 0xfc, 0xf8, 0xff,
    0xf8, 0xfc, 0xf8, 0xff, 0xf8, 0xfc, 0xf8, 0xff, 0xf8, 0xfc, 0xf8, 0xff,
    0xf8, 0xfc, 0xf8, 0xff, 0xf8, 0xfc, 0xf8, 0xff, 0xf8, 0xfc, 0xf8, 0xff,
    0xf8, 0xfc, 0xf8, 0xff, 0xf8, 0xfc, 0xf8, 0xff, 0xf8, 0xfc, 0xf8, 0xff,
    0xf8, 0xfc, 0xf8, 0xff, 0xf8, 0xfc, 0xf8, 0xff, 0xf8, 0xfc, 0xf8, 0xff,
    0xf8, 0xfc, 0xf8, 0xff, 0xf8, 0xfc, 0xf8, 0xff, 0xf8, 0xfc, 0xf8, 0xff,
    0xf8, 0xfc, 0xf8, 0xff, 0xf8, 0xfc, 0xf8, 0xff, 0xf8, 0xfc, 0xf8, 0xff,
    0xf8, 0xfc, 0xf8, 0xff, 0xf8, 0xfc, 0xf8, 0xff, 0xf8, 0xfc, 0xf8, 0xff,
    0xf8, 0xfc, 0xf8, 0xff, 0xf8, 0xfc, 0xf8, 0xff, 0xf8, 0xfc, 0xf8, 0xff,
    0xf8, 0xfc, 0xf8, 0xff, 0xf8, 0xfc, 0xf8, 0xff, 0xf8, 0xfc, 0xf8, 0xff,
    0xf8, 0xfc, 0xf8, 0xff, 0xf8, 0xfc, 0xf8, 0xff, 0xf8, 0xf8, 0xf8, 0xff,
    0xf8, 0xf8, 0xf8, 0xff, 0xf8, 0xfc, 0xf8, 0xff, 0xf8, 0xf8, 0xf8, 0xff,
    0xf8, 0xfc, 0xf8, 0xff, 0xf8, 0xfc, 0xf8, 0xff, 0xf8, 0xf8, 0xf8, 0xff,
    0xf8, 0xf8, 0xf8, 0xff, 0xf8, 0xfc, 0xf8, 0xff, 0xf8, 0xf8, 0xf8, 0xff,
    0xf8, 0xfc, 0xf8, 0xff, 0xf8, 0xf8, 0xf8, 0xff, 0xf8, 0xf8, 0xf8, 0xff,
    0xf8, 0xfc, 0xf8, 0xff, 0xf8, 0xf8, 0xf8, 0xff, 0xf8, 0xfc, 0xf8, 0xff,
    0xf8, 0xf8, 0xf8, 0xff, 0xf8, 0xf8, 0xf8, 0xff, 0xf8, 0xf8, 0xf8, 0xff,
    0xf8, 0xf8, 0xf0, 0xff, 0xf8, 0xf8, 0xf8, 0xff, 0xf8, 0xf8, 0xf8, 0xff,
    0xf8, 0xfc, 0xf8, 0xff, 0xf8, 0xf8, 0xf0, 0xff, 0xf8, 0xf8, 0xf0, 0xff,
    0xf8, 0xf8, 0xf8, 0xff, 0xf8, 0xf8, 0xf8, 0xff, 0xf8, 0xf8, 0xf0, 0xff,
    0xf8, 0xf8, 0xf8, 0xff, 0xf8, 0xf8, 0xf8, 0xff, 0xf8, 0xf8, 0xf8, 0xff,
    0xf8, 0xf8, 0xf0, 0xff, 0xf8, 0xf8, 0xf8, 0xff, 0xf8, 0xf8, 0xf8, 0xff,
    0xf8, 0xf8, 0xf0, 0xff, 0xf8, 0xf8, 0xf0, 0xff, 0xf8, 0xf8, 0xf8, 0xff,
    0xf8, 0xf8, 0xf0, 0xff, 0xf8, 0xf8, 0xf8, 0xff, 0xf8, 0xf8, 0xf0, 0xff,
    0xf8, 0xf8, 0xf8, 0xff, 0xf8, 0xf8, 0xf0, 0xff, 0xf8, 0xf8, 0xf0, 0xff,
    0xf8, 0xf8, 0xf8, 0xff, 0xf8, 0xf8, 0xf8, 0xff, 0xf8, 0xf8, 0xf8, 0xff,
    0xf8, 0xf8, 0xf0, 0xff, 0xf8, 0xf8, 0xf8, 0xff, 0xf8, 0xf4, 0xf0, 0xff,
    0xf8, 0xf8, 0xf0, 0xff, 0xf8, 0xf8, 0xf8, 0xff, 0xf8, 0xf8, 0xf8, 0xff,
    0xf8, 0xf8, 0xf0, 0xff, 0xf8, 0xf8, 0xf8, 0xff, 0xf8, 0xf4, 0xf8, 0xff,
    0xf8, 0xf8, 0xf0, 0xff, 0xf8, 0xf8, 0xf0, 0xff, 0xf8, 0xf8, 0xf8, 0xff,
    0xf8, 0xf4, 0xf0, 0xff, 0xf8, 0xf8, 0xf0, 0xff, 0xf8, 0xf8, 0xf8, 0xff,
    0xf8, 0xf8, 0xf0, 0xff, 0xf8, 0xf8, 0xf8, 0xff, 0xf8, 0xf8, 0xf8, 0xff,
    0xf8, 0xf8, 0xf0, 0xff, 0xf8, 0xf8, 0xf8, 0xff, 0xf8, 0xf4, 0xf8, 0xff,
    0xf8, 0xf8, 0xf0, 0xff, 0xf8, 0xf8, 0xf8, 0xff, 0xf8, 0xf8, 0xf8, 0xff,
    0xf8, 0xf4, 0xf0, 0xff, 0xf8, 0xf8, 0xf0, 0xff, 0xf8, 0xf8, 0xf8, 0xff,
    0xf8, 0xf8, 0xf0, 0xff, 0xf8, 0xf8, 0xf8, 0xff, 0xf8, 0xf8, 0xf8, 0xff,
    0xf8, 0xf8, 0xf0, 0xff, 0xf8, 0xf4, 0xf8, 0xff, 0xf8, 0xf8, 0xf0, 0xff,
    0xf8, 0xf4, 0xf0, 0xff, 0xf8, 0xf4, 0xf8, 0xff, 0xf8, 0xf8, 0xf0, 0xff,
    0xf8, 0xf8, 0xf0, 0xff, 0xf8, 0xf8, 0xf8, 0xff, 0xf8, 0xf8, 0xf0, 0xff,
    0xf8, 0xf4, 0xf8, 0xff, 0xf8, 0xf8, 0xf8, 0xff, 0xf8, 0xf8, 0xf0, 0xff,
    0xf8, 0xf8, 0xf0, 0xff, 0xf8, 0xf8, 0xf8, 0xff, 0xf8, 0xf8, 0xf0, 0xff,
    0xf8, 0xf8, 0xf0, 0xff, 0xf8, 0xf4, 0xf8, 0xff, 0xf8, 0xf8, 0xf0, 0xff,
    0xf8, 0xf8, 0xf8, 0xff, 0xf8, 0xf8, 0xf8, 0xff, 0xf8, 0xf8, 0xf0, 0xff,
    0xf8, 0xf8, 0xf8, 0xff, 0xf8, 0xf8, 0xf0, 0xff, 0xf8, 0xf8, 0xf0, 0xff,
    0xf8, 0xf8, 0xf8, 0xff, 0xf8, 0xf8, 0xf0, 0xff, 0xf8, 0xf8, 0xf8, 0xff,
    0xf8, 0xf8, 0xf8, 0xff, 0xf8, 0xf8, 0xf0, 0xff, 0xf8, 0xf4, 0xf8, 0xff,
    0xf8, 0xf8, 0xf0, 0xff, 0xf8, 0xf8, 0xf8, 0xff, 0xf8, 0xf4, 0xf8, 0xff,
    0xf8, 0xf8, 0xf0, 0xff, 0xf8, 0xf8, 0xf8, 0xff, 0xf8, 0xf4, 0xf8, 0xff,
    0xf8, 0xf8, 0xf0, 0xff, 0xf8, 0xf8, 0xf8, 0xff, 0xf8, 0xf4, 0xf0, 0xff,
    0xa0, 0x6c, 0x50, 0x30, 0xa8, 0x78, 0x60, 0x2c, 0xa8, 0x78, 0x60, 0x28,
    0xa8, 0x80, 0x60, 0x24, 0xa8, 0x80, 0x70, 0x24, 0xb0, 0x88, 0x68, 0x10,
    0x00, 0x00, 0x00, 0x00, 0x00, 0x00, 0x00, 0x00, 0x00, 0x00, 0x00, 0x00,
    0x00, 0x00, 0x00, 0x00, 0x00, 0x00, 0x00, 0x00, 0x00, 0x00, 0x00, 0x00,
    0x00, 0x00, 0x00, 0x00, 0x00, 0x00, 0x00, 0x00, 0x00, 0x00, 0x00, 0x00,
    0x00, 0x00, 0x00, 0x00, 0x00, 0x00, 0x00, 0x00, 0x00, 0x00, 0x00, 0x00,
    0x00, 0x00, 0x00, 0x00, 0x00, 0x00, 0x00, 0x00, 0x00, 0x00, 0x00, 0x00,
    0x00, 0x00, 0x00, 0x00, 0x00, 0x00, 0x00, 0x00, 0x00, 0x00, 0x00, 0x00,
    0x00, 0x00, 0x00, 0x00, 0x00, 0x00, 0x00, 0x00, 0x00, 0x00, 0x00, 0x00,
    0x00, 0x00, 0x00, 0x00, 0x00, 0x00, 0x00, 0x00, 0x00, 0x00, 0x00, 0x00,
    0x00, 0x00, 0x00, 0x00, 0x00, 0x00, 0x00, 0x00, 0x00, 0x00, 0x00, 0x00,
    0x00, 0x00, 0x00, 0x00, 0x00, 0x00, 0x00, 0x00, 0x00, 0x00, 0x00, 0x00,
    0x00, 0x00, 0x00, 0x00, 0x00, 0x00, 0x00, 0x00, 0x00, 0x00, 0x00, 0x00,
    0x00, 0x00, 0x00, 0x00, 0x00, 0x00, 0x00, 0x00, 0x00, 0x00, 0x00, 0x00,
    0x00, 0x00, 0x00, 0x00, 0x00, 0x00, 0x00, 0x00, 0x00, 0x00, 0x00, 0x00,
    0x00, 0x00, 0x00, 0x00, 0x00, 0x00, 0x00, 0x00, 0x00, 0x00, 0x00, 0x00,
    0x00, 0x00, 0x00, 0x00, 0x00, 0x00, 0x00, 0x00, 0x00, 0x00, 0x00, 0x00,
    0x00, 0x00, 0x00, 0x00, 0x00, 0x00, 0x00, 0x00, 0x00, 0x00, 0x00, 0x00,
    0x80, 0x00, 0x00, 0x04, 0x78, 0x40, 0x00, 0x04, 0x80, 0x2c, 0x00, 0x04,
    0x70, 0x1c, 0x00, 0x08, 0x70, 0x2c, 0x00, 0x0c, 0x78, 0x24, 0x00, 0x10,
    0xf8, 0xfc, 0xf8, 0xff, 0xf8, 0xfc, 0xf8, 0xff, 0xf8, 0xfc, 0xf8, 0xff,
    0xf8, 0xfc, 0xf8, 0xff, 0xf8, 0xfc, 0xf8, 0xff, 0xf8, 0xfc, 0xf8, 0xff,
    0xf8, 0xfc, 0xf8, 0xff, 0xf8, 0xfc, 0xf8, 0xff, 0xf8, 0xfc, 0xf8, 0xff,
    0xf8, 0xfc, 0xf8, 0xff, 0xf8, 0xfc, 0xf8, 0xff, 0xf8, 0xfc, 0xf8, 0xff,
    0xf8, 0xfc, 0xf8, 0xff, 0xf8, 0xfc, 0xf8, 0xff, 0xf8, 0xfc, 0xf8, 0xff,
    0xf8, 0xfc, 0xf8, 0xff, 0xf8, 0xfc, 0xf8, 0xff, 0xf8, 0xfc, 0xf8, 0xff,
    0xf8, 0xfc, 0xf8, 0xff, 0xf8, 0xfc, 0xf8, 0xff, 0xf8, 0xfc, 0xf8, 0xff,
    0xf8, 0xfc, 0xf8, 0xff, 0xf8, 0xfc, 0xf8, 0xff, 0xf8, 0xfc, 0xf8, 0xff,
    0xf8, 0xfc, 0xf8, 0xff, 0xf8, 0xfc, 0xf8, 0xff, 0xf8, 0xfc, 0xf8, 0xff,
    0xf8, 0xfc, 0xf8, 0xff, 0xf8, 0xfc, 0xf8, 0xff, 0xf8, 0xfc, 0xf8, 0xff,
    0xf8, 0xfc, 0xf8, 0xff, 0xf8, 0xfc, 0xf8, 0xff, 0xf8, 0xfc, 0xf8, 0xff,
    0xf8, 0xfc, 0xf8, 0xff, 0xf8, 0xfc, 0xf8, 0xff, 0xf8, 0xfc, 0xf8, 0xff,
    0xf8, 0xfc, 0xf8, 0xff, 0xf8, 0xfc, 0xf8, 0xff, 0xf8, 0xfc, 0xf8, 0xff,
    0xf8, 0xfc, 0xf8, 0xff, 0xf8, 0xfc, 0xf8, 0xff, 0xf8, 0xfc, 0xf8, 0xff,
    0xf8, 0xfc, 0xf8, 0xff, 0xf8, 0xfc, 0xf8, 0xff, 0xf8, 0xfc, 0xf8, 0xff,
    0xf8, 0xfc, 0xf8, 0xff, 0xf8, 0xfc, 0xf8, 0xff, 0xf8, 0xfc, 0xf8, 0xff,
    0xf8, 0xfc, 0xf8, 0xff, 0xf8, 0xfc, 0xf8, 0xff, 0xf8, 0xfc, 0xf8, 0xff,
    0xf8, 0xfc, 0xf8, 0xff, 0xf8, 0xfc, 0xf8, 0xff, 0xf8, 0xfc, 0xf8, 0xff,
    0xf8, 0xfc, 0xf8, 0xff, 0xf8, 0xfc, 0xf8, 0xff, 0xf8, 0xfc, 0xf8, 0xff,
    0xf8, 0xfc, 0xf8, 0xff, 0xf8, 0xfc, 0xf8, 0xff, 0xf8, 0xfc, 0xf8, 0xff,
    0xf8, 0xfc, 0xf8, 0xff, 0xf8, 0xfc, 0xf8, 0xff, 0xf8, 0xfc, 0xf8, 0xff,
    0xf8, 0xfc, 0xf8, 0xff, 0xf8, 0xfc, 0xf8, 0xff, 0xf8, 0xfc, 0xf8, 0xff,
    0xf8, 0xfc, 0xf8, 0xff, 0xf8, 0xfc, 0xf8, 0xff, 0xf8, 0xfc, 0xf8, 0xff,
    0xf8, 0xfc, 0xf8, 0xff, 0xf8, 0xfc, 0xf8, 0xff, 0xf8, 0xfc, 0xf8, 0xff,
    0xf8, 0xfc, 0xf8, 0xff, 0xf8, 0xfc, 0xf8, 0xff, 0xf8, 0xfc, 0xf8, 0xff,
    0xf8, 0xf8, 0xf8, 0xff, 0xf8, 0xf8, 0xf8, 0xff, 0xf8, 0xfc, 0xf8, 0xff,
    0xf8, 0xf8, 0xf8, 0xff, 0xf8, 0xfc, 0xf8, 0xff, 0xf8, 0xf8, 0xf8, 0xff,
    0xf8, 0xfc, 0xf8, 0xff, 0xf8, 0xf8, 0xf8, 0xff, 0xf8, 0xfc, 0xf8, 0xff,
    0xf8, 0xfc, 0xf8, 0xff, 0xf8, 0xf8, 0xf8, 0xff, 0xf8, 0xfc, 0xf8, 0xff,
    0xf8, 0xfc, 0xf8, 0xff, 0xf8, 0xf8, 0xf8, 0xff, 0xf8, 0xfc, 0xf8, 0xff,
    0xf8, 0xf8, 0xf8, 0xff, 0xf8, 0xfc, 0xf8, 0xff, 0xf8, 0xfc, 0xf8, 0xff,
    0xf8, 0xf8, 0xf8, 0xff, 0xf8, 0xfc, 0xf8, 0xff, 0xf8, 0xf8, 0xf8, 0xff,
    0xf8, 0xf8, 0xf8, 0xff, 0xf8, 0xf8, 0xf8, 0xff, 0xf8, 0xf8, 0xf8, 0xff,
    0xf8, 0xf8, 0xf8, 0xff, 0xf8, 0xf8, 0xf0, 0xff, 0xf8, 0xf8, 0xf8, 0xff,
    0xf8, 0xfc, 0xf8, 0xff, 0xf8, 0xfc, 0xf8, 0xff, 0xf8, 0xf8, 0xf8, 0xff,
    0xf8, 0xfc, 0xf0, 0xff, 0xf8, 0xf8, 0xf8, 0xff, 0xf8, 0xf8, 0xf8, 0xff,
    0xf8, 0xf8, 0xf8, 0xff, 0xf8, 0xf8, 0xf8, 0xff, 0xf8, 0xf8, 0xf8, 0xff,
    0xf8, 0xf8, 0xf8, 0xff, 0xf8, 0xf8, 0xf0, 0xff, 0xf8, 0xf8, 0xf8, 0xff,
    0xf8, 0xf8, 0xf8, 0xff, 0xf8, 0xf8, 0xf0, 0xff, 0xf8, 0xf8, 0xf0, 0xff,
    0xf8, 0xf8, 0xf8, 0xff, 0xf8, 0xf8, 0xf8, 0xff, 0xf8, 0xf8, 0xf0, 0xff,
    0xf8, 0xf8, 0xf8, 0xff, 0xf8, 0xf8, 0xf8, 0xff, 0xf8, 0xf8, 0xf8, 0xff,
    0xf8, 0xf8, 0xf8, 0xff, 0xf8, 0xf8, 0xf0, 0xff, 0xf8, 0xf8, 0xf8, 0xff,
    0xf8, 0xf8, 0xf8, 0xff, 0xf8, 0xf8, 0xf8, 0xff, 0xf8, 0xf8, 0xf0, 0xff,
    0xf8, 0xf8, 0xf8, 0xff, 0xf8, 0xf8, 0xf0, 0xff, 0xf8, 0xf4, 0xf0, 0xff,
    0xf8, 0xf8, 0xf8, 0xff, 0xf8, 0xf8, 0xf0, 0xff, 0xf8, 0xf8, 0xf8, 0xff,
    0xf8, 0xf4, 0xf8, 0xff, 0xf8, 0xf8, 0xf0, 0xff, 0xf8, 0xf8, 0xf0, 0xff,
    0xf8, 0xf4, 0xf8, 0xff, 0xf8, 0xf8, 0xf0, 0xff, 0xf8, 0xf8, 0xf8, 0xff,
    0xf8, 0xf8, 0xf8, 0xff, 0xf8, 0xf8, 0xf0, 0xff, 0xf8, 0xf8, 0xf8, 0xff,
    0xf8, 0xf8, 0xf8, 0xff, 0xf8, 0xf4, 0xf0, 0xff, 0xf8, 0xf8, 0xf8, 0xff,
    0xf8, 0xf8, 0xf0, 0xff, 0xf8, 0xf4, 0xf0, 0xff, 0xf8, 0xf4, 0xf8, 0xff,
    0xf8, 0xf8, 0xf0, 0xff, 0xf8, 0xf8, 0xf0, 0xff, 0xf8, 0xf8, 0xf8, 0xff,
    0xf8, 0xf8, 0xf0, 0xff, 0xf8, 0xf8, 0xf0, 0xff, 0xf8, 0xf8, 0xf8, 0xff,
    0xf8, 0xf8, 0xf8, 0xff, 0xf8, 0xf4, 0xf0, 0xff, 0xf8, 0xf8, 0xf8, 0xff,
    0xf8, 0xf8, 0xf0, 0xff, 0xf8, 0xf8, 0xf0, 0xff, 0xf8, 0xf8, 0xf8, 0xff,
    0xf8, 0xf8, 0xf0, 0xff, 0xf8, 0xf8, 0xf8, 0xff, 0xf8, 0xf8, 0xf8, 0xff,
    0xf8, 0xf8, 0xf0, 0xff, 0xf8, 0xf8, 0xf8, 0xff, 0xf8, 0xf8, 0xf8, 0xff,
    0xf8, 0xf4, 0xf0, 0xff, 0xf8, 0xf8, 0xf0, 0xff, 0xf8, 0xf8, 0xf8, 0xff,
    0xf8, 0xf8, 0xf0, 0xff, 0xf8, 0xf4, 0xf8, 0xff, 0xf8, 0xf8, 0xf8, 0xff,
    0xf8, 0xf8, 0xf0, 0xff, 0xf8, 0xf4, 0xf8, 0xff, 0xf8, 0xf8, 0xf0, 0xff,
    0xf8, 0xf8, 0xf8, 0xff, 0xf8, 0xf8, 0xf0, 0xff, 0xf8, 0xf8, 0xf0, 0xff,
    0xf8, 0xf4, 0xf8, 0xff, 0xf8, 0xf4, 0xf0, 0xff, 0xf8, 0xf8, 0xf8, 0xff,
    0xf8, 0xf4, 0xf8, 0xff, 0xf8, 0xf8, 0xf0, 0xff, 0xf8, 0xf4, 0xf8, 0xff,
    0xf8, 0xf4, 0xf0, 0xff, 0xf8, 0xf8, 0xf0, 0xff, 0xf8, 0xf8, 0xf8, 0xff,
    0xf8, 0xf4, 0xf0, 0xff, 0xf8, 0xf8, 0xf8, 0xff, 0xf8, 0xf8, 0xf0, 0xff,
    0xf8, 0xf8, 0xf8, 0xff, 0xf8, 0xf8, 0xf0, 0xff, 0xf8, 0xf4, 0xf0, 0xff,
    0xf8, 0xf8, 0xf0, 0xff, 0xf8, 0xf8, 0xf8, 0xff, 0xf8, 0xf8, 0xf0, 0xff,
    0xf8, 0xf8, 0xf8, 0xff, 0xf8, 0xf8, 0xf8, 0xff, 0xf8, 0xf4, 0xf0, 0xff,
    0xa0, 0x6c, 0x50, 0x2c, 0xa8, 0x74, 0x58, 0x28, 0xa8, 0x74, 0x60, 0x28,
    0xa8, 0x7c, 0x68, 0x24, 0xa8, 0x84, 0x68, 0x20, 0xb8, 0x84, 0x70, 0x1c,
    0x00, 0x00, 0x00, 0x00, 0x00, 0x00, 0x00, 0x00, 0x00, 0x00, 0x00, 0x00,
    0x00, 0x00, 0x00, 0x00, 0x00, 0x00, 0x00, 0x00, 0x00, 0x00, 0x00, 0x00,
    0x00, 0x00, 0x00, 0x00, 0x00, 0x00, 0x00, 0x00, 0x00, 0x00, 0x00, 0x00,
    0x00, 0x00, 0x00, 0x00, 0x00, 0x00, 0x00, 0x00, 0x00, 0x00, 0x00, 0x00,
    0x00, 0x00, 0x00, 0x00, 0x00, 0x00, 0x00, 0x00, 0x00, 0x00, 0x00, 0x00,
    0x00, 0x00, 0x00, 0x00, 0x00, 0x00, 0x00, 0x00, 0x00, 0x00, 0x00, 0x00,
    0x00, 0x00, 0x00, 0x00, 0x00, 0x00, 0x00, 0x00, 0x00, 0x00, 0x00, 0x00,
    0x00, 0x00, 0x00, 0x00, 0x00, 0x00, 0x00, 0x00, 0x00, 0x00, 0x00, 0x00,
    0x00, 0x00, 0x00, 0x00, 0x00, 0x00, 0x00, 0x00, 0x00, 0x00, 0x00, 0x00,
    0x00, 0x00, 0x00, 0x00, 0x00, 0x00, 0x00, 0x00, 0x00, 0x00, 0x00, 0x00,
    0x00, 0x00, 0x00, 0x00, 0x00, 0x00, 0x00, 0x00, 0x00, 0x00, 0x00, 0x00,
    0x00, 0x00, 0x00, 0x00, 0x00, 0x00, 0x00, 0x00, 0x00, 0x00, 0x00, 0x00,
    0x00, 0x00, 0x00, 0x00, 0x00, 0x00, 0x00, 0x00, 0x00, 0x00, 0x00, 0x00,
    0x00, 0x00, 0x00, 0x00, 0x00, 0x00, 0x00, 0x00, 0x00, 0x00, 0x00, 0x00,
    0x00, 0x00, 0x00, 0x00, 0x00, 0x00, 0x00, 0x00, 0x00, 0x00, 0x00, 0x00,
    0x00, 0x00, 0x00, 0x00, 0x00, 0x00, 0x00, 0x00, 0x00, 0x00, 0x00, 0x00,
    0x80, 0x00, 0x00, 0x04, 0x80, 0x40, 0x00, 0x04, 0x80, 0x28, 0x00, 0x08,
    0x70, 0x1c, 0x00, 0x08, 0x70, 0x30, 0x00, 0x0c, 0x78, 0x20, 0x00, 0x10,
    0xf8, 0xfc, 0xf8, 0xff, 0xf8, 0xfc, 0xf8, 0xff, 0xf8, 0xfc, 0xf8, 0xff,
    0xf8, 0xfc, 0xf8, 0xff, 0xf8, 0xfc, 0xf8, 0xff, 0xf8, 0xfc, 0xf8, 0xff,
    0xf8, 0xfc, 0xf8, 0xff, 0xf8, 0xfc, 0xf8, 0xff, 0xf8, 0xfc, 0xf8, 0xff,
    0xf8, 0xfc, 0xf8, 0xff, 0xf8, 0xfc, 0xf8, 0xff, 0xf8, 0xfc, 0xf8, 0xff,
    0xf8, 0xfc, 0xf8, 0xff, 0xf8, 0xfc, 0xf8, 0xff, 0xf8, 0xfc, 0xf8, 0xff,
    0xf8, 0xfc, 0xf8, 0xff, 0xf8, 0xfc, 0xf8, 0xff, 0xf8, 0xfc, 0xf8, 0xff,
    0xf8, 0xfc, 0xf8, 0xff, 0xf8, 0xfc, 0xf8, 0xff, 0xf8, 0xfc, 0xf8, 0xff,
    0xf8, 0xfc, 0xf8, 0xff, 0xf8, 0xfc, 0xf8, 0xff, 0xf8, 0xfc, 0xf8, 0xff,
    0xf8, 0xfc, 0xf8, 0xff, 0xf8, 0xfc, 0xf8, 0xff, 0xf8, 0xfc, 0xf8, 0xff,
    0xf8, 0xfc, 0xf8, 0xff, 0xf8, 0xfc, 0xf8, 0xff, 0xf8, 0xfc, 0xf8, 0xff,
    0xf8, 0xfc, 0xf8, 0xff, 0xf8, 0xfc, 0xf8, 0xff, 0xf8, 0xfc, 0xf8, 0xff,
    0xf8, 0xfc, 0xf8, 0xff, 0xf8, 0xfc, 0xf8, 0xff, 0xf8, 0xfc, 0xf8, 0xff,
    0xf8, 0xfc, 0xf8, 0xff, 0xf8, 0xfc, 0xf8, 0xff, 0xf8, 0xfc, 0xf8, 0xff,
    0xf8, 0xfc, 0xf8, 0xff, 0xf8, 0xfc, 0xf8, 0xff, 0xf8, 0xfc, 0xf8, 0xff,
    0xf8, 0xfc, 0xf8, 0xff, 0xf8, 0xfc, 0xf8, 0xff, 0xf8, 0xfc, 0xf8, 0xff,
    0xf8, 0xfc, 0xf8, 0xff, 0xf8, 0xfc, 0xf8, 0xff, 0xf8, 0xfc, 0xf8, 0xff,
    0xf8, 0xfc, 0xf8, 0xff, 0xf8, 0xfc, 0xf8, 0xff, 0xf8, 0xfc, 0xf8, 0xff,
    0xf8, 0xfc, 0xf8, 0xff, 0xf8, 0xfc, 0xf8, 0xff, 0xf8, 0xfc, 0xf8, 0xff,
    0xf8, 0xfc, 0xf8, 0xff, 0xf8, 0xfc, 0xf8, 0xff, 0xf8, 0xfc, 0xf8, 0xff,
    0xf8, 0xfc, 0xf8, 0xff, 0xf8, 0xfc, 0xf8, 0xff, 0xf8, 0xfc, 0xf8, 0xff,
    0xf8, 0xfc, 0xf8, 0xff, 0xf8, 0xfc, 0xf8, 0xff, 0xf8, 0xfc, 0xf8, 0xff,
    0xf8, 0xfc, 0xf8, 0xff, 0xf8, 0xfc, 0xf8, 0xff, 0xf8, 0xfc, 0xf8, 0xff,
    0xf8, 0xfc, 0xf8, 0xff, 0xf8, 0xfc, 0xf8, 0xff, 0xf8, 0xfc, 0xf8, 0xff,
    0xf8, 0xfc, 0xf8, 0xff, 0xf8, 0xfc, 0xf8, 0xff, 0xf8, 0xfc, 0xf8, 0xff,
    0xf8, 0xfc, 0xf8, 0xff, 0xf8, 0xfc, 0xf8, 0xff, 0xf8, 0xfc, 0xf8, 0xff,
    0xf8, 0xfc, 0xf8, 0xff, 0xf8, 0xfc, 0xf8, 0xff, 0xf8, 0xfc, 0xf8, 0xff,
    0xf8, 0xfc, 0xf8, 0xff, 0xf8, 0xf8, 0xf8, 0xff, 0xf8, 0xfc, 0xf8, 0xff,
    0xf8, 0xfc, 0xf8, 0xff, 0xf8, 0xfc, 0xf8, 0xff, 0xf8, 0xf8, 0xf8, 0xff,
    0xf8, 0xf8, 0xf8, 0xff, 0xf8, 0xf8, 0xf8, 0xff, 0xf8, 0xfc, 0xf8, 0xff,
    0xf8, 0xf8, 0xf8, 0xff, 0xf8, 0xfc, 0xf8, 0xff, 0xf8, 0xf8, 0xf8, 0xff,
    0xf8, 0xf8, 0xf8, 0xff, 0xf8, 0xfc, 0xf8, 0xff, 0xf8, 0xf8, 0xf8, 0xff,
    0xf8, 0xfc, 0xf8, 0xff, 0xf8, 0xfc, 0xf8, 0xff, 0xf8, 0xf8, 0xf8, 0xff,
    0xf8, 0xf8, 0xf8, 0xff, 0xf8, 0xfc, 0xf8, 0xff, 0xf8, 0xf8, 0xf8, 0xff,
    0xf8, 0xf8, 0xf8, 0xff, 0xf8, 0xfc, 0xf8, 0xff, 0xf8, 0xf8, 0xf8, 0xff,
    0xf8, 0xf8, 0xf8, 0xff, 0xf8, 0xf8, 0xf8, 0xff, 0xf8, 0xf8, 0xf0, 0xff,
    0xf8, 0xf8, 0xf8, 0xff, 0xf8, 0xfc, 0xf8, 0xff, 0xf8, 0xf8, 0xf0, 0xff,
    0xf8, 0xf8, 0xf8, 0xff, 0xf8, 0xf8, 0xf8, 0xff, 0xf8, 0xf8, 0xf8, 0xff,
    0xf8, 0xf8, 0xf0, 0xff, 0xf8, 0xf8, 0xf8, 0xff, 0xf8, 0xf8, 0xf8, 0xff,
    0xf8, 0xf8, 0xf8, 0xff, 0xf8, 0xf8, 0xf0, 0xff, 0xf8, 0xf8, 0xf8, 0xff,
    0xf8, 0xf8, 0xf8, 0xff, 0xf8, 0xf8, 0xf0, 0xff, 0xf8, 0xf8, 0xf8, 0xff,
    0xf8, 0xf8, 0xf8, 0xff, 0xf8, 0xf8, 0xf0, 0xff, 0xf8, 0xf8, 0xf0, 0xff,
    0xf8, 0xf8, 0xf8, 0xff, 0xf8, 0xf8, 0xf8, 0xff, 0xf8, 0xf8, 0xf0, 0xff,
    0xf8, 0xf8, 0xf8, 0xff, 0xf8, 0xf8, 0xf8, 0xff, 0xf8, 0xf8, 0xf8, 0xff,
    0xf8, 0xf8, 0xf8, 0xff, 0xf8, 0xf4, 0xf0, 0xff, 0xf8, 0xf8, 0xf0, 0xff,
    0xf8, 0xf8, 0xf8, 0xff, 0xf8, 0xf4, 0xf0, 0xff, 0xf8, 0xf8, 0xf0, 0xff,
    0xf8, 0xf8, 0xf8, 0xff, 0xf8, 0xf4, 0xf0, 0xff, 0xf8, 0xf8, 0xf8, 0xff,
    0xf8, 0xf8, 0xf0, 0xff, 0xf8, 0xf4, 0xf0, 0xff, 0xf8, 0xf8, 0xf8, 0xff,
    0xf8, 0xf4, 0xf0, 0xff, 0xf8, 0xf8, 0xf0, 0xff, 0xf8, 0xf8, 0xf8, 0xff,
    0xf8, 0xf4, 0xf0, 0xff, 0xf8, 0xf8, 0xf8, 0xff, 0xf8, 0xf8, 0xf8, 0xff,
    0xf8, 0xf8, 0xf0, 0xff, 0xf8, 0xf8, 0xf0, 0xff, 0xf8, 0xf8, 0xf8, 0xff,
    0xf8, 0xf4, 0xf8, 0xff, 0xf8, 0xf8, 0xf0, 0xff, 0xf8, 0xf4, 0xf8, 0xff,
    0xf8, 0xf4, 0xf0, 0xff, 0xf8, 0xf8, 0xf0, 0xff, 0xf8, 0xf4, 0xf8, 0xff,
    0xf8, 0xf8, 0xf0, 0xff, 0xf8, 0xf8, 0xf8, 0xff, 0xf8, 0xf4, 0xf0, 0xff,
    0xf8, 0xf8, 0xf8, 0xff, 0xf8, 0xf4, 0xf0, 0xff, 0xf8, 0xf4, 0xf0, 0xff,
    0xf8, 0xf8, 0xf8, 0xff, 0xf8, 0xf8, 0xf0, 0xff, 0xf8, 0xf4, 0xf0, 0xff,
    0xf8, 0xf8, 0xf8, 0xff, 0xf8, 0xf8, 0xf0, 0xff, 0xf8, 0xf8, 0xf8, 0xff,
    0xf8, 0xf4, 0xf8, 0xff, 0xf8, 0xf8, 0xf0, 0xff, 0xf8, 0xf8, 0xf8, 0xff,
    0xf8, 0xf8, 0xf0, 0xff, 0xf8, 0xf8, 0xf0, 0xff, 0xf8, 0xf4, 0xf8, 0xff,
    0xf8, 0xf8, 0xf8, 0xff, 0xf8, 0xf8, 0xf0, 0xff, 0xf8, 0xf4, 0xf8, 0xff,
    0xf8, 0xf8, 0xf8, 0xff, 0xf8, 0xf8, 0xf0, 0xff, 0xf8, 0xf8, 0xf8, 0xff,
    0xf8, 0xf8, 0xf0, 0xff, 0xf8, 0xf8, 0xf0, 0xff, 0xf8, 0xf8, 0xf8, 0xff,
    0xf8, 0xf8, 0xf0, 0xff, 0xf8, 0xf8, 0xf8, 0xff, 0xf8, 0xf8, 0xf8, 0xff,
    0xf8, 0xf8, 0xf0, 0xff, 0xf8, 0xf8, 0xf8, 0xff, 0xf8, 0xf4, 0xf0, 0xff,
    0xf8, 0xf8, 0xf0, 0xff, 0xf8, 0xf8, 0xf8, 0xff, 0xf8, 0xf4, 0xf8, 0xff,
    0xf8, 0xf8, 0xf0, 0xff, 0xf8, 0xf8, 0xf8, 0xff, 0xf8, 0xf8, 0xf8, 0xff,
    0xf8, 0xf4, 0xf0, 0xff, 0xf8, 0xf8, 0xf8, 0xff, 0xf8, 0xf8, 0xf0, 0xff,
    0xf8, 0xf4, 0xf0, 0xff, 0xf8, 0xf8, 0xf8, 0xff, 0xf8, 0xf8, 0xf8, 0xff,
    0xa0, 0x6c, 0x50, 0x2c, 0xa8, 0x70, 0x58, 0x28, 0xa8, 0x78, 0x60, 0x28,
    0xa8, 0x7c, 0x68, 0x24, 0xa8, 0x84, 0x70, 0x20, 0xb0, 0x88, 0x78, 0x20,
    0xa0, 0x80, 0x60, 0x08, 0x00, 0x00, 0x00, 0x00, 0x00, 0x00, 0x00, 0x00,
    0x00, 0x00, 0x00, 0x00, 0x00, 0x00, 0x00, 0x00, 0x00, 0x00, 0x00, 0x00,
    0x00, 0x00, 0x00, 0x00, 0x00, 0x00, 0x00, 0x00, 0x00, 0x00, 0x00, 0x00,
    0x00, 0x00, 0x00, 0x00, 0x00, 0x00, 0x00, 0x00, 0x00, 0x00, 0x00, 0x00,
    0x00, 0x00, 0x00, 0x00, 0x00, 0x00, 0x00, 0x00, 0x00, 0x00, 0x00, 0x00,
    0x00, 0x00, 0x00, 0x00, 0x00, 0x00, 0x00, 0x00, 0x00, 0x00, 0x00, 0x00,
    0x00, 0x00, 0x00, 0x00, 0x00, 0x00, 0x00, 0x00, 0x00, 0x00, 0x00, 0x00,
    0x00, 0x00, 0x00, 0x00, 0x00, 0x00, 0x00, 0x00, 0x00, 0x00, 0x00, 0x00,
    0x00, 0x00, 0x00, 0x00, 0x00, 0x00, 0x00, 0x00, 0x00, 0x00, 0x00, 0x00,
    0x00, 0x00, 0x00, 0x00, 0x00, 0x00, 0x00, 0x00, 0x00, 0x00, 0x00, 0x00,
    0x00, 0x00, 0x00, 0x00, 0x00, 0x00, 0x00, 0x00, 0x00, 0x00, 0x00, 0x00,
    0x00, 0x00, 0x00, 0x00, 0x00, 0x00, 0x00, 0x00, 0x00, 0x00, 0x00, 0x00,
    0x00, 0x00, 0x00, 0x00, 0x00, 0x00, 0x00, 0x00, 0x00, 0x00, 0x00, 0x00,
    0x00, 0x00, 0x00, 0x00, 0x00, 0x00, 0x00, 0x00, 0x00, 0x00, 0x00, 0x00,
    0x00, 0x00, 0x00, 0x00, 0x00, 0x00, 0x00, 0x00, 0x00, 0x00, 0x00, 0x00,
    0x00, 0x00, 0x00, 0x00, 0x00, 0x00, 0x00, 0x00, 0x00, 0x00, 0x00, 0x00,
    0x80, 0x00, 0x00, 0x00, 0x80, 0x40, 0x00, 0x04, 0x80, 0x28, 0x00, 0x08,
    0x70, 0x1c, 0x00, 0x08, 0x78, 0x30, 0x00, 0x0c, 0x78, 0x20, 0x00, 0x10,
    0xf8, 0xfc, 0xf8, 0xff, 0xf8, 0xfc, 0xf8, 0xff, 0xf8, 0xfc, 0xf8, 0xff,
    0xf8, 0xfc, 0xf8, 0xff, 0xf8, 0xfc, 0xf8, 0xff, 0xf8, 0xfc, 0xf8, 0xff,
    0xf8, 0xfc, 0xf8, 0xff, 0xf8, 0xfc, 0xf8, 0xff, 0xf8, 0xfc, 0xf8, 0xff,
    0xf8, 0xfc, 0xf8, 0xff, 0xf8, 0xfc, 0xf8, 0xff, 0xf8, 0xfc, 0xf8, 0xff,
    0xf8, 0xfc, 0xf8, 0xff, 0xf8, 0xfc, 0xf8, 0xff, 0xf8, 0xfc, 0xf8, 0xff,
    0xf8, 0xfc, 0xf8, 0xff, 0xf8, 0xfc, 0xf8, 0xff, 0xf8, 0xfc, 0xf8, 0xff,
    0xf8, 0xfc, 0xf8, 0xff, 0xf8, 0xfc, 0xf8, 0xff, 0xf8, 0xfc, 0xf8, 0xff,
    0xf8, 0xfc, 0xf8, 0xff, 0xf8, 0xfc, 0xf8, 0xff, 0xf8, 0xfc, 0xf8, 0xff,
    0xf8, 0xfc, 0xf8, 0xff, 0xf8, 0xfc, 0xf8, 0xff, 0xf8, 0xfc, 0xf8, 0xff,
    0xf8, 0xfc, 0xf8, 0xff, 0xf8, 0xfc, 0xf8, 0xff, 0xf8, 0xfc, 0xf8, 0xff,
    0xf8, 0xfc, 0xf8, 0xff, 0xf8, 0xfc, 0xf8, 0xff, 0xf8, 0xfc, 0xf8, 0xff,
    0xf8, 0xfc, 0xf8, 0xff, 0xf8, 0xfc, 0xf8, 0xff, 0xf8, 0xfc, 0xf8, 0xff,
    0xf8, 0xfc, 0xf8, 0xff, 0xf8, 0xfc, 0xf8, 0xff, 0xf8, 0xfc, 0xf8, 0xff,
    0xf8, 0xfc, 0xf8, 0xff, 0xf8, 0xfc, 0xf8, 0xff, 0xf8, 0xfc, 0xf8, 0xff,
    0xf8, 0xfc, 0xf8, 0xff, 0xf8, 0xfc, 0xf8, 0xff, 0xf8, 0xfc, 0xf8, 0xff,
    0xf8, 0xfc, 0xf8, 0xff, 0xf8, 0xfc, 0xf8, 0xff, 0xf8, 0xfc, 0xf8, 0xff,
    0xf8, 0xfc, 0xf8, 0xff, 0xf8, 0xfc, 0xf8, 0xff, 0xf8, 0xfc, 0xf8, 0xff,
    0xf8, 0xfc, 0xf8, 0xff, 0xf8, 0xfc, 0xf8, 0xff, 0xf8, 0xfc, 0xf8, 0xff,
    0xf8, 0xfc, 0xf8, 0xff, 0xf8, 0xfc, 0xf8, 0xff, 0xf8, 0xfc, 0xf8, 0xff,
    0xf8, 0xfc, 0xf8, 0xff, 0xf8, 0xfc, 0xf8, 0xff, 0xf8, 0xfc, 0xf8, 0xff,
    0xf8, 0xfc, 0xf8, 0xff, 0xf8, 0xfc, 0xf8, 0xff, 0xf8, 0xfc, 0xf8, 0xff,
    0xf8, 0xfc, 0xf8, 0xff, 0xf8, 0xfc, 0xf8, 0xff, 0xf8, 0xfc, 0xf8, 0xff,
    0xf8, 0xfc, 0xf8, 0xff, 0xf8, 0xfc, 0xf8, 0xff, 0xf8, 0xfc, 0xf8, 0xff,
    0xf8, 0xfc, 0xf8, 0xff, 0xf8, 0xfc, 0xf8, 0xff, 0xf8, 0xfc, 0xf8, 0xff,
    0xf8, 0xfc, 0xf8, 0xff, 0xf8, 0xf8, 0xf8, 0xff, 0xf8, 0xfc, 0xf8, 0xff,
    0xf8, 0xfc, 0xf8, 0xff, 0xf8, 0xf8, 0xf8, 0xff, 0xf8, 0xfc, 0xf8, 0xff,
    0xf8, 0xfc, 0xf8, 0xff, 0xf8, 0xfc, 0xf8, 0xff, 0xf8, 0xfc, 0xf8, 0xff,
    0xf8, 0xfc, 0xf8, 0xff, 0xf8, 0xfc, 0xf8, 0xff, 0xf8, 0xf8, 0xf8, 0xff,
    0xf8, 0xfc, 0xf8, 0xff, 0xf8, 0xfc, 0xf8, 0xff, 0xf8, 0xf8, 0xf8, 0xff,
    0xf8, 0xf8, 0xf8, 0xff, 0xf8, 0xfc, 0xf8, 0xff, 0xf8, 0xfc, 0xf8, 0xff,
    0xf8, 0xf8, 0xf8, 0xff, 0xf8, 0xf8, 0xf8, 0xff, 0xf8, 0xfc, 0xf8, 0xff,
    0xf8, 0xf8, 0xf8, 0xff, 0xf8, 0xf8, 0xf8, 0xff, 0xf8, 0xf8, 0xf8, 0xff,
    0xf8, 0xf8, 0xf8, 0xff, 0xf8, 0xfc, 0xf8, 0xff, 0xf8, 0xf8, 0xf0, 0xff,
    0xf8, 0xf8, 0xf8, 0xff, 0xf8, 0xfc, 0xf8, 0xff, 0xf8, 0xf8, 0xf8, 0xff,
    0xf8, 0xf8, 0xf8, 0xff, 0xf8, 0xf8, 0xf0, 0xff, 0xf8, 0xf8, 0xf8, 0xff,
    0xf8, 0xf8, 0xf8, 0xff, 0xf8, 0xfc, 0xf8, 0xff, 0xf8, 0xf8, 0xf0, 0xff,
    0xf8, 0xf8, 0xf8, 0xff, 0xf8, 0xf8, 0xf8, 0xff, 0xf8, 0xf8, 0xf0, 0xff,
    0xf8, 0xf8, 0xf8, 0xff, 0xf8, 0xf8, 0xf8, 0xff, 0xf8, 0xf8, 0xf0, 0xff,
    0xf8, 0xf8, 0xf8, 0xff, 0xf8, 0xf8, 0xf8, 0xff, 0xf8, 0xf8, 0xf0, 0xff,
    0xf8, 0xf8, 0xf8, 0xff, 0xf8, 0xf8, 0xf0, 0xff, 0xf8, 0xf8, 0xf8, 0xff,
    0xf8, 0xf8, 0xf8, 0xff, 0xf8, 0xf8, 0xf0, 0xff, 0xf8, 0xf8, 0xf8, 0xff,
    0xf8, 0xf8, 0xf8, 0xff, 0xf8, 0xf8, 0xf0, 0xff, 0xf8, 0xf8, 0xf0, 0xff,
    0xf8, 0xf8, 0xf8, 0xff, 0xf8, 0xf8, 0xf0, 0xff, 0xf8, 0xf4, 0xf0, 0xff,
    0xf8, 0xf8, 0xf8, 0xff, 0xf8, 0xf8, 0xf8, 0xff, 0xf8, 0xf8, 0xf0, 0xff,
    0xf8, 0xf8, 0xf8, 0xff, 0xf8, 0xf4, 0xf8, 0xff, 0xf8, 0xf8, 0xf0, 0xff,
    0xf8, 0xf8, 0xf8, 0xff, 0xf8, 0xf8, 0xf8, 0xff, 0xf8, 0xf8, 0xf0, 0xff,
    0xf8, 0xf8, 0xf8, 0xff, 0xf8, 0xf8, 0xf8, 0xff, 0xf8, 0xf8, 0xf0, 0xff,
    0xf8, 0xf4, 0xf8, 0xff, 0xf8, 0xf8, 0xf8, 0xff, 0xf8, 0xf8, 0xf0, 0xff,
    0xf8, 0xf8, 0xf0, 0xff, 0xf8, 0xf4, 0xf8, 0xff, 0xf8, 0xf8, 0xf0, 0xff,
    0xf8, 0xf4, 0xf8, 0xff, 0xf8, 0xf8, 0xf8, 0xff, 0xf8, 0xf8, 0xf0, 0xff,
    0xf8, 0xf8, 0xf0, 0xff, 0xf8, 0xf8, 0xf8, 0xff, 0xf8, 0xf8, 0xf8, 0xff,
    0xf8, 0xf8, 0xf8, 0xff, 0xf8, 0xf8, 0xf0, 0xff, 0xf8, 0xf8, 0xf8, 0xff,
    0xf8, 0xf8, 0xf0, 0xff, 0xf8, 0xf8, 0xf0, 0xff, 0xf8, 0xf8, 0xf8, 0xff,
    0xf8, 0xf8, 0xf8, 0xff, 0xf8, 0xf8, 0xf8, 0xff, 0xf8, 0xf8, 0xf0, 0xff,
    0xf8, 0xf8, 0xf8, 0xff, 0xf8, 0xf4, 0xf8, 0xff, 0xf8, 0xf8, 0xf0, 0xff,
    0xf8, 0xf8, 0xf0, 0xff, 0xf8, 0xf4, 0xf8, 0xff, 0xf8, 0xf8, 0xf0, 0xff,
    0xf8, 0xf8, 0xf0, 0xff, 0xf8, 0xf4, 0xf8, 0xff, 0xf8, 0xf8, 0xf8, 0xff,
    0xf8, 0xf8, 0xf0, 0xff, 0xf8, 0xf4, 0xf0, 0xff, 0xf8, 0xf8, 0xf8, 0xff,
    0xf8, 0xf8, 0xf0, 0xff, 0xf8, 0xf8, 0xf0, 0xff, 0xf8, 0xf4, 0xf8, 0xff,
    0xf8, 0xf8, 0xf0, 0xff, 0xf8, 0xf4, 0xf8, 0xff, 0xf8, 0xf4, 0xf8, 0xff,
    0xf8, 0xf8, 0xf0, 0xff, 0xf8, 0xf8, 0xf8, 0xff, 0xf8, 0xf4, 0xf0, 0xff,
    0xf8, 0xf8, 0xf0, 0xff, 0xf8, 0xf8, 0xf8, 0xff, 0xf8, 0xf4, 0xf0, 0xff,
    0xf8, 0xf8, 0xf8, 0xff, 0xf8, 0xf8, 0xf8, 0xff, 0xf8, 0xf8, 0xf0, 0xff,
    0xf8, 0xf8, 0xf8, 0xff, 0xf8, 0xf8, 0xf0, 0xff, 0xf8, 0xf4, 0xf0, 0xff,
    0xf8, 0xf8, 0xf8, 0xff, 0xf8, 0xf8, 0xf0, 0xff, 0xf8, 0xf8, 0xf8, 0xff,
    0xf8, 0xf8, 0xf8, 0xff, 0xf8, 0xf4, 0xf0, 0xff, 0xf8, 0xf8, 0xf8, 0xff,
    0xf8, 0xf8, 0xf0, 0xff, 0xf8, 0xf8, 0xf0, 0xff, 0xf8, 0xf8, 0xf8, 0xff,
    0xa0, 0x68, 0x50, 0x2c, 0xa8, 0x74, 0x58, 0x28, 0xa8, 0x78, 0x60, 0x24,
    0xb0, 0x80, 0x60, 0x20, 0xb0, 0x80, 0x70, 0x20, 0xb0, 0x84, 0x70, 0x1c,
    0xa8, 0x8c, 0x70, 0x14, 0x00, 0x00, 0x00, 0x00, 0x00, 0x00, 0x00, 0x00,
    0x00, 0x00, 0x00, 0x00, 0x00, 0x00, 0x00, 0x00, 0x00, 0x00, 0x00, 0x00,
    0x00, 0x00, 0x00, 0x00, 0x00, 0x00, 0x00, 0x00, 0x00, 0x00, 0x00, 0x00,
    0x00, 0x00, 0x00, 0x00, 0x00, 0x00, 0x00, 0x00, 0x00, 0x00, 0x00, 0x00,
    0x00, 0x00, 0x00, 0x00, 0x00, 0x00, 0x00, 0x00, 0x00, 0x00, 0x00, 0x00,
    0x00, 0x00, 0x00, 0x00, 0x00, 0x00, 0x00, 0x00, 0x00, 0x00, 0x00, 0x00,
    0x00, 0x00, 0x00, 0x00, 0x00, 0x00, 0x00, 0x00, 0x00, 0x00, 0x00, 0x00,
    0x00, 0x00, 0x00, 0x00, 0x00, 0x00, 0x00, 0x00, 0x00, 0x00, 0x00, 0x00,
    0x00, 0x00, 0x00, 0x00, 0x00, 0x00, 0x00, 0x00, 0x00, 0x00, 0x00, 0x00,
    0x00, 0x00, 0x00, 0x00, 0x00, 0x00, 0x00, 0x00, 0x00, 0x00, 0x00, 0x00,
    0x00, 0x00, 0x00, 0x00, 0x00, 0x00, 0x00, 0x00, 0x00, 0x00, 0x00, 0x00,
    0x00, 0x00, 0x00, 0x00, 0x00, 0x00, 0x00, 0x00, 0x00, 0x00, 0x00, 0x00,
    0x00, 0x00, 0x00, 0x00, 0x00, 0x00, 0x00, 0x00, 0x00, 0x00, 0x00, 0x00,
    0x00, 0x00, 0x00, 0x00, 0x00, 0x00, 0x00, 0x00, 0x00, 0x00, 0x00, 0x00,
    0x00, 0x00, 0x00, 0x00, 0x00, 0x00, 0x00, 0x00, 0x00, 0x00, 0x00, 0x00,
    0x00, 0x00, 0x00, 0x00, 0x00, 0x00, 0x00, 0x00, 0x00, 0x00, 0x00, 0x00,
    0x80, 0x00, 0x00, 0x04, 0x80, 0x40, 0x00, 0x04, 0x80, 0x2c, 0x00, 0x04,
    0x70, 0x1c, 0x00, 0x08, 0x70, 0x2c, 0x00, 0x0c, 0x78, 0x24, 0x00, 0x0c,
    0xf8, 0xfc, 0xf8, 0xff, 0xf8, 0xfc, 0xf8, 0xff, 0xf8, 0xfc, 0xf8, 0xff,
    0xf8, 0xfc, 0xf8, 0xff, 0xf8, 0xfc, 0xf8, 0xff, 0xf8, 0xfc, 0xf8, 0xff,
    0xf8, 0xfc, 0xf8, 0xff, 0xf8, 0xfc, 0xf8, 0xff, 0xf8, 0xfc, 0xf8, 0xff,
    0xf8, 0xfc, 0xf8, 0xff, 0xf8, 0xfc, 0xf8, 0xff, 0xf8, 0xfc, 0xf8, 0xff,
    0xf8, 0xfc, 0xf8, 0xff, 0xf8, 0xfc, 0xf8, 0xff, 0xf8, 0xfc, 0xf8, 0xff,
    0xf8, 0xfc, 0xf8, 0xff, 0xf8, 0xfc, 0xf8, 0xff, 0xf8, 0xfc, 0xf8, 0xff,
    0xf8, 0xfc, 0xf8, 0xff, 0xf8, 0xfc, 0xf8, 0xff, 0xf8, 0xfc, 0xf8, 0xff,
    0xf8, 0xfc, 0xf8, 0xff, 0xf8, 0xfc, 0xf8, 0xff, 0xf8, 0xfc, 0xf8, 0xff,
    0xf8, 0xfc, 0xf8, 0xff, 0xf8, 0xfc, 0xf8, 0xff, 0xf8, 0xfc, 0xf8, 0xff,
    0xf8, 0xfc, 0xf8, 0xff, 0xf8, 0xfc, 0xf8, 0xff, 0xf8, 0xfc, 0xf8, 0xff,
    0xf8, 0xfc, 0xf8, 0xff, 0xf8, 0xfc, 0xf8, 0xff, 0xf8, 0xfc, 0xf8, 0xff,
    0xf8, 0xfc, 0xf8, 0xff, 0xf8, 0xfc, 0xf8, 0xff, 0xf8, 0xfc, 0xf8, 0xff,
    0xf8, 0xfc, 0xf8, 0xff, 0xf8, 0xfc, 0xf8, 0xff, 0xf8, 0xfc, 0xf8, 0xff,
    0xf8, 0xfc, 0xf8, 0xff, 0xf8, 0xfc, 0xf8, 0xff, 0xf8, 0xfc, 0xf8, 0xff,
    0xf8, 0xfc, 0xf8, 0xff, 0xf8, 0xfc, 0xf8, 0xff, 0xf8, 0xfc, 0xf8, 0xff,
    0xf8, 0xfc, 0xf8, 0xff, 0xf8, 0xfc, 0xf8, 0xff, 0xf8, 0xfc, 0xf8, 0xff,
    0xf8, 0xfc, 0xf8, 0xff, 0xf8, 0xfc, 0xf8, 0xff, 0xf8, 0xfc, 0xf8, 0xff,
    0xf8, 0xfc, 0xf8, 0xff, 0xf8, 0xfc, 0xf8, 0xff, 0xf8, 0xfc, 0xf8, 0xff,
    0xf8, 0xfc, 0xf8, 0xff, 0xf8, 0xfc, 0xf8, 0xff, 0xf8, 0xfc, 0xf8, 0xff,
    0xf8, 0xfc, 0xf8, 0xff, 0xf8, 0xfc, 0xf8, 0xff, 0xf8, 0xfc, 0xf8, 0xff,
    0xf8, 0xfc, 0xf8, 0xff, 0xf8, 0xfc, 0xf8, 0xff, 0xf8, 0xfc, 0xf8, 0xff,
    0xf8, 0xfc, 0xf8, 0xff, 0xf8, 0xfc, 0xf8, 0xff, 0xf8, 0xfc, 0xf8, 0xff,
    0xf8, 0xfc, 0xf8, 0xff, 0xf8, 0xfc, 0xf8, 0xff, 0xf8, 0xfc, 0xf8, 0xff,
    0xf8, 0xfc, 0xf8, 0xff, 0xf8, 0xfc, 0xf8, 0xff, 0xf8, 0xfc, 0xf8, 0xff,
    0xf8, 0xfc, 0xf8, 0xff, 0xf8, 0xf8, 0xf8, 0xff, 0xf8, 0xfc, 0xf8, 0xff,
    0xf8, 0xfc, 0xf8, 0xff, 0xf8, 0xf8, 0xf8, 0xff, 0xf8, 0xfc, 0xf8, 0xff,
    0xf8, 0xfc, 0xf8, 0xff, 0xf8, 0xf8, 0xf8, 0xff, 0xf8, 0xfc, 0xf8, 0xff,
    0xf8, 0xf8, 0xf8, 0xff, 0xf8, 0xf8, 0xf8, 0xff, 0xf8, 0xfc, 0xf8, 0xff,
    0xf8, 0xf8, 0xf8, 0xff, 0xf8, 0xfc, 0xf8, 0xff, 0xf8, 0xf8, 0xf8, 0xff,
    0xf8, 0xfc, 0xf8, 0xff, 0xf8, 0xf8, 0xf8, 0xff, 0xf8, 0xfc, 0xf8, 0xff,
    0xf8, 0xfc, 0xf8, 0xff, 0xf8, 0xf8, 0xf8, 0xff, 0xf8, 0xfc, 0xf8, 0xff,
    0xf8, 0xf8, 0xf8, 0xff, 0xf8, 0xf8, 0xf8, 0xff, 0xf8, 0xf8, 0xf8, 0xff,
    0xf8, 0xf8, 0xf8, 0xff, 0xf8, 0xf8, 0xf8, 0xff, 0xf8, 0xf8, 0xf8, 0xff,
    0xf8, 0xf8, 0xf8, 0xff, 0xf8, 0xf8, 0xf8, 0xff, 0xf8, 0xf8, 0xf0, 0xff,
    0xf8, 0xfc, 0xf8, 0xff, 0xf8, 0xfc, 0xf8, 0xff, 0xf8, 0xf8, 0xf8, 0xff,
    0xf8, 0xf8, 0xf8, 0xff, 0xf8, 0xf8, 0xf0, 0xff, 0xf8, 0xf8, 0xf8, 0xff,
    0xf8, 0xf8, 0xf8, 0xff, 0xf8, 0xf8, 0xf0, 0xff, 0xf8, 0xf8, 0xf8, 0xff,
    0xf8, 0xf8, 0xf8, 0xff, 0xf8, 0xf8, 0xf0, 0xff, 0xf8, 0xf8, 0xf8, 0xff,
    0xf8, 0xf8, 0xf0, 0xff, 0xf8, 0xf8, 0xf8, 0xff, 0xf8, 0xf8, 0xf8, 0xff,
    0xf8, 0xf8, 0xf0, 0xff, 0xf8, 0xf8, 0xf8, 0xff, 0xf8, 0xf8, 0xf0, 0xff,
    0xf8, 0xf8, 0xf8, 0xff, 0xf8, 0xf8, 0xf8, 0xff, 0xf8, 0xf8, 0xf0, 0xff,
    0xf8, 0xf8, 0xf8, 0xff, 0xf8, 0xf8, 0xf8, 0xff, 0xf8, 0xf8, 0xf8, 0xff,
    0xf8, 0xf8, 0xf8, 0xff, 0xf8, 0xf8, 0xf0, 0xff, 0xf8, 0xf4, 0xf0, 0xff,
    0xf8, 0xf8, 0xf8, 0xff, 0xf8, 0xf8, 0xf0, 0xff, 0xf8, 0xf4, 0xf0, 0xff,
    0xf8, 0xf8, 0xf8, 0xff, 0xf8, 0xf8, 0xf0, 0xff, 0xf8, 0xf8, 0xf8, 0xff,
    0xf8, 0xf4, 0xf0, 0xff, 0xf8, 0xf8, 0xf0, 0xff, 0xf8, 0xf4, 0xf8, 0xff,
    0xf8, 0xf8, 0xf0, 0xff, 0xf8, 0xf8, 0xf0, 0xff, 0xf8, 0xf8, 0xf8, 0xff,
    0xf8, 0xf8, 0xf0, 0xff, 0xf8, 0xf4, 0xf8, 0xff, 0xf8, 0xf8, 0xf0, 0xff,
    0xf8, 0xf8, 0xf8, 0xff, 0xf8, 0xf8, 0xf0, 0xff, 0xf8, 0xf8, 0xf0, 0xff,
    0xf8, 0xf8, 0xf8, 0xff, 0xf8, 0xf4, 0xf8, 0xff, 0xf8, 0xf8, 0xf0, 0xff,
    0xf8, 0xf8, 0xf0, 0xff, 0xf8, 0xf4, 0xf8, 0xff, 0xf8, 0xf8, 0xf0, 0xff,
    0xf8, 0xf8, 0xf0, 0xff, 0xf8, 0xf4, 0xf8, 0xff, 0xf8, 0xf8, 0xf8, 0xff,
    0xf8, 0xf4, 0xf0, 0xff, 0xf8, 0xf8, 0xf8, 0xff, 0xf8, 0xf8, 0xf0, 0xff,
    0xf8, 0xf4, 0xf0, 0xff, 0xf8, 0xf8, 0xf8, 0xff, 0xf8, 0xf8, 0xf0, 0xff,
    0xf8, 0xf4, 0xf0, 0xff, 0xf8, 0xf8, 0xf8, 0xff, 0xf8, 0xf8, 0xf8, 0xff,
    0xf8, 0xf8, 0xf0, 0xff, 0xf8, 0xf8, 0xf8, 0xff, 0xf8, 0xf8, 0xf0, 0xff,
    0xf8, 0xf8, 0xf0, 0xff, 0xf8, 0xf8, 0xf8, 0xff, 0xf8, 0xf4, 0xf0, 0xff,
    0xf8, 0xf8, 0xf8, 0xff, 0xf8, 0xf8, 0xf8, 0xff, 0xf8, 0xf8, 0xf0, 0xff,
    0xf8, 0xf8, 0xf8, 0xff, 0xf8, 0xf4, 0xf0, 0xff, 0xf8, 0xf8, 0xf0, 0xff,
    0xf8, 0xf8, 0xf8, 0xff, 0xf8, 0xf8, 0xf0, 0xff, 0xf8, 0xf8, 0xf0, 0xff,
    0xf8, 0xf8, 0xf8, 0xff, 0xf8, 0xf4, 0xf8, 0xff, 0xf8, 0xf8, 0xf0, 0xff,
    0xf8, 0xf8, 0xf8, 0xff, 0xf8, 0xf4, 0xf0, 0xff, 0xf8, 0xf8, 0xf0, 0xff,
    0xf8, 0xf8, 0xf8, 0xff, 0xf8, 0xf4, 0xf0, 0xff, 0xf8, 0xf8, 0xf8, 0xff,
    0xf8, 0xf8, 0xf8, 0xff, 0xf8, 0xf4, 0xf0, 0xff, 0xf8, 0xf8, 0xf8, 0xff,
    0xf8, 0xf8, 0xf0, 0xff, 0xf8, 0xf4, 0xf0, 0xff, 0xf8, 0xf8, 0xf8, 0xff,
    0xf8, 0xf8, 0xf0, 0xff, 0xf8, 0xf8, 0xf0, 0xff, 0xf8, 0xf4, 0xf8, 0xff,
    0xf8, 0xf8, 0xf8, 0xff, 0xf8, 0xf4, 0xf0, 0xff, 0xf8, 0xf8, 0xf0, 0xff,
    0xa0, 0x6c, 0x50, 0x2c, 0xa0, 0x70, 0x58, 0x28, 0xa8, 0x70, 0x58, 0x24,
    0xa8, 0x7c, 0x60, 0x20, 0xb0, 0x84, 0x68, 0x20, 0xb0, 0x88, 0x78, 0x1c,
    0xb0, 0x88, 0x78, 0x18, 0xf8, 0xfc, 0x00, 0x00, 0x00, 0x00, 0x00, 0x00,
    0x00, 0x00, 0x00, 0x00, 0x00, 0x00, 0x00, 0x00, 0x00, 0x00, 0x00, 0x00,
    0x00, 0x00, 0x00, 0x00, 0x00, 0x00, 0x00, 0x00, 0x00, 0x00, 0x00, 0x00,
    0x00, 0x00, 0x00, 0x00, 0x00, 0x00, 0x00, 0x00, 0x00, 0x00, 0x00, 0x00,
    0x00, 0x00, 0x00, 0x00, 0x00, 0x00, 0x00, 0x00, 0x00, 0x00, 0x00, 0x00,
    0x00, 0x00, 0x00, 0x00, 0x00, 0x00, 0x00, 0x00, 0x00, 0x00, 0x00, 0x00,
    0x00, 0x00, 0x00, 0x00, 0x00, 0x00, 0x00, 0x00, 0x00, 0x00, 0x00, 0x00,
    0x00, 0x00, 0x00, 0x00, 0x00, 0x00, 0x00, 0x00, 0x00, 0x00, 0x00, 0x00,
    0x00, 0x00, 0x00, 0x00, 0x00, 0x00, 0x00, 0x00, 0x00, 0x00, 0x00, 0x00,
    0x00, 0x00, 0x00, 0x00, 0x00, 0x00, 0x00, 0x00, 0x00, 0x00, 0x00, 0x00,
    0x00, 0x00, 0x00, 0x00, 0x00, 0x00, 0x00, 0x00, 0x00, 0x00, 0x00, 0x00,
    0x00, 0x00, 0x00, 0x00, 0x00, 0x00, 0x00, 0x00, 0x00, 0x00, 0x00, 0x00,
    0x00, 0x00, 0x00, 0x00, 0x00, 0x00, 0x00, 0x00, 0x00, 0x00, 0x00, 0x00,
    0x00, 0x00, 0x00, 0x00, 0x00, 0x00, 0x00, 0x00, 0x00, 0x00, 0x00, 0x00,
    0x00, 0x00, 0x00, 0x00, 0x00, 0x00, 0x00, 0x00, 0x00, 0x00, 0x00, 0x00,
    0x00, 0x00, 0x00, 0x00, 0x00, 0x00, 0x00, 0x00, 0x00, 0x00, 0x00, 0x00,
    0x80, 0x00, 0x00, 0x04, 0x80, 0x40, 0x00, 0x04, 0x80, 0x2c, 0x00, 0x04,
    0x70, 0x1c, 0x00, 0x08, 0x70, 0x2c, 0x00, 0x0c, 0x78, 0x24, 0x00, 0x10,
    0xf8, 0xfc, 0xf8, 0xff, 0xf8, 0xfc, 0xf8, 0xff, 0xf8, 0xfc, 0xf8, 0xff,
    0xf8, 0xfc, 0xf8, 0xff, 0xf8, 0xfc, 0xf8, 0xff, 0xf8, 0xfc, 0xf8, 0xff,
    0xf8, 0xfc, 0xf8, 0xff, 0xf8, 0xfc, 0xf8, 0xff, 0xf8, 0xfc, 0xf8, 0xff,
    0xf8, 0xfc, 0xf8, 0xff, 0xf8, 0xfc, 0xf8, 0xff, 0xf8, 0xfc, 0xf8, 0xff,
    0xf8, 0xfc, 0xf8, 0xff, 0xf8, 0xfc, 0xf8, 0xff, 0xf8, 0xfc, 0xf8, 0xff,
    0xf8, 0xfc, 0xf8, 0xff, 0xf8, 0xfc, 0xf8, 0xff, 0xf8, 0xfc, 0xf8, 0xff,
    0xf8, 0xfc, 0xf8, 0xff, 0xf8, 0xfc, 0xf8, 0xff, 0xf8, 0xfc, 0xf8, 0xff,
    0xf8, 0xfc, 0xf8, 0xff, 0xf8, 0xfc, 0xf8, 0xff, 0xf8, 0xfc, 0xf8, 0xff,
    0xf8, 0xfc, 0xf8, 0xff, 0xf8, 0xfc, 0xf8, 0xff, 0xf8, 0xfc, 0xf8, 0xff,
    0xf8, 0xfc, 0xf8, 0xff, 0xf8, 0xfc, 0xf8, 0xff, 0xf8, 0xfc, 0xf8, 0xff,
    0xf8, 0xfc, 0xf8, 0xff, 0xf8, 0xfc, 0xf8, 0xff, 0xf8, 0xfc, 0xf8, 0xff,
    0xf8, 0xfc, 0xf8, 0xff, 0xf8, 0xfc, 0xf8, 0xff, 0xf8, 0xfc, 0xf8, 0xff,
    0xf8, 0xfc, 0xf8, 0xff, 0xf8, 0xfc, 0xf8, 0xff, 0xf8, 0xfc, 0xf8, 0xff,
    0xf8, 0xfc, 0xf8, 0xff, 0xf8, 0xfc, 0xf8, 0xff, 0xf8, 0xfc, 0xf8, 0xff,
    0xf8, 0xfc, 0xf8, 0xff, 0xf8, 0xfc, 0xf8, 0xff, 0xf8, 0xfc, 0xf8, 0xff,
    0xf8, 0xfc, 0xf8, 0xff, 0xf8, 0xfc, 0xf8, 0xff, 0xf8, 0xfc, 0xf8, 0xff,
    0xf8, 0xfc, 0xf8, 0xff, 0xf8, 0xfc, 0xf8, 0xff, 0xf8, 0xfc, 0xf8, 0xff,
    0xf8, 0xfc, 0xf8, 0xff, 0xf8, 0xfc, 0xf8, 0xff, 0xf8, 0xfc, 0xf8, 0xff,
    0xf8, 0xfc, 0xf8, 0xff, 0xf8, 0xfc, 0xf8, 0xff, 0xf8, 0xfc, 0xf8, 0xff,
    0xf8, 0xfc, 0xf8, 0xff, 0xf8, 0xfc, 0xf8, 0xff, 0xf8, 0xfc, 0xf8, 0xff,
    0xf8, 0xfc, 0xf8, 0xff, 0xf8, 0xfc, 0xf8, 0xff, 0xf8, 0xfc, 0xf8, 0xff,
    0xf8, 0xfc, 0xf8, 0xff, 0xf8, 0xfc, 0xf8, 0xff, 0xf8, 0xfc, 0xf8, 0xff,
    0xf8, 0xfc, 0xf8, 0xff, 0xf8, 0xfc, 0xf8, 0xff, 0xf8, 0xfc, 0xf8, 0xff,
    0xf8, 0xfc, 0xf8, 0xff, 0xf8, 0xfc, 0xf8, 0xff, 0xf8, 0xfc, 0xf8, 0xff,
    0xf8, 0xf8, 0xf8, 0xff, 0xf8, 0xfc, 0xf8, 0xff, 0xf8, 0xfc, 0xf8, 0xff,
    0xf8, 0xfc, 0xf8, 0xff, 0xf8, 0xfc, 0xf8, 0xff, 0xf8, 0xfc, 0xf8, 0xff,
    0xf8, 0xf8, 0xf8, 0xff, 0xf8, 0xfc, 0xf8, 0xff, 0xf8, 0xfc, 0xf8, 0xff,
    0xf8, 0xf8, 0xf8, 0xff, 0xf8, 0xf8, 0xf8, 0xff, 0xf8, 0xfc, 0xf8, 0xff,
    0xf8, 0xf8, 0xf8, 0xff, 0xf8, 0xf8, 0xf8, 0xff, 0xf8, 0xfc, 0xf8, 0xff,
    0xf8, 0xfc, 0xf8, 0xff, 0xf8, 0xf8, 0xf8, 0xff, 0xf8, 0xf8, 0xf8, 0xff,
    0xf8, 0xfc, 0xf8, 0xff, 0xf8, 0xf8, 0xf8, 0xff, 0xf8, 0xf8, 0xf8, 0xff,
    0xf8, 0xf8, 0xf8, 0xff, 0xf8, 0xfc, 0xf8, 0xff, 0xf8, 0xf8, 0xf8, 0xff,
    0xf8, 0xfc, 0xf0, 0xff, 0xf8, 0xf8, 0xf8, 0xff, 0xf8, 0xfc, 0xf8, 0xff,
    0xf8, 0xf8, 0xf8, 0xff, 0xf8, 0xf8, 0xf8, 0xff, 0xf8, 0xf8, 0xf0, 0xff,
    0xf8, 0xf8, 0xf8, 0xff, 0xf8, 0xf8, 0xf8, 0xff, 0xf8, 0xfc, 0xf0, 0xff,
    0xf8, 0xf8, 0xf8, 0xff, 0xf8, 0xf8, 0xf8, 0xff, 0xf8, 0xf8, 0xf8, 0xff,
    0xf8, 0xf8, 0xf8, 0xff, 0xf8, 0xf8, 0xf8, 0xff, 0xf8, 0xf8, 0xf8, 0xff,
    0xf8, 0xf8, 0xf0, 0xff, 0xf8, 0xf8, 0xf8, 0xff, 0xf8, 0xf8, 0xf8, 0xff,
    0xf8, 0xf8, 0xf0, 0xff, 0xf8, 0xf8, 0xf8, 0xff, 0xf8, 0xf8, 0xf8, 0xff,
    0xf8, 0xf8, 0xf0, 0xff, 0xf8, 0xf8, 0xf8, 0xff, 0xf8, 0xf8, 0xf8, 0xff,
    0xf8, 0xf8, 0xf0, 0xff, 0xf8, 0xf8, 0xf8, 0xff, 0xf8, 0xf8, 0xf0, 0xff,
    0xf8, 0xf8, 0xf8, 0xff, 0xf8, 0xf8, 0xf0, 0xff, 0xf8, 0xf8, 0xf8, 0xff,
    0xf8, 0xf4, 0xf8, 0xff, 0xf8, 0xf8, 0xf0, 0xff, 0xf8, 0xf8, 0xf8, 0xff,
    0xf8, 0xf8, 0xf8, 0xff, 0xf8, 0xf4, 0xf0, 0xff, 0xf8, 0xf8, 0xf8, 0xff,
    0xf8, 0xf8, 0xf0, 0xff, 0xf8, 0xf8, 0xf8, 0xff, 0xf8, 0xf4, 0xf0, 0xff,
    0xf8, 0xf8, 0xf8, 0xff, 0xf8, 0xf8, 0xf0, 0xff, 0xf8, 0xf8, 0xf8, 0xff,
    0xf8, 0xf4, 0xf8, 0xff, 0xf8, 0xf8, 0xf0, 0xff, 0xf8, 0xf4, 0xf8, 0xff,
    0xf8, 0xf8, 0xf0, 0xff, 0xf8, 0xf8, 0xf0, 0xff, 0xf8, 0xf4, 0xf8, 0xff,
    0xf8, 0xf8, 0xf8, 0xff, 0xf8, 0xf8, 0xf0, 0xff, 0xf8, 0xf4, 0xf8, 0xff,
    0xf8, 0xf8, 0xf0, 0xff, 0xf8, 0xf8, 0xf0, 0xff, 0xf8, 0xf8, 0xf8, 0xff,
    0xf8, 0xf4, 0xf8, 0xff, 0xf8, 0xf8, 0xf0, 0xff, 0xf8, 0xf8, 0xf8, 0xff,
    0xf8, 0xf4, 0xf0, 0xff, 0xf8, 0xf8, 0xf8, 0xff, 0xf8, 0xf8, 0xf0, 0xff,
    0xf8, 0xf8, 0xf8, 0xff, 0xf8, 0xf4, 0xf8, 0xff, 0xf8, 0xf8, 0xf0, 0xff,
    0xf8, 0xf8, 0xf8, 0xff, 0xf8, 0xf4, 0xf0, 0xff, 0xf8, 0xf8, 0xf8, 0xff,
    0xf8, 0xf8, 0xf0, 0xff, 0xf8, 0xf8, 0xf8, 0xff, 0xf8, 0xf4, 0xf0, 0xff,
    0xf8, 0xf8, 0xf8, 0xff, 0xf8, 0xf4, 0xf8, 0xff, 0xf8, 0xf8, 0xf8, 0xff,
    0xf8, 0xf8, 0xf0, 0xff, 0xf8, 0xf4, 0xf8, 0xff, 0xf8, 0xf8, 0xf0, 0xff,
    0xf8, 0xf8, 0xf0, 0xff, 0xf8, 0xf4, 0xf8, 0xff, 0xf8, 0xf8, 0xf0, 0xff,
    0xf8, 0xf8, 0xf8, 0xff, 0xf8, 0xf8, 0xf8, 0xff, 0xf8, 0xf8, 0xf0, 0xff,
    0xf8, 0xf8, 0xf8, 0xff, 0xf8, 0xf8, 0xf8, 0xff, 0xf8, 0xf8, 0xf0, 0xff,
    0xf8, 0xf8, 0xf0, 0xff, 0xf8, 0xf8, 0xf8, 0xff, 0xf8, 0xf8, 0xf8, 0xff,
    0xf8, 0xf8, 0xf0, 0xff, 0xf8, 0xf8, 0xf8, 0xff, 0xf8, 0xf8, 0xf8, 0xff,
    0xf8, 0xf8, 0xf0, 0xff, 0xf8, 0xf4, 0xf0, 0xff, 0xf8, 0xf8, 0xf8, 0xff,
    0xf8, 0xf8, 0xf0, 0xff, 0xf8, 0xf8, 0xf8, 0xff, 0xf8, 0xf8, 0xf8, 0xff,
    0xf8, 0xf8, 0xf0, 0xff, 0xf8, 0xf4, 0xf8, 0xff, 0xf8, 0xf8, 0xf8, 0xff,
    0xf8, 0xf8, 0xf0, 0xff, 0xf8, 0xf4, 0xf8, 0xff, 0xf8, 0xf8, 0xf0, 0xff,
    0xf8, 0xf8, 0xf8, 0xff, 0xf8, 0xf8, 0xf8, 0xff, 0xf8, 0xf4, 0xf0, 0xff,
    0xa0, 0x68, 0x50, 0x2c, 0xa0, 0x70, 0x58, 0x28, 0xa8, 0x70, 0x58, 0x24,
    0xa8, 0x80, 0x68, 0x20, 0xb0, 0x84, 0x70, 0x20, 0xb0, 0x88, 0x78, 0x1c,
    0xb0, 0x88, 0x78, 0x1c, 0xa8, 0x90, 0x70, 0x08, 0x00, 0x00, 0x00, 0x00,
    0x00, 0x00, 0x00, 0x00, 0x00, 0x00, 0x00, 0x00, 0x00, 0x00, 0x00, 0x00,
    0x00, 0x00, 0x00, 0x00, 0x00, 0x00, 0x00, 0x00, 0x00, 0x00, 0x00, 0x00,
    0x00, 0x00, 0x00, 0x00, 0x00, 0x00, 0x00, 0x00, 0x00, 0x00, 0x00, 0x00,
    0x00, 0x00, 0x00, 0x00, 0x00, 0x00, 0x00, 0x00, 0x00, 0x00, 0x00, 0x00,
    0x00, 0x00, 0x00, 0x00, 0x00, 0x00, 0x00, 0x00, 0x00, 0x00, 0x00, 0x00,
    0x00, 0x00, 0x00, 0x00, 0x00, 0x00, 0x00, 0x00, 0x00, 0x00, 0x00, 0x00,
    0x00, 0x00, 0x00, 0x00, 0x00, 0x00, 0x00, 0x00, 0x00, 0x00, 0x00, 0x00,
    0x00, 0x00, 0x00, 0x00, 0x00, 0x00, 0x00, 0x00, 0x00, 0x00, 0x00, 0x00,
    0x00, 0x00, 0x00, 0x00, 0x00, 0x00, 0x00, 0x00, 0x00, 0x00, 0x00, 0x00,
    0x00, 0x00, 0x00, 0x00, 0x00, 0x00, 0x00, 0x00, 0x00, 0x00, 0x00, 0x00,
    0x00, 0x00, 0x00, 0x00, 0x00, 0x00, 0x00, 0x00, 0x00, 0x00, 0x00, 0x00,
    0x00, 0x00, 0x00, 0x00, 0x00, 0x00, 0x00, 0x00, 0x00, 0x00, 0x00, 0x00,
    0x00, 0x00, 0x00, 0x00, 0x00, 0x00, 0x00, 0x00, 0x00, 0x00, 0x00, 0x00,
    0x00, 0x00, 0x00, 0x00, 0x00, 0x00, 0x00, 0x00, 0x00, 0x00, 0x00, 0x00,
    0x00, 0x00, 0x00, 0x00, 0x00, 0x00, 0x00, 0x00, 0x00, 0x00, 0x00, 0x00,
    0x80, 0x00, 0x00, 0x04, 0x80, 0x40, 0x00, 0x04, 0x80, 0x28, 0x00, 0x08,
    0x70, 0x1c, 0x00, 0x08, 0x70, 0x30, 0x00, 0x0c, 0x78, 0x20, 0x00, 0x10,
    0xf8, 0xfc, 0xf8, 0xff, 0xf8, 0xfc, 0xf8, 0xff, 0xf8, 0xfc, 0xf8, 0xff,
    0xf8, 0xfc, 0xf8, 0xff, 0xf8, 0xfc, 0xf8, 0xff, 0xf8, 0xfc, 0xf8, 0xff,
    0xf8, 0xfc, 0xf8, 0xff, 0xf8, 0xfc, 0xf8, 0xff, 0xf8, 0xfc, 0xf8, 0xff,
    0xf8, 0xfc, 0xf8, 0xff, 0xf8, 0xfc, 0xf8, 0xff, 0xf8, 0xfc, 0xf8, 0xff,
    0xf8, 0xfc, 0xf8, 0xff, 0xf8, 0xfc, 0xf8, 0xff, 0xf8, 0xfc, 0xf8, 0xff,
    0xf8, 0xfc, 0xf8, 0xff, 0xf8, 0xfc, 0xf8, 0xff, 0xf8, 0xfc, 0xf8, 0xff,
    0xf8, 0xfc, 0xf8, 0xff, 0xf8, 0xfc, 0xf8, 0xff, 0xf8, 0xfc, 0xf8, 0xff,
    0xf8, 0xfc, 0xf8, 0xff, 0xf8, 0xfc, 0xf8, 0xff, 0xf8, 0xfc, 0xf8, 0xff,
    0xf8, 0xfc, 0xf8, 0xff, 0xf8, 0xfc, 0xf8, 0xff, 0xf8, 0xfc, 0xf8, 0xff,
    0xf8, 0xfc, 0xf8, 0xff, 0xf8, 0xfc, 0xf8, 0xff, 0xf8, 0xfc, 0xf8, 0xff,
    0xf8, 0xfc, 0xf8, 0xff, 0xf8, 0xfc, 0xf8, 0xff, 0xf8, 0xfc, 0xf8, 0xff,
    0xf8, 0xfc, 0xf8, 0xff, 0xf8, 0xfc, 0xf8, 0xff, 0xf8, 0xfc, 0xf8, 0xff,
    0xf8, 0xfc, 0xf8, 0xff, 0xf8, 0xfc, 0xf8, 0xff, 0xf8, 0xfc, 0xf8, 0xff,
    0xf8, 0xfc, 0xf8, 0xff, 0xf8, 0xfc, 0xf8, 0xff, 0xf8, 0xfc, 0xf8, 0xff,
    0xf8, 0xfc, 0xf8, 0xff, 0xf8, 0xfc, 0xf8, 0xff, 0xf8, 0xfc, 0xf8, 0xff,
    0xf8, 0xfc, 0xf8, 0xff, 0xf8, 0xfc, 0xf8, 0xff, 0xf8, 0xfc, 0xf8, 0xff,
    0xf8, 0xfc, 0xf8, 0xff, 0xf8, 0xfc, 0xf8, 0xff, 0xf8, 0xfc, 0xf8, 0xff,
    0xf8, 0xfc, 0xf8, 0xff, 0xf8, 0xfc, 0xf8, 0xff, 0xf8, 0xfc, 0xf8, 0xff,
    0xf8, 0xfc, 0xf8, 0xff, 0xf8, 0xfc, 0xf8, 0xff, 0xf8, 0xfc, 0xf8, 0xff,
    0xf8, 0xfc, 0xf8, 0xff, 0xf8, 0xfc, 0xf8, 0xff, 0xf8, 0xfc, 0xf8, 0xff,
    0xf8, 0xfc, 0xf8, 0xff, 0xf8, 0xfc, 0xf8, 0xff, 0xf8, 0xfc, 0xf8, 0xff,
    0xf8, 0xfc, 0xf8, 0xff, 0xf8, 0xfc, 0xf8, 0xff, 0xf8, 0xfc, 0xf8, 0xff,
    0xf8, 0xfc, 0xf8, 0xff, 0xf8, 0xfc, 0xf8, 0xff, 0xf8, 0xfc, 0xf8, 0xff,
    0xf8, 0xfc, 0xf8, 0xff, 0xf8, 0xf8, 0xf8, 0xff, 0xf8, 0xfc, 0xf8, 0xff,
    0xf8, 0xfc, 0xf8, 0xff, 0xf8, 0xfc, 0xf8, 0xff, 0xf8, 0xf8, 0xf8, 0xff,
    0xf8, 0xfc, 0xf8, 0xff, 0xf8, 0xfc, 0xf8, 0xff, 0xf8, 0xf8, 0xf8, 0xff,
    0xf8, 0xfc, 0xf8, 0xff, 0xf8, 0xfc, 0xf8, 0xff, 0xf8, 0xf8, 0xf8, 0xff,
    0xf8, 0xfc, 0xf8, 0xff, 0xf8, 0xfc, 0xf8, 0xff, 0xf8, 0xf8, 0xf8, 0xff,
    0xf8, 0xfc, 0xf8, 0xff, 0xf8, 0xfc, 0xf8, 0xff, 0xf8, 0xf8, 0xf8, 0xff,
    0xf8, 0xf8, 0xf8, 0xff, 0xf8, 0xfc, 0xf8, 0xff, 0xf8, 0xf8, 0xf8, 0xff,
    0xf8, 0xfc, 0xf8, 0xff, 0xf8, 0xf8, 0xf8, 0xff, 0xf8, 0xf8, 0xf8, 0xff,
    0xf8, 0xf8, 0xf8, 0xff, 0xf8, 0xf8, 0xf8, 0xff, 0xf8, 0xfc, 0xf8, 0xff,
    0xf8, 0xf8, 0xf8, 0xff, 0xf8, 0xf8, 0xf8, 0xff, 0xf8, 0xf8, 0xf8, 0xff,
    0xf8, 0xfc, 0xf8, 0xff, 0xf8, 0xfc, 0xf0, 0xff, 0xf8, 0xf8, 0xf8, 0xff,
    0xf8, 0xf8, 0xf8, 0xff, 0xf8, 0xf8, 0xf8, 0xff, 0xf8, 0xf8, 0xf0, 0xff,
    0xf8, 0xf8, 0xf8, 0xff, 0xf8, 0xf8, 0xf8, 0xff, 0xf8, 0xf8, 0xf0, 0xff,
    0xf8, 0xf8, 0xf8, 0xff, 0xf8, 0xf8, 0xf8, 0xff, 0xf8, 0xf8, 0xf0, 0xff,
    0xf8, 0xf8, 0xf8, 0xff, 0xf8, 0xf8, 0xf8, 0xff, 0xf8, 0xf8, 0xf0, 0xff,
    0xf8, 0xf8, 0xf8, 0xff, 0xf8, 0xf8, 0xf0, 0xff, 0xf8, 0xf8, 0xf8, 0xff,
    0xf8, 0xf8, 0xf8, 0xff, 0xf8, 0xf8, 0xf0, 0xff, 0xf8, 0xf8, 0xf8, 0xff,
    0xf8, 0xf8, 0xf8, 0xff, 0xf8, 0xf8, 0xf0, 0xff, 0xf8, 0xf8, 0xf8, 0xff,
    0xf8, 0xf8, 0xf8, 0xff, 0xf8, 0xf8, 0xf0, 0xff, 0xf8, 0xf8, 0xf0, 0xff,
    0xf8, 0xf8, 0xf8, 0xff, 0xf8, 0xf4, 0xf0, 0xff, 0xf8, 0xf8, 0xf0, 0xff,
    0xf8, 0xf8, 0xf8, 0xff, 0xf8, 0xf8, 0xf8, 0xff, 0xf8, 0xf8, 0xf0, 0xff,
    0xf8, 0xf4, 0xf8, 0xff, 0xf8, 0xf8, 0xf0, 0xff, 0xf8, 0xf8, 0xf8, 0xff,
    0xf8, 0xf8, 0xf8, 0xff, 0xf8, 0xf8, 0xf0, 0xff, 0xf8, 0xf8, 0xf0, 0xff,
    0xf8, 0xf8, 0xf8, 0xff, 0xf8, 0xf4, 0xf8, 0xff, 0xf8, 0xf8, 0xf0, 0xff,
    0xf8, 0xf8, 0xf8, 0xff, 0xf8, 0xf8, 0xf0, 0xff, 0xf8, 0xf8, 0xf8, 0xff,
    0xf8, 0xf4, 0xf0, 0xff, 0xf8, 0xf8, 0xf8, 0xff, 0xf8, 0xf8, 0xf8, 0xff,
    0xf8, 0xf4, 0xf0, 0xff, 0xf8, 0xf8, 0xf0, 0xff, 0xf8, 0xf8, 0xf8, 0xff,
    0xf8, 0xf8, 0xf0, 0xff, 0xf8, 0xf8, 0xf8, 0xff, 0xf8, 0xf8, 0xf0, 0xff,
    0xf8, 0xf8, 0xf8, 0xff, 0xf8, 0xf8, 0xf0, 0xff, 0xf8, 0xf8, 0xf0, 0xff,
    0xf8, 0xf8, 0xf8, 0xff, 0xf8, 0xf8, 0xf0, 0xff, 0xf8, 0xf8, 0xf8, 0xff,
    0xf8, 0xf8, 0xf0, 0xff, 0xf8, 0xf8, 0xf8, 0xff, 0xf8, 0xf4, 0xf8, 0xff,
    0xf8, 0xf8, 0xf0, 0xff, 0xf8, 0xf8, 0xf0, 0xff, 0xf8, 0xf8, 0xf8, 0xff,
    0xf8, 0xf4, 0xf0, 0xff, 0xf8, 0xf8, 0xf0, 0xff, 0xf8, 0xf8, 0xf8, 0xff,
    0xf8, 0xf4, 0xf8, 0xff, 0xf8, 0xf8, 0xf0, 0xff, 0xf8, 0xf8, 0xf8, 0xff,
    0xf8, 0xf8, 0xf8, 0xff, 0xf8, 0xf4, 0xf0, 0xff, 0xf8, 0xf8, 0xf0, 0xff,
    0xf8, 0xf8, 0xf8, 0xff, 0xf8, 0xf4, 0xf8, 0xff, 0xf8, 0xf8, 0xf0, 0xff,
    0xf8, 0xf4, 0xf0, 0xff, 0xf8, 0xf4, 0xf8, 0xff, 0xf8, 0xf8, 0xf8, 0xff,
    0xf8, 0xf4, 0xf0, 0xff, 0xf8, 0xf8, 0xf0, 0xff, 0xf8, 0xf4, 0xf8, 0xff,
    0xf8, 0xf8, 0xf0, 0xff, 0xf8, 0xf4, 0xf0, 0xff, 0xf8, 0xf8, 0xf8, 0xff,
    0xf8, 0xf8, 0xf0, 0xff, 0xf8, 0xf8, 0xf8, 0xff, 0xf8, 0xf4, 0xf0, 0xff,
    0xf8, 0xf8, 0xf0, 0xff, 0xf8, 0xf8, 0xf8, 0xff, 0xf8, 0xf4, 0xf0, 0xff,
    0xf8, 0xf8, 0xf0, 0xff, 0xf8, 0xf8, 0xf8, 0xff, 0xf8, 0xf8, 0xf0, 0xff,
    0xf8, 0xf8, 0xf8, 0xff, 0xf8, 0xf8, 0xf0, 0xff, 0xf8, 0xf8, 0xf0, 0xff,
    0xf8, 0xf8, 0xf8, 0xff, 0xf8, 0xf8, 0xf0, 0xff, 0xf8, 0xf4, 0xf0, 0xff,
    0xa0, 0x68, 0x50, 0x28, 0xa8, 0x70, 0x58, 0x24, 0xa8, 0x74, 0x58, 0x24,
    0xb0, 0x7c, 0x60, 0x20, 0xa8, 0x80, 0x70, 0x1c, 0xb0, 0x84, 0x70, 0x1c,
    0xb0, 0x90, 0x78, 0x18, 0xb8, 0x8c, 0x80, 0x14, 0x00, 0x00, 0x00, 0x00,
    0x00, 0x00, 0x00, 0x00, 0x00, 0x00, 0x00, 0x00, 0x00, 0x00, 0x00, 0x00,
    0x00, 0x00, 0x00, 0x00, 0x00, 0x00, 0x00, 0x00, 0x00, 0x00, 0x00, 0x00,
    0x00, 0x00, 0x00, 0x00, 0x00, 0x00, 0x00, 0x00, 0x00, 0x00, 0x00, 0x00,
    0x00, 0x00, 0x00, 0x00, 0x00, 0x00, 0x00, 0x00, 0x00, 0x00, 0x00, 0x00,
    0x00, 0x00, 0x00, 0x00, 0x00, 0x00, 0x00, 0x00, 0x00, 0x00, 0x00, 0x00,
    0x00, 0x00, 0x00, 0x00, 0x00, 0x00, 0x00, 0x00, 0x00, 0x00, 0x00, 0x00,
    0x00, 0x00, 0x00, 0x00, 0x00, 0x00, 0x00, 0x00, 0x00, 0x00, 0x00, 0x00,
    0x00, 0x00, 0x00, 0x00, 0x00, 0x00, 0x00, 0x00, 0x00, 0x00, 0x00, 0x00,
    0x00, 0x00, 0x00, 0x00, 0x00, 0x00, 0x00, 0x00, 0x00, 0x00, 0x00, 0x00,
    0x00, 0x00, 0x00, 0x00, 0x00, 0x00, 0x00, 0x00, 0x00, 0x00, 0x00, 0x00,
    0x00, 0x00, 0x00, 0x00, 0x00, 0x00, 0x00, 0x00, 0x00, 0x00, 0x00, 0x00,
    0x00, 0x00, 0x00, 0x00, 0x00, 0x00, 0x00, 0x00, 0x00, 0x00, 0x00, 0x00,
    0x00, 0x00, 0x00, 0x00, 0x00, 0x00, 0x00, 0x00, 0x00, 0x00, 0x00, 0x00,
    0x00, 0x00, 0x00, 0x00, 0x00, 0x00, 0x00, 0x00, 0x00, 0x00, 0x00, 0x00,
    0x00, 0x00, 0x00, 0x00, 0x00, 0x00, 0x00, 0x00, 0x00, 0x00, 0x00, 0x00,
    0x80, 0x00, 0x00, 0x00, 0x80, 0x40, 0x00, 0x04, 0x80, 0x28, 0x00, 0x08,
    0x70, 0x1c, 0x00, 0x08, 0x78, 0x30, 0x00, 0x0c, 0x78, 0x20, 0x00, 0x10,
    0xf8, 0xfc, 0xf8, 0xff, 0xf8, 0xfc, 0xf8, 0xff, 0xf8, 0xfc, 0xf8, 0xff,
    0xf8, 0xfc, 0xf8, 0xff, 0xf8, 0xfc, 0xf8, 0xff, 0xf8, 0xfc, 0xf8, 0xff,
    0xf8, 0xfc, 0xf8, 0xff, 0xf8, 0xfc, 0xf8, 0xff, 0xf8, 0xfc, 0xf8, 0xff,
    0xf8, 0xfc, 0xf8, 0xff, 0xf8, 0xfc, 0xf8, 0xff, 0xf8, 0xfc, 0xf8, 0xff,
    0xf8, 0xfc, 0xf8, 0xff, 0xf8, 0xfc, 0xf8, 0xff, 0xf8, 0xfc, 0xf8, 0xff,
    0xf8, 0xfc, 0xf8, 0xff, 0xf8, 0xfc, 0xf8, 0xff, 0xf8, 0xfc, 0xf8, 0xff,
    0xf8, 0xfc, 0xf8, 0xff, 0xf8, 0xfc, 0xf8, 0xff, 0xf8, 0xfc, 0xf8, 0xff,
    0xf8, 0xfc, 0xf8, 0xff, 0xf8, 0xfc, 0xf8, 0xff, 0xf8, 0xfc, 0xf8, 0xff,
    0xf8, 0xfc, 0xf8, 0xff, 0xf8, 0xfc, 0xf8, 0xff, 0xf8, 0xfc, 0xf8, 0xff,
    0xf8, 0xfc, 0xf8, 0xff, 0xf8, 0xfc, 0xf8, 0xff, 0xf8, 0xfc, 0xf8, 0xff,
    0xf8, 0xfc, 0xf8, 0xff, 0xf8, 0xfc, 0xf8, 0xff, 0xf8, 0xfc, 0xf8, 0xff,
    0xf8, 0xfc, 0xf8, 0xff, 0xf8, 0xfc, 0xf8, 0xff, 0xf8, 0xfc, 0xf8, 0xff,
    0xf8, 0xfc, 0xf8, 0xff, 0xf8, 0xfc, 0xf8, 0xff, 0xf8, 0xfc, 0xf8, 0xff,
    0xf8, 0xfc, 0xf8, 0xff, 0xf8, 0xfc, 0xf8, 0xff, 0xf8, 0xfc, 0xf8, 0xff,
    0xf8, 0xfc, 0xf8, 0xff, 0xf8, 0xfc, 0xf8, 0xff, 0xf8, 0xfc, 0xf8, 0xff,
    0xf8, 0xfc, 0xf8, 0xff, 0xf8, 0xfc, 0xf8, 0xff, 0xf8, 0xfc, 0xf8, 0xff,
    0xf8, 0xfc, 0xf8, 0xff, 0xf8, 0xfc, 0xf8, 0xff, 0xf8, 0xfc, 0xf8, 0xff,
    0xf8, 0xfc, 0xf8, 0xff, 0xf8, 0xfc, 0xf8, 0xff, 0xf8, 0xfc, 0xf8, 0xff,
    0xf8, 0xfc, 0xf8, 0xff, 0xf8, 0xfc, 0xf8, 0xff, 0xf8, 0xfc, 0xf8, 0xff,
    0xf8, 0xfc, 0xf8, 0xff, 0xf8, 0xfc, 0xf8, 0xff, 0xf8, 0xfc, 0xf8, 0xff,
    0xf8, 0xfc, 0xf8, 0xff, 0xf8, 0xfc, 0xf8, 0xff, 0xf8, 0xfc, 0xf8, 0xff,
    0xf8, 0xfc, 0xf8, 0xff, 0xf8, 0xfc, 0xf8, 0xff, 0xf8, 0xfc, 0xf8, 0xff,
    0xf8, 0xfc, 0xf8, 0xff, 0xf8, 0xfc, 0xf8, 0xff, 0xf8, 0xfc, 0xf8, 0xff,
    0xf8, 0xfc, 0xf8, 0xff, 0xf8, 0xfc, 0xf8, 0xff, 0xf8, 0xf8, 0xf8, 0xff,
    0xf8, 0xfc, 0xf8, 0xff, 0xf8, 0xfc, 0xf8, 0xff, 0xf8, 0xfc, 0xf8, 0xff,
    0xf8, 0xf8, 0xf8, 0xff, 0xf8, 0xfc, 0xf8, 0xff, 0xf8, 0xfc, 0xf8, 0xff,
    0xf8, 0xfc, 0xf8, 0xff, 0xf8, 0xf8, 0xf8, 0xff, 0xf8, 0xf8, 0xf8, 0xff,
    0xf8, 0xfc, 0xf8, 0xff, 0xf8, 0xf8, 0xf8, 0xff, 0xf8, 0xf8, 0xf8, 0xff,
    0xf8, 0xfc, 0xf8, 0xff, 0xf8, 0xfc, 0xf8, 0xff, 0xf8, 0xf8, 0xf8, 0xff,
    0xf8, 0xfc, 0xf8, 0xff, 0xf8, 0xfc, 0xf8, 0xff, 0xf8, 0xf8, 0xf8, 0xff,
    0xf8, 0xf8, 0xf8, 0xff, 0xf8, 0xfc, 0xf8, 0xff, 0xf8, 0xf8, 0xf8, 0xff,
    0xf8, 0xf8, 0xf0, 0xff, 0xf8, 0xf8, 0xf8, 0xff, 0xf8, 0xf8, 0xf8, 0xff,
    0xf8, 0xf8, 0xf8, 0xff, 0xf8, 0xf8, 0xf0, 0xff, 0xf8, 0xf8, 0xf8, 0xff,
    0xf8, 0xf8, 0xf8, 0xff, 0xf8, 0xf8, 0xf8, 0xff, 0xf8, 0xfc, 0xf8, 0xff,
    0xf8, 0xf8, 0xf8, 0xff, 0xf8, 0xf8, 0xf0, 0xff, 0xf8, 0xf8, 0xf8, 0xff,
    0xf8, 0xf8, 0xf8, 0xff, 0xf8, 0xf8, 0xf8, 0xff, 0xf8, 0xf8, 0xf0, 0xff,
    0xf8, 0xf8, 0xf8, 0xff, 0xf8, 0xf8, 0xf0, 0xff, 0xf8, 0xf8, 0xf0, 0xff,
    0xf8, 0xf8, 0xf8, 0xff, 0xf8, 0xf8, 0xf8, 0xff, 0xf8, 0xf8, 0xf0, 0xff,
    0xf8, 0xf8, 0xf8, 0xff, 0xf8, 0xf8, 0xf8, 0xff, 0xf8, 0xf8, 0xf0, 0xff,
    0xf8, 0xf8, 0xf8, 0xff, 0xf8, 0xf8, 0xf0, 0xff, 0xf8, 0xf8, 0xf8, 0xff,
    0xf8, 0xf8, 0xf8, 0xff, 0xf8, 0xf8, 0xf0, 0xff, 0xf8, 0xf8, 0xf8, 0xff,
    0xf8, 0xf8, 0xf8, 0xff, 0xf8, 0xf4, 0xf8, 0xff, 0xf8, 0xf8, 0xf0, 0xff,
    0xf8, 0xf8, 0xf8, 0xff, 0xf8, 0xf8, 0xf8, 0xff, 0xf8, 0xf4, 0xf0, 0xff,
    0xf8, 0xf8, 0xf0, 0xff, 0xf8, 0xf8, 0xf8, 0xff, 0xf8, 0xf4, 0xf0, 0xff,
    0xf8, 0xf8, 0xf0, 0xff, 0xf8, 0xf8, 0xf8, 0xff, 0xf8, 0xf4, 0xf0, 0xff,
    0xf8, 0xf8, 0xf0, 0xff, 0xf8, 0xf4, 0xf8, 0xff, 0xf8, 0xf8, 0xf0, 0xff,
    0xf8, 0xf8, 0xf0, 0xff, 0xf8, 0xf8, 0xf8, 0xff, 0xf8, 0xf8, 0xf0, 0xff,
    0xf8, 0xf4, 0xf8, 0xff, 0xf8, 0xf8, 0xf8, 0xff, 0xf8, 0xf8, 0xf0, 0xff,
    0xf8, 0xf8, 0xf0, 0xff, 0xf8, 0xf8, 0xf8, 0xff, 0xf8, 0xf8, 0xf0, 0xff,
    0xf8, 0xf8, 0xf8, 0xff, 0xf8, 0xf4, 0xf8, 0xff, 0xf8, 0xf8, 0xf0, 0xff,
    0xf8, 0xf8, 0xf8, 0xff, 0xf8, 0xf4, 0xf0, 0xff, 0xf8, 0xf8, 0xf8, 0xff,
    0xf8, 0xf4, 0xf8, 0xff, 0xf8, 0xf8, 0xf0, 0xff, 0xf8, 0xf4, 0xf8, 0xff,
    0xf8, 0xf4, 0xf0, 0xff, 0xf8, 0xf8, 0xf0, 0xff, 0xf8, 0xf4, 0xf8, 0xff,
    0xf8, 0xf8, 0xf0, 0xff, 0xf8, 0xf8, 0xf0, 0xff, 0xf8, 0xf8, 0xf8, 0xff,
    0xf8, 0xf4, 0xf8, 0xff, 0xf8, 0xf8, 0xf0, 0xff, 0xf8, 0xf8, 0xf8, 0xff,
    0xf8, 0xf8, 0xf0, 0xff, 0xf8, 0xf8, 0xf0, 0xff, 0xf8, 0xf8, 0xf8, 0xff,
    0xf8, 0xf8, 0xf0, 0xff, 0xf8, 0xf8, 0xf0, 0xff, 0xf8, 0xf8, 0xf8, 0xff,
    0xf8, 0xf8, 0xf8, 0xff, 0xf8, 0xf8, 0xf0, 0xff, 0xf8, 0xf8, 0xf8, 0xff,
    0xf8, 0xf4, 0xf0, 0xff, 0xf8, 0xf8, 0xf0, 0xff, 0xf8, 0xf8, 0xf8, 0xff,
    0xf8, 0xf8, 0xf0, 0xff, 0xf8, 0xf8, 0xf0, 0xff, 0xf8, 0xf8, 0xf8, 0xff,
    0xf8, 0xf8, 0xf8, 0xff, 0xf8, 0xf4, 0xf0, 0xff, 0xf8, 0xf8, 0xf8, 0xff,
    0xf8, 0xf8, 0xf8, 0xff, 0xf8, 0xf8, 0xf0, 0xff, 0xf8, 0xf4, 0xf8, 0xff,
    0xf8, 0xf8, 0xf8, 0xff, 0xf8, 0xf8, 0xf0, 0xff, 0xf8, 0xf8, 0xf8, 0xff,
    0xf8, 0xf4, 0xf8, 0xff, 0xf8, 0xf8, 0xf0, 0xff, 0xf8, 0xf8, 0xf8, 0xff,
    0xf8, 0xf4, 0xf8, 0xff, 0xf8, 0xf8, 0xf0, 0xff, 0xf8, 0xf4, 0xf0, 0xff,
    0xf8, 0xf8, 0xf8, 0xff, 0xf8, 0xf4, 0xf8, 0xff, 0xf8, 0xf4, 0xf0, 0xff,
    0xf8, 0xf8, 0xf8, 0xff, 0xf8, 0xf8, 0xf8, 0xff, 0xf8, 0xf8, 0xf0, 0xff,
    0xa0, 0x68, 0x50, 0x28, 0xa8, 0x70, 0x50, 0x24, 0xa8, 0x74, 0x58, 0x24,
    0xb0, 0x7c, 0x60, 0x20, 0xb0, 0x80, 0x70, 0x1c, 0xb0, 0x88, 0x78, 0x18,
    0xa8, 0x90, 0x78, 0x18, 0xb0, 0x90, 0x78, 0x18, 0xa8, 0xa8, 0x58, 0x04,
    0x00, 0x00, 0x00, 0x00, 0x00, 0x00, 0x00, 0x00, 0x00, 0x00, 0x00, 0x00,
    0x00, 0x00, 0x00, 0x00, 0x00, 0x00, 0x00, 0x00, 0x00, 0x00, 0x00, 0x00,
    0x00, 0x00, 0x00, 0x00, 0x00, 0x00, 0x00, 0x00, 0x00, 0x00, 0x00, 0x00,
    0x00, 0x00, 0x00, 0x00, 0x00, 0x00, 0x00, 0x00, 0x00, 0x00, 0x00, 0x00,
    0x00, 0x00, 0x00, 0x00, 0x00, 0x00, 0x00, 0x00, 0x00, 0x00, 0x00, 0x00,
    0x00, 0x00, 0x00, 0x00, 0x00, 0x00, 0x00, 0x00, 0x00, 0x00, 0x00, 0x00,
    0x00, 0x00, 0x00, 0x00, 0x00, 0x00, 0x00, 0x00, 0x00, 0x00, 0x00, 0x00,
    0x00, 0x00, 0x00, 0x00, 0x00, 0x00, 0x00, 0x00, 0x00, 0x00, 0x00, 0x00,
    0x00, 0x00, 0x00, 0x00, 0x00, 0x00, 0x00, 0x00, 0x00, 0x00, 0x00, 0x00,
    0x00, 0x00, 0x00, 0x00, 0x00, 0x00, 0x00, 0x00, 0x00, 0x00, 0x00, 0x00,
    0x00, 0x00, 0x00, 0x00, 0x00, 0x00, 0x00, 0x00, 0x00, 0x00, 0x00, 0x00,
    0x00, 0x00, 0x00, 0x00, 0x00, 0x00, 0x00, 0x00, 0x00, 0x00, 0x00, 0x00,
    0x00, 0x00, 0x00, 0x00, 0x00, 0x00, 0x00, 0x00, 0x00, 0x00, 0x00, 0x00,
    0x00, 0x00, 0x00, 0x00, 0x00, 0x00, 0x00, 0x00, 0x00, 0x00, 0x00, 0x00,
    0x00, 0x00, 0x00, 0x00, 0x00, 0x00, 0x00, 0x00, 0x00, 0x00, 0x00, 0x00,
    0x80, 0x00, 0x00, 0x04, 0x78, 0x40, 0x00, 0x04, 0x80, 0x2c, 0x00, 0x04,
    0x70, 0x1c, 0x00, 0x08, 0x70, 0x2c, 0x00, 0x0c, 0x78, 0x24, 0x00, 0x10,
    0xf8, 0xfc, 0xf8, 0xff, 0xf8, 0xfc, 0xf8, 0xff, 0xf8, 0xfc, 0xf8, 0xff,
    0xf8, 0xfc, 0xf8, 0xff, 0xf8, 0xfc, 0xf8, 0xff, 0xf8, 0xfc, 0xf8, 0xff,
    0xf8, 0xfc, 0xf8, 0xff, 0xf8, 0xfc, 0xf8, 0xff, 0xf8, 0xfc, 0xf8, 0xff,
    0xf8, 0xfc, 0xf8, 0xff, 0xf8, 0xfc, 0xf8, 0xff, 0xf8, 0xfc, 0xf8, 0xff,
    0xf8, 0xfc, 0xf8, 0xff, 0xf8, 0xfc, 0xf8, 0xff, 0xf8, 0xfc, 0xf8, 0xff,
    0xf8, 0xfc, 0xf8, 0xff, 0xf8, 0xfc, 0xf8, 0xff, 0xf8, 0xfc, 0xf8, 0xff,
    0xf8, 0xfc, 0xf8, 0xff, 0xf8, 0xfc, 0xf8, 0xff, 0xf8, 0xfc, 0xf8, 0xff,
    0xf8, 0xfc, 0xf8, 0xff, 0xf8, 0xfc, 0xf8, 0xff, 0xf8, 0xfc, 0xf8, 0xff,
    0xf8, 0xfc, 0xf8, 0xff, 0xf8, 0xfc, 0xf8, 0xff, 0xf8, 0xfc, 0xf8, 0xff,
    0xf8, 0xfc, 0xf8, 0xff, 0xf8, 0xfc, 0xf8, 0xff, 0xf8, 0xfc, 0xf8, 0xff,
    0xf8, 0xfc, 0xf8, 0xff, 0xf8, 0xfc, 0xf8, 0xff, 0xf8, 0xfc, 0xf8, 0xff,
    0xf8, 0xfc, 0xf8, 0xff, 0xf8, 0xfc, 0xf8, 0xff, 0xf8, 0xfc, 0xf8, 0xff,
    0xf8, 0xfc, 0xf8, 0xff, 0xf8, 0xfc, 0xf8, 0xff, 0xf8, 0xfc, 0xf8, 0xff,
    0xf8, 0xfc, 0xf8, 0xff, 0xf8, 0xfc, 0xf8, 0xff, 0xf8, 0xfc, 0xf8, 0xff,
    0xf8, 0xfc, 0xf8, 0xff, 0xf8, 0xfc, 0xf8, 0xff, 0xf8, 0xfc, 0xf8, 0xff,
    0xf8, 0xfc, 0xf8, 0xff, 0xf8, 0xfc, 0xf8, 0xff, 0xf8, 0xfc, 0xf8, 0xff,
    0xf8, 0xfc, 0xf8, 0xff, 0xf8, 0xfc, 0xf8, 0xff, 0xf8, 0xfc, 0xf8, 0xff,
    0xf8, 0xfc, 0xf8, 0xff, 0xf8, 0xfc, 0xf8, 0xff, 0xf8, 0xfc, 0xf8, 0xff,
    0xf8, 0xfc, 0xf8, 0xff, 0xf8, 0xfc, 0xf8, 0xff, 0xf8, 0xfc, 0xf8, 0xff,
    0xf8, 0xfc, 0xf8, 0xff, 0xf8, 0xfc, 0xf8, 0xff, 0xf8, 0xfc, 0xf8, 0xff,
    0xf8, 0xfc, 0xf8, 0xff, 0xf8, 0xfc, 0xf8, 0xff, 0xf8, 0xfc, 0xf8, 0xff,
    0xf8, 0xfc, 0xf8, 0xff, 0xf8, 0xfc, 0xf8, 0xff, 0xf8, 0xfc, 0xf8, 0xff,
    0xf8, 0xfc, 0xf8, 0xff, 0xf8, 0xfc, 0xf8, 0xff, 0xf8, 0xf8, 0xf8, 0xff,
    0xf8, 0xfc, 0xf8, 0xff, 0xf8, 0xfc, 0xf8, 0xff, 0xf8, 0xfc, 0xf8, 0xff,
    0xf8, 0xf8, 0xf8, 0xff, 0xf8, 0xfc, 0xf8, 0xff, 0xf8, 0xfc, 0xf8, 0xff,
    0xf8, 0xfc, 0xf8, 0xff, 0xf8, 0xfc, 0xf8, 0xff, 0xf8, 0xfc, 0xf8, 0xff,
    0xf8, 0xf8, 0xf8, 0xff, 0xf8, 0xf8, 0xf8, 0xff, 0xf8, 0xfc, 0xf8, 0xff,
    0xf8, 0xfc, 0xf8, 0xff, 0xf8, 0xf8, 0xf8, 0xff, 0xf8, 0xfc, 0xf8, 0xff,
    0xf8, 0xf8, 0xf8, 0xff, 0xf8, 0xf8, 0xf8, 0xff, 0xf8, 0xfc, 0xf8, 0xff,
    0xf8, 0xf8, 0xf8, 0xff, 0xf8, 0xfc, 0xf8, 0xff, 0xf8, 0xf8, 0xf8, 0xff,
    0xf8, 0xf8, 0xf8, 0xff, 0xf8, 0xf8, 0xf8, 0xff, 0xf8, 0xfc, 0xf8, 0xff,
    0xf8, 0xf8, 0xf8, 0xff, 0xf8, 0xfc, 0xf8, 0xff, 0xf8, 0xf8, 0xf8, 0xff,
    0xf8, 0xfc, 0xf8, 0xff, 0xf8, 0xfc, 0xf8, 0xff, 0xf8, 0xf8, 0xf0, 0xff,
    0xf8, 0xf8, 0xf8, 0xff, 0xf8, 0xf8, 0xf0, 0xff, 0xf8, 0xf8, 0xf8, 0xff,
    0xf8, 0xf8, 0xf8, 0xff, 0xf8, 0xf8, 0xf8, 0xff, 0xf8, 0xf8, 0xf8, 0xff,
    0xf8, 0xf8, 0xf8, 0xff, 0xf8, 0xf8, 0xf0, 0xff, 0xf8, 0xf8, 0xf8, 0xff,
    0xf8, 0xf8, 0xf8, 0xff, 0xf8, 0xf8, 0xf8, 0xff, 0xf8, 0xf8, 0xf8, 0xff,
    0xf8, 0xf8, 0xf0, 0xff, 0xf8, 0xf8, 0xf8, 0xff, 0xf8, 0xf8, 0xf8, 0xff,
    0xf8, 0xf8, 0xf0, 0xff, 0xf8, 0xf8, 0xf8, 0xff, 0xf8, 0xf8, 0xf8, 0xff,
    0xf8, 0xf8, 0xf0, 0xff, 0xf8, 0xf8, 0xf8, 0xff, 0xf8, 0xf8, 0xf0, 0xff,
    0xf8, 0xf8, 0xf8, 0xff, 0xf8, 0xf8, 0xf8, 0xff, 0xf8, 0xf8, 0xf0, 0xff,
    0xf8, 0xf8, 0xf0, 0xff, 0xf8, 0xf4, 0xf8, 0xff, 0xf8, 0xf8, 0xf0, 0xff,
    0xf8, 0xf8, 0xf0, 0xff, 0xf8, 0xf8, 0xf8, 0xff, 0xf8, 0xf8, 0xf8, 0xff,
    0xf8, 0xf4, 0xf0, 0xff, 0xf8, 0xf8, 0xf8, 0xff, 0xf8, 0xf8, 0xf8, 0xff,
    0xf8, 0xf8, 0xf0, 0xff, 0xf8, 0xf8, 0xf8, 0xff, 0xf8, 0xf8, 0xf8, 0xff,
    0xf8, 0xf4, 0xf0, 0xff, 0xf8, 0xf8, 0xf8, 0xff, 0xf8, 0xf8, 0xf8, 0xff,
    0xf8, 0xf4, 0xf0, 0xff, 0xf8, 0xf8, 0xf0, 0xff, 0xf8, 0xf8, 0xf8, 0xff,
    0xf8, 0xf4, 0xf0, 0xff, 0xf8, 0xf8, 0xf8, 0xff, 0xf8, 0xf8, 0xf0, 0xff,
    0xf8, 0xf4, 0xf8, 0xff, 0xf8, 0xf8, 0xf0, 0xff, 0xf8, 0xf8, 0xf0, 0xff,
    0xf8, 0xf4, 0xf8, 0xff, 0xf8, 0xf8, 0xf0, 0xff, 0xf8, 0xf8, 0xf8, 0xff,
    0xf8, 0xf4, 0xf0, 0xff, 0xf8, 0xf8, 0xf0, 0xff, 0xf8, 0xf8, 0xf8, 0xff,
    0xf8, 0xf8, 0xf0, 0xff, 0xf8, 0xf8, 0xf8, 0xff, 0xf8, 0xf8, 0xf8, 0xff,
    0xf8, 0xf8, 0xf0, 0xff, 0xf8, 0xf8, 0xf8, 0xff, 0xf8, 0xf4, 0xf8, 0xff,
    0xf8, 0xf8, 0xf0, 0xff, 0xf8, 0xf8, 0xf0, 0xff, 0xf8, 0xf8, 0xf8, 0xff,
    0xf8, 0xf8, 0xf0, 0xff, 0xf8, 0xf4, 0xf8, 0xff, 0xf8, 0xf8, 0xf8, 0xff,
    0xf8, 0xf8, 0xf0, 0xff, 0xf8, 0xf4, 0xf8, 0xff, 0xf8, 0xf8, 0xf8, 0xff,
    0xf8, 0xf4, 0xf0, 0xff, 0xf8, 0xf4, 0xf0, 0xff, 0xf8, 0xf8, 0xf8, 0xff,
    0xf8, 0xf4, 0xf0, 0xff, 0xf8, 0xf8, 0xf0, 0xff, 0xf8, 0xf8, 0xf8, 0xff,
    0xf8, 0xf8, 0xf8, 0xff, 0xf8, 0xf8, 0xf0, 0xff, 0xf8, 0xf4, 0xf8, 0xff,
    0xf8, 0xf8, 0xf8, 0xff, 0xf8, 0xf8, 0xf0, 0xff, 0xf8, 0xf8, 0xf0, 0xff,
    0xf8, 0xf8, 0xf8, 0xff, 0xf8, 0xf8, 0xf0, 0xff, 0xf8, 0xf8, 0xf0, 0xff,
    0xf8, 0xf8, 0xf8, 0xff, 0xf8, 0xf8, 0xf0, 0xff, 0xf8, 0xf4, 0xf0, 0xff,
    0xf8, 0xf8, 0xf8, 0xff, 0xf8, 0xf8, 0xf0, 0xff, 0xf8, 0xf4, 0xf0, 0xff,
    0xf8, 0xf8, 0xf8, 0xff, 0xf8, 0xf8, 0xf0, 0xff, 0xf8, 0xf8, 0xf0, 0xff,
    0xf8, 0xf8, 0xf8, 0xff, 0xf8, 0xf8, 0xf8, 0xff, 0xf8, 0xf8, 0xf0, 0xff,
    0xf8, 0xf8, 0xf8, 0xff, 0xf8, 0xf8, 0xf0, 0xff, 0xf8, 0xf8, 0xf0, 0xff,
    0xf8, 0xf8, 0xf8, 0xff, 0xf8, 0xf8, 0xf8, 0xff, 0xf8, 0xf8, 0xf8, 0xff,
    0xa0, 0x64, 0x50, 0x28, 0xa0, 0x70, 0x58, 0x24, 0xa8, 0x70, 0x58, 0x24,
    0xa8, 0x78, 0x68, 0x1c, 0xb0, 0x80, 0x70, 0x1c, 0xb0, 0x84, 0x70, 0x18,
    0xb8, 0x88, 0x78, 0x18, 0xb8, 0x8c, 0x80, 0x18, 0xb8, 0x8c, 0x70, 0x0c,
    0x00, 0x00, 0x00, 0x00, 0x00, 0x00, 0x00, 0x00, 0x00, 0x00, 0x00, 0x00,
    0x00, 0x00, 0x00, 0x00, 0x00, 0x00, 0x00, 0x00, 0x00, 0x00, 0x00, 0x00,
    0x00, 0x00, 0x00, 0x00, 0x00, 0x00, 0x00, 0x00, 0x00, 0x00, 0x00, 0x00,
    0x00, 0x00, 0x00, 0x00, 0x00, 0x00, 0x00, 0x00, 0x00, 0x00, 0x00, 0x00,
    0x00, 0x00, 0x00, 0x00, 0x00, 0x00, 0x00, 0x00, 0x00, 0x00, 0x00, 0x00,
    0x00, 0x00, 0x00, 0x00, 0x00, 0x00, 0x00, 0x00, 0x00, 0x00, 0x00, 0x00,
    0x00, 0x00, 0x00, 0x00, 0x00, 0x00, 0x00, 0x00, 0x00, 0x00, 0x00, 0x00,
    0x00, 0x00, 0x00, 0x00, 0x00, 0x00, 0x00, 0x00, 0x00, 0x00, 0x00, 0x00,
    0x00, 0x00, 0x00, 0x00, 0x00, 0x00, 0x00, 0x00, 0x00, 0x00, 0x00, 0x00,
    0x00, 0x00, 0x00, 0x00, 0x00, 0x00, 0x00, 0x00, 0x00, 0x00, 0x00, 0x00,
    0x00, 0x00, 0x00, 0x00, 0x00, 0x00, 0x00, 0x00, 0x00, 0x00, 0x00, 0x00,
    0x00, 0x00, 0x00, 0x00, 0x00, 0x00, 0x00, 0x00, 0x00, 0x00, 0x00, 0x00,
    0x00, 0x00, 0x00, 0x00, 0x00, 0x00, 0x00, 0x00, 0x00, 0x00, 0x00, 0x00,
    0x00, 0x00, 0x00, 0x00, 0x00, 0x00, 0x00, 0x00, 0x00, 0x00, 0x00, 0x00,
    0x00, 0x00, 0x00, 0x00, 0x00, 0x00, 0x00, 0x00, 0x00, 0x00, 0x00, 0x00,
    0x80, 0x00, 0x00, 0x04, 0x80, 0x40, 0x00, 0x04, 0x80, 0x28, 0x00, 0x04,
    0x70, 0x1c, 0x00, 0x08, 0x70, 0x30, 0x00, 0x0c, 0x78, 0x20, 0x00, 0x0c,
    0xf8, 0xfc, 0xf8, 0xff, 0xf8, 0xfc, 0xf8, 0xff, 0xf8, 0xfc, 0xf8, 0xff,
    0xf8, 0xfc, 0xf8, 0xff, 0xf8, 0xfc, 0xf8, 0xff, 0xf8, 0xfc, 0xf8, 0xff,
    0xf8, 0xfc, 0xf8, 0xff, 0xf8, 0xfc, 0xf8, 0xff, 0xf8, 0xfc, 0xf8, 0xff,
    0xf8, 0xfc, 0xf8, 0xff, 0xf8, 0xfc, 0xf8, 0xff, 0xf8, 0xfc, 0xf8, 0xff,
    0xf8, 0xfc, 0xf8, 0xff, 0xf8, 0xfc, 0xf8, 0xff, 0xf8, 0xfc, 0xf8, 0xff,
    0xf8, 0xfc, 0xf8, 0xff, 0xf8, 0xfc, 0xf8, 0xff, 0xf8, 0xfc, 0xf8, 0xff,
    0xf8, 0xfc, 0xf8, 0xff, 0xf8, 0xfc, 0xf8, 0xff, 0xf8, 0xfc, 0xf8, 0xff,
    0xf8, 0xfc, 0xf8, 0xff, 0xf8, 0xfc, 0xf8, 0xff, 0xf8, 0xfc, 0xf8, 0xff,
    0xf8, 0xfc, 0xf8, 0xff, 0xf8, 0xfc, 0xf8, 0xff, 0xf8, 0xfc, 0xf8, 0xff,
    0xf8, 0xfc, 0xf8, 0xff, 0xf8, 0xfc, 0xf8, 0xff, 0xf8, 0xfc, 0xf8, 0xff,
    0xf8, 0xfc, 0xf8, 0xff, 0xf8, 0xfc, 0xf8, 0xff, 0xf8, 0xfc, 0xf8, 0xff,
    0xf8, 0xfc, 0xf8, 0xff, 0xf8, 0xfc, 0xf8, 0xff, 0xf8, 0xfc, 0xf8, 0xff,
    0xf8, 0xfc, 0xf8, 0xff, 0xf8, 0xfc, 0xf8, 0xff, 0xf8, 0xfc, 0xf8, 0xff,
    0xf8, 0xfc, 0xf8, 0xff, 0xf8, 0xfc, 0xf8, 0xff, 0xf8, 0xfc, 0xf8, 0xff,
    0xf8, 0xfc, 0xf8, 0xff, 0xf8, 0xfc, 0xf8, 0xff, 0xf8, 0xfc, 0xf8, 0xff,
    0xf8, 0xfc, 0xf8, 0xff, 0xf8, 0xfc, 0xf8, 0xff, 0xf8, 0xfc, 0xf8, 0xff,
    0xf8, 0xfc, 0xf8, 0xff, 0xf8, 0xfc, 0xf8, 0xff, 0xf8, 0xfc, 0xf8, 0xff,
    0xf8, 0xfc, 0xf8, 0xff, 0xf8, 0xfc, 0xf8, 0xff, 0xf8, 0xfc, 0xf8, 0xff,
    0xf8, 0xfc, 0xf8, 0xff, 0xf8, 0xfc, 0xf8, 0xff, 0xf8, 0xfc, 0xf8, 0xff,
    0xf8, 0xfc, 0xf8, 0xff, 0xf8, 0xfc, 0xf8, 0xff, 0xf8, 0xfc, 0xf8, 0xff,
    0xf8, 0xfc, 0xf8, 0xff, 0xf8, 0xfc, 0xf8, 0xff, 0xf8, 0xfc, 0xf8, 0xff,
    0xf8, 0xfc, 0xf8, 0xff, 0xf8, 0xfc, 0xf8, 0xff, 0xf8, 0xfc, 0xf8, 0xff,
    0xf8, 0xfc, 0xf8, 0xff, 0xf8, 0xfc, 0xf8, 0xff, 0xf8, 0xf8, 0xf8, 0xff,
    0xf8, 0xfc, 0xf8, 0xff, 0xf8, 0xfc, 0xf8, 0xff, 0xf8, 0xfc, 0xf8, 0xff,
    0xf8, 0xfc, 0xf8, 0xff, 0xf8, 0xf8, 0xf8, 0xff, 0xf8, 0xfc, 0xf8, 0xff,
    0xf8, 0xfc, 0xf8, 0xff, 0xf8, 0xf8, 0xf8, 0xff, 0xf8, 0xf8, 0xf8, 0xff,
    0xf8, 0xfc, 0xf8, 0xff, 0xf8, 0xfc, 0xf8, 0xff, 0xf8, 0xf8, 0xf8, 0xff,
    0xf8, 0xf8, 0xf8, 0xff, 0xf8, 0xfc, 0xf8, 0xff, 0xf8, 0xfc, 0xf8, 0xff,
    0xf8, 0xf8, 0xf8, 0xff, 0xf8, 0xfc, 0xf8, 0xff, 0xf8, 0xf8, 0xf8, 0xff,
    0xf8, 0xf8, 0xf8, 0xff, 0xf8, 0xf8, 0xf8, 0xff, 0xf8, 0xf8, 0xf8, 0xff,
    0xf8, 0xf8, 0xf8, 0xff, 0xf8, 0xf8, 0xf0, 0xff, 0xf8, 0xf8, 0xf8, 0xff,
    0xf8, 0xf8, 0xf8, 0xff, 0xf8, 0xf8, 0xf8, 0xff, 0xf8, 0xf8, 0xf0, 0xff,
    0xf8, 0xf8, 0xf8, 0xff, 0xf8, 0xf8, 0xf8, 0xff, 0xf8, 0xfc, 0xf8, 0xff,
    0xf8, 0xf8, 0xf8, 0xff, 0xf8, 0xfc, 0xf0, 0xff, 0xf8, 0xf8, 0xf8, 0xff,
    0xf8, 0xf8, 0xf8, 0xff, 0xf8, 0xf8, 0xf0, 0xff, 0xf8, 0xf8, 0xf8, 0xff,
    0xf8, 0xf8, 0xf8, 0xff, 0xf8, 0xf8, 0xf8, 0xff, 0xf8, 0xf8, 0xf0, 0xff,
    0xf8, 0xf8, 0xf8, 0xff, 0xf8, 0xf8, 0xf8, 0xff, 0xf8, 0xf8, 0xf0, 0xff,
    0xf8, 0xf8, 0xf8, 0xff, 0xf8, 0xf8, 0xf0, 0xff, 0xf8, 0xf8, 0xf8, 0xff,
    0xf8, 0xf8, 0xf0, 0xff, 0xf8, 0xf8, 0xf8, 0xff, 0xf8, 0xf8, 0xf8, 0xff,
    0xf8, 0xf8, 0xf0, 0xff, 0xf8, 0xf8, 0xf8, 0xff, 0xf8, 0xf8, 0xf8, 0xff,
    0xf8, 0xf8, 0xf0, 0xff, 0xf8, 0xf8, 0xf8, 0xff, 0xf8, 0xf8, 0xf8, 0xff,
    0xf8, 0xf8, 0xf0, 0xff, 0xf8, 0xf8, 0xf8, 0xff, 0xf8, 0xf4, 0xf0, 0xff,
    0xf8, 0xf8, 0xf0, 0xff, 0xf8, 0xf8, 0xf8, 0xff, 0xf8, 0xf4, 0xf0, 0xff,
    0xf8, 0xf8, 0xf0, 0xff, 0xf8, 0xf8, 0xf8, 0xff, 0xf8, 0xf8, 0xf0, 0xff,
    0xf8, 0xf4, 0xf0, 0xff, 0xf8, 0xf8, 0xf8, 0xff, 0xf8, 0xf8, 0xf0, 0xff,
    0xf8, 0xf8, 0xf8, 0xff, 0xf8, 0xf8, 0xf0, 0xff, 0xf8, 0xf8, 0xf8, 0xff,
    0xf8, 0xf4, 0xf8, 0xff, 0xf8, 0xf8, 0xf0, 0xff, 0xf8, 0xf8, 0xf8, 0xff,
    0xf8, 0xf8, 0xf0, 0xff, 0xf8, 0xf8, 0xf0, 0xff, 0xf8, 0xf4, 0xf8, 0xff,
    0xf8, 0xf8, 0xf8, 0xff, 0xf8, 0xf8, 0xf0, 0xff, 0xf8, 0xf4, 0xf8, 0xff,
    0xf8, 0xf8, 0xf0, 0xff, 0xf8, 0xf8, 0xf8, 0xff, 0xf8, 0xf8, 0xf8, 0xff,
    0xf8, 0xf8, 0xf0, 0xff, 0xf8, 0xf8, 0xf8, 0xff, 0xf8, 0xf4, 0xf0, 0xff,
    0xf8, 0xf8, 0xf0, 0xff, 0xf8, 0xf8, 0xf8, 0xff, 0xf8, 0xf4, 0xf0, 0xff,
    0xf8, 0xf8, 0xf0, 0xff, 0xf8, 0xf8, 0xf8, 0xff, 0xf8, 0xf8, 0xf8, 0xff,
    0xf8, 0xf4, 0xf0, 0xff, 0xf8, 0xf8, 0xf8, 0xff, 0xf8, 0xf8, 0xf8, 0xff,
    0xf8, 0xf4, 0xf0, 0xff, 0xf8, 0xf8, 0xf0, 0xff, 0xf8, 0xf8, 0xf8, 0xff,
    0xf8, 0xf4, 0xf0, 0xff, 0xf8, 0xf8, 0xf0, 0xff, 0xf8, 0xf8, 0xf8, 0xff,
    0xf8, 0xf8, 0xf8, 0xff, 0xf8, 0xf8, 0xf0, 0xff, 0xf8, 0xf8, 0xf8, 0xff,
    0xf8, 0xf4, 0xf8, 0xff, 0xf8, 0xf8, 0xf0, 0xff, 0xf8, 0xf8, 0xf8, 0xff,
    0xf8, 0xf4, 0xf0, 0xff, 0xf8, 0xf8, 0xf0, 0xff, 0xf8, 0xf8, 0xf8, 0xff,
    0xf8, 0xf4, 0xf8, 0xff, 0xf8, 0xf4, 0xf0, 0xff, 0xf8, 0xf8, 0xf8, 0xff,
    0xf8, 0xf4, 0xf8, 0xff, 0xf8, 0xf8, 0xf0, 0xff, 0xf8, 0xf4, 0xf8, 0xff,
    0xf8, 0xf8, 0xf8, 0xff, 0xf8, 0xf8, 0xf0, 0xff, 0xf8, 0xf8, 0xf8, 0xff,
    0xf8, 0xf8, 0xf8, 0xff, 0xf8, 0xf8, 0xf0, 0xff, 0xf8, 0xf8, 0xf8, 0xff,
    0xf8, 0xf8, 0xf8, 0xff, 0xf8, 0xf4, 0xf0, 0xff, 0xf8, 0xf8, 0xf0, 0xff,
    0xf8, 0xf8, 0xf8, 0xff, 0xf8, 0xf4, 0xf0, 0xff, 0xf8, 0xf8, 0xf8, 0xff,
    0xf8, 0xf8, 0xf0, 0xff, 0xf8, 0xf4, 0xf8, 0xff, 0xf8, 0xf8, 0xf0, 0xff,
    0xf8, 0xf4, 0xf0, 0xff, 0xf8, 0xf8, 0xf0, 0xff, 0xf8, 0xf8, 0xf0, 0xff,
    0xa0, 0x68, 0x50, 0x28, 0xa0, 0x6c, 0x58, 0x24, 0xa8, 0x70, 0x58, 0x20,
    0xa8, 0x7c, 0x60, 0x1c, 0xa8, 0x80, 0x70, 0x1c, 0xa8, 0x84, 0x70, 0x18,
    0xb0, 0x90, 0x78, 0x18, 0xb8, 0x90, 0x78, 0x14, 0xb8, 0x90, 0x80, 0x10,
    0x00, 0x00, 0x00, 0x00, 0x00, 0x00, 0x00, 0x00, 0x00, 0x00, 0x00, 0x00,
    0x00, 0x00, 0x00, 0x00, 0x00, 0x00, 0x00, 0x00, 0x00, 0x00, 0x00, 0x00,
    0x00, 0x00, 0x00, 0x00, 0x00, 0x00, 0x00, 0x00, 0x00, 0x00, 0x00, 0x00,
    0x00, 0x00, 0x00, 0x00, 0x00, 0x00, 0x00, 0x00, 0x00, 0x00, 0x00, 0x00,
    0x00, 0x00, 0x00, 0x00, 0x00, 0x00, 0x00, 0x00, 0x00, 0x00, 0x00, 0x00,
    0x00, 0x00, 0x00, 0x00, 0x00, 0x00, 0x00, 0x00, 0x00, 0x00, 0x00, 0x00,
    0x00, 0x00, 0x00, 0x00, 0x00, 0x00, 0x00, 0x00, 0x00, 0x00, 0x00, 0x00,
    0x00, 0x00, 0x00, 0x00, 0x00, 0x00, 0x00, 0x00, 0x00, 0x00, 0x00, 0x00,
    0x00, 0x00, 0x00, 0x00, 0x00, 0x00, 0x00, 0x00, 0x00, 0x00, 0x00, 0x00,
    0x00, 0x00, 0x00, 0x00, 0x00, 0x00, 0x00, 0x00, 0x00, 0x00, 0x00, 0x00,
    0x00, 0x00, 0x00, 0x00, 0x00, 0x00, 0x00, 0x00, 0x00, 0x00, 0x00, 0x00,
    0x00, 0x00, 0x00, 0x00, 0x00, 0x00, 0x00, 0x00, 0x00, 0x00, 0x00, 0x00,
    0x00, 0x00, 0x00, 0x00, 0x00, 0x00, 0x00, 0x00, 0x00, 0x00, 0x00, 0x00,
    0x00, 0x00, 0x00, 0x00, 0x00, 0x00, 0x00, 0x00, 0x00, 0x00, 0x00, 0x00,
    0x00, 0x00, 0x00, 0x00, 0x00, 0x00, 0x00, 0x00, 0x00, 0x00, 0x00, 0x00,
    0x80, 0x00, 0x00, 0x04, 0x80, 0x40, 0x00, 0x04, 0x80, 0x28, 0x00, 0x08,
    0x70, 0x1c, 0x00, 0x08, 0x78, 0x30, 0x00, 0x0c, 0x78, 0x20, 0x00, 0x10,
    0xf8, 0xfc, 0xf8, 0xff, 0xf8, 0xfc, 0xf8, 0xff, 0xf8, 0xfc, 0xf8, 0xff,
    0xf8, 0xfc, 0xf8, 0xff, 0xf8, 0xfc, 0xf8, 0xff, 0xf8, 0xfc, 0xf8, 0xff,
    0xf8, 0xfc, 0xf8, 0xff, 0xf8, 0xfc, 0xf8, 0xff, 0xf8, 0xfc, 0xf8, 0xff,
    0xf8, 0xfc, 0xf8, 0xff, 0xf8, 0xfc, 0xf8, 0xff, 0xf8, 0xfc, 0xf8, 0xff,
    0xf8, 0xfc, 0xf8, 0xff, 0xf8, 0xfc, 0xf8, 0xff, 0xf8, 0xfc, 0xf8, 0xff,
    0xf8, 0xfc, 0xf8, 0xff, 0xf8, 0xfc, 0xf8, 0xff, 0xf8, 0xfc, 0xf8, 0xff,
    0xf8, 0xfc, 0xf8, 0xff, 0xf8, 0xfc, 0xf8, 0xff, 0xf8, 0xfc, 0xf8, 0xff,
    0xf8, 0xfc, 0xf8, 0xff, 0xf8, 0xfc, 0xf8, 0xff, 0xf8, 0xfc, 0xf8, 0xff,
    0xf8, 0xfc, 0xf8, 0xff, 0xf8, 0xfc, 0xf8, 0xff, 0xf8, 0xfc, 0xf8, 0xff,
    0xf8, 0xfc, 0xf8, 0xff, 0xf8, 0xfc, 0xf8, 0xff, 0xf8, 0xfc, 0xf8, 0xff,
    0xf8, 0xfc, 0xf8, 0xff, 0xf8, 0xfc, 0xf8, 0xff, 0xf8, 0xfc, 0xf8, 0xff,
    0xf8, 0xfc, 0xf8, 0xff, 0xf8, 0xfc, 0xf8, 0xff, 0xf8, 0xfc, 0xf8, 0xff,
    0xf8, 0xfc, 0xf8, 0xff, 0xf8, 0xfc, 0xf8, 0xff, 0xf8, 0xfc, 0xf8, 0xff,
    0xf8, 0xfc, 0xf8, 0xff, 0xf8, 0xfc, 0xf8, 0xff, 0xf8, 0xfc, 0xf8, 0xff,
    0xf8, 0xfc, 0xf8, 0xff, 0xf8, 0xfc, 0xf8, 0xff, 0xf8, 0xfc, 0xf8, 0xff,
    0xf8, 0xfc, 0xf8, 0xff, 0xf8, 0xfc, 0xf8, 0xff, 0xf8, 0xfc, 0xf8, 0xff,
    0xf8, 0xfc, 0xf8, 0xff, 0xf8, 0xfc, 0xf8, 0xff, 0xf8, 0xfc, 0xf8, 0xff,
    0xf8, 0xfc, 0xf8, 0xff, 0xf8, 0xfc, 0xf8, 0xff, 0xf8, 0xfc, 0xf8, 0xff,
    0xf8, 0xfc, 0xf8, 0xff, 0xf8, 0xfc, 0xf8, 0xff, 0xf8, 0xfc, 0xf8, 0xff,
    0xf8, 0xfc, 0xf8, 0xff, 0xf8, 0xfc, 0xf8, 0xff, 0xf8, 0xfc, 0xf8, 0xff,
    0xf8, 0xfc, 0xf8, 0xff, 0xf8, 0xfc, 0xf8, 0xff, 0xf8, 0xfc, 0xf8, 0xff,
    0xf8, 0xfc, 0xf8, 0xff, 0xf8, 0xfc, 0xf8, 0xff, 0xf8, 0xfc, 0xf8, 0xff,
    0xf8, 0xfc, 0xf8, 0xff, 0xf8, 0xf8, 0xf8, 0xff, 0xf8, 0xfc, 0xf8, 0xff,
    0xf8, 0xfc, 0xf8, 0xff, 0xf8, 0xf8, 0xf8, 0xff, 0xf8, 0xfc, 0xf8, 0xff,
    0xf8, 0xfc, 0xf8, 0xff, 0xf8, 0xf8, 0xf8, 0xff, 0xf8, 0xfc, 0xf8, 0xff,
    0xf8, 0xfc, 0xf8, 0xff, 0xf8, 0xf8, 0xf8, 0xff, 0xf8, 0xf8, 0xf8, 0xff,
    0xf8, 0xfc, 0xf8, 0xff, 0xf8, 0xf8, 0xf8, 0xff, 0xf8, 0xfc, 0xf8, 0xff,
    0xf8, 0xf8, 0xf8, 0xff, 0xf8, 0xfc, 0xf8, 0xff, 0xf8, 0xf8, 0xf8, 0xff,
    0xf8, 0xfc, 0xf8, 0xff, 0xf8, 0xfc, 0xf8, 0xff, 0xf8, 0xfc, 0xf8, 0xff,
    0xf8, 0xf8, 0xf8, 0xff, 0xf8, 0xf8, 0xf8, 0xff, 0xf8, 0xfc, 0xf8, 0xff,
    0xf8, 0xf8, 0xf8, 0xff, 0xf8, 0xfc, 0xf8, 0xff, 0xf8, 0xf8, 0xf8, 0xff,
    0xf8, 0xfc, 0xf8, 0xff, 0xf8, 0xf8, 0xf8, 0xff, 0xf8, 0xf8, 0xf8, 0xff,
    0xf8, 0xf8, 0xf0, 0xff, 0xf8, 0xf8, 0xf8, 0xff, 0xf8, 0xf8, 0xf8, 0xff,
    0xf8, 0xf8, 0xf8, 0xff, 0xf8, 0xf8, 0xf8, 0xff, 0xf8, 0xf8, 0xf0, 0xff,
    0xf8, 0xf8, 0xf8, 0xff, 0xf8, 0xf8, 0xf8, 0xff, 0xf8, 0xf8, 0xf0, 0xff,
    0xf8, 0xf8, 0xf8, 0xff, 0xf8, 0xf8, 0xf0, 0xff, 0xf8, 0xf8, 0xf0, 0xff,
    0xf8, 0xf8, 0xf8, 0xff, 0xf8, 0xf8, 0xf0, 0xff, 0xf8, 0xf8, 0xf8, 0xff,
    0xf8, 0xf8, 0xf8, 0xff, 0xf8, 0xf8, 0xf0, 0xff, 0xf8, 0xf8, 0xf8, 0xff,
    0xf8, 0xf8, 0xf8, 0xff, 0xf8, 0xf8, 0xf0, 0xff, 0xf8, 0xf8, 0xf8, 0xff,
    0xf8, 0xf8, 0xf8, 0xff, 0xf8, 0xf8, 0xf0, 0xff, 0xf8, 0xf8, 0xf8, 0xff,
    0xf8, 0xf8, 0xf0, 0xff, 0xf8, 0xf4, 0xf8, 0xff, 0xf8, 0xf8, 0xf0, 0xff,
    0xf8, 0xf8, 0xf8, 0xff, 0xf8, 0xf4, 0xf8, 0xff, 0xf8, 0xf8, 0xf0, 0xff,
    0xf8, 0xf8, 0xf8, 0xff, 0xf8, 0xf4, 0xf8, 0xff, 0xf8, 0xf8, 0xf0, 0xff,
    0xf8, 0xf8, 0xf8, 0xff, 0xf8, 0xf8, 0xf8, 0xff, 0xf8, 0xf4, 0xf0, 0xff,
    0xf8, 0xf8, 0xf8, 0xff, 0xf8, 0xf8, 0xf0, 0xff, 0xf8, 0xf4, 0xf8, 0xff,
    0xf8, 0xf8, 0xf0, 0xff, 0xf8, 0xf8, 0xf0, 0xff, 0xf8, 0xf4, 0xf8, 0xff,
    0xf8, 0xf8, 0xf0, 0xff, 0xf8, 0xf8, 0xf8, 0xff, 0xf8, 0xf4, 0xf8, 0xff,
    0xf8, 0xf8, 0xf0, 0xff, 0xf8, 0xf8, 0xf8, 0xff, 0xf8, 0xf8, 0xf0, 0xff,
    0xf8, 0xf8, 0xf0, 0xff, 0xf8, 0xf8, 0xf8, 0xff, 0xf8, 0xf8, 0xf8, 0xff,
    0xf8, 0xf8, 0xf0, 0xff, 0xf8, 0xf4, 0xf0, 0xff, 0xf8, 0xf8, 0xf8, 0xff,
    0xf8, 0xf8, 0xf0, 0xff, 0xf8, 0xf4, 0xf8, 0xff, 0xf8, 0xf8, 0xf8, 0xff,
    0xf8, 0xf8, 0xf0, 0xff, 0xf8, 0xf4, 0xf8, 0xff, 0xf8, 0xf8, 0xf0, 0xff,
    0xf8, 0xf8, 0xf8, 0xff, 0xf8, 0xf8, 0xf0, 0xff, 0xf8, 0xf8, 0xf0, 0xff,
    0xf8, 0xf4, 0xf8, 0xff, 0xf8, 0xf8, 0xf0, 0xff, 0xf8, 0xf8, 0xf8, 0xff,
    0xf8, 0xf8, 0xf0, 0xff, 0xf8, 0xf8, 0xf8, 0xff, 0xf8, 0xf8, 0xf8, 0xff,
    0xf8, 0xf8, 0xf0, 0xff, 0xf8, 0xf8, 0xf0, 0xff, 0xf8, 0xf8, 0xf8, 0xff,
    0xf8, 0xf4, 0xf0, 0xff, 0xf8, 0xf8, 0xf0, 0xff, 0xf8, 0xf8, 0xf8, 0xff,
    0xf8, 0xf8, 0xf0, 0xff, 0xf8, 0xf8, 0xf8, 0xff, 0xf8, 0xf4, 0xf0, 0xff,
    0xf8, 0xf8, 0xf8, 0xff, 0xf8, 0xf8, 0xf0, 0xff, 0xf8, 0xf8, 0xf0, 0xff,
    0xf8, 0xf8, 0xf8, 0xff, 0xf8, 0xf8, 0xf0, 0xff, 0xf8, 0xf8, 0xf8, 0xff,
    0xf8, 0xf8, 0xf0, 0xff, 0xf8, 0xf4, 0xf0, 0xff, 0xf8, 0xf8, 0xf8, 0xff,
    0xf8, 0xf8, 0xf0, 0xff, 0xf8, 0xf4, 0xf0, 0xff, 0xf8, 0xf8, 0xf8, 0xff,
    0xf8, 0xf4, 0xf0, 0xff, 0xf8, 0xf4, 0xf0, 0xff, 0xf8, 0xf8, 0xf8, 0xff,
    0xf8, 0xf8, 0xf8, 0xff, 0xf8, 0xf4, 0xf0, 0xff, 0xf8, 0xf8, 0xf8, 0xff,
    0xf8, 0xf8, 0xf0, 0xff, 0xf8, 0xf4, 0xf8, 0xff, 0xf8, 0xf8, 0xf0, 0xff,
    0xf8, 0xf8, 0xf8, 0xff, 0xf8, 0xf4, 0xf8, 0xff, 0xf8, 0xf8, 0xf8, 0xff,
    0xf8, 0xf8, 0xf0, 0xff, 0xf8, 0xf4, 0xf8, 0xff, 0xf8, 0xf8, 0xf0, 0xff,
    0x98, 0x68, 0x50, 0x28, 0xa8, 0x70, 0x50, 0x20, 0xa8, 0x70, 0x58, 0x20,
    0xa8, 0x74, 0x60, 0x1c, 0xa8, 0x80, 0x68, 0x1c, 0xb8, 0x88, 0x78, 0x18,
    0xb0, 0x8c, 0x70, 0x18, 0xb8, 0x94, 0x78, 0x14, 0xb8, 0x90, 0x78, 0x14,
    0x98, 0x98, 0x68, 0x04, 0x00, 0x00, 0x00, 0x00, 0x00, 0x00, 0x00, 0x00,
    0x00, 0x00, 0x00, 0x00, 0x00, 0x00, 0x00, 0x00, 0x00, 0x00, 0x00, 0x00,
    0x00, 0x00, 0x00, 0x00, 0x00, 0x00, 0x00, 0x00, 0x00, 0x00, 0x00, 0x00,
    0x00, 0x00, 0x00, 0x00, 0x00, 0x00, 0x00, 0x00, 0x00, 0x00, 0x00, 0x00,
    0x00, 0x00, 0x00, 0x00, 0x00, 0x00, 0x00, 0x00, 0x00, 0x00, 0x00, 0x00,
    0x00, 0x00, 0x00, 0x00, 0x00, 0x00, 0x00, 0x00, 0x00, 0x00, 0x00, 0x00,
    0x00, 0x00, 0x00, 0x00, 0x00, 0x00, 0x00, 0x00, 0x00, 0x00, 0x00, 0x00,
    0x00, 0x00, 0x00, 0x00, 0x00, 0x00, 0x00, 0x00, 0x00, 0x00, 0x00, 0x00,
    0x00, 0x00, 0x00, 0x00, 0x00, 0x00, 0x00, 0x00, 0x00, 0x00, 0x00, 0x00,
    0x00, 0x00, 0x00, 0x00, 0x00, 0x00, 0x00, 0x00, 0x00, 0x00, 0x00, 0x00,
    0x00, 0x00, 0x00, 0x00, 0x00, 0x00, 0x00, 0x00, 0x00, 0x00, 0x00, 0x00,
    0x00, 0x00, 0x00, 0x00, 0x00, 0x00, 0x00, 0x00, 0x00, 0x00, 0x00, 0x00,
    0x00, 0x00, 0x00, 0x00, 0x00, 0x00, 0x00, 0x00, 0x00, 0x00, 0x00, 0x00,
    0x00, 0x00, 0x00, 0x00, 0x00, 0x00, 0x00, 0x00, 0x00, 0x00, 0x00, 0x00,
    0x00, 0x00, 0x00, 0x00, 0x00, 0x00, 0x00, 0x00, 0x00, 0x00, 0x00, 0x00,
    0x80, 0x00, 0x00, 0x00, 0x80, 0x40, 0x00, 0x04, 0x80, 0x2c, 0x00, 0x08,
    0x70, 0x1c, 0x00, 0x08, 0x70, 0x2c, 0x00, 0x0c, 0x78, 0x24, 0x00, 0x10,
    0xf8, 0xfc, 0xf8, 0xff, 0xf8, 0xfc, 0xf8, 0xff, 0xf8, 0xfc, 0xf8, 0xff,
    0xf8, 0xfc, 0xf8, 0xff, 0xf8, 0xfc, 0xf8, 0xff, 0xf8, 0xfc, 0xf8, 0xff,
    0xf8, 0xfc, 0xf8, 0xff, 0xf8, 0xfc, 0xf8, 0xff, 0xf8, 0xfc, 0xf8, 0xff,
    0xf8, 0xfc, 0xf8, 0xff, 0xf8, 0xfc, 0xf8, 0xff, 0xf8, 0xfc, 0xf8, 0xff,
    0xf8, 0xfc, 0xf8, 0xff, 0xf8, 0xfc, 0xf8, 0xff, 0xf8, 0xfc, 0xf8, 0xff,
    0xf8, 0xfc, 0xf8, 0xff, 0xf8, 0xfc, 0xf8, 0xff, 0xf8, 0xfc, 0xf8, 0xff,
    0xf8, 0xfc, 0xf8, 0xff, 0xf8, 0xfc, 0xf8, 0xff, 0xf8, 0xfc, 0xf8, 0xff,
    0xf8, 0xfc, 0xf8, 0xff, 0xf8, 0xfc, 0xf8, 0xff, 0xf8, 0xfc, 0xf8, 0xff,
    0xf8, 0xfc, 0xf8, 0xff, 0xf8, 0xfc, 0xf8, 0xff, 0xf8, 0xfc, 0xf8, 0xff,
    0xf8, 0xfc, 0xf8, 0xff, 0xf8, 0xfc, 0xf8, 0xff, 0xf8, 0xfc, 0xf8, 0xff,
    0xf8, 0xfc, 0xf8, 0xff, 0xf8, 0xfc, 0xf8, 0xff, 0xf8, 0xfc, 0xf8, 0xff,
    0xf8, 0xfc, 0xf8, 0xff, 0xf8, 0xfc, 0xf8, 0xff, 0xf8, 0xfc, 0xf8, 0xff,
    0xf8, 0xfc, 0xf8, 0xff, 0xf8, 0xfc, 0xf8, 0xff, 0xf8, 0xfc, 0xf8, 0xff,
    0xf8, 0xfc, 0xf8, 0xff, 0xf8, 0xfc, 0xf8, 0xff, 0xf8, 0xfc, 0xf8, 0xff,
    0xf8, 0xfc, 0xf8, 0xff, 0xf8, 0xfc, 0xf8, 0xff, 0xf8, 0xfc, 0xf8, 0xff,
    0xf8, 0xfc, 0xf8, 0xff, 0xf8, 0xfc, 0xf8, 0xff, 0xf8, 0xfc, 0xf8, 0xff,
    0xf8, 0xfc, 0xf8, 0xff, 0xf8, 0xfc, 0xf8, 0xff, 0xf8, 0xfc, 0xf8, 0xff,
    0xf8, 0xfc, 0xf8, 0xff, 0xf8, 0xfc, 0xf8, 0xff, 0xf8, 0xfc, 0xf8, 0xff,
    0xf8, 0xfc, 0xf8, 0xff, 0xf8, 0xfc, 0xf8, 0xff, 0xf8, 0xfc, 0xf8, 0xff,
    0xf8, 0xfc, 0xf8, 0xff, 0xf8, 0xfc, 0xf8, 0xff, 0xf8, 0xfc, 0xf8, 0xff,
    0xf8, 0xfc, 0xf8, 0xff, 0xf8, 0xfc, 0xf8, 0xff, 0xf8, 0xfc, 0xf8, 0xff,
    0xf8, 0xfc, 0xf8, 0xff, 0xf8, 0xfc, 0xf8, 0xff, 0xf8, 0xf8, 0xf8, 0xff,
    0xf8, 0xfc, 0xf8, 0xff, 0xf8, 0xfc, 0xf8, 0xff, 0xf8, 0xfc, 0xf8, 0xff,
    0xf8, 0xfc, 0xf8, 0xff, 0xf8, 0xf8, 0xf8, 0xff, 0xf8, 0xfc, 0xf8, 0xff,
    0xf8, 0xfc, 0xf8, 0xff, 0xf8, 0xfc, 0xf8, 0xff, 0xf8, 0xfc, 0xf8, 0xff,
    0xf8, 0xf8, 0xf8, 0xff, 0xf8, 0xfc, 0xf8, 0xff, 0xf8, 0xfc, 0xf8, 0xff,
    0xf8, 0xf8, 0xf8, 0xff, 0xf8, 0xf8, 0xf8, 0xff, 0xf8, 0xfc, 0xf8, 0xff,
    0xf8, 0xfc, 0xf8, 0xff, 0xf8, 0xf8, 0xf8, 0xff, 0xf8, 0xf8, 0xf8, 0xff,
    0xf8, 0xf8, 0xf8, 0xff, 0xf8, 0xf8, 0xf8, 0xff, 0xf8, 0xf8, 0xf8, 0xff,
    0xf8, 0xf8, 0xf8, 0xff, 0xf8, 0xf8, 0xf8, 0xff, 0xf8, 0xf8, 0xf0, 0xff,
    0xf8, 0xfc, 0xf8, 0xff, 0xf8, 0xf8, 0xf8, 0xff, 0xf8, 0xf8, 0xf8, 0xff,
    0xf8, 0xf8, 0xf0, 0xff, 0xf8, 0xfc, 0xf8, 0xff, 0xf8, 0xfc, 0xf8, 0xff,
    0xf8, 0xf8, 0xf8, 0xff, 0xf8, 0xfc, 0xf0, 0xff, 0xf8, 0xf8, 0xf8, 0xff,
    0xf8, 0xf8, 0xf8, 0xff, 0xf8, 0xf8, 0xf0, 0xff, 0xf8, 0xf8, 0xf8, 0xff,
    0xf8, 0xf8, 0xf8, 0xff, 0xf8, 0xf8, 0xf8, 0xff, 0xf8, 0xf8, 0xf8, 0xff,
    0xf8, 0xf8, 0xf0, 0xff, 0xf8, 0xf8, 0xf8, 0xff, 0xf8, 0xf8, 0xf8, 0xff,
    0xf8, 0xf8, 0xf8, 0xff, 0xf8, 0xf8, 0xf0, 0xff, 0xf8, 0xf8, 0xf8, 0xff,
    0xf8, 0xf8, 0xf8, 0xff, 0xf8, 0xf8, 0xf0, 0xff, 0xf8, 0xf8, 0xf8, 0xff,
    0xf8, 0xf8, 0xf8, 0xff, 0xf8, 0xf8, 0xf0, 0xff, 0xf8, 0xf8, 0xf8, 0xff,
    0xf8, 0xf8, 0xf0, 0xff, 0xf8, 0xf8, 0xf8, 0xff, 0xf8, 0xf8, 0xf8, 0xff,
    0xf8, 0xf8, 0xf8, 0xff, 0xf8, 0xf4, 0xf0, 0xff, 0xf8, 0xf8, 0xf0, 0xff,
    0xf8, 0xf8, 0xf0, 0xff, 0xf8, 0xf4, 0xf8, 0xff, 0xf8, 0xf8, 0xf0, 0xff,
    0xf8, 0xf8, 0xf8, 0xff, 0xf8, 0xf8, 0xf0, 0xff, 0xf8, 0xf8, 0xf0, 0xff,
    0xf8, 0xf4, 0xf8, 0xff, 0xf8, 0xf8, 0xf0, 0xff, 0xf8, 0xf8, 0xf8, 0xff,
    0xf8, 0xf8, 0xf0, 0xff, 0xf8, 0xf8, 0xf8, 0xff, 0xf8, 0xf4, 0xf8, 0xff,
    0xf8, 0xf8, 0xf0, 0xff, 0xf8, 0xf8, 0xf8, 0xff, 0xf8, 0xf8, 0xf0, 0xff,
    0xf8, 0xf8, 0xf0, 0xff, 0xf8, 0xf8, 0xf8, 0xff, 0xf8, 0xf4, 0xf0, 0xff,
    0xf8, 0xf8, 0xf8, 0xff, 0xf8, 0xf8, 0xf8, 0xff, 0xf8, 0xf4, 0xf0, 0xff,
    0xf8, 0xf4, 0xf8, 0xff, 0xf8, 0xf8, 0xf0, 0xff, 0xf8, 0xf8, 0xf8, 0xff,
    0xf8, 0xf4, 0xf0, 0xff, 0xf8, 0xf8, 0xf8, 0xff, 0xf8, 0xf8, 0xf0, 0xff,
    0xf8, 0xf4, 0xf0, 0xff, 0xf8, 0xf8, 0xf8, 0xff, 0xf8, 0xf8, 0xf0, 0xff,
    0xf8, 0xf8, 0xf8, 0xff, 0xf8, 0xf8, 0xf0, 0xff, 0xf8, 0xf8, 0xf8, 0xff,
    0xf8, 0xf4, 0xf8, 0xff, 0xf8, 0xf8, 0xf0, 0xff, 0xf8, 0xf8, 0xf8, 0xff,
    0xf8, 0xf8, 0xf0, 0xff, 0xf8, 0xf4, 0xf8, 0xff, 0xf8, 0xf8, 0xf0, 0xff,
    0xf8, 0xf8, 0xf0, 0xff, 0xf8, 0xf4, 0xf8, 0xff, 0xf8, 0xf4, 0xf0, 0xff,
    0xf8, 0xf8, 0xf8, 0xff, 0xf8, 0xf8, 0xf8, 0xff, 0xf8, 0xf4, 0xf0, 0xff,
    0xf8, 0xf8, 0xf8, 0xff, 0xf8, 0xf8, 0xf8, 0xff, 0xf8, 0xf4, 0xf0, 0xff,
    0xf8, 0xf8, 0xf0, 0xff, 0xf8, 0xf8, 0xf8, 0xff, 0xf8, 0xf8, 0xf8, 0xff,
    0xf8, 0xf4, 0xf0, 0xff, 0xf8, 0xf8, 0xf8, 0xff, 0xf8, 0xf8, 0xf8, 0xff,
    0xf8, 0xf4, 0xf0, 0xff, 0xf8, 0xf8, 0xf8, 0xff, 0xf8, 0xf8, 0xf0, 0xff,
    0xf8, 0xf8, 0xf8, 0xff, 0xf8, 0xf8, 0xf8, 0xff, 0xf8, 0xf8, 0xf0, 0xff,
    0xf8, 0xf8, 0xf8, 0xff, 0xf8, 0xf4, 0xf8, 0xff, 0xf8, 0xf8, 0xf0, 0xff,
    0xf8, 0xf8, 0xf8, 0xff, 0xf8, 0xf8, 0xf0, 0xff, 0xf8, 0xf8, 0xf0, 0xff,
    0xf8, 0xf8, 0xf8, 0xff, 0xf8, 0xf8, 0xf0, 0xff, 0xf8, 0xf8, 0xf8, 0xff,
    0xf8, 0xf8, 0xf8, 0xff, 0xf8, 0xf8, 0xf0, 0xff, 0xf8, 0xf8, 0xf0, 0xff,
    0xf8, 0xf8, 0xf0, 0xff, 0xf8, 0xf8, 0xf8, 0xff, 0xf8, 0xf8, 0xf0, 0xff,
    0xf8, 0xf8, 0xf8, 0xff, 0xf8, 0xf8, 0xf8, 0xff, 0xf8, 0xf8, 0xf0, 0xff,
    0xa0, 0x64, 0x48, 0x28, 0xa8, 0x70, 0x50, 0x20, 0xa0, 0x74, 0x58, 0x20,
    0xa8, 0x7c, 0x60, 0x1c, 0xa8, 0x80, 0x70, 0x18, 0xb0, 0x84, 0x70, 0x18,
    0xb0, 0x8c, 0x70, 0x18, 0xb0, 0x8c, 0x80, 0x14, 0xb0, 0x8c, 0x80, 0x14,
    0xb8, 0x8c, 0x70, 0x0c, 0x00, 0x00, 0x00, 0x00, 0x00, 0x00, 0x00, 0x00,
    0x00, 0x00, 0x00, 0x00, 0x00, 0x00, 0x00, 0x00, 0x00, 0x00, 0x00, 0x00,
    0x00, 0x00, 0x00, 0x00, 0x00, 0x00, 0x00, 0x00, 0x00, 0x00, 0x00, 0x00,
    0x00, 0x00, 0x00, 0x00, 0x00, 0x00, 0x00, 0x00, 0x00, 0x00, 0x00, 0x00,
    0x00, 0x00, 0x00, 0x00, 0x00, 0x00, 0x00, 0x00, 0x00, 0x00, 0x00, 0x00,
    0x00, 0x00, 0x00, 0x00, 0x00, 0x00, 0x00, 0x00, 0x00, 0x00, 0x00, 0x00,
    0x00, 0x00, 0x00, 0x00, 0x00, 0x00, 0x00, 0x00, 0x00, 0x00, 0x00, 0x00,
    0x00, 0x00, 0x00, 0x00, 0x00, 0x00, 0x00, 0x00, 0x00, 0x00, 0x00, 0x00,
    0x00, 0x00, 0x00, 0x00, 0x00, 0x00, 0x00, 0x00, 0x00, 0x00, 0x00, 0x00,
    0x00, 0x00, 0x00, 0x00, 0x00, 0x00, 0x00, 0x00, 0x00, 0x00, 0x00, 0x00,
    0x00, 0x00, 0x00, 0x00, 0x00, 0x00, 0x00, 0x00, 0x00, 0x00, 0x00, 0x00,
    0x00, 0x00, 0x00, 0x00, 0x00, 0x00, 0x00, 0x00, 0x00, 0x00, 0x00, 0x00,
    0x00, 0x00, 0x00, 0x00, 0x00, 0x00, 0x00, 0x00, 0x00, 0x00, 0x00, 0x00,
    0x00, 0x00, 0x00, 0x00, 0x00, 0x00, 0x00, 0x00, 0x00, 0x00, 0x00, 0x00,
    0x00, 0x00, 0x00, 0x00, 0x00, 0x00, 0x00, 0x00, 0x00, 0x00, 0x00, 0x00,
    0x80, 0x00, 0x00, 0x04, 0x80, 0x40, 0x00, 0x04, 0x80, 0x2c, 0x00, 0x04,
    0x70, 0x1c, 0x00, 0x08, 0x70, 0x2c, 0x00, 0x0c, 0x78, 0x24, 0x00, 0x10,
    0xf8, 0xfc, 0xf8, 0xff, 0xf8, 0xfc, 0xf8, 0xff, 0xf8, 0xfc, 0xf8, 0xff,
    0xf8, 0xfc, 0xf8, 0xff, 0xf8, 0xfc, 0xf8, 0xff, 0xf8, 0xfc, 0xf8, 0xff,
    0xf8, 0xfc, 0xf8, 0xff, 0xf8, 0xfc, 0xf8, 0xff, 0xf8, 0xfc, 0xf8, 0xff,
    0xf8, 0xfc, 0xf8, 0xff, 0xf8, 0xfc, 0xf8, 0xff, 0xf8, 0xfc, 0xf8, 0xff,
    0xf8, 0xfc, 0xf8, 0xff, 0xf8, 0xfc, 0xf8, 0xff, 0xf8, 0xfc, 0xf8, 0xff,
    0xf8, 0xfc, 0xf8, 0xff, 0xf8, 0xfc, 0xf8, 0xff, 0xf8, 0xfc, 0xf8, 0xff,
    0xf8, 0xfc, 0xf8, 0xff, 0xf8, 0xfc, 0xf8, 0xff, 0xf8, 0xfc, 0xf8, 0xff,
    0xf8, 0xfc, 0xf8, 0xff, 0xf8, 0xfc, 0xf8, 0xff, 0xf8, 0xfc, 0xf8, 0xff,
    0xf8, 0xfc, 0xf8, 0xff, 0xf8, 0xfc, 0xf8, 0xff, 0xf8, 0xfc, 0xf8, 0xff,
    0xf8, 0xfc, 0xf8, 0xff, 0xf8, 0xfc, 0xf8, 0xff, 0xf8, 0xfc, 0xf8, 0xff,
    0xf8, 0xfc, 0xf8, 0xff, 0xf8, 0xfc, 0xf8, 0xff, 0xf8, 0xfc, 0xf8, 0xff,
    0xf8, 0xfc, 0xf8, 0xff, 0xf8, 0xfc, 0xf8, 0xff, 0xf8, 0xfc, 0xf8, 0xff,
    0xf8, 0xfc, 0xf8, 0xff, 0xf8, 0xfc, 0xf8, 0xff, 0xf8, 0xfc, 0xf8, 0xff,
    0xf8, 0xfc, 0xf8, 0xff, 0xf8, 0xfc, 0xf8, 0xff, 0xf8, 0xfc, 0xf8, 0xff,
    0xf8, 0xfc, 0xf8, 0xff, 0xf8, 0xfc, 0xf8, 0xff, 0xf8, 0xfc, 0xf8, 0xff,
    0xf8, 0xfc, 0xf8, 0xff, 0xf8, 0xfc, 0xf8, 0xff, 0xf8, 0xfc, 0xf8, 0xff,
    0xf8, 0xfc, 0xf8, 0xff, 0xf8, 0xfc, 0xf8, 0xff, 0xf8, 0xfc, 0xf8, 0xff,
    0xf8, 0xfc, 0xf8, 0xff, 0xf8, 0xfc, 0xf8, 0xff, 0xf8, 0xfc, 0xf8, 0xff,
    0xf8, 0xfc, 0xf8, 0xff, 0xf8, 0xfc, 0xf8, 0xff, 0xf8, 0xfc, 0xf8, 0xff,
    0xf8, 0xfc, 0xf8, 0xff, 0xf8, 0xfc, 0xf8, 0xff, 0xf8, 0xfc, 0xf8, 0xff,
    0xf8, 0xfc, 0xf8, 0xff, 0xf8, 0xfc, 0xf8, 0xff, 0xf8, 0xfc, 0xf8, 0xff,
    0xf8, 0xfc, 0xf8, 0xff, 0xf8, 0xfc, 0xf8, 0xff, 0xf8, 0xfc, 0xf8, 0xff,
    0xf8, 0xf8, 0xf8, 0xff, 0xf8, 0xfc, 0xf8, 0xff, 0xf8, 0xfc, 0xf8, 0xff,
    0xf8, 0xfc, 0xf8, 0xff, 0xf8, 0xfc, 0xf8, 0xff, 0xf8, 0xf8, 0xf8, 0xff,
    0xf8, 0xfc, 0xf8, 0xff, 0xf8, 0xfc, 0xf8, 0xff, 0xf8, 0xf8, 0xf8, 0xff,
    0xf8, 0xf8, 0xf8, 0xff, 0xf8, 0xf8, 0xf8, 0xff, 0xf8, 0xfc, 0xf8, 0xff,
    0xf8, 0xfc, 0xf8, 0xff, 0xf8, 0xf8, 0xf8, 0xff, 0xf8, 0xf8, 0xf8, 0xff,
    0xf8, 0xfc, 0xf8, 0xff, 0xf8, 0xfc, 0xf8, 0xff, 0xf8, 0xfc, 0xf8, 0xff,
    0xf8, 0xfc, 0xf8, 0xff, 0xf8, 0xf8, 0xf8, 0xff, 0xf8, 0xf8, 0xf8, 0xff,
    0xf8, 0xfc, 0xf8, 0xff, 0xf8, 0xf8, 0xf8, 0xff, 0xf8, 0xf8, 0xf8, 0xff,
    0xf8, 0xf8, 0xf8, 0xff, 0xf8, 0xf8, 0xf8, 0xff, 0xf8, 0xf8, 0xf8, 0xff,
    0xf8, 0xf8, 0xf8, 0xff, 0xf8, 0xf8, 0xf0, 0xff, 0xf8, 0xf8, 0xf8, 0xff,
    0xf8, 0xf8, 0xf8, 0xff, 0xf8, 0xf8, 0xf8, 0xff, 0xf8, 0xf8, 0xf0, 0xff,
    0xf8, 0xf8, 0xf8, 0xff, 0xf8, 0xf8, 0xf8, 0xff, 0xf8, 0xf8, 0xf8, 0xff,
    0xf8, 0xf8, 0xf0, 0xff, 0xf8, 0xf8, 0xf8, 0xff, 0xf8, 0xf8, 0xf0, 0xff,
    0xf8, 0xf8, 0xf8, 0xff, 0xf8, 0xf8, 0xf8, 0xff, 0xf8, 0xf8, 0xf0, 0xff,
    0xf8, 0xf8, 0xf8, 0xff, 0xf8, 0xf8, 0xf8, 0xff, 0xf8, 0xf8, 0xf0, 0xff,
    0xf8, 0xf8, 0xf8, 0xff, 0xf8, 0xf8, 0xf0, 0xff, 0xf8, 0xf8, 0xf8, 0xff,
    0xf8, 0xf8, 0xf0, 0xff, 0xf8, 0xf8, 0xf8, 0xff, 0xf8, 0xf8, 0xf8, 0xff,
    0xf8, 0xf8, 0xf0, 0xff, 0xf8, 0xf8, 0xf8, 0xff, 0xf8, 0xf8, 0xf0, 0xff,
    0xf8, 0xf8, 0xf0, 0xff, 0xf8, 0xf8, 0xf8, 0xff, 0xf8, 0xf8, 0xf8, 0xff,
    0xf8, 0xf8, 0xf0, 0xff, 0xf8, 0xf8, 0xf8, 0xff, 0xf8, 0xf8, 0xf0, 0xff,
    0xf8, 0xf4, 0xf8, 0xff, 0xf8, 0xf8, 0xf8, 0xff, 0xf8, 0xf8, 0xf0, 0xff,
    0xf8, 0xf8, 0xf0, 0xff, 0xf8, 0xf4, 0xf8, 0xff, 0xf8, 0xf8, 0xf0, 0xff,
    0xf8, 0xf8, 0xf0, 0xff, 0xf8, 0xf4, 0xf8, 0xff, 0xf8, 0xf8, 0xf0, 0xff,
    0xf8, 0xf8, 0xf8, 0xff, 0xf8, 0xf4, 0xf8, 0xff, 0xf8, 0xf8, 0xf0, 0xff,
    0xf8, 0xf8, 0xf8, 0xff, 0xf8, 0xf4, 0xf0, 0xff, 0xf8, 0xf8, 0xf0, 0xff,
    0xf8, 0xf8, 0xf8, 0xff, 0xf8, 0xf8, 0xf0, 0xff, 0xf8, 0xf8, 0xf8, 0xff,
    0xf8, 0xf8, 0xf0, 0xff, 0xf8, 0xf8, 0xf8, 0xff, 0xf8, 0xf4, 0xf0, 0xff,
    0xf8, 0xf8, 0xf8, 0xff, 0xf8, 0xf8, 0xf8, 0xff, 0xf8, 0xf8, 0xf0, 0xff,
    0xf8, 0xf8, 0xf8, 0xff, 0xf8, 0xf8, 0xf0, 0xff, 0xf8, 0xf4, 0xf8, 0xff,
    0xf8, 0xf8, 0xf0, 0xff, 0xf8, 0xf8, 0xf0, 0xff, 0xf8, 0xf4, 0xf8, 0xff,
    0xf8, 0xf8, 0xf0, 0xff, 0xf8, 0xf4, 0xf8, 0xff, 0xf8, 0xf8, 0xf0, 0xff,
    0xf8, 0xf8, 0xf8, 0xff, 0xf8, 0xf8, 0xf8, 0xff, 0xf8, 0xf4, 0xf0, 0xff,
    0xf8, 0xf8, 0xf8, 0xff, 0xf8, 0xf8, 0xf0, 0xff, 0xf8, 0xf8, 0xf0, 0xff,
    0xf8, 0xf8, 0xf8, 0xff, 0xf8, 0xf4, 0xf0, 0xff, 0xf8, 0xf8, 0xf0, 0xff,
    0xf8, 0xf8, 0xf8, 0xff, 0xf8, 0xf8, 0xf8, 0xff, 0xf8, 0xf8, 0xf0, 0xff,
    0xf8, 0xf4, 0xf8, 0xff, 0xf8, 0xf8, 0xf0, 0xff, 0xf8, 0xf8, 0xf0, 0xff,
    0xf8, 0xf8, 0xf8, 0xff, 0xf8, 0xf4, 0xf0, 0xff, 0xf8, 0xf8, 0xf8, 0xff,
    0xf8, 0xf8, 0xf0, 0xff, 0xf8, 0xf4, 0xf0, 0xff, 0xf8, 0xf8, 0xf8, 0xff,
    0xf8, 0xf4, 0xf0, 0xff, 0xf8, 0xf8, 0xf0, 0xff, 0xf8, 0xf8, 0xf8, 0xff,
    0xf8, 0xf4, 0xf0, 0xff, 0xf8, 0xf8, 0xf0, 0xff, 0xf8, 0xf8, 0xf8, 0xff,
    0xf8, 0xf8, 0xf8, 0xff, 0xf8, 0xf8, 0xf0, 0xff, 0xf8, 0xf4, 0xf8, 0xff,
    0xf8, 0xf8, 0xf0, 0xff, 0xf8, 0xf4, 0xf0, 0xff, 0xf8, 0xf4, 0xf8, 0xff,
    0xf8, 0xf8, 0xf0, 0xff, 0xf8, 0xf4, 0xf8, 0xff, 0xf8, 0xf8, 0xf8, 0xff,
    0xf8, 0xf4, 0xf0, 0xff, 0xf8, 0xf8, 0xf0, 0xff, 0xf8, 0xf4, 0xf8, 0xff,
    0xf8, 0xf8, 0xf0, 0xff, 0xf8, 0xf8, 0xf8, 0xff, 0xf8, 0xf8, 0xf8, 0xff,
    0xa0, 0x64, 0x48, 0x28, 0xa0, 0x6c, 0x58, 0x20, 0xa0, 0x6c, 0x58, 0x20,
    0xa8, 0x7c, 0x60, 0x1c, 0xb0, 0x78, 0x68, 0x18, 0xb0, 0x84, 0x70, 0x18,
    0xb8, 0x84, 0x78, 0x14, 0xb0, 0x94, 0x78, 0x14, 0xb0, 0x94, 0x78, 0x14,
    0xb0, 0x94, 0x78, 0x10, 0xf8, 0xfc, 0x00, 0x00, 0x00, 0x00, 0x00, 0x00,
    0x00, 0x00, 0x00, 0x00, 0x00, 0x00, 0x00, 0x00, 0x00, 0x00, 0x00, 0x00,
    0x00, 0x00, 0x00, 0x00, 0x00, 0x00, 0x00, 0x00, 0x00, 0x00, 0x00, 0x00,
    0x00, 0x00, 0x00, 0x00, 0x00, 0x00, 0x00, 0x00, 0x00, 0x00, 0x00, 0x00,
    0x00, 0x00, 0x00, 0x00, 0x00, 0x00, 0x00, 0x00, 0x00, 0x00, 0x00, 0x00,
    0x00, 0x00, 0x00, 0x00, 0x00, 0x00, 0x00, 0x00, 0x00, 0x00, 0x00, 0x00,
    0x00, 0x00, 0x00, 0x00, 0x00, 0x00, 0x00, 0x00, 0x00, 0x00, 0x00, 0x00,
    0x00, 0x00, 0x00, 0x00, 0x00, 0x00, 0x00, 0x00, 0x00, 0x00, 0x00, 0x00,
    0x00, 0x00, 0x00, 0x00, 0x00, 0x00, 0x00, 0x00, 0x00, 0x00, 0x00, 0x00,
    0x00, 0x00, 0x00, 0x00, 0x00, 0x00, 0x00, 0x00, 0x00, 0x00, 0x00, 0x00,
    0x00, 0x00, 0x00, 0x00, 0x00, 0x00, 0x00, 0x00, 0x00, 0x00, 0x00, 0x00,
    0x00, 0x00, 0x00, 0x00, 0x00, 0x00, 0x00, 0x00, 0x00, 0x00, 0x00, 0x00,
    0x00, 0x00, 0x00, 0x00, 0x00, 0x00, 0x00, 0x00, 0x00, 0x00, 0x00, 0x00,
    0x00, 0x00, 0x00, 0x00, 0x00, 0x00, 0x00, 0x00, 0x00, 0x00, 0x00, 0x00,
    0x00, 0x00, 0x00, 0x00, 0x00, 0x00, 0x00, 0x00, 0x00, 0x00, 0x00, 0x00,
    0x80, 0x00, 0x00, 0x04, 0x80, 0x40, 0x00, 0x04, 0x80, 0x28, 0x00, 0x04,
    0x70, 0x1c, 0x00, 0x08, 0x70, 0x30, 0x00, 0x0c, 0x78, 0x20, 0x00, 0x10,
    0xf8, 0xfc, 0xf8, 0xff, 0xf8, 0xfc, 0xf8, 0xff, 0xf8, 0xfc, 0xf8, 0xff,
    0xf8, 0xfc, 0xf8, 0xff, 0xf8, 0xfc, 0xf8, 0xff, 0xf8, 0xfc, 0xf8, 0xff,
    0xf8, 0xfc, 0xf8, 0xff, 0xf8, 0xfc, 0xf8, 0xff, 0xf8, 0xfc, 0xf8, 0xff,
    0xf8, 0xfc, 0xf8, 0xff, 0xf8, 0xfc, 0xf8, 0xff, 0xf8, 0xfc, 0xf8, 0xff,
    0xf8, 0xfc, 0xf8, 0xff, 0xf8, 0xfc, 0xf8, 0xff, 0xf8, 0xfc, 0xf8, 0xff,
    0xf8, 0xfc, 0xf8, 0xff, 0xf8, 0xfc, 0xf8, 0xff, 0xf8, 0xfc, 0xf8, 0xff,
    0xf8, 0xfc, 0xf8, 0xff, 0xf8, 0xfc, 0xf8, 0xff, 0xf8, 0xfc, 0xf8, 0xff,
    0xf8, 0xfc, 0xf8, 0xff, 0xf8, 0xfc, 0xf8, 0xff, 0xf8, 0xfc, 0xf8, 0xff,
    0xf8, 0xfc, 0xf8, 0xff, 0xf8, 0xfc, 0xf8, 0xff, 0xf8, 0xfc, 0xf8, 0xff,
    0xf8, 0xfc, 0xf8, 0xff, 0xf8, 0xfc, 0xf8, 0xff, 0xf8, 0xfc, 0xf8, 0xff,
    0xf8, 0xfc, 0xf8, 0xff, 0xf8, 0xfc, 0xf8, 0xff, 0xf8, 0xfc, 0xf8, 0xff,
    0xf8, 0xfc, 0xf8, 0xff, 0xf8, 0xfc, 0xf8, 0xff, 0xf8, 0xfc, 0xf8, 0xff,
    0xf8, 0xfc, 0xf8, 0xff, 0xf8, 0xfc, 0xf8, 0xff, 0xf8, 0xfc, 0xf8, 0xff,
    0xf8, 0xfc, 0xf8, 0xff, 0xf8, 0xfc, 0xf8, 0xff, 0xf8, 0xfc, 0xf8, 0xff,
    0xf8, 0xfc, 0xf8, 0xff, 0xf8, 0xfc, 0xf8, 0xff, 0xf8, 0xfc, 0xf8, 0xff,
    0xf8, 0xfc, 0xf8, 0xff, 0xf8, 0xfc, 0xf8, 0xff, 0xf8, 0xfc, 0xf8, 0xff,
    0xf8, 0xfc, 0xf8, 0xff, 0xf8, 0xfc, 0xf8, 0xff, 0xf8, 0xfc, 0xf8, 0xff,
    0xf8, 0xfc, 0xf8, 0xff, 0xf8, 0xfc, 0xf8, 0xff, 0xf8, 0xfc, 0xf8, 0xff,
    0xf8, 0xfc, 0xf8, 0xff, 0xf8, 0xfc, 0xf8, 0xff, 0xf8, 0xfc, 0xf8, 0xff,
    0xf8, 0xfc, 0xf8, 0xff, 0xf8, 0xfc, 0xf8, 0xff, 0xf8, 0xfc, 0xf8, 0xff,
    0xf8, 0xfc, 0xf8, 0xff, 0xf8, 0xfc, 0xf8, 0xff, 0xf8, 0xfc, 0xf8, 0xff,
    0xf8, 0xf8, 0xf8, 0xff, 0xf8, 0xfc, 0xf8, 0xff, 0xf8, 0xfc, 0xf8, 0xff,
    0xf8, 0xfc, 0xf8, 0xff, 0xf8, 0xf8, 0xf8, 0xff, 0xf8, 0xfc, 0xf8, 0xff,
    0xf8, 0xfc, 0xf8, 0xff, 0xf8, 0xf8, 0xf8, 0xff, 0xf8, 0xfc, 0xf8, 0xff,
    0xf8, 0xf8, 0xf8, 0xff, 0xf8, 0xf8, 0xf8, 0xff, 0xf8, 0xfc, 0xf8, 0xff,
    0xf8, 0xfc, 0xf8, 0xff, 0xf8, 0xf8, 0xf8, 0xff, 0xf8, 0xf8, 0xf8, 0xff,
    0xf8, 0xfc, 0xf8, 0xff, 0xf8, 0xfc, 0xf8, 0xff, 0xf8, 0xf8, 0xf8, 0xff,
    0xf8, 0xf8, 0xf8, 0xff, 0xf8, 0xf8, 0xf8, 0xff, 0xf8, 0xfc, 0xf8, 0xff,
    0xf8, 0xf8, 0xf8, 0xff, 0xf8, 0xf8, 0xf8, 0xff, 0xf8, 0xf8, 0xf8, 0xff,
    0xf8, 0xfc, 0xf0, 0xff, 0xf8, 0xf8, 0xf8, 0xff, 0xf8, 0xf8, 0xf8, 0xff,
    0xf8, 0xfc, 0xf8, 0xff, 0xf8, 0xf8, 0xf8, 0xff, 0xf8, 0xfc, 0xf8, 0xff,
    0xf8, 0xf8, 0xf8, 0xff, 0xf8, 0xf8, 0xf8, 0xff, 0xf8, 0xfc, 0xf0, 0xff,
    0xf8, 0xf8, 0xf8, 0xff, 0xf8, 0xf8, 0xf8, 0xff, 0xf8, 0xf8, 0xf8, 0xff,
    0xf8, 0xf8, 0xf0, 0xff, 0xf8, 0xf8, 0xf8, 0xff, 0xf8, 0xf8, 0xf8, 0xff,
    0xf8, 0xf8, 0xf8, 0xff, 0xf8, 0xf8, 0xf0, 0xff, 0xf8, 0xf8, 0xf8, 0xff,
    0xf8, 0xf8, 0xf8, 0xff, 0xf8, 0xf8, 0xf0, 0xff, 0xf8, 0xf8, 0xf0, 0xff,
    0xf8, 0xf8, 0xf8, 0xff, 0xf8, 0xf8, 0xf8, 0xff, 0xf8, 0xf8, 0xf0, 0xff,
    0xf8, 0xf8, 0xf8, 0xff, 0xf8, 0xf8, 0xf8, 0xff, 0xf8, 0xf8, 0xf0, 0xff,
    0xf8, 0xf8, 0xf8, 0xff, 0xf8, 0xf8, 0xf8, 0xff, 0xf8, 0xf8, 0xf0, 0xff,
    0xf8, 0xf8, 0xf8, 0xff, 0xf8, 0xf4, 0xf8, 0xff, 0xf8, 0xf8, 0xf0, 0xff,
    0xf8, 0xf4, 0xf0, 0xff, 0xf8, 0xf8, 0xf8, 0xff, 0xf8, 0xf4, 0xf8, 0xff,
    0xf8, 0xf8, 0xf0, 0xff, 0xf8, 0xf8, 0xf0, 0xff, 0xf8, 0xf4, 0xf8, 0xff,
    0xf8, 0xf8, 0xf0, 0xff, 0xf8, 0xf8, 0xf8, 0xff, 0xf8, 0xf4, 0xf8, 0xff,
    0xf8, 0xf8, 0xf0, 0xff, 0xf8, 0xf8, 0xf8, 0xff, 0xf8, 0xf4, 0xf8, 0xff,
    0xf8, 0xf8, 0xf0, 0xff, 0xf8, 0xf8, 0xf8, 0xff, 0xf8, 0xf8, 0xf0, 0xff,
    0xf8, 0xf8, 0xf0, 0xff, 0xf8, 0xf4, 0xf8, 0xff, 0xf8, 0xf8, 0xf8, 0xff,
    0xf8, 0xf8, 0xf0, 0xff, 0xf8, 0xf8, 0xf8, 0xff, 0xf8, 0xf8, 0xf8, 0xff,
    0xf8, 0xf4, 0xf0, 0xff, 0xf8, 0xf8, 0xf0, 0xff, 0xf8, 0xf8, 0xf8, 0xff,
    0xf8, 0xf4, 0xf0, 0xff, 0xf8, 0xf8, 0xf8, 0xff, 0xf8, 0xf8, 0xf0, 0xff,
    0xf8, 0xf8, 0xf0, 0xff, 0xf8, 0xf4, 0xf8, 0xff, 0xf8, 0xf8, 0xf8, 0xff,
    0xf8, 0xf8, 0xf0, 0xff, 0xf8, 0xf4, 0xf8, 0xff, 0xf8, 0xf8, 0xf8, 0xff,
    0xf8, 0xf8, 0xf0, 0xff, 0xf8, 0xf4, 0xf8, 0xff, 0xf8, 0xf8, 0xf0, 0xff,
    0xf8, 0xf8, 0xf8, 0xff, 0xf8, 0xf8, 0xf0, 0xff, 0xf8, 0xf4, 0xf0, 0xff,
    0xf8, 0xf8, 0xf8, 0xff, 0xf8, 0xf8, 0xf0, 0xff, 0xf8, 0xf8, 0xf8, 0xff,
    0xf8, 0xf8, 0xf8, 0xff, 0xf8, 0xf8, 0xf0, 0xff, 0xf8, 0xf8, 0xf8, 0xff,
    0xf8, 0xf4, 0xf8, 0xff, 0xf8, 0xf8, 0xf0, 0xff, 0xf8, 0xf8, 0xf8, 0xff,
    0xf8, 0xf4, 0xf0, 0xff, 0xf8, 0xf8, 0xf0, 0xff, 0xf8, 0xf8, 0xf8, 0xff,
    0xf8, 0xf8, 0xf8, 0xff, 0xf8, 0xf4, 0xf0, 0xff, 0xf8, 0xf8, 0xf8, 0xff,
    0xf8, 0xf8, 0xf0, 0xff, 0xf8, 0xf8, 0xf8, 0xff, 0xf8, 0xf8, 0xf0, 0xff,
    0xf8, 0xf8, 0xf8, 0xff, 0xf8, 0xf8, 0xf8, 0xff, 0xf8, 0xf8, 0xf0, 0xff,
    0xf8, 0xf4, 0xf8, 0xff, 0xf8, 0xf8, 0xf8, 0xff, 0xf8, 0xf8, 0xf0, 0xff,
    0xf8, 0xf8, 0xf8, 0xff, 0xf8, 0xf8, 0xf0, 0xff, 0xf8, 0xf4, 0xf8, 0xff,
    0xf8, 0xf8, 0xf0, 0xff, 0xf8, 0xf4, 0xf8, 0xff, 0xf8, 0xf8, 0xf8, 0xff,
    0xf8, 0xf8, 0xf0, 0xff, 0xf8, 0xf8, 0xf8, 0xff, 0xf8, 0xf8, 0xf0, 0xff,
    0xf8, 0xf8, 0xf0, 0xff, 0xf8, 0xf8, 0xf8, 0xff, 0xf8, 0xf4, 0xf8, 0xff,
    0xf8, 0xf8, 0xf0, 0xff, 0xf8, 0xf8, 0xf8, 0xff, 0xf8, 0xf8, 0xf8, 0xff,
    0xf8, 0xf4, 0xf0, 0xff, 0xf8, 0xf8, 0xf0, 0xff, 0xf8, 0xf8, 0xf8, 0xff,
    0xa0, 0x68, 0x48, 0x24, 0xa0, 0x68, 0x50, 0x20, 0xa8, 0x70, 0x58, 0x1c,
    0xa8, 0x7c, 0x60, 0x1c, 0xa8, 0x80, 0x68, 0x18, 0xb0, 0x8c, 0x70, 0x14,
    0xb0, 0x8c, 0x70, 0x14, 0xb0, 0x94, 0x78, 0x14, 0xb8, 0x90, 0x80, 0x10,
    0xb8, 0x8c, 0x80, 0x14, 0xa8, 0x80, 0x80, 0x08, 0x00, 0x00, 0x00, 0x00,
    0x00, 0x00, 0x00, 0x00, 0x00, 0x00, 0x00, 0x00, 0x00, 0x00, 0x00, 0x00,
    0x00, 0x00, 0x00, 0x00, 0x00, 0x00, 0x00, 0x00, 0x00, 0x00, 0x00, 0x00,
    0x00, 0x00, 0x00, 0x00, 0x00, 0x00, 0x00, 0x00, 0x00, 0x00, 0x00, 0x00,
    0x00, 0x00, 0x00, 0x00, 0x00, 0x00, 0x00, 0x00, 0x00, 0x00, 0x00, 0x00,
    0x00, 0x00, 0x00, 0x00, 0x00, 0x00, 0x00, 0x00, 0x00, 0x00, 0x00, 0x00,
    0x00, 0x00, 0x00, 0x00, 0x00, 0x00, 0x00, 0x00, 0x00, 0x00, 0x00, 0x00,
    0x00, 0x00, 0x00, 0x00, 0x00, 0x00, 0x00, 0x00, 0x00, 0x00, 0x00, 0x00,
    0x00, 0x00, 0x00, 0x00, 0x00, 0x00, 0x00, 0x00, 0x00, 0x00, 0x00, 0x00,
    0x00, 0x00, 0x00, 0x00, 0x00, 0x00, 0x00, 0x00, 0x00, 0x00, 0x00, 0x00,
    0x00, 0x00, 0x00, 0x00, 0x00, 0x00, 0x00, 0x00, 0x00, 0x00, 0x00, 0x00,
    0x00, 0x00, 0x00, 0x00, 0x00, 0x00, 0x00, 0x00, 0x00, 0x00, 0x00, 0x00,
    0x00, 0x00, 0x00, 0x00, 0x00, 0x00, 0x00, 0x00, 0x00, 0x00, 0x00, 0x00,
    0x00, 0x00, 0x00, 0x00, 0x00, 0x00, 0x00, 0x00, 0x00, 0x00, 0x00, 0x00,
    0x00, 0x00, 0x00, 0x00, 0x00, 0x00, 0x00, 0x00, 0x00, 0x00, 0x00, 0x00,
    0x80, 0x00, 0x00, 0x04, 0x78, 0x40, 0x00, 0x04, 0x80, 0x28, 0x00, 0x08,
    0x70, 0x1c, 0x00, 0x08, 0x78, 0x30, 0x00, 0x0c, 0x78, 0x20, 0x00, 0x0c,
    0xf8, 0xfc, 0xf8, 0xff, 0xf8, 0xfc, 0xf8, 0xff, 0xf8, 0xfc, 0xf8, 0xff,
    0xf8, 0xfc, 0xf8, 0xff, 0xf8, 0xfc, 0xf8, 0xff, 0xf8, 0xfc, 0xf8, 0xff,
    0xf8, 0xfc, 0xf8, 0xff, 0xf8, 0xfc, 0xf8, 0xff, 0xf8, 0xfc, 0xf8, 0xff,
    0xf8, 0xfc, 0xf8, 0xff, 0xf8, 0xfc, 0xf8, 0xff, 0xf8, 0xfc, 0xf8, 0xff,
    0xf8, 0xfc, 0xf8, 0xff, 0xf8, 0xfc, 0xf8, 0xff, 0xf8, 0xfc, 0xf8, 0xff,
    0xf8, 0xfc, 0xf8, 0xff, 0xf8, 0xfc, 0xf8, 0xff, 0xf8, 0xfc, 0xf8, 0xff,
    0xf8, 0xfc, 0xf8, 0xff, 0xf8, 0xfc, 0xf8, 0xff, 0xf8, 0xfc, 0xf8, 0xff,
    0xf8, 0xfc, 0xf8, 0xff, 0xf8, 0xfc, 0xf8, 0xff, 0xf8, 0xfc, 0xf8, 0xff,
    0xf8, 0xfc, 0xf8, 0xff, 0xf8, 0xfc, 0xf8, 0xff, 0xf8, 0xfc, 0xf8, 0xff,
    0xf8, 0xfc, 0xf8, 0xff, 0xf8, 0xfc, 0xf8, 0xff, 0xf8, 0xfc, 0xf8, 0xff,
    0xf8, 0xfc, 0xf8, 0xff, 0xf8, 0xfc, 0xf8, 0xff, 0xf8, 0xfc, 0xf8, 0xff,
    0xf8, 0xfc, 0xf8, 0xff, 0xf8, 0xfc, 0xf8, 0xff, 0xf8, 0xfc, 0xf8, 0xff,
    0xf8, 0xfc, 0xf8, 0xff, 0xf8, 0xfc, 0xf8, 0xff, 0xf8, 0xfc, 0xf8, 0xff,
    0xf8, 0xfc, 0xf8, 0xff, 0xf8, 0xfc, 0xf8, 0xff, 0xf8, 0xfc, 0xf8, 0xff,
    0xf8, 0xfc, 0xf8, 0xff, 0xf8, 0xfc, 0xf8, 0xff, 0xf8, 0xfc, 0xf8, 0xff,
    0xf8, 0xfc, 0xf8, 0xff, 0xf8, 0xfc, 0xf8, 0xff, 0xf8, 0xfc, 0xf8, 0xff,
    0xf8, 0xfc, 0xf8, 0xff, 0xf8, 0xfc, 0xf8, 0xff, 0xf8, 0xfc, 0xf8, 0xff,
    0xf8, 0xfc, 0xf8, 0xff, 0xf8, 0xfc, 0xf8, 0xff, 0xf8, 0xfc, 0xf8, 0xff,
    0xf8, 0xfc, 0xf8, 0xff, 0xf8, 0xfc, 0xf8, 0xff, 0xf8, 0xfc, 0xf8, 0xff,
    0xf8, 0xfc, 0xf8, 0xff, 0xf8, 0xfc, 0xf8, 0xff, 0xf8, 0xfc, 0xf8, 0xff,
    0xf8, 0xfc, 0xf8, 0xff, 0xf8, 0xfc, 0xf8, 0xff, 0xf8, 0xfc, 0xf8, 0xff,
    0xf8, 0xf8, 0xf8, 0xff, 0xf8, 0xfc, 0xf8, 0xff, 0xf8, 0xfc, 0xf8, 0xff,
    0xf8, 0xf8, 0xf8, 0xff, 0xf8, 0xfc, 0xf8, 0xff, 0xf8, 0xfc, 0xf8, 0xff,
    0xf8, 0xf8, 0xf8, 0xff, 0xf8, 0xfc, 0xf8, 0xff, 0xf8, 0xfc, 0xf8, 0xff,
    0xf8, 0xf8, 0xf8, 0xff, 0xf8, 0xf8, 0xf8, 0xff, 0xf8, 0xfc, 0xf8, 0xff,
    0xf8, 0xfc, 0xf8, 0xff, 0xf8, 0xf8, 0xf8, 0xff, 0xf8, 0xf8, 0xf8, 0xff,
    0xf8, 0xfc, 0xf8, 0xff, 0xf8, 0xfc, 0xf8, 0xff, 0xf8, 0xf8, 0xf8, 0xff,
    0xf8, 0xfc, 0xf8, 0xff, 0xf8, 0xf8, 0xf8, 0xff, 0xf8, 0xf8, 0xf8, 0xff,
    0xf8, 0xf8, 0xf8, 0xff, 0xf8, 0xf8, 0xf8, 0xff, 0xf8, 0xf8, 0xf8, 0xff,
    0xf8, 0xf8, 0xf8, 0xff, 0xf8, 0xf8, 0xf8, 0xff, 0xf8, 0xfc, 0xf8, 0xff,
    0xf8, 0xf8, 0xf0, 0xff, 0xf8, 0xf8, 0xf8, 0xff, 0xf8, 0xfc, 0xf0, 0xff,
    0xf8, 0xf8, 0xf8, 0xff, 0xf8, 0xf8, 0xf8, 0xff, 0xf8, 0xfc, 0xf8, 0xff,
    0xf8, 0xf8, 0xf0, 0xff, 0xf8, 0xf8, 0xf8, 0xff, 0xf8, 0xf8, 0xf8, 0xff,
    0xf8, 0xf8, 0xf8, 0xff, 0xf8, 0xf8, 0xf0, 0xff, 0xf8, 0xf8, 0xf8, 0xff,
    0xf8, 0xf8, 0xf0, 0xff, 0xf8, 0xf8, 0xf8, 0xff, 0xf8, 0xf8, 0xf8, 0xff,
    0xf8, 0xf8, 0xf0, 0xff, 0xf8, 0xf8, 0xf8, 0xff, 0xf8, 0xf8, 0xf8, 0xff,
    0xf8, 0xf8, 0xf0, 0xff, 0xf8, 0xf8, 0xf8, 0xff, 0xf8, 0xf8, 0xf0, 0xff,
    0xf8, 0xf8, 0xf8, 0xff, 0xf8, 0xf8, 0xf8, 0xff, 0xf8, 0xf8, 0xf0, 0xff,
    0xf8, 0xf8, 0xf8, 0xff, 0xf8, 0xf8, 0xf0, 0xff, 0xf8, 0xf8, 0xf8, 0xff,
    0xf8, 0xf8, 0xf8, 0xff, 0xf8, 0xf8, 0xf0, 0xff, 0xf8, 0xf8, 0xf8, 0xff,
    0xf8, 0xf8, 0xf8, 0xff, 0xf8, 0xf4, 0xf0, 0xff, 0xf8, 0xf8, 0xf0, 0xff,
    0xf8, 0xf8, 0xf8, 0xff, 0xf8, 0xf4, 0xf8, 0xff, 0xf8, 0xf8, 0xf0, 0xff,
    0xf8, 0xf8, 0xf0, 0xff, 0xf8, 0xf8, 0xf8, 0xff, 0xf8, 0xf8, 0xf0, 0xff,
    0xf8, 0xf8, 0xf0, 0xff, 0xf8, 0xf8, 0xf8, 0xff, 0xf8, 0xf8, 0xf0, 0xff,
    0xf8, 0xf4, 0xf8, 0xff, 0xf8, 0xf8, 0xf8, 0xff, 0xf8, 0xf8, 0xf0, 0xff,
    0xf8, 0xf4, 0xf0, 0xff, 0xf8, 0xf8, 0xf8, 0xff, 0xf8, 0xf8, 0xf0, 0xff,
    0xf8, 0xf4, 0xf0, 0xff, 0xf8, 0xf8, 0xf8, 0xff, 0xf8, 0xf8, 0xf8, 0xff,
    0xf8, 0xf4, 0xf0, 0xff, 0xf8, 0xf8, 0xf8, 0xff, 0xf8, 0xf8, 0xf0, 0xff,
    0xf8, 0xf4, 0xf8, 0xff, 0xf8, 0xf8, 0xf8, 0xff, 0xf8, 0xf8, 0xf0, 0xff,
    0xf8, 0xf4, 0xf0, 0xff, 0xf8, 0xf8, 0xf8, 0xff, 0xf8, 0xf8, 0xf0, 0xff,
    0xf8, 0xf4, 0xf0, 0xff, 0xf8, 0xf8, 0xf8, 0xff, 0xf8, 0xf8, 0xf0, 0xff,
    0xf8, 0xf8, 0xf8, 0xff, 0xf8, 0xf8, 0xf8, 0xff, 0xf8, 0xf8, 0xf0, 0xff,
    0xf8, 0xf8, 0xf8, 0xff, 0xf8, 0xf8, 0xf8, 0xff, 0xf8, 0xf8, 0xf0, 0xff,
    0xf8, 0xf4, 0xf0, 0xff, 0xf8, 0xf8, 0xf8, 0xff, 0xf8, 0xf4, 0xf0, 0xff,
    0xf8, 0xf4, 0xf0, 0xff, 0xf8, 0xf8, 0xf8, 0xff, 0xf8, 0xf8, 0xf0, 0xff,
    0xf8, 0xf8, 0xf8, 0xff, 0xf8, 0xf8, 0xf8, 0xff, 0xf8, 0xf8, 0xf0, 0xff,
    0xf8, 0xf4, 0xf8, 0xff, 0xf8, 0xf8, 0xf0, 0xff, 0xf8, 0xf8, 0xf0, 0xff,
    0xf8, 0xf8, 0xf8, 0xff, 0xf8, 0xf8, 0xf8, 0xff, 0xf8, 0xf4, 0xf0, 0xff,
    0xf8, 0xf8, 0xf8, 0xff, 0xf8, 0xf8, 0xf0, 0xff, 0xf8, 0xf4, 0xf0, 0xff,
    0xf8, 0xf4, 0xf8, 0xff, 0xf8, 0xf8, 0xf0, 0xff, 0xf8, 0xf8, 0xf0, 0xff,
    0xf8, 0xf8, 0xf8, 0xff, 0xf8, 0xf4, 0xf0, 0xff, 0xf8, 0xf8, 0xf8, 0xff,
    0xf8, 0xf8, 0xf0, 0xff, 0xf8, 0xf4, 0xf8, 0xff, 0xf8, 0xf8, 0xf0, 0xff,
    0xf8, 0xf8, 0xf0, 0xff, 0xf8, 0xf8, 0xf8, 0xff, 0xf8, 0xf8, 0xf0, 0xff,
    0xf8, 0xf8, 0xf8, 0xff, 0xf8, 0xf4, 0xf8, 0xff, 0xf8, 0xf8, 0xf0, 0xff,
    0xf8, 0xf8, 0xf8, 0xff, 0xf8, 0xf8, 0xf0, 0xff, 0xf8, 0xf8, 0xf0, 0xff,
    0xf8, 0xf8, 0xf8, 0xff, 0xf8, 0xf8, 0xf0, 0xff, 0xf8, 0xf8, 0xf0, 0xff,
    0xf8, 0xf4, 0xf8, 0xff, 0xf8, 0xf8, 0xf0, 0xff, 0xf8, 0xf8, 0xf8, 0xff,
    0x98, 0x64, 0x48, 0x24, 0xa8, 0x6c, 0x50, 0x20, 0xa8, 0x70, 0x58, 0x1c,
    0xa8, 0x7c, 0x60, 0x1c, 0xa8, 0x80, 0x68, 0x18, 0xa8, 0x84, 0x70, 0x14,
    0xb0, 0x88, 0x78, 0x14, 0xb8, 0x90, 0x80, 0x10, 0xb0, 0x94, 0x78, 0x10,
    0xb8, 0x98, 0x78, 0x10, 0xa8, 0x94, 0x80, 0x0c, 0x00, 0x00, 0x00, 0x00,
    0x00, 0x00, 0x00, 0x00, 0x00, 0x00, 0x00, 0x00, 0x00, 0x00, 0x00, 0x00,
    0x00, 0x00, 0x00, 0x00, 0x00, 0x00, 0x00, 0x00, 0x00, 0x00, 0x00, 0x00,
    0x00, 0x00, 0x00, 0x00, 0x00, 0x00, 0x00, 0x00, 0x00, 0x00, 0x00, 0x00,
    0x00, 0x00, 0x00, 0x00, 0x00, 0x00, 0x00, 0x00, 0x00, 0x00, 0x00, 0x00,
    0x00, 0x00, 0x00, 0x00, 0x00, 0x00, 0x00, 0x00, 0x00, 0x00, 0x00, 0x00,
    0x00, 0x00, 0x00, 0x00, 0x00, 0x00, 0x00, 0x00, 0x00, 0x00, 0x00, 0x00,
    0x00, 0x00, 0x00, 0x00, 0x00, 0x00, 0x00, 0x00, 0x00, 0x00, 0x00, 0x00,
    0x00, 0x00, 0x00, 0x00, 0x00, 0x00, 0x00, 0x00, 0x00, 0x00, 0x00, 0x00,
    0x00, 0x00, 0x00, 0x00, 0x00, 0x00, 0x00, 0x00, 0x00, 0x00, 0x00, 0x00,
    0x00, 0x00, 0x00, 0x00, 0x00, 0x00, 0x00, 0x00, 0x00, 0x00, 0x00, 0x00,
    0x00, 0x00, 0x00, 0x00, 0x00, 0x00, 0x00, 0x00, 0x00, 0x00, 0x00, 0x00,
    0x00, 0x00, 0x00, 0x00, 0x00, 0x00, 0x00, 0x00, 0x00, 0x00, 0x00, 0x00,
    0x00, 0x00, 0x00, 0x00, 0x00, 0x00, 0x00, 0x00, 0x00, 0x00, 0x00, 0x00,
    0x00, 0x00, 0x00, 0x00, 0x00, 0x00, 0x00, 0x00, 0x00, 0x00, 0x00, 0x00,
    0x80, 0x00, 0x00, 0x00, 0x80, 0x40, 0x00, 0x04, 0x80, 0x2c, 0x00, 0x08,
    0x70, 0x1c, 0x00, 0x08, 0x70, 0x2c, 0x00, 0x0c, 0x78, 0x24, 0x00, 0x10,
    0xf8, 0xfc, 0xf8, 0xff, 0xf8, 0xfc, 0xf8, 0xff, 0xf8, 0xfc, 0xf8, 0xff,
    0xf8, 0xfc, 0xf8, 0xff, 0xf8, 0xfc, 0xf8, 0xff, 0xf8, 0xfc, 0xf8, 0xff,
    0xf8, 0xfc, 0xf8, 0xff, 0xf8, 0xfc, 0xf8, 0xff, 0xf8, 0xfc, 0xf8, 0xff,
    0xf8, 0xfc, 0xf8, 0xff, 0xf8, 0xfc, 0xf8, 0xff, 0xf8, 0xfc, 0xf8, 0xff,
    0xf8, 0xfc, 0xf8, 0xff, 0xf8, 0xfc, 0xf8, 0xff, 0xf8, 0xfc, 0xf8, 0xff,
    0xf8, 0xfc, 0xf8, 0xff, 0xf8, 0xfc, 0xf8, 0xff, 0xf8, 0xfc, 0xf8, 0xff,
    0xf8, 0xfc, 0xf8, 0xff, 0xf8, 0xfc, 0xf8, 0xff, 0xf8, 0xfc, 0xf8, 0xff,
    0xf8, 0xfc, 0xf8, 0xff, 0xf8, 0xfc, 0xf8, 0xff, 0xf8, 0xfc, 0xf8, 0xff,
    0xf8, 0xfc, 0xf8, 0xff, 0xf8, 0xfc, 0xf8, 0xff, 0xf8, 0xfc, 0xf8, 0xff,
    0xf8, 0xfc, 0xf8, 0xff, 0xf8, 0xfc, 0xf8, 0xff, 0xf8, 0xfc, 0xf8, 0xff,
    0xf8, 0xfc, 0xf8, 0xff, 0xf8, 0xfc, 0xf8, 0xff, 0xf8, 0xfc, 0xf8, 0xff,
    0xf8, 0xfc, 0xf8, 0xff, 0xf8, 0xfc, 0xf8, 0xff, 0xf8, 0xfc, 0xf8, 0xff,
    0xf8, 0xfc, 0xf8, 0xff, 0xf8, 0xfc, 0xf8, 0xff, 0xf8, 0xfc, 0xf8, 0xff,
    0xf8, 0xfc, 0xf8, 0xff, 0xf8, 0xfc, 0xf8, 0xff, 0xf8, 0xfc, 0xf8, 0xff,
    0xf8, 0xfc, 0xf8, 0xff, 0xf8, 0xfc, 0xf8, 0xff, 0xf8, 0xfc, 0xf8, 0xff,
    0xf8, 0xfc, 0xf8, 0xff, 0xf8, 0xfc, 0xf8, 0xff, 0xf8, 0xfc, 0xf8, 0xff,
    0xf8, 0xfc, 0xf8, 0xff, 0xf8, 0xfc, 0xf8, 0xff, 0xf8, 0xfc, 0xf8, 0xff,
    0xf8, 0xfc, 0xf8, 0xff, 0xf8, 0xfc, 0xf8, 0xff, 0xf8, 0xfc, 0xf8, 0xff,
    0xf8, 0xfc, 0xf8, 0xff, 0xf8, 0xfc, 0xf8, 0xff, 0xf8, 0xfc, 0xf8, 0xff,
    0xf8, 0xfc, 0xf8, 0xff, 0xf8, 0xfc, 0xf8, 0xff, 0xf8, 0xfc, 0xf8, 0xff,
    0xf8, 0xfc, 0xf8, 0xff, 0xf8, 0xfc, 0xf8, 0xff, 0xf8, 0xf8, 0xf8, 0xff,
    0xf8, 0xfc, 0xf8, 0xff, 0xf8, 0xfc, 0xf8, 0xff, 0xf8, 0xfc, 0xf8, 0xff,
    0xf8, 0xfc, 0xf8, 0xff, 0xf8, 0xfc, 0xf8, 0xff, 0xf8, 0xfc, 0xf8, 0xff,
    0xf8, 0xfc, 0xf8, 0xff, 0xf8, 0xf8, 0xf8, 0xff, 0xf8, 0xfc, 0xf8, 0xff,
    0xf8, 0xfc, 0xf8, 0xff, 0xf8, 0xf8, 0xf8, 0xff, 0xf8, 0xf8, 0xf8, 0xff,
    0xf8, 0xfc, 0xf8, 0xff, 0xf8, 0xfc, 0xf8, 0xff, 0xf8, 0xf8, 0xf8, 0xff,
    0xf8, 0xf8, 0xf8, 0xff, 0xf8, 0xfc, 0xf8, 0xff, 0xf8, 0xf8, 0xf8, 0xff,
    0xf8, 0xfc, 0xf8, 0xff, 0xf8, 0xf8, 0xf8, 0xff, 0xf8, 0xf8, 0xf8, 0xff,
    0xf8, 0xfc, 0xf8, 0xff, 0xf8, 0xf8, 0xf0, 0xff, 0xf8, 0xfc, 0xf8, 0xff,
    0xf8, 0xf8, 0xf8, 0xff, 0xf8, 0xf8, 0xf8, 0xff, 0xf8, 0xf8, 0xf8, 0xff,
    0xf8, 0xf8, 0xf8, 0xff, 0xf8, 0xf8, 0xf0, 0xff, 0xf8, 0xf8, 0xf8, 0xff,
    0xf8, 0xf8, 0xf8, 0xff, 0xf8, 0xf8, 0xf0, 0xff, 0xf8, 0xf8, 0xf8, 0xff,
    0xf8, 0xf8, 0xf8, 0xff, 0xf8, 0xf8, 0xf0, 0xff, 0xf8, 0xf8, 0xf8, 0xff,
    0xf8, 0xf8, 0xf8, 0xff, 0xf8, 0xf8, 0xf8, 0xff, 0xf8, 0xf8, 0xf0, 0xff,
    0xf8, 0xf8, 0xf8, 0xff, 0xf8, 0xf8, 0xf8, 0xff, 0xf8, 0xf8, 0xf0, 0xff,
    0xf8, 0xf8, 0xf8, 0xff, 0xf8, 0xf8, 0xf8, 0xff, 0xf8, 0xf8, 0xf0, 0xff,
    0xf8, 0xf8, 0xf8, 0xff, 0xf8, 0xf8, 0xf8, 0xff, 0xf8, 0xf8, 0xf0, 0xff,
    0xf8, 0xf8, 0xf8, 0xff, 0xf8, 0xf8, 0xf8, 0xff, 0xf8, 0xf8, 0xf0, 0xff,
    0xf8, 0xf8, 0xf8, 0xff, 0xf8, 0xf8, 0xf8, 0xff, 0xf8, 0xf4, 0xf0, 0xff,
    0xf8, 0xf8, 0xf0, 0xff, 0xf8, 0xf8, 0xf0, 0xff, 0xf8, 0xf4, 0xf8, 0xff,
    0xf8, 0xf8, 0xf0, 0xff, 0xf8, 0xf8, 0xf8, 0xff, 0xf8, 0xf8, 0xf0, 0xff,
    0xf8, 0xf8, 0xf8, 0xff, 0xf8, 0xf8, 0xf8, 0xff, 0xf8, 0xf8, 0xf0, 0xff,
    0xf8, 0xf4, 0xf8, 0xff, 0xf8, 0xf8, 0xf8, 0xff, 0xf8, 0xf4, 0xf0, 0xff,
    0xf8, 0xf8, 0xf8, 0xff, 0xf8, 0xf8, 0xf0, 0xff, 0xf8, 0xf8, 0xf0, 0xff,
    0xf8, 0xf8, 0xf8, 0xff, 0xf8, 0xf4, 0xf0, 0xff, 0xf8, 0xf8, 0xf8, 0xff,
    0xf8, 0xf8, 0xf8, 0xff, 0xf8, 0xf8, 0xf0, 0xff, 0xf8, 0xf8, 0xf8, 0xff,
    0xf8, 0xf4, 0xf0, 0xff, 0xf8, 0xf8, 0xf0, 0xff, 0xf8, 0xf8, 0xf8, 0xff,
    0xf8, 0xf8, 0xf0, 0xff, 0xf8, 0xf8, 0xf8, 0xff, 0xf8, 0xf8, 0xf0, 0xff,
    0xf8, 0xf8, 0xf0, 0xff, 0xf8, 0xf8, 0xf8, 0xff, 0xf8, 0xf8, 0xf8, 0xff,
    0xf8, 0xf8, 0xf0, 0xff, 0xf8, 0xf8, 0xf8, 0xff, 0xf8, 0xf8, 0xf0, 0xff,
    0xf8, 0xf8, 0xf8, 0xff, 0xf8, 0xf8, 0xf0, 0xff, 0xf8, 0xf4, 0xf0, 0xff,
    0xf8, 0xf8, 0xf8, 0xff, 0xf8, 0xf8, 0xf0, 0xff, 0xf8, 0xf4, 0xf0, 0xff,
    0xf8, 0xf4, 0xf8, 0xff, 0xf8, 0xf8, 0xf8, 0xff, 0xf8, 0xf8, 0xf0, 0xff,
    0xf8, 0xf8, 0xf8, 0xff, 0xf8, 0xf8, 0xf8, 0xff, 0xf8, 0xf8, 0xf0, 0xff,
    0xf8, 0xf8, 0xf8, 0xff, 0xf8, 0xf4, 0xf0, 0xff, 0xf8, 0xf8, 0xf0, 0xff,
    0xf8, 0xf4, 0xf8, 0xff, 0xf8, 0xf8, 0xf0, 0xff, 0xf8, 0xf8, 0xf0, 0xff,
    0xf8, 0xf8, 0xf8, 0xff, 0xf8, 0xf4, 0xf8, 0xff, 0xf8, 0xf8, 0xf0, 0xff,
    0xf8, 0xf8, 0xf0, 0xff, 0xf8, 0xf4, 0xf8, 0xff, 0xf8, 0xf8, 0xf0, 0xff,
    0xf8, 0xf8, 0xf8, 0xff, 0xf8, 0xf8, 0xf8, 0xff, 0xf8, 0xf8, 0xf0, 0xff,
    0xf8, 0xf8, 0xf8, 0xff, 0xf8, 0xf4, 0xf8, 0xff, 0xf8, 0xf8, 0xf0, 0xff,
    0xf8, 0xf8, 0xf8, 0xff, 0xf8, 0xf8, 0xf0, 0xff, 0xf8, 0xf4, 0xf0, 0xff,
    0xf8, 0xf8, 0xf8, 0xff, 0xf8, 0xf8, 0xf8, 0xff, 0xf8, 0xf8, 0xf0, 0xff,
    0xf8, 0xf8, 0xf8, 0xff, 0xf8, 0xf4, 0xf0, 0xff, 0xf8, 0xf8, 0xf0, 0xff,
    0xf8, 0xf8, 0xf8, 0xff, 0xf8, 0xf4, 0xf0, 0xff, 0xf8, 0xf8, 0xf8, 0xff,
    0xf8, 0xf8, 0xf8, 0xff, 0xf8, 0xf4, 0xf0, 0xff, 0xf8, 0xf8, 0xf8, 0xff,
    0xf8, 0xf4, 0xf8, 0xff, 0xf8, 0xf8, 0xf0, 0xff, 0xf8, 0xf8, 0xf8, 0xff,
    0xf8, 0xf8, 0xf8, 0xff, 0xf8, 0xf4, 0xf0, 0xff, 0xf8, 0xf8, 0xf0, 0xff,
    0xa0, 0x5c, 0x48, 0x24, 0xa0, 0x6c, 0x50, 0x20, 0xa8, 0x6c, 0x50, 0x1c,
    0xa8, 0x74, 0x60, 0x18, 0xa8, 0x7c, 0x68, 0x18, 0xb0, 0x80, 0x70, 0x14,
    0xb0, 0x84, 0x78, 0x14, 0xb0, 0x94, 0x78, 0x10, 0xb0, 0x98, 0x78, 0x10,
    0xb0, 0x90, 0x80, 0x10, 0xb0, 0x90, 0x80, 0x10, 0x80, 0x80, 0x80, 0x04,
    0x00, 0x00, 0x00, 0x00, 0x00, 0x00, 0x00, 0x00, 0x00, 0x00, 0x00, 0x00,
    0x00, 0x00, 0x00, 0x00, 0x00, 0x00, 0x00, 0x00, 0x00, 0x00, 0x00, 0x00,
    0x00, 0x00, 0x00, 0x00, 0x00, 0x00, 0x00, 0x00, 0x00, 0x00, 0x00, 0x00,
    0x00, 0x00, 0x00, 0x00, 0x00, 0x00, 0x00, 0x00, 0x00, 0x00, 0x00, 0x00,
    0x00, 0x00, 0x00, 0x00, 0x00, 0x00, 0x00, 0x00, 0x00, 0x00, 0x00, 0x00,
    0x00, 0x00, 0x00, 0x00, 0x00, 0x00, 0x00, 0x00, 0x00, 0x00, 0x00, 0x00,
    0x00, 0x00, 0x00, 0x00, 0x00, 0x00, 0x00, 0x00, 0x00, 0x00, 0x00, 0x00,
    0x00, 0x00, 0x00, 0x00, 0x00, 0x00, 0x00, 0x00, 0x00, 0x00, 0x00, 0x00,
    0x00, 0x00, 0x00, 0x00, 0x00, 0x00, 0x00, 0x00, 0x00, 0x00, 0x00, 0x00,
    0x00, 0x00, 0x00, 0x00, 0x00, 0x00, 0x00, 0x00, 0x00, 0x00, 0x00, 0x00,
    0x00, 0x00, 0x00, 0x00, 0x00, 0x00, 0x00, 0x00, 0x00, 0x00, 0x00, 0x00,
    0x00, 0x00, 0x00, 0x00, 0x00, 0x00, 0x00, 0x00, 0x00, 0x00, 0x00, 0x00,
    0x00, 0x00, 0x00, 0x00, 0x00, 0x00, 0x00, 0x00, 0x00, 0x00, 0x00, 0x00,
    0x00, 0x00, 0x00, 0x00, 0x00, 0x00, 0x00, 0x00, 0x00, 0x00, 0x00, 0x00,
    0x80, 0x00, 0x00, 0x04, 0x80, 0x40, 0x00, 0x04, 0x80, 0x28, 0x00, 0x04,
    0x70, 0x1c, 0x00, 0x08, 0x70, 0x30, 0x00, 0x0c, 0x78, 0x20, 0x00, 0x10,
    0xf8, 0xfc, 0xf8, 0xff, 0xf8, 0xfc, 0xf8, 0xff, 0xf8, 0xfc, 0xf8, 0xff,
    0xf8, 0xfc, 0xf8, 0xff, 0xf8, 0xfc, 0xf8, 0xff, 0xf8, 0xfc, 0xf8, 0xff,
    0xf8, 0xfc, 0xf8, 0xff, 0xf8, 0xfc, 0xf8, 0xff, 0xf8, 0xfc, 0xf8, 0xff,
    0xf8, 0xfc, 0xf8, 0xff, 0xf8, 0xfc, 0xf8, 0xff, 0xf8, 0xfc, 0xf8, 0xff,
    0xf8, 0xfc, 0xf8, 0xff, 0xf8, 0xfc, 0xf8, 0xff, 0xf8, 0xfc, 0xf8, 0xff,
    0xf8, 0xfc, 0xf8, 0xff, 0xf8, 0xfc, 0xf8, 0xff, 0xf8, 0xfc, 0xf8, 0xff,
    0xf8, 0xfc, 0xf8, 0xff, 0xf8, 0xfc, 0xf8, 0xff, 0xf8, 0xfc, 0xf8, 0xff,
    0xf8, 0xfc, 0xf8, 0xff, 0xf8, 0xfc, 0xf8, 0xff, 0xf8, 0xfc, 0xf8, 0xff,
    0xf8, 0xfc, 0xf8, 0xff, 0xf8, 0xfc, 0xf8, 0xff, 0xf8, 0xfc, 0xf8, 0xff,
    0xf8, 0xfc, 0xf8, 0xff, 0xf8, 0xfc, 0xf8, 0xff, 0xf8, 0xfc, 0xf8, 0xff,
    0xf8, 0xfc, 0xf8, 0xff, 0xf8, 0xfc, 0xf8, 0xff, 0xf8, 0xfc, 0xf8, 0xff,
    0xf8, 0xfc, 0xf8, 0xff, 0xf8, 0xfc, 0xf8, 0xff, 0xf8, 0xfc, 0xf8, 0xff,
    0xf8, 0xfc, 0xf8, 0xff, 0xf8, 0xfc, 0xf8, 0xff, 0xf8, 0xfc, 0xf8, 0xff,
    0xf8, 0xfc, 0xf8, 0xff, 0xf8, 0xfc, 0xf8, 0xff, 0xf8, 0xfc, 0xf8, 0xff,
    0xf8, 0xfc, 0xf8, 0xff, 0xf8, 0xfc, 0xf8, 0xff, 0xf8, 0xfc, 0xf8, 0xff,
    0xf8, 0xfc, 0xf8, 0xff, 0xf8, 0xfc, 0xf8, 0xff, 0xf8, 0xfc, 0xf8, 0xff,
    0xf8, 0xfc, 0xf8, 0xff, 0xf8, 0xfc, 0xf8, 0xff, 0xf8, 0xfc, 0xf8, 0xff,
    0xf8, 0xfc, 0xf8, 0xff, 0xf8, 0xfc, 0xf8, 0xff, 0xf8, 0xfc, 0xf8, 0xff,
    0xf8, 0xfc, 0xf8, 0xff, 0xf8, 0xfc, 0xf8, 0xff, 0xf8, 0xfc, 0xf8, 0xff,
    0xf8, 0xfc, 0xf8, 0xff, 0xf8, 0xfc, 0xf8, 0xff, 0xf8, 0xfc, 0xf8, 0xff,
    0xf8, 0xf8, 0xf8, 0xff, 0xf8, 0xfc, 0xf8, 0xff, 0xf8, 0xfc, 0xf8, 0xff,
    0xf8, 0xfc, 0xf8, 0xff, 0xf8, 0xf8, 0xf8, 0xff, 0xf8, 0xfc, 0xf8, 0xff,
    0xf8, 0xf8, 0xf8, 0xff, 0xf8, 0xfc, 0xf8, 0xff, 0xf8, 0xfc, 0xf8, 0xff,
    0xf8, 0xf8, 0xf8, 0xff, 0xf8, 0xf8, 0xf8, 0xff, 0xf8, 0xf8, 0xf8, 0xff,
    0xf8, 0xfc, 0xf8, 0xff, 0xf8, 0xfc, 0xf8, 0xff, 0xf8, 0xf8, 0xf8, 0xff,
    0xf8, 0xf8, 0xf8, 0xff, 0xf8, 0xfc, 0xf8, 0xff, 0xf8, 0xfc, 0xf8, 0xff,
    0xf8, 0xf8, 0xf8, 0xff, 0xf8, 0xf8, 0xf8, 0xff, 0xf8, 0xfc, 0xf8, 0xff,
    0xf8, 0xf8, 0xf8, 0xff, 0xf8, 0xf8, 0xf8, 0xff, 0xf8, 0xf8, 0xf8, 0xff,
    0xf8, 0xf8, 0xf8, 0xff, 0xf8, 0xf8, 0xf8, 0xff, 0xf8, 0xfc, 0xf8, 0xff,
    0xf8, 0xf8, 0xf8, 0xff, 0xf8, 0xf8, 0xf0, 0xff, 0xf8, 0xfc, 0xf8, 0xff,
    0xf8, 0xf8, 0xf8, 0xff, 0xf8, 0xfc, 0xf8, 0xff, 0xf8, 0xf8, 0xf8, 0xff,
    0xf8, 0xfc, 0xf8, 0xff, 0xf8, 0xf8, 0xf0, 0xff, 0xf8, 0xf8, 0xf8, 0xff,
    0xf8, 0xf8, 0xf8, 0xff, 0xf8, 0xf8, 0xf8, 0xff, 0xf8, 0xf8, 0xf0, 0xff,
    0xf8, 0xf8, 0xf8, 0xff, 0xf8, 0xf8, 0xf8, 0xff, 0xf8, 0xf8, 0xf0, 0xff,
    0xf8, 0xf8, 0xf8, 0xff, 0xf8, 0xf8, 0xf0, 0xff, 0xf8, 0xf8, 0xf8, 0xff,
    0xf8, 0xf8, 0xf8, 0xff, 0xf8, 0xf8, 0xf0, 0xff, 0xf8, 0xf8, 0xf8, 0xff,
    0xf8, 0xf8, 0xf8, 0xff, 0xf8, 0xf8, 0xf0, 0xff, 0xf8, 0xf8, 0xf8, 0xff,
    0xf8, 0xf8, 0xf0, 0xff, 0xf8, 0xf8, 0xf8, 0xff, 0xf8, 0xf8, 0xf8, 0xff,
    0xf8, 0xf8, 0xf0, 0xff, 0xf8, 0xf8, 0xf0, 0xff, 0xf8, 0xf8, 0xf8, 0xff,
    0xf8, 0xf4, 0xf8, 0xff, 0xf8, 0xf8, 0xf0, 0xff, 0xf8, 0xf8, 0xf0, 0xff,
    0xf8, 0xf4, 0xf8, 0xff, 0xf8, 0xf8, 0xf0, 0xff, 0xf8, 0xf8, 0xf8, 0xff,
    0xf8, 0xf4, 0xf0, 0xff, 0xf8, 0xf8, 0xf0, 0xff, 0xf8, 0xf8, 0xf8, 0xff,
    0xf8, 0xf8, 0xf0, 0xff, 0xf8, 0xf4, 0xf0, 0xff, 0xf8, 0xf8, 0xf8, 0xff,
    0xf8, 0xf4, 0xf8, 0xff, 0xf8, 0xf8, 0xf0, 0xff, 0xf8, 0xf4, 0xf8, 0xff,
    0xf8, 0xf8, 0xf0, 0xff, 0xf8, 0xf8, 0xf0, 0xff, 0xf8, 0xf8, 0xf8, 0xff,
    0xf8, 0xf4, 0xf0, 0xff, 0xf8, 0xf8, 0xf8, 0xff, 0xf8, 0xf8, 0xf8, 0xff,
    0xf8, 0xf8, 0xf0, 0xff, 0xf8, 0xf8, 0xf8, 0xff, 0xf8, 0xf4, 0xf0, 0xff,
    0xf8, 0xf8, 0xf8, 0xff, 0xf8, 0xf4, 0xf0, 0xff, 0xf8, 0xf8, 0xf8, 0xff,
    0xf8, 0xf4, 0xf0, 0xff, 0xf8, 0xf8, 0xf0, 0xff, 0xf8, 0xf4, 0xf8, 0xff,
    0xf8, 0xf8, 0xf8, 0xff, 0xf8, 0xf4, 0xf0, 0xff, 0xf8, 0xf8, 0xf8, 0xff,
    0xf8, 0xf8, 0xf8, 0xff, 0xf8, 0xf4, 0xf0, 0xff, 0xf8, 0xf8, 0xf8, 0xff,
    0xf8, 0xf8, 0xf8, 0xff, 0xf8, 0xf4, 0xf0, 0xff, 0xf8, 0xf8, 0xf0, 0xff,
    0xf8, 0xf8, 0xf8, 0xff, 0xf8, 0xf8, 0xf0, 0xff, 0xf8, 0xf4, 0xf0, 0xff,
    0xf8, 0xf8, 0xf8, 0xff, 0xf8, 0xf8, 0xf0, 0xff, 0xf8, 0xf8, 0xf8, 0xff,
    0xf8, 0xf8, 0xf8, 0xff, 0xf8, 0xf8, 0xf0, 0xff, 0xf8, 0xf8, 0xf8, 0xff,
    0xf8, 0xf4, 0xf8, 0xff, 0xf8, 0xf8, 0xf0, 0xff, 0xf8, 0xf8, 0xf8, 0xff,
    0xf8, 0xf8, 0xf0, 0xff, 0xf8, 0xf4, 0xf8, 0xff, 0xf8, 0xf8, 0xf8, 0xff,
    0xf8, 0xf8, 0xf0, 0xff, 0xf8, 0xf4, 0xf0, 0xff, 0xf8, 0xf8, 0xf8, 0xff,
    0xf8, 0xf8, 0xf0, 0xff, 0xf8, 0xf4, 0xf0, 0xff, 0xf8, 0xf8, 0xf8, 0xff,
    0xf8, 0xf8, 0xf0, 0xff, 0xf8, 0xf8, 0xf8, 0xff, 0xf8, 0xf4, 0xf0, 0xff,
    0xf8, 0xf8, 0xf8, 0xff, 0xf8, 0xf8, 0xf8, 0xff, 0xf8, 0xf8, 0xf0, 0xff,
    0xf8, 0xf8, 0xf8, 0xff, 0xf8, 0xf4, 0xf0, 0xff, 0xf8, 0xf8, 0xf8, 0xff,
    0xf8, 0xf8, 0xf8, 0xff, 0xf8, 0xf4, 0xf0, 0xff, 0xf8, 0xf8, 0xf8, 0xff,
    0xf8, 0xf8, 0xf0, 0xff, 0xf8, 0xf8, 0xf0, 0xff, 0xf8, 0xf8, 0xf8, 0xff,
    0xf8, 0xf4, 0xf0, 0xff, 0xf8, 0xf8, 0xf0, 0xff, 0xf8, 0xf8, 0xf8, 0xff,
    0xf8, 0xf4, 0xf0, 0xff, 0xf8, 0xf8, 0xf0, 0xff, 0xf8, 0xf8, 0xf8, 0xff,
    0xf8, 0xf4, 0xf0, 0xff, 0xf8, 0xf8, 0xf8, 0xff, 0xf8, 0xf8, 0xf8, 0xff,
    0xa0, 0x60, 0x48, 0x24, 0xa0, 0x64, 0x50, 0x1c, 0xa0, 0x6c, 0x50, 0x1c,
    0xa0, 0x7c, 0x60, 0x18, 0xb0, 0x80, 0x68, 0x14, 0xb0, 0x80, 0x70, 0x14,
    0xa8, 0x8c, 0x70, 0x14, 0xb8, 0x94, 0x78, 0x10, 0xb0, 0x90, 0x80, 0x10,
    0xb8, 0x88, 0x78, 0x10, 0xb8, 0x88, 0x78, 0x10, 0xb8, 0x90, 0x70, 0x08,
    0x00, 0x00, 0x00, 0x00, 0x00, 0x00, 0x00, 0x00, 0x00, 0x00, 0x00, 0x00,
    0x00, 0x00, 0x00, 0x00, 0x00, 0x00, 0x00, 0x00, 0x00, 0x00, 0x00, 0x00,
    0x00, 0x00, 0x00, 0x00, 0x00, 0x00, 0x00, 0x00, 0x00, 0x00, 0x00, 0x00,
    0x00, 0x00, 0x00, 0x00, 0x00, 0x00, 0x00, 0x00, 0x00, 0x00, 0x00, 0x00,
    0x00, 0x00, 0x00, 0x00, 0x00, 0x00, 0x00, 0x00, 0x00, 0x00, 0x00, 0x00,
    0x00, 0x00, 0x00, 0x00, 0x00, 0x00, 0x00, 0x00, 0x00, 0x00, 0x00, 0x00,
    0x00, 0x00, 0x00, 0x00, 0x00, 0x00, 0x00, 0x00, 0x00, 0x00, 0x00, 0x00,
    0x00, 0x00, 0x00, 0x00, 0x00, 0x00, 0x00, 0x00, 0x00, 0x00, 0x00, 0x00,
    0x00, 0x00, 0x00, 0x00, 0x00, 0x00, 0x00, 0x00, 0x00, 0x00, 0x00, 0x00,
    0x00, 0x00, 0x00, 0x00, 0x00, 0x00, 0x00, 0x00, 0x00, 0x00, 0x00, 0x00,
    0x00, 0x00, 0x00, 0x00, 0x00, 0x00, 0x00, 0x00, 0x00, 0x00, 0x00, 0x00,
    0x00, 0x00, 0x00, 0x00, 0x00, 0x00, 0x00, 0x00, 0x00, 0x00, 0x00, 0x00,
    0x00, 0x00, 0x00, 0x00, 0x00, 0x00, 0x00, 0x00, 0x00, 0x00, 0x00, 0x00,
    0x00, 0x00, 0x00, 0x00, 0x00, 0x00, 0x00, 0x00, 0x00, 0x00, 0x00, 0x00,
    0x80, 0x00, 0x00, 0x04, 0x80, 0x40, 0x00, 0x04, 0x80, 0x28, 0x00, 0x04,
    0x70, 0x1c, 0x00, 0x08, 0x78, 0x30, 0x00, 0x0c, 0x78, 0x20, 0x00, 0x10,
    0xf8, 0xfc, 0xf8, 0xff, 0xf8, 0xfc, 0xf8, 0xff, 0xf8, 0xfc, 0xf8, 0xff,
    0xf8, 0xfc, 0xf8, 0xff, 0xf8, 0xfc, 0xf8, 0xff, 0xf8, 0xfc, 0xf8, 0xff,
    0xf8, 0xfc, 0xf8, 0xff, 0xf8, 0xfc, 0xf8, 0xff, 0xf8, 0xfc, 0xf8, 0xff,
    0xf8, 0xfc, 0xf8, 0xff, 0xf8, 0xfc, 0xf8, 0xff, 0xf8, 0xfc, 0xf8, 0xff,
    0xf8, 0xfc, 0xf8, 0xff, 0xf8, 0xfc, 0xf8, 0xff, 0xf8, 0xfc, 0xf8, 0xff,
    0xf8, 0xfc, 0xf8, 0xff, 0xf8, 0xfc, 0xf8, 0xff, 0xf8, 0xfc, 0xf8, 0xff,
    0xf8, 0xfc, 0xf8, 0xff, 0xf8, 0xfc, 0xf8, 0xff, 0xf8, 0xfc, 0xf8, 0xff,
    0xf8, 0xfc, 0xf8, 0xff, 0xf8, 0xfc, 0xf8, 0xff, 0xf8, 0xfc, 0xf8, 0xff,
    0xf8, 0xfc, 0xf8, 0xff, 0xf8, 0xfc, 0xf8, 0xff, 0xf8, 0xfc, 0xf8, 0xff,
    0xf8, 0xfc, 0xf8, 0xff, 0xf8, 0xfc, 0xf8, 0xff, 0xf8, 0xfc, 0xf8, 0xff,
    0xf8, 0xfc, 0xf8, 0xff, 0xf8, 0xfc, 0xf8, 0xff, 0xf8, 0xfc, 0xf8, 0xff,
    0xf8, 0xfc, 0xf8, 0xff, 0xf8, 0xfc, 0xf8, 0xff, 0xf8, 0xfc, 0xf8, 0xff,
    0xf8, 0xfc, 0xf8, 0xff, 0xf8, 0xfc, 0xf8, 0xff, 0xf8, 0xfc, 0xf8, 0xff,
    0xf8, 0xfc, 0xf8, 0xff, 0xf8, 0xfc, 0xf8, 0xff, 0xf8, 0xfc, 0xf8, 0xff,
    0xf8, 0xfc, 0xf8, 0xff, 0xf8, 0xfc, 0xf8, 0xff, 0xf8, 0xfc, 0xf8, 0xff,
    0xf8, 0xfc, 0xf8, 0xff, 0xf8, 0xfc, 0xf8, 0xff, 0xf8, 0xfc, 0xf8, 0xff,
    0xf8, 0xfc, 0xf8, 0xff, 0xf8, 0xfc, 0xf8, 0xff, 0xf8, 0xfc, 0xf8, 0xff,
    0xf8, 0xfc, 0xf8, 0xff, 0xf8, 0xfc, 0xf8, 0xff, 0xf8, 0xfc, 0xf8, 0xff,
    0xf8, 0xfc, 0xf8, 0xff, 0xf8, 0xfc, 0xf8, 0xff, 0xf8, 0xfc, 0xf8, 0xff,
    0xf8, 0xfc, 0xf8, 0xff, 0xf8, 0xfc, 0xf8, 0xff, 0xf8, 0xfc, 0xf8, 0xff,
    0xf8, 0xfc, 0xf8, 0xff, 0xf8, 0xf8, 0xf8, 0xff, 0xf8, 0xfc, 0xf8, 0xff,
    0xf8, 0xfc, 0xf8, 0xff, 0xf8, 0xfc, 0xf8, 0xff, 0xf8, 0xf8, 0xf8, 0xff,
    0xf8, 0xfc, 0xf8, 0xff, 0xf8, 0xfc, 0xf8, 0xff, 0xf8, 0xf8, 0xf8, 0xff,
    0xf8, 0xf8, 0xf8, 0xff, 0xf8, 0xfc, 0xf8, 0xff, 0xf8, 0xf8, 0xf8, 0xff,
    0xf8, 0xf8, 0xf8, 0xff, 0xf8, 0xfc, 0xf8, 0xff, 0xf8, 0xfc, 0xf8, 0xff,
    0xf8, 0xf8, 0xf8, 0xff, 0xf8, 0xf8, 0xf8, 0xff, 0xf8, 0xfc, 0xf8, 0xff,
    0xf8, 0xfc, 0xf8, 0xff, 0xf8, 0xf8, 0xf8, 0xff, 0xf8, 0xf8, 0xf8, 0xff,
    0xf8, 0xf8, 0xf8, 0xff, 0xf8, 0xfc, 0xf8, 0xff, 0xf8, 0xf8, 0xf0, 0xff,
    0xf8, 0xf8, 0xf8, 0xff, 0xf8, 0xfc, 0xf8, 0xff, 0xf8, 0xf8, 0xf8, 0xff,
    0xf8, 0xf8, 0xf8, 0xff, 0xf8, 0xfc, 0xf0, 0xff, 0xf8, 0xf8, 0xf8, 0xff,
    0xf8, 0xf8, 0xf8, 0xff, 0xf8, 0xf8, 0xf0, 0xff, 0xf8, 0xf8, 0xf8, 0xff,
    0xf8, 0xf8, 0xf8, 0xff, 0xf8, 0xf8, 0xf8, 0xff, 0xf8, 0xf8, 0xf8, 0xff,
    0xf8, 0xf8, 0xf8, 0xff, 0xf8, 0xf8, 0xf8, 0xff, 0xf8, 0xf8, 0xf8, 0xff,
    0xf8, 0xf8, 0xf0, 0xff, 0xf8, 0xf8, 0xf8, 0xff, 0xf8, 0xf8, 0xf8, 0xff,
    0xf8, 0xf8, 0xf0, 0xff, 0xf8, 0xf8, 0xf8, 0xff, 0xf8, 0xf8, 0xf0, 0xff,
    0xf8, 0xf8, 0xf8, 0xff, 0xf8, 0xf8, 0xf0, 0xff, 0xf8, 0xf8, 0xf8, 0xff,
    0xf8, 0xf8, 0xf0, 0xff, 0xf8, 0xf8, 0xf8, 0xff, 0xf8, 0xf8, 0xf8, 0xff,
    0xf8, 0xf8, 0xf0, 0xff, 0xf8, 0xf8, 0xf8, 0xff, 0xf8, 0xf8, 0xf8, 0xff,
    0xf8, 0xf4, 0xf0, 0xff, 0xf8, 0xf8, 0xf0, 0xff, 0xf8, 0xf8, 0xf8, 0xff,
    0xf8, 0xf8, 0xf8, 0xff, 0xf8, 0xf8, 0xf0, 0xff, 0xf8, 0xf8, 0xf8, 0xff,
    0xf8, 0xf8, 0xf8, 0xff, 0xf8, 0xf8, 0xf0, 0xff, 0xf8, 0xf4, 0xf8, 0xff,
    0xf8, 0xf8, 0xf0, 0xff, 0xf8, 0xf8, 0xf8, 0xff, 0xf8, 0xf4, 0xf8, 0xff,
    0xf8, 0xf8, 0xf0, 0xff, 0xf8, 0xf8, 0xf0, 0xff, 0xf8, 0xf8, 0xf8, 0xff,
    0xf8, 0xf8, 0xf0, 0xff, 0xf8, 0xf8, 0xf8, 0xff, 0xf8, 0xf8, 0xf8, 0xff,
    0xf8, 0xf4, 0xf0, 0xff, 0xf8, 0xf8, 0xf8, 0xff, 0xf8, 0xf8, 0xf0, 0xff,
    0xf8, 0xf8, 0xf0, 0xff, 0xf8, 0xf4, 0xf8, 0xff, 0xf8, 0xf8, 0xf0, 0xff,
    0xf8, 0xf8, 0xf8, 0xff, 0xf8, 0xf4, 0xf0, 0xff, 0xf8, 0xf8, 0xf8, 0xff,
    0xf8, 0xf8, 0xf0, 0xff, 0xf8, 0xf8, 0xf8, 0xff, 0xf8, 0xf4, 0xf8, 0xff,
    0xf8, 0xf8, 0xf8, 0xff, 0xf8, 0xf8, 0xf0, 0xff, 0xf8, 0xf8, 0xf0, 0xff,
    0xf8, 0xf4, 0xf8, 0xff, 0xf8, 0xf8, 0xf0, 0xff, 0xf8, 0xf8, 0xf0, 0xff,
    0xf8, 0xf4, 0xf8, 0xff, 0xf8, 0xf8, 0xf0, 0xff, 0xf8, 0xf8, 0xf0, 0xff,
    0xf8, 0xf8, 0xf8, 0xff, 0xf8, 0xf8, 0xf8, 0xff, 0xf8, 0xf8, 0xf0, 0xff,
    0xf8, 0xf8, 0xf8, 0xff, 0xf8, 0xf8, 0xf0, 0xff, 0xf8, 0xf4, 0xf8, 0xff,
    0xf8, 0xf8, 0xf0, 0xff, 0xf8, 0xf4, 0xf0, 0xff, 0xf8, 0xf4, 0xf8, 0xff,
    0xf8, 0xf8, 0xf0, 0xff, 0xf8, 0xf8, 0xf0, 0xff, 0xf8, 0xf8, 0xf8, 0xff,
    0xf8, 0xf8, 0xf0, 0xff, 0xf8, 0xf4, 0xf8, 0xff, 0xf8, 0xf8, 0xf0, 0xff,
    0xf8, 0xf8, 0xf0, 0xff, 0xf8, 0xf8, 0xf8, 0xff, 0xf8, 0xf8, 0xf8, 0xff,
    0xf8, 0xf8, 0xf0, 0xff, 0xf8, 0xf8, 0xf8, 0xff, 0xf8, 0xf8, 0xf8, 0xff,
    0xf8, 0xf4, 0xf0, 0xff, 0xf8, 0xf8, 0xf8, 0xff, 0xf8, 0xf8, 0xf0, 0xff,
    0xf8, 0xf4, 0xf8, 0xff, 0xf8, 0xf8, 0xf0, 0xff, 0xf8, 0xf8, 0xf0, 0xff,
    0xf8, 0xf8, 0xf8, 0xff, 0xf8, 0xf4, 0xf0, 0xff, 0xf8, 0xf8, 0xf8, 0xff,
    0xf8, 0xf8, 0xf0, 0xff, 0xf8, 0xf4, 0xf0, 0xff, 0xf8, 0xf8, 0xf8, 0xff,
    0xf8, 0xf8, 0xf0, 0xff, 0xf8, 0xf8, 0xf8, 0xff, 0xf8, 0xf4, 0xf8, 0xff,
    0xf8, 0xf8, 0xf0, 0xff, 0xf8, 0xf8, 0xf8, 0xff, 0xf8, 0xf4, 0xf8, 0xff,
    0xf8, 0xf8, 0xf0, 0xff, 0xf8, 0xf8, 0xf8, 0xff, 0xf8, 0xf8, 0xf8, 0xff,
    0xf8, 0xf8, 0xf0, 0xff, 0xf8, 0xf8, 0xf8, 0xff, 0xf8, 0xf4, 0xf0, 0xff,
    0xf8, 0xf8, 0xf0, 0xff, 0xf8, 0xf8, 0xf8, 0xff, 0xf8, 0xf8, 0xf0, 0xff,
    0xa0, 0x60, 0x40, 0x20, 0xa0, 0x64, 0x50, 0x20, 0xa0, 0x68, 0x58, 0x1c,
    0xa8, 0x74, 0x60, 0x18, 0xa8, 0x78, 0x60, 0x14, 0xb0, 0x84, 0x68, 0x14,
    0xa8, 0x90, 0x70, 0x14, 0xb0, 0x90, 0x80, 0x10, 0xc0, 0x88, 0x78, 0x10,
    0xb8, 0x88, 0x78, 0x10, 0xb8, 0x90, 0x80, 0x0c, 0xa8, 0x94, 0x80, 0x0c,
    0x00, 0x00, 0x00, 0x00, 0x00, 0x00, 0x00, 0x00, 0x00, 0x00, 0x00, 0x00,
    0x00, 0x00, 0x00, 0x00, 0x00, 0x00, 0x00, 0x00, 0x00, 0x00, 0x00, 0x00,
    0x00, 0x00, 0x00, 0x00, 0x00, 0x00, 0x00, 0x00, 0x00, 0x00, 0x00, 0x00,
    0x00, 0x00, 0x00, 0x00, 0x00, 0x00, 0x00, 0x00, 0x00, 0x00, 0x00, 0x00,
    0x00, 0x00, 0x00, 0x00, 0x00, 0x00, 0x00, 0x00, 0x00, 0x00, 0x00, 0x00,
    0x00, 0x00, 0x00, 0x00, 0x00, 0x00, 0x00, 0x00, 0x00, 0x00, 0x00, 0x00,
    0x00, 0x00, 0x00, 0x00, 0x00, 0x00, 0x00, 0x00, 0x00, 0x00, 0x00, 0x00,
    0x00, 0x00, 0x00, 0x00, 0x00, 0x00, 0x00, 0x00, 0x00, 0x00, 0x00, 0x00,
    0x00, 0x00, 0x00, 0x00, 0x00, 0x00, 0x00, 0x00, 0x00, 0x00, 0x00, 0x00,
    0x00, 0x00, 0x00, 0x00, 0x00, 0x00, 0x00, 0x00, 0x00, 0x00, 0x00, 0x00,
    0x00, 0x00, 0x00, 0x00, 0x00, 0x00, 0x00, 0x00, 0x00, 0x00, 0x00, 0x00,
    0x00, 0x00, 0x00, 0x00, 0x00, 0x00, 0x00, 0x00, 0x00, 0x00, 0x00, 0x00,
    0x00, 0x00, 0x00, 0x00, 0x00, 0x00, 0x00, 0x00, 0x00, 0x00, 0x00, 0x00,
    0x00, 0x00, 0x00, 0x00, 0x00, 0x00, 0x00, 0x00, 0x00, 0x00, 0x00, 0x00,
    0x80, 0x00, 0x00, 0x04, 0x80, 0x40, 0x00, 0x04, 0x80, 0x2c, 0x00, 0x08,
    0x70, 0x1c, 0x00, 0x08, 0x70, 0x2c, 0x00, 0x0c, 0x78, 0x24, 0x00, 0x10,
    0xf8, 0xfc, 0xf8, 0xff, 0xf8, 0xfc, 0xf8, 0xff, 0xf8, 0xfc, 0xf8, 0xff,
    0xf8, 0xfc, 0xf8, 0xff, 0xf8, 0xfc, 0xf8, 0xff, 0xf8, 0xfc, 0xf8, 0xff,
    0xf8, 0xfc, 0xf8, 0xff, 0xf8, 0xfc, 0xf8, 0xff, 0xf8, 0xfc, 0xf8, 0xff,
    0xf8, 0xfc, 0xf8, 0xff, 0xf8, 0xfc, 0xf8, 0xff, 0xf8, 0xfc, 0xf8, 0xff,
    0xf8, 0xfc, 0xf8, 0xff, 0xf8, 0xfc, 0xf8, 0xff, 0xf8, 0xfc, 0xf8, 0xff,
    0xf8, 0xfc, 0xf8, 0xff, 0xf8, 0xfc, 0xf8, 0xff, 0xf8, 0xfc, 0xf8, 0xff,
    0xf8, 0xfc, 0xf8, 0xff, 0xf8, 0xfc, 0xf8, 0xff, 0xf8, 0xfc, 0xf8, 0xff,
    0xf8, 0xfc, 0xf8, 0xff, 0xf8, 0xfc, 0xf8, 0xff, 0xf8, 0xfc, 0xf8, 0xff,
    0xf8, 0xfc, 0xf8, 0xff, 0xf8, 0xfc, 0xf8, 0xff, 0xf8, 0xfc, 0xf8, 0xff,
    0xf8, 0xfc, 0xf8, 0xff, 0xf8, 0xfc, 0xf8, 0xff, 0xf8, 0xfc, 0xf8, 0xff,
    0xf8, 0xfc, 0xf8, 0xff, 0xf8, 0xfc, 0xf8, 0xff, 0xf8, 0xfc, 0xf8, 0xff,
    0xf8, 0xfc, 0xf8, 0xff, 0xf8, 0xfc, 0xf8, 0xff, 0xf8, 0xfc, 0xf8, 0xff,
    0xf8, 0xfc, 0xf8, 0xff, 0xf8, 0xfc, 0xf8, 0xff, 0xf8, 0xfc, 0xf8, 0xff,
    0xf8, 0xfc, 0xf8, 0xff, 0xf8, 0xfc, 0xf8, 0xff, 0xf8, 0xfc, 0xf8, 0xff,
    0xf8, 0xfc, 0xf8, 0xff, 0xf8, 0xfc, 0xf8, 0xff, 0xf8, 0xfc, 0xf8, 0xff,
    0xf8, 0xfc, 0xf8, 0xff, 0xf8, 0xfc, 0xf8, 0xff, 0xf8, 0xfc, 0xf8, 0xff,
    0xf8, 0xfc, 0xf8, 0xff, 0xf8, 0xfc, 0xf8, 0xff, 0xf8, 0xfc, 0xf8, 0xff,
    0xf8, 0xfc, 0xf8, 0xff, 0xf8, 0xfc, 0xf8, 0xff, 0xf8, 0xfc, 0xf8, 0xff,
    0xf8, 0xfc, 0xf8, 0xff, 0xf8, 0xfc, 0xf8, 0xff, 0xf8, 0xfc, 0xf8, 0xff,
    0xf8, 0xfc, 0xf8, 0xff, 0xf8, 0xf8, 0xf8, 0xff, 0xf8, 0xfc, 0xf8, 0xff,
    0xf8, 0xfc, 0xf8, 0xff, 0xf8, 0xfc, 0xf8, 0xff, 0xf8, 0xf8, 0xf8, 0xff,
    0xf8, 0xfc, 0xf8, 0xff, 0xf8, 0xfc, 0xf8, 0xff, 0xf8, 0xfc, 0xf8, 0xff,
    0xf8, 0xfc, 0xf8, 0xff, 0xf8, 0xf8, 0xf8, 0xff, 0xf8, 0xf8, 0xf8, 0xff,
    0xf8, 0xfc, 0xf8, 0xff, 0xf8, 0xfc, 0xf8, 0xff, 0xf8, 0xfc, 0xf8, 0xff,
    0xf8, 0xf8, 0xf8, 0xff, 0xf8, 0xf8, 0xf8, 0xff, 0xf8, 0xfc, 0xf8, 0xff,
    0xf8, 0xfc, 0xf8, 0xff, 0xf8, 0xf8, 0xf8, 0xff, 0xf8, 0xf8, 0xf8, 0xff,
    0xf8, 0xfc, 0xf8, 0xff, 0xf8, 0xf8, 0xf8, 0xff, 0xf8, 0xf8, 0xf8, 0xff,
    0xf8, 0xfc, 0xf8, 0xff, 0xf8, 0xf8, 0xf8, 0xff, 0xf8, 0xf8, 0xf8, 0xff,
    0xf8, 0xfc, 0xf8, 0xff, 0xf8, 0xf8, 0xf8, 0xff, 0xf8, 0xf8, 0xf8, 0xff,
    0xf8, 0xf8, 0xf0, 0xff, 0xf8, 0xf8, 0xf8, 0xff, 0xf8, 0xf8, 0xf8, 0xff,
    0xf8, 0xfc, 0xf8, 0xff, 0xf8, 0xf8, 0xf0, 0xff, 0xf8, 0xf8, 0xf8, 0xff,
    0xf8, 0xf8, 0xf8, 0xff, 0xf8, 0xf8, 0xf0, 0xff, 0xf8, 0xf8, 0xf0, 0xff,
    0xf8, 0xf8, 0xf8, 0xff, 0xf8, 0xf8, 0xf8, 0xff, 0xf8, 0xf8, 0xf0, 0xff,
    0xf8, 0xf8, 0xf0, 0xff, 0xf8, 0xf8, 0xf8, 0xff, 0xf8, 0xf8, 0xf8, 0xff,
    0xf8, 0xf8, 0xf0, 0xff, 0xf8, 0xf8, 0xf8, 0xff, 0xf8, 0xf8, 0xf8, 0xff,
    0xf8, 0xf8, 0xf0, 0xff, 0xf8, 0xf8, 0xf8, 0xff, 0xf8, 0xf8, 0xf8, 0xff,
    0xf8, 0xf8, 0xf0, 0xff, 0xf8, 0xf8, 0xf8, 0xff, 0xf8, 0xf8, 0xf8, 0xff,
    0xf8, 0xf8, 0xf0, 0xff, 0xf8, 0xf8, 0xf8, 0xff, 0xf8, 0xf8, 0xf0, 0xff,
    0xf8, 0xf8, 0xf8, 0xff, 0xf8, 0xf4, 0xf8, 0xff, 0xf8, 0xf8, 0xf0, 0xff,
    0xf8, 0xf8, 0xf0, 0xff, 0xf8, 0xf4, 0xf8, 0xff, 0xf8, 0xf4, 0xf0, 0xff,
    0xf8, 0xf8, 0xf0, 0xff, 0xf8, 0xf8, 0xf8, 0xff, 0xf8, 0xf8, 0xf0, 0xff,
    0xf8, 0xf8, 0xf8, 0xff, 0xf8, 0xf8, 0xf0, 0xff, 0xf8, 0xf4, 0xf8, 0xff,
    0xf8, 0xf8, 0xf8, 0xff, 0xf8, 0xf8, 0xf0, 0xff, 0xf8, 0xf4, 0xf8, 0xff,
    0xf8, 0xf8, 0xf0, 0xff, 0xf8, 0xf8, 0xf0, 0xff, 0xf8, 0xf8, 0xf8, 0xff,
    0xf8, 0xf8, 0xf8, 0xff, 0xf8, 0xf4, 0xf0, 0xff, 0xf8, 0xf8, 0xf8, 0xff,
    0xf8, 0xf8, 0xf8, 0xff, 0xf8, 0xf8, 0xf0, 0xff, 0xf8, 0xf4, 0xf0, 0xff,
    0xf8, 0xf8, 0xf8, 0xff, 0xf8, 0xf8, 0xf8, 0xff, 0xf8, 0xf8, 0xf0, 0xff,
    0xf8, 0xf8, 0xf0, 0xff, 0xf8, 0xf8, 0xf8, 0xff, 0xf8, 0xf8, 0xf0, 0xff,
    0xf8, 0xf8, 0xf0, 0xff, 0xf8, 0xf8, 0xf8, 0xff, 0xf8, 0xf8, 0xf8, 0xff,
    0xf8, 0xf8, 0xf0, 0xff, 0xf8, 0xf8, 0xf8, 0xff, 0xf8, 0xf8, 0xf0, 0xff,
    0xf8, 0xf8, 0xf8, 0xff, 0xf8, 0xf8, 0xf8, 0xff, 0xf8, 0xf4, 0xf0, 0xff,
    0xf8, 0xf8, 0xf0, 0xff, 0xf8, 0xf8, 0xf8, 0xff, 0xf8, 0xf4, 0xf8, 0xff,
    0xf8, 0xf8, 0xf0, 0xff, 0xf8, 0xf8, 0xf8, 0xff, 0xf8, 0xf8, 0xf8, 0xff,
    0xf8, 0xf8, 0xf0, 0xff, 0xf8, 0xf8, 0xf8, 0xff, 0xf8, 0xf8, 0xf8, 0xff,
    0xf8, 0xf4, 0xf0, 0xff, 0xf8, 0xf8, 0xf8, 0xff, 0xf8, 0xf8, 0xf0, 0xff,
    0xf8, 0xf4, 0xf8, 0xff, 0xf8, 0xf8, 0xf0, 0xff, 0xf8, 0xf8, 0xf8, 0xff,
    0xf8, 0xf4, 0xf0, 0xff, 0xf8, 0xf8, 0xf0, 0xff, 0xf8, 0xf4, 0xf8, 0xff,
    0xf8, 0xf8, 0xf0, 0xff, 0xf8, 0xf8, 0xf0, 0xff, 0xf8, 0xf4, 0xf8, 0xff,
    0xf8, 0xf8, 0xf8, 0xff, 0xf8, 0xf8, 0xf0, 0xff, 0xf8, 0xf8, 0xf8, 0xff,
    0xf8, 0xf8, 0xf8, 0xff, 0xf8, 0xf4, 0xf0, 0xff, 0xf8, 0xf8, 0xf8, 0xff,
    0xf8, 0xf8, 0xf0, 0xff, 0xf8, 0xf4, 0xf8, 0xff, 0xf8, 0xf8, 0xf0, 0xff,
    0xf8, 0xf8, 0xf8, 0xff, 0xf8, 0xf8, 0xf8, 0xff, 0xf8, 0xf4, 0xf0, 0xff,
    0xf8, 0xf8, 0xf0, 0xff, 0xf8, 0xf8, 0xf8, 0xff, 0xf8, 0xf8, 0xf0, 0xff,
    0xf8, 0xf4, 0xf0, 0xff, 0xf8, 0xf8, 0xf8, 0xff, 0xf8, 0xf8, 0xf0, 0xff,
    0xf8, 0xf8, 0xf0, 0xff, 0xf8, 0xf4, 0xf8, 0xff, 0xf8, 0xf8, 0xf0, 0xff,
    0xf8, 0xf8, 0xf8, 0xff, 0xf8, 0xf4, 0xf8, 0xff, 0xf8, 0xf8, 0xf0, 0xff,
    0xf8, 0xf8, 0xf8, 0xff, 0xf8, 0xf8, 0xf8, 0xff, 0xf8, 0xf4, 0xf0, 0xff,
    0x98, 0x5c, 0x48, 0x20, 0xa0, 0x68, 0x50, 0x1c, 0xa0, 0x6c, 0x50, 0x1c,
    0xa8, 0x70, 0x58, 0x18, 0xa8, 0x78, 0x60, 0x14, 0xa8, 0x80, 0x70, 0x10,
    0xb8, 0x88, 0x78, 0x10, 0xb8, 0x88, 0x78, 0x10, 0xb8, 0x90, 0x80, 0x0c,
    0xb8, 0x94, 0x80, 0x0c, 0xb8, 0x94, 0x80, 0x10, 0xb0, 0x88, 0x78, 0x0c,
    0xa8, 0xac, 0x50, 0x04, 0x00, 0x00, 0x00, 0x00, 0x00, 0x00, 0x00, 0x00,
    0x00, 0x00, 0x00, 0x00, 0x00, 0x00, 0x00, 0x00, 0x00, 0x00, 0x00, 0x00,
    0x00, 0x00, 0x00, 0x00, 0x00, 0x00, 0x00, 0x00, 0x00, 0x00, 0x00, 0x00,
    0x00, 0x00, 0x00, 0x00, 0x00, 0x00, 0x00, 0x00, 0x00, 0x00, 0x00, 0x00,
    0x00, 0x00, 0x00, 0x00, 0x00, 0x00, 0x00, 0x00, 0x00, 0x00, 0x00, 0x00,
    0x00, 0x00, 0x00, 0x00, 0x00, 0x00, 0x00, 0x00, 0x00, 0x00, 0x00, 0x00,
    0x00, 0x00, 0x00, 0x00, 0x00, 0x00, 0x00, 0x00, 0x00, 0x00, 0x00, 0x00,
    0x00, 0x00, 0x00, 0x00, 0x00, 0x00, 0x00, 0x00, 0x00, 0x00, 0x00, 0x00,
    0x00, 0x00, 0x00, 0x00, 0x00, 0x00, 0x00, 0x00, 0x00, 0x00, 0x00, 0x00,
    0x00, 0x00, 0x00, 0x00, 0x00, 0x00, 0x00, 0x00, 0x00, 0x00, 0x00, 0x00,
    0x00, 0x00, 0x00, 0x00, 0x00, 0x00, 0x00, 0x00, 0x00, 0x00, 0x00, 0x00,
    0x00, 0x00, 0x00, 0x00, 0x00, 0x00, 0x00, 0x00, 0x00, 0x00, 0x00, 0x00,
    0x00, 0x00, 0x00, 0x00, 0x00, 0x00, 0x00, 0x00, 0x00, 0x00, 0x00, 0x00,
    0x00, 0x00, 0x00, 0x00, 0x00, 0x00, 0x00, 0x00, 0x00, 0x00, 0x00, 0x00,
    0x80, 0x00, 0x00, 0x00, 0x80, 0x40, 0x00, 0x04, 0x80, 0x2c, 0x00, 0x08,
    0x70, 0x1c, 0x00, 0x08, 0x70, 0x2c, 0x00, 0x0c, 0x78, 0x24, 0x00, 0x0c,
    0xf8, 0xfc, 0xf8, 0xff, 0xf8, 0xfc, 0xf8, 0xff, 0xf8, 0xfc, 0xf8, 0xff,
    0xf8, 0xfc, 0xf8, 0xff, 0xf8, 0xfc, 0xf8, 0xff, 0xf8, 0xfc, 0xf8, 0xff,
    0xf8, 0xfc, 0xf8, 0xff, 0xf8, 0xfc, 0xf8, 0xff, 0xf8, 0xfc, 0xf8, 0xff,
    0xf8, 0xfc, 0xf8, 0xff, 0xf8, 0xfc, 0xf8, 0xff, 0xf8, 0xfc, 0xf8, 0xff,
    0xf8, 0xfc, 0xf8, 0xff, 0xf8, 0xfc, 0xf8, 0xff, 0xf8, 0xfc, 0xf8, 0xff,
    0xf8, 0xfc, 0xf8, 0xff, 0xf8, 0xfc, 0xf8, 0xff, 0xf8, 0xfc, 0xf8, 0xff,
    0xf8, 0xfc, 0xf8, 0xff, 0xf8, 0xfc, 0xf8, 0xff, 0xf8, 0xfc, 0xf8, 0xff,
    0xf8, 0xfc, 0xf8, 0xff, 0xf8, 0xfc, 0xf8, 0xff, 0xf8, 0xfc, 0xf8, 0xff,
    0xf8, 0xfc, 0xf8, 0xff, 0xf8, 0xfc, 0xf8, 0xff, 0xf8, 0xfc, 0xf8, 0xff,
    0xf8, 0xfc, 0xf8, 0xff, 0xf8, 0xfc, 0xf8, 0xff, 0xf8, 0xfc, 0xf8, 0xff,
    0xf8, 0xfc, 0xf8, 0xff, 0xf8, 0xfc, 0xf8, 0xff, 0xf8, 0xfc, 0xf8, 0xff,
    0xf8, 0xfc, 0xf8, 0xff, 0xf8, 0xfc, 0xf8, 0xff, 0xf8, 0xfc, 0xf8, 0xff,
    0xf8, 0xfc, 0xf8, 0xff, 0xf8, 0xfc, 0xf8, 0xff, 0xf8, 0xfc, 0xf8, 0xff,
    0xf8, 0xfc, 0xf8, 0xff, 0xf8, 0xfc, 0xf8, 0xff, 0xf8, 0xfc, 0xf8, 0xff,
    0xf8, 0xfc, 0xf8, 0xff, 0xf8, 0xfc, 0xf8, 0xff, 0xf8, 0xfc, 0xf8, 0xff,
    0xf8, 0xfc, 0xf8, 0xff, 0xf8, 0xfc, 0xf8, 0xff, 0xf8, 0xfc, 0xf8, 0xff,
    0xf8, 0xfc, 0xf8, 0xff, 0xf8, 0xfc, 0xf8, 0xff, 0xf8, 0xfc, 0xf8, 0xff,
    0xf8, 0xfc, 0xf8, 0xff, 0xf8, 0xfc, 0xf8, 0xff, 0xf8, 0xfc, 0xf8, 0xff,
    0xf8, 0xfc, 0xf8, 0xff, 0xf8, 0xfc, 0xf8, 0xff, 0xf8, 0xfc, 0xf8, 0xff,
    0xf8, 0xfc, 0xf8, 0xff, 0xf8, 0xf8, 0xf8, 0xff, 0xf8, 0xfc, 0xf8, 0xff,
    0xf8, 0xfc, 0xf8, 0xff, 0xf8, 0xfc, 0xf8, 0xff, 0xf8, 0xfc, 0xf8, 0xff,
    0xf8, 0xf8, 0xf8, 0xff, 0xf8, 0xfc, 0xf8, 0xff, 0xf8, 0xfc, 0xf8, 0xff,
    0xf8, 0xf8, 0xf8, 0xff, 0xf8, 0xf8, 0xf8, 0xff, 0xf8, 0xfc, 0xf8, 0xff,
    0xf8, 0xf8, 0xf8, 0xff, 0xf8, 0xf8, 0xf8, 0xff, 0xf8, 0xfc, 0xf8, 0xff,
    0xf8, 0xfc, 0xf8, 0xff, 0xf8, 0xf8, 0xf8, 0xff, 0xf8, 0xf8, 0xf8, 0xff,
    0xf8, 0xfc, 0xf8, 0xff, 0xf8, 0xfc, 0xf8, 0xff, 0xf8, 0xf8, 0xf8, 0xff,
    0xf8, 0xf8, 0xf8, 0xff, 0xf8, 0xf8, 0xf8, 0xff, 0xf8, 0xf8, 0xf8, 0xff,
    0xf8, 0xf8, 0xf0, 0xff, 0xf8, 0xf8, 0xf8, 0xff, 0xf8, 0xf8, 0xf8, 0xff,
    0xf8, 0xf8, 0xf8, 0xff, 0xf8, 0xf8, 0xf8, 0xff, 0xf8, 0xfc, 0xf0, 0xff,
    0xf8, 0xf8, 0xf8, 0xff, 0xf8, 0xf8, 0xf8, 0xff, 0xf8, 0xfc, 0xf8, 0xff,
    0xf8, 0xf8, 0xf0, 0xff, 0xf8, 0xf8, 0xf8, 0xff, 0xf8, 0xf8, 0xf8, 0xff,
    0xf8, 0xf8, 0xf8, 0xff, 0xf8, 0xf8, 0xf8, 0xff, 0xf8, 0xf8, 0xf8, 0xff,
    0xf8, 0xf8, 0xf0, 0xff, 0xf8, 0xf8, 0xf8, 0xff, 0xf8, 0xf8, 0xf8, 0xff,
    0xf8, 0xf8, 0xf0, 0xff, 0xf8, 0xf8, 0xf8, 0xff, 0xf8, 0xf8, 0xf8, 0xff,
    0xf8, 0xf8, 0xf0, 0xff, 0xf8, 0xf8, 0xf8, 0xff, 0xf8, 0xf8, 0xf8, 0xff,
    0xf8, 0xf8, 0xf0, 0xff, 0xf8, 0xf8, 0xf8, 0xff, 0xf8, 0xf8, 0xf8, 0xff,
    0xf8, 0xf8, 0xf0, 0xff, 0xf8, 0xf8, 0xf8, 0xff, 0xf8, 0xf8, 0xf0, 0xff,
    0xf8, 0xf8, 0xf8, 0xff, 0xf8, 0xf4, 0xf0, 0xff, 0xf8, 0xf8, 0xf0, 0xff,
    0xf8, 0xf8, 0xf8, 0xff, 0xf8, 0xf8, 0xf0, 0xff, 0xf8, 0xf4, 0xf8, 0xff,
    0xf8, 0xf8, 0xf8, 0xff, 0xf8, 0xf8, 0xf0, 0xff, 0xf8, 0xf8, 0xf8, 0xff,
    0xf8, 0xf4, 0xf8, 0xff, 0xf8, 0xf8, 0xf0, 0xff, 0xf8, 0xf4, 0xf8, 0xff,
    0xf8, 0xf8, 0xf0, 0xff, 0xf8, 0xf8, 0xf0, 0xff, 0xf8, 0xf8, 0xf0, 0xff,
    0xf8, 0xf8, 0xf8, 0xff, 0xf8, 0xf8, 0xf0, 0xff, 0xf8, 0xf4, 0xf8, 0xff,
    0xf8, 0xf8, 0xf8, 0xff, 0xf8, 0xf4, 0xf0, 0xff, 0xf8, 0xf8, 0xf0, 0xff,
    0xf8, 0xf8, 0xf8, 0xff, 0xf8, 0xf8, 0xf0, 0xff, 0xf8, 0xf4, 0xf8, 0xff,
    0xf8, 0xf8, 0xf8, 0xff, 0xf8, 0xf8, 0xf0, 0xff, 0xf8, 0xf8, 0xf8, 0xff,
    0xf8, 0xf4, 0xf0, 0xff, 0xf8, 0xf8, 0xf8, 0xff, 0xf8, 0xf4, 0xf0, 0xff,
    0xf8, 0xf4, 0xf8, 0xff, 0xf8, 0xf8, 0xf0, 0xff, 0xf8, 0xf8, 0xf8, 0xff,
    0xf8, 0xf4, 0xf0, 0xff, 0xf8, 0xf4, 0xf8, 0xff, 0xf8, 0xf8, 0xf0, 0xff,
    0xf8, 0xf8, 0xf8, 0xff, 0xf8, 0xf4, 0xf0, 0xff, 0xf8, 0xf8, 0xf8, 0xff,
    0xf8, 0xf8, 0xf0, 0xff, 0xf8, 0xf4, 0xf8, 0xff, 0xf8, 0xf8, 0xf8, 0xff,
    0xf8, 0xf8, 0xf0, 0xff, 0xf8, 0xf4, 0xf0, 0xff, 0xf8, 0xf8, 0xf8, 0xff,
    0xf8, 0xf4, 0xf0, 0xff, 0xf8, 0xf8, 0xf0, 0xff, 0xf8, 0xf8, 0xf8, 0xff,
    0xf8, 0xf4, 0xf0, 0xff, 0xf8, 0xf8, 0xf8, 0xff, 0xf8, 0xf8, 0xf0, 0xff,
    0xf8, 0xf8, 0xf8, 0xff, 0xf8, 0xf4, 0xf0, 0xff, 0xf8, 0xf8, 0xf8, 0xff,
    0xf8, 0xf8, 0xf0, 0xff, 0xf8, 0xf8, 0xf8, 0xff, 0xf8, 0xf8, 0xf8, 0xff,
    0xf8, 0xf8, 0xf8, 0xff, 0xf8, 0xf4, 0xf0, 0xff, 0xf8, 0xf8, 0xf8, 0xff,
    0xf8, 0xf8, 0xf8, 0xff, 0xf8, 0xf4, 0xf0, 0xff, 0xf8, 0xf8, 0xf0, 0xff,
    0xf8, 0xf8, 0xf8, 0xff, 0xf8, 0xf4, 0xf0, 0xff, 0xf8, 0xf8, 0xf0, 0xff,
    0xf8, 0xf8, 0xf8, 0xff, 0xf8, 0xf8, 0xf0, 0xff, 0xf8, 0xf8, 0xf8, 0xff,
    0xf8, 0xf8, 0xf8, 0xff, 0xf8, 0xf8, 0xf0, 0xff, 0xf8, 0xf8, 0xf0, 0xff,
    0xf8, 0xf8, 0xf8, 0xff, 0xf8, 0xf8, 0xf8, 0xff, 0xf8, 0xf8, 0xf0, 0xff,
    0xf8, 0xf4, 0xf8, 0xff, 0xf8, 0xf8, 0xf0, 0xff, 0xf8, 0xf8, 0xf8, 0xff,
    0xf8, 0xf8, 0xf8, 0xff, 0xf8, 0xf4, 0xf0, 0xff, 0xf8, 0xf8, 0xf8, 0xff,
    0xf8, 0xf8, 0xf8, 0xff, 0xf8, 0xf8, 0xf0, 0xff, 0xf8, 0xf4, 0xf0, 0xff,
    0xf8, 0xf8, 0xf8, 0xff, 0xf8, 0xf8, 0xf0, 0xff, 0xf8, 0xf8, 0xf0, 0xff,
    0xf8, 0xf8, 0xf8, 0xff, 0xf8, 0xf4, 0xf0, 0xff, 0xf8, 0xf8, 0xf8, 0xff,
    0xa0, 0x60, 0x40, 0x20, 0xa0, 0x64, 0x48, 0x1c, 0xa0, 0x6c, 0x50, 0x18,
    0xa8, 0x70, 0x58, 0x18, 0xa8, 0x80, 0x68, 0x14, 0xa8, 0x80, 0x70, 0x14,
    0xb0, 0x90, 0x70, 0x10, 0xb8, 0x88, 0x78, 0x10, 0xb8, 0x90, 0x80, 0x0c,
    0xb8, 0x90, 0x80, 0x10, 0xb0, 0x88, 0x78, 0x0c, 0xb0, 0x88, 0x78, 0x0c,
    0xb8, 0x94, 0x68, 0x08, 0x00, 0x00, 0x00, 0x00, 0x00, 0x00, 0x00, 0x00,
    0x00, 0x00, 0x00, 0x00, 0x00, 0x00, 0x00, 0x00, 0x00, 0x00, 0x00, 0x00,
    0x00, 0x00, 0x00, 0x00, 0x00, 0x00, 0x00, 0x00, 0x00, 0x00, 0x00, 0x00,
    0x00, 0x00, 0x00, 0x00, 0x00, 0x00, 0x00, 0x00, 0x00, 0x00, 0x00, 0x00,
    0x00, 0x00, 0x00, 0x00, 0x00, 0x00, 0x00, 0x00, 0x00, 0x00, 0x00, 0x00,
    0x00, 0x00, 0x00, 0x00, 0x00, 0x00, 0x00, 0x00, 0x00, 0x00, 0x00, 0x00,
    0x00, 0x00, 0x00, 0x00, 0x00, 0x00, 0x00, 0x00, 0x00, 0x00, 0x00, 0x00,
    0x00, 0x00, 0x00, 0x00, 0x00, 0x00, 0x00, 0x00, 0x00, 0x00, 0x00, 0x00,
    0x00, 0x00, 0x00, 0x00, 0x00, 0x00, 0x00, 0x00, 0x00, 0x00, 0x00, 0x00,
    0x00, 0x00, 0x00, 0x00, 0x00, 0x00, 0x00, 0x00, 0x00, 0x00, 0x00, 0x00,
    0x00, 0x00, 0x00, 0x00, 0x00, 0x00, 0x00, 0x00, 0x00, 0x00, 0x00, 0x00,
    0x00, 0x00, 0x00, 0x00, 0x00, 0x00, 0x00, 0x00, 0x00, 0x00, 0x00, 0x00,
    0x00, 0x00, 0x00, 0x00, 0x00, 0x00, 0x00, 0x00, 0x00, 0x00, 0x00, 0x00,
    0x00, 0x00, 0x00, 0x00, 0x00, 0x00, 0x00, 0x00, 0x00, 0x00, 0x00, 0x00,
    0x80, 0x00, 0x00, 0x04, 0x78, 0x40, 0x00, 0x04, 0x80, 0x28, 0x00, 0x04,
    0x70, 0x1c, 0x00, 0x08, 0x70, 0x30, 0x00, 0x0c, 0x78, 0x20, 0x00, 0x10,
    0xf8, 0xfc, 0xf8, 0xff, 0xf8, 0xfc, 0xf8, 0xff, 0xf8, 0xfc, 0xf8, 0xff,
    0xf8, 0xfc, 0xf8, 0xff, 0xf8, 0xfc, 0xf8, 0xff, 0xf8, 0xfc, 0xf8, 0xff,
    0xf8, 0xfc, 0xf8, 0xff, 0xf8, 0xfc, 0xf8, 0xff, 0xf8, 0xfc, 0xf8, 0xff,
    0xf8, 0xfc, 0xf8, 0xff, 0xf8, 0xfc, 0xf8, 0xff, 0xf8, 0xfc, 0xf8, 0xff,
    0xf8, 0xfc, 0xf8, 0xff, 0xf8, 0xfc, 0xf8, 0xff, 0xf8, 0xfc, 0xf8, 0xff,
    0xf8, 0xfc, 0xf8, 0xff, 0xf8, 0xfc, 0xf8, 0xff, 0xf8, 0xfc, 0xf8, 0xff,
    0xf8, 0xfc, 0xf8, 0xff, 0xf8, 0xfc, 0xf8, 0xff, 0xf8, 0xfc, 0xf8, 0xff,
    0xf8, 0xfc, 0xf8, 0xff, 0xf8, 0xfc, 0xf8, 0xff, 0xf8, 0xfc, 0xf8, 0xff,
    0xf8, 0xfc, 0xf8, 0xff, 0xf8, 0xfc, 0xf8, 0xff, 0xf8, 0xfc, 0xf8, 0xff,
    0xf8, 0xfc, 0xf8, 0xff, 0xf8, 0xfc, 0xf8, 0xff, 0xf8, 0xfc, 0xf8, 0xff,
    0xf8, 0xfc, 0xf8, 0xff, 0xf8, 0xfc, 0xf8, 0xff, 0xf8, 0xfc, 0xf8, 0xff,
    0xf8, 0xfc, 0xf8, 0xff, 0xf8, 0xfc, 0xf8, 0xff, 0xf8, 0xfc, 0xf8, 0xff,
    0xf8, 0xfc, 0xf8, 0xff, 0xf8, 0xfc, 0xf8, 0xff, 0xf8, 0xfc, 0xf8, 0xff,
    0xf8, 0xfc, 0xf8, 0xff, 0xf8, 0xfc, 0xf8, 0xff, 0xf8, 0xfc, 0xf8, 0xff,
    0xf8, 0xfc, 0xf8, 0xff, 0xf8, 0xfc, 0xf8, 0xff, 0xf8, 0xfc, 0xf8, 0xff,
    0xf8, 0xfc, 0xf8, 0xff, 0xf8, 0xfc, 0xf8, 0xff, 0xf8, 0xfc, 0xf8, 0xff,
    0xf8, 0xfc, 0xf8, 0xff, 0xf8, 0xfc, 0xf8, 0xff, 0xf8, 0xfc, 0xf8, 0xff,
    0xf8, 0xfc, 0xf8, 0xff, 0xf8, 0xfc, 0xf8, 0xff, 0xf8, 0xfc, 0xf8, 0xff,
    0xf8, 0xfc, 0xf8, 0xff, 0xf8, 0xfc, 0xf8, 0xff, 0xf8, 0xf8, 0xf8, 0xff,
    0xf8, 0xfc, 0xf8, 0xff, 0xf8, 0xfc, 0xf8, 0xff, 0xf8, 0xf8, 0xf8, 0xff,
    0xf8, 0xfc, 0xf8, 0xff, 0xf8, 0xfc, 0xf8, 0xff, 0xf8, 0xf8, 0xf8, 0xff,
    0xf8, 0xfc, 0xf8, 0xff, 0xf8, 0xfc, 0xf8, 0xff, 0xf8, 0xf8, 0xf8, 0xff,
    0xf8, 0xf8, 0xf8, 0xff, 0xf8, 0xfc, 0xf8, 0xff, 0xf8, 0xfc, 0xf8, 0xff,
    0xf8, 0xf8, 0xf8, 0xff, 0xf8, 0xf8, 0xf8, 0xff, 0xf8, 0xfc, 0xf8, 0xff,
    0xf8, 0xf8, 0xf8, 0xff, 0xf8, 0xfc, 0xf8, 0xff, 0xf8, 0xf8, 0xf8, 0xff,
    0xf8, 0xf8, 0xf8, 0xff, 0xf8, 0xfc, 0xf8, 0xff, 0xf8, 0xf8, 0xf8, 0xff,
    0xf8, 0xf8, 0xf8, 0xff, 0xf8, 0xfc, 0xf8, 0xff, 0xf8, 0xf8, 0xf8, 0xff,
    0xf8, 0xfc, 0xf8, 0xff, 0xf8, 0xf8, 0xf8, 0xff, 0xf8, 0xfc, 0xf8, 0xff,
    0xf8, 0xf8, 0xf0, 0xff, 0xf8, 0xf8, 0xf8, 0xff, 0xf8, 0xfc, 0xf8, 0xff,
    0xf8, 0xf8, 0xf8, 0xff, 0xf8, 0xf8, 0xf8, 0xff, 0xf8, 0xf8, 0xf0, 0xff,
    0xf8, 0xf8, 0xf8, 0xff, 0xf8, 0xf8, 0xf8, 0xff, 0xf8, 0xf8, 0xf0, 0xff,
    0xf8, 0xf8, 0xf8, 0xff, 0xf8, 0xf8, 0xf8, 0xff, 0xf8, 0xf8, 0xf8, 0xff,
    0xf8, 0xf8, 0xf0, 0xff, 0xf8, 0xf8, 0xf8, 0xff, 0xf8, 0xf8, 0xf8, 0xff,
    0xf8, 0xf8, 0xf0, 0xff, 0xf8, 0xf8, 0xf8, 0xff, 0xf8, 0xf8, 0xf0, 0xff,
    0xf8, 0xf8, 0xf8, 0xff, 0xf8, 0xf8, 0xf8, 0xff, 0xf8, 0xf8, 0xf0, 0xff,
    0xf8, 0xf8, 0xf8, 0xff, 0xf8, 0xf8, 0xf8, 0xff, 0xf8, 0xf8, 0xf0, 0xff,
    0xf8, 0xf8, 0xf8, 0xff, 0xf8, 0xf8, 0xf8, 0xff, 0xf8, 0xf8, 0xf8, 0xff,
    0xf8, 0xf8, 0xf0, 0xff, 0xf8, 0xf4, 0xf8, 0xff, 0xf8, 0xf8, 0xf8, 0xff,
    0xf8, 0xf8, 0xf0, 0xff, 0xf8, 0xf4, 0xf0, 0xff, 0xf8, 0xf8, 0xf8, 0xff,
    0xf8, 0xf8, 0xf0, 0xff, 0xf8, 0xf8, 0xf0, 0xff, 0xf8, 0xf8, 0xf8, 0xff,
    0xf8, 0xf8, 0xf0, 0xff, 0xf8, 0xf8, 0xf8, 0xff, 0xf8, 0xf8, 0xf8, 0xff,
    0xf8, 0xf4, 0xf0, 0xff, 0xf8, 0xf8, 0xf8, 0xff, 0xf8, 0xf4, 0xf8, 0xff,
    0xf8, 0xf8, 0xf0, 0xff, 0xf8, 0xf8, 0xf0, 0xff, 0xf8, 0xf8, 0xf8, 0xff,
    0xf8, 0xf8, 0xf8, 0xff, 0xf8, 0xf8, 0xf0, 0xff, 0xf8, 0xf4, 0xf8, 0xff,
    0xf8, 0xf8, 0xf0, 0xff, 0xf8, 0xf8, 0xf0, 0xff, 0xf8, 0xf8, 0xf0, 0xff,
    0xf8, 0xf4, 0xf8, 0xff, 0xf8, 0xf8, 0xf0, 0xff, 0xf8, 0xf8, 0xf0, 0xff,
    0xf8, 0xf8, 0xf8, 0xff, 0xf8, 0xf8, 0xf0, 0xff, 0xf8, 0xf8, 0xf8, 0xff,
    0xf8, 0xf8, 0xf0, 0xff, 0xf8, 0xf8, 0xf8, 0xff, 0xf8, 0xf8, 0xf8, 0xff,
    0xf8, 0xf8, 0xf0, 0xff, 0xf8, 0xf8, 0xf0, 0xff, 0xf8, 0xf4, 0xf8, 0xff,
    0xf8, 0xf8, 0xf0, 0xff, 0xf8, 0xf8, 0xf8, 0xff, 0xf8, 0xf4, 0xf0, 0xff,
    0xf8, 0xf8, 0xf0, 0xff, 0xf8, 0xf8, 0xf8, 0xff, 0xf8, 0xf8, 0xf0, 0xff,
    0xf8, 0xf8, 0xf8, 0xff, 0xf8, 0xf8, 0xf0, 0xff, 0xf8, 0xf8, 0xf8, 0xff,
    0xf8, 0xf8, 0xf8, 0xff, 0xf8, 0xf4, 0xf0, 0xff, 0xf8, 0xf8, 0xf0, 0xff,
    0xf8, 0xf8, 0xf8, 0xff, 0xf8, 0xf4, 0xf0, 0xff, 0xf8, 0xf8, 0xf0, 0xff,
    0xf8, 0xf8, 0xf8, 0xff, 0xf8, 0xf8, 0xf8, 0xff, 0xf8, 0xf4, 0xf0, 0xff,
    0xf8, 0xf8, 0xf0, 0xff, 0xf8, 0xf8, 0xf8, 0xff, 0xf8, 0xf4, 0xf0, 0xff,
    0xf8, 0xf8, 0xf0, 0xff, 0xf8, 0xf8, 0xf8, 0xff, 0xf8, 0xf8, 0xf0, 0xff,
    0xf8, 0xf8, 0xf8, 0xff, 0xf8, 0xf8, 0xf0, 0xff, 0xf8, 0xf8, 0xf8, 0xff,
    0xf8, 0xf8, 0xf0, 0xff, 0xf8, 0xf4, 0xf8, 0xff, 0xf8, 0xf8, 0xf0, 0xff,
    0xf8, 0xf8, 0xf0, 0xff, 0xf8, 0xf4, 0xf8, 0xff, 0xf8, 0xf8, 0xf0, 0xff,
    0xf8, 0xf4, 0xf8, 0xff, 0xf8, 0xf8, 0xf0, 0xff, 0xf8, 0xf4, 0xf8, 0xff,
    0xf8, 0xf4, 0xf0, 0xff, 0xf8, 0xf8, 0xf0, 0xff, 0xf8, 0xf8, 0xf8, 0xff,
    0xf8, 0xf8, 0xf0, 0xff, 0xf8, 0xf4, 0xf8, 0xff, 0xf8, 0xf8, 0xf0, 0xff,
    0xf8, 0xf8, 0xf0, 0xff, 0xf8, 0xf8, 0xf8, 0xff, 0xf8, 0xf4, 0xf0, 0xff,
    0xf8, 0xf8, 0xf8, 0xff, 0xf8, 0xf8, 0xf0, 0xff, 0xf8, 0xf8, 0xf8, 0xff,
    0xf8, 0xf4, 0xf8, 0xff, 0xf8, 0xf8, 0xf0, 0xff, 0xf8, 0xf8, 0xf8, 0xff,
    0xf8, 0xf4, 0xf0, 0xff, 0xf8, 0xf8, 0xf0, 0xff, 0xf8, 0xf8, 0xf8, 0xff,
    0xa0, 0x60, 0x40, 0x20, 0xa0, 0x68, 0x48, 0x1c, 0xa0, 0x68, 0x50, 0x18,
    0xa0, 0x74, 0x60, 0x14, 0xb0, 0x78, 0x60, 0x14, 0xb8, 0x88, 0x68, 0x10,
    0xa8, 0x88, 0x78, 0x10, 0xb8, 0x90, 0x80, 0x0c, 0xb0, 0x88, 0x78, 0x0c,
    0xb0, 0x88, 0x70, 0x0c, 0xa8, 0x94, 0x80, 0x0c, 0xa8, 0x94, 0x80, 0x0c,
    0xb8, 0x8c, 0x70, 0x0c, 0x00, 0x00, 0x00, 0x00, 0x00, 0x00, 0x00, 0x00,
    0x00, 0x00, 0x00, 0x00, 0x00, 0x00, 0x00, 0x00, 0x00, 0x00, 0x00, 0x00,
    0x00, 0x00, 0x00, 0x00, 0x00, 0x00, 0x00, 0x00, 0x00, 0x00, 0x00, 0x00,
    0x00, 0x00, 0x00, 0x00, 0x00, 0x00, 0x00, 0x00, 0x00, 0x00, 0x00, 0x00,
    0x00, 0x00, 0x00, 0x00, 0x00, 0x00, 0x00, 0x00, 0x00, 0x00, 0x00, 0x00,
    0x00, 0x00, 0x00, 0x00, 0x00, 0x00, 0x00, 0x00, 0x00, 0x00, 0x00, 0x00,
    0x00, 0x00, 0x00, 0x00, 0x00, 0x00, 0x00, 0x00, 0x00, 0x00, 0x00, 0x00,
    0x00, 0x00, 0x00, 0x00, 0x00, 0x00, 0x00, 0x00, 0x00, 0x00, 0x00, 0x00,
    0x00, 0x00, 0x00, 0x00, 0x00, 0x00, 0x00, 0x00, 0x00, 0x00, 0x00, 0x00,
    0x00, 0x00, 0x00, 0x00, 0x00, 0x00, 0x00, 0x00, 0x00, 0x00, 0x00, 0x00,
    0x00, 0x00, 0x00, 0x00, 0x00, 0x00, 0x00, 0x00, 0x00, 0x00, 0x00, 0x00,
    0x00, 0x00, 0x00, 0x00, 0x00, 0x00, 0x00, 0x00, 0x00, 0x00, 0x00, 0x00,
    0x00, 0x00, 0x00, 0x00, 0x00, 0x00, 0x00, 0x00, 0x00, 0x00, 0x00, 0x00,
    0x00, 0x00, 0x00, 0x00, 0x00, 0x00, 0x00, 0x00, 0x00, 0x00, 0x00, 0x00,
    0x80, 0x00, 0x00, 0x04, 0x80, 0x40, 0x00, 0x04, 0x80, 0x28, 0x00, 0x04,
    0x70, 0x1c, 0x00, 0x08, 0x78, 0x30, 0x00, 0x0c, 0x78, 0x20, 0x00, 0x10,
    0xf8, 0xfc, 0xf8, 0xff, 0xf8, 0xfc, 0xf8, 0xff, 0xf8, 0xfc, 0xf8, 0xff,
    0xf8, 0xfc, 0xf8, 0xff, 0xf8, 0xfc, 0xf8, 0xff, 0xf8, 0xfc, 0xf8, 0xff,
    0xf8, 0xfc, 0xf8, 0xff, 0xf8, 0xfc, 0xf8, 0xff, 0xf8, 0xfc, 0xf8, 0xff,
    0xf8, 0xfc, 0xf8, 0xff, 0xf8, 0xfc, 0xf8, 0xff, 0xf8, 0xfc, 0xf8, 0xff,
    0xf8, 0xfc, 0xf8, 0xff, 0xf8, 0xfc, 0xf8, 0xff, 0xf8, 0xfc, 0xf8, 0xff,
    0xf8, 0xfc, 0xf8, 0xff, 0xf8, 0xfc, 0xf8, 0xff, 0xf8, 0xfc, 0xf8, 0xff,
    0xf8, 0xfc, 0xf8, 0xff, 0xf8, 0xfc, 0xf8, 0xff, 0xf8, 0xfc, 0xf8, 0xff,
    0xf8, 0xfc, 0xf8, 0xff, 0xf8, 0xfc, 0xf8, 0xff, 0xf8, 0xfc, 0xf8, 0xff,
    0xf8, 0xfc, 0xf8, 0xff, 0xf8, 0xfc, 0xf8, 0xff, 0xf8, 0xfc, 0xf8, 0xff,
    0xf8, 0xfc, 0xf8, 0xff, 0xf8, 0xfc, 0xf8, 0xff, 0xf8, 0xfc, 0xf8, 0xff,
    0xf8, 0xfc, 0xf8, 0xff, 0xf8, 0xfc, 0xf8, 0xff, 0xf8, 0xfc, 0xf8, 0xff,
    0xf8, 0xfc, 0xf8, 0xff, 0xf8, 0xfc, 0xf8, 0xff, 0xf8, 0xfc, 0xf8, 0xff,
    0xf8, 0xfc, 0xf8, 0xff, 0xf8, 0xfc, 0xf8, 0xff, 0xf8, 0xfc, 0xf8, 0xff,
    0xf8, 0xfc, 0xf8, 0xff, 0xf8, 0xfc, 0xf8, 0xff, 0xf8, 0xfc, 0xf8, 0xff,
    0xf8, 0xfc, 0xf8, 0xff, 0xf8, 0xfc, 0xf8, 0xff, 0xf8, 0xfc, 0xf8, 0xff,
    0xf8, 0xfc, 0xf8, 0xff, 0xf8, 0xfc, 0xf8, 0xff, 0xf8, 0xfc, 0xf8, 0xff,
    0xf8, 0xfc, 0xf8, 0xff, 0xf8, 0xfc, 0xf8, 0xff, 0xf8, 0xfc, 0xf8, 0xff,
    0xf8, 0xfc, 0xf8, 0xff, 0xf8, 0xfc, 0xf8, 0xff, 0xf8, 0xfc, 0xf8, 0xff,
    0xf8, 0xfc, 0xf8, 0xff, 0xf8, 0xf8, 0xf8, 0xff, 0xf8, 0xfc, 0xf8, 0xff,
    0xf8, 0xfc, 0xf8, 0xff, 0xf8, 0xfc, 0xf8, 0xff, 0xf8, 0xfc, 0xf8, 0xff,
    0xf8, 0xf8, 0xf8, 0xff, 0xf8, 0xfc, 0xf8, 0xff, 0xf8, 0xfc, 0xf8, 0xff,
    0xf8, 0xfc, 0xf8, 0xff, 0xf8, 0xf8, 0xf8, 0xff, 0xf8, 0xf8, 0xf8, 0xff,
    0xf8, 0xfc, 0xf8, 0xff, 0xf8, 0xfc, 0xf8, 0xff, 0xf8, 0xf8, 0xf8, 0xff,
    0xf8, 0xfc, 0xf8, 0xff, 0xf8, 0xfc, 0xf8, 0xff, 0xf8, 0xf8, 0xf8, 0xff,
    0xf8, 0xfc, 0xf8, 0xff, 0xf8, 0xfc, 0xf8, 0xff, 0xf8, 0xf8, 0xf8, 0xff,
    0xf8, 0xf8, 0xf8, 0xff, 0xf8, 0xf8, 0xf8, 0xff, 0xf8, 0xf8, 0xf8, 0xff,
    0xf8, 0xfc, 0xf8, 0xff, 0xf8, 0xf8, 0xf0, 0xff, 0xf8, 0xf8, 0xf8, 0xff,
    0xf8, 0xf8, 0xf8, 0xff, 0xf8, 0xfc, 0xf8, 0xff, 0xf8, 0xf8, 0xf8, 0xff,
    0xf8, 0xf8, 0xf0, 0xff, 0xf8, 0xf8, 0xf8, 0xff, 0xf8, 0xf8, 0xf8, 0xff,
    0xf8, 0xfc, 0xf0, 0xff, 0xf8, 0xf8, 0xf8, 0xff, 0xf8, 0xf8, 0xf8, 0xff,
    0xf8, 0xf8, 0xf8, 0xff, 0xf8, 0xf8, 0xf8, 0xff, 0xf8, 0xf8, 0xf0, 0xff,
    0xf8, 0xf8, 0xf8, 0xff, 0xf8, 0xf8, 0xf8, 0xff, 0xf8, 0xf8, 0xf0, 0xff,
    0xf8, 0xf8, 0xf0, 0xff, 0xf8, 0xf8, 0xf8, 0xff, 0xf8, 0xf8, 0xf8, 0xff,
    0xf8, 0xf8, 0xf0, 0xff, 0xf8, 0xf8, 0xf8, 0xff, 0xf8, 0xf8, 0xf8, 0xff,
    0xf8, 0xf8, 0xf0, 0xff, 0xf8, 0xf8, 0xf8, 0xff, 0xf8, 0xf8, 0xf0, 0xff,
    0xf8, 0xf8, 0xf8, 0xff, 0xf8, 0xf8, 0xf0, 0xff, 0xf8, 0xf8, 0xf8, 0xff,
    0xf8, 0xf8, 0xf0, 0xff, 0xf8, 0xf8, 0xf8, 0xff, 0xf8, 0xf8, 0xf0, 0xff,
    0xf8, 0xf4, 0xf0, 0xff, 0xf8, 0xf8, 0xf8, 0xff, 0xf8, 0xf8, 0xf0, 0xff,
    0xf8, 0xf8, 0xf8, 0xff, 0xf8, 0xf8, 0xf8, 0xff, 0xf8, 0xf8, 0xf0, 0xff,
    0xf8, 0xf4, 0xf8, 0xff, 0xf8, 0xf8, 0xf8, 0xff, 0xf8, 0xf4, 0xf0, 0xff,
    0xf8, 0xf8, 0xf0, 0xff, 0xf8, 0xf8, 0xf8, 0xff, 0xf8, 0xf8, 0xf0, 0xff,
    0xf8, 0xf8, 0xf0, 0xff, 0xf8, 0xf4, 0xf8, 0xff, 0xf8, 0xf8, 0xf8, 0xff,
    0xf8, 0xf8, 0xf0, 0xff, 0xf8, 0xf4, 0xf8, 0xff, 0xf8, 0xf8, 0xf0, 0xff,
    0xf8, 0xf8, 0xf0, 0xff, 0xf8, 0xf8, 0xf8, 0xff, 0xf8, 0xf4, 0xf8, 0xff,
    0xf8, 0xf8, 0xf8, 0xff, 0xf8, 0xf8, 0xf0, 0xff, 0xf8, 0xf8, 0xf8, 0xff,
    0xf8, 0xf8, 0xf8, 0xff, 0xf8, 0xf4, 0xf0, 0xff, 0xf8, 0xf8, 0xf8, 0xff,
    0xf8, 0xf8, 0xf8, 0xff, 0xf8, 0xf4, 0xf0, 0xff, 0xf8, 0xf8, 0xf8, 0xff,
    0xf8, 0xf8, 0xf0, 0xff, 0xf8, 0xf4, 0xf0, 0xff, 0xf8, 0xf8, 0xf8, 0xff,
    0xf8, 0xf8, 0xf8, 0xff, 0xf8, 0xf8, 0xf0, 0xff, 0xf8, 0xf8, 0xf8, 0xff,
    0xf8, 0xf8, 0xf8, 0xff, 0xf8, 0xf8, 0xf0, 0xff, 0xf8, 0xf4, 0xf8, 0xff,
    0xf8, 0xf8, 0xf8, 0xff, 0xf8, 0xf8, 0xf0, 0xff, 0xf8, 0xf4, 0xf0, 0xff,
    0xf8, 0xf4, 0xf8, 0xff, 0xf8, 0xf8, 0xf8, 0xff, 0xf8, 0xf8, 0xf0, 0xff,
    0xf8, 0xf8, 0xf8, 0xff, 0xf8, 0xf8, 0xf8, 0xff, 0xf8, 0xf8, 0xf0, 0xff,
    0xf8, 0xf8, 0xf8, 0xff, 0xf8, 0xf8, 0xf8, 0xff, 0xf8, 0xf4, 0xf0, 0xff,
    0xf8, 0xf8, 0xf0, 0xff, 0xf8, 0xf8, 0xf8, 0xff, 0xf8, 0xf8, 0xf0, 0xff,
    0xf8, 0xf4, 0xf8, 0xff, 0xf8, 0xf8, 0xf0, 0xff, 0xf8, 0xf8, 0xf0, 0xff,
    0xf8, 0xf4, 0xf8, 0xff, 0xf8, 0xf8, 0xf0, 0xff, 0xf8, 0xf8, 0xf0, 0xff,
    0xf8, 0xf4, 0xf8, 0xff, 0xf8, 0xf8, 0xf8, 0xff, 0xf8, 0xf8, 0xf0, 0xff,
    0xf8, 0xf4, 0xf8, 0xff, 0xf8, 0xf8, 0xf8, 0xff, 0xf8, 0xf8, 0xf8, 0xff,
    0xf8, 0xf8, 0xf0, 0xff, 0xf8, 0xf4, 0xf8, 0xff, 0xf8, 0xf8, 0xf0, 0xff,
    0xf8, 0xf8, 0xf0, 0xff, 0xf8, 0xf8, 0xf8, 0xff, 0xf8, 0xf8, 0xf8, 0xff,
    0xf8, 0xf8, 0xf0, 0xff, 0xf8, 0xf4, 0xf8, 0xff, 0xf8, 0xf8, 0xf0, 0xff,
    0xf8, 0xf8, 0xf8, 0xff, 0xf8, 0xf8, 0xf8, 0xff, 0xf8, 0xf4, 0xf0, 0xff,
    0xf8, 0xf8, 0xf8, 0xff, 0xf8, 0xf8, 0xf0, 0xff, 0xf8, 0xf8, 0xf8, 0xff,
    0xf8, 0xf4, 0xf0, 0xff, 0xf8, 0xf8, 0xf8, 0xff, 0xf8, 0xf8, 0xf0, 0xff,
    0xf8, 0xf8, 0xf0, 0xff, 0xf8, 0xf8, 0xf8, 0xff, 0xf8, 0xf4, 0xf8, 0xff,
    0xf8, 0xf8, 0xf0, 0xff, 0xf8, 0xf8, 0xf8, 0xff, 0xf8, 0xf8, 0xf0, 0xff,
    0x98, 0x58, 0x40, 0x20, 0xa0, 0x68, 0x50, 0x1c, 0xa0, 0x6c, 0x48, 0x18,
    0xa8, 0x6c, 0x58, 0x14, 0xb0, 0x78, 0x60, 0x14, 0xb0, 0x80, 0x70, 0x10,
    0xa8, 0x88, 0x78, 0x10, 0xb0, 0x88, 0x78, 0x0c, 0xb0, 0x8c, 0x78, 0x0c,
    0xa8, 0x98, 0x80, 0x0c, 0xa8, 0x94, 0x80, 0x0c, 0xa8, 0x94, 0x80, 0x0c,
    0xb8, 0x8c, 0x70, 0x0c, 0xc0, 0x80, 0x80, 0x04, 0x00, 0x00, 0x00, 0x00,
    0x00, 0x00, 0x00, 0x00, 0x00, 0x00, 0x00, 0x00, 0x00, 0x00, 0x00, 0x00,
    0x00, 0x00, 0x00, 0x00, 0x00, 0x00, 0x00, 0x00, 0x00, 0x00, 0x00, 0x00,
    0x00, 0x00, 0x00, 0x00, 0x00, 0x00, 0x00, 0x00, 0x00, 0x00, 0x00, 0x00,
    0x00, 0x00, 0x00, 0x00, 0x00, 0x00, 0x00, 0x00, 0x00, 0x00, 0x00, 0x00,
    0x00, 0x00, 0x00, 0x00, 0x00, 0x00, 0x00, 0x00, 0x00, 0x00, 0x00, 0x00,
    0x00, 0x00, 0x00, 0x00, 0x00, 0x00, 0x00, 0x00, 0x00, 0x00, 0x00, 0x00,
    0x00, 0x00, 0x00, 0x00, 0x00, 0x00, 0x00, 0x00, 0x00, 0x00, 0x00, 0x00,
    0x00, 0x00, 0x00, 0x00, 0x00, 0x00, 0x00, 0x00, 0x00, 0x00, 0x00, 0x00,
    0x00, 0x00, 0x00, 0x00, 0x00, 0x00, 0x00, 0x00, 0x00, 0x00, 0x00, 0x00,
    0x00, 0x00, 0x00, 0x00, 0x00, 0x00, 0x00, 0x00, 0x00, 0x00, 0x00, 0x00,
    0x00, 0x00, 0x00, 0x00, 0x00, 0x00, 0x00, 0x00, 0x00, 0x00, 0x00, 0x00,
    0x00, 0x00, 0x00, 0x00, 0x00, 0x00, 0x00, 0x00, 0x00, 0x00, 0x00, 0x00,
    0x00, 0x00, 0x00, 0x00, 0x00, 0x00, 0x00, 0x00, 0x00, 0x00, 0x00, 0x00,
    0x80, 0x00, 0x00, 0x04, 0x80, 0x40, 0x00, 0x04, 0x80, 0x2c, 0x00, 0x08,
    0x70, 0x1c, 0x00, 0x08, 0x70, 0x2c, 0x00, 0x0c, 0x78, 0x24, 0x00, 0x10,
    0xf8, 0xfc, 0xf8, 0xff, 0xf8, 0xfc, 0xf8, 0xff, 0xf8, 0xfc, 0xf8, 0xff,
    0xf8, 0xfc, 0xf8, 0xff, 0xf8, 0xfc, 0xf8, 0xff, 0xf8, 0xfc, 0xf8, 0xff,
    0xf8, 0xfc, 0xf8, 0xff, 0xf8, 0xfc, 0xf8, 0xff, 0xf8, 0xfc, 0xf8, 0xff,
    0xf8, 0xfc, 0xf8, 0xff, 0xf8, 0xfc, 0xf8, 0xff, 0xf8, 0xfc, 0xf8, 0xff,
    0xf8, 0xfc, 0xf8, 0xff, 0xf8, 0xfc, 0xf8, 0xff, 0xf8, 0xfc, 0xf8, 0xff,
    0xf8, 0xfc, 0xf8, 0xff, 0xf8, 0xfc, 0xf8, 0xff, 0xf8, 0xfc, 0xf8, 0xff,
    0xf8, 0xfc, 0xf8, 0xff, 0xf8, 0xfc, 0xf8, 0xff, 0xf8, 0xfc, 0xf8, 0xff,
    0xf8, 0xfc, 0xf8, 0xff, 0xf8, 0xfc, 0xf8, 0xff, 0xf8, 0xfc, 0xf8, 0xff,
    0xf8, 0xfc, 0xf8, 0xff, 0xf8, 0xfc, 0xf8, 0xff, 0xf8, 0xfc, 0xf8, 0xff,
    0xf8, 0xfc, 0xf8, 0xff, 0xf8, 0xfc, 0xf8, 0xff, 0xf8, 0xfc, 0xf8, 0xff,
    0xf8, 0xfc, 0xf8, 0xff, 0xf8, 0xfc, 0xf8, 0xff, 0xf8, 0xfc, 0xf8, 0xff,
    0xf8, 0xfc, 0xf8, 0xff, 0xf8, 0xfc, 0xf8, 0xff, 0xf8, 0xfc, 0xf8, 0xff,
    0xf8, 0xfc, 0xf8, 0xff, 0xf8, 0xfc, 0xf8, 0xff, 0xf8, 0xfc, 0xf8, 0xff,
    0xf8, 0xfc, 0xf8, 0xff, 0xf8, 0xfc, 0xf8, 0xff, 0xf8, 0xfc, 0xf8, 0xff,
    0xf8, 0xfc, 0xf8, 0xff, 0xf8, 0xfc, 0xf8, 0xff, 0xf8, 0xfc, 0xf8, 0xff,
    0xf8, 0xfc, 0xf8, 0xff, 0xf8, 0xfc, 0xf8, 0xff, 0xf8, 0xfc, 0xf8, 0xff,
    0xf8, 0xfc, 0xf8, 0xff, 0xf8, 0xfc, 0xf8, 0xff, 0xf8, 0xfc, 0xf8, 0xff,
    0xf8, 0xfc, 0xf8, 0xff, 0xf8, 0xfc, 0xf8, 0xff, 0xf8, 0xf8, 0xf8, 0xff,
    0xf8, 0xfc, 0xf8, 0xff, 0xf8, 0xfc, 0xf8, 0xff, 0xf8, 0xfc, 0xf8, 0xff,
    0xf8, 0xf8, 0xf8, 0xff, 0xf8, 0xfc, 0xf8, 0xff, 0xf8, 0xfc, 0xf8, 0xff,
    0xf8, 0xfc, 0xf8, 0xff, 0xf8, 0xf8, 0xf8, 0xff, 0xf8, 0xfc, 0xf8, 0xff,
    0xf8, 0xf8, 0xf8, 0xff, 0xf8, 0xf8, 0xf8, 0xff, 0xf8, 0xfc, 0xf8, 0xff,
    0xf8, 0xfc, 0xf8, 0xff, 0xf8, 0xf8, 0xf8, 0xff, 0xf8, 0xf8, 0xf8, 0xff,
    0xf8, 0xfc, 0xf8, 0xff, 0xf8, 0xf8, 0xf8, 0xff, 0xf8, 0xf8, 0xf8, 0xff,
    0xf8, 0xfc, 0xf8, 0xff, 0xf8, 0xf8, 0xf8, 0xff, 0xf8, 0xf8, 0xf8, 0xff,
    0xf8, 0xfc, 0xf8, 0xff, 0xf8, 0xf8, 0xf8, 0xff, 0xf8, 0xf8, 0xf8, 0xff,
    0xf8, 0xf8, 0xf8, 0xff, 0xf8, 0xf8, 0xf8, 0xff, 0xf8, 0xf8, 0xf8, 0xff,
    0xf8, 0xf8, 0xf8, 0xff, 0xf8, 0xf8, 0xf8, 0xff, 0xf8, 0xf8, 0xf0, 0xff,
    0xf8, 0xfc, 0xf8, 0xff, 0xf8, 0xf8, 0xf8, 0xff, 0xf8, 0xf8, 0xf8, 0xff,
    0xf8, 0xf8, 0xf0, 0xff, 0xf8, 0xf8, 0xf8, 0xff, 0xf8, 0xf8, 0xf8, 0xff,
    0xf8, 0xf8, 0xf0, 0xff, 0xf8, 0xf8, 0xf8, 0xff, 0xf8, 0xf8, 0xf8, 0xff,
    0xf8, 0xf8, 0xf8, 0xff, 0xf8, 0xf8, 0xf0, 0xff, 0xf8, 0xf8, 0xf8, 0xff,
    0xf8, 0xf8, 0xf8, 0xff, 0xf8, 0xf8, 0xf0, 0xff, 0xf8, 0xf8, 0xf8, 0xff,
    0xf8, 0xf8, 0xf8, 0xff, 0xf8, 0xf8, 0xf0, 0xff, 0xf8, 0xf8, 0xf8, 0xff,
    0xf8, 0xf8, 0xf8, 0xff, 0xf8, 0xf8, 0xf0, 0xff, 0xf8, 0xf8, 0xf8, 0xff,
    0xf8, 0xf8, 0xf8, 0xff, 0xf8, 0xf8, 0xf0, 0xff, 0xf8, 0xf8, 0xf8, 0xff,
    0xf8, 0xf8, 0xf8, 0xff, 0xf8, 0xf4, 0xf0, 0xff, 0xf8, 0xf8, 0xf0, 0xff,
    0xf8, 0xf8, 0xf8, 0xff, 0xf8, 0xf8, 0xf0, 0xff, 0xf8, 0xf4, 0xf0, 0xff,
    0xf8, 0xf8, 0xf8, 0xff, 0xf8, 0xf8, 0xf0, 0xff, 0xf8, 0xf4, 0xf0, 0xff,
    0xf8, 0xf8, 0xf8, 0xff, 0xf8, 0xf8, 0xf8, 0xff, 0xf8, 0xf8, 0xf0, 0xff,
    0xf8, 0xf4, 0xf8, 0xff, 0xf8, 0xf4, 0xf0, 0xff, 0xf8, 0xf8, 0xf8, 0xff,
    0xf8, 0xf8, 0xf0, 0xff, 0xf8, 0xf8, 0xf0, 0xff, 0xf8, 0xf8, 0xf8, 0xff,
    0xf8, 0xf8, 0xf0, 0xff, 0xf8, 0xf4, 0xf8, 0xff, 0xf8, 0xf8, 0xf8, 0xff,
    0xf8, 0xf8, 0xf0, 0xff, 0xf8, 0xf4, 0xf0, 0xff, 0xf8, 0xf8, 0xf0, 0xff,
    0xf8, 0xf8, 0xf8, 0xff, 0xf8, 0xf4, 0xf0, 0xff, 0xf8, 0xf8, 0xf8, 0xff,
    0xf8, 0xf8, 0xf0, 0xff, 0xf8, 0xf4, 0xf0, 0xff, 0xf8, 0xf8, 0xf8, 0xff,
    0xf8, 0xf8, 0xf0, 0xff, 0xf8, 0xf4, 0xf0, 0xff, 0xf8, 0xf8, 0xf8, 0xff,
    0xf8, 0xf8, 0xf8, 0xff, 0xf8, 0xf4, 0xf0, 0xff, 0xf8, 0xf8, 0xf0, 0xff,
    0xf8, 0xf4, 0xf8, 0xff, 0xf8, 0xf4, 0xf0, 0xff, 0xf8, 0xf8, 0xf0, 0xff,
    0xf8, 0xf8, 0xf8, 0xff, 0xf8, 0xf4, 0xf0, 0xff, 0xf8, 0xf8, 0xf0, 0xff,
    0xf8, 0xf8, 0xf8, 0xff, 0xf8, 0xf8, 0xf8, 0xff, 0xf8, 0xf8, 0xf0, 0xff,
    0xf8, 0xf8, 0xf0, 0xff, 0xf8, 0xf4, 0xf8, 0xff, 0xf8, 0xf8, 0xf0, 0xff,
    0xf8, 0xf4, 0xf0, 0xff, 0xf8, 0xf8, 0xf8, 0xff, 0xf8, 0xf4, 0xf0, 0xff,
    0xf8, 0xf8, 0xf0, 0xff, 0xf8, 0xf8, 0xf8, 0xff, 0xf8, 0xf8, 0xf8, 0xff,
    0xf8, 0xf4, 0xf0, 0xff, 0xf8, 0xf8, 0xf8, 0xff, 0xf8, 0xf8, 0xf8, 0xff,
    0xf8, 0xf8, 0xf0, 0xff, 0xf8, 0xf8, 0xf8, 0xff, 0xf8, 0xf8, 0xf8, 0xff,
    0xf8, 0xf8, 0xf8, 0xff, 0xf8, 0xf4, 0xf0, 0xff, 0xf8, 0xf8, 0xf8, 0xff,
    0xf8, 0xf8, 0xf0, 0xff, 0xf8, 0xf4, 0xf0, 0xff, 0xf8, 0xf8, 0xf8, 0xff,
    0xf8, 0xf8, 0xf0, 0xff, 0xf8, 0xf8, 0xf0, 0xff, 0xf8, 0xf8, 0xf8, 0xff,
    0xf8, 0xf4, 0xf0, 0xff, 0xf8, 0xf8, 0xf8, 0xff, 0xf8, 0xf8, 0xf8, 0xff,
    0xf8, 0xf8, 0xf0, 0xff, 0xf8, 0xf4, 0xf8, 0xff, 0xf8, 0xf8, 0xf0, 0xff,
    0xf8, 0xf8, 0xf8, 0xff, 0xf8, 0xf8, 0xf0, 0xff, 0xf8, 0xf4, 0xf0, 0xff,
    0xf8, 0xf8, 0xf8, 0xff, 0xf8, 0xf8, 0xf0, 0xff, 0xf8, 0xf8, 0xf8, 0xff,
    0xf8, 0xf4, 0xf0, 0xff, 0xf8, 0xf8, 0xf8, 0xff, 0xf8, 0xf8, 0xf0, 0xff,
    0xf8, 0xf8, 0xf8, 0xff, 0xf8, 0xf4, 0xf0, 0xff, 0xf8, 0xf8, 0xf8, 0xff,
    0xf8, 0xf8, 0xf0, 0xff, 0xf8, 0xf4, 0xf8, 0xff, 0xf8, 0xf8, 0xf0, 0xff,
    0xf8, 0xf8, 0xf8, 0xff, 0xf8, 0xf8, 0xf8, 0xff, 0xf8, 0xf8, 0xf0, 0xff,
    0x98, 0x5c, 0x38, 0x20, 0xa0, 0x60, 0x48, 0x18, 0x98, 0x64, 0x50, 0x18,
    0xa8, 0x6c, 0x50, 0x14, 0xa8, 0x70, 0x60, 0x14, 0xb0, 0x80, 0x70, 0x10,
    0xb8, 0x80, 0x68, 0x10, 0xb0, 0x88, 0x78, 0x0c, 0xa8, 0x94, 0x80, 0x0c,
    0xa8, 0x94, 0x80, 0x0c, 0xb8, 0x8c, 0x70, 0x0c, 0xb8, 0x8c, 0x70, 0x0c,
    0xb8, 0x8c, 0x78, 0x0c, 0xb8, 0x90, 0x70, 0x08, 0x00, 0x00, 0x00, 0x00,
    0x00, 0x00, 0x00, 0x00, 0x00, 0x00, 0x00, 0x00, 0x00, 0x00, 0x00, 0x00,
    0x00, 0x00, 0x00, 0x00, 0x00, 0x00, 0x00, 0x00, 0x00, 0x00, 0x00, 0x00,
    0x00, 0x00, 0x00, 0x00, 0x00, 0x00, 0x00, 0x00, 0x00, 0x00, 0x00, 0x00,
    0x00, 0x00, 0x00, 0x00, 0x00, 0x00, 0x00, 0x00, 0x00, 0x00, 0x00, 0x00,
    0x00, 0x00, 0x00, 0x00, 0x00, 0x00, 0x00, 0x00, 0x00, 0x00, 0x00, 0x00,
    0x00, 0x00, 0x00, 0x00, 0x00, 0x00, 0x00, 0x00, 0x00, 0x00, 0x00, 0x00,
    0x00, 0x00, 0x00, 0x00, 0x00, 0x00, 0x00, 0x00, 0x00, 0x00, 0x00, 0x00,
    0x00, 0x00, 0x00, 0x00, 0x00, 0x00, 0x00, 0x00, 0x00, 0x00, 0x00, 0x00,
    0x00, 0x00, 0x00, 0x00, 0x00, 0x00, 0x00, 0x00, 0x00, 0x00, 0x00, 0x00,
    0x00, 0x00, 0x00, 0x00, 0x00, 0x00, 0x00, 0x00, 0x00, 0x00, 0x00, 0x00,
    0x00, 0x00, 0x00, 0x00, 0x00, 0x00, 0x00, 0x00, 0x00, 0x00, 0x00, 0x00,
    0x00, 0x00, 0x00, 0x00, 0x00, 0x00, 0x00, 0x00, 0x00, 0x00, 0x00, 0x00,
    0x00, 0x00, 0x00, 0x00, 0x00, 0x00, 0x00, 0x00, 0x00, 0x00, 0x00, 0x00,
    0x80, 0x00, 0x00, 0x00, 0x80, 0x40, 0x00, 0x04, 0x80, 0x28, 0x00, 0x08,
    0x70, 0x1c, 0x00, 0x08, 0x70, 0x30, 0x00, 0x0c, 0x78, 0x20, 0x00, 0x10,
    0xf8, 0xfc, 0xf8, 0xff, 0xf8, 0xfc, 0xf8, 0xff, 0xf8, 0xfc, 0xf8, 0xff,
    0xf8, 0xfc, 0xf8, 0xff, 0xf8, 0xfc, 0xf8, 0xff, 0xf8, 0xfc, 0xf8, 0xff,
    0xf8, 0xfc, 0xf8, 0xff, 0xf8, 0xfc, 0xf8, 0xff, 0xf8, 0xfc, 0xf8, 0xff,
    0xf8, 0xfc, 0xf8, 0xff, 0xf8, 0xfc, 0xf8, 0xff, 0xf8, 0xfc, 0xf8, 0xff,
    0xf8, 0xfc, 0xf8, 0xff, 0xf8, 0xfc, 0xf8, 0xff, 0xf8, 0xfc, 0xf8, 0xff,
    0xf8, 0xfc, 0xf8, 0xff, 0xf8, 0xfc, 0xf8, 0xff, 0xf8, 0xfc, 0xf8, 0xff,
    0xf8, 0xfc, 0xf8, 0xff, 0xf8, 0xfc, 0xf8, 0xff, 0xf8, 0xfc, 0xf8, 0xff,
    0xf8, 0xfc, 0xf8, 0xff, 0xf8, 0xfc, 0xf8, 0xff, 0xf8, 0xfc, 0xf8, 0xff,
    0xf8, 0xfc, 0xf8, 0xff, 0xf8, 0xfc, 0xf8, 0xff, 0xf8, 0xfc, 0xf8, 0xff,
    0xf8, 0xfc, 0xf8, 0xff, 0xf8, 0xfc, 0xf8, 0xff, 0xf8, 0xfc, 0xf8, 0xff,
    0xf8, 0xfc, 0xf8, 0xff, 0xf8, 0xfc, 0xf8, 0xff, 0xf8, 0xfc, 0xf8, 0xff,
    0xf8, 0xfc, 0xf8, 0xff, 0xf8, 0xfc, 0xf8, 0xff, 0xf8, 0xfc, 0xf8, 0xff,
    0xf8, 0xfc, 0xf8, 0xff, 0xf8, 0xfc, 0xf8, 0xff, 0xf8, 0xfc, 0xf8, 0xff,
    0xf8, 0xfc, 0xf8, 0xff, 0xf8, 0xfc, 0xf8, 0xff, 0xf8, 0xfc, 0xf8, 0xff,
    0xf8, 0xfc, 0xf8, 0xff, 0xf8, 0xfc, 0xf8, 0xff, 0xf8, 0xfc, 0xf8, 0xff,
    0xf8, 0xfc, 0xf8, 0xff, 0xf8, 0xfc, 0xf8, 0xff, 0xf8, 0xfc, 0xf8, 0xff,
    0xf8, 0xfc, 0xf8, 0xff, 0xf8, 0xfc, 0xf8, 0xff, 0xf8, 0xfc, 0xf8, 0xff,
    0xf8, 0xfc, 0xf8, 0xff, 0xf8, 0xfc, 0xf8, 0xff, 0xf8, 0xfc, 0xf8, 0xff,
    0xf8, 0xf8, 0xf8, 0xff, 0xf8, 0xfc, 0xf8, 0xff, 0xf8, 0xfc, 0xf8, 0xff,
    0xf8, 0xf8, 0xf8, 0xff, 0xf8, 0xfc, 0xf8, 0xff, 0xf8, 0xfc, 0xf8, 0xff,
    0xf8, 0xfc, 0xf8, 0xff, 0xf8, 0xfc, 0xf8, 0xff, 0xf8, 0xf8, 0xf8, 0xff,
    0xf8, 0xfc, 0xf8, 0xff, 0xf8, 0xfc, 0xf8, 0xff, 0xf8, 0xf8, 0xf8, 0xff,
    0xf8, 0xf8, 0xf8, 0xff, 0xf8, 0xfc, 0xf8, 0xff, 0xf8, 0xfc, 0xf8, 0xff,
    0xf8, 0xf8, 0xf8, 0xff, 0xf8, 0xfc, 0xf8, 0xff, 0xf8, 0xfc, 0xf8, 0xff,
    0xf8, 0xf8, 0xf8, 0xff, 0xf8, 0xf8, 0xf8, 0xff, 0xf8, 0xf8, 0xf8, 0xff,
    0xf8, 0xfc, 0xf8, 0xff, 0xf8, 0xf8, 0xf8, 0xff, 0xf8, 0xf8, 0xf0, 0xff,
    0xf8, 0xfc, 0xf8, 0xff, 0xf8, 0xfc, 0xf8, 0xff, 0xf8, 0xf8, 0xf8, 0xff,
    0xf8, 0xfc, 0xf8, 0xff, 0xf8, 0xf8, 0xf0, 0xff, 0xf8, 0xf8, 0xf8, 0xff,
    0xf8, 0xfc, 0xf8, 0xff, 0xf8, 0xf8, 0xf8, 0xff, 0xf8, 0xf8, 0xf0, 0xff,
    0xf8, 0xf8, 0xf8, 0xff, 0xf8, 0xf8, 0xf8, 0xff, 0xf8, 0xf8, 0xf8, 0xff,
    0xf8, 0xf8, 0xf0, 0xff, 0xf8, 0xf8, 0xf8, 0xff, 0xf8, 0xf8, 0xf8, 0xff,
    0xf8, 0xf8, 0xf0, 0xff, 0xf8, 0xf8, 0xf8, 0xff, 0xf8, 0xf8, 0xf8, 0xff,
    0xf8, 0xf8, 0xf0, 0xff, 0xf8, 0xf8, 0xf8, 0xff, 0xf8, 0xf8, 0xf0, 0xff,
    0xf8, 0xf8, 0xf8, 0xff, 0xf8, 0xf8, 0xf0, 0xff, 0xf8, 0xf8, 0xf8, 0xff,
    0xf8, 0xf8, 0xf8, 0xff, 0xf8, 0xf8, 0xf0, 0xff, 0xf8, 0xf8, 0xf8, 0xff,
    0xf8, 0xf8, 0xf8, 0xff, 0xf8, 0xf8, 0xf0, 0xff, 0xf8, 0xf8, 0xf8, 0xff,
    0xf8, 0xf8, 0xf0, 0xff, 0xf8, 0xf8, 0xf8, 0xff, 0xf8, 0xf4, 0xf8, 0xff,
    0xf8, 0xf8, 0xf8, 0xff, 0xf8, 0xf8, 0xf0, 0xff, 0xf8, 0xf4, 0xf8, 0xff,
    0xf8, 0xf8, 0xf8, 0xff, 0xf8, 0xf8, 0xf0, 0xff, 0xf8, 0xf8, 0xf0, 0xff,
    0xf8, 0xf8, 0xf8, 0xff, 0xf8, 0xf8, 0xf0, 0xff, 0xf8, 0xf8, 0xf0, 0xff,
    0xf8, 0xf8, 0xf8, 0xff, 0xf8, 0xf8, 0xf8, 0xff, 0xf8, 0xf4, 0xf0, 0xff,
    0xf8, 0xf8, 0xf8, 0xff, 0xf8, 0xf8, 0xf8, 0xff, 0xf8, 0xf4, 0xf0, 0xff,
    0xf8, 0xf8, 0xf0, 0xff, 0xf8, 0xf8, 0xf8, 0xff, 0xf8, 0xf8, 0xf0, 0xff,
    0xf8, 0xf8, 0xf8, 0xff, 0xf8, 0xf4, 0xf8, 0xff, 0xf8, 0xf8, 0xf0, 0xff,
    0xf8, 0xf8, 0xf0, 0xff, 0xf8, 0xf4, 0xf8, 0xff, 0xf8, 0xf8, 0xf0, 0xff,
    0xf8, 0xf8, 0xf8, 0xff, 0xf8, 0xf8, 0xf8, 0xff, 0xf8, 0xf8, 0xf0, 0xff,
    0xf8, 0xf8, 0xf8, 0xff, 0xf8, 0xf8, 0xf0, 0xff, 0xf8, 0xf8, 0xf8, 0xff,
    0xf8, 0xf8, 0xf8, 0xff, 0xf8, 0xf8, 0xf0, 0xff, 0xf8, 0xf8, 0xf8, 0xff,
    0xf8, 0xf8, 0xf8, 0xff, 0xf8, 0xf8, 0xf0, 0xff, 0xf8, 0xf8, 0xf8, 0xff,
    0xf8, 0xf4, 0xf8, 0xff, 0xf8, 0xf8, 0xf0, 0xff, 0xf8, 0xf8, 0xf0, 0xff,
    0xf8, 0xf4, 0xf8, 0xff, 0xf8, 0xf8, 0xf8, 0xff, 0xf8, 0xf8, 0xf0, 0xff,
    0xf8, 0xf8, 0xf8, 0xff, 0xf8, 0xf8, 0xf0, 0xff, 0xf8, 0xf8, 0xf8, 0xff,
    0xf8, 0xf8, 0xf0, 0xff, 0xf8, 0xf4, 0xf8, 0xff, 0xf8, 0xf8, 0xf8, 0xff,
    0xf8, 0xf8, 0xf0, 0xff, 0xf8, 0xf4, 0xf0, 0xff, 0xf8, 0xf8, 0xf8, 0xff,
    0xf8, 0xf8, 0xf0, 0xff, 0xf8, 0xf4, 0xf0, 0xff, 0xf8, 0xf8, 0xf8, 0xff,
    0xf8, 0xf8, 0xf0, 0xff, 0xf8, 0xf4, 0xf0, 0xff, 0xf8, 0xf8, 0xf8, 0xff,
    0xf8, 0xf8, 0xf0, 0xff, 0xf8, 0xf8, 0xf8, 0xff, 0xf8, 0xf8, 0xf8, 0xff,
    0xf8, 0xf8, 0xf0, 0xff, 0xf8, 0xf8, 0xf8, 0xff, 0xf8, 0xf4, 0xf8, 0xff,
    0xf8, 0xf8, 0xf0, 0xff, 0xf8, 0xf8, 0xf0, 0xff, 0xf8, 0xf4, 0xf8, 0xff,
    0xf8, 0xf8, 0xf0, 0xff, 0xf8, 0xf8, 0xf0, 0xff, 0xf8, 0xf8, 0xf8, 0xff,
    0xf8, 0xf4, 0xf0, 0xff, 0xf8, 0xf8, 0xf0, 0xff, 0xf8, 0xf8, 0xf8, 0xff,
    0xf8, 0xf8, 0xf0, 0xff, 0xf8, 0xf8, 0xf8, 0xff, 0xf8, 0xf8, 0xf8, 0xff,
    0xf8, 0xf4, 0xf0, 0xff, 0xf8, 0xf8, 0xf0, 0xff, 0xf8, 0xf8, 0xf8, 0xff,
    0xf8, 0xf8, 0xf8, 0xff, 0xf8, 0xf4, 0xf0, 0xff, 0xf8, 0xf8, 0xf8, 0xff,
    0xf8, 0xf8, 0xf0, 0xff, 0xf8, 0xf8, 0xf8, 0xff, 0xf8, 0xf4, 0xf0, 0xff,
    0xf8, 0xf8, 0xf8, 0xff, 0xf8, 0xf8, 0xf0, 0xff, 0xf8, 0xf8, 0xf0, 0xff,
    0xf8, 0xf4, 0xf8, 0xff, 0xf8, 0xf8, 0xf0, 0xff, 0xf8, 0xf8, 0xf8, 0xff,
    0x98, 0x5c, 0x38, 0x1c, 0x98, 0x5c, 0x48, 0x18, 0x98, 0x64, 0x50, 0x18,
    0xa8, 0x74, 0x58, 0x14, 0xa8, 0x78, 0x58, 0x10, 0xa8, 0x88, 0x68, 0x10,
    0xb0, 0x88, 0x78, 0x0c, 0xa8, 0x94, 0x80, 0x0c, 0xb8, 0x8c, 0x70, 0x0c,
    0xb8, 0x8c, 0x70, 0x0c, 0xb8, 0x8c, 0x78, 0x0c, 0xb8, 0x8c, 0x70, 0x0c,
    0xb0, 0x98, 0x80, 0x08, 0xb0, 0x98, 0x80, 0x08, 0xf8, 0xfc, 0x00, 0x00,
    0x00, 0x00, 0x00, 0x00, 0x00, 0x00, 0x00, 0x00, 0x00, 0x00, 0x00, 0x00,
    0x00, 0x00, 0x00, 0x00, 0x00, 0x00, 0x00, 0x00, 0x00, 0x00, 0x00, 0x00,
    0x00, 0x00, 0x00, 0x00, 0x00, 0x00, 0x00, 0x00, 0x00, 0x00, 0x00, 0x00,
    0x00, 0x00, 0x00, 0x00, 0x00, 0x00, 0x00, 0x00, 0x00, 0x00, 0x00, 0x00,
    0x00, 0x00, 0x00, 0x00, 0x00, 0x00, 0x00, 0x00, 0x00, 0x00, 0x00, 0x00,
    0x00, 0x00, 0x00, 0x00, 0x00, 0x00, 0x00, 0x00, 0x00, 0x00, 0x00, 0x00,
    0x00, 0x00, 0x00, 0x00, 0x00, 0x00, 0x00, 0x00, 0x00, 0x00, 0x00, 0x00,
    0x00, 0x00, 0x00, 0x00, 0x00, 0x00, 0x00, 0x00, 0x00, 0x00, 0x00, 0x00,
    0x00, 0x00, 0x00, 0x00, 0x00, 0x00, 0x00, 0x00, 0x00, 0x00, 0x00, 0x00,
    0x00, 0x00, 0x00, 0x00, 0x00, 0x00, 0x00, 0x00, 0x00, 0x00, 0x00, 0x00,
    0x00, 0x00, 0x00, 0x00, 0x00, 0x00, 0x00, 0x00, 0x00, 0x00, 0x00, 0x00,
    0x00, 0x00, 0x00, 0x00, 0x00, 0x00, 0x00, 0x00, 0x00, 0x00, 0x00, 0x00,
    0x00, 0x00, 0x00, 0x00, 0x00, 0x00, 0x00, 0x00, 0x00, 0x00, 0x00, 0x00,
    0x80, 0x00, 0x00, 0x04, 0x80, 0x40, 0x00, 0x04, 0x80, 0x28, 0x00, 0x04,
    0x70, 0x1c, 0x00, 0x08, 0x78, 0x30, 0x00, 0x0c, 0x78, 0x20, 0x00, 0x0c,
    0xf8, 0xfc, 0xf8, 0xff, 0xf8, 0xfc, 0xf8, 0xff, 0xf8, 0xfc, 0xf8, 0xff,
    0xf8, 0xfc, 0xf8, 0xff, 0xf8, 0xfc, 0xf8, 0xff, 0xf8, 0xfc, 0xf8, 0xff,
    0xf8, 0xfc, 0xf8, 0xff, 0xf8, 0xfc, 0xf8, 0xff, 0xf8, 0xfc, 0xf8, 0xff,
    0xf8, 0xfc, 0xf8, 0xff, 0xf8, 0xfc, 0xf8, 0xff, 0xf8, 0xfc, 0xf8, 0xff,
    0xf8, 0xfc, 0xf8, 0xff, 0xf8, 0xfc, 0xf8, 0xff, 0xf8, 0xfc, 0xf8, 0xff,
    0xf8, 0xfc, 0xf8, 0xff, 0xf8, 0xfc, 0xf8, 0xff, 0xf8, 0xfc, 0xf8, 0xff,
    0xf8, 0xfc, 0xf8, 0xff, 0xf8, 0xfc, 0xf8, 0xff, 0xf8, 0xfc, 0xf8, 0xff,
    0xf8, 0xfc, 0xf8, 0xff, 0xf8, 0xfc, 0xf8, 0xff, 0xf8, 0xfc, 0xf8, 0xff,
    0xf8, 0xfc, 0xf8, 0xff, 0xf8, 0xfc, 0xf8, 0xff, 0xf8, 0xfc, 0xf8, 0xff,
    0xf8, 0xfc, 0xf8, 0xff, 0xf8, 0xfc, 0xf8, 0xff, 0xf8, 0xfc, 0xf8, 0xff,
    0xf8, 0xfc, 0xf8, 0xff, 0xf8, 0xfc, 0xf8, 0xff, 0xf8, 0xfc, 0xf8, 0xff,
    0xf8, 0xfc, 0xf8, 0xff, 0xf8, 0xfc, 0xf8, 0xff, 0xf8, 0xfc, 0xf8, 0xff,
    0xf8, 0xfc, 0xf8, 0xff, 0xf8, 0xfc, 0xf8, 0xff, 0xf8, 0xfc, 0xf8, 0xff,
    0xf8, 0xfc, 0xf8, 0xff, 0xf8, 0xfc, 0xf8, 0xff, 0xf8, 0xfc, 0xf8, 0xff,
    0xf8, 0xfc, 0xf8, 0xff, 0xf8, 0xfc, 0xf8, 0xff, 0xf8, 0xfc, 0xf8, 0xff,
    0xf8, 0xfc, 0xf8, 0xff, 0xf8, 0xfc, 0xf8, 0xff, 0xf8, 0xfc, 0xf8, 0xff,
    0xf8, 0xfc, 0xf8, 0xff, 0xf8, 0xfc, 0xf8, 0xff, 0xf8, 0xfc, 0xf8, 0xff,
    0xf8, 0xf8, 0xf8, 0xff, 0xf8, 0xfc, 0xf8, 0xff, 0xf8, 0xfc, 0xf8, 0xff,
    0xf8, 0xfc, 0xf8, 0xff, 0xf8, 0xfc, 0xf8, 0xff, 0xf8, 0xfc, 0xf8, 0xff,
    0xf8, 0xfc, 0xf8, 0xff, 0xf8, 0xf8, 0xf8, 0xff, 0xf8, 0xfc, 0xf8, 0xff,
    0xf8, 0xfc, 0xf8, 0xff, 0xf8, 0xf8, 0xf8, 0xff, 0xf8, 0xf8, 0xf8, 0xff,
    0xf8, 0xfc, 0xf8, 0xff, 0xf8, 0xf8, 0xf8, 0xff, 0xf8, 0xfc, 0xf8, 0xff,
    0xf8, 0xf8, 0xf8, 0xff, 0xf8, 0xfc, 0xf8, 0xff, 0xf8, 0xf8, 0xf8, 0xff,
    0xf8, 0xf8, 0xf8, 0xff, 0xf8, 0xfc, 0xf8, 0xff, 0xf8, 0xfc, 0xf8, 0xff,
    0xf8, 0xf8, 0xf8, 0xff, 0xf8, 0xf8, 0xf8, 0xff, 0xf8, 0xf8, 0xf8, 0xff,
    0xf8, 0xf8, 0xf8, 0xff, 0xf8, 0xf8, 0xf8, 0xff, 0xf8, 0xf8, 0xf8, 0xff,
    0xf8, 0xf8, 0xf8, 0xff, 0xf8, 0xf8, 0xf8, 0xff, 0xf8, 0xf8, 0xf0, 0xff,
    0xf8, 0xfc, 0xf8, 0xff, 0xf8, 0xf8, 0xf8, 0xff, 0xf8, 0xf8, 0xf8, 0xff,
    0xf8, 0xf8, 0xf8, 0xff, 0xf8, 0xf8, 0xf0, 0xff, 0xf8, 0xf8, 0xf8, 0xff,
    0xf8, 0xf8, 0xf8, 0xff, 0xf8, 0xf8, 0xf8, 0xff, 0xf8, 0xf8, 0xf0, 0xff,
    0xf8, 0xf8, 0xf8, 0xff, 0xf8, 0xf8, 0xf8, 0xff, 0xf8, 0xf8, 0xf0, 0xff,
    0xf8, 0xf8, 0xf0, 0xff, 0xf8, 0xf8, 0xf8, 0xff, 0xf8, 0xf8, 0xf8, 0xff,
    0xf8, 0xf8, 0xf0, 0xff, 0xf8, 0xf8, 0xf8, 0xff, 0xf8, 0xf8, 0xf8, 0xff,
    0xf8, 0xf8, 0xf0, 0xff, 0xf8, 0xf8, 0xf8, 0xff, 0xf8, 0xf8, 0xf0, 0xff,
    0xf8, 0xf8, 0xf8, 0xff, 0xf8, 0xf8, 0xf0, 0xff, 0xf8, 0xf8, 0xf8, 0xff,
    0xf8, 0xf8, 0xf8, 0xff, 0xf8, 0xf8, 0xf0, 0xff, 0xf8, 0xf4, 0xf0, 0xff,
    0xf8, 0xf8, 0xf8, 0xff, 0xf8, 0xf8, 0xf0, 0xff, 0xf8, 0xf8, 0xf0, 0xff,
    0xf8, 0xf8, 0xf8, 0xff, 0xf8, 0xf8, 0xf0, 0xff, 0xf8, 0xf8, 0xf8, 0xff,
    0xf8, 0xf4, 0xf0, 0xff, 0xf8, 0xf8, 0xf8, 0xff, 0xf8, 0xf4, 0xf8, 0xff,
    0xf8, 0xf8, 0xf0, 0xff, 0xf8, 0xf4, 0xf8, 0xff, 0xf8, 0xf8, 0xf0, 0xff,
    0xf8, 0xf8, 0xf8, 0xff, 0xf8, 0xf8, 0xf0, 0xff, 0xf8, 0xf8, 0xf0, 0xff,
    0xf8, 0xf4, 0xf8, 0xff, 0xf8, 0xf8, 0xf8, 0xff, 0xf8, 0xf8, 0xf0, 0xff,
    0xf8, 0xf4, 0xf8, 0xff, 0xf8, 0xf8, 0xf0, 0xff, 0xf8, 0xf8, 0xf0, 0xff,
    0xf8, 0xf4, 0xf8, 0xff, 0xf8, 0xf8, 0xf8, 0xff, 0xf8, 0xf8, 0xf0, 0xff,
    0xf8, 0xf8, 0xf8, 0xff, 0xf8, 0xf8, 0xf8, 0xff, 0xf8, 0xf8, 0xf0, 0xff,
    0xf8, 0xf4, 0xf0, 0xff, 0xf8, 0xf8, 0xf8, 0xff, 0xf8, 0xf4, 0xf0, 0xff,
    0xf8, 0xf8, 0xf8, 0xff, 0xf8, 0xf4, 0xf0, 0xff, 0xf8, 0xf8, 0xf0, 0xff,
    0xf8, 0xf4, 0xf8, 0xff, 0xf8, 0xf8, 0xf0, 0xff, 0xf8, 0xf8, 0xf0, 0xff,
    0xf8, 0xf4, 0xf8, 0xff, 0xf8, 0xf8, 0xf0, 0xff, 0xf8, 0xf8, 0xf0, 0xff,
    0xf8, 0xf8, 0xf8, 0xff, 0xf8, 0xf8, 0xf8, 0xff, 0xf8, 0xf8, 0xf0, 0xff,
    0xf8, 0xf4, 0xf0, 0xff, 0xf8, 0xf8, 0xf8, 0xff, 0xf8, 0xf4, 0xf0, 0xff,
    0xf8, 0xf4, 0xf8, 0xff, 0xf8, 0xf8, 0xf8, 0xff, 0xf8, 0xf8, 0xf0, 0xff,
    0xf8, 0xf8, 0xf8, 0xff, 0xf8, 0xf8, 0xf0, 0xff, 0xf8, 0xf8, 0xf8, 0xff,
    0xf8, 0xf8, 0xf8, 0xff, 0xf8, 0xf4, 0xf0, 0xff, 0xf8, 0xf8, 0xf8, 0xff,
    0xf8, 0xf8, 0xf8, 0xff, 0xf8, 0xf8, 0xf0, 0xff, 0xf8, 0xf8, 0xf8, 0xff,
    0xf8, 0xf4, 0xf8, 0xff, 0xf8, 0xf8, 0xf0, 0xff, 0xf8, 0xf8, 0xf0, 0xff,
    0xf8, 0xf4, 0xf8, 0xff, 0xf8, 0xf8, 0xf0, 0xff, 0xf8, 0xf4, 0xf0, 0xff,
    0xf8, 0xf8, 0xf8, 0xff, 0xf8, 0xf8, 0xf0, 0xff, 0xf8, 0xf8, 0xf8, 0xff,
    0xf8, 0xf4, 0xf8, 0xff, 0xf8, 0xf8, 0xf0, 0xff, 0xf8, 0xf8, 0xf8, 0xff,
    0xf8, 0xf8, 0xf8, 0xff, 0xf8, 0xf8, 0xf0, 0xff, 0xf8, 0xf4, 0xf8, 0xff,
    0xf8, 0xf8, 0xf8, 0xff, 0xf8, 0xf8, 0xf0, 0xff, 0xf8, 0xf4, 0xf8, 0xff,
    0xf8, 0xf4, 0xf0, 0xff, 0xf8, 0xf8, 0xf8, 0xff, 0xf8, 0xf8, 0xf8, 0xff,
    0xf8, 0xf8, 0xf0, 0xff, 0xf8, 0xf4, 0xf8, 0xff, 0xf8, 0xf8, 0xf0, 0xff,
    0xf8, 0xf8, 0xf0, 0xff, 0xf8, 0xf8, 0xf8, 0xff, 0xf8, 0xf4, 0xf0, 0xff,
    0xf8, 0xf8, 0xf8, 0xff, 0xf8, 0xf8, 0xf0, 0xff, 0xf8, 0xf8, 0xf8, 0xff,
    0xf8, 0xf8, 0xf8, 0xff, 0xf8, 0xf8, 0xf0, 0xff, 0xf8, 0xf4, 0xf8, 0xff,
    0xf8, 0xf8, 0xf0, 0xff, 0xf8, 0xf8, 0xf8, 0xff, 0xf8, 0xf8, 0xf8, 0xff,
    0x98, 0x58, 0x40, 0x1c, 0xa0, 0x60, 0x40, 0x18, 0x98, 0x64, 0x50, 0x18,
    0xa0, 0x6c, 0x50, 0x14, 0xa8, 0x78, 0x58, 0x10, 0xa0, 0x80, 0x70, 0x0c,
    0xa8, 0x80, 0x68, 0x0c, 0xb8, 0x8c, 0x70, 0x0c, 0xb8, 0x8c, 0x78, 0x0c,
    0xb8, 0x8c, 0x70, 0x0c, 0xb8, 0x98, 0x80, 0x08, 0xb8, 0x98, 0x80, 0x08,
    0xb0, 0x98, 0x80, 0x0c, 0xb0, 0x98, 0x80, 0x08, 0xc0, 0x80, 0x80, 0x04,
    0x00, 0x00, 0x00, 0x00, 0x00, 0x00, 0x00, 0x00, 0x00, 0x00, 0x00, 0x00,
    0x00, 0x00, 0x00, 0x00, 0x00, 0x00, 0x00, 0x00, 0x00, 0x00, 0x00, 0x00,
    0x00, 0x00, 0x00, 0x00, 0x00, 0x00, 0x00, 0x00, 0x00, 0x00, 0x00, 0x00,
    0x00, 0x00, 0x00, 0x00, 0x00, 0x00, 0x00, 0x00, 0x00, 0x00, 0x00, 0x00,
    0x00, 0x00, 0x00, 0x00, 0x00, 0x00, 0x00, 0x00, 0x00, 0x00, 0x00, 0x00,
    0x00, 0x00, 0x00, 0x00, 0x00, 0x00, 0x00, 0x00, 0x00, 0x00, 0x00, 0x00,
    0x00, 0x00, 0x00, 0x00, 0x00, 0x00, 0x00, 0x00, 0x00, 0x00, 0x00, 0x00,
    0x00, 0x00, 0x00, 0x00, 0x00, 0x00, 0x00, 0x00, 0x00, 0x00, 0x00, 0x00,
    0x00, 0x00, 0x00, 0x00, 0x00, 0x00, 0x00, 0x00, 0x00, 0x00, 0x00, 0x00,
    0x00, 0x00, 0x00, 0x00, 0x00, 0x00, 0x00, 0x00, 0x00, 0x00, 0x00, 0x00,
    0x00, 0x00, 0x00, 0x00, 0x00, 0x00, 0x00, 0x00, 0x00, 0x00, 0x00, 0x00,
    0x00, 0x00, 0x00, 0x00, 0x00, 0x00, 0x00, 0x00, 0x00, 0x00, 0x00, 0x00,
    0x00, 0x00, 0x00, 0x00, 0x00, 0x00, 0x00, 0x00, 0x00, 0x00, 0x00, 0x00,
    0x80, 0x00, 0x00, 0x04, 0x80, 0x40, 0x00, 0x04, 0x80, 0x2c, 0x00, 0x04,
    0x70, 0x1c, 0x00, 0x08, 0x70, 0x2c, 0x00, 0x0c, 0x78, 0x24, 0x00, 0x10,
    0xf8, 0xfc, 0xf8, 0xff, 0xf8, 0xfc, 0xf8, 0xff, 0xf8, 0xfc, 0xf8, 0xff,
    0xf8, 0xfc, 0xf8, 0xff, 0xf8, 0xfc, 0xf8, 0xff, 0xf8, 0xfc, 0xf8, 0xff,
    0xf8, 0xfc, 0xf8, 0xff, 0xf8, 0xfc, 0xf8, 0xff, 0xf8, 0xfc, 0xf8, 0xff,
    0xf8, 0xfc, 0xf8, 0xff, 0xf8, 0xfc, 0xf8, 0xff, 0xf8, 0xfc, 0xf8, 0xff,
    0xf8, 0xfc, 0xf8, 0xff, 0xf8, 0xfc, 0xf8, 0xff, 0xf8, 0xfc, 0xf8, 0xff,
    0xf8, 0xfc, 0xf8, 0xff, 0xf8, 0xfc, 0xf8, 0xff, 0xf8, 0xfc, 0xf8, 0xff,
    0xf8, 0xfc, 0xf8, 0xff, 0xf8, 0xfc, 0xf8, 0xff, 0xf8, 0xfc, 0xf8, 0xff,
    0xf8, 0xfc, 0xf8, 0xff, 0xf8, 0xfc, 0xf8, 0xff, 0xf8, 0xfc, 0xf8, 0xff,
    0xf8, 0xfc, 0xf8, 0xff, 0xf8, 0xfc, 0xf8, 0xff, 0xf8, 0xfc, 0xf8, 0xff,
    0xf8, 0xfc, 0xf8, 0xff, 0xf8, 0xfc, 0xf8, 0xff, 0xf8, 0xfc, 0xf8, 0xff,
    0xf8, 0xfc, 0xf8, 0xff, 0xf8, 0xfc, 0xf8, 0xff, 0xf8, 0xfc, 0xf8, 0xff,
    0xf8, 0xfc, 0xf8, 0xff, 0xf8, 0xfc, 0xf8, 0xff, 0xf8, 0xfc, 0xf8, 0xff,
    0xf8, 0xfc, 0xf8, 0xff, 0xf8, 0xfc, 0xf8, 0xff, 0xf8, 0xfc, 0xf8, 0xff,
    0xf8, 0xfc, 0xf8, 0xff, 0xf8, 0xfc, 0xf8, 0xff, 0xf8, 0xfc, 0xf8, 0xff,
    0xf8, 0xfc, 0xf8, 0xff, 0xf8, 0xfc, 0xf8, 0xff, 0xf8, 0xfc, 0xf8, 0xff,
    0xf8, 0xfc, 0xf8, 0xff, 0xf8, 0xfc, 0xf8, 0xff, 0xf8, 0xfc, 0xf8, 0xff,
    0xf8, 0xfc, 0xf8, 0xff, 0xf8, 0xfc, 0xf8, 0xff, 0xf8, 0xfc, 0xf8, 0xff,
    0xf8, 0xf8, 0xf8, 0xff, 0xf8, 0xfc, 0xf8, 0xff, 0xf8, 0xfc, 0xf8, 0xff,
    0xf8, 0xf8, 0xf8, 0xff, 0xf8, 0xfc, 0xf8, 0xff, 0xf8, 0xfc, 0xf8, 0xff,
    0xf8, 0xf8, 0xf8, 0xff, 0xf8, 0xfc, 0xf8, 0xff, 0xf8, 0xfc, 0xf8, 0xff,
    0xf8, 0xf8, 0xf8, 0xff, 0xf8, 0xf8, 0xf8, 0xff, 0xf8, 0xfc, 0xf8, 0xff,
    0xf8, 0xf8, 0xf8, 0xff, 0xf8, 0xfc, 0xf8, 0xff, 0xf8, 0xf8, 0xf8, 0xff,
    0xf8, 0xfc, 0xf8, 0xff, 0xf8, 0xf8, 0xf8, 0xff, 0xf8, 0xfc, 0xf8, 0xff,
    0xf8, 0xf8, 0xf8, 0xff, 0xf8, 0xf8, 0xf8, 0xff, 0xf8, 0xf8, 0xf8, 0xff,
    0xf8, 0xf8, 0xf8, 0xff, 0xf8, 0xfc, 0xf8, 0xff, 0xf8, 0xf8, 0xf8, 0xff,
    0xf8, 0xf8, 0xf0, 0xff, 0xf8, 0xfc, 0xf8, 0xff, 0xf8, 0xf8, 0xf8, 0xff,
    0xf8, 0xf8, 0xf8, 0xff, 0xf8, 0xf8, 0xf8, 0xff, 0xf8, 0xf8, 0xf0, 0xff,
    0xf8, 0xf8, 0xf8, 0xff, 0xf8, 0xfc, 0xf8, 0xff, 0xf8, 0xf8, 0xf0, 0xff,
    0xf8, 0xf8, 0xf8, 0xff, 0xf8, 0xf8, 0xf8, 0xff, 0xf8, 0xf8, 0xf8, 0xff,
    0xf8, 0xf8, 0xf8, 0xff, 0xf8, 0xf8, 0xf0, 0xff, 0xf8, 0xf8, 0xf8, 0xff,
    0xf8, 0xf8, 0xf8, 0xff, 0xf8, 0xf8, 0xf8, 0xff, 0xf8, 0xf8, 0xf8, 0xff,
    0xf8, 0xf8, 0xf0, 0xff, 0xf8, 0xf8, 0xf8, 0xff, 0xf8, 0xf8, 0xf8, 0xff,
    0xf8, 0xf8, 0xf0, 0xff, 0xf8, 0xf8, 0xf8, 0xff, 0xf8, 0xf8, 0xf8, 0xff,
    0xf8, 0xf8, 0xf0, 0xff, 0xf8, 0xf8, 0xf8, 0xff, 0xf8, 0xf8, 0xf8, 0xff,
    0xf8, 0xf8, 0xf0, 0xff, 0xf8, 0xf8, 0xf8, 0xff, 0xf8, 0xf8, 0xf0, 0xff,
    0xf8, 0xf8, 0xf8, 0xff, 0xf8, 0xf8, 0xf0, 0xff, 0xf8, 0xf4, 0xf8, 0xff,
    0xf8, 0xf8, 0xf8, 0xff, 0xf8, 0xf8, 0xf0, 0xff, 0xf8, 0xf4, 0xf0, 0xff,
    0xf8, 0xf8, 0xf8, 0xff, 0xf8, 0xf8, 0xf0, 0xff, 0xf8, 0xf4, 0xf0, 0xff,
    0xf8, 0xf8, 0xf8, 0xff, 0xf8, 0xf8, 0xf0, 0xff, 0xf8, 0xf8, 0xf8, 0xff,
    0xf8, 0xf4, 0xf0, 0xff, 0xf8, 0xf8, 0xf8, 0xff, 0xf8, 0xf4, 0xf8, 0xff,
    0xf8, 0xf8, 0xf0, 0xff, 0xf8, 0xf8, 0xf8, 0xff, 0xf8, 0xf4, 0xf0, 0xff,
    0xf8, 0xf8, 0xf0, 0xff, 0xf8, 0xf8, 0xf8, 0xff, 0xf8, 0xf8, 0xf0, 0xff,
    0xf8, 0xf8, 0xf8, 0xff, 0xf8, 0xf4, 0xf8, 0xff, 0xf8, 0xf8, 0xf0, 0xff,
    0xf8, 0xf8, 0xf0, 0xff, 0xf8, 0xf8, 0xf8, 0xff, 0xf8, 0xf8, 0xf0, 0xff,
    0xf8, 0xf4, 0xf8, 0xff, 0xf8, 0xf8, 0xf0, 0xff, 0xf8, 0xf8, 0xf8, 0xff,
    0xf8, 0xf8, 0xf8, 0xff, 0xf8, 0xf4, 0xf0, 0xff, 0xf8, 0xf8, 0xf8, 0xff,
    0xf8, 0xf8, 0xf8, 0xff, 0xf8, 0xf8, 0xf0, 0xff, 0xf8, 0xf4, 0xf8, 0xff,
    0xf8, 0xf8, 0xf8, 0xff, 0xf8, 0xf8, 0xf0, 0xff, 0xf8, 0xf4, 0xf8, 0xff,
    0xf8, 0xf8, 0xf8, 0xff, 0xf8, 0xf8, 0xf0, 0xff, 0xf8, 0xf4, 0xf0, 0xff,
    0xf8, 0xf8, 0xf8, 0xff, 0xf8, 0xf8, 0xf8, 0xff, 0xf8, 0xf4, 0xf0, 0xff,
    0xf8, 0xf8, 0xf8, 0xff, 0xf8, 0xf8, 0xf0, 0xff, 0xf8, 0xf8, 0xf0, 0xff,
    0xf8, 0xf8, 0xf8, 0xff, 0xf8, 0xf4, 0xf0, 0xff, 0xf8, 0xf8, 0xf0, 0xff,
    0xf8, 0xf4, 0xf8, 0xff, 0xf8, 0xf8, 0xf0, 0xff, 0xf8, 0xf8, 0xf0, 0xff,
    0xf8, 0xf4, 0xf8, 0xff, 0xf8, 0xf8, 0xf0, 0xff, 0xf8, 0xf8, 0xf0, 0xff,
    0xf8, 0xf8, 0xf8, 0xff, 0xf8, 0xf4, 0xf0, 0xff, 0xf8, 0xf8, 0xf0, 0xff,
    0xf8, 0xf8, 0xf8, 0xff, 0xf8, 0xf8, 0xf8, 0xff, 0xf8, 0xf4, 0xf0, 0xff,
    0xf8, 0xf8, 0xf8, 0xff, 0xf8, 0xf8, 0xf8, 0xff, 0xf8, 0xf4, 0xf0, 0xff,
    0xf8, 0xf8, 0xf8, 0xff, 0xf8, 0xf8, 0xf0, 0xff, 0xf8, 0xf4, 0xf0, 0xff,
    0xf8, 0xf8, 0xf8, 0xff, 0xf8, 0xf8, 0xf0, 0xff, 0xf8, 0xf4, 0xf0, 0xff,
    0xf8, 0xf8, 0xf8, 0xff, 0xf8, 0xf8, 0xf0, 0xff, 0xf8, 0xf8, 0xf0, 0xff,
    0xf8, 0xf8, 0xf8, 0xff, 0xf8, 0xf8, 0xf8, 0xff, 0xf8, 0xf8, 0xf0, 0xff,
    0xf8, 0xf8, 0xf0, 0xff, 0xf8, 0xf4, 0xf0, 0xff, 0xf8, 0xf8, 0xf8, 0xff,
    0xf8, 0xf8, 0xf0, 0xff, 0xf8, 0xf8, 0xf8, 0xff, 0xf8, 0xf4, 0xf8, 0xff,
    0xf8, 0xf8, 0xf0, 0xff, 0xf8, 0xf8, 0xf8, 0xff, 0xf8, 0xf8, 0xf0, 0xff,
    0xf8, 0xf4, 0xf0, 0xff, 0xf8, 0xf8, 0xf8, 0xff, 0xf8, 0xf8, 0xf0, 0xff,
    0xf8, 0xf4, 0xf0, 0xff, 0xf8, 0xf8, 0xf8, 0xff, 0xf8, 0xf8, 0xf8, 0xff,
    0xf8, 0xf8, 0xf0, 0xff, 0xf8, 0xf4, 0xf0, 0xff, 0xf8, 0xf8, 0xf0, 0xff,
    0x98, 0x5c, 0x38, 0x1c, 0xa0, 0x60, 0x40, 0x18, 0xa0, 0x68, 0x48, 0x18,
    0xa0, 0x6c, 0x50, 0x14, 0xa0, 0x70, 0x60, 0x10, 0xa8, 0x80, 0x70, 0x10,
    0xa8, 0x80, 0x68, 0x0c, 0xb8, 0x8c, 0x70, 0x0c, 0xb8, 0x8c, 0x78, 0x0c,
    0xb8, 0x8c, 0x78, 0x0c, 0xb0, 0x98, 0x80, 0x08, 0xb0, 0x98, 0x80, 0x0c,
    0xb8, 0x98, 0x80, 0x0c, 0xa8, 0x90, 0x70, 0x08, 0xb8, 0x94, 0x70, 0x08,
    0x00, 0x00, 0x00, 0x00, 0x00, 0x00, 0x00, 0x00, 0x00, 0x00, 0x00, 0x00,
    0x00, 0x00, 0x00, 0x00, 0x00, 0x00, 0x00, 0x00, 0x00, 0x00, 0x00, 0x00,
    0x00, 0x00, 0x00, 0x00, 0x00, 0x00, 0x00, 0x00, 0x00, 0x00, 0x00, 0x00,
    0x00, 0x00, 0x00, 0x00, 0x00, 0x00, 0x00, 0x00, 0x00, 0x00, 0x00, 0x00,
    0x00, 0x00, 0x00, 0x00, 0x00, 0x00, 0x00, 0x00, 0x00, 0x00, 0x00, 0x00,
    0x00, 0x00, 0x00, 0x00, 0x00, 0x00, 0x00, 0x00, 0x00, 0x00, 0x00, 0x00,
    0x00, 0x00, 0x00, 0x00, 0x00, 0x00, 0x00, 0x00, 0x00, 0x00, 0x00, 0x00,
    0x00, 0x00, 0x00, 0x00, 0x00, 0x00, 0x00, 0x00, 0x00, 0x00, 0x00, 0x00,
    0x00, 0x00, 0x00, 0x00, 0x00, 0x00, 0x00, 0x00, 0x00, 0x00, 0x00, 0x00,
    0x00, 0x00, 0x00, 0x00, 0x00, 0x00, 0x00, 0x00, 0x00, 0x00, 0x00, 0x00,
    0x00, 0x00, 0x00, 0x00, 0x00, 0x00, 0x00, 0x00, 0x00, 0x00, 0x00, 0x00,
    0x00, 0x00, 0x00, 0x00, 0x00, 0x00, 0x00, 0x00, 0x00, 0x00, 0x00, 0x00,
    0x00, 0x00, 0x00, 0x00, 0x00, 0x00, 0x00, 0x00, 0x00, 0x00, 0x00, 0x00,
    0x80, 0x00, 0x00, 0x04, 0x80, 0x40, 0x00, 0x04, 0x80, 0x2c, 0x00, 0x08,
    0x70, 0x1c, 0x00, 0x08, 0x70, 0x2c, 0x00, 0x0c, 0x78, 0x24, 0x00, 0x10,
    0xf8, 0xfc, 0xf8, 0xff, 0xf8, 0xfc, 0xf8, 0xff, 0xf8, 0xfc, 0xf8, 0xff,
    0xf8, 0xfc, 0xf8, 0xff, 0xf8, 0xfc, 0xf8, 0xff, 0xf8, 0xfc, 0xf8, 0xff,
    0xf8, 0xfc, 0xf8, 0xff, 0xf8, 0xfc, 0xf8, 0xff, 0xf8, 0xfc, 0xf8, 0xff,
    0xf8, 0xfc, 0xf8, 0xff, 0xf8, 0xfc, 0xf8, 0xff, 0xf8, 0xfc, 0xf8, 0xff,
    0xf8, 0xfc, 0xf8, 0xff, 0xf8, 0xfc, 0xf8, 0xff, 0xf8, 0xfc, 0xf8, 0xff,
    0xf8, 0xfc, 0xf8, 0xff, 0xf8, 0xfc, 0xf8, 0xff, 0xf8, 0xfc, 0xf8, 0xff,
    0xf8, 0xfc, 0xf8, 0xff, 0xf8, 0xfc, 0xf8, 0xff, 0xf8, 0xfc, 0xf8, 0xff,
    0xf8, 0xfc, 0xf8, 0xff, 0xf8, 0xfc, 0xf8, 0xff, 0xf8, 0xfc, 0xf8, 0xff,
    0xf8, 0xfc, 0xf8, 0xff, 0xf8, 0xfc, 0xf8, 0xff, 0xf8, 0xfc, 0xf8, 0xff,
    0xf8, 0xfc, 0xf8, 0xff, 0xf8, 0xfc, 0xf8, 0xff, 0xf8, 0xfc, 0xf8, 0xff,
    0xf8, 0xfc, 0xf8, 0xff, 0xf8, 0xfc, 0xf8, 0xff, 0xf8, 0xfc, 0xf8, 0xff,
    0xf8, 0xfc, 0xf8, 0xff, 0xf8, 0xfc, 0xf8, 0xff, 0xf8, 0xfc, 0xf8, 0xff,
    0xf8, 0xfc, 0xf8, 0xff, 0xf8, 0xfc, 0xf8, 0xff, 0xf8, 0xfc, 0xf8, 0xff,
    0xf8, 0xfc, 0xf8, 0xff, 0xf8, 0xfc, 0xf8, 0xff, 0xf8, 0xfc, 0xf8, 0xff,
    0xf8, 0xfc, 0xf8, 0xff, 0xf8, 0xfc, 0xf8, 0xff, 0xf8, 0xfc, 0xf8, 0xff,
    0xf8, 0xfc, 0xf8, 0xff, 0xf8, 0xfc, 0xf8, 0xff, 0xf8, 0xfc, 0xf8, 0xff,
    0xf8, 0xfc, 0xf8, 0xff, 0xf8, 0xfc, 0xf8, 0xff, 0xf8, 0xf8, 0xf8, 0xff,
    0xf8, 0xfc, 0xf8, 0xff, 0xf8, 0xfc, 0xf8, 0xff, 0xf8, 0xf8, 0xf8, 0xff,
    0xf8, 0xfc, 0xf8, 0xff, 0xf8, 0xfc, 0xf8, 0xff, 0xf8, 0xf8, 0xf8, 0xff,
    0xf8, 0xfc, 0xf8, 0xff, 0xf8, 0xfc, 0xf8, 0xff, 0xf8, 0xf8, 0xf8, 0xff,
    0xf8, 0xf8, 0xf8, 0xff, 0xf8, 0xfc, 0xf8, 0xff, 0xf8, 0xfc, 0xf8, 0xff,
    0xf8, 0xf8, 0xf8, 0xff, 0xf8, 0xf8, 0xf8, 0xff, 0xf8, 0xfc, 0xf8, 0xff,
    0xf8, 0xf8, 0xf8, 0xff, 0xf8, 0xfc, 0xf8, 0xff, 0xf8, 0xfc, 0xf8, 0xff,
    0xf8, 0xfc, 0xf8, 0xff, 0xf8, 0xf8, 0xf8, 0xff, 0xf8, 0xf8, 0xf8, 0xff,
    0xf8, 0xf8, 0xf8, 0xff, 0xf8, 0xf8, 0xf8, 0xff, 0xf8, 0xfc, 0xf8, 0xff,
    0xf8, 0xf8, 0xf8, 0xff, 0xf8, 0xfc, 0xf8, 0xff, 0xf8, 0xf8, 0xf8, 0xff,
    0xf8, 0xfc, 0xf8, 0xff, 0xf8, 0xfc, 0xf0, 0xff, 0xf8, 0xf8, 0xf8, 0xff,
    0xf8, 0xf8, 0xf8, 0xff, 0xf8, 0xf8, 0xf8, 0xff, 0xf8, 0xf8, 0xf0, 0xff,
    0xf8, 0xf8, 0xf8, 0xff, 0xf8, 0xf8, 0xf8, 0xff, 0xf8, 0xf8, 0xf0, 0xff,
    0xf8, 0xf8, 0xf8, 0xff, 0xf8, 0xf8, 0xf8, 0xff, 0xf8, 0xf8, 0xf0, 0xff,
    0xf8, 0xf8, 0xf0, 0xff, 0xf8, 0xf8, 0xf8, 0xff, 0xf8, 0xf8, 0xf8, 0xff,
    0xf8, 0xf8, 0xf0, 0xff, 0xf8, 0xf8, 0xf8, 0xff, 0xf8, 0xf8, 0xf0, 0xff,
    0xf8, 0xf8, 0xf8, 0xff, 0xf8, 0xf8, 0xf8, 0xff, 0xf8, 0xf8, 0xf0, 0xff,
    0xf8, 0xf8, 0xf8, 0xff, 0xf8, 0xf8, 0xf8, 0xff, 0xf8, 0xf8, 0xf0, 0xff,
    0xf8, 0xf8, 0xf8, 0xff, 0xf8, 0xf8, 0xf8, 0xff, 0xf8, 0xf4, 0xf8, 0xff,
    0xf8, 0xf8, 0xf0, 0xff, 0xf8, 0xf8, 0xf8, 0xff, 0xf8, 0xf8, 0xf0, 0xff,
    0xf8, 0xf8, 0xf8, 0xff, 0xf8, 0xf4, 0xf8, 0xff, 0xf8, 0xf8, 0xf0, 0xff,
    0xf8, 0xf8, 0xf8, 0xff, 0xf8, 0xf4, 0xf8, 0xff, 0xf8, 0xf8, 0xf0, 0xff,
    0xf8, 0xf8, 0xf8, 0xff, 0xf8, 0xf8, 0xf0, 0xff, 0xf8, 0xf8, 0xf0, 0xff,
    0xf8, 0xf8, 0xf8, 0xff, 0xf8, 0xf8, 0xf0, 0xff, 0xf8, 0xf8, 0xf0, 0xff,
    0xf8, 0xf4, 0xf8, 0xff, 0xf8, 0xf8, 0xf8, 0xff, 0xf8, 0xf8, 0xf0, 0xff,
    0xf8, 0xf8, 0xf8, 0xff, 0xf8, 0xf4, 0xf0, 0xff, 0xf8, 0xf8, 0xf0, 0xff,
    0xf8, 0xf8, 0xf8, 0xff, 0xf8, 0xf8, 0xf8, 0xff, 0xf8, 0xf8, 0xf0, 0xff,
    0xf8, 0xf4, 0xf8, 0xff, 0xf8, 0xf8, 0xf0, 0xff, 0xf8, 0xf8, 0xf8, 0xff,
    0xf8, 0xf4, 0xf0, 0xff, 0xf8, 0xf8, 0xf0, 0xff, 0xf8, 0xf8, 0xf8, 0xff,
    0xf8, 0xf8, 0xf0, 0xff, 0xf8, 0xf8, 0xf0, 0xff, 0xf8, 0xf8, 0xf8, 0xff,
    0xf8, 0xf8, 0xf0, 0xff, 0xf8, 0xf8, 0xf0, 0xff, 0xf8, 0xf8, 0xf8, 0xff,
    0xf8, 0xf8, 0xf0, 0xff, 0xf8, 0xf8, 0xf0, 0xff, 0xf8, 0xf8, 0xf8, 0xff,
    0xf8, 0xf8, 0xf0, 0xff, 0xf8, 0xf8, 0xf8, 0xff, 0xf8, 0xf4, 0xf8, 0xff,
    0xf8, 0xf8, 0xf0, 0xff, 0xf8, 0xf8, 0xf0, 0xff, 0xf8, 0xf8, 0xf8, 0xff,
    0xf8, 0xf8, 0xf8, 0xff, 0xf8, 0xf8, 0xf0, 0xff, 0xf8, 0xf8, 0xf8, 0xff,
    0xf8, 0xf8, 0xf8, 0xff, 0xf8, 0xf8, 0xf0, 0xff, 0xf8, 0xf8, 0xf8, 0xff,
    0xf8, 0xf4, 0xf8, 0xff, 0xf8, 0xf8, 0xf0, 0xff, 0xf8, 0xf8, 0xf8, 0xff,
    0xf8, 0xf8, 0xf0, 0xff, 0xf8, 0xf8, 0xf8, 0xff, 0xf8, 0xf8, 0xf8, 0xff,
    0xf8, 0xf4, 0xf0, 0xff, 0xf8, 0xf8, 0xf8, 0xff, 0xf8, 0xf8, 0xf0, 0xff,
    0xf8, 0xf8, 0xf0, 0xff, 0xf8, 0xf4, 0xf8, 0xff, 0xf8, 0xf8, 0xf0, 0xff,
    0xf8, 0xf8, 0xf0, 0xff, 0xf8, 0xf8, 0xf8, 0xff, 0xf8, 0xf8, 0xf0, 0xff,
    0xf8, 0xf8, 0xf8, 0xff, 0xf8, 0xf8, 0xf8, 0xff, 0xf8, 0xf8, 0xf0, 0xff,
    0xf8, 0xf8, 0xf8, 0xff, 0xf8, 0xf8, 0xf8, 0xff, 0xf8, 0xf4, 0xf0, 0xff,
    0xf8, 0xf8, 0xf8, 0xff, 0xf8, 0xf8, 0xf8, 0xff, 0xf8, 0xf4, 0xf0, 0xff,
    0xf8, 0xf8, 0xf0, 0xff, 0xf8, 0xf4, 0xf8, 0xff, 0xf8, 0xf8, 0xf8, 0xff,
    0xf8, 0xf8, 0xf0, 0xff, 0xf8, 0xf8, 0xf8, 0xff, 0xf8, 0xf4, 0xf0, 0xff,
    0xf8, 0xf8, 0xf0, 0xff, 0xf8, 0xf8, 0xf8, 0xff, 0xf8, 0xf8, 0xf0, 0xff,
    0xf8, 0xf4, 0xf8, 0xff, 0xf8, 0xf8, 0xf8, 0xff, 0xf8, 0xf8, 0xf0, 0xff,
    0xf8, 0xf8, 0xf8, 0xff, 0xf8, 0xf4, 0xf8, 0xff, 0xf8, 0xf8, 0xf0, 0xff,
    0xf8, 0xf8, 0xf0, 0xff, 0xf8, 0xf4, 0xf8, 0xff, 0xf8, 0xf8, 0xf0, 0xff,
    0xf8, 0xf8, 0xf8, 0xff, 0xf8, 0xf4, 0xf8, 0xff, 0xf8, 0xf8, 0xf0, 0xff,
    0x98, 0x5c, 0x38, 0x1c, 0x98, 0x58, 0x40, 0x18, 0xa0, 0x60, 0x48, 0x14,
    0xa0, 0x70, 0x58, 0x10, 0xa8, 0x78, 0x50, 0x10, 0xb0, 0x74, 0x60, 0x0c,
    0xa8, 0x7c, 0x68, 0x0c, 0xb8, 0x8c, 0x78, 0x0c, 0xb8, 0x98, 0x80, 0x08,
    0xb0, 0x98, 0x80, 0x08, 0xb0, 0x98, 0x80, 0x0c, 0xa8, 0x90, 0x70, 0x08,
    0xa8, 0x90, 0x70, 0x08, 0xc0, 0x80, 0x80, 0x08, 0xc0, 0x80, 0x80, 0x08,
    0x80, 0x80, 0x80, 0x04, 0x00, 0x00, 0x00, 0x00, 0x00, 0x00, 0x00, 0x00,
    0x00, 0x00, 0x00, 0x00, 0x00, 0x00, 0x00, 0x00, 0x00, 0x00, 0x00, 0x00,
    0x00, 0x00, 0x00, 0x00, 0x00, 0x00, 0x00, 0x00, 0x00, 0x00, 0x00, 0x00,
    0x00, 0x00, 0x00, 0x00, 0x00, 0x00, 0x00, 0x00, 0x00, 0x00, 0x00, 0x00,
    0x00, 0x00, 0x00, 0x00, 0x00, 0x00, 0x00, 0x00, 0x00, 0x00, 0x00, 0x00,
    0x00, 0x00, 0x00, 0x00, 0x00, 0x00, 0x00, 0x00, 0x00, 0x00, 0x00, 0x00,
    0x00, 0x00, 0x00, 0x00, 0x00, 0x00, 0x00, 0x00, 0x00, 0x00, 0x00, 0x00,
    0x00, 0x00, 0x00, 0x00, 0x00, 0x00, 0x00, 0x00, 0x00, 0x00, 0x00, 0x00,
    0x00, 0x00, 0x00, 0x00, 0x00, 0x00, 0x00, 0x00, 0x00, 0x00, 0x00, 0x00,
    0x00, 0x00, 0x00, 0x00, 0x00, 0x00, 0x00, 0x00, 0x00, 0x00, 0x00, 0x00,
    0x00, 0x00, 0x00, 0x00, 0x00, 0x00, 0x00, 0x00, 0x00, 0x00, 0x00, 0x00,
    0x00, 0x00, 0x00, 0x00, 0x00, 0x00, 0x00, 0x00, 0x00, 0x00, 0x00, 0x00,
    0x00, 0x00, 0x00, 0x00, 0x00, 0x00, 0x00, 0x00, 0x00, 0x00, 0x00, 0x00,
    0x80, 0x00, 0x00, 0x00, 0x78, 0x40, 0x00, 0x04, 0x80, 0x28, 0x00, 0x08,
    0x80, 0x20, 0x00, 0x08, 0x70, 0x30, 0x00, 0x0c, 0x80, 0x24, 0x00, 0x0c,
    0xf8, 0xfc, 0xf8, 0xff, 0xf8, 0xfc, 0xf8, 0xff, 0xf8, 0xfc, 0xf8, 0xff,
    0xf8, 0xfc, 0xf8, 0xff, 0xf8, 0xfc, 0xf8, 0xff, 0xf8, 0xfc, 0xf8, 0xff,
    0xf8, 0xfc, 0xf8, 0xff, 0xf8, 0xfc, 0xf8, 0xff, 0xf8, 0xfc, 0xf8, 0xff,
    0xf8, 0xfc, 0xf8, 0xff, 0xf8, 0xfc, 0xf8, 0xff, 0xf8, 0xfc, 0xf8, 0xff,
    0xf8, 0xfc, 0xf8, 0xff, 0xf8, 0xfc, 0xf8, 0xff, 0xf8, 0xfc, 0xf8, 0xff,
    0xf8, 0xfc, 0xf8, 0xff, 0xf8, 0xfc, 0xf8, 0xff, 0xf8, 0xfc, 0xf8, 0xff,
    0xf8, 0xfc, 0xf8, 0xff, 0xf8, 0xfc, 0xf8, 0xff, 0xf8, 0xfc, 0xf8, 0xff,
    0xf8, 0xfc, 0xf8, 0xff, 0xf8, 0xfc, 0xf8, 0xff, 0xf8, 0xfc, 0xf8, 0xff,
    0xf8, 0xfc, 0xf8, 0xff, 0xf8, 0xfc, 0xf8, 0xff, 0xf8, 0xfc, 0xf8, 0xff,
    0xf8, 0xfc, 0xf8, 0xff, 0xf8, 0xfc, 0xf8, 0xff, 0xf8, 0xfc, 0xf8, 0xff,
    0xf8, 0xfc, 0xf8, 0xff, 0xf8, 0xfc, 0xf8, 0xff, 0xf8, 0xfc, 0xf8, 0xff,
    0xf8, 0xfc, 0xf8, 0xff, 0xf8, 0xfc, 0xf8, 0xff, 0xf8, 0xfc, 0xf8, 0xff,
    0xf8, 0xfc, 0xf8, 0xff, 0xf8, 0xfc, 0xf8, 0xff, 0xf8, 0xfc, 0xf8, 0xff,
    0xf8, 0xfc, 0xf8, 0xff, 0xf8, 0xfc, 0xf8, 0xff, 0xf8, 0xfc, 0xf8, 0xff,
    0xf8, 0xfc, 0xf8, 0xff, 0xf8, 0xfc, 0xf8, 0xff, 0xf8, 0xfc, 0xf8, 0xff,
    0xf8, 0xfc, 0xf8, 0xff, 0xf8, 0xfc, 0xf8, 0xff, 0xf8, 0xfc, 0xf8, 0xff,
    0xf8, 0xf8, 0xf8, 0xff, 0xf8, 0xfc, 0xf8, 0xff, 0xf8, 0xfc, 0xf8, 0xff,
    0xf8, 0xfc, 0xf8, 0xff, 0xf8, 0xfc, 0xf8, 0xff, 0xf8, 0xfc, 0xf8, 0xff,
    0xf8, 0xfc, 0xf8, 0xff, 0xf8, 0xfc, 0xf8, 0xff, 0xf8, 0xfc, 0xf8, 0xff,
    0xf8, 0xfc, 0xf8, 0xff, 0xf8, 0xf8, 0xf8, 0xff, 0xf8, 0xf8, 0xf8, 0xff,
    0xf8, 0xfc, 0xf8, 0xff, 0xf8, 0xfc, 0xf8, 0xff, 0xf8, 0xf8, 0xf8, 0xff,
    0xf8, 0xfc, 0xf8, 0xff, 0xf8, 0xfc, 0xf8, 0xff, 0xf8, 0xf8, 0xf8, 0xff,
    0xf8, 0xfc, 0xf8, 0xff, 0xf8, 0xf8, 0xf8, 0xff, 0xf8, 0xf8, 0xf8, 0xff,
    0xf8, 0xf8, 0xf8, 0xff, 0xf8, 0xf8, 0xf8, 0xff, 0xf8, 0xfc, 0xf8, 0xff,
    0xf8, 0xf8, 0xf8, 0xff, 0xf8, 0xf8, 0xf0, 0xff, 0xf8, 0xf8, 0xf8, 0xff,
    0xf8, 0xf8, 0xf8, 0xff, 0xf8, 0xf8, 0xf8, 0xff, 0xf8, 0xf8, 0xf8, 0xff,
    0xf8, 0xf8, 0xf0, 0xff, 0xf8, 0xf8, 0xf8, 0xff, 0xf8, 0xfc, 0xf8, 0xff,
    0xf8, 0xf8, 0xf8, 0xff, 0xf8, 0xf8, 0xf0, 0xff, 0xf8, 0xf8, 0xf8, 0xff,
    0xf8, 0xf8, 0xf8, 0xff, 0xf8, 0xf8, 0xf8, 0xff, 0xf8, 0xf8, 0xf0, 0xff,
    0xf8, 0xf8, 0xf8, 0xff, 0xf8, 0xf8, 0xf8, 0xff, 0xf8, 0xf8, 0xf0, 0xff,
    0xf8, 0xf8, 0xf8, 0xff, 0xf8, 0xf8, 0xf0, 0xff, 0xf8, 0xf8, 0xf8, 0xff,
    0xf8, 0xf8, 0xf8, 0xff, 0xf8, 0xf8, 0xf0, 0xff, 0xf8, 0xf8, 0xf8, 0xff,
    0xf8, 0xf8, 0xf8, 0xff, 0xf8, 0xf8, 0xf0, 0xff, 0xf8, 0xf8, 0xf0, 0xff,
    0xf8, 0xf8, 0xf8, 0xff, 0xf8, 0xf8, 0xf8, 0xff, 0xf8, 0xf8, 0xf0, 0xff,
    0xf8, 0xf8, 0xf8, 0xff, 0xf8, 0xf8, 0xf8, 0xff, 0xf8, 0xf8, 0xf0, 0xff,
    0xf8, 0xf4, 0xf0, 0xff, 0xf8, 0xf8, 0xf8, 0xff, 0xf8, 0xf8, 0xf0, 0xff,
    0xf8, 0xf4, 0xf0, 0xff, 0xf8, 0xf8, 0xf8, 0xff, 0xf8, 0xf8, 0xf0, 0xff,
    0xf8, 0xf8, 0xf8, 0xff, 0xf8, 0xf8, 0xf0, 0xff, 0xf8, 0xf8, 0xf8, 0xff,
    0xf8, 0xf4, 0xf8, 0xff, 0xf8, 0xf8, 0xf0, 0xff, 0xf8, 0xf4, 0xf8, 0xff,
    0xf8, 0xf8, 0xf8, 0xff, 0xf8, 0xf8, 0xf0, 0xff, 0xf8, 0xf8, 0xf0, 0xff,
    0xf8, 0xf8, 0xf8, 0xff, 0xf8, 0xf4, 0xf0, 0xff, 0xf8, 0xf8, 0xf8, 0xff,
    0xf8, 0xf8, 0xf8, 0xff, 0xf8, 0xf8, 0xf0, 0xff, 0xf8, 0xf4, 0xf8, 0xff,
    0xf8, 0xf8, 0xf0, 0xff, 0xf8, 0xf8, 0xf0, 0xff, 0xf8, 0xf4, 0xf8, 0xff,
    0xf8, 0xf8, 0xf8, 0xff, 0xf8, 0xf8, 0xf0, 0xff, 0xf8, 0xf8, 0xf8, 0xff,
    0xf8, 0xf8, 0xf8, 0xff, 0xf8, 0xf4, 0xf0, 0xff, 0xf8, 0xf8, 0xf8, 0xff,
    0xf8, 0xf4, 0xf0, 0xff, 0xf8, 0xf8, 0xf8, 0xff, 0xf8, 0xf4, 0xf8, 0xff,
    0xf8, 0xf4, 0xf0, 0xff, 0xf8, 0xf8, 0xf8, 0xff, 0xf8, 0xf8, 0xf8, 0xff,
    0xf8, 0xf4, 0xf0, 0xff, 0xf8, 0xf8, 0xf8, 0xff, 0xf8, 0xf4, 0xf0, 0xff,
    0xf8, 0xf8, 0xf0, 0xff, 0xf8, 0xf8, 0xf8, 0xff, 0xf8, 0xf8, 0xf0, 0xff,
    0xf8, 0xf4, 0xf0, 0xff, 0xf8, 0xf8, 0xf8, 0xff, 0xf8, 0xf8, 0xf0, 0xff,
    0xf8, 0xf4, 0xf0, 0xff, 0xf8, 0xf4, 0xf8, 0xff, 0xf8, 0xf8, 0xf0, 0xff,
    0xf8, 0xf8, 0xf0, 0xff, 0xf8, 0xf4, 0xf8, 0xff, 0xf8, 0xf8, 0xf0, 0xff,
    0xf8, 0xf8, 0xf0, 0xff, 0xf8, 0xf8, 0xf8, 0xff, 0xf8, 0xf4, 0xf0, 0xff,
    0xf8, 0xf8, 0xf8, 0xff, 0xf8, 0xf8, 0xf0, 0xff, 0xf8, 0xf4, 0xf0, 0xff,
    0xf8, 0xf8, 0xf8, 0xff, 0xf8, 0xf8, 0xf8, 0xff, 0xf8, 0xf4, 0xf8, 0xff,
    0xf8, 0xf8, 0xf0, 0xff, 0xf8, 0xf8, 0xf8, 0xff, 0xf8, 0xf8, 0xf8, 0xff,
    0xf8, 0xf4, 0xf0, 0xff, 0xf8, 0xf8, 0xf8, 0xff, 0xf8, 0xf8, 0xf0, 0xff,
    0xf8, 0xf4, 0xf0, 0xff, 0xf8, 0xf4, 0xf8, 0xff, 0xf8, 0xf8, 0xf0, 0xff,
    0xf8, 0xf8, 0xf0, 0xff, 0xf8, 0xf8, 0xf8, 0xff, 0xf8, 0xf8, 0xf0, 0xff,
    0xf8, 0xf8, 0xf0, 0xff, 0xf8, 0xf4, 0xf8, 0xff, 0xf8, 0xf8, 0xf8, 0xff,
    0xf8, 0xf8, 0xf0, 0xff, 0xf8, 0xf8, 0xf0, 0xff, 0xf8, 0xf4, 0xf8, 0xff,
    0xf8, 0xf8, 0xf8, 0xff, 0xf8, 0xf8, 0xf8, 0xff, 0xf8, 0xf8, 0xf0, 0xff,
    0xf8, 0xf4, 0xf8, 0xff, 0xf8, 0xf8, 0xf0, 0xff, 0xf8, 0xf8, 0xf0, 0xff,
    0xf8, 0xf8, 0xf8, 0xff, 0xf8, 0xf4, 0xf0, 0xff, 0xf8, 0xf8, 0xf0, 0xff,
    0xf8, 0xf8, 0xf8, 0xff, 0xf8, 0xf8, 0xf8, 0xff, 0xf8, 0xf8, 0xf0, 0xff,
    0xf8, 0xf8, 0xf8, 0xff, 0xf8, 0xf8, 0xf8, 0xff, 0xf8, 0xf8, 0xf0, 0xff,
    0xf8, 0xf8, 0xf0, 0xff, 0xf8, 0xf8, 0xf8, 0xff, 0xf8, 0xf8, 0xf8, 0xff,
    0x90, 0x58, 0x38, 0x1c, 0x98, 0x58, 0x40, 0x18, 0x98, 0x64, 0x48, 0x14,
    0xa8, 0x68, 0x48, 0x10, 0xa8, 0x78, 0x58, 0x10, 0xb0, 0x74, 0x60, 0x0c,
    0xa8, 0x80, 0x68, 0x0c, 0xb0, 0x98, 0x80, 0x08, 0xb8, 0x98, 0x80, 0x08,
    0xb0, 0x98, 0x80, 0x0c, 0xb0, 0x8c, 0x70, 0x08, 0xa8, 0x90, 0x70, 0x08,
    0xc0, 0x80, 0x80, 0x08, 0xc0, 0x7c, 0x80, 0x08, 0xc0, 0x7c, 0x80, 0x08,
    0xc0, 0x80, 0x80, 0x04, 0x00, 0x00, 0x00, 0x00, 0x00, 0x00, 0x00, 0x00,
    0x00, 0x00, 0x00, 0x00, 0x00, 0x00, 0x00, 0x00, 0x00, 0x00, 0x00, 0x00,
    0x00, 0x00, 0x00, 0x00, 0x00, 0x00, 0x00, 0x00, 0x00, 0x00, 0x00, 0x00,
    0x00, 0x00, 0x00, 0x00, 0x00, 0x00, 0x00, 0x00, 0x00, 0x00, 0x00, 0x00,
    0x00, 0x00, 0x00, 0x00, 0x00, 0x00, 0x00, 0x00, 0x00, 0x00, 0x00, 0x00,
    0x00, 0x00, 0x00, 0x00, 0x00, 0x00, 0x00, 0x00, 0x00, 0x00, 0x00, 0x00,
    0x00, 0x00, 0x00, 0x00, 0x00, 0x00, 0x00, 0x00, 0x00, 0x00, 0x00, 0x00,
    0x00, 0x00, 0x00, 0x00, 0x00, 0x00, 0x00, 0x00, 0x00, 0x00, 0x00, 0x00,
    0x00, 0x00, 0x00, 0x00, 0x00, 0x00, 0x00, 0x00, 0x00, 0x00, 0x00, 0x00,
    0x00, 0x00, 0x00, 0x00, 0x00, 0x00, 0x00, 0x00, 0x00, 0x00, 0x00, 0x00,
    0x00, 0x00, 0x00, 0x00, 0x00, 0x00, 0x00, 0x00, 0x00, 0x00, 0x00, 0x00,
    0x00, 0x00, 0x00, 0x00, 0x00, 0x00, 0x00, 0x00, 0x00, 0x00, 0x00, 0x00,
    0x00, 0x00, 0x00, 0x00, 0x00, 0x00, 0x00, 0x00, 0x00, 0x00, 0x00, 0x00,
    0x80, 0x00, 0x00, 0x04, 0x80, 0x40, 0x00, 0x04, 0x80, 0x28, 0x00, 0x04,
    0x80, 0x20, 0x00, 0x08, 0x70, 0x30, 0x00, 0x0c, 0x80, 0x24, 0x00, 0x0c,
    0xf8, 0xfc, 0xf8, 0xf3, 0xf8, 0xfc, 0xf8, 0xff, 0xf8, 0xfc, 0xf8, 0xff,
    0xf8, 0xfc, 0xf8, 0xff, 0xf8, 0xfc, 0xf8, 0xff, 0xf8, 0xfc, 0xf8, 0xff,
    0xf8, 0xfc, 0xf8, 0xff, 0xf8, 0xfc, 0xf8, 0xff, 0xf8, 0xfc, 0xf8, 0xff,
    0xf8, 0xfc, 0xf8, 0xff, 0xf8, 0xfc, 0xf8, 0xff, 0xf8, 0xfc, 0xf8, 0xff,
    0xf8, 0xfc, 0xf8, 0xff, 0xf8, 0xfc, 0xf8, 0xff, 0xf8, 0xfc, 0xf8, 0xff,
    0xf8, 0xfc, 0xf8, 0xff, 0xf8, 0xfc, 0xf8, 0xff, 0xf8, 0xfc, 0xf8, 0xff,
    0xf8, 0xfc, 0xf8, 0xff, 0xf8, 0xfc, 0xf8, 0xff, 0xf8, 0xfc, 0xf8, 0xff,
    0xf8, 0xfc, 0xf8, 0xff, 0xf8, 0xfc, 0xf8, 0xff, 0xf8, 0xfc, 0xf8, 0xff,
    0xf8, 0xfc, 0xf8, 0xff, 0xf8, 0xfc, 0xf8, 0xff, 0xf8, 0xfc, 0xf8, 0xff,
    0xf8, 0xfc, 0xf8, 0xff, 0xf8, 0xfc, 0xf8, 0xff, 0xf8, 0xfc, 0xf8, 0xff,
    0xf8, 0xfc, 0xf8, 0xff, 0xf8, 0xfc, 0xf8, 0xff, 0xf8, 0xfc, 0xf8, 0xff,
    0xf8, 0xfc, 0xf8, 0xff, 0xf8, 0xfc, 0xf8, 0xff, 0xf8, 0xfc, 0xf8, 0xff,
    0xf8, 0xfc, 0xf8, 0xff, 0xf8, 0xfc, 0xf8, 0xff, 0xf8, 0xfc, 0xf8, 0xff,
    0xf8, 0xfc, 0xf8, 0xff, 0xf8, 0xfc, 0xf8, 0xff, 0xf8, 0xfc, 0xf8, 0xff,
    0xf8, 0xfc, 0xf8, 0xff, 0xf8, 0xfc, 0xf8, 0xff, 0xf8, 0xfc, 0xf8, 0xff,
    0xf8, 0xfc, 0xf8, 0xff, 0xf8, 0xfc, 0xf8, 0xff, 0xf8, 0xfc, 0xf8, 0xff,
    0xf8, 0xfc, 0xf8, 0xff, 0xf8, 0xf8, 0xf8, 0xff, 0xf8, 0xfc, 0xf8, 0xff,
    0xf8, 0xfc, 0xf8, 0xff, 0xf8, 0xf8, 0xf8, 0xff, 0xf8, 0xfc, 0xf8, 0xff,
    0xf8, 0xf8, 0xf8, 0xff, 0xf8, 0xf8, 0xf8, 0xff, 0xf8, 0xfc, 0xf8, 0xff,
    0xf8, 0xf8, 0xf8, 0xff, 0xf8, 0xfc, 0xf8, 0xff, 0xf8, 0xfc, 0xf8, 0xff,
    0xf8, 0xf8, 0xf8, 0xff, 0xf8, 0xf8, 0xf8, 0xff, 0xf8, 0xf8, 0xf8, 0xff,
    0xf8, 0xfc, 0xf8, 0xff, 0xf8, 0xf8, 0xf8, 0xff, 0xf8, 0xfc, 0xf8, 0xff,
    0xf8, 0xf8, 0xf8, 0xff, 0xf8, 0xfc, 0xf8, 0xff, 0xf8, 0xf8, 0xf8, 0xff,
    0xf8, 0xf8, 0xf8, 0xff, 0xf8, 0xf8, 0xf8, 0xff, 0xf8, 0xf8, 0xf8, 0xff,
    0xf8, 0xfc, 0xf8, 0xff, 0xf8, 0xf8, 0xf8, 0xff, 0xf8, 0xf8, 0xf8, 0xff,
    0xf8, 0xfc, 0xf8, 0xff, 0xf8, 0xf8, 0xf0, 0xff, 0xf8, 0xf8, 0xf8, 0xff,
    0xf8, 0xf8, 0xf8, 0xff, 0xf8, 0xf8, 0xf8, 0xff, 0xf8, 0xf8, 0xf8, 0xff,
    0xf8, 0xf8, 0xf0, 0xff, 0xf8, 0xf8, 0xf8, 0xff, 0xf8, 0xf8, 0xf8, 0xff,
    0xf8, 0xf8, 0xf8, 0xff, 0xf8, 0xf8, 0xf0, 0xff, 0xf8, 0xf8, 0xf8, 0xff,
    0xf8, 0xf8, 0xf8, 0xff, 0xf8, 0xf8, 0xf0, 0xff, 0xf8, 0xf8, 0xf8, 0xff,
    0xf8, 0xf8, 0xf8, 0xff, 0xf8, 0xf8, 0xf0, 0xff, 0xf8, 0xf8, 0xf8, 0xff,
    0xf8, 0xf8, 0xf8, 0xff, 0xf8, 0xf8, 0xf0, 0xff, 0xf8, 0xf8, 0xf8, 0xff,
    0xf8, 0xf8, 0xf8, 0xff, 0xf8, 0xf8, 0xf0, 0xff, 0xf8, 0xf8, 0xf8, 0xff,
    0xf8, 0xf8, 0xf8, 0xff, 0xf8, 0xf8, 0xf0, 0xff, 0xf8, 0xf8, 0xf8, 0xff,
    0xf8, 0xf4, 0xf0, 0xff, 0xf8, 0xf8, 0xf0, 0xff, 0xf8, 0xf8, 0xf8, 0xff,
    0xf8, 0xf4, 0xf0, 0xff, 0xf8, 0xf8, 0xf8, 0xff, 0xf8, 0xf8, 0xf8, 0xff,
    0xf8, 0xf8, 0xf0, 0xff, 0xf8, 0xf4, 0xf0, 0xff, 0xf8, 0xf8, 0xf8, 0xff,
    0xf8, 0xf4, 0xf0, 0xff, 0xf8, 0xf8, 0xf0, 0xff, 0xf8, 0xf8, 0xf8, 0xff,
    0xf8, 0xf8, 0xf0, 0xff, 0xf8, 0xf8, 0xf0, 0xff, 0xf8, 0xf8, 0xf8, 0xff,
    0xf8, 0xf4, 0xf8, 0xff, 0xf8, 0xf8, 0xf0, 0xff, 0xf8, 0xf8, 0xf8, 0xff,
    0xf8, 0xf8, 0xf0, 0xff, 0xf8, 0xf8, 0xf0, 0xff, 0xf8, 0xf4, 0xf8, 0xff,
    0xf8, 0xf8, 0xf0, 0xff, 0xf8, 0xf8, 0xf8, 0xff, 0xf8, 0xf8, 0xf8, 0xff,
    0xf8, 0xf4, 0xf0, 0xff, 0xf8, 0xf8, 0xf0, 0xff, 0xf8, 0xf8, 0xf8, 0xff,
    0xf8, 0xf8, 0xf0, 0xff, 0xf8, 0xf4, 0xf0, 0xff, 0xf8, 0xf8, 0xf8, 0xff,
    0xf8, 0xf8, 0xf0, 0xff, 0xf8, 0xf8, 0xf8, 0xff, 0xf8, 0xf8, 0xf0, 0xff,
    0xf8, 0xf8, 0xf8, 0xff, 0xf8, 0xf8, 0xf0, 0xff, 0xf8, 0xf8, 0xf0, 0xff,
    0xf8, 0xf8, 0xf8, 0xff, 0xf8, 0xf8, 0xf0, 0xff, 0xf8, 0xf4, 0xf0, 0xff,
    0xf8, 0xf8, 0xf8, 0xff, 0xf8, 0xf8, 0xf8, 0xff, 0xf8, 0xf4, 0xf0, 0xff,
    0xf8, 0xf8, 0xf8, 0xff, 0xf8, 0xf8, 0xf8, 0xff, 0xf8, 0xf8, 0xf0, 0xff,
    0xf8, 0xf4, 0xf8, 0xff, 0xf8, 0xf8, 0xf8, 0xff, 0xf8, 0xf8, 0xf0, 0xff,
    0xf8, 0xf8, 0xf8, 0xff, 0xf8, 0xf8, 0xf8, 0xff, 0xf8, 0xf8, 0xf0, 0xff,
    0xf8, 0xf4, 0xf8, 0xff, 0xf8, 0xf8, 0xf8, 0xff, 0xf8, 0xf8, 0xf0, 0xff,
    0xf8, 0xf8, 0xf8, 0xff, 0xf8, 0xf4, 0xf0, 0xff, 0xf8, 0xf8, 0xf8, 0xff,
    0xf8, 0xf8, 0xf8, 0xff, 0xf8, 0xf4, 0xf0, 0xff, 0xf8, 0xf8, 0xf0, 0xff,
    0xf8, 0xf8, 0xf8, 0xff, 0xf8, 0xf8, 0xf0, 0xff, 0xf8, 0xf8, 0xf0, 0xff,
    0xf8, 0xf4, 0xf8, 0xff, 0xf8, 0xf8, 0xf0, 0xff, 0xf8, 0xf8, 0xf8, 0xff,
    0xf8, 0xf8, 0xf0, 0xff, 0xf8, 0xf4, 0xf8, 0xff, 0xf8, 0xf8, 0xf8, 0xff,
    0xf8, 0xf8, 0xf0, 0xff, 0xf8, 0xf8, 0xf8, 0xff, 0xf8, 0xf4, 0xf0, 0xff,
    0xf8, 0xf8, 0xf8, 0xff, 0xf8, 0xf4, 0xf8, 0xff, 0xf8, 0xf8, 0xf0, 0xff,
    0xf8, 0xf8, 0xf0, 0xff, 0xf8, 0xf8, 0xf8, 0xff, 0xf8, 0xf4, 0xf8, 0xff,
    0xf8, 0xf8, 0xf0, 0xff, 0xf8, 0xf8, 0xf0, 0xff, 0xf8, 0xf8, 0xf8, 0xff,
    0xf8, 0xf4, 0xf0, 0xff, 0xf8, 0xf8, 0xf0, 0xff, 0xf8, 0xf8, 0xf8, 0xff,
    0xf8, 0xf8, 0xf8, 0xff, 0xf8, 0xf4, 0xf0, 0xff, 0xf8, 0xf8, 0xf8, 0xff,
    0xf8, 0xf8, 0xf8, 0xff, 0xf8, 0xf8, 0xf0, 0xff, 0xf8, 0xf4, 0xf0, 0xff,
    0xf8, 0xf8, 0xf8, 0xff, 0xf8, 0xf8, 0xf0, 0xff, 0xf8, 0xf4, 0xf0, 0xff,
    0xf8, 0xf4, 0xf8, 0xff, 0xf8, 0xf8, 0xf0, 0xff, 0xf8, 0xf4, 0xf8, 0xff,
    0xf8, 0xf8, 0xf0, 0xff, 0xf8, 0xf8, 0xf0, 0xff, 0xf8, 0xf4, 0xf0, 0xfb,
    0x90, 0x58, 0x40, 0x18, 0x98, 0x5c, 0x38, 0x14, 0xa0, 0x60, 0x40, 0x14,
    0xa8, 0x68, 0x50, 0x10, 0xa8, 0x78, 0x58, 0x10, 0xb0, 0x78, 0x60, 0x0c,
    0xb8, 0x8c, 0x78, 0x0c, 0xa8, 0x8c, 0x70, 0x08, 0xa8, 0x90, 0x70, 0x08,
    0xa8, 0x90, 0x70, 0x08, 0xa8, 0x8c, 0x70, 0x08, 0xc0, 0x80, 0x80, 0x08,
    0xc0, 0x80, 0x80, 0x08, 0xc0, 0x80, 0x80, 0x08, 0xc0, 0x80, 0x80, 0x08,
    0xb8, 0x90, 0x68, 0x08, 0x00, 0x00, 0x00, 0x00, 0x00, 0x00, 0x00, 0x00,
    0x00, 0x00, 0x00, 0x00, 0x00, 0x00, 0x00, 0x00, 0x00, 0x00, 0x00, 0x00,
    0x00, 0x00, 0x00, 0x00, 0x00, 0x00, 0x00, 0x00, 0x00, 0x00, 0x00, 0x00,
    0x00, 0x00, 0x00, 0x00, 0x00, 0x00, 0x00, 0x00, 0x00, 0x00, 0x00, 0x00,
    0x00, 0x00, 0x00, 0x00, 0x00, 0x00, 0x00, 0x00, 0x00, 0x00, 0x00, 0x00,
    0x00, 0x00, 0x00, 0x00, 0x00, 0x00, 0x00, 0x00, 0x00, 0x00, 0x00, 0x00,
    0x00, 0x00, 0x00, 0x00, 0x00, 0x00, 0x00, 0x00, 0x00, 0x00, 0x00, 0x00,
    0x00, 0x00, 0x00, 0x00, 0x00, 0x00, 0x00, 0x00, 0x00, 0x00, 0x00, 0x00,
    0x00, 0x00, 0x00, 0x00, 0x00, 0x00, 0x00, 0x00, 0x00, 0x00, 0x00, 0x00,
    0x00, 0x00, 0x00, 0x00, 0x00, 0x00, 0x00, 0x00, 0x00, 0x00, 0x00, 0x00,
    0x00, 0x00, 0x00, 0x00, 0x00, 0x00, 0x00, 0x00, 0x00, 0x00, 0x00, 0x00,
    0x00, 0x00, 0x00, 0x00, 0x00, 0x00, 0x00, 0x00, 0x00, 0x00, 0x00, 0x00,
    0x00, 0x00, 0x00, 0x00, 0x00, 0x00, 0x00, 0x00, 0x00, 0x00, 0x00, 0x00,
    0x80, 0x00, 0x00, 0x04, 0x80, 0x40, 0x00, 0x04, 0x80, 0x2c, 0x00, 0x04,
    0x80, 0x20, 0x00, 0x08, 0x70, 0x2c, 0x00, 0x0c, 0x80, 0x24, 0x00, 0x0c,
    0xf8, 0xf8, 0xf8, 0xdb, 0xf8, 0xfc, 0xf8, 0xff, 0xf8, 0xfc, 0xf8, 0xff,
    0xf8, 0xfc, 0xf8, 0xff, 0xf8, 0xfc, 0xf8, 0xff, 0xf8, 0xfc, 0xf8, 0xff,
    0xf8, 0xfc, 0xf8, 0xff, 0xf8, 0xfc, 0xf8, 0xff, 0xf8, 0xfc, 0xf8, 0xff,
    0xf8, 0xfc, 0xf8, 0xff, 0xf8, 0xfc, 0xf8, 0xff, 0xf8, 0xfc, 0xf8, 0xff,
    0xf8, 0xfc, 0xf8, 0xff, 0xf8, 0xfc, 0xf8, 0xff, 0xf8, 0xfc, 0xf8, 0xff,
    0xf8, 0xfc, 0xf8, 0xff, 0xf8, 0xfc, 0xf8, 0xff, 0xf8, 0xfc, 0xf8, 0xff,
    0xf8, 0xfc, 0xf8, 0xff, 0xf8, 0xfc, 0xf8, 0xff, 0xf8, 0xfc, 0xf8, 0xff,
    0xf8, 0xfc, 0xf8, 0xff, 0xf8, 0xfc, 0xf8, 0xff, 0xf8, 0xfc, 0xf8, 0xff,
    0xf8, 0xfc, 0xf8, 0xff, 0xf8, 0xfc, 0xf8, 0xff, 0xf8, 0xfc, 0xf8, 0xff,
    0xf8, 0xfc, 0xf8, 0xff, 0xf8, 0xfc, 0xf8, 0xff, 0xf8, 0xfc, 0xf8, 0xff,
    0xf8, 0xfc, 0xf8, 0xff, 0xf8, 0xfc, 0xf8, 0xff, 0xf8, 0xfc, 0xf8, 0xff,
    0xf8, 0xfc, 0xf8, 0xff, 0xf8, 0xfc, 0xf8, 0xff, 0xf8, 0xfc, 0xf8, 0xff,
    0xf8, 0xfc, 0xf8, 0xff, 0xf8, 0xfc, 0xf8, 0xff, 0xf8, 0xfc, 0xf8, 0xff,
    0xf8, 0xfc, 0xf8, 0xff, 0xf8, 0xfc, 0xf8, 0xff, 0xf8, 0xfc, 0xf8, 0xff,
    0xf8, 0xfc, 0xf8, 0xff, 0xf8, 0xfc, 0xf8, 0xff, 0xf8, 0xfc, 0xf8, 0xff,
    0xf8, 0xfc, 0xf8, 0xff, 0xf8, 0xf8, 0xf8, 0xff, 0xf8, 0xfc, 0xf8, 0xff,
    0xf8, 0xfc, 0xf8, 0xff, 0xf8, 0xfc, 0xf8, 0xff, 0xf8, 0xf8, 0xf8, 0xff,
    0xf8, 0xfc, 0xf8, 0xff, 0xf8, 0xfc, 0xf8, 0xff, 0xf8, 0xfc, 0xf8, 0xff,
    0xf8, 0xfc, 0xf8, 0xff, 0xf8, 0xfc, 0xf8, 0xff, 0xf8, 0xf8, 0xf8, 0xff,
    0xf8, 0xf8, 0xf8, 0xff, 0xf8, 0xfc, 0xf8, 0xff, 0xf8, 0xf8, 0xf8, 0xff,
    0xf8, 0xfc, 0xf8, 0xff, 0xf8, 0xfc, 0xf8, 0xff, 0xf8, 0xf8, 0xf8, 0xff,
    0xf8, 0xf8, 0xf8, 0xff, 0xf8, 0xfc, 0xf8, 0xff, 0xf8, 0xf8, 0xf8, 0xff,
    0xf8, 0xfc, 0xf8, 0xff, 0xf8, 0xf8, 0xf8, 0xff, 0xf8, 0xf8, 0xf8, 0xff,
    0xf8, 0xfc, 0xf8, 0xff, 0xf8, 0xf8, 0xf8, 0xff, 0xf8, 0xf8, 0xf0, 0xff,
    0xf8, 0xfc, 0xf8, 0xff, 0xf8, 0xf8, 0xf8, 0xff, 0xf8, 0xf8, 0xf8, 0xff,
    0xf8, 0xfc, 0xf8, 0xff, 0xf8, 0xf8, 0xf0, 0xff, 0xf8, 0xfc, 0xf8, 0xff,
    0xf8, 0xfc, 0xf8, 0xff, 0xf8, 0xf8, 0xf0, 0xff, 0xf8, 0xf8, 0xf8, 0xff,
    0xf8, 0xf8, 0xf8, 0xff, 0xf8, 0xf8, 0xf8, 0xff, 0xf8, 0xf8, 0xf8, 0xff,
    0xf8, 0xf8, 0xf0, 0xff, 0xf8, 0xf8, 0xf8, 0xff, 0xf8, 0xf8, 0xf8, 0xff,
    0xf8, 0xf8, 0xf0, 0xff, 0xf8, 0xf8, 0xf8, 0xff, 0xf8, 0xf8, 0xf8, 0xff,
    0xf8, 0xf8, 0xf0, 0xff, 0xf8, 0xf8, 0xf8, 0xff, 0xf8, 0xf8, 0xf8, 0xff,
    0xf8, 0xf8, 0xf0, 0xff, 0xf8, 0xf8, 0xf8, 0xff, 0xf8, 0xf8, 0xf0, 0xff,
    0xf8, 0xf8, 0xf8, 0xff, 0xf8, 0xf8, 0xf8, 0xff, 0xf8, 0xf8, 0xf0, 0xff,
    0xf8, 0xf8, 0xf8, 0xff, 0xf8, 0xf8, 0xf8, 0xff, 0xf8, 0xf8, 0xf8, 0xff,
    0xf8, 0xf4, 0xf0, 0xff, 0xf8, 0xf8, 0xf8, 0xff, 0xf8, 0xf8, 0xf8, 0xff,
    0xf8, 0xf8, 0xf0, 0xff, 0xf8, 0xf4, 0xf0, 0xff, 0xf8, 0xf8, 0xf8, 0xff,
    0xf8, 0xf8, 0xf8, 0xff, 0xf8, 0xf8, 0xf0, 0xff, 0xf8, 0xf8, 0xf8, 0xff,
    0xf8, 0xf8, 0xf8, 0xff, 0xf8, 0xf4, 0xf0, 0xff, 0xf8, 0xf8, 0xf8, 0xff,
    0xf8, 0xf4, 0xf0, 0xff, 0xf8, 0xf8, 0xf8, 0xff, 0xf8, 0xf8, 0xf0, 0xff,
    0xf8, 0xf4, 0xf0, 0xff, 0xf8, 0xf8, 0xf8, 0xff, 0xf8, 0xf4, 0xf8, 0xff,
    0xf8, 0xf8, 0xf0, 0xff, 0xf8, 0xf8, 0xf8, 0xff, 0xf8, 0xf8, 0xf0, 0xff,
    0xf8, 0xf4, 0xf0, 0xff, 0xf8, 0xf8, 0xf8, 0xff, 0xf8, 0xf8, 0xf0, 0xff,
    0xf8, 0xf8, 0xf8, 0xff, 0xf8, 0xf4, 0xf8, 0xff, 0xf8, 0xf8, 0xf0, 0xff,
    0xf8, 0xf8, 0xf8, 0xff, 0xf8, 0xf4, 0xf8, 0xff, 0xf8, 0xf8, 0xf0, 0xff,
    0xf8, 0xf8, 0xf0, 0xff, 0xf8, 0xf4, 0xf8, 0xff, 0xf8, 0xf8, 0xf8, 0xff,
    0xf8, 0xf8, 0xf0, 0xff, 0xf8, 0xf4, 0xf8, 0xff, 0xf8, 0xf8, 0xf0, 0xff,
    0xf8, 0xf8, 0xf8, 0xff, 0xf8, 0xf8, 0xf8, 0xff, 0xf8, 0xf8, 0xf0, 0xff,
    0xf8, 0xf8, 0xf0, 0xff, 0xf8, 0xf8, 0xf8, 0xff, 0xf8, 0xf8, 0xf0, 0xff,
    0xf8, 0xf4, 0xf8, 0xff, 0xf8, 0xf8, 0xf0, 0xff, 0xf8, 0xf8, 0xf0, 0xff,
    0xf8, 0xf8, 0xf8, 0xff, 0xf8, 0xf4, 0xf0, 0xff, 0xf8, 0xf8, 0xf8, 0xff,
    0xf8, 0xf8, 0xf0, 0xff, 0xf8, 0xf8, 0xf0, 0xff, 0xf8, 0xf4, 0xf8, 0xff,
    0xf8, 0xf8, 0xf0, 0xff, 0xf8, 0xf8, 0xf0, 0xff, 0xf8, 0xf8, 0xf8, 0xff,
    0xf8, 0xf4, 0xf8, 0xff, 0xf8, 0xf8, 0xf0, 0xff, 0xf8, 0xf8, 0xf0, 0xff,
    0xf8, 0xf8, 0xf8, 0xff, 0xf8, 0xf8, 0xf8, 0xff, 0xf8, 0xf8, 0xf0, 0xff,
    0xf8, 0xf4, 0xf8, 0xff, 0xf8, 0xf8, 0xf0, 0xff, 0xf8, 0xf8, 0xf8, 0xff,
    0xf8, 0xf8, 0xf0, 0xff, 0xf8, 0xf4, 0xf8, 0xff, 0xf8, 0xf8, 0xf0, 0xff,
    0xf8, 0xf8, 0xf0, 0xff, 0xf8, 0xf8, 0xf8, 0xff, 0xf8, 0xf8, 0xf0, 0xff,
    0xf8, 0xf8, 0xf8, 0xff, 0xf8, 0xf8, 0xf0, 0xff, 0xf8, 0xf8, 0xf8, 0xff,
    0xf8, 0xf8, 0xf0, 0xff, 0xf8, 0xf4, 0xf8, 0xff, 0xf8, 0xf8, 0xf8, 0xff,
    0xf8, 0xf8, 0xf0, 0xff, 0xf8, 0xf4, 0xf0, 0xff, 0xf8, 0xf8, 0xf8, 0xff,
    0xf8, 0xf8, 0xf8, 0xff, 0xf8, 0xf8, 0xf0, 0xff, 0xf8, 0xf8, 0xf8, 0xff,
    0xf8, 0xf8, 0xf0, 0xff, 0xf8, 0xf4, 0xf0, 0xff, 0xf8, 0xf8, 0xf8, 0xff,
    0xf8, 0xf8, 0xf0, 0xff, 0xf8, 0xf8, 0xf0, 0xff, 0xf8, 0xf4, 0xf8, 0xff,
    0xf8, 0xf8, 0xf8, 0xff, 0xf8, 0xf8, 0xf0, 0xff, 0xf8, 0xf8, 0xf8, 0xff,
    0xf8, 0xf4, 0xf8, 0xff, 0xf8, 0xf8, 0xf0, 0xff, 0xf8, 0xf8, 0xf8, 0xff,
    0xf8, 0xf8, 0xf0, 0xff, 0xf8, 0xf8, 0xf8, 0xff, 0xf8, 0xf4, 0xf8, 0xff,
    0xf8, 0xf8, 0xf8, 0xff, 0xf8, 0xf8, 0xf0, 0xff, 0xf8, 0xf4, 0xf0, 0xe3,
    0x98, 0x54, 0x38, 0x18, 0x98, 0x5c, 0x38, 0x18, 0xa0, 0x60, 0x48, 0x14,
    0xa8, 0x68, 0x48, 0x10, 0xa8, 0x6c, 0x58, 0x0c, 0xa8, 0x80, 0x68, 0x0c,
    0xb0, 0x80, 0x68, 0x0c, 0xb0, 0x8c, 0x70, 0x08, 0xa8, 0x90, 0x70, 0x08,
    0xc0, 0x80, 0x80, 0x08, 0xc0, 0x80, 0x80, 0x08, 0xc0, 0x80, 0x80, 0x08,
    0xc0, 0x7c, 0x80, 0x08, 0xc0, 0x80, 0x80, 0x08, 0xb8, 0x90, 0x68, 0x08,
    0xb8, 0x90, 0x68, 0x08, 0x80, 0x80, 0x80, 0x00, 0x00, 0x00, 0x00, 0x00,
    0x00, 0x00, 0x00, 0x00, 0x00, 0x00, 0x00, 0x00, 0x00, 0x00, 0x00, 0x00,
    0x00, 0x00, 0x00, 0x00, 0x00, 0x00, 0x00, 0x00, 0x00, 0x00, 0x00, 0x00,
    0x00, 0x00, 0x00, 0x00, 0x00, 0x00, 0x00, 0x00, 0x00, 0x00, 0x00, 0x00,
    0x00, 0x00, 0x00, 0x00, 0x00, 0x00, 0x00, 0x00, 0x00, 0x00, 0x00, 0x00,
    0x00, 0x00, 0x00, 0x00, 0x00, 0x00, 0x00, 0x00, 0x00, 0x00, 0x00, 0x00,
    0x00, 0x00, 0x00, 0x00, 0x00, 0x00, 0x00, 0x00, 0x00, 0x00, 0x00, 0x00,
    0x00, 0x00, 0x00, 0x00, 0x00, 0x00, 0x00, 0x00, 0x00, 0x00, 0x00, 0x00,
    0x00, 0x00, 0x00, 0x00, 0x00, 0x00, 0x00, 0x00, 0x00, 0x00, 0x00, 0x00,
    0x00, 0x00, 0x00, 0x00, 0x00, 0x00, 0x00, 0x00, 0x00, 0x00, 0x00, 0x00,
    0x00, 0x00, 0x00, 0x00, 0x00, 0x00, 0x00, 0x00, 0x00, 0x00, 0x00, 0x00,
    0x00, 0x00, 0x00, 0x00, 0x00, 0x00, 0x00, 0x00, 0x00, 0x00, 0x00, 0x00,
    0x00, 0x00, 0x00, 0x00, 0x00, 0x00, 0x00, 0x00, 0x00, 0x00, 0x00, 0x00,
    0x80, 0x00, 0x00, 0x04, 0x80, 0x40, 0x00, 0x04, 0x80, 0x28, 0x00, 0x04,
    0x80, 0x20, 0x00, 0x08, 0x70, 0x30, 0x00, 0x0c, 0x80, 0x24, 0x00, 0x10,
    0xf8, 0xf4, 0xf0, 0xb2, 0xf8, 0xfc, 0xf8, 0xff, 0xf8, 0xfc, 0xf8, 0xff,
    0xf8, 0xfc, 0xf8, 0xff, 0xf8, 0xfc, 0xf8, 0xff, 0xf8, 0xfc, 0xf8, 0xff,
    0xf8, 0xfc, 0xf8, 0xff, 0xf8, 0xfc, 0xf8, 0xff, 0xf8, 0xfc, 0xf8, 0xff,
    0xf8, 0xfc, 0xf8, 0xff, 0xf8, 0xfc, 0xf8, 0xff, 0xf8, 0xfc, 0xf8, 0xff,
    0xf8, 0xfc, 0xf8, 0xff, 0xf8, 0xfc, 0xf8, 0xff, 0xf8, 0xfc, 0xf8, 0xff,
    0xf8, 0xfc, 0xf8, 0xff, 0xf8, 0xfc, 0xf8, 0xff, 0xf8, 0xfc, 0xf8, 0xff,
    0xf8, 0xfc, 0xf8, 0xff, 0xf8, 0xfc, 0xf8, 0xff, 0xf8, 0xfc, 0xf8, 0xff,
    0xf8, 0xfc, 0xf8, 0xff, 0xf8, 0xfc, 0xf8, 0xff, 0xf8, 0xfc, 0xf8, 0xff,
    0xf8, 0xfc, 0xf8, 0xff, 0xf8, 0xfc, 0xf8, 0xff, 0xf8, 0xfc, 0xf8, 0xff,
    0xf8, 0xfc, 0xf8, 0xff, 0xf8, 0xfc, 0xf8, 0xff, 0xf8, 0xfc, 0xf8, 0xff,
    0xf8, 0xfc, 0xf8, 0xff, 0xf8, 0xfc, 0xf8, 0xff, 0xf8, 0xfc, 0xf8, 0xff,
    0xf8, 0xfc, 0xf8, 0xff, 0xf8, 0xfc, 0xf8, 0xff, 0xf8, 0xfc, 0xf8, 0xff,
    0xf8, 0xfc, 0xf8, 0xff, 0xf8, 0xfc, 0xf8, 0xff, 0xf8, 0xfc, 0xf8, 0xff,
    0xf8, 0xfc, 0xf8, 0xff, 0xf8, 0xfc, 0xf8, 0xff, 0xf8, 0xfc, 0xf8, 0xff,
    0xf8, 0xfc, 0xf8, 0xff, 0xf8, 0xfc, 0xf8, 0xff, 0xf8, 0xfc, 0xf8, 0xff,
    0xf8, 0xfc, 0xf8, 0xff, 0xf8, 0xf8, 0xf8, 0xff, 0xf8, 0xfc, 0xf8, 0xff,
    0xf8, 0xfc, 0xf8, 0xff, 0xf8, 0xfc, 0xf8, 0xff, 0xf8, 0xfc, 0xf8, 0xff,
    0xf8, 0xf8, 0xf8, 0xff, 0xf8, 0xfc, 0xf8, 0xff, 0xf8, 0xfc, 0xf8, 0xff,
    0xf8, 0xfc, 0xf8, 0xff, 0xf8, 0xf8, 0xf8, 0xff, 0xf8, 0xfc, 0xf8, 0xff,
    0xf8, 0xfc, 0xf8, 0xff, 0xf8, 0xf8, 0xf8, 0xff, 0xf8, 0xf8, 0xf8, 0xff,
    0xf8, 0xfc, 0xf8, 0xff, 0xf8, 0xfc, 0xf8, 0xff, 0xf8, 0xf8, 0xf8, 0xff,
    0xf8, 0xfc, 0xf8, 0xff, 0xf8, 0xfc, 0xf8, 0xff, 0xf8, 0xf8, 0xf8, 0xff,
    0xf8, 0xf8, 0xf8, 0xff, 0xf8, 0xf8, 0xf8, 0xff, 0xf8, 0xf8, 0xf8, 0xff,
    0xf8, 0xf8, 0xf8, 0xff, 0xf8, 0xfc, 0xf8, 0xff, 0xf8, 0xf8, 0xf8, 0xff,
    0xf8, 0xf8, 0xf8, 0xff, 0xf8, 0xf8, 0xf8, 0xff, 0xf8, 0xf8, 0xf8, 0xff,
    0xf8, 0xf8, 0xf0, 0xff, 0xf8, 0xf8, 0xf8, 0xff, 0xf8, 0xf8, 0xf8, 0xff,
    0xf8, 0xf8, 0xf8, 0xff, 0xf8, 0xf8, 0xf0, 0xff, 0xf8, 0xf8, 0xf8, 0xff,
    0xf8, 0xf8, 0xf8, 0xff, 0xf8, 0xf8, 0xf0, 0xff, 0xf8, 0xf8, 0xf8, 0xff,
    0xf8, 0xf8, 0xf8, 0xff, 0xf8, 0xf8, 0xf0, 0xff, 0xf8, 0xf8, 0xf8, 0xff,
    0xf8, 0xf8, 0xf0, 0xff, 0xf8, 0xf8, 0xf8, 0xff, 0xf8, 0xf8, 0xf8, 0xff,
    0xf8, 0xf8, 0xf0, 0xff, 0xf8, 0xf8, 0xf8, 0xff, 0xf8, 0xf8, 0xf0, 0xff,
    0xf8, 0xf8, 0xf8, 0xff, 0xf8, 0xf8, 0xf8, 0xff, 0xf8, 0xf8, 0xf0, 0xff,
    0xf8, 0xf8, 0xf8, 0xff, 0xf8, 0xf8, 0xf8, 0xff, 0xf8, 0xf8, 0xf0, 0xff,
    0xf8, 0xf8, 0xf0, 0xff, 0xf8, 0xf4, 0xf8, 0xff, 0xf8, 0xf8, 0xf0, 0xff,
    0xf8, 0xf8, 0xf0, 0xff, 0xf8, 0xf8, 0xf8, 0xff, 0xf8, 0xf8, 0xf0, 0xff,
    0xf8, 0xf8, 0xf8, 0xff, 0xf8, 0xf8, 0xf0, 0xff, 0xf8, 0xf4, 0xf0, 0xff,
    0xf8, 0xf8, 0xf8, 0xff, 0xf8, 0xf8, 0xf0, 0xff, 0xf8, 0xf4, 0xf8, 0xff,
    0xf8, 0xf8, 0xf0, 0xff, 0xf8, 0xf8, 0xf8, 0xff, 0xf8, 0xf8, 0xf0, 0xff,
    0xf8, 0xf4, 0xf8, 0xff, 0xf8, 0xf8, 0xf8, 0xff, 0xf8, 0xf8, 0xf0, 0xff,
    0xf8, 0xf8, 0xf0, 0xff, 0xf8, 0xf8, 0xf8, 0xff, 0xf8, 0xf8, 0xf0, 0xff,
    0xf8, 0xf4, 0xf8, 0xff, 0xf8, 0xf8, 0xf8, 0xff, 0xf8, 0xf8, 0xf0, 0xff,
    0xf8, 0xf8, 0xf8, 0xff, 0xf8, 0xf4, 0xf0, 0xff, 0xf8, 0xf8, 0xf0, 0xff,
    0xf8, 0xf8, 0xf8, 0xff, 0xf8, 0xf8, 0xf0, 0xff, 0xf8, 0xf8, 0xf0, 0xff,
    0xf8, 0xf8, 0xf8, 0xff, 0xf8, 0xf8, 0xf8, 0xff, 0xf8, 0xf4, 0xf0, 0xff,
    0xf8, 0xf8, 0xf8, 0xff, 0xf8, 0xf8, 0xf0, 0xff, 0xf8, 0xf4, 0xf0, 0xff,
    0xf8, 0xf8, 0xf8, 0xff, 0xf8, 0xf8, 0xf8, 0xff, 0xf8, 0xf4, 0xf0, 0xff,
    0xf8, 0xf8, 0xf0, 0xff, 0xf8, 0xf4, 0xf8, 0xff, 0xf8, 0xf8, 0xf8, 0xff,
    0xf8, 0xf4, 0xf0, 0xff, 0xf8, 0xf8, 0xf0, 0xff, 0xf8, 0xf8, 0xf8, 0xff,
    0xf8, 0xf8, 0xf0, 0xff, 0xf8, 0xf4, 0xf8, 0xff, 0xf8, 0xf8, 0xf8, 0xff,
    0xf8, 0xf8, 0xf0, 0xff, 0xf8, 0xf8, 0xf8, 0xff, 0xf8, 0xf4, 0xf0, 0xff,
    0xf8, 0xf8, 0xf8, 0xff, 0xf8, 0xf8, 0xf8, 0xff, 0xf8, 0xf8, 0xf0, 0xff,
    0xf8, 0xf8, 0xf8, 0xff, 0xf8, 0xf4, 0xf0, 0xff, 0xf8, 0xf8, 0xf0, 0xff,
    0xf8, 0xf8, 0xf8, 0xff, 0xf8, 0xf8, 0xf0, 0xff, 0xf8, 0xf4, 0xf0, 0xff,
    0xf8, 0xf8, 0xf8, 0xff, 0xf8, 0xf8, 0xf0, 0xff, 0xf8, 0xf4, 0xf8, 0xff,
    0xf8, 0xf8, 0xf0, 0xff, 0xf8, 0xf8, 0xf8, 0xff, 0xf8, 0xf4, 0xf8, 0xff,
    0xf8, 0xf8, 0xf0, 0xff, 0xf8, 0xf8, 0xf8, 0xff, 0xf8, 0xf4, 0xf8, 0xff,
    0xf8, 0xf8, 0xf0, 0xff, 0xf8, 0xf8, 0xf0, 0xff, 0xf8, 0xf4, 0xf8, 0xff,
    0xf8, 0xf4, 0xf0, 0xff, 0xf8, 0xf8, 0xf8, 0xff, 0xf8, 0xf8, 0xf0, 0xff,
    0xf8, 0xf8, 0xf0, 0xff, 0xf8, 0xf8, 0xf8, 0xff, 0xf8, 0xf8, 0xf0, 0xff,
    0xf8, 0xf4, 0xf8, 0xff, 0xf8, 0xf8, 0xf0, 0xff, 0xf8, 0xf8, 0xf0, 0xff,
    0xf8, 0xf4, 0xf8, 0xff, 0xf8, 0xf4, 0xf8, 0xff, 0xf8, 0xf8, 0xf0, 0xff,
    0xf8, 0xf8, 0xf8, 0xff, 0xf8, 0xf8, 0xf8, 0xff, 0xf8, 0xf4, 0xf0, 0xff,
    0xf8, 0xf8, 0xf8, 0xff, 0xf8, 0xf8, 0xf0, 0xff, 0xf8, 0xf8, 0xf0, 0xff,
    0xf8, 0xf4, 0xf8, 0xff, 0xf8, 0xf8, 0xf0, 0xff, 0xf8, 0xf8, 0xf0, 0xff,
    0xf8, 0xf8, 0xf8, 0xff, 0xf8, 0xf8, 0xf8, 0xff, 0xf8, 0xf8, 0xf0, 0xff,
    0xf8, 0xf8, 0xf0, 0xff, 0xf8, 0xf8, 0xf8, 0xff, 0xf8, 0xf8, 0xf0, 0xff,
    0xf8, 0xf4, 0xf0, 0xff, 0xf8, 0xf8, 0xf8, 0xff, 0xf8, 0xec, 0xe8, 0xb6,
    0x98, 0x54, 0x38, 0x18, 0x98, 0x5c, 0x38, 0x18, 0xa0, 0x60, 0x40, 0x14,
    0xa0, 0x60, 0x50, 0x10, 0xa0, 0x6c, 0x60, 0x10, 0xa0, 0x74, 0x60, 0x0c,
    0xb8, 0x80, 0x68, 0x08, 0xc0, 0x80, 0x80, 0x08, 0xc0, 0x80, 0x80, 0x08,
    0xc0, 0x7c, 0x80, 0x08, 0xc0, 0x80, 0x80, 0x08, 0xb8, 0x90, 0x68, 0x08,
    0xb8, 0x90, 0x68, 0x08, 0xb8, 0x94, 0x70, 0x08, 0xb0, 0x94, 0x70, 0x08,
    0xb8, 0x90, 0x70, 0x08, 0x98, 0x98, 0x68, 0x04, 0x00, 0x00, 0x00, 0x00,
    0x00, 0x00, 0x00, 0x00, 0x00, 0x00, 0x00, 0x00, 0x00, 0x00, 0x00, 0x00,
    0x00, 0x00, 0x00, 0x00, 0x00, 0x00, 0x00, 0x00, 0x00, 0x00, 0x00, 0x00,
    0x00, 0x00, 0x00, 0x00, 0x00, 0x00, 0x00, 0x00, 0x00, 0x00, 0x00, 0x00,
    0x00, 0x00, 0x00, 0x00, 0x00, 0x00, 0x00, 0x00, 0x00, 0x00, 0x00, 0x00,
    0x00, 0x00, 0x00, 0x00, 0x00, 0x00, 0x00, 0x00, 0x00, 0x00, 0x00, 0x00,
    0x00, 0x00, 0x00, 0x00, 0x00, 0x00, 0x00, 0x00, 0x00, 0x00, 0x00, 0x00,
    0x00, 0x00, 0x00, 0x00, 0x00, 0x00, 0x00, 0x00, 0x00, 0x00, 0x00, 0x00,
    0x00, 0x00, 0x00, 0x00, 0x00, 0x00, 0x00, 0x00, 0x00, 0x00, 0x00, 0x00,
    0x00, 0x00, 0x00, 0x00, 0x00, 0x00, 0x00, 0x00, 0x00, 0x00, 0x00, 0x00,
    0x00, 0x00, 0x00, 0x00, 0x00, 0x00, 0x00, 0x00, 0x00, 0x00, 0x00, 0x00,
    0x00, 0x00, 0x00, 0x00, 0x00, 0x00, 0x00, 0x00, 0x00, 0x00, 0x00, 0x00,
    0x00, 0x00, 0x00, 0x00, 0x00, 0x00, 0x00, 0x00, 0x00, 0x00, 0x00, 0x00,
    0x80, 0x00, 0x00, 0x04, 0x50, 0x00, 0x00, 0x04, 0x68, 0x34, 0x00, 0x04,
    0x80, 0x20, 0x00, 0x08, 0x80, 0x18, 0x00, 0x0c, 0x78, 0x28, 0x00, 0x0c,
    0xe0, 0xd0, 0xc8, 0x86, 0xf8, 0xfc, 0xf8, 0xff, 0xf8, 0xfc, 0xf8, 0xff,
    0xf8, 0xfc, 0xf8, 0xff, 0xf8, 0xfc, 0xf8, 0xff, 0xf8, 0xfc, 0xf8, 0xff,
    0xf8, 0xfc, 0xf8, 0xff, 0xf8, 0xfc, 0xf8, 0xff, 0xf8, 0xfc, 0xf8, 0xff,
    0xf8, 0xfc, 0xf8, 0xff, 0xf8, 0xfc, 0xf8, 0xff, 0xf8, 0xfc, 0xf8, 0xff,
    0xf8, 0xfc, 0xf8, 0xff, 0xf8, 0xfc, 0xf8, 0xff, 0xf8, 0xfc, 0xf8, 0xff,
    0xf8, 0xfc, 0xf8, 0xff, 0xf8, 0xfc, 0xf8, 0xff, 0xf8, 0xfc, 0xf8, 0xff,
    0xf8, 0xfc, 0xf8, 0xff, 0xf8, 0xfc, 0xf8, 0xff, 0xf8, 0xfc, 0xf8, 0xff,
    0xf8, 0xfc, 0xf8, 0xff, 0xf8, 0xfc, 0xf8, 0xff, 0xf8, 0xfc, 0xf8, 0xff,
    0xf8, 0xfc, 0xf8, 0xff, 0xf8, 0xfc, 0xf8, 0xff, 0xf8, 0xfc, 0xf8, 0xff,
    0xf8, 0xfc, 0xf8, 0xff, 0xf8, 0xfc, 0xf8, 0xff, 0xf8, 0xfc, 0xf8, 0xff,
    0xf8, 0xfc, 0xf8, 0xff, 0xf8, 0xfc, 0xf8, 0xff, 0xf8, 0xfc, 0xf8, 0xff,
    0xf8, 0xfc, 0xf8, 0xff, 0xf8, 0xfc, 0xf8, 0xff, 0xf8, 0xfc, 0xf8, 0xff,
    0xf8, 0xfc, 0xf8, 0xff, 0xf8, 0xfc, 0xf8, 0xff, 0xf8, 0xfc, 0xf8, 0xff,
    0xf8, 0xfc, 0xf8, 0xff, 0xf8, 0xfc, 0xf8, 0xff, 0xf8, 0xfc, 0xf8, 0xff,
    0xf8, 0xfc, 0xf8, 0xff, 0xf8, 0xfc, 0xf8, 0xff, 0xf8, 0xfc, 0xf8, 0xff,
    0xf8, 0xf8, 0xf8, 0xff, 0xf8, 0xfc, 0xf8, 0xff, 0xf8, 0xfc, 0xf8, 0xff,
    0xf8, 0xf8, 0xf8, 0xff, 0xf8, 0xfc, 0xf8, 0xff, 0xf8, 0xfc, 0xf8, 0xff,
    0xf8, 0xfc, 0xf8, 0xff, 0xf8, 0xf8, 0xf8, 0xff, 0xf8, 0xfc, 0xf8, 0xff,
    0xf8, 0xf8, 0xf8, 0xff, 0xf8, 0xf8, 0xf8, 0xff, 0xf8, 0xfc, 0xf8, 0xff,
    0xf8, 0xf8, 0xf8, 0xff, 0xf8, 0xfc, 0xf8, 0xff, 0xf8, 0xf8, 0xf8, 0xff,
    0xf8, 0xf8, 0xf8, 0xff, 0xf8, 0xfc, 0xf8, 0xff, 0xf8, 0xf8, 0xf8, 0xff,
    0xf8, 0xfc, 0xf8, 0xff, 0xf8, 0xf8, 0xf8, 0xff, 0xf8, 0xf8, 0xf8, 0xff,
    0xf8, 0xf8, 0xf8, 0xff, 0xf8, 0xfc, 0xf8, 0xff, 0xf8, 0xf8, 0xf0, 0xff,
    0xf8, 0xf8, 0xf8, 0xff, 0xf8, 0xf8, 0xf8, 0xff, 0xf8, 0xf8, 0xf8, 0xff,
    0xf8, 0xfc, 0xf0, 0xff, 0xf8, 0xf8, 0xf8, 0xff, 0xf8, 0xfc, 0xf8, 0xff,
    0xf8, 0xf8, 0xf8, 0xff, 0xf8, 0xf8, 0xf8, 0xff, 0xf8, 0xf8, 0xf8, 0xff,
    0xf8, 0xf8, 0xf0, 0xff, 0xf8, 0xf8, 0xf8, 0xff, 0xf8, 0xf8, 0xf8, 0xff,
    0xf8, 0xf8, 0xf8, 0xff, 0xf8, 0xf8, 0xf0, 0xff, 0xf8, 0xf8, 0xf8, 0xff,
    0xf8, 0xf8, 0xf8, 0xff, 0xf8, 0xf8, 0xf0, 0xff, 0xf8, 0xf8, 0xf8, 0xff,
    0xf8, 0xf8, 0xf8, 0xff, 0xf8, 0xf8, 0xf0, 0xff, 0xf8, 0xf8, 0xf8, 0xff,
    0xf8, 0xf8, 0xf8, 0xff, 0xf8, 0xf8, 0xf0, 0xff, 0xf8, 0xf8, 0xf8, 0xff,
    0xf8, 0xf8, 0xf8, 0xff, 0xf8, 0xf8, 0xf0, 0xff, 0xf8, 0xf8, 0xf8, 0xff,
    0xf8, 0xf8, 0xf0, 0xff, 0xf8, 0xf8, 0xf8, 0xff, 0xf8, 0xf8, 0xf8, 0xff,
    0xf8, 0xf8, 0xf8, 0xff, 0xf8, 0xf8, 0xf0, 0xff, 0xf8, 0xf4, 0xf0, 0xff,
    0xf8, 0xf8, 0xf8, 0xff, 0xf8, 0xf4, 0xf0, 0xff, 0xf8, 0xf4, 0xf8, 0xff,
    0xf8, 0xf8, 0xf8, 0xff, 0xf8, 0xf8, 0xf0, 0xff, 0xf8, 0xf8, 0xf8, 0xff,
    0xf8, 0xf4, 0xf0, 0xff, 0xf8, 0xf8, 0xf8, 0xff, 0xf8, 0xf8, 0xf0, 0xff,
    0xf8, 0xf4, 0xf8, 0xff, 0xf8, 0xf8, 0xf0, 0xff, 0xf8, 0xf8, 0xf0, 0xff,
    0xf8, 0xf8, 0xf8, 0xff, 0xf8, 0xf8, 0xf0, 0xff, 0xf8, 0xf4, 0xf8, 0xff,
    0xf8, 0xf8, 0xf8, 0xff, 0xf8, 0xf8, 0xf0, 0xff, 0xf8, 0xf8, 0xf0, 0xff,
    0xf8, 0xf4, 0xf8, 0xff, 0xf8, 0xf8, 0xf0, 0xff, 0xf8, 0xf8, 0xf8, 0xff,
    0xf8, 0xf8, 0xf8, 0xff, 0xf8, 0xf8, 0xf0, 0xff, 0xf8, 0xf4, 0xf8, 0xff,
    0xf8, 0xf8, 0xf8, 0xff, 0xf8, 0xf8, 0xf0, 0xff, 0xf8, 0xf4, 0xf8, 0xff,
    0xf8, 0xf8, 0xf0, 0xff, 0xf8, 0xf8, 0xf0, 0xff, 0xf8, 0xf8, 0xf8, 0xff,
    0xf8, 0xf8, 0xf8, 0xff, 0xf8, 0xf8, 0xf0, 0xff, 0xf8, 0xf4, 0xf0, 0xff,
    0xf8, 0xf8, 0xf8, 0xff, 0xf8, 0xf8, 0xf0, 0xff, 0xf8, 0xf8, 0xf8, 0xff,
    0xf8, 0xf8, 0xf0, 0xff, 0xf8, 0xf8, 0xf0, 0xff, 0xf8, 0xf4, 0xf8, 0xff,
    0xf8, 0xf8, 0xf8, 0xff, 0xf8, 0xf8, 0xf0, 0xff, 0xf8, 0xf4, 0xf8, 0xff,
    0xf8, 0xf8, 0xf0, 0xff, 0xf8, 0xf8, 0xf8, 0xff, 0xf8, 0xf4, 0xf0, 0xff,
    0xf8, 0xf8, 0xf8, 0xff, 0xf8, 0xf8, 0xf0, 0xff, 0xf8, 0xf8, 0xf0, 0xff,
    0xf8, 0xf4, 0xf8, 0xff, 0xf8, 0xf8, 0xf0, 0xff, 0xf8, 0xf8, 0xf8, 0xff,
    0xf8, 0xf4, 0xf8, 0xff, 0xf8, 0xf8, 0xf0, 0xff, 0xf8, 0xf8, 0xf8, 0xff,
    0xf8, 0xf8, 0xf8, 0xff, 0xf8, 0xf4, 0xf0, 0xff, 0xf8, 0xf8, 0xf8, 0xff,
    0xf8, 0xf8, 0xf8, 0xff, 0xf8, 0xf4, 0xf0, 0xff, 0xf8, 0xf8, 0xf0, 0xff,
    0xf8, 0xf8, 0xf8, 0xff, 0xf8, 0xf8, 0xf0, 0xff, 0xf8, 0xf8, 0xf0, 0xff,
    0xf8, 0xf8, 0xf8, 0xff, 0xf8, 0xf8, 0xf0, 0xff, 0xf8, 0xf8, 0xf8, 0xff,
    0xf8, 0xf4, 0xf8, 0xff, 0xf8, 0xf8, 0xf0, 0xff, 0xf8, 0xf8, 0xf8, 0xff,
    0xf8, 0xf8, 0xf8, 0xff, 0xf8, 0xf4, 0xf0, 0xff, 0xf8, 0xf8, 0xf8, 0xff,
    0xf8, 0xf4, 0xf8, 0xff, 0xf8, 0xf8, 0xf0, 0xff, 0xf8, 0xf8, 0xf8, 0xff,
    0xf8, 0xf8, 0xf8, 0xff, 0xf8, 0xf8, 0xf0, 0xff, 0xf8, 0xf8, 0xf8, 0xff,
    0xf8, 0xf8, 0xf0, 0xff, 0xf8, 0xf8, 0xf0, 0xff, 0xf8, 0xf4, 0xf8, 0xff,
    0xf8, 0xf8, 0xf0, 0xff, 0xf8, 0xf8, 0xf8, 0xff, 0xf8, 0xf8, 0xf8, 0xff,
    0xf8, 0xf4, 0xf0, 0xff, 0xf8, 0xf8, 0xf8, 0xff, 0xf8, 0xf8, 0xf8, 0xff,
    0xf8, 0xf8, 0xf0, 0xff, 0xf8, 0xf4, 0xf8, 0xff, 0xf8, 0xf8, 0xf0, 0xff,
    0xf8, 0xf8, 0xf0, 0xff, 0xf8, 0xf4, 0xf8, 0xff, 0xf8, 0xf4, 0xf0, 0xff,
    0xf8, 0xf8, 0xf8, 0xff, 0xf8, 0xf8, 0xf0, 0xff, 0xf8, 0xf4, 0xf8, 0xff,
    0xf8, 0xf8, 0xf0, 0xff, 0xf8, 0xf8, 0xf8, 0xff, 0xe8, 0xdc, 0xd8, 0x6d,
    0x98, 0x58, 0x38, 0x18, 0x98, 0x58, 0x40, 0x14, 0x98, 0x64, 0x48, 0x10,
    0xa8, 0x64, 0x58, 0x10, 0xa8, 0x6c, 0x58, 0x0c, 0xa0, 0x74, 0x58, 0x0c,
    0xa8, 0x8c, 0x70, 0x08, 0xc0, 0x80, 0x80, 0x08, 0xc0, 0x80, 0x80, 0x08,
    0xc0, 0x80, 0x80, 0x08, 0xc0, 0x80, 0x80, 0x08, 0xb8, 0x90, 0x68, 0x08,
    0xb8, 0x94, 0x70, 0x08, 0xb8, 0x90, 0x68, 0x08, 0xa8, 0x80, 0x80, 0x04,
    0xa8, 0x80, 0x80, 0x04, 0xa8, 0x80, 0x80, 0x08, 0xf8, 0xfc, 0x00, 0x00,
    0x00, 0x00, 0x00, 0x00, 0x00, 0x00, 0x00, 0x00, 0x00, 0x00, 0x00, 0x00,
    0x00, 0x00, 0x00, 0x00, 0x00, 0x00, 0x00, 0x00, 0x00, 0x00, 0x00, 0x00,
    0x00, 0x00, 0x00, 0x00, 0x00, 0x00, 0x00, 0x00, 0x00, 0x00, 0x00, 0x00,
    0x00, 0x00, 0x00, 0x00, 0x00, 0x00, 0x00, 0x00, 0x00, 0x00, 0x00, 0x00,
    0x00, 0x00, 0x00, 0x00, 0x00, 0x00, 0x00, 0x00, 0x00, 0x00, 0x00, 0x00,
    0x00, 0x00, 0x00, 0x00, 0x00, 0x00, 0x00, 0x00, 0x00, 0x00, 0x00, 0x00,
    0x00, 0x00, 0x00, 0x00, 0x00, 0x00, 0x00, 0x00, 0x00, 0x00, 0x00, 0x00,
    0x00, 0x00, 0x00, 0x00, 0x00, 0x00, 0x00, 0x00, 0x00, 0x00, 0x00, 0x00,
    0x00, 0x00, 0x00, 0x00, 0x00, 0x00, 0x00, 0x00, 0x00, 0x00, 0x00, 0x00,
    0x00, 0x00, 0x00, 0x00, 0x00, 0x00, 0x00, 0x00, 0x00, 0x00, 0x00, 0x00,
    0x00, 0x00, 0x00, 0x00, 0x00, 0x00, 0x00, 0x00, 0x00, 0x00, 0x00, 0x00,
    0x00, 0x00, 0x00, 0x00, 0x00, 0x00, 0x00, 0x00, 0x00, 0x00, 0x00, 0x00,
    0x80, 0x00, 0x00, 0x00, 0x50, 0x00, 0x00, 0x04, 0x68, 0x34, 0x00, 0x04,
    0x68, 0x24, 0x00, 0x08, 0x80, 0x18, 0x00, 0x08, 0x78, 0x28, 0x00, 0x0c,
    0xb0, 0x7c, 0x68, 0x34, 0xf8, 0xf8, 0xf8, 0xeb, 0xf8, 0xfc, 0xf8, 0xff,
    0xf8, 0xfc, 0xf8, 0xff, 0xf8, 0xfc, 0xf8, 0xff, 0xf8, 0xfc, 0xf8, 0xff,
    0xf8, 0xfc, 0xf8, 0xff, 0xf8, 0xfc, 0xf8, 0xff, 0xf8, 0xfc, 0xf8, 0xff,
    0xf8, 0xfc, 0xf8, 0xff, 0xf8, 0xfc, 0xf8, 0xff, 0xf8, 0xfc, 0xf8, 0xff,
    0xf8, 0xfc, 0xf8, 0xff, 0xf8, 0xfc, 0xf8, 0xff, 0xf8, 0xfc, 0xf8, 0xff,
    0xf8, 0xfc, 0xf8, 0xff, 0xf8, 0xfc, 0xf8, 0xff, 0xf8, 0xfc, 0xf8, 0xff,
    0xf8, 0xfc, 0xf8, 0xff, 0xf8, 0xfc, 0xf8, 0xff, 0xf8, 0xfc, 0xf8, 0xff,
    0xf8, 0xfc, 0xf8, 0xff, 0xf8, 0xfc, 0xf8, 0xff, 0xf8, 0xfc, 0xf8, 0xff,
    0xf8, 0xfc, 0xf8, 0xff, 0xf8, 0xfc, 0xf8, 0xff, 0xf8, 0xfc, 0xf8, 0xff,
    0xf8, 0xfc, 0xf8, 0xff, 0xf8, 0xfc, 0xf8, 0xff, 0xf8, 0xfc, 0xf8, 0xff,
    0xf8, 0xfc, 0xf8, 0xff, 0xf8, 0xfc, 0xf8, 0xff, 0xf8, 0xfc, 0xf8, 0xff,
    0xf8, 0xfc, 0xf8, 0xff, 0xf8, 0xfc, 0xf8, 0xff, 0xf8, 0xfc, 0xf8, 0xff,
    0xf8, 0xfc, 0xf8, 0xff, 0xf8, 0xfc, 0xf8, 0xff, 0xf8, 0xfc, 0xf8, 0xff,
    0xf8, 0xfc, 0xf8, 0xff, 0xf8, 0xfc, 0xf8, 0xff, 0xf8, 0xfc, 0xf8, 0xff,
    0xf8, 0xfc, 0xf8, 0xff, 0xf8, 0xf8, 0xf8, 0xff, 0xf8, 0xfc, 0xf8, 0xff,
    0xf8, 0xfc, 0xf8, 0xff, 0xf8, 0xfc, 0xf8, 0xff, 0xf8, 0xfc, 0xf8, 0xff,
    0xf8, 0xf8, 0xf8, 0xff, 0xf8, 0xfc, 0xf8, 0xff, 0xf8, 0xfc, 0xf8, 0xff,
    0xf8, 0xf8, 0xf8, 0xff, 0xf8, 0xfc, 0xf8, 0xff, 0xf8, 0xf8, 0xf8, 0xff,
    0xf8, 0xf8, 0xf8, 0xff, 0xf8, 0xfc, 0xf8, 0xff, 0xf8, 0xf8, 0xf8, 0xff,
    0xf8, 0xf8, 0xf8, 0xff, 0xf8, 0xfc, 0xf8, 0xff, 0xf8, 0xfc, 0xf8, 0xff,
    0xf8, 0xf8, 0xf8, 0xff, 0xf8, 0xfc, 0xf8, 0xff, 0xf8, 0xf8, 0xf8, 0xff,
    0xf8, 0xf8, 0xf8, 0xff, 0xf8, 0xf8, 0xf8, 0xff, 0xf8, 0xf8, 0xf8, 0xff,
    0xf8, 0xfc, 0xf8, 0xff, 0xf8, 0xf8, 0xf8, 0xff, 0xf8, 0xf8, 0xf8, 0xff,
    0xf8, 0xfc, 0xf8, 0xff, 0xf8, 0xf8, 0xf8, 0xff, 0xf8, 0xf8, 0xf8, 0xff,
    0xf8, 0xf8, 0xf8, 0xff, 0xf8, 0xf8, 0xf0, 0xff, 0xf8, 0xfc, 0xf8, 0xff,
    0xf8, 0xf8, 0xf0, 0xff, 0xf8, 0xfc, 0xf8, 0xff, 0xf8, 0xf8, 0xf8, 0xff,
    0xf8, 0xf8, 0xf8, 0xff, 0xf8, 0xf8, 0xf8, 0xff, 0xf8, 0xf8, 0xf0, 0xff,
    0xf8, 0xf8, 0xf8, 0xff, 0xf8, 0xf8, 0xf8, 0xff, 0xf8, 0xf8, 0xf0, 0xff,
    0xf8, 0xf8, 0xf8, 0xff, 0xf8, 0xf8, 0xf8, 0xff, 0xf8, 0xf8, 0xf0, 0xff,
    0xf8, 0xf8, 0xf8, 0xff, 0xf8, 0xf8, 0xf0, 0xff, 0xf8, 0xf8, 0xf8, 0xff,
    0xf8, 0xf8, 0xf8, 0xff, 0xf8, 0xf8, 0xf0, 0xff, 0xf8, 0xf8, 0xf8, 0xff,
    0xf8, 0xf8, 0xf0, 0xff, 0xf8, 0xf8, 0xf8, 0xff, 0xf8, 0xf8, 0xf8, 0xff,
    0xf8, 0xf8, 0xf0, 0xff, 0xf8, 0xf8, 0xf0, 0xff, 0xf8, 0xf4, 0xf8, 0xff,
    0xf8, 0xf8, 0xf0, 0xff, 0xf8, 0xf8, 0xf8, 0xff, 0xf8, 0xf8, 0xf8, 0xff,
    0xf8, 0xf8, 0xf0, 0xff, 0xf8, 0xf8, 0xf8, 0xff, 0xf8, 0xf8, 0xf0, 0xff,
    0xf8, 0xf4, 0xf0, 0xff, 0xf8, 0xf8, 0xf8, 0xff, 0xf8, 0xf8, 0xf8, 0xff,
    0xf8, 0xf8, 0xf0, 0xff, 0xf8, 0xf8, 0xf0, 0xff, 0xf8, 0xf8, 0xf8, 0xff,
    0xf8, 0xf8, 0xf8, 0xff, 0xf8, 0xf4, 0xf0, 0xff, 0xf8, 0xf8, 0xf8, 0xff,
    0xf8, 0xf8, 0xf0, 0xff, 0xf8, 0xf4, 0xf0, 0xff, 0xf8, 0xf8, 0xf8, 0xff,
    0xf8, 0xf8, 0xf8, 0xff, 0xf8, 0xf4, 0xf0, 0xff, 0xf8, 0xf8, 0xf8, 0xff,
    0xf8, 0xf8, 0xf0, 0xff, 0xf8, 0xf4, 0xf0, 0xff, 0xf8, 0xf8, 0xf8, 0xff,
    0xf8, 0xf4, 0xf0, 0xff, 0xf8, 0xf8, 0xf8, 0xff, 0xf8, 0xf8, 0xf0, 0xff,
    0xf8, 0xf4, 0xf0, 0xff, 0xf8, 0xf8, 0xf8, 0xff, 0xf8, 0xf8, 0xf8, 0xff,
    0xf8, 0xf4, 0xf0, 0xff, 0xf8, 0xf8, 0xf0, 0xff, 0xf8, 0xf4, 0xf8, 0xff,
    0xf8, 0xf8, 0xf0, 0xff, 0xf8, 0xf8, 0xf8, 0xff, 0xf8, 0xf8, 0xf8, 0xff,
    0xf8, 0xf4, 0xf0, 0xff, 0xf8, 0xf8, 0xf8, 0xff, 0xf8, 0xf8, 0xf8, 0xff,
    0xf8, 0xf4, 0xf0, 0xff, 0xf8, 0xf8, 0xf8, 0xff, 0xf8, 0xf8, 0xf0, 0xff,
    0xf8, 0xf8, 0xf8, 0xff, 0xf8, 0xf8, 0xf8, 0xff, 0xf8, 0xf4, 0xf0, 0xff,
    0xf8, 0xf8, 0xf8, 0xff, 0xf8, 0xf8, 0xf0, 0xff, 0xf8, 0xf8, 0xf0, 0xff,
    0xf8, 0xf4, 0xf8, 0xff, 0xf8, 0xf8, 0xf8, 0xff, 0xf8, 0xf8, 0xf0, 0xff,
    0xf8, 0xf4, 0xf8, 0xff, 0xf8, 0xf8, 0xf0, 0xff, 0xf8, 0xf8, 0xf0, 0xff,
    0xf8, 0xf4, 0xf8, 0xff, 0xf8, 0xf8, 0xf0, 0xff, 0xf8, 0xf8, 0xf8, 0xff,
    0xf8, 0xf4, 0xf0, 0xff, 0xf8, 0xf8, 0xf8, 0xff, 0xf8, 0xf8, 0xf0, 0xff,
    0xf8, 0xf8, 0xf8, 0xff, 0xf8, 0xf8, 0xf8, 0xff, 0xf8, 0xf8, 0xf0, 0xff,
    0xf8, 0xf4, 0xf8, 0xff, 0xf8, 0xf8, 0xf8, 0xff, 0xf8, 0xf4, 0xf0, 0xff,
    0xf8, 0xf8, 0xf0, 0xff, 0xf8, 0xf8, 0xf8, 0xff, 0xf8, 0xf4, 0xf0, 0xff,
    0xf8, 0xf8, 0xf0, 0xff, 0xf8, 0xf8, 0xf8, 0xff, 0xf8, 0xf8, 0xf0, 0xff,
    0xf8, 0xf8, 0xf0, 0xff, 0xf8, 0xf8, 0xf8, 0xff, 0xf8, 0xf8, 0xf0, 0xff,
    0xf8, 0xf4, 0xf0, 0xff, 0xf8, 0xf8, 0xf8, 0xff, 0xf8, 0xf8, 0xf0, 0xff,
    0xf8, 0xf4, 0xf0, 0xff, 0xf8, 0xf8, 0xf8, 0xff, 0xf8, 0xf8, 0xf8, 0xff,
    0xf8, 0xf8, 0xf0, 0xff, 0xf8, 0xf8, 0xf8, 0xff, 0xf8, 0xf8, 0xf0, 0xff,
    0xf8, 0xf4, 0xf0, 0xff, 0xf8, 0xf8, 0xf8, 0xff, 0xf8, 0xf8, 0xf0, 0xff,
    0xf8, 0xf8, 0xf0, 0xff, 0xf8, 0xf4, 0xf8, 0xff, 0xf8, 0xf8, 0xf0, 0xff,
    0xf8, 0xf8, 0xf8, 0xff, 0xf8, 0xf8, 0xf8, 0xff, 0xf8, 0xf4, 0xf0, 0xff,
    0xf8, 0xf8, 0xf8, 0xff, 0xf8, 0xf8, 0xf0, 0xff, 0xf8, 0xf8, 0xf8, 0xff,
    0xf8, 0xf4, 0xf8, 0xff, 0xf8, 0xf8, 0xf0, 0xff, 0xf8, 0xf8, 0xf8, 0xff,
    0xf8, 0xf8, 0xf8, 0xff, 0xf8, 0xf4, 0xf0, 0xe7, 0xa8, 0x70, 0x58, 0x20,
    0x98, 0x58, 0x38, 0x18, 0x98, 0x58, 0x40, 0x14, 0xa0, 0x60, 0x40, 0x10,
    0xa8, 0x6c, 0x48, 0x0c, 0xa8, 0x6c, 0x58, 0x0c, 0xb0, 0x80, 0x68, 0x08,
    0xa8, 0x8c, 0x70, 0x08, 0xc0, 0x80, 0x80, 0x08, 0xb8, 0x90, 0x68, 0x08,
    0xb8, 0x90, 0x68, 0x08, 0xb8, 0x90, 0x70, 0x08, 0xb0, 0x94, 0x70, 0x08,
    0xb8, 0x90, 0x70, 0x08, 0xa8, 0x80, 0x80, 0x04, 0xa8, 0x80, 0x80, 0x04,
    0xa8, 0x80, 0x80, 0x08, 0x98, 0x98, 0x60, 0x04, 0x80, 0x80, 0x80, 0x00,
    0x00, 0x00, 0x00, 0x00, 0x00, 0x00, 0x00, 0x00, 0x00, 0x00, 0x00, 0x00,
    0x00, 0x00, 0x00, 0x00, 0x00, 0x00, 0x00, 0x00, 0x00, 0x00, 0x00, 0x00,
    0x00, 0x00, 0x00, 0x00, 0x00, 0x00, 0x00, 0x00, 0x00, 0x00, 0x00, 0x00,
    0x00, 0x00, 0x00, 0x00, 0x00, 0x00, 0x00, 0x00, 0x00, 0x00, 0x00, 0x00,
    0x00, 0x00, 0x00, 0x00, 0x00, 0x00, 0x00, 0x00, 0x00, 0x00, 0x00, 0x00,
    0x00, 0x00, 0x00, 0x00, 0x00, 0x00, 0x00, 0x00, 0x00, 0x00, 0x00, 0x00,
    0x00, 0x00, 0x00, 0x00, 0x00, 0x00, 0x00, 0x00, 0x00, 0x00, 0x00, 0x00,
    0x00, 0x00, 0x00, 0x00, 0x00, 0x00, 0x00, 0x00, 0x00, 0x00, 0x00, 0x00,
    0x00, 0x00, 0x00, 0x00, 0x00, 0x00, 0x00, 0x00, 0x00, 0x00, 0x00, 0x00,
    0x00, 0x00, 0x00, 0x00, 0x00, 0x00, 0x00, 0x00, 0x00, 0x00, 0x00, 0x00,
    0x00, 0x00, 0x00, 0x00, 0x00, 0x00, 0x00, 0x00, 0x00, 0x00, 0x00, 0x00,
    0x00, 0x00, 0x00, 0x00, 0x00, 0x00, 0x00, 0x00, 0x00, 0x00, 0x00, 0x00,
    0x80, 0x00, 0x00, 0x04, 0x58, 0x00, 0x00, 0x04, 0x68, 0x34, 0x00, 0x04,
    0x80, 0x28, 0x00, 0x08, 0x70, 0x1c, 0x00, 0x08, 0x80, 0x2c, 0x00, 0x0c,
    0x98, 0x5c, 0x38, 0x1c, 0xe0, 0xcc, 0xc0, 0x82, 0xf8, 0xfc, 0xf8, 0xff,
    0xf8, 0xfc, 0xf8, 0xff, 0xf8, 0xfc, 0xf8, 0xff, 0xf8, 0xfc, 0xf8, 0xff,
    0xf8, 0xfc, 0xf8, 0xff, 0xf8, 0xfc, 0xf8, 0xff, 0xf8, 0xfc, 0xf8, 0xff,
    0xf8, 0xfc, 0xf8, 0xff, 0xf8, 0xfc, 0xf8, 0xff, 0xf8, 0xfc, 0xf8, 0xff,
    0xf8, 0xfc, 0xf8, 0xff, 0xf8, 0xfc, 0xf8, 0xff, 0xf8, 0xfc, 0xf8, 0xff,
    0xf8, 0xfc, 0xf8, 0xff, 0xf8, 0xfc, 0xf8, 0xff, 0xf8, 0xfc, 0xf8, 0xff,
    0xf8, 0xfc, 0xf8, 0xff, 0xf8, 0xfc, 0xf8, 0xff, 0xf8, 0xfc, 0xf8, 0xff,
    0xf8, 0xfc, 0xf8, 0xff, 0xf8, 0xfc, 0xf8, 0xff, 0xf8, 0xfc, 0xf8, 0xff,
    0xf8, 0xfc, 0xf8, 0xff, 0xf8, 0xfc, 0xf8, 0xff, 0xf8, 0xfc, 0xf8, 0xff,
    0xf8, 0xfc, 0xf8, 0xff, 0xf8, 0xfc, 0xf8, 0xff, 0xf8, 0xfc, 0xf8, 0xff,
    0xf8, 0xfc, 0xf8, 0xff, 0xf8, 0xfc, 0xf8, 0xff, 0xf8, 0xfc, 0xf8, 0xff,
    0xf8, 0xfc, 0xf8, 0xff, 0xf8, 0xfc, 0xf8, 0xff, 0xf8, 0xfc, 0xf8, 0xff,
    0xf8, 0xfc, 0xf8, 0xff, 0xf8, 0xfc, 0xf8, 0xff, 0xf8, 0xfc, 0xf8, 0xff,
    0xf8, 0xfc, 0xf8, 0xff, 0xf8, 0xfc, 0xf8, 0xff, 0xf8, 0xfc, 0xf8, 0xff,
    0xf8, 0xfc, 0xf8, 0xff, 0xf8, 0xfc, 0xf8, 0xff, 0xf8, 0xf8, 0xf8, 0xff,
    0xf8, 0xfc, 0xf8, 0xff, 0xf8, 0xfc, 0xf8, 0xff, 0xf8, 0xf8, 0xf8, 0xff,
    0xf8, 0xfc, 0xf8, 0xff, 0xf8, 0xfc, 0xf8, 0xff, 0xf8, 0xfc, 0xf8, 0xff,
    0xf8, 0xfc, 0xf8, 0xff, 0xf8, 0xf8, 0xf8, 0xff, 0xf8, 0xfc, 0xf8, 0xff,
    0xf8, 0xfc, 0xf8, 0xff, 0xf8, 0xfc, 0xf8, 0xff, 0xf8, 0xf8, 0xf8, 0xff,
    0xf8, 0xfc, 0xf8, 0xff, 0xf8, 0xf8, 0xf8, 0xff, 0xf8, 0xfc, 0xf8, 0xff,
    0xf8, 0xfc, 0xf8, 0xff, 0xf8, 0xf8, 0xf8, 0xff, 0xf8, 0xfc, 0xf8, 0xff,
    0xf8, 0xf8, 0xf8, 0xff, 0xf8, 0xf8, 0xf8, 0xff, 0xf8, 0xfc, 0xf8, 0xff,
    0xf8, 0xf8, 0xf0, 0xff, 0xf8, 0xf8, 0xf8, 0xff, 0xf8, 0xf8, 0xf8, 0xff,
    0xf8, 0xfc, 0xf8, 0xff, 0xf8, 0xf8, 0xf0, 0xff, 0xf8, 0xf8, 0xf8, 0xff,
    0xf8, 0xfc, 0xf8, 0xff, 0xf8, 0xf8, 0xf8, 0xff, 0xf8, 0xf8, 0xf8, 0xff,
    0xf8, 0xf8, 0xf0, 0xff, 0xf8, 0xf8, 0xf8, 0xff, 0xf8, 0xf8, 0xf8, 0xff,
    0xf8, 0xf8, 0xf0, 0xff, 0xf8, 0xf8, 0xf8, 0xff, 0xf8, 0xf8, 0xf8, 0xff,
    0xf8, 0xf8, 0xf8, 0xff, 0xf8, 0xf8, 0xf0, 0xff, 0xf8, 0xf8, 0xf8, 0xff,
    0xf8, 0xf8, 0xf8, 0xff, 0xf8, 0xf8, 0xf0, 0xff, 0xf8, 0xf8, 0xf8, 0xff,
    0xf8, 0xf8, 0xf8, 0xff, 0xf8, 0xf8, 0xf0, 0xff, 0xf8, 0xf8, 0xf8, 0xff,
    0xf8, 0xf8, 0xf0, 0xff, 0xf8, 0xf8, 0xf8, 0xff, 0xf8, 0xf8, 0xf8, 0xff,
    0xf8, 0xf8, 0xf0, 0xff, 0xf8, 0xf8, 0xf8, 0xff, 0xf8, 0xf8, 0xf8, 0xff,
    0xf8, 0xf8, 0xf8, 0xff, 0xf8, 0xf8, 0xf8, 0xff, 0xf8, 0xf4, 0xf0, 0xff,
    0xf8, 0xf8, 0xf0, 0xff, 0xf8, 0xf8, 0xf8, 0xff, 0xf8, 0xf4, 0xf0, 0xff,
    0xf8, 0xf8, 0xf8, 0xff, 0xf8, 0xf8, 0xf8, 0xff, 0xf8, 0xf8, 0xf0, 0xff,
    0xf8, 0xf8, 0xf0, 0xff, 0xf8, 0xf4, 0xf8, 0xff, 0xf8, 0xf8, 0xf0, 0xff,
    0xf8, 0xf8, 0xf8, 0xff, 0xf8, 0xf4, 0xf0, 0xff, 0xf8, 0xf8, 0xf8, 0xff,
    0xf8, 0xf8, 0xf0, 0xff, 0xf8, 0xf8, 0xf8, 0xff, 0xf8, 0xf8, 0xf8, 0xff,
    0xf8, 0xf4, 0xf0, 0xff, 0xf8, 0xf8, 0xf8, 0xff, 0xf8, 0xf8, 0xf0, 0xff,
    0xf8, 0xf8, 0xf0, 0xff, 0xf8, 0xf4, 0xf8, 0xff, 0xf8, 0xf8, 0xf8, 0xff,
    0xf8, 0xf8, 0xf0, 0xff, 0xf8, 0xf8, 0xf8, 0xff, 0xf8, 0xf8, 0xf0, 0xff,
    0xf8, 0xf8, 0xf8, 0xff, 0xf8, 0xf8, 0xf0, 0xff, 0xf8, 0xf8, 0xf8, 0xff,
    0xf8, 0xf8, 0xf0, 0xff, 0xf8, 0xf8, 0xf8, 0xff, 0xf8, 0xf8, 0xf0, 0xff,
    0xf8, 0xf8, 0xf8, 0xff, 0xf8, 0xf4, 0xf8, 0xff, 0xf8, 0xf8, 0xf0, 0xff,
    0xf8, 0xf8, 0xf0, 0xff, 0xf8, 0xf4, 0xf8, 0xff, 0xf8, 0xf8, 0xf0, 0xff,
    0xf8, 0xf8, 0xf0, 0xff, 0xf8, 0xf8, 0xf8, 0xff, 0xf8, 0xf4, 0xf0, 0xff,
    0xf8, 0xf8, 0xf8, 0xff, 0xf8, 0xf8, 0xf0, 0xff, 0xf8, 0xf4, 0xf0, 0xff,
    0xf8, 0xf8, 0xf0, 0xff, 0xf8, 0xf8, 0xf8, 0xff, 0xf8, 0xf8, 0xf0, 0xff,
    0xf8, 0xf8, 0xf8, 0xff, 0xf8, 0xf8, 0xf8, 0xff, 0xf8, 0xf8, 0xf0, 0xff,
    0xf8, 0xf8, 0xf8, 0xff, 0xf8, 0xf8, 0xf0, 0xff, 0xf8, 0xf8, 0xf8, 0xff,
    0xf8, 0xf8, 0xf8, 0xff, 0xf8, 0xf8, 0xf0, 0xff, 0xf8, 0xf8, 0xf8, 0xff,
    0xf8, 0xf8, 0xf0, 0xff, 0xf8, 0xf8, 0xf8, 0xff, 0xf8, 0xf8, 0xf0, 0xff,
    0xf8, 0xf8, 0xf0, 0xff, 0xf8, 0xf8, 0xf8, 0xff, 0xf8, 0xf4, 0xf0, 0xff,
    0xf8, 0xf8, 0xf0, 0xff, 0xf8, 0xf8, 0xf8, 0xff, 0xf8, 0xf4, 0xf0, 0xff,
    0xf8, 0xf8, 0xf0, 0xff, 0xf8, 0xf8, 0xf8, 0xff, 0xf8, 0xf8, 0xf8, 0xff,
    0xf8, 0xf4, 0xf0, 0xff, 0xf8, 0xf8, 0xf8, 0xff, 0xf8, 0xf8, 0xf0, 0xff,
    0xf8, 0xf8, 0xf8, 0xff, 0xf8, 0xf4, 0xf8, 0xff, 0xf8, 0xf8, 0xf0, 0xff,
    0xf8, 0xf4, 0xf8, 0xff, 0xf8, 0xf8, 0xf8, 0xff, 0xf8, 0xf8, 0xf0, 0xff,
    0xf8, 0xf8, 0xf8, 0xff, 0xf8, 0xf8, 0xf8, 0xff, 0xf8, 0xf4, 0xf0, 0xff,
    0xf8, 0xf8, 0xf0, 0xff, 0xf8, 0xf4, 0xf8, 0xff, 0xf8, 0xf4, 0xf0, 0xff,
    0xf8, 0xf8, 0xf8, 0xff, 0xf8, 0xf8, 0xf8, 0xff, 0xf8, 0xf8, 0xf0, 0xff,
    0xf8, 0xf8, 0xf8, 0xff, 0xf8, 0xf4, 0xf8, 0xff, 0xf8, 0xf8, 0xf0, 0xff,
    0xf8, 0xf8, 0xf8, 0xff, 0xf8, 0xf8, 0xf0, 0xff, 0xf8, 0xf4, 0xf0, 0xff,
    0xf8, 0xf8, 0xf8, 0xff, 0xf8, 0xf8, 0xf0, 0xff, 0xf8, 0xf8, 0xf8, 0xff,
    0xf8, 0xf4, 0xf8, 0xff, 0xf8, 0xf8, 0xf0, 0xff, 0xf8, 0xf8, 0xf0, 0xff,
    0xf8, 0xf8, 0xf8, 0xff, 0xf8, 0xf8, 0xf0, 0xff, 0xf8, 0xf8, 0xf0, 0xff,
    0xf8, 0xf4, 0xf8, 0xff, 0xe8, 0xd8, 0xd0, 0x69, 0x90, 0x4c, 0x28, 0x18,
    0x98, 0x50, 0x38, 0x14, 0xa0, 0x60, 0x40, 0x14, 0x98, 0x68, 0x40, 0x10,
    0xa8, 0x6c, 0x48, 0x0c, 0xa0, 0x74, 0x60, 0x0c, 0xb8, 0x80, 0x68, 0x0c,
    0xa8, 0x8c, 0x70, 0x08, 0xb8, 0x90, 0x70, 0x08, 0xb8, 0x94, 0x70, 0x08,
    0xb8, 0x90, 0x68, 0x08, 0xb8, 0x94, 0x70, 0x08, 0xa8, 0x80, 0x80, 0x04,
    0xa8, 0x80, 0x80, 0x04, 0xa8, 0x80, 0x80, 0x08, 0x98, 0x98, 0x68, 0x04,
    0x98, 0x98, 0x68, 0x04, 0x98, 0x98, 0x68, 0x04, 0xc0, 0x80, 0x80, 0x04,
    0x00, 0x00, 0x00, 0x00, 0x00, 0x00, 0x00, 0x00, 0x00, 0x00, 0x00, 0x00,
    0x00, 0x00, 0x00, 0x00, 0x00, 0x00, 0x00, 0x00, 0x00, 0x00, 0x00, 0x00,
    0x00, 0x00, 0x00, 0x00, 0x00, 0x00, 0x00, 0x00, 0x00, 0x00, 0x00, 0x00,
    0x00, 0x00, 0x00, 0x00, 0x00, 0x00, 0x00, 0x00, 0x00, 0x00, 0x00, 0x00,
    0x00, 0x00, 0x00, 0x00, 0x00, 0x00, 0x00, 0x00, 0x00, 0x00, 0x00, 0x00,
    0x00, 0x00, 0x00, 0x00, 0x00, 0x00, 0x00, 0x00, 0x00, 0x00, 0x00, 0x00,
    0x00, 0x00, 0x00, 0x00, 0x00, 0x00, 0x00, 0x00, 0x00, 0x00, 0x00, 0x00,
    0x00, 0x00, 0x00, 0x00, 0x00, 0x00, 0x00, 0x00, 0x00, 0x00, 0x00, 0x00,
    0x00, 0x00, 0x00, 0x00, 0x00, 0x00, 0x00, 0x00, 0x00, 0x00, 0x00, 0x00,
    0x00, 0x00, 0x00, 0x00, 0x00, 0x00, 0x00, 0x00, 0x00, 0x00, 0x00, 0x00,
    0x00, 0x00, 0x00, 0x00, 0x00, 0x00, 0x00, 0x00, 0x00, 0x00, 0x00, 0x00,
    0x00, 0x00, 0x00, 0x00, 0x00, 0x00, 0x00, 0x00, 0x00, 0x00, 0x00, 0x00,
    0x00, 0x00, 0x00, 0x00, 0x80, 0x00, 0x00, 0x04, 0x80, 0x40, 0x00, 0x04,
    0x80, 0x28, 0x00, 0x04, 0x80, 0x20, 0x00, 0x08, 0x70, 0x2c, 0x00, 0x0c,
    0x88, 0x34, 0x00, 0x10, 0xa8, 0x78, 0x58, 0x41, 0xf0, 0xe0, 0xd8, 0xaa,
    0xf8, 0xfc, 0xf8, 0xff, 0xf8, 0xfc, 0xf8, 0xff, 0xf8, 0xfc, 0xf8, 0xff,
    0xf8, 0xfc, 0xf8, 0xff, 0xf8, 0xfc, 0xf8, 0xff, 0xf8, 0xfc, 0xf8, 0xff,
    0xf8, 0xfc, 0xf8, 0xff, 0xf8, 0xfc, 0xf8, 0xff, 0xf8, 0xfc, 0xf8, 0xff,
    0xf8, 0xfc, 0xf8, 0xff, 0xf8, 0xfc, 0xf8, 0xff, 0xf8, 0xfc, 0xf8, 0xff,
    0xf8, 0xfc, 0xf8, 0xff, 0xf8, 0xfc, 0xf8, 0xff, 0xf8, 0xfc, 0xf8, 0xff,
    0xf8, 0xfc, 0xf8, 0xff, 0xf8, 0xfc, 0xf8, 0xff, 0xf8, 0xfc, 0xf8, 0xff,
    0xf8, 0xfc, 0xf8, 0xff, 0xf8, 0xfc, 0xf8, 0xff, 0xf8, 0xfc, 0xf8, 0xff,
    0xf8, 0xfc, 0xf8, 0xff, 0xf8, 0xfc, 0xf8, 0xff, 0xf8, 0xfc, 0xf8, 0xff,
    0xf8, 0xfc, 0xf8, 0xff, 0xf8, 0xfc, 0xf8, 0xff, 0xf8, 0xfc, 0xf8, 0xff,
    0xf8, 0xfc, 0xf8, 0xff, 0xf8, 0xfc, 0xf8, 0xff, 0xf8, 0xfc, 0xf8, 0xff,
    0xf8, 0xfc, 0xf8, 0xff, 0xf8, 0xfc, 0xf8, 0xff, 0xf8, 0xfc, 0xf8, 0xff,
    0xf8, 0xfc, 0xf8, 0xff, 0xf8, 0xfc, 0xf8, 0xff, 0xf8, 0xfc, 0xf8, 0xff,
    0xf8, 0xfc, 0xf8, 0xff, 0xf8, 0xfc, 0xf8, 0xff, 0xf8, 0xf8, 0xf8, 0xff,
    0xf8, 0xfc, 0xf8, 0xff, 0xf8, 0xfc, 0xf8, 0xff, 0xf8, 0xfc, 0xf8, 0xff,
    0xf8, 0xf8, 0xf8, 0xff, 0xf8, 0xfc, 0xf8, 0xff, 0xf8, 0xfc, 0xf8, 0xff,
    0xf8, 0xfc, 0xf8, 0xff, 0xf8, 0xf8, 0xf8, 0xff, 0xf8, 0xfc, 0xf8, 0xff,
    0xf8, 0xf8, 0xf8, 0xff, 0xf8, 0xf8, 0xf8, 0xff, 0xf8, 0xfc, 0xf8, 0xff,
    0xf8, 0xf8, 0xf8, 0xff, 0xf8, 0xf8, 0xf8, 0xff, 0xf8, 0xfc, 0xf8, 0xff,
    0xf8, 0xfc, 0xf8, 0xff, 0xf8, 0xf8, 0xf8, 0xff, 0xf8, 0xf8, 0xf8, 0xff,
    0xf8, 0xfc, 0xf8, 0xff, 0xf8, 0xf8, 0xf8, 0xff, 0xf8, 0xf8, 0xf8, 0xff,
    0xf8, 0xfc, 0xf8, 0xff, 0xf8, 0xf8, 0xf8, 0xff, 0xf8, 0xf8, 0xf8, 0xff,
    0xf8, 0xf8, 0xf8, 0xff, 0xf8, 0xf8, 0xf8, 0xff, 0xf8, 0xfc, 0xf8, 0xff,
    0xf8, 0xf8, 0xf8, 0xff, 0xf8, 0xf8, 0xf8, 0xff, 0xf8, 0xfc, 0xf0, 0xff,
    0xf8, 0xf8, 0xf8, 0xff, 0xf8, 0xf8, 0xf8, 0xff, 0xf8, 0xf8, 0xf8, 0xff,
    0xf8, 0xf8, 0xf8, 0xff, 0xf8, 0xf8, 0xf8, 0xff, 0xf8, 0xf8, 0xf0, 0xff,
    0xf8, 0xf8, 0xf8, 0xff, 0xf8, 0xf8, 0xf8, 0xff, 0xf8, 0xf8, 0xf8, 0xff,
    0xf8, 0xf8, 0xf0, 0xff, 0xf8, 0xf8, 0xf8, 0xff, 0xf8, 0xf8, 0xf0, 0xff,
    0xf8, 0xf8, 0xf8, 0xff, 0xf8, 0xf8, 0xf0, 0xff, 0xf8, 0xf8, 0xf8, 0xff,
    0xf8, 0xf8, 0xf8, 0xff, 0xf8, 0xf8, 0xf0, 0xff, 0xf8, 0xf8, 0xf8, 0xff,
    0xf8, 0xf8, 0xf8, 0xff, 0xf8, 0xf8, 0xf0, 0xff, 0xf8, 0xf8, 0xf8, 0xff,
    0xf8, 0xf8, 0xf8, 0xff, 0xf8, 0xf8, 0xf0, 0xff, 0xf8, 0xf8, 0xf0, 0xff,
    0xf8, 0xf8, 0xf8, 0xff, 0xf8, 0xf4, 0xf0, 0xff, 0xf8, 0xf8, 0xf8, 0xff,
    0xf8, 0xf8, 0xf8, 0xff, 0xf8, 0xf8, 0xf0, 0xff, 0xf8, 0xf4, 0xf0, 0xff,
    0xf8, 0xf8, 0xf8, 0xff, 0xf8, 0xf8, 0xf0, 0xff, 0xf8, 0xf4, 0xf8, 0xff,
    0xf8, 0xf8, 0xf8, 0xff, 0xf8, 0xf8, 0xf0, 0xff, 0xf8, 0xf4, 0xf8, 0xff,
    0xf8, 0xf8, 0xf0, 0xff, 0xf8, 0xf8, 0xf8, 0xff, 0xf8, 0xf4, 0xf0, 0xff,
    0xf8, 0xf8, 0xf0, 0xff, 0xf8, 0xf8, 0xf8, 0xff, 0xf8, 0xf4, 0xf0, 0xff,
    0xf8, 0xf8, 0xf8, 0xff, 0xf8, 0xf8, 0xf8, 0xff, 0xf8, 0xf8, 0xf0, 0xff,
    0xf8, 0xf8, 0xf0, 0xff, 0xf8, 0xf8, 0xf8, 0xff, 0xf8, 0xf4, 0xf0, 0xff,
    0xf8, 0xf8, 0xf8, 0xff, 0xf8, 0xf8, 0xf8, 0xff, 0xf8, 0xf4, 0xf0, 0xff,
    0xf8, 0xf8, 0xf0, 0xff, 0xf8, 0xf4, 0xf8, 0xff, 0xf8, 0xf8, 0xf8, 0xff,
    0xf8, 0xf4, 0xf0, 0xff, 0xf8, 0xf4, 0xf0, 0xff, 0xf8, 0xf8, 0xf8, 0xff,
    0xf8, 0xf8, 0xf0, 0xff, 0xf8, 0xf8, 0xf8, 0xff, 0xf8, 0xf8, 0xf8, 0xff,
    0xf8, 0xf8, 0xf0, 0xff, 0xf8, 0xf4, 0xf8, 0xff, 0xf8, 0xf8, 0xf8, 0xff,
    0xf8, 0xf8, 0xf0, 0xff, 0xf8, 0xf8, 0xf0, 0xff, 0xf8, 0xf8, 0xf8, 0xff,
    0xf8, 0xf8, 0xf8, 0xff, 0xf8, 0xf8, 0xf0, 0xff, 0xf8, 0xf4, 0xf8, 0xff,
    0xf8, 0xf8, 0xf8, 0xff, 0xf8, 0xf8, 0xf0, 0xff, 0xf8, 0xf4, 0xf0, 0xff,
    0xf8, 0xf8, 0xf8, 0xff, 0xf8, 0xf4, 0xf0, 0xff, 0xf8, 0xf4, 0xf8, 0xff,
    0xf8, 0xf8, 0xf0, 0xff, 0xf8, 0xf4, 0xf0, 0xff, 0xf8, 0xf8, 0xf8, 0xff,
    0xf8, 0xf4, 0xf0, 0xff, 0xf8, 0xf8, 0xf8, 0xff, 0xf8, 0xf4, 0xf0, 0xff,
    0xf8, 0xf8, 0xf8, 0xff, 0xf8, 0xf4, 0xf8, 0xff, 0xf8, 0xf8, 0xf0, 0xff,
    0xf8, 0xf8, 0xf8, 0xff, 0xf8, 0xf4, 0xf8, 0xff, 0xf8, 0xf8, 0xf0, 0xff,
    0xf8, 0xf8, 0xf8, 0xff, 0xf8, 0xf4, 0xf8, 0xff, 0xf8, 0xf8, 0xf0, 0xff,
    0xf8, 0xf8, 0xf0, 0xff, 0xf8, 0xf8, 0xf8, 0xff, 0xf8, 0xf8, 0xf0, 0xff,
    0xf8, 0xf8, 0xf8, 0xff, 0xf8, 0xf4, 0xf0, 0xff, 0xf8, 0xf8, 0xf8, 0xff,
    0xf8, 0xf8, 0xf0, 0xff, 0xf8, 0xf8, 0xf0, 0xff, 0xf8, 0xf4, 0xf8, 0xff,
    0xf8, 0xf8, 0xf0, 0xff, 0xf8, 0xf8, 0xf0, 0xff, 0xf8, 0xf4, 0xf8, 0xff,
    0xf8, 0xf8, 0xf0, 0xff, 0xf8, 0xf8, 0xf8, 0xff, 0xf8, 0xf8, 0xf8, 0xff,
    0xf8, 0xf8, 0xf0, 0xff, 0xf8, 0xf8, 0xf8, 0xff, 0xf8, 0xf8, 0xf0, 0xff,
    0xf8, 0xf4, 0xf0, 0xff, 0xf8, 0xf8, 0xf8, 0xff, 0xf8, 0xf4, 0xf0, 0xff,
    0xf8, 0xf8, 0xf0, 0xff, 0xf8, 0xf8, 0xf8, 0xff, 0xf8, 0xf4, 0xf0, 0xff,
    0xf8, 0xf8, 0xf8, 0xff, 0xf8, 0xf8, 0xf8, 0xff, 0xf8, 0xf8, 0xf0, 0xff,
    0xf8, 0xf4, 0xf8, 0xff, 0xf8, 0xf8, 0xf0, 0xff, 0xf8, 0xf8, 0xf0, 0xff,
    0xf8, 0xf8, 0xf8, 0xff, 0xf8, 0xf4, 0xf0, 0xff, 0xf8, 0xf8, 0xf8, 0xff,
    0xf8, 0xf8, 0xf8, 0xff, 0xf8, 0xf4, 0xf0, 0xff, 0xf8, 0xf8, 0xf0, 0xff,
    0xf0, 0xe8, 0xe0, 0x96, 0x90, 0x4c, 0x28, 0x1c, 0x90, 0x4c, 0x28, 0x18,
    0x98, 0x58, 0x30, 0x14, 0x98, 0x5c, 0x40, 0x10, 0xa8, 0x5c, 0x48, 0x0c,
    0xa8, 0x68, 0x58, 0x0c, 0xa0, 0x74, 0x58, 0x0c, 0xa8, 0x8c, 0x70, 0x08,
    0xa0, 0x80, 0x60, 0x08, 0xb8, 0x94, 0x68, 0x08, 0xb8, 0x90, 0x70, 0x08,
    0xa8, 0x80, 0x80, 0x04, 0xa8, 0x80, 0x80, 0x04, 0xa8, 0x80, 0x80, 0x08,
    0xa8, 0x80, 0x80, 0x04, 0xa8, 0x80, 0x78, 0x08, 0x98, 0x98, 0x60, 0x04,
    0x98, 0x98, 0x68, 0x04, 0x98, 0x98, 0x68, 0x04, 0x98, 0x98, 0x60, 0x08,
    0xf8, 0xfc, 0x00, 0x00, 0x00, 0x00, 0x00, 0x00, 0x00, 0x00, 0x00, 0x00,
    0x00, 0x00, 0x00, 0x00, 0x00, 0x00, 0x00, 0x00, 0x00, 0x00, 0x00, 0x00,
    0x00, 0x00, 0x00, 0x00, 0x00, 0x00, 0x00, 0x00, 0x00, 0x00, 0x00, 0x00,
    0x00, 0x00, 0x00, 0x00, 0x00, 0x00, 0x00, 0x00, 0x00, 0x00, 0x00, 0x00,
    0x00, 0x00, 0x00, 0x00, 0x00, 0x00, 0x00, 0x00, 0x00, 0x00, 0x00, 0x00,
    0x00, 0x00, 0x00, 0x00, 0x00, 0x00, 0x00, 0x00, 0x00, 0x00, 0x00, 0x00,
    0x00, 0x00, 0x00, 0x00, 0x00, 0x00, 0x00, 0x00, 0x00, 0x00, 0x00, 0x00,
    0x00, 0x00, 0x00, 0x00, 0x00, 0x00, 0x00, 0x00, 0x00, 0x00, 0x00, 0x00,
    0x00, 0x00, 0x00, 0x00, 0x00, 0x00, 0x00, 0x00, 0x00, 0x00, 0x00, 0x00,
    0x00, 0x00, 0x00, 0x00, 0x00, 0x00, 0x00, 0x00, 0x00, 0x00, 0x00, 0x00,
    0x00, 0x00, 0x00, 0x00, 0x00, 0x00, 0x00, 0x00, 0x00, 0x00, 0x00, 0x00,
    0x00, 0x00, 0x00, 0x00, 0x00, 0x00, 0x00, 0x00, 0x00, 0x00, 0x00, 0x00,
    0x00, 0x00, 0x00, 0x00, 0x80, 0x00, 0x00, 0x04, 0x50, 0x00, 0x00, 0x04,
    0x68, 0x34, 0x00, 0x04, 0x68, 0x24, 0x00, 0x08, 0x80, 0x18, 0x00, 0x08,
    0x80, 0x28, 0x00, 0x0c, 0xa0, 0x70, 0x58, 0x30, 0xa8, 0x7c, 0x60, 0x45,
    0xf0, 0xe4, 0xe0, 0xb2, 0xf8, 0xfc, 0xf8, 0xff, 0xf8, 0xfc, 0xf8, 0xff,
    0xf8, 0xfc, 0xf8, 0xff, 0xf8, 0xfc, 0xf8, 0xff, 0xf8, 0xfc, 0xf8, 0xff,
    0xf8, 0xfc, 0xf8, 0xff, 0xf8, 0xfc, 0xf8, 0xff, 0xf8, 0xfc, 0xf8, 0xff,
    0xf8, 0xfc, 0xf8, 0xff, 0xf8, 0xfc, 0xf8, 0xff, 0xf8, 0xfc, 0xf8, 0xff,
    0xf8, 0xfc, 0xf8, 0xff, 0xf8, 0xfc, 0xf8, 0xff, 0xf8, 0xfc, 0xf8, 0xff,
    0xf8, 0xfc, 0xf8, 0xff, 0xf8, 0xfc, 0xf8, 0xff, 0xf8, 0xfc, 0xf8, 0xff,
    0xf8, 0xfc, 0xf8, 0xff, 0xf8, 0xfc, 0xf8, 0xff, 0xf8, 0xfc, 0xf8, 0xff,
    0xf8, 0xfc, 0xf8, 0xff, 0xf8, 0xfc, 0xf8, 0xff, 0xf8, 0xfc, 0xf8, 0xff,
    0xf8, 0xfc, 0xf8, 0xff, 0xf8, 0xfc, 0xf8, 0xff, 0xf8, 0xfc, 0xf8, 0xff,
    0xf8, 0xfc, 0xf8, 0xff, 0xf8, 0xfc, 0xf8, 0xff, 0xf8, 0xfc, 0xf8, 0xff,
    0xf8, 0xfc, 0xf8, 0xff, 0xf8, 0xfc, 0xf8, 0xff, 0xf8, 0xfc, 0xf8, 0xff,
    0xf8, 0xfc, 0xf8, 0xff, 0xf8, 0xfc, 0xf8, 0xff, 0xf8, 0xfc, 0xf8, 0xff,
    0xf8, 0xfc, 0xf8, 0xff, 0xf8, 0xfc, 0xf8, 0xff, 0xf8, 0xf8, 0xf8, 0xff,
    0xf8, 0xfc, 0xf8, 0xff, 0xf8, 0xfc, 0xf8, 0xff, 0xf8, 0xfc, 0xf8, 0xff,
    0xf8, 0xfc, 0xf8, 0xff, 0xf8, 0xf8, 0xf8, 0xff, 0xf8, 0xfc, 0xf8, 0xff,
    0xf8, 0xfc, 0xf8, 0xff, 0xf8, 0xfc, 0xf8, 0xff, 0xf8, 0xf8, 0xf8, 0xff,
    0xf8, 0xf8, 0xf8, 0xff, 0xf8, 0xfc, 0xf8, 0xff, 0xf8, 0xfc, 0xf8, 0xff,
    0xf8, 0xf8, 0xf8, 0xff, 0xf8, 0xf8, 0xf8, 0xff, 0xf8, 0xfc, 0xf8, 0xff,
    0xf8, 0xf8, 0xf8, 0xff, 0xf8, 0xfc, 0xf8, 0xff, 0xf8, 0xf8, 0xf8, 0xff,
    0xf8, 0xfc, 0xf8, 0xff, 0xf8, 0xf8, 0xf8, 0xff, 0xf8, 0xf8, 0xf8, 0xff,
    0xf8, 0xf8, 0xf8, 0xff, 0xf8, 0xfc, 0xf0, 0xff, 0xf8, 0xf8, 0xf8, 0xff,
    0xf8, 0xf8, 0xf8, 0xff, 0xf8, 0xfc, 0xf8, 0xff, 0xf8, 0xf8, 0xf0, 0xff,
    0xf8, 0xf8, 0xf8, 0xff, 0xf8, 0xf8, 0xf8, 0xff, 0xf8, 0xf8, 0xf8, 0xff,
    0xf8, 0xf8, 0xf0, 0xff, 0xf8, 0xfc, 0xf8, 0xff, 0xf8, 0xf8, 0xf0, 0xff,
    0xf8, 0xf8, 0xf8, 0xff, 0xf8, 0xf8, 0xf8, 0xff, 0xf8, 0xf8, 0xf8, 0xff,
    0xf8, 0xf8, 0xf0, 0xff, 0xf8, 0xf8, 0xf8, 0xff, 0xf8, 0xf8, 0xf0, 0xff,
    0xf8, 0xf8, 0xf8, 0xff, 0xf8, 0xf8, 0xf8, 0xff, 0xf8, 0xf8, 0xf0, 0xff,
    0xf8, 0xf8, 0xf8, 0xff, 0xf8, 0xf8, 0xf8, 0xff, 0xf8, 0xf8, 0xf0, 0xff,
    0xf8, 0xf8, 0xf8, 0xff, 0xf8, 0xf8, 0xf8, 0xff, 0xf8, 0xf8, 0xf0, 0xff,
    0xf8, 0xf8, 0xf8, 0xff, 0xf8, 0xf8, 0xf0, 0xff, 0xf8, 0xf8, 0xf8, 0xff,
    0xf8, 0xf8, 0xf8, 0xff, 0xf8, 0xf8, 0xf0, 0xff, 0xf8, 0xf4, 0xf8, 0xff,
    0xf8, 0xf8, 0xf0, 0xff, 0xf8, 0xf8, 0xf0, 0xff, 0xf8, 0xf8, 0xf8, 0xff,
    0xf8, 0xf8, 0xf8, 0xff, 0xf8, 0xf4, 0xf0, 0xff, 0xf8, 0xf8, 0xf8, 0xff,
    0xf8, 0xf8, 0xf0, 0xff, 0xf8, 0xf8, 0xf0, 0xff, 0xf8, 0xf4, 0xf8, 0xff,
    0xf8, 0xf8, 0xf0, 0xff, 0xf8, 0xf8, 0xf8, 0xff, 0xf8, 0xf8, 0xf0, 0xff,
    0xf8, 0xf8, 0xf8, 0xff, 0xf8, 0xf8, 0xf8, 0xff, 0xf8, 0xf4, 0xf0, 0xff,
    0xf8, 0xf8, 0xf8, 0xff, 0xf8, 0xf8, 0xf0, 0xff, 0xf8, 0xf8, 0xf0, 0xff,
    0xf8, 0xf8, 0xf8, 0xff, 0xf8, 0xf4, 0xf0, 0xff, 0xf8, 0xf4, 0xf8, 0xff,
    0xf8, 0xf8, 0xf8, 0xff, 0xf8, 0xf8, 0xf0, 0xff, 0xf8, 0xf8, 0xf0, 0xff,
    0xf8, 0xf8, 0xf8, 0xff, 0xf8, 0xf4, 0xf0, 0xff, 0xf8, 0xf8, 0xf8, 0xff,
    0xf8, 0xf8, 0xf0, 0xff, 0xf8, 0xf8, 0xf8, 0xff, 0xf8, 0xf8, 0xf0, 0xff,
    0xf8, 0xf8, 0xf8, 0xff, 0xf8, 0xf8, 0xf8, 0xff, 0xf8, 0xf4, 0xf0, 0xff,
    0xf8, 0xf8, 0xf0, 0xff, 0xf8, 0xf8, 0xf8, 0xff, 0xf8, 0xf4, 0xf0, 0xff,
    0xf8, 0xf8, 0xf0, 0xff, 0xf8, 0xf8, 0xf8, 0xff, 0xf8, 0xf8, 0xf8, 0xff,
    0xf8, 0xf4, 0xf0, 0xff, 0xf8, 0xf4, 0xf8, 0xff, 0xf8, 0xf8, 0xf0, 0xff,
    0xf8, 0xf8, 0xf0, 0xff, 0xf8, 0xf4, 0xf8, 0xff, 0xf8, 0xf8, 0xf8, 0xff,
    0xf8, 0xf8, 0xf0, 0xff, 0xf8, 0xf8, 0xf8, 0xff, 0xf8, 0xf4, 0xf8, 0xff,
    0xf8, 0xf8, 0xf0, 0xff, 0xf8, 0xf8, 0xf0, 0xff, 0xf8, 0xf8, 0xf8, 0xff,
    0xf8, 0xf8, 0xf8, 0xff, 0xf8, 0xf8, 0xf0, 0xff, 0xf8, 0xf4, 0xf0, 0xff,
    0xf8, 0xf8, 0xf8, 0xff, 0xf8, 0xf8, 0xf0, 0xff, 0xf8, 0xf8, 0xf0, 0xff,
    0xf8, 0xf4, 0xf8, 0xff, 0xf8, 0xf8, 0xf0, 0xff, 0xf8, 0xf8, 0xf0, 0xff,
    0xf8, 0xf4, 0xf8, 0xff, 0xf8, 0xf8, 0xf0, 0xff, 0xf8, 0xf8, 0xf0, 0xff,
    0xf8, 0xf8, 0xf8, 0xff, 0xf8, 0xf8, 0xf0, 0xff, 0xf8, 0xf8, 0xf8, 0xff,
    0xf8, 0xf4, 0xf8, 0xff, 0xf8, 0xf4, 0xf0, 0xff, 0xf8, 0xf8, 0xf8, 0xff,
    0xf8, 0xf8, 0xf0, 0xff, 0xf8, 0xf8, 0xf8, 0xff, 0xf8, 0xf4, 0xf8, 0xff,
    0xf8, 0xf8, 0xf0, 0xff, 0xf8, 0xf8, 0xf8, 0xff, 0xf8, 0xf8, 0xf8, 0xff,
    0xf8, 0xf8, 0xf0, 0xff, 0xf8, 0xf8, 0xf8, 0xff, 0xf8, 0xf4, 0xf0, 0xff,
    0xf8, 0xf8, 0xf0, 0xff, 0xf8, 0xf8, 0xf0, 0xff, 0xf8, 0xf4, 0xf8, 0xff,
    0xf8, 0xf8, 0xf0, 0xff, 0xf8, 0xf8, 0xf8, 0xff, 0xf8, 0xf8, 0xf8, 0xff,
    0xf8, 0xf8, 0xf0, 0xff, 0xf8, 0xf8, 0xf8, 0xff, 0xf8, 0xf8, 0xf8, 0xff,
    0xf8, 0xf8, 0xf0, 0xff, 0xf8, 0xf8, 0xf0, 0xff, 0xf8, 0xf8, 0xf8, 0xff,
    0xf8, 0xf4, 0xf0, 0xff, 0xf8, 0xf8, 0xf8, 0xff, 0xf8, 0xf8, 0xf0, 0xff,
    0xf8, 0xf8, 0xf8, 0xff, 0xf8, 0xf4, 0xf8, 0xff, 0xf8, 0xf8, 0xf0, 0xff,
    0xf8, 0xf8, 0xf0, 0xff, 0xf8, 0xf8, 0xf8, 0xff, 0xf8, 0xf8, 0xf0, 0xff,
    0xf8, 0xf4, 0xf8, 0xff, 0xf8, 0xf8, 0xf8, 0xff, 0xf0, 0xe8, 0xe0, 0xa2,
    0x98, 0x5c, 0x38, 0x1c, 0x90, 0x4c, 0x30, 0x18, 0x90, 0x54, 0x30, 0x14,
    0x98, 0x60, 0x38, 0x14, 0x98, 0x54, 0x48, 0x10, 0xa0, 0x60, 0x50, 0x0c,
    0xa0, 0x74, 0x60, 0x0c, 0xa8, 0x70, 0x50, 0x08, 0xa0, 0x80, 0x60, 0x08,
    0xa0, 0x80, 0x60, 0x08, 0xb8, 0x90, 0x70, 0x08, 0xa8, 0x80, 0x80, 0x04,
    0xa8, 0x80, 0x80, 0x08, 0xa8, 0x80, 0x80, 0x08, 0x98, 0x98, 0x60, 0x04,
    0x98, 0x98, 0x68, 0x04, 0x98, 0x98, 0x68, 0x04, 0x98, 0x98, 0x68, 0x04,
    0x98, 0x98, 0x68, 0x04, 0x98, 0x98, 0x60, 0x08, 0x98, 0x98, 0x68, 0x04,
    0x80, 0x80, 0x80, 0x04, 0x00, 0x00, 0x00, 0x00, 0x00, 0x00, 0x00, 0x00,
    0x00, 0x00, 0x00, 0x00, 0x00, 0x00, 0x00, 0x00, 0x00, 0x00, 0x00, 0x00,
    0x00, 0x00, 0x00, 0x00, 0x00, 0x00, 0x00, 0x00, 0x00, 0x00, 0x00, 0x00,
    0x00, 0x00, 0x00, 0x00, 0x00, 0x00, 0x00, 0x00, 0x00, 0x00, 0x00, 0x00,
    0x00, 0x00, 0x00, 0x00, 0x00, 0x00, 0x00, 0x00, 0x00, 0x00, 0x00, 0x00,
    0x00, 0x00, 0x00, 0x00, 0x00, 0x00, 0x00, 0x00, 0x00, 0x00, 0x00, 0x00,
    0x00, 0x00, 0x00, 0x00, 0x00, 0x00, 0x00, 0x00, 0x00, 0x00, 0x00, 0x00,
    0x00, 0x00, 0x00, 0x00, 0x00, 0x00, 0x00, 0x00, 0x00, 0x00, 0x00, 0x00,
    0x00, 0x00, 0x00, 0x00, 0x00, 0x00, 0x00, 0x00, 0x00, 0x00, 0x00, 0x00,
    0x00, 0x00, 0x00, 0x00, 0x00, 0x00, 0x00, 0x00, 0x00, 0x00, 0x00, 0x00,
    0x00, 0x00, 0x00, 0x00, 0x00, 0x00, 0x00, 0x00, 0x00, 0x00, 0x00, 0x00,
    0x00, 0x00, 0x00, 0x00, 0x00, 0x00, 0x00, 0x00, 0x00, 0x00, 0x00, 0x00,
    0x00, 0x00, 0x00, 0x00, 0x80, 0x00, 0x00, 0x00, 0x50, 0x00, 0x00, 0x04,
    0x80, 0x40, 0x00, 0x04, 0x80, 0x2c, 0x00, 0x08, 0x80, 0x20, 0x00, 0x08,
    0x70, 0x30, 0x00, 0x0c, 0xa0, 0x60, 0x48, 0x20, 0xa8, 0x74, 0x58, 0x41,
    0xa8, 0x70, 0x58, 0x41, 0xd8, 0xcc, 0xc0, 0x82, 0xf8, 0xf8, 0xf8, 0xe3,
    0xf8, 0xfc, 0xf8, 0xff, 0xf8, 0xfc, 0xf8, 0xff, 0xf8, 0xfc, 0xf8, 0xff,
    0xf8, 0xfc, 0xf8, 0xff, 0xf8, 0xfc, 0xf8, 0xff, 0xf8, 0xfc, 0xf8, 0xff,
    0xf8, 0xfc, 0xf8, 0xff, 0xf8, 0xfc, 0xf8, 0xff, 0xf8, 0xfc, 0xf8, 0xff,
    0xf8, 0xfc, 0xf8, 0xff, 0xf8, 0xfc, 0xf8, 0xff, 0xf8, 0xfc, 0xf8, 0xff,
    0xf8, 0xfc, 0xf8, 0xff, 0xf8, 0xfc, 0xf8, 0xff, 0xf8, 0xfc, 0xf8, 0xff,
    0xf8, 0xfc, 0xf8, 0xff, 0xf8, 0xfc, 0xf8, 0xff, 0xf8, 0xfc, 0xf8, 0xff,
    0xf8, 0xfc, 0xf8, 0xff, 0xf8, 0xfc, 0xf8, 0xff, 0xf8, 0xfc, 0xf8, 0xff,
    0xf8, 0xfc, 0xf8, 0xff, 0xf8, 0xfc, 0xf8, 0xff, 0xf8, 0xfc, 0xf8, 0xff,
    0xf8, 0xfc, 0xf8, 0xff, 0xf8, 0xfc, 0xf8, 0xff, 0xf8, 0xfc, 0xf8, 0xff,
    0xf8, 0xfc, 0xf8, 0xff, 0xf8, 0xfc, 0xf8, 0xff, 0xf8, 0xfc, 0xf8, 0xff,
    0xf8, 0xfc, 0xf8, 0xff, 0xf8, 0xfc, 0xf8, 0xff, 0xf8, 0xfc, 0xf8, 0xff,
    0xf8, 0xfc, 0xf8, 0xff, 0xf8, 0xf8, 0xf8, 0xff, 0xf8, 0xfc, 0xf8, 0xff,
    0xf8, 0xfc, 0xf8, 0xff, 0xf8, 0xf8, 0xf8, 0xff, 0xf8, 0xfc, 0xf8, 0xff,
    0xf8, 0xfc, 0xf8, 0xff, 0xf8, 0xfc, 0xf8, 0xff, 0xf8, 0xf8, 0xf8, 0xff,
    0xf8, 0xfc, 0xf8, 0xff, 0xf8, 0xf8, 0xf8, 0xff, 0xf8, 0xfc, 0xf8, 0xff,
    0xf8, 0xfc, 0xf8, 0xff, 0xf8, 0xf8, 0xf8, 0xff, 0xf8, 0xfc, 0xf8, 0xff,
    0xf8, 0xfc, 0xf8, 0xff, 0xf8, 0xf8, 0xf8, 0xff, 0xf8, 0xfc, 0xf8, 0xff,
    0xf8, 0xf8, 0xf8, 0xff, 0xf8, 0xf8, 0xf8, 0xff, 0xf8, 0xfc, 0xf8, 0xff,
    0xf8, 0xf8, 0xf8, 0xff, 0xf8, 0xf8, 0xf8, 0xff, 0xf8, 0xf8, 0xf8, 0xff,
    0xf8, 0xf8, 0xf8, 0xff, 0xf8, 0xf8, 0xf8, 0xff, 0xf8, 0xfc, 0xf8, 0xff,
    0xf8, 0xf8, 0xf8, 0xff, 0xf8, 0xf8, 0xf8, 0xff, 0xf8, 0xf8, 0xf8, 0xff,
    0xf8, 0xfc, 0xf0, 0xff, 0xf8, 0xf8, 0xf8, 0xff, 0xf8, 0xf8, 0xf8, 0xff,
    0xf8, 0xfc, 0xf8, 0xff, 0xf8, 0xf8, 0xf8, 0xff, 0xf8, 0xf8, 0xf0, 0xff,
    0xf8, 0xf8, 0xf8, 0xff, 0xf8, 0xf8, 0xf8, 0xff, 0xf8, 0xf8, 0xf0, 0xff,
    0xf8, 0xf8, 0xf8, 0xff, 0xf8, 0xf8, 0xf8, 0xff, 0xf8, 0xf8, 0xf0, 0xff,
    0xf8, 0xf8, 0xf8, 0xff, 0xf8, 0xf8, 0xf8, 0xff, 0xf8, 0xf8, 0xf0, 0xff,
    0xf8, 0xf8, 0xf8, 0xff, 0xf8, 0xf8, 0xf8, 0xff, 0xf8, 0xf8, 0xf0, 0xff,
    0xf8, 0xf8, 0xf8, 0xff, 0xf8, 0xf8, 0xf0, 0xff, 0xf8, 0xf8, 0xf8, 0xff,
    0xf8, 0xf8, 0xf8, 0xff, 0xf8, 0xf8, 0xf0, 0xff, 0xf8, 0xf8, 0xf8, 0xff,
    0xf8, 0xf8, 0xf8, 0xff, 0xf8, 0xf8, 0xf0, 0xff, 0xf8, 0xf8, 0xf8, 0xff,
    0xf8, 0xf4, 0xf8, 0xff, 0xf8, 0xf8, 0xf0, 0xff, 0xf8, 0xf8, 0xf0, 0xff,
    0xf8, 0xf4, 0xf8, 0xff, 0xf8, 0xf8, 0xf0, 0xff, 0xf8, 0xf8, 0xf8, 0xff,
    0xf8, 0xf8, 0xf8, 0xff, 0xf8, 0xf4, 0xf0, 0xff, 0xf8, 0xf8, 0xf8, 0xff,
    0xf8, 0xf8, 0xf0, 0xff, 0xf8, 0xf8, 0xf0, 0xff, 0xf8, 0xf4, 0xf8, 0xff,
    0xf8, 0xf8, 0xf0, 0xff, 0xf8, 0xf8, 0xf0, 0xff, 0xf8, 0xf8, 0xf8, 0xff,
    0xf8, 0xf4, 0xf8, 0xff, 0xf8, 0xf8, 0xf0, 0xff, 0xf8, 0xf8, 0xf8, 0xff,
    0xf8, 0xf8, 0xf0, 0xff, 0xf8, 0xf8, 0xf0, 0xff, 0xf8, 0xf8, 0xf8, 0xff,
    0xf8, 0xf4, 0xf8, 0xff, 0xf8, 0xf8, 0xf0, 0xff, 0xf8, 0xf8, 0xf8, 0xff,
    0xf8, 0xf4, 0xf0, 0xff, 0xf8, 0xf8, 0xf8, 0xff, 0xf8, 0xf8, 0xf0, 0xff,
    0xf8, 0xf4, 0xf8, 0xff, 0xf8, 0xf8, 0xf0, 0xff, 0xf8, 0xf8, 0xf0, 0xff,
    0xf8, 0xf8, 0xf8, 0xff, 0xf8, 0xf8, 0xf8, 0xff, 0xf8, 0xf8, 0xf0, 0xff,
    0xf8, 0xf4, 0xf8, 0xff, 0xf8, 0xf8, 0xf8, 0xff, 0xf8, 0xf8, 0xf0, 0xff,
    0xf8, 0xf4, 0xf0, 0xff, 0xf8, 0xf8, 0xf8, 0xff, 0xf8, 0xf8, 0xf0, 0xff,
    0xf8, 0xf8, 0xf0, 0xff, 0xf8, 0xf8, 0xf8, 0xff, 0xf8, 0xf8, 0xf8, 0xff,
    0xf8, 0xf4, 0xf0, 0xff, 0xf8, 0xf8, 0xf0, 0xff, 0xf8, 0xf8, 0xf8, 0xff,
    0xf8, 0xf8, 0xf0, 0xff, 0xf8, 0xf4, 0xf0, 0xff, 0xf8, 0xf8, 0xf8, 0xff,
    0xf8, 0xf8, 0xf0, 0xff, 0xf8, 0xf8, 0xf8, 0xff, 0xf8, 0xf8, 0xf0, 0xff,
    0xf8, 0xf8, 0xf8, 0xff, 0xf8, 0xf8, 0xf8, 0xff, 0xf8, 0xf8, 0xf0, 0xff,
    0xf8, 0xf8, 0xf8, 0xff, 0xf8, 0xf8, 0xf8, 0xff, 0xf8, 0xf8, 0xf0, 0xff,
    0xf8, 0xf8, 0xf8, 0xff, 0xf8, 0xf8, 0xf0, 0xff, 0xf8, 0xf8, 0xf8, 0xff,
    0xf8, 0xf8, 0xf8, 0xff, 0xf8, 0xf8, 0xf0, 0xff, 0xf8, 0xf4, 0xf8, 0xff,
    0xf8, 0xf8, 0xf0, 0xff, 0xf8, 0xf8, 0xf0, 0xff, 0xf8, 0xf8, 0xf8, 0xff,
    0xf8, 0xf8, 0xf0, 0xff, 0xf8, 0xf8, 0xf8, 0xff, 0xf8, 0xf4, 0xf0, 0xff,
    0xf8, 0xf8, 0xf0, 0xff, 0xf8, 0xf8, 0xf8, 0xff, 0xf8, 0xf8, 0xf0, 0xff,
    0xf8, 0xf4, 0xf0, 0xff, 0xf8, 0xf8, 0xf8, 0xff, 0xf8, 0xf8, 0xf0, 0xff,
    0xf8, 0xf4, 0xf8, 0xff, 0xf8, 0xf8, 0xf8, 0xff, 0xf8, 0xf8, 0xf8, 0xff,
    0xf8, 0xf8, 0xf0, 0xff, 0xf8, 0xf4, 0xf8, 0xff, 0xf8, 0xf8, 0xf0, 0xff,
    0xf8, 0xf8, 0xf0, 0xff, 0xf8, 0xf4, 0xf8, 0xff, 0xf8, 0xf8, 0xf0, 0xff,
    0xf8, 0xf8, 0xf0, 0xff, 0xf8, 0xf4, 0xf8, 0xff, 0xf8, 0xf8, 0xf8, 0xff,
    0xf8, 0xf4, 0xf0, 0xff, 0xf8, 0xf8, 0xf8, 0xff, 0xf8, 0xf8, 0xf8, 0xff,
    0xf8, 0xf8, 0xf0, 0xff, 0xf8, 0xf4, 0xf0, 0xff, 0xf8, 0xf8, 0xf8, 0xff,
    0xf8, 0xf8, 0xf0, 0xff, 0xf8, 0xf8, 0xf8, 0xff, 0xf8, 0xf4, 0xf8, 0xff,
    0xf8, 0xf8, 0xf0, 0xff, 0xf8, 0xf8, 0xf8, 0xff, 0xf8, 0xf4, 0xf0, 0xff,
    0xf8, 0xf0, 0xf0, 0xdf, 0xe0, 0xd4, 0xc8, 0x69, 0x90, 0x48, 0x28, 0x1c,
    0x90, 0x48, 0x28, 0x18, 0x98, 0x50, 0x30, 0x14, 0x98, 0x50, 0x38, 0x14,
    0xa0, 0x60, 0x40, 0x10, 0xa0, 0x5c, 0x48, 0x0c, 0xa8, 0x6c, 0x58, 0x0c,
    0x98, 0x68, 0x48, 0x0c, 0xa8, 0x70, 0x58, 0x08, 0xa0, 0x80, 0x60, 0x08,
    0xa8, 0x80, 0x80, 0x08, 0xa8, 0x80, 0x80, 0x04, 0xa8, 0x80, 0x80, 0x04,
    0xa8, 0x80, 0x80, 0x08, 0x98, 0x98, 0x60, 0x04, 0x98, 0x98, 0x68, 0x04,
    0x98, 0x98, 0x68, 0x04, 0x98, 0x98, 0x68, 0x08, 0xa0, 0x98, 0x68, 0x04,
    0x98, 0x98, 0x68, 0x04, 0x98, 0x9c, 0x68, 0x04, 0xc0, 0x80, 0x80, 0x04,
    0xc0, 0x80, 0x80, 0x04, 0x00, 0x00, 0x00, 0x00, 0x00, 0x00, 0x00, 0x00,
    0x00, 0x00, 0x00, 0x00, 0x00, 0x00, 0x00, 0x00, 0x00, 0x00, 0x00, 0x00,
    0x00, 0x00, 0x00, 0x00, 0x00, 0x00, 0x00, 0x00, 0x00, 0x00, 0x00, 0x00,
    0x00, 0x00, 0x00, 0x00, 0x00, 0x00, 0x00, 0x00, 0x00, 0x00, 0x00, 0x00,
    0x00, 0x00, 0x00, 0x00, 0x00, 0x00, 0x00, 0x00, 0x00, 0x00, 0x00, 0x00,
    0x00, 0x00, 0x00, 0x00, 0x00, 0x00, 0x00, 0x00, 0x00, 0x00, 0x00, 0x00,
    0x00, 0x00, 0x00, 0x00, 0x00, 0x00, 0x00, 0x00, 0x00, 0x00, 0x00, 0x00,
    0x00, 0x00, 0x00, 0x00, 0x00, 0x00, 0x00, 0x00, 0x00, 0x00, 0x00, 0x00,
    0x00, 0x00, 0x00, 0x00, 0x00, 0x00, 0x00, 0x00, 0x00, 0x00, 0x00, 0x00,
    0x00, 0x00, 0x00, 0x00, 0x00, 0x00, 0x00, 0x00, 0x00, 0x00, 0x00, 0x00,
    0x00, 0x00, 0x00, 0x00, 0x00, 0x00, 0x00, 0x00, 0x00, 0x00, 0x00, 0x00,
    0x00, 0x00, 0x00, 0x00, 0x00, 0x00, 0x00, 0x00, 0x00, 0x00, 0x00, 0x00,
    0x00, 0x00, 0x00, 0x00, 0x00, 0x00, 0x00, 0x00, 0x80, 0x00, 0x00, 0x04,
    0x80, 0x40, 0x00, 0x04, 0x68, 0x34, 0x00, 0x04, 0x70, 0x24, 0x00, 0x08,
    0x70, 0x1c, 0x00, 0x08, 0x90, 0x40, 0x20, 0x10, 0xa8, 0x78, 0x60, 0x3c,
    0xa8, 0x74, 0x60, 0x41, 0xa0, 0x70, 0x58, 0x41, 0xa8, 0x78, 0x60, 0x45,
    0xe0, 0xd0, 0xc8, 0x86, 0xf0, 0xec, 0xe8, 0xc3, 0xf8, 0xf8, 0xf8, 0xe7,
    0xf8, 0xfc, 0xf8, 0xfb, 0xf8, 0xfc, 0xf8, 0xff, 0xf8, 0xfc, 0xf8, 0xff,
    0xf8, 0xfc, 0xf8, 0xff, 0xf8, 0xfc, 0xf8, 0xff, 0xf8, 0xfc, 0xf8, 0xff,
    0xf8, 0xfc, 0xf8, 0xff, 0xf8, 0xfc, 0xf8, 0xff, 0xf8, 0xfc, 0xf8, 0xff,
    0xf8, 0xfc, 0xf8, 0xff, 0xf8, 0xfc, 0xf8, 0xff, 0xf8, 0xfc, 0xf8, 0xff,
    0xf8, 0xfc, 0xf8, 0xff, 0xf8, 0xfc, 0xf8, 0xff, 0xf8, 0xfc, 0xf8, 0xff,
    0xf8, 0xfc, 0xf8, 0xff, 0xf8, 0xfc, 0xf8, 0xff, 0xf8, 0xfc, 0xf8, 0xff,
    0xf8, 0xfc, 0xf8, 0xff, 0xf8, 0xfc, 0xf8, 0xff, 0xf8, 0xfc, 0xf8, 0xff,
    0xf8, 0xfc, 0xf8, 0xff, 0xf8, 0xfc, 0xf8, 0xff, 0xf8, 0xfc, 0xf8, 0xff,
    0xf8, 0xfc, 0xf8, 0xff, 0xf8, 0xfc, 0xf8, 0xff, 0xf8, 0xfc, 0xf8, 0xff,
    0xf8, 0xfc, 0xf8, 0xff, 0xf8, 0xfc, 0xf8, 0xff, 0xf8, 0xf8, 0xf8, 0xff,
    0xf8, 0xfc, 0xf8, 0xff, 0xf8, 0xfc, 0xf8, 0xff, 0xf8, 0xfc, 0xf8, 0xff,
    0xf8, 0xfc, 0xf8, 0xff, 0xf8, 0xf8, 0xf8, 0xff, 0xf8, 0xfc, 0xf8, 0xff,
    0xf8, 0xfc, 0xf8, 0xff, 0xf8, 0xfc, 0xf8, 0xff, 0xf8, 0xf8, 0xf8, 0xff,
    0xf8, 0xf8, 0xf8, 0xff, 0xf8, 0xfc, 0xf8, 0xff, 0xf8, 0xf8, 0xf8, 0xff,
    0xf8, 0xf8, 0xf8, 0xff, 0xf8, 0xf8, 0xf8, 0xff, 0xf8, 0xfc, 0xf8, 0xff,
    0xf8, 0xf8, 0xf8, 0xff, 0xf8, 0xfc, 0xf8, 0xff, 0xf8, 0xfc, 0xf8, 0xff,
    0xf8, 0xf8, 0xf8, 0xff, 0xf8, 0xfc, 0xf8, 0xff, 0xf8, 0xf8, 0xf8, 0xff,
    0xf8, 0xf8, 0xf8, 0xff, 0xf8, 0xf8, 0xf8, 0xff, 0xf8, 0xfc, 0xf0, 0xff,
    0xf8, 0xf8, 0xf8, 0xff, 0xf8, 0xf8, 0xf8, 0xff, 0xf8, 0xf8, 0xf8, 0xff,
    0xf8, 0xfc, 0xf8, 0xff, 0xf8, 0xf8, 0xf8, 0xff, 0xf8, 0xf8, 0xf8, 0xff,
    0xf8, 0xf8, 0xf8, 0xff, 0xf8, 0xfc, 0xf0, 0xff, 0xf8, 0xf8, 0xf8, 0xff,
    0xf8, 0xf8, 0xf8, 0xff, 0xf8, 0xf8, 0xf8, 0xff, 0xf8, 0xf8, 0xf8, 0xff,
    0xf8, 0xf8, 0xf8, 0xff, 0xf8, 0xf8, 0xf0, 0xff, 0xf8, 0xf8, 0xf8, 0xff,
    0xf8, 0xf8, 0xf8, 0xff, 0xf8, 0xf8, 0xf0, 0xff, 0xf8, 0xf8, 0xf8, 0xff,
    0xf8, 0xf8, 0xf0, 0xff, 0xf8, 0xf8, 0xf8, 0xff, 0xf8, 0xf8, 0xf0, 0xff,
    0xf8, 0xf8, 0xf8, 0xff, 0xf8, 0xf8, 0xf0, 0xff, 0xf8, 0xf8, 0xf8, 0xff,
    0xf8, 0xf8, 0xf8, 0xff, 0xf8, 0xf8, 0xf0, 0xff, 0xf8, 0xf8, 0xf8, 0xff,
    0xf8, 0xf8, 0xf8, 0xff, 0xf8, 0xf8, 0xf0, 0xff, 0xf8, 0xf8, 0xf8, 0xff,
    0xf8, 0xf4, 0xf0, 0xff, 0xf8, 0xf8, 0xf0, 0xff, 0xf8, 0xf8, 0xf8, 0xff,
    0xf8, 0xf8, 0xf8, 0xff, 0xf8, 0xf4, 0xf0, 0xff, 0xf8, 0xf8, 0xf8, 0xff,
    0xf8, 0xf8, 0xf0, 0xff, 0xf8, 0xf8, 0xf0, 0xff, 0xf8, 0xf8, 0xf8, 0xff,
    0xf8, 0xf4, 0xf0, 0xff, 0xf8, 0xf8, 0xf8, 0xff, 0xf8, 0xf8, 0xf8, 0xff,
    0xf8, 0xf8, 0xf0, 0xff, 0xf8, 0xf4, 0xf8, 0xff, 0xf8, 0xf8, 0xf8, 0xff,
    0xf8, 0xf8, 0xf0, 0xff, 0xf8, 0xf4, 0xf0, 0xff, 0xf8, 0xf8, 0xf8, 0xff,
    0xf8, 0xf8, 0xf0, 0xff, 0xf8, 0xf4, 0xf8, 0xff, 0xf8, 0xf8, 0xf8, 0xff,
    0xf8, 0xf4, 0xf0, 0xff, 0xf8, 0xf8, 0xf8, 0xff, 0xf8, 0xf8, 0xf0, 0xff,
    0xf8, 0xf8, 0xf0, 0xff, 0xf8, 0xf8, 0xf8, 0xff, 0xf8, 0xf4, 0xf8, 0xff,
    0xf8, 0xf8, 0xf0, 0xff, 0xf8, 0xf8, 0xf0, 0xff, 0xf8, 0xf8, 0xf8, 0xff,
    0xf8, 0xf4, 0xf8, 0xff, 0xf8, 0xf8, 0xf0, 0xff, 0xf8, 0xf4, 0xf8, 0xff,
    0xf8, 0xf4, 0xf0, 0xff, 0xf8, 0xf8, 0xf0, 0xff, 0xf8, 0xf8, 0xf8, 0xff,
    0xf8, 0xf8, 0xf0, 0xff, 0xf8, 0xf8, 0xf8, 0xff, 0xf8, 0xf8, 0xf8, 0xff,
    0xf8, 0xf8, 0xf0, 0xff, 0xf8, 0xf4, 0xf8, 0xff, 0xf8, 0xf8, 0xf8, 0xff,
    0xf8, 0xf8, 0xf0, 0xff, 0xf8, 0xf8, 0xf8, 0xff, 0xf8, 0xf4, 0xf8, 0xff,
    0xf8, 0xf8, 0xf0, 0xff, 0xf8, 0xf8, 0xf8, 0xff, 0xf8, 0xf8, 0xf8, 0xff,
    0xf8, 0xf4, 0xf0, 0xff, 0xf8, 0xf8, 0xf8, 0xff, 0xf8, 0xf8, 0xf0, 0xff,
    0xf8, 0xf8, 0xf8, 0xff, 0xf8, 0xf4, 0xf0, 0xff, 0xf8, 0xf4, 0xf0, 0xff,
    0xf8, 0xf8, 0xf8, 0xff, 0xf8, 0xf4, 0xf0, 0xff, 0xf8, 0xf8, 0xf0, 0xff,
    0xf8, 0xf4, 0xf8, 0xff, 0xf8, 0xf4, 0xf0, 0xff, 0xf8, 0xf8, 0xf8, 0xff,
    0xf8, 0xf8, 0xf0, 0xff, 0xf8, 0xf4, 0xf8, 0xff, 0xf8, 0xf4, 0xf0, 0xff,
    0xf8, 0xf8, 0xf0, 0xff, 0xf8, 0xf8, 0xf8, 0xff, 0xf8, 0xf4, 0xf8, 0xff,
    0xf8, 0xf8, 0xf0, 0xff, 0xf8, 0xf4, 0xf8, 0xff, 0xf8, 0xf4, 0xf0, 0xff,
    0xf8, 0xf8, 0xf8, 0xff, 0xf8, 0xf8, 0xf8, 0xff, 0xf8, 0xf8, 0xf0, 0xff,
    0xf8, 0xf4, 0xf8, 0xff, 0xf8, 0xf8, 0xf8, 0xff, 0xf8, 0xf8, 0xf0, 0xff,
    0xf8, 0xf8, 0xf8, 0xff, 0xf8, 0xf4, 0xf0, 0xff, 0xf8, 0xf8, 0xf0, 0xff,
    0xf8, 0xf8, 0xf0, 0xff, 0xf8, 0xf4, 0xf8, 0xff, 0xf8, 0xf8, 0xf0, 0xff,
    0xf8, 0xf8, 0xf8, 0xff, 0xf8, 0xf8, 0xf8, 0xff, 0xf8, 0xf8, 0xf0, 0xff,
    0xf8, 0xf8, 0xf8, 0xff, 0xf8, 0xf4, 0xf8, 0xff, 0xf8, 0xf8, 0xf0, 0xff,
    0xf8, 0xf8, 0xf0, 0xff, 0xf8, 0xf4, 0xf8, 0xff, 0xf8, 0xf8, 0xf0, 0xff,
    0xf8, 0xf8, 0xf0, 0xff, 0xf8, 0xf4, 0xf8, 0xff, 0xf8, 0xf8, 0xf0, 0xff,
    0xf8, 0xf8, 0xf8, 0xff, 0xf8, 0xf8, 0xf8, 0xff, 0xf8, 0xf4, 0xf0, 0xff,
    0xf8, 0xf8, 0xf0, 0xff, 0xf8, 0xf8, 0xf0, 0xff, 0xf8, 0xf4, 0xf0, 0xfb,
    0xf8, 0xf4, 0xf0, 0xe3, 0xf0, 0xec, 0xe8, 0xb6, 0xe8, 0xd8, 0xd0, 0x71,
    0xa0, 0x68, 0x48, 0x24, 0x90, 0x40, 0x28, 0x1c, 0x90, 0x48, 0x28, 0x18,
    0x98, 0x50, 0x30, 0x18, 0x98, 0x4c, 0x30, 0x14, 0x98, 0x5c, 0x38, 0x10,
    0x98, 0x54, 0x40, 0x10, 0xa0, 0x60, 0x50, 0x0c, 0xa0, 0x5c, 0x48, 0x0c,
    0xa8, 0x70, 0x50, 0x08, 0xb8, 0x6c, 0x70, 0x08, 0xb8, 0x6c, 0x70, 0x08,
    0xa8, 0x80, 0x80, 0x04, 0x98, 0x98, 0x60, 0x04, 0x98, 0x98, 0x68, 0x04,
    0x98, 0x98, 0x68, 0x04, 0x98, 0x98, 0x68, 0x04, 0x98, 0x98, 0x68, 0x04,
    0x98, 0x98, 0x60, 0x04, 0x98, 0x98, 0x60, 0x08, 0x98, 0x9c, 0x68, 0x04,
    0x98, 0x98, 0x60, 0x04, 0xc0, 0x80, 0x80, 0x04, 0xc0, 0x80, 0x80, 0x04,
    0xc0, 0x80, 0x80, 0x04, 0xf8, 0xfc, 0x00, 0x00, 0x00, 0x00, 0x00, 0x00,
    0x00, 0x00, 0x00, 0x00, 0x00, 0x00, 0x00, 0x00, 0x00, 0x00, 0x00, 0x00,
    0x00, 0x00, 0x00, 0x00, 0x00, 0x00, 0x00, 0x00, 0x00, 0x00, 0x00, 0x00,
    0x00, 0x00, 0x00, 0x00, 0x00, 0x00, 0x00, 0x00, 0x00, 0x00, 0x00, 0x00,
    0x00, 0x00, 0x00, 0x00, 0x00, 0x00, 0x00, 0x00, 0x00, 0x00, 0x00, 0x00,
    0x00, 0x00, 0x00, 0x00, 0x00, 0x00, 0x00, 0x00, 0x00, 0x00, 0x00, 0x00,
    0x00, 0x00, 0x00, 0x00, 0x00, 0x00, 0x00, 0x00, 0x00, 0x00, 0x00, 0x00,
    0x00, 0x00, 0x00, 0x00, 0x00, 0x00, 0x00, 0x00, 0x00, 0x00, 0x00, 0x00,
    0x00, 0x00, 0x00, 0x00, 0x00, 0x00, 0x00, 0x00, 0x00, 0x00, 0x00, 0x00,
    0x00, 0x00, 0x00, 0x00, 0x00, 0x00, 0x00, 0x00, 0x00, 0x00, 0x00, 0x00,
    0x00, 0x00, 0x00, 0x00, 0x00, 0x00, 0x00, 0x00, 0x00, 0x00, 0x00, 0x00,
    0x00, 0x00, 0x00, 0x00, 0x00, 0x00, 0x00, 0x00, 0x00, 0x00, 0x00, 0x00,
    0x00, 0x00, 0x00, 0x00, 0x00, 0x00, 0x00, 0x00, 0x80, 0x00, 0x00, 0x04,
    0x50, 0x00, 0x00, 0x04, 0x80, 0x40, 0x00, 0x04, 0x80, 0x28, 0x00, 0x04,
    0x80, 0x20, 0x00, 0x08, 0x80, 0x18, 0x00, 0x08, 0xa8, 0x78, 0x58, 0x30,
    0xa8, 0x78, 0x58, 0x38, 0xa8, 0x74, 0x58, 0x3c, 0xa0, 0x70, 0x58, 0x3c,
    0xa8, 0x70, 0x50, 0x3c, 0xa0, 0x6c, 0x50, 0x41, 0xa0, 0x6c, 0x50, 0x41,
    0xa0, 0x68, 0x48, 0x3c, 0xa0, 0x68, 0x48, 0x41, 0xa0, 0x68, 0x50, 0x41,
    0xa0, 0x68, 0x48, 0x41, 0xa0, 0x68, 0x48, 0x41, 0xa0, 0x68, 0x50, 0x41,
    0xa0, 0x64, 0x50, 0x41, 0xa0, 0x64, 0x48, 0x41, 0xa0, 0x64, 0x50, 0x3c,
    0xa0, 0x64, 0x50, 0x41, 0xa0, 0x64, 0x48, 0x41, 0x98, 0x64, 0x50, 0x41,
    0xa0, 0x64, 0x50, 0x41, 0xa0, 0x68, 0x48, 0x41, 0xa0, 0x68, 0x48, 0x41,
    0xa0, 0x64, 0x50, 0x41, 0x98, 0x64, 0x50, 0x41, 0xa0, 0x64, 0x48, 0x41,
    0xa0, 0x64, 0x50, 0x41, 0x98, 0x64, 0x50, 0x41, 0xa0, 0x68, 0x48, 0x41,
    0xa0, 0x68, 0x48, 0x41, 0xa0, 0x68, 0x50, 0x41, 0xa0, 0x68, 0x48, 0x41,
    0xa0, 0x68, 0x48, 0x41, 0xa0, 0x68, 0x50, 0x41, 0xa0, 0x6c, 0x50, 0x41,
    0xa0, 0x68, 0x50, 0x41, 0xa0, 0x68, 0x50, 0x41, 0xa0, 0x68, 0x50, 0x41,
    0xa0, 0x68, 0x48, 0x41, 0xa0, 0x68, 0x50, 0x41, 0xa0, 0x68, 0x50, 0x41,
    0xa0, 0x68, 0x48, 0x41, 0xa0, 0x68, 0x50, 0x41, 0xa0, 0x68, 0x50, 0x41,
    0xa0, 0x6c, 0x50, 0x45, 0xa0, 0x6c, 0x50, 0x45, 0xa0, 0x6c, 0x50, 0x41,
    0xa0, 0x6c, 0x50, 0x45, 0xa0, 0x6c, 0x50, 0x45, 0xa0, 0x68, 0x50, 0x41,
    0xa0, 0x6c, 0x50, 0x45, 0xa0, 0x68, 0x50, 0x41, 0xa0, 0x6c, 0x50, 0x45,
    0xa0, 0x6c, 0x50, 0x45, 0xa0, 0x6c, 0x50, 0x41, 0xa0, 0x6c, 0x50, 0x45,
    0xa0, 0x6c, 0x50, 0x45, 0xa0, 0x6c, 0x50, 0x41, 0xa0, 0x68, 0x48, 0x41,
    0xa0, 0x6c, 0x50, 0x45, 0xa0, 0x6c, 0x50, 0x45, 0xa0, 0x68, 0x48, 0x41,
    0xa0, 0x68, 0x48, 0x41, 0xa0, 0x68, 0x48, 0x41, 0xa0, 0x6c, 0x50, 0x45,
    0xa0, 0x68, 0x48, 0x41, 0xa0, 0x68, 0x48, 0x41, 0xa0, 0x68, 0x48, 0x41,
    0xa0, 0x6c, 0x50, 0x41, 0xa0, 0x6c, 0x50, 0x41, 0xa0, 0x68, 0x48, 0x41,
    0x98, 0x68, 0x48, 0x41, 0xa0, 0x6c, 0x50, 0x41, 0xa0, 0x6c, 0x50, 0x41,
    0xa0, 0x6c, 0x48, 0x41, 0xa0, 0x68, 0x48, 0x41, 0x98, 0x68, 0x50, 0x41,
    0x98, 0x64, 0x50, 0x41, 0xa0, 0x68, 0x48, 0x41, 0x98, 0x64, 0x50, 0x41,
    0x98, 0x64, 0x50, 0x41, 0xa0, 0x68, 0x48, 0x3c, 0xa0, 0x68, 0x48, 0x41,
    0xa0, 0x68, 0x48, 0x41, 0x98, 0x64, 0x48, 0x3c, 0xa0, 0x64, 0x48, 0x3c,
    0xa0, 0x64, 0x48, 0x3c, 0x98, 0x68, 0x48, 0x3c, 0xa0, 0x64, 0x48, 0x3c,
    0xa0, 0x64, 0x48, 0x3c, 0xa0, 0x64, 0x48, 0x3c, 0xa0, 0x64, 0x48, 0x3c,
    0x98, 0x64, 0x48, 0x3c, 0xa0, 0x64, 0x48, 0x3c, 0xa0, 0x64, 0x48, 0x3c,
    0x98, 0x64, 0x48, 0x3c, 0x98, 0x64, 0x48, 0x38, 0xa0, 0x64, 0x48, 0x3c,
    0x98, 0x60, 0x48, 0x38, 0x98, 0x64, 0x48, 0x3c, 0x98, 0x60, 0x48, 0x38,
    0x98, 0x60, 0x48, 0x38, 0x98, 0x60, 0x48, 0x38, 0xa0, 0x60, 0x40, 0x38,
    0xa0, 0x60, 0x48, 0x38, 0x98, 0x60, 0x48, 0x38, 0x98, 0x60, 0x48, 0x38,
    0xa0, 0x60, 0x48, 0x38, 0x98, 0x5c, 0x40, 0x38, 0x98, 0x5c, 0x40, 0x38,
    0xa0, 0x60, 0x40, 0x34, 0xa0, 0x60, 0x40, 0x34, 0x98, 0x60, 0x40, 0x34,
    0x98, 0x5c, 0x40, 0x34, 0x98, 0x5c, 0x40, 0x34, 0x98, 0x5c, 0x40, 0x34,
    0x98, 0x60, 0x40, 0x34, 0x98, 0x60, 0x40, 0x34, 0x98, 0x5c, 0x40, 0x34,
    0x98, 0x5c, 0x40, 0x34, 0x98, 0x5c, 0x40, 0x30, 0x98, 0x5c, 0x40, 0x30,
    0x98, 0x5c, 0x38, 0x30, 0x98, 0x58, 0x38, 0x30, 0x98, 0x58, 0x38, 0x30,
    0x98, 0x5c, 0x38, 0x30, 0x98, 0x58, 0x38, 0x30, 0x98, 0x58, 0x38, 0x30,
    0x98, 0x58, 0x38, 0x30, 0x98, 0x54, 0x38, 0x30, 0x98, 0x58, 0x40, 0x30,
    0x98, 0x58, 0x40, 0x30, 0x98, 0x54, 0x38, 0x2c, 0x98, 0x54, 0x38, 0x2c,
    0x98, 0x58, 0x40, 0x30, 0x98, 0x54, 0x38, 0x2c, 0x98, 0x54, 0x38, 0x2c,
    0x90, 0x58, 0x38, 0x2c, 0x98, 0x58, 0x38, 0x2c, 0x98, 0x54, 0x38, 0x2c,
    0x90, 0x58, 0x38, 0x2c, 0x98, 0x58, 0x38, 0x2c, 0x90, 0x54, 0x38, 0x2c,
    0x90, 0x54, 0x38, 0x2c, 0x90, 0x54, 0x38, 0x2c, 0x98, 0x54, 0x38, 0x2c,
    0x98, 0x54, 0x38, 0x2c, 0x98, 0x54, 0x38, 0x28, 0x98, 0x54, 0x38, 0x2c,
    0x98, 0x54, 0x38, 0x2c, 0x98, 0x54, 0x38, 0x28, 0x90, 0x50, 0x30, 0x28,
    0x90, 0x50, 0x30, 0x28, 0x90, 0x54, 0x30, 0x28, 0x90, 0x54, 0x38, 0x28,
    0x90, 0x54, 0x30, 0x28, 0x90, 0x4c, 0x30, 0x28, 0x90, 0x54, 0x30, 0x28,
    0x90, 0x54, 0x30, 0x28, 0x90, 0x54, 0x38, 0x28, 0x90, 0x54, 0x30, 0x28,
    0x90, 0x4c, 0x30, 0x28, 0x98, 0x4c, 0x30, 0x28, 0x90, 0x54, 0x30, 0x28,
    0x90, 0x4c, 0x30, 0x28, 0x90, 0x4c, 0x30, 0x28, 0x90, 0x48, 0x30, 0x28,
    0x90, 0x48, 0x30, 0x28, 0x90, 0x48, 0x30, 0x24, 0x90, 0x4c, 0x30, 0x28,
    0x90, 0x48, 0x30, 0x28, 0x90, 0x48, 0x30, 0x24, 0x90, 0x48, 0x30, 0x28,
    0x90, 0x48, 0x30, 0x28, 0x90, 0x48, 0x30, 0x24, 0x90, 0x4c, 0x28, 0x24,
    0x90, 0x4c, 0x28, 0x24, 0x90, 0x4c, 0x28, 0x24, 0x90, 0x4c, 0x28, 0x24,
    0x90, 0x4c, 0x28, 0x24, 0x90, 0x4c, 0x28, 0x24, 0x88, 0x48, 0x28, 0x24,
    0x88, 0x48, 0x28, 0x24, 0x90, 0x48, 0x28, 0x24, 0x90, 0x48, 0x28, 0x24,
    0x90, 0x48, 0x20, 0x24, 0x90, 0x48, 0x28, 0x24, 0x88, 0x44, 0x28, 0x24,
    0x88, 0x44, 0x28, 0x24, 0x90, 0x44, 0x28, 0x20, 0x90, 0x44, 0x28, 0x20,
    0x88, 0x40, 0x20, 0x20, 0x90, 0x44, 0x20, 0x20, 0x90, 0x40, 0x28, 0x1c,
    0x90, 0x44, 0x28, 0x18, 0x98, 0x4c, 0x28, 0x18, 0x98, 0x50, 0x30, 0x18,
    0x98, 0x4c, 0x30, 0x14, 0x98, 0x54, 0x38, 0x10, 0xa0, 0x60, 0x40, 0x10,
    0xa0, 0x64, 0x38, 0x0c, 0xa0, 0x5c, 0x48, 0x0c, 0x98, 0x68, 0x48, 0x0c,
    0xa0, 0x80, 0x60, 0x08, 0xb8, 0x6c, 0x70, 0x08, 0xb8, 0x6c, 0x68, 0x08,
    0xa8, 0x80, 0x80, 0x08, 0x98, 0x98, 0x68, 0x04, 0x98, 0x98, 0x60, 0x04,
    0x98, 0x98, 0x68, 0x08, 0xa0, 0x98, 0x68, 0x04, 0x98, 0x98, 0x68, 0x04,
    0x98, 0x98, 0x68, 0x08, 0xa0, 0x9c, 0x68, 0x04, 0xc0, 0x80, 0x80, 0x04,
    0xc0, 0x80, 0x80, 0x04, 0xc0, 0x80, 0x80, 0x04, 0xc0, 0x80, 0x80, 0x04,
    0xc0, 0x7c, 0x80, 0x04, 0x80, 0x80, 0x80, 0x04, 0x00, 0x00, 0x00, 0x00,
    0x00, 0x00, 0x00, 0x00, 0x00, 0x00, 0x00, 0x00, 0x00, 0x00, 0x00, 0x00,
    0x00, 0x00, 0x00, 0x00, 0x00, 0x00, 0x00, 0x00, 0x00, 0x00, 0x00, 0x00,
    0x00, 0x00, 0x00, 0x00, 0x00, 0x00, 0x00, 0x00, 0x00, 0x00, 0x00, 0x00,
    0x00, 0x00, 0x00, 0x00, 0x00, 0x00, 0x00, 0x00, 0x00, 0x00, 0x00, 0x00,
    0x00, 0x00, 0x00, 0x00, 0x00, 0x00, 0x00, 0x00, 0x00, 0x00, 0x00, 0x00,
    0x00, 0x00, 0x00, 0x00, 0x00, 0x00, 0x00, 0x00, 0x00, 0x00, 0x00, 0x00,
    0x00, 0x00, 0x00, 0x00, 0x00, 0x00, 0x00, 0x00, 0x00, 0x00, 0x00, 0x00,
    0x00, 0x00, 0x00, 0x00, 0x00, 0x00, 0x00, 0x00, 0x00, 0x00, 0x00, 0x00,
    0x00, 0x00, 0x00, 0x00, 0x00, 0x00, 0x00, 0x00, 0x00, 0x00, 0x00, 0x00,
    0x00, 0x00, 0x00, 0x00, 0x00, 0x00, 0x00, 0x00, 0x00, 0x00, 0x00, 0x00,
    0x00, 0x00, 0x00, 0x00, 0x00, 0x00, 0x00, 0x00, 0x00, 0x00, 0x00, 0x00,
    0x00, 0x00, 0x00, 0x00, 0x00, 0x00, 0x00, 0x00, 0x00, 0x00, 0x00, 0x00,
    0x80, 0x00, 0x00, 0x00, 0x50, 0x00, 0x00, 0x04, 0x68, 0x34, 0x00, 0x04,
    0x80, 0x28, 0x00, 0x08, 0x80, 0x20, 0x00, 0x08, 0xa8, 0x70, 0x58, 0x20,
    0xa8, 0x78, 0x60, 0x38, 0xa8, 0x74, 0x60, 0x38, 0xa0, 0x70, 0x58, 0x38,
    0xa0, 0x70, 0x58, 0x38, 0xa8, 0x70, 0x58, 0x3c, 0xa8, 0x6c, 0x50, 0x3c,
    0xa0, 0x6c, 0x50, 0x3c, 0xa0, 0x68, 0x50, 0x3c, 0xa0, 0x6c, 0x50, 0x3c,
    0xa0, 0x6c, 0x50, 0x3c, 0xa0, 0x68, 0x50, 0x3c, 0xa0, 0x6c, 0x50, 0x3c,
    0xa0, 0x6c, 0x48, 0x3c, 0xa0, 0x68, 0x50, 0x38, 0xa0, 0x6c, 0x48, 0x3c,
    0xa0, 0x6c, 0x48, 0x3c, 0xa0, 0x68, 0x50, 0x38, 0xa0, 0x68, 0x50, 0x38,
    0xa0, 0x68, 0x50, 0x3c, 0xa0, 0x68, 0x50, 0x38, 0xa0, 0x68, 0x50, 0x3c,
    0xa0, 0x68, 0x50, 0x38, 0xa0, 0x68, 0x50, 0x38, 0xa0, 0x6c, 0x48, 0x3c,
    0xa0, 0x68, 0x50, 0x38, 0xa0, 0x68, 0x50, 0x3c, 0xa0, 0x6c, 0x48, 0x3c,
    0xa0, 0x68, 0x50, 0x3c, 0xa0, 0x68, 0x50, 0x3c, 0xa0, 0x6c, 0x50, 0x3c,
    0xa0, 0x68, 0x48, 0x3c, 0xa0, 0x68, 0x50, 0x3c, 0xa0, 0x68, 0x50, 0x3c,
    0xa0, 0x68, 0x50, 0x3c, 0xa0, 0x68, 0x50, 0x3c, 0xa0, 0x68, 0x50, 0x3c,
    0xa0, 0x68, 0x50, 0x3c, 0xa0, 0x68, 0x50, 0x41, 0xa0, 0x68, 0x50, 0x3c,
    0xa0, 0x6c, 0x50, 0x41, 0xa0, 0x68, 0x50, 0x3c, 0xa0, 0x68, 0x50, 0x41,
    0xa0, 0x68, 0x50, 0x3c, 0xa0, 0x6c, 0x50, 0x3c, 0xa0, 0x68, 0x50, 0x41,
    0xa0, 0x6c, 0x50, 0x3c, 0xa0, 0x68, 0x50, 0x41, 0xa0, 0x68, 0x50, 0x41,
    0xa0, 0x68, 0x50, 0x41, 0xa0, 0x6c, 0x50, 0x3c, 0xa0, 0x68, 0x50, 0x41,
    0xa0, 0x68, 0x50, 0x41, 0xa0, 0x68, 0x50, 0x41, 0xa0, 0x68, 0x50, 0x41,
    0xa0, 0x6c, 0x50, 0x41, 0xa0, 0x6c, 0x50, 0x41, 0xa0, 0x6c, 0x50, 0x41,
    0xa0, 0x68, 0x50, 0x41, 0xa0, 0x68, 0x50, 0x41, 0xa0, 0x6c, 0x50, 0x3c,
    0xa0, 0x6c, 0x50, 0x41, 0xa0, 0x68, 0x50, 0x41, 0xa0, 0x6c, 0x50, 0x3c,
    0xa0, 0x68, 0x50, 0x41, 0xa0, 0x6c, 0x50, 0x41, 0xa0, 0x68, 0x50, 0x41,
    0xa0, 0x6c, 0x50, 0x41, 0xa0, 0x68, 0x50, 0x3c, 0xa0, 0x68, 0x50, 0x3c,
    0xa0, 0x68, 0x50, 0x3c, 0xa0, 0x68, 0x50, 0x3c, 0xa0, 0x68, 0x50, 0x3c,
    0xa0, 0x68, 0x50, 0x3c, 0xa0, 0x68, 0x50, 0x3c, 0xa0, 0x68, 0x50, 0x3c,
    0xa0, 0x6c, 0x48, 0x3c, 0xa0, 0x68, 0x50, 0x3c, 0xa0, 0x68, 0x50, 0x3c,
    0xa0, 0x68, 0x50, 0x3c, 0xa0, 0x68, 0x50, 0x3c, 0xa0, 0x68, 0x50, 0x3c,
    0xa0, 0x68, 0x50, 0x3c, 0xa0, 0x68, 0x50, 0x3c, 0xa0, 0x68, 0x50, 0x3c,
    0xa0, 0x68, 0x50, 0x3c, 0xa0, 0x68, 0x48, 0x38, 0xa0, 0x68, 0x50, 0x38,
    0xa0, 0x68, 0x48, 0x38, 0xa0, 0x64, 0x50, 0x38, 0xa0, 0x68, 0x48, 0x38,
    0xa0, 0x68, 0x50, 0x38, 0xa0, 0x64, 0x48, 0x38, 0xa0, 0x64, 0x48, 0x38,
    0xa0, 0x64, 0x48, 0x38, 0xa0, 0x64, 0x48, 0x38, 0xa0, 0x64, 0x48, 0x38,
    0xa0, 0x68, 0x48, 0x38, 0xa0, 0x64, 0x48, 0x38, 0xa0, 0x64, 0x48, 0x38,
    0xa0, 0x64, 0x48, 0x38, 0xa0, 0x64, 0x48, 0x38, 0xa0, 0x64, 0x48, 0x34,
    0xa0, 0x64, 0x48, 0x34, 0x98, 0x64, 0x40, 0x34, 0xa0, 0x60, 0x48, 0x34,
    0xa0, 0x64, 0x48, 0x34, 0xa0, 0x64, 0x48, 0x34, 0xa0, 0x64, 0x48, 0x34,
    0xa0, 0x60, 0x48, 0x30, 0x98, 0x60, 0x48, 0x34, 0xa0, 0x60, 0x48, 0x34,
    0xa0, 0x60, 0x48, 0x30, 0x98, 0x5c, 0x48, 0x30, 0x98, 0x60, 0x48, 0x30,
    0x98, 0x60, 0x48, 0x30, 0x98, 0x60, 0x48, 0x30, 0x98, 0x60, 0x48, 0x30,
    0x98, 0x60, 0x48, 0x30, 0x98, 0x5c, 0x40, 0x30, 0xa0, 0x5c, 0x40, 0x30,
    0x98, 0x5c, 0x40, 0x30, 0xa0, 0x5c, 0x40, 0x30, 0x98, 0x60, 0x40, 0x30,
    0x98, 0x5c, 0x40, 0x2c, 0x98, 0x5c, 0x40, 0x2c, 0x98, 0x5c, 0x40, 0x2c,
    0x98, 0x5c, 0x40, 0x2c, 0x98, 0x5c, 0x40, 0x2c, 0x98, 0x5c, 0x40, 0x2c,
    0x98, 0x58, 0x38, 0x2c, 0x98, 0x54, 0x40, 0x28, 0x98, 0x54, 0x38, 0x2c,
    0x98, 0x54, 0x40, 0x2c, 0x98, 0x54, 0x40, 0x2c, 0x90, 0x58, 0x38, 0x28,
    0x98, 0x58, 0x38, 0x28, 0x98, 0x54, 0x40, 0x2c, 0x98, 0x54, 0x40, 0x2c,
    0x90, 0x58, 0x38, 0x28, 0x98, 0x58, 0x38, 0x28, 0x98, 0x54, 0x38, 0x28,
    0x98, 0x54, 0x38, 0x28, 0x98, 0x54, 0x38, 0x28, 0x98, 0x54, 0x38, 0x28,
    0x98, 0x54, 0x38, 0x28, 0x90, 0x54, 0x38, 0x28, 0x90, 0x54, 0x30, 0x28,
    0x98, 0x54, 0x30, 0x28, 0x98, 0x54, 0x38, 0x28, 0x98, 0x54, 0x38, 0x28,
    0x90, 0x50, 0x38, 0x28, 0x90, 0x50, 0x38, 0x28, 0x98, 0x50, 0x38, 0x28,
    0x90, 0x50, 0x38, 0x24, 0x98, 0x50, 0x38, 0x28, 0x98, 0x54, 0x30, 0x24,
    0x90, 0x50, 0x38, 0x28, 0x98, 0x50, 0x38, 0x28, 0x90, 0x50, 0x38, 0x24,
    0x90, 0x50, 0x38, 0x28, 0x98, 0x54, 0x30, 0x24, 0x98, 0x54, 0x30, 0x24,
    0x98, 0x54, 0x30, 0x24, 0x98, 0x54, 0x30, 0x24, 0x98, 0x54, 0x30, 0x24,
    0x98, 0x54, 0x30, 0x24, 0x98, 0x50, 0x30, 0x24, 0x90, 0x50, 0x30, 0x24,
    0x90, 0x50, 0x28, 0x24, 0x90, 0x50, 0x28, 0x24, 0x90, 0x50, 0x28, 0x24,
    0x90, 0x50, 0x28, 0x24, 0x90, 0x50, 0x30, 0x24, 0x90, 0x50, 0x28, 0x24,
    0x90, 0x50, 0x30, 0x24, 0x90, 0x4c, 0x30, 0x24, 0x88, 0x4c, 0x30, 0x24,
    0x90, 0x4c, 0x30, 0x24, 0x90, 0x44, 0x28, 0x20, 0x90, 0x44, 0x28, 0x20,
    0x90, 0x44, 0x28, 0x20, 0x90, 0x44, 0x28, 0x20, 0x90, 0x48, 0x28, 0x20,
    0x90, 0x48, 0x28, 0x20, 0x90, 0x48, 0x28, 0x20, 0x98, 0x48, 0x28, 0x20,
    0x90, 0x44, 0x20, 0x1c, 0x90, 0x44, 0x20, 0x20, 0x90, 0x44, 0x28, 0x1c,
    0x90, 0x48, 0x28, 0x1c, 0x90, 0x44, 0x28, 0x1c, 0x90, 0x48, 0x28, 0x18,
    0x90, 0x50, 0x28, 0x18, 0x98, 0x50, 0x30, 0x14, 0x98, 0x4c, 0x30, 0x14,
    0x98, 0x4c, 0x30, 0x10, 0x98, 0x54, 0x38, 0x10, 0x98, 0x64, 0x38, 0x0c,
    0x98, 0x6c, 0x40, 0x0c, 0x98, 0x64, 0x50, 0x0c, 0xa0, 0x80, 0x60, 0x08,
    0xb8, 0x6c, 0x70, 0x08, 0xb8, 0x6c, 0x68, 0x04, 0xa8, 0x80, 0x80, 0x04,
    0x98, 0x98, 0x68, 0x04, 0x98, 0x98, 0x68, 0x04, 0x98, 0x98, 0x68, 0x08,
    0x98, 0x9c, 0x60, 0x04, 0x98, 0x98, 0x60, 0x04, 0xc0, 0x80, 0x80, 0x04,
    0xc0, 0x80, 0x80, 0x04, 0xc0, 0x80, 0x80, 0x04, 0xc0, 0x80, 0x80, 0x04,
    0xc0, 0x80, 0x80, 0x04, 0xa8, 0xa8, 0x50, 0x04, 0xa8, 0xa8, 0x50, 0x04,
    0xa8, 0xa8, 0x50, 0x04, 0xa8, 0xa8, 0x50, 0x04, 0x00, 0x00, 0x00, 0x00,
    0x00, 0x00, 0x00, 0x00, 0x00, 0x00, 0x00, 0x00, 0x00, 0x00, 0x00, 0x00,
    0x00, 0x00, 0x00, 0x00, 0x00, 0x00, 0x00, 0x00, 0x00, 0x00, 0x00, 0x00,
    0x00, 0x00, 0x00, 0x00, 0x00, 0x00, 0x00, 0x00, 0x00, 0x00, 0x00, 0x00,
    0x00, 0x00, 0x00, 0x00, 0x00, 0x00, 0x00, 0x00, 0x00, 0x00, 0x00, 0x00,
    0x00, 0x00, 0x00, 0x00, 0x00, 0x00, 0x00, 0x00, 0x00, 0x00, 0x00, 0x00,
    0x00, 0x00, 0x00, 0x00, 0x00, 0x00, 0x00, 0x00, 0x00, 0x00, 0x00, 0x00,
    0x00, 0x00, 0x00, 0x00, 0x00, 0x00, 0x00, 0x00, 0x00, 0x00, 0x00, 0x00,
    0x00, 0x00, 0x00, 0x00, 0x00, 0x00, 0x00, 0x00, 0x00, 0x00, 0x00, 0x00,
    0x00, 0x00, 0x00, 0x00, 0x00, 0x00, 0x00, 0x00, 0x00, 0x00, 0x00, 0x00,
    0x00, 0x00, 0x00, 0x00, 0x00, 0x00, 0x00, 0x00, 0x00, 0x00, 0x00, 0x00,
    0x00, 0x00, 0x00, 0x00, 0x00, 0x00, 0x00, 0x00, 0x00, 0x00, 0x00, 0x00,
    0x00, 0x00, 0x00, 0x00, 0x00, 0x00, 0x00, 0x00, 0x00, 0x00, 0x00, 0x00,
    0x80, 0x00, 0x00, 0x04, 0x80, 0x00, 0x00, 0x04, 0x50, 0x00, 0x00, 0x04,
    0x68, 0x34, 0x00, 0x04, 0x80, 0x28, 0x00, 0x04, 0x90, 0x58, 0x40, 0x10,
    0xa8, 0x7c, 0x68, 0x34, 0xa8, 0x7c, 0x60, 0x34, 0xa8, 0x74, 0x60, 0x34,
    0xa8, 0x78, 0x58, 0x34, 0xa8, 0x74, 0x58, 0x38, 0xa8, 0x70, 0x58, 0x38,
    0xa0, 0x70, 0x58, 0x38, 0xa0, 0x70, 0x50, 0x34, 0xa0, 0x6c, 0x58, 0x38,
    0xa0, 0x6c, 0x58, 0x34, 0xa0, 0x6c, 0x50, 0x34, 0xa0, 0x6c, 0x50, 0x38,
    0xa0, 0x6c, 0x50, 0x34, 0xa0, 0x6c, 0x50, 0x34, 0xa0, 0x6c, 0x50, 0x38,
    0xa0, 0x6c, 0x50, 0x34, 0xa0, 0x6c, 0x50, 0x38, 0xa0, 0x6c, 0x50, 0x34,
    0xa0, 0x6c, 0x50, 0x34, 0xa0, 0x6c, 0x50, 0x34, 0xa0, 0x6c, 0x50, 0x38,
    0xa0, 0x6c, 0x50, 0x34, 0xa0, 0x6c, 0x50, 0x34, 0xa0, 0x6c, 0x50, 0x38,
    0xa0, 0x6c, 0x50, 0x38, 0xa0, 0x6c, 0x50, 0x34, 0xa0, 0x6c, 0x50, 0x38,
    0xa0, 0x6c, 0x50, 0x38, 0xa0, 0x6c, 0x50, 0x38, 0xa0, 0x6c, 0x50, 0x38,
    0xa0, 0x6c, 0x58, 0x38, 0xa0, 0x6c, 0x50, 0x38, 0xa0, 0x6c, 0x50, 0x38,
    0xa0, 0x6c, 0x50, 0x38, 0xa0, 0x6c, 0x50, 0x38, 0xa0, 0x6c, 0x50, 0x38,
    0xa0, 0x6c, 0x50, 0x38, 0xa0, 0x6c, 0x50, 0x38, 0xa0, 0x70, 0x58, 0x38,
    0xa0, 0x6c, 0x50, 0x38, 0xa0, 0x70, 0x50, 0x38, 0xa0, 0x6c, 0x50, 0x38,
    0xa0, 0x6c, 0x50, 0x38, 0xa0, 0x70, 0x50, 0x38, 0xa0, 0x6c, 0x50, 0x38,
    0xa0, 0x6c, 0x50, 0x38, 0xa0, 0x70, 0x58, 0x38, 0xa0, 0x70, 0x50, 0x38,
    0xa0, 0x70, 0x50, 0x38, 0xa0, 0x6c, 0x50, 0x38, 0xa0, 0x6c, 0x50, 0x38,
    0xa0, 0x70, 0x50, 0x38, 0xa0, 0x6c, 0x50, 0x38, 0xa0, 0x70, 0x58, 0x3c,
    0xa0, 0x6c, 0x50, 0x38, 0xa0, 0x6c, 0x50, 0x38, 0xa8, 0x70, 0x58, 0x3c,
    0xa0, 0x70, 0x58, 0x3c, 0xa0, 0x70, 0x58, 0x38, 0xa0, 0x70, 0x50, 0x38,
    0xa0, 0x70, 0x50, 0x3c, 0xa0, 0x70, 0x58, 0x38, 0xa0, 0x70, 0x50, 0x38,
    0xa0, 0x70, 0x50, 0x3c, 0xa8, 0x6c, 0x58, 0x3c, 0xa0, 0x70, 0x50, 0x38,
    0xa0, 0x6c, 0x50, 0x3c, 0xa0, 0x70, 0x50, 0x3c, 0xa0, 0x6c, 0x50, 0x38,
    0xa0, 0x70, 0x58, 0x38, 0xa0, 0x70, 0x50, 0x3c, 0xa0, 0x6c, 0x50, 0x3c,
    0xa0, 0x6c, 0x50, 0x3c, 0xa0, 0x70, 0x58, 0x38, 0xa0, 0x6c, 0x50, 0x38,
    0xa8, 0x6c, 0x50, 0x38, 0xa0, 0x6c, 0x50, 0x34, 0xa0, 0x6c, 0x50, 0x34,
    0xa0, 0x6c, 0x50, 0x38, 0xa0, 0x6c, 0x50, 0x34, 0xa0, 0x6c, 0x50, 0x34,
    0xa0, 0x6c, 0x50, 0x38, 0xa0, 0x6c, 0x50, 0x38, 0xa0, 0x6c, 0x58, 0x38,
    0xa0, 0x68, 0x50, 0x34, 0xa0, 0x68, 0x50, 0x34, 0xa0, 0x68, 0x50, 0x34,
    0xa0, 0x68, 0x50, 0x34, 0xa0, 0x6c, 0x50, 0x34, 0xa0, 0x6c, 0x50, 0x34,
    0xa0, 0x6c, 0x50, 0x34, 0xa0, 0x68, 0x50, 0x34, 0xa0, 0x68, 0x50, 0x34,
    0xa0, 0x68, 0x50, 0x34, 0xa0, 0x68, 0x50, 0x34, 0xa0, 0x68, 0x50, 0x34,
    0xa0, 0x68, 0x50, 0x34, 0xa0, 0x6c, 0x50, 0x30, 0xa0, 0x6c, 0x48, 0x30,
    0xa8, 0x6c, 0x48, 0x34, 0xa0, 0x6c, 0x50, 0x30, 0xa0, 0x6c, 0x48, 0x34,
    0xa0, 0x68, 0x50, 0x30, 0xa0, 0x68, 0x48, 0x30, 0xa0, 0x6c, 0x48, 0x30,
    0x98, 0x68, 0x48, 0x30, 0xa0, 0x64, 0x50, 0x2c, 0xa0, 0x64, 0x50, 0x2c,
    0xa0, 0x64, 0x50, 0x30, 0xa0, 0x68, 0x48, 0x2c, 0xa0, 0x68, 0x48, 0x2c,
    0xa0, 0x64, 0x48, 0x2c, 0xa0, 0x68, 0x48, 0x2c, 0xa0, 0x60, 0x48, 0x2c,
    0xa0, 0x60, 0x48, 0x2c, 0xa0, 0x64, 0x48, 0x2c, 0xa0, 0x64, 0x48, 0x2c,
    0xa0, 0x64, 0x48, 0x2c, 0xa0, 0x60, 0x48, 0x28, 0xa0, 0x60, 0x48, 0x2c,
    0xa0, 0x60, 0x48, 0x28, 0xa0, 0x60, 0x48, 0x28, 0x98, 0x64, 0x48, 0x28,
    0x98, 0x64, 0x48, 0x28, 0xa0, 0x60, 0x48, 0x28, 0xa0, 0x60, 0x48, 0x28,
    0xa0, 0x60, 0x48, 0x28, 0xa0, 0x5c, 0x40, 0x28, 0xa0, 0x5c, 0x40, 0x28,
    0x98, 0x60, 0x40, 0x24, 0x98, 0x60, 0x40, 0x24, 0x98, 0x60, 0x40, 0x28,
    0x98, 0x60, 0x40, 0x24, 0x98, 0x5c, 0x40, 0x24, 0x98, 0x58, 0x40, 0x24,
    0x98, 0x5c, 0x40, 0x24, 0x98, 0x58, 0x40, 0x24, 0x98, 0x58, 0x40, 0x24,
    0x98, 0x5c, 0x40, 0x24, 0x98, 0x5c, 0x40, 0x24, 0x98, 0x5c, 0x40, 0x24,
    0x98, 0x58, 0x40, 0x24, 0x98, 0x5c, 0x40, 0x24, 0xa0, 0x5c, 0x40, 0x24,
    0x98, 0x58, 0x38, 0x24, 0x98, 0x58, 0x38, 0x24, 0x98, 0x58, 0x38, 0x20,
    0x98, 0x58, 0x38, 0x24, 0x98, 0x58, 0x38, 0x24, 0x98, 0x58, 0x38, 0x24,
    0x98, 0x58, 0x38, 0x24, 0x98, 0x58, 0x38, 0x20, 0x98, 0x54, 0x38, 0x20,
    0x98, 0x54, 0x38, 0x20, 0xa0, 0x54, 0x38, 0x20, 0x98, 0x58, 0x38, 0x20,
    0x98, 0x58, 0x38, 0x20, 0x98, 0x54, 0x38, 0x20, 0xa0, 0x54, 0x38, 0x20,
    0x98, 0x54, 0x30, 0x20, 0x98, 0x58, 0x38, 0x20, 0x98, 0x58, 0x38, 0x20,
    0x98, 0x58, 0x38, 0x20, 0x98, 0x58, 0x38, 0x20, 0x98, 0x58, 0x38, 0x20,
    0x98, 0x58, 0x38, 0x20, 0x98, 0x58, 0x38, 0x20, 0x98, 0x50, 0x30, 0x20,
    0x98, 0x54, 0x30, 0x20, 0x98, 0x54, 0x30, 0x1c, 0x98, 0x54, 0x30, 0x20,
    0x90, 0x4c, 0x38, 0x1c, 0x90, 0x4c, 0x30, 0x1c, 0x90, 0x4c, 0x30, 0x20,
    0x90, 0x4c, 0x30, 0x20, 0x98, 0x50, 0x30, 0x1c, 0x90, 0x4c, 0x30, 0x20,
    0x98, 0x50, 0x28, 0x1c, 0x98, 0x50, 0x30, 0x1c, 0x98, 0x50, 0x30, 0x20,
    0x90, 0x48, 0x30, 0x1c, 0x90, 0x48, 0x30, 0x1c, 0x90, 0x48, 0x30, 0x1c,
    0x90, 0x48, 0x30, 0x1c, 0x90, 0x4c, 0x28, 0x1c, 0x90, 0x4c, 0x28, 0x18,
    0x90, 0x4c, 0x28, 0x1c, 0x90, 0x48, 0x28, 0x18, 0x90, 0x48, 0x28, 0x18,
    0x98, 0x4c, 0x28, 0x18, 0x90, 0x50, 0x28, 0x18, 0x98, 0x50, 0x30, 0x14,
    0x98, 0x4c, 0x30, 0x14, 0x90, 0x50, 0x38, 0x14, 0x90, 0x50, 0x30, 0x10,
    0x98, 0x54, 0x30, 0x10, 0xa0, 0x64, 0x38, 0x0c, 0x98, 0x68, 0x40, 0x0c,
    0x98, 0x64, 0x50, 0x0c, 0xa0, 0x80, 0x60, 0x08, 0xa0, 0x80, 0x60, 0x08,
    0xb8, 0x6c, 0x70, 0x08, 0xa8, 0x80, 0x58, 0x04, 0x98, 0x98, 0x68, 0x04,
    0x98, 0x98, 0x68, 0x04, 0x98, 0x98, 0x60, 0x04, 0xa0, 0x98, 0x68, 0x04,
    0x98, 0x98, 0x68, 0x04, 0x98, 0x98, 0x68, 0x08, 0xc0, 0x80, 0x80, 0x04,
    0xc0, 0x80, 0x80, 0x04, 0xc0, 0x80, 0x80, 0x04, 0xa8, 0xa8, 0x50, 0x04,
    0xa8, 0xa8, 0x50, 0x04, 0xa8, 0xac, 0x58, 0x04, 0xa8, 0xac, 0x58, 0x04,
    0xa8, 0xac, 0x58, 0x04, 0xa8, 0xa8, 0x58, 0x04, 0x00, 0x00, 0x00, 0x00,
    0x00, 0x00, 0x00, 0x00, 0x00, 0x00, 0x00, 0x00, 0x00, 0x00, 0x00, 0x00,
    0x00, 0x00, 0x00, 0x00, 0x00, 0x00, 0x00, 0x00, 0x00, 0x00, 0x00, 0x00,
    0x00, 0x00, 0x00, 0x00, 0x00, 0x00, 0x00, 0x00, 0x00, 0x00, 0x00, 0x00,
    0x00, 0x00, 0x00, 0x00, 0x00, 0x00, 0x00, 0x00, 0x00, 0x00, 0x00, 0x00,
    0x00, 0x00, 0x00, 0x00, 0x00, 0x00, 0x00, 0x00, 0x00, 0x00, 0x00, 0x00,
    0x00, 0x00, 0x00, 0x00, 0x00, 0x00, 0x00, 0x00, 0x00, 0x00, 0x00, 0x00,
    0x00, 0x00, 0x00, 0x00, 0x00, 0x00, 0x00, 0x00, 0x00, 0x00, 0x00, 0x00,
    0x00, 0x00, 0x00, 0x00, 0x00, 0x00, 0x00, 0x00, 0x00, 0x00, 0x00, 0x00,
    0x00, 0x00, 0x00, 0x00, 0x00, 0x00, 0x00, 0x00, 0x00, 0x00, 0x00, 0x00,
    0x00, 0x00, 0x00, 0x00, 0x00, 0x00, 0x00, 0x00, 0x00, 0x00, 0x00, 0x00,
    0x00, 0x00, 0x00, 0x00, 0x00, 0x00, 0x00, 0x00, 0x00, 0x00, 0x00, 0x00,
    0x00, 0x00, 0x00, 0x00, 0x00, 0x00, 0x00, 0x00, 0x00, 0x00, 0x00, 0x00,
    0x00, 0x00, 0x00, 0x00, 0x80, 0x00, 0x00, 0x04, 0x80, 0x00, 0x00, 0x00,
    0x50, 0x00, 0x00, 0x04, 0x68, 0x34, 0x00, 0x04, 0x80, 0x2c, 0x00, 0x08,
    0xa8, 0x7c, 0x68, 0x2c, 0xa8, 0x80, 0x68, 0x30, 0xa8, 0x7c, 0x60, 0x30,
    0xa8, 0x78, 0x60, 0x30, 0xa8, 0x74, 0x58, 0x30, 0xa8, 0x74, 0x58, 0x34,
    0xa8, 0x74, 0x58, 0x34, 0xa8, 0x70, 0x58, 0x34, 0xa0, 0x70, 0x58, 0x30,
    0xa8, 0x70, 0x58, 0x30, 0xa0, 0x70, 0x58, 0x34, 0xa8, 0x74, 0x58, 0x34,
    0xa0, 0x70, 0x58, 0x30, 0xa0, 0x70, 0x58, 0x34, 0xa0, 0x70, 0x58, 0x30,
    0xa0, 0x70, 0x58, 0x34, 0xa0, 0x70, 0x58, 0x34, 0xa0, 0x70, 0x58, 0x34,
    0xa0, 0x70, 0x58, 0x34, 0xa0, 0x70, 0x58, 0x34, 0xa0, 0x70, 0x58, 0x34,
    0xa0, 0x70, 0x58, 0x34, 0xa0, 0x70, 0x58, 0x30, 0xa0, 0x70, 0x58, 0x34,
    0xa8, 0x74, 0x58, 0x34, 0xa8, 0x74, 0x58, 0x34, 0xa0, 0x70, 0x58, 0x30,
    0xa0, 0x70, 0x58, 0x30, 0xa0, 0x70, 0x58, 0x30, 0xa8, 0x70, 0x58, 0x34,
    0xa8, 0x74, 0x58, 0x34, 0xa8, 0x70, 0x58, 0x34, 0xa8, 0x70, 0x58, 0x34,
    0xa8, 0x70, 0x58, 0x34, 0xa8, 0x70, 0x58, 0x34, 0xa8, 0x74, 0x58, 0x34,
    0xa8, 0x70, 0x58, 0x34, 0xa0, 0x74, 0x58, 0x34, 0xa8, 0x74, 0x58, 0x34,
    0xa8, 0x74, 0x58, 0x34, 0xa0, 0x74, 0x58, 0x34, 0xa8, 0x74, 0x58, 0x34,
    0xa0, 0x74, 0x58, 0x34, 0xa0, 0x74, 0x58, 0x34, 0xa8, 0x70, 0x58, 0x38,
    0xa8, 0x70, 0x58, 0x38, 0xa8, 0x70, 0x58, 0x34, 0xa8, 0x70, 0x58, 0x38,
    0xa8, 0x74, 0x58, 0x38, 0xa8, 0x70, 0x58, 0x38, 0xa8, 0x74, 0x58, 0x38,
    0xa8, 0x74, 0x58, 0x38, 0xa8, 0x70, 0x58, 0x34, 0xa8, 0x74, 0x58, 0x38,
    0xa8, 0x74, 0x58, 0x38, 0xa8, 0x74, 0x58, 0x38, 0xa8, 0x74, 0x58, 0x38,
    0xa8, 0x74, 0x58, 0x38, 0xa8, 0x74, 0x58, 0x38, 0xa8, 0x74, 0x58, 0x38,
    0xa8, 0x74, 0x58, 0x38, 0xa8, 0x70, 0x58, 0x34, 0xa8, 0x70, 0x58, 0x38,
    0xa8, 0x74, 0x58, 0x38, 0xa8, 0x74, 0x58, 0x38, 0xa8, 0x74, 0x58, 0x38,
    0xa8, 0x74, 0x58, 0x38, 0xa8, 0x74, 0x58, 0x38, 0xa8, 0x74, 0x58, 0x38,
    0xa8, 0x74, 0x58, 0x38, 0xa8, 0x70, 0x58, 0x34, 0xa0, 0x70, 0x58, 0x38,
    0xa8, 0x70, 0x58, 0x34, 0xa0, 0x74, 0x58, 0x34, 0xa0, 0x74, 0x58, 0x34,
    0xa8, 0x74, 0x58, 0x34, 0xa8, 0x74, 0x58, 0x34, 0xa8, 0x70, 0x58, 0x34,
    0xa8, 0x70, 0x58, 0x34, 0xa8, 0x70, 0x58, 0x34, 0xa8, 0x70, 0x58, 0x34,
    0xa8, 0x70, 0x58, 0x34, 0xa8, 0x74, 0x58, 0x34, 0xa8, 0x74, 0x58, 0x34,
    0xa8, 0x74, 0x58, 0x34, 0xa8, 0x74, 0x58, 0x34, 0xa0, 0x70, 0x58, 0x34,
    0xa8, 0x70, 0x58, 0x34, 0xa8, 0x6c, 0x50, 0x30, 0xa8, 0x6c, 0x50, 0x30,
    0xa0, 0x6c, 0x50, 0x30, 0xa8, 0x70, 0x58, 0x30, 0xa8, 0x6c, 0x50, 0x30,
    0xa0, 0x70, 0x58, 0x30, 0xa0, 0x70, 0x58, 0x30, 0xa8, 0x70, 0x58, 0x30,
    0xa0, 0x6c, 0x50, 0x30, 0xa0, 0x6c, 0x50, 0x30, 0xa0, 0x70, 0x50, 0x2c,
    0xa0, 0x70, 0x50, 0x2c, 0xa0, 0x70, 0x50, 0x30, 0xa8, 0x6c, 0x50, 0x2c,
    0xa0, 0x6c, 0x50, 0x2c, 0xa8, 0x6c, 0x50, 0x2c, 0xa0, 0x68, 0x50, 0x2c,
    0xa0, 0x6c, 0x50, 0x2c, 0xa0, 0x6c, 0x48, 0x2c, 0xa0, 0x68, 0x50, 0x28,
    0xa0, 0x68, 0x50, 0x2c, 0xa0, 0x68, 0x50, 0x2c, 0xa0, 0x68, 0x50, 0x28,
    0xa0, 0x68, 0x50, 0x28, 0xa0, 0x6c, 0x50, 0x2c, 0xa0, 0x68, 0x50, 0x28,
    0xa0, 0x64, 0x48, 0x28, 0xa0, 0x68, 0x48, 0x28, 0xa0, 0x68, 0x50, 0x28,
    0xa0, 0x68, 0x50, 0x28, 0x98, 0x68, 0x50, 0x28, 0xa0, 0x68, 0x50, 0x28,
    0xa0, 0x68, 0x50, 0x28, 0xa0, 0x64, 0x48, 0x28, 0xa0, 0x64, 0x48, 0x28,
    0xa0, 0x64, 0x48, 0x28, 0xa0, 0x68, 0x50, 0x24, 0xa0, 0x68, 0x48, 0x24,
    0x98, 0x64, 0x48, 0x24, 0xa0, 0x64, 0x48, 0x24, 0xa0, 0x64, 0x48, 0x24,
    0xa0, 0x60, 0x48, 0x24, 0xa0, 0x60, 0x48, 0x24, 0xa0, 0x60, 0x48, 0x24,
    0xa0, 0x60, 0x48, 0x24, 0xa0, 0x60, 0x40, 0x24, 0xa0, 0x60, 0x40, 0x24,
    0x98, 0x5c, 0x48, 0x20, 0x98, 0x5c, 0x40, 0x20, 0x98, 0x5c, 0x48, 0x20,
    0xa0, 0x60, 0x40, 0x20, 0xa0, 0x60, 0x40, 0x20, 0xa0, 0x60, 0x40, 0x20,
    0x98, 0x5c, 0x48, 0x20, 0xa0, 0x60, 0x40, 0x20, 0xa0, 0x60, 0x40, 0x20,
    0x98, 0x58, 0x40, 0x20, 0xa0, 0x60, 0x40, 0x20, 0x98, 0x5c, 0x40, 0x1c,
    0x98, 0x5c, 0x40, 0x20, 0xa0, 0x5c, 0x40, 0x20, 0x98, 0x58, 0x40, 0x1c,
    0xa0, 0x5c, 0x40, 0x20, 0x98, 0x5c, 0x38, 0x1c, 0x98, 0x58, 0x40, 0x1c,
    0x98, 0x58, 0x40, 0x1c, 0x90, 0x58, 0x38, 0x1c, 0x98, 0x58, 0x40, 0x1c,
    0x98, 0x5c, 0x38, 0x1c, 0x98, 0x5c, 0x38, 0x1c, 0x98, 0x58, 0x38, 0x1c,
    0x98, 0x58, 0x40, 0x1c, 0x98, 0x5c, 0x38, 0x1c, 0x98, 0x58, 0x40, 0x1c,
    0x98, 0x5c, 0x38, 0x1c, 0x98, 0x5c, 0x38, 0x1c, 0x98, 0x5c, 0x38, 0x1c,
    0x98, 0x5c, 0x38, 0x1c, 0x98, 0x5c, 0x38, 0x1c, 0x98, 0x54, 0x38, 0x1c,
    0x98, 0x5c, 0x38, 0x1c, 0x98, 0x54, 0x38, 0x1c, 0x98, 0x54, 0x38, 0x1c,
    0x98, 0x54, 0x38, 0x1c, 0x90, 0x50, 0x30, 0x18, 0x90, 0x4c, 0x30, 0x18,
    0x90, 0x4c, 0x30, 0x18, 0x90, 0x4c, 0x30, 0x18, 0x90, 0x4c, 0x30, 0x1c,
    0x98, 0x50, 0x30, 0x18, 0x98, 0x50, 0x30, 0x18, 0x98, 0x54, 0x30, 0x18,
    0x98, 0x54, 0x30, 0x18, 0x98, 0x54, 0x30, 0x18, 0x98, 0x54, 0x30, 0x18,
    0x98, 0x4c, 0x28, 0x18, 0x90, 0x50, 0x28, 0x18, 0x90, 0x50, 0x28, 0x18,
    0x90, 0x4c, 0x30, 0x18, 0x90, 0x50, 0x28, 0x18, 0x90, 0x48, 0x30, 0x14,
    0x90, 0x48, 0x30, 0x14, 0x98, 0x4c, 0x30, 0x14, 0x90, 0x50, 0x38, 0x14,
    0xa0, 0x54, 0x38, 0x10, 0xa0, 0x60, 0x40, 0x10, 0x90, 0x5c, 0x38, 0x10,
    0xa0, 0x64, 0x38, 0x0c, 0x90, 0x68, 0x40, 0x0c, 0xa8, 0x70, 0x58, 0x08,
    0xa0, 0x80, 0x60, 0x08, 0xa0, 0x80, 0x60, 0x08, 0xa8, 0x80, 0x50, 0x04,
    0xa8, 0x80, 0x58, 0x04, 0x98, 0x98, 0x68, 0x04, 0x98, 0x98, 0x60, 0x08,
    0x98, 0x9c, 0x68, 0x08, 0xc0, 0x80, 0x80, 0x04, 0xc0, 0x80, 0x80, 0x04,
    0xc0, 0x80, 0x80, 0x04, 0xc0, 0x80, 0x80, 0x04, 0xc0, 0x80, 0x80, 0x04,
    0xc0, 0x80, 0x80, 0x04, 0xc0, 0x80, 0x80, 0x04, 0xc0, 0x80, 0x80, 0x04,
    0xa8, 0xa8, 0x50, 0x04, 0xb0, 0xa8, 0x58, 0x04, 0xb0, 0xac, 0x58, 0x04,
    0xa8, 0xa8, 0x50, 0x00, 0xa8, 0xac, 0x58, 0x04, 0x00, 0x00, 0x00, 0x00,
    0x00, 0x00, 0x00, 0x00, 0x00, 0x00, 0x00, 0x00, 0x00, 0x00, 0x00, 0x00,
    0x00, 0x00, 0x00, 0x00, 0x00, 0x00, 0x00, 0x00, 0x00, 0x00, 0x00, 0x00,
    0x00, 0x00, 0x00, 0x00, 0x00, 0x00, 0x00, 0x00, 0x00, 0x00, 0x00, 0x00,
    0x00, 0x00, 0x00, 0x00, 0x00, 0x00, 0x00, 0x00, 0x00, 0x00, 0x00, 0x00,
    0x00, 0x00, 0x00, 0x00, 0x00, 0x00, 0x00, 0x00, 0x00, 0x00, 0x00, 0x00,
    0x00, 0x00, 0x00, 0x00, 0x00, 0x00, 0x00, 0x00, 0x00, 0x00, 0x00, 0x00,
    0x00, 0x00, 0x00, 0x00, 0x00, 0x00, 0x00, 0x00, 0x00, 0x00, 0x00, 0x00,
    0x00, 0x00, 0x00, 0x00, 0x00, 0x00, 0x00, 0x00, 0x00, 0x00, 0x00, 0x00,
    0x00, 0x00, 0x00, 0x00, 0x00, 0x00, 0x00, 0x00, 0x00, 0x00, 0x00, 0x00,
    0x00, 0x00, 0x00, 0x00, 0x00, 0x00, 0x00, 0x00, 0x00, 0x00, 0x00, 0x00,
    0x00, 0x00, 0x00, 0x00, 0x00, 0x00, 0x00, 0x00, 0x00, 0x00, 0x00, 0x00,
    0x00, 0x00, 0x00, 0x00, 0x00, 0x00, 0x00, 0x00, 0x00, 0x00, 0x00, 0x00,
    0x00, 0x00, 0x00, 0x00, 0x00, 0x00, 0x00, 0x00, 0x80, 0x00, 0x00, 0x04,
    0x80, 0x00, 0x00, 0x00, 0x58, 0x00, 0x00, 0x04, 0x80, 0x40, 0x00, 0x04,
    0xa8, 0x7c, 0x68, 0x1c, 0xa8, 0x80, 0x68, 0x2c, 0xb0, 0x80, 0x68, 0x2c,
    0xa8, 0x7c, 0x68, 0x2c, 0xa8, 0x78, 0x68, 0x30, 0xa8, 0x78, 0x60, 0x2c,
    0xa8, 0x78, 0x60, 0x2c, 0xa0, 0x78, 0x58, 0x2c, 0xa8, 0x78, 0x58, 0x2c,
    0xa8, 0x74, 0x58, 0x2c, 0xa0, 0x78, 0x58, 0x2c, 0xa8, 0x78, 0x60, 0x2c,
    0xa8, 0x78, 0x58, 0x2c, 0xa8, 0x74, 0x60, 0x2c, 0xa8, 0x74, 0x60, 0x2c,
    0xa8, 0x74, 0x60, 0x2c, 0xa8, 0x74, 0x60, 0x2c, 0xa8, 0x74, 0x58, 0x2c,
    0xa8, 0x74, 0x60, 0x2c, 0xa8, 0x74, 0x58, 0x2c, 0xa8, 0x74, 0x60, 0x2c,
    0xa8, 0x74, 0x58, 0x2c, 0xa8, 0x74, 0x58, 0x2c, 0xa8, 0x74, 0x60, 0x2c,
    0xa8, 0x74, 0x60, 0x2c, 0xa8, 0x74, 0x60, 0x2c, 0xa8, 0x74, 0x60, 0x2c,
    0xa8, 0x78, 0x58, 0x2c, 0xa8, 0x78, 0x58, 0x2c, 0xa0, 0x78, 0x60, 0x2c,
    0xa0, 0x78, 0x58, 0x2c, 0xa8, 0x74, 0x60, 0x2c, 0xa8, 0x74, 0x60, 0x2c,
    0xa8, 0x74, 0x60, 0x30, 0xa8, 0x74, 0x60, 0x30, 0xa8, 0x74, 0x60, 0x2c,
    0xa8, 0x74, 0x60, 0x30, 0xa8, 0x78, 0x58, 0x30, 0xa8, 0x74, 0x60, 0x30,
    0xa8, 0x78, 0x58, 0x30, 0xa8, 0x78, 0x58, 0x30, 0xa8, 0x78, 0x60, 0x30,
    0xa8, 0x78, 0x60, 0x30, 0xa8, 0x7c, 0x60, 0x30, 0xa8, 0x78, 0x60, 0x30,
    0xa8, 0x7c, 0x60, 0x30, 0xa8, 0x7c, 0x60, 0x30, 0xa8, 0x78, 0x60, 0x30,
    0xa8, 0x78, 0x60, 0x30, 0xa8, 0x78, 0x60, 0x30, 0xa8, 0x78, 0x60, 0x30,
    0xa8, 0x78, 0x60, 0x30, 0xa8, 0x7c, 0x60, 0x34, 0xa8, 0x78, 0x60, 0x30,
    0xa8, 0x78, 0x60, 0x30, 0xa8, 0x78, 0x60, 0x30, 0xa8, 0x7c, 0x60, 0x30,
    0xa8, 0x7c, 0x60, 0x30, 0xa8, 0x78, 0x60, 0x30, 0xa8, 0x78, 0x60, 0x30,
    0xa8, 0x78, 0x60, 0x30, 0xa8, 0x78, 0x60, 0x30, 0xa8, 0x78, 0x60, 0x30,
    0xa8, 0x7c, 0x60, 0x30, 0xa8, 0x78, 0x60, 0x30, 0xa8, 0x78, 0x60, 0x30,
    0xa8, 0x7c, 0x60, 0x30, 0xa8, 0x78, 0x60, 0x30, 0xa8, 0x78, 0x60, 0x30,
    0xa8, 0x78, 0x60, 0x30, 0xa8, 0x78, 0x60, 0x30, 0xa8, 0x78, 0x60, 0x30,
    0xa8, 0x7c, 0x60, 0x30, 0xa8, 0x7c, 0x60, 0x30, 0xa8, 0x78, 0x58, 0x30,
    0xa8, 0x78, 0x60, 0x30, 0xa8, 0x78, 0x60, 0x30, 0xa8, 0x78, 0x58, 0x30,
    0xa8, 0x78, 0x60, 0x30, 0xa8, 0x78, 0x60, 0x30, 0xa8, 0x78, 0x58, 0x30,
    0xa8, 0x78, 0x60, 0x30, 0xa8, 0x74, 0x60, 0x2c, 0xa8, 0x74, 0x60, 0x2c,
    0xa8, 0x74, 0x60, 0x2c, 0xa8, 0x74, 0x60, 0x2c, 0xa0, 0x78, 0x58, 0x2c,
    0xa8, 0x78, 0x58, 0x2c, 0xa0, 0x78, 0x60, 0x2c, 0xa8, 0x74, 0x60, 0x2c,
    0xa8, 0x74, 0x60, 0x2c, 0xa8, 0x74, 0x58, 0x2c, 0xa8, 0x74, 0x60, 0x2c,
    0xa8, 0x74, 0x58, 0x2c, 0xa8, 0x74, 0x58, 0x2c, 0xa8, 0x74, 0x60, 0x2c,
    0xa8, 0x78, 0x60, 0x2c, 0xa8, 0x78, 0x60, 0x2c, 0xa8, 0x74, 0x60, 0x28,
    0xa8, 0x70, 0x60, 0x2c, 0xa0, 0x74, 0x58, 0x2c, 0xa8, 0x70, 0x58, 0x28,
    0xa8, 0x70, 0x58, 0x28, 0xa8, 0x70, 0x58, 0x28, 0xa8, 0x74, 0x58, 0x28,
    0xa8, 0x74, 0x58, 0x28, 0xa0, 0x70, 0x58, 0x28, 0xa8, 0x70, 0x58, 0x24,
    0xa8, 0x70, 0x58, 0x24, 0xa0, 0x6c, 0x50, 0x24, 0xa8, 0x6c, 0x50, 0x24,
    0xa8, 0x70, 0x58, 0x28, 0xa0, 0x70, 0x58, 0x24, 0xa0, 0x70, 0x58, 0x24,
    0xa0, 0x70, 0x58, 0x24, 0xa0, 0x6c, 0x58, 0x24, 0xa0, 0x6c, 0x58, 0x20,
    0xa0, 0x70, 0x58, 0x24, 0xa0, 0x70, 0x50, 0x20, 0xa8, 0x70, 0x50, 0x20,
    0xa0, 0x70, 0x50, 0x20, 0xa0, 0x6c, 0x58, 0x20, 0xa0, 0x6c, 0x58, 0x20,
    0xa0, 0x68, 0x50, 0x20, 0xa0, 0x68, 0x50, 0x20, 0xa0, 0x68, 0x50, 0x20,
    0xa0, 0x68, 0x50, 0x20, 0xa0, 0x6c, 0x50, 0x20, 0xa0, 0x6c, 0x50, 0x20,
    0xa0, 0x64, 0x50, 0x1c, 0xa0, 0x64, 0x50, 0x1c, 0xa0, 0x64, 0x50, 0x1c,
    0xa0, 0x64, 0x50, 0x1c, 0xa0, 0x68, 0x50, 0x1c, 0xa0, 0x64, 0x48, 0x1c,
    0xa8, 0x64, 0x48, 0x1c, 0xa8, 0x64, 0x48, 0x1c, 0xa0, 0x64, 0x48, 0x1c,
    0xa8, 0x64, 0x48, 0x1c, 0xa8, 0x64, 0x48, 0x1c, 0xa0, 0x68, 0x48, 0x1c,
    0xa8, 0x64, 0x48, 0x1c, 0xa8, 0x64, 0x48, 0x1c, 0xa0, 0x68, 0x50, 0x1c,
    0xa0, 0x68, 0x48, 0x1c, 0xa0, 0x60, 0x48, 0x18, 0x98, 0x5c, 0x48, 0x18,
    0xa0, 0x60, 0x48, 0x18, 0xa0, 0x60, 0x48, 0x18, 0x98, 0x5c, 0x48, 0x18,
    0xa0, 0x60, 0x40, 0x18, 0x98, 0x5c, 0x48, 0x18, 0x98, 0x5c, 0x48, 0x1c,
    0xa0, 0x60, 0x40, 0x18, 0xa0, 0x60, 0x40, 0x18, 0xa0, 0x60, 0x40, 0x18,
    0xa0, 0x60, 0x40, 0x18, 0xa0, 0x60, 0x40, 0x18, 0x98, 0x58, 0x40, 0x18,
    0xa0, 0x60, 0x40, 0x18, 0xa0, 0x60, 0x40, 0x18, 0x98, 0x58, 0x40, 0x18,
    0x98, 0x5c, 0x38, 0x18, 0x98, 0x5c, 0x38, 0x18, 0xa0, 0x58, 0x40, 0x18,
    0x98, 0x58, 0x40, 0x18, 0x98, 0x58, 0x40, 0x18, 0x98, 0x58, 0x40, 0x14,
    0x98, 0x5c, 0x38, 0x14, 0x98, 0x5c, 0x40, 0x14, 0x98, 0x5c, 0x38, 0x14,
    0x98, 0x5c, 0x38, 0x18, 0x98, 0x5c, 0x40, 0x18, 0x98, 0x5c, 0x38, 0x18,
    0x98, 0x5c, 0x38, 0x14, 0x98, 0x5c, 0x38, 0x18, 0x98, 0x5c, 0x38, 0x18,
    0x98, 0x5c, 0x40, 0x14, 0xa0, 0x54, 0x40, 0x14, 0xa0, 0x54, 0x40, 0x18,
    0xa0, 0x54, 0x40, 0x14, 0x98, 0x58, 0x30, 0x14, 0xa0, 0x54, 0x40, 0x14,
    0x98, 0x58, 0x30, 0x14, 0x98, 0x58, 0x30, 0x14, 0x90, 0x50, 0x38, 0x14,
    0x90, 0x50, 0x38, 0x14, 0x90, 0x50, 0x38, 0x14, 0xa0, 0x54, 0x38, 0x10,
    0x98, 0x4c, 0x30, 0x10, 0x98, 0x58, 0x40, 0x10, 0xa0, 0x60, 0x40, 0x10,
    0x90, 0x5c, 0x38, 0x10, 0xa0, 0x60, 0x38, 0x0c, 0x98, 0x6c, 0x40, 0x0c,
    0xa0, 0x5c, 0x48, 0x0c, 0xa8, 0x70, 0x58, 0x08, 0xa0, 0x80, 0x60, 0x08,
    0xa0, 0x80, 0x60, 0x08, 0xa8, 0x80, 0x58, 0x04, 0xa8, 0x80, 0x50, 0x08,
    0x98, 0x98, 0x68, 0x04, 0x98, 0x98, 0x68, 0x04, 0xc0, 0x80, 0x80, 0x04,
    0xc0, 0x80, 0x80, 0x04, 0xc0, 0x80, 0x80, 0x04, 0xc0, 0x80, 0x80, 0x04,
    0xc0, 0x80, 0x80, 0x04, 0xc0, 0x80, 0x80, 0x04, 0xc0, 0x80, 0x78, 0x04,
    0xc0, 0x7c, 0x80, 0x04, 0xa8, 0xa8, 0x50, 0x04, 0xa8, 0xac, 0x58, 0x04,
    0xa8, 0xa8, 0x58, 0x04, 0xa8, 0xa8, 0x50, 0x00, 0xa8, 0xac, 0x58, 0x04,
    0xb0, 0xa8, 0x50, 0x04, 0xa8, 0xac, 0x50, 0x00, 0x00, 0x00, 0x00, 0x00,
    0x00, 0x00, 0x00, 0x00, 0x00, 0x00, 0x00, 0x00, 0x00, 0x00, 0x00, 0x00,
    0x00, 0x00, 0x00, 0x00, 0x00, 0x00, 0x00, 0x00, 0x00, 0x00, 0x00, 0x00,
    0x00, 0x00, 0x00, 0x00, 0x00, 0x00, 0x00, 0x00, 0x00, 0x00, 0x00, 0x00,
    0x00, 0x00, 0x00, 0x00, 0x00, 0x00, 0x00, 0x00, 0x00, 0x00, 0x00, 0x00,
    0x00, 0x00, 0x00, 0x00, 0x00, 0x00, 0x00, 0x00, 0x00, 0x00, 0x00, 0x00,
    0x00, 0x00, 0x00, 0x00, 0x00, 0x00, 0x00, 0x00, 0x00, 0x00, 0x00, 0x00,
    0x00, 0x00, 0x00, 0x00, 0x00, 0x00, 0x00, 0x00, 0x00, 0x00, 0x00, 0x00,
    0x00, 0x00, 0x00, 0x00, 0x00, 0x00, 0x00, 0x00, 0x00, 0x00, 0x00, 0x00,
    0x00, 0x00, 0x00, 0x00, 0x00, 0x00, 0x00, 0x00, 0x00, 0x00, 0x00, 0x00,
    0x00, 0x00, 0x00, 0x00, 0x00, 0x00, 0x00, 0x00, 0x00, 0x00, 0x00, 0x00,
    0x00, 0x00, 0x00, 0x00, 0x00, 0x00, 0x00, 0x00, 0x00, 0x00, 0x00, 0x00,
    0x00, 0x00, 0x00, 0x00, 0x00, 0x00, 0x00, 0x00, 0x00, 0x00, 0x00, 0x00,
    0x00, 0x00, 0x00, 0x00, 0x00, 0x00, 0x00, 0x00, 0x00, 0x00, 0x00, 0x00,
    0x80, 0x00, 0x00, 0x04, 0x80, 0x00, 0x00, 0x00, 0x50, 0x00, 0x00, 0x04,
    0xa0, 0x70, 0x60, 0x10, 0xb0, 0x84, 0x68, 0x28, 0xb0, 0x84, 0x68, 0x28,
    0xa8, 0x80, 0x68, 0x28, 0xa8, 0x80, 0x68, 0x28, 0xa8, 0x7c, 0x60, 0x28,
    0xa8, 0x78, 0x60, 0x2c, 0xa8, 0x7c, 0x68, 0x28, 0xa8, 0x7c, 0x68, 0x28,
    0xa8, 0x7c, 0x60, 0x2c, 0xa8, 0x7c, 0x60, 0x28, 0xa8, 0x78, 0x60, 0x2c,
    0xa8, 0x78, 0x60, 0x2c, 0xa8, 0x74, 0x60, 0x28, 0xa8, 0x78, 0x58, 0x28,
    0xa8, 0x74, 0x58, 0x28, 0xa8, 0x78, 0x60, 0x28, 0xa8, 0x78, 0x60, 0x28,
    0xa8, 0x78, 0x58, 0x28, 0xa8, 0x78, 0x60, 0x28, 0xa8, 0x78, 0x60, 0x28,
    0xa8, 0x78, 0x60, 0x28, 0xa8, 0x78, 0x58, 0x28, 0xa8, 0x74, 0x60, 0x28,
    0xa8, 0x74, 0x58, 0x28, 0xa8, 0x78, 0x58, 0x28, 0xa8, 0x74, 0x60, 0x28,
    0xa8, 0x78, 0x60, 0x2c, 0xa8, 0x78, 0x60, 0x2c, 0xa8, 0x78, 0x60, 0x28,
    0xa8, 0x78, 0x60, 0x2c, 0xa8, 0x78, 0x60, 0x2c, 0xa8, 0x78, 0x60, 0x28,
    0xa8, 0x78, 0x60, 0x2c, 0xa8, 0x78, 0x60, 0x28, 0xa8, 0x80, 0x60, 0x2c,
    0xa8, 0x7c, 0x60, 0x2c, 0xa8, 0x7c, 0x60, 0x2c, 0xa8, 0x7c, 0x60, 0x2c,
    0xa8, 0x78, 0x60, 0x2c, 0xa8, 0x7c, 0x60, 0x2c, 0xa8, 0x7c, 0x60, 0x2c,
    0xb0, 0x7c, 0x60, 0x30, 0xa8, 0x7c, 0x60, 0x2c, 0xa8, 0x7c, 0x60, 0x2c,
    0xa8, 0x7c, 0x60, 0x2c, 0xa8, 0x7c, 0x60, 0x2c, 0xa8, 0x7c, 0x60, 0x2c,
    0xa8, 0x7c, 0x68, 0x30, 0xa8, 0x7c, 0x68, 0x2c, 0xa8, 0x7c, 0x60, 0x30,
    0xa8, 0x78, 0x68, 0x2c, 0xa8, 0x7c, 0x68, 0x2c, 0xa8, 0x7c, 0x60, 0x30,
    0xa8, 0x7c, 0x68, 0x2c, 0xb0, 0x78, 0x60, 0x2c, 0xa8, 0x7c, 0x60, 0x30,
    0xa8, 0x7c, 0x68, 0x2c, 0xa8, 0x7c, 0x60, 0x30, 0xa8, 0x7c, 0x60, 0x30,
    0xa8, 0x7c, 0x60, 0x30, 0xa8, 0x7c, 0x60, 0x30, 0xa8, 0x7c, 0x68, 0x2c,
    0xb0, 0x7c, 0x68, 0x2c, 0xa8, 0x78, 0x68, 0x2c, 0xb0, 0x78, 0x60, 0x2c,
    0xa8, 0x7c, 0x68, 0x30, 0xa8, 0x7c, 0x60, 0x30, 0xa8, 0x78, 0x60, 0x2c,
    0xa8, 0x7c, 0x68, 0x30, 0xa8, 0x7c, 0x60, 0x30, 0xa8, 0x7c, 0x60, 0x2c,
    0xa8, 0x7c, 0x60, 0x2c, 0xa8, 0x7c, 0x60, 0x2c, 0xb0, 0x78, 0x68, 0x30,
    0xa8, 0x78, 0x60, 0x30, 0xa8, 0x78, 0x60, 0x2c, 0xb0, 0x78, 0x68, 0x2c,
    0xa8, 0x7c, 0x60, 0x2c, 0xa8, 0x7c, 0x60, 0x2c, 0xa8, 0x7c, 0x60, 0x2c,
    0xa8, 0x78, 0x60, 0x2c, 0xa8, 0x78, 0x60, 0x2c, 0xa8, 0x7c, 0x60, 0x2c,
    0xa0, 0x7c, 0x60, 0x2c, 0xa8, 0x7c, 0x60, 0x2c, 0xa8, 0x7c, 0x60, 0x2c,
    0xa8, 0x78, 0x60, 0x2c, 0xa8, 0x78, 0x60, 0x2c, 0xa8, 0x78, 0x60, 0x2c,
    0xa8, 0x78, 0x60, 0x28, 0xa8, 0x78, 0x60, 0x28, 0xa8, 0x78, 0x60, 0x2c,
    0xa8, 0x78, 0x60, 0x28, 0xa8, 0x78, 0x60, 0x28, 0xa8, 0x78, 0x60, 0x28,
    0xa8, 0x78, 0x60, 0x28, 0xa8, 0x78, 0x60, 0x28, 0xa8, 0x74, 0x60, 0x28,
    0xa8, 0x74, 0x60, 0x28, 0xa8, 0x74, 0x60, 0x28, 0xa8, 0x78, 0x60, 0x24,
    0xa8, 0x74, 0x58, 0x24, 0xa8, 0x74, 0x58, 0x28, 0xa8, 0x70, 0x60, 0x24,
    0xa8, 0x70, 0x58, 0x24, 0xa8, 0x70, 0x58, 0x24, 0xa8, 0x74, 0x58, 0x24,
    0xa8, 0x74, 0x58, 0x24, 0xa8, 0x74, 0x58, 0x24, 0xa0, 0x70, 0x58, 0x24,
    0xa0, 0x74, 0x60, 0x20, 0xa0, 0x74, 0x58, 0x20, 0xa8, 0x70, 0x58, 0x20,
    0xa8, 0x70, 0x58, 0x20, 0xa8, 0x70, 0x58, 0x20, 0xa8, 0x70, 0x58, 0x20,
    0xa8, 0x70, 0x58, 0x20, 0xa0, 0x74, 0x58, 0x20, 0xa8, 0x74, 0x58, 0x20,
    0xa0, 0x74, 0x58, 0x20, 0xa0, 0x70, 0x58, 0x1c, 0xa8, 0x74, 0x58, 0x1c,
    0xa0, 0x6c, 0x58, 0x20, 0xa8, 0x70, 0x58, 0x1c, 0xa8, 0x70, 0x58, 0x1c,
    0xa8, 0x70, 0x58, 0x1c, 0xa0, 0x6c, 0x50, 0x1c, 0xa8, 0x6c, 0x50, 0x1c,
    0xa8, 0x6c, 0x50, 0x1c, 0xa0, 0x68, 0x58, 0x1c, 0xa0, 0x68, 0x58, 0x1c,
    0xa0, 0x6c, 0x50, 0x1c, 0xa0, 0x68, 0x58, 0x1c, 0xa0, 0x6c, 0x50, 0x18,
    0xa0, 0x6c, 0x50, 0x1c, 0xa0, 0x68, 0x50, 0x18, 0xa0, 0x68, 0x50, 0x1c,
    0xa0, 0x64, 0x50, 0x18, 0xa0, 0x68, 0x50, 0x18, 0xa0, 0x64, 0x50, 0x1c,
    0xa0, 0x68, 0x48, 0x18, 0xa0, 0x6c, 0x48, 0x18, 0xa0, 0x64, 0x50, 0x18,
    0xa0, 0x6c, 0x48, 0x18, 0x98, 0x64, 0x50, 0x18, 0x98, 0x64, 0x50, 0x18,
    0xa0, 0x6c, 0x48, 0x18, 0x98, 0x64, 0x50, 0x18, 0x98, 0x64, 0x50, 0x18,
    0x98, 0x64, 0x50, 0x18, 0x98, 0x64, 0x50, 0x18, 0x98, 0x64, 0x50, 0x18,
    0x98, 0x64, 0x50, 0x18, 0x98, 0x64, 0x50, 0x18, 0x98, 0x64, 0x50, 0x18,
    0xa0, 0x68, 0x48, 0x18, 0x98, 0x64, 0x50, 0x18, 0xa0, 0x68, 0x48, 0x18,
    0xa0, 0x68, 0x48, 0x18, 0xa0, 0x68, 0x48, 0x14, 0xa0, 0x68, 0x48, 0x18,
    0xa0, 0x60, 0x48, 0x14, 0x98, 0x58, 0x40, 0x14, 0x98, 0x58, 0x40, 0x14,
    0x98, 0x58, 0x40, 0x14, 0xa0, 0x60, 0x48, 0x14, 0x98, 0x58, 0x40, 0x14,
    0x98, 0x58, 0x40, 0x14, 0x98, 0x58, 0x40, 0x14, 0x98, 0x5c, 0x40, 0x14,
    0x98, 0x58, 0x40, 0x14, 0x98, 0x58, 0x40, 0x14, 0xa0, 0x60, 0x48, 0x14,
    0xa0, 0x60, 0x48, 0x14, 0x98, 0x5c, 0x40, 0x14, 0xa0, 0x60, 0x40, 0x14,
    0xa0, 0x60, 0x40, 0x14, 0xa0, 0x60, 0x40, 0x14, 0x98, 0x54, 0x38, 0x14,
    0xa0, 0x54, 0x38, 0x14, 0xa0, 0x54, 0x38, 0x14, 0xa0, 0x54, 0x38, 0x14,
    0x98, 0x5c, 0x40, 0x10, 0xa0, 0x60, 0x40, 0x10, 0xa0, 0x60, 0x40, 0x10,
    0xa0, 0x60, 0x40, 0x10, 0xa0, 0x60, 0x40, 0x10, 0x98, 0x54, 0x30, 0x10,
    0x90, 0x5c, 0x38, 0x10, 0xa0, 0x64, 0x38, 0x0c, 0x98, 0x54, 0x40, 0x0c,
    0x90, 0x6c, 0x40, 0x0c, 0x98, 0x64, 0x50, 0x0c, 0x98, 0x64, 0x50, 0x08,
    0xa8, 0x70, 0x58, 0x08, 0xa0, 0x80, 0x60, 0x08, 0x90, 0x6c, 0x48, 0x08,
    0xa8, 0x80, 0x58, 0x08, 0xa8, 0x80, 0x58, 0x08, 0x98, 0x98, 0x68, 0x04,
    0x98, 0x98, 0x68, 0x04, 0x98, 0x98, 0x60, 0x04, 0xc0, 0x80, 0x80, 0x04,
    0xc0, 0x80, 0x80, 0x04, 0xc0, 0x80, 0x80, 0x04, 0xc0, 0x80, 0x78, 0x04,
    0xa8, 0xa8, 0x50, 0x04, 0xa8, 0xa8, 0x58, 0x04, 0xa8, 0xa8, 0x50, 0x04,
    0xa8, 0xac, 0x58, 0x04, 0xa8, 0xa8, 0x50, 0x04, 0xa8, 0xac, 0x58, 0x04,
    0xb0, 0xac, 0x58, 0x04, 0xa8, 0xa8, 0x50, 0x00, 0xa8, 0xac, 0x58, 0x04,
    0xa8, 0xa8, 0x58, 0x04, 0x80, 0x80, 0x80, 0x00, 0x00, 0x00, 0x00, 0x00,
    0x00, 0x00, 0x00, 0x00, 0x00, 0x00, 0x00, 0x00, 0x00, 0x00, 0x00, 0x00,
    0x00, 0x00, 0x00, 0x00, 0x00, 0x00, 0x00, 0x00, 0x00, 0x00, 0x00, 0x00,
    0x00, 0x00, 0x00, 0x00, 0x00, 0x00, 0x00, 0x00, 0x00, 0x00, 0x00, 0x00,
    0x00, 0x00, 0x00, 0x00, 0x00, 0x00, 0x00, 0x00, 0x00, 0x00, 0x00, 0x00,
    0x00, 0x00, 0x00, 0x00, 0x00, 0x00, 0x00, 0x00, 0x00, 0x00, 0x00, 0x00,
    0x00, 0x00, 0x00, 0x00, 0x00, 0x00, 0x00, 0x00, 0x00, 0x00, 0x00, 0x00,
    0x00, 0x00, 0x00, 0x00, 0x00, 0x00, 0x00, 0x00, 0x00, 0x00, 0x00, 0x00,
    0x00, 0x00, 0x00, 0x00, 0x00, 0x00, 0x00, 0x00, 0x00, 0x00, 0x00, 0x00,
    0x00, 0x00, 0x00, 0x00, 0x00, 0x00, 0x00, 0x00, 0x00, 0x00, 0x00, 0x00,
    0x00, 0x00, 0x00, 0x00, 0x00, 0x00, 0x00, 0x00, 0x00, 0x00, 0x00, 0x00,
    0x00, 0x00, 0x00, 0x00, 0x00, 0x00, 0x00, 0x00, 0x00, 0x00, 0x00, 0x00,
    0x00, 0x00, 0x00, 0x00, 0x00, 0x00, 0x00, 0x00, 0x00, 0x00, 0x00, 0x00,
    0x00, 0x00, 0x00, 0x00, 0x00, 0x00, 0x00, 0x00, 0x00, 0x00, 0x00, 0x00,
    0x00, 0x00, 0x00, 0x00, 0x00, 0x00, 0x00, 0x00, 0x80, 0x00, 0x00, 0x04,
    0x80, 0x40, 0x40, 0x04, 0xb0, 0x8c, 0x70, 0x24, 0xb0, 0x8c, 0x70, 0x24,
    0xb0, 0x84, 0x70, 0x24, 0xb0, 0x84, 0x70, 0x24, 0xa8, 0x84, 0x70, 0x24,
    0xb0, 0x84, 0x70, 0x24, 0xa8, 0x7c, 0x68, 0x24, 0xa8, 0x7c, 0x68, 0x28,
    0xa8, 0x80, 0x60, 0x24, 0xa8, 0x80, 0x68, 0x24, 0xa8, 0x80, 0x60, 0x24,
    0xa8, 0x80, 0x60, 0x24, 0xa8, 0x80, 0x60, 0x24, 0xa8, 0x7c, 0x68, 0x24,
    0xa8, 0x7c, 0x68, 0x24, 0xa8, 0x7c, 0x68, 0x24, 0xa8, 0x7c, 0x68, 0x24,
    0xa8, 0x80, 0x60, 0x24, 0xa8, 0x80, 0x60, 0x24, 0xb0, 0x7c, 0x60, 0x24,
    0xa8, 0x80, 0x60, 0x24, 0xa8, 0x7c, 0x68, 0x24, 0xa8, 0x80, 0x60, 0x24,
    0xb0, 0x7c, 0x68, 0x24, 0xa8, 0x80, 0x60, 0x24, 0xa8, 0x80, 0x60, 0x24,
    0xa8, 0x80, 0x68, 0x24, 0xb0, 0x7c, 0x68, 0x24, 0xa8, 0x80, 0x60, 0x24,
    0xb0, 0x7c, 0x68, 0x24, 0xb0, 0x7c, 0x68, 0x24, 0xa8, 0x7c, 0x68, 0x24,
    0xa8, 0x7c, 0x68, 0x24, 0xa8, 0x7c, 0x68, 0x24, 0xa8, 0x84, 0x68, 0x28,
    0xb0, 0x80, 0x60, 0x24, 0xa8, 0x84, 0x68, 0x28, 0xa8, 0x84, 0x68, 0x28,
    0xa8, 0x84, 0x68, 0x28, 0xa8, 0x84, 0x68, 0x28, 0xa8, 0x84, 0x68, 0x28,
    0xa8, 0x84, 0x68, 0x28, 0xb0, 0x84, 0x68, 0x28, 0xb0, 0x80, 0x68, 0x28,
    0xb0, 0x80, 0x68, 0x28, 0xb0, 0x84, 0x68, 0x28, 0xa8, 0x80, 0x68, 0x28,
    0xb0, 0x84, 0x68, 0x28, 0xb0, 0x84, 0x68, 0x28, 0xb0, 0x84, 0x68, 0x28,
    0xb0, 0x84, 0x68, 0x28, 0xb0, 0x84, 0x68, 0x28, 0xb0, 0x84, 0x68, 0x28,
    0xa8, 0x80, 0x68, 0x2c, 0xa8, 0x80, 0x68, 0x2c, 0xa8, 0x80, 0x68, 0x28,
    0xa8, 0x80, 0x68, 0x2c, 0xa8, 0x80, 0x68, 0x28, 0xa8, 0x80, 0x68, 0x28,
    0xa8, 0x80, 0x68, 0x2c, 0xa8, 0x80, 0x68, 0x28, 0xa8, 0x80, 0x68, 0x2c,
    0xa8, 0x80, 0x68, 0x2c, 0xa8, 0x80, 0x68, 0x2c, 0xa8, 0x80, 0x68, 0x28,
    0xa8, 0x80, 0x68, 0x2c, 0xa8, 0x80, 0x68, 0x28, 0xa8, 0x80, 0x68, 0x2c,
    0xa8, 0x80, 0x68, 0x28, 0xa8, 0x80, 0x68, 0x2c, 0xb0, 0x84, 0x68, 0x28,
    0xa8, 0x80, 0x68, 0x2c, 0xb0, 0x80, 0x68, 0x2c, 0xb0, 0x84, 0x68, 0x2c,
    0xa8, 0x80, 0x68, 0x28, 0xb0, 0x84, 0x68, 0x28, 0xb0, 0x84, 0x68, 0x28,
    0xb0, 0x84, 0x68, 0x28, 0xb0, 0x84, 0x68, 0x28, 0xb0, 0x84, 0x68, 0x28,
    0xa8, 0x80, 0x68, 0x28, 0xa8, 0x80, 0x68, 0x28, 0xa8, 0x84, 0x68, 0x28,
    0xa8, 0x84, 0x68, 0x28, 0xb0, 0x80, 0x60, 0x24, 0xa8, 0x84, 0x68, 0x28,
    0xa8, 0x84, 0x68, 0x28, 0xa8, 0x84, 0x68, 0x28, 0xb0, 0x80, 0x68, 0x24,
    0xb0, 0x80, 0x68, 0x28, 0xb0, 0x7c, 0x68, 0x24, 0xb0, 0x7c, 0x68, 0x24,
    0xa8, 0x7c, 0x68, 0x24, 0xa8, 0x80, 0x60, 0x24, 0xa8, 0x80, 0x60, 0x24,
    0xa8, 0x80, 0x60, 0x24, 0xa8, 0x7c, 0x68, 0x24, 0xa8, 0x7c, 0x68, 0x20,
    0xb0, 0x80, 0x60, 0x20, 0xb0, 0x80, 0x60, 0x24, 0xa8, 0x80, 0x60, 0x20,
    0xa8, 0x7c, 0x68, 0x20, 0xa8, 0x7c, 0x60, 0x20, 0xa8, 0x80, 0x68, 0x20,
    0xa8, 0x80, 0x68, 0x20, 0xa8, 0x80, 0x68, 0x20, 0xb0, 0x7c, 0x60, 0x20,
    0xa8, 0x78, 0x68, 0x1c, 0xa8, 0x78, 0x68, 0x20, 0xa8, 0x78, 0x68, 0x1c,
    0xa8, 0x78, 0x68, 0x20, 0xa8, 0x7c, 0x60, 0x1c, 0xa8, 0x7c, 0x60, 0x1c,
    0xb0, 0x78, 0x60, 0x1c, 0xb0, 0x78, 0x60, 0x1c, 0xa8, 0x78, 0x60, 0x1c,
    0xa8, 0x7c, 0x60, 0x1c, 0xa8, 0x7c, 0x60, 0x1c, 0xa8, 0x7c, 0x60, 0x1c,
    0xa8, 0x7c, 0x60, 0x1c, 0xa8, 0x7c, 0x60, 0x1c, 0xa8, 0x7c, 0x60, 0x1c,
    0xa8, 0x7c, 0x60, 0x1c, 0xa8, 0x78, 0x60, 0x1c, 0xa8, 0x78, 0x60, 0x1c,
    0xa0, 0x7c, 0x60, 0x18, 0xa0, 0x78, 0x60, 0x18, 0xa0, 0x7c, 0x60, 0x18,
    0xa8, 0x74, 0x60, 0x18, 0xa8, 0x74, 0x60, 0x18, 0xa8, 0x78, 0x60, 0x18,
    0xa8, 0x74, 0x60, 0x18, 0xa8, 0x74, 0x60, 0x18, 0xa8, 0x78, 0x60, 0x18,
    0xa8, 0x70, 0x58, 0x18, 0xa0, 0x74, 0x60, 0x18, 0xa0, 0x74, 0x60, 0x18,
    0xa8, 0x6c, 0x58, 0x14, 0xa8, 0x6c, 0x58, 0x14, 0xa8, 0x6c, 0x58, 0x14,
    0xa8, 0x6c, 0x58, 0x14, 0xa8, 0x6c, 0x58, 0x14, 0xa8, 0x6c, 0x58, 0x14,
    0xa8, 0x6c, 0x58, 0x14, 0xa8, 0x6c, 0x58, 0x14, 0xa8, 0x74, 0x58, 0x14,
    0xa8, 0x74, 0x58, 0x14, 0xa8, 0x74, 0x58, 0x14, 0xa8, 0x74, 0x58, 0x14,
    0xa0, 0x6c, 0x50, 0x14, 0xa0, 0x6c, 0x50, 0x14, 0xa8, 0x74, 0x58, 0x14,
    0xa0, 0x6c, 0x50, 0x14, 0xa0, 0x6c, 0x50, 0x14, 0xa0, 0x6c, 0x50, 0x14,
    0xa0, 0x6c, 0x50, 0x14, 0xa0, 0x6c, 0x50, 0x14, 0xa0, 0x6c, 0x50, 0x14,
    0xa0, 0x70, 0x50, 0x10, 0xa0, 0x70, 0x50, 0x10, 0xa0, 0x70, 0x58, 0x14,
    0xa0, 0x70, 0x58, 0x10, 0xa8, 0x68, 0x48, 0x10, 0xa8, 0x6c, 0x48, 0x10,
    0xa8, 0x68, 0x50, 0x10, 0xa8, 0x68, 0x48, 0x10, 0xa8, 0x6c, 0x50, 0x10,
    0xa8, 0x68, 0x48, 0x10, 0xa0, 0x60, 0x50, 0x10, 0xa0, 0x60, 0x50, 0x10,
    0xa0, 0x60, 0x50, 0x10, 0xa0, 0x60, 0x50, 0x10, 0xa0, 0x60, 0x50, 0x10,
    0x98, 0x68, 0x48, 0x10, 0x98, 0x64, 0x48, 0x10, 0x98, 0x64, 0x48, 0x10,
    0x98, 0x68, 0x48, 0x10, 0xa0, 0x60, 0x50, 0x10, 0x98, 0x68, 0x40, 0x10,
    0xa0, 0x5c, 0x48, 0x0c, 0xa0, 0x5c, 0x48, 0x0c, 0xa0, 0x5c, 0x48, 0x10,
    0xa8, 0x5c, 0x48, 0x0c, 0xa0, 0x5c, 0x48, 0x0c, 0xa0, 0x60, 0x38, 0x0c,
    0xa8, 0x5c, 0x48, 0x0c, 0xa0, 0x64, 0x38, 0x0c, 0x90, 0x68, 0x40, 0x0c,
    0x98, 0x68, 0x40, 0x0c, 0x90, 0x6c, 0x40, 0x0c, 0x98, 0x64, 0x50, 0x0c,
    0xa8, 0x70, 0x58, 0x08, 0xa8, 0x70, 0x50, 0x08, 0xa0, 0x80, 0x60, 0x08,
    0x90, 0x6c, 0x48, 0x08, 0xa8, 0x80, 0x50, 0x08, 0xa8, 0x80, 0x58, 0x04,
    0xa8, 0x80, 0x50, 0x04, 0x98, 0x98, 0x68, 0x04, 0x98, 0x98, 0x68, 0x04,
    0xc0, 0x80, 0x80, 0x04, 0xc0, 0x80, 0x80, 0x04, 0xc0, 0x80, 0x80, 0x04,
    0xc0, 0x80, 0x80, 0x04, 0xc0, 0x7c, 0x80, 0x04, 0xc0, 0x80, 0x80, 0x04,
    0xa8, 0xa8, 0x58, 0x04, 0xa8, 0xac, 0x50, 0x04, 0xa8, 0xac, 0x58, 0x04,
    0xb0, 0xa8, 0x58, 0x04, 0xa8, 0xac, 0x50, 0x00, 0x80, 0x80, 0x80, 0x00,
    0x80, 0x80, 0x80, 0x00, 0x80, 0x80, 0x80, 0x04, 0x80, 0x80, 0x80, 0x00,
    0x80, 0x80, 0x80, 0x00, 0x80, 0x80, 0x80, 0x04, 0x00, 0x00, 0x00, 0x00,
    0x00, 0x00, 0x00, 0x00, 0x00, 0x00, 0x00, 0x00, 0x00, 0x00, 0x00, 0x00,
    0x00, 0x00, 0x00, 0x00, 0x00, 0x00, 0x00, 0x00, 0x00, 0x00, 0x00, 0x00,
    0x00, 0x00, 0x00, 0x00, 0x00, 0x00, 0x00, 0x00, 0x00, 0x00, 0x00, 0x00,
    0x00, 0x00, 0x00, 0x00, 0x00, 0x00, 0x00, 0x00, 0x00, 0x00, 0x00, 0x00,
    0x00, 0x00, 0x00, 0x00, 0x00, 0x00, 0x00, 0x00, 0x00, 0x00, 0x00, 0x00,
    0x00, 0x00, 0x00, 0x00, 0x00, 0x00, 0x00, 0x00, 0x00, 0x00, 0x00, 0x00,
    0x00, 0x00, 0x00, 0x00, 0x00, 0x00, 0x00, 0x00, 0x00, 0x00, 0x00, 0x00,
    0x00, 0x00, 0x00, 0x00, 0x00, 0x00, 0x00, 0x00, 0x00, 0x00, 0x00, 0x00,
    0x00, 0x00, 0x00, 0x00, 0x00, 0x00, 0x00, 0x00, 0x00, 0x00, 0x00, 0x00,
    0x00, 0x00, 0x00, 0x00, 0x00, 0x00, 0x00, 0x00, 0x00, 0x00, 0x00, 0x00,
    0x00, 0x00, 0x00, 0x00, 0x00, 0x00, 0x00, 0x00, 0x00, 0x00, 0x00, 0x00,
    0x00, 0x00, 0x00, 0x00, 0x00, 0x00, 0x00, 0x00, 0x00, 0x00, 0x00, 0x00,
    0x00, 0x00, 0x00, 0x00, 0x00, 0x00, 0x00, 0x00, 0x00, 0x00, 0x00, 0x00,
    0x00, 0x00, 0x00, 0x00, 0x00, 0x00, 0x00, 0x00, 0x00, 0x00, 0x00, 0x00,
    0x00, 0x00, 0x00, 0x00, 0xb0, 0x88, 0x78, 0x1c, 0xb0, 0x88, 0x70, 0x24,
    0xb8, 0x88, 0x70, 0x24, 0xa8, 0x88, 0x70, 0x24, 0xb0, 0x88, 0x70, 0x24,
    0xb0, 0x84, 0x68, 0x20, 0xb0, 0x80, 0x70, 0x24, 0xb0, 0x80, 0x70, 0x24,
    0xb0, 0x80, 0x70, 0x20, 0xa8, 0x80, 0x70, 0x20, 0xa8, 0x84, 0x70, 0x20,
    0xb0, 0x84, 0x70, 0x20, 0xa8, 0x80, 0x70, 0x20, 0xa8, 0x84, 0x68, 0x20,
    0xa8, 0x84, 0x68, 0x20, 0xb0, 0x80, 0x70, 0x20, 0xb0, 0x80, 0x68, 0x20,
    0xa8, 0x84, 0x70, 0x20, 0xa8, 0x84, 0x68, 0x20, 0xa8, 0x80, 0x70, 0x20,
    0xb0, 0x84, 0x70, 0x20, 0xa8, 0x84, 0x68, 0x20, 0xa8, 0x84, 0x70, 0x20,
    0xb0, 0x80, 0x70, 0x20, 0xa8, 0x84, 0x70, 0x20, 0xa8, 0x84, 0x68, 0x20,
    0xb0, 0x84, 0x70, 0x20, 0xb0, 0x80, 0x70, 0x24, 0xa8, 0x80, 0x70, 0x24,
    0xb0, 0x80, 0x70, 0x20, 0xb0, 0x80, 0x70, 0x24, 0xa8, 0x80, 0x70, 0x24,
    0xb0, 0x84, 0x70, 0x24, 0xb0, 0x80, 0x70, 0x24, 0xa8, 0x80, 0x70, 0x20,
    0xb0, 0x84, 0x70, 0x24, 0xb0, 0x80, 0x70, 0x24, 0xb0, 0x84, 0x70, 0x24,
    0xb0, 0x84, 0x70, 0x24, 0xb0, 0x84, 0x70, 0x24, 0xb0, 0x84, 0x70, 0x24,
    0xb0, 0x84, 0x70, 0x24, 0xb0, 0x88, 0x68, 0x24, 0xb0, 0x84, 0x70, 0x24,
    0xb0, 0x88, 0x68, 0x24, 0xb0, 0x88, 0x68, 0x24, 0xb0, 0x84, 0x70, 0x28,
    0xa8, 0x80, 0x70, 0x24, 0xb0, 0x84, 0x70, 0x24, 0xa8, 0x80, 0x70, 0x28,
    0xb0, 0x84, 0x70, 0x28, 0xb0, 0x84, 0x70, 0x24, 0xb0, 0x84, 0x68, 0x28,
    0xb0, 0x84, 0x68, 0x28, 0xb0, 0x84, 0x68, 0x24, 0xb0, 0x84, 0x68, 0x28,
    0xb0, 0x84, 0x68, 0x28, 0xb0, 0x84, 0x68, 0x24, 0xb0, 0x84, 0x70, 0x28,
    0xb0, 0x84, 0x70, 0x28, 0xb0, 0x84, 0x70, 0x28, 0xb0, 0x84, 0x68, 0x24,
    0xb0, 0x84, 0x68, 0x28, 0xb0, 0x84, 0x70, 0x28, 0xb0, 0x84, 0x70, 0x28,
    0xb0, 0x84, 0x70, 0x28, 0xb0, 0x84, 0x68, 0x28, 0xb0, 0x84, 0x70, 0x28,
    0xb0, 0x84, 0x70, 0x28, 0xb0, 0x84, 0x68, 0x24, 0xb0, 0x84, 0x70, 0x28,
    0xb0, 0x84, 0x68, 0x28, 0xb0, 0x84, 0x70, 0x28, 0xb0, 0x84, 0x70, 0x28,
    0xb0, 0x84, 0x70, 0x28, 0xb0, 0x84, 0x70, 0x28, 0xb0, 0x88, 0x68, 0x28,
    0xb0, 0x84, 0x68, 0x28, 0xa8, 0x84, 0x70, 0x24, 0xb0, 0x84, 0x70, 0x24,
    0xb0, 0x84, 0x70, 0x24, 0xa8, 0x84, 0x70, 0x24, 0xb0, 0x84, 0x70, 0x24,
    0xb0, 0x88, 0x68, 0x24, 0xb0, 0x88, 0x68, 0x24, 0xb0, 0x88, 0x68, 0x24,
    0xb0, 0x84, 0x70, 0x24, 0xb0, 0x88, 0x68, 0x24, 0xb0, 0x84, 0x70, 0x24,
    0xb0, 0x84, 0x68, 0x24, 0xb0, 0x84, 0x70, 0x24, 0xb0, 0x84, 0x70, 0x24,
    0xb0, 0x80, 0x70, 0x20, 0xb0, 0x80, 0x70, 0x24, 0xa8, 0x80, 0x70, 0x20,
    0xb0, 0x80, 0x70, 0x20, 0xa8, 0x80, 0x70, 0x20, 0xb0, 0x80, 0x70, 0x20,
    0xa8, 0x84, 0x70, 0x20, 0xb0, 0x80, 0x70, 0x20, 0xb0, 0x80, 0x70, 0x20,
    0xb0, 0x84, 0x68, 0x20, 0xb0, 0x84, 0x70, 0x20, 0xb0, 0x84, 0x68, 0x20,
    0xa8, 0x80, 0x70, 0x1c, 0xa8, 0x80, 0x70, 0x20, 0xb0, 0x84, 0x68, 0x1c,
    0xb0, 0x84, 0x68, 0x1c, 0xb0, 0x80, 0x70, 0x1c, 0xb0, 0x80, 0x68, 0x1c,
    0xb0, 0x80, 0x70, 0x1c, 0xa8, 0x84, 0x68, 0x1c, 0xa8, 0x84, 0x68, 0x1c,
    0xa8, 0x84, 0x68, 0x1c, 0xa8, 0x80, 0x70, 0x18, 0xa8, 0x80, 0x70, 0x18,
    0xa8, 0x7c, 0x68, 0x18, 0xb0, 0x78, 0x68, 0x18, 0xb0, 0x78, 0x68, 0x18,
    0xb0, 0x78, 0x68, 0x18, 0xa8, 0x80, 0x68, 0x18, 0xb0, 0x80, 0x68, 0x18,
    0xa8, 0x80, 0x68, 0x18, 0xa8, 0x78, 0x60, 0x18, 0xa8, 0x78, 0x68, 0x18,
    0xb0, 0x80, 0x68, 0x14, 0xb0, 0x80, 0x68, 0x18, 0xb0, 0x80, 0x68, 0x18,
    0xb0, 0x80, 0x68, 0x14, 0xb0, 0x80, 0x68, 0x18, 0xa8, 0x78, 0x60, 0x14,
    0xa8, 0x78, 0x60, 0x14, 0xa8, 0x78, 0x60, 0x14, 0xa8, 0x80, 0x68, 0x14,
    0xa8, 0x80, 0x68, 0x14, 0xa8, 0x80, 0x68, 0x14, 0xa8, 0x80, 0x68, 0x14,
    0xb0, 0x78, 0x60, 0x14, 0xa8, 0x70, 0x60, 0x14, 0xb0, 0x74, 0x60, 0x14,
    0xa8, 0x70, 0x60, 0x14, 0xa8, 0x70, 0x60, 0x14, 0xa8, 0x74, 0x60, 0x14,
    0xb0, 0x70, 0x60, 0x10, 0xa8, 0x70, 0x60, 0x14, 0xa8, 0x70, 0x60, 0x14,
    0xa8, 0x70, 0x60, 0x10, 0xa8, 0x78, 0x58, 0x10, 0xa0, 0x70, 0x60, 0x10,
    0xa8, 0x78, 0x58, 0x10, 0xa0, 0x70, 0x60, 0x10, 0xa8, 0x78, 0x58, 0x10,
    0xa8, 0x78, 0x50, 0x10, 0xb0, 0x78, 0x50, 0x0c, 0xa0, 0x70, 0x60, 0x10,
    0xa0, 0x70, 0x60, 0x10, 0xa0, 0x70, 0x60, 0x10, 0xa0, 0x70, 0x60, 0x10,
    0xa8, 0x78, 0x50, 0x10, 0xa0, 0x70, 0x60, 0x10, 0xa8, 0x78, 0x58, 0x10,
    0xa8, 0x78, 0x50, 0x10, 0xa0, 0x6c, 0x58, 0x0c, 0xa0, 0x6c, 0x58, 0x10,
    0xa8, 0x6c, 0x58, 0x10, 0xa0, 0x70, 0x60, 0x10, 0xa0, 0x6c, 0x58, 0x10,
    0xa8, 0x6c, 0x58, 0x10, 0xa0, 0x78, 0x50, 0x0c, 0x98, 0x78, 0x50, 0x0c,
    0xa0, 0x78, 0x50, 0x0c, 0xa0, 0x74, 0x50, 0x0c, 0xa0, 0x78, 0x50, 0x0c,
    0xa0, 0x74, 0x48, 0x0c, 0xa8, 0x68, 0x50, 0x0c, 0xa8, 0x6c, 0x58, 0x0c,
    0xa0, 0x74, 0x50, 0x0c, 0xa8, 0x68, 0x58, 0x0c, 0xa8, 0x68, 0x58, 0x0c,
    0xa8, 0x6c, 0x58, 0x0c, 0xa8, 0x68, 0x58, 0x0c, 0xa8, 0x68, 0x58, 0x0c,
    0xa8, 0x6c, 0x58, 0x0c, 0xa8, 0x68, 0x58, 0x0c, 0xa0, 0x5c, 0x48, 0x0c,
    0xa0, 0x5c, 0x48, 0x0c, 0xa0, 0x5c, 0x48, 0x0c, 0x98, 0x68, 0x50, 0x08,
    0xa8, 0x70, 0x58, 0x08, 0xa8, 0x70, 0x50, 0x08, 0xa0, 0x80, 0x60, 0x08,
    0x90, 0x6c, 0x48, 0x08, 0x90, 0x70, 0x48, 0x08, 0xa8, 0x80, 0x58, 0x04,
    0xa8, 0x80, 0x58, 0x08, 0xb0, 0x80, 0x58, 0x08, 0xa8, 0x80, 0x50, 0x04,
    0x98, 0x98, 0x68, 0x04, 0x98, 0x98, 0x68, 0x04, 0x98, 0x98, 0x60, 0x08,
    0xc0, 0x80, 0x80, 0x04, 0xc0, 0x80, 0x80, 0x04, 0xc0, 0x80, 0x80, 0x04,
    0xc0, 0x7c, 0x80, 0x04, 0xc0, 0x80, 0x80, 0x04, 0xa8, 0xa8, 0x50, 0x04,
    0xa8, 0xac, 0x58, 0x04, 0xa8, 0xa8, 0x58, 0x04, 0xb0, 0xac, 0x50, 0x00,
    0xa8, 0xa8, 0x58, 0x04, 0xa8, 0xa8, 0x58, 0x04, 0x80, 0x80, 0x80, 0x00,
    0x80, 0x80, 0x80, 0x04, 0x80, 0x7c, 0x80, 0x04, 0x80, 0x80, 0x80, 0x00,
    0x80, 0x80, 0x80, 0x04, 0x80, 0x80, 0x80, 0x04, 0x00, 0x00, 0x00, 0x00,
    0x00, 0x00, 0x00, 0x00, 0x00, 0x00, 0x00, 0x00, 0x00, 0x00, 0x00, 0x00,
    0x00, 0x00, 0x00, 0x00, 0x00, 0x00, 0x00, 0x00, 0x00, 0x00, 0x00, 0x00,
    0x00, 0x00, 0x00, 0x00, 0x00, 0x00, 0x00, 0x00, 0x00, 0x00, 0x00, 0x00,
    0x00, 0x00, 0x00, 0x00, 0x00, 0x00, 0x00, 0x00, 0x00, 0x00, 0x00, 0x00,
    0x00, 0x00, 0x00, 0x00, 0x00, 0x00, 0x00, 0x00, 0x00, 0x00, 0x00, 0x00,
    0x00, 0x00, 0x00, 0x00, 0x00, 0x00, 0x00, 0x00, 0x00, 0x00, 0x00, 0x00,
    0x00, 0x00, 0x00, 0x00, 0x00, 0x00, 0x00, 0x00, 0x00, 0x00, 0x00, 0x00,
    0x00, 0x00, 0x00, 0x00, 0x00, 0x00, 0x00, 0x00, 0x00, 0x00, 0x00, 0x00,
    0x00, 0x00, 0x00, 0x00, 0x00, 0x00, 0x00, 0x00, 0x00, 0x00, 0x00, 0x00,
    0x00, 0x00, 0x00, 0x00, 0x00, 0x00, 0x00, 0x00, 0x00, 0x00, 0x00, 0x00,
    0x00, 0x00, 0x00, 0x00, 0x00, 0x00, 0x00, 0x00, 0x00, 0x00, 0x00, 0x00,
    0x00, 0x00, 0x00, 0x00, 0x00, 0x00, 0x00, 0x00, 0x00, 0x00, 0x00, 0x00,
    0x00, 0x00, 0x00, 0x00, 0x00, 0x00, 0x00, 0x00, 0x00, 0x00, 0x00, 0x00,
    0x00, 0x00, 0x00, 0x00, 0x00, 0x00, 0x00, 0x00, 0x00, 0x00, 0x00, 0x00,
    0x00, 0x00, 0x00, 0x00, 0xa8, 0x88, 0x78, 0x10, 0xb8, 0x8c, 0x70, 0x20,
    0xb8, 0x8c, 0x70, 0x20, 0xb0, 0x8c, 0x70, 0x20, 0xa8, 0x8c, 0x70, 0x20,
    0xb0, 0x8c, 0x70, 0x20, 0xb0, 0x88, 0x78, 0x1c, 0xb0, 0x88, 0x78, 0x1c,
    0xb0, 0x88, 0x78, 0x20, 0xb0, 0x84, 0x70, 0x1c, 0xb0, 0x84, 0x70, 0x1c,
    0xb0, 0x84, 0x70, 0x20, 0xb0, 0x84, 0x70, 0x1c, 0xb0, 0x84, 0x70, 0x1c,
    0xb0, 0x84, 0x70, 0x1c, 0xb0, 0x84, 0x70, 0x1c, 0xb0, 0x84, 0x70, 0x1c,
    0xb0, 0x88, 0x78, 0x1c, 0xb0, 0x88, 0x78, 0x1c, 0xb0, 0x84, 0x70, 0x1c,
    0xb0, 0x84, 0x70, 0x1c, 0xb0, 0x84, 0x70, 0x20, 0xb0, 0x88, 0x78, 0x1c,
    0xb0, 0x84, 0x70, 0x1c, 0xb0, 0x84, 0x70, 0x20, 0xb0, 0x84, 0x70, 0x1c,
    0xb0, 0x84, 0x70, 0x1c, 0xb0, 0x84, 0x70, 0x1c, 0xb0, 0x88, 0x78, 0x20,
    0xb0, 0x88, 0x78, 0x1c, 0xb0, 0x88, 0x78, 0x1c, 0xb0, 0x8c, 0x70, 0x20,
    0xb0, 0x88, 0x78, 0x1c, 0xb0, 0x8c, 0x70, 0x20, 0xb0, 0x8c, 0x70, 0x20,
    0xa8, 0x8c, 0x70, 0x20, 0xb0, 0x8c, 0x70, 0x1c, 0xb0, 0x88, 0x70, 0x20,
    0xb0, 0x84, 0x70, 0x20, 0xb0, 0x88, 0x70, 0x20, 0xb0, 0x84, 0x70, 0x20,
    0xb0, 0x88, 0x70, 0x20, 0xb0, 0x8c, 0x70, 0x20, 0xb0, 0x88, 0x70, 0x20,
    0xb0, 0x8c, 0x78, 0x20, 0xb0, 0x8c, 0x70, 0x20, 0xb8, 0x84, 0x70, 0x24,
    0xb0, 0x88, 0x70, 0x24, 0xb0, 0x88, 0x70, 0x24, 0xb0, 0x88, 0x78, 0x24,
    0xb0, 0x88, 0x70, 0x20, 0xb0, 0x88, 0x70, 0x24, 0xb0, 0x88, 0x70, 0x20,
    0xb0, 0x88, 0x78, 0x24, 0xb0, 0x8c, 0x78, 0x24, 0xb0, 0x88, 0x70, 0x24,
    0xb0, 0x88, 0x78, 0x24, 0xb8, 0x88, 0x70, 0x20, 0xb0, 0x88, 0x78, 0x24,
    0xb0, 0x88, 0x70, 0x24, 0xb0, 0x88, 0x70, 0x24, 0xb0, 0x88, 0x70, 0x24,
    0xb0, 0x88, 0x70, 0x24, 0xb0, 0x88, 0x78, 0x24, 0xb0, 0x88, 0x70, 0x24,
    0xb0, 0x88, 0x70, 0x24, 0xb8, 0x88, 0x78, 0x24, 0xb0, 0x88, 0x70, 0x24,
    0xb0, 0x88, 0x70, 0x24, 0xb0, 0x88, 0x70, 0x24, 0xb0, 0x88, 0x78, 0x24,
    0xb0, 0x88, 0x78, 0x24, 0xb0, 0x88, 0x70, 0x24, 0xb0, 0x88, 0x70, 0x24,
    0xb0, 0x88, 0x70, 0x24, 0xb0, 0x88, 0x70, 0x24, 0xb0, 0x88, 0x70, 0x24,
    0xb0, 0x88, 0x70, 0x24, 0xb0, 0x88, 0x78, 0x24, 0xb0, 0x88, 0x78, 0x24,
    0xb0, 0x88, 0x70, 0x24, 0xb0, 0x88, 0x70, 0x24, 0xb8, 0x84, 0x70, 0x20,
    0xb8, 0x84, 0x70, 0x24, 0xb0, 0x88, 0x70, 0x20, 0xb8, 0x84, 0x70, 0x20,
    0xb0, 0x8c, 0x78, 0x20, 0xb0, 0x8c, 0x70, 0x20, 0xb0, 0x88, 0x70, 0x20,
    0xb0, 0x88, 0x70, 0x20, 0xb0, 0x8c, 0x70, 0x20, 0xb0, 0x84, 0x70, 0x20,
    0xb0, 0x88, 0x70, 0x20, 0xb0, 0x8c, 0x70, 0x20, 0xb0, 0x8c, 0x70, 0x20,
    0xb0, 0x8c, 0x70, 0x20, 0xb0, 0x88, 0x78, 0x20, 0xb0, 0x84, 0x70, 0x1c,
    0xb0, 0x88, 0x78, 0x20, 0xb0, 0x84, 0x70, 0x1c, 0xb0, 0x84, 0x70, 0x1c,
    0xb0, 0x88, 0x78, 0x1c, 0xa8, 0x88, 0x78, 0x1c, 0xb0, 0x88, 0x78, 0x1c,
    0xb0, 0x84, 0x70, 0x1c, 0xb0, 0x88, 0x78, 0x18, 0xb0, 0x88, 0x78, 0x1c,
    0xb0, 0x88, 0x78, 0x1c, 0xb0, 0x84, 0x70, 0x18, 0xb0, 0x84, 0x70, 0x18,
    0xb0, 0x84, 0x70, 0x18, 0xb8, 0x88, 0x78, 0x18, 0xb8, 0x88, 0x70, 0x18,
    0xb8, 0x88, 0x78, 0x18, 0xb0, 0x84, 0x70, 0x18, 0xb0, 0x84, 0x70, 0x18,
    0xb0, 0x84, 0x70, 0x18, 0xb0, 0x8c, 0x70, 0x14, 0xb0, 0x84, 0x70, 0x18,
    0xb0, 0x8c, 0x70, 0x14, 0xa8, 0x84, 0x70, 0x14, 0xa8, 0x84, 0x70, 0x14,
    0xa8, 0x84, 0x68, 0x14, 0xb0, 0x80, 0x70, 0x14, 0xb0, 0x80, 0x70, 0x14,
    0xb0, 0x80, 0x70, 0x14, 0xb0, 0x84, 0x68, 0x14, 0xb0, 0x84, 0x68, 0x14,
    0xb0, 0x88, 0x68, 0x14, 0xb0, 0x84, 0x68, 0x14, 0xa8, 0x80, 0x70, 0x10,
    0xb8, 0x88, 0x68, 0x10, 0xa8, 0x80, 0x70, 0x14, 0xb0, 0x80, 0x70, 0x10,
    0xb0, 0x88, 0x68, 0x10, 0xb0, 0x80, 0x70, 0x10, 0xb0, 0x80, 0x70, 0x10,
    0xb0, 0x80, 0x70, 0x10, 0xb0, 0x80, 0x70, 0x10, 0xb0, 0x80, 0x70, 0x10,
    0xb0, 0x80, 0x70, 0x10, 0xa8, 0x88, 0x68, 0x10, 0xb0, 0x88, 0x68, 0x10,
    0xa8, 0x80, 0x70, 0x0c, 0xa8, 0x80, 0x70, 0x10, 0xa8, 0x88, 0x68, 0x10,
    0xa8, 0x88, 0x68, 0x10, 0xa8, 0x88, 0x68, 0x10, 0xa8, 0x88, 0x68, 0x10,
    0xa8, 0x88, 0x68, 0x10, 0xa8, 0x80, 0x70, 0x0c, 0xa8, 0x80, 0x70, 0x0c,
    0xb0, 0x74, 0x60, 0x0c, 0xb0, 0x74, 0x60, 0x0c, 0xb0, 0x74, 0x60, 0x0c,
    0xb0, 0x74, 0x60, 0x0c, 0xb0, 0x74, 0x60, 0x0c, 0xb0, 0x74, 0x60, 0x0c,
    0xb0, 0x78, 0x60, 0x0c, 0xb0, 0x74, 0x60, 0x0c, 0xb0, 0x78, 0x60, 0x0c,
    0xa8, 0x80, 0x68, 0x0c, 0xa8, 0x80, 0x68, 0x0c, 0xa8, 0x80, 0x70, 0x0c,
    0xa8, 0x80, 0x68, 0x0c, 0xa0, 0x74, 0x60, 0x0c, 0xa0, 0x74, 0x60, 0x0c,
    0xa0, 0x74, 0x60, 0x0c, 0xa0, 0x74, 0x60, 0x0c, 0xa0, 0x74, 0x60, 0x0c,
    0xb0, 0x80, 0x68, 0x0c, 0xb0, 0x80, 0x68, 0x08, 0xb0, 0x80, 0x68, 0x0c,
    0xb0, 0x80, 0x68, 0x08, 0xb0, 0x80, 0x68, 0x08, 0xb0, 0x80, 0x68, 0x08,
    0xb8, 0x80, 0x60, 0x08, 0xb0, 0x80, 0x68, 0x08, 0xb0, 0x80, 0x68, 0x08,
    0xb0, 0x70, 0x50, 0x08, 0xb8, 0x80, 0x68, 0x0c, 0xa8, 0x70, 0x58, 0x08,
    0xa8, 0x70, 0x50, 0x08, 0xa8, 0x70, 0x58, 0x08, 0xa8, 0x70, 0x58, 0x08,
    0xa0, 0x80, 0x60, 0x08, 0xa0, 0x80, 0x60, 0x08, 0xa0, 0x80, 0x60, 0x08,
    0xa0, 0x80, 0x60, 0x08, 0x90, 0x6c, 0x48, 0x08, 0xa8, 0x80, 0x58, 0x08,
    0xb0, 0x80, 0x58, 0x04, 0xa8, 0x80, 0x50, 0x08, 0xa8, 0x80, 0x58, 0x04,
    0xb0, 0x80, 0x50, 0x04, 0x98, 0x98, 0x68, 0x04, 0xc0, 0x80, 0x80, 0x04,
    0xc0, 0x80, 0x80, 0x04, 0xc0, 0x80, 0x80, 0x04, 0xc0, 0x80, 0x80, 0x04,
    0xc0, 0x80, 0x80, 0x04, 0xc0, 0x80, 0x80, 0x04, 0xc0, 0x7c, 0x78, 0x04,
    0xa8, 0xa8, 0x50, 0x04, 0xa8, 0xac, 0x50, 0x04, 0xa8, 0xac, 0x58, 0x04,
    0xa8, 0xa8, 0x50, 0x04, 0xb0, 0xa8, 0x58, 0x00, 0xa8, 0xac, 0x58, 0x04,
    0xa8, 0xac, 0x50, 0x04, 0x80, 0x80, 0x80, 0x00, 0x80, 0x80, 0x80, 0x04,
    0x80, 0x7c, 0x80, 0x00, 0x80, 0x80, 0x80, 0x00, 0x80, 0x80, 0x80, 0x04,
    0x80, 0x7c, 0x80, 0x00, 0x80, 0x80, 0x80, 0x00, 0x00, 0x00, 0x00, 0x00,
    0x00, 0x00, 0x00, 0x00, 0x00, 0x00, 0x00, 0x00, 0x00, 0x00, 0x00, 0x00,
    0x00, 0x00, 0x00, 0x00, 0x00, 0x00, 0x00, 0x00, 0x00, 0x00, 0x00, 0x00,
    0x00, 0x00, 0x00, 0x00, 0x00, 0x00, 0x00, 0x00, 0x00, 0x00, 0x00, 0x00,
    0x00, 0x00, 0x00, 0x00, 0x00, 0x00, 0x00, 0x00, 0x00, 0x00, 0x00, 0x00,
    0x00, 0x00, 0x00, 0x00, 0x00, 0x00, 0x00, 0x00, 0x00, 0x00, 0x00, 0x00,
    0x00, 0x00, 0x00, 0x00, 0x00, 0x00, 0x00, 0x00, 0x00, 0x00, 0x00, 0x00,
    0x00, 0x00, 0x00, 0x00, 0x00, 0x00, 0x00, 0x00, 0x00, 0x00, 0x00, 0x00,
    0x00, 0x00, 0x00, 0x00, 0x00, 0x00, 0x00, 0x00, 0x00, 0x00, 0x00, 0x00,
    0x00, 0x00, 0x00, 0x00, 0x00, 0x00, 0x00, 0x00, 0x00, 0x00, 0x00, 0x00,
    0x00, 0x00, 0x00, 0x00, 0x00, 0x00, 0x00, 0x00, 0x00, 0x00, 0x00, 0x00,
    0x00, 0x00, 0x00, 0x00, 0x00, 0x00, 0x00, 0x00, 0x00, 0x00, 0x00, 0x00,
    0x00, 0x00, 0x00, 0x00, 0x00, 0x00, 0x00, 0x00, 0x00, 0x00, 0x00, 0x00,
    0x00, 0x00, 0x00, 0x00, 0x00, 0x00, 0x00, 0x00, 0x00, 0x00, 0x00, 0x00,
    0x00, 0x00, 0x00, 0x00, 0x00, 0x00, 0x00, 0x00, 0x00, 0x00, 0x00, 0x00,
    0x00, 0x00, 0x00, 0x00, 0x98, 0x98, 0x68, 0x04, 0xb0, 0x8c, 0x78, 0x1c,
    0xb0, 0x8c, 0x78, 0x1c, 0xb0, 0x88, 0x78, 0x1c, 0xa8, 0x88, 0x78, 0x1c,
    0xb0, 0x88, 0x78, 0x1c, 0xb0, 0x8c, 0x78, 0x1c, 0xb0, 0x8c, 0x78, 0x1c,
    0xb8, 0x8c, 0x78, 0x1c, 0xb0, 0x88, 0x78, 0x1c, 0xb0, 0x88, 0x78, 0x1c,
    0xb0, 0x88, 0x78, 0x1c, 0xb0, 0x88, 0x78, 0x1c, 0xb0, 0x88, 0x78, 0x1c,
    0xb0, 0x88, 0x78, 0x1c, 0xb0, 0x90, 0x78, 0x18, 0xb0, 0x90, 0x78, 0x18,
    0xb0, 0x90, 0x78, 0x1c, 0xb0, 0x90, 0x78, 0x18, 0xb0, 0x90, 0x78, 0x18,
    0xb0, 0x90, 0x78, 0x1c, 0xb0, 0x90, 0x78, 0x18, 0xb0, 0x8c, 0x78, 0x18,
    0xb0, 0x88, 0x78, 0x1c, 0xb0, 0x88, 0x78, 0x1c, 0xb0, 0x88, 0x78, 0x1c,
    0xb0, 0x88, 0x78, 0x1c, 0xb0, 0x8c, 0x78, 0x1c, 0xb0, 0x8c, 0x78, 0x1c,
    0xb0, 0x88, 0x78, 0x18, 0xb0, 0x8c, 0x78, 0x1c, 0xb0, 0x8c, 0x78, 0x1c,
    0xb0, 0x8c, 0x78, 0x1c, 0xb0, 0x88, 0x78, 0x1c, 0xb0, 0x88, 0x78, 0x1c,
    0xa8, 0x88, 0x78, 0x1c, 0xb0, 0x88, 0x78, 0x1c, 0xa8, 0x88, 0x78, 0x1c,
    0xb0, 0x8c, 0x78, 0x1c, 0xb0, 0x8c, 0x78, 0x1c, 0xb0, 0x8c, 0x78, 0x1c,
    0xb0, 0x88, 0x78, 0x1c, 0xb0, 0x88, 0x78, 0x1c, 0xb0, 0x88, 0x78, 0x20,
    0xb0, 0x88, 0x78, 0x20, 0xb0, 0x88, 0x78, 0x1c, 0xb8, 0x8c, 0x70, 0x20,
    0xb8, 0x8c, 0x70, 0x20, 0xb8, 0x8c, 0x70, 0x20, 0xb0, 0x90, 0x78, 0x20,
    0xb8, 0x8c, 0x70, 0x20, 0xb0, 0x90, 0x78, 0x20, 0xb0, 0x90, 0x78, 0x20,
    0xb0, 0x90, 0x78, 0x20, 0xb0, 0x90, 0x78, 0x20, 0xb0, 0x90, 0x78, 0x20,
    0xb0, 0x8c, 0x78, 0x20, 0xb0, 0x90, 0x78, 0x20, 0xb0, 0x8c, 0x70, 0x20,
    0xb0, 0x8c, 0x78, 0x20, 0xb0, 0x88, 0x70, 0x20, 0xb0, 0x8c, 0x78, 0x20,
    0xb0, 0x8c, 0x70, 0x20, 0xb8, 0x88, 0x70, 0x20, 0xb8, 0x8c, 0x78, 0x20,
    0xb0, 0x8c, 0x78, 0x20, 0xb8, 0x8c, 0x78, 0x20, 0xb8, 0x8c, 0x78, 0x24,
    0xb0, 0x8c, 0x70, 0x20, 0xb8, 0x8c, 0x78, 0x20, 0xb8, 0x90, 0x78, 0x20,
    0xb0, 0x8c, 0x78, 0x20, 0xb0, 0x8c, 0x78, 0x20, 0xb0, 0x90, 0x78, 0x20,
    0xb0, 0x8c, 0x78, 0x20, 0xb0, 0x90, 0x78, 0x20, 0xb0, 0x8c, 0x78, 0x20,
    0xb0, 0x8c, 0x78, 0x20, 0xb0, 0x8c, 0x70, 0x20, 0xb0, 0x8c, 0x70, 0x20,
    0xb0, 0x90, 0x78, 0x20, 0xb0, 0x90, 0x78, 0x20, 0xb0, 0x8c, 0x70, 0x20,
    0xb0, 0x90, 0x78, 0x20, 0xb0, 0x90, 0x78, 0x20, 0xb0, 0x90, 0x78, 0x20,
    0xb8, 0x8c, 0x70, 0x20, 0xb8, 0x8c, 0x70, 0x20, 0xb8, 0x8c, 0x78, 0x20,
    0xb0, 0x88, 0x78, 0x1c, 0xb0, 0x88, 0x78, 0x1c, 0xb0, 0x88, 0x78, 0x20,
    0xb0, 0x8c, 0x78, 0x1c, 0xb0, 0x8c, 0x78, 0x1c, 0xb0, 0x8c, 0x80, 0x1c,
    0xa8, 0x88, 0x78, 0x1c, 0xb0, 0x88, 0x78, 0x1c, 0xb0, 0x8c, 0x78, 0x1c,
    0xb0, 0x8c, 0x78, 0x1c, 0xb0, 0x8c, 0x80, 0x1c, 0xb0, 0x90, 0x78, 0x1c,
    0xb0, 0x88, 0x78, 0x1c, 0xb0, 0x88, 0x78, 0x18, 0xb0, 0x88, 0x78, 0x1c,
    0xb0, 0x90, 0x78, 0x18, 0xb0, 0x90, 0x78, 0x18, 0xb8, 0x88, 0x78, 0x18,
    0xa8, 0x90, 0x78, 0x18, 0xb0, 0x90, 0x78, 0x18, 0xb0, 0x90, 0x78, 0x18,
    0xb0, 0x90, 0x78, 0x18, 0xb0, 0x8c, 0x70, 0x14, 0xb0, 0x8c, 0x78, 0x18,
    0xb0, 0x8c, 0x70, 0x14, 0xb8, 0x84, 0x78, 0x14, 0xb8, 0x88, 0x78, 0x14,
    0xb0, 0x8c, 0x70, 0x14, 0xb0, 0x8c, 0x70, 0x14, 0xb0, 0x8c, 0x70, 0x14,
    0xb0, 0x88, 0x78, 0x14, 0xb0, 0x88, 0x78, 0x14, 0xb0, 0x84, 0x78, 0x14,
    0xb0, 0x88, 0x78, 0x14, 0xb0, 0x84, 0x78, 0x14, 0xa8, 0x90, 0x70, 0x10,
    0xa8, 0x8c, 0x70, 0x10, 0xb8, 0x88, 0x78, 0x10, 0xb0, 0x88, 0x78, 0x10,
    0xb0, 0x90, 0x70, 0x10, 0xb0, 0x90, 0x70, 0x10, 0xb0, 0x90, 0x70, 0x10,
    0xb0, 0x90, 0x70, 0x10, 0xa8, 0x88, 0x78, 0x10, 0xa8, 0x88, 0x78, 0x10,
    0xa8, 0x88, 0x78, 0x10, 0xb8, 0x7c, 0x68, 0x0c, 0xb8, 0x80, 0x68, 0x0c,
    0xb8, 0x80, 0x70, 0x10, 0xb0, 0x88, 0x78, 0x0c, 0xb0, 0x88, 0x78, 0x0c,
    0xb8, 0x80, 0x70, 0x0c, 0xb8, 0x80, 0x70, 0x0c, 0xb0, 0x88, 0x78, 0x0c,
    0xb0, 0x88, 0x78, 0x0c, 0xa8, 0x80, 0x68, 0x0c, 0xa8, 0x80, 0x68, 0x0c,
    0xb0, 0x88, 0x78, 0x0c, 0xb0, 0x88, 0x78, 0x0c, 0xa8, 0x80, 0x68, 0x0c,
    0xa8, 0x80, 0x68, 0x0c, 0xa8, 0x80, 0x68, 0x0c, 0xb8, 0x88, 0x78, 0x0c,
    0xb8, 0x8c, 0x78, 0x0c, 0xb8, 0x8c, 0x78, 0x0c, 0xb8, 0x8c, 0x70, 0x0c,
    0xb8, 0x8c, 0x78, 0x0c, 0xb8, 0x8c, 0x78, 0x0c, 0xb8, 0x8c, 0x70, 0x0c,
    0xb0, 0x80, 0x68, 0x08, 0xb8, 0x8c, 0x78, 0x0c, 0xb8, 0x8c, 0x78, 0x0c,
    0xb8, 0x8c, 0x78, 0x0c, 0xb8, 0x8c, 0x78, 0x0c, 0xb8, 0x80, 0x68, 0x08,
    0xb0, 0x80, 0x68, 0x08, 0xa8, 0x8c, 0x70, 0x08, 0xb0, 0x80, 0x68, 0x08,
    0xb0, 0x80, 0x68, 0x08, 0xb0, 0x80, 0x68, 0x08, 0xa8, 0x8c, 0x70, 0x08,
    0xa8, 0x8c, 0x70, 0x08, 0xa8, 0x8c, 0x70, 0x08, 0xa8, 0x8c, 0x70, 0x08,
    0xa8, 0x90, 0x70, 0x08, 0xb0, 0x8c, 0x70, 0x08, 0xa8, 0x8c, 0x70, 0x08,
    0xa0, 0x80, 0x60, 0x08, 0xa0, 0x80, 0x60, 0x08, 0xa0, 0x80, 0x60, 0x08,
    0xa0, 0x80, 0x60, 0x08, 0xa0, 0x80, 0x60, 0x08, 0xa0, 0x80, 0x60, 0x08,
    0xa0, 0x80, 0x60, 0x08, 0xb8, 0x6c, 0x68, 0x08, 0xb8, 0x6c, 0x70, 0x08,
    0xb8, 0x6c, 0x68, 0x08, 0xb8, 0x6c, 0x70, 0x08, 0xb8, 0x6c, 0x68, 0x08,
    0xa8, 0x80, 0x58, 0x08, 0xa8, 0x80, 0x58, 0x04, 0xa8, 0x80, 0x50, 0x04,
    0xb0, 0x80, 0x58, 0x08, 0x98, 0x98, 0x68, 0x04, 0x98, 0x98, 0x68, 0x04,
    0xc0, 0x80, 0x80, 0x04, 0xc0, 0x80, 0x80, 0x04, 0xc0, 0x7c, 0x80, 0x04,
    0xc0, 0x80, 0x80, 0x04, 0xc0, 0x80, 0x80, 0x04, 0xc0, 0x7c, 0x80, 0x04,
    0xa8, 0xa8, 0x50, 0x04, 0xc0, 0x80, 0x80, 0x04, 0xa8, 0xa8, 0x58, 0x04,
    0xa8, 0xac, 0x58, 0x04, 0xa8, 0xa8, 0x58, 0x04, 0xb0, 0xac, 0x58, 0x04,
    0x80, 0x80, 0x80, 0x00, 0x80, 0x80, 0x80, 0x00, 0x80, 0x80, 0x80, 0x04,
    0x80, 0x80, 0x80, 0x00, 0x80, 0x80, 0x80, 0x00, 0x80, 0x7c, 0x80, 0x04,
    0x80, 0x80, 0x80, 0x04, 0x80, 0x80, 0x78, 0x00, 0x80, 0x80, 0x80, 0x04,
    0x80, 0x7c, 0x80, 0x00, 0x80, 0x80, 0x80, 0x04, 0x00, 0x00, 0x00, 0x00,
    0x00, 0x00, 0x00, 0x00, 0x00, 0x00, 0x00, 0x00, 0x00, 0x00, 0x00, 0x00,
    0x00, 0x00, 0x00, 0x00, 0x00, 0x00, 0x00, 0x00, 0x00, 0x00, 0x00, 0x00,
    0x00, 0x00, 0x00, 0x00, 0x00, 0x00, 0x00, 0x00, 0x00, 0x00, 0x00, 0x00,
    0x00, 0x00, 0x00, 0x00, 0x00, 0x00, 0x00, 0x00, 0x00, 0x00, 0x00, 0x00,
    0x00, 0x00, 0x00, 0x00, 0x00, 0x00, 0x00, 0x00, 0x00, 0x00, 0x00, 0x00,
    0x00, 0x00, 0x00, 0x00, 0x00, 0x00, 0x00, 0x00, 0x00, 0x00, 0x00, 0x00,
    0x00, 0x00, 0x00, 0x00, 0x00, 0x00, 0x00, 0x00, 0x00, 0x00, 0x00, 0x00,
    0x00, 0x00, 0x00, 0x00, 0x00, 0x00, 0x00, 0x00, 0x00, 0x00, 0x00, 0x00,
    0x00, 0x00, 0x00, 0x00, 0x00, 0x00, 0x00, 0x00, 0x00, 0x00, 0x00, 0x00,
    0x00, 0x00, 0x00, 0x00, 0x00, 0x00, 0x00, 0x00, 0x00, 0x00, 0x00, 0x00,
    0x00, 0x00, 0x00, 0x00, 0x00, 0x00, 0x00, 0x00, 0x00, 0x00, 0x00, 0x00,
    0x00, 0x00, 0x00, 0x00, 0x00, 0x00, 0x00, 0x00, 0x00, 0x00, 0x00, 0x00,
    0x00, 0x00, 0x00, 0x00, 0x00, 0x00, 0x00, 0x00, 0x00, 0x00, 0x00, 0x00,
    0x00, 0x00, 0x00, 0x00, 0x00, 0x00, 0x00, 0x00, 0x00, 0x00, 0x00, 0x00,
    0x00, 0x00, 0x00, 0x00, 0x00, 0x00, 0x00, 0x00, 0xb8, 0x8c, 0x80, 0x14,
    0xb0, 0x94, 0x80, 0x18, 0xb8, 0x90, 0x78, 0x18, 0xb8, 0x90, 0x78, 0x18,
    0xb8, 0x94, 0x80, 0x18, 0xb8, 0x94, 0x80, 0x18, 0xb8, 0x94, 0x80, 0x18,
    0xb8, 0x94, 0x80, 0x18, 0xb0, 0x90, 0x78, 0x18, 0xb0, 0x90, 0x78, 0x18,
    0xb0, 0x90, 0x78, 0x14, 0xb0, 0x90, 0x78, 0x18, 0xb0, 0x90, 0x78, 0x18,
    0xb0, 0x90, 0x78, 0x18, 0xb0, 0x90, 0x80, 0x18, 0xb0, 0x90, 0x78, 0x18,
    0xb0, 0x90, 0x78, 0x18, 0xb8, 0x8c, 0x80, 0x18, 0xb8, 0x88, 0x80, 0x18,
    0xb8, 0x8c, 0x80, 0x18, 0xb0, 0x90, 0x78, 0x18, 0xb0, 0x90, 0x78, 0x18,
    0xb0, 0x90, 0x78, 0x18, 0xb0, 0x90, 0x78, 0x18, 0xb0, 0x90, 0x78, 0x18,
    0xb8, 0x94, 0x80, 0x18, 0xb8, 0x94, 0x80, 0x18, 0xb8, 0x94, 0x80, 0x18,
    0xb8, 0x94, 0x80, 0x18, 0xb0, 0x90, 0x78, 0x18, 0xb8, 0x94, 0x80, 0x18,
    0xb8, 0x94, 0x80, 0x18, 0xb8, 0x94, 0x80, 0x18, 0xb8, 0x90, 0x78, 0x18,
    0xb8, 0x90, 0x78, 0x18, 0xb8, 0x90, 0x78, 0x18, 0xb0, 0x94, 0x80, 0x18,
    0xb0, 0x94, 0x80, 0x18, 0xb0, 0x94, 0x80, 0x1c, 0xb0, 0x94, 0x80, 0x18,
    0xb0, 0x8c, 0x78, 0x1c, 0xb8, 0x8c, 0x78, 0x1c, 0xb8, 0x8c, 0x78, 0x1c,
    0xb0, 0x8c, 0x80, 0x1c, 0xb0, 0x8c, 0x78, 0x1c, 0xb8, 0x94, 0x78, 0x1c,
    0xb8, 0x90, 0x78, 0x1c, 0xb8, 0x90, 0x78, 0x1c, 0xb0, 0x8c, 0x78, 0x1c,
    0xb0, 0x8c, 0x78, 0x1c, 0xb0, 0x8c, 0x78, 0x1c, 0xb0, 0x8c, 0x78, 0x1c,
    0xb0, 0x90, 0x78, 0x1c, 0xb0, 0x90, 0x78, 0x1c, 0xb0, 0x90, 0x78, 0x20,
    0xb0, 0x90, 0x78, 0x1c, 0xb0, 0x90, 0x78, 0x20, 0xb0, 0x90, 0x78, 0x20,
    0xb8, 0x8c, 0x78, 0x20, 0xb8, 0x8c, 0x78, 0x20, 0xb0, 0x90, 0x78, 0x1c,
    0xb0, 0x90, 0x78, 0x20, 0xb8, 0x8c, 0x78, 0x20, 0xb0, 0x90, 0x78, 0x1c,
    0xb8, 0x8c, 0x78, 0x20, 0xb8, 0x8c, 0x78, 0x20, 0xb0, 0x8c, 0x80, 0x20,
    0xb8, 0x8c, 0x78, 0x20, 0xb8, 0x8c, 0x78, 0x20, 0xb0, 0x90, 0x78, 0x1c,
    0xb0, 0x90, 0x78, 0x20, 0xb8, 0x8c, 0x78, 0x20, 0xb8, 0x8c, 0x78, 0x20,
    0xb0, 0x90, 0x78, 0x1c, 0xb0, 0x90, 0x78, 0x1c, 0xb8, 0x8c, 0x78, 0x20,
    0xb8, 0x8c, 0x78, 0x20, 0xb0, 0x90, 0x78, 0x20, 0xb8, 0x8c, 0x78, 0x20,
    0xb8, 0x8c, 0x78, 0x20, 0xb0, 0x8c, 0x78, 0x20, 0xb0, 0x90, 0x78, 0x20,
    0xb0, 0x90, 0x78, 0x1c, 0xb0, 0x90, 0x78, 0x20, 0xb0, 0x90, 0x78, 0x20,
    0xb0, 0x8c, 0x78, 0x1c, 0xb8, 0x90, 0x78, 0x1c, 0xb8, 0x90, 0x78, 0x1c,
    0xb8, 0x90, 0x78, 0x1c, 0xb8, 0x90, 0x78, 0x1c, 0xb0, 0x90, 0x78, 0x1c,
    0xb0, 0x8c, 0x78, 0x1c, 0xb0, 0x8c, 0x80, 0x1c, 0xb0, 0x90, 0x78, 0x1c,
    0xb0, 0x94, 0x80, 0x18, 0xb0, 0x94, 0x80, 0x18, 0xb0, 0x94, 0x80, 0x1c,
    0xb8, 0x90, 0x78, 0x18, 0xb8, 0x90, 0x78, 0x18, 0xb8, 0x94, 0x80, 0x18,
    0xb8, 0x94, 0x80, 0x18, 0xb8, 0x94, 0x80, 0x18, 0xb0, 0x94, 0x80, 0x18,
    0xb0, 0x90, 0x78, 0x18, 0xb8, 0x8c, 0x80, 0x18, 0xb8, 0x8c, 0x80, 0x14,
    0xb8, 0x90, 0x78, 0x14, 0xb8, 0x94, 0x78, 0x14, 0xb8, 0x90, 0x78, 0x14,
    0xb0, 0x94, 0x78, 0x14, 0xb0, 0x8c, 0x80, 0x14, 0xb0, 0x8c, 0x80, 0x14,
    0xb0, 0x8c, 0x80, 0x14, 0xb0, 0x94, 0x78, 0x14, 0xb0, 0x94, 0x78, 0x14,
    0xb8, 0x90, 0x80, 0x14, 0xb8, 0x8c, 0x80, 0x14, 0xb8, 0x90, 0x80, 0x10,
    0xb8, 0x8c, 0x80, 0x14, 0xb8, 0x8c, 0x80, 0x10, 0xb8, 0x98, 0x78, 0x10,
    0xb0, 0x90, 0x80, 0x10, 0xb0, 0x90, 0x80, 0x10, 0xb0, 0x90, 0x80, 0x10,
    0xb0, 0x90, 0x80, 0x10, 0xb8, 0x88, 0x78, 0x10, 0xb8, 0x88, 0x78, 0x10,
    0xb8, 0x88, 0x78, 0x10, 0xb8, 0x88, 0x78, 0x10, 0xb8, 0x90, 0x80, 0x0c,
    0xb8, 0x90, 0x80, 0x10, 0xb8, 0x90, 0x80, 0x0c, 0xb0, 0x88, 0x78, 0x0c,
    0xb0, 0x88, 0x78, 0x0c, 0xb0, 0x88, 0x78, 0x0c, 0xb0, 0x88, 0x78, 0x0c,
    0xa8, 0x94, 0x80, 0x0c, 0xa8, 0x94, 0x80, 0x0c, 0xb8, 0x8c, 0x70, 0x0c,
    0xa8, 0x94, 0x80, 0x0c, 0xb8, 0x8c, 0x70, 0x0c, 0xb8, 0x8c, 0x70, 0x0c,
    0xb8, 0x8c, 0x70, 0x0c, 0xb8, 0x8c, 0x70, 0x0c, 0xb0, 0x98, 0x80, 0x08,
    0xb8, 0x8c, 0x70, 0x0c, 0xb8, 0x8c, 0x70, 0x0c, 0xb8, 0x8c, 0x78, 0x0c,
    0xb8, 0x98, 0x80, 0x08, 0xb0, 0x98, 0x80, 0x0c, 0xa8, 0x8c, 0x70, 0x08,
    0xa8, 0x8c, 0x70, 0x08, 0xa8, 0x90, 0x70, 0x08, 0xa8, 0x8c, 0x70, 0x08,
    0xb0, 0x8c, 0x70, 0x08, 0xa8, 0x90, 0x70, 0x08, 0xa8, 0x8c, 0x70, 0x08,
    0xb0, 0x8c, 0x70, 0x08, 0xa8, 0x8c, 0x70, 0x08, 0xb0, 0x98, 0x80, 0x0c,
    0xb0, 0x8c, 0x70, 0x08, 0xa8, 0x8c, 0x70, 0x08, 0xa8, 0x8c, 0x70, 0x08,
    0xc0, 0x80, 0x80, 0x08, 0xc0, 0x80, 0x80, 0x08, 0xc0, 0x80, 0x80, 0x08,
    0xc0, 0x80, 0x80, 0x08, 0xc0, 0x80, 0x78, 0x08, 0xc0, 0x80, 0x80, 0x08,
    0xc0, 0x80, 0x80, 0x08, 0xc0, 0x80, 0x80, 0x08, 0xc0, 0x80, 0x80, 0x08,
    0xc0, 0x80, 0x80, 0x08, 0xb8, 0x90, 0x68, 0x08, 0xc0, 0x80, 0x80, 0x08,
    0xb8, 0x90, 0x70, 0x08, 0xb8, 0x90, 0x68, 0x08, 0xb8, 0x90, 0x70, 0x08,
    0xb8, 0x90, 0x70, 0x08, 0xa8, 0x80, 0x80, 0x08, 0xa8, 0x80, 0x80, 0x04,
    0xb8, 0x94, 0x68, 0x08, 0xa8, 0x80, 0x80, 0x08, 0x98, 0x98, 0x68, 0x04,
    0x98, 0x98, 0x68, 0x04, 0x98, 0x98, 0x68, 0x04, 0x98, 0x98, 0x68, 0x04,
    0x98, 0x98, 0x68, 0x04, 0x98, 0x98, 0x68, 0x04, 0x98, 0x98, 0x68, 0x04,
    0x98, 0x98, 0x60, 0x04, 0xc0, 0x80, 0x80, 0x04, 0xc0, 0x80, 0x80, 0x04,
    0xc0, 0x7c, 0x80, 0x04, 0xc0, 0x80, 0x80, 0x04, 0xc0, 0x80, 0x80, 0x04,
    0xc0, 0x7c, 0x80, 0x04, 0xa8, 0xa8, 0x50, 0x04, 0xa8, 0xac, 0x50, 0x04,
    0xa8, 0xa8, 0x58, 0x04, 0xa8, 0xac, 0x50, 0x04, 0xb0, 0xac, 0x58, 0x04,
    0x80, 0x80, 0x80, 0x00, 0xa8, 0xa8, 0x50, 0x04, 0x80, 0x80, 0x80, 0x00,
    0x80, 0x80, 0x80, 0x00, 0x80, 0x80, 0x80, 0x04, 0x80, 0x7c, 0x80, 0x04,
    0x80, 0x80, 0x80, 0x00, 0x80, 0x80, 0x80, 0x04, 0x80, 0x80, 0x80, 0x00,
    0x80, 0x80, 0x80, 0x00, 0x80, 0x80, 0x80, 0x04, 0x80, 0x7c, 0x80, 0x00,
    0x80, 0x80, 0x80, 0x04, 0x80, 0x80, 0x78, 0x00, 0x00, 0x00, 0x00, 0x00,
    0x00, 0x00, 0x00, 0x00, 0x00, 0x00, 0x00, 0x00, 0x00, 0x00, 0x00, 0x00,
    0x00, 0x00, 0x00, 0x00, 0x00, 0x00, 0x00, 0x00, 0x00, 0x00, 0x00, 0x00,
    0x00, 0x00, 0x00, 0x00, 0x00, 0x00, 0x00, 0x00, 0x00, 0x00, 0x00, 0x00,
    0x00, 0x00, 0x00, 0x00, 0x00, 0x00, 0x00, 0x00, 0x00, 0x00, 0x00, 0x00,
    0x00, 0x00, 0x00, 0x00, 0x00, 0x00, 0x00, 0x00, 0x00, 0x00, 0x00, 0x00,
    0x00, 0x00, 0x00, 0x00, 0x00, 0x00, 0x00, 0x00, 0x00, 0x00, 0x00, 0x00,
    0x00, 0x00, 0x00, 0x00, 0x00, 0x00, 0x00, 0x00, 0x00, 0x00, 0x00, 0x00,
    0x00, 0x00, 0x00, 0x00, 0x00, 0x00, 0x00, 0x00, 0x00, 0x00, 0x00, 0x00,
    0x00, 0x00, 0x00, 0x00, 0x00, 0x00, 0x00, 0x00, 0x00, 0x00, 0x00, 0x00,
    0x00, 0x00, 0x00, 0x00, 0x00, 0x00, 0x00, 0x00, 0x00, 0x00, 0x00, 0x00,
    0x00, 0x00, 0x00, 0x00, 0x00, 0x00, 0x00, 0x00, 0x00, 0x00, 0x00, 0x00,
    0x00, 0x00, 0x00, 0x00, 0x00, 0x00, 0x00, 0x00, 0x00, 0x00, 0x00, 0x00,
    0x00, 0x00, 0x00, 0x00, 0x00, 0x00, 0x00, 0x00, 0x00, 0x00, 0x00, 0x00,
    0x00, 0x00, 0x00, 0x00, 0x00, 0x00, 0x00, 0x00, 0x00, 0x00, 0x00, 0x00,
    0x00, 0x00, 0x00, 0x00, 0x00, 0x00, 0x00, 0x00, 0xb8, 0x90, 0x80, 0x10,
    0xb8, 0x94, 0x80, 0x18, 0xb0, 0x90, 0x78, 0x18, 0xb0, 0x90, 0x78, 0x18,
    0xb8, 0x8c, 0x80, 0x14, 0xb8, 0x8c, 0x80, 0x14, 0xb8, 0x8c, 0x80, 0x14,
    0xb8, 0x8c, 0x80, 0x14, 0xb8, 0x8c, 0x80, 0x14, 0xb8, 0x94, 0x78, 0x14,
    0xb8, 0x90, 0x78, 0x14, 0xb8, 0x94, 0x78, 0x14, 0xb8, 0x94, 0x78, 0x14,
    0xb8, 0x90, 0x78, 0x14, 0xb8, 0x90, 0x78, 0x14, 0xb8, 0x90, 0x78, 0x14,
    0xb0, 0x8c, 0x80, 0x14, 0xb0, 0x8c, 0x80, 0x14, 0xb8, 0x90, 0x78, 0x14,
    0xb8, 0x90, 0x78, 0x14, 0xb8, 0x90, 0x78, 0x14, 0xb8, 0x94, 0x78, 0x14,
    0xb8, 0x90, 0x78, 0x14, 0xb8, 0x94, 0x78, 0x14, 0xb8, 0x90, 0x78, 0x14,
    0xb8, 0x94, 0x78, 0x14, 0xb8, 0x8c, 0x80, 0x14, 0xb8, 0x94, 0x78, 0x14,
    0xb8, 0x8c, 0x80, 0x18, 0xb8, 0x8c, 0x80, 0x14, 0xb8, 0x8c, 0x80, 0x14,
    0xb8, 0x8c, 0x80, 0x14, 0xb8, 0x8c, 0x80, 0x18, 0xb0, 0x90, 0x78, 0x18,
    0xb0, 0x90, 0x78, 0x18, 0xb8, 0x94, 0x80, 0x18, 0xb0, 0x90, 0x78, 0x18,
    0xb8, 0x94, 0x80, 0x18, 0xb8, 0x94, 0x80, 0x18, 0xb8, 0x94, 0x80, 0x18,
    0xb8, 0x90, 0x78, 0x18, 0xb8, 0x90, 0x78, 0x18, 0xb8, 0x90, 0x78, 0x18,
    0xb8, 0x90, 0x78, 0x18, 0xb0, 0x94, 0x80, 0x18, 0xb0, 0x94, 0x80, 0x18,
    0xb0, 0x94, 0x80, 0x18, 0xb0, 0x8c, 0x78, 0x1c, 0xb0, 0x90, 0x80, 0x1c,
    0xb0, 0x8c, 0x78, 0x1c, 0xb0, 0x94, 0x80, 0x18, 0xb0, 0x8c, 0x80, 0x1c,
    0xb8, 0x90, 0x78, 0x1c, 0xb8, 0x90, 0x78, 0x1c, 0xb8, 0x90, 0x78, 0x1c,
    0xb0, 0x8c, 0x78, 0x1c, 0xb8, 0x90, 0x78, 0x1c, 0xb0, 0x8c, 0x78, 0x1c,
    0xb0, 0x8c, 0x78, 0x1c, 0xb0, 0x8c, 0x80, 0x1c, 0xb0, 0x8c, 0x78, 0x1c,
    0xb0, 0x90, 0x78, 0x20, 0xb0, 0x8c, 0x80, 0x1c, 0xb0, 0x8c, 0x78, 0x1c,
    0xb0, 0x90, 0x78, 0x20, 0xb0, 0x90, 0x78, 0x1c, 0xb0, 0x90, 0x78, 0x1c,
    0xb0, 0x8c, 0x80, 0x1c, 0xb0, 0x8c, 0x78, 0x1c, 0xb0, 0x8c, 0x78, 0x1c,
    0xb0, 0x8c, 0x78, 0x1c, 0xb0, 0x90, 0x78, 0x1c, 0xb0, 0x8c, 0x78, 0x1c,
    0xb8, 0x90, 0x78, 0x1c, 0xb8, 0x90, 0x78, 0x1c, 0xb0, 0x90, 0x78, 0x20,
    0xb0, 0x8c, 0x78, 0x1c, 0xb0, 0x8c, 0x80, 0x1c, 0xb0, 0x90, 0x78, 0x1c,
    0xb0, 0x8c, 0x80, 0x1c, 0xb0, 0x8c, 0x78, 0x1c, 0xb0, 0x8c, 0x78, 0x1c,
    0xb8, 0x90, 0x78, 0x1c, 0xb8, 0x90, 0x78, 0x1c, 0xb8, 0x90, 0x78, 0x1c,
    0xb8, 0x94, 0x78, 0x1c, 0xb0, 0x8c, 0x78, 0x1c, 0xb0, 0x90, 0x78, 0x1c,
    0xb0, 0x90, 0x78, 0x1c, 0xb0, 0x8c, 0x78, 0x1c, 0xb0, 0x94, 0x80, 0x18,
    0xb0, 0x94, 0x80, 0x18, 0xb8, 0x90, 0x78, 0x18, 0xb0, 0x94, 0x80, 0x1c,
    0xb8, 0x90, 0x78, 0x18, 0xb8, 0x94, 0x80, 0x18, 0xb8, 0x94, 0x80, 0x18,
    0xb8, 0x94, 0x80, 0x18, 0xb0, 0x90, 0x78, 0x18, 0xb0, 0x90, 0x78, 0x18,
    0xb0, 0x90, 0x78, 0x18, 0xb8, 0x8c, 0x80, 0x14, 0xb8, 0x8c, 0x80, 0x14,
    0xb8, 0x8c, 0x80, 0x18, 0xb8, 0x90, 0x78, 0x14, 0xb8, 0x94, 0x78, 0x14,
    0xb8, 0x90, 0x78, 0x14, 0xb0, 0x8c, 0x80, 0x14, 0xb0, 0x8c, 0x80, 0x14,
    0xb0, 0x8c, 0x80, 0x14, 0xb0, 0x94, 0x78, 0x14, 0xb0, 0x94, 0x78, 0x14,
    0xa8, 0x94, 0x78, 0x14, 0xb8, 0x8c, 0x80, 0x10, 0xb8, 0x90, 0x80, 0x14,
    0xb8, 0x8c, 0x80, 0x10, 0xb0, 0x98, 0x78, 0x10, 0xb8, 0x94, 0x78, 0x10,
    0xb0, 0x98, 0x78, 0x10, 0xb0, 0x90, 0x80, 0x10, 0xb0, 0x90, 0x80, 0x10,
    0xb8, 0x88, 0x78, 0x10, 0xb0, 0x90, 0x80, 0x10, 0xb8, 0x88, 0x78, 0x10,
    0xb8, 0x88, 0x78, 0x10, 0xb8, 0x90, 0x80, 0x0c, 0xb8, 0x90, 0x80, 0x0c,
    0xb8, 0x90, 0x80, 0x10, 0xb8, 0x94, 0x80, 0x0c, 0xb0, 0x88, 0x78, 0x0c,
    0xb0, 0x88, 0x78, 0x0c, 0xb0, 0x88, 0x70, 0x0c, 0xa8, 0x94, 0x80, 0x0c,
    0xa8, 0x94, 0x80, 0x0c, 0xa8, 0x94, 0x80, 0x0c, 0xa8, 0x94, 0x80, 0x0c,
    0xa8, 0x94, 0x80, 0x0c, 0xb8, 0x8c, 0x70, 0x0c, 0xb8, 0x8c, 0x70, 0x0c,
    0xb8, 0x8c, 0x70, 0x0c, 0xb8, 0x8c, 0x78, 0x0c, 0xb0, 0x98, 0x80, 0x08,
    0xb0, 0x98, 0x80, 0x08, 0xb0, 0x98, 0x80, 0x0c, 0xb8, 0x98, 0x80, 0x08,
    0xb0, 0x98, 0x80, 0x08, 0xb0, 0x98, 0x80, 0x0c, 0xb8, 0x98, 0x80, 0x08,
    0xb0, 0x98, 0x80, 0x08, 0xb0, 0x98, 0x80, 0x0c, 0xb0, 0x98, 0x80, 0x0c,
    0xb0, 0x90, 0x70, 0x08, 0xa8, 0x90, 0x70, 0x08, 0xc0, 0x80, 0x80, 0x08,
    0xc0, 0x80, 0x80, 0x08, 0xc0, 0x80, 0x80, 0x08, 0xa8, 0x8c, 0x70, 0x08,
    0xc0, 0x80, 0x80, 0x08, 0xc0, 0x80, 0x80, 0x08, 0xc0, 0x80, 0x80, 0x08,
    0xc0, 0x80, 0x80, 0x08, 0xc0, 0x80, 0x80, 0x08, 0xc0, 0x80, 0x80, 0x08,
    0xc0, 0x80, 0x80, 0x08, 0xc0, 0x80, 0x80, 0x08, 0xc0, 0x80, 0x80, 0x08,
    0xc0, 0x7c, 0x80, 0x08, 0xc0, 0x80, 0x80, 0x08, 0xb8, 0x90, 0x68, 0x08,
    0xb8, 0x90, 0x68, 0x08, 0xb8, 0x94, 0x68, 0x08, 0xb8, 0x90, 0x70, 0x08,
    0xb8, 0x94, 0x68, 0x08, 0xb8, 0x94, 0x70, 0x08, 0xb8, 0x94, 0x70, 0x08,
    0xa8, 0x80, 0x80, 0x08, 0xa8, 0x80, 0x80, 0x08, 0xa8, 0x80, 0x80, 0x04,
    0xa8, 0x80, 0x80, 0x04, 0xa8, 0x80, 0x80, 0x08, 0xa8, 0x80, 0x80, 0x04,
    0x98, 0x98, 0x68, 0x04, 0x98, 0x98, 0x68, 0x04, 0x98, 0x98, 0x68, 0x04,
    0x98, 0x9c, 0x60, 0x04, 0x98, 0x9c, 0x68, 0x04, 0x98, 0x98, 0x68, 0x04,
    0x98, 0x98, 0x60, 0x04, 0x98, 0x98, 0x68, 0x08, 0xc0, 0x80, 0x80, 0x04,
    0xc0, 0x80, 0x80, 0x04, 0xc0, 0x80, 0x80, 0x04, 0xc0, 0x80, 0x80, 0x04,
    0xc0, 0x80, 0x80, 0x04, 0xc0, 0x80, 0x78, 0x04, 0xa8, 0xa8, 0x50, 0x04,
    0xa8, 0xa8, 0x58, 0x04, 0x80, 0x80, 0x80, 0x04, 0x80, 0x80, 0x80, 0x00,
    0xa8, 0xa8, 0x58, 0x04, 0x80, 0x80, 0x80, 0x00, 0x80, 0x80, 0x80, 0x00,
    0x80, 0x80, 0x80, 0x04, 0x80, 0x80, 0x80, 0x00, 0x80, 0x7c, 0x80, 0x00,
    0x80, 0x80, 0x80, 0x04, 0x80, 0x80, 0x80, 0x00, 0x80, 0x7c, 0x78, 0x00,
    0x80, 0x80, 0x80, 0x04, 0x80, 0x7c, 0x80, 0x04, 0x80, 0x80, 0x78, 0x00,
    0x80, 0x80, 0x80, 0x04, 0x80, 0x7c, 0x80, 0x04, 0x80, 0x80, 0x80, 0x00,
    0x80, 0x80, 0x80, 0x04, 0x80, 0x80, 0x80, 0x04, 0x00, 0x00, 0x00, 0x00,
    0x00, 0x00, 0x00, 0x00, 0x00, 0x00, 0x00, 0x00, 0x00, 0x00, 0x00, 0x00,
    0x00, 0x00, 0x00, 0x00, 0x00, 0x00, 0x00, 0x00, 0x00, 0x00, 0x00, 0x00,
    0x00, 0x00, 0x00, 0x00, 0x00, 0x00, 0x00, 0x00, 0x00, 0x00, 0x00, 0x00,
    0x00, 0x00, 0x00, 0x00, 0x00, 0x00, 0x00, 0x00, 0x00, 0x00, 0x00, 0x00,
    0x00, 0x00, 0x00, 0x00, 0x00, 0x00, 0x00, 0x00, 0x00, 0x00, 0x00, 0x00,
    0x00, 0x00, 0x00, 0x00, 0x00, 0x00, 0x00, 0x00, 0x00, 0x00, 0x00, 0x00,
    0x00, 0x00, 0x00, 0x00, 0x00, 0x00, 0x00, 0x00, 0x00, 0x00, 0x00, 0x00,
    0x00, 0x00, 0x00, 0x00, 0x00, 0x00, 0x00, 0x00, 0x00, 0x00, 0x00, 0x00,
    0x00, 0x00, 0x00, 0x00, 0x00, 0x00, 0x00, 0x00, 0x00, 0x00, 0x00, 0x00,
    0x00, 0x00, 0x00, 0x00, 0x00, 0x00, 0x00, 0x00, 0x00, 0x00, 0x00, 0x00,
    0x00, 0x00, 0x00, 0x00, 0x00, 0x00, 0x00, 0x00, 0x00, 0x00, 0x00, 0x00,
    0x00, 0x00, 0x00, 0x00, 0x00, 0x00, 0x00, 0x00, 0x00, 0x00, 0x00, 0x00,
    0x00, 0x00, 0x00, 0x00, 0x00, 0x00, 0x00, 0x00, 0x00, 0x00, 0x00, 0x00,
    0x00, 0x00, 0x00, 0x00, 0x00, 0x00, 0x00, 0x00, 0x00, 0x00, 0x00, 0x00,
    0x00, 0x00, 0x00, 0x00, 0x00, 0x00, 0x00, 0x00, 0xa8, 0x80, 0x80, 0x08,
    0xb8, 0x8c, 0x80, 0x18, 0xb8, 0x8c, 0x80, 0x14, 0xb8, 0x90, 0x78, 0x14,
    0xb8, 0x90, 0x78, 0x14, 0xb0, 0x8c, 0x80, 0x14, 0xb0, 0x8c, 0x80, 0x14,
    0xb0, 0x8c, 0x80, 0x14, 0xb0, 0x8c, 0x80, 0x14, 0xb0, 0x94, 0x78, 0x14,
    0xb0, 0x94, 0x78, 0x14, 0xb0, 0x94, 0x78, 0x14, 0xb0, 0x94, 0x78, 0x14,
    0xb0, 0x94, 0x78, 0x14, 0xb0, 0x94, 0x78, 0x14, 0xb0, 0x94, 0x78, 0x14,
    0xb0, 0x94, 0x78, 0x14, 0xb0, 0x94, 0x78, 0x14, 0xa8, 0x94, 0x78, 0x14,
    0xb0, 0x94, 0x78, 0x14, 0xb0, 0x94, 0x80, 0x14, 0xa8, 0x94, 0x78, 0x14,
    0xb0, 0x94, 0x78, 0x14, 0xb0, 0x94, 0x80, 0x14, 0xb0, 0x8c, 0x80, 0x14,
    0xb0, 0x8c, 0x80, 0x14, 0xb0, 0x8c, 0x80, 0x14, 0xb0, 0x94, 0x78, 0x14,
    0xb0, 0x8c, 0x80, 0x14, 0xb0, 0x8c, 0x80, 0x14, 0xb0, 0x8c, 0x80, 0x14,
    0xb8, 0x94, 0x78, 0x14, 0xb8, 0x94, 0x78, 0x14, 0xb8, 0x90, 0x78, 0x14,
    0xb8, 0x90, 0x78, 0x14, 0xb8, 0x8c, 0x80, 0x18, 0xb8, 0x8c, 0x80, 0x14,
    0xb8, 0x8c, 0x80, 0x18, 0xb8, 0x8c, 0x80, 0x18, 0xb0, 0x90, 0x78, 0x18,
    0xb0, 0x90, 0x78, 0x18, 0xb0, 0x90, 0x80, 0x18, 0xb8, 0x94, 0x80, 0x18,
    0xb8, 0x94, 0x80, 0x18, 0xb8, 0x94, 0x80, 0x18, 0xb8, 0x94, 0x80, 0x18,
    0xb8, 0x94, 0x80, 0x18, 0xb8, 0x90, 0x78, 0x18, 0xb8, 0x90, 0x78, 0x18,
    0xb0, 0x94, 0x80, 0x18, 0xb8, 0x90, 0x78, 0x18, 0xb8, 0x90, 0x78, 0x18,
    0xb0, 0x94, 0x80, 0x1c, 0xb0, 0x90, 0x78, 0x1c, 0xb0, 0x90, 0x78, 0x1c,
    0xb8, 0x90, 0x78, 0x1c, 0xb0, 0x90, 0x78, 0x1c, 0xb0, 0x8c, 0x78, 0x1c,
    0xb8, 0x90, 0x80, 0x1c, 0xb8, 0x94, 0x78, 0x1c, 0xb0, 0x8c, 0x78, 0x1c,
    0xb8, 0x90, 0x78, 0x1c, 0xb8, 0x94, 0x78, 0x1c, 0xb8, 0x94, 0x78, 0x1c,
    0xb8, 0x94, 0x78, 0x1c, 0xb0, 0x90, 0x78, 0x1c, 0xb8, 0x94, 0x78, 0x1c,
    0xb8, 0x90, 0x78, 0x1c, 0xb8, 0x94, 0x78, 0x1c, 0xb0, 0x90, 0x78, 0x1c,
    0xb0, 0x8c, 0x80, 0x1c, 0xb0, 0x90, 0x78, 0x1c, 0xb0, 0x8c, 0x78, 0x1c,
    0xb0, 0x90, 0x78, 0x1c, 0xb0, 0x8c, 0x78, 0x1c, 0xb8, 0x90, 0x78, 0x1c,
    0xb8, 0x94, 0x78, 0x1c, 0xb8, 0x90, 0x78, 0x1c, 0xb8, 0x90, 0x78, 0x1c,
    0xb8, 0x94, 0x78, 0x1c, 0xb0, 0x8c, 0x78, 0x1c, 0xb8, 0x94, 0x78, 0x1c,
    0xb0, 0x90, 0x78, 0x1c, 0xb0, 0x8c, 0x78, 0x1c, 0xb0, 0x90, 0x78, 0x1c,
    0xb0, 0x94, 0x80, 0x18, 0xb0, 0x94, 0x80, 0x18, 0xb8, 0x90, 0x78, 0x18,
    0xb0, 0x94, 0x80, 0x18, 0xb0, 0x94, 0x80, 0x1c, 0xb8, 0x90, 0x78, 0x18,
    0xb8, 0x90, 0x78, 0x18, 0xb8, 0x90, 0x78, 0x18, 0xb8, 0x8c, 0x78, 0x18,
    0xb8, 0x94, 0x80, 0x18, 0xb8, 0x94, 0x80, 0x18, 0xb0, 0x90, 0x78, 0x18,
    0xb0, 0x90, 0x78, 0x18, 0xb0, 0x90, 0x78, 0x18, 0xb8, 0x8c, 0x80, 0x14,
    0xb8, 0x8c, 0x80, 0x14, 0xb8, 0x94, 0x78, 0x14, 0xb8, 0x90, 0x78, 0x14,
    0xb8, 0x94, 0x78, 0x14, 0xb0, 0x8c, 0x80, 0x14, 0xb0, 0x8c, 0x80, 0x14,
    0xb0, 0x8c, 0x80, 0x14, 0xb0, 0x94, 0x78, 0x14, 0xb0, 0x94, 0x78, 0x14,
    0xb0, 0x94, 0x78, 0x14, 0xb8, 0x8c, 0x80, 0x10, 0xb8, 0x90, 0x80, 0x14,
    0xb8, 0x8c, 0x80, 0x10, 0xb0, 0x98, 0x78, 0x10, 0xb0, 0x94, 0x78, 0x10,
    0xb8, 0x98, 0x78, 0x10, 0xb0, 0x94, 0x78, 0x10, 0xb0, 0x90, 0x80, 0x10,
    0xb8, 0x88, 0x78, 0x10, 0xb8, 0x88, 0x78, 0x10, 0xb8, 0x88, 0x78, 0x10,
    0xb8, 0x88, 0x78, 0x10, 0xb8, 0x90, 0x80, 0x0c, 0xb8, 0x90, 0x80, 0x0c,
    0xb8, 0x90, 0x80, 0x10, 0xb8, 0x94, 0x80, 0x0c, 0xb0, 0x88, 0x78, 0x0c,
    0xb0, 0x88, 0x78, 0x0c, 0xa8, 0x94, 0x80, 0x0c, 0xa8, 0x94, 0x80, 0x0c,
    0xa8, 0x98, 0x80, 0x0c, 0xa8, 0x98, 0x80, 0x0c, 0xa8, 0x94, 0x80, 0x0c,
    0xa8, 0x98, 0x80, 0x0c, 0xb8, 0x8c, 0x70, 0x0c, 0xb8, 0x8c, 0x70, 0x0c,
    0xb8, 0x8c, 0x70, 0x0c, 0xb8, 0x98, 0x80, 0x08, 0xb0, 0x98, 0x80, 0x08,
    0xb0, 0x98, 0x80, 0x08, 0xb0, 0x8c, 0x70, 0x08, 0xa8, 0x90, 0x70, 0x08,
    0xa8, 0x8c, 0x70, 0x08, 0xb8, 0x98, 0x80, 0x0c, 0xa8, 0x90, 0x70, 0x08,
    0xc0, 0x80, 0x80, 0x08, 0xa8, 0x90, 0x70, 0x08, 0xa8, 0x8c, 0x70, 0x08,
    0xc0, 0x80, 0x80, 0x08, 0xc0, 0x80, 0x80, 0x08, 0xa8, 0x90, 0x70, 0x08,
    0xa8, 0x8c, 0x70, 0x08, 0xc0, 0x80, 0x80, 0x08, 0xc0, 0x80, 0x80, 0x08,
    0xc0, 0x80, 0x80, 0x08, 0xa8, 0x8c, 0x70, 0x08, 0xc0, 0x80, 0x80, 0x08,
    0xc0, 0x80, 0x80, 0x08, 0xb8, 0x90, 0x70, 0x08, 0xc0, 0x80, 0x80, 0x08,
    0xb8, 0x90, 0x68, 0x08, 0xb8, 0x90, 0x70, 0x08, 0xb8, 0x94, 0x68, 0x08,
    0xb8, 0x90, 0x68, 0x08, 0xc0, 0x80, 0x80, 0x08, 0xc0, 0x80, 0x80, 0x08,
    0xb8, 0x90, 0x68, 0x08, 0xb8, 0x90, 0x70, 0x08, 0xa8, 0x80, 0x80, 0x08,
    0xb8, 0x94, 0x70, 0x08, 0xb8, 0x90, 0x70, 0x08, 0xb8, 0x90, 0x68, 0x08,
    0xb8, 0x90, 0x70, 0x08, 0xa8, 0x80, 0x80, 0x04, 0xa8, 0x80, 0x80, 0x04,
    0x98, 0x98, 0x60, 0x04, 0xa8, 0x80, 0x80, 0x08, 0xa8, 0x80, 0x80, 0x04,
    0x98, 0x98, 0x60, 0x04, 0x98, 0x98, 0x68, 0x04, 0x98, 0x98, 0x68, 0x04,
    0x98, 0x98, 0x60, 0x04, 0x98, 0x98, 0x68, 0x08, 0x98, 0x98, 0x68, 0x04,
    0x98, 0x98, 0x60, 0x04, 0x98, 0x98, 0x68, 0x08, 0x98, 0x9c, 0x68, 0x04,
    0xc0, 0x80, 0x80, 0x04, 0x98, 0x98, 0x60, 0x04, 0xc0, 0x80, 0x80, 0x04,
    0xc0, 0x80, 0x80, 0x04, 0xc0, 0x7c, 0x80, 0x04, 0xc0, 0x80, 0x80, 0x04,
    0xa8, 0xa8, 0x50, 0x04, 0xa8, 0xa8, 0x58, 0x04, 0xa8, 0xac, 0x58, 0x04,
    0xa8, 0xac, 0x50, 0x04, 0xb0, 0xac, 0x58, 0x04, 0x80, 0x80, 0x80, 0x00,
    0x80, 0x80, 0x80, 0x00, 0x80, 0x80, 0x80, 0x04, 0x80, 0x7c, 0x80, 0x04,
    0x80, 0x80, 0x80, 0x00, 0x80, 0x80, 0x80, 0x04, 0x80, 0x80, 0x80, 0x04,
    0x80, 0x80, 0x80, 0x04, 0x80, 0x80, 0x80, 0x00, 0x80, 0x80, 0x80, 0x00,
    0x80, 0x80, 0x80, 0x04, 0x80, 0x7c, 0x80, 0x00, 0x80, 0x80, 0x80, 0x00,
    0x80, 0x80, 0x80, 0x04, 0x78, 0x80, 0x80, 0x00, 0x80, 0x80, 0x78, 0x00,
    0x80, 0x7c, 0x80, 0x04, 0x80, 0x80, 0x80, 0x00, 0x00, 0x00, 0x00, 0x00,
    0x00, 0x00, 0x00, 0x00, 0x00, 0x00, 0x00, 0x00, 0x00, 0x00, 0x00, 0x00,
    0x00, 0x00, 0x00, 0x00, 0x00, 0x00, 0x00, 0x00, 0x00, 0x00, 0x00, 0x00,
    0x00, 0x00, 0x00, 0x00, 0x00, 0x00, 0x00, 0x00, 0x00, 0x00, 0x00, 0x00,
    0x00, 0x00, 0x00, 0x00, 0x00, 0x00, 0x00, 0x00, 0x00, 0x00, 0x00, 0x00,
    0x00, 0x00, 0x00, 0x00, 0x00, 0x00, 0x00, 0x00, 0x00, 0x00, 0x00, 0x00,
    0x00, 0x00, 0x00, 0x00, 0x00, 0x00, 0x00, 0x00, 0x00, 0x00, 0x00, 0x00,
    0x00, 0x00, 0x00, 0x00, 0x00, 0x00, 0x00, 0x00, 0x00, 0x00, 0x00, 0x00,
    0x00, 0x00, 0x00, 0x00, 0x00, 0x00, 0x00, 0x00, 0x00, 0x00, 0x00, 0x00,
    0x00, 0x00, 0x00, 0x00, 0x00, 0x00, 0x00, 0x00, 0x00, 0x00, 0x00, 0x00,
    0x00, 0x00, 0x00, 0x00, 0x00, 0x00, 0x00, 0x00, 0x00, 0x00, 0x00, 0x00,
    0x00, 0x00, 0x00, 0x00, 0x00, 0x00, 0x00, 0x00, 0x00, 0x00, 0x00, 0x00,
    0x00, 0x00, 0x00, 0x00, 0x00, 0x00, 0x00, 0x00, 0x00, 0x00, 0x00, 0x00,
    0x00, 0x00, 0x00, 0x00, 0x00, 0x00, 0x00, 0x00, 0x00, 0x00, 0x00, 0x00,
    0x00, 0x00, 0x00, 0x00, 0x00, 0x00, 0x00, 0x00, 0x00, 0x00, 0x00, 0x00,
    0x00, 0x00, 0x00, 0x00, 0x00, 0x00, 0x00, 0x00, 0xf8, 0xfc, 0x00, 0x00,
    0xb0, 0x94, 0x78, 0x14, 0xb0, 0x8c, 0x80, 0x14, 0xb0, 0x8c, 0x80, 0x14,
    0xb0, 0x94, 0x78, 0x14, 0xb8, 0x90, 0x80, 0x14, 0xb8, 0x8c, 0x80, 0x14,
    0xb8, 0x90, 0x80, 0x14, 0xb8, 0x8c, 0x80, 0x14, 0xb8, 0x8c, 0x80, 0x10,
    0xb0, 0x98, 0x78, 0x10, 0xb8, 0x8c, 0x80, 0x10, 0xb8, 0x8c, 0x80, 0x10,
    0xb0, 0x98, 0x78, 0x10, 0xb0, 0x98, 0x78, 0x10, 0xb0, 0x94, 0x78, 0x10,
    0xb0, 0x98, 0x78, 0x10, 0xb0, 0x98, 0x78, 0x10, 0xb0, 0x94, 0x78, 0x10,
    0xb0, 0x98, 0x78, 0x10, 0xb0, 0x98, 0x78, 0x10, 0xb0, 0x94, 0x78, 0x10,
    0xb8, 0x90, 0x80, 0x10, 0xb8, 0x8c, 0x80, 0x10, 0xb8, 0x90, 0x80, 0x10,
    0xb8, 0x8c, 0x80, 0x14, 0xb8, 0x8c, 0x80, 0x10, 0xb8, 0x90, 0x80, 0x10,
    0xb8, 0x8c, 0x80, 0x14, 0xb0, 0x94, 0x78, 0x14, 0xb0, 0x94, 0x78, 0x14,
    0xb0, 0x94, 0x78, 0x14, 0xb0, 0x94, 0x78, 0x14, 0xb0, 0x8c, 0x80, 0x14,
    0xb0, 0x8c, 0x80, 0x14, 0xb0, 0x8c, 0x80, 0x14, 0xb0, 0x8c, 0x80, 0x14,
    0xb0, 0x8c, 0x80, 0x14, 0xb0, 0x8c, 0x80, 0x14, 0xb8, 0x90, 0x78, 0x14,
    0xb8, 0x94, 0x78, 0x14, 0xb8, 0x94, 0x78, 0x14, 0xb8, 0x8c, 0x80, 0x18,
    0xb8, 0x8c, 0x80, 0x18, 0xb8, 0x8c, 0x80, 0x18, 0xb8, 0x8c, 0x80, 0x18,
    0xb8, 0x8c, 0x80, 0x14, 0xb0, 0x90, 0x78, 0x18, 0xb8, 0x94, 0x80, 0x18,
    0xb8, 0x94, 0x80, 0x18, 0xb0, 0x90, 0x78, 0x18, 0xb8, 0x94, 0x80, 0x18,
    0xb8, 0x94, 0x80, 0x18, 0xb8, 0x94, 0x80, 0x18, 0xb8, 0x90, 0x78, 0x18,
    0xb8, 0x90, 0x78, 0x18, 0xb0, 0x94, 0x80, 0x18, 0xb0, 0x94, 0x80, 0x18,
    0xb0, 0x94, 0x80, 0x18, 0xb8, 0x90, 0x78, 0x18, 0xb0, 0x94, 0x80, 0x1c,
    0xb8, 0x90, 0x78, 0x18, 0xb0, 0x94, 0x80, 0x18, 0xb0, 0x8c, 0x78, 0x1c,
    0xb0, 0x94, 0x80, 0x1c, 0xb0, 0x94, 0x80, 0x18, 0xb0, 0x8c, 0x78, 0x1c,
    0xb0, 0x8c, 0x78, 0x1c, 0xb0, 0x94, 0x80, 0x1c, 0xb0, 0x94, 0x80, 0x1c,
    0xb0, 0x94, 0x80, 0x18, 0xb0, 0x94, 0x80, 0x1c, 0xb0, 0x94, 0x80, 0x18,
    0xb8, 0x90, 0x78, 0x18, 0xb8, 0x90, 0x78, 0x18, 0xb0, 0x90, 0x78, 0x1c,
    0xb0, 0x94, 0x80, 0x18, 0xb0, 0x8c, 0x78, 0x1c, 0xb0, 0x90, 0x78, 0x1c,
    0xb0, 0x94, 0x80, 0x1c, 0xb0, 0x94, 0x80, 0x18, 0xb0, 0x8c, 0x78, 0x1c,
    0xb8, 0x90, 0x80, 0x1c, 0xb0, 0x94, 0x80, 0x18, 0xb8, 0x90, 0x78, 0x18,
    0xb8, 0x90, 0x78, 0x18, 0xb8, 0x90, 0x78, 0x18, 0xb8, 0x94, 0x80, 0x18,
    0xb8, 0x94, 0x80, 0x18, 0xb8, 0x94, 0x80, 0x18, 0xb8, 0x94, 0x80, 0x18,
    0xb8, 0x94, 0x80, 0x18, 0xb8, 0x94, 0x80, 0x18, 0xb0, 0x90, 0x78, 0x18,
    0xb0, 0x90, 0x78, 0x18, 0xb0, 0x90, 0x78, 0x18, 0xb8, 0x8c, 0x80, 0x14,
    0xb8, 0x8c, 0x80, 0x14, 0xb8, 0x90, 0x78, 0x14, 0xb8, 0x90, 0x78, 0x14,
    0xb8, 0x94, 0x78, 0x14, 0xb8, 0x90, 0x78, 0x18, 0xb8, 0x90, 0x78, 0x14,
    0xb0, 0x8c, 0x80, 0x14, 0xb0, 0x94, 0x78, 0x14, 0xb8, 0x8c, 0x80, 0x14,
    0xb8, 0x90, 0x80, 0x14, 0xb8, 0x90, 0x80, 0x14, 0xb8, 0x8c, 0x80, 0x10,
    0xb0, 0x98, 0x78, 0x10, 0xb0, 0x98, 0x78, 0x10, 0xb8, 0x94, 0x78, 0x10,
    0xb0, 0x90, 0x80, 0x10, 0xb0, 0x90, 0x80, 0x10, 0xb0, 0x90, 0x80, 0x10,
    0xb8, 0x88, 0x78, 0x10, 0xc0, 0x88, 0x78, 0x10, 0xb8, 0x88, 0x78, 0x10,
    0xb8, 0x90, 0x80, 0x10, 0xb8, 0x90, 0x80, 0x0c, 0xb8, 0x90, 0x80, 0x0c,
    0xb8, 0x94, 0x80, 0x10, 0xb8, 0x90, 0x80, 0x0c, 0xb0, 0x88, 0x78, 0x0c,
    0xb0, 0x88, 0x78, 0x0c, 0xb0, 0x88, 0x78, 0x0c, 0xb0, 0x8c, 0x78, 0x10,
    0xa8, 0x94, 0x80, 0x0c, 0xa8, 0x94, 0x80, 0x0c, 0xa8, 0x94, 0x80, 0x0c,
    0xb8, 0x8c, 0x70, 0x0c, 0xb8, 0x8c, 0x70, 0x0c, 0xb8, 0x8c, 0x70, 0x0c,
    0xc0, 0x8c, 0x70, 0x0c, 0xb8, 0x8c, 0x70, 0x0c, 0xb0, 0x98, 0x80, 0x0c,
    0xb8, 0x98, 0x80, 0x08, 0xb0, 0x98, 0x80, 0x0c, 0xa8, 0x90, 0x70, 0x08,
    0xa8, 0x8c, 0x70, 0x08, 0xa8, 0x90, 0x70, 0x08, 0xb0, 0x90, 0x70, 0x08,
    0xc0, 0x80, 0x80, 0x08, 0xc0, 0x80, 0x80, 0x08, 0xc0, 0x80, 0x80, 0x08,
    0xc0, 0x80, 0x80, 0x08, 0xc0, 0x80, 0x80, 0x08, 0xc0, 0x80, 0x80, 0x08,
    0xc0, 0x80, 0x80, 0x08, 0xb8, 0x90, 0x68, 0x08, 0xc0, 0x80, 0x80, 0x08,
    0xc0, 0x80, 0x80, 0x08, 0xc0, 0x7c, 0x80, 0x08, 0xb8, 0x90, 0x68, 0x08,
    0xb8, 0x90, 0x70, 0x08, 0xc0, 0x80, 0x80, 0x08, 0xc0, 0x80, 0x80, 0x08,
    0xa8, 0x80, 0x80, 0x08, 0xa8, 0x80, 0x80, 0x08, 0xb8, 0x90, 0x68, 0x08,
    0xb8, 0x94, 0x70, 0x08, 0xb8, 0x90, 0x70, 0x08, 0xa8, 0x80, 0x80, 0x04,
    0xa8, 0x80, 0x80, 0x08, 0xa8, 0x7c, 0x80, 0x04, 0xa8, 0x80, 0x80, 0x08,
    0xb8, 0x90, 0x68, 0x08, 0xa8, 0x80, 0x80, 0x04, 0xa8, 0x80, 0x80, 0x04,
    0xa8, 0x80, 0x80, 0x04, 0xa8, 0x80, 0x80, 0x04, 0xb8, 0x94, 0x70, 0x08,
    0xa8, 0x80, 0x80, 0x04, 0xa8, 0x80, 0x80, 0x08, 0xa8, 0x7c, 0x80, 0x08,
    0xa8, 0x80, 0x80, 0x04, 0x98, 0x98, 0x68, 0x04, 0x98, 0x98, 0x68, 0x04,
    0x98, 0x98, 0x60, 0x08, 0x98, 0x98, 0x68, 0x04, 0xa0, 0x98, 0x68, 0x04,
    0x98, 0x98, 0x60, 0x08, 0x98, 0x9c, 0x68, 0x04, 0xa0, 0x98, 0x68, 0x04,
    0x98, 0x98, 0x68, 0x08, 0xc0, 0x80, 0x80, 0x04, 0xc0, 0x80, 0x80, 0x04,
    0xc0, 0x80, 0x80, 0x04, 0xc0, 0x80, 0x80, 0x04, 0xc0, 0x80, 0x80, 0x04,
    0xa8, 0xa8, 0x50, 0x04, 0xa8, 0xa8, 0x50, 0x04, 0xc0, 0x80, 0x80, 0x04,
    0xa8, 0xa8, 0x50, 0x04, 0xa8, 0xa8, 0x58, 0x04, 0xa8, 0xac, 0x58, 0x04,
    0xa8, 0xa8, 0x50, 0x04, 0xa8, 0xa8, 0x50, 0x04, 0x80, 0x80, 0x80, 0x00,
    0x80, 0x80, 0x80, 0x04, 0x80, 0x80, 0x80, 0x04, 0x80, 0x7c, 0x78, 0x00,
    0x80, 0x80, 0x80, 0x00, 0x80, 0x80, 0x80, 0x04, 0x80, 0x7c, 0x78, 0x00,
    0x80, 0x80, 0x80, 0x00, 0x80, 0x7c, 0x80, 0x04, 0x80, 0x80, 0x80, 0x04,
    0x80, 0x80, 0x80, 0x00, 0x78, 0x80, 0x80, 0x04, 0x80, 0x7c, 0x80, 0x04,
    0x80, 0x80, 0x80, 0x00, 0x80, 0x80, 0x80, 0x04, 0x80, 0x7c, 0x80, 0x04,
    0x80, 0x80, 0x80, 0x00, 0x80, 0x80, 0x80, 0x00, 0x00, 0x00, 0x00, 0x00,
    0x00, 0x00, 0x00, 0x00, 0x00, 0x00, 0x00, 0x00, 0x00, 0x00, 0x00, 0x00,
    0x00, 0x00, 0x00, 0x00, 0x00, 0x00, 0x00, 0x00, 0x00, 0x00, 0x00, 0x00,
    0x00, 0x00, 0x00, 0x00, 0x00, 0x00, 0x00, 0x00, 0x00, 0x00, 0x00, 0x00,
    0x00, 0x00, 0x00, 0x00, 0x00, 0x00, 0x00, 0x00, 0x00, 0x00, 0x00, 0x00,
    0x00, 0x00, 0x00, 0x00, 0x00, 0x00, 0x00, 0x00, 0x00, 0x00, 0x00, 0x00,
    0x00, 0x00, 0x00, 0x00, 0x00, 0x00, 0x00, 0x00, 0x00, 0x00, 0x00, 0x00,
    0x00, 0x00, 0x00, 0x00, 0x00, 0x00, 0x00, 0x00, 0x00, 0x00, 0x00, 0x00,
    0x00, 0x00, 0x00, 0x00, 0x00, 0x00, 0x00, 0x00, 0x00, 0x00, 0x00, 0x00,
    0x00, 0x00, 0x00, 0x00, 0x00, 0x00, 0x00, 0x00, 0x00, 0x00, 0x00, 0x00,
    0x00, 0x00, 0x00, 0x00, 0x00, 0x00, 0x00, 0x00, 0x00, 0x00, 0x00, 0x00,
    0x00, 0x00, 0x00, 0x00, 0x00, 0x00, 0x00, 0x00, 0x00, 0x00, 0x00, 0x00,
    0x00, 0x00, 0x00, 0x00, 0x00, 0x00, 0x00, 0x00, 0x00, 0x00, 0x00, 0x00,
    0x00, 0x00, 0x00, 0x00, 0x00, 0x00, 0x00, 0x00, 0x00, 0x00, 0x00, 0x00,
    0x00, 0x00, 0x00, 0x00, 0x00, 0x00, 0x00, 0x00, 0x00, 0x00, 0x00, 0x00,
    0x00, 0x00, 0x00, 0x00, 0x00, 0x00, 0x00, 0x00, 0x00, 0x00, 0x00, 0x00,
    0xa8, 0x94, 0x80, 0x0c, 0xb8, 0x8c, 0x80, 0x14, 0xb8, 0x90, 0x80, 0x10,
    0xb8, 0x90, 0x80, 0x14, 0xb0, 0x94, 0x78, 0x10, 0xb0, 0x90, 0x80, 0x10,
    0xb0, 0x90, 0x80, 0x10, 0xb0, 0x90, 0x80, 0x10, 0xb0, 0x90, 0x80, 0x10,
    0xb0, 0x90, 0x80, 0x10, 0xb0, 0x90, 0x80, 0x10, 0xb0, 0x90, 0x80, 0x10,
    0xb8, 0x88, 0x78, 0x10, 0xb8, 0x88, 0x78, 0x10, 0xc0, 0x88, 0x78, 0x10,
    0xb8, 0x88, 0x78, 0x10, 0xc0, 0x88, 0x78, 0x10, 0xc0, 0x88, 0x78, 0x10,
    0xb0, 0x90, 0x80, 0x10, 0xb0, 0x90, 0x80, 0x10, 0xb8, 0x88, 0x78, 0x10,
    0xb8, 0x88, 0x78, 0x10, 0xb0, 0x90, 0x80, 0x10, 0xb0, 0x90, 0x80, 0x10,
    0xb0, 0x90, 0x80, 0x10, 0xb0, 0x90, 0x80, 0x10, 0xb0, 0x90, 0x80, 0x10,
    0xb0, 0x94, 0x78, 0x10, 0xb8, 0x98, 0x78, 0x10, 0xb0, 0x94, 0x78, 0x10,
    0xb0, 0x94, 0x78, 0x10, 0xb8, 0x90, 0x80, 0x14, 0xb8, 0x90, 0x80, 0x10,
    0xb8, 0x8c, 0x80, 0x14, 0xb8, 0x90, 0x80, 0x10, 0xb0, 0x94, 0x78, 0x14,
    0xb0, 0x94, 0x78, 0x14, 0xb0, 0x94, 0x78, 0x14, 0xb0, 0x94, 0x78, 0x14,
    0xb0, 0x94, 0x78, 0x14, 0xb0, 0x94, 0x78, 0x14, 0xb0, 0x8c, 0x80, 0x14,
    0xb0, 0x8c, 0x80, 0x14, 0xb8, 0x90, 0x78, 0x14, 0xb8, 0x94, 0x78, 0x14,
    0xb8, 0x90, 0x78, 0x14, 0xb8, 0x90, 0x78, 0x14, 0xb8, 0x94, 0x78, 0x14,
    0xb8, 0x90, 0x78, 0x14, 0xb8, 0x8c, 0x80, 0x18, 0xb8, 0x8c, 0x80, 0x18,
    0xb0, 0x90, 0x78, 0x18, 0xb8, 0x8c, 0x80, 0x14, 0xb0, 0x90, 0x78, 0x18,
    0xb0, 0x90, 0x78, 0x18, 0xb0, 0x90, 0x78, 0x18, 0xb8, 0x94, 0x80, 0x18,
    0xb8, 0x94, 0x80, 0x18, 0xb8, 0x94, 0x80, 0x18, 0xb8, 0x94, 0x80, 0x18,
    0xb8, 0x94, 0x80, 0x18, 0xb8, 0x94, 0x80, 0x18, 0xb8, 0x94, 0x80, 0x18,
    0xb8, 0x90, 0x78, 0x18, 0xb8, 0x90, 0x78, 0x18, 0xb8, 0x90, 0x78, 0x18,
    0xb8, 0x90, 0x78, 0x18, 0xb8, 0x90, 0x78, 0x18, 0xb8, 0x94, 0x80, 0x18,
    0xb8, 0x90, 0x78, 0x18, 0xb8, 0x90, 0x78, 0x18, 0xb8, 0x94, 0x80, 0x18,
    0xb8, 0x94, 0x80, 0x18, 0xb8, 0x94, 0x80, 0x18, 0xb8, 0x94, 0x80, 0x18,
    0xb8, 0x90, 0x78, 0x18, 0xb8, 0x90, 0x78, 0x18, 0xb8, 0x90, 0x78, 0x18,
    0xb8, 0x90, 0x78, 0x18, 0xb8, 0x90, 0x78, 0x18, 0xb8, 0x94, 0x80, 0x18,
    0xb8, 0x94, 0x80, 0x18, 0xb8, 0x94, 0x80, 0x18, 0xb8, 0x94, 0x80, 0x18,
    0xb8, 0x94, 0x80, 0x18, 0xb0, 0x94, 0x80, 0x18, 0xb8, 0x94, 0x80, 0x18,
    0xb8, 0x8c, 0x80, 0x18, 0xb8, 0x8c, 0x80, 0x18, 0xb8, 0x8c, 0x80, 0x18,
    0xb0, 0x90, 0x78, 0x18, 0xb0, 0x90, 0x78, 0x18, 0xb8, 0x8c, 0x80, 0x18,
    0xb8, 0x90, 0x78, 0x14, 0xb8, 0x8c, 0x80, 0x18, 0xb8, 0x90, 0x78, 0x14,
    0xb8, 0x94, 0x78, 0x14, 0xb0, 0x8c, 0x80, 0x14, 0xb0, 0x8c, 0x80, 0x14,
    0xb0, 0x8c, 0x80, 0x14, 0xb0, 0x8c, 0x80, 0x14, 0xb0, 0x94, 0x78, 0x14,
    0xb0, 0x94, 0x78, 0x14, 0xb8, 0x90, 0x80, 0x14, 0xb8, 0x8c, 0x80, 0x10,
    0xb8, 0x8c, 0x80, 0x10, 0xb0, 0x98, 0x78, 0x10, 0xb0, 0x94, 0x78, 0x10,
    0xb8, 0x94, 0x78, 0x10, 0xb0, 0x90, 0x80, 0x10, 0xb0, 0x90, 0x80, 0x10,
    0xb8, 0x88, 0x78, 0x10, 0xb8, 0x88, 0x78, 0x10, 0xb8, 0x88, 0x78, 0x10,
    0xb8, 0x90, 0x80, 0x10, 0xb8, 0x94, 0x80, 0x0c, 0xb8, 0x94, 0x80, 0x10,
    0xb8, 0x90, 0x80, 0x0c, 0xb0, 0x88, 0x70, 0x0c, 0xb0, 0x88, 0x78, 0x0c,
    0xb0, 0x88, 0x78, 0x0c, 0xa8, 0x94, 0x80, 0x0c, 0xa8, 0x98, 0x80, 0x0c,
    0xa8, 0x94, 0x80, 0x0c, 0xa8, 0x94, 0x80, 0x0c, 0xa8, 0x94, 0x78, 0x0c,
    0xb8, 0x8c, 0x70, 0x0c, 0xb8, 0x8c, 0x70, 0x0c, 0xb8, 0x8c, 0x70, 0x0c,
    0xb8, 0x8c, 0x78, 0x0c, 0xb8, 0x8c, 0x70, 0x0c, 0xb8, 0x98, 0x80, 0x08,
    0xb0, 0x98, 0x80, 0x08, 0xb0, 0x98, 0x80, 0x0c, 0xb8, 0x98, 0x80, 0x08,
    0xa8, 0x90, 0x70, 0x08, 0xa8, 0x90, 0x70, 0x08, 0xb0, 0x8c, 0x70, 0x0c,
    0xc0, 0x80, 0x80, 0x08, 0xc0, 0x80, 0x80, 0x08, 0xc0, 0x80, 0x80, 0x08,
    0xc0, 0x80, 0x80, 0x08, 0xc0, 0x80, 0x80, 0x08, 0xc0, 0x7c, 0x80, 0x08,
    0xb8, 0x90, 0x70, 0x08, 0xb8, 0x90, 0x68, 0x08, 0xb8, 0x94, 0x70, 0x08,
    0xb8, 0x90, 0x70, 0x08, 0xb8, 0x90, 0x68, 0x08, 0xb8, 0x94, 0x70, 0x08,
    0xb8, 0x94, 0x70, 0x08, 0xb8, 0x90, 0x68, 0x08, 0xb8, 0x94, 0x70, 0x08,
    0xb8, 0x94, 0x70, 0x08, 0xa8, 0x80, 0x80, 0x08, 0xa8, 0x80, 0x80, 0x04,
    0xa8, 0x80, 0x80, 0x04, 0x98, 0x98, 0x68, 0x04, 0xb8, 0x94, 0x68, 0x08,
    0xb8, 0x90, 0x70, 0x08, 0xa8, 0x80, 0x80, 0x04, 0xa8, 0x80, 0x80, 0x04,
    0xa8, 0x80, 0x80, 0x08, 0xa8, 0x80, 0x80, 0x04, 0xa8, 0x80, 0x80, 0x04,
    0xa8, 0x80, 0x80, 0x08, 0xa8, 0x80, 0x80, 0x04, 0x98, 0x98, 0x68, 0x04,
    0xa8, 0x80, 0x80, 0x08, 0xa8, 0x80, 0x80, 0x08, 0xa8, 0x80, 0x80, 0x04,
    0x98, 0x98, 0x60, 0x04, 0x98, 0x98, 0x68, 0x04, 0x98, 0x98, 0x68, 0x04,
    0x98, 0x98, 0x60, 0x04, 0x98, 0x98, 0x68, 0x04, 0x98, 0x98, 0x68, 0x08,
    0x98, 0x98, 0x68, 0x04, 0x98, 0x98, 0x68, 0x04, 0x98, 0x98, 0x68, 0x08,
    0x98, 0x98, 0x68, 0x04, 0x98, 0x9c, 0x68, 0x04, 0x98, 0x98, 0x60, 0x04,
    0xc0, 0x80, 0x80, 0x04, 0xc0, 0x80, 0x80, 0x04, 0xc0, 0x80, 0x80, 0x04,
    0xc0, 0x80, 0x80, 0x04, 0xc0, 0x80, 0x80, 0x04, 0xc0, 0x80, 0x80, 0x04,
    0xa8, 0xa8, 0x50, 0x04, 0xa8, 0xac, 0x58, 0x04, 0xa8, 0xac, 0x58, 0x04,
    0xb0, 0xac, 0x58, 0x04, 0xa8, 0xa8, 0x50, 0x04, 0xb0, 0xac, 0x58, 0x00,
    0xa8, 0xa8, 0x58, 0x04, 0xa8, 0xa8, 0x50, 0x04, 0x80, 0x80, 0x80, 0x00,
    0x80, 0x80, 0x80, 0x00, 0x80, 0x7c, 0x80, 0x04, 0x80, 0x80, 0x80, 0x00,
    0x80, 0x80, 0x80, 0x04, 0x80, 0x7c, 0x80, 0x00, 0x80, 0x80, 0x80, 0x04,
    0x80, 0x80, 0x80, 0x00, 0x78, 0x7c, 0x78, 0x04, 0x80, 0x80, 0x80, 0x04,
    0x80, 0x80, 0x80, 0x00, 0x80, 0x80, 0x78, 0x00, 0x80, 0x80, 0x80, 0x04,
    0x80, 0x7c, 0x80, 0x00, 0x80, 0x80, 0x78, 0x00, 0x80, 0x80, 0x80, 0x04,
    0x78, 0x80, 0x80, 0x04, 0x80, 0x7c, 0x80, 0x00, 0x00, 0x00, 0x00, 0x00,
    0x00, 0x00, 0x00, 0x00, 0x00, 0x00, 0x00, 0x00, 0x00, 0x00, 0x00, 0x00,
    0x00, 0x00, 0x00, 0x00, 0x00, 0x00, 0x00, 0x00, 0x00, 0x00, 0x00, 0x00,
    0x00, 0x00, 0x00, 0x00, 0x00, 0x00, 0x00, 0x00, 0x00, 0x00, 0x00, 0x00,
    0x00, 0x00, 0x00, 0x00, 0x00, 0x00, 0x00, 0x00, 0x00, 0x00, 0x00, 0x00,
    0x00, 0x00, 0x00, 0x00, 0x00, 0x00, 0x00, 0x00, 0x00, 0x00, 0x00, 0x00,
    0x00, 0x00, 0x00, 0x00, 0x00, 0x00, 0x00, 0x00, 0x00, 0x00, 0x00, 0x00,
    0x00, 0x00, 0x00, 0x00, 0x00, 0x00, 0x00, 0x00, 0x00, 0x00, 0x00, 0x00,
    0x00, 0x00, 0x00, 0x00, 0x00, 0x00, 0x00, 0x00, 0x00, 0x00, 0x00, 0x00,
    0x00, 0x00, 0x00, 0x00, 0x00, 0x00, 0x00, 0x00, 0x00, 0x00, 0x00, 0x00,
    0x00, 0x00, 0x00, 0x00, 0x00, 0x00, 0x00, 0x00, 0x00, 0x00, 0x00, 0x00,
    0x00, 0x00, 0x00, 0x00, 0x00, 0x00, 0x00, 0x00, 0x00, 0x00, 0x00, 0x00,
    0x00, 0x00, 0x00, 0x00, 0x00, 0x00, 0x00, 0x00, 0x00, 0x00, 0x00, 0x00,
    0x00, 0x00, 0x00, 0x00, 0x00, 0x00, 0x00, 0x00, 0x00, 0x00, 0x00, 0x00,
    0x00, 0x00, 0x00, 0x00, 0x00, 0x00, 0x00, 0x00, 0x00, 0x00, 0x00, 0x00,
    0x00, 0x00, 0x00, 0x00, 0x00, 0x00, 0x00, 0x00, 0x00, 0x00, 0x00, 0x00,
    0xb8, 0x90, 0x70, 0x08, 0xb0, 0x90, 0x80, 0x10, 0xb0, 0x90, 0x80, 0x10,
    0xb8, 0x88, 0x78, 0x10, 0xb8, 0x88, 0x78, 0x10, 0xb8, 0x88, 0x78, 0x10,
    0xb8, 0x88, 0x78, 0x10, 0xb8, 0x88, 0x78, 0x10, 0xb8, 0x88, 0x78, 0x10,
    0xb8, 0x90, 0x80, 0x0c, 0xb8, 0x90, 0x80, 0x10, 0xb8, 0x94, 0x80, 0x10,
    0xb8, 0x90, 0x80, 0x0c, 0xb8, 0x90, 0x80, 0x0c, 0xb8, 0x94, 0x80, 0x10,
    0xb8, 0x90, 0x80, 0x0c, 0xb8, 0x90, 0x80, 0x0c, 0xb8, 0x94, 0x80, 0x0c,
    0xb8, 0x90, 0x80, 0x10, 0xb8, 0x90, 0x80, 0x0c, 0xb8, 0x90, 0x80, 0x0c,
    0xb8, 0x94, 0x80, 0x10, 0xb8, 0x90, 0x80, 0x10, 0xb8, 0x90, 0x80, 0x0c,
    0xb8, 0x88, 0x78, 0x10, 0xb8, 0x88, 0x78, 0x10, 0xb8, 0x88, 0x78, 0x10,
    0xb8, 0x88, 0x78, 0x10, 0xb8, 0x88, 0x78, 0x10, 0xc0, 0x88, 0x78, 0x10,
    0xb0, 0x90, 0x80, 0x10, 0xb0, 0x90, 0x80, 0x10, 0xb0, 0x90, 0x80, 0x10,
    0xb0, 0x90, 0x80, 0x10, 0xb0, 0x90, 0x80, 0x10, 0xb0, 0x90, 0x80, 0x10,
    0xb0, 0x94, 0x78, 0x10, 0xb0, 0x94, 0x78, 0x10, 0xb0, 0x98, 0x78, 0x10,
    0xb8, 0x8c, 0x80, 0x10, 0xb8, 0x8c, 0x80, 0x10, 0xb8, 0x8c, 0x80, 0x10,
    0xb8, 0x90, 0x80, 0x10, 0xb0, 0x94, 0x78, 0x14, 0xa8, 0x94, 0x78, 0x14,
    0xb0, 0x8c, 0x80, 0x14, 0xb0, 0x94, 0x78, 0x14, 0xa8, 0x94, 0x78, 0x14,
    0xb0, 0x8c, 0x80, 0x14, 0xb0, 0x8c, 0x80, 0x14, 0xb8, 0x94, 0x78, 0x14,
    0xb8, 0x90, 0x78, 0x14, 0xb8, 0x90, 0x78, 0x14, 0xb8, 0x90, 0x78, 0x14,
    0xb8, 0x90, 0x78, 0x14, 0xb8, 0x8c, 0x80, 0x18, 0xb8, 0x8c, 0x80, 0x18,
    0xb8, 0x8c, 0x80, 0x14, 0xb8, 0x8c, 0x80, 0x18, 0xb0, 0x90, 0x78, 0x18,
    0xb0, 0x90, 0x78, 0x18, 0xb0, 0x90, 0x78, 0x18, 0xb0, 0x90, 0x78, 0x18,
    0xb8, 0x94, 0x80, 0x18, 0xb8, 0x94, 0x80, 0x18, 0xb8, 0x94, 0x80, 0x18,
    0xb8, 0x94, 0x80, 0x18, 0xb8, 0x94, 0x80, 0x18, 0xb0, 0x90, 0x78, 0x18,
    0xb0, 0x90, 0x78, 0x18, 0xb8, 0x94, 0x80, 0x18, 0xb0, 0x90, 0x78, 0x18,
    0xb0, 0x90, 0x80, 0x18, 0xb0, 0x90, 0x78, 0x18, 0xb0, 0x90, 0x78, 0x18,
    0xb8, 0x94, 0x80, 0x18, 0xb8, 0x94, 0x80, 0x18, 0xb8, 0x94, 0x80, 0x18,
    0xb8, 0x94, 0x80, 0x18, 0xb0, 0x94, 0x80, 0x18, 0xb8, 0x94, 0x80, 0x18,
    0xb0, 0x90, 0x78, 0x18, 0xb0, 0x90, 0x78, 0x18, 0xb0, 0x90, 0x78, 0x18,
    0xb0, 0x90, 0x78, 0x18, 0xb8, 0x8c, 0x80, 0x18, 0xb8, 0x8c, 0x80, 0x14,
    0xb8, 0x8c, 0x80, 0x14, 0xb8, 0x90, 0x78, 0x14, 0xb8, 0x90, 0x78, 0x14,
    0xb8, 0x94, 0x78, 0x14, 0xb8, 0x8c, 0x80, 0x14, 0xb8, 0x90, 0x78, 0x14,
    0xb8, 0x94, 0x78, 0x14, 0xb0, 0x8c, 0x80, 0x14, 0xb0, 0x8c, 0x80, 0x14,
    0xb0, 0x8c, 0x80, 0x14, 0xb0, 0x94, 0x78, 0x14, 0xb0, 0x94, 0x78, 0x14,
    0xb8, 0x90, 0x80, 0x14, 0xb8, 0x90, 0x80, 0x14, 0xb8, 0x8c, 0x80, 0x10,
    0xb8, 0x90, 0x80, 0x14, 0xb0, 0x98, 0x78, 0x10, 0xb0, 0x94, 0x78, 0x10,
    0xb8, 0x98, 0x78, 0x10, 0xb0, 0x90, 0x80, 0x10, 0xb0, 0x90, 0x80, 0x10,
    0xb0, 0x90, 0x80, 0x10, 0xb8, 0x88, 0x78, 0x10, 0xb8, 0x88, 0x78, 0x10,
    0xb8, 0x88, 0x78, 0x10, 0xc0, 0x88, 0x78, 0x10, 0xb8, 0x90, 0x80, 0x0c,
    0xb8, 0x90, 0x80, 0x0c, 0xb8, 0x94, 0x80, 0x10, 0xb0, 0x88, 0x70, 0x0c,
    0xb0, 0x88, 0x78, 0x0c, 0xa8, 0x98, 0x80, 0x0c, 0xb0, 0x88, 0x70, 0x10,
    0xa8, 0x94, 0x80, 0x0c, 0xa8, 0x98, 0x80, 0x0c, 0xa8, 0x94, 0x78, 0x0c,
    0xb8, 0x8c, 0x70, 0x0c, 0xb8, 0x8c, 0x70, 0x0c, 0xb8, 0x8c, 0x78, 0x0c,
    0xb8, 0x98, 0x80, 0x08, 0xb8, 0x98, 0x80, 0x08, 0xb0, 0x98, 0x80, 0x0c,
    0xb8, 0x98, 0x80, 0x08, 0xa8, 0x8c, 0x70, 0x08, 0xa8, 0x90, 0x70, 0x08,
    0xa8, 0x8c, 0x70, 0x08, 0xa8, 0x90, 0x70, 0x08, 0xa8, 0x90, 0x70, 0x08,
    0xc0, 0x80, 0x80, 0x08, 0xa8, 0x8c, 0x70, 0x08, 0xc0, 0x80, 0x80, 0x08,
    0xc0, 0x80, 0x80, 0x08, 0xc0, 0x80, 0x80, 0x08, 0xb8, 0x90, 0x70, 0x08,
    0xc0, 0x7c, 0x80, 0x08, 0xb8, 0x90, 0x68, 0x08, 0xb8, 0x94, 0x70, 0x08,
    0xb8, 0x90, 0x68, 0x08, 0xb8, 0x94, 0x70, 0x08, 0xa8, 0x80, 0x80, 0x04,
    0xa8, 0x80, 0x80, 0x04, 0xa8, 0x80, 0x80, 0x04, 0xa8, 0x80, 0x80, 0x04,
    0xb8, 0x90, 0x68, 0x08, 0xb8, 0x90, 0x70, 0x08, 0xb8, 0x94, 0x68, 0x08,
    0xa8, 0x80, 0x80, 0x04, 0xa8, 0x7c, 0x80, 0x04, 0xa8, 0x80, 0x80, 0x08,
    0xa8, 0x80, 0x80, 0x08, 0x98, 0x98, 0x60, 0x04, 0x98, 0x98, 0x68, 0x04,
    0xa8, 0x80, 0x80, 0x04, 0x98, 0x98, 0x60, 0x04, 0x98, 0x98, 0x68, 0x04,
    0x98, 0x98, 0x60, 0x04, 0x98, 0x98, 0x68, 0x04, 0x98, 0x98, 0x68, 0x04,
    0x98, 0x98, 0x60, 0x04, 0x98, 0x98, 0x68, 0x04, 0x98, 0x98, 0x68, 0x04,
    0xb0, 0x80, 0x80, 0x08, 0x98, 0x98, 0x60, 0x04, 0x98, 0x98, 0x68, 0x04,
    0x98, 0x98, 0x68, 0x04, 0x98, 0x98, 0x60, 0x04, 0x98, 0x98, 0x68, 0x08,
    0x98, 0x98, 0x68, 0x04, 0xa0, 0x98, 0x60, 0x04, 0x98, 0x9c, 0x68, 0x04,
    0x98, 0x98, 0x60, 0x04, 0xa0, 0x9c, 0x68, 0x04, 0xc0, 0x80, 0x80, 0x04,
    0xc0, 0x80, 0x80, 0x04, 0xc0, 0x80, 0x80, 0x04, 0xc0, 0x80, 0x80, 0x04,
    0xc0, 0x80, 0x80, 0x04, 0xc0, 0x80, 0x80, 0x04, 0xc0, 0x7c, 0x78, 0x04,
    0xc0, 0x80, 0x80, 0x04, 0xc0, 0x80, 0x80, 0x04, 0xa8, 0xa8, 0x50, 0x04,
    0xc0, 0x80, 0x80, 0x04, 0xa8, 0xa8, 0x58, 0x04, 0xa8, 0xa8, 0x50, 0x04,
    0xa8, 0xac, 0x58, 0x00, 0xa8, 0xac, 0x50, 0x04, 0xb0, 0xa8, 0x58, 0x04,
    0xa8, 0xac, 0x58, 0x00, 0xa8, 0xac, 0x58, 0x04, 0xa8, 0xa8, 0x50, 0x04,
    0x80, 0x80, 0x80, 0x00, 0x80, 0x80, 0x80, 0x04, 0x80, 0x80, 0x80, 0x04,
    0x80, 0x80, 0x80, 0x00, 0x80, 0x80, 0x80, 0x04, 0x80, 0x80, 0x80, 0x00,
    0x80, 0x80, 0x80, 0x04, 0x80, 0x80, 0x80, 0x00, 0x80, 0x7c, 0x80, 0x00,
    0x80, 0x80, 0x80, 0x04, 0x80, 0x80, 0x80, 0x04, 0xf8, 0xfc, 0x00, 0x00,
    0xf8, 0xfc, 0x00, 0x00, 0x80, 0x80, 0x80, 0x04, 0xf8, 0xfc, 0x00, 0x00,
    0xf8, 0xfc, 0x00, 0x00, 0xf8, 0xfc, 0x00, 0x00, 0x00, 0x00, 0x00, 0x00,
    0x00, 0x00, 0x00, 0x00, 0x00, 0x00, 0x00, 0x00, 0x00, 0x00, 0x00, 0x00,
    0x00, 0x00, 0x00, 0x00, 0x00, 0x00, 0x00, 0x00, 0x00, 0x00, 0x00, 0x00,
    0x00, 0x00, 0x00, 0x00, 0x00, 0x00, 0x00, 0x00, 0x00, 0x00, 0x00, 0x00,
    0x00, 0x00, 0x00, 0x00, 0x00, 0x00, 0x00, 0x00, 0x00, 0x00, 0x00, 0x00,
    0x00, 0x00, 0x00, 0x00, 0x00, 0x00, 0x00, 0x00, 0x00, 0x00, 0x00, 0x00,
    0x00, 0x00, 0x00, 0x00, 0x00, 0x00, 0x00, 0x00, 0x00, 0x00, 0x00, 0x00,
    0x00, 0x00, 0x00, 0x00, 0x00, 0x00, 0x00, 0x00, 0x00, 0x00, 0x00, 0x00,
    0x00, 0x00, 0x00, 0x00, 0x00, 0x00, 0x00, 0x00, 0x00, 0x00, 0x00, 0x00,
    0x00, 0x00, 0x00, 0x00, 0x00, 0x00, 0x00, 0x00, 0x00, 0x00, 0x00, 0x00,
    0x00, 0x00, 0x00, 0x00, 0x00, 0x00, 0x00, 0x00, 0x00, 0x00, 0x00, 0x00,
    0x00, 0x00, 0x00, 0x00, 0x00, 0x00, 0x00, 0x00, 0x00, 0x00, 0x00, 0x00,
    0x00, 0x00, 0x00, 0x00, 0x00, 0x00, 0x00, 0x00, 0x00, 0x00, 0x00, 0x00,
    0x00, 0x00, 0x00, 0x00, 0x00, 0x00, 0x00, 0x00, 0x00, 0x00, 0x00, 0x00,
    0x00, 0x00, 0x00, 0x00, 0x00, 0x00, 0x00, 0x00, 0x00, 0x00, 0x00, 0x00,
    0x00, 0x00, 0x00, 0x00, 0x00, 0x00, 0x00, 0x00, 0x00, 0x00, 0x00, 0x00,
    0x80, 0x80, 0x80, 0x00, 0xb8, 0x88, 0x78, 0x10, 0xb8, 0x88, 0x78, 0x10,
    0xb8, 0x90, 0x80, 0x0c, 0xb8, 0x90, 0x80, 0x0c, 0xb8, 0x94, 0x80, 0x0c,
    0xb8, 0x90, 0x80, 0x0c, 0xb0, 0x88, 0x70, 0x0c, 0xb0, 0x88, 0x78, 0x0c,
    0xb0, 0x88, 0x78, 0x0c, 0xb0, 0x88, 0x78, 0x0c, 0xb0, 0x88, 0x78, 0x0c,
    0xb0, 0x88, 0x78, 0x0c, 0xa8, 0x94, 0x80, 0x0c, 0xb0, 0x88, 0x78, 0x0c,
    0xb0, 0x88, 0x78, 0x0c, 0xb0, 0x88, 0x78, 0x0c, 0xa8, 0x94, 0x80, 0x0c,
    0xa8, 0x94, 0x80, 0x0c, 0xb0, 0x88, 0x78, 0x0c, 0xb0, 0x88, 0x78, 0x0c,
    0xb0, 0x88, 0x78, 0x0c, 0xb0, 0x88, 0x78, 0x0c, 0xb0, 0x88, 0x78, 0x0c,
    0xb0, 0x88, 0x70, 0x0c, 0xb0, 0x88, 0x78, 0x0c, 0xb0, 0x88, 0x78, 0x0c,
    0xb8, 0x94, 0x80, 0x0c, 0xb8, 0x90, 0x80, 0x10, 0xb8, 0x94, 0x80, 0x0c,
    0xb8, 0x90, 0x80, 0x0c, 0xb8, 0x90, 0x80, 0x10, 0xb8, 0x90, 0x80, 0x0c,
    0xb8, 0x90, 0x80, 0x0c, 0xb8, 0x88, 0x78, 0x10, 0xb8, 0x88, 0x78, 0x10,
    0xb8, 0x88, 0x78, 0x10, 0xb8, 0x88, 0x78, 0x10, 0xb0, 0x90, 0x80, 0x10,
    0xb0, 0x90, 0x80, 0x10, 0xb0, 0x98, 0x78, 0x10, 0xb0, 0x94, 0x78, 0x10,
    0xb0, 0x94, 0x78, 0x10, 0xb8, 0x98, 0x78, 0x10, 0xb8, 0x8c, 0x80, 0x14,
    0xb8, 0x90, 0x80, 0x14, 0xb8, 0x90, 0x80, 0x10, 0xb8, 0x8c, 0x80, 0x14,
    0xb0, 0x94, 0x78, 0x14, 0xb0, 0x94, 0x78, 0x14, 0xb0, 0x8c, 0x80, 0x14,
    0xb0, 0x94, 0x78, 0x14, 0xb0, 0x94, 0x78, 0x14, 0xb0, 0x8c, 0x80, 0x14,
    0xb0, 0x8c, 0x80, 0x14, 0xb0, 0x8c, 0x80, 0x14, 0xb8, 0x90, 0x78, 0x14,
    0xb8, 0x90, 0x78, 0x14, 0xb8, 0x90, 0x78, 0x14, 0xb8, 0x90, 0x78, 0x14,
    0xb0, 0x94, 0x78, 0x14, 0xb8, 0x8c, 0x80, 0x14, 0xb8, 0x8c, 0x80, 0x18,
    0xb8, 0x8c, 0x80, 0x14, 0xb8, 0x8c, 0x80, 0x18, 0xb8, 0x8c, 0x80, 0x18,
    0xb8, 0x8c, 0x80, 0x14, 0xb8, 0x8c, 0x80, 0x18, 0xb8, 0x90, 0x78, 0x14,
    0xb8, 0x90, 0x78, 0x14, 0xb8, 0x8c, 0x80, 0x18, 0xb8, 0x90, 0x78, 0x14,
    0xb8, 0x8c, 0x80, 0x14, 0xb8, 0x8c, 0x80, 0x14, 0xb8, 0x90, 0x78, 0x14,
    0xb8, 0x94, 0x78, 0x14, 0xb8, 0x8c, 0x80, 0x18, 0xb0, 0x90, 0x78, 0x18,
    0xb8, 0x8c, 0x80, 0x18, 0xb8, 0x8c, 0x80, 0x18, 0xb8, 0x8c, 0x80, 0x14,
    0xb8, 0x90, 0x78, 0x14, 0xb8, 0x94, 0x78, 0x14, 0xb8, 0x90, 0x78, 0x14,
    0xb8, 0x90, 0x78, 0x14, 0xb8, 0x90, 0x78, 0x14, 0xb8, 0x90, 0x78, 0x14,
    0xb8, 0x90, 0x78, 0x14, 0xb8, 0x94, 0x78, 0x14, 0xb0, 0x8c, 0x80, 0x14,
    0xb0, 0x8c, 0x80, 0x14, 0xb0, 0x8c, 0x80, 0x14, 0xb0, 0x8c, 0x80, 0x14,
    0xb0, 0x94, 0x78, 0x14, 0xb0, 0x94, 0x78, 0x14, 0xb8, 0x8c, 0x80, 0x14,
    0xb8, 0x90, 0x80, 0x10, 0xb8, 0x8c, 0x80, 0x14, 0xb8, 0x8c, 0x80, 0x10,
    0xb8, 0x90, 0x80, 0x14, 0xb0, 0x94, 0x78, 0x10, 0xb0, 0x94, 0x78, 0x10,
    0xb0, 0x98, 0x78, 0x10, 0xb8, 0x94, 0x78, 0x10, 0xb0, 0x90, 0x80, 0x10,
    0xb8, 0x88, 0x78, 0x10, 0xb8, 0x88, 0x78, 0x10, 0xb8, 0x88, 0x78, 0x10,
    0xb8, 0x88, 0x78, 0x10, 0xb8, 0x90, 0x80, 0x10, 0xb8, 0x90, 0x80, 0x0c,
    0xb8, 0x94, 0x80, 0x10, 0xb0, 0x88, 0x70, 0x0c, 0xb0, 0x88, 0x78, 0x0c,
    0xb0, 0x88, 0x78, 0x0c, 0xa8, 0x94, 0x80, 0x0c, 0xa8, 0x94, 0x80, 0x0c,
    0xa8, 0x94, 0x80, 0x0c, 0xa8, 0x98, 0x80, 0x0c, 0xa8, 0x94, 0x80, 0x0c,
    0xb8, 0x8c, 0x70, 0x0c, 0xb8, 0x8c, 0x70, 0x0c, 0xb8, 0x8c, 0x78, 0x0c,
    0xb8, 0x8c, 0x70, 0x0c, 0xb8, 0x98, 0x80, 0x0c, 0xb0, 0x98, 0x80, 0x08,
    0xb0, 0x98, 0x80, 0x0c, 0xb0, 0x9c, 0x80, 0x0c, 0xa8, 0x90, 0x70, 0x08,
    0xa8, 0x8c, 0x70, 0x08, 0xb0, 0x90, 0x70, 0x08, 0xc0, 0x80, 0x80, 0x08,
    0xc0, 0x80, 0x80, 0x08, 0xc0, 0x80, 0x80, 0x08, 0xc0, 0x80, 0x80, 0x08,
    0xc0, 0x80, 0x80, 0x08, 0xc0, 0x80, 0x80, 0x08, 0xb8, 0x90, 0x70, 0x08,
    0xb8, 0x90, 0x70, 0x08, 0xc0, 0x80, 0x80, 0x08, 0xb8, 0x90, 0x68, 0x08,
    0xb0, 0x90, 0x70, 0x08, 0xb8, 0x94, 0x70, 0x08, 0xa8, 0x80, 0x80, 0x04,
    0xa8, 0x80, 0x80, 0x04, 0xa8, 0x80, 0x80, 0x08, 0xa8, 0x80, 0x80, 0x08,
    0x98, 0x98, 0x60, 0x04, 0x98, 0x98, 0x68, 0x04, 0xa8, 0x80, 0x80, 0x08,
    0xa8, 0x80, 0x80, 0x04, 0xa8, 0x80, 0x80, 0x04, 0xa8, 0x80, 0x80, 0x04,
    0xa8, 0x7c, 0x80, 0x08, 0xa8, 0x80, 0x80, 0x04, 0xb0, 0x80, 0x80, 0x08,
    0x98, 0x98, 0x60, 0x04, 0x98, 0x98, 0x68, 0x04, 0x98, 0x98, 0x68, 0x04,
    0x98, 0x98, 0x68, 0x04, 0xc0, 0x80, 0x80, 0x04, 0xc0, 0x80, 0x80, 0x04,
    0xc0, 0x80, 0x80, 0x04, 0xc0, 0x80, 0x80, 0x04, 0x98, 0x98, 0x68, 0x08,
    0x98, 0x98, 0x60, 0x04, 0x98, 0x98, 0x68, 0x04, 0x98, 0x98, 0x68, 0x08,
    0x98, 0x98, 0x60, 0x04, 0x98, 0x98, 0x68, 0x04, 0x98, 0x98, 0x68, 0x04,
    0x98, 0x98, 0x68, 0x08, 0xc0, 0x80, 0x80, 0x04, 0x98, 0x98, 0x68, 0x04,
    0x98, 0x9c, 0x68, 0x08, 0xc0, 0x80, 0x80, 0x04, 0xc0, 0x80, 0x80, 0x04,
    0xc0, 0x80, 0x80, 0x04, 0xc0, 0x80, 0x80, 0x04, 0xc0, 0x80, 0x78, 0x04,
    0xc0, 0x80, 0x80, 0x04, 0xc0, 0x80, 0x80, 0x04, 0xa8, 0xa8, 0x50, 0x04,
    0xa8, 0xa8, 0x50, 0x04, 0xa8, 0xa8, 0x58, 0x04, 0xa8, 0xa8, 0x50, 0x04,
    0xa8, 0xa8, 0x50, 0x04, 0xa8, 0xa8, 0x58, 0x04, 0xa8, 0xac, 0x58, 0x04,
    0xb0, 0xa8, 0x58, 0x04, 0xa8, 0xac, 0x50, 0x04, 0xb0, 0xa8, 0x58, 0x00,
    0xa8, 0xa8, 0x58, 0x04, 0xa8, 0xac, 0x50, 0x04, 0xa8, 0xa8, 0x50, 0x04,
    0xb0, 0xa8, 0x58, 0x04, 0x80, 0x80, 0x80, 0x00, 0x80, 0x80, 0x80, 0x00,
    0x80, 0x80, 0x80, 0x04, 0x80, 0x7c, 0x80, 0x00, 0x80, 0x80, 0x78, 0x00,
    0x80, 0x80, 0x80, 0x04, 0x78, 0x7c, 0x80, 0x00, 0x80, 0x80, 0x78, 0x04,
    0x80, 0x80, 0x80, 0x00, 0x80, 0x80, 0x80, 0x04, 0x80, 0x7c, 0x80, 0x00,
    0x78, 0x80, 0x80, 0x04, 0x80, 0x7c, 0x80, 0x00, 0xf8, 0xfc, 0x00, 0x00,
    0xf8, 0xfc, 0x00, 0x00, 0xf8, 0xfc, 0x00, 0x00, 0xf8, 0xfc, 0x00, 0x00,
    0xf8, 0xfc, 0x00, 0x00, 0xf8, 0xfc, 0x00, 0x00, 0x00, 0x00, 0x00, 0x00,
    0x00, 0x00, 0x00, 0x00, 0x00, 0x00, 0x00, 0x00, 0x00, 0x00, 0x00, 0x00,
    0x00, 0x00, 0x00, 0x00, 0x00, 0x00, 0x00, 0x00, 0x00, 0x00, 0x00, 0x00,
    0x00, 0x00, 0x00, 0x00, 0x00, 0x00, 0x00, 0x00, 0x00, 0x00, 0x00, 0x00,
    0x00, 0x00, 0x00, 0x00, 0x00, 0x00, 0x00, 0x00, 0x00, 0x00, 0x00, 0x00,
    0x00, 0x00, 0x00, 0x00, 0x00, 0x00, 0x00, 0x00, 0x00, 0x00, 0x00, 0x00,
    0x00, 0x00, 0x00, 0x00, 0x00, 0x00, 0x00, 0x00, 0x00, 0x00, 0x00, 0x00,
    0x00, 0x00, 0x00, 0x00, 0x00, 0x00, 0x00, 0x00, 0x00, 0x00, 0x00, 0x00,
    0x00, 0x00, 0x00, 0x00, 0x00, 0x00, 0x00, 0x00, 0x00, 0x00, 0x00, 0x00,
    0x00, 0x00, 0x00, 0x00, 0x00, 0x00, 0x00, 0x00, 0x00, 0x00, 0x00, 0x00,
    0x00, 0x00, 0x00, 0x00, 0x00, 0x00, 0x00, 0x00, 0x00, 0x00, 0x00, 0x00,
    0x00, 0x00, 0x00, 0x00, 0x00, 0x00, 0x00, 0x00, 0x00, 0x00, 0x00, 0x00,
    0x00, 0x00, 0x00, 0x00, 0x00, 0x00, 0x00, 0x00, 0x00, 0x00, 0x00, 0x00,
    0x00, 0x00, 0x00, 0x00, 0x00, 0x00, 0x00, 0x00, 0x00, 0x00, 0x00, 0x00,
    0x00, 0x00, 0x00, 0x00, 0x00, 0x00, 0x00, 0x00, 0x00, 0x00, 0x00, 0x00,
    0x00, 0x00, 0x00, 0x00, 0x00, 0x00, 0x00, 0x00, 0x00, 0x00, 0x00, 0x00,
    0x00, 0x00, 0x00, 0x00, 0xb8, 0x8c, 0x70, 0x0c, 0xb0, 0x88, 0x70, 0x0c,
    0xb0, 0x88, 0x78, 0x0c, 0xb0, 0x88, 0x70, 0x0c, 0xa8, 0x94, 0x80, 0x0c,
    0xa8, 0x94, 0x80, 0x0c, 0xb0, 0x94, 0x80, 0x0c, 0xa8, 0x98, 0x80, 0x0c,
    0xa8, 0x94, 0x80, 0x0c, 0xb8, 0x8c, 0x70, 0x0c, 0xb8, 0x8c, 0x70, 0x0c,
    0xb8, 0x8c, 0x70, 0x0c, 0xb8, 0x8c, 0x70, 0x0c, 0xb8, 0x8c, 0x78, 0x0c,
    0xb8, 0x8c, 0x70, 0x0c, 0xb8, 0x8c, 0x70, 0x0c, 0xb8, 0x8c, 0x78, 0x0c,
    0xb8, 0x8c, 0x70, 0x0c, 0xb8, 0x8c, 0x70, 0x0c, 0xb8, 0x8c, 0x70, 0x0c,
    0xb8, 0x8c, 0x70, 0x0c, 0xb8, 0x8c, 0x70, 0x0c, 0xb8, 0x8c, 0x70, 0x0c,
    0xa8, 0x94, 0x80, 0x0c, 0xa8, 0x94, 0x80, 0x0c, 0xa8, 0x94, 0x80, 0x0c,
    0xa8, 0x94, 0x80, 0x0c, 0xa8, 0x94, 0x80, 0x0c, 0xa8, 0x94, 0x80, 0x0c,
    0xa8, 0x94, 0x80, 0x0c, 0xb0, 0x88, 0x70, 0x0c, 0xb0, 0x88, 0x78, 0x0c,
    0xb0, 0x88, 0x78, 0x0c, 0xb8, 0x94, 0x80, 0x10, 0xb8, 0x90, 0x80, 0x0c,
    0xb8, 0x94, 0x80, 0x0c, 0xb8, 0x90, 0x80, 0x0c, 0xb8, 0x90, 0x80, 0x10,
    0xb8, 0x94, 0x80, 0x10, 0xb8, 0x88, 0x78, 0x10, 0xb8, 0x88, 0x78, 0x10,
    0xb0, 0x90, 0x80, 0x10, 0xb0, 0x90, 0x80, 0x10, 0xb8, 0x88, 0x78, 0x10,
    0xb0, 0x90, 0x80, 0x10, 0xb0, 0x90, 0x80, 0x10, 0xb0, 0x94, 0x78, 0x10,
    0xb0, 0x98, 0x78, 0x10, 0xb0, 0x94, 0x78, 0x10, 0xb8, 0x90, 0x80, 0x10,
    0xb8, 0x90, 0x80, 0x14, 0xb8, 0x90, 0x80, 0x10, 0xb8, 0x90, 0x80, 0x14,
    0xb8, 0x8c, 0x80, 0x10, 0xb0, 0x94, 0x78, 0x14, 0xb0, 0x94, 0x78, 0x14,
    0xb0, 0x94, 0x78, 0x14, 0xb0, 0x94, 0x78, 0x14, 0xb0, 0x94, 0x78, 0x14,
    0xb0, 0x94, 0x78, 0x14, 0xb0, 0x94, 0x78, 0x14, 0xb8, 0x90, 0x78, 0x14,
    0xb8, 0x90, 0x78, 0x14, 0xb8, 0x90, 0x78, 0x14, 0xb0, 0x8c, 0x80, 0x14,
    0xb0, 0x8c, 0x80, 0x14, 0xb0, 0x8c, 0x80, 0x14, 0xb0, 0x8c, 0x80, 0x14,
    0xb8, 0x94, 0x78, 0x14, 0xb8, 0x90, 0x78, 0x14, 0xb0, 0x8c, 0x80, 0x14,
    0xb8, 0x94, 0x78, 0x14, 0xb8, 0x90, 0x78, 0x14, 0xb8, 0x90, 0x78, 0x14,
    0xb0, 0x8c, 0x80, 0x14, 0xb0, 0x8c, 0x80, 0x14, 0xb8, 0x90, 0x78, 0x14,
    0xb8, 0x90, 0x78, 0x14, 0xb0, 0x8c, 0x80, 0x14, 0xb8, 0x90, 0x78, 0x14,
    0xb0, 0x8c, 0x80, 0x14, 0xb0, 0x94, 0x78, 0x14, 0xb0, 0x8c, 0x80, 0x14,
    0xb0, 0x8c, 0x80, 0x14, 0xb0, 0x8c, 0x80, 0x14, 0xb0, 0x8c, 0x80, 0x14,
    0xb0, 0x8c, 0x80, 0x14, 0xb0, 0x8c, 0x80, 0x14, 0xb0, 0x94, 0x78, 0x14,
    0xb0, 0x94, 0x78, 0x14, 0xb0, 0x94, 0x78, 0x14, 0xb0, 0x94, 0x78, 0x14,
    0xb8, 0x8c, 0x80, 0x10, 0xb8, 0x90, 0x80, 0x14, 0xb8, 0x90, 0x80, 0x10,
    0xb0, 0x94, 0x78, 0x10, 0xb0, 0x98, 0x78, 0x10, 0xb8, 0x98, 0x78, 0x10,
    0xb0, 0x94, 0x78, 0x10, 0xb0, 0x90, 0x80, 0x10, 0xb0, 0x90, 0x80, 0x10,
    0xb0, 0x90, 0x80, 0x10, 0xb8, 0x88, 0x78, 0x10, 0xb8, 0x88, 0x78, 0x10,
    0xc0, 0x88, 0x78, 0x10, 0xb8, 0x90, 0x80, 0x10, 0xb8, 0x90, 0x80, 0x0c,
    0xb8, 0x94, 0x78, 0x10, 0xb0, 0x88, 0x78, 0x0c, 0xb0, 0x88, 0x78, 0x0c,
    0xb0, 0x88, 0x70, 0x0c, 0xa8, 0x94, 0x80, 0x0c, 0xa8, 0x94, 0x80, 0x0c,
    0xa8, 0x98, 0x80, 0x0c, 0xa8, 0x94, 0x80, 0x0c, 0xb8, 0x8c, 0x70, 0x0c,
    0xb8, 0x8c, 0x70, 0x0c, 0xb8, 0x8c, 0x70, 0x0c, 0xb8, 0x8c, 0x78, 0x0c,
    0xb8, 0x8c, 0x70, 0x0c, 0xb8, 0x98, 0x80, 0x08, 0xb0, 0x98, 0x80, 0x08,
    0xb8, 0x98, 0x80, 0x0c, 0xb0, 0x98, 0x80, 0x08, 0xa8, 0x90, 0x70, 0x08,
    0xa8, 0x90, 0x70, 0x08, 0xa8, 0x8c, 0x70, 0x08, 0xc0, 0x80, 0x80, 0x08,
    0xc0, 0x80, 0x80, 0x08, 0xc0, 0x80, 0x80, 0x08, 0xc0, 0x80, 0x80, 0x08,
    0xc0, 0x7c, 0x80, 0x08, 0xb8, 0x90, 0x70, 0x08, 0xc0, 0x80, 0x80, 0x08,
    0xb8, 0x90, 0x70, 0x08, 0xb8, 0x90, 0x68, 0x08, 0xb8, 0x94, 0x70, 0x08,
    0xb8, 0x90, 0x68, 0x08, 0xb0, 0x94, 0x70, 0x08, 0xa8, 0x80, 0x80, 0x04,
    0xa8, 0x80, 0x80, 0x08, 0xa8, 0x80, 0x80, 0x04, 0x98, 0x98, 0x68, 0x04,
    0xa8, 0x80, 0x80, 0x08, 0x98, 0x98, 0x60, 0x04, 0x98, 0x98, 0x68, 0x04,
    0x98, 0x98, 0x68, 0x04, 0x98, 0x98, 0x68, 0x04, 0x98, 0x98, 0x68, 0x04,
    0x98, 0x98, 0x68, 0x04, 0x98, 0x98, 0x60, 0x04, 0x98, 0x98, 0x68, 0x04,
    0x98, 0x98, 0x68, 0x04, 0x98, 0x98, 0x60, 0x04, 0x98, 0x98, 0x68, 0x04,
    0x98, 0x98, 0x68, 0x04, 0x98, 0x98, 0x68, 0x04, 0x98, 0x98, 0x68, 0x08,
    0x98, 0x98, 0x60, 0x04, 0xc0, 0x80, 0x80, 0x04, 0xc0, 0x80, 0x80, 0x04,
    0xc0, 0x80, 0x80, 0x04, 0xc0, 0x80, 0x80, 0x04, 0x98, 0x98, 0x68, 0x04,
    0xc0, 0x80, 0x80, 0x04, 0xc0, 0x80, 0x80, 0x04, 0xc0, 0x80, 0x80, 0x04,
    0x98, 0x98, 0x60, 0x04, 0xc0, 0x80, 0x80, 0x04, 0xc0, 0x80, 0x80, 0x04,
    0xc0, 0x80, 0x80, 0x04, 0xc0, 0x80, 0x80, 0x04, 0xc0, 0x80, 0x80, 0x04,
    0xc0, 0x80, 0x80, 0x04, 0xa8, 0xa8, 0x50, 0x04, 0xc0, 0x80, 0x80, 0x04,
    0xc0, 0x80, 0x80, 0x04, 0xc0, 0x80, 0x80, 0x04, 0xa8, 0xa8, 0x50, 0x04,
    0xa8, 0xa8, 0x50, 0x04, 0xa8, 0xa8, 0x58, 0x04, 0xa8, 0xac, 0x58, 0x04,
    0xb0, 0xac, 0x50, 0x04, 0xa8, 0xac, 0x58, 0x04, 0xa8, 0xac, 0x58, 0x04,
    0xb0, 0xac, 0x58, 0x04, 0xa8, 0xa8, 0x50, 0x04, 0xa8, 0xac, 0x58, 0x00,
    0xa8, 0xac, 0x50, 0x04, 0x80, 0x80, 0x80, 0x00, 0x80, 0x80, 0x80, 0x00,
    0x80, 0x80, 0x80, 0x00, 0x80, 0x80, 0x80, 0x00, 0x80, 0x80, 0x80, 0x00,
    0x80, 0x80, 0x80, 0x04, 0x80, 0x80, 0x80, 0x00, 0x80, 0x80, 0x80, 0x04,
    0x80, 0x80, 0x80, 0x04, 0x80, 0x7c, 0x80, 0x00, 0x80, 0x80, 0x80, 0x04,
    0x80, 0x80, 0x80, 0x00, 0x80, 0x7c, 0x80, 0x04, 0x80, 0x80, 0x80, 0x00,
    0x78, 0x80, 0x80, 0x04, 0x80, 0x7c, 0x80, 0x04, 0x80, 0x80, 0x78, 0x00,
    0x80, 0x80, 0x80, 0x00, 0x80, 0x80, 0x80, 0x04, 0xf8, 0xfc, 0x00, 0x00,
    0xf8, 0xfc, 0x00, 0x00, 0xf8, 0xfc, 0x00, 0x04, 0xf8, 0xfc, 0x00, 0x00,
    0xf8, 0xfc, 0x00, 0x00, 0xf8, 0xfc, 0x00, 0x04, 0x00, 0x00, 0x00, 0x00,
    0x00, 0x00, 0x00, 0x00, 0x00, 0x00, 0x00, 0x00, 0x00, 0x00, 0x00, 0x00,
    0x00, 0x00, 0x00, 0x00, 0x00, 0x00, 0x00, 0x00, 0x00, 0x00, 0x00, 0x00,
    0x00, 0x00, 0x00, 0x00, 0x00, 0x00, 0x00, 0x00, 0x00, 0x00, 0x00, 0x00,
    0x00, 0x00, 0x00, 0x00, 0x00, 0x00, 0x00, 0x00, 0x00, 0x00, 0x00, 0x00,
    0x00, 0x00, 0x00, 0x00, 0x00, 0x00, 0x00, 0x00, 0x00, 0x00, 0x00, 0x00,
    0x00, 0x00, 0x00, 0x00, 0x00, 0x00, 0x00, 0x00, 0x00, 0x00, 0x00, 0x00,
    0x00, 0x00, 0x00, 0x00, 0x00, 0x00, 0x00, 0x00, 0x00, 0x00, 0x00, 0x00,
    0x00, 0x00, 0x00, 0x00, 0x00, 0x00, 0x00, 0x00, 0x00, 0x00, 0x00, 0x00,
    0x00, 0x00, 0x00, 0x00, 0x00, 0x00, 0x00, 0x00, 0x00, 0x00, 0x00, 0x00,
    0x00, 0x00, 0x00, 0x00, 0x00, 0x00, 0x00, 0x00, 0x00, 0x00, 0x00, 0x00,
    0x00, 0x00, 0x00, 0x00, 0x00, 0x00, 0x00, 0x00, 0x00, 0x00, 0x00, 0x00,
    0x00, 0x00, 0x00, 0x00, 0x00, 0x00, 0x00, 0x00, 0x00, 0x00, 0x00, 0x00,
    0x00, 0x00, 0x00, 0x00, 0x00, 0x00, 0x00, 0x00, 0x00, 0x00, 0x00, 0x00,
    0x00, 0x00, 0x00, 0x00, 0x00, 0x00, 0x00, 0x00, 0x00, 0x00, 0x00, 0x00,
    0x00, 0x00, 0x00, 0x00, 0x00, 0x00, 0x00, 0x00, 0x00, 0x00, 0x00, 0x00,
    0x00, 0x00, 0x00, 0x00, 0xa8, 0x80, 0x80, 0x08, 0xa8, 0x94, 0x80, 0x0c,
    0xb8, 0x8c, 0x70, 0x0c, 0xb8, 0x8c, 0x70, 0x0c, 0xb8, 0x8c, 0x70, 0x0c,
    0xb8, 0x8c, 0x70, 0x0c, 0xb0, 0x98, 0x80, 0x0c, 0xb0, 0x98, 0x80, 0x0c,
    0xb0, 0x98, 0x80, 0x08, 0xb8, 0x8c, 0x70, 0x0c, 0xb0, 0x98, 0x80, 0x0c,
    0xb0, 0x98, 0x80, 0x08, 0xb0, 0x98, 0x80, 0x0c, 0xb0, 0x98, 0x80, 0x08,
    0xb0, 0x98, 0x80, 0x0c, 0xb0, 0x98, 0x80, 0x08, 0xb0, 0x98, 0x80, 0x08,
    0xb0, 0x98, 0x80, 0x0c, 0xb0, 0x98, 0x80, 0x08, 0xb0, 0x98, 0x80, 0x0c,
    0xb0, 0x98, 0x80, 0x08, 0xb0, 0x98, 0x80, 0x0c, 0xb0, 0x9c, 0x80, 0x0c,
    0xb8, 0x8c, 0x70, 0x0c, 0xb0, 0x98, 0x80, 0x0c, 0xb8, 0x9c, 0x80, 0x08,
    0xb8, 0x8c, 0x70, 0x0c, 0xb8, 0x8c, 0x70, 0x0c, 0xb8, 0x8c, 0x70, 0x0c,
    0xb8, 0x8c, 0x70, 0x0c, 0xb8, 0x8c, 0x70, 0x0c, 0xb8, 0x8c, 0x70, 0x0c,
    0xa8, 0x94, 0x80, 0x0c, 0xa8, 0x94, 0x80, 0x0c, 0xa8, 0x94, 0x80, 0x0c,
    0xa8, 0x94, 0x80, 0x0c, 0xb0, 0x88, 0x70, 0x0c, 0xb0, 0x88, 0x78, 0x0c,
    0xb0, 0x88, 0x78, 0x0c, 0xb8, 0x94, 0x80, 0x10, 0xb8, 0x90, 0x80, 0x10,
    0xb8, 0x94, 0x80, 0x0c, 0xb8, 0x90, 0x80, 0x10, 0xb8, 0x90, 0x80, 0x0c,
    0xb8, 0x90, 0x80, 0x0c, 0xb8, 0x90, 0x80, 0x10, 0xb8, 0x88, 0x78, 0x10,
    0xb8, 0x88, 0x78, 0x10, 0xb0, 0x90, 0x80, 0x10, 0xb0, 0x90, 0x80, 0x10,
    0xb0, 0x90, 0x80, 0x10, 0xb0, 0x8c, 0x80, 0x10, 0xb0, 0x94, 0x78, 0x10,
    0xb0, 0x98, 0x78, 0x10, 0xb8, 0x90, 0x80, 0x10, 0xb8, 0x90, 0x80, 0x14,
    0xb0, 0x98, 0x78, 0x10, 0xb8, 0x8c, 0x80, 0x10, 0xb8, 0x90, 0x80, 0x10,
    0xa8, 0x94, 0x78, 0x14, 0xb8, 0x8c, 0x80, 0x10, 0xb8, 0x90, 0x80, 0x14,
    0xb0, 0x94, 0x78, 0x14, 0xa8, 0x94, 0x78, 0x14, 0xb0, 0x94, 0x78, 0x14,
    0xb0, 0x94, 0x78, 0x14, 0xb8, 0x8c, 0x80, 0x10, 0xb0, 0x94, 0x78, 0x14,
    0xb0, 0x94, 0x78, 0x14, 0xb8, 0x90, 0x80, 0x14, 0xb0, 0x94, 0x78, 0x14,
    0xb0, 0x94, 0x78, 0x14, 0xa8, 0x94, 0x78, 0x14, 0xb0, 0x94, 0x78, 0x14,
    0xb0, 0x94, 0x78, 0x14, 0xa8, 0x94, 0x78, 0x14, 0xb0, 0x94, 0x78, 0x14,
    0xb0, 0x94, 0x78, 0x14, 0xb0, 0x94, 0x78, 0x14, 0xb0, 0x94, 0x78, 0x14,
    0xa8, 0x94, 0x78, 0x14, 0xb0, 0x94, 0x78, 0x14, 0xb0, 0x94, 0x78, 0x14,
    0xb0, 0x94, 0x78, 0x14, 0xb0, 0x94, 0x78, 0x14, 0xb8, 0x90, 0x80, 0x14,
    0xb8, 0x90, 0x80, 0x14, 0xb8, 0x8c, 0x80, 0x14, 0xb8, 0x8c, 0x80, 0x10,
    0xb8, 0x90, 0x80, 0x14, 0xb8, 0x8c, 0x80, 0x10, 0xb0, 0x94, 0x78, 0x10,
    0xb8, 0x90, 0x80, 0x14, 0xb0, 0x94, 0x78, 0x10, 0xb8, 0x94, 0x78, 0x10,
    0xb0, 0x90, 0x80, 0x10, 0xb0, 0x90, 0x80, 0x10, 0xb0, 0x90, 0x80, 0x10,
    0xb8, 0x88, 0x78, 0x10, 0xc0, 0x88, 0x78, 0x10, 0xb8, 0x90, 0x80, 0x10,
    0xb8, 0x90, 0x80, 0x0c, 0xb8, 0x94, 0x80, 0x10, 0xb8, 0x90, 0x80, 0x0c,
    0xb8, 0x94, 0x78, 0x0c, 0xb0, 0x88, 0x78, 0x0c, 0xb0, 0x88, 0x78, 0x0c,
    0xb0, 0x88, 0x70, 0x0c, 0xa8, 0x94, 0x80, 0x0c, 0xa8, 0x94, 0x80, 0x0c,
    0xa8, 0x98, 0x80, 0x0c, 0xb8, 0x8c, 0x70, 0x0c, 0xb8, 0x8c, 0x70, 0x0c,
    0xb8, 0x8c, 0x70, 0x0c, 0xb8, 0x8c, 0x70, 0x0c, 0xb8, 0x8c, 0x78, 0x0c,
    0xb8, 0x8c, 0x70, 0x0c, 0xb8, 0x98, 0x80, 0x08, 0xb0, 0x98, 0x80, 0x08,
    0xb0, 0x98, 0x80, 0x0c, 0xb8, 0x98, 0x80, 0x08, 0xa8, 0x90, 0x70, 0x08,
    0xa8, 0x90, 0x70, 0x08, 0xa8, 0x8c, 0x70, 0x08, 0xc0, 0x80, 0x80, 0x08,
    0xc0, 0x80, 0x80, 0x08, 0xc0, 0x80, 0x80, 0x08, 0xc0, 0x80, 0x80, 0x08,
    0xb8, 0x90, 0x70, 0x08, 0xb8, 0x90, 0x70, 0x08, 0xb8, 0x90, 0x70, 0x08,
    0xb8, 0x94, 0x68, 0x08, 0xb8, 0x90, 0x70, 0x08, 0xb8, 0x90, 0x70, 0x08,
    0xa8, 0x80, 0x80, 0x08, 0xa8, 0x80, 0x80, 0x04, 0xa8, 0x80, 0x80, 0x04,
    0xa8, 0x80, 0x80, 0x08, 0xa8, 0x80, 0x80, 0x04, 0xa8, 0x80, 0x80, 0x04,
    0x98, 0x98, 0x60, 0x04, 0x98, 0x98, 0x68, 0x04, 0x98, 0x98, 0x68, 0x04,
    0x98, 0x98, 0x60, 0x04, 0x98, 0x98, 0x68, 0x04, 0x98, 0x98, 0x68, 0x04,
    0x98, 0x98, 0x68, 0x08, 0xc0, 0x80, 0x80, 0x04, 0x98, 0x98, 0x60, 0x04,
    0xc0, 0x80, 0x80, 0x04, 0xc0, 0x80, 0x80, 0x04, 0xc0, 0x80, 0x80, 0x04,
    0xc0, 0x80, 0x80, 0x04, 0xc0, 0x80, 0x80, 0x04, 0xc0, 0x80, 0x80, 0x04,
    0x98, 0x98, 0x60, 0x04, 0x98, 0x98, 0x68, 0x04, 0x98, 0x98, 0x68, 0x04,
    0xc0, 0x80, 0x80, 0x04, 0xc0, 0x80, 0x80, 0x04, 0xc0, 0x80, 0x80, 0x04,
    0xc0, 0x7c, 0x80, 0x04, 0xc0, 0x80, 0x80, 0x04, 0xc0, 0x80, 0x80, 0x04,
    0xc0, 0x80, 0x80, 0x04, 0xc0, 0x80, 0x80, 0x04, 0xb0, 0xa8, 0x50, 0x04,
    0xa8, 0xac, 0x58, 0x04, 0xc0, 0x80, 0x80, 0x04, 0xc0, 0x80, 0x80, 0x04,
    0xa8, 0xa8, 0x50, 0x04, 0xa8, 0xac, 0x50, 0x04, 0xc0, 0x80, 0x80, 0x04,
    0xa8, 0xa8, 0x50, 0x04, 0xa8, 0xa8, 0x50, 0x04, 0xa8, 0xa8, 0x58, 0x04,
    0xc0, 0x80, 0x80, 0x04, 0xa8, 0xa8, 0x50, 0x04, 0xa8, 0xa8, 0x58, 0x04,
    0xa8, 0xac, 0x58, 0x04, 0xb0, 0xa8, 0x58, 0x04, 0xa8, 0xac, 0x50, 0x04,
    0xa8, 0xa8, 0x58, 0x04, 0xb0, 0xa8, 0x58, 0x00, 0x80, 0x80, 0x80, 0x00,
    0x80, 0x80, 0x80, 0x00, 0xa8, 0xa8, 0x50, 0x04, 0xb0, 0xa8, 0x58, 0x04,
    0x80, 0x80, 0x80, 0x00, 0x80, 0x80, 0x80, 0x04, 0x80, 0x80, 0x80, 0x04,
    0x80, 0x80, 0x80, 0x04, 0x80, 0x80, 0x80, 0x00, 0x80, 0x80, 0x80, 0x04,
    0x80, 0x80, 0x80, 0x00, 0x80, 0x7c, 0x80, 0x00, 0x80, 0x80, 0x80, 0x04,
    0x80, 0x80, 0x80, 0x00, 0x80, 0x80, 0x80, 0x04, 0x80, 0x80, 0x80, 0x00,
    0x80, 0x80, 0x80, 0x04, 0x80, 0x80, 0x80, 0x00, 0x80, 0x7c, 0x80, 0x00,
    0x80, 0x80, 0x80, 0x04, 0x80, 0x80, 0x80, 0x00, 0x80, 0x80, 0x80, 0x04,
    0x80, 0x80, 0x80, 0x04, 0x80, 0x80, 0x78, 0x04, 0x80, 0x7c, 0x80, 0x04,
    0xf8, 0xfc, 0x00, 0x00, 0xf8, 0xfc, 0x00, 0x00, 0xf8, 0xfc, 0x00, 0x04,
    0xf8, 0xfc, 0x00, 0x00, 0xf8, 0xfc, 0x00, 0x00, 0x00, 0x00, 0x00, 0x00,
    0x00, 0x00, 0x00, 0x00, 0x00, 0x00, 0x00, 0x00, 0x00, 0x00, 0x00, 0x00,
    0x00, 0x00, 0x00, 0x00, 0x00, 0x00, 0x00, 0x00, 0x00, 0x00, 0x00, 0x00,
    0x00, 0x00, 0x00, 0x00, 0x00, 0x00, 0x00, 0x00, 0x00, 0x00, 0x00, 0x00,
    0x00, 0x00, 0x00, 0x00, 0x00, 0x00, 0x00, 0x00, 0x00, 0x00, 0x00, 0x00,
    0x00, 0x00, 0x00, 0x00, 0x00, 0x00, 0x00, 0x00, 0x00, 0x00, 0x00, 0x00,
    0x00, 0x00, 0x00, 0x00, 0x00, 0x00, 0x00, 0x00, 0x00, 0x00, 0x00, 0x00,
    0x00, 0x00, 0x00, 0x00, 0x00, 0x00, 0x00, 0x00, 0x00, 0x00, 0x00, 0x00,
    0x00, 0x00, 0x00, 0x00, 0x00, 0x00, 0x00, 0x00, 0x00, 0x00, 0x00, 0x00,
    0x00, 0x00, 0x00, 0x00, 0x00, 0x00, 0x00, 0x00, 0x00, 0x00, 0x00, 0x00,
    0x00, 0x00, 0x00, 0x00, 0x00, 0x00, 0x00, 0x00, 0x00, 0x00, 0x00, 0x00,
    0x00, 0x00, 0x00, 0x00, 0x00, 0x00, 0x00, 0x00, 0x00, 0x00, 0x00, 0x00,
    0x00, 0x00, 0x00, 0x00, 0x00, 0x00, 0x00, 0x00, 0x00, 0x00, 0x00, 0x00,
    0x00, 0x00, 0x00, 0x00, 0x00, 0x00, 0x00, 0x00, 0x00, 0x00, 0x00, 0x00,
    0x00, 0x00, 0x00, 0x00, 0x00, 0x00, 0x00, 0x00, 0x00, 0x00, 0x00, 0x00,
    0x00, 0x00, 0x00, 0x00, 0x00, 0x00, 0x00, 0x00, 0x00, 0x00, 0x00, 0x00,
    0x00, 0x00, 0x00, 0x00, 0x80, 0x80, 0x80, 0x00, 0xb0, 0x98, 0x80, 0x0c,
    0xb0, 0x98, 0x80, 0x08, 0xb8, 0x98, 0x80, 0x0c, 0xa8, 0x90, 0x70, 0x08,
    0xa8, 0x90, 0x70, 0x08, 0xb0, 0x90, 0x70, 0x08, 0xa8, 0x90, 0x70, 0x08,
    0xa8, 0x90, 0x70, 0x08, 0xb0, 0x90, 0x70, 0x08, 0xa8, 0x90, 0x70, 0x08,
    0xa8, 0x90, 0x70, 0x08, 0xb0, 0x90, 0x70, 0x08, 0xa8, 0x90, 0x70, 0x08,
    0xa8, 0x90, 0x70, 0x08, 0xb0, 0x90, 0x70, 0x08, 0xa8, 0x90, 0x70, 0x08,
    0xa8, 0x90, 0x70, 0x08, 0xc0, 0x80, 0x80, 0x08, 0xb0, 0x90, 0x70, 0x08,
    0xa8, 0x90, 0x70, 0x08, 0xa8, 0x8c, 0x70, 0x08, 0xb0, 0x90, 0x70, 0x08,
    0xa8, 0x90, 0x70, 0x08, 0xa8, 0x8c, 0x70, 0x08, 0xb0, 0x90, 0x70, 0x08,
    0xb0, 0x98, 0x80, 0x0c, 0xb0, 0x98, 0x80, 0x08, 0xb0, 0x98, 0x80, 0x08,
    0xb0, 0x98, 0x80, 0x0c, 0xb0, 0x98, 0x80, 0x08, 0xb8, 0x8c, 0x78, 0x0c,
    0xb0, 0x98, 0x80, 0x0c, 0xb8, 0x8c, 0x70, 0x0c, 0xb8, 0x8c, 0x70, 0x0c,
    0xb8, 0x8c, 0x70, 0x0c, 0xa8, 0x94, 0x80, 0x0c, 0xb8, 0x8c, 0x70, 0x0c,
    0xa8, 0x94, 0x80, 0x0c, 0xa8, 0x94, 0x80, 0x0c, 0xa8, 0x94, 0x80, 0x0c,
    0xa8, 0x94, 0x80, 0x0c, 0xa8, 0x94, 0x80, 0x0c, 0xb0, 0x88, 0x70, 0x0c,
    0xb0, 0x88, 0x78, 0x0c, 0xb8, 0x94, 0x80, 0x10, 0xb8, 0x94, 0x80, 0x0c,
    0xb8, 0x90, 0x80, 0x0c, 0xb8, 0x90, 0x80, 0x10, 0xb8, 0x90, 0x80, 0x10,
    0xb8, 0x90, 0x80, 0x0c, 0xb8, 0x88, 0x78, 0x10, 0xb8, 0x88, 0x78, 0x10,
    0xb0, 0x90, 0x80, 0x10, 0xb0, 0x90, 0x80, 0x10, 0xb0, 0x90, 0x80, 0x10,
    0xb0, 0x90, 0x80, 0x10, 0xb0, 0x90, 0x80, 0x10, 0xb0, 0x90, 0x80, 0x10,
    0xb0, 0x94, 0x78, 0x10, 0xb8, 0x8c, 0x80, 0x10, 0xb8, 0x90, 0x80, 0x14,
    0xb8, 0x90, 0x80, 0x10, 0xb8, 0x8c, 0x80, 0x10, 0xb0, 0x94, 0x78, 0x10,
    0xb0, 0x98, 0x78, 0x10, 0xb8, 0x90, 0x80, 0x14, 0xb8, 0x8c, 0x80, 0x10,
    0xb8, 0x8c, 0x80, 0x10, 0xb8, 0x90, 0x80, 0x14, 0xb0, 0x94, 0x78, 0x14,
    0xa8, 0x94, 0x78, 0x14, 0xb0, 0x94, 0x78, 0x14, 0xb8, 0x90, 0x80, 0x10,
    0xb0, 0x94, 0x78, 0x14, 0xb8, 0x90, 0x80, 0x10, 0xb0, 0x94, 0x78, 0x14,
    0xb8, 0x90, 0x80, 0x10, 0xb8, 0x90, 0x80, 0x10, 0xb8, 0x8c, 0x80, 0x14,
    0xb8, 0x90, 0x80, 0x10, 0xb8, 0x90, 0x80, 0x10, 0xb8, 0x8c, 0x80, 0x14,
    0xb8, 0x90, 0x80, 0x10, 0xb8, 0x90, 0x80, 0x10, 0xb0, 0x94, 0x78, 0x10,
    0xb0, 0x98, 0x78, 0x10, 0xb0, 0x94, 0x78, 0x10, 0xb0, 0x90, 0x80, 0x10,
    0xb0, 0x98, 0x78, 0x10, 0xb0, 0x94, 0x78, 0x10, 0xb0, 0x90, 0x80, 0x10,
    0xb0, 0x90, 0x80, 0x10, 0xb0, 0x90, 0x80, 0x10, 0xb0, 0x90, 0x80, 0x10,
    0xb8, 0x88, 0x78, 0x10, 0xb8, 0x88, 0x78, 0x10, 0xb8, 0x88, 0x78, 0x10,
    0xb8, 0x88, 0x78, 0x10, 0xb8, 0x90, 0x80, 0x0c, 0xb8, 0x94, 0x80, 0x0c,
    0xb0, 0x88, 0x70, 0x0c, 0xb0, 0x88, 0x78, 0x0c, 0xb0, 0x88, 0x78, 0x0c,
    0xa8, 0x94, 0x80, 0x0c, 0xa8, 0x94, 0x80, 0x0c, 0xa8, 0x98, 0x80, 0x0c,
    0xa8, 0x94, 0x80, 0x0c, 0xb8, 0x8c, 0x70, 0x0c, 0xb8, 0x8c, 0x70, 0x0c,
    0xb8, 0x8c, 0x78, 0x0c, 0xb8, 0x8c, 0x70, 0x0c, 0xb8, 0x98, 0x80, 0x08,
    0xb0, 0x98, 0x80, 0x0c, 0xb0, 0x98, 0x80, 0x08, 0xb8, 0x98, 0x80, 0x08,
    0xb0, 0x98, 0x80, 0x0c, 0xb0, 0x98, 0x80, 0x08, 0xb0, 0x90, 0x70, 0x08,
    0xa8, 0x8c, 0x70, 0x08, 0xa8, 0x90, 0x70, 0x08, 0xa8, 0x90, 0x70, 0x0c,
    0xc0, 0x80, 0x80, 0x08, 0xc0, 0x80, 0x80, 0x08, 0xc0, 0x80, 0x80, 0x08,
    0xc0, 0x80, 0x80, 0x08, 0xc0, 0x80, 0x80, 0x08, 0xb8, 0x90, 0x68, 0x08,
    0xb8, 0x90, 0x68, 0x08, 0xb8, 0x94, 0x70, 0x08, 0xb8, 0x94, 0x68, 0x08,
    0xa8, 0x80, 0x80, 0x04, 0xa8, 0x80, 0x80, 0x08, 0xa8, 0x80, 0x80, 0x04,
    0xa8, 0x80, 0x80, 0x04, 0xa8, 0x80, 0x80, 0x08, 0x98, 0x98, 0x68, 0x04,
    0x98, 0x98, 0x60, 0x04, 0x98, 0x98, 0x68, 0x04, 0x98, 0x98, 0x68, 0x04,
    0x98, 0x98, 0x60, 0x08, 0x98, 0x98, 0x68, 0x04, 0x98, 0x98, 0x68, 0x04,
    0x98, 0x98, 0x68, 0x08, 0x98, 0x98, 0x68, 0x04, 0x98, 0x98, 0x60, 0x04,
    0xc0, 0x80, 0x80, 0x04, 0xc0, 0x80, 0x80, 0x04, 0xc0, 0x80, 0x80, 0x04,
    0xc0, 0x80, 0x80, 0x04, 0xa8, 0xa8, 0x50, 0x04, 0xa8, 0xa8, 0x50, 0x04,
    0xa8, 0xac, 0x58, 0x04, 0xc0, 0x80, 0x80, 0x04, 0xa8, 0xa8, 0x50, 0x04,
    0xc0, 0x80, 0x80, 0x04, 0xc0, 0x80, 0x80, 0x04, 0xc0, 0x80, 0x80, 0x04,
    0xc0, 0x80, 0x80, 0x04, 0xc0, 0x80, 0x80, 0x04, 0xc0, 0x80, 0x78, 0x04,
    0xa8, 0xa8, 0x50, 0x04, 0xa8, 0xa8, 0x50, 0x04, 0xa8, 0xa8, 0x50, 0x04,
    0xa8, 0xa8, 0x50, 0x04, 0xa8, 0xac, 0x58, 0x04, 0xa8, 0xa8, 0x50, 0x04,
    0xa8, 0xa8, 0x58, 0x04, 0xa8, 0xac, 0x50, 0x04, 0xb0, 0xa8, 0x50, 0x04,
    0xa8, 0xa8, 0x58, 0x04, 0xa8, 0xac, 0x58, 0x04, 0xb0, 0xa8, 0x50, 0x04,
    0xa8, 0xac, 0x58, 0x04, 0xb0, 0xac, 0x58, 0x04, 0xa8, 0xa8, 0x50, 0x04,
    0xa8, 0xac, 0x58, 0x04, 0x80, 0x80, 0x80, 0x00, 0xa8, 0xac, 0x50, 0x04,
    0xb0, 0xa8, 0x58, 0x04, 0xa8, 0xac, 0x50, 0x00, 0xa8, 0xa8, 0x58, 0x04,
    0xa8, 0xac, 0x50, 0x04, 0xa8, 0xa8, 0x50, 0x04, 0x80, 0x80, 0x80, 0x00,
    0x80, 0x80, 0x80, 0x04, 0x80, 0x80, 0x80, 0x00, 0x80, 0x80, 0x80, 0x00,
    0x80, 0x80, 0x80, 0x04, 0x80, 0x7c, 0x80, 0x00, 0x80, 0x7c, 0x80, 0x04,
    0x80, 0x80, 0x80, 0x00, 0x80, 0x7c, 0x80, 0x04, 0x80, 0x80, 0x80, 0x04,
    0x80, 0x80, 0x80, 0x00, 0x80, 0x7c, 0x78, 0x04, 0x80, 0x80, 0x80, 0x00,
    0x80, 0x80, 0x80, 0x04, 0x78, 0x7c, 0x78, 0x00, 0x80, 0x7c, 0x80, 0x04,
    0x80, 0x80, 0x80, 0x04, 0x78, 0x80, 0x78, 0x00, 0xf8, 0xfc, 0x00, 0x00,
    0xf8, 0xfc, 0x00, 0x00, 0x80, 0x80, 0x80, 0x04, 0x80, 0x7c, 0x80, 0x00,
    0x78, 0x80, 0x80, 0x00, 0x80, 0x80, 0x80, 0x00, 0xf8, 0xfc, 0x00, 0x00,
    0x78, 0x80, 0x80, 0x04, 0xf8, 0xfc, 0x00, 0x00, 0xf8, 0xfc, 0x00, 0x00,
    0xf8, 0xfc, 0x00, 0x00, 0xf8, 0xfc, 0x00, 0x00, 0x00, 0x00, 0x00, 0x00,
    0x00, 0x00, 0x00, 0x00, 0x00, 0x00, 0x00, 0x00, 0x00, 0x00, 0x00, 0x00,
    0x00, 0x00, 0x00, 0x00, 0x00, 0x00, 0x00, 0x00, 0x00, 0x00, 0x00, 0x00,
    0x00, 0x00, 0x00, 0x00, 0x00, 0x00, 0x00, 0x00, 0x00, 0x00, 0x00, 0x00,
    0x00, 0x00, 0x00, 0x00, 0x00, 0x00, 0x00, 0x00, 0x00, 0x00, 0x00, 0x00,
    0x00, 0x00, 0x00, 0x00, 0x00, 0x00, 0x00, 0x00, 0x00, 0x00, 0x00, 0x00,
    0x00, 0x00, 0x00, 0x00, 0x00, 0x00, 0x00, 0x00, 0x00, 0x00, 0x00, 0x00,
    0x00, 0x00, 0x00, 0x00, 0x00, 0x00, 0x00, 0x00, 0x00, 0x00, 0x00, 0x00,
    0x00, 0x00, 0x00, 0x00, 0x00, 0x00, 0x00, 0x00, 0x00, 0x00, 0x00, 0x00,
    0x00, 0x00, 0x00, 0x00, 0x00, 0x00, 0x00, 0x00, 0x00, 0x00, 0x00, 0x00,
    0x00, 0x00, 0x00, 0x00, 0x00, 0x00, 0x00, 0x00, 0x00, 0x00, 0x00, 0x00,
    0x00, 0x00, 0x00, 0x00, 0x00, 0x00, 0x00, 0x00, 0x00, 0x00, 0x00, 0x00,
    0x00, 0x00, 0x00, 0x00, 0x00, 0x00, 0x00, 0x00, 0x00, 0x00, 0x00, 0x00,
    0x00, 0x00, 0x00, 0x00, 0x00, 0x00, 0x00, 0x00, 0x00, 0x00, 0x00, 0x00,
    0x00, 0x00, 0x00, 0x00, 0x00, 0x00, 0x00, 0x00, 0x00, 0x00, 0x00, 0x00,
    0x00, 0x00, 0x00, 0x00, 0x00, 0x00, 0x00, 0x00, 0x00, 0x00, 0x00, 0x00,
    0x00, 0x00, 0x00, 0x00, 0x00, 0x00, 0x00, 0x00, 0xf8, 0xfc, 0x00, 0x00,
    0xf8, 0xfc, 0x00, 0x00, 0xf8, 0xfc, 0x00, 0x00, 0xf8, 0xfc, 0x00, 0x00,
    0xf8, 0xfc, 0x00, 0x00, 0xf8, 0xfc, 0x00, 0x00, 0xf8, 0xfc, 0x00, 0x00,
    0xf8, 0xfc, 0x00, 0x00, 0xf8, 0xfc, 0x00, 0x00, 0xf8, 0xfc, 0x00, 0x00,
    0xf8, 0xfc, 0x00, 0x00, 0xf8, 0xfc, 0x00, 0x00, 0xf8, 0xfc, 0x00, 0x04,
    0xf8, 0xfc, 0x00, 0x00, 0xf8, 0xfc, 0x00, 0x00, 0xf8, 0xfc, 0x00, 0x04,
    0xf8, 0xfc, 0x00, 0x00, 0xf8, 0xfc, 0x00, 0x00, 0xf8, 0xfc, 0x00, 0x00,
    0xf8, 0xfc, 0x00, 0x00, 0x00, 0x00, 0x00, 0x00, 0x00, 0x00, 0x00, 0x00,
    0x00, 0x00, 0x00, 0x00, 0x00, 0x00, 0x00, 0x00, 0x00, 0x00, 0x00, 0x00,
    0x00, 0x00, 0x00, 0x00, 0x00, 0x00, 0x00, 0x00, 0x00, 0x00, 0x00, 0x00,
    0x00, 0x00, 0x00, 0x00, 0x00, 0x00, 0x00, 0x00, 0x00, 0x00, 0x00, 0x00,
    0x00, 0x00, 0x00, 0x00, 0x00, 0x00, 0x00, 0x00, 0x00, 0x00, 0x00, 0x00,
    0x00, 0x00, 0x00, 0x00, 0x00, 0x00, 0x00, 0x00, 0x00, 0x00, 0x00, 0x00,
    0x00, 0x00, 0x00, 0x00, 0x00, 0x00, 0x00, 0x00, 0x00, 0x00, 0x00, 0x00,
    0x00, 0x00, 0x00, 0x00, 0x00, 0x00, 0x00, 0x00, 0x00, 0x00, 0x00, 0x00,
    0x00, 0x00, 0x00, 0x00, 0x00, 0x00, 0x00, 0x00, 0x00, 0x00, 0x00, 0x00,
    0x00, 0x00, 0x00, 0x00, 0x00, 0x00, 0x00, 0x00, 0x00, 0x00, 0x00, 0x00,
    0x00, 0x00, 0x00, 0x00, 0x00, 0x00, 0x00, 0x00, 0x00, 0x00, 0x00, 0x00,
    0x00, 0x00, 0x00, 0x00, 0x00, 0x00, 0x00, 0x00, 0x00, 0x00, 0x00, 0x00,
    0x00, 0x00, 0x00, 0x00, 0x00, 0x00, 0x00, 0x00, 0x00, 0x00, 0x00, 0x00,
    0x00, 0x00, 0x00, 0x00, 0x00, 0x00, 0x00, 0x00, 0x00, 0x00, 0x00, 0x00,
    0x00, 0x00, 0x00, 0x00, 0x00, 0x00, 0x00, 0x00, 0x00, 0x00, 0x00, 0x00,
    0x00, 0x00, 0x00, 0x00, 0x00, 0x00, 0x00, 0x00, 0x00, 0x00, 0x00, 0x00,
    0x00, 0x00, 0x00, 0x00, 0x00, 0x00, 0x00, 0x00, 0x00, 0x00, 0x00, 0x00,
    0x00, 0x00, 0x00, 0x00, 0x00, 0x00, 0x00, 0x00, 0x00, 0x00, 0x00, 0x00,
    0x00, 0x00, 0x00, 0x00, 0x00, 0x00, 0x00, 0x00, 0x00, 0x00, 0x00, 0x00,
    0x00, 0x00, 0x00, 0x00, 0x00, 0x00, 0x00, 0x00, 0x00, 0x00, 0x00, 0x00,
    0x00, 0x00, 0x00, 0x00, 0x00, 0x00, 0x00, 0x00, 0x00, 0x00, 0x00, 0x00,
    0x00, 0x00, 0x00, 0x00, 0x00, 0x00, 0x00, 0x00, 0x00, 0x00, 0x00, 0x00,
    0x00, 0x00, 0x00, 0x00, 0x00, 0x00, 0x00, 0x00, 0x00, 0x00, 0x00, 0x00,
    0x00, 0x00, 0x00, 0x00, 0x00, 0x00, 0x00, 0x00, 0x00, 0x00, 0x00, 0x00,
    0x00, 0x00, 0x00, 0x00, 0x00, 0x00, 0x00, 0x00, 0x00, 0x00, 0x00, 0x00,
    0x00, 0x00, 0x00, 0x00, 0x00, 0x00, 0x00, 0x00, 0x00, 0x00, 0x00, 0x00,
    0x00, 0x00, 0x00, 0x00, 0x00, 0x00, 0x00, 0x00, 0x00, 0x00, 0x00, 0x00,
    0x00, 0x00, 0x00, 0x00, 0x00, 0x00, 0x00, 0x00, 0x00, 0x00, 0x00, 0x00,
    0x00, 0x00, 0x00, 0x00, 0x00, 0x00, 0x00, 0x00, 0x00, 0x00, 0x00, 0x00,
    0x00, 0x00, 0x00, 0x00, 0x00, 0x00, 0x00, 0x00, 0x00, 0x00, 0x00, 0x00,
    0x00, 0x00, 0x00, 0x00, 0x00, 0x00, 0x00, 0x00, 0x00, 0x00, 0x00, 0x00,
    0x00, 0x00, 0x00, 0x00, 0x00, 0x00, 0x00, 0x00, 0x00, 0x00, 0x00, 0x00,
    0x00, 0x00, 0x00, 0x00, 0x00, 0x00, 0x00, 0x00, 0x00, 0x00, 0x00, 0x00,
    0x00, 0x00, 0x00, 0x00, 0x00, 0x00, 0x00, 0x00, 0x00, 0x00, 0x00, 0x00,
    0x00, 0x00, 0x00, 0x00, 0x00, 0x00, 0x00, 0x00, 0x00, 0x00, 0x00, 0x00,
    0x00, 0x00, 0x00, 0x00, 0x00, 0x00, 0x00, 0x00, 0x00, 0x00, 0x00, 0x00,
    0x00, 0x00, 0x00, 0x00, 0x00, 0x00, 0x00, 0x00, 0x00, 0x00, 0x00, 0x00,
    0x00, 0x00, 0x00, 0x00, 0x00, 0x00, 0x00, 0x00, 0x00, 0x00, 0x00, 0x00,
    0x00, 0x00, 0x00, 0x00, 0x00, 0x00, 0x00, 0x00, 0x00, 0x00, 0x00, 0x00,
    0x00, 0x00, 0x00, 0x00, 0x00, 0x00, 0x00, 0x00, 0x00, 0x00, 0x00, 0x00,
    0x00, 0x00, 0x00, 0x00, 0x00, 0x00, 0x00, 0x00, 0x00, 0x00, 0x00, 0x00,
    0x00, 0x00, 0x00, 0x00, 0x00, 0x00, 0x00, 0x00, 0x00, 0x00, 0x00, 0x00,
    0x00, 0x00, 0x00, 0x00, 0x00, 0x00, 0x00, 0x00, 0x00, 0x00, 0x00, 0x00,
    0x00, 0x00, 0x00, 0x00, 0x00, 0x00, 0x00, 0x00, 0x00, 0x00, 0x00, 0x00,
    0x00, 0x00, 0x00, 0x00, 0x00, 0x00, 0x00, 0x00, 0x00, 0x00, 0x00, 0x00,
    0x00, 0x00, 0x00, 0x00, 0x00, 0x00, 0x00, 0x00, 0x00, 0x00, 0x00, 0x00,
    0x00, 0x00, 0x00, 0x00, 0x00, 0x00, 0x00, 0x00, 0x00, 0x00, 0x00, 0x00,
    0x00, 0x00, 0x00, 0x00, 0x00, 0x00, 0x00, 0x00, 0x00, 0x00, 0x00, 0x00,
    0x00, 0x00, 0x00, 0x00, 0x00, 0x00, 0x00, 0x00, 0x00, 0x00, 0x00, 0x00,
    0x00, 0x00, 0x00, 0x00, 0x00, 0x00, 0x00, 0x00, 0x00, 0x00, 0x00, 0x00,
    0x00, 0x00, 0x00, 0x00, 0x00, 0x00, 0x00, 0x00, 0x00, 0x00, 0x00, 0x00,
    0x00, 0x00, 0x00, 0x00, 0x00, 0x00, 0x00, 0x00, 0x00, 0x00, 0x00, 0x00,
    0x00, 0x00, 0x00, 0x00, 0x00, 0x00, 0x00, 0x00, 0x00, 0x00, 0x00, 0x00,
    0x00, 0x00, 0x00, 0x00, 0x00, 0x00, 0x00, 0x00, 0x00, 0x00, 0x00, 0x00,
    0x00, 0x00, 0x00, 0x00, 0x00, 0x00, 0x00, 0x00, 0x00, 0x00, 0x00, 0x00,
    0x00, 0x00, 0x00, 0x00, 0x00, 0x00, 0x00, 0x00, 0x00, 0x00, 0x00, 0x00,
    0x00, 0x00, 0x00, 0x00, 0x00, 0x00, 0x00, 0x00, 0x00, 0x00, 0x00, 0x00,
    0x00, 0x00, 0x00, 0x00, 0x00, 0x00, 0x00, 0x00, 0x00, 0x00, 0x00, 0x00,
    0x00, 0x00, 0x00, 0x00, 0x00, 0x00, 0x00, 0x00, 0x00, 0x00, 0x00, 0x00,
    0x00, 0x00, 0x00, 0x00, 0x00, 0x00, 0x00, 0x00, 0x00, 0x00, 0x00, 0x00,
    0x00, 0x00, 0x00, 0x00, 0x00, 0x00, 0x00, 0x00, 0x00, 0x00, 0x00, 0x00,
    0x00, 0x00, 0x00, 0x00, 0x00, 0x00, 0x00, 0x00, 0x00, 0x00, 0x00, 0x00,
    0x00, 0x00, 0x00, 0x00, 0x00, 0x00, 0x00, 0x00, 0x00, 0x00, 0x00, 0x00,
    0x00, 0x00, 0x00, 0x00, 0x00, 0x00, 0x00, 0x00, 0x00, 0x00, 0x00, 0x00,
    0x00, 0x00, 0x00, 0x00, 0x00, 0x00, 0x00, 0x00, 0x00, 0x00, 0x00, 0x00,
    0x00, 0x00, 0x00, 0x00, 0x00, 0x00, 0x00, 0x00, 0x00, 0x00, 0x00, 0x00,
    0x00, 0x00, 0x00, 0x00, 0x00, 0x00, 0x00, 0x00, 0x00, 0x00, 0x00, 0x00,
    0x00, 0x00, 0x00, 0x00, 0x00, 0x00, 0x00, 0x00, 0x00, 0x00, 0x00, 0x00,
    0x00, 0x00, 0x00, 0x00, 0x00, 0x00, 0x00, 0x00, 0x00, 0x00, 0x00, 0x00,
    0x00, 0x00, 0x00, 0x00, 0x00, 0x00, 0x00, 0x00, 0x00, 0x00, 0x00, 0x00,
    0x00, 0x00, 0x00, 0x00, 0x00, 0x00, 0x00, 0x00, 0x00, 0x00, 0x00, 0x00,
    0x00, 0x00, 0x00, 0x00, 0x00, 0x00, 0x00, 0x00, 0x00, 0x00, 0x00, 0x00,
    0x00, 0x00, 0x00, 0x00, 0x00, 0x00, 0x00, 0x00, 0x00, 0x00, 0x00, 0x00,
    0x00, 0x00, 0x00, 0x00, 0x00, 0x00, 0x00, 0x00, 0x00, 0x00, 0x00, 0x00,
    0x00, 0x00, 0x00, 0x00, 0x00, 0x00, 0x00, 0x00, 0x00, 0x00, 0x00, 0x00,
    0x00, 0x00, 0x00, 0x00, 0x00, 0x00, 0x00, 0x00, 0x00, 0x00, 0x00, 0x00,
    0x00, 0x00, 0x00, 0x00, 0x00, 0x00, 0x00, 0x00, 0x00, 0x00, 0x00, 0x00,
    0x00, 0x00, 0x00, 0x00, 0x00, 0x00, 0x00, 0x00, 0x00, 0x00, 0x00, 0x00,
    0x00, 0x00, 0x00, 0x00, 0x00, 0x00, 0x00, 0x00, 0x00, 0x00, 0x00, 0x00,
    0x00, 0x00, 0x00, 0x00, 0x00, 0x00, 0x00, 0x00, 0x00, 0x00, 0x00, 0x00,
    0x00, 0x00, 0x00, 0x00, 0x00, 0x00, 0x00, 0x00, 0x00, 0x00, 0x00, 0x00,
    0xf8, 0xfc, 0x00, 0x00, 0xf8, 0xfc, 0x00, 0x00, 0xf8, 0xfc, 0x00, 0x04,
    0xf8, 0xfc, 0x00, 0x00, 0xf8, 0xfc, 0x00, 0x00, 0xf8, 0xfc, 0x00, 0x04,
    0xf8, 0xfc, 0x00, 0x04, 0xf8, 0xfc, 0x00, 0x00, 0xf8, 0xfc, 0x00, 0x04,
    0xf8, 0xfc, 0x00, 0x00, 0xf8, 0xfc, 0x00, 0x00, 0xf8, 0xfc, 0x00, 0x04,
    0xf8, 0xfc, 0x00, 0x00, 0xf8, 0xfc, 0x00, 0x00, 0x00, 0x00, 0x00, 0x00,
    0x00, 0x00, 0x00, 0x00, 0x00, 0x00, 0x00, 0x00, 0xf8, 0xfc, 0x00, 0x04,
    0x00, 0x00, 0x00, 0x00, 0x00, 0x00, 0x00, 0x00, 0x00, 0x00, 0x00, 0x00,
    0x00, 0x00, 0x00, 0x00, 0x00, 0x00, 0x00, 0x00, 0x00, 0x00, 0x00, 0x00,
    0x00, 0x00, 0x00, 0x00, 0x00, 0x00, 0x00, 0x00, 0x00, 0x00, 0x00, 0x00,
    0x00, 0x00, 0x00, 0x00, 0x00, 0x00, 0x00, 0x00, 0x00, 0x00, 0x00, 0x00,
    0x00, 0x00, 0x00, 0x00, 0x00, 0x00, 0x00, 0x00, 0x00, 0x00, 0x00, 0x00,
    0x00, 0x00, 0x00, 0x00, 0x00, 0x00, 0x00, 0x00, 0x00, 0x00, 0x00, 0x00,
    0x00, 0x00, 0x00, 0x00, 0x00, 0x00, 0x00, 0x00, 0x00, 0x00, 0x00, 0x00,
    0x00, 0x00, 0x00, 0x00, 0x00, 0x00, 0x00, 0x00, 0x00, 0x00, 0x00, 0x00,
    0x00, 0x00, 0x00, 0x00, 0x00, 0x00, 0x00, 0x00, 0x00, 0x00, 0x00, 0x00,
    0x00, 0x00, 0x00, 0x00, 0x00, 0x00, 0x00, 0x00, 0x00, 0x00, 0x00, 0x00,
    0x00, 0x00, 0x00, 0x00, 0x00, 0x00, 0x00, 0x00, 0x00, 0x00, 0x00, 0x00,
    0x00, 0x00, 0x00, 0x00, 0x00, 0x00, 0x00, 0x00, 0x00, 0x00, 0x00, 0x00,
    0x00, 0x00, 0x00, 0x00, 0x00, 0x00, 0x00, 0x00, 0x00, 0x00, 0x00, 0x00,
    0x00, 0x00, 0x00, 0x00, 0x00, 0x00, 0x00, 0x00, 0x00, 0x00, 0x00, 0x00,
    0x00, 0x00, 0x00, 0x00, 0x00, 0x00, 0x00, 0x00, 0x00, 0x00, 0x00, 0x00,
    0x00, 0x00, 0x00, 0x00, 0x00, 0x00, 0x00, 0x00, 0x00, 0x00, 0x00, 0x00,
    0x00, 0x00, 0x00, 0x00, 0x00, 0x00, 0x00, 0x00, 0x00, 0x00, 0x00, 0x00,
    0x00, 0x00, 0x00, 0x00, 0x00, 0x00, 0x00, 0x00, 0x00, 0x00, 0x00, 0x00,
    0x00, 0x00, 0x00, 0x00, 0x00, 0x00, 0x00, 0x00, 0x00, 0x00, 0x00, 0x00,
    0x00, 0x00, 0x00, 0x00, 0x00, 0x00, 0x00, 0x00, 0x00, 0x00, 0x00, 0x00,
    0x00, 0x00, 0x00, 0x00, 0x00, 0x00, 0x00, 0x00, 0x00, 0x00, 0x00, 0x00,
    0x00, 0x00, 0x00, 0x00, 0x00, 0x00, 0x00, 0x00, 0x00, 0x00, 0x00, 0x00,
    0x00, 0x00, 0x00, 0x00, 0x00, 0x00, 0x00, 0x00, 0x00, 0x00, 0x00, 0x00,
    0x00, 0x00, 0x00, 0x00, 0x00, 0x00, 0x00, 0x00, 0x00, 0x00, 0x00, 0x00,
    0x00, 0x00, 0x00, 0x00, 0x00, 0x00, 0x00, 0x00, 0x00, 0x00, 0x00, 0x00,
    0x00, 0x00, 0x00, 0x00, 0x00, 0x00, 0x00, 0x00, 0x00, 0x00, 0x00, 0x00,
    0x00, 0x00, 0x00, 0x00, 0x00, 0x00, 0x00, 0x00, 0x00, 0x00, 0x00, 0x00,
    0x00, 0x00, 0x00, 0x00, 0x00, 0x00, 0x00, 0x00, 0x00, 0x00, 0x00, 0x00,
    0x00, 0x00, 0x00, 0x00, 0x00, 0x00, 0x00, 0x00, 0x00, 0x00, 0x00, 0x00,
    0x00, 0x00, 0x00, 0x00, 0x00, 0x00, 0x00, 0x00, 0x00, 0x00, 0x00, 0x00,
    0x00, 0x00, 0x00, 0x00, 0x00, 0x00, 0x00, 0x00, 0x00, 0x00, 0x00, 0x00,
    0x00, 0x00, 0x00, 0x00, 0x00, 0x00, 0x00, 0x00, 0x00, 0x00, 0x00, 0x00,
    0x00, 0x00, 0x00, 0x00, 0x00, 0x00, 0x00, 0x00, 0x00, 0x00, 0x00, 0x00,
    0x00, 0x00, 0x00, 0x00, 0x00, 0x00, 0x00, 0x00, 0x00, 0x00, 0x00, 0x00,
    0x00, 0x00, 0x00, 0x00, 0x00, 0x00, 0x00, 0x00, 0x00, 0x00, 0x00, 0x00,
    0x00, 0x00, 0x00, 0x00, 0x00, 0x00, 0x00, 0x00, 0x00, 0x00, 0x00, 0x00,
    0x00, 0x00, 0x00, 0x00, 0x00, 0x00, 0x00, 0x00, 0x00, 0x00, 0x00, 0x00,
    0x00, 0x00, 0x00, 0x00, 0x00, 0x00, 0x00, 0x00, 0x00, 0x00, 0x00, 0x00,
    0x00, 0x00, 0x00, 0x00, 0x00, 0x00, 0x00, 0x00, 0x00, 0x00, 0x00, 0x00,
    0x00, 0x00, 0x00, 0x00, 0x00, 0x00, 0x00, 0x00, 0x00, 0x00, 0x00, 0x00,
    0x00, 0x00, 0x00, 0x00, 0x00, 0x00, 0x00, 0x00, 0x00, 0x00, 0x00, 0x00,
    0x00, 0x00, 0x00, 0x00, 0x00, 0x00, 0x00, 0x00, 0x00, 0x00, 0x00, 0x00,
    0x00, 0x00, 0x00, 0x00, 0x00, 0x00, 0x00, 0x00, 0x00, 0x00, 0x00, 0x00,
    0x00, 0x00, 0x00, 0x00, 0x00, 0x00, 0x00, 0x00, 0x00, 0x00, 0x00, 0x00,
    0x00, 0x00, 0x00, 0x00, 0x00, 0x00, 0x00, 0x00, 0x00, 0x00, 0x00, 0x00,
    0x00, 0x00, 0x00, 0x00, 0x00, 0x00, 0x00, 0x00, 0x00, 0x00, 0x00, 0x00,
    0x00, 0x00, 0x00, 0x00, 0x00, 0x00, 0x00, 0x00, 0x00, 0x00, 0x00, 0x00,
    0x00, 0x00, 0x00, 0x00, 0x00, 0x00, 0x00, 0x00, 0x00, 0x00, 0x00, 0x00,
    0x00, 0x00, 0x00, 0x00, 0x00, 0x00, 0x00, 0x00, 0x00, 0x00, 0x00, 0x00,
    0x00, 0x00, 0x00, 0x00, 0x00, 0x00, 0x00, 0x00, 0x00, 0x00, 0x00, 0x00,
    0x00, 0x00, 0x00, 0x00, 0x00, 0x00, 0x00, 0x00, 0x00, 0x00, 0x00, 0x00,
    0x00, 0x00, 0x00, 0x00, 0x00, 0x00, 0x00, 0x00, 0x00, 0x00, 0x00, 0x00,
    0x00, 0x00, 0x00, 0x00, 0x00, 0x00, 0x00, 0x00, 0x00, 0x00, 0x00, 0x00,
    0x00, 0x00, 0x00, 0x00, 0x00, 0x00, 0x00, 0x00, 0x00, 0x00, 0x00, 0x00,
    0x00, 0x00, 0x00, 0x00, 0x00, 0x00, 0x00, 0x00, 0x00, 0x00, 0x00, 0x00,
    0x00, 0x00, 0x00, 0x00, 0x00, 0x00, 0x00, 0x00, 0x00, 0x00, 0x00, 0x00,
    0x00, 0x00, 0x00, 0x00, 0x00, 0x00, 0x00, 0x00, 0x00, 0x00, 0x00, 0x00,
    0x00, 0x00, 0x00, 0x00, 0x00, 0x00, 0x00, 0x00, 0x00, 0x00, 0x00, 0x00,
    0x00, 0x00, 0x00, 0x00, 0x00, 0x00, 0x00, 0x00, 0x00, 0x00, 0x00, 0x00,
    0x00, 0x00, 0x00, 0x00, 0x00, 0x00, 0x00, 0x00, 0x00, 0x00, 0x00, 0x00,
    0x00, 0x00, 0x00, 0x00, 0x00, 0x00, 0x00, 0x00, 0x00, 0x00, 0x00, 0x00,
    0x00, 0x00, 0x00, 0x00, 0x00, 0x00, 0x00, 0x00, 0x00, 0x00, 0x00, 0x00,
    0x00, 0x00, 0x00, 0x00, 0x00, 0x00, 0x00, 0x00, 0x00, 0x00, 0x00, 0x00,
    0x00, 0x00, 0x00, 0x00, 0x00, 0x00, 0x00, 0x00, 0x00, 0x00, 0x00, 0x00,
    0x00, 0x00, 0x00, 0x00, 0x00, 0x00, 0x00, 0x00, 0x00, 0x00, 0x00, 0x00,
    0x00, 0x00, 0x00, 0x00, 0x00, 0x00, 0x00, 0x00, 0x00, 0x00, 0x00, 0x00,
    0x00, 0x00, 0x00, 0x00, 0x00, 0x00, 0x00, 0x00, 0x00, 0x00, 0x00, 0x00,
    0x00, 0x00, 0x00, 0x00, 0x00, 0x00, 0x00, 0x00, 0x00, 0x00, 0x00, 0x00,
    0x00, 0x00, 0x00, 0x00, 0x00, 0x00, 0x00, 0x00, 0x00, 0x00, 0x00, 0x00,
    0x00, 0x00, 0x00, 0x00, 0x00, 0x00, 0x00, 0x00, 0x00, 0x00, 0x00, 0x00,
    0x00, 0x00, 0x00, 0x00, 0x00, 0x00, 0x00, 0x00, 0x00, 0x00, 0x00, 0x00,
    0x00, 0x00, 0x00, 0x00, 0x00, 0x00, 0x00, 0x00, 0x00, 0x00, 0x00, 0x00,
    0x00, 0x00, 0x00, 0x00, 0x00, 0x00, 0x00, 0x00, 0x00, 0x00, 0x00, 0x00,
    0x00, 0x00, 0x00, 0x00, 0x00, 0x00, 0x00, 0x00, 0x00, 0x00, 0x00, 0x00,
    0x00, 0x00, 0x00, 0x00, 0x00, 0x00, 0x00, 0x00, 0x00, 0x00, 0x00, 0x00,
    0x00, 0x00, 0x00, 0x00, 0x00, 0x00, 0x00, 0x00, 0x00, 0x00, 0x00, 0x00,
    0x00, 0x00, 0x00, 0x00, 0x00, 0x00, 0x00, 0x00, 0x00, 0x00, 0x00, 0x00,
    0x00, 0x00, 0x00, 0x00, 0x00, 0x00, 0x00, 0x00, 0x00, 0x00, 0x00, 0x00,
    0x00, 0x00, 0x00, 0x00, 0x00, 0x00, 0x00, 0x00, 0x00, 0x00, 0x00, 0x00,
    0x00, 0x00, 0x00, 0x00, 0x00, 0x00, 0x00, 0x00, 0x00, 0x00, 0x00, 0x00,
    0x00, 0x00, 0x00, 0x00, 0x00, 0x00, 0x00, 0x00, 0x00, 0x00, 0x00, 0x00,
    0xf8, 0xfc, 0x00, 0x00, 0xf8, 0xfc, 0x00, 0x00, 0xf8, 0xfc, 0x00, 0x04,
    0xf8, 0xfc, 0x00, 0x00, 0xf8, 0xfc, 0x00, 0x00, 0xf8, 0xfc, 0x00, 0x00,
    0xf8, 0xfc, 0x00, 0x00, 0xf8, 0xfc, 0x00, 0x00, 0xf8, 0xfc, 0x00, 0x04,
    0xf8, 0xfc, 0x00, 0x00, 0x00, 0x00, 0x00, 0x00, 0x00, 0x00, 0x00, 0x00,
    0x00, 0x00, 0x00, 0x00, 0xf8, 0xfc, 0x00, 0x00, 0x00, 0x00, 0x00, 0x00,
    0x00, 0x00, 0x00, 0x00, 0x00, 0x00, 0x00, 0x00, 0x00, 0x00, 0x00, 0x00,
    0x00, 0x00, 0x00, 0x00, 0x00, 0x00, 0x00, 0x00, 0x00, 0x00, 0x00, 0x00,
    0x00, 0x00, 0x00, 0x00, 0x00, 0x00, 0x00, 0x00, 0x00, 0x00, 0x00, 0x00,
    0x00, 0x00, 0x00, 0x00, 0x00, 0x00, 0x00, 0x00, 0x00, 0x00, 0x00, 0x00,
    0x00, 0x00, 0x00, 0x00, 0x00, 0x00, 0x00, 0x00, 0x00, 0x00, 0x00, 0x00,
    0x00, 0x00, 0x00, 0x00, 0x00, 0x00, 0x00, 0x00, 0x00, 0x00, 0x00, 0x00,
    0x00, 0x00, 0x00, 0x00, 0x00, 0x00, 0x00, 0x00, 0x00, 0x00, 0x00, 0x00,
    0x00, 0x00, 0x00, 0x00, 0x00, 0x00, 0x00, 0x00, 0x00, 0x00, 0x00, 0x00,
    0x00, 0x00, 0x00, 0x00, 0x00, 0x00, 0x00, 0x00, 0x00, 0x00, 0x00, 0x00,
    0x00, 0x00, 0x00, 0x00, 0x00, 0x00, 0x00, 0x00, 0x00, 0x00, 0x00, 0x00,
    0x00, 0x00, 0x00, 0x00, 0x00, 0x00, 0x00, 0x00, 0x00, 0x00, 0x00, 0x00,
    0x00, 0x00, 0x00, 0x00, 0x00, 0x00, 0x00, 0x00, 0x00, 0x00, 0x00, 0x00,
    0x00, 0x00, 0x00, 0x00, 0x00, 0x00, 0x00, 0x00, 0x00, 0x00, 0x00, 0x00,
    0x00, 0x00, 0x00, 0x00, 0x00, 0x00, 0x00, 0x00, 0x00, 0x00, 0x00, 0x00,
    0x00, 0x00, 0x00, 0x00, 0x00, 0x00, 0x00, 0x00, 0x00, 0x00, 0x00, 0x00,
    0x00, 0x00, 0x00, 0x00, 0x00, 0x00, 0x00, 0x00, 0x00, 0x00, 0x00, 0x00,
    0x00, 0x00, 0x00, 0x00, 0x00, 0x00, 0x00, 0x00, 0x00, 0x00, 0x00, 0x00,
    0x00, 0x00, 0x00, 0x00, 0x00, 0x00, 0x00, 0x00, 0x00, 0x00, 0x00, 0x00,
    0x00, 0x00, 0x00, 0x00, 0x00, 0x00, 0x00, 0x00, 0x00, 0x00, 0x00, 0x00,
    0x00, 0x00, 0x00, 0x00, 0x00, 0x00, 0x00, 0x00, 0x00, 0x00, 0x00, 0x00,
    0x00, 0x00, 0x00, 0x00, 0x00, 0x00, 0x00, 0x00, 0x00, 0x00, 0x00, 0x00,
    0x00, 0x00, 0x00, 0x00, 0x00, 0x00, 0x00, 0x00, 0x00, 0x00, 0x00, 0x00,
    0x00, 0x00, 0x00, 0x00, 0x00, 0x00, 0x00, 0x00, 0x00, 0x00, 0x00, 0x00,
    0x00, 0x00, 0x00, 0x00, 0x00, 0x00, 0x00, 0x00, 0x00, 0x00, 0x00, 0x00,
    0x00, 0x00, 0x00, 0x00, 0x00, 0x00, 0x00, 0x00, 0x00, 0x00, 0x00, 0x00,
    0x00, 0x00, 0x00, 0x00, 0x00, 0x00, 0x00, 0x00, 0x00, 0x00, 0x00, 0x00,
    0x00, 0x00, 0x00, 0x00, 0x00, 0x00, 0x00, 0x00, 0x00, 0x00, 0x00, 0x00,
    0x00, 0x00, 0x00, 0x00, 0x00, 0x00, 0x00, 0x00, 0x00, 0x00, 0x00, 0x00,
    0x00, 0x00, 0x00, 0x00, 0x00, 0x00, 0x00, 0x00, 0x00, 0x00, 0x00, 0x00,
    0x00, 0x00, 0x00, 0x00, 0x00, 0x00, 0x00, 0x00, 0x00, 0x00, 0x00, 0x00,
    0x00, 0x00, 0x00, 0x00, 0x00, 0x00, 0x00, 0x00, 0x00, 0x00, 0x00, 0x00,
    0x00, 0x00, 0x00, 0x00, 0x00, 0x00, 0x00, 0x00, 0x00, 0x00, 0x00, 0x00,
    0x00, 0x00, 0x00, 0x00, 0x00, 0x00, 0x00, 0x00, 0x00, 0x00, 0x00, 0x00,
    0x00, 0x00, 0x00, 0x00, 0x00, 0x00, 0x00, 0x00, 0x00, 0x00, 0x00, 0x00,
    0x00, 0x00, 0x00, 0x00, 0x00, 0x00, 0x00, 0x00, 0x00, 0x00, 0x00, 0x00,
    0x00, 0x00, 0x00, 0x00, 0x00, 0x00, 0x00, 0x00, 0x00, 0x00, 0x00, 0x00,
    0x00, 0x00, 0x00, 0x00, 0x00, 0x00, 0x00, 0x00, 0x00, 0x00, 0x00, 0x00,
    0x00, 0x00, 0x00, 0x00, 0x00, 0x00, 0x00, 0x00, 0x00, 0x00, 0x00, 0x00,
    0x00, 0x00, 0x00, 0x00, 0x00, 0x00, 0x00, 0x00, 0x00, 0x00, 0x00, 0x00,
    0x00, 0x00, 0x00, 0x00, 0x00, 0x00, 0x00, 0x00, 0x00, 0x00, 0x00, 0x00,
    0x00, 0x00, 0x00, 0x00, 0x00, 0x00, 0x00, 0x00, 0x00, 0x00, 0x00, 0x00,
    0x00, 0x00, 0x00, 0x00, 0x00, 0x00, 0x00, 0x00, 0x00, 0x00, 0x00, 0x00,
    0x00, 0x00, 0x00, 0x00, 0x00, 0x00, 0x00, 0x00, 0x00, 0x00, 0x00, 0x00,
    0x00, 0x00, 0x00, 0x00, 0x00, 0x00, 0x00, 0x00, 0x00, 0x00, 0x00, 0x00,
    0x00, 0x00, 0x00, 0x00, 0x00, 0x00, 0x00, 0x00, 0x00, 0x00, 0x00, 0x00,
    0x00, 0x00, 0x00, 0x00, 0x00, 0x00, 0x00, 0x00, 0x00, 0x00, 0x00, 0x00,
    0x00, 0x00, 0x00, 0x00, 0x00, 0x00, 0x00, 0x00, 0x00, 0x00, 0x00, 0x00,
    0x00, 0x00, 0x00, 0x00, 0x00, 0x00, 0x00, 0x00, 0x00, 0x00, 0x00, 0x00,
    0x00, 0x00, 0x00, 0x00, 0x00, 0x00, 0x00, 0x00, 0x00, 0x00, 0x00, 0x00,
    0x00, 0x00, 0x00, 0x00, 0x00, 0x00, 0x00, 0x00, 0x00, 0x00, 0x00, 0x00,
    0x00, 0x00, 0x00, 0x00, 0x00, 0x00, 0x00, 0x00, 0x00, 0x00, 0x00, 0x00,
    0x00, 0x00, 0x00, 0x00, 0x00, 0x00, 0x00, 0x00, 0x00, 0x00, 0x00, 0x00,
    0x00, 0x00, 0x00, 0x00, 0x00, 0x00, 0x00, 0x00, 0x00, 0x00, 0x00, 0x00,
    0x00, 0x00, 0x00, 0x00, 0x00, 0x00, 0x00, 0x00, 0x00, 0x00, 0x00, 0x00,
    0x00, 0x00, 0x00, 0x00, 0x00, 0x00, 0x00, 0x00, 0x00, 0x00, 0x00, 0x00,
    0x00, 0x00, 0x00, 0x00, 0x00, 0x00, 0x00, 0x00, 0x00, 0x00, 0x00, 0x00,
    0x00, 0x00, 0x00, 0x00, 0x00, 0x00, 0x00, 0x00, 0x00, 0x00, 0x00, 0x00,
    0x00, 0x00, 0x00, 0x00, 0x00, 0x00, 0x00, 0x00, 0x00, 0x00, 0x00, 0x00,
    0x00, 0x00, 0x00, 0x00, 0x00, 0x00, 0x00, 0x00, 0x00, 0x00, 0x00, 0x00,
    0x00, 0x00, 0x00, 0x00, 0x00, 0x00, 0x00, 0x00, 0x00, 0x00, 0x00, 0x00,
    0x00, 0x00, 0x00, 0x00, 0x00, 0x00, 0x00, 0x00, 0x00, 0x00, 0x00, 0x00,
    0x00, 0x00, 0x00, 0x00, 0x00, 0x00, 0x00, 0x00, 0x00, 0x00, 0x00, 0x00,
    0x00, 0x00, 0x00, 0x00, 0x00, 0x00, 0x00, 0x00, 0x00, 0x00, 0x00, 0x00,
    0x00, 0x00, 0x00, 0x00, 0x00, 0x00, 0x00, 0x00, 0x00, 0x00, 0x00, 0x00,
    0x00, 0x00, 0x00, 0x00, 0x00, 0x00, 0x00, 0x00, 0x00, 0x00, 0x00, 0x00,
    0x00, 0x00, 0x00, 0x00, 0x00, 0x00, 0x00, 0x00, 0x00, 0x00, 0x00, 0x00,
    0x00, 0x00, 0x00, 0x00, 0x00, 0x00, 0x00, 0x00, 0x00, 0x00, 0x00, 0x00,
    0x00, 0x00, 0x00, 0x00, 0x00, 0x00, 0x00, 0x00, 0x00, 0x00, 0x00, 0x00,
    0x00, 0x00, 0x00, 0x00, 0x00, 0x00, 0x00, 0x00, 0x00, 0x00, 0x00, 0x00,
    0x00, 0x00, 0x00, 0x00, 0x00, 0x00, 0x00, 0x00, 0x00, 0x00, 0x00, 0x00,
    0x00, 0x00, 0x00, 0x00, 0x00, 0x00, 0x00, 0x00, 0x00, 0x00, 0x00, 0x00,
    0x00, 0x00, 0x00, 0x00, 0x00, 0x00, 0x00, 0x00, 0x00, 0x00, 0x00, 0x00,
    0x00, 0x00, 0x00, 0x00, 0x00, 0x00, 0x00, 0x00, 0x00, 0x00, 0x00, 0x00,
    0x00, 0x00, 0x00, 0x00, 0x00, 0x00, 0x00, 0x00, 0x00, 0x00, 0x00, 0x00,
    0x00, 0x00, 0x00, 0x00, 0x00, 0x00, 0x00, 0x00, 0x00, 0x00, 0x00, 0x00,
    0x00, 0x00, 0x00, 0x00, 0x00, 0x00, 0x00, 0x00, 0x00, 0x00, 0x00, 0x00,
    0x00, 0x00, 0x00, 0x00, 0x00, 0x00, 0x00, 0x00, 0x00, 0x00, 0x00, 0x00,
    0x00, 0x00, 0x00, 0x00, 0x00, 0x00, 0x00, 0x00, 0x00, 0x00, 0x00, 0x00,
    0x00, 0x00, 0x00, 0x00, 0x00, 0x00, 0x00, 0x00, 0x00, 0x00, 0x00, 0x00,
    0x00, 0x00, 0x00, 0x00, 0x00, 0x00, 0x00, 0x00, 0x00, 0x00, 0x00, 0x00,
    0x00, 0x00, 0x00, 0x00, 0x00, 0x00, 0x00, 0x00, 0x00, 0x00, 0x00, 0x00,
    0x00, 0x00, 0x00, 0x00, 0x00, 0x00, 0x00, 0x00, 0x00, 0x00, 0x00, 0x00,
    0xf8, 0xfc, 0x00, 0x00, 0xf8, 0xfc, 0x00, 0x00, 0xf8, 0xfc, 0x00, 0x00,
    0xf8, 0xfc, 0x00, 0x04, 0xf8, 0xfc, 0x00, 0x00, 0xf8, 0xfc, 0x00, 0x00,
    0xf8, 0xfc, 0x00, 0x00, 0x00, 0x00, 0x00, 0x00, 0x00, 0x00, 0x00, 0x00,
    0x00, 0x00, 0x00, 0x00, 0x00, 0x00, 0x00, 0x00, 0x00, 0x00, 0x00, 0x00,
    0x00, 0x00, 0x00, 0x00, 0x00, 0x00, 0x00, 0x00, 0x00, 0x00, 0x00, 0x00,
    0x00, 0x00, 0x00, 0x00, 0x00, 0x00, 0x00, 0x00, 0x00, 0x00, 0x00, 0x00,
    0x00, 0x00, 0x00, 0x00, 0x00, 0x00, 0x00, 0x00, 0x00, 0x00, 0x00, 0x00,
    0x00, 0x00, 0x00, 0x00, 0x00, 0x00, 0x00, 0x00, 0x00, 0x00, 0x00, 0x00,
    0x00, 0x00, 0x00, 0x00, 0x00, 0x00, 0x00, 0x00, 0x00, 0x00, 0x00, 0x00,
    0x00, 0x00, 0x00, 0x00, 0x00, 0x00, 0x00, 0x00, 0x00, 0x00, 0x00, 0x00,
    0x00, 0x00, 0x00, 0x00, 0x00, 0x00, 0x00, 0x00, 0x00, 0x00, 0x00, 0x00,
    0x00, 0x00, 0x00, 0x00, 0x00, 0x00, 0x00, 0x00, 0x00, 0x00, 0x00, 0x00,
    0x00, 0x00, 0x00, 0x00, 0x00, 0x00, 0x00, 0x00, 0x00, 0x00, 0x00, 0x00,
    0x00, 0x00, 0x00, 0x00, 0x00, 0x00, 0x00, 0x00, 0x00, 0x00, 0x00, 0x00,
    0x00, 0x00, 0x00, 0x00, 0x00, 0x00, 0x00, 0x00, 0x00, 0x00, 0x00, 0x00,
    0x00, 0x00, 0x00, 0x00, 0x00, 0x00, 0x00, 0x00, 0x00, 0x00, 0x00, 0x00,
    0x00, 0x00, 0x00, 0x00, 0x00, 0x00, 0x00, 0x00, 0x00, 0x00, 0x00, 0x00,
    0x00, 0x00, 0x00, 0x00, 0x00, 0x00, 0x00, 0x00, 0x00, 0x00, 0x00, 0x00,
    0x00, 0x00, 0x00, 0x00, 0x00, 0x00, 0x00, 0x00, 0x00, 0x00, 0x00, 0x00,
    0x00, 0x00, 0x00, 0x00, 0x00, 0x00, 0x00, 0x00, 0x00, 0x00, 0x00, 0x00,
    0x00, 0x00, 0x00, 0x00, 0x00, 0x00, 0x00, 0x00, 0x00, 0x00, 0x00, 0x00,
    0x00, 0x00, 0x00, 0x00, 0x00, 0x00, 0x00, 0x00, 0x00, 0x00, 0x00, 0x00,
    0x00, 0x00, 0x00, 0x00, 0x00, 0x00, 0x00, 0x00, 0x00, 0x00, 0x00, 0x00,
    0x00, 0x00, 0x00, 0x00, 0x00, 0x00, 0x00, 0x00, 0x00, 0x00, 0x00, 0x00,
    0x00, 0x00, 0x00, 0x00, 0x00, 0x00, 0x00, 0x00, 0x00, 0x00, 0x00, 0x00,
    0x00, 0x00, 0x00, 0x00, 0x00, 0x00, 0x00, 0x00, 0x00, 0x00, 0x00, 0x00,
    0x00, 0x00, 0x00, 0x00, 0x00, 0x00, 0x00, 0x00, 0x00, 0x00, 0x00, 0x00,
    0x00, 0x00, 0x00, 0x00, 0x00, 0x00, 0x00, 0x00, 0x00, 0x00, 0x00, 0x00,
    0x00, 0x00, 0x00, 0x00, 0x00, 0x00, 0x00, 0x00, 0x00, 0x00, 0x00, 0x00,
    0x00, 0x00, 0x00, 0x00, 0x00, 0x00, 0x00, 0x00, 0x00, 0x00, 0x00, 0x00,
    0x00, 0x00, 0x00, 0x00, 0x00, 0x00, 0x00, 0x00, 0x00, 0x00, 0x00, 0x00,
    0x00, 0x00, 0x00, 0x00, 0x00, 0x00, 0x00, 0x00, 0x00, 0x00, 0x00, 0x00,
    0x00, 0x00, 0x00, 0x00, 0x00, 0x00, 0x00, 0x00, 0x00, 0x00, 0x00, 0x00,
    0x00, 0x00, 0x00, 0x00, 0x00, 0x00, 0x00, 0x00, 0x00, 0x00, 0x00, 0x00,
    0x00, 0x00, 0x00, 0x00, 0x00, 0x00, 0x00, 0x00, 0x00, 0x00, 0x00, 0x00,
    0x00, 0x00, 0x00, 0x00, 0x00, 0x00, 0x00, 0x00, 0x00, 0x00, 0x00, 0x00,
    0x00, 0x00, 0x00, 0x00, 0x00, 0x00, 0x00, 0x00, 0x00, 0x00, 0x00, 0x00,
    0x00, 0x00, 0x00, 0x00, 0x00, 0x00, 0x00, 0x00, 0x00, 0x00, 0x00, 0x00,
    0x00, 0x00, 0x00, 0x00, 0x00, 0x00, 0x00, 0x00, 0x00, 0x00, 0x00, 0x00,
    0x00, 0x00, 0x00, 0x00, 0x00, 0x00, 0x00, 0x00, 0x00, 0x00, 0x00, 0x00,
    0x00, 0x00, 0x00, 0x00, 0x00, 0x00, 0x00, 0x00, 0x00, 0x00, 0x00, 0x00,
    0x00, 0x00, 0x00, 0x00, 0x00, 0x00, 0x00, 0x00, 0x00, 0x00, 0x00, 0x00,
    0x00, 0x00, 0x00, 0x00, 0x00, 0x00, 0x00, 0x00, 0x00, 0x00, 0x00, 0x00,
    0x00, 0x00, 0x00, 0x00, 0x00, 0x00, 0x00, 0x00, 0x00, 0x00, 0x00, 0x00,
    0x00, 0x00, 0x00, 0x00, 0x00, 0x00, 0x00, 0x00, 0x00, 0x00, 0x00, 0x00,
    0x00, 0x00, 0x00, 0x00, 0x00, 0x00, 0x00, 0x00, 0x00, 0x00, 0x00, 0x00,
    0x00, 0x00, 0x00, 0x00, 0x00, 0x00, 0x00, 0x00, 0x00, 0x00, 0x00, 0x00,
    0x00, 0x00, 0x00, 0x00, 0x00, 0x00, 0x00, 0x00, 0x00, 0x00, 0x00, 0x00,
    0x00, 0x00, 0x00, 0x00, 0x00, 0x00, 0x00, 0x00, 0x00, 0x00, 0x00, 0x00,
    0x00, 0x00, 0x00, 0x00, 0x00, 0x00, 0x00, 0x00, 0x00, 0x00, 0x00, 0x00,
    0x00, 0x00, 0x00, 0x00, 0x00, 0x00, 0x00, 0x00, 0x00, 0x00, 0x00, 0x00,
    0x00, 0x00, 0x00, 0x00, 0x00, 0x00, 0x00, 0x00, 0x00, 0x00, 0x00, 0x00,
    0x00, 0x00, 0x00, 0x00, 0x00, 0x00, 0x00, 0x00, 0x00, 0x00, 0x00, 0x00,
    0x00, 0x00, 0x00, 0x00, 0x00, 0x00, 0x00, 0x00, 0x00, 0x00, 0x00, 0x00,
    0x00, 0x00, 0x00, 0x00, 0x00, 0x00, 0x00, 0x00, 0x00, 0x00, 0x00, 0x00,
    0x00, 0x00, 0x00, 0x00, 0x00, 0x00, 0x00, 0x00, 0x00, 0x00, 0x00, 0x00,
    0x00, 0x00, 0x00, 0x00, 0x00, 0x00, 0x00, 0x00, 0x00, 0x00, 0x00, 0x00,
    0x00, 0x00, 0x00, 0x00, 0x00, 0x00, 0x00, 0x00, 0x00, 0x00, 0x00, 0x00,
    0x00, 0x00, 0x00, 0x00, 0x00, 0x00, 0x00, 0x00, 0x00, 0x00, 0x00, 0x00,
    0x00, 0x00, 0x00, 0x00, 0x00, 0x00, 0x00, 0x00, 0x00, 0x00, 0x00, 0x00,
    0x00, 0x00, 0x00, 0x00, 0x00, 0x00, 0x00, 0x00, 0x00, 0x00, 0x00, 0x00,
    0x00, 0x00, 0x00, 0x00, 0x00, 0x00, 0x00, 0x00, 0x00, 0x00, 0x00, 0x00,
    0x00, 0x00, 0x00, 0x00, 0x00, 0x00, 0x00, 0x00, 0x00, 0x00, 0x00, 0x00,
    0x00, 0x00, 0x00, 0x00, 0x00, 0x00, 0x00, 0x00, 0x00, 0x00, 0x00, 0x00,
    0x00, 0x00, 0x00, 0x00, 0x00, 0x00, 0x00, 0x00, 0x00, 0x00, 0x00, 0x00,
    0x00, 0x00, 0x00, 0x00, 0x00, 0x00, 0x00, 0x00, 0x00, 0x00, 0x00, 0x00,
    0x00, 0x00, 0x00, 0x00, 0x00, 0x00, 0x00, 0x00, 0x00, 0x00, 0x00, 0x00,
    0x00, 0x00, 0x00, 0x00, 0x00, 0x00, 0x00, 0x00, 0x00, 0x00, 0x00, 0x00,
    0x00, 0x00, 0x00, 0x00, 0x00, 0x00, 0x00, 0x00, 0x00, 0x00, 0x00, 0x00,
    0x00, 0x00, 0x00, 0x00, 0x00, 0x00, 0x00, 0x00, 0x00, 0x00, 0x00, 0x00,
    0x00, 0x00, 0x00, 0x00, 0x00, 0x00, 0x00, 0x00, 0x00, 0x00, 0x00, 0x00,
    0x00, 0x00, 0x00, 0x00, 0x00, 0x00, 0x00, 0x00, 0x00, 0x00, 0x00, 0x00,
    0x00, 0x00, 0x00, 0x00, 0x00, 0x00, 0x00, 0x00, 0x00, 0x00, 0x00, 0x00,
    0x00, 0x00, 0x00, 0x00, 0x00, 0x00, 0x00, 0x00, 0x00, 0x00, 0x00, 0x00,
    0x00, 0x00, 0x00, 0x00, 0x00, 0x00, 0x00, 0x00, 0x00, 0x00, 0x00, 0x00,
    0x00, 0x00, 0x00, 0x00, 0x00, 0x00, 0x00, 0x00, 0x00, 0x00, 0x00, 0x00,
    0x00, 0x00, 0x00, 0x00, 0x00, 0x00, 0x00, 0x00, 0x00, 0x00, 0x00, 0x00,
    0x00, 0x00, 0x00, 0x00, 0x00, 0x00, 0x00, 0x00, 0x00, 0x00, 0x00, 0x00,
    0x00, 0x00, 0x00, 0x00, 0x00, 0x00, 0x00, 0x00, 0x00, 0x00, 0x00, 0x00,
    0x00, 0x00, 0x00, 0x00, 0x00, 0x00, 0x00, 0x00, 0x00, 0x00, 0x00, 0x00,
    0x00, 0x00, 0x00, 0x00, 0x00, 0x00, 0x00, 0x00, 0x00, 0x00, 0x00, 0x00,
    0x00, 0x00, 0x00, 0x00, 0x00, 0x00, 0x00, 0x00, 0x00, 0x00, 0x00, 0x00,
    0x00, 0x00, 0x00, 0x00, 0x00, 0x00, 0x00, 0x00, 0x00, 0x00, 0x00, 0x00,
    0x00, 0x00, 0x00, 0x00, 0x00, 0x00, 0x00, 0x00, 0x00, 0x00, 0x00, 0x00,
    0x00, 0x00, 0x00, 0x00, 0x00, 0x00, 0x00, 0x00, 0x00, 0x00, 0x00, 0x00,
    0x00, 0x00, 0x00, 0x00, 0x00, 0x00, 0x00, 0x00, 0x00, 0x00, 0x00, 0x00,
    0x00, 0x00, 0x00, 0x00, 0x00, 0x00, 0x00, 0x00, 0x00, 0x00, 0x00, 0x00,
    0xf8, 0xfc, 0x00, 0x04, 0xf8, 0xfc, 0x00, 0x00, 0xf8, 0xfc, 0x00, 0x00,
    0xf8, 0xfc, 0x00, 0x00, 0x00, 0x00, 0x00, 0x00, 0x00, 0x00, 0x00, 0x00,
    0x00, 0x00, 0x00, 0x00, 0x00, 0x00, 0x00, 0x00, 0x00, 0x00, 0x00, 0x00,
    0x00, 0x00, 0x00, 0x00, 0x00, 0x00, 0x00, 0x00, 0x00, 0x00, 0x00, 0x00,
    0x00, 0x00, 0x00, 0x00, 0x00, 0x00, 0x00, 0x00, 0x00, 0x00, 0x00, 0x00,
    0x00, 0x00, 0x00, 0x00, 0x00, 0x00, 0x00, 0x00, 0x00, 0x00, 0x00, 0x00,
    0x00, 0x00, 0x00, 0x00, 0x00, 0x00, 0x00, 0x00, 0x00, 0x00, 0x00, 0x00,
    0x00, 0x00, 0x00, 0x00, 0x00, 0x00, 0x00, 0x00, 0x00, 0x00, 0x00, 0x00,
    0x00, 0x00, 0x00, 0x00, 0x00, 0x00, 0x00, 0x00, 0x00, 0x00, 0x00, 0x00,
    0x00, 0x00, 0x00, 0x00, 0x00, 0x00, 0x00, 0x00, 0x00, 0x00, 0x00, 0x00,
    0x00, 0x00, 0x00, 0x00, 0x00, 0x00, 0x00, 0x00, 0x00, 0x00, 0x00, 0x00,
    0x00, 0x00, 0x00, 0x00, 0x00, 0x00, 0x00, 0x00, 0x00, 0x00, 0x00, 0x00,
    0x00, 0x00, 0x00, 0x00, 0x00, 0x00, 0x00, 0x00, 0x00, 0x00, 0x00, 0x00,
    0x00, 0x00, 0x00, 0x00, 0x00, 0x00, 0x00, 0x00, 0x00, 0x00, 0x00, 0x00,
    0x00, 0x00, 0x00, 0x00, 0x00, 0x00, 0x00, 0x00, 0x00, 0x00, 0x00, 0x00,
    0x00, 0x00, 0x00, 0x00, 0x00, 0x00, 0x00, 0x00, 0x00, 0x00, 0x00, 0x00,
    0x00, 0x00, 0x00, 0x00, 0x00, 0x00, 0x00, 0x00, 0x00, 0x00, 0x00, 0x00,
    0x00, 0x00, 0x00, 0x00, 0x00, 0x00, 0x00, 0x00, 0x00, 0x00, 0x00, 0x00,
    0x00, 0x00, 0x00, 0x00, 0x00, 0x00, 0x00, 0x00, 0x00, 0x00, 0x00, 0x00,
    0x00, 0x00, 0x00, 0x00, 0x00, 0x00, 0x00, 0x00, 0x00, 0x00, 0x00, 0x00,
    0x00, 0x00, 0x00, 0x00, 0x00, 0x00, 0x00, 0x00, 0x00, 0x00, 0x00, 0x00,
    0x00, 0x00, 0x00, 0x00, 0x00, 0x00, 0x00, 0x00, 0x00, 0x00, 0x00, 0x00,
    0x00, 0x00, 0x00, 0x00, 0x00, 0x00, 0x00, 0x00, 0x00, 0x00, 0x00, 0x00,
    0x00, 0x00, 0x00, 0x00, 0x00, 0x00, 0x00, 0x00, 0x00, 0x00, 0x00, 0x00,
    0x00, 0x00, 0x00, 0x00, 0x00, 0x00, 0x00, 0x00, 0x00, 0x00, 0x00, 0x00,
    0x00, 0x00, 0x00, 0x00, 0x00, 0x00, 0x00, 0x00, 0x00, 0x00, 0x00, 0x00,
    0x00, 0x00, 0x00, 0x00, 0x00, 0x00, 0x00, 0x00, 0x00, 0x00, 0x00, 0x00,
    0x00, 0x00, 0x00, 0x00, 0x00, 0x00, 0x00, 0x00, 0x00, 0x00, 0x00, 0x00,
    0x00, 0x00, 0x00, 0x00, 0x00, 0x00, 0x00, 0x00, 0x00, 0x00, 0x00, 0x00,
    0x00, 0x00, 0x00, 0x00, 0x00, 0x00, 0x00, 0x00, 0x00, 0x00, 0x00, 0x00,
    0x00, 0x00, 0x00, 0x00, 0x00, 0x00, 0x00, 0x00, 0x00, 0x00, 0x00, 0x00,
    0x00, 0x00, 0x00, 0x00, 0x00, 0x00, 0x00, 0x00, 0x00, 0x00, 0x00, 0x00,
    0x00, 0x00, 0x00, 0x00, 0x00, 0x00, 0x00, 0x00, 0x00, 0x00, 0x00, 0x00,
    0x00, 0x00, 0x00, 0x00, 0x00, 0x00, 0x00, 0x00, 0x00, 0x00, 0x00, 0x00,
    0x00, 0x00, 0x00, 0x00, 0x00, 0x00, 0x00, 0x00, 0x00, 0x00, 0x00, 0x00,
    0x00, 0x00, 0x00, 0x00, 0x00, 0x00, 0x00, 0x00, 0x00, 0x00, 0x00, 0x00,
    0x00, 0x00, 0x00, 0x00, 0x00, 0x00, 0x00, 0x00, 0x00, 0x00, 0x00, 0x00,
    0x00, 0x00, 0x00, 0x00, 0x00, 0x00, 0x00, 0x00, 0x00, 0x00, 0x00, 0x00,
    0x00, 0x00, 0x00, 0x00, 0x00, 0x00, 0x00, 0x00, 0x00, 0x00, 0x00, 0x00,
    0x00, 0x00, 0x00, 0x00, 0x00, 0x00, 0x00, 0x00, 0x00, 0x00, 0x00, 0x00,
    0x00, 0x00, 0x00, 0x00, 0x00, 0x00, 0x00, 0x00, 0x00, 0x00, 0x00, 0x00,
    0x00, 0x00, 0x00, 0x00, 0x00, 0x00, 0x00, 0x00, 0x00, 0x00, 0x00, 0x00,
    0x00, 0x00, 0x00, 0x00, 0x00, 0x00, 0x00, 0x00, 0x00, 0x00, 0x00, 0x00,
    0x00, 0x00, 0x00, 0x00, 0x00, 0x00, 0x00, 0x00, 0x00, 0x00, 0x00, 0x00,
    0x00, 0x00, 0x00, 0x00, 0x00, 0x00, 0x00, 0x00, 0x00, 0x00, 0x00, 0x00,
    0x00, 0x00, 0x00, 0x00, 0x00, 0x00, 0x00, 0x00, 0x00, 0x00, 0x00, 0x00,
    0x00, 0x00, 0x00, 0x00, 0x00, 0x00, 0x00, 0x00, 0x00, 0x00, 0x00, 0x00,
    0x00, 0x00, 0x00, 0x00, 0x00, 0x00, 0x00, 0x00, 0x00, 0x00, 0x00, 0x00,
    0x00, 0x00, 0x00, 0x00, 0x00, 0x00, 0x00, 0x00, 0x00, 0x00, 0x00, 0x00,
    0x00, 0x00, 0x00, 0x00, 0x00, 0x00, 0x00, 0x00, 0x00, 0x00, 0x00, 0x00,
    0x00, 0x00, 0x00, 0x00, 0x00, 0x00, 0x00, 0x00, 0x00, 0x00, 0x00, 0x00,
    0x00, 0x00, 0x00, 0x00, 0x00, 0x00, 0x00, 0x00, 0x00, 0x00, 0x00, 0x00,
    0x00, 0x00, 0x00, 0x00, 0x00, 0x00, 0x00, 0x00, 0x00, 0x00, 0x00, 0x00,
    0x00, 0x00, 0x00, 0x00, 0x00, 0x00, 0x00, 0x00, 0x00, 0x00, 0x00, 0x00,
    0x00, 0x00, 0x00, 0x00, 0x00, 0x00, 0x00, 0x00, 0x00, 0x00, 0x00, 0x00,
    0x00, 0x00, 0x00, 0x00, 0x00, 0x00, 0x00, 0x00, 0x00, 0x00, 0x00, 0x00,
    0x00, 0x00, 0x00, 0x00, 0x00, 0x00, 0x00, 0x00, 0x00, 0x00, 0x00, 0x00,
    0x00, 0x00, 0x00, 0x00, 0x00, 0x00, 0x00, 0x00, 0x00, 0x00, 0x00, 0x00,
    0x00, 0x00, 0x00, 0x00, 0x00, 0x00, 0x00, 0x00, 0x00, 0x00, 0x00, 0x00,
    0x00, 0x00, 0x00, 0x00, 0x00, 0x00, 0x00, 0x00, 0x00, 0x00, 0x00, 0x00,
    0x00, 0x00, 0x00, 0x00, 0x00, 0x00, 0x00, 0x00, 0x00, 0x00, 0x00, 0x00,
    0x00, 0x00, 0x00, 0x00, 0x00, 0x00, 0x00, 0x00, 0x00, 0x00, 0x00, 0x00,
    0x00, 0x00, 0x00, 0x00, 0x00, 0x00, 0x00, 0x00, 0x00, 0x00, 0x00, 0x00,
    0x00, 0x00, 0x00, 0x00, 0x00, 0x00, 0x00, 0x00, 0x00, 0x00, 0x00, 0x00,
    0x00, 0x00, 0x00, 0x00, 0x00, 0x00, 0x00, 0x00, 0x00, 0x00, 0x00, 0x00,
    0x00, 0x00, 0x00, 0x00, 0x00, 0x00, 0x00, 0x00, 0x00, 0x00, 0x00, 0x00,
    0x00, 0x00, 0x00, 0x00, 0x00, 0x00, 0x00, 0x00, 0x00, 0x00, 0x00, 0x00,
    0x00, 0x00, 0x00, 0x00, 0x00, 0x00, 0x00, 0x00, 0x00, 0x00, 0x00, 0x00,
    0x00, 0x00, 0x00, 0x00, 0x00, 0x00, 0x00, 0x00, 0x00, 0x00, 0x00, 0x00,
    0x00, 0x00, 0x00, 0x00, 0x00, 0x00, 0x00, 0x00, 0x00, 0x00, 0x00, 0x00,
    0x00, 0x00, 0x00, 0x00, 0x00, 0x00, 0x00, 0x00, 0x00, 0x00, 0x00, 0x00,
    0x00, 0x00, 0x00, 0x00, 0x00, 0x00, 0x00, 0x00, 0x00, 0x00, 0x00, 0x00,
    0x00, 0x00, 0x00, 0x00, 0x00, 0x00, 0x00, 0x00, 0x00, 0x00, 0x00, 0x00,
    0x00, 0x00, 0x00, 0x00, 0x00, 0x00, 0x00, 0x00, 0x00, 0x00, 0x00, 0x00,
    0x00, 0x00, 0x00, 0x00, 0x00, 0x00, 0x00, 0x00, 0x00, 0x00, 0x00, 0x00,
    0x00, 0x00, 0x00, 0x00, 0x00, 0x00, 0x00, 0x00, 0x00, 0x00, 0x00, 0x00,
    0x00, 0x00, 0x00, 0x00, 0x00, 0x00, 0x00, 0x00, 0x00, 0x00, 0x00, 0x00,
    0x00, 0x00, 0x00, 0x00, 0x00, 0x00, 0x00, 0x00, 0x00, 0x00, 0x00, 0x00,
    0x00, 0x00, 0x00, 0x00, 0x00, 0x00, 0x00, 0x00, 0x00, 0x00, 0x00, 0x00,
    0x00, 0x00, 0x00, 0x00, 0x00, 0x00, 0x00, 0x00, 0x00, 0x00, 0x00, 0x00,
    0x00, 0x00, 0x00, 0x00, 0x00, 0x00, 0x00, 0x00, 0x00, 0x00, 0x00, 0x00,
    0x00, 0x00, 0x00, 0x00, 0x00, 0x00, 0x00, 0x00, 0x00, 0x00, 0x00, 0x00,
    0x00, 0x00, 0x00, 0x00, 0x00, 0x00, 0x00, 0x00, 0x00, 0x00, 0x00, 0x00,
    0x00, 0x00, 0x00, 0x00, 0x00, 0x00, 0x00, 0x00, 0x00, 0x00, 0x00, 0x00,
    0x00, 0x00, 0x00, 0x00, 0x00, 0x00, 0x00, 0x00, 0x00, 0x00, 0x00, 0x00,
    0x00, 0x00, 0x00, 0x00, 0x00, 0x00, 0x00, 0x00, 0x00, 0x00, 0x00, 0x00,
    0x00, 0x00, 0x00, 0x00, 0x00, 0x00, 0x00, 0x00, 0x00, 0x00, 0x00, 0x00,
    0x00, 0x00, 0x00, 0x00, 0x00, 0x00, 0x00, 0x00, 0x00, 0x00, 0x00, 0x00,
    0x00, 0x00, 0x00, 0x00, 0x00, 0x00, 0x00, 0x00, 0x00, 0x00, 0x00, 0x00,
    0x00, 0x00, 0x00, 0x00, 0x00, 0x00, 0x00, 0x00, 0x00, 0x00, 0x00, 0x00,
    0x00, 0x00, 0x00, 0x00, 0x00, 0x00, 0x00, 0x00, 0x00, 0x00, 0x00, 0x00,
    0x00, 0x00, 0x00, 0x00, 0x00, 0x00, 0x00, 0x00, 0x00, 0x00, 0x00, 0x00,
    0x00, 0x00, 0x00, 0x00, 0x00, 0x00, 0x00, 0x00, 0x00, 0x00, 0x00, 0x00,
    0x00, 0x00, 0x00, 0x00, 0x00, 0x00, 0x00, 0x00, 0x00, 0x00, 0x00, 0x00,
    0x00, 0x00, 0x00, 0x00, 0x00, 0x00, 0x00, 0x00, 0x00, 0x00, 0x00, 0x00,
    0x00, 0x00, 0x00, 0x00, 0x00, 0x00, 0x00, 0x00, 0x00, 0x00, 0x00, 0x00,
    0x00, 0x00, 0x00, 0x00, 0x00, 0x00, 0x00, 0x00, 0x00, 0x00, 0x00, 0x00,
    0x00, 0x00, 0x00, 0x00, 0x00, 0x00, 0x00, 0x00, 0x00, 0x00, 0x00, 0x00,
    0x00, 0x00, 0x00, 0x00, 0x00, 0x00, 0x00, 0x00, 0x00, 0x00, 0x00, 0x00,
    0x00, 0x00, 0x00, 0x00, 0x00, 0x00, 0x00, 0x00, 0x00, 0x00, 0x00, 0x00,
    0x00, 0x00, 0x00, 0x00, 0x00, 0x00, 0x00, 0x00, 0x00, 0x00, 0x00, 0x00,
    0x00, 0x00, 0x00, 0x00, 0x00, 0x00, 0x00, 0x00, 0x00, 0x00, 0x00, 0x00,
    0x00, 0x00, 0x00, 0x00, 0x00, 0x00, 0x00, 0x00, 0x00, 0x00, 0x00, 0x00,
    0x00, 0x00, 0x00, 0x00, 0x00, 0x00, 0x00, 0x00, 0x00, 0x00, 0x00, 0x00,
    0x00, 0x00, 0x00, 0x00, 0x00, 0x00, 0x00, 0x00, 0x00, 0x00, 0x00, 0x00,
    0x00, 0x00, 0x00, 0x00, 0x00, 0x00, 0x00, 0x00, 0x00, 0x00, 0x00, 0x00,
    0x00, 0x00, 0x00, 0x00, 0x00, 0x00, 0x00, 0x00, 0x00, 0x00, 0x00, 0x00,
    0x00, 0x00, 0x00, 0x00, 0x00, 0x00, 0x00, 0x00, 0x00, 0x00, 0x00, 0x00,
    0x00, 0x00, 0x00, 0x00, 0x00, 0x00, 0x00, 0x00, 0x00, 0x00, 0x00, 0x00,
    0x00, 0x00, 0x00, 0x00, 0x00, 0x00, 0x00, 0x00, 0x00, 0x00, 0x00, 0x00,
    0x00, 0x00, 0x00, 0x00, 0x00, 0x00, 0x00, 0x00, 0x00, 0x00, 0x00, 0x00,
    0x00, 0x00, 0x00, 0x00, 0x00, 0x00, 0x00, 0x00, 0x00, 0x00, 0x00, 0x00,
    0x00, 0x00, 0x00, 0x00, 0x00, 0x00, 0x00, 0x00, 0x00, 0x00, 0x00, 0x00,
    0x00, 0x00, 0x00, 0x00, 0x00, 0x00, 0x00, 0x00, 0x00, 0x00, 0x00, 0x00,
    0x00, 0x00, 0x00, 0x00, 0x00, 0x00, 0x00, 0x00, 0x00, 0x00, 0x00, 0x00,
    0x00, 0x00, 0x00, 0x00, 0x00, 0x00, 0x00, 0x00, 0x00, 0x00, 0x00, 0x00,
    0x00, 0x00, 0x00, 0x00, 0x00, 0x00, 0x00, 0x00, 0x00, 0x00, 0x00, 0x00,
    0x00, 0x00, 0x00, 0x00, 0x00, 0x00, 0x00, 0x00, 0x00, 0x00, 0x00, 0x00,
    0x00, 0x00, 0x00, 0x00, 0x00, 0x00, 0x00, 0x00, 0x00, 0x00, 0x00, 0x00,
    0x00, 0x00, 0x00, 0x00, 0x00, 0x00, 0x00, 0x00, 0x00, 0x00, 0x00, 0x00,
    0x00, 0x00, 0x00, 0x00, 0x00, 0x00, 0x00, 0x00, 0x00, 0x00, 0x00, 0x00,
    0x00, 0x00, 0x00, 0x00, 0x00, 0x00, 0x00, 0x00, 0x00, 0x00, 0x00, 0x00,
    0x00, 0x00, 0x00, 0x00, 0x00, 0x00, 0x00, 0x00, 0x00, 0x00, 0x00, 0x00,
    0x00, 0x00, 0x00, 0x00, 0x00, 0x00, 0x00, 0x00, 0x00, 0x00, 0x00, 0x00,
    0x00, 0x00, 0x00, 0x00, 0x00, 0x00, 0x00, 0x00, 0x00, 0x00, 0x00, 0x00,
    0x00, 0x00, 0x00, 0x00, 0x00, 0x00, 0x00, 0x00, 0x00, 0x00, 0x00, 0x00,
    0x00, 0x00, 0x00, 0x00, 0x00, 0x00, 0x00, 0x00, 0x00, 0x00, 0x00, 0x00,
    0x00, 0x00, 0x00, 0x00, 0x00, 0x00, 0x00, 0x00, 0x00, 0x00, 0x00, 0x00,
    0x00, 0x00, 0x00, 0x00, 0x00, 0x00, 0x00, 0x00, 0x00, 0x00, 0x00, 0x00,
    0x00, 0x00, 0x00, 0x00, 0x00, 0x00, 0x00, 0x00, 0x00, 0x00, 0x00, 0x00,
    0x00, 0x00, 0x00, 0x00, 0x00, 0x00, 0x00, 0x00, 0x00, 0x00, 0x00, 0x00,
    0x00, 0x00, 0x00, 0x00, 0x00, 0x00, 0x00, 0x00, 0x00, 0x00, 0x00, 0x00,
    0x00, 0x00, 0x00, 0x00, 0x00, 0x00, 0x00, 0x00, 0x00, 0x00, 0x00, 0x00,
    0x00, 0x00, 0x00, 0x00, 0x00, 0x00, 0x00, 0x00, 0x00, 0x00, 0x00, 0x00,
    0x00, 0x00, 0x00, 0x00, 0x00, 0x00, 0x00, 0x00, 0x00, 0x00, 0x00, 0x00,
    0x00, 0x00, 0x00, 0x00, 0x00, 0x00, 0x00, 0x00, 0x00, 0x00, 0x00, 0x00,
    0x00, 0x00, 0x00, 0x00, 0x00, 0x00, 0x00, 0x00, 0x00, 0x00, 0x00, 0x00,
    0x00, 0x00, 0x00, 0x00, 0x00, 0x00, 0x00, 0x00, 0x00, 0x00, 0x00, 0x00,
    0x00, 0x00, 0x00, 0x00, 0x00, 0x00, 0x00, 0x00, 0x00, 0x00, 0x00, 0x00,
    0x00, 0x00, 0x00, 0x00, 0x00, 0x00, 0x00, 0x00, 0x00, 0x00, 0x00, 0x00,
    0x00, 0x00, 0x00, 0x00, 0x00, 0x00, 0x00, 0x00, 0x00, 0x00, 0x00, 0x00,
    0x00, 0x00, 0x00, 0x00, 0x00, 0x00, 0x00, 0x00, 0x00, 0x00, 0x00, 0x00,
    0x00, 0x00, 0x00, 0x00, 0x00, 0x00, 0x00, 0x00, 0x00, 0x00, 0x00, 0x00,
    0x00, 0x00, 0x00, 0x00, 0x00, 0x00, 0x00, 0x00, 0x00, 0x00, 0x00, 0x00,
    0x00, 0x00, 0x00, 0x00, 0x00, 0x00, 0x00, 0x00, 0x00, 0x00, 0x00, 0x00,
    0x00, 0x00, 0x00, 0x00, 0x00, 0x00, 0x00, 0x00, 0x00, 0x00, 0x00, 0x00,
    0x00, 0x00, 0x00, 0x00, 0x00, 0x00, 0x00, 0x00, 0x00, 0x00, 0x00, 0x00,
    0x00, 0x00, 0x00, 0x00, 0x00, 0x00, 0x00, 0x00, 0x00, 0x00, 0x00, 0x00,
    0x00, 0x00, 0x00, 0x00, 0x00, 0x00, 0x00, 0x00, 0x00, 0x00, 0x00, 0x00,
    0x00, 0x00, 0x00, 0x00, 0x00, 0x00, 0x00, 0x00, 0x00, 0x00, 0x00, 0x00,
    0x00, 0x00, 0x00, 0x00, 0x00, 0x00, 0x00, 0x00, 0x00, 0x00, 0x00, 0x00,
    0x00, 0x00, 0x00, 0x00, 0x00, 0x00, 0x00, 0x00, 0x00, 0x00, 0x00, 0x00,
    0x00, 0x00, 0x00, 0x00, 0x00, 0x00, 0x00, 0x00, 0x00, 0x00, 0x00, 0x00,
    0x00, 0x00, 0x00, 0x00, 0x00, 0x00, 0x00, 0x00, 0x00, 0x00, 0x00, 0x00,
    0x00, 0x00, 0x00, 0x00, 0x00, 0x00, 0x00, 0x00, 0x00, 0x00, 0x00, 0x00,
    0x00, 0x00, 0x00, 0x00, 0x00, 0x00, 0x00, 0x00, 0x00, 0x00, 0x00, 0x00,
    0x00, 0x00, 0x00, 0x00, 0x00, 0x00, 0x00, 0x00, 0x00, 0x00, 0x00, 0x00,
    0x00, 0x00, 0x00, 0x00, 0x00, 0x00, 0x00, 0x00, 0x00, 0x00, 0x00, 0x00,
    0x00, 0x00, 0x00, 0x00, 0x00, 0x00, 0x00, 0x00, 0x00, 0x00, 0x00, 0x00,
    0x00, 0x00, 0x00, 0x00, 0x00, 0x00, 0x00, 0x00, 0x00, 0x00, 0x00, 0x00,
    0x00, 0x00, 0x00, 0x00, 0x00, 0x00, 0x00, 0x00, 0x00, 0x00, 0x00, 0x00,
    0x00, 0x00, 0x00, 0x00, 0x00, 0x00, 0x00, 0x00, 0x00, 0x00, 0x00, 0x00,
    0x00, 0x00, 0x00, 0x00, 0x00, 0x00, 0x00, 0x00, 0x00, 0x00, 0x00, 0x00,
    0x00, 0x00, 0x00, 0x00, 0x00, 0x00, 0x00, 0x00, 0x00, 0x00, 0x00, 0x00,
    0x00, 0x00, 0x00, 0x00, 0x00, 0x00, 0x00, 0x00, 0x00, 0x00, 0x00, 0x00,
    0x00, 0x00, 0x00, 0x00, 0x00, 0x00, 0x00, 0x00, 0x00, 0x00, 0x00, 0x00,
    0x00, 0x00, 0x00, 0x00, 0x00, 0x00, 0x00, 0x00, 0x00, 0x00, 0x00, 0x00,
    0x00, 0x00, 0x00, 0x00, 0x00, 0x00, 0x00, 0x00, 0x00, 0x00, 0x00, 0x00,
    0x00, 0x00, 0x00, 0x00, 0x00, 0x00, 0x00, 0x00, 0x00, 0x00, 0x00, 0x00,
    0x00, 0x00, 0x00, 0x00, 0x00, 0x00, 0x00, 0x00, 0x00, 0x00, 0x00, 0x00,
    0x00, 0x00, 0x00, 0x00, 0x00, 0x00, 0x00, 0x00, 0x00, 0x00, 0x00, 0x00,
    0x00, 0x00, 0x00, 0x00, 0x00, 0x00, 0x00, 0x00, 0x00, 0x00, 0x00, 0x00,
    0x00, 0x00, 0x00, 0x00, 0x00, 0x00, 0x00, 0x00, 0x00, 0x00, 0x00, 0x00,
    0x00, 0x00, 0x00, 0x00, 0x00, 0x00, 0x00, 0x00, 0x00, 0x00, 0x00, 0x00,
    0x00, 0x00, 0x00, 0x00, 0x00, 0x00, 0x00, 0x00, 0x00, 0x00, 0x00, 0x00,
    0x00, 0x00, 0x00, 0x00, 0x00, 0x00, 0x00, 0x00, 0x00, 0x00, 0x00, 0x00,
    0x00, 0x00, 0x00, 0x00, 0x00, 0x00, 0x00, 0x00, 0x00, 0x00, 0x00, 0x00,
    0x00, 0x00, 0x00, 0x00, 0x00, 0x00, 0x00, 0x00, 0x00, 0x00, 0x00, 0x00,
    0x00, 0x00, 0x00, 0x00, 0x00, 0x00, 0x00, 0x00, 0x00, 0x00, 0x00, 0x00,
    0x00, 0x00, 0x00, 0x00, 0x00, 0x00, 0x00, 0x00, 0x00, 0x00, 0x00, 0x00,
    0x00, 0x00, 0x00, 0x00, 0x00, 0x00, 0x00, 0x00, 0x00, 0x00, 0x00, 0x00,
    0x00, 0x00, 0x00, 0x00, 0x00, 0x00, 0x00, 0x00, 0x00, 0x00, 0x00, 0x00,
    0x00, 0x00, 0x00, 0x00, 0x00, 0x00, 0x00, 0x00, 0x00, 0x00, 0x00, 0x00,
    0x00, 0x00, 0x00, 0x00, 0x00, 0x00, 0x00, 0x00, 0x00, 0x00, 0x00, 0x00,
    0x00, 0x00, 0x00, 0x00, 0x00, 0x00, 0x00, 0x00, 0x00, 0x00, 0x00, 0x00,
    0x00, 0x00, 0x00, 0x00, 0x00, 0x00, 0x00, 0x00, 0x00, 0x00, 0x00, 0x00,
    0x00, 0x00, 0x00, 0x00, 0x00, 0x00, 0x00, 0x00, 0x00, 0x00, 0x00, 0x00,
    0x00, 0x00, 0x00, 0x00, 0x00, 0x00, 0x00, 0x00, 0x00, 0x00, 0x00, 0x00,
    0x00, 0x00, 0x00, 0x00, 0x00, 0x00, 0x00, 0x00, 0x00, 0x00, 0x00, 0x00,
    0x00, 0x00, 0x00, 0x00, 0x00, 0x00, 0x00, 0x00, 0x00, 0x00, 0x00, 0x00,
    0x00, 0x00, 0x00, 0x00, 0x00, 0x00, 0x00, 0x00, 0x00, 0x00, 0x00, 0x00,
    0x00, 0x00, 0x00, 0x00, 0x00, 0x00, 0x00, 0x00, 0x00, 0x00, 0x00, 0x00,
    0x00, 0x00, 0x00, 0x00, 0x00, 0x00, 0x00, 0x00, 0x00, 0x00, 0x00, 0x00,
    0x00, 0x00, 0x00, 0x00, 0x00, 0x00, 0x00, 0x00, 0x00, 0x00, 0x00, 0x00,
    0x00, 0x00, 0x00, 0x00, 0x00, 0x00, 0x00, 0x00, 0x00, 0x00, 0x00, 0x00,
    0x00, 0x00, 0x00, 0x00, 0x00, 0x00, 0x00, 0x00, 0x00, 0x00, 0x00, 0x00,
    0x00, 0x00, 0x00, 0x00, 0x00, 0x00, 0x00, 0x00, 0x00, 0x00, 0x00, 0x00,
    0x00, 0x00, 0x00, 0x00, 0x00, 0x00, 0x00, 0x00, 0x00, 0x00, 0x00, 0x00,
    0x00, 0x00, 0x00, 0x00, 0x00, 0x00, 0x00, 0x00, 0x00, 0x00, 0x00, 0x00,
    0x00, 0x00, 0x00, 0x00, 0x00, 0x00, 0x00, 0x00, 0x00, 0x00, 0x00, 0x00,
    0x00, 0x00, 0x00, 0x00, 0x00, 0x00, 0x00, 0x00, 0x00, 0x00, 0x00, 0x00,
    0x00, 0x00, 0x00, 0x00, 0x00, 0x00, 0x00, 0x00, 0x00, 0x00, 0x00, 0x00,
    0x00, 0x00, 0x00, 0x00, 0x00, 0x00, 0x00, 0x00, 0x00, 0x00, 0x00, 0x00,
    0x00, 0x00, 0x00, 0x00, 0x00, 0x00, 0x00, 0x00, 0x00, 0x00, 0x00, 0x00,
    0x00, 0x00, 0x00, 0x00, 0x00, 0x00, 0x00, 0x00, 0x00, 0x00, 0x00, 0x00,
    0x00, 0x00, 0x00, 0x00, 0x00, 0x00, 0x00, 0x00, 0x00, 0x00, 0x00, 0x00,
    0x00, 0x00, 0x00, 0x00, 0x00, 0x00, 0x00, 0x00, 0x00, 0x00, 0x00, 0x00,
    0x00, 0x00, 0x00, 0x00, 0x00, 0x00, 0x00, 0x00, 0x00, 0x00, 0x00, 0x00,
    0x00, 0x00, 0x00, 0x00, 0x00, 0x00, 0x00, 0x00, 0x00, 0x00, 0x00, 0x00,
    0x00, 0x00, 0x00, 0x00, 0x00, 0x00, 0x00, 0x00, 0x00, 0x00, 0x00, 0x00,
    0x00, 0x00, 0x00, 0x00, 0x00, 0x00, 0x00, 0x00, 0x00, 0x00, 0x00, 0x00,
    0x00, 0x00, 0x00, 0x00, 0x00, 0x00, 0x00, 0x00, 0x00, 0x00, 0x00, 0x00,
    0x00, 0x00, 0x00, 0x00, 0x00, 0x00, 0x00, 0x00, 0x00, 0x00, 0x00, 0x00,
    0x00, 0x00, 0x00, 0x00, 0x00, 0x00, 0x00, 0x00, 0x00, 0x00, 0x00, 0x00,
    0x00, 0x00, 0x00, 0x00, 0x00, 0x00, 0x00, 0x00, 0x00, 0x00, 0x00, 0x00,
    0x00, 0x00, 0x00, 0x00, 0x00, 0x00, 0x00, 0x00, 0x00, 0x00, 0x00, 0x00,
    0x00, 0x00, 0x00, 0x00, 0x00, 0x00, 0x00, 0x00, 0x00, 0x00, 0x00, 0x00,
    0x00, 0x00, 0x00, 0x00, 0x00, 0x00, 0x00, 0x00, 0x00, 0x00, 0x00, 0x00,
    0x00, 0x00, 0x00, 0x00, 0x00, 0x00, 0x00, 0x00, 0x00, 0x00, 0x00, 0x00,
    0x00, 0x00, 0x00, 0x00, 0x00, 0x00, 0x00, 0x00, 0x00, 0x00, 0x00, 0x00,
    0x00, 0x00, 0x00, 0x00, 0x00, 0x00, 0x00, 0x00, 0x00, 0x00, 0x00, 0x00,
    0x00, 0x00, 0x00, 0x00, 0x00, 0x00, 0x00, 0x00, 0x00, 0x00, 0x00, 0x00,
    0x00, 0x00, 0x00, 0x00, 0x00, 0x00, 0x00, 0x00, 0x00, 0x00, 0x00, 0x00,
    0x00, 0x00, 0x00, 0x00, 0x00, 0x00, 0x00, 0x00, 0x00, 0x00, 0x00, 0x00,
    0x00, 0x00, 0x00, 0x00, 0x00, 0x00, 0x00, 0x00, 0x00, 0x00, 0x00, 0x00,
    0x00, 0x00, 0x00, 0x00, 0x00, 0x00, 0x00, 0x00, 0x00, 0x00, 0x00, 0x00,
    0x00, 0x00, 0x00, 0x00, 0x00, 0x00, 0x00, 0x00, 0x00, 0x00, 0x00, 0x00,
    0x00, 0x00, 0x00, 0x00, 0x00, 0x00, 0x00, 0x00, 0x00, 0x00, 0x00, 0x00,
    0x00, 0x00, 0x00, 0x00, 0x00, 0x00, 0x00, 0x00, 0x00, 0x00, 0x00, 0x00,
    0x00, 0x00, 0x00, 0x00, 0x00, 0x00, 0x00, 0x00, 0x00, 0x00, 0x00, 0x00,
    0x00, 0x00, 0x00, 0x00, 0x00, 0x00, 0x00, 0x00, 0x00, 0x00, 0x00, 0x00,
    0x00, 0x00, 0x00, 0x00, 0x00, 0x00, 0x00, 0x00, 0x00, 0x00, 0x00, 0x00,
    0x00, 0x00, 0x00, 0x00, 0x00, 0x00, 0x00, 0x00, 0x00, 0x00, 0x00, 0x00,
    0x00, 0x00, 0x00, 0x00, 0x00, 0x00, 0x00, 0x00, 0x00, 0x00, 0x00, 0x00,
    0x00, 0x00, 0x00, 0x00, 0x00, 0x00, 0x00, 0x00, 0x00, 0x00, 0x00, 0x00,
    0x00, 0x00, 0x00, 0x00, 0x00, 0x00, 0x00, 0x00, 0x00, 0x00, 0x00, 0x00,
    0x00, 0x00, 0x00, 0x00, 0x00, 0x00, 0x00, 0x00, 0x00, 0x00, 0x00, 0x00,
    0x00, 0x00, 0x00, 0x00, 0x00, 0x00, 0x00, 0x00, 0x00, 0x00, 0x00, 0x00,
    0x00, 0x00, 0x00, 0x00, 0x00, 0x00, 0x00, 0x00, 0x00, 0x00, 0x00, 0x00,
    0x00, 0x00, 0x00, 0x00, 0x00, 0x00, 0x00, 0x00, 0x00, 0x00, 0x00, 0x00,
    0x00, 0x00, 0x00, 0x00, 0x00, 0x00, 0x00, 0x00, 0x00, 0x00, 0x00, 0x00,
    0x00, 0x00, 0x00, 0x00, 0x00, 0x00, 0x00, 0x00, 0x00, 0x00, 0x00, 0x00,
    0x00, 0x00, 0x00, 0x00, 0x00, 0x00, 0x00, 0x00, 0x00, 0x00, 0x00, 0x00,
    0x00, 0x00, 0x00, 0x00, 0x00, 0x00, 0x00, 0x00, 0x00, 0x00, 0x00, 0x00,
    0x00, 0x00, 0x00, 0x00, 0x00, 0x00, 0x00, 0x00, 0x00, 0x00, 0x00, 0x00,
    0x00, 0x00, 0x00, 0x00, 0x00, 0x00, 0x00, 0x00, 0x00, 0x00, 0x00, 0x00,
    0x00, 0x00, 0x00, 0x00, 0x00, 0x00, 0x00, 0x00, 0x00, 0x00, 0x00, 0x00,
    0x00, 0x00, 0x00, 0x00, 0x00, 0x00, 0x00, 0x00, 0x00, 0x00, 0x00, 0x00,
    0x00, 0x00, 0x00, 0x00, 0x00, 0x00, 0x00, 0x00, 0x00, 0x00, 0x00, 0x00,
    0x00, 0x00, 0x00, 0x00, 0x00, 0x00, 0x00, 0x00, 0x00, 0x00, 0x00, 0x00,
    0x00, 0x00, 0x00, 0x00, 0x00, 0x00, 0x00, 0x00, 0x00, 0x00, 0x00, 0x00,
    0x00, 0x00, 0x00, 0x00, 0x00, 0x00, 0x00, 0x00, 0x00, 0x00, 0x00, 0x00,
    0x00, 0x00, 0x00, 0x00, 0x00, 0x00, 0x00, 0x00, 0x00, 0x00, 0x00, 0x00,
    0x00, 0x00, 0x00, 0x00, 0x00, 0x00, 0x00, 0x00, 0x00, 0x00, 0x00, 0x00,
    0x00, 0x00, 0x00, 0x00, 0x00, 0x00, 0x00, 0x00, 0x00, 0x00, 0x00, 0x00,
    0x00, 0x00, 0x00, 0x00, 0x00, 0x00, 0x00, 0x00, 0x00, 0x00, 0x00, 0x00,
    0x00, 0x00, 0x00, 0x00, 0x00, 0x00, 0x00, 0x00, 0x00, 0x00, 0x00, 0x00,
    0x00, 0x00, 0x00, 0x00, 0x00, 0x00, 0x00, 0x00, 0x00, 0x00, 0x00, 0x00,
    0x00, 0x00, 0x00, 0x00, 0x00, 0x00, 0x00, 0x00, 0x00, 0x00, 0x00, 0x00,
    0x00, 0x00, 0x00, 0x00, 0x00, 0x00, 0x00, 0x00, 0x00, 0x00, 0x00, 0x00,
    0x00, 0x00, 0x00, 0x00, 0x00, 0x00, 0x00, 0x00, 0x00, 0x00, 0x00, 0x00,
    0x00, 0x00, 0x00, 0x00, 0x00, 0x00, 0x00, 0x00, 0x00, 0x00, 0x00, 0x00,
    0x00, 0x00, 0x00, 0x00, 0x00, 0x00, 0x00, 0x00, 0x00, 0x00, 0x00, 0x00,
    0x00, 0x00, 0x00, 0x00, 0x00, 0x00, 0x00, 0x00, 0x00, 0x00, 0x00, 0x00,
    0x00, 0x00, 0x00, 0x00, 0x00, 0x00, 0x00, 0x00, 0x00, 0x00, 0x00, 0x00,
    0x00, 0x00, 0x00, 0x00, 0x00, 0x00, 0x00, 0x00, 0x00, 0x00, 0x00, 0x00,
    0x00, 0x00, 0x00, 0x00, 0x00, 0x00, 0x00, 0x00, 0x00, 0x00, 0x00, 0x00,
    0x00, 0x00, 0x00, 0x00, 0x00, 0x00, 0x00, 0x00, 0x00, 0x00, 0x00, 0x00,
    0x00, 0x00, 0x00, 0x00, 0x00, 0x00, 0x00, 0x00, 0x00, 0x00, 0x00, 0x00,
    0x00, 0x00, 0x00, 0x00, 0x00, 0x00, 0x00, 0x00, 0x00, 0x00, 0x00, 0x00,
    0x00, 0x00, 0x00, 0x00, 0x00, 0x00, 0x00, 0x00, 0x00, 0x00, 0x00, 0x00,
    0x00, 0x00, 0x00, 0x00, 0x00, 0x00, 0x00, 0x00, 0x00, 0x00, 0x00, 0x00,
    0x00, 0x00, 0x00, 0x00, 0x00, 0x00, 0x00, 0x00, 0x00, 0x00, 0x00, 0x00,
    0x00, 0x00, 0x00, 0x00, 0x00, 0x00, 0x00, 0x00, 0x00, 0x00, 0x00, 0x00,
    0x00, 0x00, 0x00, 0x00, 0x00, 0x00, 0x00, 0x00, 0x00, 0x00, 0x00, 0x00,
    0x00, 0x00, 0x00, 0x00, 0x00, 0x00, 0x00, 0x00, 0x00, 0x00, 0x00, 0x00,
    0x00, 0x00, 0x00, 0x00, 0x00, 0x00, 0x00, 0x00, 0x00, 0x00, 0x00, 0x00,
    0x00, 0x00, 0x00, 0x00, 0x00, 0x00, 0x00, 0x00, 0x00, 0x00, 0x00, 0x00,
    0x00, 0x00, 0x00, 0x00, 0x00, 0x00, 0x00, 0x00, 0x00, 0x00, 0x00, 0x00,
    0x00, 0x00, 0x00, 0x00, 0x00, 0x00, 0x00, 0x00, 0x00, 0x00, 0x00, 0x00,
    0x00, 0x00, 0x00, 0x00, 0x00, 0x00, 0x00, 0x00, 0x00, 0x00, 0x00, 0x00,
    0x00, 0x00, 0x00, 0x00, 0x00, 0x00, 0x00, 0x00, 0x00, 0x00, 0x00, 0x00,
    0x00, 0x00, 0x00, 0x00, 0x00, 0x00, 0x00, 0x00, 0x00, 0x00, 0x00, 0x00,
    0x00, 0x00, 0x00, 0x00, 0x00, 0x00, 0x00, 0x00, 0x00, 0x00, 0x00, 0x00,
    0x00, 0x00, 0x00, 0x00, 0x00, 0x00, 0x00, 0x00, 0x00, 0x00, 0x00, 0x00,
    0x00, 0x00, 0x00, 0x00, 0x00, 0x00, 0x00, 0x00, 0x00, 0x00, 0x00, 0x00,
    0x00, 0x00, 0x00, 0x00, 0x00, 0x00, 0x00, 0x00, 0x00, 0x00, 0x00, 0x00,
    0x00, 0x00, 0x00, 0x00, 0x00, 0x00, 0x00, 0x00, 0x00, 0x00, 0x00, 0x00,
    0x00, 0x00, 0x00, 0x00, 0x00, 0x00, 0x00, 0x00, 0x00, 0x00, 0x00, 0x00,
    0x00, 0x00, 0x00, 0x00, 0x00, 0x00, 0x00, 0x00, 0x00, 0x00, 0x00, 0x00,
    0x00, 0x00, 0x00, 0x00, 0x00, 0x00, 0x00, 0x00, 0x00, 0x00, 0x00, 0x00,
    0x00, 0x00, 0x00, 0x00, 0x00, 0x00, 0x00, 0x00, 0x00, 0x00, 0x00, 0x00,
    0x00, 0x00, 0x00, 0x00, 0x00, 0x00, 0x00, 0x00, 0x00, 0x00, 0x00, 0x00,
    0x00, 0x00, 0x00, 0x00, 0x00, 0x00, 0x00, 0x00, 0x00, 0x00, 0x00, 0x00,
    0x00, 0x00, 0x00, 0x00, 0x00, 0x00, 0x00, 0x00, 0x00, 0x00, 0x00, 0x00,
    0x00, 0x00, 0x00, 0x00, 0x00, 0x00, 0x00, 0x00, 0x00, 0x00, 0x00, 0x00,
    0x00, 0x00, 0x00, 0x00, 0x00, 0x00, 0x00, 0x00, 0x00, 0x00, 0x00, 0x00,
    0x00, 0x00, 0x00, 0x00, 0x00, 0x00, 0x00, 0x00, 0x00, 0x00, 0x00, 0x00,
    0x00, 0x00, 0x00, 0x00, 0x00, 0x00, 0x00, 0x00, 0x00, 0x00, 0x00, 0x00,
    0x00, 0x00, 0x00, 0x00, 0x00, 0x00, 0x00, 0x00, 0x00, 0x00, 0x00, 0x00,
    0x00, 0x00, 0x00, 0x00, 0x00, 0x00, 0x00, 0x00, 0x00, 0x00, 0x00, 0x00,
    0x00, 0x00, 0x00, 0x00, 0x00, 0x00, 0x00, 0x00, 0x00, 0x00, 0x00, 0x00,
    0x00, 0x00, 0x00, 0x00, 0x00, 0x00, 0x00, 0x00, 0x00, 0x00, 0x00, 0x00,
    0x00, 0x00, 0x00, 0x00, 0x00, 0x00, 0x00, 0x00, 0x00, 0x00, 0x00, 0x00,
    0x00, 0x00, 0x00, 0x00, 0x00, 0x00, 0x00, 0x00, 0x00, 0x00, 0x00, 0x00,
    0x00, 0x00, 0x00, 0x00, 0x00, 0x00, 0x00, 0x00, 0x00, 0x00, 0x00, 0x00,
    0x00, 0x00, 0x00, 0x00, 0x00, 0x00, 0x00, 0x00, 0x00, 0x00, 0x00, 0x00,
    0x00, 0x00, 0x00, 0x00, 0x00, 0x00, 0x00, 0x00, 0x00, 0x00, 0x00, 0x00,
    0x00, 0x00, 0x00, 0x00, 0x00, 0x00, 0x00, 0x00, 0x00, 0x00, 0x00, 0x00,
    0x00, 0x00, 0x00, 0x00, 0x00, 0x00, 0x00, 0x00, 0x00, 0x00, 0x00, 0x00,
    0x00, 0x00, 0x00, 0x00, 0x00, 0x00, 0x00, 0x00, 0x00, 0x00, 0x00, 0x00,
    0x00, 0x00, 0x00, 0x00, 0x00, 0x00, 0x00, 0x00, 0x00, 0x00, 0x00, 0x00,
    0x00, 0x00, 0x00, 0x00, 0x00, 0x00, 0x00, 0x00, 0x00, 0x00, 0x00, 0x00,
    0x00, 0x00, 0x00, 0x00, 0x00, 0x00, 0x00, 0x00, 0x00, 0x00, 0x00, 0x00,
    0x00, 0x00, 0x00, 0x00, 0x00, 0x00, 0x00, 0x00, 0x00, 0x00, 0x00, 0x00,
    0x00, 0x00, 0x00, 0x00, 0x00, 0x00, 0x00, 0x00, 0x00, 0x00, 0x00, 0x00,
    0x00, 0x00, 0x00, 0x00, 0x00, 0x00, 0x00, 0x00, 0x00, 0x00, 0x00, 0x00,
    0x00, 0x00, 0x00, 0x00, 0x00, 0x00, 0x00, 0x00, 0x00, 0x00, 0x00, 0x00,
    0x00, 0x00, 0x00, 0x00, 0x00, 0x00, 0x00, 0x00, 0x00, 0x00, 0x00, 0x00,
    0x00, 0x00, 0x00, 0x00, 0x00, 0x00, 0x00, 0x00, 0x00, 0x00, 0x00, 0x00,
    0x00, 0x00, 0x00, 0x00, 0x00, 0x00, 0x00, 0x00, 0x00, 0x00, 0x00, 0x00,
    0x00, 0x00, 0x00, 0x00, 0x00, 0x00, 0x00, 0x00, 0x00, 0x00, 0x00, 0x00,
    0x00, 0x00, 0x00, 0x00, 0x00, 0x00, 0x00, 0x00, 0x00, 0x00, 0x00, 0x00,
    0x00, 0x00, 0x00, 0x00, 0x00, 0x00, 0x00, 0x00, 0x00, 0x00, 0x00, 0x00,
    0x00, 0x00, 0x00, 0x00, 0x00, 0x00, 0x00, 0x00, 0x00, 0x00, 0x00, 0x00,
    0x00, 0x00, 0x00, 0x00, 0x00, 0x00, 0x00, 0x00, 0x00, 0x00, 0x00, 0x00,
    0x00, 0x00, 0x00, 0x00, 0x00, 0x00, 0x00, 0x00, 0x00, 0x00, 0x00, 0x00,
    0x00, 0x00, 0x00, 0x00, 0x00, 0x00, 0x00, 0x00, 0x00, 0x00, 0x00, 0x00,
    0x00, 0x00, 0x00, 0x00, 0x00, 0x00, 0x00, 0x00, 0x00, 0x00, 0x00, 0x00,
    0x00, 0x00, 0x00, 0x00, 0x00, 0x00, 0x00, 0x00, 0x00, 0x00, 0x00, 0x00,
    0x00, 0x00, 0x00, 0x00, 0x00, 0x00, 0x00, 0x00, 0x00, 0x00, 0x00, 0x00,
    0x00, 0x00, 0x00, 0x00, 0x00, 0x00, 0x00, 0x00, 0x00, 0x00, 0x00, 0x00,
    0x00, 0x00, 0x00, 0x00, 0x00, 0x00, 0x00, 0x00, 0x00, 0x00, 0x00, 0x00,
    0x00, 0x00, 0x00, 0x00, 0x00, 0x00, 0x00, 0x00, 0x00, 0x00, 0x00, 0x00,
    0x00, 0x00, 0x00, 0x00, 0x00, 0x00, 0x00, 0x00, 0x00, 0x00, 0x00, 0x00,
    0x00, 0x00, 0x00, 0x00, 0x00, 0x00, 0x00, 0x00, 0x00, 0x00, 0x00, 0x00,
    0x00, 0x00, 0x00, 0x00, 0x00, 0x00, 0x00, 0x00, 0x00, 0x00, 0x00, 0x00,
    0x00, 0x00, 0x00, 0x00, 0x00, 0x00, 0x00, 0x00, 0x00, 0x00, 0x00, 0x00,
    0x00, 0x00, 0x00, 0x00, 0x00, 0x00, 0x00, 0x00, 0x00, 0x00, 0x00, 0x00,
    0x00, 0x00, 0x00, 0x00, 0x00, 0x00, 0x00, 0x00, 0x00, 0x00, 0x00, 0x00,
    0x00, 0x00, 0x00, 0x00, 0x00, 0x00, 0x00, 0x00, 0x00, 0x00, 0x00, 0x00,
    0x00, 0x00, 0x00, 0x00, 0x00, 0x00, 0x00, 0x00, 0x00, 0x00, 0x00, 0x00,
    0x00, 0x00, 0x00, 0x00, 0x00, 0x00, 0x00, 0x00, 0x00, 0x00, 0x00, 0x00,
    0x00, 0x00, 0x00, 0x00, 0x00, 0x00, 0x00, 0x00, 0x00, 0x00, 0x00, 0x00,
    0x00, 0x00, 0x00, 0x00, 0x00, 0x00, 0x00, 0x00, 0x00, 0x00, 0x00, 0x00,
    0x00, 0x00, 0x00, 0x00, 0x00, 0x00, 0x00, 0x00, 0x00, 0x00, 0x00, 0x00,
    0x00, 0x00, 0x00, 0x00, 0x00, 0x00, 0x00, 0x00, 0x00, 0x00, 0x00, 0x00,
    0x00, 0x00, 0x00, 0x00, 0x00, 0x00, 0x00, 0x00, 0x00, 0x00, 0x00, 0x00,
    0x00, 0x00, 0x00, 0x00, 0x00, 0x00, 0x00, 0x00, 0x00, 0x00, 0x00, 0x00,
    0x00, 0x00, 0x00, 0x00, 0x00, 0x00, 0x00, 0x00, 0x00, 0x00, 0x00, 0x00,
    0x00, 0x00, 0x00, 0x00, 0x00, 0x00, 0x00, 0x00, 0x00, 0x00, 0x00, 0x00,
    0x00, 0x00, 0x00, 0x00, 0x00, 0x00, 0x00, 0x00, 0x00, 0x00, 0x00, 0x00,
    0x00, 0x00, 0x00, 0x00, 0x00, 0x00, 0x00, 0x00, 0x00, 0x00, 0x00, 0x00,
    0x00, 0x00, 0x00, 0x00, 0x00, 0x00, 0x00, 0x00, 0x00, 0x00, 0x00, 0x00,
    0x00, 0x00, 0x00, 0x00, 0x00, 0x00, 0x00, 0x00, 0x00, 0x00, 0x00, 0x00,
    0x00, 0x00, 0x00, 0x00, 0x00, 0x00, 0x00, 0x00, 0x00, 0x00, 0x00, 0x00,
    0x00, 0x00, 0x00, 0x00, 0x00, 0x00, 0x00, 0x00, 0x00, 0x00, 0x00, 0x00,
    0x00, 0x00, 0x00, 0x00, 0x00, 0x00, 0x00, 0x00, 0x00, 0x00, 0x00, 0x00,
    0x00, 0x00, 0x00, 0x00, 0x00, 0x00, 0x00, 0x00, 0x00, 0x00, 0x00, 0x00,
    0x00, 0x00, 0x00, 0x00, 0x00, 0x00, 0x00, 0x00, 0x00, 0x00, 0x00, 0x00,
    0x00, 0x00, 0x00, 0x00, 0x00, 0x00, 0x00, 0x00, 0x00, 0x00, 0x00, 0x00,
    0x00, 0x00, 0x00, 0x00, 0x00, 0x00, 0x00, 0x00, 0x00, 0x00, 0x00, 0x00,
    0x00, 0x00, 0x00, 0x00, 0x00, 0x00, 0x00, 0x00, 0x00, 0x00, 0x00, 0x00,
    0x00, 0x00, 0x00, 0x00, 0x00, 0x00, 0x00, 0x00, 0x00, 0x00, 0x00, 0x00,
    0x00, 0x00, 0x00, 0x00, 0x00, 0x00, 0x00, 0x00, 0x00, 0x00, 0x00, 0x00,
    0x00, 0x00, 0x00, 0x00, 0x00, 0x00, 0x00, 0x00, 0x00, 0x00, 0x00, 0x00,
    0x00, 0x00, 0x00, 0x00, 0x00, 0x00, 0x00, 0x00, 0x00, 0x00, 0x00, 0x00,
    0x00, 0x00, 0x00, 0x00, 0x00, 0x00, 0x00, 0x00, 0x00, 0x00, 0x00, 0x00,
    0x00, 0x00, 0x00, 0x00, 0x00, 0x00, 0x00, 0x00, 0x00, 0x00, 0x00, 0x00,
    0x00, 0x00, 0x00, 0x00, 0x00, 0x00, 0x00, 0x00, 0x00, 0x00, 0x00, 0x00,
    0x00, 0x00, 0x00, 0x00, 0x00, 0x00, 0x00, 0x00, 0x00, 0x00, 0x00, 0x00,
    0x00, 0x00, 0x00, 0x00, 0x00, 0x00, 0x00, 0x00, 0x00, 0x00, 0x00, 0x00,
    0x00, 0x00, 0x00, 0x00, 0x00, 0x00, 0x00, 0x00, 0x00, 0x00, 0x00, 0x00,
    0x00, 0x00, 0x00, 0x00, 0x00, 0x00, 0x00, 0x00, 0x00, 0x00, 0x00, 0x00,
    0x00, 0x00, 0x00, 0x00, 0x00, 0x00, 0x00, 0x00, 0x00, 0x00, 0x00, 0x00,
    0x00, 0x00, 0x00, 0x00, 0x00, 0x00, 0x00, 0x00, 0x00, 0x00, 0x00, 0x00,
    0x00, 0x00, 0x00, 0x00, 0x00, 0x00, 0x00, 0x00, 0x00, 0x00, 0x00, 0x00,
    0x00, 0x00, 0x00, 0x00, 0x00, 0x00, 0x00, 0x00, 0x00, 0x00, 0x00, 0x00,
    0x00, 0x00, 0x00, 0x00, 0x00, 0x00, 0x00, 0x00, 0x00, 0x00, 0x00, 0x00,
    0x00, 0x00, 0x00, 0x00, 0x00, 0x00, 0x00, 0x00, 0x00, 0x00, 0x00, 0x00,
    0x00, 0x00, 0x00, 0x00, 0x00, 0x00, 0x00, 0x00, 0x00, 0x00, 0x00, 0x00,
    0x00, 0x00, 0x00, 0x00, 0x00, 0x00, 0x00, 0x00, 0x00, 0x00, 0x00, 0x00,
    0x00, 0x00, 0x00, 0x00, 0x00, 0x00, 0x00, 0x00, 0x00, 0x00, 0x00, 0x00,
    0x00, 0x00, 0x00, 0x00, 0x00, 0x00, 0x00, 0x00, 0x00, 0x00, 0x00, 0x00,
    0x00, 0x00, 0x00, 0x00, 0x00, 0x00, 0x00, 0x00, 0x00, 0x00, 0x00, 0x00,
    0x00, 0x00, 0x00, 0x00, 0x00, 0x00, 0x00, 0x00, 0x00, 0x00, 0x00, 0x00,
    0x00, 0x00, 0x00, 0x00, 0x00, 0x00, 0x00, 0x00, 0x00, 0x00, 0x00, 0x00,
    0x00, 0x00, 0x00, 0x00, 0x00, 0x00, 0x00, 0x00, 0x00, 0x00, 0x00, 0x00,
    0x00, 0x00, 0x00, 0x00, 0x00, 0x00, 0x00, 0x00, 0x00, 0x00, 0x00, 0x00,
    0x00, 0x00, 0x00, 0x00, 0x00, 0x00, 0x00, 0x00, 0x00, 0x00, 0x00, 0x00,
    0x00, 0x00, 0x00, 0x00, 0x00, 0x00, 0x00, 0x00, 0x00, 0x00, 0x00, 0x00,
    0x00, 0x00, 0x00, 0x00, 0x00, 0x00, 0x00, 0x00, 0x00, 0x00, 0x00, 0x00,
    0x00, 0x00, 0x00, 0x00, 0x00, 0x00, 0x00, 0x00, 0x00, 0x00, 0x00, 0x00,
    0x00, 0x00, 0x00, 0x00, 0x00, 0x00, 0x00, 0x00, 0x00, 0x00, 0x00, 0x00,
    0x00, 0x00, 0x00, 0x00, 0x00, 0x00, 0x00, 0x00, 0x00, 0x00, 0x00, 0x00,
    0x00, 0x00, 0x00, 0x00, 0x00, 0x00, 0x00, 0x00, 0x00, 0x00, 0x00, 0x00,
    0x00, 0x00, 0x00, 0x00, 0x00, 0x00, 0x00, 0x00, 0x00, 0x00, 0x00, 0x00,
    0x00, 0x00, 0x00, 0x00, 0x00, 0x00, 0x00, 0x00, 0x00, 0x00, 0x00, 0x00,
    0x00, 0x00, 0x00, 0x00, 0x00, 0x00, 0x00, 0x00, 0x00, 0x00, 0x00, 0x00,
    0x00, 0x00, 0x00, 0x00, 0x00, 0x00, 0x00, 0x00, 0x00, 0x00, 0x00, 0x00,
    0x00, 0x00, 0x00, 0x00, 0x00, 0x00, 0x00, 0x00, 0x00, 0x00, 0x00, 0x00,
    0x00, 0x00, 0x00, 0x00, 0x00, 0x00, 0x00, 0x00, 0x00, 0x00, 0x00, 0x00,
    0x00, 0x00, 0x00, 0x00, 0x00, 0x00, 0x00, 0x00, 0x00, 0x00, 0x00, 0x00,
    0x00, 0x00, 0x00, 0x00, 0x00, 0x00, 0x00, 0x00, 0x00, 0x00, 0x00, 0x00,
    0x00, 0x00, 0x00, 0x00, 0x00, 0x00, 0x00, 0x00, 0x00, 0x00, 0x00, 0x00,
    0x00, 0x00, 0x00, 0x00, 0x00, 0x00, 0x00, 0x00, 0x00, 0x00, 0x00, 0x00,
    0x00, 0x00, 0x00, 0x00, 0x00, 0x00, 0x00, 0x00, 0x00, 0x00, 0x00, 0x00,
    0x00, 0x00, 0x00, 0x00, 0x00, 0x00, 0x00, 0x00, 0x00, 0x00, 0x00, 0x00,
    0x00, 0x00, 0x00, 0x00, 0x00, 0x00, 0x00, 0x00, 0x00, 0x00, 0x00, 0x00,
    0x00, 0x00, 0x00, 0x00, 0x00, 0x00, 0x00, 0x00, 0x00, 0x00, 0x00, 0x00,
    0x00, 0x00, 0x00, 0x00, 0x00, 0x00, 0x00, 0x00, 0x00, 0x00, 0x00, 0x00,
    0x00, 0x00, 0x00, 0x00, 0x00, 0x00, 0x00, 0x00, 0x00, 0x00, 0x00, 0x00,
    0x00, 0x00, 0x00, 0x00, 0x00, 0x00, 0x00, 0x00, 0x00, 0x00, 0x00, 0x00,
    0x00, 0x00, 0x00, 0x00, 0x00, 0x00, 0x00, 0x00, 0x00, 0x00, 0x00, 0x00,
    0x00, 0x00, 0x00, 0x00, 0x00, 0x00, 0x00, 0x00, 0x00, 0x00, 0x00, 0x00,
    0x00, 0x00, 0x00, 0x00, 0x00, 0x00, 0x00, 0x00, 0x00, 0x00, 0x00, 0x00,
    0x00, 0x00, 0x00, 0x00, 0x00, 0x00, 0x00, 0x00, 0x00, 0x00, 0x00, 0x00,
    0x00, 0x00, 0x00, 0x00, 0x00, 0x00, 0x00, 0x00, 0x00, 0x00, 0x00, 0x00,
    0x00, 0x00, 0x00, 0x00, 0x00, 0x00, 0x00, 0x00, 0x00, 0x00, 0x00, 0x00,
    0x00, 0x00, 0x00, 0x00, 0x00, 0x00, 0x00, 0x00, 0x00, 0x00, 0x00, 0x00,
    0x00, 0x00, 0x00, 0x00, 0x00, 0x00, 0x00, 0x00, 0x00, 0x00, 0x00, 0x00,
    0x00, 0x00, 0x00, 0x00, 0x00, 0x00, 0x00, 0x00, 0x00, 0x00, 0x00, 0x00,
    0x00, 0x00, 0x00, 0x00, 0x00, 0x00, 0x00, 0x00, 0x00, 0x00, 0x00, 0x00,
    0x00, 0x00, 0x00, 0x00, 0x00, 0x00, 0x00, 0x00, 0x00, 0x00, 0x00, 0x00,
    0x00, 0x00, 0x00, 0x00, 0x00, 0x00, 0x00, 0x00, 0x00, 0x00, 0x00, 0x00,
    0x00, 0x00, 0x00, 0x00, 0x00, 0x00, 0x00, 0x00, 0x00, 0x00, 0x00, 0x00,
    0x00, 0x00, 0x00, 0x00, 0x00, 0x00, 0x00, 0x00, 0x00, 0x00, 0x00, 0x00,
    0x00, 0x00, 0x00, 0x00, 0x00, 0x00, 0x00, 0x00, 0x00, 0x00, 0x00, 0x00,
    0x00, 0x00, 0x00, 0x00, 0x00, 0x00, 0x00, 0x00, 0x00, 0x00, 0x00, 0x00,
    0x00, 0x00, 0x00, 0x00, 0x00, 0x00, 0x00, 0x00, 0x00, 0x00, 0x00, 0x00,
    0x00, 0x00, 0x00, 0x00, 0x00, 0x00, 0x00, 0x00, 0x00, 0x00, 0x00, 0x00,
    0x00, 0x00, 0x00, 0x00, 0x00, 0x00, 0x00, 0x00, 0x00, 0x00, 0x00, 0x00,
    0x00, 0x00, 0x00, 0x00, 0x00, 0x00, 0x00, 0x00, 0x00, 0x00, 0x00, 0x00,
    0x00, 0x00, 0x00, 0x00, 0x00, 0x00, 0x00, 0x00, 0x00, 0x00, 0x00, 0x00,
    0x00, 0x00, 0x00, 0x00, 0x00, 0x00, 0x00, 0x00, 0x00, 0x00, 0x00, 0x00,
    0x00, 0x00, 0x00, 0x00, 0x00, 0x00, 0x00, 0x00, 0x00, 0x00, 0x00, 0x00,
    0x00, 0x00, 0x00, 0x00, 0x00, 0x00, 0x00, 0x00, 0x00, 0x00, 0x00, 0x00,
    0x00, 0x00, 0x00, 0x00, 0x00, 0x00, 0x00, 0x00, 0x00, 0x00, 0x00, 0x00,
    0x00, 0x00, 0x00, 0x00, 0x00, 0x00, 0x00, 0x00, 0x00, 0x00, 0x00, 0x00,
    0x00, 0x00, 0x00, 0x00, 0x00, 0x00, 0x00, 0x00, 0x00, 0x00, 0x00, 0x00,
    0x00, 0x00, 0x00, 0x00, 0x00, 0x00, 0x00, 0x00, 0x00, 0x00, 0x00, 0x00,
    0x00, 0x00, 0x00, 0x00, 0x00, 0x00, 0x00, 0x00, 0x00, 0x00, 0x00, 0x00,
    0x00, 0x00, 0x00, 0x00, 0x00, 0x00, 0x00, 0x00, 0x00, 0x00, 0x00, 0x00,
    0x00, 0x00, 0x00, 0x00, 0x00, 0x00, 0x00, 0x00, 0x00, 0x00, 0x00, 0x00,
    0x00, 0x00, 0x00, 0x00, 0x00, 0x00, 0x00, 0x00, 0x00, 0x00, 0x00, 0x00,
    0x00, 0x00, 0x00, 0x00, 0x00, 0x00, 0x00, 0x00, 0x00, 0x00, 0x00, 0x00,
    0x00, 0x00, 0x00, 0x00, 0x00, 0x00, 0x00, 0x00, 0x00, 0x00, 0x00, 0x00,
    0x00, 0x00, 0x00, 0x00, 0x00, 0x00, 0x00, 0x00, 0x00, 0x00, 0x00, 0x00,
    0x00, 0x00, 0x00, 0x00, 0x00, 0x00, 0x00, 0x00, 0x00, 0x00, 0x00, 0x00,
    0x00, 0x00, 0x00, 0x00, 0x00, 0x00, 0x00, 0x00, 0x00, 0x00, 0x00, 0x00,
    0x00, 0x00, 0x00, 0x00, 0x00, 0x00, 0x00, 0x00, 0x00, 0x00, 0x00, 0x00,
    0x00, 0x00, 0x00, 0x00, 0x00, 0x00, 0x00, 0x00, 0x00, 0x00, 0x00, 0x00,
    0x00, 0x00, 0x00, 0x00, 0x00, 0x00, 0x00, 0x00, 0x00, 0x00, 0x00, 0x00,
    0x00, 0x00, 0x00, 0x00, 0x00, 0x00, 0x00, 0x00, 0x00, 0x00, 0x00, 0x00,
    0x00, 0x00, 0x00, 0x00, 0x00, 0x00, 0x00, 0x00, 0x00, 0x00, 0x00, 0x00,
    0x00, 0x00, 0x00, 0x00, 0x00, 0x00, 0x00, 0x00, 0x00, 0x00, 0x00, 0x00,
    0x00, 0x00, 0x00, 0x00, 0x00, 0x00, 0x00, 0x00, 0x00, 0x00, 0x00, 0x00,
    0x00, 0x00, 0x00, 0x00, 0x00, 0x00, 0x00, 0x00, 0x00, 0x00, 0x00, 0x00,
    0x00, 0x00, 0x00, 0x00, 0x00, 0x00, 0x00, 0x00, 0x00, 0x00, 0x00, 0x00,
    0x00, 0x00, 0x00, 0x00, 0x00, 0x00, 0x00, 0x00, 0x00, 0x00, 0x00, 0x00,
    0x00, 0x00, 0x00, 0x00, 0x00, 0x00, 0x00, 0x00, 0x00, 0x00, 0x00, 0x00,
    0x00, 0x00, 0x00, 0x00, 0x00, 0x00, 0x00, 0x00, 0x00, 0x00, 0x00, 0x00,
    0x00, 0x00, 0x00, 0x00, 0x00, 0x00, 0x00, 0x00, 0x00, 0x00, 0x00, 0x00,
    0x00, 0x00, 0x00, 0x00, 0x00, 0x00, 0x00, 0x00, 0x00, 0x00, 0x00, 0x00,
    0x00, 0x00, 0x00, 0x00, 0x00, 0x00, 0x00, 0x00, 0x00, 0x00, 0x00, 0x00,
    0x00, 0x00, 0x00, 0x00, 0x00, 0x00, 0x00, 0x00, 0x00, 0x00, 0x00, 0x00,
    0x00, 0x00, 0x00, 0x00, 0x00, 0x00, 0x00, 0x00, 0x00, 0x00, 0x00, 0x00,
    0x00, 0x00, 0x00, 0x00, 0x00, 0x00, 0x00, 0x00, 0x00, 0x00, 0x00, 0x00,
    0x00, 0x00, 0x00, 0x00, 0x00, 0x00, 0x00, 0x00, 0x00, 0x00, 0x00, 0x00,
    0x00, 0x00, 0x00, 0x00, 0x00, 0x00, 0x00, 0x00, 0x00, 0x00, 0x00, 0x00,
    0x00, 0x00, 0x00, 0x00, 0x00, 0x00, 0x00, 0x00, 0x00, 0x00, 0x00, 0x00,
    0x00, 0x00, 0x00, 0x00, 0x00, 0x00, 0x00, 0x00, 0x00, 0x00, 0x00, 0x00,
    0x00, 0x00, 0x00, 0x00, 0x00, 0x00, 0x00, 0x00, 0x00, 0x00, 0x00, 0x00,
    0x00, 0x00, 0x00, 0x00, 0x00, 0x00, 0x00, 0x00, 0x00, 0x00, 0x00, 0x00,
    0x00, 0x00, 0x00, 0x00, 0x00, 0x00, 0x00, 0x00, 0x00, 0x00, 0x00, 0x00,
    0x00, 0x00, 0x00, 0x00, 0x00, 0x00, 0x00, 0x00, 0x00, 0x00, 0x00, 0x00,
    0x00, 0x00, 0x00, 0x00, 0x00, 0x00, 0x00, 0x00, 0x00, 0x00, 0x00, 0x00,
    0x00, 0x00, 0x00, 0x00, 0x00, 0x00, 0x00, 0x00, 0x00, 0x00, 0x00, 0x00,
    0x00, 0x00, 0x00, 0x00, 0x00, 0x00, 0x00, 0x00, 0x00, 0x00, 0x00, 0x00,
    0x00, 0x00, 0x00, 0x00, 0x00, 0x00, 0x00, 0x00, 0x00, 0x00, 0x00, 0x00,
    0x00, 0x00, 0x00, 0x00, 0x00, 0x00, 0x00, 0x00, 0x00, 0x00, 0x00, 0x00,
    0x00, 0x00, 0x00, 0x00, 0x00, 0x00, 0x00, 0x00, 0x00, 0x00, 0x00, 0x00,
    0x00, 0x00, 0x00, 0x00, 0x00, 0x00, 0x00, 0x00, 0x00, 0x00, 0x00, 0x00,
    0x00, 0x00, 0x00, 0x00, 0x00, 0x00, 0x00, 0x00, 0x00, 0x00, 0x00, 0x00,
    0x00, 0x00, 0x00, 0x00, 0x00, 0x00, 0x00, 0x00, 0x00, 0x00, 0x00, 0x00,
    0x00, 0x00, 0x00, 0x00, 0x00, 0x00, 0x00, 0x00, 0x00, 0x00, 0x00, 0x00,
    0x00, 0x00, 0x00, 0x00, 0x00, 0x00, 0x00, 0x00, 0x00, 0x00, 0x00, 0x00,
    0x00, 0x00, 0x00, 0x00, 0x00, 0x00, 0x00, 0x00, 0x00, 0x00, 0x00, 0x00,
    0x00, 0x00, 0x00, 0x00, 0x00, 0x00, 0x00, 0x00, 0x00, 0x00, 0x00, 0x00,
    0x00, 0x00, 0x00, 0x00, 0x00, 0x00, 0x00, 0x00, 0x00, 0x00, 0x00, 0x00,
    0x00, 0x00, 0x00, 0x00, 0x00, 0x00, 0x00, 0x00, 0x00, 0x00, 0x00, 0x00,
    0x00, 0x00, 0x00, 0x00, 0x00, 0x00, 0x00, 0x00, 0x00, 0x00, 0x00, 0x00,
    0x00, 0x00, 0x00, 0x00, 0x00, 0x00, 0x00, 0x00, 0x00, 0x00, 0x00, 0x00,
    0x00, 0x00, 0x00, 0x00, 0x00, 0x00, 0x00, 0x00, 0x00, 0x00, 0x00, 0x00,
    0x00, 0x00, 0x00, 0x00, 0x00, 0x00, 0x00, 0x00, 0x00, 0x00, 0x00, 0x00,
    0x00, 0x00, 0x00, 0x00, 0x00, 0x00, 0x00, 0x00, 0x00, 0x00, 0x00, 0x00,
    0x00, 0x00, 0x00, 0x00, 0x00, 0x00, 0x00, 0x00, 0x00, 0x00, 0x00, 0x00,
    0x00, 0x00, 0x00, 0x00, 0x00, 0x00, 0x00, 0x00, 0x00, 0x00, 0x00, 0x00,
    0x00, 0x00, 0x00, 0x00, 0x00, 0x00, 0x00, 0x00, 0x00, 0x00, 0x00, 0x00,
    0x00, 0x00, 0x00, 0x00, 0x00, 0x00, 0x00, 0x00, 0x00, 0x00, 0x00, 0x00,
    0x00, 0x00, 0x00, 0x00, 0x00, 0x00, 0x00, 0x00, 0x00, 0x00, 0x00, 0x00,
    0x00, 0x00, 0x00, 0x00, 0x00, 0x00, 0x00, 0x00, 0x00, 0x00, 0x00, 0x00,
    0x00, 0x00, 0x00, 0x00, 0x00, 0x00, 0x00, 0x00, 0x00, 0x00, 0x00, 0x00,
    0x00, 0x00, 0x00, 0x00, 0x00, 0x00, 0x00, 0x00, 0x00, 0x00, 0x00, 0x00,
    0x00, 0x00, 0x00, 0x00, 0x00, 0x00, 0x00, 0x00, 0x00, 0x00, 0x00, 0x00,
    0x00, 0x00, 0x00, 0x00, 0x00, 0x00, 0x00, 0x00, 0x00, 0x00, 0x00, 0x00,
    0x00, 0x00, 0x00, 0x00, 0x00, 0x00, 0x00, 0x00, 0x00, 0x00, 0x00, 0x00,
    0x00, 0x00, 0x00, 0x00, 0x00, 0x00, 0x00, 0x00, 0x00, 0x00, 0x00, 0x00,
    0x00, 0x00, 0x00, 0x00, 0x00, 0x00, 0x00, 0x00, 0x00, 0x00, 0x00, 0x00
};
