// 4.23.2 0xb7877c06 D2 R0 FRGB565 U565 N0 SExtFlashSection
// Generated by imageconverter. Please, do not edit!

#include <touchgfx/hal/Config.hpp>

LOCATION_PRAGMA("ExtFlashSection")
KEEP extern const unsigned char image_room_card_overlay[] LOCATION_ATTRIBUTE("ExtFlashSection") = { // 165x80 RGB565 pixels.
    0xff, 0xff, 0xff, 0xff, 0xff, 0xff, 0xff, 0xff, 0xff, 0xff, 0xff, 0xff,
    0xff, 0xff, 0xff, 0xff, 0xff, 0xff, 0xff, 0xff, 0xff, 0xff, 0xff, 0xff,
    0xff, 0xff, 0xff, 0xff, 0xff, 0xff, 0xff, 0xff, 0xff, 0xff, 0xff, 0xff,
    0xff, 0xff, 0xff, 0xff, 0xff, 0xff, 0xff, 0xff, 0xff, 0xff, 0xff, 0xff,
    0xff, 0xff, 0xff, 0xff, 0xff, 0xff, 0xff, 0xff, 0xff, 0xff, 0xff, 0xff,
    0xff, 0xff, 0xff, 0xff, 0xff, 0xff, 0xff, 0xff, 0xff, 0xff, 0xff, 0xff,
    0xff, 0xff, 0xff, 0xff, 0xff, 0xff, 0xff, 0xff, 0xff, 0xff, 0xff, 0xff,
    0xff, 0xff, 0xff, 0xff, 0xff, 0xff, 0xff, 0xff, 0xff, 0xff, 0xff, 0xff,
    0xff, 0xff, 0xff, 0xff, 0xff, 0xff, 0xff, 0xff, 0xff, 0xff, 0xff, 0xff,
    0xff, 0xff, 0xff, 0xff, 0xff, 0xff, 0xff, 0xff, 0xff, 0xff, 0xff, 0xff,
    0xff, 0xff, 0xff, 0xff, 0xff, 0xff, 0xff, 0xff, 0xff, 0xff, 0xff, 0xff,
    0xff, 0xff, 0xff, 0xff, 0xff, 0xff, 0xff, 0xff, 0xff, 0xff, 0xff, 0xff,
    0xff, 0xff, 0xff, 0xff, 0xff, 0xff, 0xff, 0xff, 0xff, 0xff, 0xff, 0xff,
    0xff, 0xff, 0xff, 0xff, 0xff, 0xff, 0xff, 0xff, 0xff, 0xff, 0xff, 0xff,
    0xff, 0xff, 0xff, 0xff, 0xdf, 0xff, 0xdf, 0xff, 0xdf, 0xff, 0xff, 0xff,
    0xdf, 0xff, 0xdf, 0xff, 0xff, 0xff, 0xdf, 0xff, 0xdf, 0xff, 0xff, 0xff,
    0xdf, 0xff, 0xdf, 0xff, 0xff, 0xff, 0xdf, 0xff, 0xdf, 0xff, 0xdf, 0xff,
    0xdf, 0xff, 0xdf, 0xff, 0xdf, 0xff, 0xdf, 0xff, 0xdf, 0xff, 0xdf, 0xff,
    0xdf, 0xff, 0xdf, 0xff, 0xdf, 0xff, 0xdf, 0xff, 0xdf, 0xff, 0xdf, 0xff,
    0xdf, 0xff, 0xdf, 0xff, 0xdf, 0xff, 0xdf, 0xff, 0xdf, 0xff, 0xdf, 0xff,
    0xdf, 0xff, 0xdf, 0xff, 0xdf, 0xff, 0xdf, 0xff, 0xdf, 0xff, 0xdf, 0xff,
    0xdf, 0xf7, 0xdf, 0xff, 0xdf, 0xff, 0xdf, 0xf7, 0xdf, 0xff, 0xdf, 0xff,
    0xdf, 0xf7, 0xdf, 0xff, 0xdf, 0xff, 0xdf, 0xf7, 0xdf, 0xff, 0xdf, 0xff,
    0xdf, 0xf7, 0xdf, 0xff, 0xdf, 0xff, 0xdf, 0xf7, 0xdf, 0xff, 0xdf, 0xff,
    0xdf, 0xf7, 0xdf, 0xff, 0xdf, 0xf7, 0xdf, 0xf7, 0xdf, 0xff, 0xdf, 0xf7,
    0xdf, 0xf7, 0xdf, 0xff, 0xdf, 0xf7, 0xdf, 0xf7, 0xdf, 0xff, 0xdf, 0xf7,
    0xdf, 0xf7, 0xdf, 0xff, 0xdf, 0xf7, 0xdf, 0xf7, 0xdf, 0xff, 0xdf, 0xf7,
    0xdf, 0xf7, 0xdf, 0xff, 0xdf, 0xf7, 0xff, 0xff, 0xff, 0xff, 0xff, 0xff,
    0xff, 0xff, 0xff, 0xff, 0xff, 0xff, 0xff, 0xff, 0xff, 0xff, 0xff, 0xff,
    0xff, 0xff, 0xff, 0xff, 0xff, 0xff, 0xff, 0xff, 0xff, 0xff, 0xff, 0xff,
    0xff, 0xff, 0xff, 0xff, 0xff, 0xff, 0xff, 0xff, 0xff, 0xff, 0xff, 0xff,
    0xff, 0xff, 0xff, 0xff, 0xff, 0xff, 0xff, 0xff, 0xff, 0xff, 0xff, 0xff,
    0xff, 0xff, 0xff, 0xff, 0xff, 0xff, 0xff, 0xff, 0xff, 0xff, 0xff, 0xff,
    0xff, 0xff, 0xff, 0xff, 0xff, 0xff, 0xff, 0xff, 0xff, 0xff, 0xff, 0xff,
    0xff, 0xff, 0xff, 0xff, 0xff, 0xff, 0xff, 0xff, 0xff, 0xff, 0xff, 0xff,
    0xff, 0xff, 0xff, 0xff, 0xff, 0xff, 0xff, 0xff, 0xff, 0xff, 0xff, 0xff,
    0xff, 0xff, 0xff, 0xff, 0xff, 0xff, 0xff, 0xff, 0xff, 0xff, 0xff, 0xff,
    0xff, 0xff, 0xff, 0xff, 0xff, 0xff, 0xff, 0xff, 0xff, 0xff, 0xff, 0xff,
    0xff, 0xff, 0xff, 0xff, 0xff, 0xff, 0xff, 0xff, 0xff, 0xff, 0xff, 0xff,
    0xff, 0xff, 0xff, 0xff, 0xdf, 0xff, 0xff, 0xff, 0xdf, 0xff, 0xff, 0xff,
    0xdf, 0xff, 0xff, 0xff, 0xdf, 0xff, 0xff, 0xff, 0xdf, 0xff, 0xff, 0xff,
    0xdf, 0xff, 0xff, 0xff, 0xdf, 0xff, 0xff, 0xff, 0xdf, 0xff, 0xff, 0xff,
    0xff, 0xff, 0xdf, 0xff, 0xff, 0xff, 0xdf, 0xff, 0xff, 0xff, 0xff, 0xff,
    0xdf, 0xff, 0xff, 0xff, 0xdf, 0xff, 0xff, 0xff, 0xdf, 0xff, 0xff, 0xff,
    0xff, 0xff, 0xdf, 0xff, 0xdf, 0xff, 0xdf, 0xff, 0xdf, 0xff, 0xdf, 0xff,
    0xdf, 0xff, 0xdf, 0xff, 0xdf, 0xff, 0xdf, 0xff, 0xdf, 0xff, 0xdf, 0xff,
    0xdf, 0xff, 0xdf, 0xf7, 0xdf, 0xff, 0xdf, 0xff, 0xdf, 0xf7, 0xdf, 0xff,
    0xdf, 0xff, 0xdf, 0xf7, 0xdf, 0xff, 0xdf, 0xff, 0xdf, 0xf7, 0xdf, 0xff,
    0xdf, 0xff, 0xdf, 0xf7, 0xdf, 0xff, 0xdf, 0xff, 0xdf, 0xf7, 0xdf, 0xff,
    0xdf, 0xff, 0xdf, 0xf7, 0xdf, 0xff, 0xdf, 0xff, 0xdf, 0xf7, 0xdf, 0xff,
    0xdf, 0xff, 0xdf, 0xf7, 0xdf, 0xff, 0xdf, 0xff, 0xdf, 0xf7, 0xdf, 0xff,
    0xbf, 0xff, 0xdf, 0xf7, 0xbf, 0xff, 0xdf, 0xff, 0xbf, 0xf7, 0xdf, 0xff,
    0xbf, 0xff, 0xdf, 0xf7, 0xbf, 0xff, 0xdf, 0xff, 0xbf, 0xf7, 0xdf, 0xff,
    0xbf, 0xff, 0xdf, 0xf7, 0xbf, 0xff, 0xdf, 0xff, 0xbf, 0xf7, 0xdf, 0xff,
    0xbf, 0xff, 0xdf, 0xf7, 0xbf, 0xff, 0xdf, 0xff, 0xbf, 0xf7, 0xdf, 0xff,
    0xff, 0xff, 0xff, 0xff, 0xff, 0xff, 0xff, 0xff, 0xff, 0xff, 0xff, 0xff,
    0xff, 0xff, 0xff, 0xff, 0xff, 0xff, 0xff, 0xff, 0xff, 0xff, 0xff, 0xff,
    0xff, 0xff, 0xff, 0xff, 0xff, 0xff, 0xff, 0xff, 0xff, 0xff, 0xff, 0xff,
    0xff, 0xff, 0xff, 0xff, 0xff, 0xff, 0xff, 0xff, 0xff, 0xff, 0xff, 0xff,
    0xff, 0xff, 0xff, 0xff, 0xff, 0xff, 0xff, 0xff, 0xff, 0xff, 0xff, 0xff,
    0xff, 0xff, 0xff, 0xff, 0xff, 0xff, 0xff, 0xff, 0xff, 0xff, 0xff, 0xff,
    0xff, 0xff, 0xff, 0xff, 0xff, 0xff, 0xff, 0xff, 0xff, 0xff, 0xff, 0xff,
    0xff, 0xff, 0xff, 0xff, 0xff, 0xff, 0xff, 0xff, 0xff, 0xff, 0xff, 0xff,
    0xff, 0xff, 0xff, 0xff, 0xff, 0xff, 0xff, 0xff, 0xff, 0xff, 0xff, 0xff,
    0xff, 0xff, 0xff, 0xff, 0xff, 0xff, 0xff, 0xff, 0xff, 0xff, 0xff, 0xff,
    0xff, 0xff, 0xff, 0xff, 0xff, 0xff, 0xff, 0xff, 0xff, 0xff, 0xff, 0xff,
    0xff, 0xff, 0xff, 0xff, 0xff, 0xff, 0xff, 0xff, 0xff, 0xff, 0xff, 0xff,
    0xff, 0xff, 0xff, 0xff, 0xdf, 0xff, 0xff, 0xff, 0xff, 0xff, 0xff, 0xff,
    0xdf, 0xff, 0xff, 0xff, 0xff, 0xff, 0xff, 0xff, 0xdf, 0xff, 0xff, 0xff,
    0xdf, 0xff, 0xdf, 0xff, 0xff, 0xff, 0xdf, 0xff, 0xff, 0xff, 0xdf, 0xff,
    0xff, 0xff, 0xdf, 0xff, 0xdf, 0xff, 0xff, 0xff, 0xdf, 0xff, 0xff, 0xff,
    0xdf, 0xff, 0xff, 0xff, 0xdf, 0xff, 0xdf, 0xff, 0xdf, 0xff, 0xff, 0xff,
    0xdf, 0xff, 0xff, 0xff, 0xdf, 0xff, 0xff, 0xff, 0xdf, 0xff, 0xff, 0xff,
    0xdf, 0xff, 0xff, 0xff, 0xdf, 0xff, 0xff, 0xf7, 0xdf, 0xff, 0xff, 0xff,
    0xdf, 0xf7, 0xff, 0xff, 0xdf, 0xff, 0xdf, 0xf7, 0xdf, 0xff, 0xdf, 0xff,
    0xdf, 0xf7, 0xdf, 0xff, 0xdf, 0xff, 0xdf, 0xf7, 0xdf, 0xf7, 0xdf, 0xff,
    0xdf, 0xff, 0xdf, 0xf7, 0xdf, 0xff, 0xdf, 0xff, 0xdf, 0xf7, 0xdf, 0xff,
    0xdf, 0xff, 0xdf, 0xf7, 0xdf, 0xff, 0xdf, 0xff, 0xdf, 0xf7, 0xdf, 0xff,
    0xdf, 0xff, 0xdf, 0xf7, 0xdf, 0xff, 0xdf, 0xff, 0xdf, 0xf7, 0xdf, 0xff,
    0xbf, 0xf7, 0xdf, 0xf7, 0xdf, 0xff, 0xdf, 0xf7, 0xbf, 0xf7, 0xdf, 0xff,
    0xdf, 0xf7, 0xdf, 0xf7, 0xbf, 0xff, 0xdf, 0xf7, 0xdf, 0xf7, 0xdf, 0xff,
    0xbf, 0xf7, 0xdf, 0xf7, 0xdf, 0xff, 0xdf, 0xf7, 0xbf, 0xf7, 0xdf, 0xff,
    0xdf, 0xf7, 0xdf, 0xf7, 0xbf, 0xff, 0xff, 0xff, 0xff, 0xff, 0xff, 0xff,
    0xff, 0xff, 0xff, 0xff, 0xff, 0xff, 0xff, 0xff, 0xff, 0xff, 0xff, 0xff,
    0xff, 0xff, 0xff, 0xff, 0xff, 0xff, 0xff, 0xff, 0xff, 0xff, 0xff, 0xff,
    0xff, 0xff, 0xff, 0xff, 0xff, 0xff, 0xff, 0xff, 0xff, 0xff, 0xff, 0xff,
    0xff, 0xff, 0xff, 0xff, 0xff, 0xff, 0xff, 0xff, 0xff, 0xff, 0xff, 0xff,
    0xff, 0xff, 0xff, 0xff, 0xff, 0xff, 0xff, 0xff, 0xff, 0xff, 0xff, 0xff,
    0xff, 0xff, 0xff, 0xff, 0xff, 0xff, 0xff, 0xff, 0xff, 0xff, 0xff, 0xff,
    0xff, 0xff, 0xff, 0xff, 0xff, 0xff, 0xff, 0xff, 0xff, 0xff, 0xff, 0xff,
    0xff, 0xff, 0xff, 0xff, 0xff, 0xff, 0xff, 0xff, 0xff, 0xff, 0xff, 0xff,
    0xff, 0xff, 0xff, 0xff, 0xff, 0xff, 0xff, 0xff, 0xff, 0xff, 0xff, 0xff,
    0xff, 0xff, 0xff, 0xff, 0xff, 0xff, 0xff, 0xff, 0xff, 0xff, 0xff, 0xff,
    0xff, 0xff, 0xff, 0xff, 0xff, 0xff, 0xff, 0xff, 0xff, 0xff, 0xff, 0xff,
    0xdf, 0xff, 0xff, 0xff, 0xff, 0xff, 0xdf, 0xff, 0xff, 0xff, 0xff, 0xff,
    0xff, 0xff, 0xff, 0xff, 0xff, 0xff, 0xff, 0xff, 0xff, 0xff, 0xff, 0xff,
    0xff, 0xff, 0xff, 0xff, 0xff, 0xff, 0xdf, 0xff, 0xff, 0xff, 0xdf, 0xff,
    0xdf, 0xff, 0xff, 0xff, 0xff, 0xff, 0xdf, 0xff, 0xff, 0xff, 0xdf, 0xff,
    0xff, 0xff, 0xff, 0xff, 0xdf, 0xff, 0xff, 0xff, 0xdf, 0xff, 0xdf, 0xff,
    0xdf, 0xff, 0xdf, 0xff, 0xdf, 0xff, 0xdf, 0xf7, 0xdf, 0xff, 0xff, 0xff,
    0xdf, 0xf7, 0xdf, 0xff, 0xdf, 0xff, 0xff, 0xf7, 0xdf, 0xff, 0xdf, 0xff,
    0xdf, 0xff, 0xff, 0xff, 0xdf, 0xff, 0xdf, 0xff, 0xdf, 0xff, 0xdf, 0xff,
    0xdf, 0xff, 0xdf, 0xff, 0xdf, 0xff, 0xdf, 0xff, 0xdf, 0xff, 0xdf, 0xff,
    0xdf, 0xf7, 0xdf, 0xff, 0xdf, 0xff, 0xdf, 0xf7, 0xdf, 0xff, 0xdf, 0xf7,
    0xdf, 0xff, 0xdf, 0xf7, 0xdf, 0xff, 0xdf, 0xf7, 0xdf, 0xff, 0xdf, 0xf7,
    0xdf, 0xff, 0xdf, 0xf7, 0xdf, 0xff, 0xdf, 0xf7, 0xdf, 0xff, 0xbf, 0xf7,
    0xdf, 0xff, 0xdf, 0xff, 0xdf, 0xf7, 0xdf, 0xff, 0xdf, 0xff, 0xdf, 0xf7,
    0xdf, 0xff, 0xdf, 0xff, 0xdf, 0xf7, 0xdf, 0xff, 0xdf, 0xff, 0xdf, 0xf7,
    0xdf, 0xff, 0xdf, 0xff, 0xdf, 0xf7, 0xdf, 0xff, 0xdf, 0xff, 0xdf, 0xf7,
    0xdf, 0xff, 0xdf, 0xff, 0xdf, 0xf7, 0xdf, 0xff, 0xdf, 0xff, 0xdf, 0xf7,
    0xff, 0xff, 0xff, 0xff, 0xff, 0xff, 0xff, 0xff, 0xff, 0xff, 0xff, 0xff,
    0xff, 0xff, 0xff, 0xff, 0xff, 0xff, 0xff, 0xff, 0xff, 0xff, 0xff, 0xff,
    0xff, 0xff, 0xff, 0xff, 0xff, 0xff, 0xff, 0xff, 0xff, 0xff, 0xff, 0xff,
    0xff, 0xff, 0xff, 0xff, 0xff, 0xff, 0xff, 0xff, 0xff, 0xff, 0xff, 0xff,
    0xff, 0xff, 0xff, 0xff, 0xff, 0xff, 0xff, 0xff, 0xff, 0xff, 0xff, 0xff,
    0xff, 0xff, 0xff, 0xff, 0xff, 0xff, 0xff, 0xff, 0xff, 0xff, 0xff, 0xff,
    0xff, 0xff, 0xff, 0xff, 0xff, 0xff, 0xff, 0xff, 0xff, 0xff, 0xff, 0xff,
    0xff, 0xff, 0xff, 0xff, 0xff, 0xff, 0xff, 0xff, 0xff, 0xff, 0xff, 0xff,
    0xff, 0xff, 0xff, 0xff, 0xff, 0xff, 0xff, 0xff, 0xff, 0xff, 0xff, 0xff,
    0xff, 0xff, 0xff, 0xff, 0xff, 0xff, 0xff, 0xff, 0xff, 0xff, 0xff, 0xff,
    0xff, 0xff, 0xff, 0xff, 0xff, 0xff, 0xff, 0xff, 0xff, 0xff, 0xff, 0xff,
    0xff, 0xff, 0xff, 0xff, 0xff, 0xff, 0xdf, 0xff, 0xff, 0xff, 0xff, 0xff,
    0xdf, 0xff, 0xff, 0xff, 0xff, 0xff, 0xdf, 0xff, 0xff, 0xff, 0xdf, 0xff,
    0xff, 0xff, 0xdf, 0xff, 0xdf, 0xff, 0xff, 0xff, 0xff, 0xff, 0xdf, 0xff,
    0xff, 0xff, 0xff, 0xff, 0xdf, 0xff, 0xff, 0xff, 0xdf, 0xff, 0xdf, 0xff,
    0xff, 0xff, 0xff, 0xff, 0xdf, 0xff, 0xdf, 0xff, 0xff, 0xff, 0xdf, 0xff,
    0xff, 0xff, 0xff, 0xff, 0xdf, 0xff, 0xff, 0xff, 0xdf, 0xff, 0xdf, 0xff,
    0xff, 0xff, 0xdf, 0xff, 0xdf, 0xff, 0xdf, 0xff, 0xdf, 0xff, 0xdf, 0xff,
    0xdf, 0xff, 0xdf, 0xf7, 0xdf, 0xff, 0xdf, 0xf7, 0xdf, 0xff, 0xdf, 0xf7,
    0xdf, 0xff, 0xdf, 0xf7, 0xdf, 0xff, 0xdf, 0xf7, 0xdf, 0xf7, 0xdf, 0xff,
    0xdf, 0xf7, 0xdf, 0xff, 0xdf, 0xff, 0xdf, 0xf7, 0xdf, 0xff, 0xdf, 0xff,
    0xdf, 0xf7, 0xdf, 0xff, 0xdf, 0xff, 0xdf, 0xf7, 0xdf, 0xff, 0xdf, 0xff,
    0xdf, 0xf7, 0xdf, 0xff, 0xdf, 0xff, 0xdf, 0xf7, 0xdf, 0xff, 0xdf, 0xff,
    0xdf, 0xf7, 0xdf, 0xff, 0xdf, 0xff, 0xbf, 0xf7, 0xdf, 0xff, 0xbf, 0xf7,
    0xdf, 0xf7, 0xbf, 0xff, 0xbf, 0xf7, 0xdf, 0xf7, 0xdf, 0xff, 0xbf, 0xf7,
    0xbf, 0xff, 0xdf, 0xf7, 0xdf, 0xf7, 0xbf, 0xff, 0xbf, 0xf7, 0xdf, 0xf7,
    0xdf, 0xff, 0xbf, 0xf7, 0xbf, 0xf7, 0xdf, 0xff, 0xdf, 0xf7, 0xbf, 0xf7,
    0xbf, 0xff, 0xdf, 0xf7, 0xdf, 0xf7, 0xff, 0xff, 0xff, 0xff, 0xff, 0xff,
    0xff, 0xff, 0xff, 0xff, 0xff, 0xff, 0xff, 0xff, 0xff, 0xff, 0xff, 0xff,
    0xff, 0xff, 0xff, 0xff, 0xff, 0xff, 0xff, 0xff, 0xff, 0xff, 0xff, 0xff,
    0xff, 0xff, 0xff, 0xff, 0xff, 0xff, 0xff, 0xff, 0xff, 0xff, 0xff, 0xff,
    0xff, 0xff, 0xff, 0xff, 0xff, 0xff, 0xff, 0xff, 0xff, 0xff, 0xff, 0xff,
    0xff, 0xff, 0xff, 0xff, 0xff, 0xff, 0xff, 0xff, 0xff, 0xff, 0xff, 0xff,
    0xff, 0xff, 0xff, 0xff, 0xff, 0xff, 0xff, 0xff, 0xff, 0xff, 0xff, 0xff,
    0xff, 0xff, 0xff, 0xff, 0xff, 0xff, 0xff, 0xff, 0xff, 0xff, 0xff, 0xff,
    0xff, 0xff, 0xff, 0xff, 0xff, 0xff, 0xff, 0xff, 0xff, 0xff, 0xff, 0xff,
    0xff, 0xff, 0xff, 0xff, 0xff, 0xff, 0xff, 0xff, 0xff, 0xff, 0xff, 0xff,
    0xff, 0xff, 0xff, 0xff, 0xff, 0xff, 0xff, 0xff, 0xff, 0xff, 0xff, 0xff,
    0xff, 0xff, 0xff, 0xff, 0xff, 0xff, 0xff, 0xff, 0xff, 0xff, 0xff, 0xff,
    0xff, 0xff, 0xff, 0xff, 0xff, 0xff, 0xff, 0xff, 0xff, 0xff, 0xff, 0xff,
    0xff, 0xff, 0xdf, 0xff, 0xff, 0xff, 0xff, 0xff, 0xff, 0xff, 0xff, 0xff,
    0xff, 0xff, 0xdf, 0xff, 0xdf, 0xff, 0xff, 0xff, 0xdf, 0xff, 0xff, 0xff,
    0xff, 0xff, 0xdf, 0xff, 0xdf, 0xff, 0xff, 0xff, 0xdf, 0xff, 0xff, 0xff,
    0xdf, 0xff, 0xdf, 0xff, 0xff, 0xff, 0xdf, 0xff, 0xdf, 0xff, 0xdf, 0xff,
    0xdf, 0xf7, 0xff, 0xff, 0xdf, 0xff, 0xdf, 0xff, 0xff, 0xff, 0xdf, 0xff,
    0xdf, 0xff, 0xff, 0xff, 0xff, 0xff, 0xdf, 0xf7, 0xff, 0xff, 0xdf, 0xff,
    0xff, 0xff, 0xdf, 0xff, 0xdf, 0xff, 0xdf, 0xf7, 0xdf, 0xff, 0xdf, 0xff,
    0xdf, 0xff, 0xdf, 0xff, 0xdf, 0xff, 0xdf, 0xff, 0xdf, 0xf7, 0xdf, 0xff,
    0xdf, 0xff, 0xdf, 0xf7, 0xdf, 0xff, 0xdf, 0xff, 0xdf, 0xf7, 0xdf, 0xff,
    0xdf, 0xff, 0xdf, 0xf7, 0xdf, 0xff, 0xdf, 0xff, 0xdf, 0xf7, 0xdf, 0xff,
    0xdf, 0xff, 0xdf, 0xf7, 0xdf, 0xff, 0xbf, 0xff, 0xdf, 0xf7, 0xdf, 0xff,
    0xdf, 0xf7, 0xdf, 0xf7, 0xdf, 0xff, 0xdf, 0xf7, 0xdf, 0xff, 0xdf, 0xff,
    0xdf, 0xf7, 0xdf, 0xf7, 0xdf, 0xff, 0xdf, 0xf7, 0xbf, 0xff, 0xdf, 0xff,
    0xdf, 0xf7, 0xdf, 0xff, 0xdf, 0xff, 0xbf, 0xf7, 0xdf, 0xff, 0xdf, 0xff,
    0xdf, 0xf7, 0xdf, 0xff, 0xdf, 0xff, 0xdf, 0xf7, 0xbf, 0xff, 0xdf, 0xff,
    0xff, 0xff, 0xff, 0xff, 0xff, 0xff, 0xff, 0xff, 0xff, 0xff, 0xff, 0xff,
    0xff, 0xff, 0xff, 0xff, 0xff, 0xff, 0xff, 0xff, 0xff, 0xff, 0xff, 0xff,
    0xff, 0xff, 0xff, 0xff, 0xff, 0xff, 0xff, 0xff, 0xff, 0xff, 0xff, 0xff,
    0xff, 0xff, 0xff, 0xff, 0xff, 0xff, 0xff, 0xff, 0xff, 0xff, 0xff, 0xff,
    0xff, 0xff, 0xff, 0xff, 0xff, 0xff, 0xff, 0xff, 0xff, 0xff, 0xff, 0xff,
    0xff, 0xff, 0xff, 0xff, 0xff, 0xff, 0xff, 0xff, 0xff, 0xff, 0xff, 0xff,
    0xff, 0xff, 0xff, 0xff, 0xff, 0xff, 0xff, 0xff, 0xff, 0xff, 0xff, 0xff,
    0xff, 0xff, 0xff, 0xff, 0xff, 0xff, 0xff, 0xff, 0xff, 0xff, 0xff, 0xff,
    0xff, 0xff, 0xff, 0xff, 0xff, 0xff, 0xff, 0xff, 0xff, 0xff, 0xff, 0xff,
    0xff, 0xff, 0xff, 0xff, 0xff, 0xff, 0xff, 0xff, 0xff, 0xff, 0xff, 0xff,
    0xff, 0xff, 0xff, 0xff, 0xff, 0xff, 0xff, 0xff, 0xff, 0xff, 0xff, 0xff,
    0xff, 0xff, 0xdf, 0xff, 0xff, 0xff, 0xdf, 0xff, 0xff, 0xff, 0xdf, 0xff,
    0xff, 0xff, 0xdf, 0xff, 0xff, 0xff, 0xff, 0xff, 0xff, 0xff, 0xff, 0xff,
    0xff, 0xff, 0xff, 0xff, 0xff, 0xff, 0xdf, 0xff, 0xdf, 0xff, 0xff, 0xff,
    0xdf, 0xff, 0xdf, 0xff, 0xff, 0xff, 0xdf, 0xff, 0xff, 0xff, 0xff, 0xff,
    0xdf, 0xff, 0xff, 0xff, 0xff, 0xff, 0xdf, 0xff, 0xff, 0xff, 0xff, 0xff,
    0xdf, 0xff, 0xdf, 0xff, 0xdf, 0xff, 0xdf, 0xff, 0xdf, 0xff, 0xdf, 0xff,
    0xdf, 0xf7, 0xdf, 0xff, 0xff, 0xff, 0xdf, 0xf7, 0xdf, 0xff, 0xdf, 0xff,
    0xdf, 0xff, 0xdf, 0xff, 0xdf, 0xf7, 0xff, 0xff, 0xdf, 0xff, 0xdf, 0xff,
    0xdf, 0xff, 0xdf, 0xff, 0xdf, 0xff, 0xdf, 0xff, 0xdf, 0xf7, 0xdf, 0xff,
    0xdf, 0xff, 0xdf, 0xf7, 0xdf, 0xff, 0xdf, 0xff, 0xdf, 0xf7, 0xdf, 0xff,
    0xdf, 0xf7, 0xdf, 0xff, 0xdf, 0xf7, 0xdf, 0xff, 0xdf, 0xf7, 0xdf, 0xff,
    0xdf, 0xff, 0xdf, 0xf7, 0xdf, 0xff, 0xdf, 0xff, 0xdf, 0xf7, 0xdf, 0xff,
    0xdf, 0xff, 0xbf, 0xf7, 0xdf, 0xff, 0xdf, 0xff, 0xbf, 0xf7, 0xdf, 0xff,
    0xdf, 0xff, 0xbf, 0xf7, 0xdf, 0xff, 0xbf, 0xff, 0xdf, 0xf7, 0xdf, 0xff,
    0xdf, 0xf7, 0xdf, 0xff, 0xdf, 0xf7, 0xdf, 0xf7, 0xdf, 0xff, 0xbf, 0xf7,
    0xdf, 0xf7, 0xdf, 0xff, 0xdf, 0xf7, 0xbf, 0xf7, 0xdf, 0xff, 0xdf, 0xf7,
    0xdf, 0xf7, 0xdf, 0xff, 0xdf, 0xf7, 0xff, 0xff, 0xff, 0xff, 0xff, 0xff,
    0xff, 0xff, 0xff, 0xff, 0xff, 0xff, 0xff, 0xff, 0xff, 0xff, 0xff, 0xff,
    0xff, 0xff, 0xff, 0xff, 0xff, 0xff, 0xff, 0xff, 0xff, 0xff, 0xff, 0xff,
    0xff, 0xff, 0xff, 0xff, 0xff, 0xff, 0xff, 0xff, 0xff, 0xff, 0xff, 0xff,
    0xff, 0xff, 0xff, 0xff, 0xff, 0xff, 0xff, 0xff, 0xff, 0xff, 0xff, 0xff,
    0xff, 0xff, 0xff, 0xff, 0xff, 0xff, 0xff, 0xff, 0xff, 0xff, 0xff, 0xff,
    0xff, 0xff, 0xff, 0xff, 0xff, 0xff, 0xff, 0xff, 0xff, 0xff, 0xff, 0xff,
    0xff, 0xff, 0xff, 0xff, 0xff, 0xff, 0xff, 0xff, 0xff, 0xff, 0xff, 0xff,
    0xff, 0xff, 0xff, 0xff, 0xff, 0xff, 0xff, 0xff, 0xff, 0xff, 0xff, 0xff,
    0xff, 0xff, 0xff, 0xff, 0xff, 0xff, 0xff, 0xff, 0xff, 0xff, 0xff, 0xff,
    0xff, 0xff, 0xff, 0xff, 0xff, 0xff, 0xff, 0xff, 0xff, 0xff, 0xff, 0xff,
    0xff, 0xff, 0xff, 0xff, 0xff, 0xff, 0xff, 0xff, 0xff, 0xff, 0xdf, 0xff,
    0xff, 0xff, 0xff, 0xff, 0xff, 0xff, 0xdf, 0xff, 0xff, 0xff, 0xff, 0xff,
    0xdf, 0xff, 0xff, 0xff, 0xdf, 0xff, 0xdf, 0xff, 0xff, 0xff, 0xff, 0xff,
    0xdf, 0xff, 0xff, 0xff, 0xff, 0xff, 0xdf, 0xff, 0xff, 0xff, 0xdf, 0xff,
    0xdf, 0xff, 0xff, 0xff, 0xdf, 0xff, 0xdf, 0xff, 0xff, 0xff, 0xdf, 0xff,
    0xdf, 0xff, 0xff, 0xff, 0xdf, 0xff, 0xdf, 0xff, 0xff, 0xff, 0xdf, 0xff,
    0xff, 0xff, 0xdf, 0xff, 0xff, 0xff, 0xdf, 0xff, 0xdf, 0xff, 0xdf, 0xff,
    0xdf, 0xff, 0xdf, 0xff, 0xdf, 0xf7, 0xff, 0xff, 0xdf, 0xff, 0xdf, 0xf7,
    0xdf, 0xff, 0xdf, 0xf7, 0xdf, 0xf7, 0xdf, 0xff, 0xdf, 0xf7, 0xdf, 0xff,
    0xdf, 0xff, 0xdf, 0xf7, 0xdf, 0xff, 0xdf, 0xff, 0xdf, 0xf7, 0xdf, 0xff,
    0xdf, 0xf7, 0xdf, 0xff, 0xdf, 0xff, 0xdf, 0xf7, 0xdf, 0xff, 0xdf, 0xff,
    0xdf, 0xf7, 0xdf, 0xff, 0xdf, 0xf7, 0xdf, 0xff, 0xdf, 0xf7, 0xdf, 0xff,
    0xdf, 0xf7, 0xdf, 0xff, 0xdf, 0xf7, 0xdf, 0xff, 0xbf, 0xff, 0xdf, 0xf7,
    0xdf, 0xf7, 0xbf, 0xff, 0xdf, 0xf7, 0xdf, 0xf7, 0xbf, 0xf7, 0xdf, 0xff,
    0xdf, 0xf7, 0xbf, 0xff, 0xbf, 0xf7, 0xdf, 0xff, 0xbf, 0xf7, 0xbf, 0xff,
    0xdf, 0xff, 0xdf, 0xf7, 0xdf, 0xff, 0xdf, 0xff, 0xdf, 0xf7, 0xbf, 0xff,
    0xdf, 0xff, 0xbf, 0xf7, 0xbf, 0xff, 0xdf, 0xff, 0xdf, 0xf7, 0xbf, 0xf7,
    0xff, 0xff, 0xff, 0xff, 0xff, 0xff, 0xff, 0xff, 0xff, 0xff, 0xff, 0xff,
    0xff, 0xff, 0xff, 0xff, 0xff, 0xff, 0xff, 0xff, 0xff, 0xff, 0xff, 0xff,
    0xff, 0xff, 0xff, 0xff, 0xff, 0xff, 0xff, 0xff, 0xff, 0xff, 0xff, 0xff,
    0xff, 0xff, 0xff, 0xff, 0xff, 0xff, 0xff, 0xff, 0xff, 0xff, 0xff, 0xff,
    0xff, 0xff, 0xff, 0xff, 0xff, 0xff, 0xff, 0xff, 0xff, 0xff, 0xff, 0xff,
    0xff, 0xff, 0xff, 0xff, 0xff, 0xff, 0xff, 0xff, 0xff, 0xff, 0xff, 0xff,
    0xff, 0xff, 0xff, 0xff, 0xff, 0xff, 0xff, 0xff, 0xff, 0xff, 0xff, 0xff,
    0xff, 0xff, 0xff, 0xff, 0xff, 0xff, 0xff, 0xff, 0xff, 0xff, 0xff, 0xff,
    0xff, 0xff, 0xff, 0xff, 0xff, 0xff, 0xff, 0xff, 0xff, 0xff, 0xff, 0xff,
    0xff, 0xff, 0xff, 0xff, 0xff, 0xff, 0xff, 0xff, 0xff, 0xff, 0xff, 0xff,
    0xff, 0xff, 0xff, 0xff, 0xff, 0xff, 0xff, 0xff, 0xff, 0xff, 0xdf, 0xff,
    0xff, 0xff, 0xff, 0xff, 0xff, 0xff, 0xff, 0xff, 0xff, 0xff, 0xff, 0xff,
    0xff, 0xff, 0xff, 0xff, 0xff, 0xff, 0xff, 0xff, 0xff, 0xff, 0xff, 0xff,
    0xff, 0xff, 0xff, 0xff, 0xdf, 0xff, 0xdf, 0xff, 0xff, 0xff, 0xdf, 0xff,
    0xff, 0xff, 0xff, 0xff, 0xdf, 0xff, 0xff, 0xff, 0xff, 0xff, 0xdf, 0xff,
    0xff, 0xff, 0xff, 0xff, 0xdf, 0xff, 0xff, 0xff, 0xdf, 0xff, 0xdf, 0xff,
    0xdf, 0xff, 0xdf, 0xf7, 0xdf, 0xff, 0xdf, 0xff, 0xff, 0xf7, 0xdf, 0xff,
    0xdf, 0xff, 0xff, 0xff, 0xdf, 0xf7, 0xff, 0xff, 0xdf, 0xff, 0xff, 0xf7,
    0xdf, 0xff, 0xdf, 0xff, 0xff, 0xff, 0xdf, 0xff, 0xdf, 0xff, 0xdf, 0xff,
    0xdf, 0xff, 0xdf, 0xff, 0xdf, 0xf7, 0xdf, 0xff, 0xdf, 0xff, 0xdf, 0xff,
    0xdf, 0xf7, 0xdf, 0xff, 0xdf, 0xff, 0xdf, 0xf7, 0xdf, 0xff, 0xdf, 0xff,
    0xdf, 0xf7, 0xdf, 0xff, 0xdf, 0xff, 0xdf, 0xff, 0xdf, 0xf7, 0xdf, 0xff,
    0xdf, 0xff, 0xdf, 0xff, 0xdf, 0xf7, 0xdf, 0xff, 0xbf, 0xff, 0xdf, 0xf7,
    0xdf, 0xf7, 0xdf, 0xff, 0xdf, 0xf7, 0xdf, 0xff, 0xdf, 0xff, 0xdf, 0xf7,
    0xdf, 0xff, 0xdf, 0xff, 0xdf, 0xf7, 0xdf, 0xf7, 0xdf, 0xff, 0xdf, 0xff,
    0xdf, 0xf7, 0xdf, 0xf7, 0xdf, 0xff, 0xbf, 0xf7, 0xdf, 0xf7, 0xbf, 0xff,
    0xdf, 0xf7, 0xdf, 0xf7, 0xdf, 0xff, 0xdf, 0xf7, 0xdf, 0xf7, 0xdf, 0xff,
    0xdf, 0xff, 0xbf, 0xf7, 0xdf, 0xff, 0xff, 0xff, 0xff, 0xff, 0xff, 0xff,
    0xff, 0xff, 0xff, 0xff, 0xff, 0xff, 0xff, 0xff, 0xff, 0xff, 0xff, 0xff,
    0xff, 0xff, 0xff, 0xff, 0xff, 0xff, 0xff, 0xff, 0xff, 0xff, 0xff, 0xff,
    0xff, 0xff, 0xff, 0xff, 0xff, 0xff, 0xff, 0xff, 0xff, 0xff, 0xff, 0xff,
    0xff, 0xff, 0xff, 0xff, 0xff, 0xff, 0xff, 0xff, 0xff, 0xff, 0xff, 0xff,
    0xff, 0xff, 0xff, 0xff, 0xff, 0xff, 0xff, 0xff, 0xff, 0xff, 0xff, 0xff,
    0xff, 0xff, 0xff, 0xff, 0xff, 0xff, 0xff, 0xff, 0xff, 0xff, 0xff, 0xff,
    0xff, 0xff, 0xff, 0xff, 0xff, 0xff, 0xff, 0xff, 0xff, 0xff, 0xff, 0xff,
    0xff, 0xff, 0xff, 0xff, 0xff, 0xff, 0xff, 0xff, 0xff, 0xff, 0xff, 0xff,
    0xff, 0xff, 0xff, 0xff, 0xff, 0xff, 0xff, 0xff, 0xff, 0xff, 0xff, 0xff,
    0xff, 0xff, 0xff, 0xff, 0xff, 0xff, 0xff, 0xff, 0xff, 0xff, 0xff, 0xff,
    0xff, 0xff, 0xff, 0xff, 0xff, 0xff, 0xdf, 0xff, 0xff, 0xff, 0xff, 0xff,
    0xdf, 0xff, 0xdf, 0xff, 0xff, 0xff, 0xff, 0xff, 0xdf, 0xff, 0xdf, 0xff,
    0xff, 0xff, 0xff, 0xff, 0xdf, 0xff, 0xff, 0xff, 0xdf, 0xff, 0xdf, 0xff,
    0xff, 0xff, 0xdf, 0xff, 0xdf, 0xff, 0xff, 0xff, 0xdf, 0xff, 0xdf, 0xff,
    0xff, 0xff, 0xdf, 0xff, 0xdf, 0xff, 0xff, 0xff, 0xdf, 0xff, 0xff, 0xff,
    0xff, 0xff, 0xdf, 0xff, 0xdf, 0xff, 0xff, 0xff, 0xdf, 0xff, 0xdf, 0xff,
    0xdf, 0xff, 0xdf, 0xff, 0xdf, 0xff, 0xdf, 0xff, 0xdf, 0xff, 0xff, 0xff,
    0xdf, 0xf7, 0xdf, 0xff, 0xdf, 0xff, 0xdf, 0xff, 0xdf, 0xf7, 0xff, 0xff,
    0xdf, 0xff, 0xdf, 0xff, 0xdf, 0xff, 0xdf, 0xff, 0xdf, 0xff, 0xdf, 0xff,
    0xdf, 0xf7, 0xdf, 0xff, 0xdf, 0xf7, 0xdf, 0xff, 0xdf, 0xff, 0xdf, 0xf7,
    0xdf, 0xff, 0xdf, 0xf7, 0xdf, 0xff, 0xdf, 0xff, 0xdf, 0xf7, 0xdf, 0xf7,
    0xdf, 0xff, 0xdf, 0xff, 0xdf, 0xf7, 0xdf, 0xff, 0xdf, 0xf7, 0xdf, 0xff,
    0xdf, 0xff, 0xdf, 0xf7, 0xbf, 0xff, 0xdf, 0xff, 0xbf, 0xf7, 0xbf, 0xff,
    0xdf, 0xf7, 0xbf, 0xf7, 0xbf, 0xff, 0xdf, 0xff, 0xdf, 0xf7, 0xbf, 0xff,
    0xdf, 0xf7, 0xdf, 0xf7, 0xdf, 0xff, 0xbf, 0xf7, 0xdf, 0xff, 0xdf, 0xff,
    0xdf, 0xf7, 0xdf, 0xff, 0xbf, 0xff, 0xdf, 0xf7, 0xdf, 0xff, 0xbf, 0xff,
    0xdf, 0xf7, 0xdf, 0xff, 0xdf, 0xf7, 0xdf, 0xf7, 0xdf, 0xff, 0xdf, 0xf7,
    0xff, 0xff, 0xff, 0xff, 0xff, 0xff, 0xff, 0xff, 0xff, 0xff, 0xff, 0xff,
    0xff, 0xff, 0xff, 0xff, 0xff, 0xff, 0xff, 0xff, 0xff, 0xff, 0xff, 0xff,
    0xff, 0xff, 0xff, 0xff, 0xff, 0xff, 0xff, 0xff, 0xff, 0xff, 0xff, 0xff,
    0xff, 0xff, 0xff, 0xff, 0xff, 0xff, 0xff, 0xff, 0xff, 0xff, 0xff, 0xff,
    0xff, 0xff, 0xff, 0xff, 0xff, 0xff, 0xff, 0xff, 0xff, 0xff, 0xff, 0xff,
    0xff, 0xff, 0xff, 0xff, 0xff, 0xff, 0xff, 0xff, 0xff, 0xff, 0xff, 0xff,
    0xff, 0xff, 0xff, 0xff, 0xff, 0xff, 0xff, 0xff, 0xff, 0xff, 0xff, 0xff,
    0xff, 0xff, 0xff, 0xff, 0xff, 0xff, 0xff, 0xff, 0xff, 0xff, 0xff, 0xff,
    0xff, 0xff, 0xff, 0xff, 0xff, 0xff, 0xff, 0xff, 0xff, 0xff, 0xff, 0xff,
    0xff, 0xff, 0xff, 0xff, 0xff, 0xff, 0xff, 0xff, 0xff, 0xff, 0xff, 0xff,
    0xff, 0xff, 0xff, 0xff, 0xff, 0xff, 0xff, 0xff, 0xff, 0xff, 0xff, 0xff,
    0xff, 0xff, 0xdf, 0xff, 0xff, 0xff, 0xff, 0xff, 0xff, 0xff, 0xff, 0xff,
    0xff, 0xff, 0xff, 0xff, 0xff, 0xff, 0xff, 0xff, 0xdf, 0xff, 0xff, 0xff,
    0xdf, 0xff, 0xff, 0xff, 0xff, 0xff, 0xdf, 0xff, 0xff, 0xff, 0xff, 0xff,
    0xdf, 0xff, 0xff, 0xff, 0xff, 0xff, 0xdf, 0xff, 0xff, 0xff, 0xff, 0xff,
    0xdf, 0xff, 0xdf, 0xff, 0xff, 0xff, 0xdf, 0xff, 0xdf, 0xff, 0xdf, 0xff,
    0xdf, 0xff, 0xff, 0xff, 0xdf, 0xff, 0xff, 0xff, 0xdf, 0xff, 0xff, 0xf7,
    0xdf, 0xff, 0xdf, 0xff, 0xdf, 0xff, 0xdf, 0xff, 0xff, 0xff, 0xdf, 0xff,
    0xdf, 0xf7, 0xff, 0xff, 0xdf, 0xff, 0xdf, 0xf7, 0xdf, 0xf7, 0xdf, 0xff,
    0xdf, 0xf7, 0xdf, 0xff, 0xdf, 0xff, 0xdf, 0xff, 0xdf, 0xf7, 0xdf, 0xff,
    0xdf, 0xff, 0xdf, 0xf7, 0xdf, 0xff, 0xdf, 0xff, 0xdf, 0xf7, 0xdf, 0xff,
    0xdf, 0xff, 0xdf, 0xf7, 0xdf, 0xff, 0xdf, 0xff, 0xdf, 0xf7, 0xdf, 0xff,
    0xdf, 0xf7, 0xdf, 0xff, 0xdf, 0xff, 0xdf, 0xf7, 0xbf, 0xff, 0xdf, 0xff,
    0xdf, 0xf7, 0xdf, 0xff, 0xdf, 0xff, 0xdf, 0xf7, 0xdf, 0xf7, 0xdf, 0xff,
    0xdf, 0xf7, 0xbf, 0xf7, 0xdf, 0xff, 0xdf, 0xff, 0xbf, 0xf7, 0xdf, 0xff,
    0xdf, 0xf7, 0xbf, 0xff, 0xdf, 0xf7, 0xdf, 0xf7, 0xdf, 0xff, 0xdf, 0xf7,
    0xdf, 0xf7, 0xbf, 0xff, 0xdf, 0xf7, 0xdf, 0xff, 0xbf, 0xff, 0xbf, 0xf7,
    0xdf, 0xff, 0xdf, 0xff, 0xbf, 0xf7, 0xff, 0xff, 0xff, 0xff, 0xff, 0xff,
    0xff, 0xff, 0xff, 0xff, 0xff, 0xff, 0xff, 0xff, 0xff, 0xff, 0xff, 0xff,
    0xff, 0xff, 0xff, 0xff, 0xff, 0xff, 0xff, 0xff, 0xff, 0xff, 0xff, 0xff,
    0xff, 0xff, 0xff, 0xff, 0xff, 0xff, 0xff, 0xff, 0xff, 0xff, 0xff, 0xff,
    0xff, 0xff, 0xff, 0xff, 0xff, 0xff, 0xff, 0xff, 0xff, 0xff, 0xff, 0xff,
    0xff, 0xff, 0xff, 0xff, 0xff, 0xff, 0xff, 0xff, 0xff, 0xff, 0xff, 0xff,
    0xff, 0xff, 0xff, 0xff, 0xff, 0xff, 0xff, 0xff, 0xff, 0xff, 0xff, 0xff,
    0xff, 0xff, 0xff, 0xff, 0xff, 0xff, 0xff, 0xff, 0xff, 0xff, 0xff, 0xff,
    0xff, 0xff, 0xff, 0xff, 0xff, 0xff, 0xff, 0xff, 0xff, 0xff, 0xff, 0xff,
    0xff, 0xff, 0xff, 0xff, 0xff, 0xff, 0xff, 0xff, 0xff, 0xff, 0xff, 0xff,
    0xff, 0xff, 0xff, 0xff, 0xff, 0xff, 0xff, 0xff, 0xff, 0xff, 0xff, 0xff,
    0xdf, 0xff, 0xff, 0xff, 0xff, 0xff, 0xdf, 0xff, 0xff, 0xff, 0xff, 0xff,
    0xff, 0xff, 0xdf, 0xff, 0xff, 0xff, 0xdf, 0xff, 0xff, 0xff, 0xff, 0xff,
    0xdf, 0xff, 0xff, 0xff, 0xff, 0xff, 0xdf, 0xff, 0xff, 0xff, 0xdf, 0xff,
    0xdf, 0xff, 0xff, 0xff, 0xdf, 0xff, 0xdf, 0xff, 0xff, 0xff, 0xdf, 0xff,
    0xdf, 0xff, 0xff, 0xff, 0xff, 0xff, 0xdf, 0xff, 0xff, 0xff, 0xdf, 0xff,
    0xdf, 0xff, 0xdf, 0xff, 0xdf, 0xf7, 0xdf, 0xff, 0xdf, 0xff, 0xff, 0xf7,
    0xdf, 0xff, 0xdf, 0xff, 0xdf, 0xff, 0xff, 0xff, 0xdf, 0xff, 0xdf, 0xf7,
    0xff, 0xff, 0xdf, 0xff, 0xdf, 0xf7, 0xdf, 0xff, 0xdf, 0xff, 0xdf, 0xff,
    0xdf, 0xff, 0xdf, 0xff, 0xdf, 0xff, 0xdf, 0xf7, 0xdf, 0xff, 0xdf, 0xff,
    0xdf, 0xff, 0xdf, 0xf7, 0xdf, 0xff, 0xdf, 0xff, 0xdf, 0xf7, 0xdf, 0xff,
    0xdf, 0xff, 0xdf, 0xf7, 0xdf, 0xff, 0xdf, 0xf7, 0xdf, 0xff, 0xdf, 0xff,
    0xdf, 0xf7, 0xdf, 0xff, 0xdf, 0xff, 0xdf, 0xf7, 0xdf, 0xff, 0xbf, 0xf7,
    0xdf, 0xff, 0xdf, 0xff, 0xdf, 0xf7, 0xdf, 0xf7, 0xdf, 0xff, 0xdf, 0xf7,
    0xbf, 0xff, 0xdf, 0xff, 0xdf, 0xf7, 0xdf, 0xff, 0xdf, 0xf7, 0xdf, 0xff,
    0xbf, 0xf7, 0xdf, 0xff, 0xdf, 0xf7, 0xdf, 0xff, 0xdf, 0xf7, 0xbf, 0xff,
    0xdf, 0xff, 0xbf, 0xf7, 0xdf, 0xff, 0xdf, 0xff, 0xdf, 0xf7, 0xdf, 0xf7,
    0xdf, 0xff, 0xdf, 0xf7, 0xdf, 0xf7, 0xbf, 0xff, 0xdf, 0xf7, 0xdf, 0xff,
    0xff, 0xff, 0xff, 0xff, 0xff, 0xff, 0xff, 0xff, 0xff, 0xff, 0xff, 0xff,
    0xff, 0xff, 0xff, 0xff, 0xff, 0xff, 0xff, 0xff, 0xff, 0xff, 0xff, 0xff,
    0xff, 0xff, 0xff, 0xff, 0xff, 0xff, 0xff, 0xff, 0xff, 0xff, 0xff, 0xff,
    0xff, 0xff, 0xff, 0xff, 0xff, 0xff, 0xff, 0xff, 0xff, 0xff, 0xff, 0xff,
    0xff, 0xff, 0xff, 0xff, 0xff, 0xff, 0xff, 0xff, 0xff, 0xff, 0xff, 0xff,
    0xff, 0xff, 0xff, 0xff, 0xff, 0xff, 0xff, 0xff, 0xff, 0xff, 0xff, 0xff,
    0xff, 0xff, 0xff, 0xff, 0xff, 0xff, 0xff, 0xff, 0xff, 0xff, 0xff, 0xff,
    0xff, 0xff, 0xff, 0xff, 0xff, 0xff, 0xff, 0xff, 0xff, 0xff, 0xff, 0xff,
    0xff, 0xff, 0xff, 0xff, 0xff, 0xff, 0xff, 0xff, 0xff, 0xff, 0xff, 0xff,
    0xff, 0xff, 0xff, 0xff, 0xff, 0xff, 0xff, 0xff, 0xff, 0xff, 0xff, 0xff,
    0xff, 0xff, 0xff, 0xff, 0xff, 0xff, 0xff, 0xff, 0xdf, 0xff, 0xff, 0xff,
    0xff, 0xff, 0xff, 0xff, 0xff, 0xff, 0xdf, 0xff, 0xff, 0xff, 0xff, 0xff,
    0xdf, 0xff, 0xff, 0xff, 0xff, 0xff, 0xff, 0xff, 0xff, 0xff, 0xdf, 0xff,
    0xdf, 0xff, 0xff, 0xff, 0xff, 0xff, 0xdf, 0xff, 0xff, 0xff, 0xff, 0xff,
    0xdf, 0xff, 0xff, 0xff, 0xdf, 0xff, 0xff, 0xff, 0xdf, 0xff, 0xdf, 0xff,
    0xff, 0xff, 0xff, 0xff, 0xdf, 0xff, 0xdf, 0xff, 0xff, 0xff, 0xff, 0xff,
    0xdf, 0xff, 0xdf, 0xff, 0xdf, 0xff, 0xdf, 0xff, 0xdf, 0xff, 0xdf, 0xff,
    0xff, 0xff, 0xdf, 0xf7, 0xdf, 0xff, 0xdf, 0xff, 0xdf, 0xf7, 0xff, 0xff,
    0xdf, 0xff, 0xdf, 0xf7, 0xdf, 0xff, 0xdf, 0xff, 0xdf, 0xff, 0xdf, 0xff,
    0xdf, 0xff, 0xdf, 0xf7, 0xdf, 0xff, 0xdf, 0xf7, 0xdf, 0xff, 0xdf, 0xf7,
    0xdf, 0xff, 0xdf, 0xf7, 0xdf, 0xff, 0xdf, 0xf7, 0xdf, 0xff, 0xdf, 0xff,
    0xdf, 0xf7, 0xdf, 0xff, 0xdf, 0xff, 0xdf, 0xf7, 0xdf, 0xff, 0xdf, 0xff,
    0xdf, 0xf7, 0xdf, 0xff, 0xdf, 0xff, 0xbf, 0xf7, 0xdf, 0xff, 0xbf, 0xf7,
    0xbf, 0xff, 0xdf, 0xf7, 0xdf, 0xf7, 0xbf, 0xff, 0xdf, 0xf7, 0xbf, 0xff,
    0xbf, 0xff, 0xdf, 0xf7, 0xdf, 0xf7, 0xdf, 0xff, 0xdf, 0xf7, 0xbf, 0xff,
    0xdf, 0xf7, 0xdf, 0xff, 0xdf, 0xf7, 0xdf, 0xff, 0xbf, 0xf7, 0xdf, 0xf7,
    0xdf, 0xff, 0xbf, 0xff, 0xbf, 0xf7, 0xdf, 0xff, 0xdf, 0xf7, 0xdf, 0xff,
    0xdf, 0xf7, 0xdf, 0xf7, 0xdf, 0xff, 0xff, 0xff, 0xff, 0xff, 0xff, 0xff,
    0xff, 0xff, 0xff, 0xff, 0xff, 0xff, 0xff, 0xff, 0xff, 0xff, 0xff, 0xff,
    0xff, 0xff, 0xff, 0xff, 0xff, 0xff, 0xff, 0xff, 0xff, 0xff, 0xff, 0xff,
    0xff, 0xff, 0xff, 0xff, 0xff, 0xff, 0xff, 0xff, 0xff, 0xff, 0xff, 0xff,
    0xff, 0xff, 0xff, 0xff, 0xff, 0xff, 0xff, 0xff, 0xff, 0xff, 0xff, 0xff,
    0xff, 0xff, 0xff, 0xff, 0xff, 0xff, 0xff, 0xff, 0xff, 0xff, 0xff, 0xff,
    0xff, 0xff, 0xff, 0xff, 0xff, 0xff, 0xff, 0xff, 0xff, 0xff, 0xff, 0xff,
    0xff, 0xff, 0xff, 0xff, 0xff, 0xff, 0xff, 0xff, 0xff, 0xff, 0xff, 0xff,
    0xff, 0xff, 0xff, 0xff, 0xff, 0xff, 0xff, 0xff, 0xff, 0xff, 0xff, 0xff,
    0xff, 0xff, 0xff, 0xff, 0xff, 0xff, 0xff, 0xff, 0xff, 0xff, 0xff, 0xff,
    0xff, 0xff, 0xff, 0xff, 0xff, 0xff, 0xff, 0xff, 0xff, 0xff, 0xff, 0xff,
    0xff, 0xff, 0xff, 0xff, 0xdf, 0xff, 0xff, 0xff, 0xff, 0xff, 0xdf, 0xff,
    0xff, 0xff, 0xff, 0xff, 0xff, 0xff, 0xff, 0xff, 0xff, 0xff, 0xdf, 0xff,
    0xff, 0xff, 0xdf, 0xff, 0xff, 0xff, 0xdf, 0xff, 0xff, 0xff, 0xdf, 0xff,
    0xdf, 0xff, 0xff, 0xff, 0xdf, 0xff, 0xff, 0xff, 0xdf, 0xff, 0xff, 0xff,
    0xff, 0xff, 0xdf, 0xff, 0xdf, 0xff, 0xff, 0xff, 0xdf, 0xff, 0xdf, 0xff,
    0xdf, 0xf7, 0xdf, 0xff, 0xdf, 0xff, 0xff, 0xff, 0xdf, 0xff, 0xdf, 0xff,
    0xff, 0xf7, 0xdf, 0xff, 0xdf, 0xff, 0xdf, 0xf7, 0xff, 0xff, 0xdf, 0xff,
    0xdf, 0xff, 0xff, 0xff, 0xdf, 0xff, 0xdf, 0xff, 0xdf, 0xf7, 0xdf, 0xff,
    0xdf, 0xf7, 0xdf, 0xf7, 0xdf, 0xff, 0xdf, 0xff, 0xdf, 0xff, 0xdf, 0xf7,
    0xdf, 0xff, 0xdf, 0xff, 0xdf, 0xf7, 0xdf, 0xff, 0xdf, 0xff, 0xdf, 0xf7,
    0xdf, 0xff, 0xdf, 0xff, 0xdf, 0xf7, 0xdf, 0xff, 0xdf, 0xf7, 0xdf, 0xff,
    0xdf, 0xf7, 0xdf, 0xff, 0xdf, 0xff, 0xdf, 0xf7, 0xbf, 0xff, 0xdf, 0xff,
    0xdf, 0xf7, 0xdf, 0xf7, 0xdf, 0xff, 0xdf, 0xff, 0xdf, 0xf7, 0xdf, 0xff,
    0xdf, 0xf7, 0xdf, 0xf7, 0xdf, 0xff, 0xdf, 0xf7, 0xdf, 0xff, 0xbf, 0xff,
    0xdf, 0xf7, 0xdf, 0xff, 0xbf, 0xf7, 0xdf, 0xff, 0xdf, 0xf7, 0xbf, 0xf7,
    0xdf, 0xff, 0xdf, 0xff, 0xdf, 0xf7, 0xdf, 0xf7, 0xdf, 0xff, 0xdf, 0xf7,
    0xbf, 0xff, 0xdf, 0xff, 0xbf, 0xf7, 0xdf, 0xff, 0xbf, 0xff, 0xdf, 0xf7,
    0xff, 0xff, 0xff, 0xff, 0xff, 0xff, 0xff, 0xff, 0xff, 0xff, 0xff, 0xff,
    0xff, 0xff, 0xff, 0xff, 0xff, 0xff, 0xff, 0xff, 0xff, 0xff, 0xff, 0xff,
    0xff, 0xff, 0xff, 0xff, 0xff, 0xff, 0xff, 0xff, 0xff, 0xff, 0xff, 0xff,
    0xff, 0xff, 0xff, 0xff, 0xff, 0xff, 0xff, 0xff, 0xff, 0xff, 0xff, 0xff,
    0xff, 0xff, 0xff, 0xff, 0xff, 0xff, 0xff, 0xff, 0xff, 0xff, 0xff, 0xff,
    0xff, 0xff, 0xff, 0xff, 0xff, 0xff, 0xff, 0xff, 0xff, 0xff, 0xff, 0xff,
    0xff, 0xff, 0xff, 0xff, 0xff, 0xff, 0xff, 0xff, 0xff, 0xff, 0xff, 0xff,
    0xff, 0xff, 0xff, 0xff, 0xff, 0xff, 0xff, 0xff, 0xff, 0xff, 0xff, 0xff,
    0xff, 0xff, 0xff, 0xff, 0xff, 0xff, 0xff, 0xff, 0xff, 0xff, 0xff, 0xff,
    0xff, 0xff, 0xff, 0xff, 0xff, 0xff, 0xff, 0xff, 0xff, 0xff, 0xff, 0xff,
    0xff, 0xff, 0xdf, 0xff, 0xdf, 0xff, 0xff, 0xff, 0xff, 0xff, 0xff, 0xff,
    0xdf, 0xff, 0xff, 0xff, 0xff, 0xff, 0xff, 0xff, 0xdf, 0xff, 0xff, 0xff,
    0xff, 0xff, 0xdf, 0xff, 0xff, 0xff, 0xff, 0xff, 0xdf, 0xff, 0xff, 0xff,
    0xff, 0xff, 0xdf, 0xff, 0xff, 0xff, 0xff, 0xff, 0xdf, 0xff, 0xdf, 0xff,
    0xff, 0xff, 0xdf, 0xff, 0xdf, 0xff, 0xff, 0xff, 0xff, 0xff, 0xdf, 0xff,
    0xdf, 0xff, 0xdf, 0xff, 0xdf, 0xff, 0xff, 0xff, 0xdf, 0xff, 0xdf, 0xff,
    0xdf, 0xf7, 0xff, 0xff, 0xdf, 0xff, 0xdf, 0xff, 0xff, 0xff, 0xdf, 0xf7,
    0xdf, 0xff, 0xdf, 0xff, 0xff, 0xf7, 0xdf, 0xff, 0xdf, 0xf7, 0xdf, 0xff,
    0xdf, 0xff, 0xdf, 0xff, 0xdf, 0xff, 0xdf, 0xff, 0xdf, 0xff, 0xdf, 0xf7,
    0xdf, 0xff, 0xdf, 0xf7, 0xdf, 0xff, 0xdf, 0xff, 0xdf, 0xf7, 0xdf, 0xff,
    0xdf, 0xff, 0xdf, 0xf7, 0xdf, 0xff, 0xdf, 0xff, 0xdf, 0xf7, 0xdf, 0xff,
    0xdf, 0xff, 0xdf, 0xf7, 0xdf, 0xff, 0xdf, 0xff, 0xdf, 0xf7, 0xdf, 0xff,
    0xdf, 0xf7, 0xbf, 0xff, 0xdf, 0xff, 0xdf, 0xf7, 0xbf, 0xff, 0xdf, 0xf7,
    0xdf, 0xf7, 0xbf, 0xff, 0xdf, 0xff, 0xdf, 0xf7, 0xbf, 0xff, 0xdf, 0xf7,
    0xdf, 0xf7, 0xdf, 0xff, 0xbf, 0xf7, 0xdf, 0xff, 0xdf, 0xf7, 0xdf, 0xff,
    0xdf, 0xff, 0xbf, 0xf7, 0xdf, 0xff, 0xdf, 0xf7, 0xbf, 0xff, 0xdf, 0xff,
    0xbf, 0xf7, 0xdf, 0xf7, 0xdf, 0xff, 0xdf, 0xf7, 0xdf, 0xf7, 0xdf, 0xff,
    0xbf, 0xf7, 0xdf, 0xff, 0xdf, 0xf7, 0xff, 0xff, 0xff, 0xff, 0xff, 0xff,
    0xff, 0xff, 0xff, 0xff, 0xff, 0xff, 0xff, 0xff, 0xff, 0xff, 0xff, 0xff,
    0xff, 0xff, 0xff, 0xff, 0xff, 0xff, 0xff, 0xff, 0xff, 0xff, 0xff, 0xff,
    0xff, 0xff, 0xff, 0xff, 0xff, 0xff, 0xff, 0xff, 0xff, 0xff, 0xff, 0xff,
    0xff, 0xff, 0xff, 0xff, 0xff, 0xff, 0xff, 0xff, 0xff, 0xff, 0xff, 0xff,
    0xff, 0xff, 0xff, 0xff, 0xff, 0xff, 0xff, 0xff, 0xff, 0xff, 0xff, 0xff,
    0xff, 0xff, 0xff, 0xff, 0xff, 0xff, 0xff, 0xff, 0xff, 0xff, 0xff, 0xff,
    0xff, 0xff, 0xff, 0xff, 0xff, 0xff, 0xff, 0xff, 0xff, 0xff, 0xff, 0xff,
    0xff, 0xff, 0xff, 0xff, 0xff, 0xff, 0xff, 0xff, 0xff, 0xff, 0xff, 0xff,
    0xff, 0xff, 0xff, 0xff, 0xff, 0xff, 0xff, 0xff, 0xff, 0xff, 0xff, 0xff,
    0xff, 0xff, 0xff, 0xff, 0xff, 0xff, 0xff, 0xff, 0xff, 0xff, 0xff, 0xff,
    0xdf, 0xff, 0xff, 0xff, 0xff, 0xff, 0xff, 0xff, 0xdf, 0xff, 0xff, 0xff,
    0xff, 0xff, 0xdf, 0xff, 0xff, 0xff, 0xff, 0xff, 0xff, 0xff, 0xff, 0xff,
    0xdf, 0xff, 0xdf, 0xff, 0xff, 0xff, 0xdf, 0xff, 0xdf, 0xff, 0xff, 0xff,
    0xff, 0xff, 0xdf, 0xff, 0xff, 0xff, 0xff, 0xff, 0xdf, 0xff, 0xff, 0xff,
    0xdf, 0xff, 0xff, 0xff, 0xff, 0xff, 0xdf, 0xff, 0xdf, 0xff, 0xdf, 0xff,
    0xff, 0xff, 0xdf, 0xff, 0xdf, 0xff, 0xdf, 0xff, 0xdf, 0xff, 0xdf, 0xff,
    0xdf, 0xff, 0xff, 0xff, 0xdf, 0xff, 0xdf, 0xff, 0xdf, 0xff, 0xdf, 0xff,
    0xff, 0xf7, 0xdf, 0xff, 0xdf, 0xff, 0xdf, 0xf7, 0xdf, 0xff, 0xdf, 0xff,
    0xdf, 0xff, 0xdf, 0xff, 0xdf, 0xff, 0xdf, 0xf7, 0xdf, 0xff, 0xdf, 0xff,
    0xdf, 0xf7, 0xdf, 0xff, 0xdf, 0xff, 0xdf, 0xf7, 0xdf, 0xff, 0xdf, 0xff,
    0xdf, 0xf7, 0xdf, 0xf7, 0xdf, 0xff, 0xdf, 0xff, 0xdf, 0xf7, 0xdf, 0xff,
    0xdf, 0xff, 0xdf, 0xf7, 0xdf, 0xff, 0xdf, 0xff, 0xdf, 0xf7, 0xdf, 0xff,
    0xdf, 0xf7, 0xbf, 0xff, 0xdf, 0xff, 0xdf, 0xf7, 0xbf, 0xff, 0xdf, 0xf7,
    0xdf, 0xff, 0xbf, 0xff, 0xdf, 0xf7, 0xdf, 0xff, 0xbf, 0xf7, 0xdf, 0xff,
    0xdf, 0xf7, 0xbf, 0xf7, 0xdf, 0xff, 0xdf, 0xf7, 0xdf, 0xff, 0xdf, 0xf7,
    0xdf, 0xf7, 0xdf, 0xff, 0xbf, 0xf7, 0xdf, 0xff, 0xdf, 0xff, 0xbf, 0xf7,
    0xdf, 0xff, 0xdf, 0xff, 0xdf, 0xf7, 0xdf, 0xf7, 0xdf, 0xff, 0xdf, 0xff,
    0xff, 0xff, 0xff, 0xff, 0xff, 0xff, 0xff, 0xff, 0xff, 0xff, 0xff, 0xff,
    0xff, 0xff, 0xff, 0xff, 0xff, 0xff, 0xff, 0xff, 0xff, 0xff, 0xff, 0xff,
    0xff, 0xff, 0xff, 0xff, 0xff, 0xff, 0xff, 0xff, 0xff, 0xff, 0xff, 0xff,
    0xff, 0xff, 0xff, 0xff, 0xff, 0xff, 0xff, 0xff, 0xff, 0xff, 0xff, 0xff,
    0xff, 0xff, 0xff, 0xff, 0xff, 0xff, 0xff, 0xff, 0xff, 0xff, 0xff, 0xff,
    0xff, 0xff, 0xff, 0xff, 0xff, 0xff, 0xff, 0xff, 0xff, 0xff, 0xff, 0xff,
    0xff, 0xff, 0xff, 0xff, 0xff, 0xff, 0xff, 0xff, 0xff, 0xff, 0xff, 0xff,
    0xff, 0xff, 0xff, 0xff, 0xff, 0xff, 0xff, 0xff, 0xff, 0xff, 0xff, 0xff,
    0xff, 0xff, 0xff, 0xff, 0xff, 0xff, 0xff, 0xff, 0xff, 0xff, 0xff, 0xff,
    0xff, 0xff, 0xff, 0xff, 0xff, 0xff, 0xff, 0xff, 0xff, 0xff, 0xff, 0xff,
    0xdf, 0xff, 0xff, 0xff, 0xff, 0xff, 0xff, 0xff, 0xdf, 0xff, 0xff, 0xff,
    0xff, 0xff, 0xff, 0xff, 0xff, 0xff, 0xff, 0xff, 0xff, 0xff, 0xdf, 0xff,
    0xff, 0xff, 0xff, 0xff, 0xdf, 0xff, 0xdf, 0xff, 0xff, 0xff, 0xdf, 0xff,
    0xff, 0xff, 0xdf, 0xff, 0xdf, 0xff, 0xdf, 0xff, 0xff, 0xff, 0xdf, 0xff,
    0xdf, 0xff, 0xff, 0xff, 0xff, 0xff, 0xdf, 0xff, 0xdf, 0xff, 0xdf, 0xff,
    0xdf, 0xff, 0xff, 0xf7, 0xdf, 0xff, 0xdf, 0xff, 0xdf, 0xf7, 0xff, 0xff,
    0xff, 0xff, 0xdf, 0xff, 0xdf, 0xf7, 0xff, 0xff, 0xdf, 0xf7, 0xdf, 0xff,
    0xff, 0xff, 0xdf, 0xf7, 0xdf, 0xff, 0xdf, 0xff, 0xdf, 0xff, 0xdf, 0xff,
    0xdf, 0xf7, 0xdf, 0xff, 0xdf, 0xf7, 0xdf, 0xf7, 0xdf, 0xff, 0xdf, 0xff,
    0xdf, 0xf7, 0xdf, 0xff, 0xdf, 0xf7, 0xdf, 0xff, 0xdf, 0xf7, 0xdf, 0xff,
    0xdf, 0xf7, 0xdf, 0xff, 0xdf, 0xff, 0xdf, 0xf7, 0xdf, 0xff, 0xdf, 0xff,
    0xdf, 0xf7, 0xdf, 0xff, 0xdf, 0xf7, 0xdf, 0xff, 0xbf, 0xff, 0xdf, 0xf7,
    0xbf, 0xff, 0xdf, 0xff, 0xdf, 0xf7, 0xbf, 0xf7, 0xdf, 0xff, 0xdf, 0xf7,
    0xdf, 0xf7, 0xdf, 0xff, 0xdf, 0xf7, 0xdf, 0xf7, 0xdf, 0xff, 0xdf, 0xff,
    0xbf, 0xf7, 0xdf, 0xff, 0xdf, 0xff, 0xdf, 0xf7, 0xbf, 0xff, 0xdf, 0xf7,
    0xdf, 0xff, 0xbf, 0xf7, 0xdf, 0xff, 0xdf, 0xff, 0xdf, 0xf7, 0xdf, 0xf7,
    0xdf, 0xff, 0xdf, 0xf7, 0xbf, 0xf7, 0xdf, 0xff, 0xbf, 0xff, 0xbf, 0xf7,
    0xdf, 0xff, 0xbf, 0xf7, 0xdf, 0xf7, 0xff, 0xff, 0xff, 0xff, 0xff, 0xff,
    0xff, 0xff, 0xff, 0xff, 0xff, 0xff, 0xff, 0xff, 0xff, 0xff, 0xff, 0xff,
    0xff, 0xff, 0xff, 0xff, 0xff, 0xff, 0xff, 0xff, 0xff, 0xff, 0xff, 0xff,
    0xff, 0xff, 0xff, 0xff, 0xff, 0xff, 0xff, 0xff, 0xff, 0xff, 0xff, 0xff,
    0xff, 0xff, 0xff, 0xff, 0xff, 0xff, 0xff, 0xff, 0xff, 0xff, 0xff, 0xff,
    0xff, 0xff, 0xff, 0xff, 0xff, 0xff, 0xff, 0xff, 0xff, 0xff, 0xff, 0xff,
    0xff, 0xff, 0xff, 0xff, 0xff, 0xff, 0xff, 0xff, 0xff, 0xff, 0xff, 0xff,
    0xff, 0xff, 0xff, 0xff, 0xff, 0xff, 0xff, 0xff, 0xff, 0xff, 0xff, 0xff,
    0xff, 0xff, 0xff, 0xff, 0xff, 0xff, 0xff, 0xff, 0xff, 0xff, 0xff, 0xff,
    0xff, 0xff, 0xff, 0xff, 0xff, 0xff, 0xff, 0xff, 0xff, 0xff, 0xff, 0xff,
    0xff, 0xff, 0xff, 0xff, 0xff, 0xff, 0xdf, 0xff, 0xff, 0xff, 0xff, 0xff,
    0xff, 0xff, 0xff, 0xff, 0xdf, 0xff, 0xff, 0xff, 0xff, 0xff, 0xdf, 0xff,
    0xff, 0xff, 0xff, 0xff, 0xff, 0xff, 0xdf, 0xff, 0xdf, 0xff, 0xff, 0xff,
    0xff, 0xff, 0xdf, 0xff, 0xff, 0xff, 0xff, 0xff, 0xff, 0xff, 0xdf, 0xff,
    0xff, 0xff, 0xff, 0xff, 0xdf, 0xff, 0xdf, 0xff, 0xff, 0xff, 0xdf, 0xff,
    0xff, 0xff, 0xdf, 0xff, 0xdf, 0xff, 0xdf, 0xff, 0xdf, 0xff, 0xff, 0xff,
    0xdf, 0xff, 0xdf, 0xff, 0xdf, 0xff, 0xdf, 0xff, 0xdf, 0xff, 0xff, 0xff,
    0xdf, 0xff, 0xdf, 0xff, 0xdf, 0xf7, 0xff, 0xff, 0xdf, 0xff, 0xdf, 0xf7,
    0xdf, 0xff, 0xdf, 0xff, 0xdf, 0xf7, 0xdf, 0xff, 0xdf, 0xff, 0xdf, 0xff,
    0xdf, 0xff, 0xdf, 0xf7, 0xdf, 0xff, 0xdf, 0xff, 0xdf, 0xf7, 0xdf, 0xff,
    0xdf, 0xff, 0xdf, 0xf7, 0xdf, 0xff, 0xdf, 0xff, 0xdf, 0xf7, 0xdf, 0xff,
    0xdf, 0xff, 0xdf, 0xf7, 0xdf, 0xff, 0xdf, 0xff, 0xdf, 0xf7, 0xdf, 0xff,
    0xdf, 0xf7, 0xdf, 0xff, 0xbf, 0xf7, 0xdf, 0xff, 0xdf, 0xf7, 0xbf, 0xf7,
    0xdf, 0xff, 0xdf, 0xff, 0xdf, 0xf7, 0xbf, 0xff, 0xdf, 0xff, 0xbf, 0xf7,
    0xbf, 0xf7, 0xdf, 0xff, 0xdf, 0xf7, 0xdf, 0xf7, 0xdf, 0xff, 0xdf, 0xf7,
    0xdf, 0xff, 0xdf, 0xf7, 0xdf, 0xff, 0xbf, 0xf7, 0xdf, 0xff, 0xbf, 0xf7,
    0xbf, 0xff, 0xdf, 0xf7, 0xdf, 0xff, 0xbf, 0xff, 0xdf, 0xf7, 0xdf, 0xff,
    0xdf, 0xf7, 0xdf, 0xf7, 0xdf, 0xff, 0xdf, 0xff, 0xdf, 0xf7, 0xbf, 0xff,
    0xff, 0xff, 0xff, 0xff, 0xff, 0xff, 0xff, 0xff, 0xff, 0xff, 0xff, 0xff,
    0xff, 0xff, 0xff, 0xff, 0xff, 0xff, 0xff, 0xff, 0xff, 0xff, 0xff, 0xff,
    0xff, 0xff, 0xff, 0xff, 0xff, 0xff, 0xff, 0xff, 0xff, 0xff, 0xff, 0xff,
    0xff, 0xff, 0xff, 0xff, 0xff, 0xff, 0xff, 0xff, 0xff, 0xff, 0xff, 0xff,
    0xff, 0xff, 0xff, 0xff, 0xff, 0xff, 0xff, 0xff, 0xff, 0xff, 0xff, 0xff,
    0xff, 0xff, 0xff, 0xff, 0xff, 0xff, 0xff, 0xff, 0xff, 0xff, 0xff, 0xff,
    0xff, 0xff, 0xff, 0xff, 0xff, 0xff, 0xff, 0xff, 0xff, 0xff, 0xff, 0xff,
    0xff, 0xff, 0xff, 0xff, 0xff, 0xff, 0xff, 0xff, 0xff, 0xff, 0xff, 0xff,
    0xff, 0xff, 0xff, 0xff, 0xff, 0xff, 0xff, 0xff, 0xff, 0xff, 0xff, 0xff,
    0xff, 0xff, 0xff, 0xff, 0xff, 0xff, 0xff, 0xff, 0xff, 0xff, 0xdf, 0xff,
    0xff, 0xff, 0xff, 0xff, 0xdf, 0xff, 0xff, 0xff, 0xff, 0xff, 0xff, 0xff,
    0xdf, 0xff, 0xff, 0xff, 0xff, 0xff, 0xdf, 0xff, 0xff, 0xff, 0xff, 0xff,
    0xff, 0xff, 0xdf, 0xff, 0xff, 0xff, 0xdf, 0xff, 0xdf, 0xff, 0xff, 0xff,
    0xdf, 0xff, 0xdf, 0xff, 0xff, 0xff, 0xdf, 0xff, 0xff, 0xff, 0xff, 0xff,
    0xff, 0xff, 0xdf, 0xff, 0xff, 0xff, 0xdf, 0xff, 0xdf, 0xff, 0xff, 0xf7,
    0xdf, 0xff, 0xdf, 0xff, 0xdf, 0xff, 0xff, 0xff, 0xdf, 0xff, 0xdf, 0xf7,
    0xdf, 0xff, 0xdf, 0xff, 0xdf, 0xf7, 0xdf, 0xff, 0xdf, 0xff, 0xff, 0xff,
    0xdf, 0xff, 0xdf, 0xff, 0xdf, 0xff, 0xdf, 0xff, 0xdf, 0xff, 0xdf, 0xff,
    0xdf, 0xff, 0xdf, 0xff, 0xdf, 0xff, 0xdf, 0xff, 0xdf, 0xf7, 0xdf, 0xff,
    0xdf, 0xff, 0xdf, 0xf7, 0xdf, 0xff, 0xdf, 0xff, 0xdf, 0xf7, 0xdf, 0xff,
    0xdf, 0xff, 0xdf, 0xf7, 0xdf, 0xff, 0xdf, 0xf7, 0xdf, 0xff, 0xdf, 0xff,
    0xdf, 0xf7, 0xdf, 0xff, 0xdf, 0xff, 0xdf, 0xff, 0xdf, 0xf7, 0xdf, 0xff,
    0xdf, 0xf7, 0xdf, 0xff, 0xdf, 0xff, 0xdf, 0xf7, 0xdf, 0xf7, 0xbf, 0xff,
    0xdf, 0xf7, 0xdf, 0xff, 0xdf, 0xff, 0xdf, 0xf7, 0xbf, 0xff, 0xdf, 0xf7,
    0xdf, 0xff, 0xbf, 0xf7, 0xbf, 0xf7, 0xdf, 0xff, 0xdf, 0xff, 0xbf, 0xf7,
    0xdf, 0xff, 0xdf, 0xf7, 0xdf, 0xff, 0xdf, 0xf7, 0xdf, 0xff, 0xbf, 0xf7,
    0xdf, 0xf7, 0xdf, 0xff, 0xdf, 0xff, 0xbf, 0xf7, 0xdf, 0xf7, 0xdf, 0xff,
    0xdf, 0xf7, 0xdf, 0xf7, 0xdf, 0xff, 0xff, 0xff, 0xff, 0xff, 0xff, 0xff,
    0xff, 0xff, 0xff, 0xff, 0xff, 0xff, 0xff, 0xff, 0xff, 0xff, 0xff, 0xff,
    0xff, 0xff, 0xff, 0xff, 0xff, 0xff, 0xff, 0xff, 0xff, 0xff, 0xff, 0xff,
    0xff, 0xff, 0xff, 0xff, 0xff, 0xff, 0xff, 0xff, 0xff, 0xff, 0xff, 0xff,
    0xff, 0xff, 0xff, 0xff, 0xff, 0xff, 0xff, 0xff, 0xff, 0xff, 0xff, 0xff,
    0xff, 0xff, 0xff, 0xff, 0xff, 0xff, 0xff, 0xff, 0xff, 0xff, 0xff, 0xff,
    0xff, 0xff, 0xff, 0xff, 0xff, 0xff, 0xff, 0xff, 0xff, 0xff, 0xff, 0xff,
    0xff, 0xff, 0xff, 0xff, 0xff, 0xff, 0xff, 0xff, 0xff, 0xff, 0xff, 0xff,
    0xff, 0xff, 0xff, 0xff, 0xff, 0xff, 0xff, 0xff, 0xff, 0xff, 0xff, 0xff,
    0xff, 0xff, 0xff, 0xff, 0xff, 0xff, 0xff, 0xff, 0xff, 0xff, 0xff, 0xff,
    0xdf, 0xff, 0xff, 0xff, 0xff, 0xff, 0xff, 0xff, 0xff, 0xff, 0xdf, 0xff,
    0xff, 0xff, 0xff, 0xff, 0xdf, 0xff, 0xff, 0xff, 0xff, 0xff, 0xff, 0xff,
    0xff, 0xff, 0xdf, 0xff, 0xff, 0xff, 0xdf, 0xff, 0xff, 0xff, 0xdf, 0xff,
    0xff, 0xff, 0xff, 0xff, 0xdf, 0xff, 0xdf, 0xff, 0xff, 0xff, 0xdf, 0xff,
    0xdf, 0xff, 0xdf, 0xff, 0xff, 0xff, 0xdf, 0xff, 0xdf, 0xff, 0xff, 0xff,
    0xdf, 0xff, 0xdf, 0xff, 0xdf, 0xff, 0xff, 0xff, 0xdf, 0xff, 0xdf, 0xf7,
    0xdf, 0xff, 0xff, 0xff, 0xdf, 0xff, 0xff, 0xff, 0xff, 0xff, 0xdf, 0xf7,
    0xdf, 0xff, 0xff, 0xff, 0xdf, 0xf7, 0xdf, 0xff, 0xff, 0xf7, 0xdf, 0xff,
    0xdf, 0xf7, 0xdf, 0xff, 0xdf, 0xf7, 0xdf, 0xff, 0xdf, 0xf7, 0xdf, 0xff,
    0xdf, 0xf7, 0xdf, 0xff, 0xdf, 0xf7, 0xdf, 0xff, 0xdf, 0xf7, 0xdf, 0xff,
    0xdf, 0xff, 0xdf, 0xf7, 0xdf, 0xff, 0xdf, 0xf7, 0xdf, 0xff, 0xdf, 0xff,
    0xdf, 0xf7, 0xdf, 0xff, 0xdf, 0xf7, 0xdf, 0xff, 0xdf, 0xf7, 0xbf, 0xff,
    0xbf, 0xff, 0xdf, 0xf7, 0xdf, 0xff, 0xbf, 0xf7, 0xbf, 0xff, 0xdf, 0xf7,
    0xdf, 0xff, 0xbf, 0xf7, 0xdf, 0xff, 0xdf, 0xf7, 0xdf, 0xf7, 0xdf, 0xff,
    0xdf, 0xff, 0xdf, 0xf7, 0xbf, 0xff, 0xdf, 0xff, 0xdf, 0xf7, 0xdf, 0xff,
    0xdf, 0xf7, 0xbf, 0xf7, 0xdf, 0xff, 0xdf, 0xf7, 0xdf, 0xff, 0xdf, 0xf7,
    0xdf, 0xff, 0xbf, 0xf7, 0xdf, 0xff, 0xdf, 0xf7, 0xdf, 0xff, 0xbf, 0xf7,
    0xdf, 0xff, 0xdf, 0xff, 0xbf, 0xf7, 0xbf, 0xff, 0xdf, 0xf7, 0xdf, 0xf7,
    0xff, 0xff, 0xff, 0xff, 0xff, 0xff, 0xff, 0xff, 0xff, 0xff, 0xff, 0xff,
    0xff, 0xff, 0xff, 0xff, 0xff, 0xff, 0xff, 0xff, 0xff, 0xff, 0xff, 0xff,
    0xff, 0xff, 0xff, 0xff, 0xff, 0xff, 0xff, 0xff, 0xff, 0xff, 0xff, 0xff,
    0xff, 0xff, 0xff, 0xff, 0xff, 0xff, 0xff, 0xff, 0xff, 0xff, 0xff, 0xff,
    0xff, 0xff, 0xff, 0xff, 0xff, 0xff, 0xff, 0xff, 0xff, 0xff, 0xff, 0xff,
    0xff, 0xff, 0xff, 0xff, 0xff, 0xff, 0xff, 0xff, 0xff, 0xff, 0xff, 0xff,
    0xff, 0xff, 0xff, 0xff, 0xff, 0xff, 0xff, 0xff, 0xff, 0xff, 0xff, 0xff,
    0xff, 0xff, 0xff, 0xff, 0xff, 0xff, 0xff, 0xff, 0xff, 0xff, 0xff, 0xff,
    0xff, 0xff, 0xff, 0xff, 0xff, 0xff, 0xff, 0xff, 0xff, 0xff, 0xff, 0xff,
    0xff, 0xff, 0xff, 0xff, 0xff, 0xff, 0xff, 0xff, 0xdf, 0xff, 0xff, 0xff,
    0xff, 0xff, 0xff, 0xff, 0xff, 0xff, 0xff, 0xff, 0xff, 0xff, 0xff, 0xff,
    0xff, 0xff, 0xdf, 0xff, 0xff, 0xff, 0xff, 0xff, 0xff, 0xff, 0xdf, 0xff,
    0xdf, 0xff, 0xff, 0xff, 0xdf, 0xff, 0xdf, 0xff, 0xff, 0xff, 0xff, 0xff,
    0xdf, 0xff, 0xff, 0xff, 0xff, 0xff, 0xff, 0xff, 0xdf, 0xff, 0xff, 0xff,
    0xdf, 0xff, 0xff, 0xff, 0xdf, 0xff, 0xdf, 0xff, 0xdf, 0xff, 0xdf, 0xff,
    0xdf, 0xff, 0xff, 0xff, 0xdf, 0xff, 0xdf, 0xff, 0xdf, 0xff, 0xdf, 0xff,
    0xdf, 0xff, 0xdf, 0xf7, 0xff, 0xff, 0xdf, 0xff, 0xdf, 0xf7, 0xdf, 0xff,
    0xdf, 0xff, 0xdf, 0xff, 0xdf, 0xf7, 0xdf, 0xff, 0xdf, 0xff, 0xdf, 0xff,
    0xdf, 0xf7, 0xdf, 0xff, 0xdf, 0xf7, 0xdf, 0xff, 0xdf, 0xff, 0xdf, 0xf7,
    0xdf, 0xff, 0xdf, 0xff, 0xdf, 0xf7, 0xdf, 0xff, 0xdf, 0xff, 0xdf, 0xf7,
    0xdf, 0xff, 0xdf, 0xff, 0xdf, 0xf7, 0xdf, 0xff, 0xdf, 0xff, 0xdf, 0xf7,
    0xdf, 0xff, 0xdf, 0xff, 0xdf, 0xf7, 0xdf, 0xff, 0xbf, 0xff, 0xdf, 0xf7,
    0xdf, 0xff, 0xdf, 0xf7, 0xdf, 0xff, 0xbf, 0xf7, 0xdf, 0xff, 0xdf, 0xff,
    0xbf, 0xf7, 0xbf, 0xf7, 0xdf, 0xff, 0xdf, 0xf7, 0xbf, 0xf7, 0xdf, 0xff,
    0xdf, 0xf7, 0xdf, 0xff, 0xdf, 0xff, 0xbf, 0xf7, 0xdf, 0xff, 0xdf, 0xf7,
    0xbf, 0xff, 0xdf, 0xf7, 0xbf, 0xff, 0xdf, 0xf7, 0xdf, 0xff, 0xdf, 0xff,
    0xbf, 0xf7, 0xdf, 0xf7, 0xdf, 0xff, 0xdf, 0xf7, 0xdf, 0xff, 0xdf, 0xf7,
    0xdf, 0xff, 0xbf, 0xff, 0xdf, 0xf7, 0xff, 0xff, 0xff, 0xff, 0xff, 0xff,
    0xff, 0xff, 0xff, 0xff, 0xff, 0xff, 0xff, 0xff, 0xff, 0xff, 0xff, 0xff,
    0xff, 0xff, 0xff, 0xff, 0xff, 0xff, 0xff, 0xff, 0xff, 0xff, 0xff, 0xff,
    0xff, 0xff, 0xff, 0xff, 0xff, 0xff, 0xff, 0xff, 0xff, 0xff, 0xff, 0xff,
    0xff, 0xff, 0xff, 0xff, 0xff, 0xff, 0xff, 0xff, 0xff, 0xff, 0xff, 0xff,
    0xff, 0xff, 0xff, 0xff, 0xff, 0xff, 0xff, 0xff, 0xff, 0xff, 0xff, 0xff,
    0xff, 0xff, 0xff, 0xff, 0xff, 0xff, 0xff, 0xff, 0xff, 0xff, 0xff, 0xff,
    0xff, 0xff, 0xff, 0xff, 0xff, 0xff, 0xff, 0xff, 0xff, 0xff, 0xff, 0xff,
    0xff, 0xff, 0xff, 0xff, 0xff, 0xff, 0xff, 0xff, 0xff, 0xff, 0xff, 0xff,
    0xff, 0xff, 0xff, 0xff, 0xff, 0xff, 0xff, 0xff, 0xff, 0xff, 0xff, 0xff,
    0xff, 0xff, 0xff, 0xff, 0xdf, 0xff, 0xff, 0xff, 0xdf, 0xff, 0xff, 0xff,
    0xdf, 0xff, 0xdf, 0xff, 0xff, 0xff, 0xff, 0xff, 0xdf, 0xff, 0xff, 0xff,
    0xff, 0xff, 0xdf, 0xff, 0xdf, 0xff, 0xff, 0xff, 0xff, 0xff, 0xdf, 0xff,
    0xdf, 0xff, 0xff, 0xff, 0xdf, 0xff, 0xff, 0xff, 0xdf, 0xff, 0xff, 0xff,
    0xdf, 0xff, 0xff, 0xff, 0xdf, 0xff, 0xff, 0xff, 0xdf, 0xff, 0xdf, 0xff,
    0xff, 0xf7, 0xdf, 0xff, 0xdf, 0xff, 0xff, 0xf7, 0xdf, 0xff, 0xdf, 0xff,
    0xff, 0xff, 0xdf, 0xf7, 0xdf, 0xff, 0xdf, 0xff, 0xdf, 0xff, 0xdf, 0xff,
    0xff, 0xff, 0xdf, 0xff, 0xdf, 0xff, 0xdf, 0xff, 0xdf, 0xff, 0xdf, 0xff,
    0xdf, 0xff, 0xdf, 0xff, 0xdf, 0xff, 0xdf, 0xff, 0xdf, 0xff, 0xdf, 0xff,
    0xdf, 0xf7, 0xdf, 0xff, 0xdf, 0xff, 0xdf, 0xf7, 0xdf, 0xff, 0xdf, 0xf7,
    0xdf, 0xff, 0xdf, 0xff, 0xdf, 0xf7, 0xdf, 0xff, 0xdf, 0xf7, 0xdf, 0xff,
    0xdf, 0xff, 0xdf, 0xf7, 0xdf, 0xff, 0xdf, 0xff, 0xbf, 0xf7, 0xdf, 0xf7,
    0xdf, 0xff, 0xdf, 0xf7, 0xdf, 0xf7, 0xdf, 0xff, 0xdf, 0xf7, 0xbf, 0xff,
    0xdf, 0xf7, 0xdf, 0xf7, 0xdf, 0xff, 0xdf, 0xff, 0xdf, 0xf7, 0xdf, 0xff,
    0xbf, 0xf7, 0xdf, 0xff, 0xdf, 0xf7, 0xbf, 0xf7, 0xdf, 0xff, 0xdf, 0xf7,
    0xbf, 0xff, 0xdf, 0xf7, 0xdf, 0xff, 0xdf, 0xf7, 0xdf, 0xff, 0xdf, 0xf7,
    0xbf, 0xf7, 0xdf, 0xff, 0xdf, 0xf7, 0xdf, 0xff, 0xbf, 0xff, 0xdf, 0xf7,
    0xbf, 0xf7, 0xdf, 0xff, 0xdf, 0xf7, 0xdf, 0xf7, 0xdf, 0xff, 0xdf, 0xff,
    0xff, 0xff, 0xff, 0xff, 0xff, 0xff, 0xff, 0xff, 0xff, 0xff, 0xff, 0xff,
    0xff, 0xff, 0xff, 0xff, 0xff, 0xff, 0xff, 0xff, 0xff, 0xff, 0xff, 0xff,
    0xff, 0xff, 0xff, 0xff, 0xff, 0xff, 0xff, 0xff, 0xff, 0xff, 0xff, 0xff,
    0xff, 0xff, 0xff, 0xff, 0xff, 0xff, 0xff, 0xff, 0xff, 0xff, 0xff, 0xff,
    0xff, 0xff, 0xff, 0xff, 0xff, 0xff, 0xff, 0xff, 0xff, 0xff, 0xff, 0xff,
    0xff, 0xff, 0xff, 0xff, 0xff, 0xff, 0xff, 0xff, 0xff, 0xff, 0xff, 0xff,
    0xff, 0xff, 0xff, 0xff, 0xff, 0xff, 0xff, 0xff, 0xff, 0xff, 0xff, 0xff,
    0xff, 0xff, 0xff, 0xff, 0xff, 0xff, 0xff, 0xff, 0xff, 0xff, 0xff, 0xff,
    0xff, 0xff, 0xff, 0xff, 0xff, 0xff, 0xff, 0xff, 0xff, 0xff, 0xff, 0xff,
    0xff, 0xff, 0xdf, 0xff, 0xdf, 0xff, 0xff, 0xff, 0xff, 0xff, 0xff, 0xff,
    0xff, 0xff, 0xff, 0xff, 0xff, 0xff, 0xff, 0xff, 0xff, 0xff, 0xff, 0xff,
    0xff, 0xff, 0xff, 0xff, 0xff, 0xff, 0xff, 0xff, 0xdf, 0xff, 0xff, 0xff,
    0xff, 0xff, 0xdf, 0xff, 0xff, 0xff, 0xff, 0xff, 0xdf, 0xff, 0xff, 0xff,
    0xdf, 0xff, 0xdf, 0xff, 0xff, 0xff, 0xdf, 0xff, 0xdf, 0xff, 0xff, 0xff,
    0xdf, 0xff, 0xdf, 0xff, 0xdf, 0xff, 0xdf, 0xff, 0xff, 0xff, 0xdf, 0xff,
    0xdf, 0xff, 0xdf, 0xff, 0xdf, 0xff, 0xff, 0xff, 0xdf, 0xff, 0xff, 0xf7,
    0xff, 0xff, 0xdf, 0xff, 0xdf, 0xf7, 0xdf, 0xff, 0xff, 0xf7, 0xdf, 0xf7,
    0xdf, 0xff, 0xdf, 0xf7, 0xdf, 0xff, 0xdf, 0xf7, 0xdf, 0xf7, 0xdf, 0xff,
    0xdf, 0xff, 0xdf, 0xf7, 0xdf, 0xff, 0xdf, 0xf7, 0xdf, 0xff, 0xdf, 0xff,
    0xdf, 0xf7, 0xdf, 0xff, 0xdf, 0xff, 0xdf, 0xf7, 0xdf, 0xf7, 0xdf, 0xff,
    0xdf, 0xff, 0xdf, 0xf7, 0xdf, 0xff, 0xdf, 0xf7, 0xdf, 0xff, 0xdf, 0xff,
    0xdf, 0xf7, 0xbf, 0xff, 0xdf, 0xff, 0xdf, 0xf7, 0xbf, 0xff, 0xbf, 0xff,
    0xdf, 0xf7, 0xdf, 0xff, 0xdf, 0xf7, 0xdf, 0xff, 0xbf, 0xf7, 0xdf, 0xf7,
    0xdf, 0xff, 0xdf, 0xff, 0xbf, 0xf7, 0xdf, 0xff, 0xdf, 0xff, 0xdf, 0xf7,
    0xbf, 0xff, 0xdf, 0xf7, 0xdf, 0xf7, 0xdf, 0xff, 0xdf, 0xff, 0xbf, 0xf7,
    0xdf, 0xff, 0xdf, 0xff, 0xdf, 0xf7, 0xdf, 0xff, 0xbf, 0xf7, 0xdf, 0xf7,
    0xdf, 0xff, 0xdf, 0xff, 0xdf, 0xf7, 0xdf, 0xff, 0xbf, 0xff, 0xdf, 0xf7,
    0xbf, 0xff, 0xdf, 0xf7, 0xdf, 0xf7, 0xff, 0xff, 0xff, 0xff, 0xff, 0xff,
    0xff, 0xff, 0xff, 0xff, 0xff, 0xff, 0xff, 0xff, 0xff, 0xff, 0xff, 0xff,
    0xff, 0xff, 0xff, 0xff, 0xff, 0xff, 0xff, 0xff, 0xff, 0xff, 0xff, 0xff,
    0xff, 0xff, 0xff, 0xff, 0xff, 0xff, 0xff, 0xff, 0xff, 0xff, 0xff, 0xff,
    0xff, 0xff, 0xff, 0xff, 0xff, 0xff, 0xff, 0xff, 0xff, 0xff, 0xff, 0xff,
    0xff, 0xff, 0xff, 0xff, 0xff, 0xff, 0xff, 0xff, 0xff, 0xff, 0xff, 0xff,
    0xff, 0xff, 0xff, 0xff, 0xff, 0xff, 0xff, 0xff, 0xff, 0xff, 0xff, 0xff,
    0xff, 0xff, 0xff, 0xff, 0xff, 0xff, 0xff, 0xff, 0xff, 0xff, 0xff, 0xff,
    0xff, 0xff, 0xff, 0xff, 0xff, 0xff, 0xff, 0xff, 0xff, 0xff, 0xff, 0xff,
    0xff, 0xff, 0xff, 0xff, 0xff, 0xff, 0xff, 0xff, 0xff, 0xff, 0xff, 0xff,
    0xdf, 0xff, 0xff, 0xff, 0xff, 0xff, 0xdf, 0xff, 0xff, 0xff, 0xff, 0xff,
    0xdf, 0xff, 0xff, 0xff, 0xff, 0xff, 0xdf, 0xff, 0xff, 0xff, 0xdf, 0xff,
    0xdf, 0xff, 0xff, 0xff, 0xdf, 0xff, 0xdf, 0xff, 0xdf, 0xff, 0xff, 0xff,
    0xdf, 0xff, 0xff, 0xff, 0xff, 0xff, 0xdf, 0xff, 0xff, 0xff, 0xff, 0xff,
    0xdf, 0xff, 0xff, 0xff, 0xff, 0xff, 0xdf, 0xff, 0xdf, 0xff, 0xdf, 0xff,
    0xdf, 0xff, 0xdf, 0xff, 0xff, 0xf7, 0xdf, 0xff, 0xdf, 0xff, 0xff, 0xf7,
    0xdf, 0xff, 0xdf, 0xff, 0xdf, 0xff, 0xdf, 0xf7, 0xff, 0xff, 0xdf, 0xff,
    0xdf, 0xff, 0xdf, 0xff, 0xdf, 0xff, 0xdf, 0xff, 0xdf, 0xff, 0xdf, 0xff,
    0xdf, 0xff, 0xdf, 0xff, 0xdf, 0xff, 0xdf, 0xf7, 0xdf, 0xf7, 0xdf, 0xff,
    0xdf, 0xff, 0xdf, 0xf7, 0xdf, 0xff, 0xdf, 0xff, 0xdf, 0xf7, 0xdf, 0xff,
    0xdf, 0xff, 0xdf, 0xf7, 0xdf, 0xff, 0xdf, 0xff, 0xdf, 0xf7, 0xdf, 0xff,
    0xdf, 0xff, 0xdf, 0xf7, 0xdf, 0xff, 0xbf, 0xf7, 0xdf, 0xff, 0xdf, 0xff,
    0xdf, 0xf7, 0xdf, 0xf7, 0xdf, 0xff, 0xbf, 0xf7, 0xdf, 0xff, 0xdf, 0xff,
    0xbf, 0xf7, 0xdf, 0xff, 0xdf, 0xf7, 0xbf, 0xf7, 0xdf, 0xff, 0xdf, 0xf7,
    0xdf, 0xf7, 0xdf, 0xff, 0xdf, 0xff, 0xdf, 0xf7, 0xbf, 0xff, 0xdf, 0xff,
    0xdf, 0xf7, 0xdf, 0xf7, 0xbf, 0xf7, 0xdf, 0xff, 0xbf, 0xf7, 0xdf, 0xff,
    0xdf, 0xff, 0xdf, 0xf7, 0xbf, 0xff, 0xdf, 0xf7, 0xdf, 0xf7, 0xbf, 0xff,
    0xdf, 0xf7, 0xdf, 0xf7, 0xdf, 0xff, 0xbf, 0xff, 0xdf, 0xf7, 0xdf, 0xff,
    0xff, 0xff, 0xff, 0xff, 0xff, 0xff, 0xff, 0xff, 0xff, 0xff, 0xff, 0xff,
    0xff, 0xff, 0xff, 0xff, 0xff, 0xff, 0xff, 0xff, 0xff, 0xff, 0xff, 0xff,
    0xff, 0xff, 0xff, 0xff, 0xff, 0xff, 0xff, 0xff, 0xff, 0xff, 0xff, 0xff,
    0xff, 0xff, 0xff, 0xff, 0xff, 0xff, 0xff, 0xff, 0xff, 0xff, 0xff, 0xff,
    0xff, 0xff, 0xff, 0xff, 0xff, 0xff, 0xff, 0xff, 0xff, 0xff, 0xff, 0xff,
    0xff, 0xff, 0xff, 0xff, 0xff, 0xff, 0xff, 0xff, 0xff, 0xff, 0xff, 0xff,
    0xff, 0xff, 0xff, 0xff, 0xff, 0xff, 0xff, 0xff, 0xff, 0xff, 0xff, 0xff,
    0xff, 0xff, 0xff, 0xff, 0xff, 0xff, 0xff, 0xff, 0xff, 0xff, 0xff, 0xff,
    0xff, 0xff, 0xff, 0xff, 0xff, 0xff, 0xff, 0xff, 0xff, 0xff, 0xff, 0xff,
    0xff, 0xff, 0xff, 0xff, 0xff, 0xff, 0xff, 0xff, 0xdf, 0xff, 0xff, 0xff,
    0xff, 0xff, 0xdf, 0xff, 0xff, 0xff, 0xff, 0xff, 0xdf, 0xff, 0xff, 0xff,
    0xff, 0xff, 0xff, 0xff, 0xdf, 0xff, 0xdf, 0xff, 0xff, 0xff, 0xff, 0xff,
    0xdf, 0xff, 0xff, 0xff, 0xdf, 0xff, 0xdf, 0xff, 0xff, 0xff, 0xdf, 0xff,
    0xdf, 0xff, 0xff, 0xff, 0xdf, 0xff, 0xdf, 0xff, 0xff, 0xff, 0xdf, 0xff,
    0xdf, 0xff, 0xff, 0xf7, 0xff, 0xff, 0xdf, 0xff, 0xdf, 0xff, 0xdf, 0xff,
    0xff, 0xff, 0xdf, 0xff, 0xdf, 0xff, 0xdf, 0xff, 0xdf, 0xff, 0xdf, 0xff,
    0xdf, 0xff, 0xdf, 0xf7, 0xff, 0xff, 0xdf, 0xff, 0xdf, 0xf7, 0xdf, 0xff,
    0xdf, 0xff, 0xdf, 0xf7, 0xdf, 0xff, 0xdf, 0xff, 0xdf, 0xff, 0xdf, 0xf7,
    0xdf, 0xff, 0xdf, 0xff, 0xdf, 0xff, 0xdf, 0xf7, 0xdf, 0xf7, 0xdf, 0xff,
    0xdf, 0xff, 0xdf, 0xf7, 0xdf, 0xff, 0xdf, 0xff, 0xdf, 0xf7, 0xdf, 0xff,
    0xdf, 0xff, 0xdf, 0xf7, 0xdf, 0xff, 0xdf, 0xff, 0xdf, 0xf7, 0xbf, 0xff,
    0xdf, 0xff, 0xdf, 0xf7, 0xbf, 0xf7, 0xdf, 0xff, 0xdf, 0xff, 0xdf, 0xf7,
    0xdf, 0xf7, 0xbf, 0xff, 0xdf, 0xf7, 0xdf, 0xff, 0xdf, 0xff, 0xdf, 0xff,
    0xbf, 0xf7, 0xdf, 0xff, 0xdf, 0xff, 0xbf, 0xf7, 0xbf, 0xf7, 0xdf, 0xff,
    0xdf, 0xf7, 0xdf, 0xf7, 0xbf, 0xff, 0xdf, 0xff, 0xdf, 0xf7, 0xdf, 0xff,
    0xdf, 0xf7, 0xdf, 0xf7, 0xbf, 0xff, 0xdf, 0xf7, 0xdf, 0xff, 0xdf, 0xff,
    0xbf, 0xf7, 0xdf, 0xff, 0xdf, 0xff, 0xbf, 0xf7, 0xdf, 0xf7, 0xdf, 0xff,
    0xdf, 0xf7, 0xbf, 0xff, 0xdf, 0xf7, 0xff, 0xff, 0xff, 0xff, 0xff, 0xff,
    0xff, 0xff, 0xff, 0xff, 0xff, 0xff, 0xff, 0xff, 0xff, 0xff, 0xff, 0xff,
    0xff, 0xff, 0xff, 0xff, 0xff, 0xff, 0xff, 0xff, 0xff, 0xff, 0xff, 0xff,
    0xff, 0xff, 0xff, 0xff, 0xff, 0xff, 0xff, 0xff, 0xff, 0xff, 0xff, 0xff,
    0xff, 0xff, 0xff, 0xff, 0xff, 0xff, 0xff, 0xff, 0xff, 0xff, 0xff, 0xff,
    0xff, 0xff, 0xff, 0xff, 0xff, 0xff, 0xff, 0xff, 0xff, 0xff, 0xff, 0xff,
    0xff, 0xff, 0xff, 0xff, 0xff, 0xff, 0xff, 0xff, 0xff, 0xff, 0xff, 0xff,
    0xff, 0xff, 0xff, 0xff, 0xff, 0xff, 0xff, 0xff, 0xff, 0xff, 0xff, 0xff,
    0xff, 0xff, 0xff, 0xff, 0xff, 0xff, 0xff, 0xff, 0xff, 0xff, 0xff, 0xff,
    0xff, 0xff, 0xff, 0xff, 0xdf, 0xff, 0xdf, 0xff, 0xff, 0xff, 0xff, 0xff,
    0xdf, 0xff, 0xff, 0xff, 0xff, 0xff, 0xff, 0xff, 0xff, 0xff, 0xff, 0xff,
    0xff, 0xff, 0xdf, 0xff, 0xff, 0xff, 0xff, 0xff, 0xdf, 0xff, 0xff, 0xff,
    0xff, 0xff, 0xdf, 0xff, 0xff, 0xff, 0xff, 0xff, 0xdf, 0xff, 0xff, 0xff,
    0xff, 0xff, 0xdf, 0xff, 0xff, 0xff, 0xff, 0xff, 0xdf, 0xff, 0xff, 0xff,
    0xff, 0xff, 0xdf, 0xff, 0xdf, 0xff, 0xdf, 0xff, 0xdf, 0xff, 0xdf, 0xff,
    0xdf, 0xf7, 0xff, 0xff, 0xdf, 0xff, 0xdf, 0xff, 0xdf, 0xff, 0xff, 0xff,
    0xdf, 0xf7, 0xff, 0xf7, 0xff, 0xff, 0xdf, 0xff, 0xdf, 0xff, 0xdf, 0xf7,
    0xdf, 0xff, 0xdf, 0xff, 0xdf, 0xf7, 0xdf, 0xff, 0xdf, 0xff, 0xdf, 0xf7,
    0xdf, 0xff, 0xdf, 0xf7, 0xdf, 0xff, 0xdf, 0xf7, 0xdf, 0xff, 0xdf, 0xff,
    0xdf, 0xf7, 0xdf, 0xff, 0xdf, 0xff, 0xdf, 0xf7, 0xdf, 0xff, 0xdf, 0xf7,
    0xdf, 0xff, 0xdf, 0xff, 0xdf, 0xf7, 0xdf, 0xff, 0xdf, 0xf7, 0xdf, 0xff,
    0xdf, 0xf7, 0xdf, 0xff, 0xdf, 0xff, 0xdf, 0xf7, 0xdf, 0xff, 0xdf, 0xf7,
    0xbf, 0xff, 0xdf, 0xff, 0xdf, 0xf7, 0xbf, 0xff, 0xdf, 0xf7, 0xdf, 0xf7,
    0xbf, 0xf7, 0xdf, 0xff, 0xdf, 0xf7, 0xdf, 0xf7, 0xdf, 0xff, 0xdf, 0xf7,
    0xdf, 0xff, 0xdf, 0xf7, 0xbf, 0xff, 0xdf, 0xff, 0xdf, 0xf7, 0xdf, 0xf7,
    0xbf, 0xff, 0xdf, 0xff, 0xdf, 0xf7, 0xbf, 0xff, 0xdf, 0xff, 0xdf, 0xf7,
    0xbf, 0xf7, 0xdf, 0xff, 0xdf, 0xf7, 0xdf, 0xf7, 0xdf, 0xff, 0xdf, 0xf7,
    0xdf, 0xff, 0xbf, 0xff, 0xdf, 0xf7, 0xdf, 0xff, 0xdf, 0xf7, 0xdf, 0xff,
    0xff, 0xff, 0xff, 0xff, 0xff, 0xff, 0xff, 0xff, 0xff, 0xff, 0xff, 0xff,
    0xff, 0xff, 0xff, 0xff, 0xff, 0xff, 0xff, 0xff, 0xff, 0xff, 0xff, 0xff,
    0xff, 0xff, 0xff, 0xff, 0xff, 0xff, 0xff, 0xff, 0xff, 0xff, 0xff, 0xff,
    0xff, 0xff, 0xff, 0xff, 0xff, 0xff, 0xff, 0xff, 0xff, 0xff, 0xff, 0xff,
    0xff, 0xff, 0xff, 0xff, 0xff, 0xff, 0xff, 0xff, 0xff, 0xff, 0xff, 0xff,
    0xff, 0xff, 0xff, 0xff, 0xff, 0xff, 0xff, 0xff, 0xff, 0xff, 0xff, 0xff,
    0xff, 0xff, 0xff, 0xff, 0xff, 0xff, 0xff, 0xff, 0xff, 0xff, 0xff, 0xff,
    0xff, 0xff, 0xff, 0xff, 0xff, 0xff, 0xff, 0xff, 0xff, 0xff, 0xff, 0xff,
    0xff, 0xff, 0xff, 0xff, 0xff, 0xff, 0xff, 0xff, 0xff, 0xff, 0xff, 0xff,
    0xff, 0xff, 0xff, 0xff, 0xdf, 0xff, 0xff, 0xff, 0xff, 0xff, 0xdf, 0xff,
    0xff, 0xff, 0xdf, 0xff, 0xff, 0xff, 0xff, 0xff, 0xff, 0xff, 0xff, 0xff,
    0xdf, 0xff, 0xdf, 0xff, 0xff, 0xff, 0xdf, 0xff, 0xdf, 0xff, 0xdf, 0xff,
    0xff, 0xff, 0xdf, 0xff, 0xff, 0xff, 0xdf, 0xff, 0xdf, 0xff, 0xff, 0xff,
    0xdf, 0xff, 0xdf, 0xff, 0xff, 0xff, 0xdf, 0xff, 0xdf, 0xff, 0xdf, 0xf7,
    0xdf, 0xff, 0xdf, 0xff, 0xdf, 0xff, 0xff, 0xff, 0xdf, 0xff, 0xdf, 0xff,
    0xdf, 0xf7, 0xff, 0xff, 0xdf, 0xff, 0xdf, 0xff, 0xdf, 0xff, 0xdf, 0xf7,
    0xdf, 0xff, 0xdf, 0xff, 0xdf, 0xff, 0xdf, 0xff, 0xdf, 0xff, 0xdf, 0xff,
    0xdf, 0xff, 0xdf, 0xff, 0xdf, 0xff, 0xdf, 0xff, 0xdf, 0xf7, 0xdf, 0xff,
    0xdf, 0xff, 0xdf, 0xf7, 0xdf, 0xff, 0xdf, 0xff, 0xdf, 0xf7, 0xdf, 0xff,
    0xdf, 0xff, 0xdf, 0xf7, 0xdf, 0xff, 0xdf, 0xf7, 0xdf, 0xff, 0xdf, 0xff,
    0xdf, 0xf7, 0xdf, 0xff, 0xdf, 0xff, 0xbf, 0xf7, 0xdf, 0xff, 0xdf, 0xf7,
    0xbf, 0xf7, 0xdf, 0xff, 0xdf, 0xff, 0xbf, 0xf7, 0xdf, 0xf7, 0xdf, 0xff,
    0xdf, 0xff, 0xdf, 0xff, 0xdf, 0xf7, 0xbf, 0xff, 0xdf, 0xf7, 0xdf, 0xff,
    0xbf, 0xff, 0xbf, 0xf7, 0xdf, 0xf7, 0xdf, 0xff, 0xdf, 0xff, 0xdf, 0xf7,
    0xbf, 0xff, 0xdf, 0xf7, 0xdf, 0xff, 0xdf, 0xf7, 0xbf, 0xf7, 0xdf, 0xff,
    0xdf, 0xf7, 0xdf, 0xff, 0xdf, 0xf7, 0xdf, 0xff, 0xbf, 0xf7, 0xdf, 0xff,
    0xbf, 0xff, 0xdf, 0xf7, 0xdf, 0xf7, 0xbf, 0xff, 0xdf, 0xf7, 0xdf, 0xff,
    0xbf, 0xf7, 0xdf, 0xff, 0xdf, 0xf7, 0xff, 0xff, 0xff, 0xff, 0xff, 0xff,
    0xff, 0xff, 0xff, 0xff, 0xff, 0xff, 0xff, 0xff, 0xff, 0xff, 0xff, 0xff,
    0xff, 0xff, 0xff, 0xff, 0xff, 0xff, 0xff, 0xff, 0xff, 0xff, 0xff, 0xff,
    0xff, 0xff, 0xff, 0xff, 0xff, 0xff, 0xff, 0xff, 0xff, 0xff, 0xff, 0xff,
    0xff, 0xff, 0xff, 0xff, 0xff, 0xff, 0xff, 0xff, 0xff, 0xff, 0xff, 0xff,
    0xff, 0xff, 0xff, 0xff, 0xff, 0xff, 0xff, 0xff, 0xff, 0xff, 0xff, 0xff,
    0xff, 0xff, 0xff, 0xff, 0xff, 0xff, 0xff, 0xff, 0xff, 0xff, 0xff, 0xff,
    0xff, 0xff, 0xff, 0xff, 0xff, 0xff, 0xff, 0xff, 0xff, 0xff, 0xff, 0xff,
    0xff, 0xff, 0xff, 0xff, 0xff, 0xff, 0xff, 0xff, 0xff, 0xff, 0xff, 0xff,
    0xff, 0xff, 0xdf, 0xff, 0xff, 0xff, 0xff, 0xff, 0xff, 0xff, 0xff, 0xff,
    0xff, 0xff, 0xff, 0xff, 0xff, 0xff, 0xdf, 0xff, 0xff, 0xff, 0xff, 0xff,
    0xdf, 0xff, 0xff, 0xff, 0xff, 0xff, 0xdf, 0xff, 0xff, 0xff, 0xdf, 0xff,
    0xff, 0xff, 0xff, 0xff, 0xdf, 0xff, 0xdf, 0xff, 0xff, 0xff, 0xdf, 0xff,
    0xff, 0xff, 0xff, 0xff, 0xdf, 0xff, 0xff, 0xff, 0xdf, 0xff, 0xdf, 0xff,
    0xdf, 0xff, 0xdf, 0xff, 0xff, 0xff, 0xff, 0xff, 0xdf, 0xff, 0xdf, 0xff,
    0xdf, 0xff, 0xdf, 0xff, 0xff, 0xff, 0xdf, 0xff, 0xdf, 0xff, 0xdf, 0xf7,
    0xdf, 0xff, 0xdf, 0xff, 0xff, 0xff, 0xdf, 0xf7, 0xdf, 0xff, 0xdf, 0xff,
    0xdf, 0xf7, 0xdf, 0xf7, 0xdf, 0xff, 0xdf, 0xf7, 0xdf, 0xff, 0xdf, 0xff,
    0xdf, 0xf7, 0xdf, 0xff, 0xdf, 0xff, 0xdf, 0xf7, 0xdf, 0xf7, 0xdf, 0xff,
    0xdf, 0xff, 0xdf, 0xf7, 0xdf, 0xff, 0xdf, 0xff, 0xdf, 0xf7, 0xdf, 0xff,
    0xdf, 0xff, 0xdf, 0xf7, 0xdf, 0xff, 0xdf, 0xff, 0xdf, 0xf7, 0xdf, 0xff,
    0xdf, 0xff, 0xbf, 0xff, 0xdf, 0xff, 0xdf, 0xf7, 0xbf, 0xf7, 0xdf, 0xff,
    0xdf, 0xf7, 0xbf, 0xf7, 0xdf, 0xff, 0xdf, 0xf7, 0xbf, 0xf7, 0xdf, 0xff,
    0xdf, 0xff, 0xdf, 0xf7, 0xdf, 0xf7, 0xdf, 0xff, 0xdf, 0xff, 0xbf, 0xf7,
    0xdf, 0xf7, 0xdf, 0xff, 0xbf, 0xf7, 0xdf, 0xf7, 0xdf, 0xff, 0xbf, 0xff,
    0xdf, 0xf7, 0xdf, 0xff, 0xbf, 0xf7, 0xdf, 0xff, 0xbf, 0xf7, 0xdf, 0xff,
    0xdf, 0xf7, 0xdf, 0xff, 0xdf, 0xf7, 0xbf, 0xff, 0xdf, 0xf7, 0xdf, 0xff,
    0xdf, 0xf7, 0xdf, 0xff, 0xdf, 0xf7, 0xbf, 0xff, 0xdf, 0xf7, 0xdf, 0xff,
    0xff, 0xff, 0xff, 0xff, 0xff, 0xff, 0xff, 0xff, 0xff, 0xff, 0xff, 0xff,
    0xff, 0xff, 0xff, 0xff, 0xff, 0xff, 0xff, 0xff, 0xff, 0xff, 0xff, 0xff,
    0xff, 0xff, 0xff, 0xff, 0xff, 0xff, 0xff, 0xff, 0xff, 0xff, 0xff, 0xff,
    0xff, 0xff, 0xff, 0xff, 0xff, 0xff, 0xff, 0xff, 0xff, 0xff, 0xff, 0xff,
    0xff, 0xff, 0xff, 0xff, 0xff, 0xff, 0xff, 0xff, 0xff, 0xff, 0xff, 0xff,
    0xff, 0xff, 0xff, 0xff, 0xff, 0xff, 0xff, 0xff, 0xff, 0xff, 0xff, 0xff,
    0xff, 0xff, 0xff, 0xff, 0xff, 0xff, 0xff, 0xff, 0xff, 0xff, 0xff, 0xff,
    0xff, 0xff, 0xff, 0xff, 0xff, 0xff, 0xff, 0xff, 0xff, 0xff, 0xff, 0xff,
    0xff, 0xff, 0xff, 0xff, 0xff, 0xff, 0xff, 0xff, 0xdf, 0xff, 0xff, 0xff,
    0xdf, 0xff, 0xdf, 0xff, 0xff, 0xff, 0xdf, 0xff, 0xff, 0xff, 0xff, 0xff,
    0xff, 0xff, 0xff, 0xff, 0xff, 0xff, 0xdf, 0xff, 0xff, 0xff, 0xdf, 0xff,
    0xdf, 0xff, 0xff, 0xff, 0xdf, 0xff, 0xff, 0xff, 0xff, 0xff, 0xdf, 0xff,
    0xff, 0xff, 0xff, 0xff, 0xdf, 0xff, 0xdf, 0xff, 0xff, 0xff, 0xdf, 0xff,
    0xff, 0xff, 0xdf, 0xff, 0xdf, 0xff, 0xff, 0xff, 0xdf, 0xff, 0xdf, 0xff,
    0xdf, 0xff, 0xff, 0xf7, 0xdf, 0xff, 0xdf, 0xff, 0xff, 0xf7, 0xdf, 0xff,
    0xdf, 0xff, 0xff, 0xff, 0xdf, 0xff, 0xdf, 0xf7, 0xff, 0xff, 0xdf, 0xff,
    0xdf, 0xff, 0xdf, 0xf7, 0xdf, 0xff, 0xdf, 0xff, 0xdf, 0xff, 0xdf, 0xff,
    0xdf, 0xff, 0xdf, 0xf7, 0xdf, 0xf7, 0xdf, 0xff, 0xdf, 0xff, 0xdf, 0xf7,
    0xdf, 0xff, 0xdf, 0xff, 0xdf, 0xf7, 0xdf, 0xff, 0xdf, 0xf7, 0xdf, 0xff,
    0xdf, 0xf7, 0xdf, 0xff, 0xdf, 0xff, 0xdf, 0xf7, 0xdf, 0xff, 0xdf, 0xf7,
    0xdf, 0xff, 0xdf, 0xf7, 0xdf, 0xf7, 0xdf, 0xff, 0xdf, 0xf7, 0xdf, 0xff,
    0xdf, 0xff, 0xdf, 0xf7, 0xdf, 0xff, 0xdf, 0xff, 0xdf, 0xf7, 0xbf, 0xff,
    0xdf, 0xf7, 0xdf, 0xf7, 0xbf, 0xff, 0xdf, 0xf7, 0xbf, 0xff, 0xdf, 0xf7,
    0xdf, 0xf7, 0xdf, 0xff, 0xdf, 0xff, 0xbf, 0xf7, 0xdf, 0xff, 0xdf, 0xff,
    0xdf, 0xf7, 0xdf, 0xff, 0xdf, 0xf7, 0xdf, 0xff, 0xdf, 0xf7, 0xdf, 0xff,
    0xdf, 0xf7, 0xdf, 0xff, 0xbf, 0xf7, 0xdf, 0xff, 0xdf, 0xf7, 0xdf, 0xf7,
    0xdf, 0xff, 0xbf, 0xff, 0xdf, 0xf7, 0xdf, 0xff, 0xbf, 0xf7, 0xdf, 0xff,
    0xdf, 0xf7, 0xdf, 0xf7, 0xbf, 0xff, 0xff, 0xff, 0xff, 0xff, 0xff, 0xff,
    0xff, 0xff, 0xff, 0xff, 0xff, 0xff, 0xff, 0xff, 0xff, 0xff, 0xff, 0xff,
    0xff, 0xff, 0xff, 0xff, 0xff, 0xff, 0xff, 0xff, 0xff, 0xff, 0xff, 0xff,
    0xff, 0xff, 0xff, 0xff, 0xff, 0xff, 0xff, 0xff, 0xff, 0xff, 0xff, 0xff,
    0xff, 0xff, 0xff, 0xff, 0xff, 0xff, 0xff, 0xff, 0xff, 0xff, 0xff, 0xff,
    0xff, 0xff, 0xff, 0xff, 0xff, 0xff, 0xff, 0xff, 0xff, 0xff, 0xff, 0xff,
    0xff, 0xff, 0xff, 0xff, 0xff, 0xff, 0xff, 0xff, 0xff, 0xff, 0xff, 0xff,
    0xff, 0xff, 0xff, 0xff, 0xff, 0xff, 0xff, 0xff, 0xff, 0xff, 0xff, 0xff,
    0xff, 0xff, 0xff, 0xff, 0xff, 0xff, 0xff, 0xff, 0xff, 0xff, 0xff, 0xff,
    0xdf, 0xff, 0xff, 0xff, 0xff, 0xff, 0xff, 0xff, 0xff, 0xff, 0xff, 0xff,
    0xff, 0xff, 0xdf, 0xff, 0xff, 0xff, 0xff, 0xff, 0xdf, 0xff, 0xff, 0xff,
    0xff, 0xff, 0xff, 0xff, 0xdf, 0xff, 0xff, 0xff, 0xff, 0xff, 0xdf, 0xff,
    0xdf, 0xff, 0xff, 0xff, 0xdf, 0xff, 0xdf, 0xff, 0xff, 0xff, 0xff, 0xff,
    0xdf, 0xff, 0xdf, 0xff, 0xff, 0xff, 0xff, 0xff, 0xdf, 0xff, 0xdf, 0xff,
    0xdf, 0xf7, 0xdf, 0xff, 0xdf, 0xff, 0xdf, 0xff, 0xdf, 0xff, 0xff, 0xff,
    0xdf, 0xff, 0xdf, 0xff, 0xdf, 0xff, 0xdf, 0xf7, 0xff, 0xff, 0xdf, 0xff,
    0xdf, 0xff, 0xff, 0xf7, 0xdf, 0xff, 0xdf, 0xff, 0xdf, 0xff, 0xdf, 0xff,
    0xdf, 0xff, 0xdf, 0xf7, 0xdf, 0xff, 0xdf, 0xff, 0xdf, 0xff, 0xdf, 0xf7,
    0xdf, 0xff, 0xdf, 0xf7, 0xdf, 0xff, 0xdf, 0xff, 0xdf, 0xf7, 0xdf, 0xff,
    0xdf, 0xff, 0xdf, 0xff, 0xdf, 0xf7, 0xdf, 0xff, 0xdf, 0xff, 0xdf, 0xf7,
    0xdf, 0xff, 0xdf, 0xff, 0xdf, 0xf7, 0xdf, 0xff, 0xbf, 0xff, 0xdf, 0xff,
    0xbf, 0xf7, 0xdf, 0xf7, 0xbf, 0xf7, 0xbf, 0xff, 0xdf, 0xf7, 0xdf, 0xf7,
    0xbf, 0xff, 0xdf, 0xff, 0xdf, 0xf7, 0xdf, 0xff, 0xdf, 0xff, 0xdf, 0xf7,
    0xdf, 0xff, 0xdf, 0xff, 0xbf, 0xf7, 0xbf, 0xff, 0xdf, 0xf7, 0xdf, 0xf7,
    0xdf, 0xff, 0xbf, 0xf7, 0xdf, 0xf7, 0xdf, 0xff, 0xbf, 0xf7, 0xdf, 0xf7,
    0xbf, 0xff, 0xdf, 0xff, 0xdf, 0xf7, 0xbf, 0xff, 0xdf, 0xf7, 0xdf, 0xff,
    0xbf, 0xff, 0xdf, 0xf7, 0xbf, 0xff, 0xdf, 0xf7, 0xdf, 0xf7, 0xbf, 0xff,
    0xdf, 0xf7, 0xdf, 0xff, 0xbf, 0xff, 0xdf, 0xf7, 0xdf, 0xff, 0xdf, 0xf7,
    0xff, 0xff, 0xff, 0xff, 0xff, 0xff, 0xff, 0xff, 0xff, 0xff, 0xff, 0xff,
    0xff, 0xff, 0xff, 0xff, 0xff, 0xff, 0xff, 0xff, 0xff, 0xff, 0xff, 0xff,
    0xff, 0xff, 0xff, 0xff, 0xff, 0xff, 0xff, 0xff, 0xff, 0xff, 0xff, 0xff,
    0xff, 0xff, 0xff, 0xff, 0xff, 0xff, 0xff, 0xff, 0xff, 0xff, 0xff, 0xff,
    0xff, 0xff, 0xff, 0xff, 0xff, 0xff, 0xff, 0xff, 0xff, 0xff, 0xff, 0xff,
    0xff, 0xff, 0xff, 0xff, 0xff, 0xff, 0xff, 0xff, 0xff, 0xff, 0xff, 0xff,
    0xff, 0xff, 0xff, 0xff, 0xff, 0xff, 0xff, 0xff, 0xff, 0xff, 0xff, 0xff,
    0xff, 0xff, 0xff, 0xff, 0xff, 0xff, 0xff, 0xff, 0xff, 0xff, 0xff, 0xff,
    0xff, 0xff, 0xdf, 0xff, 0xff, 0xff, 0xff, 0xff, 0xff, 0xff, 0xff, 0xff,
    0xff, 0xff, 0xff, 0xff, 0xff, 0xff, 0xff, 0xff, 0xdf, 0xff, 0xff, 0xff,
    0xff, 0xff, 0xdf, 0xff, 0xff, 0xff, 0xdf, 0xff, 0xdf, 0xff, 0xff, 0xff,
    0xdf, 0xff, 0xff, 0xff, 0xdf, 0xff, 0xff, 0xff, 0xdf, 0xff, 0xff, 0xff,
    0xdf, 0xff, 0xdf, 0xff, 0xff, 0xff, 0xff, 0xff, 0xdf, 0xff, 0xff, 0xff,
    0xdf, 0xff, 0xdf, 0xff, 0xdf, 0xff, 0xff, 0xff, 0xdf, 0xff, 0xff, 0xf7,
    0xdf, 0xff, 0xdf, 0xff, 0xdf, 0xff, 0xff, 0xff, 0xdf, 0xff, 0xdf, 0xff,
    0xff, 0xf7, 0xdf, 0xff, 0xdf, 0xff, 0xdf, 0xff, 0xdf, 0xff, 0xdf, 0xf7,
    0xdf, 0xff, 0xdf, 0xff, 0xdf, 0xf7, 0xdf, 0xff, 0xdf, 0xff, 0xdf, 0xf7,
    0xdf, 0xff, 0xdf, 0xff, 0xdf, 0xff, 0xdf, 0xf7, 0xdf, 0xff, 0xdf, 0xff,
    0xdf, 0xf7, 0xdf, 0xff, 0xdf, 0xf7, 0xdf, 0xff, 0xdf, 0xff, 0xdf, 0xf7,
    0xdf, 0xff, 0xdf, 0xf7, 0xdf, 0xff, 0xdf, 0xff, 0xdf, 0xf7, 0xdf, 0xff,
    0xdf, 0xff, 0xdf, 0xf7, 0xdf, 0xff, 0xdf, 0xff, 0xdf, 0xf7, 0xdf, 0xff,
    0xdf, 0xff, 0xdf, 0xf7, 0xbf, 0xf7, 0xdf, 0xff, 0xdf, 0xf7, 0xbf, 0xf7,
    0xdf, 0xff, 0xbf, 0xf7, 0xdf, 0xf7, 0xdf, 0xff, 0xdf, 0xf7, 0xdf, 0xff,
    0xdf, 0xff, 0xbf, 0xf7, 0xdf, 0xff, 0xdf, 0xff, 0xdf, 0xf7, 0xbf, 0xff,
    0xdf, 0xff, 0xdf, 0xf7, 0xbf, 0xff, 0xdf, 0xf7, 0xdf, 0xf7, 0xbf, 0xff,
    0xdf, 0xf7, 0xdf, 0xf7, 0xdf, 0xff, 0xdf, 0xf7, 0xdf, 0xff, 0xdf, 0xff,
    0xdf, 0xf7, 0xdf, 0xff, 0xdf, 0xf7, 0xdf, 0xf7, 0xdf, 0xff, 0xdf, 0xf7,
    0xbf, 0xff, 0xdf, 0xff, 0xdf, 0xf7, 0xff, 0xff, 0xff, 0xff, 0xff, 0xff,
    0xff, 0xff, 0xff, 0xff, 0xff, 0xff, 0xff, 0xff, 0xff, 0xff, 0xff, 0xff,
    0xff, 0xff, 0xff, 0xff, 0xff, 0xff, 0xff, 0xff, 0xff, 0xff, 0xff, 0xff,
    0xff, 0xff, 0xff, 0xff, 0xff, 0xff, 0xff, 0xff, 0xff, 0xff, 0xff, 0xff,
    0xff, 0xff, 0xff, 0xff, 0xff, 0xff, 0xff, 0xff, 0xff, 0xff, 0xff, 0xff,
    0xff, 0xff, 0xff, 0xff, 0xff, 0xff, 0xff, 0xff, 0xff, 0xff, 0xff, 0xff,
    0xff, 0xff, 0xff, 0xff, 0xff, 0xff, 0xff, 0xff, 0xff, 0xff, 0xff, 0xff,
    0xff, 0xff, 0xff, 0xff, 0xff, 0xff, 0xff, 0xff, 0xff, 0xff, 0xff, 0xff,
    0xff, 0xff, 0xff, 0xff, 0xff, 0xff, 0xff, 0xff, 0xff, 0xff, 0xdf, 0xff,
    0xff, 0xff, 0xff, 0xff, 0xdf, 0xff, 0xdf, 0xff, 0xff, 0xff, 0xdf, 0xff,
    0xff, 0xff, 0xff, 0xff, 0xff, 0xff, 0xff, 0xff, 0xff, 0xff, 0xdf, 0xff,
    0xff, 0xff, 0xdf, 0xff, 0xff, 0xff, 0xdf, 0xff, 0xdf, 0xff, 0xff, 0xff,
    0xdf, 0xff, 0xff, 0xff, 0xff, 0xff, 0xff, 0xff, 0xdf, 0xff, 0xdf, 0xff,
    0xff, 0xff, 0xdf, 0xff, 0xdf, 0xff, 0xdf, 0xff, 0xdf, 0xff, 0xff, 0xf7,
    0xdf, 0xff, 0xdf, 0xff, 0xdf, 0xff, 0xff, 0xff, 0xdf, 0xff, 0xdf, 0xf7,
    0xdf, 0xff, 0xff, 0xff, 0xdf, 0xf7, 0xdf, 0xff, 0xdf, 0xff, 0xff, 0xf7,
    0xdf, 0xff, 0xdf, 0xff, 0xdf, 0xf7, 0xdf, 0xff, 0xdf, 0xff, 0xdf, 0xf7,
    0xdf, 0xff, 0xdf, 0xff, 0xdf, 0xff, 0xdf, 0xf7, 0xdf, 0xff, 0xdf, 0xf7,
    0xdf, 0xff, 0xdf, 0xff, 0xdf, 0xf7, 0xdf, 0xff, 0xdf, 0xff, 0xdf, 0xf7,
    0xdf, 0xf7, 0xdf, 0xff, 0xdf, 0xff, 0xdf, 0xf7, 0xdf, 0xff, 0xdf, 0xf7,
    0xdf, 0xff, 0xdf, 0xf7, 0xdf, 0xff, 0xbf, 0xff, 0xdf, 0xf7, 0xdf, 0xff,
    0xbf, 0xf7, 0xdf, 0xff, 0xdf, 0xf7, 0xdf, 0xff, 0xbf, 0xff, 0xdf, 0xf7,
    0xdf, 0xff, 0xdf, 0xff, 0xdf, 0xf7, 0xdf, 0xff, 0xbf, 0xff, 0xdf, 0xf7,
    0xbf, 0xf7, 0xdf, 0xff, 0xdf, 0xf7, 0xdf, 0xf7, 0xdf, 0xff, 0xbf, 0xf7,
    0xdf, 0xf7, 0xdf, 0xff, 0xdf, 0xf7, 0xdf, 0xf7, 0xdf, 0xff, 0xdf, 0xff,
    0xdf, 0xf7, 0xdf, 0xff, 0xdf, 0xff, 0xdf, 0xf7, 0xbf, 0xff, 0xdf, 0xf7,
    0xdf, 0xf7, 0xbf, 0xff, 0xdf, 0xf7, 0xbf, 0xff, 0xdf, 0xff, 0xbf, 0xf7,
    0xdf, 0xff, 0xdf, 0xf7, 0xbf, 0xf7, 0xdf, 0xff, 0xdf, 0xf7, 0xbf, 0xff,
    0xff, 0xff, 0xff, 0xff, 0xff, 0xff, 0xff, 0xff, 0xff, 0xff, 0xff, 0xff,
    0xff, 0xff, 0xff, 0xff, 0xff, 0xff, 0xff, 0xff, 0xff, 0xff, 0xff, 0xff,
    0xff, 0xff, 0xff, 0xff, 0xff, 0xff, 0xff, 0xff, 0xff, 0xff, 0xff, 0xff,
    0xff, 0xff, 0xff, 0xff, 0xff, 0xff, 0xff, 0xff, 0xff, 0xff, 0xff, 0xff,
    0xff, 0xff, 0xff, 0xff, 0xff, 0xff, 0xff, 0xff, 0xff, 0xff, 0xff, 0xff,
    0xff, 0xff, 0xff, 0xff, 0xff, 0xff, 0xff, 0xff, 0xff, 0xff, 0xff, 0xff,
    0xff, 0xff, 0xff, 0xff, 0xff, 0xff, 0xff, 0xff, 0xff, 0xff, 0xff, 0xff,
    0xff, 0xff, 0xff, 0xff, 0xff, 0xff, 0xff, 0xff, 0xff, 0xff, 0xff, 0xff,
    0xff, 0xff, 0xff, 0xff, 0xff, 0xff, 0xdf, 0xff, 0xff, 0xff, 0xff, 0xff,
    0xff, 0xff, 0xff, 0xff, 0xff, 0xff, 0xdf, 0xff, 0xff, 0xff, 0xff, 0xff,
    0xdf, 0xff, 0xff, 0xff, 0xdf, 0xff, 0xff, 0xff, 0xff, 0xff, 0xdf, 0xff,
    0xff, 0xff, 0xff, 0xff, 0xdf, 0xff, 0xff, 0xff, 0xdf, 0xff, 0xdf, 0xff,
    0xff, 0xff, 0xff, 0xff, 0xdf, 0xff, 0xff, 0xff, 0xdf, 0xff, 0xdf, 0xff,
    0xdf, 0xff, 0xff, 0xff, 0xdf, 0xff, 0xdf, 0xff, 0xdf, 0xff, 0xdf, 0xff,
    0xff, 0xff, 0xdf, 0xff, 0xdf, 0xff, 0xdf, 0xff, 0xdf, 0xf7, 0xdf, 0xff,
    0xdf, 0xff, 0xff, 0xff, 0xdf, 0xf7, 0xdf, 0xff, 0xdf, 0xff, 0xdf, 0xff,
    0xdf, 0xff, 0xdf, 0xff, 0xdf, 0xff, 0xdf, 0xf7, 0xdf, 0xff, 0xdf, 0xf7,
    0xdf, 0xff, 0xdf, 0xf7, 0xdf, 0xff, 0xdf, 0xff, 0xdf, 0xf7, 0xdf, 0xff,
    0xdf, 0xff, 0xdf, 0xf7, 0xdf, 0xff, 0xdf, 0xff, 0xdf, 0xf7, 0xdf, 0xff,
    0xdf, 0xff, 0xdf, 0xf7, 0xdf, 0xff, 0xdf, 0xff, 0xdf, 0xf7, 0xdf, 0xff,
    0xbf, 0xf7, 0xdf, 0xff, 0xdf, 0xf7, 0xbf, 0xff, 0xdf, 0xf7, 0xbf, 0xf7,
    0xdf, 0xff, 0xdf, 0xf7, 0xdf, 0xf7, 0xbf, 0xff, 0xdf, 0xf7, 0xdf, 0xf7,
    0xdf, 0xff, 0xdf, 0xff, 0xdf, 0xf7, 0xdf, 0xff, 0xbf, 0xff, 0xdf, 0xf7,
    0xdf, 0xff, 0xbf, 0xff, 0xdf, 0xf7, 0xdf, 0xff, 0xbf, 0xff, 0xdf, 0xf7,
    0xbf, 0xf7, 0xdf, 0xff, 0xdf, 0xf7, 0xbf, 0xf7, 0xbf, 0xff, 0xdf, 0xf7,
    0xdf, 0xff, 0xbf, 0xff, 0xdf, 0xf7, 0xdf, 0xff, 0xbf, 0xf7, 0xdf, 0xf7,
    0xdf, 0xff, 0xbf, 0xf7, 0xdf, 0xff, 0xdf, 0xff, 0xbf, 0xf7, 0xdf, 0xff,
    0xdf, 0xf7, 0xdf, 0xf7, 0xdf, 0xff, 0xff, 0xff, 0xff, 0xff, 0xff, 0xff,
    0xff, 0xff, 0xff, 0xff, 0xff, 0xff, 0xff, 0xff, 0xff, 0xff, 0xff, 0xff,
    0xff, 0xff, 0xff, 0xff, 0xff, 0xff, 0xff, 0xff, 0xff, 0xff, 0xff, 0xff,
    0xff, 0xff, 0xff, 0xff, 0xff, 0xff, 0xff, 0xff, 0xff, 0xff, 0xff, 0xff,
    0xff, 0xff, 0xff, 0xff, 0xff, 0xff, 0xff, 0xff, 0xff, 0xff, 0xff, 0xff,
    0xff, 0xff, 0xff, 0xff, 0xff, 0xff, 0xff, 0xff, 0xff, 0xff, 0xff, 0xff,
    0xff, 0xff, 0xff, 0xff, 0xff, 0xff, 0xff, 0xff, 0xff, 0xff, 0xff, 0xff,
    0xff, 0xff, 0xff, 0xff, 0xff, 0xff, 0xff, 0xff, 0xff, 0xff, 0xff, 0xff,
    0xff, 0xff, 0xff, 0xff, 0xdf, 0xff, 0xdf, 0xff, 0xff, 0xff, 0xff, 0xff,
    0xff, 0xff, 0xff, 0xff, 0xff, 0xff, 0xdf, 0xff, 0xff, 0xff, 0xff, 0xff,
    0xff, 0xff, 0xdf, 0xff, 0xff, 0xff, 0xff, 0xff, 0xdf, 0xff, 0xdf, 0xff,
    0xff, 0xff, 0xdf, 0xff, 0xdf, 0xff, 0xff, 0xff, 0xdf, 0xff, 0xff, 0xff,
    0xdf, 0xff, 0xff, 0xff, 0xdf, 0xff, 0xdf, 0xff, 0xff, 0xff, 0xdf, 0xff,
    0xff, 0xff, 0xdf, 0xff, 0xdf, 0xff, 0xff, 0xf7, 0xdf, 0xff, 0xdf, 0xff,
    0xff, 0xff, 0xdf, 0xff, 0xdf, 0xf7, 0xdf, 0xff, 0xff, 0xff, 0xdf, 0xff,
    0xff, 0xf7, 0xdf, 0xff, 0xdf, 0xff, 0xff, 0xff, 0xdf, 0xff, 0xdf, 0xff,
    0xdf, 0xf7, 0xdf, 0xff, 0xdf, 0xff, 0xdf, 0xf7, 0xdf, 0xff, 0xdf, 0xff,
    0xdf, 0xff, 0xdf, 0xff, 0xdf, 0xff, 0xdf, 0xf7, 0xdf, 0xff, 0xdf, 0xff,
    0xdf, 0xf7, 0xdf, 0xf7, 0xdf, 0xff, 0xdf, 0xff, 0xdf, 0xf7, 0xdf, 0xff,
    0xdf, 0xff, 0xdf, 0xf7, 0xdf, 0xff, 0xdf, 0xff, 0xdf, 0xf7, 0xdf, 0xff,
    0xdf, 0xff, 0xdf, 0xf7, 0xdf, 0xff, 0xdf, 0xff, 0xdf, 0xf7, 0xdf, 0xff,
    0xdf, 0xff, 0xdf, 0xf7, 0xdf, 0xff, 0xbf, 0xff, 0xdf, 0xf7, 0xdf, 0xff,
    0xbf, 0xff, 0xdf, 0xf7, 0xbf, 0xf7, 0xbf, 0xff, 0xdf, 0xf7, 0xdf, 0xf7,
    0xdf, 0xff, 0xbf, 0xf7, 0xdf, 0xf7, 0xdf, 0xff, 0xdf, 0xf7, 0xdf, 0xf7,
    0xdf, 0xff, 0xdf, 0xf7, 0xbf, 0xff, 0xdf, 0xff, 0xdf, 0xf7, 0xdf, 0xff,
    0xdf, 0xff, 0xdf, 0xf7, 0xdf, 0xf7, 0xdf, 0xff, 0xdf, 0xf7, 0xdf, 0xff,
    0xdf, 0xff, 0xdf, 0xf7, 0xdf, 0xff, 0xdf, 0xf7, 0xdf, 0xf7, 0xdf, 0xff,
    0xdf, 0xf7, 0xdf, 0xff, 0xdf, 0xff, 0xbf, 0xf7, 0xdf, 0xff, 0xdf, 0xf7,
    0xff, 0xff, 0xff, 0xff, 0xff, 0xff, 0xff, 0xff, 0xff, 0xff, 0xff, 0xff,
    0xff, 0xff, 0xff, 0xff, 0xff, 0xff, 0xff, 0xff, 0xff, 0xff, 0xff, 0xff,
    0xff, 0xff, 0xff, 0xff, 0xff, 0xff, 0xff, 0xff, 0xff, 0xff, 0xff, 0xff,
    0xff, 0xff, 0xff, 0xff, 0xff, 0xff, 0xff, 0xff, 0xff, 0xff, 0xff, 0xff,
    0xff, 0xff, 0xff, 0xff, 0xff, 0xff, 0xff, 0xff, 0xff, 0xff, 0xff, 0xff,
    0xff, 0xff, 0xff, 0xff, 0xff, 0xff, 0xff, 0xff, 0xff, 0xff, 0xff, 0xff,
    0xff, 0xff, 0xff, 0xff, 0xff, 0xff, 0xff, 0xff, 0xff, 0xff, 0xff, 0xff,
    0xff, 0xff, 0xff, 0xff, 0xff, 0xff, 0xff, 0xff, 0xff, 0xff, 0xff, 0xff,
    0xff, 0xff, 0xdf, 0xff, 0xff, 0xff, 0xff, 0xff, 0xdf, 0xff, 0xff, 0xff,
    0xff, 0xff, 0xdf, 0xff, 0xff, 0xff, 0xff, 0xff, 0xff, 0xff, 0xff, 0xff,
    0xdf, 0xff, 0xff, 0xff, 0xff, 0xff, 0xdf, 0xff, 0xff, 0xff, 0xff, 0xff,
    0xdf, 0xff, 0xdf, 0xff, 0xff, 0xff, 0xff, 0xff, 0xdf, 0xff, 0xff, 0xff,
    0xff, 0xff, 0xdf, 0xff, 0xff, 0xff, 0xdf, 0xff, 0xdf, 0xff, 0xdf, 0xff,
    0xdf, 0xff, 0xdf, 0xff, 0xdf, 0xff, 0xff, 0xff, 0xdf, 0xff, 0xdf, 0xff,
    0xff, 0xff, 0xdf, 0xff, 0xdf, 0xff, 0xdf, 0xff, 0xff, 0xff, 0xdf, 0xf7,
    0xdf, 0xff, 0xdf, 0xff, 0xdf, 0xf7, 0xdf, 0xff, 0xdf, 0xff, 0xdf, 0xf7,
    0xdf, 0xff, 0xdf, 0xff, 0xdf, 0xf7, 0xdf, 0xff, 0xdf, 0xf7, 0xdf, 0xff,
    0xdf, 0xff, 0xdf, 0xf7, 0xdf, 0xff, 0xdf, 0xff, 0xdf, 0xf7, 0xdf, 0xff,
    0xdf, 0xff, 0xdf, 0xf7, 0xdf, 0xff, 0xdf, 0xff, 0xdf, 0xf7, 0xdf, 0xff,
    0xdf, 0xf7, 0xdf, 0xff, 0xdf, 0xff, 0xdf, 0xf7, 0xbf, 0xff, 0xdf, 0xff,
    0xbf, 0xf7, 0xdf, 0xf7, 0xbf, 0xff, 0xdf, 0xf7, 0xdf, 0xf7, 0xdf, 0xff,
    0xbf, 0xf7, 0xdf, 0xf7, 0xdf, 0xff, 0xdf, 0xff, 0xdf, 0xf7, 0xdf, 0xff,
    0xdf, 0xff, 0xbf, 0xf7, 0xdf, 0xff, 0xdf, 0xff, 0xdf, 0xf7, 0xbf, 0xff,
    0xdf, 0xff, 0xbf, 0xf7, 0xdf, 0xff, 0xdf, 0xf7, 0xdf, 0xf7, 0xdf, 0xff,
    0xdf, 0xf7, 0xbf, 0xf7, 0xbf, 0xff, 0xdf, 0xff, 0xdf, 0xf7, 0xbf, 0xff,
    0xbf, 0xf7, 0xdf, 0xf7, 0xbf, 0xff, 0xdf, 0xf7, 0xbf, 0xff, 0xdf, 0xff,
    0xbf, 0xf7, 0xdf, 0xff, 0xbf, 0xf7, 0xdf, 0xf7, 0xdf, 0xff, 0xbf, 0xf7,
    0xdf, 0xff, 0xdf, 0xff, 0xbf, 0xf7, 0xff, 0xff, 0xff, 0xff, 0xff, 0xff,
    0xff, 0xff, 0xff, 0xff, 0xff, 0xff, 0xff, 0xff, 0xff, 0xff, 0xff, 0xff,
    0xff, 0xff, 0xff, 0xff, 0xff, 0xff, 0xff, 0xff, 0xff, 0xff, 0xff, 0xff,
    0xff, 0xff, 0xff, 0xff, 0xff, 0xff, 0xff, 0xff, 0xff, 0xff, 0xff, 0xff,
    0xff, 0xff, 0xff, 0xff, 0xff, 0xff, 0xff, 0xff, 0xff, 0xff, 0xff, 0xff,
    0xff, 0xff, 0xff, 0xff, 0xff, 0xff, 0xff, 0xff, 0xff, 0xff, 0xff, 0xff,
    0xff, 0xff, 0xff, 0xff, 0xff, 0xff, 0xff, 0xff, 0xff, 0xff, 0xff, 0xff,
    0xff, 0xff, 0xff, 0xff, 0xff, 0xff, 0xff, 0xff, 0xff, 0xff, 0xff, 0xff,
    0xff, 0xff, 0xdf, 0xff, 0xff, 0xff, 0xff, 0xff, 0xff, 0xff, 0xdf, 0xff,
    0xff, 0xff, 0xff, 0xff, 0xdf, 0xff, 0xff, 0xff, 0xff, 0xff, 0xdf, 0xff,
    0xff, 0xff, 0xff, 0xff, 0xdf, 0xff, 0xdf, 0xff, 0xff, 0xff, 0xdf, 0xff,
    0xdf, 0xff, 0xff, 0xff, 0xff, 0xff, 0xdf, 0xff, 0xff, 0xff, 0xdf, 0xff,
    0xdf, 0xff, 0xff, 0xff, 0xdf, 0xff, 0xdf, 0xff, 0xff, 0xff, 0xdf, 0xff,
    0xdf, 0xff, 0xdf, 0xff, 0xff, 0xff, 0xdf, 0xff, 0xdf, 0xff, 0xff, 0xf7,
    0xdf, 0xff, 0xdf, 0xff, 0xdf, 0xff, 0xdf, 0xf7, 0xdf, 0xff, 0xdf, 0xf7,
    0xdf, 0xff, 0xdf, 0xff, 0xff, 0xf7, 0xdf, 0xff, 0xdf, 0xff, 0xdf, 0xff,
    0xdf, 0xff, 0xdf, 0xff, 0xdf, 0xff, 0xdf, 0xff, 0xdf, 0xf7, 0xdf, 0xff,
    0xdf, 0xf7, 0xdf, 0xff, 0xdf, 0xf7, 0xdf, 0xff, 0xdf, 0xf7, 0xdf, 0xff,
    0xdf, 0xff, 0xdf, 0xf7, 0xdf, 0xff, 0xdf, 0xf7, 0xdf, 0xff, 0xdf, 0xf7,
    0xdf, 0xff, 0xdf, 0xff, 0xdf, 0xf7, 0xdf, 0xff, 0xdf, 0xff, 0xdf, 0xf7,
    0xbf, 0xff, 0xdf, 0xf7, 0xdf, 0xff, 0xdf, 0xf7, 0xbf, 0xff, 0xdf, 0xf7,
    0xbf, 0xff, 0xdf, 0xff, 0xdf, 0xf7, 0xdf, 0xff, 0xdf, 0xf7, 0xbf, 0xf7,
    0xdf, 0xff, 0xdf, 0xf7, 0xdf, 0xf7, 0xdf, 0xff, 0xdf, 0xf7, 0xbf, 0xf7,
    0xdf, 0xff, 0xdf, 0xf7, 0xdf, 0xf7, 0xdf, 0xff, 0xbf, 0xf7, 0xdf, 0xff,
    0xbf, 0xff, 0xbf, 0xf7, 0xdf, 0xff, 0xdf, 0xff, 0xdf, 0xf7, 0xdf, 0xf7,
    0xdf, 0xff, 0xdf, 0xf7, 0xdf, 0xff, 0xdf, 0xff, 0xdf, 0xf7, 0xdf, 0xf7,
    0xbf, 0xff, 0xdf, 0xf7, 0xdf, 0xf7, 0xdf, 0xff, 0xdf, 0xff, 0xdf, 0xf7,
    0xbf, 0xff, 0xdf, 0xf7, 0xdf, 0xf7, 0xdf, 0xff, 0xdf, 0xf7, 0xdf, 0xff,
    0xff, 0xff, 0xff, 0xff, 0xff, 0xff, 0xff, 0xff, 0xff, 0xff, 0xff, 0xff,
    0xff, 0xff, 0xff, 0xff, 0xff, 0xff, 0xff, 0xff, 0xff, 0xff, 0xff, 0xff,
    0xff, 0xff, 0xff, 0xff, 0xff, 0xff, 0xff, 0xff, 0xff, 0xff, 0xff, 0xff,
    0xff, 0xff, 0xff, 0xff, 0xff, 0xff, 0xff, 0xff, 0xff, 0xff, 0xff, 0xff,
    0xff, 0xff, 0xff, 0xff, 0xff, 0xff, 0xff, 0xff, 0xff, 0xff, 0xff, 0xff,
    0xff, 0xff, 0xff, 0xff, 0xff, 0xff, 0xff, 0xff, 0xff, 0xff, 0xff, 0xff,
    0xff, 0xff, 0xff, 0xff, 0xff, 0xff, 0xff, 0xff, 0xff, 0xff, 0xff, 0xff,
    0xff, 0xff, 0xff, 0xff, 0xff, 0xff, 0xff, 0xff, 0xdf, 0xff, 0xff, 0xff,
    0xff, 0xff, 0xff, 0xff, 0xff, 0xff, 0xff, 0xff, 0xff, 0xff, 0xff, 0xff,
    0xff, 0xff, 0xff, 0xff, 0xff, 0xff, 0xdf, 0xff, 0xff, 0xff, 0xdf, 0xff,
    0xdf, 0xff, 0xff, 0xff, 0xdf, 0xff, 0xdf, 0xff, 0xff, 0xff, 0xdf, 0xff,
    0xdf, 0xff, 0xff, 0xff, 0xff, 0xff, 0xdf, 0xff, 0xff, 0xff, 0xff, 0xff,
    0xdf, 0xff, 0xdf, 0xff, 0xdf, 0xff, 0xdf, 0xff, 0xff, 0xf7, 0xdf, 0xff,
    0xdf, 0xff, 0xff, 0xff, 0xdf, 0xff, 0xdf, 0xff, 0xff, 0xff, 0xdf, 0xff,
    0xdf, 0xff, 0xff, 0xff, 0xff, 0xff, 0xdf, 0xf7, 0xdf, 0xff, 0xdf, 0xff,
    0xdf, 0xf7, 0xdf, 0xff, 0xdf, 0xff, 0xdf, 0xf7, 0xdf, 0xf7, 0xdf, 0xff,
    0xdf, 0xff, 0xdf, 0xff, 0xdf, 0xf7, 0xdf, 0xff, 0xdf, 0xff, 0xdf, 0xff,
    0xdf, 0xf7, 0xdf, 0xff, 0xdf, 0xff, 0xdf, 0xf7, 0xdf, 0xff, 0xdf, 0xff,
    0xdf, 0xff, 0xdf, 0xf7, 0xdf, 0xff, 0xdf, 0xf7, 0xdf, 0xff, 0xdf, 0xff,
    0xdf, 0xf7, 0xdf, 0xff, 0xdf, 0xff, 0xdf, 0xf7, 0xdf, 0xf7, 0xdf, 0xff,
    0xdf, 0xff, 0xdf, 0xf7, 0xdf, 0xf7, 0xdf, 0xff, 0xbf, 0xf7, 0xdf, 0xff,
    0xdf, 0xff, 0xbf, 0xf7, 0xdf, 0xff, 0xdf, 0xff, 0xbf, 0xf7, 0xbf, 0xff,
    0xdf, 0xff, 0xdf, 0xf7, 0xdf, 0xff, 0xbf, 0xff, 0xdf, 0xf7, 0xdf, 0xff,
    0xdf, 0xf7, 0xdf, 0xf7, 0xdf, 0xff, 0xdf, 0xf7, 0xdf, 0xff, 0xbf, 0xf7,
    0xdf, 0xff, 0xdf, 0xff, 0xbf, 0xf7, 0xdf, 0xf7, 0xbf, 0xff, 0xdf, 0xf7,
    0xdf, 0xff, 0xdf, 0xff, 0xdf, 0xf7, 0xdf, 0xff, 0xdf, 0xf7, 0xbf, 0xf7,
    0xdf, 0xff, 0xdf, 0xf7, 0xdf, 0xff, 0xdf, 0xff, 0xbf, 0xf7, 0xdf, 0xff,
    0xbf, 0xf7, 0xdf, 0xf7, 0xdf, 0xff, 0xff, 0xff, 0xff, 0xff, 0xff, 0xff,
    0xff, 0xff, 0xff, 0xff, 0xff, 0xff, 0xff, 0xff, 0xff, 0xff, 0xff, 0xff,
    0xff, 0xff, 0xff, 0xff, 0xff, 0xff, 0xff, 0xff, 0xff, 0xff, 0xff, 0xff,
    0xff, 0xff, 0xff, 0xff, 0xff, 0xff, 0xff, 0xff, 0xff, 0xff, 0xff, 0xff,
    0xff, 0xff, 0xff, 0xff, 0xff, 0xff, 0xff, 0xff, 0xff, 0xff, 0xff, 0xff,
    0xff, 0xff, 0xff, 0xff, 0xff, 0xff, 0xff, 0xff, 0xff, 0xff, 0xff, 0xff,
    0xff, 0xff, 0xff, 0xff, 0xff, 0xff, 0xff, 0xff, 0xff, 0xff, 0xff, 0xff,
    0xff, 0xff, 0xff, 0xff, 0xff, 0xff, 0xff, 0xff, 0xff, 0xff, 0xff, 0xff,
    0xdf, 0xff, 0xff, 0xff, 0xff, 0xff, 0xdf, 0xff, 0xff, 0xff, 0xdf, 0xff,
    0xff, 0xff, 0xdf, 0xff, 0xff, 0xff, 0xdf, 0xff, 0xff, 0xff, 0xff, 0xff,
    0xff, 0xff, 0xdf, 0xff, 0xff, 0xff, 0xff, 0xff, 0xff, 0xff, 0xff, 0xff,
    0xdf, 0xff, 0xff, 0xff, 0xdf, 0xff, 0xff, 0xff, 0xdf, 0xff, 0xff, 0xff,
    0xdf, 0xff, 0xdf, 0xff, 0xff, 0xff, 0xff, 0xff, 0xdf, 0xff, 0xdf, 0xff,
    0xff, 0xff, 0xdf, 0xff, 0xdf, 0xff, 0xdf, 0xf7, 0xdf, 0xff, 0xdf, 0xff,
    0xdf, 0xf7, 0xff, 0xff, 0xdf, 0xff, 0xdf, 0xf7, 0xdf, 0xff, 0xdf, 0xff,
    0xff, 0xff, 0xdf, 0xff, 0xdf, 0xff, 0xdf, 0xff, 0xdf, 0xf7, 0xdf, 0xff,
    0xdf, 0xff, 0xdf, 0xff, 0xdf, 0xf7, 0xdf, 0xff, 0xdf, 0xff, 0xdf, 0xf7,
    0xdf, 0xff, 0xdf, 0xff, 0xdf, 0xf7, 0xdf, 0xff, 0xdf, 0xff, 0xdf, 0xf7,
    0xdf, 0xff, 0xdf, 0xf7, 0xdf, 0xff, 0xdf, 0xff, 0xdf, 0xf7, 0xdf, 0xff,
    0xdf, 0xff, 0xdf, 0xf7, 0xdf, 0xff, 0xdf, 0xf7, 0xdf, 0xff, 0xbf, 0xff,
    0xdf, 0xf7, 0xbf, 0xff, 0xbf, 0xf7, 0xdf, 0xff, 0xdf, 0xf7, 0xdf, 0xff,
    0xdf, 0xf7, 0xbf, 0xf7, 0xdf, 0xff, 0xdf, 0xf7, 0xdf, 0xf7, 0xdf, 0xff,
    0xdf, 0xf7, 0xdf, 0xf7, 0xdf, 0xff, 0xbf, 0xf7, 0xdf, 0xf7, 0xdf, 0xff,
    0xdf, 0xf7, 0xbf, 0xff, 0xdf, 0xff, 0xbf, 0xf7, 0xdf, 0xff, 0xdf, 0xf7,
    0xdf, 0xff, 0xdf, 0xf7, 0xdf, 0xf7, 0xdf, 0xff, 0xbf, 0xf7, 0xdf, 0xff,
    0xdf, 0xff, 0xdf, 0xf7, 0xbf, 0xf7, 0xbf, 0xff, 0xdf, 0xf7, 0xbf, 0xff,
    0xdf, 0xff, 0xdf, 0xff, 0xbf, 0xf7, 0xdf, 0xff, 0xbf, 0xf7, 0xdf, 0xf7,
    0xdf, 0xff, 0xdf, 0xff, 0xdf, 0xf7, 0xdf, 0xff, 0xbf, 0xff, 0xdf, 0xf7,
    0xff, 0xff, 0xff, 0xff, 0xff, 0xff, 0xff, 0xff, 0xff, 0xff, 0xff, 0xff,
    0xff, 0xff, 0xff, 0xff, 0xff, 0xff, 0xff, 0xff, 0xff, 0xff, 0xff, 0xff,
    0xff, 0xff, 0xff, 0xff, 0xff, 0xff, 0xff, 0xff, 0xff, 0xff, 0xff, 0xff,
    0xff, 0xff, 0xff, 0xff, 0xff, 0xff, 0xff, 0xff, 0xff, 0xff, 0xff, 0xff,
    0xff, 0xff, 0xff, 0xff, 0xff, 0xff, 0xff, 0xff, 0xff, 0xff, 0xff, 0xff,
    0xff, 0xff, 0xff, 0xff, 0xff, 0xff, 0xff, 0xff, 0xff, 0xff, 0xff, 0xff,
    0xff, 0xff, 0xff, 0xff, 0xff, 0xff, 0xff, 0xff, 0xff, 0xff, 0xff, 0xff,
    0xff, 0xff, 0xdf, 0xff, 0xff, 0xff, 0xff, 0xff, 0xff, 0xff, 0xff, 0xff,
    0xff, 0xff, 0xdf, 0xff, 0xff, 0xff, 0xff, 0xff, 0xff, 0xff, 0xdf, 0xff,
    0xff, 0xff, 0xff, 0xff, 0xdf, 0xff, 0xdf, 0xff, 0xff, 0xff, 0xdf, 0xff,
    0xdf, 0xff, 0xdf, 0xff, 0xff, 0xff, 0xff, 0xff, 0xdf, 0xff, 0xff, 0xff,
    0xdf, 0xff, 0xff, 0xff, 0xdf, 0xff, 0xff, 0xff, 0xdf, 0xff, 0xdf, 0xff,
    0xdf, 0xff, 0xdf, 0xff, 0xdf, 0xff, 0xdf, 0xf7, 0xdf, 0xff, 0xff, 0xff,
    0xdf, 0xff, 0xdf, 0xff, 0xff, 0xff, 0xdf, 0xff, 0xdf, 0xff, 0xdf, 0xff,
    0xff, 0xf7, 0xdf, 0xff, 0xdf, 0xff, 0xdf, 0xf7, 0xff, 0xff, 0xdf, 0xff,
    0xdf, 0xff, 0xdf, 0xff, 0xdf, 0xf7, 0xdf, 0xff, 0xdf, 0xff, 0xdf, 0xff,
    0xdf, 0xff, 0xdf, 0xf7, 0xdf, 0xff, 0xdf, 0xff, 0xdf, 0xf7, 0xdf, 0xf7,
    0xdf, 0xff, 0xdf, 0xf7, 0xdf, 0xff, 0xdf, 0xff, 0xdf, 0xf7, 0xdf, 0xf7,
    0xdf, 0xff, 0xdf, 0xff, 0xdf, 0xf7, 0xdf, 0xff, 0xdf, 0xff, 0xdf, 0xf7,
    0xdf, 0xff, 0xbf, 0xf7, 0xdf, 0xff, 0xdf, 0xf7, 0xdf, 0xff, 0xdf, 0xf7,
    0xbf, 0xf7, 0xdf, 0xff, 0xbf, 0xff, 0xdf, 0xf7, 0xdf, 0xff, 0xbf, 0xff,
    0xdf, 0xf7, 0xdf, 0xff, 0xbf, 0xff, 0xdf, 0xf7, 0xdf, 0xff, 0xdf, 0xff,
    0xdf, 0xf7, 0xbf, 0xff, 0xdf, 0xf7, 0xdf, 0xf7, 0xdf, 0xff, 0xbf, 0xf7,
    0xdf, 0xff, 0xdf, 0xff, 0xbf, 0xf7, 0xbf, 0xff, 0xdf, 0xff, 0xdf, 0xf7,
    0xbf, 0xf7, 0xdf, 0xff, 0xdf, 0xf7, 0xdf, 0xff, 0xdf, 0xf7, 0xdf, 0xff,
    0xdf, 0xf7, 0xdf, 0xf7, 0xbf, 0xf7, 0xdf, 0xff, 0xdf, 0xf7, 0xdf, 0xff,
    0xdf, 0xff, 0xdf, 0xf7, 0xbf, 0xf7, 0xdf, 0xff, 0xdf, 0xf7, 0xbf, 0xf7,
    0xdf, 0xff, 0xdf, 0xf7, 0xdf, 0xf7, 0xff, 0xff, 0xff, 0xff, 0xff, 0xff,
    0xff, 0xff, 0xff, 0xff, 0xff, 0xff, 0xff, 0xff, 0xff, 0xff, 0xff, 0xff,
    0xff, 0xff, 0xff, 0xff, 0xff, 0xff, 0xff, 0xff, 0xff, 0xff, 0xff, 0xff,
    0xff, 0xff, 0xff, 0xff, 0xff, 0xff, 0xff, 0xff, 0xff, 0xff, 0xff, 0xff,
    0xff, 0xff, 0xff, 0xff, 0xff, 0xff, 0xff, 0xff, 0xff, 0xff, 0xff, 0xff,
    0xff, 0xff, 0xff, 0xff, 0xff, 0xff, 0xff, 0xff, 0xff, 0xff, 0xff, 0xff,
    0xff, 0xff, 0xff, 0xff, 0xff, 0xff, 0xff, 0xff, 0xff, 0xff, 0xff, 0xff,
    0xff, 0xff, 0xff, 0xff, 0xff, 0xff, 0xff, 0xff, 0xff, 0xff, 0xdf, 0xff,
    0xff, 0xff, 0xff, 0xff, 0xdf, 0xff, 0xff, 0xff, 0xff, 0xff, 0xff, 0xff,
    0xff, 0xff, 0xff, 0xff, 0xff, 0xff, 0xff, 0xff, 0xff, 0xff, 0xdf, 0xff,
    0xff, 0xff, 0xff, 0xff, 0xdf, 0xff, 0xff, 0xff, 0xdf, 0xff, 0xdf, 0xff,
    0xff, 0xff, 0xdf, 0xff, 0xff, 0xff, 0xdf, 0xff, 0xff, 0xff, 0xff, 0xff,
    0xdf, 0xff, 0xff, 0xff, 0xdf, 0xff, 0xdf, 0xff, 0xff, 0xff, 0xdf, 0xff,
    0xdf, 0xff, 0xff, 0xff, 0xdf, 0xff, 0xdf, 0xff, 0xff, 0xff, 0xdf, 0xff,
    0xdf, 0xff, 0xdf, 0xff, 0xff, 0xff, 0xdf, 0xff, 0xdf, 0xff, 0xff, 0xf7,
    0xdf, 0xff, 0xdf, 0xf7, 0xdf, 0xff, 0xdf, 0xf7, 0xdf, 0xff, 0xdf, 0xff,
    0xdf, 0xff, 0xdf, 0xf7, 0xdf, 0xff, 0xdf, 0xf7, 0xdf, 0xff, 0xdf, 0xff,
    0xdf, 0xf7, 0xdf, 0xff, 0xdf, 0xff, 0xdf, 0xff, 0xdf, 0xf7, 0xdf, 0xff,
    0xdf, 0xff, 0xdf, 0xff, 0xdf, 0xf7, 0xdf, 0xff, 0xdf, 0xff, 0xdf, 0xf7,
    0xdf, 0xff, 0xdf, 0xff, 0xdf, 0xf7, 0xdf, 0xff, 0xdf, 0xff, 0xdf, 0xf7,
    0xdf, 0xff, 0xdf, 0xf7, 0xdf, 0xff, 0xdf, 0xff, 0xdf, 0xf7, 0xdf, 0xf7,
    0xdf, 0xff, 0xdf, 0xf7, 0xdf, 0xf7, 0xbf, 0xff, 0xdf, 0xf7, 0xdf, 0xf7,
    0xbf, 0xff, 0xbf, 0xf7, 0xdf, 0xf7, 0xdf, 0xff, 0xdf, 0xff, 0xbf, 0xf7,
    0xdf, 0xff, 0xdf, 0xf7, 0xdf, 0xf7, 0xdf, 0xff, 0xdf, 0xf7, 0xdf, 0xf7,
    0xdf, 0xff, 0xdf, 0xff, 0xbf, 0xf7, 0xdf, 0xff, 0xdf, 0xff, 0xbf, 0xf7,
    0xdf, 0xf7, 0xbf, 0xff, 0xdf, 0xff, 0xdf, 0xff, 0xdf, 0xf7, 0xdf, 0xff,
    0xdf, 0xf7, 0xbf, 0xf7, 0xdf, 0xff, 0xdf, 0xf7, 0xdf, 0xff, 0xbf, 0xff,
    0xdf, 0xf7, 0xdf, 0xff, 0xbf, 0xff, 0xdf, 0xf7, 0xdf, 0xff, 0xbf, 0xff,
    0xff, 0xff, 0xff, 0xff, 0xff, 0xff, 0xff, 0xff, 0xff, 0xff, 0xff, 0xff,
    0xff, 0xff, 0xff, 0xff, 0xff, 0xff, 0xff, 0xff, 0xff, 0xff, 0xff, 0xff,
    0xff, 0xff, 0xff, 0xff, 0xff, 0xff, 0xff, 0xff, 0xff, 0xff, 0xff, 0xff,
    0xff, 0xff, 0xff, 0xff, 0xff, 0xff, 0xff, 0xff, 0xff, 0xff, 0xff, 0xff,
    0xff, 0xff, 0xff, 0xff, 0xff, 0xff, 0xff, 0xff, 0xff, 0xff, 0xff, 0xff,
    0xff, 0xff, 0xff, 0xff, 0xff, 0xff, 0xff, 0xff, 0xff, 0xff, 0xff, 0xff,
    0xff, 0xff, 0xff, 0xff, 0xff, 0xff, 0xff, 0xff, 0xff, 0xff, 0xff, 0xff,
    0xff, 0xff, 0xff, 0xff, 0xff, 0xff, 0xdf, 0xff, 0xff, 0xff, 0xff, 0xff,
    0xdf, 0xff, 0xff, 0xff, 0xff, 0xff, 0xdf, 0xff, 0xdf, 0xff, 0xff, 0xff,
    0xff, 0xff, 0xff, 0xff, 0xdf, 0xff, 0xdf, 0xff, 0xff, 0xff, 0xdf, 0xff,
    0xff, 0xff, 0xff, 0xff, 0xdf, 0xff, 0xdf, 0xff, 0xff, 0xff, 0xdf, 0xff,
    0xff, 0xff, 0xdf, 0xff, 0xdf, 0xff, 0xff, 0xff, 0xdf, 0xff, 0xdf, 0xff,
    0xff, 0xff, 0xdf, 0xf7, 0xdf, 0xff, 0xff, 0xff, 0xdf, 0xff, 0xdf, 0xff,
    0xdf, 0xf7, 0xdf, 0xff, 0xdf, 0xff, 0xff, 0xf7, 0xdf, 0xf7, 0xdf, 0xff,
    0xdf, 0xff, 0xdf, 0xf7, 0xdf, 0xff, 0xdf, 0xff, 0xdf, 0xff, 0xdf, 0xff,
    0xdf, 0xff, 0xdf, 0xf7, 0xdf, 0xff, 0xdf, 0xff, 0xdf, 0xff, 0xdf, 0xf7,
    0xdf, 0xff, 0xdf, 0xff, 0xdf, 0xf7, 0xdf, 0xff, 0xdf, 0xff, 0xdf, 0xf7,
    0xdf, 0xff, 0xdf, 0xff, 0xdf, 0xf7, 0xdf, 0xff, 0xdf, 0xff, 0xdf, 0xf7,
    0xdf, 0xff, 0xdf, 0xf7, 0xdf, 0xff, 0xdf, 0xf7, 0xdf, 0xff, 0xbf, 0xff,
    0xdf, 0xf7, 0xdf, 0xf7, 0xbf, 0xff, 0xbf, 0xf7, 0xdf, 0xff, 0xbf, 0xf7,
    0xdf, 0xff, 0xbf, 0xf7, 0xdf, 0xff, 0xbf, 0xff, 0xdf, 0xf7, 0xdf, 0xff,
    0xdf, 0xff, 0xdf, 0xf7, 0xdf, 0xff, 0xdf, 0xff, 0xdf, 0xf7, 0xbf, 0xf7,
    0xdf, 0xff, 0xdf, 0xf7, 0xdf, 0xff, 0xbf, 0xff, 0xdf, 0xf7, 0xdf, 0xff,
    0xbf, 0xff, 0xdf, 0xf7, 0xdf, 0xf7, 0xbf, 0xff, 0xdf, 0xf7, 0xdf, 0xf7,
    0xdf, 0xff, 0xdf, 0xf7, 0xdf, 0xff, 0xdf, 0xf7, 0xbf, 0xf7, 0xdf, 0xff,
    0xdf, 0xf7, 0xbf, 0xff, 0xdf, 0xff, 0xdf, 0xf7, 0xbf, 0xff, 0xdf, 0xf7,
    0xdf, 0xf7, 0xbf, 0xff, 0xdf, 0xf7, 0xdf, 0xf7, 0xdf, 0xff, 0xdf, 0xf7,
    0xdf, 0xf7, 0xdf, 0xff, 0xdf, 0xf7, 0xff, 0xff, 0xff, 0xff, 0xff, 0xff,
    0xff, 0xff, 0xff, 0xff, 0xff, 0xff, 0xff, 0xff, 0xff, 0xff, 0xff, 0xff,
    0xff, 0xff, 0xff, 0xff, 0xff, 0xff, 0xff, 0xff, 0xff, 0xff, 0xff, 0xff,
    0xff, 0xff, 0xff, 0xff, 0xff, 0xff, 0xff, 0xff, 0xff, 0xff, 0xff, 0xff,
    0xff, 0xff, 0xff, 0xff, 0xff, 0xff, 0xff, 0xff, 0xff, 0xff, 0xff, 0xff,
    0xff, 0xff, 0xff, 0xff, 0xff, 0xff, 0xff, 0xff, 0xff, 0xff, 0xff, 0xff,
    0xff, 0xff, 0xff, 0xff, 0xff, 0xff, 0xff, 0xff, 0xff, 0xff, 0xff, 0xff,
    0xff, 0xff, 0xff, 0xff, 0xdf, 0xff, 0xdf, 0xff, 0xff, 0xff, 0xff, 0xff,
    0xff, 0xff, 0xff, 0xff, 0xff, 0xff, 0xff, 0xff, 0xdf, 0xff, 0xff, 0xff,
    0xff, 0xff, 0xff, 0xff, 0xdf, 0xff, 0xff, 0xff, 0xdf, 0xff, 0xdf, 0xff,
    0xff, 0xff, 0xdf, 0xff, 0xdf, 0xff, 0xff, 0xff, 0xff, 0xff, 0xdf, 0xff,
    0xff, 0xff, 0xff, 0xff, 0xdf, 0xff, 0xff, 0xff, 0xdf, 0xff, 0xff, 0xff,
    0xff, 0xff, 0xdf, 0xff, 0xdf, 0xff, 0xdf, 0xff, 0xdf, 0xff, 0xdf, 0xff,
    0xdf, 0xff, 0xdf, 0xff, 0xff, 0xff, 0xdf, 0xff, 0xdf, 0xff, 0xff, 0xff,
    0xdf, 0xff, 0xdf, 0xff, 0xff, 0xff, 0xdf, 0xf7, 0xff, 0xff, 0xdf, 0xff,
    0xdf, 0xff, 0xdf, 0xf7, 0xdf, 0xff, 0xdf, 0xff, 0xdf, 0xff, 0xdf, 0xf7,
    0xdf, 0xff, 0xdf, 0xff, 0xdf, 0xf7, 0xdf, 0xff, 0xdf, 0xf7, 0xdf, 0xff,
    0xdf, 0xf7, 0xdf, 0xff, 0xdf, 0xf7, 0xdf, 0xff, 0xdf, 0xf7, 0xdf, 0xf7,
    0xdf, 0xff, 0xdf, 0xf7, 0xdf, 0xff, 0xdf, 0xff, 0xdf, 0xff, 0xdf, 0xf7,
    0xdf, 0xff, 0xdf, 0xf7, 0xdf, 0xff, 0xbf, 0xff, 0xdf, 0xf7, 0xdf, 0xff,
    0xdf, 0xf7, 0xdf, 0xf7, 0xdf, 0xff, 0xbf, 0xf7, 0xdf, 0xff, 0xdf, 0xf7,
    0xdf, 0xf7, 0xbf, 0xff, 0xdf, 0xf7, 0xbf, 0xf7, 0xdf, 0xff, 0xbf, 0xf7,
    0xdf, 0xff, 0xdf, 0xff, 0xdf, 0xf7, 0xbf, 0xff, 0xdf, 0xf7, 0xdf, 0xf7,
    0xdf, 0xff, 0xbf, 0xf7, 0xdf, 0xf7, 0xdf, 0xff, 0xbf, 0xff, 0xdf, 0xf7,
    0xdf, 0xff, 0xbf, 0xf7, 0xdf, 0xff, 0xdf, 0xf7, 0xbf, 0xff, 0xdf, 0xff,
    0xdf, 0xf7, 0xdf, 0xff, 0xdf, 0xf7, 0xbf, 0xf7, 0xdf, 0xff, 0xdf, 0xf7,
    0xdf, 0xff, 0xdf, 0xff, 0xdf, 0xf7, 0xbf, 0xff, 0xdf, 0xff, 0xdf, 0xf7,
    0xbf, 0xff, 0xdf, 0xff, 0xbf, 0xf7, 0xdf, 0xff, 0xbf, 0xf7, 0xdf, 0xf7,
    0xff, 0xff, 0xff, 0xff, 0xff, 0xff, 0xff, 0xff, 0xff, 0xff, 0xff, 0xff,
    0xff, 0xff, 0xff, 0xff, 0xff, 0xff, 0xff, 0xff, 0xff, 0xff, 0xff, 0xff,
    0xff, 0xff, 0xff, 0xff, 0xff, 0xff, 0xff, 0xff, 0xff, 0xff, 0xff, 0xff,
    0xff, 0xff, 0xff, 0xff, 0xff, 0xff, 0xff, 0xff, 0xff, 0xff, 0xff, 0xff,
    0xff, 0xff, 0xff, 0xff, 0xff, 0xff, 0xff, 0xff, 0xff, 0xff, 0xff, 0xff,
    0xff, 0xff, 0xff, 0xff, 0xff, 0xff, 0xff, 0xff, 0xff, 0xff, 0xff, 0xff,
    0xff, 0xff, 0xff, 0xff, 0xff, 0xff, 0xff, 0xff, 0xff, 0xff, 0xff, 0xff,
    0xff, 0xff, 0xdf, 0xff, 0xff, 0xff, 0xff, 0xff, 0xdf, 0xff, 0xff, 0xff,
    0xff, 0xff, 0xff, 0xff, 0xff, 0xff, 0xff, 0xff, 0xff, 0xff, 0xff, 0xff,
    0xdf, 0xff, 0xff, 0xff, 0xff, 0xff, 0xff, 0xff, 0xdf, 0xff, 0xff, 0xff,
    0xdf, 0xff, 0xdf, 0xff, 0xff, 0xff, 0xdf, 0xff, 0xdf, 0xff, 0xff, 0xff,
    0xdf, 0xff, 0xff, 0xff, 0xdf, 0xff, 0xdf, 0xff, 0xdf, 0xff, 0xdf, 0xff,
    0xff, 0xff, 0xdf, 0xff, 0xff, 0xf7, 0xdf, 0xff, 0xdf, 0xff, 0xff, 0xf7,
    0xdf, 0xff, 0xdf, 0xff, 0xff, 0xff, 0xdf, 0xf7, 0xdf, 0xff, 0xdf, 0xff,
    0xdf, 0xff, 0xdf, 0xff, 0xdf, 0xff, 0xdf, 0xf7, 0xdf, 0xff, 0xdf, 0xff,
    0xdf, 0xf7, 0xdf, 0xff, 0xdf, 0xff, 0xdf, 0xff, 0xdf, 0xf7, 0xdf, 0xff,
    0xdf, 0xff, 0xdf, 0xf7, 0xdf, 0xff, 0xdf, 0xff, 0xdf, 0xf7, 0xdf, 0xff,
    0xdf, 0xff, 0xdf, 0xff, 0xdf, 0xff, 0xdf, 0xf7, 0xdf, 0xff, 0xdf, 0xf7,
    0xdf, 0xff, 0xdf, 0xf7, 0xdf, 0xff, 0xdf, 0xff, 0xdf, 0xf7, 0xdf, 0xff,
    0xdf, 0xf7, 0xbf, 0xff, 0xdf, 0xff, 0xdf, 0xf7, 0xdf, 0xff, 0xdf, 0xff,
    0xdf, 0xf7, 0xdf, 0xff, 0xdf, 0xff, 0xdf, 0xf7, 0xdf, 0xff, 0xbf, 0xff,
    0xdf, 0xf7, 0xdf, 0xff, 0xdf, 0xf7, 0xbf, 0xf7, 0xdf, 0xff, 0xdf, 0xff,
    0xdf, 0xf7, 0xbf, 0xff, 0xdf, 0xff, 0xdf, 0xf7, 0xdf, 0xff, 0xdf, 0xf7,
    0xdf, 0xf7, 0xbf, 0xff, 0xdf, 0xff, 0xdf, 0xf7, 0xdf, 0xff, 0xdf, 0xff,
    0xbf, 0xf7, 0xdf, 0xf7, 0xdf, 0xff, 0xbf, 0xff, 0xdf, 0xf7, 0xdf, 0xff,
    0xdf, 0xff, 0xbf, 0xf7, 0xdf, 0xf7, 0xbf, 0xff, 0xdf, 0xf7, 0xdf, 0xf7,
    0xdf, 0xff, 0xdf, 0xf7, 0xdf, 0xf7, 0xdf, 0xff, 0xdf, 0xf7, 0xdf, 0xff,
    0xbf, 0xff, 0xdf, 0xff, 0xdf, 0xf7, 0xff, 0xff, 0xff, 0xff, 0xff, 0xff,
    0xff, 0xff, 0xff, 0xff, 0xff, 0xff, 0xff, 0xff, 0xff, 0xff, 0xff, 0xff,
    0xff, 0xff, 0xff, 0xff, 0xff, 0xff, 0xff, 0xff, 0xff, 0xff, 0xff, 0xff,
    0xff, 0xff, 0xff, 0xff, 0xff, 0xff, 0xff, 0xff, 0xff, 0xff, 0xff, 0xff,
    0xff, 0xff, 0xff, 0xff, 0xff, 0xff, 0xff, 0xff, 0xff, 0xff, 0xff, 0xff,
    0xff, 0xff, 0xff, 0xff, 0xff, 0xff, 0xff, 0xff, 0xff, 0xff, 0xff, 0xff,
    0xff, 0xff, 0xff, 0xff, 0xff, 0xff, 0xff, 0xff, 0xff, 0xff, 0xff, 0xff,
    0xff, 0xff, 0xff, 0xff, 0xff, 0xff, 0xff, 0xff, 0xff, 0xff, 0xdf, 0xff,
    0xff, 0xff, 0xff, 0xff, 0xdf, 0xff, 0xff, 0xff, 0xdf, 0xff, 0xff, 0xff,
    0xdf, 0xff, 0xff, 0xff, 0xdf, 0xff, 0xdf, 0xff, 0xdf, 0xff, 0xff, 0xff,
    0xdf, 0xff, 0xff, 0xff, 0xff, 0xff, 0xdf, 0xff, 0xff, 0xff, 0xff, 0xff,
    0xdf, 0xff, 0xff, 0xff, 0xdf, 0xff, 0xff, 0xff, 0xdf, 0xff, 0xdf, 0xff,
    0xdf, 0xff, 0xdf, 0xff, 0xff, 0xf7, 0xdf, 0xff, 0xdf, 0xff, 0xff, 0xff,
    0xdf, 0xff, 0xdf, 0xff, 0xdf, 0xff, 0xdf, 0xff, 0xdf, 0xff, 0xdf, 0xf7,
    0xdf, 0xff, 0xff, 0xff, 0xdf, 0xf7, 0xdf, 0xff, 0xdf, 0xff, 0xdf, 0xf7,
    0xdf, 0xff, 0xdf, 0xff, 0xdf, 0xff, 0xdf, 0xff, 0xdf, 0xf7, 0xdf, 0xff,
    0xdf, 0xf7, 0xdf, 0xff, 0xdf, 0xff, 0xdf, 0xf7, 0xdf, 0xff, 0xdf, 0xff,
    0xdf, 0xf7, 0xdf, 0xff, 0xdf, 0xff, 0xdf, 0xf7, 0xdf, 0xff, 0xdf, 0xff,
    0xdf, 0xff, 0xdf, 0xf7, 0xdf, 0xff, 0xdf, 0xff, 0xdf, 0xf7, 0xdf, 0xff,
    0xbf, 0xff, 0xbf, 0xf7, 0xdf, 0xf7, 0xdf, 0xff, 0xdf, 0xf7, 0xbf, 0xf7,
    0xdf, 0xff, 0xbf, 0xf7, 0xbf, 0xf7, 0xdf, 0xff, 0xbf, 0xf7, 0xbf, 0xf7,
    0xdf, 0xff, 0xdf, 0xf7, 0xdf, 0xf7, 0xdf, 0xff, 0xdf, 0xff, 0xdf, 0xf7,
    0xdf, 0xf7, 0xbf, 0xff, 0xdf, 0xf7, 0xdf, 0xf7, 0xdf, 0xff, 0xbf, 0xf7,
    0xdf, 0xff, 0xbf, 0xff, 0xdf, 0xf7, 0xdf, 0xff, 0xdf, 0xf7, 0xdf, 0xf7,
    0xbf, 0xff, 0xdf, 0xf7, 0xdf, 0xf7, 0xdf, 0xff, 0xdf, 0xf7, 0xbf, 0xf7,
    0xdf, 0xff, 0xdf, 0xf7, 0xbf, 0xf7, 0xdf, 0xff, 0xdf, 0xff, 0xdf, 0xf7,
    0xdf, 0xff, 0xbf, 0xf7, 0xdf, 0xff, 0xbf, 0xff, 0xdf, 0xf7, 0xbf, 0xff,
    0xdf, 0xf7, 0xdf, 0xf7, 0xdf, 0xf7, 0xdf, 0xff, 0xdf, 0xf7, 0xdf, 0xff,
    0xff, 0xff, 0xff, 0xff, 0xff, 0xff, 0xff, 0xff, 0xff, 0xff, 0xff, 0xff,
    0xff, 0xff, 0xff, 0xff, 0xff, 0xff, 0xff, 0xff, 0xff, 0xff, 0xff, 0xff,
    0xff, 0xff, 0xff, 0xff, 0xff, 0xff, 0xff, 0xff, 0xff, 0xff, 0xff, 0xff,
    0xff, 0xff, 0xff, 0xff, 0xff, 0xff, 0xff, 0xff, 0xff, 0xff, 0xff, 0xff,
    0xff, 0xff, 0xff, 0xff, 0xff, 0xff, 0xff, 0xff, 0xff, 0xff, 0xff, 0xff,
    0xff, 0xff, 0xff, 0xff, 0xff, 0xff, 0xff, 0xff, 0xff, 0xff, 0xff, 0xff,
    0xff, 0xff, 0xff, 0xff, 0xff, 0xff, 0xdf, 0xff, 0xdf, 0xff, 0xff, 0xff,
    0xff, 0xff, 0xdf, 0xff, 0xff, 0xff, 0xff, 0xff, 0xff, 0xff, 0xff, 0xff,
    0xff, 0xff, 0xff, 0xff, 0xdf, 0xff, 0xff, 0xff, 0xff, 0xff, 0xdf, 0xff,
    0xff, 0xff, 0xff, 0xff, 0xdf, 0xff, 0xdf, 0xff, 0xdf, 0xff, 0xff, 0xff,
    0xdf, 0xff, 0xdf, 0xff, 0xff, 0xff, 0xff, 0xff, 0xdf, 0xff, 0xff, 0xff,
    0xff, 0xff, 0xdf, 0xff, 0xdf, 0xff, 0xff, 0xff, 0xdf, 0xff, 0xdf, 0xff,
    0xdf, 0xff, 0xdf, 0xff, 0xdf, 0xff, 0xdf, 0xff, 0xff, 0xff, 0xdf, 0xff,
    0xff, 0xff, 0xdf, 0xf7, 0xdf, 0xff, 0xff, 0xff, 0xdf, 0xff, 0xdf, 0xf7,
    0xdf, 0xff, 0xdf, 0xff, 0xdf, 0xf7, 0xdf, 0xff, 0xdf, 0xff, 0xdf, 0xf7,
    0xdf, 0xff, 0xdf, 0xff, 0xdf, 0xff, 0xdf, 0xf7, 0xdf, 0xff, 0xdf, 0xff,
    0xdf, 0xf7, 0xdf, 0xff, 0xdf, 0xff, 0xdf, 0xf7, 0xdf, 0xff, 0xdf, 0xf7,
    0xdf, 0xf7, 0xdf, 0xff, 0xdf, 0xf7, 0xdf, 0xff, 0xdf, 0xff, 0xdf, 0xf7,
    0xdf, 0xff, 0xdf, 0xff, 0xdf, 0xf7, 0xdf, 0xff, 0xdf, 0xf7, 0xbf, 0xff,
    0xdf, 0xff, 0xdf, 0xf7, 0xdf, 0xff, 0xdf, 0xff, 0xdf, 0xf7, 0xdf, 0xff,
    0xdf, 0xff, 0xdf, 0xf7, 0xdf, 0xff, 0xdf, 0xff, 0xbf, 0xf7, 0xdf, 0xf7,
    0xbf, 0xff, 0xbf, 0xf7, 0xdf, 0xff, 0xdf, 0xff, 0xdf, 0xf7, 0xbf, 0xff,
    0xdf, 0xff, 0xdf, 0xf7, 0xdf, 0xf7, 0xdf, 0xff, 0xdf, 0xf7, 0xbf, 0xff,
    0xdf, 0xff, 0xdf, 0xf7, 0xbf, 0xff, 0xdf, 0xff, 0xdf, 0xf7, 0xbf, 0xff,
    0xdf, 0xff, 0xdf, 0xf7, 0xdf, 0xff, 0xdf, 0xff, 0xdf, 0xf7, 0xbf, 0xf7,
    0xdf, 0xff, 0xdf, 0xf7, 0xbf, 0xff, 0xdf, 0xf7, 0xdf, 0xff, 0xdf, 0xf7,
    0xdf, 0xf7, 0xbf, 0xff, 0xdf, 0xff, 0xdf, 0xff, 0xbf, 0xf7, 0xbf, 0xff,
    0xdf, 0xf7, 0xdf, 0xf7, 0xbf, 0xff, 0xff, 0xff, 0xff, 0xff, 0xff, 0xff,
    0xff, 0xff, 0xff, 0xff, 0xff, 0xff, 0xff, 0xff, 0xff, 0xff, 0xff, 0xff,
    0xff, 0xff, 0xff, 0xff, 0xff, 0xff, 0xff, 0xff, 0xff, 0xff, 0xff, 0xff,
    0xff, 0xff, 0xff, 0xff, 0xff, 0xff, 0xff, 0xff, 0xff, 0xff, 0xff, 0xff,
    0xff, 0xff, 0xff, 0xff, 0xff, 0xff, 0xff, 0xff, 0xff, 0xff, 0xff, 0xff,
    0xff, 0xff, 0xff, 0xff, 0xff, 0xff, 0xff, 0xff, 0xff, 0xff, 0xff, 0xff,
    0xff, 0xff, 0xff, 0xff, 0xff, 0xff, 0xff, 0xff, 0xff, 0xff, 0xff, 0xff,
    0xff, 0xff, 0xff, 0xff, 0xff, 0xff, 0xdf, 0xff, 0xff, 0xff, 0xff, 0xff,
    0xdf, 0xff, 0xff, 0xff, 0xff, 0xff, 0xdf, 0xff, 0xff, 0xff, 0xff, 0xff,
    0xff, 0xff, 0xdf, 0xff, 0xff, 0xff, 0xdf, 0xff, 0xff, 0xff, 0xff, 0xff,
    0xdf, 0xff, 0xff, 0xff, 0xff, 0xff, 0xdf, 0xff, 0xdf, 0xff, 0xff, 0xff,
    0xdf, 0xff, 0xdf, 0xff, 0xff, 0xff, 0xdf, 0xff, 0xdf, 0xff, 0xdf, 0xff,
    0xff, 0xf7, 0xdf, 0xff, 0xdf, 0xff, 0xff, 0xff, 0xdf, 0xf7, 0xdf, 0xff,
    0xff, 0xff, 0xdf, 0xf7, 0xdf, 0xff, 0xdf, 0xff, 0xff, 0xff, 0xdf, 0xff,
    0xdf, 0xff, 0xdf, 0xf7, 0xff, 0xff, 0xdf, 0xff, 0xdf, 0xff, 0xdf, 0xff,
    0xdf, 0xff, 0xdf, 0xff, 0xdf, 0xf7, 0xdf, 0xff, 0xdf, 0xff, 0xdf, 0xf7,
    0xdf, 0xff, 0xdf, 0xff, 0xdf, 0xf7, 0xdf, 0xff, 0xdf, 0xf7, 0xdf, 0xff,
    0xdf, 0xff, 0xdf, 0xf7, 0xdf, 0xff, 0xdf, 0xff, 0xdf, 0xf7, 0xdf, 0xff,
    0xdf, 0xf7, 0xdf, 0xff, 0xdf, 0xf7, 0xdf, 0xff, 0xdf, 0xff, 0xbf, 0xf7,
    0xdf, 0xff, 0xdf, 0xff, 0xdf, 0xf7, 0xbf, 0xf7, 0xdf, 0xff, 0xdf, 0xf7,
    0xbf, 0xf7, 0xdf, 0xff, 0xdf, 0xf7, 0xdf, 0xf7, 0xdf, 0xff, 0xdf, 0xf7,
    0xbf, 0xff, 0xdf, 0xff, 0xdf, 0xf7, 0xdf, 0xff, 0xdf, 0xf7, 0xdf, 0xf7,
    0xbf, 0xff, 0xdf, 0xf7, 0xdf, 0xf7, 0xbf, 0xff, 0xdf, 0xf7, 0xdf, 0xff,
    0xbf, 0xf7, 0xdf, 0xf7, 0xdf, 0xff, 0xbf, 0xf7, 0xdf, 0xf7, 0xdf, 0xff,
    0xdf, 0xf7, 0xdf, 0xf7, 0xbf, 0xff, 0xdf, 0xf7, 0xdf, 0xf7, 0xbf, 0xff,
    0xdf, 0xff, 0xdf, 0xf7, 0xdf, 0xff, 0xdf, 0xff, 0xdf, 0xf7, 0xbf, 0xf7,
    0xdf, 0xff, 0xdf, 0xff, 0xbf, 0xf7, 0xdf, 0xf7, 0xdf, 0xff, 0xdf, 0xf7,
    0xdf, 0xf7, 0xdf, 0xff, 0xdf, 0xff, 0xdf, 0xf7, 0xbf, 0xff, 0xdf, 0xf7,
    0xff, 0xff, 0xff, 0xff, 0xff, 0xff, 0xff, 0xff, 0xff, 0xff, 0xff, 0xff,
    0xff, 0xff, 0xff, 0xff, 0xff, 0xff, 0xff, 0xff, 0xff, 0xff, 0xff, 0xff,
    0xff, 0xff, 0xff, 0xff, 0xff, 0xff, 0xff, 0xff, 0xff, 0xff, 0xff, 0xff,
    0xff, 0xff, 0xff, 0xff, 0xff, 0xff, 0xff, 0xff, 0xff, 0xff, 0xff, 0xff,
    0xff, 0xff, 0xff, 0xff, 0xff, 0xff, 0xff, 0xff, 0xff, 0xff, 0xff, 0xff,
    0xff, 0xff, 0xff, 0xff, 0xff, 0xff, 0xff, 0xff, 0xff, 0xff, 0xff, 0xff,
    0xff, 0xff, 0xdf, 0xff, 0xff, 0xff, 0xff, 0xff, 0xdf, 0xff, 0xff, 0xff,
    0xff, 0xff, 0xff, 0xff, 0xff, 0xff, 0xdf, 0xff, 0xff, 0xff, 0xff, 0xff,
    0xdf, 0xff, 0xff, 0xff, 0xff, 0xff, 0xdf, 0xff, 0xdf, 0xff, 0xff, 0xff,
    0xdf, 0xff, 0xdf, 0xff, 0xff, 0xff, 0xdf, 0xff, 0xff, 0xff, 0xdf, 0xff,
    0xff, 0xff, 0xff, 0xff, 0xdf, 0xff, 0xff, 0xff, 0xdf, 0xff, 0xff, 0xff,
    0xdf, 0xff, 0xdf, 0xff, 0xdf, 0xff, 0xdf, 0xff, 0xdf, 0xff, 0xff, 0xff,
    0xdf, 0xff, 0xdf, 0xff, 0xff, 0xff, 0xdf, 0xff, 0xdf, 0xff, 0xdf, 0xf7,
    0xdf, 0xff, 0xdf, 0xff, 0xff, 0xf7, 0xdf, 0xff, 0xdf, 0xff, 0xdf, 0xff,
    0xdf, 0xf7, 0xdf, 0xff, 0xdf, 0xff, 0xdf, 0xf7, 0xdf, 0xff, 0xdf, 0xff,
    0xdf, 0xff, 0xdf, 0xf7, 0xdf, 0xff, 0xdf, 0xff, 0xdf, 0xf7, 0xdf, 0xff,
    0xdf, 0xff, 0xdf, 0xf7, 0xdf, 0xff, 0xdf, 0xff, 0xdf, 0xf7, 0xdf, 0xff,
    0xdf, 0xff, 0xdf, 0xff, 0xdf, 0xf7, 0xdf, 0xff, 0xdf, 0xff, 0xdf, 0xf7,
    0xdf, 0xff, 0xdf, 0xf7, 0xbf, 0xff, 0xdf, 0xf7, 0xdf, 0xf7, 0xdf, 0xff,
    0xdf, 0xff, 0xbf, 0xf7, 0xdf, 0xff, 0xdf, 0xff, 0xbf, 0xf7, 0xdf, 0xff,
    0xbf, 0xf7, 0xbf, 0xff, 0xdf, 0xf7, 0xdf, 0xf7, 0xdf, 0xff, 0xdf, 0xff,
    0xdf, 0xf7, 0xdf, 0xff, 0xbf, 0xff, 0xdf, 0xf7, 0xdf, 0xff, 0xdf, 0xff,
    0xdf, 0xf7, 0xdf, 0xff, 0xbf, 0xff, 0xdf, 0xf7, 0xdf, 0xff, 0xdf, 0xff,
    0xdf, 0xf7, 0xbf, 0xff, 0xdf, 0xff, 0xdf, 0xf7, 0xbf, 0xff, 0xdf, 0xff,
    0xdf, 0xf7, 0xbf, 0xff, 0xdf, 0xf7, 0xbf, 0xf7, 0xdf, 0xff, 0xbf, 0xf7,
    0xdf, 0xff, 0xdf, 0xf7, 0xdf, 0xff, 0xdf, 0xf7, 0xdf, 0xff, 0xbf, 0xff,
    0xdf, 0xf7, 0xdf, 0xff, 0xbf, 0xf7, 0xdf, 0xff, 0xdf, 0xff, 0xbf, 0xf7,
    0xdf, 0xff, 0xdf, 0xff, 0xdf, 0xf7, 0xff, 0xff, 0xff, 0xff, 0xff, 0xff,
    0xff, 0xff, 0xff, 0xff, 0xff, 0xff, 0xff, 0xff, 0xff, 0xff, 0xff, 0xff,
    0xff, 0xff, 0xff, 0xff, 0xff, 0xff, 0xff, 0xff, 0xff, 0xff, 0xff, 0xff,
    0xff, 0xff, 0xff, 0xff, 0xff, 0xff, 0xff, 0xff, 0xff, 0xff, 0xff, 0xff,
    0xff, 0xff, 0xff, 0xff, 0xff, 0xff, 0xff, 0xff, 0xff, 0xff, 0xff, 0xff,
    0xff, 0xff, 0xff, 0xff, 0xff, 0xff, 0xff, 0xff, 0xff, 0xff, 0xff, 0xff,
    0xff, 0xff, 0xff, 0xff, 0xff, 0xff, 0xff, 0xff, 0xdf, 0xff, 0xff, 0xff,
    0xff, 0xff, 0xdf, 0xff, 0xff, 0xff, 0xff, 0xff, 0xdf, 0xff, 0xff, 0xff,
    0xff, 0xff, 0xff, 0xff, 0xff, 0xff, 0xff, 0xff, 0xff, 0xff, 0xff, 0xff,
    0xdf, 0xff, 0xff, 0xff, 0xff, 0xff, 0xdf, 0xff, 0xff, 0xff, 0xdf, 0xff,
    0xff, 0xff, 0xdf, 0xff, 0xdf, 0xff, 0xff, 0xff, 0xdf, 0xff, 0xff, 0xff,
    0xdf, 0xff, 0xff, 0xff, 0xdf, 0xff, 0xdf, 0xff, 0xff, 0xff, 0xdf, 0xff,
    0xdf, 0xff, 0xff, 0xff, 0xdf, 0xf7, 0xdf, 0xff, 0xdf, 0xff, 0xdf, 0xff,
    0xdf, 0xff, 0xff, 0xf7, 0xff, 0xff, 0xdf, 0xff, 0xdf, 0xf7, 0xdf, 0xff,
    0xff, 0xff, 0xdf, 0xff, 0xdf, 0xf7, 0xdf, 0xff, 0xdf, 0xff, 0xdf, 0xf7,
    0xdf, 0xff, 0xdf, 0xff, 0xdf, 0xff, 0xdf, 0xf7, 0xdf, 0xff, 0xdf, 0xff,
    0xdf, 0xf7, 0xdf, 0xf7, 0xdf, 0xff, 0xdf, 0xff, 0xdf, 0xf7, 0xdf, 0xff,
    0xdf, 0xf7, 0xdf, 0xff, 0xdf, 0xf7, 0xdf, 0xff, 0xdf, 0xff, 0xdf, 0xf7,
    0xdf, 0xff, 0xdf, 0xff, 0xdf, 0xf7, 0xbf, 0xff, 0xdf, 0xff, 0xdf, 0xf7,
    0xdf, 0xff, 0xbf, 0xf7, 0xdf, 0xff, 0xdf, 0xf7, 0xdf, 0xf7, 0xdf, 0xff,
    0xdf, 0xf7, 0xdf, 0xff, 0xdf, 0xff, 0xdf, 0xf7, 0xdf, 0xff, 0xdf, 0xff,
    0xbf, 0xf7, 0xdf, 0xf7, 0xbf, 0xff, 0xbf, 0xf7, 0xdf, 0xf7, 0xdf, 0xff,
    0xdf, 0xf7, 0xbf, 0xf7, 0xdf, 0xff, 0xdf, 0xf7, 0xbf, 0xf7, 0xdf, 0xff,
    0xdf, 0xf7, 0xbf, 0xf7, 0xdf, 0xff, 0xdf, 0xf7, 0xdf, 0xf7, 0xbf, 0xff,
    0xdf, 0xf7, 0xdf, 0xf7, 0xdf, 0xff, 0xdf, 0xff, 0xdf, 0xf7, 0xdf, 0xff,
    0xdf, 0xf7, 0xdf, 0xff, 0xbf, 0xf7, 0xdf, 0xf7, 0xdf, 0xff, 0xbf, 0xff,
    0xdf, 0xf7, 0xdf, 0xf7, 0xdf, 0xff, 0xdf, 0xff, 0xdf, 0xf7, 0xbf, 0xff,
    0xdf, 0xf7, 0xdf, 0xf7, 0xbf, 0xf7, 0xdf, 0xff, 0xdf, 0xf7, 0xbf, 0xff,
    0xff, 0xff, 0xff, 0xff, 0xff, 0xff, 0xff, 0xff, 0xff, 0xff, 0xff, 0xff,
    0xff, 0xff, 0xff, 0xff, 0xff, 0xff, 0xff, 0xff, 0xff, 0xff, 0xff, 0xff,
    0xff, 0xff, 0xff, 0xff, 0xff, 0xff, 0xff, 0xff, 0xff, 0xff, 0xff, 0xff,
    0xff, 0xff, 0xff, 0xff, 0xff, 0xff, 0xff, 0xff, 0xff, 0xff, 0xff, 0xff,
    0xff, 0xff, 0xff, 0xff, 0xff, 0xff, 0xff, 0xff, 0xff, 0xff, 0xff, 0xff,
    0xff, 0xff, 0xff, 0xff, 0xff, 0xff, 0xff, 0xff, 0xff, 0xff, 0xff, 0xff,
    0xdf, 0xff, 0xff, 0xff, 0xff, 0xff, 0xff, 0xff, 0xff, 0xff, 0xff, 0xff,
    0xff, 0xff, 0xdf, 0xff, 0xff, 0xff, 0xff, 0xff, 0xdf, 0xff, 0xff, 0xff,
    0xdf, 0xff, 0xff, 0xff, 0xdf, 0xff, 0xdf, 0xff, 0xff, 0xff, 0xdf, 0xff,
    0xff, 0xff, 0xdf, 0xff, 0xff, 0xff, 0xff, 0xff, 0xdf, 0xff, 0xff, 0xff,
    0xdf, 0xff, 0xff, 0xff, 0xdf, 0xff, 0xff, 0xff, 0xdf, 0xff, 0xdf, 0xff,
    0xdf, 0xff, 0xdf, 0xf7, 0xff, 0xff, 0xdf, 0xff, 0xdf, 0xff, 0xdf, 0xff,
    0xff, 0xff, 0xdf, 0xff, 0xdf, 0xf7, 0xdf, 0xff, 0xdf, 0xff, 0xdf, 0xff,
    0xff, 0xff, 0xdf, 0xff, 0xdf, 0xf7, 0xdf, 0xff, 0xdf, 0xff, 0xdf, 0xff,
    0xdf, 0xff, 0xdf, 0xff, 0xdf, 0xff, 0xdf, 0xf7, 0xdf, 0xff, 0xdf, 0xff,
    0xdf, 0xf7, 0xdf, 0xff, 0xdf, 0xff, 0xdf, 0xf7, 0xdf, 0xff, 0xdf, 0xff,
    0xdf, 0xf7, 0xdf, 0xff, 0xdf, 0xff, 0xdf, 0xf7, 0xdf, 0xff, 0xdf, 0xff,
    0xdf, 0xf7, 0xdf, 0xff, 0xdf, 0xf7, 0xdf, 0xff, 0xdf, 0xff, 0xdf, 0xf7,
    0xdf, 0xff, 0xbf, 0xf7, 0xdf, 0xf7, 0xdf, 0xff, 0xbf, 0xff, 0xdf, 0xf7,
    0xdf, 0xff, 0xbf, 0xff, 0xbf, 0xf7, 0xdf, 0xf7, 0xdf, 0xff, 0xbf, 0xf7,
    0xdf, 0xf7, 0xdf, 0xff, 0xbf, 0xf7, 0xdf, 0xff, 0xdf, 0xf7, 0xdf, 0xff,
    0xdf, 0xff, 0xdf, 0xf7, 0xdf, 0xff, 0xbf, 0xff, 0xdf, 0xf7, 0xdf, 0xff,
    0xbf, 0xff, 0xdf, 0xf7, 0xdf, 0xff, 0xdf, 0xff, 0xdf, 0xf7, 0xbf, 0xff,
    0xdf, 0xff, 0xdf, 0xf7, 0xdf, 0xff, 0xdf, 0xff, 0xbf, 0xf7, 0xdf, 0xf7,
    0xbf, 0xff, 0xdf, 0xf7, 0xdf, 0xff, 0xdf, 0xff, 0xdf, 0xf7, 0xdf, 0xff,
    0xdf, 0xf7, 0xbf, 0xff, 0xdf, 0xf7, 0xdf, 0xff, 0xbf, 0xf7, 0xdf, 0xf7,
    0xdf, 0xff, 0xbf, 0xf7, 0xdf, 0xff, 0xdf, 0xff, 0xdf, 0xf7, 0xdf, 0xff,
    0xdf, 0xf7, 0xdf, 0xf7, 0xdf, 0xff, 0xff, 0xff, 0xff, 0xff, 0xff, 0xff,
    0xff, 0xff, 0xff, 0xff, 0xff, 0xff, 0xff, 0xff, 0xff, 0xff, 0xff, 0xff,
    0xff, 0xff, 0xff, 0xff, 0xff, 0xff, 0xff, 0xff, 0xff, 0xff, 0xff, 0xff,
    0xff, 0xff, 0xff, 0xff, 0xff, 0xff, 0xff, 0xff, 0xff, 0xff, 0xff, 0xff,
    0xff, 0xff, 0xff, 0xff, 0xff, 0xff, 0xff, 0xff, 0xff, 0xff, 0xff, 0xff,
    0xff, 0xff, 0xff, 0xff, 0xff, 0xff, 0xff, 0xff, 0xff, 0xff, 0xff, 0xff,
    0xff, 0xff, 0xff, 0xff, 0xdf, 0xff, 0xff, 0xff, 0xff, 0xff, 0xdf, 0xff,
    0xff, 0xff, 0xdf, 0xff, 0xff, 0xff, 0xff, 0xff, 0xff, 0xff, 0xff, 0xff,
    0xdf, 0xff, 0xff, 0xff, 0xff, 0xff, 0xff, 0xff, 0xdf, 0xff, 0xdf, 0xff,
    0xff, 0xff, 0xdf, 0xff, 0xdf, 0xff, 0xff, 0xff, 0xdf, 0xff, 0xdf, 0xff,
    0xff, 0xff, 0xdf, 0xff, 0xff, 0xff, 0xff, 0xff, 0xdf, 0xff, 0xff, 0xff,
    0xdf, 0xff, 0xdf, 0xff, 0xff, 0xff, 0xdf, 0xff, 0xdf, 0xff, 0xdf, 0xff,
    0xff, 0xff, 0xdf, 0xf7, 0xdf, 0xff, 0xff, 0xff, 0xdf, 0xff, 0xff, 0xff,
    0xff, 0xf7, 0xdf, 0xff, 0xdf, 0xff, 0xdf, 0xf7, 0xff, 0xff, 0xdf, 0xff,
    0xdf, 0xf7, 0xdf, 0xff, 0xdf, 0xf7, 0xdf, 0xff, 0xdf, 0xff, 0xdf, 0xf7,
    0xdf, 0xff, 0xdf, 0xff, 0xdf, 0xf7, 0xdf, 0xff, 0xdf, 0xf7, 0xdf, 0xff,
    0xdf, 0xff, 0xdf, 0xf7, 0xdf, 0xff, 0xdf, 0xf7, 0xdf, 0xff, 0xdf, 0xff,
    0xdf, 0xf7, 0xdf, 0xff, 0xdf, 0xff, 0xdf, 0xf7, 0xdf, 0xff, 0xdf, 0xff,
    0xdf, 0xf7, 0xdf, 0xff, 0xbf, 0xff, 0xdf, 0xf7, 0xdf, 0xff, 0xdf, 0xf7,
    0xdf, 0xff, 0xdf, 0xf7, 0xdf, 0xf7, 0xdf, 0xff, 0xdf, 0xff, 0xdf, 0xf7,
    0xbf, 0xff, 0xdf, 0xf7, 0xdf, 0xff, 0xbf, 0xff, 0xdf, 0xf7, 0xdf, 0xf7,
    0xdf, 0xff, 0xdf, 0xff, 0xbf, 0xf7, 0xdf, 0xf7, 0xdf, 0xff, 0xbf, 0xf7,
    0xdf, 0xf7, 0xdf, 0xff, 0xdf, 0xf7, 0xdf, 0xf7, 0xdf, 0xff, 0xbf, 0xf7,
    0xdf, 0xf7, 0xdf, 0xff, 0xdf, 0xf7, 0xbf, 0xf7, 0xdf, 0xff, 0xdf, 0xf7,
    0xbf, 0xff, 0xdf, 0xf7, 0xdf, 0xff, 0xdf, 0xf7, 0xbf, 0xf7, 0xbf, 0xff,
    0xdf, 0xf7, 0xbf, 0xf7, 0xdf, 0xff, 0xdf, 0xff, 0xbf, 0xf7, 0xdf, 0xff,
    0xdf, 0xf7, 0xbf, 0xff, 0xdf, 0xff, 0xdf, 0xf7, 0xdf, 0xf7, 0xdf, 0xff,
    0xbf, 0xf7, 0xdf, 0xff, 0xdf, 0xff, 0xbf, 0xf7, 0xdf, 0xff, 0xdf, 0xf7,
    0xff, 0xff, 0xff, 0xff, 0xff, 0xff, 0xff, 0xff, 0xff, 0xff, 0xff, 0xff,
    0xff, 0xff, 0xff, 0xff, 0xff, 0xff, 0xff, 0xff, 0xff, 0xff, 0xff, 0xff,
    0xff, 0xff, 0xff, 0xff, 0xff, 0xff, 0xff, 0xff, 0xff, 0xff, 0xff, 0xff,
    0xff, 0xff, 0xff, 0xff, 0xff, 0xff, 0xff, 0xff, 0xff, 0xff, 0xff, 0xff,
    0xff, 0xff, 0xff, 0xff, 0xff, 0xff, 0xff, 0xff, 0xff, 0xff, 0xff, 0xff,
    0xff, 0xff, 0xff, 0xff, 0xff, 0xff, 0xff, 0xff, 0xff, 0xff, 0xff, 0xff,
    0xff, 0xff, 0xff, 0xff, 0xff, 0xff, 0xff, 0xff, 0xdf, 0xff, 0xff, 0xff,
    0xff, 0xff, 0xdf, 0xff, 0xff, 0xff, 0xff, 0xff, 0xff, 0xff, 0xff, 0xff,
    0xdf, 0xff, 0xff, 0xff, 0xff, 0xff, 0xff, 0xff, 0xdf, 0xff, 0xff, 0xff,
    0xff, 0xff, 0xdf, 0xff, 0xff, 0xff, 0xdf, 0xff, 0xdf, 0xff, 0xff, 0xff,
    0xdf, 0xff, 0xdf, 0xff, 0xff, 0xff, 0xdf, 0xff, 0xdf, 0xff, 0xdf, 0xff,
    0xff, 0xff, 0xdf, 0xff, 0xdf, 0xff, 0xdf, 0xff, 0xdf, 0xff, 0xdf, 0xff,
    0xdf, 0xff, 0xdf, 0xff, 0xdf, 0xff, 0xdf, 0xff, 0xdf, 0xff, 0xdf, 0xf7,
    0xdf, 0xff, 0xdf, 0xff, 0xdf, 0xff, 0xdf, 0xff, 0xdf, 0xff, 0xdf, 0xf7,
    0xdf, 0xff, 0xdf, 0xff, 0xdf, 0xff, 0xdf, 0xff, 0xdf, 0xf7, 0xdf, 0xff,
    0xdf, 0xff, 0xdf, 0xf7, 0xdf, 0xff, 0xdf, 0xff, 0xdf, 0xf7, 0xdf, 0xff,
    0xdf, 0xff, 0xdf, 0xf7, 0xdf, 0xff, 0xdf, 0xf7, 0xdf, 0xff, 0xdf, 0xf7,
    0xdf, 0xff, 0xdf, 0xff, 0xdf, 0xf7, 0xdf, 0xf7, 0xdf, 0xff, 0xdf, 0xff,
    0xbf, 0xf7, 0xdf, 0xff, 0xdf, 0xff, 0xbf, 0xf7, 0xdf, 0xff, 0xbf, 0xf7,
    0xbf, 0xf7, 0xdf, 0xf7, 0xdf, 0xff, 0xdf, 0xf7, 0xdf, 0xff, 0xdf, 0xf7,
    0xdf, 0xff, 0xdf, 0xf7, 0xbf, 0xff, 0xdf, 0xf7, 0xdf, 0xf7, 0xbf, 0xff,
    0xdf, 0xf7, 0xdf, 0xff, 0xdf, 0xff, 0xdf, 0xf7, 0xbf, 0xff, 0xdf, 0xff,
    0xdf, 0xf7, 0xbf, 0xff, 0xdf, 0xff, 0xdf, 0xf7, 0xbf, 0xff, 0xdf, 0xf7,
    0xdf, 0xff, 0xbf, 0xf7, 0xdf, 0xf7, 0xdf, 0xff, 0xdf, 0xff, 0xdf, 0xf7,
    0xdf, 0xff, 0xdf, 0xff, 0xdf, 0xf7, 0xdf, 0xff, 0xbf, 0xf7, 0xdf, 0xff,
    0xdf, 0xf7, 0xdf, 0xf7, 0xdf, 0xff, 0xdf, 0xf7, 0xdf, 0xf7, 0xbf, 0xff,
    0xdf, 0xf7, 0xdf, 0xff, 0xbf, 0xf7, 0xdf, 0xf7, 0xdf, 0xff, 0xbf, 0xf7,
    0xdf, 0xff, 0xbf, 0xff, 0xdf, 0xf7, 0xff, 0xff, 0xff, 0xff, 0xff, 0xff,
    0xff, 0xff, 0xff, 0xff, 0xff, 0xff, 0xff, 0xff, 0xff, 0xff, 0xff, 0xff,
    0xff, 0xff, 0xff, 0xff, 0xff, 0xff, 0xff, 0xff, 0xff, 0xff, 0xff, 0xff,
    0xff, 0xff, 0xff, 0xff, 0xff, 0xff, 0xff, 0xff, 0xff, 0xff, 0xff, 0xff,
    0xff, 0xff, 0xff, 0xff, 0xff, 0xff, 0xff, 0xff, 0xff, 0xff, 0xff, 0xff,
    0xff, 0xff, 0xff, 0xff, 0xff, 0xff, 0xff, 0xff, 0xff, 0xff, 0xff, 0xff,
    0xdf, 0xff, 0xff, 0xff, 0xff, 0xff, 0xdf, 0xff, 0xff, 0xff, 0xff, 0xff,
    0xff, 0xff, 0xff, 0xff, 0xff, 0xff, 0xdf, 0xff, 0xff, 0xff, 0xff, 0xff,
    0xdf, 0xff, 0xff, 0xff, 0xff, 0xff, 0xdf, 0xff, 0xdf, 0xff, 0xff, 0xff,
    0xdf, 0xff, 0xdf, 0xff, 0xff, 0xff, 0xdf, 0xff, 0xff, 0xff, 0xff, 0xff,
    0xdf, 0xff, 0xff, 0xff, 0xff, 0xff, 0xdf, 0xff, 0xff, 0xff, 0xdf, 0xff,
    0xdf, 0xff, 0xdf, 0xff, 0xdf, 0xf7, 0xdf, 0xff, 0xff, 0xff, 0xdf, 0xf7,
    0xdf, 0xff, 0xff, 0xff, 0xdf, 0xff, 0xdf, 0xf7, 0xff, 0xf7, 0xdf, 0xff,
    0xdf, 0xff, 0xff, 0xf7, 0xff, 0xff, 0xdf, 0xff, 0xdf, 0xf7, 0xdf, 0xff,
    0xdf, 0xff, 0xdf, 0xff, 0xdf, 0xff, 0xdf, 0xf7, 0xdf, 0xff, 0xdf, 0xff,
    0xdf, 0xf7, 0xdf, 0xf7, 0xdf, 0xff, 0xdf, 0xff, 0xdf, 0xf7, 0xdf, 0xff,
    0xdf, 0xf7, 0xdf, 0xff, 0xdf, 0xff, 0xdf, 0xf7, 0xdf, 0xff, 0xdf, 0xff,
    0xdf, 0xff, 0xdf, 0xf7, 0xdf, 0xff, 0xdf, 0xff, 0xdf, 0xf7, 0xdf, 0xff,
    0xbf, 0xff, 0xdf, 0xf7, 0xdf, 0xf7, 0xdf, 0xff, 0xbf, 0xf7, 0xdf, 0xf7,
    0xdf, 0xff, 0xdf, 0xff, 0xdf, 0xff, 0xdf, 0xf7, 0xdf, 0xff, 0xbf, 0xff,
    0xdf, 0xf7, 0xbf, 0xf7, 0xdf, 0xff, 0xdf, 0xf7, 0xbf, 0xff, 0xdf, 0xff,
    0xdf, 0xf7, 0xdf, 0xff, 0xdf, 0xff, 0xbf, 0xf7, 0xdf, 0xf7, 0xdf, 0xff,
    0xbf, 0xf7, 0xdf, 0xf7, 0xdf, 0xff, 0xbf, 0xf7, 0xdf, 0xf7, 0xdf, 0xff,
    0xdf, 0xff, 0xdf, 0xf7, 0xdf, 0xff, 0xdf, 0xff, 0xdf, 0xf7, 0xdf, 0xff,
    0xbf, 0xf7, 0xdf, 0xf7, 0xbf, 0xff, 0xdf, 0xf7, 0xdf, 0xf7, 0xdf, 0xff,
    0xdf, 0xff, 0xdf, 0xf7, 0xbf, 0xff, 0xdf, 0xff, 0xdf, 0xf7, 0xbf, 0xff,
    0xdf, 0xff, 0xdf, 0xf7, 0xdf, 0xff, 0xbf, 0xff, 0xdf, 0xf7, 0xdf, 0xff,
    0xdf, 0xff, 0xdf, 0xf7, 0xdf, 0xf7, 0xdf, 0xff, 0xdf, 0xf7, 0xdf, 0xff,
    0xff, 0xff, 0xff, 0xff, 0xff, 0xff, 0xff, 0xff, 0xff, 0xff, 0xff, 0xff,
    0xff, 0xff, 0xff, 0xff, 0xff, 0xff, 0xff, 0xff, 0xff, 0xff, 0xff, 0xff,
    0xff, 0xff, 0xff, 0xff, 0xff, 0xff, 0xff, 0xff, 0xff, 0xff, 0xff, 0xff,
    0xff, 0xff, 0xff, 0xff, 0xff, 0xff, 0xff, 0xff, 0xff, 0xff, 0xff, 0xff,
    0xff, 0xff, 0xff, 0xff, 0xff, 0xff, 0xff, 0xff, 0xff, 0xff, 0xff, 0xff,
    0xff, 0xff, 0xff, 0xff, 0xff, 0xff, 0xdf, 0xff, 0xff, 0xff, 0xff, 0xff,
    0xdf, 0xff, 0xff, 0xff, 0xdf, 0xff, 0xdf, 0xff, 0xff, 0xff, 0xff, 0xff,
    0xff, 0xff, 0xff, 0xff, 0xff, 0xff, 0xdf, 0xff, 0xff, 0xff, 0xdf, 0xff,
    0xdf, 0xff, 0xff, 0xff, 0xdf, 0xff, 0xdf, 0xff, 0xff, 0xff, 0xdf, 0xff,
    0xdf, 0xff, 0xff, 0xff, 0xdf, 0xff, 0xdf, 0xff, 0xff, 0xff, 0xdf, 0xff,
    0xff, 0xff, 0xff, 0xff, 0xdf, 0xff, 0xdf, 0xff, 0xff, 0xff, 0xdf, 0xff,
    0xdf, 0xff, 0xff, 0xff, 0xdf, 0xff, 0xdf, 0xff, 0xff, 0xff, 0xdf, 0xff,
    0xdf, 0xff, 0xff, 0xff, 0xdf, 0xff, 0xdf, 0xf7, 0xdf, 0xff, 0xdf, 0xff,
    0xff, 0xff, 0xdf, 0xff, 0xdf, 0xf7, 0xdf, 0xff, 0xdf, 0xf7, 0xdf, 0xff,
    0xdf, 0xff, 0xdf, 0xf7, 0xdf, 0xff, 0xdf, 0xff, 0xdf, 0xff, 0xdf, 0xf7,
    0xdf, 0xff, 0xdf, 0xff, 0xdf, 0xf7, 0xdf, 0xff, 0xdf, 0xf7, 0xdf, 0xff,
    0xdf, 0xf7, 0xdf, 0xff, 0xdf, 0xf7, 0xdf, 0xff, 0xdf, 0xff, 0xdf, 0xf7,
    0xdf, 0xff, 0xdf, 0xf7, 0xdf, 0xff, 0xdf, 0xff, 0xbf, 0xf7, 0xdf, 0xff,
    0xdf, 0xff, 0xdf, 0xf7, 0xbf, 0xf7, 0xdf, 0xff, 0xdf, 0xf7, 0xbf, 0xf7,
    0xdf, 0xff, 0xdf, 0xf7, 0xdf, 0xff, 0xdf, 0xff, 0xbf, 0xf7, 0xdf, 0xff,
    0xdf, 0xf7, 0xbf, 0xf7, 0xdf, 0xff, 0xdf, 0xf7, 0xbf, 0xf7, 0xdf, 0xff,
    0xdf, 0xf7, 0xdf, 0xff, 0xbf, 0xff, 0xdf, 0xf7, 0xdf, 0xff, 0xdf, 0xff,
    0xdf, 0xf7, 0xdf, 0xf7, 0xbf, 0xff, 0xdf, 0xf7, 0xdf, 0xf7, 0xbf, 0xff,
    0xdf, 0xf7, 0xdf, 0xff, 0xbf, 0xff, 0xdf, 0xf7, 0xdf, 0xff, 0xdf, 0xff,
    0xbf, 0xf7, 0xbf, 0xf7, 0xdf, 0xff, 0xdf, 0xf7, 0xbf, 0xf7, 0xdf, 0xff,
    0xdf, 0xf7, 0xbf, 0xf7, 0xdf, 0xff, 0xdf, 0xf7, 0xbf, 0xff, 0xdf, 0xf7,
    0xdf, 0xf7, 0xbf, 0xff, 0xdf, 0xf7, 0xbf, 0xff, 0xdf, 0xf7, 0xdf, 0xff,
    0xbf, 0xf7, 0xdf, 0xf7, 0xdf, 0xff, 0xff, 0xff, 0xff, 0xff, 0xff, 0xff,
    0xff, 0xff, 0xff, 0xff, 0xff, 0xff, 0xff, 0xff, 0xff, 0xff, 0xff, 0xff,
    0xff, 0xff, 0xff, 0xff, 0xff, 0xff, 0xff, 0xff, 0xff, 0xff, 0xff, 0xff,
    0xff, 0xff, 0xff, 0xff, 0xff, 0xff, 0xff, 0xff, 0xff, 0xff, 0xff, 0xff,
    0xff, 0xff, 0xff, 0xff, 0xff, 0xff, 0xff, 0xff, 0xff, 0xff, 0xff, 0xff,
    0xff, 0xff, 0xff, 0xff, 0xff, 0xff, 0xff, 0xff, 0xff, 0xff, 0xff, 0xff,
    0xff, 0xff, 0xff, 0xff, 0xff, 0xff, 0xff, 0xff, 0xff, 0xff, 0xff, 0xff,
    0xff, 0xff, 0xdf, 0xff, 0xff, 0xff, 0xff, 0xff, 0xdf, 0xff, 0xff, 0xff,
    0xff, 0xff, 0xdf, 0xff, 0xff, 0xff, 0xff, 0xff, 0xdf, 0xff, 0xff, 0xff,
    0xff, 0xff, 0xff, 0xff, 0xff, 0xff, 0xdf, 0xff, 0xff, 0xff, 0xff, 0xff,
    0xdf, 0xff, 0xff, 0xff, 0xdf, 0xff, 0xdf, 0xff, 0xdf, 0xff, 0xdf, 0xff,
    0xdf, 0xff, 0xff, 0xf7, 0xdf, 0xff, 0xdf, 0xff, 0xdf, 0xff, 0xdf, 0xff,
    0xdf, 0xf7, 0xdf, 0xff, 0xdf, 0xff, 0xdf, 0xf7, 0xdf, 0xff, 0xff, 0xff,
    0xdf, 0xff, 0xdf, 0xff, 0xdf, 0xf7, 0xdf, 0xff, 0xdf, 0xff, 0xdf, 0xff,
    0xdf, 0xff, 0xdf, 0xff, 0xdf, 0xff, 0xdf, 0xff, 0xdf, 0xff, 0xdf, 0xf7,
    0xdf, 0xff, 0xdf, 0xff, 0xdf, 0xf7, 0xdf, 0xff, 0xdf, 0xff, 0xdf, 0xf7,
    0xdf, 0xff, 0xdf, 0xff, 0xdf, 0xf7, 0xdf, 0xff, 0xdf, 0xff, 0xdf, 0xf7,
    0xdf, 0xf7, 0xdf, 0xff, 0xdf, 0xff, 0xdf, 0xf7, 0xdf, 0xff, 0xdf, 0xff,
    0xdf, 0xf7, 0xdf, 0xf7, 0xbf, 0xff, 0xdf, 0xf7, 0xdf, 0xff, 0xdf, 0xff,
    0xbf, 0xf7, 0xdf, 0xf7, 0xdf, 0xff, 0xbf, 0xf7, 0xdf, 0xf7, 0xdf, 0xff,
    0xdf, 0xf7, 0xdf, 0xff, 0xdf, 0xff, 0xdf, 0xf7, 0xdf, 0xff, 0xdf, 0xff,
    0xbf, 0xf7, 0xdf, 0xff, 0xdf, 0xf7, 0xdf, 0xff, 0xbf, 0xf7, 0xdf, 0xf7,
    0xdf, 0xff, 0xbf, 0xf7, 0xdf, 0xff, 0xdf, 0xff, 0xbf, 0xf7, 0xdf, 0xff,
    0xdf, 0xf7, 0xbf, 0xff, 0xdf, 0xf7, 0xdf, 0xf7, 0xbf, 0xff, 0xdf, 0xf7,
    0xdf, 0xf7, 0xdf, 0xff, 0xdf, 0xff, 0xdf, 0xf7, 0xdf, 0xff, 0xbf, 0xff,
    0xdf, 0xf7, 0xdf, 0xff, 0xdf, 0xff, 0xdf, 0xf7, 0xdf, 0xff, 0xdf, 0xf7,
    0xdf, 0xff, 0xbf, 0xf7, 0xdf, 0xff, 0xdf, 0xff, 0xdf, 0xf7, 0xdf, 0xf7,
    0xdf, 0xff, 0xbf, 0xff, 0xdf, 0xf7, 0xdf, 0xff, 0xbf, 0xff, 0xdf, 0xf7,
    0xff, 0xff, 0xff, 0xff, 0xff, 0xff, 0xff, 0xff, 0xff, 0xff, 0xff, 0xff,
    0xff, 0xff, 0xff, 0xff, 0xff, 0xff, 0xff, 0xff, 0xff, 0xff, 0xff, 0xff,
    0xff, 0xff, 0xff, 0xff, 0xff, 0xff, 0xff, 0xff, 0xff, 0xff, 0xff, 0xff,
    0xff, 0xff, 0xff, 0xff, 0xff, 0xff, 0xff, 0xff, 0xff, 0xff, 0xff, 0xff,
    0xff, 0xff, 0xff, 0xff, 0xff, 0xff, 0xff, 0xff, 0xff, 0xff, 0xff, 0xff,
    0xff, 0xff, 0xdf, 0xff, 0xff, 0xff, 0xdf, 0xff, 0xdf, 0xff, 0xff, 0xff,
    0xff, 0xff, 0xdf, 0xff, 0xff, 0xff, 0xff, 0xff, 0xff, 0xff, 0xdf, 0xff,
    0xff, 0xff, 0xff, 0xff, 0xff, 0xff, 0xdf, 0xff, 0xdf, 0xff, 0xff, 0xff,
    0xdf, 0xff, 0xdf, 0xff, 0xff, 0xff, 0xdf, 0xff, 0xdf, 0xff, 0xff, 0xff,
    0xdf, 0xff, 0xdf, 0xff, 0xff, 0xff, 0xff, 0xff, 0xdf, 0xff, 0xff, 0xff,
    0xdf, 0xff, 0xdf, 0xff, 0xdf, 0xff, 0xdf, 0xff, 0xdf, 0xff, 0xff, 0xff,
    0xdf, 0xff, 0xdf, 0xf7, 0xff, 0xff, 0xff, 0xff, 0xdf, 0xff, 0xff, 0xff,
    0xdf, 0xf7, 0xdf, 0xff, 0xdf, 0xff, 0xff, 0xf7, 0xdf, 0xff, 0xdf, 0xff,
    0xdf, 0xf7, 0xdf, 0xff, 0xdf, 0xf7, 0xdf, 0xff, 0xdf, 0xff, 0xdf, 0xf7,
    0xdf, 0xff, 0xdf, 0xf7, 0xdf, 0xf7, 0xdf, 0xff, 0xdf, 0xf7, 0xdf, 0xff,
    0xdf, 0xf7, 0xdf, 0xff, 0xdf, 0xff, 0xdf, 0xf7, 0xdf, 0xff, 0xdf, 0xff,
    0xdf, 0xf7, 0xdf, 0xff, 0xdf, 0xff, 0xdf, 0xf7, 0xdf, 0xff, 0xdf, 0xff,
    0xdf, 0xf7, 0xbf, 0xff, 0xbf, 0xff, 0xdf, 0xf7, 0xdf, 0xff, 0xdf, 0xf7,
    0xbf, 0xf7, 0xdf, 0xff, 0xdf, 0xff, 0xdf, 0xf7, 0xdf, 0xff, 0xdf, 0xff,
    0xdf, 0xff, 0xbf, 0xf7, 0xbf, 0xf7, 0xdf, 0xff, 0xbf, 0xf7, 0xdf, 0xf7,
    0xbf, 0xff, 0xdf, 0xf7, 0xdf, 0xf7, 0xdf, 0xff, 0xdf, 0xff, 0xbf, 0xf7,
    0xdf, 0xff, 0xdf, 0xff, 0xdf, 0xf7, 0xdf, 0xff, 0xdf, 0xf7, 0xbf, 0xf7,
    0xdf, 0xff, 0xdf, 0xff, 0xdf, 0xf7, 0xdf, 0xff, 0xbf, 0xff, 0xdf, 0xf7,
    0xdf, 0xff, 0xdf, 0xff, 0xdf, 0xf7, 0xbf, 0xf7, 0xbf, 0xff, 0xdf, 0xf7,
    0xdf, 0xf7, 0xdf, 0xff, 0xdf, 0xf7, 0xbf, 0xf7, 0xdf, 0xff, 0xdf, 0xf7,
    0xbf, 0xff, 0xdf, 0xf7, 0xdf, 0xff, 0xbf, 0xf7, 0xdf, 0xf7, 0xdf, 0xff,
    0xdf, 0xff, 0xbf, 0xf7, 0xdf, 0xff, 0xdf, 0xf7, 0xdf, 0xf7, 0xdf, 0xff,
    0xdf, 0xf7, 0xbf, 0xff, 0xdf, 0xf7, 0xff, 0xff, 0xff, 0xff, 0xff, 0xff,
    0xff, 0xff, 0xff, 0xff, 0xff, 0xff, 0xff, 0xff, 0xff, 0xff, 0xff, 0xff,
    0xff, 0xff, 0xff, 0xff, 0xff, 0xff, 0xff, 0xff, 0xff, 0xff, 0xff, 0xff,
    0xff, 0xff, 0xff, 0xff, 0xff, 0xff, 0xff, 0xff, 0xff, 0xff, 0xff, 0xff,
    0xff, 0xff, 0xff, 0xff, 0xff, 0xff, 0xff, 0xff, 0xff, 0xff, 0xff, 0xff,
    0xff, 0xff, 0xff, 0xff, 0xff, 0xff, 0xff, 0xff, 0xff, 0xff, 0xff, 0xff,
    0xff, 0xff, 0xff, 0xff, 0xff, 0xff, 0xdf, 0xff, 0xff, 0xff, 0xff, 0xff,
    0xff, 0xff, 0xff, 0xff, 0xff, 0xff, 0xdf, 0xff, 0xff, 0xff, 0xff, 0xff,
    0xdf, 0xff, 0xff, 0xff, 0xff, 0xff, 0xdf, 0xff, 0xff, 0xff, 0xff, 0xff,
    0xdf, 0xff, 0xdf, 0xff, 0xff, 0xff, 0xff, 0xff, 0xdf, 0xff, 0xdf, 0xff,
    0xff, 0xff, 0xdf, 0xff, 0xdf, 0xff, 0xff, 0xff, 0xdf, 0xff, 0xff, 0xf7,
    0xdf, 0xff, 0xdf, 0xff, 0xff, 0xff, 0xdf, 0xff, 0xdf, 0xff, 0xdf, 0xff,
    0xdf, 0xff, 0xdf, 0xf7, 0xff, 0xff, 0xdf, 0xff, 0xdf, 0xff, 0xff, 0xff,
    0xdf, 0xf7, 0xdf, 0xff, 0xdf, 0xff, 0xdf, 0xff, 0xdf, 0xff, 0xdf, 0xf7,
    0xdf, 0xff, 0xdf, 0xff, 0xdf, 0xf7, 0xdf, 0xff, 0xdf, 0xff, 0xdf, 0xff,
    0xdf, 0xff, 0xdf, 0xf7, 0xdf, 0xff, 0xdf, 0xff, 0xdf, 0xf7, 0xdf, 0xff,
    0xdf, 0xf7, 0xdf, 0xff, 0xdf, 0xff, 0xdf, 0xf7, 0xdf, 0xff, 0xdf, 0xff,
    0xdf, 0xf7, 0xdf, 0xff, 0xdf, 0xff, 0xdf, 0xf7, 0xdf, 0xff, 0xdf, 0xf7,
    0xbf, 0xf7, 0xdf, 0xff, 0xdf, 0xff, 0xdf, 0xf7, 0xbf, 0xf7, 0xdf, 0xff,
    0xdf, 0xf7, 0xbf, 0xf7, 0xdf, 0xff, 0xdf, 0xf7, 0xdf, 0xff, 0xdf, 0xff,
    0xdf, 0xf7, 0xdf, 0xff, 0xbf, 0xf7, 0xdf, 0xff, 0xdf, 0xff, 0xbf, 0xf7,
    0xdf, 0xf7, 0xdf, 0xff, 0xbf, 0xf7, 0xdf, 0xf7, 0xdf, 0xff, 0xbf, 0xf7,
    0xdf, 0xff, 0xdf, 0xff, 0xdf, 0xf7, 0xbf, 0xf7, 0xdf, 0xff, 0xdf, 0xf7,
    0xbf, 0xf7, 0xdf, 0xff, 0xdf, 0xf7, 0xbf, 0xf7, 0xdf, 0xff, 0xdf, 0xff,
    0xdf, 0xf7, 0xdf, 0xff, 0xbf, 0xff, 0xdf, 0xf7, 0xdf, 0xff, 0xdf, 0xff,
    0xdf, 0xf7, 0xbf, 0xf7, 0xdf, 0xff, 0xdf, 0xf7, 0xbf, 0xff, 0xdf, 0xff,
    0xdf, 0xf7, 0xdf, 0xff, 0xdf, 0xf7, 0xbf, 0xf7, 0xdf, 0xff, 0xdf, 0xff,
    0xbf, 0xf7, 0xdf, 0xff, 0xdf, 0xf7, 0xbf, 0xff, 0xdf, 0xf7, 0xdf, 0xff,
    0xff, 0xff, 0xff, 0xff, 0xff, 0xff, 0xff, 0xff, 0xff, 0xff, 0xff, 0xff,
    0xff, 0xff, 0xff, 0xff, 0xff, 0xff, 0xff, 0xff, 0xff, 0xff, 0xff, 0xff,
    0xff, 0xff, 0xff, 0xff, 0xff, 0xff, 0xff, 0xff, 0xff, 0xff, 0xff, 0xff,
    0xff, 0xff, 0xff, 0xff, 0xff, 0xff, 0xff, 0xff, 0xff, 0xff, 0xff, 0xff,
    0xff, 0xff, 0xff, 0xff, 0xff, 0xff, 0xff, 0xff, 0xff, 0xff, 0xdf, 0xff,
    0xff, 0xff, 0xdf, 0xff, 0xff, 0xff, 0xff, 0xff, 0xff, 0xff, 0xdf, 0xff,
    0xff, 0xff, 0xff, 0xff, 0xdf, 0xff, 0xdf, 0xff, 0xff, 0xff, 0xff, 0xff,
    0xff, 0xff, 0xff, 0xff, 0xdf, 0xff, 0xdf, 0xff, 0xff, 0xff, 0xdf, 0xff,
    0xdf, 0xff, 0xff, 0xff, 0xdf, 0xff, 0xff, 0xff, 0xff, 0xff, 0xdf, 0xff,
    0xff, 0xff, 0xdf, 0xff, 0xff, 0xff, 0xdf, 0xff, 0xff, 0xff, 0xdf, 0xff,
    0xdf, 0xff, 0xdf, 0xff, 0xdf, 0xff, 0xff, 0xff, 0xdf, 0xff, 0xdf, 0xf7,
    0xdf, 0xff, 0xff, 0xff, 0xdf, 0xff, 0xdf, 0xff, 0xdf, 0xff, 0xdf, 0xf7,
    0xdf, 0xff, 0xdf, 0xff, 0xdf, 0xf7, 0xdf, 0xff, 0xdf, 0xff, 0xdf, 0xf7,
    0xdf, 0xff, 0xdf, 0xff, 0xdf, 0xff, 0xdf, 0xff, 0xdf, 0xff, 0xdf, 0xff,
    0xdf, 0xf7, 0xdf, 0xff, 0xdf, 0xf7, 0xdf, 0xff, 0xdf, 0xff, 0xdf, 0xf7,
    0xdf, 0xff, 0xdf, 0xff, 0xdf, 0xf7, 0xdf, 0xff, 0xdf, 0xf7, 0xdf, 0xff,
    0xdf, 0xf7, 0xdf, 0xff, 0xdf, 0xff, 0xdf, 0xf7, 0xdf, 0xff, 0xdf, 0xf7,
    0xbf, 0xff, 0xdf, 0xff, 0xdf, 0xf7, 0xdf, 0xff, 0xbf, 0xf7, 0xdf, 0xff,
    0xdf, 0xff, 0xdf, 0xf7, 0xbf, 0xff, 0xdf, 0xff, 0xdf, 0xf7, 0xbf, 0xf7,
    0xdf, 0xff, 0xdf, 0xf7, 0xbf, 0xff, 0xdf, 0xf7, 0xdf, 0xff, 0xdf, 0xf7,
    0xdf, 0xf7, 0xdf, 0xff, 0xbf, 0xff, 0xdf, 0xf7, 0xdf, 0xff, 0xdf, 0xff,
    0xdf, 0xf7, 0xbf, 0xf7, 0xdf, 0xff, 0xdf, 0xf7, 0xbf, 0xff, 0xdf, 0xf7,
    0xdf, 0xff, 0xdf, 0xf7, 0xdf, 0xff, 0xdf, 0xf7, 0xdf, 0xff, 0xdf, 0xff,
    0xbf, 0xf7, 0xdf, 0xf7, 0xdf, 0xff, 0xdf, 0xf7, 0xdf, 0xf7, 0xdf, 0xff,
    0xbf, 0xf7, 0xbf, 0xf7, 0xdf, 0xff, 0xdf, 0xff, 0xdf, 0xf7, 0xdf, 0xff,
    0xdf, 0xf7, 0xbf, 0xf7, 0xdf, 0xff, 0xdf, 0xff, 0xbf, 0xf7, 0xdf, 0xff,
    0xdf, 0xf7, 0xdf, 0xf7, 0xdf, 0xff, 0xbf, 0xff, 0xdf, 0xf7, 0xdf, 0xff,
    0xdf, 0xf7, 0xdf, 0xf7, 0xdf, 0xff, 0xff, 0xff, 0xff, 0xff, 0xff, 0xff,
    0xff, 0xff, 0xff, 0xff, 0xff, 0xff, 0xff, 0xff, 0xff, 0xff, 0xff, 0xff,
    0xff, 0xff, 0xff, 0xff, 0xff, 0xff, 0xff, 0xff, 0xff, 0xff, 0xff, 0xff,
    0xff, 0xff, 0xff, 0xff, 0xff, 0xff, 0xff, 0xff, 0xff, 0xff, 0xff, 0xff,
    0xff, 0xff, 0xff, 0xff, 0xff, 0xff, 0xff, 0xff, 0xff, 0xff, 0xff, 0xff,
    0xff, 0xff, 0xff, 0xff, 0xff, 0xff, 0xff, 0xff, 0xdf, 0xff, 0xff, 0xff,
    0xff, 0xff, 0xdf, 0xff, 0xff, 0xff, 0xff, 0xff, 0xff, 0xff, 0xff, 0xff,
    0xff, 0xff, 0xdf, 0xff, 0xff, 0xff, 0xff, 0xff, 0xdf, 0xff, 0xdf, 0xff,
    0xff, 0xff, 0xdf, 0xff, 0xff, 0xff, 0xff, 0xff, 0xdf, 0xff, 0xdf, 0xff,
    0xff, 0xff, 0xdf, 0xff, 0xdf, 0xff, 0xff, 0xff, 0xff, 0xff, 0xdf, 0xff,
    0xff, 0xff, 0xdf, 0xff, 0xdf, 0xff, 0xdf, 0xf7, 0xdf, 0xff, 0xdf, 0xff,
    0xdf, 0xff, 0xff, 0xff, 0xdf, 0xff, 0xdf, 0xff, 0xff, 0xff, 0xdf, 0xf7,
    0xff, 0xff, 0xdf, 0xff, 0xff, 0xff, 0xdf, 0xff, 0xff, 0xf7, 0xdf, 0xff,
    0xdf, 0xff, 0xdf, 0xff, 0xdf, 0xff, 0xdf, 0xf7, 0xdf, 0xff, 0xdf, 0xff,
    0xdf, 0xf7, 0xdf, 0xf7, 0xdf, 0xff, 0xdf, 0xff, 0xdf, 0xf7, 0xdf, 0xff,
    0xdf, 0xf7, 0xdf, 0xff, 0xdf, 0xf7, 0xdf, 0xff, 0xdf, 0xff, 0xdf, 0xf7,
    0xdf, 0xff, 0xdf, 0xff, 0xdf, 0xf7, 0xdf, 0xff, 0xdf, 0xff, 0xdf, 0xf7,
    0xdf, 0xff, 0xdf, 0xff, 0xdf, 0xf7, 0xdf, 0xff, 0xbf, 0xf7, 0xdf, 0xff,
    0xdf, 0xf7, 0xdf, 0xf7, 0xbf, 0xff, 0xdf, 0xf7, 0xdf, 0xf7, 0xdf, 0xff,
    0xdf, 0xf7, 0xdf, 0xff, 0xbf, 0xff, 0xdf, 0xf7, 0xdf, 0xff, 0xbf, 0xf7,
    0xdf, 0xff, 0xdf, 0xf7, 0xbf, 0xff, 0xdf, 0xf7, 0xdf, 0xf7, 0xdf, 0xff,
    0xbf, 0xf7, 0xdf, 0xf7, 0xdf, 0xff, 0xdf, 0xff, 0xdf, 0xf7, 0xdf, 0xff,
    0xdf, 0xf7, 0xbf, 0xf7, 0xdf, 0xff, 0xdf, 0xff, 0xbf, 0xf7, 0xdf, 0xff,
    0xbf, 0xf7, 0xdf, 0xf7, 0xdf, 0xff, 0xdf, 0xff, 0xbf, 0xf7, 0xdf, 0xff,
    0xbf, 0xff, 0xdf, 0xf7, 0xdf, 0xff, 0xdf, 0xff, 0xdf, 0xf7, 0xbf, 0xf7,
    0xdf, 0xff, 0xbf, 0xff, 0xdf, 0xf7, 0xdf, 0xff, 0xdf, 0xf7, 0xdf, 0xf7,
    0xbf, 0xff, 0xdf, 0xf7, 0xdf, 0xff, 0xbf, 0xff, 0xdf, 0xf7, 0xdf, 0xf7,
    0xdf, 0xff, 0xbf, 0xf7, 0xdf, 0xff, 0xbf, 0xff, 0xdf, 0xf7, 0xdf, 0xf7,
    0xff, 0xff, 0xff, 0xff, 0xff, 0xff, 0xff, 0xff, 0xff, 0xff, 0xff, 0xff,
    0xff, 0xff, 0xff, 0xff, 0xff, 0xff, 0xff, 0xff, 0xff, 0xff, 0xff, 0xff,
    0xff, 0xff, 0xff, 0xff, 0xff, 0xff, 0xff, 0xff, 0xff, 0xff, 0xff, 0xff,
    0xff, 0xff, 0xff, 0xff, 0xff, 0xff, 0xff, 0xff, 0xff, 0xff, 0xff, 0xff,
    0xff, 0xff, 0xff, 0xff, 0xff, 0xff, 0xff, 0xff, 0xdf, 0xff, 0xff, 0xff,
    0xff, 0xff, 0xff, 0xff, 0xff, 0xff, 0xdf, 0xff, 0xff, 0xff, 0xff, 0xff,
    0xdf, 0xff, 0xff, 0xff, 0xff, 0xff, 0xff, 0xff, 0xff, 0xff, 0xdf, 0xff,
    0xdf, 0xff, 0xff, 0xff, 0xff, 0xff, 0xdf, 0xff, 0xff, 0xff, 0xdf, 0xff,
    0xff, 0xff, 0xdf, 0xff, 0xff, 0xff, 0xff, 0xff, 0xdf, 0xff, 0xdf, 0xff,
    0xff, 0xff, 0xdf, 0xff, 0xdf, 0xff, 0xdf, 0xff, 0xdf, 0xff, 0xff, 0xff,
    0xff, 0xff, 0xdf, 0xff, 0xdf, 0xff, 0xff, 0xf7, 0xdf, 0xff, 0xdf, 0xff,
    0xdf, 0xff, 0xdf, 0xff, 0xdf, 0xf7, 0xdf, 0xff, 0xdf, 0xff, 0xdf, 0xf7,
    0xff, 0xff, 0xdf, 0xff, 0xdf, 0xff, 0xdf, 0xff, 0xdf, 0xf7, 0xdf, 0xff,
    0xdf, 0xff, 0xdf, 0xff, 0xdf, 0xff, 0xdf, 0xf7, 0xdf, 0xff, 0xdf, 0xf7,
    0xdf, 0xff, 0xdf, 0xff, 0xdf, 0xf7, 0xdf, 0xff, 0xdf, 0xff, 0xdf, 0xf7,
    0xdf, 0xff, 0xdf, 0xf7, 0xdf, 0xff, 0xdf, 0xff, 0xdf, 0xf7, 0xdf, 0xff,
    0xdf, 0xff, 0xdf, 0xf7, 0xdf, 0xf7, 0xdf, 0xff, 0xbf, 0xff, 0xdf, 0xf7,
    0xdf, 0xf7, 0xdf, 0xff, 0xbf, 0xf7, 0xdf, 0xff, 0xdf, 0xff, 0xdf, 0xf7,
    0xbf, 0xff, 0xdf, 0xff, 0xbf, 0xf7, 0xdf, 0xf7, 0xdf, 0xff, 0xdf, 0xf7,
    0xdf, 0xf7, 0xdf, 0xff, 0xdf, 0xf7, 0xdf, 0xff, 0xbf, 0xff, 0xdf, 0xf7,
    0xdf, 0xff, 0xbf, 0xff, 0xdf, 0xf7, 0xdf, 0xff, 0xbf, 0xf7, 0xdf, 0xf7,
    0xbf, 0xff, 0xdf, 0xff, 0xdf, 0xf7, 0xbf, 0xff, 0xdf, 0xf7, 0xdf, 0xff,
    0xdf, 0xf7, 0xbf, 0xf7, 0xdf, 0xff, 0xdf, 0xff, 0xbf, 0xf7, 0xdf, 0xf7,
    0xdf, 0xff, 0xdf, 0xf7, 0xdf, 0xf7, 0xbf, 0xff, 0xdf, 0xf7, 0xdf, 0xf7,
    0xdf, 0xff, 0xdf, 0xff, 0xdf, 0xf7, 0xdf, 0xf7, 0xdf, 0xff, 0xbf, 0xf7,
    0xdf, 0xff, 0xdf, 0xff, 0xbf, 0xf7, 0xdf, 0xf7, 0xdf, 0xff, 0xdf, 0xf7,
    0xbf, 0xff, 0xdf, 0xff, 0xdf, 0xf7, 0xbf, 0xf7, 0xdf, 0xff, 0xdf, 0xf7,
    0xdf, 0xff, 0xbf, 0xff, 0xdf, 0xf7, 0xff, 0xff, 0xff, 0xff, 0xff, 0xff,
    0xff, 0xff, 0xff, 0xff, 0xff, 0xff, 0xff, 0xff, 0xff, 0xff, 0xff, 0xff,
    0xff, 0xff, 0xff, 0xff, 0xff, 0xff, 0xff, 0xff, 0xff, 0xff, 0xff, 0xff,
    0xff, 0xff, 0xff, 0xff, 0xff, 0xff, 0xff, 0xff, 0xff, 0xff, 0xff, 0xff,
    0xff, 0xff, 0xff, 0xff, 0xff, 0xff, 0xff, 0xff, 0xff, 0xff, 0xff, 0xff,
    0xff, 0xff, 0xff, 0xff, 0xdf, 0xff, 0xff, 0xff, 0xff, 0xff, 0xdf, 0xff,
    0xff, 0xff, 0xff, 0xff, 0xff, 0xff, 0xff, 0xff, 0xdf, 0xff, 0xff, 0xff,
    0xff, 0xff, 0xff, 0xff, 0xff, 0xff, 0xdf, 0xff, 0xdf, 0xff, 0xff, 0xff,
    0xdf, 0xff, 0xdf, 0xff, 0xff, 0xff, 0xdf, 0xff, 0xff, 0xff, 0xdf, 0xff,
    0xff, 0xff, 0xff, 0xff, 0xdf, 0xff, 0xff, 0xff, 0xff, 0xff, 0xdf, 0xff,
    0xdf, 0xff, 0xdf, 0xff, 0xdf, 0xff, 0xdf, 0xff, 0xdf, 0xff, 0xff, 0xff,
    0xdf, 0xff, 0xdf, 0xff, 0xff, 0xff, 0xdf, 0xff, 0xdf, 0xf7, 0xff, 0xff,
    0xdf, 0xff, 0xdf, 0xff, 0xdf, 0xf7, 0xdf, 0xff, 0xdf, 0xff, 0xdf, 0xf7,
    0xdf, 0xff, 0xdf, 0xff, 0xdf, 0xf7, 0xdf, 0xff, 0xdf, 0xff, 0xdf, 0xf7,
    0xdf, 0xff, 0xdf, 0xff, 0xdf, 0xf7, 0xdf, 0xff, 0xdf, 0xff, 0xdf, 0xf7,
    0xdf, 0xff, 0xdf, 0xff, 0xdf, 0xf7, 0xdf, 0xff, 0xdf, 0xff, 0xdf, 0xf7,
    0xdf, 0xff, 0xdf, 0xf7, 0xdf, 0xff, 0xdf, 0xff, 0xdf, 0xf7, 0xdf, 0xff,
    0xdf, 0xff, 0xdf, 0xf7, 0xbf, 0xff, 0xdf, 0xff, 0xdf, 0xf7, 0xdf, 0xff,
    0xbf, 0xf7, 0xdf, 0xff, 0xdf, 0xf7, 0xdf, 0xf7, 0xdf, 0xff, 0xbf, 0xff,
    0xdf, 0xf7, 0xdf, 0xff, 0xbf, 0xff, 0xbf, 0xf7, 0xdf, 0xff, 0xdf, 0xf7,
    0xbf, 0xf7, 0xdf, 0xff, 0xdf, 0xf7, 0xdf, 0xff, 0xdf, 0xf7, 0xdf, 0xff,
    0xdf, 0xff, 0xdf, 0xf7, 0xdf, 0xff, 0xbf, 0xf7, 0xdf, 0xf7, 0xdf, 0xff,
    0xdf, 0xff, 0xdf, 0xf7, 0xdf, 0xff, 0xbf, 0xff, 0xdf, 0xf7, 0xdf, 0xff,
    0xdf, 0xff, 0xdf, 0xf7, 0xbf, 0xff, 0xdf, 0xff, 0xdf, 0xf7, 0xdf, 0xff,
    0xdf, 0xff, 0xbf, 0xf7, 0xdf, 0xf7, 0xbf, 0xff, 0xbf, 0xff, 0xdf, 0xf7,
    0xdf, 0xff, 0xdf, 0xf7, 0xbf, 0xf7, 0xdf, 0xff, 0xdf, 0xff, 0xdf, 0xf7,
    0xdf, 0xff, 0xdf, 0xff, 0xbf, 0xf7, 0xdf, 0xf7, 0xdf, 0xff, 0xdf, 0xff,
    0xdf, 0xf7, 0xdf, 0xff, 0xdf, 0xf7, 0xdf, 0xf7, 0xdf, 0xff, 0xbf, 0xff,
    0xff, 0xff, 0xff, 0xff, 0xff, 0xff, 0xff, 0xff, 0xff, 0xff, 0xff, 0xff,
    0xff, 0xff, 0xff, 0xff, 0xff, 0xff, 0xff, 0xff, 0xff, 0xff, 0xff, 0xff,
    0xff, 0xff, 0xff, 0xff, 0xff, 0xff, 0xff, 0xff, 0xff, 0xff, 0xff, 0xff,
    0xff, 0xff, 0xff, 0xff, 0xff, 0xff, 0xff, 0xff, 0xff, 0xff, 0xff, 0xff,
    0xff, 0xff, 0xff, 0xff, 0xff, 0xff, 0xdf, 0xff, 0xff, 0xff, 0xff, 0xff,
    0xdf, 0xff, 0xff, 0xff, 0xff, 0xff, 0xff, 0xff, 0xdf, 0xff, 0xff, 0xff,
    0xff, 0xff, 0xff, 0xff, 0xdf, 0xff, 0xdf, 0xff, 0xff, 0xff, 0xdf, 0xff,
    0xff, 0xff, 0xff, 0xff, 0xdf, 0xff, 0xff, 0xff, 0xff, 0xff, 0xdf, 0xff,
    0xff, 0xff, 0xdf, 0xff, 0xdf, 0xff, 0xff, 0xff, 0xdf, 0xff, 0xdf, 0xff,
    0xff, 0xff, 0xff, 0xff, 0xdf, 0xff, 0xdf, 0xf7, 0xff, 0xff, 0xdf, 0xff,
    0xdf, 0xf7, 0xdf, 0xff, 0xdf, 0xff, 0xdf, 0xff, 0xdf, 0xf7, 0xff, 0xff,
    0xdf, 0xff, 0xdf, 0xff, 0xff, 0xff, 0xdf, 0xff, 0xff, 0xf7, 0xdf, 0xff,
    0xdf, 0xff, 0xdf, 0xff, 0xdf, 0xf7, 0xdf, 0xff, 0xdf, 0xff, 0xdf, 0xff,
    0xdf, 0xff, 0xdf, 0xf7, 0xdf, 0xf7, 0xdf, 0xff, 0xdf, 0xff, 0xdf, 0xf7,
    0xdf, 0xff, 0xdf, 0xf7, 0xdf, 0xff, 0xdf, 0xff, 0xdf, 0xf7, 0xdf, 0xff,
    0xdf, 0xff, 0xdf, 0xf7, 0xdf, 0xff, 0xdf, 0xff, 0xdf, 0xf7, 0xdf, 0xff,
    0xdf, 0xff, 0xdf, 0xf7, 0xdf, 0xff, 0xbf, 0xff, 0xdf, 0xf7, 0xdf, 0xf7,
    0xbf, 0xff, 0xdf, 0xf7, 0xdf, 0xf7, 0xdf, 0xff, 0xbf, 0xf7, 0xdf, 0xff,
    0xdf, 0xf7, 0xdf, 0xf7, 0xdf, 0xff, 0xdf, 0xf7, 0xdf, 0xf7, 0xdf, 0xff,
    0xdf, 0xff, 0xdf, 0xf7, 0xbf, 0xff, 0xdf, 0xf7, 0xdf, 0xff, 0xbf, 0xf7,
    0xdf, 0xf7, 0xdf, 0xff, 0xbf, 0xf7, 0xbf, 0xf7, 0xdf, 0xff, 0xdf, 0xff,
    0xdf, 0xf7, 0xbf, 0xf7, 0xdf, 0xff, 0xbf, 0xf7, 0xdf, 0xf7, 0xdf, 0xff,
    0xdf, 0xf7, 0xdf, 0xf7, 0xbf, 0xff, 0xdf, 0xf7, 0xdf, 0xf7, 0xdf, 0xff,
    0xbf, 0xf7, 0xdf, 0xf7, 0xbf, 0xff, 0xdf, 0xff, 0xdf, 0xf7, 0xdf, 0xff,
    0xdf, 0xf7, 0xdf, 0xf7, 0xbf, 0xff, 0xdf, 0xff, 0xdf, 0xf7, 0xdf, 0xff,
    0xbf, 0xf7, 0xdf, 0xf7, 0xdf, 0xff, 0xbf, 0xf7, 0xdf, 0xff, 0xdf, 0xf7,
    0xdf, 0xf7, 0xbf, 0xff, 0xdf, 0xf7, 0xbf, 0xff, 0xbf, 0xf7, 0xdf, 0xff,
    0xdf, 0xf7, 0xbf, 0xf7, 0xdf, 0xff, 0xff, 0xff, 0xff, 0xff, 0xff, 0xff,
    0xff, 0xff, 0xff, 0xff, 0xff, 0xff, 0xff, 0xff, 0xff, 0xff, 0xff, 0xff,
    0xff, 0xff, 0xff, 0xff, 0xff, 0xff, 0xff, 0xff, 0xff, 0xff, 0xff, 0xff,
    0xff, 0xff, 0xff, 0xff, 0xff, 0xff, 0xff, 0xff, 0xff, 0xff, 0xff, 0xff,
    0xff, 0xff, 0xff, 0xff, 0xff, 0xff, 0xff, 0xff, 0xff, 0xff, 0xff, 0xff,
    0xdf, 0xff, 0xff, 0xff, 0xff, 0xff, 0xff, 0xff, 0xff, 0xff, 0xff, 0xff,
    0xdf, 0xff, 0xff, 0xff, 0xff, 0xff, 0xdf, 0xff, 0xff, 0xff, 0xff, 0xff,
    0xff, 0xff, 0xdf, 0xff, 0xdf, 0xff, 0xff, 0xff, 0xdf, 0xff, 0xdf, 0xff,
    0xff, 0xff, 0xdf, 0xff, 0xff, 0xff, 0xff, 0xff, 0xdf, 0xff, 0xff, 0xff,
    0xff, 0xff, 0xdf, 0xff, 0xdf, 0xff, 0xff, 0xff, 0xdf, 0xff, 0xdf, 0xff,
    0xdf, 0xff, 0xff, 0xff, 0xdf, 0xff, 0xff, 0xff, 0xff, 0xff, 0xdf, 0xff,
    0xdf, 0xff, 0xdf, 0xff, 0xdf, 0xff, 0xdf, 0xf7, 0xdf, 0xff, 0xdf, 0xff,
    0xdf, 0xf7, 0xdf, 0xff, 0xff, 0xff, 0xdf, 0xff, 0xdf, 0xff, 0xdf, 0xff,
    0xdf, 0xff, 0xdf, 0xf7, 0xdf, 0xff, 0xdf, 0xff, 0xdf, 0xff, 0xdf, 0xff,
    0xdf, 0xf7, 0xdf, 0xff, 0xdf, 0xff, 0xdf, 0xf7, 0xdf, 0xff, 0xdf, 0xff,
    0xdf, 0xf7, 0xdf, 0xf7, 0xdf, 0xff, 0xdf, 0xff, 0xdf, 0xf7, 0xdf, 0xff,
    0xdf, 0xff, 0xdf, 0xf7, 0xdf, 0xff, 0xdf, 0xf7, 0xdf, 0xff, 0xdf, 0xff,
    0xbf, 0xf7, 0xdf, 0xff, 0xdf, 0xff, 0xdf, 0xf7, 0xbf, 0xff, 0xdf, 0xff,
    0xdf, 0xf7, 0xdf, 0xff, 0xbf, 0xff, 0xdf, 0xf7, 0xbf, 0xff, 0xdf, 0xff,
    0xbf, 0xf7, 0xbf, 0xf7, 0xdf, 0xff, 0xdf, 0xf7, 0xdf, 0xf7, 0xdf, 0xff,
    0xdf, 0xff, 0xdf, 0xf7, 0xbf, 0xff, 0xdf, 0xff, 0xdf, 0xf7, 0xdf, 0xff,
    0xdf, 0xf7, 0xbf, 0xff, 0xdf, 0xf7, 0xdf, 0xff, 0xdf, 0xff, 0xdf, 0xf7,
    0xbf, 0xff, 0xdf, 0xff, 0xdf, 0xf7, 0xbf, 0xff, 0xdf, 0xf7, 0xdf, 0xff,
    0xbf, 0xf7, 0xdf, 0xff, 0xdf, 0xff, 0xdf, 0xf7, 0xdf, 0xff, 0xdf, 0xf7,
    0xbf, 0xf7, 0xdf, 0xff, 0xdf, 0xff, 0xdf, 0xf7, 0xdf, 0xf7, 0xdf, 0xff,
    0xbf, 0xf7, 0xdf, 0xff, 0xdf, 0xff, 0xdf, 0xf7, 0xbf, 0xff, 0xdf, 0xf7,
    0xdf, 0xff, 0xbf, 0xf7, 0xdf, 0xff, 0xdf, 0xff, 0xdf, 0xf7, 0xdf, 0xf7,
    0xdf, 0xff, 0xdf, 0xff, 0xdf, 0xf7, 0xbf, 0xff, 0xdf, 0xf7, 0xdf, 0xf7,
    0xff, 0xff, 0xff, 0xff, 0xff, 0xff, 0xff, 0xff, 0xff, 0xff, 0xff, 0xff,
    0xff, 0xff, 0xff, 0xff, 0xff, 0xff, 0xff, 0xff, 0xff, 0xff, 0xff, 0xff,
    0xff, 0xff, 0xff, 0xff, 0xff, 0xff, 0xff, 0xff, 0xff, 0xff, 0xff, 0xff,
    0xff, 0xff, 0xff, 0xff, 0xff, 0xff, 0xff, 0xff, 0xff, 0xff, 0xff, 0xff,
    0xff, 0xff, 0xff, 0xff, 0xdf, 0xff, 0xff, 0xff, 0xff, 0xff, 0xff, 0xff,
    0xdf, 0xff, 0xff, 0xff, 0xff, 0xff, 0xff, 0xff, 0xff, 0xff, 0xff, 0xff,
    0xff, 0xff, 0xdf, 0xff, 0xff, 0xff, 0xff, 0xff, 0xdf, 0xff, 0xff, 0xff,
    0xff, 0xff, 0xdf, 0xff, 0xff, 0xff, 0xdf, 0xff, 0xdf, 0xff, 0xff, 0xff,
    0xdf, 0xff, 0xdf, 0xff, 0xff, 0xff, 0xdf, 0xff, 0xff, 0xff, 0xff, 0xff,
    0xdf, 0xff, 0xdf, 0xff, 0xdf, 0xff, 0xdf, 0xff, 0xdf, 0xff, 0xdf, 0xff,
    0xdf, 0xff, 0xdf, 0xf7, 0xff, 0xff, 0xdf, 0xff, 0xff, 0xff, 0xdf, 0xf7,
    0xff, 0xff, 0xdf, 0xff, 0xdf, 0xf7, 0xff, 0xff, 0xdf, 0xff, 0xdf, 0xf7,
    0xdf, 0xff, 0xdf, 0xf7, 0xdf, 0xff, 0xdf, 0xff, 0xdf, 0xf7, 0xdf, 0xff,
    0xdf, 0xff, 0xdf, 0xf7, 0xdf, 0xff, 0xdf, 0xff, 0xdf, 0xf7, 0xdf, 0xff,
    0xdf, 0xff, 0xdf, 0xf7, 0xdf, 0xff, 0xdf, 0xff, 0xdf, 0xf7, 0xdf, 0xff,
    0xdf, 0xf7, 0xdf, 0xff, 0xdf, 0xf7, 0xdf, 0xff, 0xdf, 0xff, 0xdf, 0xf7,
    0xdf, 0xff, 0xbf, 0xff, 0xdf, 0xf7, 0xdf, 0xf7, 0xdf, 0xff, 0xdf, 0xf7,
    0xdf, 0xf7, 0xdf, 0xff, 0xbf, 0xf7, 0xdf, 0xf7, 0xdf, 0xff, 0xdf, 0xf7,
    0xdf, 0xf7, 0xdf, 0xff, 0xdf, 0xff, 0xdf, 0xf7, 0xdf, 0xff, 0xbf, 0xff,
    0xdf, 0xf7, 0xbf, 0xff, 0xdf, 0xf7, 0xdf, 0xf7, 0xbf, 0xff, 0xdf, 0xf7,
    0xdf, 0xff, 0xbf, 0xf7, 0xdf, 0xff, 0xdf, 0xff, 0xdf, 0xf7, 0xbf, 0xf7,
    0xdf, 0xff, 0xdf, 0xf7, 0xdf, 0xf7, 0xdf, 0xff, 0xdf, 0xf7, 0xbf, 0xff,
    0xdf, 0xf7, 0xdf, 0xff, 0xdf, 0xf7, 0xdf, 0xff, 0xbf, 0xf7, 0xdf, 0xf7,
    0xdf, 0xff, 0xbf, 0xff, 0xdf, 0xf7, 0xdf, 0xf7, 0xbf, 0xff, 0xdf, 0xff,
    0xbf, 0xf7, 0xdf, 0xff, 0xdf, 0xff, 0xdf, 0xf7, 0xbf, 0xf7, 0xdf, 0xff,
    0xdf, 0xf7, 0xdf, 0xff, 0xdf, 0xff, 0xdf, 0xf7, 0xdf, 0xf7, 0xbf, 0xff,
    0xdf, 0xff, 0xdf, 0xf7, 0xbf, 0xff, 0xdf, 0xf7, 0xdf, 0xf7, 0xdf, 0xff,
    0xdf, 0xff, 0xdf, 0xff, 0xdf, 0xf7, 0xff, 0xff, 0xff, 0xff, 0xff, 0xff,
    0xff, 0xff, 0xff, 0xff, 0xff, 0xff, 0xff, 0xff, 0xff, 0xff, 0xff, 0xff,
    0xff, 0xff, 0xff, 0xff, 0xff, 0xff, 0xff, 0xff, 0xff, 0xff, 0xff, 0xff,
    0xff, 0xff, 0xff, 0xff, 0xff, 0xff, 0xff, 0xff, 0xff, 0xff, 0xff, 0xff,
    0xff, 0xff, 0xff, 0xff, 0xff, 0xff, 0xdf, 0xff, 0xff, 0xff, 0xff, 0xff,
    0xff, 0xff, 0xff, 0xff, 0xdf, 0xff, 0xff, 0xff, 0xdf, 0xff, 0xff, 0xff,
    0xdf, 0xff, 0xff, 0xff, 0xff, 0xff, 0xff, 0xff, 0xff, 0xff, 0xff, 0xff,
    0xdf, 0xff, 0xdf, 0xff, 0xff, 0xff, 0xdf, 0xff, 0xff, 0xff, 0xff, 0xff,
    0xdf, 0xff, 0xff, 0xff, 0xff, 0xff, 0xdf, 0xff, 0xff, 0xff, 0xdf, 0xff,
    0xdf, 0xff, 0xff, 0xff, 0xdf, 0xff, 0xdf, 0xff, 0xdf, 0xf7, 0xff, 0xff,
    0xdf, 0xff, 0xdf, 0xf7, 0xff, 0xff, 0xdf, 0xff, 0xdf, 0xff, 0xdf, 0xff,
    0xdf, 0xff, 0xdf, 0xff, 0xff, 0xff, 0xdf, 0xff, 0xdf, 0xff, 0xff, 0xff,
    0xdf, 0xff, 0xdf, 0xff, 0xdf, 0xff, 0xdf, 0xf7, 0xdf, 0xff, 0xdf, 0xff,
    0xdf, 0xff, 0xdf, 0xff, 0xdf, 0xff, 0xdf, 0xf7, 0xdf, 0xf7, 0xdf, 0xff,
    0xdf, 0xff, 0xdf, 0xf7, 0xdf, 0xff, 0xdf, 0xf7, 0xdf, 0xff, 0xdf, 0xff,
    0xdf, 0xf7, 0xdf, 0xff, 0xdf, 0xff, 0xdf, 0xff, 0xdf, 0xf7, 0xdf, 0xff,
    0xdf, 0xf7, 0xdf, 0xff, 0xdf, 0xff, 0xdf, 0xf7, 0xbf, 0xff, 0xdf, 0xf7,
    0xdf, 0xff, 0xbf, 0xff, 0xbf, 0xf7, 0xdf, 0xff, 0xdf, 0xff, 0xdf, 0xf7,
    0xbf, 0xff, 0xdf, 0xff, 0xdf, 0xf7, 0xbf, 0xff, 0xdf, 0xf7, 0xdf, 0xf7,
    0xdf, 0xff, 0xdf, 0xf7, 0xdf, 0xf7, 0xdf, 0xff, 0xbf, 0xff, 0xdf, 0xf7,
    0xdf, 0xff, 0xdf, 0xf7, 0xdf, 0xff, 0xdf, 0xf7, 0xbf, 0xf7, 0xdf, 0xff,
    0xdf, 0xf7, 0xdf, 0xff, 0xdf, 0xff, 0xbf, 0xf7, 0xdf, 0xff, 0xbf, 0xff,
    0xdf, 0xf7, 0xdf, 0xf7, 0xdf, 0xff, 0xbf, 0xff, 0xdf, 0xf7, 0xdf, 0xff,
    0xdf, 0xff, 0xbf, 0xf7, 0xdf, 0xf7, 0xdf, 0xff, 0xbf, 0xf7, 0xdf, 0xff,
    0xdf, 0xff, 0xdf, 0xf7, 0xdf, 0xf7, 0xbf, 0xff, 0xdf, 0xf7, 0xdf, 0xff,
    0xbf, 0xf7, 0xdf, 0xff, 0xdf, 0xf7, 0xbf, 0xf7, 0xdf, 0xff, 0xbf, 0xf7,
    0xdf, 0xff, 0xdf, 0xf7, 0xbf, 0xf7, 0xdf, 0xff, 0xdf, 0xf7, 0xbf, 0xff,
    0xdf, 0xff, 0xbf, 0xf7, 0xbf, 0xf7, 0xdf, 0xff, 0xdf, 0xf7, 0xbf, 0xff,
    0xff, 0xff, 0xff, 0xff, 0xff, 0xff, 0xff, 0xff, 0xff, 0xff, 0xff, 0xff,
    0xff, 0xff, 0xff, 0xff, 0xff, 0xff, 0xff, 0xff, 0xff, 0xff, 0xff, 0xff,
    0xff, 0xff, 0xff, 0xff, 0xff, 0xff, 0xff, 0xff, 0xff, 0xff, 0xff, 0xff,
    0xff, 0xff, 0xff, 0xff, 0xff, 0xff, 0xff, 0xff, 0xff, 0xff, 0xff, 0xff,
    0xff, 0xff, 0xdf, 0xff, 0xff, 0xff, 0xff, 0xff, 0xdf, 0xff, 0xff, 0xff,
    0xff, 0xff, 0xff, 0xff, 0xff, 0xff, 0xdf, 0xff, 0xff, 0xff, 0xdf, 0xff,
    0xdf, 0xff, 0xff, 0xff, 0xdf, 0xff, 0xdf, 0xff, 0xff, 0xff, 0xdf, 0xff,
    0xdf, 0xff, 0xff, 0xff, 0xdf, 0xff, 0xdf, 0xff, 0xff, 0xff, 0xdf, 0xff,
    0xff, 0xff, 0xff, 0xff, 0xdf, 0xff, 0xff, 0xff, 0xdf, 0xff, 0xdf, 0xff,
    0xdf, 0xff, 0xdf, 0xff, 0xff, 0xff, 0xdf, 0xff, 0xdf, 0xff, 0xff, 0xff,
    0xdf, 0xff, 0xdf, 0xff, 0xff, 0xf7, 0xdf, 0xff, 0xdf, 0xf7, 0xdf, 0xff,
    0xdf, 0xf7, 0xdf, 0xff, 0xdf, 0xf7, 0xdf, 0xff, 0xdf, 0xff, 0xdf, 0xff,
    0xdf, 0xff, 0xdf, 0xff, 0xdf, 0xf7, 0xdf, 0xff, 0xdf, 0xff, 0xdf, 0xf7,
    0xdf, 0xff, 0xdf, 0xff, 0xdf, 0xf7, 0xdf, 0xff, 0xdf, 0xff, 0xdf, 0xf7,
    0xdf, 0xff, 0xdf, 0xf7, 0xdf, 0xff, 0xdf, 0xf7, 0xdf, 0xff, 0xdf, 0xff,
    0xdf, 0xf7, 0xdf, 0xff, 0xdf, 0xff, 0xdf, 0xf7, 0xdf, 0xff, 0xbf, 0xff,
    0xdf, 0xf7, 0xdf, 0xff, 0xdf, 0xf7, 0xdf, 0xf7, 0xdf, 0xff, 0xdf, 0xf7,
    0xbf, 0xf7, 0xdf, 0xff, 0xdf, 0xf7, 0xdf, 0xff, 0xbf, 0xf7, 0xdf, 0xff,
    0xdf, 0xff, 0xbf, 0xf7, 0xbf, 0xff, 0xdf, 0xff, 0xbf, 0xf7, 0xdf, 0xf7,
    0xdf, 0xff, 0xdf, 0xf7, 0xbf, 0xff, 0xdf, 0xff, 0xdf, 0xf7, 0xbf, 0xff,
    0xdf, 0xff, 0xdf, 0xf7, 0xdf, 0xf7, 0xbf, 0xff, 0xdf, 0xf7, 0xdf, 0xf7,
    0xdf, 0xff, 0xdf, 0xf7, 0xbf, 0xff, 0xdf, 0xff, 0xdf, 0xf7, 0xbf, 0xf7,
    0xdf, 0xff, 0xdf, 0xf7, 0xbf, 0xf7, 0xdf, 0xff, 0xdf, 0xff, 0xdf, 0xf7,
    0xdf, 0xff, 0xdf, 0xf7, 0xdf, 0xf7, 0xbf, 0xff, 0xdf, 0xf7, 0xdf, 0xff,
    0xdf, 0xf7, 0xdf, 0xf7, 0xbf, 0xff, 0xdf, 0xff, 0xdf, 0xf7, 0xdf, 0xff,
    0xdf, 0xff, 0xbf, 0xf7, 0xdf, 0xff, 0xdf, 0xff, 0xdf, 0xf7, 0xdf, 0xff,
    0xdf, 0xf7, 0xdf, 0xf7, 0xdf, 0xff, 0xdf, 0xff, 0xdf, 0xf7, 0xdf, 0xff,
    0xdf, 0xf7, 0xbf, 0xf7, 0xdf, 0xff, 0xff, 0xff, 0xff, 0xff, 0xff, 0xff,
    0xff, 0xff, 0xff, 0xff, 0xff, 0xff, 0xff, 0xff, 0xff, 0xff, 0xff, 0xff,
    0xff, 0xff, 0xff, 0xff, 0xff, 0xff, 0xff, 0xff, 0xff, 0xff, 0xff, 0xff,
    0xff, 0xff, 0xff, 0xff, 0xff, 0xff, 0xff, 0xff, 0xff, 0xff, 0xff, 0xff,
    0xff, 0xff, 0xff, 0xff, 0xff, 0xff, 0xff, 0xff, 0xff, 0xff, 0xdf, 0xff,
    0xff, 0xff, 0xff, 0xff, 0xff, 0xff, 0xff, 0xff, 0xff, 0xff, 0xff, 0xff,
    0xff, 0xff, 0xff, 0xff, 0xff, 0xff, 0xff, 0xff, 0xdf, 0xff, 0xff, 0xff,
    0xff, 0xff, 0xff, 0xff, 0xdf, 0xff, 0xff, 0xff, 0xff, 0xff, 0xdf, 0xff,
    0xff, 0xff, 0xdf, 0xff, 0xdf, 0xff, 0xff, 0xff, 0xdf, 0xff, 0xff, 0xff,
    0xff, 0xff, 0xdf, 0xff, 0xdf, 0xff, 0xff, 0xff, 0xdf, 0xff, 0xdf, 0xff,
    0xdf, 0xff, 0xdf, 0xff, 0xdf, 0xf7, 0xdf, 0xff, 0xdf, 0xff, 0xff, 0xff,
    0xdf, 0xff, 0xdf, 0xff, 0xff, 0xf7, 0xdf, 0xff, 0xff, 0xff, 0xdf, 0xff,
    0xdf, 0xf7, 0xdf, 0xf7, 0xdf, 0xff, 0xdf, 0xff, 0xdf, 0xf7, 0xdf, 0xff,
    0xdf, 0xff, 0xdf, 0xf7, 0xdf, 0xf7, 0xdf, 0xff, 0xdf, 0xff, 0xdf, 0xf7,
    0xdf, 0xff, 0xdf, 0xf7, 0xdf, 0xff, 0xdf, 0xff, 0xdf, 0xff, 0xdf, 0xf7,
    0xdf, 0xff, 0xdf, 0xf7, 0xdf, 0xff, 0xdf, 0xf7, 0xdf, 0xff, 0xdf, 0xff,
    0xdf, 0xf7, 0xdf, 0xff, 0xdf, 0xf7, 0xbf, 0xff, 0xdf, 0xff, 0xdf, 0xf7,
    0xbf, 0xff, 0xdf, 0xff, 0xdf, 0xf7, 0xdf, 0xff, 0xbf, 0xf7, 0xdf, 0xff,
    0xdf, 0xf7, 0xdf, 0xf7, 0xdf, 0xff, 0xdf, 0xf7, 0xdf, 0xf7, 0xdf, 0xff,
    0xdf, 0xf7, 0xbf, 0xff, 0xdf, 0xff, 0xdf, 0xf7, 0xdf, 0xf7, 0xdf, 0xff,
    0xbf, 0xf7, 0xdf, 0xf7, 0xdf, 0xff, 0xbf, 0xff, 0xdf, 0xf7, 0xdf, 0xff,
    0xbf, 0xff, 0xdf, 0xf7, 0xdf, 0xff, 0xbf, 0xf7, 0xdf, 0xf7, 0xdf, 0xff,
    0xdf, 0xf7, 0xdf, 0xff, 0xbf, 0xff, 0xdf, 0xf7, 0xdf, 0xff, 0xdf, 0xf7,
    0xbf, 0xf7, 0xdf, 0xff, 0xdf, 0xff, 0xbf, 0xf7, 0xdf, 0xff, 0xdf, 0xff,
    0xbf, 0xf7, 0xdf, 0xff, 0xdf, 0xff, 0xbf, 0xf7, 0xdf, 0xff, 0xdf, 0xf7,
    0xdf, 0xf7, 0xbf, 0xff, 0xdf, 0xf7, 0xdf, 0xf7, 0xdf, 0xff, 0xdf, 0xf7,
    0xbf, 0xf7, 0xdf, 0xff, 0xbf, 0xff, 0xdf, 0xf7, 0xbf, 0xff, 0xdf, 0xf7,
    0xdf, 0xf7, 0xbf, 0xff, 0xdf, 0xff, 0xdf, 0xf7, 0xdf, 0xff, 0xdf, 0xf7,
    0xff, 0xff, 0xff, 0xff, 0xff, 0xff, 0xff, 0xff, 0xff, 0xff, 0xff, 0xff,
    0xff, 0xff, 0xff, 0xff, 0xff, 0xff, 0xff, 0xff, 0xff, 0xff, 0xff, 0xff,
    0xff, 0xff, 0xff, 0xff, 0xff, 0xff, 0xff, 0xff, 0xff, 0xff, 0xff, 0xff,
    0xff, 0xff, 0xff, 0xff, 0xff, 0xff, 0xff, 0xff, 0xdf, 0xff, 0xdf, 0xff,
    0xff, 0xff, 0xff, 0xff, 0xff, 0xff, 0xdf, 0xff, 0xff, 0xff, 0xdf, 0xff,
    0xdf, 0xff, 0xff, 0xff, 0xdf, 0xff, 0xff, 0xff, 0xff, 0xff, 0xff, 0xff,
    0xff, 0xff, 0xdf, 0xff, 0xdf, 0xff, 0xff, 0xff, 0xdf, 0xff, 0xdf, 0xff,
    0xff, 0xff, 0xdf, 0xff, 0xff, 0xff, 0xff, 0xff, 0xdf, 0xff, 0xff, 0xff,
    0xdf, 0xff, 0xdf, 0xff, 0xff, 0xff, 0xdf, 0xff, 0xdf, 0xff, 0xdf, 0xf7,
    0xdf, 0xff, 0xff, 0xff, 0xdf, 0xf7, 0xdf, 0xff, 0xff, 0xff, 0xdf, 0xff,
    0xdf, 0xff, 0xff, 0xff, 0xdf, 0xf7, 0xdf, 0xff, 0xff, 0xff, 0xdf, 0xff,
    0xdf, 0xff, 0xdf, 0xff, 0xdf, 0xff, 0xdf, 0xff, 0xdf, 0xff, 0xdf, 0xff,
    0xdf, 0xf7, 0xdf, 0xff, 0xdf, 0xff, 0xdf, 0xff, 0xdf, 0xf7, 0xdf, 0xff,
    0xdf, 0xff, 0xdf, 0xf7, 0xdf, 0xff, 0xdf, 0xff, 0xdf, 0xf7, 0xdf, 0xff,
    0xdf, 0xf7, 0xdf, 0xff, 0xdf, 0xff, 0xdf, 0xf7, 0xdf, 0xff, 0xdf, 0xff,
    0xdf, 0xf7, 0xdf, 0xff, 0xdf, 0xf7, 0xbf, 0xff, 0xdf, 0xff, 0xdf, 0xf7,
    0xdf, 0xf7, 0xbf, 0xff, 0xdf, 0xf7, 0xdf, 0xf7, 0xbf, 0xff, 0xdf, 0xff,
    0xdf, 0xf7, 0xdf, 0xff, 0xbf, 0xf7, 0xdf, 0xff, 0xbf, 0xff, 0xdf, 0xf7,
    0xbf, 0xff, 0xdf, 0xf7, 0xdf, 0xff, 0xdf, 0xf7, 0xdf, 0xf7, 0xbf, 0xff,
    0xdf, 0xff, 0xdf, 0xf7, 0xbf, 0xff, 0xdf, 0xf7, 0xdf, 0xf7, 0xdf, 0xff,
    0xdf, 0xf7, 0xdf, 0xf7, 0xdf, 0xff, 0xdf, 0xf7, 0xdf, 0xff, 0xbf, 0xff,
    0xdf, 0xf7, 0xdf, 0xff, 0xbf, 0xf7, 0xdf, 0xf7, 0xdf, 0xff, 0xdf, 0xf7,
    0xdf, 0xff, 0xdf, 0xff, 0xdf, 0xf7, 0xbf, 0xff, 0xdf, 0xf7, 0xdf, 0xf7,
    0xbf, 0xff, 0xdf, 0xf7, 0xdf, 0xff, 0xdf, 0xf7, 0xdf, 0xf7, 0xbf, 0xff,
    0xdf, 0xff, 0xdf, 0xf7, 0xdf, 0xff, 0xbf, 0xff, 0xdf, 0xf7, 0xdf, 0xff,
    0xbf, 0xf7, 0xdf, 0xff, 0xdf, 0xf7, 0xdf, 0xf7, 0xbf, 0xff, 0xdf, 0xf7,
    0xdf, 0xff, 0xdf, 0xff, 0xbf, 0xf7, 0xdf, 0xf7, 0xdf, 0xff, 0xbf, 0xf7,
    0xdf, 0xff, 0xdf, 0xf7, 0xbf, 0xff, 0xff, 0xff, 0xff, 0xff, 0xff, 0xff,
    0xff, 0xff, 0xff, 0xff, 0xff, 0xff, 0xff, 0xff, 0xff, 0xff, 0xff, 0xff,
    0xff, 0xff, 0xff, 0xff, 0xff, 0xff, 0xff, 0xff, 0xff, 0xff, 0xff, 0xff,
    0xff, 0xff, 0xff, 0xff, 0xff, 0xff, 0xff, 0xff, 0xff, 0xff, 0xff, 0xff,
    0xff, 0xff, 0xff, 0xff, 0xff, 0xff, 0xdf, 0xff, 0xff, 0xff, 0xff, 0xff,
    0xff, 0xff, 0xff, 0xff, 0xff, 0xff, 0xff, 0xff, 0xff, 0xff, 0xff, 0xff,
    0xdf, 0xff, 0xdf, 0xff, 0xff, 0xff, 0xdf, 0xff, 0xdf, 0xff, 0xff, 0xff,
    0xdf, 0xff, 0xff, 0xff, 0xff, 0xff, 0xdf, 0xff, 0xdf, 0xff, 0xff, 0xff,
    0xdf, 0xff, 0xff, 0xff, 0xff, 0xff, 0xdf, 0xff, 0xff, 0xff, 0xdf, 0xff,
    0xdf, 0xff, 0xdf, 0xff, 0xdf, 0xff, 0xdf, 0xff, 0xdf, 0xff, 0xff, 0xff,
    0xdf, 0xff, 0xdf, 0xff, 0xff, 0xff, 0xdf, 0xff, 0xdf, 0xff, 0xdf, 0xf7,
    0xdf, 0xff, 0xdf, 0xff, 0xdf, 0xf7, 0xdf, 0xff, 0xdf, 0xf7, 0xdf, 0xff,
    0xdf, 0xff, 0xdf, 0xff, 0xdf, 0xf7, 0xdf, 0xff, 0xdf, 0xff, 0xdf, 0xff,
    0xdf, 0xf7, 0xdf, 0xff, 0xdf, 0xff, 0xdf, 0xf7, 0xdf, 0xff, 0xdf, 0xff,
    0xdf, 0xf7, 0xdf, 0xff, 0xdf, 0xff, 0xdf, 0xf7, 0xdf, 0xff, 0xdf, 0xff,
    0xdf, 0xf7, 0xdf, 0xff, 0xdf, 0xff, 0xdf, 0xf7, 0xdf, 0xff, 0xdf, 0xff,
    0xdf, 0xf7, 0xbf, 0xff, 0xdf, 0xf7, 0xdf, 0xff, 0xdf, 0xff, 0xdf, 0xf7,
    0xdf, 0xf7, 0xdf, 0xff, 0xbf, 0xf7, 0xdf, 0xf7, 0xdf, 0xff, 0xdf, 0xf7,
    0xdf, 0xf7, 0xdf, 0xff, 0xbf, 0xf7, 0xdf, 0xff, 0xdf, 0xff, 0xbf, 0xf7,
    0xdf, 0xff, 0xdf, 0xf7, 0xbf, 0xff, 0xdf, 0xf7, 0xdf, 0xff, 0xdf, 0xff,
    0xdf, 0xf7, 0xbf, 0xff, 0xdf, 0xff, 0xdf, 0xf7, 0xbf, 0xff, 0xbf, 0xf7,
    0xdf, 0xf7, 0xdf, 0xff, 0xdf, 0xf7, 0xdf, 0xff, 0xdf, 0xff, 0xbf, 0xf7,
    0xdf, 0xff, 0xdf, 0xf7, 0xbf, 0xf7, 0xbf, 0xff, 0xdf, 0xf7, 0xdf, 0xff,
    0xdf, 0xff, 0xdf, 0xf7, 0xdf, 0xff, 0xdf, 0xf7, 0xbf, 0xf7, 0xdf, 0xff,
    0xdf, 0xff, 0xbf, 0xf7, 0xdf, 0xf7, 0xdf, 0xff, 0xdf, 0xf7, 0xbf, 0xf7,
    0xdf, 0xff, 0xdf, 0xf7, 0xdf, 0xff, 0xbf, 0xff, 0xdf, 0xf7, 0xdf, 0xff,
    0xdf, 0xff, 0xdf, 0xf7, 0xdf, 0xf7, 0xdf, 0xff, 0xdf, 0xf7, 0xdf, 0xff,
    0xdf, 0xff, 0xdf, 0xf7, 0xdf, 0xf7, 0xbf, 0xff, 0xdf, 0xf7, 0xdf, 0xf7,
    0xff, 0xff, 0xff, 0xff, 0xff, 0xff, 0xff, 0xff, 0xff, 0xff, 0xff, 0xff,
    0xff, 0xff, 0xff, 0xff, 0xff, 0xff, 0xff, 0xff, 0xff, 0xff, 0xff, 0xff,
    0xff, 0xff, 0xff, 0xff, 0xff, 0xff, 0xff, 0xff, 0xff, 0xff, 0xff, 0xff,
    0xff, 0xff, 0xff, 0xff, 0xff, 0xff, 0xdf, 0xff, 0xff, 0xff, 0xff, 0xff,
    0xff, 0xff, 0xdf, 0xff, 0xff, 0xff, 0xff, 0xff, 0xdf, 0xff, 0xff, 0xff,
    0xff, 0xff, 0xff, 0xff, 0xff, 0xff, 0xff, 0xff, 0xff, 0xff, 0xdf, 0xff,
    0xff, 0xff, 0xff, 0xff, 0xdf, 0xff, 0xff, 0xff, 0xdf, 0xff, 0xff, 0xff,
    0xdf, 0xff, 0xff, 0xff, 0xdf, 0xff, 0xdf, 0xff, 0xff, 0xff, 0xdf, 0xff,
    0xff, 0xff, 0xff, 0xff, 0xdf, 0xff, 0xdf, 0xff, 0xff, 0xff, 0xff, 0xff,
    0xdf, 0xff, 0xdf, 0xff, 0xdf, 0xff, 0xdf, 0xf7, 0xdf, 0xff, 0xff, 0xff,
    0xdf, 0xff, 0xdf, 0xf7, 0xff, 0xff, 0xdf, 0xff, 0xdf, 0xff, 0xff, 0xff,
    0xdf, 0xf7, 0xdf, 0xff, 0xdf, 0xf7, 0xdf, 0xff, 0xdf, 0xff, 0xdf, 0xf7,
    0xdf, 0xff, 0xdf, 0xff, 0xdf, 0xf7, 0xdf, 0xf7, 0xdf, 0xff, 0xdf, 0xff,
    0xdf, 0xf7, 0xdf, 0xff, 0xdf, 0xf7, 0xdf, 0xff, 0xdf, 0xff, 0xdf, 0xf7,
    0xdf, 0xff, 0xdf, 0xf7, 0xdf, 0xff, 0xdf, 0xff, 0xdf, 0xf7, 0xdf, 0xff,
    0xdf, 0xff, 0xdf, 0xf7, 0xdf, 0xff, 0xdf, 0xff, 0xdf, 0xf7, 0xbf, 0xff,
    0xdf, 0xf7, 0xdf, 0xff, 0xbf, 0xff, 0xdf, 0xf7, 0xdf, 0xff, 0xdf, 0xf7,
    0xbf, 0xff, 0xdf, 0xff, 0xdf, 0xf7, 0xbf, 0xff, 0xdf, 0xf7, 0xdf, 0xf7,
    0xdf, 0xff, 0xdf, 0xf7, 0xbf, 0xf7, 0xdf, 0xff, 0xdf, 0xff, 0xdf, 0xf7,
    0xbf, 0xf7, 0xdf, 0xff, 0xdf, 0xf7, 0xbf, 0xf7, 0xdf, 0xff, 0xdf, 0xf7,
    0xdf, 0xff, 0xdf, 0xff, 0xdf, 0xf7, 0xbf, 0xff, 0xdf, 0xf7, 0xdf, 0xf7,
    0xbf, 0xff, 0xdf, 0xf7, 0xdf, 0xff, 0xdf, 0xff, 0xdf, 0xf7, 0xdf, 0xff,
    0xdf, 0xf7, 0xbf, 0xf7, 0xdf, 0xff, 0xdf, 0xf7, 0xbf, 0xff, 0xdf, 0xff,
    0xdf, 0xf7, 0xdf, 0xff, 0xbf, 0xf7, 0xdf, 0xff, 0xdf, 0xf7, 0xdf, 0xff,
    0xdf, 0xff, 0xbf, 0xf7, 0xdf, 0xff, 0xdf, 0xf7, 0xdf, 0xf7, 0xdf, 0xff,
    0xdf, 0xf7, 0xbf, 0xf7, 0xdf, 0xff, 0xbf, 0xff, 0xdf, 0xf7, 0xbf, 0xff,
    0xbf, 0xf7, 0xdf, 0xf7, 0xbf, 0xff, 0xdf, 0xff, 0xdf, 0xf7, 0xbf, 0xff,
    0xdf, 0xff, 0xdf, 0xf7, 0xdf, 0xff, 0xff, 0xff, 0xff, 0xff, 0xff, 0xff,
    0xff, 0xff, 0xff, 0xff, 0xff, 0xff, 0xff, 0xff, 0xff, 0xff, 0xff, 0xff,
    0xff, 0xff, 0xff, 0xff, 0xff, 0xff, 0xff, 0xff, 0xff, 0xff, 0xff, 0xff,
    0xff, 0xff, 0xff, 0xff, 0xff, 0xff, 0xff, 0xff, 0xff, 0xff, 0xff, 0xff,
    0xdf, 0xff, 0xff, 0xff, 0xff, 0xff, 0xff, 0xff, 0xff, 0xff, 0xdf, 0xff,
    0xff, 0xff, 0xff, 0xff, 0xdf, 0xff, 0xff, 0xff, 0xdf, 0xff, 0xff, 0xff,
    0xff, 0xff, 0xdf, 0xff, 0xdf, 0xff, 0xff, 0xff, 0xdf, 0xff, 0xff, 0xff,
    0xdf, 0xff, 0xdf, 0xff, 0xff, 0xff, 0xff, 0xff, 0xdf, 0xff, 0xff, 0xff,
    0xff, 0xff, 0xdf, 0xff, 0xdf, 0xff, 0xff, 0xff, 0xdf, 0xff, 0xdf, 0xff,
    0xdf, 0xf7, 0xdf, 0xff, 0xdf, 0xff, 0xff, 0xf7, 0xdf, 0xff, 0xff, 0xff,
    0xdf, 0xff, 0xdf, 0xff, 0xdf, 0xff, 0xdf, 0xf7, 0xff, 0xff, 0xdf, 0xff,
    0xdf, 0xf7, 0xff, 0xff, 0xdf, 0xff, 0xdf, 0xff, 0xdf, 0xff, 0xdf, 0xff,
    0xdf, 0xf7, 0xdf, 0xff, 0xdf, 0xff, 0xdf, 0xff, 0xdf, 0xf7, 0xdf, 0xff,
    0xdf, 0xff, 0xdf, 0xf7, 0xdf, 0xff, 0xdf, 0xff, 0xdf, 0xf7, 0xdf, 0xff,
    0xdf, 0xff, 0xdf, 0xf7, 0xdf, 0xff, 0xdf, 0xff, 0xdf, 0xf7, 0xdf, 0xff,
    0xdf, 0xf7, 0xdf, 0xff, 0xdf, 0xf7, 0xdf, 0xff, 0xbf, 0xf7, 0xdf, 0xff,
    0xdf, 0xff, 0xbf, 0xf7, 0xdf, 0xf7, 0xdf, 0xff, 0xbf, 0xf7, 0xdf, 0xf7,
    0xbf, 0xff, 0xdf, 0xff, 0xdf, 0xf7, 0xdf, 0xff, 0xbf, 0xf7, 0xdf, 0xff,
    0xdf, 0xff, 0xdf, 0xf7, 0xbf, 0xff, 0xdf, 0xff, 0xdf, 0xf7, 0xdf, 0xff,
    0xbf, 0xf7, 0xdf, 0xff, 0xdf, 0xf7, 0xdf, 0xff, 0xbf, 0xff, 0xdf, 0xf7,
    0xdf, 0xff, 0xdf, 0xf7, 0xbf, 0xf7, 0xbf, 0xff, 0xdf, 0xf7, 0xdf, 0xff,
    0xdf, 0xff, 0xbf, 0xf7, 0xdf, 0xff, 0xdf, 0xf7, 0xbf, 0xf7, 0xdf, 0xff,
    0xbf, 0xf7, 0xdf, 0xff, 0xdf, 0xff, 0xdf, 0xf7, 0xdf, 0xff, 0xbf, 0xf7,
    0xdf, 0xf7, 0xdf, 0xff, 0xbf, 0xf7, 0xdf, 0xff, 0xdf, 0xf7, 0xdf, 0xff,
    0xbf, 0xf7, 0xdf, 0xff, 0xdf, 0xf7, 0xbf, 0xf7, 0xdf, 0xff, 0xdf, 0xff,
    0xbf, 0xf7, 0xdf, 0xff, 0xdf, 0xff, 0xbf, 0xf7, 0xdf, 0xff, 0xdf, 0xf7,
    0xdf, 0xf7, 0xdf, 0xff, 0xdf, 0xff, 0xdf, 0xf7, 0xdf, 0xff, 0xbf, 0xf7,
    0xdf, 0xf7, 0xdf, 0xff, 0xdf, 0xf7, 0xdf, 0xff, 0xbf, 0xf7, 0xdf, 0xff,
    0xff, 0xff, 0xff, 0xff, 0xff, 0xff, 0xff, 0xff, 0xff, 0xff, 0xff, 0xff,
    0xff, 0xff, 0xff, 0xff, 0xff, 0xff, 0xff, 0xff, 0xff, 0xff, 0xff, 0xff,
    0xff, 0xff, 0xff, 0xff, 0xff, 0xff, 0xff, 0xff, 0xff, 0xff, 0xff, 0xff,
    0xff, 0xff, 0xff, 0xff, 0xdf, 0xff, 0xff, 0xff, 0xff, 0xff, 0xdf, 0xff,
    0xff, 0xff, 0xff, 0xff, 0xff, 0xff, 0xff, 0xff, 0xff, 0xff, 0xff, 0xff,
    0xff, 0xff, 0xdf, 0xff, 0xff, 0xff, 0xff, 0xff, 0xdf, 0xff, 0xff, 0xff,
    0xdf, 0xff, 0xdf, 0xff, 0xff, 0xff, 0xff, 0xff, 0xdf, 0xff, 0xdf, 0xff,
    0xff, 0xff, 0xdf, 0xff, 0xdf, 0xff, 0xff, 0xff, 0xdf, 0xff, 0xff, 0xff,
    0xdf, 0xff, 0xdf, 0xff, 0xdf, 0xff, 0xff, 0xff, 0xdf, 0xff, 0xdf, 0xff,
    0xdf, 0xff, 0xdf, 0xff, 0xdf, 0xff, 0xff, 0xff, 0xdf, 0xff, 0xdf, 0xf7,
    0xff, 0xff, 0xdf, 0xff, 0xdf, 0xff, 0xdf, 0xff, 0xdf, 0xf7, 0xdf, 0xff,
    0xdf, 0xff, 0xdf, 0xff, 0xdf, 0xff, 0xdf, 0xff, 0xdf, 0xf7, 0xdf, 0xff,
    0xdf, 0xff, 0xdf, 0xf7, 0xdf, 0xff, 0xdf, 0xff, 0xdf, 0xf7, 0xdf, 0xff,
    0xdf, 0xff, 0xdf, 0xf7, 0xdf, 0xff, 0xdf, 0xf7, 0xdf, 0xf7, 0xdf, 0xff,
    0xdf, 0xff, 0xdf, 0xf7, 0xdf, 0xff, 0xdf, 0xff, 0xdf, 0xf7, 0xdf, 0xff,
    0xdf, 0xff, 0xdf, 0xf7, 0xbf, 0xff, 0xdf, 0xf7, 0xdf, 0xff, 0xdf, 0xff,
    0xdf, 0xf7, 0xdf, 0xff, 0xdf, 0xf7, 0xdf, 0xff, 0xbf, 0xf7, 0xdf, 0xf7,
    0xdf, 0xff, 0xdf, 0xf7, 0xbf, 0xf7, 0xdf, 0xff, 0xdf, 0xf7, 0xdf, 0xff,
    0xbf, 0xf7, 0xdf, 0xff, 0xdf, 0xf7, 0xdf, 0xff, 0xbf, 0xf7, 0xdf, 0xff,
    0xdf, 0xf7, 0xdf, 0xf7, 0xbf, 0xff, 0xdf, 0xff, 0xdf, 0xf7, 0xdf, 0xff,
    0xdf, 0xf7, 0xdf, 0xf7, 0xbf, 0xff, 0xdf, 0xf7, 0xdf, 0xff, 0xdf, 0xff,
    0xdf, 0xf7, 0xdf, 0xff, 0xdf, 0xf7, 0xdf, 0xf7, 0xbf, 0xff, 0xbf, 0xf7,
    0xdf, 0xff, 0xdf, 0xff, 0xdf, 0xf7, 0xdf, 0xff, 0xdf, 0xf7, 0xbf, 0xf7,
    0xdf, 0xff, 0xdf, 0xf7, 0xdf, 0xff, 0xdf, 0xf7, 0xbf, 0xff, 0xdf, 0xf7,
    0xdf, 0xf7, 0xdf, 0xff, 0xdf, 0xf7, 0xbf, 0xff, 0xdf, 0xf7, 0xdf, 0xf7,
    0xdf, 0xff, 0xdf, 0xff, 0xbf, 0xf7, 0xdf, 0xf7, 0xdf, 0xff, 0xbf, 0xf7,
    0xdf, 0xff, 0xdf, 0xff, 0xdf, 0xf7, 0xbf, 0xff, 0xdf, 0xf7, 0xdf, 0xff,
    0xbf, 0xf7, 0xdf, 0xf7, 0xdf, 0xff, 0xff, 0xff, 0xff, 0xff, 0xff, 0xff,
    0xff, 0xff, 0xff, 0xff, 0xff, 0xff, 0xff, 0xff, 0xff, 0xff, 0xff, 0xff,
    0xff, 0xff, 0xff, 0xff, 0xff, 0xff, 0xff, 0xff, 0xff, 0xff, 0xff, 0xff,
    0xff, 0xff, 0xff, 0xff, 0xff, 0xff, 0xdf, 0xff, 0xff, 0xff, 0xff, 0xff,
    0xff, 0xff, 0xff, 0xff, 0xdf, 0xff, 0xff, 0xff, 0xff, 0xff, 0xdf, 0xff,
    0xff, 0xff, 0xdf, 0xff, 0xff, 0xff, 0xff, 0xff, 0xff, 0xff, 0xff, 0xff,
    0xdf, 0xff, 0xdf, 0xff, 0xff, 0xff, 0xff, 0xff, 0xdf, 0xff, 0xff, 0xff,
    0xff, 0xff, 0xdf, 0xff, 0xff, 0xff, 0xff, 0xff, 0xdf, 0xff, 0xff, 0xff,
    0xdf, 0xff, 0xff, 0xff, 0xdf, 0xff, 0xdf, 0xff, 0xdf, 0xff, 0xdf, 0xf7,
    0xdf, 0xff, 0xff, 0xff, 0xdf, 0xff, 0xdf, 0xff, 0xff, 0xf7, 0xdf, 0xff,
    0xdf, 0xff, 0xff, 0xff, 0xdf, 0xf7, 0xdf, 0xff, 0xdf, 0xff, 0xff, 0xf7,
    0xdf, 0xff, 0xdf, 0xff, 0xdf, 0xf7, 0xdf, 0xf7, 0xdf, 0xff, 0xdf, 0xff,
    0xdf, 0xff, 0xdf, 0xff, 0xdf, 0xff, 0xdf, 0xf7, 0xdf, 0xff, 0xdf, 0xff,
    0xdf, 0xf7, 0xdf, 0xff, 0xdf, 0xf7, 0xdf, 0xff, 0xdf, 0xff, 0xdf, 0xf7,
    0xdf, 0xff, 0xdf, 0xff, 0xdf, 0xf7, 0xdf, 0xff, 0xdf, 0xff, 0xdf, 0xf7,
    0xdf, 0xff, 0xdf, 0xff, 0xdf, 0xf7, 0xdf, 0xff, 0xdf, 0xff, 0xbf, 0xf7,
    0xdf, 0xf7, 0xdf, 0xff, 0xbf, 0xf7, 0xdf, 0xf7, 0xdf, 0xff, 0xbf, 0xff,
    0xdf, 0xf7, 0xdf, 0xff, 0xbf, 0xff, 0xdf, 0xf7, 0xdf, 0xff, 0xdf, 0xf7,
    0xbf, 0xff, 0xdf, 0xf7, 0xdf, 0xf7, 0xdf, 0xff, 0xbf, 0xf7, 0xdf, 0xff,
    0xdf, 0xf7, 0xdf, 0xff, 0xbf, 0xf7, 0xdf, 0xff, 0xdf, 0xf7, 0xdf, 0xff,
    0xbf, 0xf7, 0xdf, 0xff, 0xdf, 0xff, 0xdf, 0xf7, 0xdf, 0xff, 0xdf, 0xf7,
    0xbf, 0xf7, 0xdf, 0xff, 0xdf, 0xf7, 0xbf, 0xff, 0xdf, 0xff, 0xdf, 0xf7,
    0xdf, 0xff, 0xdf, 0xf7, 0xdf, 0xf7, 0xbf, 0xff, 0xdf, 0xf7, 0xbf, 0xff,
    0xdf, 0xff, 0xdf, 0xf7, 0xdf, 0xff, 0xbf, 0xff, 0xdf, 0xf7, 0xdf, 0xf7,
    0xbf, 0xff, 0xdf, 0xff, 0xdf, 0xff, 0xdf, 0xf7, 0xbf, 0xff, 0xdf, 0xf7,
    0xdf, 0xff, 0xbf, 0xff, 0xdf, 0xf7, 0xdf, 0xf7, 0xbf, 0xff, 0xdf, 0xff,
    0xdf, 0xff, 0xbf, 0xf7, 0xdf, 0xf7, 0xdf, 0xff, 0xdf, 0xf7, 0xdf, 0xff,
    0xdf, 0xf7, 0xbf, 0xff, 0xdf, 0xff, 0xdf, 0xf7, 0xdf, 0xff, 0xdf, 0xf7,
    0xff, 0xff, 0xff, 0xff, 0xff, 0xff, 0xff, 0xff, 0xff, 0xff, 0xff, 0xff,
    0xff, 0xff, 0xff, 0xff, 0xff, 0xff, 0xff, 0xff, 0xff, 0xff, 0xff, 0xff,
    0xff, 0xff, 0xff, 0xff, 0xff, 0xff, 0xff, 0xff, 0xff, 0xff, 0xff, 0xff,
    0xff, 0xff, 0xdf, 0xff, 0xff, 0xff, 0xff, 0xff, 0xff, 0xff, 0xff, 0xff,
    0xff, 0xff, 0xdf, 0xff, 0xff, 0xff, 0xff, 0xff, 0xff, 0xff, 0xdf, 0xff,
    0xff, 0xff, 0xff, 0xff, 0xdf, 0xff, 0xdf, 0xff, 0xff, 0xff, 0xdf, 0xff,
    0xff, 0xff, 0xdf, 0xff, 0xdf, 0xff, 0xff, 0xff, 0xdf, 0xff, 0xdf, 0xff,
    0xff, 0xff, 0xff, 0xff, 0xdf, 0xff, 0xff, 0xff, 0xdf, 0xff, 0xdf, 0xff,
    0xdf, 0xff, 0xff, 0xff, 0xdf, 0xff, 0xdf, 0xff, 0xdf, 0xff, 0xff, 0xf7,
    0xdf, 0xff, 0xdf, 0xff, 0xdf, 0xff, 0xdf, 0xff, 0xdf, 0xf7, 0xff, 0xff,
    0xdf, 0xff, 0xdf, 0xff, 0xdf, 0xf7, 0xdf, 0xff, 0xdf, 0xff, 0xdf, 0xff,
    0xdf, 0xff, 0xdf, 0xf7, 0xdf, 0xf7, 0xdf, 0xff, 0xdf, 0xff, 0xdf, 0xf7,
    0xdf, 0xff, 0xdf, 0xff, 0xdf, 0xf7, 0xdf, 0xff, 0xdf, 0xff, 0xdf, 0xf7,
    0xdf, 0xff, 0xdf, 0xff, 0xdf, 0xf7, 0xdf, 0xff, 0xdf, 0xff, 0xdf, 0xf7,
    0xdf, 0xff, 0xdf, 0xff, 0xdf, 0xf7, 0xdf, 0xff, 0xdf, 0xff, 0xbf, 0xf7,
    0xdf, 0xff, 0xdf, 0xff, 0xdf, 0xf7, 0xdf, 0xff, 0xbf, 0xf7, 0xdf, 0xff,
    0xdf, 0xf7, 0xbf, 0xff, 0xdf, 0xf7, 0xdf, 0xf7, 0xdf, 0xff, 0xdf, 0xf7,
    0xbf, 0xff, 0xdf, 0xf7, 0xdf, 0xff, 0xdf, 0xff, 0xbf, 0xf7, 0xdf, 0xff,
    0xdf, 0xff, 0xdf, 0xf7, 0xbf, 0xf7, 0xdf, 0xff, 0xdf, 0xf7, 0xdf, 0xff,
    0xbf, 0xf7, 0xdf, 0xff, 0xdf, 0xf7, 0xdf, 0xf7, 0xbf, 0xff, 0xbf, 0xf7,
    0xdf, 0xff, 0xdf, 0xff, 0xbf, 0xf7, 0xdf, 0xff, 0xdf, 0xf7, 0xbf, 0xf7,
    0xdf, 0xff, 0xbf, 0xf7, 0xdf, 0xff, 0xbf, 0xff, 0xdf, 0xf7, 0xdf, 0xff,
    0xdf, 0xf7, 0xdf, 0xf7, 0xdf, 0xff, 0xbf, 0xf7, 0xdf, 0xf7, 0xdf, 0xff,
    0xbf, 0xf7, 0xdf, 0xff, 0xdf, 0xf7, 0xdf, 0xf7, 0xdf, 0xff, 0xbf, 0xf7,
    0xdf, 0xff, 0xdf, 0xf7, 0xdf, 0xff, 0xdf, 0xf7, 0xdf, 0xff, 0xbf, 0xff,
    0xdf, 0xf7, 0xdf, 0xf7, 0xdf, 0xff, 0xdf, 0xf7, 0xdf, 0xff, 0xdf, 0xff,
    0xbf, 0xf7, 0xbf, 0xf7, 0xdf, 0xff, 0xdf, 0xf7, 0xdf, 0xf7, 0xbf, 0xff,
    0xdf, 0xf7, 0xdf, 0xff, 0xbf, 0xff, 0xff, 0xff, 0xff, 0xff, 0xff, 0xff,
    0xff, 0xff, 0xff, 0xff, 0xff, 0xff, 0xff, 0xff, 0xff, 0xff, 0xff, 0xff,
    0xff, 0xff, 0xff, 0xff, 0xff, 0xff, 0xff, 0xff, 0xff, 0xff, 0xff, 0xff,
    0xff, 0xff, 0xff, 0xff, 0xff, 0xff, 0xff, 0xff, 0xff, 0xff, 0xdf, 0xff,
    0xff, 0xff, 0xdf, 0xff, 0xff, 0xff, 0xff, 0xff, 0xff, 0xff, 0xff, 0xff,
    0xff, 0xff, 0xdf, 0xff, 0xff, 0xff, 0xff, 0xff, 0xdf, 0xff, 0xdf, 0xff,
    0xff, 0xff, 0xff, 0xff, 0xdf, 0xff, 0xdf, 0xff, 0xff, 0xff, 0xdf, 0xff,
    0xff, 0xff, 0xff, 0xff, 0xdf, 0xff, 0xdf, 0xff, 0xff, 0xff, 0xdf, 0xff,
    0xdf, 0xff, 0xdf, 0xff, 0xdf, 0xff, 0xff, 0xf7, 0xdf, 0xff, 0xdf, 0xff,
    0xff, 0xff, 0xdf, 0xff, 0xdf, 0xff, 0xdf, 0xff, 0xff, 0xff, 0xdf, 0xff,
    0xdf, 0xf7, 0xdf, 0xff, 0xdf, 0xff, 0xff, 0xff, 0xdf, 0xff, 0xdf, 0xff,
    0xdf, 0xff, 0xdf, 0xff, 0xdf, 0xff, 0xdf, 0xff, 0xdf, 0xff, 0xdf, 0xff,
    0xdf, 0xff, 0xdf, 0xf7, 0xdf, 0xf7, 0xdf, 0xff, 0xdf, 0xf7, 0xdf, 0xff,
    0xdf, 0xff, 0xdf, 0xf7, 0xdf, 0xff, 0xdf, 0xf7, 0xdf, 0xff, 0xdf, 0xff,
    0xdf, 0xf7, 0xdf, 0xff, 0xdf, 0xff, 0xdf, 0xf7, 0xdf, 0xff, 0xdf, 0xf7,
    0xdf, 0xff, 0xdf, 0xf7, 0xbf, 0xff, 0xdf, 0xf7, 0xbf, 0xf7, 0xdf, 0xff,
    0xdf, 0xf7, 0xdf, 0xff, 0xdf, 0xff, 0xdf, 0xf7, 0xdf, 0xff, 0xdf, 0xf7,
    0xbf, 0xff, 0xdf, 0xf7, 0xdf, 0xf7, 0xdf, 0xff, 0xbf, 0xf7, 0xdf, 0xf7,
    0xdf, 0xff, 0xdf, 0xf7, 0xbf, 0xff, 0xdf, 0xf7, 0xdf, 0xff, 0xdf, 0xff,
    0xbf, 0xf7, 0xdf, 0xff, 0xdf, 0xf7, 0xdf, 0xff, 0xbf, 0xff, 0xdf, 0xf7,
    0xdf, 0xff, 0xdf, 0xf7, 0xdf, 0xf7, 0xdf, 0xff, 0xbf, 0xf7, 0xdf, 0xff,
    0xdf, 0xff, 0xdf, 0xf7, 0xdf, 0xff, 0xdf, 0xf7, 0xdf, 0xf7, 0xdf, 0xff,
    0xdf, 0xf7, 0xbf, 0xff, 0xdf, 0xff, 0xdf, 0xf7, 0xbf, 0xff, 0xdf, 0xff,
    0xdf, 0xf7, 0xdf, 0xff, 0xdf, 0xf7, 0xdf, 0xff, 0xbf, 0xff, 0xdf, 0xf7,
    0xdf, 0xff, 0xbf, 0xf7, 0xdf, 0xf7, 0xdf, 0xff, 0xbf, 0xff, 0xdf, 0xf7,
    0xdf, 0xf7, 0xdf, 0xf7, 0xdf, 0xff, 0xbf, 0xff, 0xdf, 0xf7, 0xbf, 0xf7,
    0xdf, 0xff, 0xdf, 0xf7, 0xdf, 0xff, 0xdf, 0xf7, 0xdf, 0xff, 0xbf, 0xff,
    0xdf, 0xf7, 0xdf, 0xff, 0xdf, 0xf7, 0xbf, 0xf7, 0xdf, 0xff, 0xdf, 0xf7,
    0xff, 0xff, 0xff, 0xff, 0xff, 0xff, 0xff, 0xff, 0xff, 0xff, 0xff, 0xff,
    0xff, 0xff, 0xff, 0xff, 0xff, 0xff, 0xff, 0xff, 0xff, 0xff, 0xff, 0xff,
    0xff, 0xff, 0xff, 0xff, 0xff, 0xff, 0xff, 0xff, 0xdf, 0xff, 0xdf, 0xff,
    0xff, 0xff, 0xff, 0xff, 0xff, 0xff, 0xff, 0xff, 0xdf, 0xff, 0xff, 0xff,
    0xdf, 0xff, 0xff, 0xff, 0xff, 0xff, 0xdf, 0xff, 0xff, 0xff, 0xff, 0xff,
    0xdf, 0xff, 0xdf, 0xff, 0xff, 0xff, 0xff, 0xff, 0xdf, 0xff, 0xff, 0xff,
    0xff, 0xff, 0xdf, 0xff, 0xff, 0xff, 0xdf, 0xff, 0xff, 0xff, 0xdf, 0xff,
    0xff, 0xff, 0xdf, 0xff, 0xff, 0xff, 0xdf, 0xff, 0xdf, 0xff, 0xff, 0xff,
    0xdf, 0xff, 0xdf, 0xff, 0xdf, 0xff, 0xdf, 0xf7, 0xff, 0xff, 0xdf, 0xff,
    0xdf, 0xff, 0xff, 0xff, 0xdf, 0xf7, 0xff, 0xff, 0xdf, 0xff, 0xdf, 0xf7,
    0xdf, 0xff, 0xff, 0xf7, 0xdf, 0xff, 0xdf, 0xf7, 0xdf, 0xf7, 0xdf, 0xff,
    0xdf, 0xff, 0xdf, 0xf7, 0xdf, 0xff, 0xdf, 0xff, 0xdf, 0xf7, 0xdf, 0xff,
    0xdf, 0xff, 0xdf, 0xf7, 0xdf, 0xff, 0xdf, 0xf7, 0xdf, 0xff, 0xdf, 0xff,
    0xdf, 0xf7, 0xdf, 0xff, 0xdf, 0xff, 0xdf, 0xf7, 0xdf, 0xff, 0xdf, 0xf7,
    0xdf, 0xff, 0xdf, 0xff, 0xdf, 0xf7, 0xdf, 0xff, 0xdf, 0xff, 0xdf, 0xff,
    0xdf, 0xf7, 0xdf, 0xff, 0xbf, 0xf7, 0xdf, 0xf7, 0xbf, 0xff, 0xdf, 0xf7,
    0xbf, 0xf7, 0xdf, 0xff, 0xdf, 0xff, 0xbf, 0xf7, 0xdf, 0xff, 0xdf, 0xff,
    0xdf, 0xf7, 0xdf, 0xff, 0xbf, 0xff, 0xdf, 0xf7, 0xdf, 0xff, 0xdf, 0xf7,
    0xbf, 0xf7, 0xdf, 0xff, 0xdf, 0xf7, 0xdf, 0xff, 0xbf, 0xf7, 0xdf, 0xf7,
    0xdf, 0xff, 0xdf, 0xf7, 0xbf, 0xff, 0xdf, 0xff, 0xdf, 0xf7, 0xdf, 0xff,
    0xbf, 0xf7, 0xdf, 0xf7, 0xdf, 0xff, 0xbf, 0xf7, 0xdf, 0xff, 0xdf, 0xff,
    0xbf, 0xf7, 0xdf, 0xff, 0xdf, 0xf7, 0xdf, 0xf7, 0xbf, 0xff, 0xdf, 0xf7,
    0xdf, 0xf7, 0xbf, 0xff, 0xdf, 0xf7, 0xdf, 0xff, 0xbf, 0xf7, 0xdf, 0xff,
    0xdf, 0xf7, 0xdf, 0xf7, 0xbf, 0xff, 0xdf, 0xff, 0xdf, 0xf7, 0xdf, 0xff,
    0xdf, 0xf7, 0xbf, 0xf7, 0xdf, 0xff, 0xbf, 0xff, 0xdf, 0xf7, 0xdf, 0xf7,
    0xdf, 0xff, 0xdf, 0xff, 0xdf, 0xf7, 0xbf, 0xff, 0xbf, 0xf7, 0xdf, 0xf7,
    0xdf, 0xff, 0xdf, 0xf7, 0xdf, 0xff, 0xbf, 0xff, 0xdf, 0xf7, 0xdf, 0xff,
    0xdf, 0xff, 0xdf, 0xf7, 0xdf, 0xf7, 0xff, 0xff, 0xff, 0xff, 0xff, 0xff,
    0xff, 0xff, 0xff, 0xff, 0xff, 0xff, 0xff, 0xff, 0xff, 0xff, 0xff, 0xff,
    0xff, 0xff, 0xff, 0xff, 0xff, 0xff, 0xff, 0xff, 0xff, 0xff, 0xff, 0xff,
    0xff, 0xff, 0xff, 0xff, 0xff, 0xff, 0xdf, 0xff, 0xff, 0xff, 0xff, 0xff,
    0xff, 0xff, 0xff, 0xff, 0xff, 0xff, 0xff, 0xff, 0xdf, 0xff, 0xff, 0xff,
    0xff, 0xff, 0xff, 0xff, 0xdf, 0xff, 0xdf, 0xff, 0xff, 0xff, 0xff, 0xff,
    0xdf, 0xff, 0xdf, 0xff, 0xff, 0xff, 0xdf, 0xff, 0xff, 0xff, 0xdf, 0xff,
    0xdf, 0xff, 0xff, 0xff, 0xff, 0xff, 0xdf, 0xff, 0xff, 0xff, 0xdf, 0xff,
    0xdf, 0xff, 0xdf, 0xff, 0xdf, 0xff, 0xdf, 0xff, 0xff, 0xff, 0xdf, 0xff,
    0xdf, 0xff, 0xdf, 0xff, 0xdf, 0xff, 0xdf, 0xff, 0xdf, 0xff, 0xdf, 0xff,
    0xdf, 0xff, 0xff, 0xff, 0xdf, 0xff, 0xdf, 0xff, 0xdf, 0xff, 0xdf, 0xff,
    0xdf, 0xff, 0xdf, 0xff, 0xdf, 0xff, 0xdf, 0xf7, 0xdf, 0xff, 0xdf, 0xff,
    0xdf, 0xf7, 0xdf, 0xff, 0xdf, 0xff, 0xdf, 0xf7, 0xdf, 0xff, 0xdf, 0xff,
    0xdf, 0xf7, 0xdf, 0xff, 0xdf, 0xff, 0xdf, 0xf7, 0xdf, 0xff, 0xdf, 0xf7,
    0xdf, 0xff, 0xdf, 0xff, 0xdf, 0xf7, 0xdf, 0xff, 0xdf, 0xff, 0xdf, 0xf7,
    0xbf, 0xff, 0xdf, 0xf7, 0xdf, 0xff, 0xbf, 0xf7, 0xdf, 0xff, 0xdf, 0xff,
    0xdf, 0xf7, 0xdf, 0xff, 0xbf, 0xff, 0xdf, 0xf7, 0xdf, 0xf7, 0xdf, 0xff,
    0xdf, 0xf7, 0xbf, 0xff, 0xdf, 0xf7, 0xdf, 0xf7, 0xbf, 0xff, 0xdf, 0xf7,
    0xdf, 0xf7, 0xdf, 0xff, 0xdf, 0xff, 0xdf, 0xf7, 0xbf, 0xf7, 0xdf, 0xff,
    0xdf, 0xff, 0xdf, 0xf7, 0xbf, 0xff, 0xdf, 0xf7, 0xdf, 0xf7, 0xdf, 0xff,
    0xbf, 0xf7, 0xdf, 0xff, 0xdf, 0xff, 0xdf, 0xf7, 0xdf, 0xff, 0xdf, 0xf7,
    0xbf, 0xf7, 0xdf, 0xff, 0xdf, 0xf7, 0xbf, 0xff, 0xdf, 0xff, 0xdf, 0xf7,
    0xbf, 0xff, 0xdf, 0xff, 0xdf, 0xf7, 0xdf, 0xff, 0xdf, 0xf7, 0xdf, 0xf7,
    0xbf, 0xff, 0xdf, 0xff, 0xbf, 0xf7, 0xdf, 0xff, 0xdf, 0xf7, 0xdf, 0xff,
    0xbf, 0xf7, 0xdf, 0xff, 0xdf, 0xff, 0xbf, 0xf7, 0xdf, 0xff, 0xdf, 0xff,
    0xdf, 0xf7, 0xbf, 0xff, 0xdf, 0xf7, 0xdf, 0xf7, 0xbf, 0xff, 0xdf, 0xf7,
    0xdf, 0xff, 0xdf, 0xff, 0xbf, 0xf7, 0xdf, 0xff, 0xdf, 0xf7, 0xbf, 0xf7,
    0xdf, 0xff, 0xdf, 0xf7, 0xbf, 0xf7, 0xdf, 0xff, 0xbf, 0xff, 0xdf, 0xf7,
    0xff, 0xff, 0xff, 0xff, 0xff, 0xff, 0xff, 0xff, 0xff, 0xff, 0xff, 0xff,
    0xff, 0xff, 0xff, 0xff, 0xff, 0xff, 0xff, 0xff, 0xff, 0xff, 0xff, 0xff,
    0xff, 0xff, 0xff, 0xff, 0xff, 0xff, 0xdf, 0xff, 0xff, 0xff, 0xff, 0xff,
    0xff, 0xff, 0xdf, 0xff, 0xff, 0xff, 0xdf, 0xff, 0xff, 0xff, 0xff, 0xff,
    0xff, 0xff, 0xdf, 0xff, 0xff, 0xff, 0xff, 0xff, 0xdf, 0xff, 0xdf, 0xff,
    0xff, 0xff, 0xff, 0xff, 0xdf, 0xff, 0xdf, 0xff, 0xff, 0xff, 0xdf, 0xff,
    0xdf, 0xff, 0xff, 0xff, 0xff, 0xff, 0xdf, 0xff, 0xdf, 0xff, 0xff, 0xff,
    0xdf, 0xff, 0xdf, 0xff, 0xdf, 0xff, 0xff, 0xff, 0xdf, 0xf7, 0xdf, 0xff,
    0xff, 0xff, 0xdf, 0xf7, 0xdf, 0xff, 0xff, 0xff, 0xdf, 0xff, 0xff, 0xf7,
    0xdf, 0xff, 0xdf, 0xf7, 0xff, 0xff, 0xdf, 0xf7, 0xdf, 0xff, 0xff, 0xff,
    0xdf, 0xf7, 0xdf, 0xff, 0xdf, 0xff, 0xdf, 0xf7, 0xdf, 0xff, 0xdf, 0xff,
    0xdf, 0xff, 0xdf, 0xff, 0xdf, 0xf7, 0xdf, 0xff, 0xdf, 0xff, 0xdf, 0xf7,
    0xdf, 0xff, 0xdf, 0xff, 0xdf, 0xf7, 0xdf, 0xff, 0xdf, 0xf7, 0xdf, 0xff,
    0xdf, 0xff, 0xdf, 0xf7, 0xdf, 0xff, 0xdf, 0xff, 0xdf, 0xf7, 0xdf, 0xff,
    0xdf, 0xf7, 0xdf, 0xff, 0xdf, 0xff, 0xbf, 0xf7, 0xdf, 0xff, 0xdf, 0xf7,
    0xbf, 0xf7, 0xdf, 0xff, 0xdf, 0xf7, 0xbf, 0xf7, 0xdf, 0xff, 0xdf, 0xff,
    0xdf, 0xf7, 0xbf, 0xff, 0xdf, 0xf7, 0xdf, 0xff, 0xbf, 0xf7, 0xdf, 0xff,
    0xdf, 0xff, 0xdf, 0xf7, 0xdf, 0xff, 0xbf, 0xf7, 0xbf, 0xff, 0xdf, 0xff,
    0xdf, 0xf7, 0xdf, 0xff, 0xbf, 0xf7, 0xdf, 0xf7, 0xdf, 0xff, 0xdf, 0xff,
    0xbf, 0xf7, 0xdf, 0xff, 0xdf, 0xf7, 0xdf, 0xf7, 0xbf, 0xff, 0xdf, 0xf7,
    0xbf, 0xff, 0xdf, 0xff, 0xdf, 0xf7, 0xdf, 0xff, 0xdf, 0xf7, 0xdf, 0xf7,
    0xdf, 0xff, 0xdf, 0xf7, 0xbf, 0xf7, 0xdf, 0xff, 0xdf, 0xf7, 0xbf, 0xff,
    0xdf, 0xff, 0xdf, 0xf7, 0xbf, 0xff, 0xdf, 0xf7, 0xdf, 0xf7, 0xdf, 0xff,
    0xbf, 0xf7, 0xdf, 0xff, 0xdf, 0xf7, 0xdf, 0xf7, 0xbf, 0xff, 0xdf, 0xf7,
    0xdf, 0xf7, 0xdf, 0xff, 0xdf, 0xf7, 0xdf, 0xf7, 0xbf, 0xff, 0xdf, 0xff,
    0xdf, 0xf7, 0xbf, 0xff, 0xdf, 0xf7, 0xdf, 0xf7, 0xdf, 0xff, 0xdf, 0xff,
    0xbf, 0xf7, 0xdf, 0xff, 0xdf, 0xf7, 0xdf, 0xff, 0xdf, 0xff, 0xdf, 0xf7,
    0xbf, 0xf7, 0xdf, 0xff, 0xdf, 0xff, 0xff, 0xff, 0xff, 0xff, 0xff, 0xff,
    0xff, 0xff, 0xff, 0xff, 0xff, 0xff, 0xff, 0xff, 0xff, 0xff, 0xff, 0xff,
    0xff, 0xff, 0xff, 0xff, 0xff, 0xff, 0xff, 0xff, 0xff, 0xff, 0xff, 0xff,
    0xdf, 0xff, 0xff, 0xff, 0xff, 0xff, 0xff, 0xff, 0xff, 0xff, 0xdf, 0xff,
    0xff, 0xff, 0xdf, 0xff, 0xff, 0xff, 0xff, 0xff, 0xff, 0xff, 0xff, 0xff,
    0xff, 0xff, 0xdf, 0xff, 0xff, 0xff, 0xdf, 0xff, 0xdf, 0xff, 0xff, 0xff,
    0xff, 0xff, 0xdf, 0xff, 0xff, 0xff, 0xff, 0xff, 0xdf, 0xff, 0xff, 0xff,
    0xff, 0xff, 0xdf, 0xff, 0xff, 0xff, 0xdf, 0xff, 0xdf, 0xff, 0xdf, 0xff,
    0xff, 0xff, 0xdf, 0xff, 0xdf, 0xff, 0xff, 0xff, 0xdf, 0xff, 0xdf, 0xff,
    0xdf, 0xff, 0xff, 0xff, 0xdf, 0xff, 0xdf, 0xf7, 0xff, 0xff, 0xdf, 0xff,
    0xdf, 0xff, 0xdf, 0xf7, 0xdf, 0xff, 0xdf, 0xff, 0xdf, 0xf7, 0xdf, 0xff,
    0xdf, 0xff, 0xdf, 0xf7, 0xdf, 0xff, 0xdf, 0xff, 0xdf, 0xf7, 0xdf, 0xff,
    0xdf, 0xff, 0xdf, 0xf7, 0xdf, 0xff, 0xdf, 0xff, 0xdf, 0xf7, 0xdf, 0xff,
    0xdf, 0xff, 0xdf, 0xf7, 0xdf, 0xff, 0xdf, 0xff, 0xdf, 0xf7, 0xdf, 0xff,
    0xdf, 0xf7, 0xdf, 0xff, 0xdf, 0xff, 0xdf, 0xf7, 0xdf, 0xff, 0xbf, 0xff,
    0xdf, 0xf7, 0xdf, 0xff, 0xdf, 0xff, 0xdf, 0xf7, 0xdf, 0xff, 0xdf, 0xff,
    0xbf, 0xf7, 0xdf, 0xf7, 0xdf, 0xff, 0xdf, 0xf7, 0xbf, 0xff, 0xdf, 0xff,
    0xdf, 0xf7, 0xdf, 0xf7, 0xbf, 0xff, 0xdf, 0xf7, 0xdf, 0xff, 0xdf, 0xff,
    0xdf, 0xf7, 0xdf, 0xf7, 0xbf, 0xff, 0xdf, 0xf7, 0xdf, 0xff, 0xdf, 0xff,
    0xbf, 0xf7, 0xdf, 0xff, 0xdf, 0xf7, 0xdf, 0xff, 0xbf, 0xff, 0xdf, 0xf7,
    0xdf, 0xff, 0xdf, 0xf7, 0xdf, 0xf7, 0xbf, 0xff, 0xdf, 0xf7, 0xdf, 0xff,
    0xbf, 0xff, 0xdf, 0xf7, 0xbf, 0xff, 0xdf, 0xff, 0xdf, 0xf7, 0xdf, 0xff,
    0xdf, 0xf7, 0xdf, 0xf7, 0xbf, 0xff, 0xdf, 0xf7, 0xdf, 0xff, 0xdf, 0xff,
    0xdf, 0xf7, 0xdf, 0xff, 0xdf, 0xf7, 0xdf, 0xff, 0xbf, 0xff, 0xdf, 0xf7,
    0xdf, 0xff, 0xdf, 0xff, 0xdf, 0xf7, 0xbf, 0xff, 0xdf, 0xff, 0xdf, 0xf7,
    0xbf, 0xff, 0xdf, 0xf7, 0xdf, 0xff, 0xdf, 0xff, 0xdf, 0xf7, 0xdf, 0xff,
    0xbf, 0xf7, 0xdf, 0xf7, 0xdf, 0xff, 0xdf, 0xf7, 0xbf, 0xff, 0xdf, 0xf7,
    0xdf, 0xf7, 0xbf, 0xff, 0xdf, 0xff, 0xdf, 0xf7, 0xdf, 0xf7, 0xdf, 0xff,
    0xff, 0xff, 0xff, 0xff, 0xff, 0xff, 0xff, 0xff, 0xff, 0xff, 0xff, 0xff,
    0xff, 0xff, 0xff, 0xff, 0xff, 0xff, 0xff, 0xff, 0xff, 0xff, 0xff, 0xff,
    0xff, 0xff, 0xff, 0xff, 0xdf, 0xff, 0xff, 0xff, 0xff, 0xff, 0xdf, 0xff,
    0xff, 0xff, 0xff, 0xff, 0xff, 0xff, 0xff, 0xff, 0xff, 0xff, 0xdf, 0xff,
    0xff, 0xff, 0xdf, 0xff, 0xff, 0xff, 0xdf, 0xff, 0xdf, 0xff, 0xff, 0xff,
    0xff, 0xff, 0xdf, 0xff, 0xff, 0xff, 0xdf, 0xff, 0xdf, 0xff, 0xff, 0xff,
    0xdf, 0xff, 0xdf, 0xff, 0xff, 0xff, 0xdf, 0xff, 0xff, 0xff, 0xff, 0xff,
    0xdf, 0xff, 0xdf, 0xff, 0xdf, 0xf7, 0xdf, 0xff, 0xdf, 0xff, 0xdf, 0xff,
    0xdf, 0xff, 0xdf, 0xff, 0xdf, 0xf7, 0xdf, 0xff, 0xdf, 0xff, 0xdf, 0xff,
    0xdf, 0xff, 0xdf, 0xff, 0xff, 0xff, 0xdf, 0xff, 0xdf, 0xf7, 0xdf, 0xff,
    0xdf, 0xff, 0xdf, 0xff, 0xdf, 0xff, 0xdf, 0xff, 0xdf, 0xf7, 0xdf, 0xff,
    0xdf, 0xff, 0xdf, 0xf7, 0xdf, 0xff, 0xdf, 0xf7, 0xdf, 0xf7, 0xdf, 0xff,
    0xdf, 0xf7, 0xdf, 0xff, 0xdf, 0xff, 0xdf, 0xf7, 0xdf, 0xff, 0xdf, 0xf7,
    0xdf, 0xff, 0xdf, 0xff, 0xdf, 0xf7, 0xdf, 0xff, 0xdf, 0xff, 0xdf, 0xf7,
    0xdf, 0xff, 0xdf, 0xf7, 0xdf, 0xff, 0xdf, 0xf7, 0xbf, 0xf7, 0xdf, 0xff,
    0xbf, 0xf7, 0xdf, 0xf7, 0xdf, 0xff, 0xdf, 0xff, 0xbf, 0xf7, 0xdf, 0xf7,
    0xdf, 0xff, 0xdf, 0xf7, 0xbf, 0xff, 0xdf, 0xf7, 0xdf, 0xff, 0xdf, 0xf7,
    0xbf, 0xf7, 0xbf, 0xff, 0xdf, 0xf7, 0xdf, 0xff, 0xdf, 0xf7, 0xdf, 0xf7,
    0xbf, 0xff, 0xdf, 0xf7, 0xdf, 0xf7, 0xdf, 0xff, 0xbf, 0xf7, 0xdf, 0xf7,
    0xdf, 0xff, 0xdf, 0xf7, 0xbf, 0xff, 0xdf, 0xff, 0xdf, 0xf7, 0xdf, 0xff,
    0xdf, 0xf7, 0xdf, 0xf7, 0xbf, 0xff, 0xdf, 0xf7, 0xdf, 0xf7, 0xbf, 0xff,
    0xdf, 0xf7, 0xdf, 0xff, 0xbf, 0xff, 0xdf, 0xf7, 0xdf, 0xff, 0xdf, 0xf7,
    0xdf, 0xf7, 0xbf, 0xff, 0xdf, 0xf7, 0xbf, 0xff, 0xdf, 0xf7, 0xdf, 0xff,
    0xdf, 0xf7, 0xdf, 0xf7, 0xbf, 0xff, 0xdf, 0xf7, 0xdf, 0xf7, 0xbf, 0xff,
    0xdf, 0xf7, 0xdf, 0xf7, 0xbf, 0xff, 0xdf, 0xf7, 0xdf, 0xf7, 0xbf, 0xff,
    0xdf, 0xf7, 0xdf, 0xf7, 0xbf, 0xff, 0xdf, 0xff, 0xdf, 0xf7, 0xbf, 0xff,
    0xdf, 0xf7, 0xdf, 0xff, 0xdf, 0xff, 0xbf, 0xf7, 0xdf, 0xf7, 0xdf, 0xff,
    0xbf, 0xff, 0xdf, 0xf7, 0xdf, 0xf7, 0xff, 0xff, 0xff, 0xff, 0xff, 0xff,
    0xff, 0xff, 0xff, 0xff, 0xff, 0xff, 0xff, 0xff, 0xff, 0xff, 0xff, 0xff,
    0xff, 0xff, 0xff, 0xff, 0xff, 0xff, 0xff, 0xff, 0xdf, 0xff, 0xff, 0xff,
    0xff, 0xff, 0xff, 0xff, 0xdf, 0xff, 0xff, 0xff, 0xff, 0xff, 0xdf, 0xff,
    0xff, 0xff, 0xff, 0xff, 0xff, 0xff, 0xff, 0xff, 0xff, 0xff, 0xdf, 0xff,
    0xdf, 0xff, 0xff, 0xff, 0xdf, 0xff, 0xff, 0xff, 0xdf, 0xff, 0xff, 0xff,
    0xff, 0xff, 0xdf, 0xff, 0xff, 0xff, 0xff, 0xff, 0xdf, 0xff, 0xdf, 0xff,
    0xff, 0xff, 0xdf, 0xff, 0xdf, 0xff, 0xdf, 0xff, 0xff, 0xff, 0xdf, 0xff,
    0xff, 0xff, 0xdf, 0xff, 0xff, 0xf7, 0xdf, 0xff, 0xff, 0xff, 0xff, 0xff,
    0xdf, 0xff, 0xff, 0xff, 0xdf, 0xf7, 0xdf, 0xff, 0xff, 0xf7, 0xdf, 0xff,
    0xdf, 0xff, 0xdf, 0xff, 0xdf, 0xf7, 0xdf, 0xff, 0xdf, 0xff, 0xdf, 0xf7,
    0xdf, 0xff, 0xdf, 0xff, 0xdf, 0xff, 0xdf, 0xf7, 0xdf, 0xff, 0xdf, 0xff,
    0xdf, 0xff, 0xdf, 0xff, 0xdf, 0xf7, 0xdf, 0xff, 0xdf, 0xff, 0xdf, 0xf7,
    0xdf, 0xff, 0xdf, 0xff, 0xdf, 0xf7, 0xdf, 0xff, 0xdf, 0xff, 0xdf, 0xf7,
    0xdf, 0xff, 0xdf, 0xf7, 0xdf, 0xff, 0xbf, 0xff, 0xbf, 0xf7, 0xdf, 0xf7,
    0xdf, 0xff, 0xdf, 0xff, 0xbf, 0xf7, 0xdf, 0xff, 0xdf, 0xf7, 0xbf, 0xf7,
    0xdf, 0xff, 0xdf, 0xff, 0xbf, 0xf7, 0xdf, 0xff, 0xdf, 0xf7, 0xdf, 0xf7,
    0xbf, 0xff, 0xdf, 0xff, 0xdf, 0xf7, 0xdf, 0xff, 0xdf, 0xf7, 0xbf, 0xff,
    0xdf, 0xff, 0xdf, 0xf7, 0xbf, 0xff, 0xdf, 0xff, 0xdf, 0xf7, 0xbf, 0xff,
    0xdf, 0xff, 0xdf, 0xf7, 0xbf, 0xff, 0xdf, 0xf7, 0xdf, 0xf7, 0xdf, 0xff,
    0xbf, 0xf7, 0xdf, 0xff, 0xbf, 0xff, 0xdf, 0xf7, 0xdf, 0xff, 0xdf, 0xff,
    0xdf, 0xf7, 0xdf, 0xff, 0xdf, 0xf7, 0xdf, 0xf7, 0xbf, 0xff, 0xdf, 0xf7,
    0xdf, 0xff, 0xbf, 0xff, 0xdf, 0xf7, 0xdf, 0xff, 0xdf, 0xf7, 0xbf, 0xf7,
    0xdf, 0xff, 0xdf, 0xff, 0xbf, 0xf7, 0xdf, 0xff, 0xdf, 0xf7, 0xbf, 0xff,
    0xdf, 0xff, 0xdf, 0xf7, 0xdf, 0xff, 0xdf, 0xf7, 0xdf, 0xff, 0xdf, 0xff,
    0xdf, 0xf7, 0xdf, 0xff, 0xbf, 0xff, 0xdf, 0xf7, 0xdf, 0xff, 0xdf, 0xff,
    0xdf, 0xf7, 0xdf, 0xff, 0xdf, 0xf7, 0xbf, 0xff, 0xdf, 0xf7, 0xdf, 0xff,
    0xdf, 0xff, 0xdf, 0xf7, 0xdf, 0xf7, 0xbf, 0xff, 0xdf, 0xff, 0xdf, 0xf7
};
