// 4.23.2 0x007bf2ee D2 AY R0 FARGB8888 U565 N0 SExtFlashSection
// Generated by imageconverter. Please, do not edit!

#include <touchgfx/hal/Config.hpp>

LOCATION_PRAGMA("ExtFlashSection")
KEEP extern const unsigned char image_kitchen_selected[] LOCATION_ATTRIBUTE("ExtFlashSection") = { // 211x174 ARGB8888 pixels.
    0x78, 0x38, 0x28, 0xff, 0x60, 0x2c, 0x18, 0xff, 0x68, 0x30, 0x20, 0xff,
    0x68, 0x30, 0x20, 0xff, 0x68, 0x30, 0x20, 0xff, 0x68, 0x30, 0x20, 0xff,
    0x68, 0x30, 0x20, 0xff, 0x70, 0x30, 0x20, 0xff, 0x70, 0x34, 0x20, 0xff,
    0x70, 0x34, 0x20, 0xff, 0x70, 0x34, 0x20, 0xff, 0x70, 0x34, 0x20, 0xff,
    0x70, 0x34, 0x20, 0xff, 0x78, 0x34, 0x20, 0xff, 0x78, 0x34, 0x20, 0xff,
    0x78, 0x38, 0x20, 0xff, 0x78, 0x38, 0x20, 0xff, 0x78, 0x38, 0x20, 0xff,
    0x78, 0x38, 0x20, 0xff, 0x78, 0x38, 0x20, 0xff, 0x80, 0x38, 0x20, 0xff,
    0x80, 0x38, 0x20, 0xff, 0x80, 0x38, 0x20, 0xff, 0x78, 0x38, 0x20, 0xff,
    0x80, 0x38, 0x20, 0xff, 0x80, 0x38, 0x20, 0xff, 0x80, 0x38, 0x20, 0xff,
    0x80, 0x38, 0x20, 0xff, 0x80, 0x3c, 0x20, 0xff, 0x80, 0x38, 0x20, 0xff,
    0x80, 0x38, 0x20, 0xff, 0x80, 0x3c, 0x20, 0xff, 0x80, 0x38, 0x20, 0xff,
    0x80, 0x38, 0x20, 0xff, 0x80, 0x3c, 0x20, 0xff, 0x80, 0x38, 0x20, 0xff,
    0x80, 0x38, 0x20, 0xff, 0x80, 0x3c, 0x20, 0xff, 0x80, 0x38, 0x20, 0xff,
    0x88, 0x3c, 0x20, 0xff, 0x88, 0x38, 0x20, 0xff, 0x80, 0x3c, 0x20, 0xff,
    0x88, 0x38, 0x20, 0xff, 0x88, 0x3c, 0x20, 0xff, 0x80, 0x38, 0x20, 0xff,
    0x88, 0x38, 0x20, 0xff, 0x88, 0x3c, 0x20, 0xff, 0x80, 0x3c, 0x20, 0xff,
    0x88, 0x3c, 0x20, 0xff, 0x88, 0x3c, 0x20, 0xff, 0x88, 0x3c, 0x20, 0xff,
    0x88, 0x3c, 0x20, 0xff, 0x88, 0x3c, 0x20, 0xff, 0x88, 0x3c, 0x20, 0xff,
    0x88, 0x3c, 0x20, 0xff, 0x88, 0x3c, 0x20, 0xff, 0x88, 0x3c, 0x20, 0xff,
    0x88, 0x3c, 0x20, 0xff, 0x88, 0x3c, 0x20, 0xff, 0x88, 0x3c, 0x20, 0xff,
    0x88, 0x3c, 0x20, 0xff, 0x88, 0x3c, 0x20, 0xff, 0x88, 0x3c, 0x20, 0xff,
    0x88, 0x3c, 0x20, 0xff, 0x88, 0x3c, 0x20, 0xff, 0x88, 0x3c, 0x20, 0xff,
    0x88, 0x3c, 0x20, 0xff, 0x88, 0x3c, 0x20, 0xff, 0x88, 0x3c, 0x20, 0xff,
    0x88, 0x3c, 0x20, 0xff, 0x88, 0x3c, 0x20, 0xff, 0x88, 0x3c, 0x20, 0xff,
    0x88, 0x3c, 0x20, 0xff, 0x88, 0x3c, 0x20, 0xff, 0x88, 0x3c, 0x20, 0xff,
    0x88, 0x3c, 0x20, 0xff, 0x88, 0x3c, 0x20, 0xff, 0x88, 0x3c, 0x20, 0xff,
    0x88, 0x3c, 0x20, 0xff, 0x88, 0x3c, 0x20, 0xff, 0x88, 0x3c, 0x28, 0xff,
    0x88, 0x3c, 0x20, 0xff, 0x88, 0x3c, 0x20, 0xff, 0x88, 0x3c, 0x20, 0xff,
    0x88, 0x3c, 0x28, 0xff, 0x88, 0x3c, 0x20, 0xff, 0x88, 0x3c, 0x20, 0xff,
    0x88, 0x3c, 0x28, 0xff, 0x88, 0x3c, 0x20, 0xff, 0x88, 0x3c, 0x20, 0xff,
    0x88, 0x3c, 0x28, 0xff, 0x88, 0x3c, 0x20, 0xff, 0x88, 0x3c, 0x20, 0xff,
    0x88, 0x3c, 0x28, 0xff, 0x88, 0x3c, 0x20, 0xff, 0x88, 0x40, 0x20, 0xff,
    0x88, 0x3c, 0x28, 0xff, 0x88, 0x3c, 0x20, 0xff, 0x88, 0x3c, 0x20, 0xff,
    0x88, 0x3c, 0x28, 0xff, 0x88, 0x3c, 0x20, 0xff, 0x88, 0x3c, 0x20, 0xff,
    0x88, 0x3c, 0x28, 0xff, 0x88, 0x40, 0x20, 0xff, 0x88, 0x3c, 0x20, 0xff,
    0x88, 0x3c, 0x28, 0xff, 0x88, 0x3c, 0x20, 0xff, 0x88, 0x3c, 0x20, 0xff,
    0x88, 0x40, 0x28, 0xff, 0x88, 0x3c, 0x20, 0xff, 0x88, 0x3c, 0x20, 0xff,
    0x88, 0x3c, 0x28, 0xff, 0x88, 0x3c, 0x20, 0xff, 0x88, 0x3c, 0x20, 0xff,
    0x88, 0x3c, 0x28, 0xff, 0x88, 0x3c, 0x20, 0xff, 0x88, 0x40, 0x20, 0xff,
    0x88, 0x3c, 0x28, 0xff, 0x88, 0x3c, 0x28, 0xff, 0x88, 0x3c, 0x20, 0xff,
    0x88, 0x3c, 0x20, 0xff, 0x88, 0x3c, 0x28, 0xff, 0x88, 0x3c, 0x20, 0xff,
    0x88, 0x3c, 0x20, 0xff, 0x88, 0x3c, 0x28, 0xff, 0x88, 0x3c, 0x20, 0xff,
    0x88, 0x3c, 0x20, 0xff, 0x88, 0x3c, 0x28, 0xff, 0x88, 0x3c, 0x20, 0xff,
    0x88, 0x3c, 0x20, 0xff, 0x88, 0x3c, 0x28, 0xff, 0x88, 0x3c, 0x20, 0xff,
    0x88, 0x3c, 0x20, 0xff, 0x88, 0x3c, 0x28, 0xff, 0x88, 0x3c, 0x20, 0xff,
    0x88, 0x3c, 0x20, 0xff, 0x88, 0x3c, 0x28, 0xff, 0x88, 0x3c, 0x20, 0xff,
    0x88, 0x3c, 0x20, 0xff, 0x88, 0x3c, 0x28, 0xff, 0x88, 0x3c, 0x20, 0xff,
    0x88, 0x3c, 0x20, 0xff, 0x88, 0x3c, 0x28, 0xff, 0x88, 0x3c, 0x20, 0xff,
    0x88, 0x3c, 0x20, 0xff, 0x88, 0x3c, 0x28, 0xff, 0x88, 0x3c, 0x20, 0xff,
    0x88, 0x3c, 0x20, 0xff, 0x88, 0x3c, 0x28, 0xff, 0x88, 0x3c, 0x20, 0xff,
    0x88, 0x3c, 0x20, 0xff, 0x88, 0x3c, 0x28, 0xff, 0x88, 0x3c, 0x20, 0xff,
    0x88, 0x3c, 0x20, 0xff, 0x88, 0x3c, 0x28, 0xff, 0x88, 0x3c, 0x20, 0xff,
    0x88, 0x3c, 0x20, 0xff, 0x88, 0x3c, 0x20, 0xff, 0x88, 0x3c, 0x20, 0xff,
    0x88, 0x3c, 0x20, 0xff, 0x88, 0x3c, 0x20, 0xff, 0x88, 0x3c, 0x20, 0xff,
    0x88, 0x3c, 0x20, 0xff, 0x88, 0x3c, 0x20, 0xff, 0x88, 0x3c, 0x20, 0xff,
    0x88, 0x3c, 0x20, 0xff, 0x88, 0x3c, 0x20, 0xff, 0x88, 0x3c, 0x20, 0xff,
    0x88, 0x3c, 0x20, 0xff, 0x88, 0x3c, 0x20, 0xff, 0x88, 0x3c, 0x20, 0xff,
    0x88, 0x3c, 0x20, 0xff, 0x88, 0x3c, 0x20, 0xff, 0x88, 0x3c, 0x20, 0xff,
    0x88, 0x3c, 0x20, 0xff, 0x88, 0x3c, 0x20, 0xff, 0x88, 0x3c, 0x20, 0xff,
    0x88, 0x3c, 0x20, 0xff, 0x88, 0x3c, 0x20, 0xff, 0x80, 0x3c, 0x20, 0xff,
    0x88, 0x3c, 0x20, 0xff, 0x88, 0x3c, 0x20, 0xff, 0x88, 0x3c, 0x20, 0xff,
    0x88, 0x3c, 0x20, 0xff, 0x88, 0x3c, 0x20, 0xff, 0x80, 0x3c, 0x20, 0xff,
    0x80, 0x3c, 0x20, 0xff, 0x80, 0x3c, 0x20, 0xff, 0x80, 0x38, 0x20, 0xff,
    0x80, 0x38, 0x20, 0xff, 0x80, 0x3c, 0x20, 0xff, 0x80, 0x38, 0x20, 0xff,
    0x80, 0x38, 0x20, 0xff, 0x80, 0x3c, 0x20, 0xff, 0x80, 0x38, 0x20, 0xff,
    0x80, 0x38, 0x20, 0xff, 0x80, 0x38, 0x20, 0xff, 0x80, 0x38, 0x20, 0xff,
    0x78, 0x38, 0x20, 0xff, 0x78, 0x38, 0x20, 0xff, 0x78, 0x38, 0x20, 0xff,
    0x78, 0x38, 0x20, 0xff, 0x78, 0x38, 0x20, 0xff, 0x78, 0x38, 0x20, 0xff,
    0x70, 0x34, 0x20, 0xff, 0x70, 0x34, 0x20, 0xff, 0x70, 0x34, 0x20, 0xff,
    0x70, 0x34, 0x20, 0xff, 0x70, 0x34, 0x20, 0xff, 0x68, 0x34, 0x20, 0xff,
    0x60, 0x2c, 0x20, 0xff, 0x58, 0x28, 0x18, 0xff, 0x50, 0x24, 0x10, 0xff,
    0x50, 0x24, 0x18, 0xff, 0x50, 0x24, 0x18, 0xff, 0x50, 0x24, 0x10, 0xff,
    0x58, 0x24, 0x18, 0xff, 0x58, 0x24, 0x18, 0xff, 0x58, 0x28, 0x10, 0xff,
    0x58, 0x24, 0x18, 0xff, 0x58, 0x24, 0x18, 0xff, 0x58, 0x28, 0x18, 0xff,
    0x58, 0x28, 0x18, 0xff, 0x58, 0x28, 0x18, 0xff, 0x58, 0x28, 0x18, 0xff,
    0x58, 0x28, 0x18, 0xff, 0x60, 0x28, 0x18, 0xff, 0x60, 0x28, 0x18, 0xff,
    0x60, 0x28, 0x18, 0xff, 0x60, 0x28, 0x18, 0xff, 0x60, 0x28, 0x18, 0xff,
    0x60, 0x28, 0x18, 0xff, 0x60, 0x28, 0x18, 0xff, 0x68, 0x2c, 0x18, 0xff,
    0x68, 0x2c, 0x18, 0xff, 0x68, 0x2c, 0x18, 0xff, 0x68, 0x2c, 0x18, 0xff,
    0x68, 0x2c, 0x18, 0xff, 0x68, 0x30, 0x18, 0xff, 0x68, 0x30, 0x18, 0xff,
    0x68, 0x2c, 0x18, 0xff, 0x68, 0x30, 0x18, 0xff, 0x68, 0x2c, 0x18, 0xff,
    0x68, 0x30, 0x18, 0xff, 0x70, 0x2c, 0x18, 0xff, 0x70, 0x30, 0x18, 0xff,
    0x68, 0x2c, 0x18, 0xff, 0x70, 0x30, 0x18, 0xff, 0x68, 0x2c, 0x18, 0xff,
    0x70, 0x30, 0x18, 0xff, 0x70, 0x30, 0x18, 0xff, 0x70, 0x30, 0x20, 0xff,
    0x68, 0x30, 0x18, 0xff, 0x70, 0x30, 0x18, 0xff, 0x70, 0x30, 0x18, 0xff,
    0x70, 0x30, 0x18, 0xff, 0x70, 0x30, 0x20, 0xff, 0x70, 0x30, 0x18, 0xff,
    0x68, 0x2c, 0x18, 0xff, 0x68, 0x2c, 0x18, 0xff, 0x68, 0x30, 0x18, 0xff,
    0x68, 0x2c, 0x20, 0xff, 0x68, 0x2c, 0x18, 0xff, 0x68, 0x30, 0x18, 0xff,
    0x68, 0x2c, 0x20, 0xff, 0x68, 0x2c, 0x18, 0xff, 0x68, 0x30, 0x18, 0xff,
    0x68, 0x2c, 0x20, 0xff, 0x68, 0x2c, 0x18, 0xff, 0x68, 0x30, 0x18, 0xff,
    0x70, 0x2c, 0x20, 0xff, 0x68, 0x2c, 0x18, 0xff, 0x68, 0x30, 0x18, 0xff,
    0x68, 0x2c, 0x20, 0xff, 0x68, 0x2c, 0x18, 0xff, 0x68, 0x30, 0x18, 0xff,
    0x70, 0x30, 0x20, 0xff, 0x70, 0x2c, 0x18, 0xff, 0x70, 0x30, 0x20, 0xff,
    0x70, 0x30, 0x20, 0xff, 0x70, 0x30, 0x18, 0xff, 0x70, 0x30, 0x20, 0xff,
    0x70, 0x30, 0x20, 0xff, 0x68, 0x30, 0x18, 0xff, 0x68, 0x2c, 0x18, 0xff,
    0x68, 0x2c, 0x20, 0xff, 0x70, 0x30, 0x18, 0xff, 0x68, 0x2c, 0x18, 0xff,
    0x70, 0x30, 0x20, 0xff, 0x68, 0x2c, 0x18, 0xff, 0x70, 0x30, 0x18, 0xff,
    0x70, 0x30, 0x18, 0xff, 0x70, 0x2c, 0x18, 0xff, 0x68, 0x30, 0x18, 0xff,
    0x68, 0x30, 0x18, 0xff, 0x70, 0x2c, 0x18, 0xff, 0x70, 0x30, 0x18, 0xff,
    0x70, 0x30, 0x18, 0xff, 0x68, 0x30, 0x18, 0xff, 0x70, 0x30, 0x18, 0xff,
    0x70, 0x30, 0x18, 0xff, 0x70, 0x30, 0x18, 0xff, 0x68, 0x30, 0x18, 0xff,
    0x68, 0x30, 0x18, 0xff, 0x70, 0x2c, 0x18, 0xff, 0x70, 0x30, 0x18, 0xff,
    0x68, 0x2c, 0x18, 0xff, 0x70, 0x30, 0x18, 0xff, 0x70, 0x30, 0x18, 0xff,
    0x70, 0x30, 0x18, 0xff, 0x68, 0x30, 0x18, 0xff, 0x68, 0x30, 0x18, 0xff,
    0x70, 0x2c, 0x18, 0xff, 0x70, 0x30, 0x18, 0xff, 0x68, 0x2c, 0x18, 0xff,
    0x68, 0x30, 0x18, 0xff, 0x70, 0x30, 0x18, 0xff, 0x70, 0x2c, 0x18, 0xff,
    0x70, 0x30, 0x18, 0xff, 0x68, 0x2c, 0x18, 0xff, 0x68, 0x30, 0x18, 0xff,
    0x70, 0x30, 0x18, 0xff, 0x70, 0x30, 0x18, 0xff, 0x68, 0x30, 0x18, 0xff,
    0x68, 0x30, 0x18, 0xff, 0x70, 0x2c, 0x18, 0xff, 0x70, 0x30, 0x18, 0xff,
    0x68, 0x2c, 0x18, 0xff, 0x68, 0x30, 0x18, 0xff, 0x70, 0x30, 0x18, 0xff,
    0x70, 0x30, 0x18, 0xff, 0x68, 0x2c, 0x18, 0xff, 0x68, 0x30, 0x18, 0xff,
    0x70, 0x30, 0x18, 0xff, 0x70, 0x34, 0x20, 0xff, 0x70, 0x34, 0x18, 0xff,
    0x78, 0x30, 0x18, 0xff, 0x70, 0x30, 0x20, 0xff, 0x70, 0x34, 0x18, 0xff,
    0x78, 0x34, 0x18, 0xff, 0x70, 0x30, 0x20, 0xff, 0x70, 0x30, 0x18, 0xff,
    0x70, 0x30, 0x18, 0xff, 0x70, 0x30, 0x18, 0xff, 0x70, 0x30, 0x18, 0xff,
    0x70, 0x30, 0x18, 0xff, 0x70, 0x30, 0x18, 0xff, 0x70, 0x30, 0x18, 0xff,
    0x68, 0x30, 0x18, 0xff, 0x68, 0x2c, 0x18, 0xff, 0x70, 0x30, 0x18, 0xff,
    0x70, 0x30, 0x18, 0xff, 0x70, 0x2c, 0x18, 0xff, 0x70, 0x30, 0x18, 0xff,
    0x70, 0x30, 0x18, 0xff, 0x68, 0x2c, 0x18, 0xff, 0x70, 0x30, 0x18, 0xff,
    0x68, 0x30, 0x18, 0xff, 0x70, 0x30, 0x18, 0xff, 0x68, 0x30, 0x18, 0xff,
    0x70, 0x30, 0x18, 0xff, 0x68, 0x30, 0x18, 0xff, 0x68, 0x30, 0x18, 0xff,
    0x70, 0x30, 0x18, 0xff, 0x68, 0x30, 0x18, 0xff, 0x70, 0x30, 0x18, 0xff,
    0x68, 0x30, 0x18, 0xff, 0x68, 0x2c, 0x18, 0xff, 0x70, 0x30, 0x18, 0xff,
    0x68, 0x30, 0x18, 0xff, 0x68, 0x2c, 0x18, 0xff, 0x70, 0x30, 0x18, 0xff,
    0x68, 0x30, 0x18, 0xff, 0x68, 0x2c, 0x18, 0xff, 0x68, 0x30, 0x18, 0xff,
    0x68, 0x30, 0x18, 0xff, 0x68, 0x2c, 0x18, 0xff, 0x68, 0x30, 0x18, 0xff,
    0x68, 0x30, 0x18, 0xff, 0x68, 0x2c, 0x18, 0xff, 0x68, 0x2c, 0x18, 0xff,
    0x68, 0x30, 0x18, 0xff, 0x68, 0x2c, 0x18, 0xff, 0x68, 0x2c, 0x18, 0xff,
    0x68, 0x2c, 0x18, 0xff, 0x68, 0x2c, 0x18, 0xff, 0x70, 0x30, 0x20, 0xff,
    0x70, 0x30, 0x20, 0xff, 0x70, 0x30, 0x18, 0xff, 0x70, 0x30, 0x20, 0xff,
    0x70, 0x30, 0x20, 0xff, 0x70, 0x30, 0x18, 0xff, 0x70, 0x30, 0x20, 0xff,
    0x70, 0x30, 0x20, 0xff, 0x68, 0x30, 0x18, 0xff, 0x70, 0x30, 0x18, 0xff,
    0x70, 0x2c, 0x18, 0xff, 0x70, 0x2c, 0x20, 0xff, 0x70, 0x30, 0x18, 0xff,
    0x70, 0x30, 0x18, 0xff, 0x70, 0x30, 0x18, 0xff, 0x70, 0x30, 0x18, 0xff,
    0x70, 0x30, 0x18, 0xff, 0x70, 0x2c, 0x18, 0xff, 0x68, 0x30, 0x18, 0xff,
    0x68, 0x2c, 0x18, 0xff, 0x68, 0x30, 0x18, 0xff, 0x68, 0x30, 0x18, 0xff,
    0x68, 0x2c, 0x18, 0xff, 0x68, 0x2c, 0x18, 0xff, 0x68, 0x2c, 0x18, 0xff,
    0x60, 0x2c, 0x18, 0xff, 0x68, 0x2c, 0x18, 0xff, 0x60, 0x2c, 0x18, 0xff,
    0x60, 0x2c, 0x18, 0xff, 0x60, 0x28, 0x18, 0xff, 0x60, 0x2c, 0x18, 0xff,
    0x60, 0x28, 0x18, 0xff, 0x58, 0x28, 0x18, 0xff, 0x58, 0x28, 0x18, 0xff,
    0x58, 0x28, 0x18, 0xff, 0x48, 0x1c, 0x10, 0xff, 0x68, 0x30, 0x20, 0xff,
    0x60, 0x2c, 0x18, 0xff, 0x68, 0x30, 0x20, 0xff, 0x60, 0x2c, 0x18, 0xff,
    0x68, 0x30, 0x18, 0xff, 0x68, 0x30, 0x18, 0xff, 0x68, 0x30, 0x18, 0xff,
    0x68, 0x30, 0x18, 0xff, 0x68, 0x30, 0x18, 0xff, 0x68, 0x30, 0x18, 0xff,
    0x68, 0x30, 0x18, 0xff, 0x70, 0x30, 0x18, 0xff, 0x70, 0x30, 0x18, 0xff,
    0x70, 0x34, 0x18, 0xff, 0x70, 0x34, 0x20, 0xff, 0x78, 0x34, 0x18, 0xff,
    0x70, 0x34, 0x18, 0xff, 0x78, 0x34, 0x20, 0xff, 0x78, 0x34, 0x20, 0xff,
    0x78, 0x34, 0x20, 0xff, 0x78, 0x34, 0x20, 0xff, 0x78, 0x34, 0x20, 0xff,
    0x78, 0x34, 0x20, 0xff, 0x80, 0x38, 0x20, 0xff, 0x78, 0x38, 0x20, 0xff,
    0x80, 0x38, 0x20, 0xff, 0x80, 0x38, 0x20, 0xff, 0x80, 0x38, 0x20, 0xff,
    0x80, 0x38, 0x20, 0xff, 0x80, 0x38, 0x20, 0xff, 0x80, 0x38, 0x20, 0xff,
    0x80, 0x38, 0x20, 0xff, 0x80, 0x38, 0x20, 0xff, 0x80, 0x38, 0x20, 0xff,
    0x80, 0x38, 0x20, 0xff, 0x80, 0x38, 0x20, 0xff, 0x80, 0x38, 0x20, 0xff,
    0x88, 0x38, 0x20, 0xff, 0x80, 0x38, 0x20, 0xff, 0x80, 0x38, 0x20, 0xff,
    0x80, 0x38, 0x20, 0xff, 0x80, 0x38, 0x20, 0xff, 0x80, 0x38, 0x20, 0xff,
    0x80, 0x3c, 0x20, 0xff, 0x80, 0x3c, 0x20, 0xff, 0x80, 0x38, 0x20, 0xff,
    0x88, 0x3c, 0x20, 0xff, 0x90, 0x3c, 0x28, 0xff, 0x80, 0x38, 0x20, 0xff,
    0x80, 0x38, 0x20, 0xff, 0x80, 0x38, 0x20, 0xff, 0x80, 0x38, 0x20, 0xff,
    0x80, 0x38, 0x20, 0xff, 0x80, 0x38, 0x20, 0xff, 0x80, 0x38, 0x20, 0xff,
    0x88, 0x3c, 0x20, 0xff, 0x80, 0x38, 0x20, 0xff, 0x80, 0x38, 0x20, 0xff,
    0x80, 0x38, 0x20, 0xff, 0x80, 0x38, 0x20, 0xff, 0x80, 0x38, 0x20, 0xff,
    0x80, 0x38, 0x20, 0xff, 0x80, 0x38, 0x20, 0xff, 0x80, 0x38, 0x20, 0xff,
    0x80, 0x38, 0x20, 0xff, 0x80, 0x38, 0x20, 0xff, 0x80, 0x38, 0x20, 0xff,
    0x80, 0x38, 0x20, 0xff, 0x80, 0x38, 0x20, 0xff, 0x80, 0x3c, 0x20, 0xff,
    0x88, 0x3c, 0x20, 0xff, 0x80, 0x3c, 0x20, 0xff, 0x90, 0x3c, 0x20, 0xff,
    0x88, 0x3c, 0x20, 0xff, 0x80, 0x38, 0x20, 0xff, 0x80, 0x38, 0x20, 0xff,
    0x80, 0x38, 0x20, 0xff, 0x80, 0x3c, 0x20, 0xff, 0x88, 0x3c, 0x20, 0xff,
    0x80, 0x3c, 0x20, 0xff, 0x80, 0x3c, 0x20, 0xff, 0x88, 0x3c, 0x20, 0xff,
    0x80, 0x3c, 0x20, 0xff, 0x88, 0x3c, 0x20, 0xff, 0x88, 0x3c, 0x20, 0xff,
    0x80, 0x3c, 0x20, 0xff, 0x88, 0x3c, 0x20, 0xff, 0x88, 0x3c, 0x20, 0xff,
    0x88, 0x3c, 0x28, 0xff, 0x88, 0x3c, 0x20, 0xff, 0x88, 0x3c, 0x20, 0xff,
    0x88, 0x3c, 0x20, 0xff, 0x88, 0x3c, 0x28, 0xff, 0x88, 0x3c, 0x20, 0xff,
    0x88, 0x3c, 0x20, 0xff, 0x88, 0x3c, 0x20, 0xff, 0x88, 0x3c, 0x20, 0xff,
    0x88, 0x3c, 0x20, 0xff, 0x88, 0x3c, 0x20, 0xff, 0x88, 0x3c, 0x20, 0xff,
    0x88, 0x3c, 0x28, 0xff, 0x88, 0x3c, 0x20, 0xff, 0x88, 0x3c, 0x20, 0xff,
    0x88, 0x3c, 0x20, 0xff, 0x88, 0x3c, 0x20, 0xff, 0x88, 0x3c, 0x20, 0xff,
    0x88, 0x3c, 0x20, 0xff, 0x88, 0x3c, 0x20, 0xff, 0x88, 0x3c, 0x20, 0xff,
    0x88, 0x3c, 0x20, 0xff, 0x88, 0x3c, 0x20, 0xff, 0x88, 0x3c, 0x20, 0xff,
    0x88, 0x3c, 0x20, 0xff, 0x88, 0x3c, 0x28, 0xff, 0x88, 0x3c, 0x20, 0xff,
    0x88, 0x3c, 0x20, 0xff, 0x88, 0x3c, 0x20, 0xff, 0x88, 0x3c, 0x20, 0xff,
    0x88, 0x3c, 0x20, 0xff, 0x88, 0x3c, 0x20, 0xff, 0x88, 0x3c, 0x28, 0xff,
    0x88, 0x3c, 0x20, 0xff, 0x88, 0x3c, 0x20, 0xff, 0x80, 0x38, 0x20, 0xff,
    0x88, 0x3c, 0x20, 0xff, 0x88, 0x3c, 0x20, 0xff, 0x88, 0x3c, 0x20, 0xff,
    0x88, 0x3c, 0x20, 0xff, 0x88, 0x3c, 0x20, 0xff, 0x90, 0x3c, 0x20, 0xff,
    0x80, 0x3c, 0x20, 0xff, 0x80, 0x38, 0x20, 0xff, 0x80, 0x3c, 0x20, 0xff,
    0x80, 0x3c, 0x20, 0xff, 0x80, 0x3c, 0x20, 0xff, 0x88, 0x3c, 0x20, 0xff,
    0x88, 0x3c, 0x20, 0xff, 0x88, 0x3c, 0x28, 0xff, 0x88, 0x3c, 0x20, 0xff,
    0x88, 0x3c, 0x20, 0xff, 0x88, 0x3c, 0x20, 0xff, 0x88, 0x3c, 0x20, 0xff,
    0x88, 0x3c, 0x20, 0xff, 0x88, 0x3c, 0x20, 0xff, 0x88, 0x3c, 0x20, 0xff,
    0x88, 0x3c, 0x20, 0xff, 0x88, 0x3c, 0x28, 0xff, 0x88, 0x3c, 0x20, 0xff,
    0x88, 0x3c, 0x20, 0xff, 0x88, 0x3c, 0x20, 0xff, 0x88, 0x3c, 0x20, 0xff,
    0x88, 0x3c, 0x20, 0xff, 0x88, 0x3c, 0x20, 0xff, 0x80, 0x3c, 0x20, 0xff,
    0x88, 0x3c, 0x20, 0xff, 0x88, 0x3c, 0x20, 0xff, 0x88, 0x3c, 0x20, 0xff,
    0x88, 0x3c, 0x28, 0xff, 0x88, 0x3c, 0x20, 0xff, 0x80, 0x3c, 0x20, 0xff,
    0x80, 0x3c, 0x28, 0xff, 0x88, 0x3c, 0x20, 0xff, 0x88, 0x3c, 0x20, 0xff,
    0x80, 0x3c, 0x28, 0xff, 0x88, 0x3c, 0x20, 0xff, 0x88, 0x3c, 0x20, 0xff,
    0x88, 0x3c, 0x20, 0xff, 0x88, 0x3c, 0x20, 0xff, 0x88, 0x3c, 0x20, 0xff,
    0x80, 0x3c, 0x20, 0xff, 0x80, 0x3c, 0x20, 0xff, 0x88, 0x3c, 0x20, 0xff,
    0x80, 0x3c, 0x20, 0xff, 0x80, 0x3c, 0x20, 0xff, 0x80, 0x38, 0x20, 0xff,
    0x80, 0x38, 0x20, 0xff, 0x88, 0x3c, 0x20, 0xff, 0x88, 0x3c, 0x20, 0xff,
    0x80, 0x3c, 0x20, 0xff, 0x88, 0x38, 0x20, 0xff, 0x88, 0x3c, 0x20, 0xff,
    0x88, 0x38, 0x20, 0xff, 0x88, 0x3c, 0x20, 0xff, 0x80, 0x38, 0x20, 0xff,
    0x80, 0x3c, 0x20, 0xff, 0x88, 0x3c, 0x20, 0xff, 0x80, 0x38, 0x20, 0xff,
    0x88, 0x38, 0x20, 0xff, 0x80, 0x3c, 0x20, 0xff, 0x80, 0x38, 0x28, 0xff,
    0x80, 0x38, 0x20, 0xff, 0x80, 0x3c, 0x20, 0xff, 0x80, 0x38, 0x28, 0xff,
    0x80, 0x38, 0x20, 0xff, 0x80, 0x38, 0x20, 0xff, 0x80, 0x38, 0x20, 0xff,
    0x80, 0x38, 0x20, 0xff, 0x80, 0x38, 0x20, 0xff, 0x78, 0x38, 0x20, 0xff,
    0x78, 0x38, 0x20, 0xff, 0x78, 0x34, 0x20, 0xff, 0x78, 0x34, 0x20, 0xff,
    0x78, 0x34, 0x20, 0xff, 0x70, 0x34, 0x20, 0xff, 0x70, 0x34, 0x20, 0xff,
    0x70, 0x30, 0x20, 0xff, 0x70, 0x34, 0x20, 0xff, 0x70, 0x34, 0x20, 0xff,
    0x68, 0x30, 0x20, 0xff, 0x68, 0x2c, 0x18, 0xff, 0x58, 0x24, 0x18, 0xff,
    0x68, 0x30, 0x20, 0xff, 0x60, 0x28, 0x18, 0xff, 0x68, 0x30, 0x18, 0xff,
    0x68, 0x30, 0x20, 0xff, 0x68, 0x2c, 0x18, 0xff, 0x60, 0x2c, 0x18, 0xff,
    0x60, 0x2c, 0x18, 0xff, 0x68, 0x2c, 0x20, 0xff, 0x68, 0x30, 0x20, 0xff,
    0x68, 0x30, 0x18, 0xff, 0x70, 0x30, 0x20, 0xff, 0x70, 0x30, 0x20, 0xff,
    0x70, 0x30, 0x18, 0xff, 0x70, 0x34, 0x18, 0xff, 0x78, 0x30, 0x20, 0xff,
    0x70, 0x34, 0x18, 0xff, 0x78, 0x34, 0x18, 0xff, 0x78, 0x34, 0x20, 0xff,
    0x78, 0x34, 0x18, 0xff, 0x78, 0x34, 0x18, 0xff, 0x78, 0x34, 0x20, 0xff,
    0x78, 0x38, 0x18, 0xff, 0x80, 0x34, 0x20, 0xff, 0x78, 0x34, 0x20, 0xff,
    0x78, 0x34, 0x20, 0xff, 0x80, 0x38, 0x20, 0xff, 0x80, 0x38, 0x20, 0xff,
    0x78, 0x34, 0x20, 0xff, 0x80, 0x38, 0x20, 0xff, 0x80, 0x38, 0x20, 0xff,
    0x80, 0x38, 0x20, 0xff, 0x88, 0x38, 0x20, 0xff, 0x80, 0x38, 0x20, 0xff,
    0x80, 0x38, 0x20, 0xff, 0x80, 0x38, 0x20, 0xff, 0x88, 0x3c, 0x20, 0xff,
    0x88, 0x38, 0x20, 0xff, 0x80, 0x38, 0x20, 0xff, 0x88, 0x38, 0x20, 0xff,
    0x80, 0x3c, 0x20, 0xff, 0x88, 0x3c, 0x20, 0xff, 0x88, 0x38, 0x20, 0xff,
    0x88, 0x38, 0x20, 0xff, 0x88, 0x3c, 0x20, 0xff, 0x88, 0x3c, 0x20, 0xff,
    0x80, 0x3c, 0x20, 0xff, 0x80, 0x38, 0x20, 0xff, 0xa0, 0x44, 0x28, 0xff,
    0xb0, 0x54, 0x30, 0xff, 0xa8, 0x50, 0x30, 0xff, 0xa8, 0x4c, 0x28, 0xff,
    0xa8, 0x4c, 0x30, 0xff, 0xa8, 0x4c, 0x30, 0xff, 0xa8, 0x4c, 0x28, 0xff,
    0xa0, 0x48, 0x28, 0xff, 0xa8, 0x4c, 0x28, 0xff, 0xb0, 0x54, 0x30, 0xff,
    0xa8, 0x50, 0x30, 0xff, 0xa8, 0x4c, 0x30, 0xff, 0xa8, 0x4c, 0x28, 0xff,
    0xa8, 0x4c, 0x30, 0xff, 0xa8, 0x4c, 0x30, 0xff, 0xa8, 0x50, 0x30, 0xff,
    0xa8, 0x50, 0x30, 0xff, 0xa8, 0x4c, 0x30, 0xff, 0xa8, 0x4c, 0x28, 0xff,
    0xa8, 0x4c, 0x28, 0xff, 0xa0, 0x48, 0x28, 0xff, 0x98, 0x40, 0x20, 0xff,
    0x88, 0x3c, 0x20, 0xff, 0x98, 0x40, 0x28, 0xff, 0xa0, 0x44, 0x28, 0xff,
    0xa0, 0x48, 0x28, 0xff, 0xb8, 0x58, 0x38, 0xff, 0xb8, 0x5c, 0x38, 0xff,
    0xb0, 0x54, 0x38, 0xff, 0xb0, 0x54, 0x30, 0xff, 0xa8, 0x4c, 0x30, 0xff,
    0xb0, 0x54, 0x38, 0xff, 0xb8, 0x58, 0x38, 0xff, 0xb0, 0x58, 0x38, 0xff,
    0xb0, 0x58, 0x38, 0xff, 0xb8, 0x58, 0x38, 0xff, 0xb8, 0x58, 0x38, 0xff,
    0xb0, 0x58, 0x38, 0xff, 0xb0, 0x58, 0x38, 0xff, 0xb8, 0x58, 0x38, 0xff,
    0xb0, 0x58, 0x38, 0xff, 0xb0, 0x58, 0x38, 0xff, 0xb0, 0x58, 0x38, 0xff,
    0xb8, 0x58, 0x38, 0xff, 0xb0, 0x58, 0x38, 0xff, 0xb8, 0x58, 0x38, 0xff,
    0xb8, 0x58, 0x38, 0xff, 0xb0, 0x58, 0x38, 0xff, 0xb0, 0x58, 0x38, 0xff,
    0xb8, 0x58, 0x38, 0xff, 0xb0, 0x58, 0x38, 0xff, 0xb0, 0x58, 0x38, 0xff,
    0xb8, 0x58, 0x38, 0xff, 0xb8, 0x58, 0x38, 0xff, 0xb0, 0x58, 0x38, 0xff,
    0xb8, 0x58, 0x38, 0xff, 0xb8, 0x58, 0x38, 0xff, 0xb8, 0x58, 0x38, 0xff,
    0xb0, 0x58, 0x38, 0xff, 0xb8, 0x58, 0x38, 0xff, 0xb0, 0x58, 0x38, 0xff,
    0xb8, 0x58, 0x38, 0xff, 0xb8, 0x58, 0x38, 0xff, 0xb0, 0x58, 0x38, 0xff,
    0xb8, 0x58, 0x38, 0xff, 0xb8, 0x58, 0x38, 0xff, 0xb0, 0x58, 0x38, 0xff,
    0xb8, 0x58, 0x38, 0xff, 0xb8, 0x58, 0x38, 0xff, 0xb0, 0x58, 0x38, 0xff,
    0xb8, 0x58, 0x38, 0xff, 0xb8, 0x58, 0x38, 0xff, 0xb8, 0x58, 0x38, 0xff,
    0xb0, 0x58, 0x38, 0xff, 0xb8, 0x58, 0x38, 0xff, 0xb8, 0x5c, 0x38, 0xff,
    0xa0, 0x48, 0x30, 0xff, 0x90, 0x3c, 0x20, 0xff, 0xa0, 0x48, 0x28, 0xff,
    0x98, 0x44, 0x28, 0xff, 0x98, 0x44, 0x28, 0xff, 0x98, 0x40, 0x28, 0xff,
    0xa8, 0x50, 0x30, 0xff, 0xb8, 0x5c, 0x38, 0xff, 0xb0, 0x54, 0x38, 0xff,
    0xb0, 0x54, 0x38, 0xff, 0xb0, 0x54, 0x38, 0xff, 0xb0, 0x54, 0x38, 0xff,
    0xb0, 0x54, 0x38, 0xff, 0xb8, 0x58, 0x38, 0xff, 0xb8, 0x58, 0x38, 0xff,
    0xb0, 0x58, 0x38, 0xff, 0xb8, 0x58, 0x38, 0xff, 0xb0, 0x58, 0x38, 0xff,
    0xb0, 0x58, 0x38, 0xff, 0xb0, 0x58, 0x38, 0xff, 0xb8, 0x58, 0x38, 0xff,
    0xb0, 0x58, 0x38, 0xff, 0xb8, 0x58, 0x38, 0xff, 0xb8, 0x58, 0x38, 0xff,
    0xb0, 0x58, 0x38, 0xff, 0xb8, 0x58, 0x38, 0xff, 0xb0, 0x58, 0x38, 0xff,
    0xb8, 0x58, 0x38, 0xff, 0xb0, 0x58, 0x38, 0xff, 0xb8, 0x58, 0x38, 0xff,
    0xb8, 0x58, 0x38, 0xff, 0xb0, 0x58, 0x38, 0xff, 0xb8, 0x58, 0x38, 0xff,
    0xb8, 0x58, 0x38, 0xff, 0xb0, 0x58, 0x38, 0xff, 0xb8, 0x58, 0x38, 0xff,
    0xb8, 0x58, 0x38, 0xff, 0xb8, 0x58, 0x38, 0xff, 0xb0, 0x58, 0x38, 0xff,
    0xb8, 0x58, 0x38, 0xff, 0xb8, 0x58, 0x38, 0xff, 0xb8, 0x58, 0x38, 0xff,
    0xb0, 0x58, 0x38, 0xff, 0xb8, 0x58, 0x38, 0xff, 0xb8, 0x58, 0x38, 0xff,
    0xb0, 0x58, 0x38, 0xff, 0xb8, 0x58, 0x38, 0xff, 0xb8, 0x58, 0x38, 0xff,
    0xb8, 0x58, 0x38, 0xff, 0xb8, 0x58, 0x38, 0xff, 0xb8, 0x58, 0x38, 0xff,
    0xb8, 0x5c, 0x40, 0xff, 0x90, 0x40, 0x20, 0xff, 0x78, 0x34, 0x20, 0xff,
    0x88, 0x3c, 0x20, 0xff, 0x88, 0x3c, 0x20, 0xff, 0x88, 0x3c, 0x20, 0xff,
    0x88, 0x3c, 0x20, 0xff, 0x88, 0x3c, 0x20, 0xff, 0x88, 0x3c, 0x20, 0xff,
    0x88, 0x38, 0x20, 0xff, 0x88, 0x3c, 0x20, 0xff, 0x88, 0x3c, 0x20, 0xff,
    0x88, 0x3c, 0x20, 0xff, 0x88, 0x3c, 0x20, 0xff, 0x88, 0x3c, 0x20, 0xff,
    0x88, 0x3c, 0x20, 0xff, 0x88, 0x3c, 0x20, 0xff, 0x88, 0x38, 0x20, 0xff,
    0x80, 0x38, 0x20, 0xff, 0x80, 0x38, 0x20, 0xff, 0x80, 0x38, 0x20, 0xff,
    0x80, 0x38, 0x20, 0xff, 0x80, 0x38, 0x20, 0xff, 0x80, 0x38, 0x20, 0xff,
    0x80, 0x38, 0x20, 0xff, 0x78, 0x38, 0x20, 0xff, 0x78, 0x34, 0x20, 0xff,
    0x80, 0x38, 0x20, 0xff, 0x78, 0x34, 0x20, 0xff, 0x78, 0x34, 0x20, 0xff,
    0x70, 0x34, 0x20, 0xff, 0x70, 0x30, 0x20, 0xff, 0x70, 0x30, 0x20, 0xff,
    0x70, 0x30, 0x20, 0xff, 0x68, 0x30, 0x20, 0xff, 0x68, 0x30, 0x18, 0xff,
    0x50, 0x24, 0x18, 0xff, 0x68, 0x30, 0x20, 0xff, 0x60, 0x2c, 0x18, 0xff,
    0x68, 0x30, 0x18, 0xff, 0x68, 0x30, 0x20, 0xff, 0x68, 0x30, 0x20, 0xff,
    0x68, 0x30, 0x20, 0xff, 0x68, 0x2c, 0x18, 0xff, 0x68, 0x2c, 0x18, 0xff,
    0x60, 0x2c, 0x18, 0xff, 0x68, 0x2c, 0x18, 0xff, 0x70, 0x30, 0x20, 0xff,
    0x78, 0x34, 0x20, 0xff, 0x78, 0x34, 0x20, 0xff, 0x78, 0x34, 0x20, 0xff,
    0x78, 0x34, 0x20, 0xff, 0x80, 0x38, 0x20, 0xff, 0x80, 0x38, 0x20, 0xff,
    0x80, 0x38, 0x20, 0xff, 0x80, 0x38, 0x20, 0xff, 0x88, 0x38, 0x20, 0xff,
    0x88, 0x38, 0x20, 0xff, 0x88, 0x38, 0x20, 0xff, 0x88, 0x38, 0x20, 0xff,
    0x88, 0x3c, 0x20, 0xff, 0x88, 0x3c, 0x20, 0xff, 0x88, 0x3c, 0x20, 0xff,
    0x88, 0x3c, 0x20, 0xff, 0x90, 0x3c, 0x20, 0xff, 0x88, 0x3c, 0x20, 0xff,
    0x90, 0x3c, 0x20, 0xff, 0x90, 0x3c, 0x20, 0xff, 0x90, 0x3c, 0x20, 0xff,
    0x90, 0x40, 0x28, 0xff, 0x90, 0x40, 0x20, 0xff, 0x90, 0x40, 0x28, 0xff,
    0x98, 0x40, 0x28, 0xff, 0x98, 0x40, 0x28, 0xff, 0x98, 0x40, 0x28, 0xff,
    0x98, 0x44, 0x28, 0xff, 0x98, 0x40, 0x28, 0xff, 0x98, 0x44, 0x28, 0xff,
    0x98, 0x44, 0x28, 0xff, 0x98, 0x44, 0x28, 0xff, 0x90, 0x40, 0x28, 0xff,
    0x90, 0x3c, 0x20, 0xff, 0x90, 0x3c, 0x20, 0xff, 0x88, 0x3c, 0x20, 0xff,
    0x80, 0x38, 0x20, 0xff, 0xa0, 0x44, 0x28, 0xff, 0xb0, 0x54, 0x30, 0xff,
    0xb8, 0x58, 0x30, 0xff, 0xa8, 0x50, 0x30, 0xff, 0xa8, 0x50, 0x30, 0xff,
    0xb0, 0x50, 0x30, 0xff, 0xa8, 0x4c, 0x30, 0xff, 0xa0, 0x48, 0x28, 0xff,
    0xa8, 0x4c, 0x28, 0xff, 0xb8, 0x54, 0x30, 0xff, 0xb8, 0x58, 0x30, 0xff,
    0xb0, 0x50, 0x30, 0xff, 0xb0, 0x50, 0x30, 0xff, 0xb0, 0x54, 0x30, 0xff,
    0xb0, 0x54, 0x30, 0xff, 0xb0, 0x54, 0x30, 0xff, 0xb0, 0x54, 0x30, 0xff,
    0xb0, 0x50, 0x30, 0xff, 0xb0, 0x54, 0x30, 0xff, 0xb0, 0x50, 0x30, 0xff,
    0xa8, 0x4c, 0x28, 0xff, 0xa0, 0x44, 0x28, 0xff, 0x90, 0x3c, 0x20, 0xff,
    0x98, 0x44, 0x28, 0xff, 0xa0, 0x44, 0x28, 0xff, 0xa0, 0x48, 0x28, 0xff,
    0xb8, 0x58, 0x38, 0xff, 0xc0, 0x60, 0x38, 0xff, 0xc0, 0x5c, 0x38, 0xff,
    0xb0, 0x54, 0x30, 0xff, 0xb0, 0x54, 0x30, 0xff, 0xb8, 0x58, 0x38, 0xff,
    0xb8, 0x58, 0x38, 0xff, 0xb8, 0x58, 0x38, 0xff, 0xb8, 0x58, 0x38, 0xff,
    0xb8, 0x58, 0x38, 0xff, 0xb8, 0x58, 0x38, 0xff, 0xb8, 0x58, 0x38, 0xff,
    0xb8, 0x58, 0x38, 0xff, 0xb8, 0x58, 0x38, 0xff, 0xb8, 0x58, 0x38, 0xff,
    0xb8, 0x58, 0x38, 0xff, 0xb8, 0x58, 0x38, 0xff, 0xb8, 0x58, 0x38, 0xff,
    0xb8, 0x58, 0x38, 0xff, 0xb8, 0x58, 0x38, 0xff, 0xb8, 0x58, 0x38, 0xff,
    0xb8, 0x58, 0x38, 0xff, 0xb8, 0x58, 0x38, 0xff, 0xb8, 0x58, 0x38, 0xff,
    0xb8, 0x58, 0x38, 0xff, 0xb8, 0x58, 0x38, 0xff, 0xb8, 0x58, 0x38, 0xff,
    0xb8, 0x58, 0x38, 0xff, 0xb8, 0x58, 0x38, 0xff, 0xb8, 0x58, 0x38, 0xff,
    0xb8, 0x58, 0x38, 0xff, 0xb8, 0x58, 0x38, 0xff, 0xb8, 0x58, 0x38, 0xff,
    0xb8, 0x58, 0x38, 0xff, 0xb8, 0x58, 0x38, 0xff, 0xb8, 0x58, 0x38, 0xff,
    0xb8, 0x58, 0x38, 0xff, 0xb8, 0x58, 0x38, 0xff, 0xb8, 0x58, 0x38, 0xff,
    0xb8, 0x58, 0x38, 0xff, 0xb8, 0x58, 0x38, 0xff, 0xb8, 0x58, 0x38, 0xff,
    0xb8, 0x58, 0x38, 0xff, 0xb8, 0x58, 0x38, 0xff, 0xb8, 0x58, 0x38, 0xff,
    0xb8, 0x58, 0x38, 0xff, 0xb8, 0x58, 0x38, 0xff, 0xb8, 0x58, 0x38, 0xff,
    0xb8, 0x5c, 0x38, 0xff, 0xc0, 0x60, 0x40, 0xff, 0xa0, 0x48, 0x28, 0xff,
    0xa0, 0x44, 0x28, 0xff, 0xa0, 0x48, 0x28, 0xff, 0xa0, 0x48, 0x28, 0xff,
    0xa0, 0x48, 0x28, 0xff, 0xa0, 0x44, 0x28, 0xff, 0xb8, 0x58, 0x38, 0xff,
    0xc8, 0x60, 0x38, 0xff, 0xb8, 0x58, 0x38, 0xff, 0xb8, 0x58, 0x38, 0xff,
    0xb8, 0x58, 0x38, 0xff, 0xb8, 0x5c, 0x38, 0xff, 0xb8, 0x58, 0x38, 0xff,
    0xb8, 0x58, 0x38, 0xff, 0xb8, 0x58, 0x38, 0xff, 0xb8, 0x58, 0x38, 0xff,
    0xb8, 0x58, 0x38, 0xff, 0xb8, 0x58, 0x38, 0xff, 0xb8, 0x58, 0x38, 0xff,
    0xb8, 0x58, 0x38, 0xff, 0xb8, 0x58, 0x38, 0xff, 0xb8, 0x58, 0x38, 0xff,
    0xb8, 0x58, 0x38, 0xff, 0xb8, 0x58, 0x38, 0xff, 0xb8, 0x58, 0x38, 0xff,
    0xb8, 0x58, 0x38, 0xff, 0xb8, 0x58, 0x38, 0xff, 0xb8, 0x58, 0x38, 0xff,
    0xb8, 0x58, 0x38, 0xff, 0xb8, 0x58, 0x38, 0xff, 0xb8, 0x58, 0x38, 0xff,
    0xb8, 0x5c, 0x38, 0xff, 0xb8, 0x58, 0x38, 0xff, 0xb8, 0x58, 0x38, 0xff,
    0xb8, 0x5c, 0x38, 0xff, 0xb8, 0x58, 0x38, 0xff, 0xb8, 0x58, 0x38, 0xff,
    0xb8, 0x5c, 0x38, 0xff, 0xb8, 0x58, 0x38, 0xff, 0xb8, 0x58, 0x38, 0xff,
    0xb8, 0x58, 0x38, 0xff, 0xb8, 0x58, 0x38, 0xff, 0xb8, 0x58, 0x38, 0xff,
    0xb8, 0x58, 0x38, 0xff, 0xb8, 0x58, 0x38, 0xff, 0xb8, 0x58, 0x38, 0xff,
    0xb8, 0x58, 0x38, 0xff, 0xb8, 0x5c, 0x38, 0xff, 0xb8, 0x58, 0x38, 0xff,
    0xb8, 0x58, 0x38, 0xff, 0xc8, 0x64, 0x40, 0xff, 0xa8, 0x4c, 0x30, 0xff,
    0x78, 0x30, 0x18, 0xff, 0x90, 0x3c, 0x20, 0xff, 0x90, 0x3c, 0x20, 0xff,
    0x90, 0x3c, 0x20, 0xff, 0x90, 0x3c, 0x20, 0xff, 0x90, 0x3c, 0x20, 0xff,
    0x90, 0x3c, 0x20, 0xff, 0x90, 0x3c, 0x20, 0xff, 0x90, 0x3c, 0x20, 0xff,
    0x90, 0x3c, 0x20, 0xff, 0x90, 0x3c, 0x20, 0xff, 0x88, 0x3c, 0x20, 0xff,
    0x88, 0x3c, 0x20, 0xff, 0x90, 0x3c, 0x20, 0xff, 0x90, 0x3c, 0x20, 0xff,
    0x88, 0x3c, 0x20, 0xff, 0x88, 0x3c, 0x20, 0xff, 0x88, 0x3c, 0x20, 0xff,
    0x88, 0x3c, 0x20, 0xff, 0x88, 0x3c, 0x20, 0xff, 0x80, 0x38, 0x20, 0xff,
    0x80, 0x38, 0x20, 0xff, 0x80, 0x38, 0x20, 0xff, 0x80, 0x38, 0x20, 0xff,
    0x80, 0x38, 0x20, 0xff, 0x78, 0x34, 0x20, 0xff, 0x78, 0x38, 0x20, 0xff,
    0x78, 0x34, 0x20, 0xff, 0x78, 0x34, 0x20, 0xff, 0x70, 0x34, 0x20, 0xff,
    0x70, 0x34, 0x20, 0xff, 0x70, 0x30, 0x18, 0xff, 0x68, 0x30, 0x18, 0xff,
    0x68, 0x30, 0x20, 0xff, 0x58, 0x28, 0x18, 0xff, 0x68, 0x30, 0x20, 0xff,
    0x60, 0x2c, 0x18, 0xff, 0x68, 0x30, 0x20, 0xff, 0x68, 0x2c, 0x18, 0xff,
    0x68, 0x30, 0x18, 0xff, 0x68, 0x30, 0x20, 0xff, 0x68, 0x30, 0x20, 0xff,
    0x68, 0x30, 0x18, 0xff, 0x68, 0x2c, 0x18, 0xff, 0x68, 0x2c, 0x18, 0xff,
    0x60, 0x2c, 0x18, 0xff, 0x58, 0x24, 0x18, 0xff, 0x60, 0x28, 0x18, 0xff,
    0x60, 0x2c, 0x18, 0xff, 0x60, 0x2c, 0x18, 0xff, 0x60, 0x2c, 0x18, 0xff,
    0x60, 0x2c, 0x18, 0xff, 0x60, 0x2c, 0x18, 0xff, 0x60, 0x2c, 0x18, 0xff,
    0x68, 0x2c, 0x18, 0xff, 0x68, 0x2c, 0x18, 0xff, 0x68, 0x2c, 0x18, 0xff,
    0x68, 0x2c, 0x18, 0xff, 0x68, 0x2c, 0x18, 0xff, 0x68, 0x2c, 0x18, 0xff,
    0x68, 0x2c, 0x18, 0xff, 0x68, 0x2c, 0x18, 0xff, 0x70, 0x2c, 0x18, 0xff,
    0x70, 0x30, 0x18, 0xff, 0x70, 0x30, 0x18, 0xff, 0x70, 0x30, 0x18, 0xff,
    0x70, 0x30, 0x18, 0xff, 0x70, 0x30, 0x18, 0xff, 0x70, 0x30, 0x18, 0xff,
    0x70, 0x30, 0x18, 0xff, 0x70, 0x30, 0x18, 0xff, 0x70, 0x30, 0x18, 0xff,
    0x70, 0x30, 0x18, 0xff, 0x70, 0x30, 0x18, 0xff, 0x78, 0x34, 0x18, 0xff,
    0x78, 0x34, 0x20, 0xff, 0x78, 0x34, 0x20, 0xff, 0x80, 0x34, 0x20, 0xff,
    0x90, 0x3c, 0x20, 0xff, 0xa0, 0x44, 0x28, 0xff, 0x98, 0x40, 0x20, 0xff,
    0x98, 0x40, 0x20, 0xff, 0x90, 0x40, 0x28, 0xff, 0x80, 0x38, 0x20, 0xff,
    0x88, 0x38, 0x20, 0xff, 0xa8, 0x4c, 0x28, 0xff, 0xb8, 0x58, 0x30, 0xff,
    0xb0, 0x50, 0x30, 0xff, 0xa8, 0x4c, 0x28, 0xff, 0xa8, 0x4c, 0x28, 0xff,
    0xa8, 0x4c, 0x28, 0xff, 0xa0, 0x44, 0x28, 0xff, 0xa0, 0x44, 0x28, 0xff,
    0xb0, 0x50, 0x30, 0xff, 0xb8, 0x58, 0x30, 0xff, 0xb0, 0x54, 0x30, 0xff,
    0xb0, 0x50, 0x30, 0xff, 0xb0, 0x54, 0x30, 0xff, 0xb0, 0x50, 0x28, 0xff,
    0xb0, 0x54, 0x30, 0xff, 0xb0, 0x50, 0x30, 0xff, 0xb0, 0x50, 0x30, 0xff,
    0xb0, 0x54, 0x30, 0xff, 0xb0, 0x50, 0x30, 0xff, 0xb0, 0x50, 0x28, 0xff,
    0xa8, 0x48, 0x28, 0xff, 0x98, 0x40, 0x20, 0xff, 0xa0, 0x44, 0x20, 0xff,
    0xa0, 0x40, 0x28, 0xff, 0xa0, 0x44, 0x28, 0xff, 0xb0, 0x54, 0x30, 0xff,
    0xc0, 0x5c, 0x38, 0xff, 0xc0, 0x58, 0x38, 0xff, 0xb8, 0x54, 0x30, 0xff,
    0xb0, 0x54, 0x30, 0xff, 0xb8, 0x54, 0x30, 0xff, 0xb8, 0x54, 0x30, 0xff,
    0xb0, 0x54, 0x30, 0xff, 0xb8, 0x54, 0x30, 0xff, 0xb8, 0x54, 0x30, 0xff,
    0xb8, 0x54, 0x38, 0xff, 0xb8, 0x54, 0x30, 0xff, 0xb8, 0x54, 0x30, 0xff,
    0xb8, 0x54, 0x30, 0xff, 0xb8, 0x54, 0x30, 0xff, 0xb8, 0x54, 0x30, 0xff,
    0xb8, 0x54, 0x30, 0xff, 0xb8, 0x54, 0x30, 0xff, 0xb8, 0x54, 0x30, 0xff,
    0xb8, 0x54, 0x30, 0xff, 0xb8, 0x54, 0x30, 0xff, 0xb8, 0x54, 0x38, 0xff,
    0xb8, 0x54, 0x30, 0xff, 0xb8, 0x54, 0x30, 0xff, 0xb8, 0x54, 0x30, 0xff,
    0xb8, 0x54, 0x30, 0xff, 0xb8, 0x54, 0x30, 0xff, 0xb8, 0x54, 0x30, 0xff,
    0xb0, 0x54, 0x30, 0xff, 0xb8, 0x54, 0x38, 0xff, 0xb8, 0x54, 0x30, 0xff,
    0xb8, 0x54, 0x30, 0xff, 0xb8, 0x54, 0x30, 0xff, 0xb8, 0x54, 0x30, 0xff,
    0xb8, 0x54, 0x38, 0xff, 0xb8, 0x54, 0x30, 0xff, 0xb8, 0x54, 0x30, 0xff,
    0xb8, 0x54, 0x38, 0xff, 0xb8, 0x54, 0x30, 0xff, 0xb8, 0x54, 0x30, 0xff,
    0xb8, 0x54, 0x30, 0xff, 0xb8, 0x54, 0x30, 0xff, 0xb8, 0x54, 0x30, 0xff,
    0xb8, 0x54, 0x30, 0xff, 0xb8, 0x54, 0x30, 0xff, 0xb8, 0x54, 0x30, 0xff,
    0xb8, 0x54, 0x30, 0xff, 0xb8, 0x54, 0x30, 0xff, 0xb8, 0x58, 0x38, 0xff,
    0xc0, 0x5c, 0x38, 0xff, 0xa0, 0x44, 0x28, 0xff, 0xa0, 0x44, 0x28, 0xff,
    0xa8, 0x48, 0x28, 0xff, 0xa8, 0x48, 0x28, 0xff, 0xa0, 0x44, 0x28, 0xff,
    0xa0, 0x44, 0x20, 0xff, 0xc0, 0x5c, 0x38, 0xff, 0xc0, 0x5c, 0x38, 0xff,
    0xb8, 0x58, 0x30, 0xff, 0xb8, 0x58, 0x30, 0xff, 0xb8, 0x54, 0x30, 0xff,
    0xb8, 0x54, 0x30, 0xff, 0xb0, 0x54, 0x30, 0xff, 0xb8, 0x58, 0x30, 0xff,
    0xb8, 0x54, 0x30, 0xff, 0xb8, 0x54, 0x38, 0xff, 0xb8, 0x54, 0x30, 0xff,
    0xb8, 0x54, 0x30, 0xff, 0xb8, 0x54, 0x38, 0xff, 0xb8, 0x54, 0x30, 0xff,
    0xb0, 0x54, 0x30, 0xff, 0xb8, 0x54, 0x30, 0xff, 0xb8, 0x54, 0x30, 0xff,
    0xb8, 0x54, 0x30, 0xff, 0xb8, 0x54, 0x38, 0xff, 0xb8, 0x54, 0x30, 0xff,
    0xb8, 0x54, 0x30, 0xff, 0xb8, 0x58, 0x38, 0xff, 0xb8, 0x54, 0x30, 0xff,
    0xb8, 0x54, 0x30, 0xff, 0xb8, 0x54, 0x38, 0xff, 0xb8, 0x54, 0x30, 0xff,
    0xb8, 0x54, 0x30, 0xff, 0xb8, 0x54, 0x30, 0xff, 0xb8, 0x54, 0x30, 0xff,
    0xb8, 0x54, 0x30, 0xff, 0xb8, 0x54, 0x30, 0xff, 0xb8, 0x54, 0x30, 0xff,
    0xb8, 0x54, 0x30, 0xff, 0xb8, 0x58, 0x38, 0xff, 0xb8, 0x54, 0x30, 0xff,
    0xb8, 0x54, 0x30, 0xff, 0xb8, 0x58, 0x38, 0xff, 0xb8, 0x54, 0x30, 0xff,
    0xb8, 0x54, 0x38, 0xff, 0xb0, 0x54, 0x30, 0xff, 0xb0, 0x54, 0x30, 0xff,
    0xb8, 0x54, 0x38, 0xff, 0xb0, 0x54, 0x30, 0xff, 0xb8, 0x58, 0x30, 0xff,
    0xb8, 0x58, 0x38, 0xff, 0x88, 0x3c, 0x20, 0xff, 0x90, 0x3c, 0x20, 0xff,
    0x98, 0x40, 0x20, 0xff, 0x90, 0x40, 0x28, 0xff, 0x90, 0x3c, 0x20, 0xff,
    0x90, 0x40, 0x20, 0xff, 0x98, 0x40, 0x28, 0xff, 0x90, 0x3c, 0x28, 0xff,
    0x90, 0x40, 0x20, 0xff, 0x90, 0x40, 0x28, 0xff, 0x90, 0x3c, 0x20, 0xff,
    0x90, 0x3c, 0x20, 0xff, 0x90, 0x40, 0x28, 0xff, 0x90, 0x3c, 0x20, 0xff,
    0x90, 0x3c, 0x20, 0xff, 0x90, 0x3c, 0x20, 0xff, 0x90, 0x3c, 0x20, 0xff,
    0x90, 0x3c, 0x20, 0xff, 0x88, 0x3c, 0x20, 0xff, 0x90, 0x3c, 0x20, 0xff,
    0x88, 0x3c, 0x20, 0xff, 0x88, 0x3c, 0x20, 0xff, 0x88, 0x38, 0x20, 0xff,
    0x80, 0x38, 0x20, 0xff, 0x80, 0x38, 0x20, 0xff, 0x80, 0x38, 0x20, 0xff,
    0x80, 0x38, 0x20, 0xff, 0x78, 0x38, 0x20, 0xff, 0x78, 0x38, 0x20, 0xff,
    0x78, 0x34, 0x20, 0xff, 0x70, 0x34, 0x20, 0xff, 0x70, 0x34, 0x20, 0xff,
    0x70, 0x30, 0x18, 0xff, 0x68, 0x30, 0x18, 0xff, 0x58, 0x24, 0x18, 0xff,
    0x70, 0x30, 0x20, 0xff, 0x60, 0x2c, 0x18, 0xff, 0x68, 0x30, 0x18, 0xff,
    0x70, 0x30, 0x20, 0xff, 0x70, 0x30, 0x18, 0xff, 0x70, 0x30, 0x18, 0xff,
    0x70, 0x30, 0x18, 0xff, 0x70, 0x30, 0x20, 0xff, 0x70, 0x30, 0x20, 0xff,
    0x70, 0x30, 0x18, 0xff, 0x58, 0x28, 0x18, 0xff, 0x30, 0x14, 0x08, 0xff,
    0x28, 0x10, 0x08, 0xff, 0x30, 0x10, 0x08, 0xff, 0x30, 0x10, 0x08, 0xff,
    0x30, 0x10, 0x08, 0xff, 0x30, 0x10, 0x08, 0xff, 0x30, 0x10, 0x08, 0xff,
    0x30, 0x10, 0x08, 0xff, 0x30, 0x14, 0x08, 0xff, 0x30, 0x14, 0x08, 0xff,
    0x30, 0x10, 0x08, 0xff, 0x30, 0x10, 0x08, 0xff, 0x30, 0x14, 0x08, 0xff,
    0x30, 0x10, 0x08, 0xff, 0x30, 0x10, 0x08, 0xff, 0x30, 0x10, 0x08, 0xff,
    0x30, 0x10, 0x08, 0xff, 0x30, 0x10, 0x08, 0xff, 0x28, 0x10, 0x08, 0xff,
    0x30, 0x10, 0x08, 0xff, 0x30, 0x10, 0x08, 0xff, 0x30, 0x10, 0x08, 0xff,
    0x30, 0x10, 0x08, 0xff, 0x30, 0x10, 0x08, 0xff, 0x30, 0x10, 0x08, 0xff,
    0x30, 0x10, 0x08, 0xff, 0x30, 0x10, 0x08, 0xff, 0x28, 0x10, 0x08, 0xff,
    0x30, 0x14, 0x08, 0xff, 0x30, 0x10, 0x08, 0xff, 0x30, 0x14, 0x08, 0xff,
    0x38, 0x14, 0x08, 0xff, 0x48, 0x1c, 0x10, 0xff, 0x60, 0x28, 0x18, 0xff,
    0xa0, 0x44, 0x28, 0xff, 0xa0, 0x44, 0x28, 0xff, 0x90, 0x3c, 0x20, 0xff,
    0x98, 0x40, 0x20, 0xff, 0x88, 0x38, 0x20, 0xff, 0x78, 0x34, 0x18, 0xff,
    0xa0, 0x44, 0x20, 0xff, 0xb0, 0x50, 0x28, 0xff, 0xb8, 0x54, 0x30, 0xff,
    0xb0, 0x50, 0x30, 0xff, 0xa8, 0x4c, 0x28, 0xff, 0xa8, 0x4c, 0x28, 0xff,
    0xa8, 0x48, 0x28, 0xff, 0x98, 0x40, 0x20, 0xff, 0xa8, 0x4c, 0x28, 0xff,
    0xc0, 0x58, 0x30, 0xff, 0xc0, 0x58, 0x30, 0xff, 0xb8, 0x54, 0x30, 0xff,
    0xb8, 0x54, 0x30, 0xff, 0xb8, 0x54, 0x30, 0xff, 0xb8, 0x54, 0x30, 0xff,
    0xb8, 0x54, 0x30, 0xff, 0xb0, 0x50, 0x28, 0xff, 0xb8, 0x54, 0x30, 0xff,
    0xb8, 0x54, 0x30, 0xff, 0xb0, 0x50, 0x30, 0xff, 0xa8, 0x4c, 0x28, 0xff,
    0xa0, 0x44, 0x20, 0xff, 0xa0, 0x44, 0x20, 0xff, 0xa0, 0x44, 0x28, 0xff,
    0xa0, 0x44, 0x20, 0xff, 0xb0, 0x50, 0x30, 0xff, 0xc8, 0x60, 0x38, 0xff,
    0xc0, 0x5c, 0x38, 0xff, 0xb8, 0x58, 0x30, 0xff, 0xc0, 0x58, 0x38, 0xff,
    0xc0, 0x5c, 0x38, 0xff, 0xb8, 0x5c, 0x38, 0xff, 0xc0, 0x5c, 0x38, 0xff,
    0xc0, 0x5c, 0x38, 0xff, 0xc0, 0x5c, 0x38, 0xff, 0xc0, 0x5c, 0x38, 0xff,
    0xc0, 0x5c, 0x38, 0xff, 0xc0, 0x5c, 0x38, 0xff, 0xc0, 0x5c, 0x38, 0xff,
    0xc0, 0x5c, 0x38, 0xff, 0xc0, 0x5c, 0x38, 0xff, 0xc0, 0x5c, 0x38, 0xff,
    0xc0, 0x5c, 0x38, 0xff, 0xc0, 0x5c, 0x38, 0xff, 0xc0, 0x5c, 0x38, 0xff,
    0xc0, 0x5c, 0x38, 0xff, 0xc0, 0x5c, 0x38, 0xff, 0xc0, 0x5c, 0x38, 0xff,
    0xc0, 0x5c, 0x38, 0xff, 0xb8, 0x5c, 0x38, 0xff, 0xc0, 0x5c, 0x38, 0xff,
    0xc0, 0x5c, 0x38, 0xff, 0xc0, 0x5c, 0x38, 0xff, 0xc0, 0x5c, 0x38, 0xff,
    0xc0, 0x5c, 0x38, 0xff, 0xc0, 0x5c, 0x38, 0xff, 0xb8, 0x5c, 0x38, 0xff,
    0xc0, 0x5c, 0x38, 0xff, 0xc0, 0x5c, 0x38, 0xff, 0xb8, 0x5c, 0x38, 0xff,
    0xc0, 0x5c, 0x38, 0xff, 0xc0, 0x5c, 0x38, 0xff, 0xb8, 0x5c, 0x38, 0xff,
    0xc0, 0x5c, 0x38, 0xff, 0xc0, 0x5c, 0x38, 0xff, 0xb8, 0x5c, 0x38, 0xff,
    0xc0, 0x5c, 0x38, 0xff, 0xc0, 0x5c, 0x38, 0xff, 0xc0, 0x5c, 0x38, 0xff,
    0xb8, 0x5c, 0x38, 0xff, 0xc0, 0x5c, 0x38, 0xff, 0xc0, 0x58, 0x38, 0xff,
    0xc0, 0x58, 0x38, 0xff, 0xc0, 0x60, 0x38, 0xff, 0xc0, 0x60, 0x38, 0xff,
    0xa0, 0x44, 0x28, 0xff, 0xa0, 0x44, 0x20, 0xff, 0xa8, 0x4c, 0x28, 0xff,
    0xa8, 0x4c, 0x28, 0xff, 0xa0, 0x44, 0x28, 0xff, 0xa8, 0x48, 0x28, 0xff,
    0xc8, 0x5c, 0x38, 0xff, 0xc0, 0x5c, 0x30, 0xff, 0xb8, 0x58, 0x38, 0xff,
    0xc0, 0x5c, 0x38, 0xff, 0xc0, 0x5c, 0x38, 0xff, 0xc0, 0x5c, 0x38, 0xff,
    0xc0, 0x5c, 0x38, 0xff, 0xc0, 0x5c, 0x38, 0xff, 0xc0, 0x5c, 0x38, 0xff,
    0xc0, 0x5c, 0x38, 0xff, 0xc0, 0x5c, 0x38, 0xff, 0xc0, 0x5c, 0x38, 0xff,
    0xc0, 0x5c, 0x38, 0xff, 0xc0, 0x5c, 0x38, 0xff, 0xc0, 0x5c, 0x38, 0xff,
    0xc0, 0x5c, 0x38, 0xff, 0xc0, 0x5c, 0x38, 0xff, 0xc0, 0x5c, 0x38, 0xff,
    0xc0, 0x5c, 0x38, 0xff, 0xc0, 0x5c, 0x38, 0xff, 0xc0, 0x5c, 0x38, 0xff,
    0xc0, 0x5c, 0x38, 0xff, 0xc0, 0x5c, 0x38, 0xff, 0xc0, 0x5c, 0x38, 0xff,
    0xc0, 0x5c, 0x38, 0xff, 0xc0, 0x5c, 0x38, 0xff, 0xc0, 0x5c, 0x38, 0xff,
    0xc0, 0x5c, 0x38, 0xff, 0xc0, 0x5c, 0x38, 0xff, 0xc0, 0x5c, 0x38, 0xff,
    0xc0, 0x5c, 0x38, 0xff, 0xc0, 0x5c, 0x38, 0xff, 0xc0, 0x5c, 0x38, 0xff,
    0xc0, 0x5c, 0x38, 0xff, 0xc0, 0x5c, 0x38, 0xff, 0xc0, 0x5c, 0x38, 0xff,
    0xc0, 0x5c, 0x38, 0xff, 0xc0, 0x5c, 0x38, 0xff, 0xc0, 0x5c, 0x38, 0xff,
    0xc0, 0x5c, 0x38, 0xff, 0xc0, 0x5c, 0x38, 0xff, 0xc0, 0x58, 0x38, 0xff,
    0xc0, 0x5c, 0x38, 0xff, 0xc8, 0x64, 0x40, 0xff, 0xa0, 0x44, 0x28, 0xff,
    0x80, 0x38, 0x20, 0xff, 0x98, 0x40, 0x20, 0xff, 0x98, 0x40, 0x20, 0xff,
    0x98, 0x40, 0x28, 0xff, 0x98, 0x40, 0x20, 0xff, 0x98, 0x40, 0x20, 0xff,
    0x98, 0x40, 0x28, 0xff, 0x98, 0x40, 0x20, 0xff, 0x98, 0x40, 0x20, 0xff,
    0x98, 0x40, 0x28, 0xff, 0x98, 0x40, 0x20, 0xff, 0x90, 0x3c, 0x20, 0xff,
    0x90, 0x40, 0x28, 0xff, 0x98, 0x40, 0x20, 0xff, 0x90, 0x3c, 0x20, 0xff,
    0x90, 0x40, 0x20, 0xff, 0x90, 0x3c, 0x28, 0xff, 0x90, 0x3c, 0x20, 0xff,
    0x88, 0x3c, 0x20, 0xff, 0x88, 0x3c, 0x20, 0xff, 0x88, 0x3c, 0x20, 0xff,
    0x88, 0x3c, 0x20, 0xff, 0x88, 0x3c, 0x20, 0xff, 0x80, 0x3c, 0x20, 0xff,
    0x80, 0x38, 0x20, 0xff, 0x80, 0x38, 0x20, 0xff, 0x80, 0x38, 0x20, 0xff,
    0x80, 0x38, 0x20, 0xff, 0x78, 0x34, 0x18, 0xff, 0x78, 0x34, 0x20, 0xff,
    0x70, 0x34, 0x20, 0xff, 0x70, 0x30, 0x20, 0xff, 0x70, 0x30, 0x20, 0xff,
    0x58, 0x28, 0x18, 0xff, 0x70, 0x30, 0x20, 0xff, 0x60, 0x2c, 0x18, 0xff,
    0x68, 0x30, 0x20, 0xff, 0x70, 0x30, 0x20, 0xff, 0x70, 0x30, 0x20, 0xff,
    0x70, 0x30, 0x18, 0xff, 0x70, 0x30, 0x20, 0xff, 0x70, 0x30, 0x18, 0xff,
    0x70, 0x30, 0x18, 0xff, 0x60, 0x2c, 0x18, 0xff, 0x70, 0x34, 0x18, 0xff,
    0x98, 0x44, 0x28, 0xff, 0x98, 0x44, 0x28, 0xff, 0x90, 0x44, 0x20, 0xff,
    0x98, 0x44, 0x28, 0xff, 0x98, 0x44, 0x28, 0xff, 0x98, 0x44, 0x28, 0xff,
    0xa0, 0x44, 0x28, 0xff, 0xa0, 0x44, 0x28, 0xff, 0xa0, 0x44, 0x28, 0xff,
    0xa0, 0x44, 0x28, 0xff, 0xa0, 0x44, 0x28, 0xff, 0xa0, 0x44, 0x28, 0xff,
    0xa0, 0x44, 0x28, 0xff, 0xa0, 0x48, 0x28, 0xff, 0xa0, 0x44, 0x28, 0xff,
    0xa0, 0x44, 0x28, 0xff, 0xa0, 0x48, 0x28, 0xff, 0xa0, 0x44, 0x28, 0xff,
    0xa0, 0x44, 0x28, 0xff, 0xa0, 0x44, 0x28, 0xff, 0xa0, 0x44, 0x28, 0xff,
    0xa0, 0x44, 0x28, 0xff, 0xa0, 0x44, 0x28, 0xff, 0xa0, 0x44, 0x28, 0xff,
    0xa0, 0x44, 0x28, 0xff, 0xa0, 0x44, 0x28, 0xff, 0xa0, 0x48, 0x28, 0xff,
    0xa0, 0x48, 0x28, 0xff, 0xa8, 0x44, 0x28, 0xff, 0xa0, 0x44, 0x28, 0xff,
    0xa0, 0x44, 0x28, 0xff, 0xa8, 0x48, 0x28, 0xff, 0xa0, 0x44, 0x28, 0xff,
    0x50, 0x20, 0x10, 0xff, 0x40, 0x18, 0x08, 0xff, 0x88, 0x38, 0x20, 0xff,
    0xa8, 0x48, 0x28, 0xff, 0x98, 0x40, 0x20, 0xff, 0xa0, 0x44, 0x20, 0xff,
    0xa0, 0x44, 0x28, 0xff, 0x88, 0x38, 0x20, 0xff, 0x90, 0x3c, 0x20, 0xff,
    0xa8, 0x48, 0x28, 0xff, 0xb8, 0x50, 0x30, 0xff, 0xb8, 0x54, 0x30, 0xff,
    0xb0, 0x4c, 0x28, 0xff, 0xa8, 0x48, 0x28, 0xff, 0xa8, 0x48, 0x28, 0xff,
    0x98, 0x40, 0x20, 0xff, 0xa8, 0x48, 0x28, 0xff, 0xb8, 0x54, 0x30, 0xff,
    0xc8, 0x5c, 0x30, 0xff, 0xc0, 0x58, 0x30, 0xff, 0xb8, 0x54, 0x30, 0xff,
    0xb8, 0x54, 0x30, 0xff, 0xb8, 0x54, 0x28, 0xff, 0xb8, 0x54, 0x30, 0xff,
    0xb8, 0x54, 0x30, 0xff, 0xb8, 0x54, 0x30, 0xff, 0xb8, 0x54, 0x30, 0xff,
    0xb8, 0x50, 0x30, 0xff, 0xb0, 0x4c, 0x28, 0xff, 0xa8, 0x48, 0x28, 0xff,
    0xa0, 0x44, 0x20, 0xff, 0xa8, 0x48, 0x28, 0xff, 0xa8, 0x48, 0x28, 0xff,
    0xb0, 0x50, 0x28, 0xff, 0xc8, 0x60, 0x38, 0xff, 0xc8, 0x5c, 0x38, 0xff,
    0xc8, 0x5c, 0x38, 0xff, 0xc8, 0x64, 0x38, 0xff, 0xc8, 0x60, 0x38, 0xff,
    0xc8, 0x60, 0x38, 0xff, 0xc8, 0x64, 0x38, 0xff, 0xc8, 0x60, 0x40, 0xff,
    0xc8, 0x60, 0x38, 0xff, 0xc8, 0x64, 0x38, 0xff, 0xc8, 0x60, 0x40, 0xff,
    0xc8, 0x60, 0x38, 0xff, 0xc8, 0x64, 0x38, 0xff, 0xc8, 0x60, 0x40, 0xff,
    0xc8, 0x60, 0x38, 0xff, 0xc8, 0x60, 0x38, 0xff, 0xc8, 0x64, 0x40, 0xff,
    0xc8, 0x60, 0x38, 0xff, 0xc8, 0x60, 0x38, 0xff, 0xc8, 0x64, 0x38, 0xff,
    0xc8, 0x60, 0x38, 0xff, 0xc8, 0x60, 0x40, 0xff, 0xc8, 0x60, 0x38, 0xff,
    0xc8, 0x64, 0x38, 0xff, 0xc8, 0x60, 0x40, 0xff, 0xc8, 0x60, 0x38, 0xff,
    0xc8, 0x64, 0x38, 0xff, 0xc8, 0x60, 0x40, 0xff, 0xc8, 0x60, 0x38, 0xff,
    0xc8, 0x64, 0x40, 0xff, 0xc8, 0x60, 0x38, 0xff, 0xc8, 0x60, 0x38, 0xff,
    0xc8, 0x64, 0x38, 0xff, 0xc8, 0x60, 0x38, 0xff, 0xc8, 0x60, 0x38, 0xff,
    0xc8, 0x60, 0x38, 0xff, 0xc8, 0x64, 0x38, 0xff, 0xc8, 0x60, 0x40, 0xff,
    0xc8, 0x60, 0x38, 0xff, 0xc8, 0x64, 0x40, 0xff, 0xc8, 0x60, 0x38, 0xff,
    0xc8, 0x60, 0x40, 0xff, 0xc8, 0x64, 0x40, 0xff, 0xc8, 0x60, 0x38, 0xff,
    0xc8, 0x64, 0x40, 0xff, 0xc8, 0x60, 0x38, 0xff, 0xc8, 0x60, 0x38, 0xff,
    0xd0, 0x68, 0x40, 0xff, 0xc8, 0x64, 0x38, 0xff, 0xa0, 0x44, 0x20, 0xff,
    0xa8, 0x48, 0x28, 0xff, 0xa8, 0x4c, 0x28, 0xff, 0xa8, 0x4c, 0x28, 0xff,
    0xa0, 0x44, 0x20, 0xff, 0xb0, 0x50, 0x28, 0xff, 0xc8, 0x5c, 0x38, 0xff,
    0xc0, 0x5c, 0x38, 0xff, 0xc8, 0x64, 0x40, 0xff, 0xc8, 0x60, 0x38, 0xff,
    0xc8, 0x64, 0x38, 0xff, 0xc8, 0x60, 0x40, 0xff, 0xc8, 0x60, 0x38, 0xff,
    0xc8, 0x64, 0x38, 0xff, 0xc8, 0x64, 0x40, 0xff, 0xc8, 0x60, 0x38, 0xff,
    0xc8, 0x64, 0x38, 0xff, 0xc8, 0x64, 0x40, 0xff, 0xc8, 0x60, 0x40, 0xff,
    0xc8, 0x64, 0x38, 0xff, 0xc8, 0x64, 0x38, 0xff, 0xc8, 0x64, 0x40, 0xff,
    0xc8, 0x64, 0x38, 0xff, 0xc8, 0x60, 0x38, 0xff, 0xc8, 0x64, 0x38, 0xff,
    0xc8, 0x60, 0x38, 0xff, 0xc8, 0x64, 0x38, 0xff, 0xc8, 0x64, 0x38, 0xff,
    0xc8, 0x60, 0x40, 0xff, 0xc8, 0x64, 0x38, 0xff, 0xc8, 0x64, 0x40, 0xff,
    0xc8, 0x60, 0x40, 0xff, 0xc8, 0x64, 0x40, 0xff, 0xc8, 0x64, 0x40, 0xff,
    0xc8, 0x60, 0x40, 0xff, 0xc8, 0x64, 0x38, 0xff, 0xc8, 0x60, 0x38, 0xff,
    0xc8, 0x60, 0x40, 0xff, 0xc8, 0x64, 0x38, 0xff, 0xc8, 0x60, 0x38, 0xff,
    0xc8, 0x60, 0x38, 0xff, 0xc8, 0x64, 0x38, 0xff, 0xc8, 0x60, 0x38, 0xff,
    0xc8, 0x60, 0x40, 0xff, 0xc8, 0x64, 0x38, 0xff, 0xc8, 0x60, 0x38, 0xff,
    0xc8, 0x60, 0x38, 0xff, 0xc8, 0x60, 0x38, 0xff, 0xd0, 0x6c, 0x40, 0xff,
    0xb8, 0x54, 0x30, 0xff, 0x80, 0x34, 0x20, 0xff, 0xa0, 0x44, 0x20, 0xff,
    0xa0, 0x44, 0x28, 0xff, 0xa0, 0x40, 0x20, 0xff, 0x98, 0x40, 0x20, 0xff,
    0xa0, 0x44, 0x28, 0xff, 0x98, 0x40, 0x20, 0xff, 0x98, 0x40, 0x20, 0xff,
    0x98, 0x40, 0x20, 0xff, 0x98, 0x40, 0x28, 0xff, 0x98, 0x40, 0x20, 0xff,
    0x98, 0x40, 0x20, 0xff, 0x98, 0x40, 0x20, 0xff, 0x98, 0x40, 0x28, 0xff,
    0x98, 0x40, 0x20, 0xff, 0x90, 0x3c, 0x20, 0xff, 0x90, 0x40, 0x28, 0xff,
    0x90, 0x40, 0x20, 0xff, 0x90, 0x3c, 0x20, 0xff, 0x90, 0x3c, 0x28, 0xff,
    0x90, 0x3c, 0x20, 0xff, 0x88, 0x3c, 0x20, 0xff, 0x88, 0x3c, 0x20, 0xff,
    0x88, 0x3c, 0x20, 0xff, 0x88, 0x38, 0x20, 0xff, 0x80, 0x3c, 0x20, 0xff,
    0x80, 0x38, 0x20, 0xff, 0x80, 0x34, 0x20, 0xff, 0x78, 0x34, 0x20, 0xff,
    0x78, 0x34, 0x18, 0xff, 0x78, 0x34, 0x20, 0xff, 0x70, 0x34, 0x18, 0xff,
    0x70, 0x34, 0x20, 0xff, 0x58, 0x28, 0x18, 0xff, 0x70, 0x34, 0x20, 0xff,
    0x60, 0x2c, 0x18, 0xff, 0x70, 0x30, 0x18, 0xff, 0x70, 0x30, 0x18, 0xff,
    0x70, 0x30, 0x20, 0xff, 0x70, 0x30, 0x20, 0xff, 0x70, 0x30, 0x18, 0xff,
    0x70, 0x34, 0x20, 0xff, 0x70, 0x30, 0x20, 0xff, 0x68, 0x2c, 0x18, 0xff,
    0x78, 0x34, 0x20, 0xff, 0xa0, 0x48, 0x28, 0xff, 0xa0, 0x44, 0x28, 0xff,
    0xa0, 0x44, 0x28, 0xff, 0xa0, 0x44, 0x28, 0xff, 0xa0, 0x44, 0x28, 0xff,
    0xa0, 0x48, 0x28, 0xff, 0xa8, 0x48, 0x28, 0xff, 0xa0, 0x48, 0x28, 0xff,
    0xa8, 0x48, 0x28, 0xff, 0xa8, 0x48, 0x28, 0xff, 0xa8, 0x48, 0x28, 0xff,
    0xa8, 0x48, 0x28, 0xff, 0xa8, 0x48, 0x28, 0xff, 0xa8, 0x4c, 0x28, 0xff,
    0xa8, 0x48, 0x28, 0xff, 0xa8, 0x48, 0x28, 0xff, 0xa8, 0x4c, 0x28, 0xff,
    0xa8, 0x4c, 0x28, 0xff, 0xa8, 0x4c, 0x28, 0xff, 0xa8, 0x48, 0x28, 0xff,
    0xa8, 0x4c, 0x28, 0xff, 0xa8, 0x48, 0x28, 0xff, 0xa8, 0x4c, 0x28, 0xff,
    0xa8, 0x4c, 0x28, 0xff, 0xa8, 0x48, 0x28, 0xff, 0xb0, 0x4c, 0x28, 0xff,
    0xa8, 0x4c, 0x28, 0xff, 0xb0, 0x48, 0x28, 0xff, 0xa8, 0x4c, 0x28, 0xff,
    0xb0, 0x4c, 0x28, 0xff, 0xa8, 0x4c, 0x28, 0xff, 0xb0, 0x4c, 0x28, 0xff,
    0xb0, 0x4c, 0x28, 0xff, 0xa8, 0x48, 0x28, 0xff, 0x68, 0x2c, 0x18, 0xff,
    0x40, 0x18, 0x08, 0xff, 0x60, 0x28, 0x18, 0xff, 0xa8, 0x48, 0x28, 0xff,
    0xa8, 0x48, 0x28, 0xff, 0xa8, 0x44, 0x20, 0xff, 0xa8, 0x44, 0x28, 0xff,
    0x98, 0x40, 0x20, 0xff, 0x88, 0x38, 0x20, 0xff, 0x90, 0x3c, 0x20, 0xff,
    0xa8, 0x48, 0x28, 0xff, 0xb8, 0x50, 0x30, 0xff, 0xb0, 0x4c, 0x28, 0xff,
    0xa8, 0x4c, 0x28, 0xff, 0xb0, 0x4c, 0x28, 0xff, 0xa8, 0x44, 0x28, 0xff,
    0x98, 0x40, 0x20, 0xff, 0xb8, 0x50, 0x28, 0xff, 0xc8, 0x60, 0x38, 0xff,
    0xc8, 0x5c, 0x30, 0xff, 0xc0, 0x54, 0x30, 0xff, 0xc0, 0x58, 0x30, 0xff,
    0xc0, 0x58, 0x30, 0xff, 0xc0, 0x54, 0x30, 0xff, 0xb8, 0x54, 0x28, 0xff,
    0xb8, 0x54, 0x30, 0xff, 0xc0, 0x54, 0x30, 0xff, 0xc0, 0x54, 0x30, 0xff,
    0xb8, 0x54, 0x30, 0xff, 0xb0, 0x4c, 0x28, 0xff, 0xa8, 0x44, 0x20, 0xff,
    0xa8, 0x48, 0x28, 0xff, 0xa8, 0x48, 0x28, 0xff, 0xb8, 0x50, 0x28, 0xff,
    0xc8, 0x5c, 0x38, 0xff, 0xd0, 0x64, 0x40, 0xff, 0xd0, 0x68, 0x40, 0xff,
    0xd0, 0x68, 0x40, 0xff, 0xd0, 0x68, 0x40, 0xff, 0xd0, 0x68, 0x40, 0xff,
    0xd0, 0x68, 0x40, 0xff, 0xd0, 0x68, 0x40, 0xff, 0xd0, 0x68, 0x40, 0xff,
    0xd0, 0x68, 0x40, 0xff, 0xd0, 0x68, 0x40, 0xff, 0xd0, 0x68, 0x40, 0xff,
    0xd0, 0x68, 0x40, 0xff, 0xd0, 0x68, 0x40, 0xff, 0xd0, 0x68, 0x40, 0xff,
    0xd0, 0x68, 0x40, 0xff, 0xd0, 0x68, 0x40, 0xff, 0xd0, 0x68, 0x40, 0xff,
    0xd0, 0x68, 0x40, 0xff, 0xd0, 0x68, 0x40, 0xff, 0xd0, 0x68, 0x40, 0xff,
    0xd0, 0x68, 0x40, 0xff, 0xd8, 0x68, 0x40, 0xff, 0xd0, 0x68, 0x40, 0xff,
    0xd0, 0x68, 0x40, 0xff, 0xd0, 0x68, 0x40, 0xff, 0xd0, 0x68, 0x40, 0xff,
    0xd0, 0x68, 0x40, 0xff, 0xd0, 0x68, 0x40, 0xff, 0xd0, 0x68, 0x40, 0xff,
    0xd0, 0x68, 0x40, 0xff, 0xd0, 0x68, 0x40, 0xff, 0xd8, 0x68, 0x40, 0xff,
    0xd0, 0x68, 0x40, 0xff, 0xd0, 0x68, 0x40, 0xff, 0xd8, 0x68, 0x40, 0xff,
    0xd0, 0x68, 0x40, 0xff, 0xd0, 0x68, 0x40, 0xff, 0xd0, 0x68, 0x40, 0xff,
    0xd0, 0x68, 0x40, 0xff, 0xd0, 0x68, 0x40, 0xff, 0xd0, 0x68, 0x40, 0xff,
    0xd0, 0x68, 0x40, 0xff, 0xd0, 0x68, 0x40, 0xff, 0xd0, 0x68, 0x40, 0xff,
    0xd8, 0x68, 0x40, 0xff, 0xd0, 0x68, 0x40, 0xff, 0xd8, 0x6c, 0x40, 0xff,
    0xd0, 0x64, 0x40, 0xff, 0xa8, 0x48, 0x28, 0xff, 0xb0, 0x4c, 0x28, 0xff,
    0xb0, 0x4c, 0x28, 0xff, 0xb0, 0x4c, 0x28, 0xff, 0xa8, 0x44, 0x28, 0xff,
    0xb8, 0x54, 0x30, 0xff, 0xd0, 0x64, 0x38, 0xff, 0xd8, 0x6c, 0x40, 0xff,
    0xd0, 0x68, 0x40, 0xff, 0xd0, 0x68, 0x40, 0xff, 0xd8, 0x68, 0x40, 0xff,
    0xd0, 0x68, 0x40, 0xff, 0xd0, 0x68, 0x40, 0xff, 0xd0, 0x68, 0x40, 0xff,
    0xd0, 0x68, 0x40, 0xff, 0xd0, 0x68, 0x40, 0xff, 0xd0, 0x68, 0x40, 0xff,
    0xd0, 0x68, 0x40, 0xff, 0xd0, 0x68, 0x40, 0xff, 0xd0, 0x68, 0x40, 0xff,
    0xd0, 0x68, 0x40, 0xff, 0xd0, 0x68, 0x40, 0xff, 0xd0, 0x68, 0x40, 0xff,
    0xd0, 0x68, 0x40, 0xff, 0xd0, 0x68, 0x40, 0xff, 0xd0, 0x68, 0x40, 0xff,
    0xd0, 0x68, 0x40, 0xff, 0xd0, 0x68, 0x40, 0xff, 0xd0, 0x68, 0x40, 0xff,
    0xd0, 0x68, 0x40, 0xff, 0xd0, 0x68, 0x40, 0xff, 0xd0, 0x68, 0x40, 0xff,
    0xd0, 0x68, 0x40, 0xff, 0xd0, 0x68, 0x40, 0xff, 0xd0, 0x68, 0x40, 0xff,
    0xd0, 0x68, 0x40, 0xff, 0xd0, 0x68, 0x40, 0xff, 0xd0, 0x68, 0x40, 0xff,
    0xd0, 0x68, 0x40, 0xff, 0xd0, 0x68, 0x40, 0xff, 0xd0, 0x68, 0x40, 0xff,
    0xd0, 0x68, 0x40, 0xff, 0xd0, 0x68, 0x40, 0xff, 0xd0, 0x68, 0x40, 0xff,
    0xd0, 0x68, 0x40, 0xff, 0xd0, 0x68, 0x40, 0xff, 0xd0, 0x68, 0x40, 0xff,
    0xd8, 0x6c, 0x40, 0xff, 0xd8, 0x6c, 0x40, 0xff, 0xa8, 0x44, 0x28, 0xff,
    0x98, 0x3c, 0x20, 0xff, 0xa0, 0x44, 0x28, 0xff, 0xa0, 0x44, 0x20, 0xff,
    0xa0, 0x44, 0x20, 0xff, 0xa0, 0x44, 0x28, 0xff, 0xa0, 0x44, 0x20, 0xff,
    0xa0, 0x40, 0x28, 0xff, 0xa0, 0x40, 0x20, 0xff, 0x98, 0x40, 0x20, 0xff,
    0xa0, 0x44, 0x28, 0xff, 0xa0, 0x40, 0x20, 0xff, 0xa0, 0x40, 0x20, 0xff,
    0x98, 0x40, 0x28, 0xff, 0x98, 0x40, 0x28, 0xff, 0x98, 0x40, 0x20, 0xff,
    0x98, 0x40, 0x20, 0xff, 0x98, 0x40, 0x20, 0xff, 0x98, 0x40, 0x28, 0xff,
    0x90, 0x40, 0x20, 0xff, 0x90, 0x3c, 0x20, 0xff, 0x90, 0x3c, 0x20, 0xff,
    0x90, 0x3c, 0x20, 0xff, 0x88, 0x3c, 0x20, 0xff, 0x88, 0x3c, 0x20, 0xff,
    0x88, 0x38, 0x20, 0xff, 0x80, 0x38, 0x20, 0xff, 0x80, 0x38, 0x20, 0xff,
    0x78, 0x38, 0x20, 0xff, 0x78, 0x38, 0x20, 0xff, 0x78, 0x34, 0x20, 0xff,
    0x70, 0x34, 0x20, 0xff, 0x70, 0x30, 0x18, 0xff, 0x60, 0x28, 0x18, 0xff,
    0x70, 0x34, 0x20, 0xff, 0x60, 0x2c, 0x18, 0xff, 0x70, 0x30, 0x18, 0xff,
    0x70, 0x30, 0x18, 0xff, 0x70, 0x34, 0x20, 0xff, 0x70, 0x34, 0x18, 0xff,
    0x78, 0x34, 0x18, 0xff, 0x70, 0x34, 0x20, 0xff, 0x70, 0x34, 0x18, 0xff,
    0x68, 0x2c, 0x18, 0xff, 0x78, 0x34, 0x20, 0xff, 0x98, 0x44, 0x28, 0xff,
    0x98, 0x44, 0x28, 0xff, 0xa0, 0x44, 0x28, 0xff, 0xa0, 0x44, 0x28, 0xff,
    0xa0, 0x44, 0x28, 0xff, 0xa0, 0x44, 0x28, 0xff, 0xa0, 0x44, 0x20, 0xff,
    0xa0, 0x44, 0x20, 0xff, 0xa0, 0x44, 0x28, 0xff, 0xa8, 0x44, 0x28, 0xff,
    0xa8, 0x48, 0x20, 0xff, 0xa8, 0x48, 0x28, 0xff, 0xa8, 0x48, 0x28, 0xff,
    0xa8, 0x48, 0x20, 0xff, 0xa8, 0x44, 0x28, 0xff, 0xa8, 0x48, 0x28, 0xff,
    0xa8, 0x44, 0x28, 0xff, 0xa8, 0x44, 0x28, 0xff, 0xa8, 0x48, 0x28, 0xff,
    0xa8, 0x48, 0x28, 0xff, 0xa8, 0x44, 0x28, 0xff, 0xa8, 0x48, 0x28, 0xff,
    0xa8, 0x48, 0x28, 0xff, 0xa8, 0x44, 0x28, 0xff, 0xa8, 0x48, 0x28, 0xff,
    0xa8, 0x44, 0x28, 0xff, 0xa8, 0x44, 0x28, 0xff, 0xa8, 0x44, 0x28, 0xff,
    0xa8, 0x44, 0x28, 0xff, 0xa8, 0x48, 0x28, 0xff, 0xa8, 0x48, 0x28, 0xff,
    0xa8, 0x48, 0x28, 0xff, 0xa8, 0x48, 0x28, 0xff, 0xa0, 0x44, 0x20, 0xff,
    0xb0, 0x4c, 0x28, 0xff, 0xa0, 0x44, 0x20, 0xff, 0x50, 0x20, 0x10, 0xff,
    0x48, 0x1c, 0x10, 0xff, 0x90, 0x3c, 0x20, 0xff, 0xa8, 0x48, 0x28, 0xff,
    0xa0, 0x44, 0x20, 0xff, 0xa8, 0x48, 0x20, 0xff, 0xa8, 0x48, 0x20, 0xff,
    0x90, 0x3c, 0x20, 0xff, 0x88, 0x38, 0x18, 0xff, 0x90, 0x3c, 0x20, 0xff,
    0xb0, 0x4c, 0x28, 0xff, 0xb0, 0x50, 0x28, 0xff, 0xa8, 0x48, 0x28, 0xff,
    0xb0, 0x48, 0x28, 0xff, 0xa8, 0x48, 0x28, 0xff, 0x98, 0x40, 0x20, 0xff,
    0xb0, 0x48, 0x28, 0xff, 0xc8, 0x5c, 0x30, 0xff, 0xc8, 0x60, 0x38, 0xff,
    0xc0, 0x58, 0x30, 0xff, 0xc0, 0x58, 0x30, 0xff, 0xc0, 0x58, 0x30, 0xff,
    0xc0, 0x54, 0x30, 0xff, 0xc0, 0x54, 0x28, 0xff, 0xb8, 0x54, 0x30, 0xff,
    0xb8, 0x54, 0x30, 0xff, 0xb8, 0x54, 0x28, 0xff, 0xb8, 0x50, 0x28, 0xff,
    0xb0, 0x4c, 0x28, 0xff, 0xa8, 0x44, 0x20, 0xff, 0x98, 0x3c, 0x20, 0xff,
    0x98, 0x40, 0x20, 0xff, 0xa0, 0x44, 0x20, 0xff, 0xb0, 0x4c, 0x28, 0xff,
    0xb0, 0x4c, 0x28, 0xff, 0xb0, 0x4c, 0x28, 0xff, 0xb0, 0x4c, 0x28, 0xff,
    0xb0, 0x4c, 0x28, 0xff, 0xb8, 0x4c, 0x28, 0xff, 0xb0, 0x50, 0x28, 0xff,
    0xb0, 0x50, 0x28, 0xff, 0xb0, 0x50, 0x28, 0xff, 0xb0, 0x50, 0x28, 0xff,
    0xb0, 0x50, 0x28, 0xff, 0xb0, 0x4c, 0x28, 0xff, 0xb0, 0x50, 0x28, 0xff,
    0xb0, 0x50, 0x28, 0xff, 0xb0, 0x4c, 0x28, 0xff, 0xb0, 0x50, 0x28, 0xff,
    0xb0, 0x50, 0x28, 0xff, 0xb0, 0x4c, 0x30, 0xff, 0xb0, 0x50, 0x28, 0xff,
    0xb0, 0x4c, 0x28, 0xff, 0xb0, 0x50, 0x28, 0xff, 0xb0, 0x50, 0x28, 0xff,
    0xb0, 0x4c, 0x28, 0xff, 0xb0, 0x50, 0x28, 0xff, 0xb0, 0x50, 0x28, 0xff,
    0xb0, 0x4c, 0x28, 0xff, 0xb8, 0x50, 0x28, 0xff, 0xb0, 0x4c, 0x28, 0xff,
    0xb0, 0x50, 0x28, 0xff, 0xb0, 0x50, 0x30, 0xff, 0xb0, 0x4c, 0x28, 0xff,
    0xb0, 0x50, 0x28, 0xff, 0xb0, 0x4c, 0x30, 0xff, 0xb0, 0x50, 0x28, 0xff,
    0xb0, 0x50, 0x28, 0xff, 0xb0, 0x4c, 0x28, 0xff, 0xb0, 0x50, 0x28, 0xff,
    0xb0, 0x50, 0x28, 0xff, 0xb0, 0x4c, 0x28, 0xff, 0xb8, 0x50, 0x28, 0xff,
    0xb0, 0x4c, 0x28, 0xff, 0xb0, 0x50, 0x28, 0xff, 0xb0, 0x50, 0x28, 0xff,
    0xb0, 0x50, 0x28, 0xff, 0xb0, 0x4c, 0x28, 0xff, 0xb0, 0x4c, 0x28, 0xff,
    0xb0, 0x4c, 0x28, 0xff, 0xb8, 0x54, 0x30, 0xff, 0xb0, 0x48, 0x28, 0xff,
    0xa8, 0x44, 0x20, 0xff, 0xa8, 0x48, 0x28, 0xff, 0xa8, 0x44, 0x28, 0xff,
    0xa8, 0x44, 0x20, 0xff, 0xa0, 0x44, 0x20, 0xff, 0xb0, 0x4c, 0x28, 0xff,
    0xb8, 0x4c, 0x28, 0xff, 0xb0, 0x4c, 0x28, 0xff, 0xb0, 0x4c, 0x28, 0xff,
    0xb0, 0x50, 0x28, 0xff, 0xb8, 0x50, 0x30, 0xff, 0xb0, 0x4c, 0x28, 0xff,
    0xb0, 0x4c, 0x28, 0xff, 0xb8, 0x50, 0x28, 0xff, 0xb0, 0x4c, 0x28, 0xff,
    0xb0, 0x4c, 0x28, 0xff, 0xb0, 0x50, 0x28, 0xff, 0xb8, 0x4c, 0x28, 0xff,
    0xb0, 0x4c, 0x30, 0xff, 0xb0, 0x4c, 0x28, 0xff, 0xb8, 0x4c, 0x28, 0xff,
    0xb0, 0x50, 0x30, 0xff, 0xb0, 0x4c, 0x30, 0xff, 0xb8, 0x50, 0x28, 0xff,
    0xb8, 0x50, 0x30, 0xff, 0xb0, 0x50, 0x30, 0xff, 0xb8, 0x50, 0x28, 0xff,
    0xb8, 0x4c, 0x28, 0xff, 0xb0, 0x50, 0x28, 0xff, 0xb8, 0x50, 0x28, 0xff,
    0xb8, 0x50, 0x28, 0xff, 0xb0, 0x50, 0x28, 0xff, 0xb8, 0x50, 0x28, 0xff,
    0xb8, 0x50, 0x28, 0xff, 0xb0, 0x50, 0x30, 0xff, 0xb0, 0x50, 0x28, 0xff,
    0xb0, 0x50, 0x30, 0xff, 0xb0, 0x4c, 0x30, 0xff, 0xb0, 0x50, 0x28, 0xff,
    0xb0, 0x4c, 0x30, 0xff, 0xb8, 0x50, 0x28, 0xff, 0xb0, 0x50, 0x28, 0xff,
    0xb8, 0x4c, 0x28, 0xff, 0xb0, 0x50, 0x28, 0xff, 0xb0, 0x4c, 0x28, 0xff,
    0xb0, 0x4c, 0x28, 0xff, 0xb0, 0x4c, 0x28, 0xff, 0xb0, 0x4c, 0x28, 0xff,
    0xa8, 0x48, 0x28, 0xff, 0xa0, 0x44, 0x20, 0xff, 0xa8, 0x44, 0x20, 0xff,
    0xa8, 0x44, 0x28, 0xff, 0xa8, 0x44, 0x28, 0xff, 0xa8, 0x44, 0x20, 0xff,
    0xa8, 0x44, 0x28, 0xff, 0xa8, 0x48, 0x20, 0xff, 0xa8, 0x44, 0x28, 0xff,
    0xa8, 0x44, 0x20, 0xff, 0xa0, 0x44, 0x28, 0xff, 0xa0, 0x44, 0x28, 0xff,
    0xa0, 0x44, 0x20, 0xff, 0xa0, 0x44, 0x20, 0xff, 0xa0, 0x44, 0x20, 0xff,
    0xa0, 0x40, 0x28, 0xff, 0x98, 0x40, 0x20, 0xff, 0x98, 0x40, 0x28, 0xff,
    0x98, 0x40, 0x20, 0xff, 0x98, 0x40, 0x28, 0xff, 0x98, 0x40, 0x20, 0xff,
    0x90, 0x40, 0x28, 0xff, 0x90, 0x3c, 0x28, 0xff, 0x90, 0x3c, 0x20, 0xff,
    0x88, 0x3c, 0x20, 0xff, 0x88, 0x3c, 0x20, 0xff, 0x88, 0x3c, 0x20, 0xff,
    0x80, 0x38, 0x20, 0xff, 0x80, 0x38, 0x20, 0xff, 0x80, 0x38, 0x20, 0xff,
    0x78, 0x34, 0x20, 0xff, 0x78, 0x34, 0x20, 0xff, 0x70, 0x34, 0x20, 0xff,
    0x60, 0x2c, 0x18, 0xff, 0x70, 0x34, 0x20, 0xff, 0x68, 0x2c, 0x18, 0xff,
    0x70, 0x30, 0x20, 0xff, 0x70, 0x30, 0x20, 0xff, 0x70, 0x30, 0x18, 0xff,
    0x70, 0x30, 0x20, 0xff, 0x70, 0x34, 0x20, 0xff, 0x78, 0x30, 0x18, 0xff,
    0x78, 0x34, 0x18, 0xff, 0x68, 0x30, 0x18, 0xff, 0x78, 0x34, 0x20, 0xff,
    0xa0, 0x44, 0x28, 0xff, 0xa0, 0x44, 0x28, 0xff, 0xa0, 0x44, 0x28, 0xff,
    0xa0, 0x44, 0x20, 0xff, 0xa0, 0x44, 0x28, 0xff, 0xa8, 0x44, 0x28, 0xff,
    0xa8, 0x44, 0x28, 0xff, 0xa8, 0x48, 0x28, 0xff, 0xa8, 0x44, 0x28, 0xff,
    0xa8, 0x48, 0x20, 0xff, 0xa8, 0x48, 0x28, 0xff, 0xa8, 0x48, 0x28, 0xff,
    0xa8, 0x48, 0x28, 0xff, 0xa8, 0x48, 0x28, 0xff, 0xa8, 0x48, 0x28, 0xff,
    0xa8, 0x48, 0x28, 0xff, 0xa8, 0x48, 0x28, 0xff, 0xa8, 0x48, 0x28, 0xff,
    0xa8, 0x48, 0x28, 0xff, 0xa8, 0x48, 0x28, 0xff, 0xb0, 0x48, 0x28, 0xff,
    0xb0, 0x48, 0x28, 0xff, 0xa8, 0x48, 0x28, 0xff, 0xb0, 0x48, 0x28, 0xff,
    0xa8, 0x48, 0x28, 0xff, 0xa8, 0x48, 0x28, 0xff, 0xb0, 0x48, 0x28, 0xff,
    0xa8, 0x48, 0x28, 0xff, 0xa8, 0x48, 0x28, 0xff, 0xb0, 0x48, 0x28, 0xff,
    0xa8, 0x48, 0x28, 0xff, 0xa8, 0x48, 0x28, 0xff, 0xb0, 0x48, 0x28, 0xff,
    0xb0, 0x48, 0x20, 0xff, 0xa8, 0x44, 0x20, 0xff, 0xb0, 0x48, 0x28, 0xff,
    0xb0, 0x4c, 0x28, 0xff, 0x78, 0x30, 0x18, 0xff, 0x50, 0x20, 0x10, 0xff,
    0x88, 0x38, 0x20, 0xff, 0xb0, 0x4c, 0x28, 0xff, 0xa8, 0x48, 0x28, 0xff,
    0xa8, 0x44, 0x20, 0xff, 0xb0, 0x48, 0x28, 0xff, 0xa8, 0x44, 0x20, 0xff,
    0x88, 0x38, 0x18, 0xff, 0x80, 0x34, 0x18, 0xff, 0xb0, 0x48, 0x28, 0xff,
    0xb8, 0x50, 0x28, 0xff, 0xb0, 0x4c, 0x28, 0xff, 0xb0, 0x48, 0x28, 0xff,
    0xb0, 0x4c, 0x28, 0xff, 0xa0, 0x40, 0x20, 0xff, 0xa8, 0x44, 0x20, 0xff,
    0xc0, 0x54, 0x30, 0xff, 0xd0, 0x60, 0x38, 0xff, 0xc8, 0x5c, 0x30, 0xff,
    0xc0, 0x58, 0x30, 0xff, 0xc0, 0x58, 0x30, 0xff, 0xc0, 0x58, 0x30, 0xff,
    0xc0, 0x58, 0x30, 0xff, 0xc0, 0x58, 0x30, 0xff, 0xc0, 0x54, 0x28, 0xff,
    0xc0, 0x50, 0x30, 0xff, 0xb8, 0x54, 0x28, 0xff, 0xb8, 0x4c, 0x28, 0xff,
    0x90, 0x3c, 0x20, 0xff, 0x98, 0x40, 0x20, 0xff, 0xa0, 0x40, 0x20, 0xff,
    0x98, 0x3c, 0x20, 0xff, 0x98, 0x40, 0x20, 0xff, 0xa0, 0x40, 0x20, 0xff,
    0xa0, 0x40, 0x20, 0xff, 0xa0, 0x40, 0x20, 0xff, 0xa0, 0x40, 0x20, 0xff,
    0xa0, 0x40, 0x20, 0xff, 0xa0, 0x40, 0x20, 0xff, 0xa0, 0x40, 0x20, 0xff,
    0xa0, 0x40, 0x20, 0xff, 0xa0, 0x40, 0x20, 0xff, 0xa0, 0x40, 0x20, 0xff,
    0xa0, 0x40, 0x20, 0xff, 0xa0, 0x40, 0x20, 0xff, 0xa0, 0x40, 0x20, 0xff,
    0xa0, 0x40, 0x20, 0xff, 0xa0, 0x40, 0x20, 0xff, 0xa0, 0x40, 0x20, 0xff,
    0xa0, 0x40, 0x20, 0xff, 0xa0, 0x40, 0x20, 0xff, 0xa0, 0x40, 0x20, 0xff,
    0xa0, 0x40, 0x20, 0xff, 0xa0, 0x40, 0x20, 0xff, 0xa0, 0x40, 0x20, 0xff,
    0xa0, 0x40, 0x20, 0xff, 0xa0, 0x40, 0x20, 0xff, 0xa0, 0x40, 0x20, 0xff,
    0xa0, 0x40, 0x20, 0xff, 0xa0, 0x40, 0x20, 0xff, 0xa0, 0x40, 0x20, 0xff,
    0xa0, 0x40, 0x20, 0xff, 0xa0, 0x40, 0x20, 0xff, 0xa0, 0x40, 0x20, 0xff,
    0xa0, 0x40, 0x20, 0xff, 0xa0, 0x40, 0x20, 0xff, 0xa0, 0x40, 0x20, 0xff,
    0xa0, 0x40, 0x20, 0xff, 0xa0, 0x40, 0x20, 0xff, 0xa0, 0x40, 0x20, 0xff,
    0xa0, 0x40, 0x20, 0xff, 0xa0, 0x40, 0x20, 0xff, 0xa0, 0x40, 0x20, 0xff,
    0xa0, 0x40, 0x20, 0xff, 0xa0, 0x40, 0x20, 0xff, 0xa0, 0x40, 0x20, 0xff,
    0xa0, 0x40, 0x20, 0xff, 0xa0, 0x40, 0x20, 0xff, 0x98, 0x3c, 0x20, 0xff,
    0xa8, 0x44, 0x28, 0xff, 0xa8, 0x48, 0x28, 0xff, 0xa8, 0x44, 0x28, 0xff,
    0xa8, 0x48, 0x20, 0xff, 0xb0, 0x48, 0x28, 0xff, 0xa8, 0x44, 0x28, 0xff,
    0xa0, 0x40, 0x20, 0xff, 0xa0, 0x40, 0x20, 0xff, 0xa0, 0x40, 0x20, 0xff,
    0xa0, 0x40, 0x20, 0xff, 0xa0, 0x40, 0x20, 0xff, 0xa0, 0x44, 0x20, 0xff,
    0xa0, 0x40, 0x20, 0xff, 0xa8, 0x40, 0x20, 0xff, 0xa0, 0x44, 0x20, 0xff,
    0xa0, 0x40, 0x28, 0xff, 0xa8, 0x44, 0x20, 0xff, 0xa8, 0x44, 0x20, 0xff,
    0xa0, 0x40, 0x20, 0xff, 0xa8, 0x44, 0x20, 0xff, 0xa8, 0x44, 0x20, 0xff,
    0xa0, 0x44, 0x20, 0xff, 0xa8, 0x44, 0x20, 0xff, 0xa0, 0x44, 0x20, 0xff,
    0xa8, 0x44, 0x20, 0xff, 0xa8, 0x44, 0x20, 0xff, 0xa0, 0x44, 0x20, 0xff,
    0xa8, 0x44, 0x20, 0xff, 0xa0, 0x44, 0x20, 0xff, 0xa8, 0x44, 0x20, 0xff,
    0xa8, 0x44, 0x20, 0xff, 0xa8, 0x44, 0x20, 0xff, 0xa8, 0x44, 0x20, 0xff,
    0xa0, 0x44, 0x20, 0xff, 0xa8, 0x44, 0x20, 0xff, 0xa8, 0x44, 0x20, 0xff,
    0xa8, 0x44, 0x20, 0xff, 0xa8, 0x44, 0x20, 0xff, 0xa8, 0x44, 0x20, 0xff,
    0xa8, 0x44, 0x20, 0xff, 0xa0, 0x44, 0x20, 0xff, 0xa0, 0x40, 0x20, 0xff,
    0xa8, 0x40, 0x20, 0xff, 0xa0, 0x40, 0x20, 0xff, 0xa0, 0x40, 0x20, 0xff,
    0xa0, 0x40, 0x20, 0xff, 0x98, 0x3c, 0x20, 0xff, 0x98, 0x3c, 0x20, 0xff,
    0x88, 0x38, 0x18, 0xff, 0xa0, 0x44, 0x20, 0xff, 0xb0, 0x48, 0x28, 0xff,
    0xa8, 0x48, 0x20, 0xff, 0xa8, 0x48, 0x28, 0xff, 0xa8, 0x48, 0x28, 0xff,
    0xa8, 0x48, 0x28, 0xff, 0xa8, 0x44, 0x20, 0xff, 0xa8, 0x48, 0x28, 0xff,
    0xa8, 0x48, 0x28, 0xff, 0xa8, 0x44, 0x28, 0xff, 0xa8, 0x44, 0x20, 0xff,
    0xa8, 0x48, 0x28, 0xff, 0xa8, 0x44, 0x20, 0xff, 0xa8, 0x44, 0x28, 0xff,
    0xa0, 0x44, 0x20, 0xff, 0xa0, 0x44, 0x20, 0xff, 0xa0, 0x44, 0x28, 0xff,
    0xa0, 0x44, 0x20, 0xff, 0x98, 0x44, 0x20, 0xff, 0xa0, 0x40, 0x20, 0xff,
    0x98, 0x40, 0x28, 0xff, 0x98, 0x40, 0x20, 0xff, 0x98, 0x40, 0x20, 0xff,
    0x90, 0x40, 0x20, 0xff, 0x90, 0x3c, 0x20, 0xff, 0x90, 0x3c, 0x20, 0xff,
    0x88, 0x3c, 0x20, 0xff, 0x88, 0x3c, 0x20, 0xff, 0x80, 0x38, 0x20, 0xff,
    0x80, 0x38, 0x20, 0xff, 0x80, 0x38, 0x20, 0xff, 0x78, 0x34, 0x20, 0xff,
    0x78, 0x34, 0x20, 0xff, 0x60, 0x2c, 0x18, 0xff, 0x70, 0x34, 0x20, 0xff,
    0x68, 0x2c, 0x18, 0xff, 0x70, 0x30, 0x20, 0xff, 0x70, 0x30, 0x20, 0xff,
    0x70, 0x34, 0x18, 0xff, 0x78, 0x30, 0x20, 0xff, 0x78, 0x34, 0x20, 0xff,
    0x78, 0x34, 0x20, 0xff, 0x78, 0x34, 0x20, 0xff, 0x68, 0x30, 0x18, 0xff,
    0x78, 0x38, 0x20, 0xff, 0xa0, 0x48, 0x28, 0xff, 0xa0, 0x44, 0x28, 0xff,
    0xa0, 0x44, 0x28, 0xff, 0xa0, 0x48, 0x28, 0xff, 0xa8, 0x44, 0x28, 0xff,
    0xa8, 0x44, 0x20, 0xff, 0xa8, 0x48, 0x28, 0xff, 0xa8, 0x48, 0x28, 0xff,
    0xa8, 0x48, 0x28, 0xff, 0xa8, 0x44, 0x28, 0xff, 0xa8, 0x48, 0x28, 0xff,
    0xa8, 0x44, 0x28, 0xff, 0xa8, 0x44, 0x20, 0xff, 0xa8, 0x48, 0x28, 0xff,
    0xb0, 0x48, 0x28, 0xff, 0xb0, 0x48, 0x28, 0xff, 0xb0, 0x48, 0x20, 0xff,
    0xb0, 0x48, 0x28, 0xff, 0xb0, 0x44, 0x28, 0xff, 0xb0, 0x48, 0x28, 0xff,
    0xb0, 0x48, 0x28, 0xff, 0xb0, 0x48, 0x28, 0xff, 0xb0, 0x48, 0x28, 0xff,
    0xb0, 0x48, 0x28, 0xff, 0xb0, 0x48, 0x28, 0xff, 0xb0, 0x48, 0x28, 0xff,
    0xb0, 0x48, 0x28, 0xff, 0xb0, 0x48, 0x28, 0xff, 0xb0, 0x48, 0x20, 0xff,
    0xb0, 0x48, 0x28, 0xff, 0xb0, 0x48, 0x28, 0xff, 0xb0, 0x48, 0x28, 0xff,
    0xb0, 0x4c, 0x28, 0xff, 0xb0, 0x4c, 0x28, 0xff, 0xb0, 0x4c, 0x28, 0xff,
    0xb0, 0x48, 0x20, 0xff, 0xa8, 0x44, 0x20, 0xff, 0xb8, 0x4c, 0x28, 0xff,
    0xa8, 0x48, 0x28, 0xff, 0x60, 0x24, 0x10, 0xff, 0x68, 0x2c, 0x18, 0xff,
    0xb0, 0x48, 0x28, 0xff, 0xb0, 0x4c, 0x28, 0xff, 0xb0, 0x44, 0x20, 0xff,
    0xb0, 0x44, 0x28, 0xff, 0xb0, 0x48, 0x28, 0xff, 0xa8, 0x44, 0x20, 0xff,
    0x78, 0x30, 0x18, 0xff, 0x88, 0x38, 0x18, 0xff, 0xb0, 0x4c, 0x28, 0xff,
    0xb8, 0x4c, 0x28, 0xff, 0xb0, 0x48, 0x28, 0xff, 0xb0, 0x4c, 0x28, 0xff,
    0xa8, 0x48, 0x20, 0xff, 0xa0, 0x40, 0x20, 0xff, 0xb8, 0x4c, 0x28, 0xff,
    0xd0, 0x5c, 0x30, 0xff, 0xd0, 0x60, 0x30, 0xff, 0xc8, 0x58, 0x30, 0xff,
    0xc8, 0x58, 0x30, 0xff, 0xc8, 0x58, 0x30, 0xff, 0xc8, 0x58, 0x30, 0xff,
    0xc8, 0x58, 0x30, 0xff, 0xc0, 0x58, 0x30, 0xff, 0xc0, 0x54, 0x30, 0xff,
    0xc0, 0x54, 0x28, 0xff, 0xb0, 0x48, 0x28, 0xff, 0xb0, 0x48, 0x28, 0xff,
    0xb0, 0x4c, 0x28, 0xff, 0xb8, 0x4c, 0x28, 0xff, 0xb8, 0x50, 0x28, 0xff,
    0xb8, 0x50, 0x28, 0xff, 0xb8, 0x50, 0x28, 0xff, 0xb8, 0x50, 0x28, 0xff,
    0xb8, 0x50, 0x30, 0xff, 0xb8, 0x50, 0x28, 0xff, 0xb8, 0x50, 0x28, 0xff,
    0xb8, 0x50, 0x30, 0xff, 0xb8, 0x50, 0x28, 0xff, 0xb8, 0x50, 0x30, 0xff,
    0xb8, 0x50, 0x28, 0xff, 0xb8, 0x50, 0x30, 0xff, 0xb8, 0x50, 0x28, 0xff,
    0xb8, 0x50, 0x30, 0xff, 0xb8, 0x50, 0x28, 0xff, 0xb8, 0x50, 0x28, 0xff,
    0xb8, 0x50, 0x28, 0xff, 0xb8, 0x50, 0x30, 0xff, 0xb8, 0x50, 0x28, 0xff,
    0xb8, 0x50, 0x30, 0xff, 0xb8, 0x50, 0x28, 0xff, 0xb8, 0x50, 0x30, 0xff,
    0xb8, 0x50, 0x28, 0xff, 0xb8, 0x50, 0x30, 0xff, 0xb8, 0x50, 0x28, 0xff,
    0xb8, 0x50, 0x28, 0xff, 0xb8, 0x50, 0x30, 0xff, 0xb8, 0x50, 0x28, 0xff,
    0xb8, 0x50, 0x28, 0xff, 0xb8, 0x50, 0x28, 0xff, 0xb8, 0x50, 0x28, 0xff,
    0xb8, 0x50, 0x28, 0xff, 0xb8, 0x50, 0x30, 0xff, 0xb8, 0x50, 0x28, 0xff,
    0xb8, 0x50, 0x28, 0xff, 0xb8, 0x50, 0x30, 0xff, 0xb8, 0x50, 0x28, 0xff,
    0xb8, 0x50, 0x28, 0xff, 0xb8, 0x50, 0x30, 0xff, 0xb8, 0x50, 0x28, 0xff,
    0xb8, 0x50, 0x28, 0xff, 0xb8, 0x50, 0x30, 0xff, 0xb8, 0x50, 0x30, 0xff,
    0xb8, 0x50, 0x28, 0xff, 0xb8, 0x50, 0x28, 0xff, 0xb8, 0x50, 0x28, 0xff,
    0xb8, 0x50, 0x28, 0xff, 0xb8, 0x4c, 0x28, 0xff, 0xb8, 0x4c, 0x28, 0xff,
    0xb8, 0x4c, 0x28, 0xff, 0xb0, 0x4c, 0x28, 0xff, 0xb0, 0x4c, 0x28, 0xff,
    0xb8, 0x4c, 0x28, 0xff, 0xb8, 0x50, 0x28, 0xff, 0xb8, 0x50, 0x28, 0xff,
    0xb8, 0x50, 0x30, 0xff, 0xb8, 0x50, 0x30, 0xff, 0xb8, 0x50, 0x28, 0xff,
    0xc0, 0x50, 0x28, 0xff, 0xb8, 0x50, 0x30, 0xff, 0xc0, 0x50, 0x28, 0xff,
    0xc0, 0x50, 0x28, 0xff, 0xc0, 0x50, 0x30, 0xff, 0xc0, 0x50, 0x30, 0xff,
    0xb8, 0x50, 0x28, 0xff, 0xc0, 0x50, 0x30, 0xff, 0xb8, 0x50, 0x30, 0xff,
    0xc0, 0x50, 0x28, 0xff, 0xb8, 0x50, 0x30, 0xff, 0xc0, 0x50, 0x30, 0xff,
    0xc0, 0x50, 0x28, 0xff, 0xb8, 0x50, 0x30, 0xff, 0xc0, 0x50, 0x28, 0xff,
    0xc0, 0x50, 0x30, 0xff, 0xb8, 0x50, 0x30, 0xff, 0xc0, 0x50, 0x30, 0xff,
    0xc0, 0x50, 0x30, 0xff, 0xc0, 0x50, 0x30, 0xff, 0xc0, 0x50, 0x30, 0xff,
    0xc0, 0x50, 0x30, 0xff, 0xc0, 0x50, 0x30, 0xff, 0xb8, 0x50, 0x30, 0xff,
    0xc0, 0x50, 0x28, 0xff, 0xc0, 0x50, 0x30, 0xff, 0xb8, 0x50, 0x28, 0xff,
    0xc0, 0x50, 0x28, 0xff, 0xc0, 0x50, 0x30, 0xff, 0xb8, 0x50, 0x28, 0xff,
    0xb8, 0x50, 0x28, 0xff, 0xb8, 0x50, 0x30, 0xff, 0xb8, 0x50, 0x28, 0xff,
    0xb8, 0x50, 0x28, 0xff, 0xb8, 0x50, 0x28, 0xff, 0xb8, 0x50, 0x28, 0xff,
    0xb8, 0x4c, 0x28, 0xff, 0xb8, 0x4c, 0x28, 0xff, 0xb0, 0x48, 0x20, 0xff,
    0xb0, 0x44, 0x28, 0xff, 0xb0, 0x48, 0x28, 0xff, 0xb0, 0x48, 0x20, 0xff,
    0xb0, 0x48, 0x28, 0xff, 0xb0, 0x48, 0x20, 0xff, 0xa8, 0x48, 0x28, 0xff,
    0xa8, 0x48, 0x20, 0xff, 0xb0, 0x48, 0x28, 0xff, 0xa8, 0x48, 0x20, 0xff,
    0xa8, 0x48, 0x20, 0xff, 0xa8, 0x44, 0x28, 0xff, 0xa8, 0x44, 0x28, 0xff,
    0xa8, 0x44, 0x20, 0xff, 0xa8, 0x48, 0x28, 0xff, 0xa8, 0x44, 0x28, 0xff,
    0xa8, 0x44, 0x20, 0xff, 0xa0, 0x44, 0x28, 0xff, 0xa0, 0x44, 0x20, 0xff,
    0xa0, 0x44, 0x20, 0xff, 0x98, 0x40, 0x28, 0xff, 0x98, 0x40, 0x20, 0xff,
    0x98, 0x40, 0x20, 0xff, 0x90, 0x40, 0x28, 0xff, 0x90, 0x40, 0x20, 0xff,
    0x90, 0x3c, 0x20, 0xff, 0x88, 0x3c, 0x20, 0xff, 0x88, 0x3c, 0x20, 0xff,
    0x80, 0x38, 0x20, 0xff, 0x80, 0x38, 0x20, 0xff, 0x80, 0x38, 0x20, 0xff,
    0x78, 0x38, 0x18, 0xff, 0x78, 0x34, 0x20, 0xff, 0x60, 0x2c, 0x18, 0xff,
    0x78, 0x34, 0x20, 0xff, 0x68, 0x2c, 0x18, 0xff, 0x70, 0x30, 0x18, 0xff,
    0x70, 0x34, 0x18, 0xff, 0x70, 0x34, 0x18, 0xff, 0x78, 0x34, 0x18, 0xff,
    0x78, 0x34, 0x20, 0xff, 0x78, 0x34, 0x18, 0xff, 0x78, 0x34, 0x18, 0xff,
    0x70, 0x30, 0x18, 0xff, 0x80, 0x34, 0x20, 0xff, 0xa0, 0x48, 0x28, 0xff,
    0xa0, 0x44, 0x20, 0xff, 0xa0, 0x44, 0x28, 0xff, 0xa8, 0x44, 0x28, 0xff,
    0xa8, 0x48, 0x20, 0xff, 0xa8, 0x48, 0x28, 0xff, 0xa8, 0x48, 0x28, 0xff,
    0xa8, 0x44, 0x28, 0xff, 0xa8, 0x48, 0x20, 0xff, 0xa8, 0x48, 0x28, 0xff,
    0xa8, 0x48, 0x28, 0xff, 0xb0, 0x48, 0x28, 0xff, 0xb0, 0x48, 0x28, 0xff,
    0xb0, 0x44, 0x28, 0xff, 0xb0, 0x48, 0x28, 0xff, 0xb0, 0x48, 0x28, 0xff,
    0xb0, 0x48, 0x28, 0xff, 0xb0, 0x48, 0x28, 0xff, 0xb0, 0x48, 0x28, 0xff,
    0xb0, 0x48, 0x20, 0xff, 0xa8, 0x48, 0x28, 0xff, 0xb0, 0x48, 0x28, 0xff,
    0xb0, 0x48, 0x28, 0xff, 0xb0, 0x48, 0x28, 0xff, 0xb0, 0x48, 0x28, 0xff,
    0xb0, 0x48, 0x28, 0xff, 0xb0, 0x48, 0x28, 0xff, 0xb0, 0x48, 0x20, 0xff,
    0xb0, 0x4c, 0x28, 0xff, 0xb0, 0x48, 0x28, 0xff, 0xb0, 0x4c, 0x28, 0xff,
    0xb0, 0x48, 0x28, 0xff, 0xb0, 0x4c, 0x28, 0xff, 0xb8, 0x4c, 0x28, 0xff,
    0xb8, 0x4c, 0x28, 0xff, 0xb8, 0x4c, 0x28, 0xff, 0xb0, 0x4c, 0x28, 0xff,
    0xb0, 0x48, 0x20, 0xff, 0xb8, 0x4c, 0x28, 0xff, 0xb0, 0x48, 0x28, 0xff,
    0x68, 0x2c, 0x18, 0xff, 0x60, 0x24, 0x10, 0xff, 0xa0, 0x40, 0x20, 0xff,
    0xb8, 0x4c, 0x28, 0xff, 0xb0, 0x48, 0x28, 0xff, 0xb0, 0x48, 0x20, 0xff,
    0xb0, 0x48, 0x28, 0xff, 0xb0, 0x48, 0x20, 0xff, 0x70, 0x30, 0x18, 0xff,
    0x68, 0x2c, 0x18, 0xff, 0xa8, 0x44, 0x20, 0xff, 0xb8, 0x50, 0x28, 0xff,
    0xb0, 0x4c, 0x28, 0xff, 0xb0, 0x48, 0x28, 0xff, 0xb0, 0x4c, 0x28, 0xff,
    0xa8, 0x44, 0x20, 0xff, 0xb0, 0x48, 0x28, 0xff, 0xc8, 0x58, 0x30, 0xff,
    0xd0, 0x60, 0x38, 0xff, 0xc8, 0x5c, 0x30, 0xff, 0xc8, 0x58, 0x30, 0xff,
    0xc8, 0x5c, 0x30, 0xff, 0xc8, 0x5c, 0x30, 0xff, 0xc8, 0x58, 0x30, 0xff,
    0xc8, 0x58, 0x30, 0xff, 0xc0, 0x58, 0x30, 0xff, 0xb8, 0x4c, 0x28, 0xff,
    0xb8, 0x4c, 0x28, 0xff, 0xb8, 0x50, 0x28, 0xff, 0xc0, 0x54, 0x28, 0xff,
    0xc0, 0x54, 0x30, 0xff, 0xc0, 0x50, 0x30, 0xff, 0xc0, 0x50, 0x30, 0xff,
    0xc0, 0x54, 0x30, 0xff, 0xc0, 0x54, 0x30, 0xff, 0xc0, 0x54, 0x30, 0xff,
    0xc0, 0x54, 0x30, 0xff, 0xc0, 0x54, 0x28, 0xff, 0xc0, 0x54, 0x30, 0xff,
    0xc0, 0x54, 0x30, 0xff, 0xc0, 0x54, 0x30, 0xff, 0xc0, 0x54, 0x28, 0xff,
    0xc0, 0x54, 0x30, 0xff, 0xc8, 0x54, 0x30, 0xff, 0xc0, 0x54, 0x30, 0xff,
    0xc0, 0x54, 0x30, 0xff, 0xc0, 0x54, 0x30, 0xff, 0xc0, 0x54, 0x28, 0xff,
    0xc0, 0x54, 0x30, 0xff, 0xc0, 0x54, 0x30, 0xff, 0xc0, 0x54, 0x28, 0xff,
    0xc0, 0x54, 0x30, 0xff, 0xc0, 0x54, 0x30, 0xff, 0xc0, 0x54, 0x30, 0xff,
    0xc0, 0x54, 0x30, 0xff, 0xc0, 0x54, 0x30, 0xff, 0xc0, 0x54, 0x30, 0xff,
    0xc0, 0x54, 0x30, 0xff, 0xc0, 0x54, 0x30, 0xff, 0xc0, 0x54, 0x30, 0xff,
    0xc0, 0x54, 0x30, 0xff, 0xc0, 0x54, 0x30, 0xff, 0xc0, 0x54, 0x30, 0xff,
    0xc0, 0x54, 0x30, 0xff, 0xc0, 0x54, 0x30, 0xff, 0xc8, 0x54, 0x30, 0xff,
    0xc0, 0x54, 0x30, 0xff, 0xc0, 0x54, 0x30, 0xff, 0xc0, 0x54, 0x30, 0xff,
    0xc0, 0x54, 0x30, 0xff, 0xc0, 0x54, 0x28, 0xff, 0xc0, 0x54, 0x30, 0xff,
    0xc0, 0x54, 0x30, 0xff, 0xc0, 0x54, 0x28, 0xff, 0xc0, 0x50, 0x30, 0xff,
    0xc0, 0x50, 0x28, 0xff, 0xc0, 0x54, 0x28, 0xff, 0xc0, 0x50, 0x28, 0xff,
    0xb8, 0x50, 0x28, 0xff, 0xb8, 0x50, 0x28, 0xff, 0xc0, 0x50, 0x28, 0xff,
    0xb8, 0x50, 0x28, 0xff, 0xc0, 0x54, 0x28, 0xff, 0xc0, 0x54, 0x30, 0xff,
    0xc0, 0x54, 0x30, 0xff, 0xc0, 0x54, 0x28, 0xff, 0xc0, 0x54, 0x28, 0xff,
    0xc0, 0x54, 0x30, 0xff, 0xc0, 0x54, 0x30, 0xff, 0xc0, 0x54, 0x30, 0xff,
    0xc0, 0x54, 0x30, 0xff, 0xc0, 0x54, 0x30, 0xff, 0xc0, 0x54, 0x30, 0xff,
    0xc0, 0x54, 0x30, 0xff, 0xc0, 0x54, 0x28, 0xff, 0xc0, 0x54, 0x30, 0xff,
    0xc0, 0x54, 0x30, 0xff, 0xc0, 0x54, 0x30, 0xff, 0xc0, 0x54, 0x30, 0xff,
    0xc0, 0x54, 0x30, 0xff, 0xc0, 0x54, 0x30, 0xff, 0xc0, 0x54, 0x30, 0xff,
    0xc0, 0x54, 0x30, 0xff, 0xc0, 0x54, 0x30, 0xff, 0xc0, 0x54, 0x30, 0xff,
    0xc0, 0x54, 0x28, 0xff, 0xc0, 0x54, 0x30, 0xff, 0xc0, 0x54, 0x30, 0xff,
    0xc0, 0x54, 0x28, 0xff, 0xc0, 0x54, 0x30, 0xff, 0xc0, 0x54, 0x30, 0xff,
    0xc0, 0x54, 0x30, 0xff, 0xc0, 0x54, 0x30, 0xff, 0xc0, 0x54, 0x30, 0xff,
    0xc0, 0x54, 0x30, 0xff, 0xc0, 0x54, 0x30, 0xff, 0xc0, 0x54, 0x30, 0xff,
    0xc0, 0x54, 0x30, 0xff, 0xc0, 0x54, 0x30, 0xff, 0xc0, 0x54, 0x30, 0xff,
    0xc0, 0x54, 0x30, 0xff, 0xc0, 0x54, 0x28, 0xff, 0xc0, 0x50, 0x30, 0xff,
    0xc0, 0x54, 0x28, 0xff, 0xc0, 0x50, 0x28, 0xff, 0xb8, 0x50, 0x28, 0xff,
    0xb8, 0x50, 0x28, 0xff, 0xb0, 0x48, 0x28, 0xff, 0xb0, 0x48, 0x28, 0xff,
    0xb0, 0x48, 0x28, 0xff, 0xb0, 0x48, 0x20, 0xff, 0xb0, 0x48, 0x28, 0xff,
    0xb0, 0x48, 0x28, 0xff, 0xb0, 0x48, 0x20, 0xff, 0xb0, 0x48, 0x28, 0xff,
    0xb0, 0x48, 0x28, 0xff, 0xb0, 0x48, 0x20, 0xff, 0xb0, 0x48, 0x28, 0xff,
    0xa8, 0x48, 0x28, 0xff, 0xa8, 0x48, 0x20, 0xff, 0xa8, 0x44, 0x20, 0xff,
    0xa8, 0x44, 0x28, 0xff, 0xa8, 0x44, 0x20, 0xff, 0xa0, 0x44, 0x28, 0xff,
    0xa0, 0x44, 0x20, 0xff, 0xa0, 0x44, 0x28, 0xff, 0x98, 0x40, 0x20, 0xff,
    0x98, 0x40, 0x20, 0xff, 0x98, 0x40, 0x28, 0xff, 0x98, 0x40, 0x20, 0xff,
    0x90, 0x3c, 0x20, 0xff, 0x90, 0x3c, 0x20, 0xff, 0x88, 0x3c, 0x20, 0xff,
    0x88, 0x3c, 0x20, 0xff, 0x80, 0x38, 0x20, 0xff, 0x80, 0x38, 0x20, 0xff,
    0x80, 0x38, 0x20, 0xff, 0x78, 0x34, 0x20, 0xff, 0x78, 0x34, 0x18, 0xff,
    0x60, 0x2c, 0x18, 0xff, 0x78, 0x34, 0x20, 0xff, 0x68, 0x2c, 0x18, 0xff,
    0x70, 0x30, 0x20, 0xff, 0x70, 0x30, 0x20, 0xff, 0x70, 0x30, 0x20, 0xff,
    0x78, 0x34, 0x20, 0xff, 0x78, 0x34, 0x18, 0xff, 0x78, 0x34, 0x20, 0xff,
    0x80, 0x34, 0x20, 0xff, 0x70, 0x30, 0x18, 0xff, 0x80, 0x38, 0x20, 0xff,
    0xa8, 0x48, 0x28, 0xff, 0xa0, 0x44, 0x28, 0xff, 0xa8, 0x44, 0x20, 0xff,
    0xa8, 0x48, 0x28, 0xff, 0xa8, 0x44, 0x28, 0xff, 0xa8, 0x48, 0x28, 0xff,
    0xa8, 0x48, 0x20, 0xff, 0xa8, 0x48, 0x28, 0xff, 0xb0, 0x48, 0x28, 0xff,
    0xb0, 0x48, 0x20, 0xff, 0xb0, 0x48, 0x28, 0xff, 0xb0, 0x48, 0x28, 0xff,
    0xb0, 0x48, 0x28, 0xff, 0xb0, 0x48, 0x28, 0xff, 0xb0, 0x48, 0x20, 0xff,
    0xb0, 0x48, 0x28, 0xff, 0xb0, 0x48, 0x28, 0xff, 0xb0, 0x48, 0x28, 0xff,
    0xb0, 0x48, 0x28, 0xff, 0xb0, 0x48, 0x20, 0xff, 0xb0, 0x48, 0x28, 0xff,
    0xb0, 0x48, 0x28, 0xff, 0xb0, 0x48, 0x20, 0xff, 0xb0, 0x48, 0x28, 0xff,
    0xb0, 0x48, 0x28, 0xff, 0xb0, 0x48, 0x28, 0xff, 0xb0, 0x48, 0x20, 0xff,
    0xb0, 0x4c, 0x28, 0xff, 0xb0, 0x4c, 0x28, 0xff, 0xb0, 0x4c, 0x28, 0xff,
    0xb0, 0x4c, 0x28, 0xff, 0xb0, 0x48, 0x28, 0xff, 0xb8, 0x4c, 0x28, 0xff,
    0xc0, 0x54, 0x28, 0xff, 0xc0, 0x50, 0x28, 0xff, 0xb8, 0x50, 0x28, 0xff,
    0xb8, 0x4c, 0x28, 0xff, 0xb8, 0x4c, 0x28, 0xff, 0xb0, 0x48, 0x28, 0xff,
    0xb0, 0x48, 0x20, 0xff, 0xb8, 0x50, 0x28, 0xff, 0xa0, 0x40, 0x20, 0xff,
    0x68, 0x28, 0x18, 0xff, 0x80, 0x34, 0x18, 0xff, 0xb0, 0x4c, 0x28, 0xff,
    0xb8, 0x50, 0x28, 0xff, 0xb0, 0x48, 0x28, 0xff, 0xb0, 0x48, 0x28, 0xff,
    0xb8, 0x4c, 0x28, 0xff, 0x98, 0x3c, 0x20, 0xff, 0x60, 0x28, 0x10, 0xff,
    0x80, 0x30, 0x18, 0xff, 0xb8, 0x4c, 0x28, 0xff, 0xc0, 0x50, 0x28, 0xff,
    0xb8, 0x48, 0x28, 0xff, 0xb0, 0x4c, 0x28, 0xff, 0xb0, 0x48, 0x20, 0xff,
    0xa8, 0x44, 0x20, 0xff, 0xc0, 0x50, 0x28, 0xff, 0xd8, 0x60, 0x30, 0xff,
    0xd0, 0x60, 0x30, 0xff, 0xc8, 0x5c, 0x30, 0xff, 0xc8, 0x5c, 0x30, 0xff,
    0xd0, 0x5c, 0x30, 0xff, 0xd0, 0x5c, 0x30, 0xff, 0xc8, 0x58, 0x30, 0xff,
    0xb8, 0x50, 0x28, 0xff, 0xc0, 0x50, 0x28, 0xff, 0xc8, 0x54, 0x30, 0xff,
    0xc8, 0x58, 0x30, 0xff, 0xc8, 0x58, 0x30, 0xff, 0xd0, 0x60, 0x38, 0xff,
    0xd0, 0x60, 0x38, 0xff, 0xd0, 0x60, 0x38, 0xff, 0xd0, 0x64, 0x38, 0xff,
    0xd0, 0x60, 0x38, 0xff, 0xd8, 0x64, 0x38, 0xff, 0xd8, 0x64, 0x38, 0xff,
    0xd8, 0x60, 0x38, 0xff, 0xd0, 0x64, 0x38, 0xff, 0xd8, 0x64, 0x38, 0xff,
    0xd8, 0x60, 0x38, 0xff, 0xd8, 0x64, 0x38, 0xff, 0xd8, 0x64, 0x38, 0xff,
    0xd8, 0x64, 0x38, 0xff, 0xd0, 0x64, 0x38, 0xff, 0xd8, 0x64, 0x38, 0xff,
    0xd8, 0x64, 0x38, 0xff, 0xd8, 0x64, 0x38, 0xff, 0xd8, 0x64, 0x38, 0xff,
    0xd8, 0x64, 0x38, 0xff, 0xd8, 0x64, 0x38, 0xff, 0xd8, 0x64, 0x38, 0xff,
    0xd8, 0x64, 0x38, 0xff, 0xd8, 0x64, 0x38, 0xff, 0xd8, 0x64, 0x38, 0xff,
    0xd8, 0x64, 0x38, 0xff, 0xd8, 0x64, 0x38, 0xff, 0xd8, 0x64, 0x38, 0xff,
    0xd8, 0x64, 0x38, 0xff, 0xd8, 0x64, 0x38, 0xff, 0xd8, 0x64, 0x38, 0xff,
    0xd8, 0x64, 0x38, 0xff, 0xd8, 0x64, 0x38, 0xff, 0xd8, 0x64, 0x38, 0xff,
    0xd8, 0x64, 0x38, 0xff, 0xd0, 0x64, 0x38, 0xff, 0xd8, 0x64, 0x38, 0xff,
    0xd8, 0x64, 0x38, 0xff, 0xd0, 0x64, 0x38, 0xff, 0xd8, 0x60, 0x38, 0xff,
    0xd0, 0x64, 0x38, 0xff, 0xd0, 0x60, 0x38, 0xff, 0xd0, 0x60, 0x38, 0xff,
    0xd0, 0x64, 0x38, 0xff, 0xd0, 0x60, 0x38, 0xff, 0xd0, 0x60, 0x38, 0xff,
    0xd0, 0x64, 0x38, 0xff, 0xd0, 0x5c, 0x38, 0xff, 0xc0, 0x50, 0x28, 0xff,
    0xc0, 0x54, 0x30, 0xff, 0xc0, 0x54, 0x30, 0xff, 0xc0, 0x54, 0x28, 0xff,
    0xc0, 0x54, 0x30, 0xff, 0xc0, 0x54, 0x30, 0xff, 0xd0, 0x60, 0x38, 0xff,
    0xd8, 0x60, 0x38, 0xff, 0xd0, 0x60, 0x38, 0xff, 0xd0, 0x64, 0x38, 0xff,
    0xd8, 0x64, 0x38, 0xff, 0xd0, 0x64, 0x38, 0xff, 0xd0, 0x64, 0x38, 0xff,
    0xd0, 0x64, 0x38, 0xff, 0xd8, 0x64, 0x38, 0xff, 0xd8, 0x64, 0x38, 0xff,
    0xd8, 0x64, 0x38, 0xff, 0xd8, 0x64, 0x38, 0xff, 0xd8, 0x64, 0x38, 0xff,
    0xd8, 0x64, 0x38, 0xff, 0xd8, 0x64, 0x30, 0xff, 0xd8, 0x64, 0x38, 0xff,
    0xd8, 0x64, 0x38, 0xff, 0xd8, 0x64, 0x38, 0xff, 0xd8, 0x64, 0x38, 0xff,
    0xd8, 0x64, 0x38, 0xff, 0xd8, 0x64, 0x38, 0xff, 0xd0, 0x64, 0x38, 0xff,
    0xd8, 0x64, 0x38, 0xff, 0xd8, 0x64, 0x38, 0xff, 0xd0, 0x60, 0x38, 0xff,
    0xd8, 0x64, 0x38, 0xff, 0xd8, 0x64, 0x38, 0xff, 0xd8, 0x60, 0x38, 0xff,
    0xd8, 0x64, 0x38, 0xff, 0xd0, 0x60, 0x38, 0xff, 0xd8, 0x64, 0x38, 0xff,
    0xd0, 0x64, 0x38, 0xff, 0xd8, 0x60, 0x38, 0xff, 0xd8, 0x64, 0x38, 0xff,
    0xd0, 0x64, 0x38, 0xff, 0xd8, 0x64, 0x38, 0xff, 0xd0, 0x60, 0x38, 0xff,
    0xd0, 0x60, 0x38, 0xff, 0xd0, 0x60, 0x38, 0xff, 0xd0, 0x60, 0x38, 0xff,
    0xd0, 0x60, 0x38, 0xff, 0xd8, 0x64, 0x38, 0xff, 0xc0, 0x54, 0x30, 0xff,
    0xa8, 0x44, 0x20, 0xff, 0xb0, 0x48, 0x28, 0xff, 0xb0, 0x48, 0x28, 0xff,
    0xb0, 0x48, 0x28, 0xff, 0xb8, 0x48, 0x20, 0xff, 0xb0, 0x48, 0x28, 0xff,
    0xb0, 0x48, 0x28, 0xff, 0xb0, 0x48, 0x20, 0xff, 0xb0, 0x48, 0x28, 0xff,
    0xb0, 0x48, 0x20, 0xff, 0xb0, 0x48, 0x28, 0xff, 0xb0, 0x44, 0x20, 0xff,
    0xa8, 0x48, 0x20, 0xff, 0xa8, 0x48, 0x20, 0xff, 0xa8, 0x44, 0x20, 0xff,
    0xa0, 0x44, 0x20, 0xff, 0xa0, 0x40, 0x28, 0xff, 0xa0, 0x40, 0x20, 0xff,
    0x98, 0x40, 0x20, 0xff, 0x98, 0x40, 0x20, 0xff, 0x98, 0x3c, 0x20, 0xff,
    0x90, 0x3c, 0x20, 0xff, 0x90, 0x3c, 0x20, 0xff, 0x90, 0x3c, 0x20, 0xff,
    0x88, 0x38, 0x20, 0xff, 0x88, 0x38, 0x20, 0xff, 0x80, 0x38, 0x20, 0xff,
    0x80, 0x38, 0x20, 0xff, 0x78, 0x34, 0x18, 0xff, 0x78, 0x34, 0x20, 0xff,
    0x70, 0x34, 0x18, 0xff, 0x60, 0x28, 0x18, 0xff, 0x78, 0x34, 0x20, 0xff,
    0x68, 0x30, 0x18, 0xff, 0x70, 0x34, 0x20, 0xff, 0x78, 0x34, 0x18, 0xff,
    0x78, 0x34, 0x20, 0xff, 0x78, 0x34, 0x20, 0xff, 0x78, 0x34, 0x18, 0xff,
    0x78, 0x34, 0x20, 0xff, 0x80, 0x34, 0x20, 0xff, 0x70, 0x30, 0x18, 0xff,
    0x80, 0x38, 0x18, 0xff, 0xa8, 0x48, 0x28, 0xff, 0xa8, 0x48, 0x28, 0xff,
    0xa8, 0x48, 0x20, 0xff, 0xa8, 0x48, 0x28, 0xff, 0xa8, 0x48, 0x28, 0xff,
    0xa8, 0x48, 0x28, 0xff, 0xa8, 0x44, 0x28, 0xff, 0xa8, 0x48, 0x28, 0xff,
    0xb0, 0x48, 0x28, 0xff, 0xb0, 0x48, 0x28, 0xff, 0xb0, 0x48, 0x28, 0xff,
    0xb0, 0x48, 0x28, 0xff, 0xb0, 0x48, 0x28, 0xff, 0xb0, 0x48, 0x28, 0xff,
    0xb0, 0x48, 0x28, 0xff, 0xb0, 0x48, 0x28, 0xff, 0xb0, 0x48, 0x28, 0xff,
    0xb0, 0x48, 0x28, 0xff, 0xb0, 0x48, 0x20, 0xff, 0xb0, 0x48, 0x28, 0xff,
    0xb0, 0x48, 0x28, 0xff, 0xb0, 0x48, 0x28, 0xff, 0xb0, 0x48, 0x28, 0xff,
    0xb0, 0x48, 0x28, 0xff, 0xb0, 0x48, 0x28, 0xff, 0xb0, 0x48, 0x20, 0xff,
    0xb0, 0x4c, 0x28, 0xff, 0xb8, 0x4c, 0x28, 0xff, 0xb0, 0x4c, 0x28, 0xff,
    0xb8, 0x4c, 0x28, 0xff, 0xb8, 0x4c, 0x28, 0xff, 0xb0, 0x48, 0x28, 0xff,
    0xb8, 0x50, 0x28, 0xff, 0xc8, 0x54, 0x28, 0xff, 0xc0, 0x50, 0x28, 0xff,
    0xc0, 0x50, 0x28, 0xff, 0xc0, 0x50, 0x28, 0xff, 0xc0, 0x50, 0x28, 0xff,
    0xc0, 0x50, 0x28, 0xff, 0xb8, 0x4c, 0x28, 0xff, 0xb0, 0x44, 0x20, 0xff,
    0xb8, 0x50, 0x28, 0xff, 0xb8, 0x4c, 0x28, 0xff, 0x88, 0x38, 0x18, 0xff,
    0x88, 0x38, 0x18, 0xff, 0xa0, 0x40, 0x20, 0xff, 0xb8, 0x50, 0x28, 0xff,
    0xb8, 0x4c, 0x28, 0xff, 0xb0, 0x48, 0x20, 0xff, 0xb8, 0x4c, 0x28, 0xff,
    0xb8, 0x48, 0x28, 0xff, 0x78, 0x34, 0x18, 0xff, 0x70, 0x2c, 0x18, 0xff,
    0x88, 0x38, 0x18, 0xff, 0xb8, 0x50, 0x28, 0xff, 0xc0, 0x4c, 0x28, 0xff,
    0xb0, 0x4c, 0x28, 0xff, 0xb8, 0x4c, 0x28, 0xff, 0xa8, 0x40, 0x20, 0xff,
    0xb8, 0x4c, 0x28, 0xff, 0xd0, 0x5c, 0x30, 0xff, 0xd8, 0x64, 0x38, 0xff,
    0xd0, 0x5c, 0x30, 0xff, 0xd0, 0x5c, 0x30, 0xff, 0xd0, 0x5c, 0x30, 0xff,
    0xc8, 0x5c, 0x30, 0xff, 0xc0, 0x54, 0x28, 0xff, 0xc0, 0x54, 0x30, 0xff,
    0xc8, 0x58, 0x30, 0xff, 0xc8, 0x58, 0x30, 0xff, 0xc8, 0x5c, 0x30, 0xff,
    0xd8, 0x64, 0x38, 0xff, 0xd8, 0x68, 0x38, 0xff, 0xd8, 0x68, 0x38, 0xff,
    0xe0, 0x68, 0x38, 0xff, 0xd8, 0x68, 0x38, 0xff, 0xd8, 0x68, 0x38, 0xff,
    0xd8, 0x68, 0x38, 0xff, 0xd8, 0x68, 0x38, 0xff, 0xd8, 0x68, 0x38, 0xff,
    0xd8, 0x68, 0x38, 0xff, 0xd8, 0x68, 0x38, 0xff, 0xd8, 0x68, 0x38, 0xff,
    0xd8, 0x68, 0x38, 0xff, 0xd8, 0x64, 0x38, 0xff, 0xd8, 0x68, 0x38, 0xff,
    0xd8, 0x68, 0x38, 0xff, 0xd8, 0x64, 0x38, 0xff, 0xd8, 0x68, 0x38, 0xff,
    0xd8, 0x68, 0x38, 0xff, 0xd8, 0x64, 0x38, 0xff, 0xd8, 0x68, 0x38, 0xff,
    0xd8, 0x68, 0x38, 0xff, 0xd8, 0x64, 0x38, 0xff, 0xd8, 0x68, 0x38, 0xff,
    0xd8, 0x68, 0x38, 0xff, 0xd8, 0x64, 0x38, 0xff, 0xd8, 0x68, 0x38, 0xff,
    0xd8, 0x68, 0x38, 0xff, 0xd8, 0x64, 0x38, 0xff, 0xd8, 0x68, 0x38, 0xff,
    0xd8, 0x68, 0x38, 0xff, 0xd8, 0x64, 0x38, 0xff, 0xd8, 0x68, 0x38, 0xff,
    0xd8, 0x68, 0x38, 0xff, 0xd8, 0x64, 0x38, 0xff, 0xd8, 0x68, 0x38, 0xff,
    0xd8, 0x68, 0x38, 0xff, 0xd8, 0x68, 0x38, 0xff, 0xe0, 0x68, 0x38, 0xff,
    0xd8, 0x68, 0x38, 0xff, 0xe0, 0x68, 0x38, 0xff, 0xe0, 0x68, 0x38, 0xff,
    0xd8, 0x68, 0x38, 0xff, 0xe0, 0x64, 0x38, 0xff, 0xd8, 0x64, 0x40, 0xff,
    0xd8, 0x68, 0x38, 0xff, 0xd8, 0x68, 0x40, 0xff, 0xd8, 0x64, 0x38, 0xff,
    0xc8, 0x58, 0x30, 0xff, 0xc0, 0x54, 0x28, 0xff, 0xc8, 0x54, 0x30, 0xff,
    0xc8, 0x58, 0x30, 0xff, 0xc8, 0x54, 0x30, 0xff, 0xc8, 0x54, 0x28, 0xff,
    0xd8, 0x64, 0x38, 0xff, 0xe0, 0x68, 0x40, 0xff, 0xd8, 0x68, 0x38, 0xff,
    0xd8, 0x68, 0x38, 0xff, 0xe0, 0x68, 0x38, 0xff, 0xd8, 0x68, 0x38, 0xff,
    0xe0, 0x68, 0x38, 0xff, 0xd8, 0x68, 0x38, 0xff, 0xd8, 0x68, 0x38, 0xff,
    0xd8, 0x68, 0x38, 0xff, 0xd8, 0x68, 0x38, 0xff, 0xd8, 0x68, 0x38, 0xff,
    0xe0, 0x68, 0x38, 0xff, 0xd8, 0x64, 0x38, 0xff, 0xd8, 0x68, 0x38, 0xff,
    0xd8, 0x68, 0x38, 0xff, 0xd8, 0x68, 0x38, 0xff, 0xe0, 0x68, 0x38, 0xff,
    0xd8, 0x68, 0x38, 0xff, 0xd8, 0x68, 0x38, 0xff, 0xd8, 0x68, 0x38, 0xff,
    0xe0, 0x68, 0x38, 0xff, 0xe0, 0x68, 0x38, 0xff, 0xd8, 0x68, 0x38, 0xff,
    0xe0, 0x68, 0x38, 0xff, 0xd8, 0x68, 0x38, 0xff, 0xe0, 0x68, 0x38, 0xff,
    0xd8, 0x68, 0x38, 0xff, 0xe0, 0x68, 0x38, 0xff, 0xd8, 0x68, 0x38, 0xff,
    0xd8, 0x68, 0x38, 0xff, 0xe0, 0x68, 0x38, 0xff, 0xd8, 0x68, 0x38, 0xff,
    0xd8, 0x68, 0x38, 0xff, 0xe0, 0x68, 0x38, 0xff, 0xd8, 0x68, 0x38, 0xff,
    0xd8, 0x68, 0x38, 0xff, 0xe0, 0x68, 0x38, 0xff, 0xd8, 0x64, 0x38, 0xff,
    0xd8, 0x68, 0x40, 0xff, 0xd8, 0x64, 0x38, 0xff, 0xe0, 0x68, 0x40, 0xff,
    0xd8, 0x64, 0x38, 0xff, 0xb0, 0x4c, 0x28, 0xff, 0xb8, 0x4c, 0x28, 0xff,
    0xb8, 0x4c, 0x28, 0xff, 0xb8, 0x4c, 0x28, 0xff, 0xb8, 0x4c, 0x28, 0xff,
    0xb8, 0x4c, 0x20, 0xff, 0xb8, 0x4c, 0x28, 0xff, 0xb0, 0x48, 0x28, 0xff,
    0xb0, 0x48, 0x20, 0xff, 0xb0, 0x48, 0x20, 0xff, 0xb0, 0x48, 0x28, 0xff,
    0xb0, 0x48, 0x28, 0xff, 0xa8, 0x48, 0x20, 0xff, 0xb0, 0x44, 0x28, 0xff,
    0xa8, 0x44, 0x28, 0xff, 0xa0, 0x44, 0x20, 0xff, 0xa0, 0x40, 0x20, 0xff,
    0xa0, 0x40, 0x20, 0xff, 0x98, 0x40, 0x20, 0xff, 0x98, 0x3c, 0x20, 0xff,
    0x90, 0x3c, 0x20, 0xff, 0x90, 0x3c, 0x20, 0xff, 0x90, 0x3c, 0x20, 0xff,
    0x88, 0x38, 0x20, 0xff, 0x88, 0x38, 0x20, 0xff, 0x88, 0x38, 0x20, 0xff,
    0x80, 0x34, 0x18, 0xff, 0x80, 0x34, 0x20, 0xff, 0x78, 0x34, 0x18, 0xff,
    0x78, 0x34, 0x18, 0xff, 0x70, 0x30, 0x20, 0xff, 0x60, 0x28, 0x18, 0xff,
    0x78, 0x34, 0x20, 0xff, 0x68, 0x2c, 0x18, 0xff, 0x70, 0x34, 0x20, 0xff,
    0x78, 0x34, 0x18, 0xff, 0x78, 0x34, 0x18, 0xff, 0x78, 0x34, 0x20, 0xff,
    0x80, 0x34, 0x20, 0xff, 0x78, 0x34, 0x18, 0xff, 0x80, 0x34, 0x20, 0xff,
    0x78, 0x30, 0x18, 0xff, 0x80, 0x38, 0x20, 0xff, 0xa8, 0x48, 0x28, 0xff,
    0xa8, 0x44, 0x28, 0xff, 0xa8, 0x44, 0x28, 0xff, 0xa8, 0x48, 0x28, 0xff,
    0xa8, 0x48, 0x20, 0xff, 0xa8, 0x48, 0x28, 0xff, 0xb0, 0x48, 0x28, 0xff,
    0xb0, 0x48, 0x28, 0xff, 0xb0, 0x48, 0x28, 0xff, 0xb0, 0x48, 0x28, 0xff,
    0xb0, 0x48, 0x28, 0xff, 0xb0, 0x48, 0x20, 0xff, 0xb0, 0x48, 0x28, 0xff,
    0xb0, 0x48, 0x28, 0xff, 0xb0, 0x48, 0x28, 0xff, 0xb0, 0x48, 0x28, 0xff,
    0xb8, 0x4c, 0x28, 0xff, 0xb0, 0x4c, 0x28, 0xff, 0xb8, 0x48, 0x28, 0xff,
    0xb8, 0x4c, 0x28, 0xff, 0xb8, 0x4c, 0x28, 0xff, 0xb8, 0x48, 0x28, 0xff,
    0xb8, 0x4c, 0x28, 0xff, 0xb8, 0x48, 0x28, 0xff, 0xb8, 0x4c, 0x28, 0xff,
    0xb8, 0x4c, 0x28, 0xff, 0xb8, 0x4c, 0x28, 0xff, 0xb8, 0x48, 0x28, 0xff,
    0xb8, 0x4c, 0x28, 0xff, 0xb8, 0x4c, 0x28, 0xff, 0xb8, 0x4c, 0x28, 0xff,
    0xb0, 0x48, 0x28, 0xff, 0xb8, 0x50, 0x28, 0xff, 0xc8, 0x54, 0x28, 0xff,
    0xc0, 0x54, 0x28, 0xff, 0xc8, 0x54, 0x30, 0xff, 0xc0, 0x54, 0x28, 0xff,
    0xc0, 0x54, 0x28, 0xff, 0xc0, 0x54, 0x28, 0xff, 0xc0, 0x4c, 0x28, 0xff,
    0xb8, 0x4c, 0x28, 0xff, 0xb8, 0x48, 0x28, 0xff, 0xb8, 0x4c, 0x20, 0xff,
    0xc8, 0x54, 0x28, 0xff, 0xa8, 0x44, 0x20, 0xff, 0x78, 0x2c, 0x18, 0xff,
    0x98, 0x3c, 0x18, 0xff, 0xb8, 0x48, 0x20, 0xff, 0xb8, 0x4c, 0x28, 0xff,
    0xb8, 0x48, 0x28, 0xff, 0xb8, 0x48, 0x20, 0xff, 0xc0, 0x50, 0x28, 0xff,
    0x90, 0x3c, 0x20, 0xff, 0x48, 0x1c, 0x10, 0xff, 0x68, 0x2c, 0x18, 0xff,
    0xa8, 0x40, 0x20, 0xff, 0xc0, 0x54, 0x28, 0xff, 0xb8, 0x4c, 0x28, 0xff,
    0xb8, 0x4c, 0x28, 0xff, 0xb0, 0x44, 0x20, 0xff, 0xa8, 0x44, 0x20, 0xff,
    0xc8, 0x54, 0x30, 0xff, 0xd8, 0x64, 0x38, 0xff, 0xd8, 0x60, 0x30, 0xff,
    0xd0, 0x5c, 0x30, 0xff, 0xd0, 0x5c, 0x30, 0xff, 0xc8, 0x54, 0x30, 0xff,
    0xc8, 0x54, 0x28, 0xff, 0xc8, 0x5c, 0x30, 0xff, 0xd0, 0x5c, 0x30, 0xff,
    0xc8, 0x58, 0x30, 0xff, 0xd0, 0x60, 0x30, 0xff, 0xe0, 0x64, 0x38, 0xff,
    0xd8, 0x64, 0x38, 0xff, 0xe0, 0x64, 0x38, 0xff, 0xd8, 0x64, 0x38, 0xff,
    0xd8, 0x64, 0x38, 0xff, 0xe0, 0x64, 0x38, 0xff, 0xd8, 0x64, 0x38, 0xff,
    0xe0, 0x64, 0x38, 0xff, 0xd8, 0x64, 0x38, 0xff, 0xd8, 0x64, 0x38, 0xff,
    0xe0, 0x64, 0x38, 0xff, 0xd8, 0x64, 0x38, 0xff, 0xd8, 0x64, 0x38, 0xff,
    0xe0, 0x64, 0x38, 0xff, 0xe0, 0x64, 0x38, 0xff, 0xd8, 0x64, 0x38, 0xff,
    0xe0, 0x64, 0x38, 0xff, 0xe0, 0x64, 0x38, 0xff, 0xd8, 0x64, 0x38, 0xff,
    0xe0, 0x64, 0x38, 0xff, 0xd8, 0x64, 0x38, 0xff, 0xe0, 0x64, 0x38, 0xff,
    0xd8, 0x64, 0x38, 0xff, 0xe0, 0x64, 0x38, 0xff, 0xd8, 0x64, 0x38, 0xff,
    0xd8, 0x64, 0x38, 0xff, 0xe0, 0x64, 0x38, 0xff, 0xd8, 0x64, 0x38, 0xff,
    0xd8, 0x64, 0x38, 0xff, 0xe0, 0x64, 0x38, 0xff, 0xd8, 0x64, 0x38, 0xff,
    0xe0, 0x64, 0x38, 0xff, 0xd8, 0x64, 0x38, 0xff, 0xe0, 0x64, 0x38, 0xff,
    0xe0, 0x64, 0x38, 0xff, 0xd8, 0x64, 0x38, 0xff, 0xd8, 0x64, 0x38, 0xff,
    0xd8, 0x64, 0x38, 0xff, 0xd8, 0x64, 0x38, 0xff, 0xd8, 0x64, 0x38, 0xff,
    0xd8, 0x64, 0x38, 0xff, 0xd8, 0x64, 0x38, 0xff, 0xe0, 0x64, 0x38, 0xff,
    0xe0, 0x64, 0x38, 0xff, 0xd8, 0x64, 0x38, 0xff, 0xe0, 0x64, 0x38, 0xff,
    0xe0, 0x68, 0x38, 0xff, 0xd0, 0x5c, 0x30, 0xff, 0xc8, 0x54, 0x28, 0xff,
    0xc8, 0x58, 0x30, 0xff, 0xc8, 0x58, 0x30, 0xff, 0xd0, 0x58, 0x30, 0xff,
    0xc8, 0x58, 0x30, 0xff, 0xd0, 0x60, 0x30, 0xff, 0xe0, 0x68, 0x38, 0xff,
    0xd8, 0x64, 0x38, 0xff, 0xe0, 0x64, 0x38, 0xff, 0xd8, 0x64, 0x38, 0xff,
    0xd8, 0x64, 0x38, 0xff, 0xe0, 0x64, 0x38, 0xff, 0xe0, 0x64, 0x38, 0xff,
    0xd8, 0x64, 0x38, 0xff, 0xd8, 0x64, 0x38, 0xff, 0xe0, 0x64, 0x38, 0xff,
    0xd8, 0x64, 0x38, 0xff, 0xd8, 0x64, 0x38, 0xff, 0xd8, 0x64, 0x38, 0xff,
    0xd8, 0x64, 0x38, 0xff, 0xe0, 0x64, 0x38, 0xff, 0xd8, 0x64, 0x38, 0xff,
    0xd8, 0x64, 0x38, 0xff, 0xd8, 0x64, 0x38, 0xff, 0xe0, 0x64, 0x38, 0xff,
    0xd8, 0x64, 0x38, 0xff, 0xd8, 0x64, 0x38, 0xff, 0xd8, 0x64, 0x38, 0xff,
    0xd8, 0x64, 0x38, 0xff, 0xd8, 0x64, 0x38, 0xff, 0xd8, 0x64, 0x38, 0xff,
    0xd8, 0x64, 0x38, 0xff, 0xd8, 0x64, 0x38, 0xff, 0xd8, 0x64, 0x38, 0xff,
    0xe0, 0x64, 0x38, 0xff, 0xd8, 0x64, 0x38, 0xff, 0xd8, 0x64, 0x38, 0xff,
    0xd8, 0x64, 0x38, 0xff, 0xe0, 0x64, 0x38, 0xff, 0xd8, 0x64, 0x38, 0xff,
    0xd8, 0x64, 0x38, 0xff, 0xd8, 0x64, 0x38, 0xff, 0xd8, 0x64, 0x38, 0xff,
    0xe0, 0x64, 0x38, 0xff, 0xd8, 0x64, 0x38, 0xff, 0xd8, 0x64, 0x38, 0xff,
    0xd8, 0x64, 0x38, 0xff, 0xe0, 0x68, 0x38, 0xff, 0xc0, 0x54, 0x28, 0xff,
    0xb8, 0x4c, 0x20, 0xff, 0xc0, 0x4c, 0x28, 0xff, 0xb8, 0x50, 0x28, 0xff,
    0xb8, 0x4c, 0x28, 0xff, 0xb8, 0x4c, 0x28, 0xff, 0xb8, 0x4c, 0x20, 0xff,
    0xb8, 0x48, 0x28, 0xff, 0xb8, 0x48, 0x20, 0xff, 0xb0, 0x48, 0x20, 0xff,
    0xb0, 0x48, 0x28, 0xff, 0xb0, 0x44, 0x20, 0xff, 0xa8, 0x44, 0x20, 0xff,
    0xa0, 0x40, 0x20, 0xff, 0xa0, 0x40, 0x20, 0xff, 0x98, 0x40, 0x20, 0xff,
    0x98, 0x3c, 0x20, 0xff, 0x90, 0x3c, 0x20, 0xff, 0x90, 0x3c, 0x20, 0xff,
    0x90, 0x3c, 0x20, 0xff, 0x88, 0x38, 0x20, 0xff, 0x88, 0x38, 0x18, 0xff,
    0x80, 0x38, 0x20, 0xff, 0x80, 0x34, 0x18, 0xff, 0x78, 0x34, 0x18, 0xff,
    0x78, 0x34, 0x18, 0xff, 0x78, 0x34, 0x18, 0xff, 0x78, 0x30, 0x18, 0xff,
    0x70, 0x30, 0x18, 0xff, 0x70, 0x30, 0x18, 0xff, 0x68, 0x2c, 0x18, 0xff,
    0x60, 0x28, 0x18, 0xff, 0x78, 0x38, 0x20, 0xff, 0x68, 0x2c, 0x18, 0xff,
    0x78, 0x34, 0x20, 0xff, 0x78, 0x34, 0x20, 0xff, 0x78, 0x34, 0x20, 0xff,
    0x80, 0x34, 0x18, 0xff, 0x80, 0x34, 0x20, 0xff, 0x80, 0x38, 0x20, 0xff,
    0x80, 0x38, 0x18, 0xff, 0x78, 0x30, 0x18, 0xff, 0x80, 0x38, 0x20, 0xff,
    0xa8, 0x48, 0x28, 0xff, 0xa8, 0x44, 0x28, 0xff, 0xa8, 0x48, 0x28, 0xff,
    0xa8, 0x48, 0x28, 0xff, 0xa8, 0x44, 0x28, 0xff, 0xb0, 0x48, 0x28, 0xff,
    0xb0, 0x48, 0x20, 0xff, 0xb0, 0x48, 0x28, 0xff, 0xb0, 0x48, 0x28, 0xff,
    0xb0, 0x48, 0x20, 0xff, 0xb0, 0x48, 0x28, 0xff, 0xb0, 0x48, 0x28, 0xff,
    0xb0, 0x4c, 0x28, 0xff, 0xb8, 0x4c, 0x20, 0xff, 0xb8, 0x4c, 0x28, 0xff,
    0xb0, 0x48, 0x20, 0xff, 0xb8, 0x4c, 0x28, 0xff, 0xb8, 0x48, 0x28, 0xff,
    0xb8, 0x4c, 0x28, 0xff, 0xb8, 0x48, 0x28, 0xff, 0xb0, 0x4c, 0x28, 0xff,
    0xb8, 0x48, 0x28, 0xff, 0xb8, 0x4c, 0x20, 0xff, 0xb8, 0x48, 0x28, 0xff,
    0xb8, 0x48, 0x28, 0xff, 0xb8, 0x4c, 0x28, 0xff, 0xb8, 0x48, 0x20, 0xff,
    0xb8, 0x4c, 0x28, 0xff, 0xb8, 0x4c, 0x28, 0xff, 0xb8, 0x4c, 0x28, 0xff,
    0xb8, 0x4c, 0x28, 0xff, 0xb8, 0x4c, 0x28, 0xff, 0xc0, 0x50, 0x28, 0xff,
    0xc8, 0x54, 0x28, 0xff, 0xc8, 0x54, 0x28, 0xff, 0xc8, 0x54, 0x28, 0xff,
    0xc8, 0x54, 0x30, 0xff, 0xc8, 0x54, 0x28, 0xff, 0xc8, 0x54, 0x30, 0xff,
    0xc0, 0x50, 0x28, 0xff, 0xc0, 0x50, 0x28, 0xff, 0xc0, 0x50, 0x28, 0xff,
    0xb8, 0x4c, 0x28, 0xff, 0xb8, 0x4c, 0x28, 0xff, 0xc0, 0x4c, 0x28, 0xff,
    0xc0, 0x50, 0x28, 0xff, 0xb8, 0x48, 0x28, 0xff, 0x98, 0x3c, 0x18, 0xff,
    0xa8, 0x44, 0x20, 0xff, 0xc0, 0x50, 0x28, 0xff, 0xb8, 0x4c, 0x28, 0xff,
    0xb8, 0x4c, 0x28, 0xff, 0xb8, 0x48, 0x20, 0xff, 0xc0, 0x50, 0x28, 0xff,
    0xa0, 0x40, 0x20, 0xff, 0x58, 0x24, 0x10, 0xff, 0x78, 0x30, 0x18, 0xff,
    0xb8, 0x50, 0x28, 0xff, 0xc0, 0x50, 0x28, 0xff, 0xb8, 0x4c, 0x28, 0xff,
    0xb8, 0x4c, 0x20, 0xff, 0xb0, 0x44, 0x20, 0xff, 0xc0, 0x50, 0x28, 0xff,
    0xd8, 0x60, 0x30, 0xff, 0xe0, 0x64, 0x38, 0xff, 0xd0, 0x5c, 0x30, 0xff,
    0xc8, 0x54, 0x28, 0xff, 0xc8, 0x54, 0x30, 0xff, 0xd0, 0x5c, 0x30, 0xff,
    0xd0, 0x5c, 0x30, 0xff, 0xd0, 0x5c, 0x30, 0xff, 0xd0, 0x60, 0x30, 0xff,
    0xe0, 0x64, 0x38, 0xff, 0xe0, 0x64, 0x38, 0xff, 0xe0, 0x68, 0x38, 0xff,
    0xe0, 0x64, 0x38, 0xff, 0xe0, 0x64, 0x38, 0xff, 0xe0, 0x68, 0x38, 0xff,
    0xe0, 0x64, 0x38, 0xff, 0xe0, 0x64, 0x38, 0xff, 0xe0, 0x64, 0x38, 0xff,
    0xe0, 0x64, 0x38, 0xff, 0xe0, 0x64, 0x38, 0xff, 0xe0, 0x64, 0x38, 0xff,
    0xe0, 0x68, 0x38, 0xff, 0xe0, 0x64, 0x38, 0xff, 0xe0, 0x64, 0x38, 0xff,
    0xe0, 0x68, 0x38, 0xff, 0xe0, 0x64, 0x40, 0xff, 0xe0, 0x68, 0x38, 0xff,
    0xe0, 0x64, 0x38, 0xff, 0xe0, 0x68, 0x38, 0xff, 0xe0, 0x64, 0x38, 0xff,
    0xe0, 0x68, 0x38, 0xff, 0xe0, 0x64, 0x38, 0xff, 0xe0, 0x68, 0x38, 0xff,
    0xe0, 0x68, 0x38, 0xff, 0xe0, 0x64, 0x38, 0xff, 0xe0, 0x68, 0x38, 0xff,
    0xe0, 0x64, 0x38, 0xff, 0xe0, 0x68, 0x38, 0xff, 0xe0, 0x64, 0x38, 0xff,
    0xe0, 0x68, 0x38, 0xff, 0xe0, 0x64, 0x38, 0xff, 0xe0, 0x68, 0x38, 0xff,
    0xe0, 0x64, 0x38, 0xff, 0xd8, 0x64, 0x38, 0xff, 0xe0, 0x68, 0x38, 0xff,
    0xe0, 0x64, 0x38, 0xff, 0xe0, 0x64, 0x38, 0xff, 0xe0, 0x64, 0x38, 0xff,
    0xe0, 0x68, 0x38, 0xff, 0xe0, 0x64, 0x38, 0xff, 0xe0, 0x68, 0x38, 0xff,
    0xd8, 0x68, 0x38, 0xff, 0xe0, 0x64, 0x38, 0xff, 0xe0, 0x68, 0x38, 0xff,
    0xd8, 0x64, 0x38, 0xff, 0xe0, 0x68, 0x40, 0xff, 0xd0, 0x60, 0x38, 0xff,
    0xc8, 0x54, 0x28, 0xff, 0xd0, 0x5c, 0x30, 0xff, 0xd0, 0x5c, 0x30, 0xff,
    0xd0, 0x5c, 0x30, 0xff, 0xd0, 0x58, 0x30, 0xff, 0xd0, 0x5c, 0x30, 0xff,
    0xe0, 0x68, 0x38, 0xff, 0xe0, 0x68, 0x38, 0xff, 0xe0, 0x64, 0x38, 0xff,
    0xe0, 0x64, 0x38, 0xff, 0xe0, 0x64, 0x38, 0xff, 0xe0, 0x64, 0x38, 0xff,
    0xe0, 0x64, 0x38, 0xff, 0xe0, 0x64, 0x38, 0xff, 0xe0, 0x64, 0x38, 0xff,
    0xe0, 0x64, 0x38, 0xff, 0xe0, 0x68, 0x38, 0xff, 0xe0, 0x64, 0x38, 0xff,
    0xe0, 0x68, 0x38, 0xff, 0xe0, 0x64, 0x38, 0xff, 0xe0, 0x68, 0x38, 0xff,
    0xe0, 0x68, 0x38, 0xff, 0xe0, 0x64, 0x40, 0xff, 0xe0, 0x64, 0x38, 0xff,
    0xe0, 0x68, 0x38, 0xff, 0xe0, 0x68, 0x38, 0xff, 0xe0, 0x64, 0x38, 0xff,
    0xe0, 0x68, 0x38, 0xff, 0xe0, 0x64, 0x38, 0xff, 0xe0, 0x64, 0x38, 0xff,
    0xe0, 0x68, 0x38, 0xff, 0xe0, 0x64, 0x38, 0xff, 0xe0, 0x64, 0x38, 0xff,
    0xe0, 0x68, 0x38, 0xff, 0xe0, 0x64, 0x38, 0xff, 0xe0, 0x64, 0x38, 0xff,
    0xe0, 0x68, 0x38, 0xff, 0xe0, 0x64, 0x38, 0xff, 0xe0, 0x64, 0x38, 0xff,
    0xe0, 0x64, 0x38, 0xff, 0xe0, 0x68, 0x38, 0xff, 0xe0, 0x64, 0x38, 0xff,
    0xe0, 0x68, 0x38, 0xff, 0xe0, 0x68, 0x38, 0xff, 0xd8, 0x64, 0x38, 0xff,
    0xd8, 0x64, 0x38, 0xff, 0xd8, 0x64, 0x38, 0xff, 0xe0, 0x68, 0x40, 0xff,
    0xc8, 0x58, 0x30, 0xff, 0xb8, 0x48, 0x20, 0xff, 0xc0, 0x50, 0x28, 0xff,
    0xb8, 0x4c, 0x28, 0xff, 0xb8, 0x4c, 0x28, 0xff, 0xb8, 0x4c, 0x20, 0xff,
    0xb8, 0x48, 0x20, 0xff, 0xb8, 0x48, 0x28, 0xff, 0xb0, 0x48, 0x20, 0xff,
    0xb0, 0x48, 0x20, 0xff, 0xa8, 0x44, 0x20, 0xff, 0xb0, 0x40, 0x20, 0xff,
    0xa8, 0x40, 0x20, 0xff, 0xa0, 0x40, 0x20, 0xff, 0xa0, 0x40, 0x20, 0xff,
    0x98, 0x3c, 0x20, 0xff, 0x98, 0x3c, 0x20, 0xff, 0x90, 0x38, 0x18, 0xff,
    0x90, 0x38, 0x18, 0xff, 0x88, 0x34, 0x18, 0xff, 0x80, 0x38, 0x18, 0xff,
    0x80, 0x34, 0x18, 0xff, 0x80, 0x34, 0x18, 0xff, 0x78, 0x30, 0x18, 0xff,
    0x78, 0x30, 0x18, 0xff, 0x70, 0x30, 0x18, 0xff, 0x70, 0x30, 0x18, 0xff,
    0x68, 0x2c, 0x18, 0xff, 0x68, 0x2c, 0x18, 0xff, 0x68, 0x2c, 0x18, 0xff,
    0x60, 0x28, 0x18, 0xff, 0x58, 0x24, 0x10, 0xff, 0x78, 0x38, 0x20, 0xff,
    0x70, 0x2c, 0x18, 0xff, 0x78, 0x34, 0x18, 0xff, 0x78, 0x34, 0x20, 0xff,
    0x78, 0x34, 0x20, 0xff, 0x78, 0x34, 0x18, 0xff, 0x80, 0x34, 0x20, 0xff,
    0x80, 0x34, 0x20, 0xff, 0x80, 0x38, 0x18, 0xff, 0x78, 0x30, 0x18, 0xff,
    0x80, 0x38, 0x20, 0xff, 0xa8, 0x48, 0x28, 0xff, 0xa8, 0x48, 0x28, 0xff,
    0xa8, 0x48, 0x28, 0xff, 0xa8, 0x48, 0x28, 0xff, 0xb0, 0x44, 0x28, 0xff,
    0xb0, 0x48, 0x28, 0xff, 0xb0, 0x48, 0x28, 0xff, 0xb0, 0x48, 0x28, 0xff,
    0xb0, 0x48, 0x28, 0xff, 0xb0, 0x48, 0x28, 0xff, 0xb8, 0x4c, 0x28, 0xff,
    0xb8, 0x4c, 0x28, 0xff, 0xb8, 0x48, 0x28, 0xff, 0xb8, 0x4c, 0x28, 0xff,
    0xb8, 0x48, 0x28, 0xff, 0xb8, 0x4c, 0x28, 0xff, 0xb8, 0x4c, 0x28, 0xff,
    0xb8, 0x4c, 0x28, 0xff, 0xb8, 0x4c, 0x20, 0xff, 0xb0, 0x4c, 0x28, 0xff,
    0xb8, 0x4c, 0x28, 0xff, 0xb8, 0x4c, 0x28, 0xff, 0xb8, 0x4c, 0x28, 0xff,
    0xb8, 0x4c, 0x28, 0xff, 0xb8, 0x4c, 0x28, 0xff, 0xb8, 0x4c, 0x28, 0xff,
    0xb8, 0x4c, 0x28, 0xff, 0xb8, 0x4c, 0x28, 0xff, 0xb8, 0x4c, 0x28, 0xff,
    0xb8, 0x4c, 0x28, 0xff, 0xb8, 0x4c, 0x28, 0xff, 0xb8, 0x4c, 0x28, 0xff,
    0xc0, 0x50, 0x28, 0xff, 0xc8, 0x58, 0x30, 0xff, 0xc8, 0x58, 0x28, 0xff,
    0xc8, 0x58, 0x30, 0xff, 0xc8, 0x54, 0x28, 0xff, 0xc8, 0x54, 0x28, 0xff,
    0xc8, 0x54, 0x30, 0xff, 0xc0, 0x54, 0x28, 0xff, 0xc0, 0x50, 0x28, 0xff,
    0xc8, 0x54, 0x28, 0xff, 0xc0, 0x50, 0x28, 0xff, 0xc0, 0x50, 0x28, 0xff,
    0xb8, 0x4c, 0x28, 0xff, 0xb8, 0x4c, 0x28, 0xff, 0xc8, 0x54, 0x30, 0xff,
    0xc0, 0x50, 0x28, 0xff, 0xa8, 0x44, 0x20, 0xff, 0xb0, 0x44, 0x20, 0xff,
    0xb8, 0x4c, 0x28, 0xff, 0xc0, 0x50, 0x28, 0xff, 0xb8, 0x48, 0x20, 0xff,
    0xb0, 0x44, 0x20, 0xff, 0xc0, 0x54, 0x28, 0xff, 0xb8, 0x4c, 0x28, 0xff,
    0x70, 0x2c, 0x18, 0xff, 0x60, 0x24, 0x10, 0xff, 0xa0, 0x40, 0x20, 0xff,
    0xc0, 0x50, 0x28, 0xff, 0xc0, 0x4c, 0x28, 0xff, 0xc0, 0x4c, 0x28, 0xff,
    0xb8, 0x48, 0x20, 0xff, 0xb8, 0x4c, 0x28, 0xff, 0xd0, 0x5c, 0x30, 0xff,
    0xe0, 0x64, 0x38, 0xff, 0xd0, 0x58, 0x30, 0xff, 0xc8, 0x58, 0x30, 0xff,
    0xd0, 0x5c, 0x30, 0xff, 0xd0, 0x5c, 0x30, 0xff, 0xd0, 0x5c, 0x30, 0xff,
    0xd8, 0x60, 0x38, 0xff, 0xe0, 0x68, 0x38, 0xff, 0xe0, 0x68, 0x38, 0xff,
    0xe0, 0x68, 0x38, 0xff, 0xe0, 0x68, 0x38, 0xff, 0xe0, 0x64, 0x38, 0xff,
    0xe0, 0x68, 0x40, 0xff, 0xe0, 0x68, 0x38, 0xff, 0xe0, 0x68, 0x38, 0xff,
    0xe0, 0x68, 0x38, 0xff, 0xe0, 0x68, 0x38, 0xff, 0xe0, 0x68, 0x38, 0xff,
    0xe0, 0x68, 0x38, 0xff, 0xe0, 0x68, 0x38, 0xff, 0xe0, 0x68, 0x40, 0xff,
    0xe0, 0x68, 0x38, 0xff, 0xe0, 0x68, 0x38, 0xff, 0xe0, 0x68, 0x40, 0xff,
    0xe0, 0x68, 0x38, 0xff, 0xe0, 0x68, 0x40, 0xff, 0xe0, 0x68, 0x40, 0xff,
    0xe0, 0x68, 0x38, 0xff, 0xe0, 0x68, 0x40, 0xff, 0xe0, 0x68, 0x38, 0xff,
    0xe0, 0x68, 0x40, 0xff, 0xe0, 0x68, 0x38, 0xff, 0xe0, 0x68, 0x40, 0xff,
    0xe0, 0x68, 0x38, 0xff, 0xe0, 0x68, 0x40, 0xff, 0xe0, 0x68, 0x40, 0xff,
    0xe0, 0x68, 0x38, 0xff, 0xe0, 0x68, 0x40, 0xff, 0xe0, 0x68, 0x38, 0xff,
    0xe0, 0x68, 0x40, 0xff, 0xe0, 0x68, 0x38, 0xff, 0xe0, 0x68, 0x38, 0xff,
    0xe0, 0x68, 0x40, 0xff, 0xe0, 0x68, 0x38, 0xff, 0xe0, 0x68, 0x40, 0xff,
    0xe0, 0x68, 0x38, 0xff, 0xe0, 0x68, 0x38, 0xff, 0xe0, 0x68, 0x40, 0xff,
    0xe0, 0x68, 0x38, 0xff, 0xe0, 0x68, 0x38, 0xff, 0xe0, 0x68, 0x38, 0xff,
    0xe0, 0x68, 0x38, 0xff, 0xe0, 0x68, 0x38, 0xff, 0xe0, 0x68, 0x38, 0xff,
    0xe0, 0x64, 0x38, 0xff, 0xd0, 0x5c, 0x30, 0xff, 0xd0, 0x5c, 0x30, 0xff,
    0xd0, 0x5c, 0x30, 0xff, 0xd0, 0x5c, 0x30, 0xff, 0xd0, 0x5c, 0x30, 0xff,
    0xd8, 0x5c, 0x30, 0xff, 0xe0, 0x68, 0x38, 0xff, 0xe0, 0x68, 0x40, 0xff,
    0xe0, 0x68, 0x40, 0xff, 0xe0, 0x68, 0x38, 0xff, 0xe0, 0x68, 0x40, 0xff,
    0xe0, 0x68, 0x38, 0xff, 0xe0, 0x68, 0x40, 0xff, 0xe0, 0x68, 0x38, 0xff,
    0xe0, 0x68, 0x40, 0xff, 0xe0, 0x68, 0x40, 0xff, 0xe0, 0x68, 0x38, 0xff,
    0xe0, 0x68, 0x40, 0xff, 0xe0, 0x68, 0x40, 0xff, 0xe0, 0x68, 0x40, 0xff,
    0xe0, 0x68, 0x38, 0xff, 0xe0, 0x68, 0x40, 0xff, 0xe0, 0x68, 0x38, 0xff,
    0xe0, 0x68, 0x40, 0xff, 0xe0, 0x68, 0x40, 0xff, 0xe0, 0x68, 0x38, 0xff,
    0xe0, 0x68, 0x40, 0xff, 0xe0, 0x68, 0x40, 0xff, 0xe0, 0x68, 0x40, 0xff,
    0xe0, 0x68, 0x38, 0xff, 0xe0, 0x68, 0x40, 0xff, 0xe0, 0x68, 0x40, 0xff,
    0xe0, 0x68, 0x38, 0xff, 0xe0, 0x68, 0x38, 0xff, 0xe0, 0x68, 0x40, 0xff,
    0xe0, 0x68, 0x38, 0xff, 0xe0, 0x68, 0x38, 0xff, 0xe0, 0x68, 0x40, 0xff,
    0xe0, 0x68, 0x38, 0xff, 0xe0, 0x68, 0x40, 0xff, 0xe0, 0x68, 0x38, 0xff,
    0xe0, 0x68, 0x38, 0xff, 0xe0, 0x68, 0x40, 0xff, 0xe0, 0x68, 0x38, 0xff,
    0xe0, 0x68, 0x38, 0xff, 0xe0, 0x64, 0x38, 0xff, 0xe0, 0x64, 0x38, 0xff,
    0xe0, 0x6c, 0x40, 0xff, 0xd8, 0x60, 0x38, 0xff, 0xb8, 0x48, 0x20, 0xff,
    0xb8, 0x4c, 0x28, 0xff, 0xb8, 0x4c, 0x20, 0xff, 0xb8, 0x4c, 0x28, 0xff,
    0xb8, 0x4c, 0x28, 0xff, 0xb8, 0x48, 0x20, 0xff, 0xb8, 0x48, 0x20, 0xff,
    0xb8, 0x48, 0x28, 0xff, 0xb0, 0x48, 0x20, 0xff, 0xb0, 0x44, 0x20, 0xff,
    0xa8, 0x44, 0x20, 0xff, 0xa8, 0x44, 0x20, 0xff, 0xa0, 0x44, 0x20, 0xff,
    0xa0, 0x40, 0x20, 0xff, 0xa0, 0x3c, 0x20, 0xff, 0x98, 0x3c, 0x18, 0xff,
    0x90, 0x3c, 0x20, 0xff, 0x90, 0x38, 0x20, 0xff, 0x88, 0x38, 0x18, 0xff,
    0x88, 0x34, 0x20, 0xff, 0x80, 0x34, 0x20, 0xff, 0x80, 0x34, 0x18, 0xff,
    0x80, 0x34, 0x18, 0xff, 0x78, 0x30, 0x18, 0xff, 0x70, 0x30, 0x18, 0xff,
    0x70, 0x30, 0x18, 0xff, 0x70, 0x2c, 0x18, 0xff, 0x70, 0x2c, 0x18, 0xff,
    0x68, 0x2c, 0x18, 0xff, 0x60, 0x28, 0x18, 0xff, 0x58, 0x24, 0x10, 0xff,
    0x78, 0x38, 0x20, 0xff, 0x70, 0x30, 0x18, 0xff, 0x78, 0x34, 0x20, 0xff,
    0x78, 0x34, 0x20, 0xff, 0x78, 0x34, 0x18, 0xff, 0x80, 0x34, 0x20, 0xff,
    0x78, 0x38, 0x18, 0xff, 0x80, 0x38, 0x20, 0xff, 0x80, 0x38, 0x20, 0xff,
    0x78, 0x30, 0x18, 0xff, 0x88, 0x38, 0x20, 0xff, 0xa8, 0x48, 0x28, 0xff,
    0xa8, 0x48, 0x28, 0xff, 0xb0, 0x48, 0x20, 0xff, 0xb0, 0x48, 0x28, 0xff,
    0xb0, 0x48, 0x28, 0xff, 0xb0, 0x48, 0x20, 0xff, 0xb0, 0x48, 0x28, 0xff,
    0xb0, 0x48, 0x28, 0xff, 0xb0, 0x48, 0x28, 0xff, 0xb8, 0x4c, 0x28, 0xff,
    0xb8, 0x4c, 0x28, 0xff, 0xb8, 0x48, 0x28, 0xff, 0xb8, 0x4c, 0x28, 0xff,
    0xb8, 0x4c, 0x28, 0xff, 0xb8, 0x4c, 0x28, 0xff, 0xb8, 0x4c, 0x28, 0xff,
    0xb8, 0x4c, 0x28, 0xff, 0xb8, 0x48, 0x28, 0xff, 0xb8, 0x4c, 0x28, 0xff,
    0xb8, 0x4c, 0x28, 0xff, 0xb8, 0x48, 0x28, 0xff, 0xb8, 0x4c, 0x20, 0xff,
    0xb8, 0x4c, 0x28, 0xff, 0xb8, 0x4c, 0x28, 0xff, 0xb8, 0x4c, 0x28, 0xff,
    0xb8, 0x4c, 0x28, 0xff, 0xb8, 0x4c, 0x28, 0xff, 0xb8, 0x4c, 0x28, 0xff,
    0xb8, 0x4c, 0x20, 0xff, 0xb8, 0x4c, 0x28, 0xff, 0xb8, 0x4c, 0x28, 0xff,
    0xb8, 0x4c, 0x28, 0xff, 0xc0, 0x50, 0x28, 0xff, 0xd0, 0x58, 0x28, 0xff,
    0xc8, 0x58, 0x30, 0xff, 0xc8, 0x58, 0x30, 0xff, 0xd0, 0x58, 0x30, 0xff,
    0xc8, 0x58, 0x30, 0xff, 0xd0, 0x58, 0x28, 0xff, 0xc8, 0x54, 0x28, 0xff,
    0xb8, 0x4c, 0x28, 0xff, 0xc0, 0x50, 0x28, 0xff, 0xc8, 0x58, 0x28, 0xff,
    0xc8, 0x54, 0x28, 0xff, 0xc0, 0x50, 0x28, 0xff, 0xc0, 0x50, 0x28, 0xff,
    0xc8, 0x54, 0x28, 0xff, 0xc0, 0x50, 0x28, 0xff, 0xc0, 0x50, 0x28, 0xff,
    0xb8, 0x4c, 0x28, 0xff, 0xb8, 0x4c, 0x20, 0xff, 0xc0, 0x4c, 0x28, 0xff,
    0xb8, 0x4c, 0x28, 0xff, 0xb0, 0x48, 0x20, 0xff, 0xc0, 0x4c, 0x28, 0xff,
    0xc0, 0x4c, 0x28, 0xff, 0xc0, 0x54, 0x28, 0xff, 0xa0, 0x3c, 0x20, 0xff,
    0x58, 0x20, 0x10, 0xff, 0x80, 0x34, 0x18, 0xff, 0xb8, 0x48, 0x20, 0xff,
    0xb8, 0x48, 0x20, 0xff, 0xb8, 0x4c, 0x28, 0xff, 0xb0, 0x48, 0x20, 0xff,
    0xb0, 0x44, 0x20, 0xff, 0xc0, 0x54, 0x28, 0xff, 0xd0, 0x5c, 0x30, 0xff,
    0xd0, 0x5c, 0x30, 0xff, 0xd8, 0x60, 0x30, 0xff, 0xd8, 0x60, 0x30, 0xff,
    0xd8, 0x60, 0x38, 0xff, 0xd8, 0x60, 0x38, 0xff, 0xe0, 0x68, 0x38, 0xff,
    0xe8, 0x6c, 0x40, 0xff, 0xe0, 0x6c, 0x40, 0xff, 0xe0, 0x6c, 0x40, 0xff,
    0xe0, 0x68, 0x38, 0xff, 0xe0, 0x6c, 0x40, 0xff, 0xe0, 0x6c, 0x40, 0xff,
    0xe8, 0x6c, 0x40, 0xff, 0xe8, 0x6c, 0x40, 0xff, 0xe0, 0x6c, 0x40, 0xff,
    0xe8, 0x6c, 0x40, 0xff, 0xe0, 0x6c, 0x40, 0xff, 0xe8, 0x6c, 0x40, 0xff,
    0xe8, 0x6c, 0x40, 0xff, 0xe8, 0x6c, 0x40, 0xff, 0xe8, 0x6c, 0x40, 0xff,
    0xe0, 0x6c, 0x40, 0xff, 0xe8, 0x6c, 0x40, 0xff, 0xe8, 0x6c, 0x40, 0xff,
    0xe8, 0x6c, 0x40, 0xff, 0xe8, 0x6c, 0x40, 0xff, 0xe8, 0x6c, 0x40, 0xff,
    0xe8, 0x6c, 0x40, 0xff, 0xe8, 0x6c, 0x40, 0xff, 0xe8, 0x6c, 0x40, 0xff,
    0xe8, 0x6c, 0x40, 0xff, 0xe8, 0x6c, 0x40, 0xff, 0xe8, 0x6c, 0x40, 0xff,
    0xe8, 0x6c, 0x40, 0xff, 0xe8, 0x6c, 0x40, 0xff, 0xe8, 0x6c, 0x40, 0xff,
    0xe8, 0x6c, 0x40, 0xff, 0xe8, 0x6c, 0x40, 0xff, 0xe8, 0x6c, 0x40, 0xff,
    0xe8, 0x6c, 0x40, 0xff, 0xe8, 0x6c, 0x40, 0xff, 0xe8, 0x6c, 0x40, 0xff,
    0xe8, 0x6c, 0x40, 0xff, 0xe8, 0x6c, 0x40, 0xff, 0xe8, 0x6c, 0x40, 0xff,
    0xe8, 0x6c, 0x40, 0xff, 0xe8, 0x6c, 0x40, 0xff, 0xe8, 0x6c, 0x40, 0xff,
    0xe8, 0x6c, 0x40, 0xff, 0xe0, 0x6c, 0x40, 0xff, 0xe8, 0x6c, 0x40, 0xff,
    0xe8, 0x6c, 0x40, 0xff, 0xe8, 0x6c, 0x40, 0xff, 0xd8, 0x60, 0x30, 0xff,
    0xd8, 0x5c, 0x30, 0xff, 0xd8, 0x60, 0x30, 0xff, 0xd8, 0x60, 0x30, 0xff,
    0xd8, 0x60, 0x30, 0xff, 0xd8, 0x60, 0x30, 0xff, 0xe0, 0x68, 0x38, 0xff,
    0xe8, 0x70, 0x40, 0xff, 0xe0, 0x6c, 0x40, 0xff, 0xe8, 0x6c, 0x40, 0xff,
    0xe8, 0x70, 0x40, 0xff, 0xe0, 0x6c, 0x40, 0xff, 0xe8, 0x6c, 0x40, 0xff,
    0xe8, 0x6c, 0x40, 0xff, 0xe8, 0x6c, 0x40, 0xff, 0xe8, 0x6c, 0x40, 0xff,
    0xe8, 0x6c, 0x40, 0xff, 0xe8, 0x6c, 0x38, 0xff, 0xe8, 0x6c, 0x40, 0xff,
    0xe8, 0x6c, 0x40, 0xff, 0xe8, 0x6c, 0x40, 0xff, 0xe8, 0x6c, 0x40, 0xff,
    0xe8, 0x6c, 0x38, 0xff, 0xe8, 0x6c, 0x40, 0xff, 0xe8, 0x6c, 0x40, 0xff,
    0xe8, 0x6c, 0x40, 0xff, 0xe8, 0x6c, 0x40, 0xff, 0xe8, 0x6c, 0x40, 0xff,
    0xe8, 0x6c, 0x40, 0xff, 0xe8, 0x6c, 0x40, 0xff, 0xe8, 0x6c, 0x40, 0xff,
    0xe8, 0x6c, 0x40, 0xff, 0xe8, 0x6c, 0x40, 0xff, 0xe8, 0x6c, 0x40, 0xff,
    0xe8, 0x6c, 0x40, 0xff, 0xe8, 0x6c, 0x40, 0xff, 0xe8, 0x6c, 0x40, 0xff,
    0xe8, 0x6c, 0x40, 0xff, 0xe8, 0x6c, 0x40, 0xff, 0xe8, 0x6c, 0x40, 0xff,
    0xe0, 0x6c, 0x40, 0xff, 0xe8, 0x6c, 0x40, 0xff, 0xe8, 0x68, 0x40, 0xff,
    0xe0, 0x68, 0x38, 0xff, 0xe8, 0x68, 0x40, 0xff, 0xe8, 0x6c, 0x40, 0xff,
    0xe0, 0x6c, 0x38, 0xff, 0xe8, 0x6c, 0x40, 0xff, 0xe8, 0x70, 0x40, 0xff,
    0xc0, 0x50, 0x28, 0xff, 0xb0, 0x40, 0x20, 0xff, 0xb8, 0x48, 0x20, 0xff,
    0xb8, 0x48, 0x20, 0xff, 0xb0, 0x44, 0x20, 0xff, 0xa8, 0x44, 0x20, 0xff,
    0xa8, 0x44, 0x20, 0xff, 0xa0, 0x40, 0x20, 0xff, 0xa0, 0x40, 0x20, 0xff,
    0x98, 0x40, 0x20, 0xff, 0x98, 0x3c, 0x20, 0xff, 0x90, 0x38, 0x18, 0xff,
    0x90, 0x38, 0x18, 0xff, 0x88, 0x38, 0x18, 0xff, 0x88, 0x38, 0x18, 0xff,
    0x88, 0x34, 0x18, 0xff, 0x80, 0x34, 0x18, 0xff, 0x80, 0x34, 0x18, 0xff,
    0x80, 0x34, 0x18, 0xff, 0x78, 0x30, 0x18, 0xff, 0x78, 0x30, 0x18, 0xff,
    0x70, 0x30, 0x18, 0xff, 0x70, 0x2c, 0x18, 0xff, 0x70, 0x2c, 0x18, 0xff,
    0x68, 0x2c, 0x18, 0xff, 0x68, 0x2c, 0x18, 0xff, 0x68, 0x28, 0x18, 0xff,
    0x60, 0x28, 0x18, 0xff, 0x60, 0x28, 0x18, 0xff, 0x50, 0x24, 0x10, 0xff,
    0x50, 0x20, 0x10, 0xff, 0x80, 0x38, 0x20, 0xff, 0x70, 0x30, 0x18, 0xff,
    0x78, 0x34, 0x20, 0xff, 0x78, 0x34, 0x18, 0xff, 0x80, 0x34, 0x20, 0xff,
    0x80, 0x38, 0x20, 0xff, 0x80, 0x38, 0x18, 0xff, 0x80, 0x38, 0x20, 0xff,
    0x88, 0x38, 0x20, 0xff, 0x78, 0x34, 0x18, 0xff, 0x88, 0x38, 0x18, 0xff,
    0xb0, 0x48, 0x28, 0xff, 0xa8, 0x48, 0x28, 0xff, 0xa8, 0x48, 0x28, 0xff,
    0xb0, 0x48, 0x28, 0xff, 0xb0, 0x48, 0x28, 0xff, 0xb0, 0x48, 0x28, 0xff,
    0xb0, 0x48, 0x28, 0xff, 0xb8, 0x48, 0x20, 0xff, 0xb8, 0x4c, 0x28, 0xff,
    0xb8, 0x48, 0x28, 0xff, 0xb8, 0x4c, 0x20, 0xff, 0xb8, 0x4c, 0x28, 0xff,
    0xb8, 0x4c, 0x28, 0xff, 0xb8, 0x4c, 0x20, 0xff, 0xb8, 0x48, 0x28, 0xff,
    0xb8, 0x4c, 0x28, 0xff, 0xb8, 0x4c, 0x20, 0xff, 0xb8, 0x48, 0x28, 0xff,
    0xb8, 0x4c, 0x28, 0xff, 0xb8, 0x4c, 0x28, 0xff, 0xb8, 0x48, 0x28, 0xff,
    0xb8, 0x4c, 0x28, 0xff, 0xb8, 0x4c, 0x28, 0xff, 0xb8, 0x4c, 0x28, 0xff,
    0xb8, 0x4c, 0x20, 0xff, 0xb8, 0x4c, 0x28, 0xff, 0xb8, 0x4c, 0x20, 0xff,
    0xb8, 0x4c, 0x28, 0xff, 0xc0, 0x4c, 0x28, 0xff, 0xc0, 0x4c, 0x28, 0xff,
    0xc0, 0x4c, 0x28, 0xff, 0xb8, 0x4c, 0x28, 0xff, 0xc0, 0x50, 0x28, 0xff,
    0xd0, 0x58, 0x28, 0xff, 0xd0, 0x58, 0x30, 0xff, 0xd0, 0x58, 0x28, 0xff,
    0xd0, 0x58, 0x30, 0xff, 0xd0, 0x58, 0x30, 0xff, 0xd0, 0x58, 0x30, 0xff,
    0xc8, 0x54, 0x28, 0xff, 0xc8, 0x50, 0x28, 0xff, 0xc8, 0x54, 0x28, 0xff,
    0xc8, 0x58, 0x30, 0xff, 0xd0, 0x58, 0x28, 0xff, 0xc8, 0x50, 0x28, 0xff,
    0xc0, 0x50, 0x28, 0xff, 0xc8, 0x58, 0x28, 0xff, 0xc8, 0x54, 0x28, 0xff,
    0xc0, 0x4c, 0x28, 0xff, 0xc8, 0x54, 0x28, 0xff, 0xc8, 0x54, 0x28, 0xff,
    0xc0, 0x50, 0x28, 0xff, 0xb8, 0x4c, 0x28, 0xff, 0xb8, 0x4c, 0x28, 0xff,
    0xc8, 0x54, 0x28, 0xff, 0xc0, 0x50, 0x28, 0xff, 0xb8, 0x48, 0x20, 0xff,
    0xc0, 0x50, 0x28, 0xff, 0xc0, 0x4c, 0x28, 0xff, 0x88, 0x34, 0x18, 0xff,
    0x90, 0x38, 0x18, 0xff, 0xa8, 0x44, 0x20, 0xff, 0xa8, 0x44, 0x20, 0xff,
    0xb0, 0x44, 0x20, 0xff, 0xb0, 0x44, 0x20, 0xff, 0xa0, 0x40, 0x20, 0xff,
    0xb8, 0x48, 0x20, 0xff, 0xc0, 0x4c, 0x28, 0xff, 0xb8, 0x4c, 0x28, 0xff,
    0xb8, 0x4c, 0x28, 0xff, 0xc0, 0x4c, 0x28, 0xff, 0xc0, 0x4c, 0x28, 0xff,
    0xb8, 0x4c, 0x28, 0xff, 0xc0, 0x4c, 0x28, 0xff, 0xc0, 0x4c, 0x28, 0xff,
    0xc0, 0x50, 0x28, 0xff, 0xc0, 0x4c, 0x28, 0xff, 0xc0, 0x4c, 0x28, 0xff,
    0xc0, 0x4c, 0x28, 0xff, 0xc0, 0x4c, 0x28, 0xff, 0xc0, 0x50, 0x28, 0xff,
    0xc0, 0x4c, 0x28, 0xff, 0xc0, 0x4c, 0x28, 0xff, 0xc0, 0x50, 0x28, 0xff,
    0xc0, 0x50, 0x28, 0xff, 0xc0, 0x50, 0x28, 0xff, 0xc0, 0x4c, 0x28, 0xff,
    0xc0, 0x50, 0x28, 0xff, 0xc0, 0x50, 0x28, 0xff, 0xc0, 0x50, 0x28, 0xff,
    0xc0, 0x50, 0x28, 0xff, 0xb8, 0x50, 0x28, 0xff, 0xc0, 0x50, 0x28, 0xff,
    0xc0, 0x50, 0x28, 0xff, 0xc0, 0x50, 0x28, 0xff, 0xc0, 0x50, 0x28, 0xff,
    0xc0, 0x50, 0x28, 0xff, 0xc0, 0x50, 0x28, 0xff, 0xc0, 0x50, 0x28, 0xff,
    0xc0, 0x4c, 0x28, 0xff, 0xc0, 0x50, 0x28, 0xff, 0xc0, 0x50, 0x28, 0xff,
    0xc0, 0x50, 0x28, 0xff, 0xc0, 0x50, 0x28, 0xff, 0xc0, 0x50, 0x28, 0xff,
    0xc0, 0x50, 0x28, 0xff, 0xc0, 0x50, 0x28, 0xff, 0xc0, 0x50, 0x28, 0xff,
    0xc0, 0x50, 0x28, 0xff, 0xc0, 0x50, 0x28, 0xff, 0xc0, 0x50, 0x28, 0xff,
    0xc0, 0x50, 0x28, 0xff, 0xc0, 0x50, 0x28, 0xff, 0xc0, 0x50, 0x28, 0xff,
    0xc0, 0x50, 0x28, 0xff, 0xc0, 0x50, 0x28, 0xff, 0xc0, 0x4c, 0x28, 0xff,
    0xc0, 0x50, 0x28, 0xff, 0xc0, 0x4c, 0x28, 0xff, 0xc0, 0x50, 0x28, 0xff,
    0xc0, 0x4c, 0x28, 0xff, 0xc0, 0x4c, 0x28, 0xff, 0xc0, 0x50, 0x28, 0xff,
    0xc0, 0x4c, 0x28, 0xff, 0xc0, 0x4c, 0x28, 0xff, 0xc0, 0x4c, 0x28, 0xff,
    0xc0, 0x50, 0x28, 0xff, 0xc0, 0x50, 0x28, 0xff, 0xc0, 0x50, 0x28, 0xff,
    0xc0, 0x50, 0x28, 0xff, 0xc0, 0x50, 0x28, 0xff, 0xc0, 0x50, 0x28, 0xff,
    0xc0, 0x50, 0x28, 0xff, 0xc0, 0x50, 0x28, 0xff, 0xc0, 0x50, 0x28, 0xff,
    0xc0, 0x50, 0x28, 0xff, 0xc0, 0x50, 0x28, 0xff, 0xc0, 0x50, 0x28, 0xff,
    0xc0, 0x50, 0x28, 0xff, 0xc0, 0x50, 0x28, 0xff, 0xc0, 0x50, 0x28, 0xff,
    0xc0, 0x50, 0x28, 0xff, 0xc0, 0x50, 0x28, 0xff, 0xc0, 0x50, 0x28, 0xff,
    0xc0, 0x50, 0x28, 0xff, 0xc0, 0x50, 0x28, 0xff, 0xc0, 0x50, 0x28, 0xff,
    0xc0, 0x50, 0x28, 0xff, 0xc0, 0x50, 0x28, 0xff, 0xc0, 0x50, 0x28, 0xff,
    0xc0, 0x50, 0x28, 0xff, 0xc0, 0x50, 0x28, 0xff, 0xc0, 0x50, 0x28, 0xff,
    0xc0, 0x50, 0x28, 0xff, 0xc0, 0x50, 0x28, 0xff, 0xc0, 0x50, 0x28, 0xff,
    0xc0, 0x50, 0x28, 0xff, 0xc0, 0x50, 0x28, 0xff, 0xc0, 0x50, 0x28, 0xff,
    0xc0, 0x50, 0x28, 0xff, 0xc0, 0x50, 0x28, 0xff, 0xc0, 0x50, 0x28, 0xff,
    0xc0, 0x50, 0x28, 0xff, 0xc0, 0x50, 0x28, 0xff, 0xc0, 0x50, 0x28, 0xff,
    0xc0, 0x4c, 0x28, 0xff, 0xc0, 0x4c, 0x28, 0xff, 0xc0, 0x4c, 0x28, 0xff,
    0xc0, 0x50, 0x28, 0xff, 0xb8, 0x4c, 0x28, 0xff, 0xb8, 0x48, 0x20, 0xff,
    0xb8, 0x48, 0x28, 0xff, 0xb8, 0x48, 0x20, 0xff, 0xb8, 0x48, 0x20, 0xff,
    0xb0, 0x44, 0x28, 0xff, 0xa8, 0x44, 0x20, 0xff, 0xa8, 0x44, 0x20, 0xff,
    0xa8, 0x44, 0x20, 0xff, 0xa8, 0x40, 0x20, 0xff, 0xa0, 0x40, 0x20, 0xff,
    0xa0, 0x40, 0x20, 0xff, 0x98, 0x3c, 0x20, 0xff, 0xa0, 0x3c, 0x20, 0xff,
    0x90, 0x3c, 0x20, 0xff, 0x90, 0x3c, 0x20, 0xff, 0x90, 0x38, 0x20, 0xff,
    0x90, 0x38, 0x20, 0xff, 0x88, 0x38, 0x20, 0xff, 0x88, 0x38, 0x18, 0xff,
    0x80, 0x34, 0x18, 0xff, 0x80, 0x34, 0x18, 0xff, 0x78, 0x34, 0x18, 0xff,
    0x78, 0x30, 0x18, 0xff, 0x78, 0x30, 0x18, 0xff, 0x70, 0x30, 0x18, 0xff,
    0x70, 0x30, 0x18, 0xff, 0x68, 0x2c, 0x18, 0xff, 0x68, 0x2c, 0x18, 0xff,
    0x58, 0x24, 0x18, 0xff, 0x58, 0x24, 0x10, 0xff, 0x80, 0x38, 0x20, 0xff,
    0x70, 0x2c, 0x18, 0xff, 0x78, 0x34, 0x20, 0xff, 0x80, 0x34, 0x20, 0xff,
    0x80, 0x34, 0x20, 0xff, 0x80, 0x38, 0x20, 0xff, 0x80, 0x38, 0x20, 0xff,
    0x80, 0x34, 0x20, 0xff, 0x88, 0x38, 0x18, 0xff, 0x78, 0x34, 0x18, 0xff,
    0x88, 0x38, 0x20, 0xff, 0xb0, 0x48, 0x28, 0xff, 0xa8, 0x48, 0x28, 0xff,
    0xb0, 0x48, 0x28, 0xff, 0xb0, 0x48, 0x28, 0xff, 0xb0, 0x48, 0x28, 0xff,
    0xb0, 0x48, 0x28, 0xff, 0xb8, 0x48, 0x28, 0xff, 0xb8, 0x4c, 0x28, 0xff,
    0xb8, 0x4c, 0x28, 0xff, 0xb8, 0x4c, 0x28, 0xff, 0xb0, 0x4c, 0x28, 0xff,
    0xb8, 0x4c, 0x28, 0xff, 0xb8, 0x48, 0x28, 0xff, 0xb8, 0x4c, 0x28, 0xff,
    0xb8, 0x4c, 0x28, 0xff, 0xb8, 0x4c, 0x28, 0xff, 0xb8, 0x4c, 0x28, 0xff,
    0xb8, 0x4c, 0x28, 0xff, 0xb8, 0x4c, 0x28, 0xff, 0xb8, 0x4c, 0x20, 0xff,
    0xc0, 0x4c, 0x28, 0xff, 0xb8, 0x4c, 0x28, 0xff, 0xb8, 0x4c, 0x28, 0xff,
    0xc0, 0x4c, 0x20, 0xff, 0xc0, 0x4c, 0x28, 0xff, 0xb8, 0x4c, 0x28, 0xff,
    0xc0, 0x4c, 0x28, 0xff, 0xb8, 0x4c, 0x28, 0xff, 0xb8, 0x4c, 0x28, 0xff,
    0xc0, 0x4c, 0x28, 0xff, 0xb8, 0x4c, 0x28, 0xff, 0xb8, 0x4c, 0x28, 0xff,
    0xc0, 0x50, 0x28, 0xff, 0xd0, 0x58, 0x30, 0xff, 0xd0, 0x58, 0x28, 0xff,
    0xd0, 0x58, 0x30, 0xff, 0xd0, 0x58, 0x28, 0xff, 0xd0, 0x58, 0x28, 0xff,
    0xd0, 0x5c, 0x30, 0xff, 0xc8, 0x54, 0x28, 0xff, 0xc8, 0x54, 0x28, 0xff,
    0xd0, 0x58, 0x30, 0xff, 0xd0, 0x54, 0x30, 0xff, 0xd0, 0x58, 0x28, 0xff,
    0xc8, 0x54, 0x28, 0xff, 0xc0, 0x50, 0x28, 0xff, 0xd0, 0x58, 0x30, 0xff,
    0xc8, 0x54, 0x28, 0xff, 0xc8, 0x54, 0x28, 0xff, 0xc8, 0x54, 0x28, 0xff,
    0xc8, 0x54, 0x28, 0xff, 0xd0, 0x54, 0x28, 0xff, 0xc0, 0x4c, 0x28, 0xff,
    0xb8, 0x4c, 0x28, 0xff, 0xd0, 0x54, 0x28, 0xff, 0xc8, 0x54, 0x28, 0xff,
    0xc0, 0x50, 0x28, 0xff, 0xc0, 0x50, 0x28, 0xff, 0xc0, 0x50, 0x28, 0xff,
    0xb8, 0x4c, 0x20, 0xff, 0xa0, 0x40, 0x20, 0xff, 0xb0, 0x4c, 0x28, 0xff,
    0xb8, 0x4c, 0x28, 0xff, 0xb8, 0x4c, 0x28, 0xff, 0xb8, 0x4c, 0x28, 0xff,
    0xc0, 0x4c, 0x28, 0xff, 0xb8, 0x4c, 0x28, 0xff, 0xb8, 0x4c, 0x28, 0xff,
    0xb8, 0x4c, 0x20, 0xff, 0xb8, 0x48, 0x20, 0xff, 0xb8, 0x4c, 0x28, 0xff,
    0xb8, 0x4c, 0x20, 0xff, 0xb8, 0x4c, 0x20, 0xff, 0xb8, 0x48, 0x20, 0xff,
    0xb8, 0x4c, 0x20, 0xff, 0xb8, 0x4c, 0x28, 0xff, 0xb8, 0x4c, 0x28, 0xff,
    0xb8, 0x4c, 0x20, 0xff, 0xb8, 0x4c, 0x20, 0xff, 0xb8, 0x4c, 0x28, 0xff,
    0xb8, 0x4c, 0x20, 0xff, 0xb8, 0x4c, 0x20, 0xff, 0xb8, 0x4c, 0x28, 0xff,
    0xb8, 0x4c, 0x20, 0xff, 0xb8, 0x4c, 0x20, 0xff, 0xb8, 0x4c, 0x28, 0xff,
    0xb8, 0x4c, 0x20, 0xff, 0xb8, 0x4c, 0x20, 0xff, 0xb8, 0x4c, 0x28, 0xff,
    0xb8, 0x4c, 0x20, 0xff, 0xb8, 0x4c, 0x20, 0xff, 0xb8, 0x4c, 0x20, 0xff,
    0xb8, 0x48, 0x20, 0xff, 0xb8, 0x4c, 0x28, 0xff, 0xb8, 0x4c, 0x20, 0xff,
    0xb8, 0x48, 0x20, 0xff, 0xb8, 0x4c, 0x28, 0xff, 0xb8, 0x4c, 0x20, 0xff,
    0xb8, 0x4c, 0x20, 0xff, 0xb8, 0x4c, 0x20, 0xff, 0xb8, 0x4c, 0x20, 0xff,
    0xb8, 0x4c, 0x20, 0xff, 0xb8, 0x4c, 0x28, 0xff, 0xb8, 0x4c, 0x20, 0xff,
    0xb8, 0x4c, 0x20, 0xff, 0xb8, 0x4c, 0x28, 0xff, 0xb8, 0x4c, 0x20, 0xff,
    0xb8, 0x4c, 0x20, 0xff, 0xb8, 0x4c, 0x28, 0xff, 0xb8, 0x4c, 0x20, 0xff,
    0xb8, 0x4c, 0x20, 0xff, 0xb8, 0x4c, 0x28, 0xff, 0xb8, 0x4c, 0x20, 0xff,
    0xb8, 0x48, 0x28, 0xff, 0xb8, 0x4c, 0x28, 0xff, 0xb8, 0x4c, 0x20, 0xff,
    0xb8, 0x4c, 0x28, 0xff, 0xb8, 0x4c, 0x28, 0xff, 0xb8, 0x4c, 0x20, 0xff,
    0xb8, 0x4c, 0x28, 0xff, 0xb8, 0x4c, 0x28, 0xff, 0xc0, 0x50, 0x28, 0xff,
    0xb8, 0x4c, 0x28, 0xff, 0xb8, 0x4c, 0x28, 0xff, 0xb8, 0x50, 0x28, 0xff,
    0xc0, 0x50, 0x28, 0xff, 0xb8, 0x4c, 0x28, 0xff, 0xb8, 0x4c, 0x28, 0xff,
    0xb8, 0x4c, 0x20, 0xff, 0xb8, 0x4c, 0x28, 0xff, 0xb8, 0x4c, 0x28, 0xff,
    0xb8, 0x4c, 0x20, 0xff, 0xb8, 0x4c, 0x20, 0xff, 0xb8, 0x4c, 0x28, 0xff,
    0xb8, 0x50, 0x20, 0xff, 0xc0, 0x4c, 0x20, 0xff, 0xb8, 0x4c, 0x28, 0xff,
    0xb8, 0x4c, 0x28, 0xff, 0xc0, 0x4c, 0x28, 0xff, 0xb8, 0x4c, 0x28, 0xff,
    0xb8, 0x4c, 0x28, 0xff, 0xc0, 0x4c, 0x28, 0xff, 0xb8, 0x4c, 0x28, 0xff,
    0xb8, 0x4c, 0x28, 0xff, 0xc0, 0x4c, 0x28, 0xff, 0xc0, 0x4c, 0x20, 0xff,
    0xb8, 0x4c, 0x28, 0xff, 0xc0, 0x4c, 0x28, 0xff, 0xc0, 0x4c, 0x28, 0xff,
    0xb8, 0x4c, 0x28, 0xff, 0xc0, 0x4c, 0x20, 0xff, 0xb8, 0x50, 0x28, 0xff,
    0xc0, 0x4c, 0x28, 0xff, 0xb8, 0x50, 0x28, 0xff, 0xc0, 0x50, 0x28, 0xff,
    0xb8, 0x4c, 0x28, 0xff, 0xb8, 0x4c, 0x28, 0xff, 0xc0, 0x4c, 0x20, 0xff,
    0xb8, 0x4c, 0x28, 0xff, 0xb8, 0x4c, 0x28, 0xff, 0xb8, 0x4c, 0x20, 0xff,
    0xb8, 0x4c, 0x28, 0xff, 0xc0, 0x4c, 0x28, 0xff, 0xb8, 0x4c, 0x28, 0xff,
    0xb8, 0x4c, 0x20, 0xff, 0xb8, 0x4c, 0x28, 0xff, 0xb8, 0x4c, 0x28, 0xff,
    0xb8, 0x4c, 0x20, 0xff, 0xb8, 0x4c, 0x28, 0xff, 0xc0, 0x4c, 0x28, 0xff,
    0xc0, 0x50, 0x28, 0xff, 0xc0, 0x50, 0x28, 0xff, 0xc0, 0x50, 0x28, 0xff,
    0xc0, 0x4c, 0x28, 0xff, 0xc0, 0x4c, 0x28, 0xff, 0xc0, 0x4c, 0x28, 0xff,
    0xb8, 0x4c, 0x28, 0xff, 0xb8, 0x4c, 0x28, 0xff, 0xb8, 0x4c, 0x28, 0xff,
    0xb8, 0x4c, 0x28, 0xff, 0xb8, 0x48, 0x28, 0xff, 0xb0, 0x48, 0x28, 0xff,
    0xb0, 0x48, 0x28, 0xff, 0xb0, 0x48, 0x20, 0xff, 0xa8, 0x44, 0x20, 0xff,
    0xa8, 0x44, 0x20, 0xff, 0xa0, 0x44, 0x20, 0xff, 0xa0, 0x40, 0x20, 0xff,
    0x98, 0x40, 0x20, 0xff, 0x98, 0x3c, 0x20, 0xff, 0x90, 0x3c, 0x20, 0xff,
    0x90, 0x3c, 0x20, 0xff, 0x88, 0x3c, 0x20, 0xff, 0x88, 0x38, 0x20, 0xff,
    0x80, 0x38, 0x20, 0xff, 0x80, 0x34, 0x20, 0xff, 0x78, 0x34, 0x18, 0xff,
    0x78, 0x34, 0x18, 0xff, 0x70, 0x30, 0x18, 0xff, 0x60, 0x28, 0x18, 0xff,
    0x80, 0x38, 0x20, 0xff, 0x70, 0x30, 0x18, 0xff, 0x78, 0x34, 0x20, 0xff,
    0x80, 0x38, 0x20, 0xff, 0x80, 0x38, 0x18, 0xff, 0x80, 0x34, 0x20, 0xff,
    0x88, 0x38, 0x20, 0xff, 0x88, 0x38, 0x20, 0xff, 0x80, 0x38, 0x20, 0xff,
    0x78, 0x34, 0x18, 0xff, 0x88, 0x38, 0x20, 0xff, 0xb0, 0x48, 0x28, 0xff,
    0xb0, 0x48, 0x28, 0xff, 0xb0, 0x48, 0x28, 0xff, 0xb0, 0x48, 0x28, 0xff,
    0xb0, 0x48, 0x20, 0xff, 0xb0, 0x48, 0x28, 0xff, 0xb8, 0x4c, 0x28, 0xff,
    0xb8, 0x48, 0x28, 0xff, 0xb8, 0x4c, 0x28, 0xff, 0xb8, 0x4c, 0x28, 0xff,
    0xb8, 0x48, 0x28, 0xff, 0xb8, 0x4c, 0x28, 0xff, 0xb8, 0x4c, 0x28, 0xff,
    0xb8, 0x48, 0x28, 0xff, 0xb8, 0x4c, 0x28, 0xff, 0xc0, 0x48, 0x28, 0xff,
    0xb8, 0x4c, 0x28, 0xff, 0xc0, 0x48, 0x28, 0xff, 0xb8, 0x4c, 0x28, 0xff,
    0xc0, 0x4c, 0x28, 0xff, 0xc0, 0x4c, 0x28, 0xff, 0xc0, 0x4c, 0x28, 0xff,
    0xc0, 0x4c, 0x28, 0xff, 0xc0, 0x4c, 0x28, 0xff, 0xb8, 0x4c, 0x28, 0xff,
    0xc0, 0x4c, 0x28, 0xff, 0xc0, 0x4c, 0x28, 0xff, 0xc0, 0x50, 0x28, 0xff,
    0xc0, 0x4c, 0x28, 0xff, 0xb8, 0x4c, 0x28, 0xff, 0xc0, 0x50, 0x28, 0xff,
    0xb8, 0x4c, 0x28, 0xff, 0xc0, 0x50, 0x28, 0xff, 0xd8, 0x58, 0x28, 0xff,
    0xd0, 0x58, 0x30, 0xff, 0xd0, 0x5c, 0x30, 0xff, 0xd0, 0x58, 0x30, 0xff,
    0xd8, 0x5c, 0x30, 0xff, 0xd8, 0x5c, 0x30, 0xff, 0xd0, 0x58, 0x28, 0xff,
    0xc8, 0x54, 0x28, 0xff, 0xd0, 0x58, 0x30, 0xff, 0xd0, 0x58, 0x28, 0xff,
    0xd0, 0x5c, 0x30, 0xff, 0xc8, 0x54, 0x28, 0xff, 0xc8, 0x50, 0x28, 0xff,
    0xd0, 0x5c, 0x30, 0xff, 0xd0, 0x58, 0x30, 0xff, 0xc8, 0x54, 0x28, 0xff,
    0xc8, 0x54, 0x28, 0xff, 0xd0, 0x54, 0x30, 0xff, 0xd0, 0x58, 0x28, 0xff,
    0xc0, 0x50, 0x28, 0xff, 0xc0, 0x50, 0x28, 0xff, 0xd0, 0x58, 0x28, 0xff,
    0xc8, 0x54, 0x28, 0xff, 0xc8, 0x54, 0x28, 0xff, 0xc8, 0x54, 0x28, 0xff,
    0xc0, 0x50, 0x28, 0xff, 0xb8, 0x4c, 0x20, 0xff, 0xa8, 0x44, 0x20, 0xff,
    0xb8, 0x4c, 0x28, 0xff, 0xb8, 0x4c, 0x28, 0xff, 0xc0, 0x4c, 0x28, 0xff,
    0xc0, 0x4c, 0x28, 0xff, 0xc0, 0x50, 0x28, 0xff, 0xc8, 0x54, 0x28, 0xff,
    0xc8, 0x50, 0x28, 0xff, 0xc8, 0x50, 0x28, 0xff, 0xc8, 0x54, 0x28, 0xff,
    0xc8, 0x54, 0x28, 0xff, 0xc8, 0x54, 0x28, 0xff, 0xc8, 0x54, 0x28, 0xff,
    0xc8, 0x54, 0x28, 0xff, 0xc8, 0x54, 0x28, 0xff, 0xc8, 0x54, 0x28, 0xff,
    0xc8, 0x54, 0x28, 0xff, 0xc8, 0x54, 0x28, 0xff, 0xc8, 0x54, 0x28, 0xff,
    0xc8, 0x54, 0x28, 0xff, 0xc8, 0x54, 0x28, 0xff, 0xc8, 0x54, 0x28, 0xff,
    0xc8, 0x54, 0x30, 0xff, 0xc8, 0x54, 0x28, 0xff, 0xc8, 0x54, 0x28, 0xff,
    0xc8, 0x54, 0x28, 0xff, 0xc8, 0x54, 0x28, 0xff, 0xc8, 0x54, 0x28, 0xff,
    0xc8, 0x54, 0x28, 0xff, 0xc8, 0x54, 0x28, 0xff, 0xc8, 0x54, 0x30, 0xff,
    0xc8, 0x54, 0x28, 0xff, 0xc8, 0x54, 0x28, 0xff, 0xc8, 0x54, 0x28, 0xff,
    0xc8, 0x54, 0x28, 0xff, 0xc8, 0x54, 0x28, 0xff, 0xc8, 0x54, 0x28, 0xff,
    0xc8, 0x54, 0x30, 0xff, 0xc8, 0x54, 0x28, 0xff, 0xc8, 0x54, 0x28, 0xff,
    0xc8, 0x54, 0x30, 0xff, 0xc8, 0x54, 0x28, 0xff, 0xc8, 0x54, 0x28, 0xff,
    0xc8, 0x54, 0x28, 0xff, 0xc8, 0x54, 0x28, 0xff, 0xc8, 0x54, 0x30, 0xff,
    0xc8, 0x54, 0x28, 0xff, 0xc8, 0x54, 0x28, 0xff, 0xc8, 0x54, 0x30, 0xff,
    0xc8, 0x54, 0x28, 0xff, 0xd0, 0x54, 0x28, 0xff, 0xc8, 0x54, 0x28, 0xff,
    0xc8, 0x54, 0x28, 0xff, 0xc8, 0x54, 0x28, 0xff, 0xc8, 0x54, 0x28, 0xff,
    0xd0, 0x54, 0x28, 0xff, 0xd0, 0x54, 0x28, 0xff, 0xc8, 0x54, 0x28, 0xff,
    0xc8, 0x54, 0x28, 0xff, 0xd0, 0x54, 0x28, 0xff, 0xc8, 0x54, 0x28, 0xff,
    0xd0, 0x54, 0x30, 0xff, 0xd0, 0x54, 0x28, 0xff, 0xd0, 0x54, 0x30, 0xff,
    0xd0, 0x58, 0x28, 0xff, 0xc8, 0x54, 0x30, 0xff, 0xd0, 0x58, 0x28, 0xff,
    0xd0, 0x54, 0x28, 0xff, 0xd0, 0x54, 0x28, 0xff, 0xd0, 0x54, 0x28, 0xff,
    0xd0, 0x54, 0x30, 0xff, 0xd0, 0x54, 0x28, 0xff, 0xd0, 0x54, 0x28, 0xff,
    0xd0, 0x58, 0x30, 0xff, 0xc8, 0x58, 0x28, 0xff, 0xd0, 0x58, 0x30, 0xff,
    0xd0, 0x58, 0x28, 0xff, 0xd0, 0x58, 0x28, 0xff, 0xd0, 0x58, 0x28, 0xff,
    0xd0, 0x58, 0x28, 0xff, 0xd0, 0x58, 0x28, 0xff, 0xd0, 0x54, 0x28, 0xff,
    0xd0, 0x58, 0x28, 0xff, 0xd0, 0x58, 0x28, 0xff, 0xd0, 0x58, 0x28, 0xff,
    0xc8, 0x58, 0x30, 0xff, 0xd0, 0x58, 0x28, 0xff, 0xd0, 0x58, 0x28, 0xff,
    0xd0, 0x58, 0x28, 0xff, 0xd0, 0x58, 0x28, 0xff, 0xd0, 0x54, 0x28, 0xff,
    0xd0, 0x54, 0x28, 0xff, 0xd0, 0x58, 0x28, 0xff, 0xd0, 0x54, 0x28, 0xff,
    0xc8, 0x58, 0x28, 0xff, 0xd0, 0x58, 0x28, 0xff, 0xd0, 0x54, 0x28, 0xff,
    0xc8, 0x54, 0x28, 0xff, 0xd0, 0x58, 0x28, 0xff, 0xc8, 0x54, 0x28, 0xff,
    0xd0, 0x54, 0x28, 0xff, 0xc8, 0x54, 0x28, 0xff, 0xc8, 0x54, 0x28, 0xff,
    0xc8, 0x54, 0x28, 0xff, 0xc8, 0x54, 0x28, 0xff, 0xc8, 0x54, 0x28, 0xff,
    0xc8, 0x54, 0x28, 0xff, 0xc8, 0x54, 0x28, 0xff, 0xc8, 0x50, 0x28, 0xff,
    0xc8, 0x50, 0x28, 0xff, 0xc0, 0x54, 0x28, 0xff, 0xc0, 0x50, 0x28, 0xff,
    0xc0, 0x50, 0x28, 0xff, 0xb8, 0x50, 0x28, 0xff, 0xc0, 0x4c, 0x28, 0xff,
    0xc0, 0x4c, 0x28, 0xff, 0xb8, 0x4c, 0x28, 0xff, 0xb8, 0x48, 0x20, 0xff,
    0xb8, 0x48, 0x20, 0xff, 0xb8, 0x4c, 0x20, 0xff, 0xb8, 0x48, 0x20, 0xff,
    0xb0, 0x48, 0x20, 0xff, 0xa8, 0x44, 0x20, 0xff, 0xa8, 0x44, 0x20, 0xff,
    0xa8, 0x44, 0x20, 0xff, 0xa0, 0x40, 0x20, 0xff, 0xa0, 0x40, 0x20, 0xff,
    0x98, 0x40, 0x20, 0xff, 0x98, 0x3c, 0x20, 0xff, 0x90, 0x3c, 0x20, 0xff,
    0x90, 0x3c, 0x20, 0xff, 0x88, 0x3c, 0x20, 0xff, 0x88, 0x38, 0x20, 0xff,
    0x80, 0x38, 0x20, 0xff, 0x80, 0x34, 0x20, 0xff, 0x78, 0x34, 0x18, 0xff,
    0x78, 0x34, 0x20, 0xff, 0x70, 0x30, 0x18, 0xff, 0x68, 0x2c, 0x18, 0xff,
    0x60, 0x28, 0x18, 0xff, 0x80, 0x38, 0x20, 0xff, 0x70, 0x34, 0x18, 0xff,
    0x80, 0x34, 0x20, 0xff, 0x80, 0x38, 0x20, 0xff, 0x80, 0x38, 0x20, 0xff,
    0x80, 0x38, 0x18, 0xff, 0x88, 0x38, 0x18, 0xff, 0x88, 0x38, 0x20, 0xff,
    0x88, 0x38, 0x20, 0xff, 0x80, 0x34, 0x18, 0xff, 0x88, 0x38, 0x20, 0xff,
    0xb0, 0x4c, 0x28, 0xff, 0xb0, 0x48, 0x28, 0xff, 0xb0, 0x48, 0x28, 0xff,
    0xb0, 0x48, 0x28, 0xff, 0xb0, 0x48, 0x28, 0xff, 0xb0, 0x48, 0x28, 0xff,
    0xb8, 0x4c, 0x28, 0xff, 0xb8, 0x48, 0x20, 0xff, 0xb8, 0x4c, 0x28, 0xff,
    0xb8, 0x4c, 0x28, 0xff, 0xb8, 0x48, 0x20, 0xff, 0xb8, 0x4c, 0x28, 0xff,
    0xc0, 0x4c, 0x28, 0xff, 0xb8, 0x4c, 0x20, 0xff, 0xc0, 0x4c, 0x28, 0xff,
    0xc0, 0x4c, 0x28, 0xff, 0xb8, 0x48, 0x20, 0xff, 0xc0, 0x4c, 0x28, 0xff,
    0xc0, 0x4c, 0x28, 0xff, 0xb8, 0x4c, 0x28, 0xff, 0xc0, 0x4c, 0x28, 0xff,
    0xb8, 0x4c, 0x28, 0xff, 0xb8, 0x4c, 0x28, 0xff, 0xc0, 0x4c, 0x28, 0xff,
    0xb8, 0x4c, 0x28, 0xff, 0xc0, 0x4c, 0x28, 0xff, 0xb8, 0x50, 0x28, 0xff,
    0xc0, 0x4c, 0x28, 0xff, 0xc0, 0x50, 0x28, 0xff, 0xc0, 0x4c, 0x28, 0xff,
    0xc0, 0x50, 0x28, 0xff, 0xb8, 0x4c, 0x28, 0xff, 0xc8, 0x50, 0x28, 0xff,
    0xd8, 0x5c, 0x28, 0xff, 0xd0, 0x5c, 0x30, 0xff, 0xd0, 0x58, 0x28, 0xff,
    0xd8, 0x5c, 0x30, 0xff, 0xd8, 0x5c, 0x30, 0xff, 0xd8, 0x5c, 0x30, 0xff,
    0xd0, 0x58, 0x28, 0xff, 0xd0, 0x54, 0x28, 0xff, 0xd0, 0x58, 0x30, 0xff,
    0xd0, 0x58, 0x30, 0xff, 0xd8, 0x5c, 0x30, 0xff, 0xc8, 0x54, 0x28, 0xff,
    0xc8, 0x54, 0x28, 0xff, 0xd8, 0x5c, 0x30, 0xff, 0xd0, 0x58, 0x28, 0xff,
    0xd0, 0x54, 0x28, 0xff, 0xd0, 0x58, 0x30, 0xff, 0xd0, 0x58, 0x30, 0xff,
    0xd0, 0x58, 0x30, 0xff, 0xc0, 0x50, 0x28, 0xff, 0xc0, 0x50, 0x28, 0xff,
    0xd0, 0x58, 0x30, 0xff, 0xd0, 0x54, 0x28, 0xff, 0xd0, 0x54, 0x28, 0xff,
    0xd0, 0x54, 0x28, 0xff, 0xc8, 0x54, 0x28, 0xff, 0xc0, 0x4c, 0x28, 0xff,
    0xb0, 0x44, 0x20, 0xff, 0xc0, 0x4c, 0x28, 0xff, 0xc0, 0x4c, 0x28, 0xff,
    0xc0, 0x50, 0x28, 0xff, 0xc0, 0x50, 0x28, 0xff, 0xc8, 0x50, 0x28, 0xff,
    0xc8, 0x54, 0x28, 0xff, 0xd0, 0x54, 0x28, 0xff, 0xd0, 0x54, 0x30, 0xff,
    0xd0, 0x54, 0x30, 0xff, 0xd0, 0x58, 0x30, 0xff, 0xd0, 0x58, 0x30, 0xff,
    0xd0, 0x58, 0x30, 0xff, 0xd0, 0x58, 0x30, 0xff, 0xd0, 0x58, 0x30, 0xff,
    0xd0, 0x58, 0x30, 0xff, 0xd0, 0x58, 0x30, 0xff, 0xd0, 0x58, 0x30, 0xff,
    0xd0, 0x58, 0x30, 0xff, 0xd0, 0x58, 0x30, 0xff, 0xd0, 0x58, 0x30, 0xff,
    0xd0, 0x58, 0x30, 0xff, 0xd0, 0x58, 0x30, 0xff, 0xd0, 0x58, 0x30, 0xff,
    0xd0, 0x58, 0x30, 0xff, 0xd0, 0x58, 0x30, 0xff, 0xd0, 0x5c, 0x30, 0xff,
    0xd0, 0x58, 0x30, 0xff, 0xd8, 0x58, 0x30, 0xff, 0xd8, 0x58, 0x30, 0xff,
    0xd0, 0x58, 0x30, 0xff, 0xd0, 0x58, 0x30, 0xff, 0xd8, 0x5c, 0x30, 0xff,
    0xd8, 0x58, 0x30, 0xff, 0xd0, 0x5c, 0x30, 0xff, 0xd0, 0x5c, 0x30, 0xff,
    0xd0, 0x58, 0x30, 0xff, 0xd8, 0x58, 0x30, 0xff, 0xd0, 0x58, 0x30, 0xff,
    0xd0, 0x5c, 0x30, 0xff, 0xd0, 0x58, 0x30, 0xff, 0xd8, 0x58, 0x30, 0xff,
    0xd0, 0x58, 0x30, 0xff, 0xd0, 0x58, 0x30, 0xff, 0xd0, 0x58, 0x30, 0xff,
    0xd8, 0x58, 0x30, 0xff, 0xd0, 0x58, 0x30, 0xff, 0xd8, 0x5c, 0x30, 0xff,
    0xd0, 0x58, 0x30, 0xff, 0xd0, 0x58, 0x30, 0xff, 0xd8, 0x5c, 0x30, 0xff,
    0xd0, 0x58, 0x30, 0xff, 0xd8, 0x5c, 0x30, 0xff, 0xd0, 0x58, 0x30, 0xff,
    0xd0, 0x58, 0x30, 0xff, 0xd8, 0x5c, 0x30, 0xff, 0xd0, 0x58, 0x30, 0xff,
    0xd0, 0x58, 0x30, 0xff, 0xd8, 0x58, 0x30, 0xff, 0xd0, 0x5c, 0x30, 0xff,
    0xd0, 0x5c, 0x30, 0xff, 0xd0, 0x5c, 0x30, 0xff, 0xd0, 0x5c, 0x30, 0xff,
    0xd0, 0x5c, 0x30, 0xff, 0xd0, 0x58, 0x30, 0xff, 0xd0, 0x5c, 0x30, 0xff,
    0xd0, 0x58, 0x30, 0xff, 0xd0, 0x5c, 0x30, 0xff, 0xd8, 0x5c, 0x30, 0xff,
    0xd0, 0x5c, 0x30, 0xff, 0xd0, 0x5c, 0x30, 0xff, 0xd0, 0x5c, 0x30, 0xff,
    0xd0, 0x58, 0x30, 0xff, 0xd8, 0x5c, 0x30, 0xff, 0xd8, 0x5c, 0x30, 0xff,
    0xd0, 0x5c, 0x30, 0xff, 0xd8, 0x5c, 0x30, 0xff, 0xd0, 0x5c, 0x30, 0xff,
    0xd0, 0x5c, 0x30, 0xff, 0xd8, 0x5c, 0x30, 0xff, 0xd0, 0x5c, 0x30, 0xff,
    0xd0, 0x5c, 0x30, 0xff, 0xd8, 0x5c, 0x30, 0xff, 0xd8, 0x5c, 0x30, 0xff,
    0xd0, 0x5c, 0x30, 0xff, 0xd8, 0x5c, 0x30, 0xff, 0xd0, 0x5c, 0x30, 0xff,
    0xd0, 0x5c, 0x30, 0xff, 0xd0, 0x5c, 0x30, 0xff, 0xd0, 0x5c, 0x30, 0xff,
    0xd0, 0x5c, 0x30, 0xff, 0xd8, 0x5c, 0x30, 0xff, 0xd0, 0x5c, 0x30, 0xff,
    0xd0, 0x5c, 0x30, 0xff, 0xd0, 0x58, 0x30, 0xff, 0xd8, 0x58, 0x30, 0xff,
    0xd0, 0x5c, 0x30, 0xff, 0xd0, 0x5c, 0x30, 0xff, 0xd0, 0x5c, 0x30, 0xff,
    0xd0, 0x58, 0x30, 0xff, 0xd0, 0x58, 0x30, 0xff, 0xd0, 0x5c, 0x30, 0xff,
    0xd0, 0x58, 0x30, 0xff, 0xd0, 0x58, 0x30, 0xff, 0xd0, 0x5c, 0x30, 0xff,
    0xd0, 0x58, 0x28, 0xff, 0xd0, 0x58, 0x30, 0xff, 0xd0, 0x54, 0x28, 0xff,
    0xd0, 0x54, 0x28, 0xff, 0xc8, 0x54, 0x28, 0xff, 0xc8, 0x54, 0x28, 0xff,
    0xc8, 0x54, 0x28, 0xff, 0xc0, 0x50, 0x28, 0xff, 0xc0, 0x50, 0x28, 0xff,
    0xc0, 0x50, 0x28, 0xff, 0xc0, 0x4c, 0x28, 0xff, 0xc0, 0x4c, 0x28, 0xff,
    0xc0, 0x4c, 0x28, 0xff, 0xb8, 0x48, 0x28, 0xff, 0xb8, 0x48, 0x28, 0xff,
    0xb8, 0x4c, 0x20, 0xff, 0xb8, 0x48, 0x28, 0xff, 0xb0, 0x48, 0x28, 0xff,
    0xb0, 0x48, 0x20, 0xff, 0xa8, 0x44, 0x28, 0xff, 0xa8, 0x44, 0x28, 0xff,
    0xa0, 0x44, 0x20, 0xff, 0xa0, 0x40, 0x20, 0xff, 0x98, 0x40, 0x20, 0xff,
    0x90, 0x40, 0x20, 0xff, 0x90, 0x3c, 0x20, 0xff, 0x90, 0x3c, 0x20, 0xff,
    0x88, 0x38, 0x20, 0xff, 0x88, 0x38, 0x20, 0xff, 0x80, 0x38, 0x18, 0xff,
    0x80, 0x38, 0x20, 0xff, 0x78, 0x34, 0x20, 0xff, 0x78, 0x34, 0x20, 0xff,
    0x70, 0x30, 0x18, 0xff, 0x60, 0x28, 0x18, 0xff, 0x80, 0x38, 0x20, 0xff,
    0x78, 0x30, 0x20, 0xff, 0x80, 0x34, 0x20, 0xff, 0x80, 0x34, 0x20, 0xff,
    0x80, 0x38, 0x20, 0xff, 0x88, 0x38, 0x20, 0xff, 0x88, 0x38, 0x20, 0xff,
    0x88, 0x38, 0x20, 0xff, 0x88, 0x38, 0x20, 0xff, 0x80, 0x34, 0x18, 0xff,
    0x88, 0x38, 0x20, 0xff, 0xb0, 0x4c, 0x28, 0xff, 0xa8, 0x48, 0x28, 0xff,
    0xb0, 0x48, 0x28, 0xff, 0xb0, 0x48, 0x28, 0xff, 0xb0, 0x48, 0x28, 0xff,
    0xb8, 0x4c, 0x28, 0xff, 0xb8, 0x4c, 0x28, 0xff, 0xb8, 0x4c, 0x28, 0xff,
    0xb8, 0x4c, 0x28, 0xff, 0xb8, 0x4c, 0x28, 0xff, 0xb8, 0x4c, 0x28, 0xff,
    0xb8, 0x4c, 0x28, 0xff, 0xc0, 0x48, 0x28, 0xff, 0xc0, 0x4c, 0x28, 0xff,
    0xb8, 0x4c, 0x28, 0xff, 0xc0, 0x4c, 0x28, 0xff, 0xc0, 0x4c, 0x28, 0xff,
    0xc0, 0x4c, 0x28, 0xff, 0xc0, 0x4c, 0x28, 0xff, 0xc0, 0x4c, 0x20, 0xff,
    0xc0, 0x4c, 0x28, 0xff, 0xc0, 0x4c, 0x28, 0xff, 0xc0, 0x4c, 0x20, 0xff,
    0xc0, 0x4c, 0x20, 0xff, 0xc0, 0x50, 0x28, 0xff, 0xc0, 0x50, 0x28, 0xff,
    0xc0, 0x4c, 0x20, 0xff, 0xc0, 0x50, 0x28, 0xff, 0xc0, 0x4c, 0x28, 0xff,
    0xc0, 0x50, 0x20, 0xff, 0xc0, 0x50, 0x28, 0xff, 0xb8, 0x4c, 0x28, 0xff,
    0xc8, 0x50, 0x28, 0xff, 0xd8, 0x5c, 0x30, 0xff, 0xd0, 0x5c, 0x28, 0xff,
    0xd8, 0x5c, 0x30, 0xff, 0xd8, 0x58, 0x30, 0xff, 0xd0, 0x5c, 0x30, 0xff,
    0xd8, 0x60, 0x30, 0xff, 0xd0, 0x58, 0x28, 0xff, 0xd0, 0x58, 0x28, 0xff,
    0xd0, 0x58, 0x30, 0xff, 0xd0, 0x58, 0x28, 0xff, 0xd8, 0x5c, 0x30, 0xff,
    0xd0, 0x58, 0x28, 0xff, 0xc8, 0x54, 0x28, 0xff, 0xd8, 0x5c, 0x30, 0xff,
    0xd0, 0x58, 0x30, 0xff, 0xd0, 0x58, 0x28, 0xff, 0xd0, 0x58, 0x28, 0xff,
    0xd0, 0x58, 0x28, 0xff, 0xd0, 0x58, 0x30, 0xff, 0xc8, 0x54, 0x28, 0xff,
    0xc8, 0x50, 0x28, 0xff, 0xd0, 0x5c, 0x30, 0xff, 0xd0, 0x58, 0x30, 0xff,
    0xd0, 0x58, 0x28, 0xff, 0xd0, 0x58, 0x30, 0xff, 0xd0, 0x58, 0x30, 0xff,
    0xc8, 0x50, 0x28, 0xff, 0xb8, 0x48, 0x20, 0xff, 0xc0, 0x4c, 0x28, 0xff,
    0xc0, 0x50, 0x28, 0xff, 0xc8, 0x50, 0x28, 0xff, 0xc8, 0x54, 0x28, 0xff,
    0xd0, 0x58, 0x28, 0xff, 0xd0, 0x58, 0x30, 0xff, 0xd0, 0x58, 0x30, 0xff,
    0xd0, 0x58, 0x30, 0xff, 0xd0, 0x5c, 0x30, 0xff, 0xd8, 0x5c, 0x30, 0xff,
    0xd8, 0x5c, 0x30, 0xff, 0xd8, 0x5c, 0x30, 0xff, 0xd8, 0x5c, 0x30, 0xff,
    0xe0, 0x68, 0x38, 0xff, 0xe8, 0x64, 0x38, 0xff, 0xe0, 0x68, 0x38, 0xff,
    0xe0, 0x68, 0x38, 0xff, 0xe8, 0x68, 0x38, 0xff, 0xe8, 0x68, 0x38, 0xff,
    0xe8, 0x68, 0x38, 0xff, 0xe8, 0x68, 0x38, 0xff, 0xe8, 0x68, 0x38, 0xff,
    0xe8, 0x68, 0x38, 0xff, 0xe8, 0x68, 0x38, 0xff, 0xe8, 0x68, 0x38, 0xff,
    0xe8, 0x64, 0x38, 0xff, 0xe8, 0x68, 0x38, 0xff, 0xe8, 0x68, 0x38, 0xff,
    0xe8, 0x68, 0x38, 0xff, 0xe8, 0x68, 0x38, 0xff, 0xe8, 0x68, 0x38, 0xff,
    0xe8, 0x68, 0x38, 0xff, 0xe8, 0x68, 0x38, 0xff, 0xe8, 0x68, 0x38, 0xff,
    0xe8, 0x68, 0x38, 0xff, 0xe8, 0x68, 0x38, 0xff, 0xe8, 0x68, 0x38, 0xff,
    0xe8, 0x68, 0x38, 0xff, 0xe8, 0x68, 0x38, 0xff, 0xe8, 0x68, 0x38, 0xff,
    0xe8, 0x68, 0x38, 0xff, 0xe8, 0x68, 0x38, 0xff, 0xe8, 0x68, 0x38, 0xff,
    0xe8, 0x68, 0x38, 0xff, 0xe8, 0x68, 0x38, 0xff, 0xe8, 0x68, 0x38, 0xff,
    0xe8, 0x68, 0x38, 0xff, 0xe8, 0x68, 0x38, 0xff, 0xe8, 0x68, 0x38, 0xff,
    0xe8, 0x68, 0x38, 0xff, 0xe8, 0x68, 0x38, 0xff, 0xe8, 0x68, 0x38, 0xff,
    0xe8, 0x68, 0x38, 0xff, 0xe8, 0x68, 0x38, 0xff, 0xe8, 0x68, 0x38, 0xff,
    0xe8, 0x68, 0x38, 0xff, 0xe8, 0x68, 0x38, 0xff, 0xe8, 0x68, 0x38, 0xff,
    0xe8, 0x68, 0x38, 0xff, 0xe8, 0x6c, 0x38, 0xff, 0xe0, 0x64, 0x38, 0xff,
    0xd8, 0x58, 0x28, 0xff, 0xd8, 0x5c, 0x30, 0xff, 0xd8, 0x5c, 0x30, 0xff,
    0xd8, 0x5c, 0x30, 0xff, 0xd8, 0x5c, 0x30, 0xff, 0xe0, 0x60, 0x30, 0xff,
    0xe8, 0x68, 0x38, 0xff, 0xe8, 0x68, 0x38, 0xff, 0xe8, 0x68, 0x38, 0xff,
    0xe8, 0x68, 0x38, 0xff, 0xe8, 0x68, 0x38, 0xff, 0xe8, 0x68, 0x38, 0xff,
    0xe8, 0x68, 0x38, 0xff, 0xe8, 0x68, 0x38, 0xff, 0xe8, 0x68, 0x38, 0xff,
    0xe8, 0x68, 0x38, 0xff, 0xe8, 0x68, 0x38, 0xff, 0xe8, 0x68, 0x38, 0xff,
    0xe8, 0x68, 0x38, 0xff, 0xe8, 0x68, 0x38, 0xff, 0xe8, 0x68, 0x38, 0xff,
    0xe8, 0x68, 0x38, 0xff, 0xe8, 0x68, 0x38, 0xff, 0xe8, 0x68, 0x38, 0xff,
    0xe8, 0x68, 0x38, 0xff, 0xe8, 0x68, 0x38, 0xff, 0xe8, 0x68, 0x38, 0xff,
    0xe8, 0x68, 0x38, 0xff, 0xe8, 0x68, 0x38, 0xff, 0xe8, 0x68, 0x40, 0xff,
    0xe8, 0x68, 0x38, 0xff, 0xe8, 0x68, 0x38, 0xff, 0xe8, 0x68, 0x38, 0xff,
    0xe8, 0x68, 0x38, 0xff, 0xe8, 0x68, 0x38, 0xff, 0xe8, 0x68, 0x38, 0xff,
    0xe8, 0x68, 0x38, 0xff, 0xe8, 0x68, 0x38, 0xff, 0xe8, 0x68, 0x38, 0xff,
    0xe8, 0x68, 0x38, 0xff, 0xe8, 0x68, 0x38, 0xff, 0xe8, 0x68, 0x38, 0xff,
    0xe8, 0x68, 0x38, 0xff, 0xe8, 0x68, 0x38, 0xff, 0xe0, 0x68, 0x38, 0xff,
    0xe0, 0x68, 0x38, 0xff, 0xe0, 0x68, 0x38, 0xff, 0xe8, 0x68, 0x38, 0xff,
    0xd8, 0x5c, 0x30, 0xff, 0xc8, 0x54, 0x28, 0xff, 0xc8, 0x54, 0x28, 0xff,
    0xc8, 0x50, 0x28, 0xff, 0xc0, 0x50, 0x28, 0xff, 0xc0, 0x50, 0x28, 0xff,
    0xc0, 0x50, 0x28, 0xff, 0xc0, 0x4c, 0x28, 0xff, 0xb8, 0x4c, 0x20, 0xff,
    0xb8, 0x4c, 0x28, 0xff, 0xb8, 0x48, 0x28, 0xff, 0xb8, 0x48, 0x28, 0xff,
    0xb0, 0x48, 0x20, 0xff, 0xb0, 0x48, 0x20, 0xff, 0xa8, 0x44, 0x20, 0xff,
    0xa8, 0x44, 0x28, 0xff, 0xa8, 0x44, 0x20, 0xff, 0xa0, 0x40, 0x20, 0xff,
    0x98, 0x40, 0x20, 0xff, 0x98, 0x40, 0x20, 0xff, 0x98, 0x3c, 0x20, 0xff,
    0x90, 0x3c, 0x20, 0xff, 0x88, 0x38, 0x20, 0xff, 0x88, 0x38, 0x20, 0xff,
    0x80, 0x38, 0x18, 0xff, 0x80, 0x38, 0x20, 0xff, 0x78, 0x34, 0x18, 0xff,
    0x78, 0x34, 0x18, 0xff, 0x70, 0x30, 0x18, 0xff, 0x68, 0x2c, 0x18, 0xff,
    0x80, 0x38, 0x20, 0xff, 0x78, 0x34, 0x18, 0xff, 0x80, 0x38, 0x20, 0xff,
    0x80, 0x38, 0x20, 0xff, 0x80, 0x38, 0x20, 0xff, 0x88, 0x38, 0x20, 0xff,
    0x88, 0x38, 0x20, 0xff, 0x88, 0x38, 0x20, 0xff, 0x88, 0x38, 0x20, 0xff,
    0x80, 0x38, 0x18, 0xff, 0x88, 0x38, 0x20, 0xff, 0xb0, 0x48, 0x28, 0xff,
    0xb0, 0x48, 0x28, 0xff, 0xb0, 0x48, 0x28, 0xff, 0xb0, 0x48, 0x20, 0xff,
    0xb8, 0x48, 0x28, 0xff, 0xb8, 0x4c, 0x28, 0xff, 0xb0, 0x48, 0x28, 0xff,
    0xb8, 0x4c, 0x28, 0xff, 0xb8, 0x48, 0x28, 0xff, 0xb8, 0x4c, 0x28, 0xff,
    0xb8, 0x4c, 0x28, 0xff, 0xc0, 0x4c, 0x28, 0xff, 0xc0, 0x4c, 0x28, 0xff,
    0xc0, 0x4c, 0x28, 0xff, 0xc0, 0x4c, 0x28, 0xff, 0xb8, 0x4c, 0x28, 0xff,
    0xc0, 0x4c, 0x28, 0xff, 0xc0, 0x4c, 0x28, 0xff, 0xb8, 0x4c, 0x28, 0xff,
    0xc0, 0x4c, 0x28, 0xff, 0xb8, 0x4c, 0x20, 0xff, 0xc0, 0x50, 0x28, 0xff,
    0xc0, 0x50, 0x28, 0xff, 0xc0, 0x50, 0x28, 0xff, 0xb8, 0x4c, 0x28, 0xff,
    0xc0, 0x50, 0x28, 0xff, 0xc0, 0x50, 0x28, 0xff, 0xc0, 0x4c, 0x28, 0xff,
    0xc0, 0x4c, 0x28, 0xff, 0xc0, 0x50, 0x28, 0xff, 0xc0, 0x50, 0x28, 0xff,
    0xb8, 0x4c, 0x28, 0xff, 0xc8, 0x50, 0x28, 0xff, 0xd8, 0x5c, 0x28, 0xff,
    0xd0, 0x5c, 0x30, 0xff, 0xd8, 0x5c, 0x28, 0xff, 0xd0, 0x5c, 0x30, 0xff,
    0xd8, 0x5c, 0x30, 0xff, 0xd8, 0x5c, 0x30, 0xff, 0xd0, 0x58, 0x30, 0xff,
    0xd0, 0x58, 0x28, 0xff, 0xd0, 0x58, 0x30, 0xff, 0xd0, 0x5c, 0x30, 0xff,
    0xd8, 0x60, 0x30, 0xff, 0xd0, 0x58, 0x28, 0xff, 0xc8, 0x54, 0x28, 0xff,
    0xd8, 0x5c, 0x30, 0xff, 0xd0, 0x5c, 0x30, 0xff, 0xd0, 0x58, 0x30, 0xff,
    0xd0, 0x58, 0x28, 0xff, 0xd0, 0x58, 0x30, 0xff, 0xd8, 0x5c, 0x30, 0xff,
    0xc8, 0x54, 0x28, 0xff, 0xc8, 0x50, 0x28, 0xff, 0xd8, 0x5c, 0x30, 0xff,
    0xd0, 0x5c, 0x28, 0xff, 0xd0, 0x58, 0x30, 0xff, 0xd0, 0x58, 0x28, 0xff,
    0xd0, 0x58, 0x30, 0xff, 0xc8, 0x54, 0x28, 0xff, 0xc0, 0x4c, 0x20, 0xff,
    0xc0, 0x50, 0x28, 0xff, 0xc8, 0x50, 0x28, 0xff, 0xc8, 0x54, 0x28, 0xff,
    0xd0, 0x58, 0x28, 0xff, 0xd0, 0x54, 0x28, 0xff, 0xd0, 0x58, 0x30, 0xff,
    0xd0, 0x5c, 0x30, 0xff, 0xd0, 0x5c, 0x30, 0xff, 0xd8, 0x5c, 0x30, 0xff,
    0xd8, 0x5c, 0x30, 0xff, 0xd8, 0x5c, 0x30, 0xff, 0xd8, 0x5c, 0x30, 0xff,
    0xd8, 0x60, 0x30, 0xff, 0xe0, 0x68, 0x38, 0xff, 0xe8, 0x68, 0x38, 0xff,
    0xe8, 0x68, 0x38, 0xff, 0xe8, 0x68, 0x38, 0xff, 0xe8, 0x68, 0x38, 0xff,
    0xe8, 0x68, 0x38, 0xff, 0xe8, 0x68, 0x38, 0xff, 0xe8, 0x68, 0x38, 0xff,
    0xe8, 0x68, 0x38, 0xff, 0xe8, 0x68, 0x38, 0xff, 0xe8, 0x68, 0x38, 0xff,
    0xe8, 0x68, 0x38, 0xff, 0xe8, 0x68, 0x38, 0xff, 0xe8, 0x6c, 0x38, 0xff,
    0xe8, 0x6c, 0x38, 0xff, 0xe8, 0x6c, 0x38, 0xff, 0xe8, 0x6c, 0x38, 0xff,
    0xe8, 0x6c, 0x38, 0xff, 0xe8, 0x68, 0x38, 0xff, 0xe8, 0x6c, 0x38, 0xff,
    0xe8, 0x68, 0x38, 0xff, 0xe8, 0x68, 0x38, 0xff, 0xe8, 0x6c, 0x38, 0xff,
    0xe8, 0x6c, 0x38, 0xff, 0xe8, 0x68, 0x38, 0xff, 0xe8, 0x6c, 0x38, 0xff,
    0xe8, 0x6c, 0x38, 0xff, 0xe8, 0x68, 0x38, 0xff, 0xe8, 0x6c, 0x38, 0xff,
    0xe8, 0x6c, 0x38, 0xff, 0xe8, 0x6c, 0x38, 0xff, 0xe8, 0x6c, 0x38, 0xff,
    0xe8, 0x68, 0x38, 0xff, 0xe8, 0x6c, 0x38, 0xff, 0xe8, 0x6c, 0x38, 0xff,
    0xe8, 0x68, 0x38, 0xff, 0xe8, 0x6c, 0x38, 0xff, 0xe8, 0x6c, 0x38, 0xff,
    0xe8, 0x68, 0x38, 0xff, 0xe8, 0x6c, 0x38, 0xff, 0xe8, 0x6c, 0x38, 0xff,
    0xe8, 0x68, 0x38, 0xff, 0xe8, 0x6c, 0x38, 0xff, 0xe8, 0x6c, 0x38, 0xff,
    0xe8, 0x6c, 0x38, 0xff, 0xe8, 0x68, 0x38, 0xff, 0xe8, 0x6c, 0x38, 0xff,
    0xe8, 0x68, 0x38, 0xff, 0xd8, 0x5c, 0x30, 0xff, 0xd8, 0x5c, 0x30, 0xff,
    0xd8, 0x60, 0x30, 0xff, 0xd8, 0x60, 0x30, 0xff, 0xd8, 0x5c, 0x30, 0xff,
    0xe0, 0x60, 0x30, 0xff, 0xe8, 0x68, 0x38, 0xff, 0xe8, 0x6c, 0x40, 0xff,
    0xe8, 0x68, 0x38, 0xff, 0xe8, 0x6c, 0x38, 0xff, 0xe8, 0x6c, 0x38, 0xff,
    0xe8, 0x68, 0x38, 0xff, 0xe8, 0x6c, 0x38, 0xff, 0xe8, 0x6c, 0x38, 0xff,
    0xe8, 0x6c, 0x38, 0xff, 0xe8, 0x68, 0x40, 0xff, 0xe8, 0x6c, 0x38, 0xff,
    0xe8, 0x6c, 0x38, 0xff, 0xe8, 0x6c, 0x40, 0xff, 0xe8, 0x6c, 0x38, 0xff,
    0xe8, 0x68, 0x38, 0xff, 0xe8, 0x6c, 0x40, 0xff, 0xe8, 0x6c, 0x38, 0xff,
    0xe8, 0x6c, 0x38, 0xff, 0xe8, 0x6c, 0x38, 0xff, 0xe8, 0x6c, 0x40, 0xff,
    0xe8, 0x6c, 0x38, 0xff, 0xe8, 0x68, 0x38, 0xff, 0xe8, 0x6c, 0x38, 0xff,
    0xe8, 0x6c, 0x38, 0xff, 0xe8, 0x68, 0x38, 0xff, 0xe8, 0x6c, 0x38, 0xff,
    0xe8, 0x6c, 0x38, 0xff, 0xe8, 0x6c, 0x40, 0xff, 0xe8, 0x68, 0x38, 0xff,
    0xe8, 0x68, 0x38, 0xff, 0xe8, 0x6c, 0x38, 0xff, 0xe8, 0x6c, 0x38, 0xff,
    0xe8, 0x6c, 0x38, 0xff, 0xe8, 0x68, 0x38, 0xff, 0xe8, 0x68, 0x38, 0xff,
    0xe8, 0x68, 0x38, 0xff, 0xe8, 0x68, 0x38, 0xff, 0xe8, 0x68, 0x38, 0xff,
    0xe8, 0x68, 0x38, 0xff, 0xe0, 0x68, 0x40, 0xff, 0xe8, 0x68, 0x38, 0xff,
    0xe8, 0x6c, 0x40, 0xff, 0xd8, 0x60, 0x38, 0xff, 0xc8, 0x54, 0x28, 0xff,
    0xd0, 0x54, 0x28, 0xff, 0xc8, 0x54, 0x28, 0xff, 0xc8, 0x50, 0x28, 0xff,
    0xc0, 0x50, 0x28, 0xff, 0xc0, 0x4c, 0x28, 0xff, 0xc0, 0x4c, 0x20, 0xff,
    0xb8, 0x4c, 0x28, 0xff, 0xb8, 0x4c, 0x20, 0xff, 0xb8, 0x48, 0x28, 0xff,
    0xb8, 0x4c, 0x20, 0xff, 0xb0, 0x48, 0x28, 0xff, 0xb0, 0x48, 0x20, 0xff,
    0xb0, 0x44, 0x20, 0xff, 0xa8, 0x40, 0x20, 0xff, 0xa8, 0x44, 0x20, 0xff,
    0xa0, 0x40, 0x20, 0xff, 0x98, 0x40, 0x20, 0xff, 0x98, 0x40, 0x20, 0xff,
    0x98, 0x3c, 0x20, 0xff, 0x90, 0x40, 0x20, 0xff, 0x90, 0x3c, 0x20, 0xff,
    0x88, 0x38, 0x20, 0xff, 0x88, 0x38, 0x20, 0xff, 0x80, 0x38, 0x20, 0xff,
    0x80, 0x34, 0x20, 0xff, 0x78, 0x34, 0x20, 0xff, 0x70, 0x30, 0x18, 0xff,
    0x68, 0x2c, 0x18, 0xff, 0x80, 0x38, 0x20, 0xff, 0x70, 0x30, 0x18, 0xff,
    0x80, 0x38, 0x20, 0xff, 0x80, 0x38, 0x20, 0xff, 0x88, 0x38, 0x20, 0xff,
    0x88, 0x38, 0x18, 0xff, 0x88, 0x38, 0x18, 0xff, 0x88, 0x3c, 0x20, 0xff,
    0x90, 0x38, 0x20, 0xff, 0x80, 0x38, 0x18, 0xff, 0x88, 0x3c, 0x20, 0xff,
    0xb0, 0x48, 0x28, 0xff, 0xb0, 0x48, 0x28, 0xff, 0xb0, 0x48, 0x28, 0xff,
    0xb0, 0x48, 0x28, 0xff, 0xb8, 0x48, 0x28, 0xff, 0xb8, 0x4c, 0x28, 0xff,
    0xb8, 0x4c, 0x20, 0xff, 0xb8, 0x4c, 0x28, 0xff, 0xb8, 0x4c, 0x28, 0xff,
    0xb8, 0x4c, 0x20, 0xff, 0xc0, 0x4c, 0x28, 0xff, 0xc0, 0x4c, 0x20, 0xff,
    0xb8, 0x4c, 0x20, 0xff, 0xc0, 0x4c, 0x28, 0xff, 0xc0, 0x4c, 0x20, 0xff,
    0xc0, 0x4c, 0x28, 0xff, 0xc0, 0x4c, 0x28, 0xff, 0xb8, 0x4c, 0x20, 0xff,
    0xc0, 0x50, 0x28, 0xff, 0xc0, 0x50, 0x28, 0xff, 0xc0, 0x50, 0x28, 0xff,
    0xb8, 0x4c, 0x28, 0xff, 0xc0, 0x4c, 0x28, 0xff, 0xc0, 0x50, 0x28, 0xff,
    0xb8, 0x4c, 0x28, 0xff, 0xc0, 0x50, 0x28, 0xff, 0xc0, 0x50, 0x28, 0xff,
    0xb8, 0x4c, 0x28, 0xff, 0xc0, 0x50, 0x28, 0xff, 0xc0, 0x50, 0x28, 0xff,
    0xc0, 0x50, 0x28, 0xff, 0xb8, 0x4c, 0x28, 0xff, 0xc8, 0x50, 0x28, 0xff,
    0xd8, 0x5c, 0x30, 0xff, 0xd8, 0x5c, 0x30, 0xff, 0xd0, 0x5c, 0x30, 0xff,
    0xd8, 0x5c, 0x28, 0xff, 0xd8, 0x5c, 0x30, 0xff, 0xd8, 0x60, 0x30, 0xff,
    0xd0, 0x5c, 0x28, 0xff, 0xd0, 0x58, 0x30, 0xff, 0xd0, 0x58, 0x30, 0xff,
    0xd0, 0x5c, 0x28, 0xff, 0xd8, 0x60, 0x30, 0xff, 0xd0, 0x58, 0x30, 0xff,
    0xc8, 0x54, 0x28, 0xff, 0xd8, 0x60, 0x30, 0xff, 0xd8, 0x5c, 0x30, 0xff,
    0xd0, 0x5c, 0x28, 0xff, 0xd0, 0x58, 0x30, 0xff, 0xd0, 0x5c, 0x30, 0xff,
    0xd8, 0x5c, 0x30, 0xff, 0xc8, 0x54, 0x28, 0xff, 0xc8, 0x50, 0x28, 0xff,
    0xd8, 0x5c, 0x30, 0xff, 0xd8, 0x5c, 0x30, 0xff, 0xd0, 0x5c, 0x28, 0xff,
    0xd0, 0x58, 0x30, 0xff, 0xd0, 0x58, 0x28, 0xff, 0xc8, 0x54, 0x28, 0xff,
    0xc0, 0x4c, 0x28, 0xff, 0xc8, 0x54, 0x28, 0xff, 0xc8, 0x54, 0x28, 0xff,
    0xc8, 0x54, 0x28, 0xff, 0xd0, 0x58, 0x28, 0xff, 0xd0, 0x58, 0x30, 0xff,
    0xd0, 0x58, 0x30, 0xff, 0xd0, 0x5c, 0x28, 0xff, 0xd8, 0x5c, 0x30, 0xff,
    0xd8, 0x5c, 0x30, 0xff, 0xd8, 0x5c, 0x30, 0xff, 0xd8, 0x60, 0x30, 0xff,
    0xd8, 0x5c, 0x30, 0xff, 0xd8, 0x5c, 0x30, 0xff, 0xe0, 0x64, 0x38, 0xff,
    0xe0, 0x68, 0x38, 0xff, 0xe0, 0x64, 0x38, 0xff, 0xe0, 0x68, 0x38, 0xff,
    0xe0, 0x64, 0x38, 0xff, 0xe0, 0x68, 0x38, 0xff, 0xe0, 0x68, 0x38, 0xff,
    0xe0, 0x64, 0x38, 0xff, 0xe0, 0x68, 0x38, 0xff, 0xe0, 0x68, 0x38, 0xff,
    0xe0, 0x68, 0x38, 0xff, 0xe0, 0x68, 0x38, 0xff, 0xe0, 0x68, 0x38, 0xff,
    0xe8, 0x68, 0x38, 0xff, 0xe8, 0x68, 0x38, 0xff, 0xe8, 0x68, 0x40, 0xff,
    0xe8, 0x68, 0x38, 0xff, 0xe0, 0x68, 0x38, 0xff, 0xe8, 0x68, 0x38, 0xff,
    0xe8, 0x68, 0x40, 0xff, 0xe8, 0x68, 0x38, 0xff, 0xe8, 0x68, 0x38, 0xff,
    0xe8, 0x68, 0x38, 0xff, 0xe8, 0x68, 0x38, 0xff, 0xe8, 0x68, 0x38, 0xff,
    0xe8, 0x68, 0x38, 0xff, 0xe8, 0x68, 0x38, 0xff, 0xe8, 0x68, 0x40, 0xff,
    0xe8, 0x68, 0x38, 0xff, 0xe8, 0x68, 0x38, 0xff, 0xe8, 0x68, 0x38, 0xff,
    0xe8, 0x68, 0x38, 0xff, 0xe8, 0x68, 0x38, 0xff, 0xe8, 0x68, 0x38, 0xff,
    0xe8, 0x68, 0x38, 0xff, 0xe8, 0x68, 0x38, 0xff, 0xe8, 0x68, 0x38, 0xff,
    0xe8, 0x68, 0x38, 0xff, 0xe8, 0x68, 0x40, 0xff, 0xe8, 0x68, 0x38, 0xff,
    0xe8, 0x6c, 0x38, 0xff, 0xe8, 0x68, 0x38, 0xff, 0xe8, 0x68, 0x40, 0xff,
    0xe8, 0x68, 0x38, 0xff, 0xe8, 0x68, 0x38, 0xff, 0xe8, 0x68, 0x38, 0xff,
    0xe8, 0x68, 0x40, 0xff, 0xe8, 0x68, 0x38, 0xff, 0xd8, 0x60, 0x30, 0xff,
    0xd8, 0x5c, 0x30, 0xff, 0xe0, 0x60, 0x30, 0xff, 0xd8, 0x60, 0x30, 0xff,
    0xd8, 0x60, 0x30, 0xff, 0xd8, 0x60, 0x30, 0xff, 0xe0, 0x68, 0x38, 0xff,
    0xe8, 0x6c, 0x38, 0xff, 0xe8, 0x68, 0x38, 0xff, 0xe8, 0x68, 0x38, 0xff,
    0xe0, 0x68, 0x38, 0xff, 0xe8, 0x68, 0x38, 0xff, 0xe8, 0x68, 0x40, 0xff,
    0xe0, 0x68, 0x38, 0xff, 0xe8, 0x68, 0x38, 0xff, 0xe8, 0x68, 0x38, 0xff,
    0xe8, 0x68, 0x38, 0xff, 0xe8, 0x68, 0x38, 0xff, 0xe8, 0x68, 0x38, 0xff,
    0xe8, 0x68, 0x38, 0xff, 0xe8, 0x68, 0x38, 0xff, 0xe8, 0x68, 0x38, 0xff,
    0xe8, 0x68, 0x38, 0xff, 0xe8, 0x68, 0x38, 0xff, 0xe8, 0x68, 0x38, 0xff,
    0xe8, 0x68, 0x38, 0xff, 0xe8, 0x68, 0x38, 0xff, 0xe8, 0x68, 0x38, 0xff,
    0xe8, 0x68, 0x40, 0xff, 0xe8, 0x68, 0x38, 0xff, 0xe8, 0x68, 0x38, 0xff,
    0xe8, 0x68, 0x38, 0xff, 0xe8, 0x68, 0x38, 0xff, 0xe8, 0x68, 0x38, 0xff,
    0xe0, 0x68, 0x38, 0xff, 0xe8, 0x68, 0x38, 0xff, 0xe8, 0x68, 0x38, 0xff,
    0xe8, 0x68, 0x38, 0xff, 0xe8, 0x68, 0x38, 0xff, 0xe8, 0x68, 0x38, 0xff,
    0xe0, 0x68, 0x38, 0xff, 0xe0, 0x68, 0x38, 0xff, 0xe0, 0x68, 0x38, 0xff,
    0xe0, 0x68, 0x38, 0xff, 0xe8, 0x68, 0x38, 0xff, 0xe0, 0x68, 0x38, 0xff,
    0xe0, 0x68, 0x38, 0xff, 0xe0, 0x68, 0x38, 0xff, 0xe0, 0x64, 0x38, 0xff,
    0xd0, 0x58, 0x30, 0xff, 0xc8, 0x54, 0x28, 0xff, 0xc8, 0x54, 0x28, 0xff,
    0xc8, 0x54, 0x28, 0xff, 0xc8, 0x50, 0x28, 0xff, 0xc0, 0x50, 0x28, 0xff,
    0xc0, 0x4c, 0x28, 0xff, 0xc0, 0x4c, 0x28, 0xff, 0xb8, 0x48, 0x28, 0xff,
    0xb8, 0x48, 0x20, 0xff, 0xb8, 0x4c, 0x20, 0xff, 0xb0, 0x48, 0x28, 0xff,
    0xb0, 0x48, 0x28, 0xff, 0xa8, 0x44, 0x20, 0xff, 0xa8, 0x44, 0x28, 0xff,
    0xa8, 0x44, 0x20, 0xff, 0xa0, 0x40, 0x20, 0xff, 0xa0, 0x40, 0x20, 0xff,
    0x98, 0x40, 0x20, 0xff, 0x98, 0x40, 0x20, 0xff, 0x90, 0x3c, 0x20, 0xff,
    0x90, 0x3c, 0x20, 0xff, 0x88, 0x3c, 0x20, 0xff, 0x88, 0x38, 0x18, 0xff,
    0x80, 0x38, 0x20, 0xff, 0x80, 0x34, 0x20, 0xff, 0x78, 0x34, 0x18, 0xff,
    0x70, 0x30, 0x18, 0xff, 0x68, 0x2c, 0x18, 0xff, 0x80, 0x3c, 0x20, 0xff,
    0x78, 0x34, 0x20, 0xff, 0x80, 0x38, 0x20, 0xff, 0x88, 0x38, 0x20, 0xff,
    0x88, 0x38, 0x20, 0xff, 0x88, 0x38, 0x20, 0xff, 0x88, 0x3c, 0x20, 0xff,
    0x90, 0x3c, 0x20, 0xff, 0x88, 0x3c, 0x20, 0xff, 0x80, 0x34, 0x18, 0xff,
    0x88, 0x3c, 0x20, 0xff, 0xb0, 0x4c, 0x28, 0xff, 0xb0, 0x48, 0x28, 0xff,
    0xb0, 0x4c, 0x28, 0xff, 0xb0, 0x4c, 0x28, 0xff, 0xb8, 0x4c, 0x28, 0xff,
    0xb8, 0x4c, 0x20, 0xff, 0xb8, 0x4c, 0x28, 0xff, 0xb8, 0x4c, 0x28, 0xff,
    0xb8, 0x4c, 0x20, 0xff, 0xc0, 0x4c, 0x28, 0xff, 0xc0, 0x4c, 0x28, 0xff,
    0xc0, 0x4c, 0x28, 0xff, 0xc0, 0x4c, 0x28, 0xff, 0xb8, 0x4c, 0x28, 0xff,
    0xc0, 0x50, 0x28, 0xff, 0xc0, 0x50, 0x28, 0xff, 0xc0, 0x50, 0x20, 0xff,
    0xc0, 0x4c, 0x28, 0xff, 0xc0, 0x50, 0x28, 0xff, 0xc0, 0x4c, 0x28, 0xff,
    0xc0, 0x4c, 0x28, 0xff, 0xc0, 0x50, 0x28, 0xff, 0xc0, 0x4c, 0x28, 0xff,
    0xc0, 0x4c, 0x28, 0xff, 0xc0, 0x50, 0x28, 0xff, 0xc0, 0x50, 0x28, 0xff,
    0xc0, 0x4c, 0x28, 0xff, 0xc0, 0x50, 0x28, 0xff, 0xc0, 0x4c, 0x28, 0xff,
    0xc0, 0x50, 0x28, 0xff, 0xc0, 0x50, 0x28, 0xff, 0xc0, 0x4c, 0x28, 0xff,
    0xc0, 0x50, 0x28, 0xff, 0xd8, 0x5c, 0x30, 0xff, 0xd8, 0x5c, 0x28, 0xff,
    0xd8, 0x5c, 0x30, 0xff, 0xd8, 0x5c, 0x30, 0xff, 0xd8, 0x5c, 0x30, 0xff,
    0xd8, 0x60, 0x30, 0xff, 0xd8, 0x5c, 0x28, 0xff, 0xd0, 0x58, 0x28, 0xff,
    0xd8, 0x5c, 0x30, 0xff, 0xd8, 0x5c, 0x30, 0xff, 0xe0, 0x60, 0x30, 0xff,
    0xd0, 0x58, 0x28, 0xff, 0xd0, 0x54, 0x28, 0xff, 0xe0, 0x60, 0x30, 0xff,
    0xd8, 0x5c, 0x30, 0xff, 0xd8, 0x5c, 0x30, 0xff, 0xd8, 0x58, 0x28, 0xff,
    0xd8, 0x5c, 0x28, 0xff, 0xd8, 0x5c, 0x30, 0xff, 0xc8, 0x58, 0x28, 0xff,
    0xc8, 0x54, 0x28, 0xff, 0xd8, 0x60, 0x30, 0xff, 0xd8, 0x5c, 0x30, 0xff,
    0xd8, 0x5c, 0x30, 0xff, 0xd8, 0x5c, 0x30, 0xff, 0xd8, 0x58, 0x30, 0xff,
    0xd0, 0x58, 0x28, 0xff, 0xc0, 0x50, 0x28, 0xff, 0xc8, 0x54, 0x28, 0xff,
    0xd0, 0x58, 0x30, 0xff, 0xd0, 0x54, 0x30, 0xff, 0xd0, 0x54, 0x28, 0xff,
    0xd0, 0x58, 0x30, 0xff, 0xd0, 0x58, 0x30, 0xff, 0xd8, 0x5c, 0x30, 0xff,
    0xd8, 0x5c, 0x30, 0xff, 0xd8, 0x5c, 0x30, 0xff, 0xd8, 0x5c, 0x30, 0xff,
    0xd8, 0x60, 0x30, 0xff, 0xd8, 0x60, 0x30, 0xff, 0xd8, 0x5c, 0x30, 0xff,
    0xe0, 0x60, 0x30, 0xff, 0xe0, 0x68, 0x38, 0xff, 0xe8, 0x68, 0x38, 0xff,
    0xe8, 0x68, 0x38, 0xff, 0xe0, 0x68, 0x38, 0xff, 0xe0, 0x64, 0x38, 0xff,
    0xe8, 0x68, 0x38, 0xff, 0xe0, 0x68, 0x38, 0xff, 0xe8, 0x68, 0x38, 0xff,
    0xe8, 0x64, 0x38, 0xff, 0xe0, 0x68, 0x38, 0xff, 0xe8, 0x64, 0x38, 0xff,
    0xe0, 0x68, 0x38, 0xff, 0xe8, 0x68, 0x38, 0xff, 0xe8, 0x68, 0x38, 0xff,
    0xe8, 0x68, 0x38, 0xff, 0xe8, 0x68, 0x38, 0xff, 0xe8, 0x68, 0x40, 0xff,
    0xe8, 0x68, 0x38, 0xff, 0xe8, 0x68, 0x38, 0xff, 0xe8, 0x6c, 0x38, 0xff,
    0xe8, 0x68, 0x38, 0xff, 0xe8, 0x68, 0x40, 0xff, 0xe8, 0x68, 0x38, 0xff,
    0xe8, 0x68, 0x38, 0xff, 0xe8, 0x68, 0x40, 0xff, 0xe8, 0x68, 0x38, 0xff,
    0xe8, 0x68, 0x38, 0xff, 0xe8, 0x68, 0x40, 0xff, 0xe8, 0x68, 0x38, 0xff,
    0xe8, 0x68, 0x40, 0xff, 0xe8, 0x68, 0x38, 0xff, 0xe8, 0x68, 0x38, 0xff,
    0xe8, 0x68, 0x40, 0xff, 0xe8, 0x68, 0x38, 0xff, 0xe8, 0x68, 0x38, 0xff,
    0xe8, 0x68, 0x38, 0xff, 0xe8, 0x68, 0x38, 0xff, 0xe8, 0x68, 0x40, 0xff,
    0xe8, 0x68, 0x38, 0xff, 0xe8, 0x68, 0x38, 0xff, 0xe8, 0x68, 0x40, 0xff,
    0xe8, 0x68, 0x38, 0xff, 0xe8, 0x68, 0x38, 0xff, 0xe8, 0x68, 0x40, 0xff,
    0xe8, 0x68, 0x38, 0xff, 0xe8, 0x68, 0x38, 0xff, 0xe8, 0x6c, 0x38, 0xff,
    0xe0, 0x64, 0x38, 0xff, 0xd8, 0x5c, 0x30, 0xff, 0xe0, 0x60, 0x30, 0xff,
    0xe0, 0x60, 0x30, 0xff, 0xd8, 0x60, 0x30, 0xff, 0xe0, 0x60, 0x30, 0xff,
    0xe0, 0x64, 0x38, 0xff, 0xe8, 0x6c, 0x38, 0xff, 0xe8, 0x6c, 0x38, 0xff,
    0xe8, 0x68, 0x40, 0xff, 0xe8, 0x68, 0x38, 0xff, 0xe8, 0x68, 0x38, 0xff,
    0xe8, 0x68, 0x38, 0xff, 0xe8, 0x68, 0x38, 0xff, 0xe8, 0x68, 0x38, 0xff,
    0xe8, 0x6c, 0x38, 0xff, 0xe8, 0x6c, 0x38, 0xff, 0xe8, 0x68, 0x38, 0xff,
    0xe8, 0x6c, 0x38, 0xff, 0xe8, 0x68, 0x38, 0xff, 0xe8, 0x68, 0x38, 0xff,
    0xe8, 0x68, 0x38, 0xff, 0xe8, 0x68, 0x38, 0xff, 0xe8, 0x68, 0x40, 0xff,
    0xe8, 0x68, 0x38, 0xff, 0xe8, 0x68, 0x38, 0xff, 0xe8, 0x68, 0x38, 0xff,
    0xe8, 0x6c, 0x38, 0xff, 0xe8, 0x68, 0x38, 0xff, 0xe8, 0x68, 0x38, 0xff,
    0xe8, 0x68, 0x38, 0xff, 0xe8, 0x68, 0x40, 0xff, 0xe8, 0x68, 0x38, 0xff,
    0xe8, 0x68, 0x38, 0xff, 0xe8, 0x68, 0x38, 0xff, 0xe8, 0x68, 0x38, 0xff,
    0xe8, 0x68, 0x40, 0xff, 0xe8, 0x68, 0x38, 0xff, 0xe8, 0x68, 0x38, 0xff,
    0xe8, 0x68, 0x38, 0xff, 0xe8, 0x68, 0x38, 0xff, 0xe8, 0x68, 0x38, 0xff,
    0xe8, 0x68, 0x38, 0xff, 0xe8, 0x68, 0x38, 0xff, 0xe8, 0x68, 0x38, 0xff,
    0xe0, 0x68, 0x38, 0xff, 0xe0, 0x68, 0x38, 0xff, 0xe8, 0x68, 0x38, 0xff,
    0xe8, 0x68, 0x38, 0xff, 0xd8, 0x5c, 0x30, 0xff, 0xc8, 0x54, 0x28, 0xff,
    0xc8, 0x54, 0x28, 0xff, 0xc8, 0x54, 0x28, 0xff, 0xc8, 0x50, 0x28, 0xff,
    0xc0, 0x50, 0x28, 0xff, 0xc0, 0x50, 0x28, 0xff, 0xc0, 0x4c, 0x20, 0xff,
    0xb8, 0x4c, 0x28, 0xff, 0xb8, 0x48, 0x20, 0xff, 0xb8, 0x48, 0x28, 0xff,
    0xb8, 0x48, 0x20, 0xff, 0xb0, 0x44, 0x20, 0xff, 0xa8, 0x44, 0x28, 0xff,
    0xa8, 0x44, 0x20, 0xff, 0xa0, 0x44, 0x20, 0xff, 0xa0, 0x40, 0x28, 0xff,
    0xa0, 0x40, 0x20, 0xff, 0x98, 0x40, 0x20, 0xff, 0x98, 0x3c, 0x20, 0xff,
    0x90, 0x3c, 0x20, 0xff, 0x90, 0x3c, 0x20, 0xff, 0x88, 0x3c, 0x20, 0xff,
    0x88, 0x38, 0x20, 0xff, 0x88, 0x38, 0x20, 0xff, 0x80, 0x38, 0x20, 0xff,
    0x80, 0x34, 0x20, 0xff, 0x70, 0x30, 0x18, 0xff, 0x68, 0x2c, 0x18, 0xff,
    0x88, 0x38, 0x20, 0xff, 0x78, 0x34, 0x18, 0xff, 0x80, 0x38, 0x20, 0xff,
    0x88, 0x3c, 0x20, 0xff, 0x88, 0x38, 0x20, 0xff, 0x88, 0x3c, 0x20, 0xff,
    0x88, 0x38, 0x20, 0xff, 0x90, 0x3c, 0x20, 0xff, 0x90, 0x3c, 0x20, 0xff,
    0x80, 0x34, 0x18, 0xff, 0x88, 0x3c, 0x20, 0xff, 0xb0, 0x4c, 0x28, 0xff,
    0xb0, 0x48, 0x28, 0xff, 0xb0, 0x4c, 0x28, 0xff, 0xb0, 0x48, 0x28, 0xff,
    0xb8, 0x4c, 0x28, 0xff, 0xb8, 0x4c, 0x28, 0xff, 0xb8, 0x4c, 0x28, 0xff,
    0xb8, 0x4c, 0x28, 0xff, 0xb8, 0x4c, 0x28, 0xff, 0xb8, 0x4c, 0x28, 0xff,
    0xb8, 0x4c, 0x28, 0xff, 0xc0, 0x4c, 0x28, 0xff, 0xc0, 0x4c, 0x28, 0xff,
    0xc0, 0x4c, 0x28, 0xff, 0xb8, 0x50, 0x28, 0xff, 0xc0, 0x4c, 0x28, 0xff,
    0xc0, 0x4c, 0x28, 0xff, 0xc0, 0x50, 0x28, 0xff, 0xc0, 0x4c, 0x28, 0xff,
    0xc0, 0x4c, 0x28, 0xff, 0xc0, 0x50, 0x28, 0xff, 0xc0, 0x50, 0x28, 0xff,
    0xc0, 0x50, 0x28, 0xff, 0xc0, 0x4c, 0x28, 0xff, 0xc0, 0x50, 0x28, 0xff,
    0xc0, 0x4c, 0x28, 0xff, 0xc0, 0x50, 0x28, 0xff, 0xc0, 0x4c, 0x28, 0xff,
    0xc0, 0x4c, 0x28, 0xff, 0xc0, 0x50, 0x28, 0xff, 0xc0, 0x50, 0x28, 0xff,
    0xc0, 0x4c, 0x28, 0xff, 0xc8, 0x50, 0x28, 0xff, 0xd8, 0x5c, 0x28, 0xff,
    0xd8, 0x5c, 0x30, 0xff, 0xd8, 0x5c, 0x30, 0xff, 0xd0, 0x5c, 0x30, 0xff,
    0xd8, 0x5c, 0x30, 0xff, 0xd8, 0x5c, 0x30, 0xff, 0xd8, 0x5c, 0x30, 0xff,
    0xd0, 0x58, 0x28, 0xff, 0xd0, 0x58, 0x28, 0xff, 0xd8, 0x5c, 0x30, 0xff,
    0xe0, 0x60, 0x30, 0xff, 0xd0, 0x58, 0x30, 0xff, 0xd0, 0x58, 0x28, 0xff,
    0xd8, 0x60, 0x30, 0xff, 0xd8, 0x5c, 0x30, 0xff, 0xd0, 0x5c, 0x30, 0xff,
    0xd8, 0x5c, 0x28, 0xff, 0xd0, 0x5c, 0x30, 0xff, 0xd8, 0x5c, 0x30, 0xff,
    0xd0, 0x54, 0x28, 0xff, 0xc8, 0x54, 0x28, 0xff, 0xd8, 0x5c, 0x30, 0xff,
    0xd8, 0x5c, 0x28, 0xff, 0xd0, 0x5c, 0x30, 0xff, 0xd8, 0x5c, 0x30, 0xff,
    0xd8, 0x5c, 0x28, 0xff, 0xd0, 0x54, 0x28, 0xff, 0xc8, 0x50, 0x28, 0xff,
    0xc8, 0x54, 0x28, 0xff, 0xd0, 0x54, 0x28, 0xff, 0xd0, 0x58, 0x28, 0xff,
    0xd0, 0x58, 0x30, 0xff, 0xd0, 0x5c, 0x28, 0xff, 0xd0, 0x58, 0x28, 0xff,
    0xd8, 0x5c, 0x30, 0xff, 0xd8, 0x5c, 0x30, 0xff, 0xd8, 0x5c, 0x30, 0xff,
    0xd8, 0x60, 0x30, 0xff, 0xd8, 0x5c, 0x30, 0xff, 0xd8, 0x5c, 0x30, 0xff,
    0xd8, 0x5c, 0x30, 0xff, 0xd8, 0x60, 0x30, 0xff, 0xe0, 0x64, 0x38, 0xff,
    0xe8, 0x68, 0x38, 0xff, 0xe0, 0x68, 0x38, 0xff, 0xe8, 0x68, 0x38, 0xff,
    0xe8, 0x68, 0x38, 0xff, 0xe0, 0x68, 0x38, 0xff, 0xe8, 0x68, 0x38, 0xff,
    0xe0, 0x64, 0x38, 0xff, 0xe8, 0x68, 0x38, 0xff, 0xe8, 0x68, 0x38, 0xff,
    0xe0, 0x64, 0x38, 0xff, 0xe0, 0x68, 0x38, 0xff, 0xe8, 0x68, 0x38, 0xff,
    0xe8, 0x68, 0x38, 0xff, 0xe8, 0x68, 0x38, 0xff, 0xe8, 0x6c, 0x38, 0xff,
    0xe8, 0x68, 0x38, 0xff, 0xe8, 0x6c, 0x38, 0xff, 0xe8, 0x68, 0x38, 0xff,
    0xe8, 0x68, 0x38, 0xff, 0xe8, 0x6c, 0x38, 0xff, 0xe8, 0x68, 0x38, 0xff,
    0xe8, 0x6c, 0x38, 0xff, 0xe8, 0x68, 0x38, 0xff, 0xe0, 0x68, 0x38, 0xff,
    0xe8, 0x6c, 0x38, 0xff, 0xe8, 0x6c, 0x38, 0xff, 0xe8, 0x68, 0x38, 0xff,
    0xe8, 0x6c, 0x38, 0xff, 0xe8, 0x68, 0x38, 0xff, 0xe8, 0x6c, 0x38, 0xff,
    0xe0, 0x68, 0x38, 0xff, 0xe8, 0x6c, 0x38, 0xff, 0xe8, 0x68, 0x38, 0xff,
    0xe0, 0x6c, 0x40, 0xff, 0xe8, 0x68, 0x38, 0xff, 0xe8, 0x6c, 0x38, 0xff,
    0xe0, 0x68, 0x38, 0xff, 0xe8, 0x68, 0x38, 0xff, 0xe8, 0x6c, 0x38, 0xff,
    0xe0, 0x68, 0x38, 0xff, 0xe8, 0x68, 0x38, 0xff, 0xe8, 0x6c, 0x38, 0xff,
    0xe8, 0x68, 0x38, 0xff, 0xe8, 0x68, 0x38, 0xff, 0xe8, 0x68, 0x38, 0xff,
    0xe8, 0x6c, 0x38, 0xff, 0xe0, 0x68, 0x38, 0xff, 0xe0, 0x60, 0x30, 0xff,
    0xe0, 0x60, 0x30, 0xff, 0xe0, 0x60, 0x38, 0xff, 0xe0, 0x60, 0x30, 0xff,
    0xe0, 0x60, 0x30, 0xff, 0xe0, 0x64, 0x38, 0xff, 0xe8, 0x68, 0x40, 0xff,
    0xe8, 0x68, 0x38, 0xff, 0xe8, 0x68, 0x38, 0xff, 0xe8, 0x68, 0x38, 0xff,
    0xe8, 0x6c, 0x38, 0xff, 0xe8, 0x6c, 0x38, 0xff, 0xe8, 0x6c, 0x40, 0xff,
    0xe8, 0x68, 0x40, 0xff, 0xe8, 0x68, 0x38, 0xff, 0xe8, 0x68, 0x40, 0xff,
    0xe8, 0x68, 0x40, 0xff, 0xe8, 0x68, 0x38, 0xff, 0xe8, 0x68, 0x40, 0xff,
    0xe8, 0x6c, 0x40, 0xff, 0xe8, 0x6c, 0x38, 0xff, 0xe8, 0x68, 0x38, 0xff,
    0xe8, 0x6c, 0x38, 0xff, 0xe0, 0x68, 0x38, 0xff, 0xe8, 0x68, 0x38, 0xff,
    0xe8, 0x68, 0x40, 0xff, 0xe8, 0x6c, 0x38, 0xff, 0xe8, 0x68, 0x38, 0xff,
    0xe0, 0x68, 0x38, 0xff, 0xe8, 0x6c, 0x40, 0xff, 0xe8, 0x68, 0x38, 0xff,
    0xe8, 0x6c, 0x38, 0xff, 0xe8, 0x68, 0x38, 0xff, 0xe8, 0x68, 0x38, 0xff,
    0xe8, 0x6c, 0x38, 0xff, 0xe8, 0x68, 0x38, 0xff, 0xe8, 0x68, 0x38, 0xff,
    0xe8, 0x68, 0x38, 0xff, 0xe8, 0x68, 0x40, 0xff, 0xe8, 0x68, 0x38, 0xff,
    0xe8, 0x68, 0x38, 0xff, 0xe8, 0x68, 0x40, 0xff, 0xe8, 0x68, 0x38, 0xff,
    0xe8, 0x64, 0x38, 0xff, 0xe8, 0x68, 0x38, 0xff, 0xe0, 0x68, 0x38, 0xff,
    0xe8, 0x64, 0x38, 0xff, 0xe8, 0x68, 0x38, 0xff, 0xd8, 0x60, 0x30, 0xff,
    0xd0, 0x54, 0x28, 0xff, 0xd0, 0x54, 0x30, 0xff, 0xc8, 0x54, 0x28, 0xff,
    0xc8, 0x54, 0x28, 0xff, 0xc8, 0x50, 0x28, 0xff, 0xc0, 0x4c, 0x28, 0xff,
    0xc0, 0x4c, 0x20, 0xff, 0xb8, 0x4c, 0x20, 0xff, 0xb8, 0x48, 0x28, 0xff,
    0xb8, 0x48, 0x28, 0xff, 0xb8, 0x48, 0x20, 0xff, 0xb0, 0x44, 0x20, 0xff,
    0xb0, 0x44, 0x20, 0xff, 0xa8, 0x44, 0x20, 0xff, 0xa8, 0x40, 0x20, 0xff,
    0xa0, 0x40, 0x20, 0xff, 0xa0, 0x40, 0x20, 0xff, 0x98, 0x40, 0x20, 0xff,
    0x98, 0x40, 0x20, 0xff, 0x90, 0x40, 0x20, 0xff, 0x90, 0x3c, 0x20, 0xff,
    0x90, 0x3c, 0x20, 0xff, 0x88, 0x38, 0x20, 0xff, 0x88, 0x38, 0x20, 0xff,
    0x80, 0x38, 0x18, 0xff, 0x80, 0x34, 0x20, 0xff, 0x70, 0x34, 0x18, 0xff,
    0x70, 0x2c, 0x18, 0xff, 0x88, 0x38, 0x20, 0xff, 0x78, 0x34, 0x20, 0xff,
    0x80, 0x38, 0x20, 0xff, 0x88, 0x38, 0x20, 0xff, 0x88, 0x3c, 0x20, 0xff,
    0x88, 0x3c, 0x20, 0xff, 0x90, 0x3c, 0x20, 0xff, 0x90, 0x3c, 0x20, 0xff,
    0x90, 0x3c, 0x20, 0xff, 0x80, 0x38, 0x18, 0xff, 0x90, 0x38, 0x20, 0xff,
    0xb0, 0x4c, 0x28, 0xff, 0xb0, 0x4c, 0x28, 0xff, 0xb0, 0x48, 0x28, 0xff,
    0xb8, 0x4c, 0x28, 0xff, 0xb8, 0x48, 0x28, 0xff, 0xb8, 0x4c, 0x28, 0xff,
    0xb8, 0x48, 0x28, 0xff, 0xb8, 0x4c, 0x28, 0xff, 0xc0, 0x4c, 0x28, 0xff,
    0xb8, 0x4c, 0x28, 0xff, 0xb8, 0x4c, 0x28, 0xff, 0xc0, 0x50, 0x28, 0xff,
    0xc0, 0x4c, 0x28, 0xff, 0xc0, 0x4c, 0x28, 0xff, 0xc0, 0x4c, 0x28, 0xff,
    0xc0, 0x50, 0x28, 0xff, 0xc0, 0x4c, 0x28, 0xff, 0xc0, 0x4c, 0x28, 0xff,
    0xb8, 0x4c, 0x28, 0xff, 0xc0, 0x50, 0x28, 0xff, 0xc0, 0x4c, 0x28, 0xff,
    0xc0, 0x4c, 0x28, 0xff, 0xc0, 0x50, 0x28, 0xff, 0xc0, 0x50, 0x28, 0xff,
    0xc0, 0x4c, 0x28, 0xff, 0xc0, 0x50, 0x28, 0xff, 0xc0, 0x50, 0x28, 0xff,
    0xc0, 0x50, 0x28, 0xff, 0xc0, 0x4c, 0x28, 0xff, 0xc0, 0x50, 0x28, 0xff,
    0xc0, 0x50, 0x28, 0xff, 0xb8, 0x4c, 0x28, 0xff, 0xc8, 0x50, 0x28, 0xff,
    0xd8, 0x5c, 0x28, 0xff, 0xd8, 0x5c, 0x30, 0xff, 0xd0, 0x5c, 0x30, 0xff,
    0xd8, 0x5c, 0x28, 0xff, 0xd8, 0x5c, 0x30, 0xff, 0xd8, 0x60, 0x30, 0xff,
    0xd8, 0x5c, 0x30, 0xff, 0xd8, 0x58, 0x28, 0xff, 0xd0, 0x58, 0x30, 0xff,
    0xd0, 0x5c, 0x30, 0xff, 0xe0, 0x64, 0x30, 0xff, 0xd0, 0x58, 0x28, 0xff,
    0xc8, 0x54, 0x28, 0xff, 0xe0, 0x60, 0x30, 0xff, 0xd8, 0x5c, 0x30, 0xff,
    0xd0, 0x5c, 0x30, 0xff, 0xd0, 0x5c, 0x30, 0xff, 0xd8, 0x5c, 0x30, 0xff,
    0xd8, 0x5c, 0x30, 0xff, 0xd0, 0x54, 0x28, 0xff, 0xc8, 0x54, 0x28, 0xff,
    0xd8, 0x5c, 0x30, 0xff, 0xd8, 0x5c, 0x30, 0xff, 0xd8, 0x5c, 0x30, 0xff,
    0xd0, 0x5c, 0x30, 0xff, 0xd0, 0x5c, 0x28, 0xff, 0xd0, 0x58, 0x28, 0xff,
    0xc8, 0x50, 0x28, 0xff, 0xc8, 0x54, 0x28, 0xff, 0xd0, 0x58, 0x30, 0xff,
    0xd0, 0x58, 0x30, 0xff, 0xd0, 0x58, 0x30, 0xff, 0xd8, 0x58, 0x30, 0xff,
    0xd0, 0x5c, 0x30, 0xff, 0xd8, 0x5c, 0x30, 0xff, 0xd8, 0x5c, 0x30, 0xff,
    0xd8, 0x5c, 0x30, 0xff, 0xd8, 0x60, 0x30, 0xff, 0xd8, 0x60, 0x30, 0xff,
    0xd8, 0x60, 0x30, 0xff, 0xd8, 0x5c, 0x30, 0xff, 0xe0, 0x60, 0x30, 0xff,
    0xe0, 0x64, 0x38, 0xff, 0xe8, 0x68, 0x38, 0xff, 0xe0, 0x64, 0x38, 0xff,
    0xe0, 0x64, 0x38, 0xff, 0xe0, 0x68, 0x38, 0xff, 0xe0, 0x68, 0x38, 0xff,
    0xe0, 0x64, 0x38, 0xff, 0xe8, 0x68, 0x38, 0xff, 0xe0, 0x68, 0x38, 0xff,
    0xe0, 0x68, 0x38, 0xff, 0xe8, 0x68, 0x38, 0xff, 0xe0, 0x68, 0x38, 0xff,
    0xe0, 0x68, 0x38, 0xff, 0xe0, 0x68, 0x38, 0xff, 0xe8, 0x68, 0x38, 0xff,
    0xe8, 0x68, 0x38, 0xff, 0xe8, 0x68, 0x38, 0xff, 0xe8, 0x68, 0x38, 0xff,
    0xe0, 0x68, 0x40, 0xff, 0xe8, 0x68, 0x38, 0xff, 0xe8, 0x68, 0x38, 0xff,
    0xe0, 0x68, 0x38, 0xff, 0xe8, 0x68, 0x40, 0xff, 0xe8, 0x6c, 0x38, 0xff,
    0xe8, 0x68, 0x38, 0xff, 0xe8, 0x68, 0x38, 0xff, 0xe0, 0x68, 0x38, 0xff,
    0xe0, 0x68, 0x38, 0xff, 0xe8, 0x68, 0x38, 0xff, 0xe8, 0x68, 0x38, 0xff,
    0xe8, 0x68, 0x38, 0xff, 0xe8, 0x68, 0x38, 0xff, 0xe8, 0x68, 0x38, 0xff,
    0xe8, 0x68, 0x38, 0xff, 0xe8, 0x68, 0x38, 0xff, 0xe0, 0x6c, 0x38, 0xff,
    0xe8, 0x68, 0x38, 0xff, 0xe8, 0x68, 0x38, 0xff, 0xe8, 0x6c, 0x38, 0xff,
    0xe0, 0x68, 0x38, 0xff, 0xe8, 0x68, 0x38, 0xff, 0xe8, 0x68, 0x38, 0xff,
    0xe8, 0x6c, 0x38, 0xff, 0xe0, 0x68, 0x38, 0xff, 0xe0, 0x6c, 0x38, 0xff,
    0xe8, 0x68, 0x38, 0xff, 0xe8, 0x6c, 0x40, 0xff, 0xe8, 0x68, 0x38, 0xff,
    0xe0, 0x60, 0x30, 0xff, 0xd8, 0x60, 0x30, 0xff, 0xd8, 0x60, 0x30, 0xff,
    0xe0, 0x60, 0x38, 0xff, 0xe0, 0x60, 0x30, 0xff, 0xe0, 0x64, 0x38, 0xff,
    0xe8, 0x68, 0x38, 0xff, 0xe8, 0x6c, 0x38, 0xff, 0xe8, 0x68, 0x38, 0xff,
    0xe8, 0x68, 0x38, 0xff, 0xe8, 0x68, 0x40, 0xff, 0xe8, 0x68, 0x38, 0xff,
    0xe8, 0x68, 0x38, 0xff, 0xe8, 0x68, 0x38, 0xff, 0xe8, 0x68, 0x38, 0xff,
    0xe8, 0x68, 0x38, 0xff, 0xe8, 0x68, 0x38, 0xff, 0xe8, 0x68, 0x38, 0xff,
    0xe8, 0x68, 0x38, 0xff, 0xe8, 0x6c, 0x38, 0xff, 0xe8, 0x6c, 0x38, 0xff,
    0xe8, 0x68, 0x38, 0xff, 0xe8, 0x68, 0x38, 0xff, 0xe8, 0x6c, 0x38, 0xff,
    0xe8, 0x68, 0x38, 0xff, 0xe8, 0x6c, 0x38, 0xff, 0xe8, 0x68, 0x40, 0xff,
    0xe0, 0x68, 0x38, 0xff, 0xe8, 0x68, 0x38, 0xff, 0xe8, 0x68, 0x38, 0xff,
    0xe0, 0x68, 0x38, 0xff, 0xe0, 0x68, 0x38, 0xff, 0xe0, 0x68, 0x38, 0xff,
    0xe8, 0x68, 0x38, 0xff, 0xe8, 0x68, 0x38, 0xff, 0xe8, 0x6c, 0x38, 0xff,
    0xe0, 0x68, 0x38, 0xff, 0xe8, 0x68, 0x38, 0xff, 0xe8, 0x68, 0x38, 0xff,
    0xe8, 0x68, 0x38, 0xff, 0xe0, 0x68, 0x38, 0xff, 0xe8, 0x68, 0x38, 0xff,
    0xe8, 0x68, 0x38, 0xff, 0xe0, 0x68, 0x38, 0xff, 0xe8, 0x68, 0x38, 0xff,
    0xe8, 0x64, 0x38, 0xff, 0xe0, 0x68, 0x38, 0xff, 0xe0, 0x68, 0x38, 0xff,
    0xe0, 0x60, 0x38, 0xff, 0xd0, 0x58, 0x30, 0xff, 0xd0, 0x58, 0x28, 0xff,
    0xc8, 0x54, 0x28, 0xff, 0xc8, 0x54, 0x28, 0xff, 0xc0, 0x50, 0x28, 0xff,
    0xc0, 0x50, 0x28, 0xff, 0xb8, 0x4c, 0x28, 0xff, 0xc0, 0x4c, 0x20, 0xff,
    0xb8, 0x48, 0x20, 0xff, 0xb8, 0x48, 0x20, 0xff, 0xb0, 0x48, 0x28, 0xff,
    0xb0, 0x44, 0x20, 0xff, 0xa8, 0x44, 0x20, 0xff, 0xa8, 0x44, 0x20, 0xff,
    0xa0, 0x44, 0x20, 0xff, 0xa0, 0x40, 0x20, 0xff, 0x98, 0x40, 0x20, 0xff,
    0x98, 0x40, 0x20, 0xff, 0x98, 0x40, 0x20, 0xff, 0x90, 0x3c, 0x20, 0xff,
    0x98, 0x3c, 0x20, 0xff, 0x90, 0x3c, 0x20, 0xff, 0x88, 0x3c, 0x20, 0xff,
    0x88, 0x38, 0x20, 0xff, 0x80, 0x38, 0x20, 0xff, 0x78, 0x34, 0x20, 0xff,
    0x78, 0x34, 0x18, 0xff, 0x70, 0x2c, 0x18, 0xff, 0x88, 0x3c, 0x20, 0xff,
    0x78, 0x34, 0x20, 0xff, 0x80, 0x38, 0x20, 0xff, 0x88, 0x3c, 0x20, 0xff,
    0x88, 0x3c, 0x20, 0xff, 0x90, 0x3c, 0x20, 0xff, 0x90, 0x3c, 0x20, 0xff,
    0x90, 0x38, 0x20, 0xff, 0x90, 0x3c, 0x20, 0xff, 0x88, 0x38, 0x20, 0xff,
    0x90, 0x3c, 0x20, 0xff, 0xb0, 0x4c, 0x28, 0xff, 0xb0, 0x4c, 0x28, 0xff,
    0xb0, 0x48, 0x28, 0xff, 0xb0, 0x48, 0x28, 0xff, 0xb8, 0x4c, 0x28, 0xff,
    0xb8, 0x4c, 0x28, 0xff, 0xb8, 0x4c, 0x28, 0xff, 0xb8, 0x4c, 0x28, 0xff,
    0xc0, 0x4c, 0x28, 0xff, 0xc0, 0x4c, 0x28, 0xff, 0xc0, 0x4c, 0x28, 0xff,
    0xc0, 0x50, 0x28, 0xff, 0xb8, 0x50, 0x28, 0xff, 0xc0, 0x50, 0x28, 0xff,
    0xb8, 0x4c, 0x28, 0xff, 0xc0, 0x50, 0x28, 0xff, 0xc0, 0x50, 0x28, 0xff,
    0xc0, 0x4c, 0x28, 0xff, 0xc0, 0x50, 0x28, 0xff, 0xc0, 0x4c, 0x28, 0xff,
    0xc0, 0x4c, 0x28, 0xff, 0xc0, 0x50, 0x28, 0xff, 0xc0, 0x4c, 0x28, 0xff,
    0xc0, 0x4c, 0x28, 0xff, 0xc0, 0x50, 0x28, 0xff, 0xc0, 0x4c, 0x28, 0xff,
    0xc0, 0x4c, 0x28, 0xff, 0xc0, 0x50, 0x28, 0xff, 0xc0, 0x4c, 0x28, 0xff,
    0xc0, 0x50, 0x28, 0xff, 0xc0, 0x50, 0x28, 0xff, 0xc0, 0x4c, 0x28, 0xff,
    0xc0, 0x50, 0x28, 0xff, 0xd8, 0x60, 0x30, 0xff, 0xd8, 0x5c, 0x28, 0xff,
    0xd8, 0x5c, 0x30, 0xff, 0xd8, 0x5c, 0x30, 0xff, 0xd8, 0x5c, 0x30, 0xff,
    0xd8, 0x60, 0x30, 0xff, 0xd8, 0x5c, 0x28, 0xff, 0xd0, 0x58, 0x30, 0xff,
    0xd0, 0x5c, 0x30, 0xff, 0xd8, 0x5c, 0x30, 0xff, 0xe0, 0x60, 0x30, 0xff,
    0xd0, 0x58, 0x30, 0xff, 0xd0, 0x58, 0x28, 0xff, 0xd8, 0x60, 0x30, 0xff,
    0xd8, 0x5c, 0x30, 0xff, 0xd8, 0x58, 0x30, 0xff, 0xd8, 0x5c, 0x28, 0xff,
    0xd8, 0x5c, 0x28, 0xff, 0xd8, 0x5c, 0x30, 0xff, 0xd0, 0x58, 0x28, 0xff,
    0xd0, 0x54, 0x28, 0xff, 0xd8, 0x60, 0x30, 0xff, 0xd8, 0x5c, 0x30, 0xff,
    0xd8, 0x5c, 0x30, 0xff, 0xd8, 0x5c, 0x30, 0xff, 0xd8, 0x5c, 0x30, 0xff,
    0xd0, 0x58, 0x30, 0xff, 0xc8, 0x50, 0x28, 0xff, 0xc8, 0x58, 0x28, 0xff,
    0xd0, 0x54, 0x28, 0xff, 0xd0, 0x54, 0x30, 0xff, 0xd0, 0x5c, 0x28, 0xff,
    0xd0, 0x58, 0x30, 0xff, 0xd8, 0x58, 0x28, 0xff, 0xd8, 0x5c, 0x30, 0xff,
    0xd8, 0x5c, 0x30, 0xff, 0xd8, 0x5c, 0x30, 0xff, 0xd8, 0x60, 0x30, 0xff,
    0xd8, 0x60, 0x30, 0xff, 0xd8, 0x5c, 0x30, 0xff, 0xd8, 0x5c, 0x30, 0xff,
    0xd8, 0x60, 0x30, 0xff, 0xe0, 0x60, 0x38, 0xff, 0xe8, 0x64, 0x38, 0xff,
    0xe8, 0x68, 0x30, 0xff, 0xe0, 0x64, 0x38, 0xff, 0xe8, 0x64, 0x38, 0xff,
    0xe8, 0x68, 0x30, 0xff, 0xe0, 0x68, 0x38, 0xff, 0xe0, 0x68, 0x38, 0xff,
    0xe8, 0x64, 0x30, 0xff, 0xe0, 0x64, 0x38, 0xff, 0xe8, 0x64, 0x38, 0xff,
    0xe8, 0x64, 0x38, 0xff, 0xe0, 0x68, 0x38, 0xff, 0xe8, 0x68, 0x38, 0xff,
    0xe8, 0x68, 0x38, 0xff, 0xe8, 0x68, 0x38, 0xff, 0xe8, 0x68, 0x38, 0xff,
    0xe8, 0x68, 0x38, 0xff, 0xe8, 0x6c, 0x38, 0xff, 0xe8, 0x68, 0x38, 0xff,
    0xe8, 0x68, 0x38, 0xff, 0xe8, 0x6c, 0x38, 0xff, 0xe8, 0x68, 0x38, 0xff,
    0xe8, 0x68, 0x38, 0xff, 0xe8, 0x68, 0x38, 0xff, 0xe8, 0x68, 0x40, 0xff,
    0xe0, 0x6c, 0x38, 0xff, 0xe8, 0x68, 0x38, 0xff, 0xe8, 0x68, 0x38, 0xff,
    0xe8, 0x6c, 0x40, 0xff, 0xe8, 0x68, 0x38, 0xff, 0xe8, 0x68, 0x38, 0xff,
    0xe0, 0x6c, 0x40, 0xff, 0xe8, 0x68, 0x38, 0xff, 0xe8, 0x68, 0x38, 0xff,
    0xe8, 0x68, 0x38, 0xff, 0xe8, 0x68, 0x38, 0xff, 0xe8, 0x68, 0x40, 0xff,
    0xe8, 0x68, 0x38, 0xff, 0xe8, 0x6c, 0x38, 0xff, 0xe8, 0x68, 0x40, 0xff,
    0xe8, 0x68, 0x38, 0xff, 0xe8, 0x68, 0x38, 0xff, 0xe8, 0x68, 0x40, 0xff,
    0xe8, 0x68, 0x38, 0xff, 0xe8, 0x68, 0x38, 0xff, 0xe8, 0x6c, 0x38, 0xff,
    0xe8, 0x68, 0x38, 0xff, 0xe0, 0x60, 0x38, 0xff, 0xd8, 0x60, 0x30, 0xff,
    0xe0, 0x60, 0x30, 0xff, 0xe0, 0x60, 0x38, 0xff, 0xd8, 0x60, 0x30, 0xff,
    0xe0, 0x60, 0x30, 0xff, 0xe0, 0x68, 0x38, 0xff, 0xe8, 0x6c, 0x38, 0xff,
    0xe8, 0x6c, 0x38, 0xff, 0xe8, 0x68, 0x38, 0xff, 0xe8, 0x68, 0x40, 0xff,
    0xe8, 0x68, 0x38, 0xff, 0xe8, 0x6c, 0x38, 0xff, 0xe8, 0x68, 0x38, 0xff,
    0xe8, 0x6c, 0x40, 0xff, 0xe8, 0x6c, 0x38, 0xff, 0xe8, 0x68, 0x38, 0xff,
    0xe8, 0x68, 0x40, 0xff, 0xe8, 0x68, 0x38, 0xff, 0xe8, 0x6c, 0x38, 0xff,
    0xe8, 0x68, 0x38, 0xff, 0xe8, 0x68, 0x40, 0xff, 0xe8, 0x68, 0x38, 0xff,
    0xe8, 0x68, 0x38, 0xff, 0xe8, 0x68, 0x38, 0xff, 0xe0, 0x68, 0x38, 0xff,
    0xe0, 0x68, 0x38, 0xff, 0xe8, 0x68, 0x38, 0xff, 0xe8, 0x6c, 0x40, 0xff,
    0xf0, 0x6c, 0x38, 0xff, 0xf0, 0x70, 0x40, 0xff, 0xe8, 0x6c, 0x40, 0xff,
    0xf0, 0x70, 0x40, 0xff, 0xe8, 0x6c, 0x38, 0xff, 0xe8, 0x68, 0x38, 0xff,
    0xe0, 0x68, 0x38, 0xff, 0xe0, 0x68, 0x38, 0xff, 0xe8, 0x68, 0x38, 0xff,
    0xe8, 0x68, 0x38, 0xff, 0xe0, 0x68, 0x38, 0xff, 0xe8, 0x68, 0x38, 0xff,
    0xe8, 0x64, 0x38, 0xff, 0xe0, 0x68, 0x38, 0xff, 0xe0, 0x68, 0x38, 0xff,
    0xe8, 0x64, 0x38, 0xff, 0xe8, 0x68, 0x38, 0xff, 0xe0, 0x68, 0x38, 0xff,
    0xe0, 0x68, 0x38, 0xff, 0xe0, 0x64, 0x38, 0xff, 0xd0, 0x58, 0x30, 0xff,
    0xc8, 0x50, 0x28, 0xff, 0xc0, 0x50, 0x28, 0xff, 0xc8, 0x50, 0x28, 0xff,
    0xc0, 0x50, 0x28, 0xff, 0xc0, 0x4c, 0x20, 0xff, 0xc0, 0x4c, 0x20, 0xff,
    0xb8, 0x48, 0x20, 0xff, 0xb8, 0x48, 0x20, 0xff, 0xb0, 0x44, 0x20, 0xff,
    0xa8, 0x44, 0x20, 0xff, 0xa0, 0x40, 0x20, 0xff, 0xa0, 0x40, 0x20, 0xff,
    0xa8, 0x44, 0x20, 0xff, 0xa8, 0x40, 0x20, 0xff, 0xa0, 0x40, 0x20, 0xff,
    0x98, 0x40, 0x20, 0xff, 0x98, 0x40, 0x20, 0xff, 0x98, 0x3c, 0x20, 0xff,
    0x98, 0x3c, 0x20, 0xff, 0x90, 0x3c, 0x20, 0xff, 0x88, 0x3c, 0x20, 0xff,
    0x88, 0x3c, 0x20, 0xff, 0x88, 0x38, 0x20, 0xff, 0x80, 0x38, 0x20, 0xff,
    0x80, 0x38, 0x20, 0xff, 0x70, 0x34, 0x18, 0xff, 0x70, 0x2c, 0x18, 0xff,
    0x88, 0x3c, 0x20, 0xff, 0x78, 0x34, 0x20, 0xff, 0x88, 0x3c, 0x20, 0xff,
    0x88, 0x3c, 0x20, 0xff, 0x90, 0x3c, 0x20, 0xff, 0x90, 0x3c, 0x20, 0xff,
    0x90, 0x3c, 0x20, 0xff, 0x90, 0x3c, 0x20, 0xff, 0x90, 0x3c, 0x20, 0xff,
    0x88, 0x38, 0x18, 0xff, 0x90, 0x3c, 0x20, 0xff, 0xb0, 0x4c, 0x28, 0xff,
    0xb0, 0x48, 0x28, 0xff, 0xb0, 0x48, 0x28, 0xff, 0xb8, 0x4c, 0x28, 0xff,
    0xb8, 0x4c, 0x28, 0xff, 0xb8, 0x4c, 0x28, 0xff, 0xb8, 0x4c, 0x28, 0xff,
    0xb8, 0x4c, 0x28, 0xff, 0xb8, 0x4c, 0x28, 0xff, 0xb8, 0x4c, 0x28, 0xff,
    0xc0, 0x4c, 0x28, 0xff, 0xb8, 0x4c, 0x28, 0xff, 0xc0, 0x50, 0x28, 0xff,
    0xc0, 0x4c, 0x28, 0xff, 0xc0, 0x4c, 0x28, 0xff, 0xc0, 0x50, 0x28, 0xff,
    0xc0, 0x4c, 0x28, 0xff, 0xc0, 0x4c, 0x28, 0xff, 0xc0, 0x50, 0x28, 0xff,
    0xc0, 0x50, 0x28, 0xff, 0xc0, 0x4c, 0x28, 0xff, 0xc0, 0x50, 0x28, 0xff,
    0xc0, 0x50, 0x28, 0xff, 0xc0, 0x4c, 0x28, 0xff, 0xc0, 0x50, 0x28, 0xff,
    0xc0, 0x4c, 0x28, 0xff, 0xc0, 0x4c, 0x28, 0xff, 0xc0, 0x50, 0x28, 0xff,
    0xc0, 0x50, 0x28, 0xff, 0xc0, 0x50, 0x28, 0xff, 0xc0, 0x50, 0x28, 0xff,
    0xc0, 0x4c, 0x28, 0xff, 0xc0, 0x50, 0x28, 0xff, 0xd8, 0x5c, 0x28, 0xff,
    0xd8, 0x5c, 0x30, 0xff, 0xd0, 0x5c, 0x30, 0xff, 0xd8, 0x5c, 0x30, 0xff,
    0xd8, 0x5c, 0x30, 0xff, 0xd8, 0x60, 0x30, 0xff, 0xd8, 0x5c, 0x28, 0xff,
    0xd8, 0x58, 0x28, 0xff, 0xd0, 0x58, 0x30, 0xff, 0xd8, 0x5c, 0x28, 0xff,
    0xe0, 0x60, 0x30, 0xff, 0xd0, 0x5c, 0x30, 0xff, 0xd0, 0x54, 0x28, 0xff,
    0xd8, 0x60, 0x30, 0xff, 0xd8, 0x5c, 0x30, 0xff, 0xd8, 0x5c, 0x28, 0xff,
    0xd8, 0x5c, 0x30, 0xff, 0xd0, 0x5c, 0x30, 0xff, 0xd8, 0x5c, 0x30, 0xff,
    0xd0, 0x54, 0x28, 0xff, 0xd0, 0x54, 0x28, 0xff, 0xd8, 0x60, 0x30, 0xff,
    0xd8, 0x5c, 0x30, 0xff, 0xd8, 0x5c, 0x28, 0xff, 0xd8, 0x5c, 0x30, 0xff,
    0xd8, 0x5c, 0x30, 0xff, 0xd0, 0x58, 0x28, 0xff, 0xc8, 0x54, 0x28, 0xff,
    0xd0, 0x58, 0x30, 0xff, 0xd0, 0x54, 0x30, 0xff, 0xd0, 0x58, 0x28, 0xff,
    0xd0, 0x58, 0x30, 0xff, 0xd8, 0x5c, 0x28, 0xff, 0xd0, 0x5c, 0x30, 0xff,
    0xd8, 0x5c, 0x30, 0xff, 0xd8, 0x5c, 0x30, 0xff, 0xd8, 0x5c, 0x30, 0xff,
    0xd8, 0x60, 0x30, 0xff, 0xd8, 0x5c, 0x30, 0xff, 0xd8, 0x5c, 0x30, 0xff,
    0xd8, 0x5c, 0x30, 0xff, 0xd8, 0x60, 0x30, 0xff, 0xe0, 0x64, 0x30, 0xff,
    0xe0, 0x64, 0x38, 0xff, 0xe8, 0x68, 0x38, 0xff, 0xe0, 0x64, 0x38, 0xff,
    0xe0, 0x64, 0x38, 0xff, 0xe8, 0x64, 0x30, 0xff, 0xe0, 0x64, 0x38, 0xff,
    0xe0, 0x64, 0x38, 0xff, 0xe8, 0x68, 0x30, 0xff, 0xe0, 0x68, 0x38, 0xff,
    0xe0, 0x64, 0x38, 0xff, 0xe0, 0x64, 0x30, 0xff, 0xe8, 0x68, 0x38, 0xff,
    0xe8, 0x68, 0x38, 0xff, 0xe0, 0x68, 0x38, 0xff, 0xe8, 0x68, 0x38, 0xff,
    0xe8, 0x6c, 0x40, 0xff, 0xe8, 0x68, 0x38, 0xff, 0xe8, 0x68, 0x38, 0xff,
    0xe8, 0x6c, 0x38, 0xff, 0xe8, 0x68, 0x40, 0xff, 0xe8, 0x68, 0x38, 0xff,
    0xe0, 0x68, 0x38, 0xff, 0xe8, 0x6c, 0x38, 0xff, 0xe8, 0x68, 0x38, 0xff,
    0xe8, 0x68, 0x38, 0xff, 0xe8, 0x6c, 0x38, 0xff, 0xe8, 0x68, 0x38, 0xff,
    0xe8, 0x68, 0x38, 0xff, 0xe8, 0x6c, 0x38, 0xff, 0xe0, 0x68, 0x38, 0xff,
    0xe8, 0x68, 0x38, 0xff, 0xe8, 0x6c, 0x38, 0xff, 0xe8, 0x68, 0x38, 0xff,
    0xe8, 0x68, 0x38, 0xff, 0xe8, 0x6c, 0x38, 0xff, 0xe8, 0x68, 0x38, 0xff,
    0xe8, 0x68, 0x38, 0xff, 0xe0, 0x6c, 0x38, 0xff, 0xe8, 0x68, 0x38, 0xff,
    0xe8, 0x68, 0x38, 0xff, 0xe8, 0x6c, 0x38, 0xff, 0xe8, 0x68, 0x38, 0xff,
    0xe8, 0x68, 0x38, 0xff, 0xe8, 0x6c, 0x38, 0xff, 0xe8, 0x68, 0x38, 0xff,
    0xe8, 0x6c, 0x38, 0xff, 0xe8, 0x6c, 0x38, 0xff, 0xe0, 0x64, 0x38, 0xff,
    0xe0, 0x60, 0x30, 0xff, 0xe0, 0x60, 0x30, 0xff, 0xe0, 0x64, 0x30, 0xff,
    0xd8, 0x60, 0x30, 0xff, 0xe0, 0x64, 0x30, 0xff, 0xe0, 0x64, 0x38, 0xff,
    0xe8, 0x6c, 0x40, 0xff, 0xe8, 0x6c, 0x38, 0xff, 0xe8, 0x68, 0x38, 0xff,
    0xe8, 0x68, 0x38, 0xff, 0xe8, 0x6c, 0x40, 0xff, 0xe8, 0x68, 0x38, 0xff,
    0xe8, 0x68, 0x38, 0xff, 0xe8, 0x68, 0x40, 0xff, 0xe8, 0x68, 0x38, 0xff,
    0xe8, 0x6c, 0x38, 0xff, 0xe8, 0x68, 0x40, 0xff, 0xe8, 0x6c, 0x38, 0xff,
    0xe8, 0x68, 0x38, 0xff, 0xe8, 0x68, 0x38, 0xff, 0xe8, 0x68, 0x38, 0xff,
    0xe0, 0x6c, 0x38, 0xff, 0xe0, 0x68, 0x38, 0xff, 0xe8, 0x6c, 0x40, 0xff,
    0xf8, 0x74, 0x40, 0xff, 0xf8, 0x74, 0x40, 0xff, 0xf0, 0x74, 0x40, 0xff,
    0xf0, 0x70, 0x40, 0xff, 0xf0, 0x6c, 0x40, 0xff, 0xe8, 0x6c, 0x38, 0xff,
    0xe8, 0x6c, 0x38, 0xff, 0xf0, 0x6c, 0x40, 0xff, 0xf0, 0x70, 0x40, 0xff,
    0xf0, 0x70, 0x40, 0xff, 0xf8, 0x74, 0x40, 0xff, 0xf0, 0x70, 0x40, 0xff,
    0xe8, 0x6c, 0x40, 0xff, 0xe0, 0x68, 0x38, 0xff, 0xe8, 0x68, 0x38, 0xff,
    0xe8, 0x68, 0x40, 0xff, 0xe8, 0x68, 0x38, 0xff, 0xe8, 0x68, 0x38, 0xff,
    0xe8, 0x68, 0x38, 0xff, 0xe0, 0x68, 0x38, 0xff, 0xe0, 0x68, 0x38, 0xff,
    0xe0, 0x68, 0x38, 0xff, 0xe8, 0x64, 0x38, 0xff, 0xe0, 0x64, 0x38, 0xff,
    0xd0, 0x5c, 0x30, 0xff, 0xd0, 0x58, 0x28, 0xff, 0xd8, 0x5c, 0x30, 0xff,
    0xd8, 0x5c, 0x30, 0xff, 0xd0, 0x58, 0x30, 0xff, 0xd0, 0x58, 0x30, 0xff,
    0xd0, 0x58, 0x28, 0xff, 0xc8, 0x54, 0x30, 0xff, 0xc8, 0x54, 0x30, 0xff,
    0xc0, 0x54, 0x28, 0xff, 0xc0, 0x50, 0x28, 0xff, 0xb8, 0x48, 0x28, 0xff,
    0xa8, 0x44, 0x20, 0xff, 0x90, 0x3c, 0x20, 0xff, 0x98, 0x3c, 0x20, 0xff,
    0xa0, 0x40, 0x20, 0xff, 0x98, 0x3c, 0x20, 0xff, 0x98, 0x3c, 0x20, 0xff,
    0x98, 0x40, 0x20, 0xff, 0x90, 0x3c, 0x20, 0xff, 0x90, 0x3c, 0x20, 0xff,
    0x90, 0x3c, 0x20, 0xff, 0x88, 0x3c, 0x20, 0xff, 0x88, 0x38, 0x20, 0xff,
    0x88, 0x38, 0x18, 0xff, 0x80, 0x38, 0x20, 0xff, 0x78, 0x34, 0x20, 0xff,
    0x70, 0x30, 0x18, 0xff, 0x88, 0x38, 0x20, 0xff, 0x78, 0x34, 0x20, 0xff,
    0x88, 0x3c, 0x20, 0xff, 0x88, 0x3c, 0x20, 0xff, 0x88, 0x3c, 0x20, 0xff,
    0x90, 0x3c, 0x20, 0xff, 0x90, 0x3c, 0x20, 0xff, 0x90, 0x3c, 0x20, 0xff,
    0x90, 0x3c, 0x20, 0xff, 0x88, 0x38, 0x20, 0xff, 0x88, 0x3c, 0x20, 0xff,
    0xb0, 0x4c, 0x28, 0xff, 0xb0, 0x48, 0x28, 0xff, 0xb8, 0x48, 0x28, 0xff,
    0xb0, 0x4c, 0x28, 0xff, 0xb8, 0x4c, 0x28, 0xff, 0xb8, 0x48, 0x28, 0xff,
    0xb8, 0x4c, 0x28, 0xff, 0xb8, 0x4c, 0x28, 0xff, 0xc0, 0x4c, 0x28, 0xff,
    0xb8, 0x4c, 0x28, 0xff, 0xc0, 0x4c, 0x28, 0xff, 0xc0, 0x4c, 0x28, 0xff,
    0xc0, 0x50, 0x28, 0xff, 0xc0, 0x4c, 0x28, 0xff, 0xc0, 0x50, 0x28, 0xff,
    0xc0, 0x50, 0x28, 0xff, 0xc0, 0x4c, 0x28, 0xff, 0xc0, 0x50, 0x28, 0xff,
    0xc0, 0x4c, 0x28, 0xff, 0xc0, 0x50, 0x28, 0xff, 0xc0, 0x4c, 0x28, 0xff,
    0xc0, 0x4c, 0x28, 0xff, 0xc0, 0x50, 0x28, 0xff, 0xc0, 0x4c, 0x28, 0xff,
    0xc0, 0x50, 0x28, 0xff, 0xc0, 0x50, 0x28, 0xff, 0xc0, 0x4c, 0x28, 0xff,
    0xc0, 0x4c, 0x28, 0xff, 0xc0, 0x50, 0x20, 0xff, 0xc0, 0x50, 0x28, 0xff,
    0xc0, 0x4c, 0x28, 0xff, 0xc0, 0x4c, 0x28, 0xff, 0xc0, 0x50, 0x28, 0xff,
    0xd8, 0x5c, 0x28, 0xff, 0xd8, 0x5c, 0x30, 0xff, 0xd8, 0x5c, 0x30, 0xff,
    0xd8, 0x5c, 0x28, 0xff, 0xd8, 0x5c, 0x30, 0xff, 0xd8, 0x60, 0x30, 0xff,
    0xd8, 0x5c, 0x30, 0xff, 0xd0, 0x58, 0x28, 0xff, 0xd0, 0x5c, 0x30, 0xff,
    0xd8, 0x5c, 0x30, 0xff, 0xe0, 0x64, 0x30, 0xff, 0xd0, 0x58, 0x28, 0xff,
    0xd0, 0x58, 0x28, 0xff, 0xe0, 0x60, 0x30, 0xff, 0xd8, 0x5c, 0x30, 0xff,
    0xd8, 0x5c, 0x30, 0xff, 0xd8, 0x5c, 0x30, 0xff, 0xd8, 0x5c, 0x30, 0xff,
    0xd8, 0x5c, 0x30, 0xff, 0xd0, 0x54, 0x28, 0xff, 0xc8, 0x58, 0x28, 0xff,
    0xd8, 0x5c, 0x30, 0xff, 0xd8, 0x5c, 0x30, 0xff, 0xd8, 0x5c, 0x30, 0xff,
    0xd8, 0x5c, 0x30, 0xff, 0xd8, 0x5c, 0x30, 0xff, 0xd0, 0x58, 0x28, 0xff,
    0xc8, 0x54, 0x28, 0xff, 0xd0, 0x58, 0x30, 0xff, 0xd0, 0x58, 0x28, 0xff,
    0xd0, 0x58, 0x30, 0xff, 0xd0, 0x58, 0x30, 0xff, 0xd8, 0x5c, 0x28, 0xff,
    0xd0, 0x5c, 0x30, 0xff, 0xd8, 0x5c, 0x30, 0xff, 0xd8, 0x5c, 0x30, 0xff,
    0xd8, 0x5c, 0x30, 0xff, 0xd8, 0x60, 0x30, 0xff, 0xd8, 0x60, 0x30, 0xff,
    0xd8, 0x5c, 0x30, 0xff, 0xd8, 0x5c, 0x30, 0xff, 0xd8, 0x60, 0x30, 0xff,
    0xe0, 0x60, 0x30, 0xff, 0xe0, 0x64, 0x38, 0xff, 0xe0, 0x68, 0x38, 0xff,
    0xe0, 0x68, 0x38, 0xff, 0xe0, 0x64, 0x38, 0xff, 0xe8, 0x64, 0x38, 0xff,
    0xe0, 0x64, 0x38, 0xff, 0xe0, 0x64, 0x38, 0xff, 0xe0, 0x64, 0x38, 0xff,
    0xe8, 0x68, 0x38, 0xff, 0xe0, 0x64, 0x38, 0xff, 0xe0, 0x68, 0x38, 0xff,
    0xe0, 0x64, 0x38, 0xff, 0xe8, 0x68, 0x38, 0xff, 0xe0, 0x68, 0x38, 0xff,
    0xe8, 0x68, 0x38, 0xff, 0xe8, 0x68, 0x38, 0xff, 0xe8, 0x68, 0x38, 0xff,
    0xe0, 0x68, 0x38, 0xff, 0xe8, 0x68, 0x38, 0xff, 0xe8, 0x6c, 0x38, 0xff,
    0xe8, 0x68, 0x38, 0xff, 0xe8, 0x68, 0x40, 0xff, 0xe8, 0x6c, 0x38, 0xff,
    0xe8, 0x6c, 0x40, 0xff, 0xe8, 0x68, 0x38, 0xff, 0xe8, 0x68, 0x38, 0xff,
    0xe0, 0x68, 0x38, 0xff, 0xe8, 0x68, 0x38, 0xff, 0xe8, 0x68, 0x38, 0xff,
    0xe8, 0x68, 0x38, 0xff, 0xe8, 0x68, 0x38, 0xff, 0xe8, 0x68, 0x38, 0xff,
    0xe8, 0x68, 0x38, 0xff, 0xe8, 0x6c, 0x40, 0xff, 0xe0, 0x68, 0x38, 0xff,
    0xe8, 0x68, 0x38, 0xff, 0xe8, 0x6c, 0x38, 0xff, 0xe8, 0x68, 0x38, 0xff,
    0xe8, 0x68, 0x38, 0xff, 0xe8, 0x68, 0x38, 0xff, 0xe8, 0x6c, 0x38, 0xff,
    0xe0, 0x68, 0x38, 0xff, 0xe8, 0x68, 0x38, 0xff, 0xe8, 0x6c, 0x38, 0xff,
    0xe8, 0x68, 0x40, 0xff, 0xe8, 0x68, 0x40, 0xff, 0xe8, 0x6c, 0x38, 0xff,
    0xe0, 0x68, 0x38, 0xff, 0xe0, 0x60, 0x30, 0xff, 0xd8, 0x60, 0x38, 0xff,
    0xe0, 0x64, 0x30, 0xff, 0xe0, 0x60, 0x30, 0xff, 0xe0, 0x64, 0x38, 0xff,
    0xe0, 0x64, 0x38, 0xff, 0xe8, 0x68, 0x38, 0xff, 0xe8, 0x68, 0x38, 0xff,
    0xe8, 0x68, 0x38, 0xff, 0xe8, 0x68, 0x38, 0xff, 0xe8, 0x68, 0x38, 0xff,
    0xe8, 0x68, 0x38, 0xff, 0xe8, 0x68, 0x38, 0xff, 0xe8, 0x68, 0x38, 0xff,
    0xe8, 0x68, 0x38, 0xff, 0xe8, 0x68, 0x38, 0xff, 0xe8, 0x68, 0x38, 0xff,
    0xe8, 0x68, 0x38, 0xff, 0xe8, 0x68, 0x38, 0xff, 0xe8, 0x6c, 0x38, 0xff,
    0xe0, 0x68, 0x38, 0xff, 0xe8, 0x68, 0x38, 0xff, 0xf8, 0x74, 0x40, 0xff,
    0xf8, 0x74, 0x40, 0xff, 0xe0, 0x64, 0x38, 0xff, 0xd0, 0x5c, 0x30, 0xff,
    0xc8, 0x54, 0x30, 0xff, 0xc8, 0x50, 0x28, 0xff, 0xc0, 0x50, 0x28, 0xff,
    0xc0, 0x4c, 0x28, 0xff, 0xc0, 0x4c, 0x28, 0xff, 0xc0, 0x50, 0x28, 0xff,
    0xc8, 0x50, 0x28, 0xff, 0xc8, 0x54, 0x30, 0xff, 0xd0, 0x58, 0x30, 0xff,
    0xe0, 0x60, 0x38, 0xff, 0xf0, 0x6c, 0x40, 0xff, 0xf0, 0x70, 0x40, 0xff,
    0xe8, 0x6c, 0x40, 0xff, 0xe8, 0x68, 0x38, 0xff, 0xe0, 0x64, 0x38, 0xff,
    0xe8, 0x68, 0x38, 0xff, 0xe0, 0x64, 0x38, 0xff, 0xe8, 0x68, 0x38, 0xff,
    0xe8, 0x68, 0x38, 0xff, 0xe0, 0x64, 0x38, 0xff, 0xe0, 0x64, 0x38, 0xff,
    0xf0, 0x70, 0x40, 0xff, 0xe8, 0x68, 0x38, 0xff, 0xd8, 0x5c, 0x30, 0xff,
    0xd0, 0x54, 0x28, 0xff, 0xc8, 0x54, 0x28, 0xff, 0xc0, 0x50, 0x28, 0xff,
    0xc0, 0x4c, 0x28, 0xff, 0xc0, 0x50, 0x28, 0xff, 0xb8, 0x4c, 0x28, 0xff,
    0xb8, 0x4c, 0x28, 0xff, 0xc0, 0x50, 0x28, 0xff, 0xc0, 0x50, 0x28, 0xff,
    0xc0, 0x50, 0x28, 0xff, 0xc0, 0x50, 0x28, 0xff, 0xb8, 0x4c, 0x28, 0xff,
    0x98, 0x40, 0x20, 0xff, 0x88, 0x38, 0x18, 0xff, 0xa0, 0x3c, 0x20, 0xff,
    0x98, 0x3c, 0x20, 0xff, 0x90, 0x3c, 0x20, 0xff, 0x90, 0x3c, 0x20, 0xff,
    0x90, 0x3c, 0x20, 0xff, 0x90, 0x3c, 0x20, 0xff, 0x88, 0x3c, 0x20, 0xff,
    0x88, 0x38, 0x20, 0xff, 0x88, 0x38, 0x20, 0xff, 0x80, 0x38, 0x20, 0xff,
    0x78, 0x34, 0x18, 0xff, 0x70, 0x30, 0x18, 0xff, 0x88, 0x3c, 0x20, 0xff,
    0x80, 0x34, 0x20, 0xff, 0x88, 0x3c, 0x20, 0xff, 0x88, 0x3c, 0x20, 0xff,
    0x90, 0x3c, 0x20, 0xff, 0x90, 0x3c, 0x20, 0xff, 0x90, 0x3c, 0x20, 0xff,
    0x90, 0x40, 0x20, 0xff, 0x90, 0x3c, 0x20, 0xff, 0x88, 0x38, 0x18, 0xff,
    0x90, 0x3c, 0x20, 0xff, 0xb0, 0x4c, 0x28, 0xff, 0xb0, 0x4c, 0x28, 0xff,
    0xb0, 0x48, 0x28, 0xff, 0xb8, 0x4c, 0x28, 0xff, 0xb8, 0x4c, 0x28, 0xff,
    0xb8, 0x4c, 0x28, 0xff, 0xb8, 0x48, 0x28, 0xff, 0xb8, 0x4c, 0x28, 0xff,
    0xc0, 0x4c, 0x28, 0xff, 0xb8, 0x4c, 0x28, 0xff, 0xc0, 0x4c, 0x28, 0xff,
    0xc0, 0x4c, 0x28, 0xff, 0xc0, 0x50, 0x28, 0xff, 0xc0, 0x50, 0x28, 0xff,
    0xc0, 0x4c, 0x28, 0xff, 0xc0, 0x50, 0x28, 0xff, 0xc0, 0x4c, 0x28, 0xff,
    0xc0, 0x50, 0x28, 0xff, 0xc0, 0x50, 0x28, 0xff, 0xc0, 0x4c, 0x28, 0xff,
    0xc0, 0x50, 0x28, 0xff, 0xc0, 0x50, 0x28, 0xff, 0xc0, 0x4c, 0x28, 0xff,
    0xc0, 0x4c, 0x28, 0xff, 0xc0, 0x50, 0x28, 0xff, 0xc0, 0x4c, 0x28, 0xff,
    0xc0, 0x50, 0x28, 0xff, 0xc0, 0x50, 0x28, 0xff, 0xc0, 0x50, 0x28, 0xff,
    0xc0, 0x50, 0x28, 0xff, 0xc0, 0x50, 0x28, 0xff, 0xc0, 0x4c, 0x28, 0xff,
    0xc0, 0x50, 0x28, 0xff, 0xd8, 0x5c, 0x30, 0xff, 0xd8, 0x5c, 0x28, 0xff,
    0xd8, 0x5c, 0x30, 0xff, 0xd8, 0x5c, 0x30, 0xff, 0xd8, 0x5c, 0x30, 0xff,
    0xd8, 0x60, 0x30, 0xff, 0xd8, 0x5c, 0x30, 0xff, 0xd8, 0x58, 0x28, 0xff,
    0xd0, 0x58, 0x30, 0xff, 0xd8, 0x5c, 0x30, 0xff, 0xe0, 0x60, 0x30, 0xff,
    0xd0, 0x58, 0x30, 0xff, 0xd0, 0x58, 0x28, 0xff, 0xe0, 0x60, 0x30, 0xff,
    0xd8, 0x5c, 0x30, 0xff, 0xd8, 0x5c, 0x30, 0xff, 0xd8, 0x5c, 0x30, 0xff,
    0xd8, 0x5c, 0x30, 0xff, 0xd8, 0x5c, 0x30, 0xff, 0xd0, 0x58, 0x28, 0xff,
    0xd0, 0x54, 0x28, 0xff, 0xd8, 0x60, 0x30, 0xff, 0xd8, 0x60, 0x30, 0xff,
    0xd8, 0x5c, 0x30, 0xff, 0xd8, 0x60, 0x30, 0xff, 0xd8, 0x5c, 0x30, 0xff,
    0xd0, 0x58, 0x28, 0xff, 0xc8, 0x54, 0x28, 0xff, 0xd0, 0x54, 0x30, 0xff,
    0xd0, 0x58, 0x28, 0xff, 0xd0, 0x58, 0x30, 0xff, 0xd8, 0x58, 0x30, 0xff,
    0xd0, 0x5c, 0x28, 0xff, 0xd8, 0x5c, 0x30, 0xff, 0xd8, 0x5c, 0x30, 0xff,
    0xd8, 0x5c, 0x30, 0xff, 0xd8, 0x5c, 0x30, 0xff, 0xd8, 0x60, 0x30, 0xff,
    0xd8, 0x5c, 0x30, 0xff, 0xd8, 0x5c, 0x30, 0xff, 0xd8, 0x5c, 0x30, 0xff,
    0xd8, 0x5c, 0x30, 0xff, 0xd8, 0x60, 0x30, 0xff, 0xe0, 0x60, 0x38, 0xff,
    0xe8, 0x64, 0x38, 0xff, 0xe0, 0x64, 0x30, 0xff, 0xe0, 0x64, 0x30, 0xff,
    0xe8, 0x68, 0x38, 0xff, 0xe0, 0x68, 0x30, 0xff, 0xe0, 0x64, 0x38, 0xff,
    0xe0, 0x64, 0x38, 0xff, 0xe0, 0x64, 0x30, 0xff, 0xe0, 0x64, 0x38, 0xff,
    0xe0, 0x64, 0x38, 0xff, 0xe8, 0x64, 0x30, 0xff, 0xe0, 0x64, 0x38, 0xff,
    0xe8, 0x68, 0x38, 0xff, 0xe8, 0x68, 0x38, 0xff, 0xe8, 0x6c, 0x38, 0xff,
    0xe0, 0x68, 0x38, 0xff, 0xe8, 0x68, 0x40, 0xff, 0xe8, 0x6c, 0x38, 0xff,
    0xe0, 0x68, 0x38, 0xff, 0xe8, 0x68, 0x38, 0xff, 0xe8, 0x68, 0x38, 0xff,
    0xe8, 0x68, 0x38, 0xff, 0xe8, 0x68, 0x38, 0xff, 0xe8, 0x68, 0x40, 0xff,
    0xe8, 0x6c, 0x38, 0xff, 0xe0, 0x68, 0x38, 0xff, 0xe0, 0x6c, 0x40, 0xff,
    0xe8, 0x68, 0x38, 0xff, 0xe8, 0x6c, 0x38, 0xff, 0xe8, 0x68, 0x40, 0xff,
    0xe8, 0x68, 0x38, 0xff, 0xe8, 0x6c, 0x38, 0xff, 0xe8, 0x68, 0x38, 0xff,
    0xe8, 0x68, 0x38, 0xff, 0xe8, 0x68, 0x40, 0xff, 0xe8, 0x68, 0x38, 0xff,
    0xe0, 0x68, 0x38, 0xff, 0xe8, 0x68, 0x40, 0xff, 0xe8, 0x6c, 0x38, 0xff,
    0xe8, 0x68, 0x38, 0xff, 0xe8, 0x68, 0x40, 0xff, 0xe8, 0x68, 0x38, 0xff,
    0xe8, 0x68, 0x38, 0xff, 0xe8, 0x68, 0x38, 0xff, 0xe8, 0x68, 0x38, 0xff,
    0xe8, 0x68, 0x38, 0xff, 0xe8, 0x68, 0x38, 0xff, 0xe0, 0x60, 0x38, 0xff,
    0xd8, 0x60, 0x30, 0xff, 0xe0, 0x60, 0x30, 0xff, 0xe0, 0x64, 0x30, 0xff,
    0xd8, 0x60, 0x30, 0xff, 0xe0, 0x60, 0x38, 0xff, 0xe8, 0x68, 0x38, 0xff,
    0xe8, 0x6c, 0x38, 0xff, 0xe8, 0x68, 0x38, 0xff, 0xe8, 0x6c, 0x40, 0xff,
    0xe8, 0x68, 0x38, 0xff, 0xe8, 0x6c, 0x40, 0xff, 0xe8, 0x6c, 0x40, 0xff,
    0xe8, 0x68, 0x38, 0xff, 0xe8, 0x6c, 0x38, 0xff, 0xe8, 0x6c, 0x38, 0xff,
    0xe8, 0x68, 0x38, 0xff, 0xe8, 0x68, 0x38, 0xff, 0xe8, 0x6c, 0x38, 0xff,
    0xe0, 0x68, 0x38, 0xff, 0xe8, 0x68, 0x40, 0xff, 0xf8, 0x74, 0x40, 0xff,
    0xe0, 0x64, 0x38, 0xff, 0xc0, 0x50, 0x28, 0xff, 0xb0, 0x44, 0x20, 0xff,
    0xb0, 0x44, 0x20, 0xff, 0xb0, 0x48, 0x20, 0xff, 0xb0, 0x48, 0x20, 0xff,
    0xb0, 0x48, 0x20, 0xff, 0xb8, 0x48, 0x20, 0xff, 0xb0, 0x48, 0x20, 0xff,
    0xb0, 0x48, 0x20, 0xff, 0xb0, 0x44, 0x20, 0xff, 0xa8, 0x44, 0x20, 0xff,
    0xa8, 0x44, 0x20, 0xff, 0xa8, 0x44, 0x20, 0xff, 0xc0, 0x4c, 0x28, 0xff,
    0xd8, 0x5c, 0x30, 0xff, 0xe8, 0x6c, 0x38, 0xff, 0xf0, 0x6c, 0x40, 0xff,
    0xe8, 0x68, 0x38, 0xff, 0xe0, 0x68, 0x38, 0xff, 0xe8, 0x68, 0x38, 0xff,
    0xe0, 0x64, 0x38, 0xff, 0xe0, 0x64, 0x38, 0xff, 0xe0, 0x64, 0x38, 0xff,
    0xf8, 0x74, 0x40, 0xff, 0xe8, 0x68, 0x38, 0xff, 0xc0, 0x50, 0x28, 0xff,
    0xa8, 0x44, 0x20, 0xff, 0xa0, 0x40, 0x20, 0xff, 0xa0, 0x40, 0x20, 0xff,
    0xa0, 0x40, 0x20, 0xff, 0xa0, 0x40, 0x20, 0xff, 0xa0, 0x3c, 0x20, 0xff,
    0x98, 0x40, 0x20, 0xff, 0x98, 0x3c, 0x20, 0xff, 0x98, 0x3c, 0x20, 0xff,
    0x98, 0x3c, 0x20, 0xff, 0x98, 0x40, 0x20, 0xff, 0xa8, 0x44, 0x20, 0xff,
    0xb8, 0x4c, 0x28, 0xff, 0xb8, 0x50, 0x28, 0xff, 0xa0, 0x40, 0x20, 0xff,
    0x88, 0x34, 0x18, 0xff, 0x98, 0x3c, 0x20, 0xff, 0x90, 0x3c, 0x20, 0xff,
    0x90, 0x3c, 0x20, 0xff, 0x90, 0x3c, 0x20, 0xff, 0x90, 0x3c, 0x20, 0xff,
    0x90, 0x3c, 0x18, 0xff, 0x90, 0x38, 0x20, 0xff, 0x80, 0x38, 0x20, 0xff,
    0x80, 0x38, 0x20, 0xff, 0x78, 0x30, 0x18, 0xff, 0x70, 0x30, 0x18, 0xff,
    0x88, 0x3c, 0x20, 0xff, 0x80, 0x38, 0x20, 0xff, 0x88, 0x3c, 0x20, 0xff,
    0x90, 0x3c, 0x20, 0xff, 0x90, 0x3c, 0x20, 0xff, 0x90, 0x3c, 0x20, 0xff,
    0x90, 0x40, 0x20, 0xff, 0x98, 0x40, 0x20, 0xff, 0x98, 0x3c, 0x20, 0xff,
    0x88, 0x38, 0x20, 0xff, 0x90, 0x3c, 0x20, 0xff, 0xb0, 0x4c, 0x28, 0xff,
    0xb0, 0x48, 0x28, 0xff, 0xb0, 0x48, 0x28, 0xff, 0xb8, 0x4c, 0x28, 0xff,
    0xb8, 0x4c, 0x28, 0xff, 0xb8, 0x4c, 0x28, 0xff, 0xb8, 0x4c, 0x28, 0xff,
    0xb8, 0x4c, 0x28, 0xff, 0xc0, 0x4c, 0x28, 0xff, 0xb8, 0x4c, 0x28, 0xff,
    0xc0, 0x50, 0x28, 0xff, 0xc0, 0x4c, 0x28, 0xff, 0xc0, 0x50, 0x28, 0xff,
    0xc0, 0x4c, 0x28, 0xff, 0xc0, 0x4c, 0x28, 0xff, 0xc0, 0x50, 0x28, 0xff,
    0xc0, 0x4c, 0x28, 0xff, 0xc0, 0x4c, 0x28, 0xff, 0xc0, 0x50, 0x28, 0xff,
    0xc0, 0x4c, 0x28, 0xff, 0xc0, 0x4c, 0x28, 0xff, 0xc0, 0x50, 0x28, 0xff,
    0xc0, 0x50, 0x28, 0xff, 0xc0, 0x4c, 0x28, 0xff, 0xc0, 0x4c, 0x28, 0xff,
    0xc0, 0x50, 0x28, 0xff, 0xc0, 0x50, 0x28, 0xff, 0xc0, 0x50, 0x28, 0xff,
    0xc0, 0x4c, 0x28, 0xff, 0xc0, 0x50, 0x28, 0xff, 0xc0, 0x50, 0x28, 0xff,
    0xc0, 0x4c, 0x28, 0xff, 0xc0, 0x50, 0x28, 0xff, 0xd8, 0x5c, 0x28, 0xff,
    0xd8, 0x5c, 0x30, 0xff, 0xd0, 0x5c, 0x30, 0xff, 0xd8, 0x5c, 0x30, 0xff,
    0xd8, 0x5c, 0x28, 0xff, 0xd8, 0x60, 0x30, 0xff, 0xd8, 0x5c, 0x30, 0xff,
    0xd0, 0x5c, 0x28, 0xff, 0xd0, 0x58, 0x30, 0xff, 0xd8, 0x5c, 0x28, 0xff,
    0xe0, 0x64, 0x30, 0xff, 0xd0, 0x58, 0x30, 0xff, 0xd0, 0x58, 0x28, 0xff,
    0xd8, 0x60, 0x30, 0xff, 0xd8, 0x60, 0x30, 0xff, 0xd8, 0x5c, 0x30, 0xff,
    0xd8, 0x5c, 0x28, 0xff, 0xd0, 0x5c, 0x30, 0xff, 0xd8, 0x5c, 0x30, 0xff,
    0xd0, 0x54, 0x28, 0xff, 0xd0, 0x54, 0x28, 0xff, 0xd8, 0x60, 0x30, 0xff,
    0xd8, 0x5c, 0x30, 0xff, 0xd8, 0x5c, 0x30, 0xff, 0xd8, 0x5c, 0x30, 0xff,
    0xd8, 0x60, 0x30, 0xff, 0xd0, 0x58, 0x28, 0xff, 0xd0, 0x54, 0x28, 0xff,
    0xd0, 0x58, 0x30, 0xff, 0xd0, 0x58, 0x30, 0xff, 0xd0, 0x58, 0x28, 0xff,
    0xd8, 0x58, 0x30, 0xff, 0xd0, 0x5c, 0x30, 0xff, 0xd0, 0x58, 0x30, 0xff,
    0xd8, 0x5c, 0x30, 0xff, 0xd8, 0x5c, 0x30, 0xff, 0xd8, 0x5c, 0x30, 0xff,
    0xd8, 0x60, 0x30, 0xff, 0xd8, 0x5c, 0x30, 0xff, 0xd8, 0x60, 0x30, 0xff,
    0xd8, 0x5c, 0x30, 0xff, 0xd8, 0x5c, 0x30, 0xff, 0xd8, 0x60, 0x30, 0xff,
    0xe0, 0x60, 0x30, 0xff, 0xe0, 0x64, 0x38, 0xff, 0xe0, 0x64, 0x38, 0xff,
    0xe0, 0x64, 0x38, 0xff, 0xe0, 0x64, 0x38, 0xff, 0xe0, 0x64, 0x30, 0xff,
    0xe0, 0x64, 0x38, 0xff, 0xe0, 0x64, 0x30, 0xff, 0xe0, 0x64, 0x38, 0xff,
    0xe0, 0x68, 0x38, 0xff, 0xe0, 0x64, 0x30, 0xff, 0xe0, 0x64, 0x38, 0xff,
    0xe0, 0x64, 0x38, 0xff, 0xe8, 0x68, 0x38, 0xff, 0xe8, 0x68, 0x38, 0xff,
    0xe8, 0x6c, 0x38, 0xff, 0xe8, 0x68, 0x38, 0xff, 0xe8, 0x68, 0x38, 0xff,
    0xe8, 0x6c, 0x38, 0xff, 0xe8, 0x68, 0x38, 0xff, 0xe8, 0x68, 0x38, 0xff,
    0xe8, 0x6c, 0x38, 0xff, 0xe0, 0x68, 0x38, 0xff, 0xe8, 0x68, 0x38, 0xff,
    0xe8, 0x68, 0x38, 0xff, 0xe8, 0x6c, 0x38, 0xff, 0xe8, 0x68, 0x38, 0xff,
    0xe8, 0x68, 0x38, 0xff, 0xe8, 0x68, 0x38, 0xff, 0xe0, 0x6c, 0x38, 0xff,
    0xe8, 0x68, 0x38, 0xff, 0xe0, 0x68, 0x38, 0xff, 0xe8, 0x6c, 0x38, 0xff,
    0xe8, 0x68, 0x38, 0xff, 0xe8, 0x68, 0x38, 0xff, 0xe8, 0x6c, 0x38, 0xff,
    0xe8, 0x68, 0x38, 0xff, 0xe8, 0x68, 0x38, 0xff, 0xe8, 0x6c, 0x38, 0xff,
    0xe8, 0x68, 0x38, 0xff, 0xe8, 0x68, 0x38, 0xff, 0xe8, 0x68, 0x38, 0xff,
    0xe8, 0x6c, 0x38, 0xff, 0xe0, 0x68, 0x38, 0xff, 0xe8, 0x68, 0x38, 0xff,
    0xe8, 0x6c, 0x38, 0xff, 0xe8, 0x68, 0x38, 0xff, 0xe8, 0x68, 0x38, 0xff,
    0xe0, 0x64, 0x38, 0xff, 0xe0, 0x60, 0x30, 0xff, 0xd8, 0x64, 0x38, 0xff,
    0xe0, 0x60, 0x30, 0xff, 0xe0, 0x60, 0x30, 0xff, 0xe0, 0x64, 0x38, 0xff,
    0xe8, 0x68, 0x38, 0xff, 0xe8, 0x6c, 0x38, 0xff, 0xe8, 0x68, 0x40, 0xff,
    0xe8, 0x68, 0x38, 0xff, 0xe8, 0x68, 0x38, 0xff, 0xe8, 0x68, 0x38, 0xff,
    0xe8, 0x68, 0x38, 0xff, 0xe8, 0x68, 0x40, 0xff, 0xe8, 0x68, 0x40, 0xff,
    0xe8, 0x68, 0x38, 0xff, 0xe8, 0x68, 0x38, 0xff, 0xe8, 0x6c, 0x40, 0xff,
    0xe0, 0x68, 0x38, 0xff, 0xe8, 0x68, 0x38, 0xff, 0xf8, 0x74, 0x40, 0xff,
    0xd8, 0x60, 0x38, 0xff, 0xa0, 0x40, 0x20, 0xff, 0xa8, 0x44, 0x20, 0xff,
    0xb8, 0x48, 0x28, 0xff, 0xb0, 0x48, 0x20, 0xff, 0xa8, 0x44, 0x20, 0xff,
    0xa8, 0x40, 0x20, 0xff, 0xa0, 0x40, 0x20, 0xff, 0xa0, 0x40, 0x20, 0xff,
    0xa0, 0x40, 0x20, 0xff, 0xa0, 0x3c, 0x20, 0xff, 0xa0, 0x40, 0x20, 0xff,
    0xa8, 0x40, 0x20, 0xff, 0xa8, 0x40, 0x20, 0xff, 0xa8, 0x44, 0x20, 0xff,
    0xa0, 0x40, 0x20, 0xff, 0xa0, 0x40, 0x20, 0xff, 0xc0, 0x50, 0x28, 0xff,
    0xe0, 0x64, 0x38, 0xff, 0xf0, 0x6c, 0x40, 0xff, 0xe8, 0x68, 0x38, 0xff,
    0xe0, 0x68, 0x38, 0xff, 0xe8, 0x64, 0x38, 0xff, 0xe0, 0x64, 0x38, 0xff,
    0xf8, 0x74, 0x40, 0xff, 0xe0, 0x64, 0x38, 0xff, 0x90, 0x3c, 0x20, 0xff,
    0x88, 0x38, 0x18, 0xff, 0x98, 0x3c, 0x20, 0xff, 0x90, 0x3c, 0x18, 0xff,
    0x88, 0x38, 0x18, 0xff, 0x88, 0x38, 0x18, 0xff, 0x88, 0x38, 0x18, 0xff,
    0x88, 0x34, 0x18, 0xff, 0x80, 0x34, 0x18, 0xff, 0x80, 0x34, 0x18, 0xff,
    0x80, 0x34, 0x18, 0xff, 0x80, 0x34, 0x18, 0xff, 0x80, 0x34, 0x18, 0xff,
    0x80, 0x34, 0x18, 0xff, 0x80, 0x34, 0x18, 0xff, 0x98, 0x40, 0x20, 0xff,
    0xb8, 0x50, 0x30, 0xff, 0xa0, 0x40, 0x20, 0xff, 0x88, 0x34, 0x18, 0xff,
    0x98, 0x3c, 0x20, 0xff, 0x90, 0x38, 0x18, 0xff, 0x90, 0x3c, 0x20, 0xff,
    0x90, 0x3c, 0x20, 0xff, 0x88, 0x3c, 0x20, 0xff, 0x90, 0x3c, 0x18, 0xff,
    0x88, 0x38, 0x20, 0xff, 0x80, 0x38, 0x20, 0xff, 0x78, 0x34, 0x20, 0xff,
    0x70, 0x30, 0x18, 0xff, 0x88, 0x3c, 0x20, 0xff, 0x80, 0x38, 0x20, 0xff,
    0x88, 0x3c, 0x20, 0xff, 0x90, 0x3c, 0x20, 0xff, 0x90, 0x40, 0x28, 0xff,
    0x90, 0x40, 0x20, 0xff, 0x98, 0x3c, 0x20, 0xff, 0x98, 0x3c, 0x20, 0xff,
    0x98, 0x40, 0x20, 0xff, 0x88, 0x38, 0x20, 0xff, 0x90, 0x3c, 0x20, 0xff,
    0xb0, 0x4c, 0x28, 0xff, 0xb0, 0x48, 0x28, 0xff, 0xb8, 0x4c, 0x28, 0xff,
    0xb0, 0x4c, 0x28, 0xff, 0xb8, 0x4c, 0x28, 0xff, 0xb8, 0x4c, 0x28, 0xff,
    0xb8, 0x4c, 0x28, 0xff, 0xb8, 0x4c, 0x28, 0xff, 0xc0, 0x4c, 0x28, 0xff,
    0xb8, 0x4c, 0x28, 0xff, 0xb8, 0x4c, 0x28, 0xff, 0xc0, 0x4c, 0x28, 0xff,
    0xc0, 0x50, 0x28, 0xff, 0xb8, 0x50, 0x28, 0xff, 0xc0, 0x4c, 0x28, 0xff,
    0xc0, 0x50, 0x28, 0xff, 0xc0, 0x50, 0x28, 0xff, 0xc0, 0x4c, 0x28, 0xff,
    0xc0, 0x50, 0x28, 0xff, 0xc0, 0x50, 0x28, 0xff, 0xc0, 0x4c, 0x28, 0xff,
    0xc0, 0x4c, 0x28, 0xff, 0xc0, 0x50, 0x28, 0xff, 0xc0, 0x50, 0x28, 0xff,
    0xc0, 0x4c, 0x28, 0xff, 0xc0, 0x4c, 0x28, 0xff, 0xc0, 0x4c, 0x28, 0xff,
    0xc0, 0x4c, 0x28, 0xff, 0xc0, 0x50, 0x28, 0xff, 0xc0, 0x50, 0x28, 0xff,
    0xc0, 0x4c, 0x28, 0xff, 0xc0, 0x4c, 0x28, 0xff, 0xc0, 0x50, 0x28, 0xff,
    0xd8, 0x5c, 0x28, 0xff, 0xd8, 0x5c, 0x30, 0xff, 0xd8, 0x5c, 0x30, 0xff,
    0xd8, 0x5c, 0x28, 0xff, 0xd8, 0x5c, 0x30, 0xff, 0xd8, 0x60, 0x30, 0xff,
    0xd8, 0x5c, 0x30, 0xff, 0xd8, 0x58, 0x28, 0xff, 0xd0, 0x5c, 0x30, 0xff,
    0xd8, 0x5c, 0x30, 0xff, 0xe0, 0x60, 0x30, 0xff, 0xd0, 0x5c, 0x28, 0xff,
    0xd0, 0x54, 0x28, 0xff, 0xe0, 0x60, 0x30, 0xff, 0xd8, 0x60, 0x30, 0xff,
    0xd8, 0x5c, 0x30, 0xff, 0xd8, 0x5c, 0x30, 0xff, 0xd8, 0x5c, 0x30, 0xff,
    0xd8, 0x5c, 0x30, 0xff, 0xd0, 0x58, 0x28, 0xff, 0xd0, 0x58, 0x30, 0xff,
    0xd8, 0x5c, 0x30, 0xff, 0xd8, 0x5c, 0x30, 0xff, 0xd8, 0x5c, 0x30, 0xff,
    0xd8, 0x5c, 0x30, 0xff, 0xd8, 0x5c, 0x30, 0xff, 0xd0, 0x58, 0x28, 0xff,
    0xd0, 0x54, 0x28, 0xff, 0xd0, 0x58, 0x30, 0xff, 0xd0, 0x58, 0x28, 0xff,
    0xd0, 0x58, 0x30, 0xff, 0xd8, 0x5c, 0x28, 0xff, 0xd0, 0x5c, 0x30, 0xff,
    0xd8, 0x58, 0x28, 0xff, 0xd8, 0x5c, 0x30, 0xff, 0xd8, 0x5c, 0x30, 0xff,
    0xd8, 0x60, 0x30, 0xff, 0xd8, 0x60, 0x30, 0xff, 0xd8, 0x5c, 0x30, 0xff,
    0xd8, 0x5c, 0x30, 0xff, 0xd8, 0x5c, 0x30, 0xff, 0xd8, 0x5c, 0x30, 0xff,
    0xd8, 0x60, 0x30, 0xff, 0xe0, 0x64, 0x30, 0xff, 0xe0, 0x64, 0x38, 0xff,
    0xe0, 0x64, 0x38, 0xff, 0xe0, 0x64, 0x38, 0xff, 0xe0, 0x64, 0x30, 0xff,
    0xe0, 0x64, 0x38, 0xff, 0xe0, 0x64, 0x38, 0xff, 0xe0, 0x64, 0x30, 0xff,
    0xe0, 0x64, 0x38, 0xff, 0xe0, 0x64, 0x30, 0xff, 0xe0, 0x64, 0x38, 0xff,
    0xe0, 0x64, 0x38, 0xff, 0xe0, 0x64, 0x30, 0xff, 0xe0, 0x68, 0x38, 0xff,
    0xe8, 0x68, 0x38, 0xff, 0xe8, 0x68, 0x38, 0xff, 0xe8, 0x68, 0x38, 0xff,
    0xe8, 0x68, 0x38, 0xff, 0xe8, 0x68, 0x38, 0xff, 0xe8, 0x68, 0x40, 0xff,
    0xe8, 0x68, 0x38, 0xff, 0xe0, 0x6c, 0x38, 0xff, 0xe8, 0x68, 0x38, 0xff,
    0xe8, 0x68, 0x38, 0xff, 0xe8, 0x6c, 0x38, 0xff, 0xe8, 0x68, 0x38, 0xff,
    0xe8, 0x6c, 0x40, 0xff, 0xe8, 0x68, 0x38, 0xff, 0xe8, 0x68, 0x38, 0xff,
    0xe0, 0x68, 0x38, 0xff, 0xe8, 0x68, 0x38, 0xff, 0xe8, 0x68, 0x40, 0xff,
    0xe0, 0x68, 0x38, 0xff, 0xe8, 0x68, 0x38, 0xff, 0xe8, 0x6c, 0x38, 0xff,
    0xe8, 0x68, 0x38, 0xff, 0xe8, 0x68, 0x38, 0xff, 0xe8, 0x6c, 0x38, 0xff,
    0xe8, 0x68, 0x38, 0xff, 0xe8, 0x68, 0x38, 0xff, 0xe0, 0x68, 0x40, 0xff,
    0xe8, 0x6c, 0x38, 0xff, 0xe8, 0x68, 0x38, 0xff, 0xe8, 0x68, 0x38, 0xff,
    0xe8, 0x6c, 0x38, 0xff, 0xe8, 0x68, 0x40, 0xff, 0xe8, 0x6c, 0x38, 0xff,
    0xe8, 0x6c, 0x38, 0xff, 0xe0, 0x64, 0x38, 0xff, 0xe0, 0x60, 0x30, 0xff,
    0xd8, 0x60, 0x30, 0xff, 0xe0, 0x64, 0x38, 0xff, 0xe0, 0x60, 0x30, 0xff,
    0xe0, 0x60, 0x30, 0xff, 0xe0, 0x64, 0x38, 0xff, 0xe8, 0x6c, 0x38, 0xff,
    0xe8, 0x6c, 0x38, 0xff, 0xe8, 0x6c, 0x38, 0xff, 0xe8, 0x6c, 0x38, 0xff,
    0xe8, 0x68, 0x38, 0xff, 0xe8, 0x68, 0x38, 0xff, 0xe8, 0x6c, 0x38, 0xff,
    0xe8, 0x68, 0x38, 0xff, 0xe8, 0x68, 0x38, 0xff, 0xe8, 0x68, 0x38, 0xff,
    0xe8, 0x68, 0x38, 0xff, 0xe8, 0x68, 0x38, 0xff, 0xf0, 0x70, 0x40, 0xff,
    0xe0, 0x64, 0x38, 0xff, 0xa0, 0x40, 0x20, 0xff, 0xa8, 0x40, 0x20, 0xff,
    0xb0, 0x44, 0x20, 0xff, 0xa0, 0x40, 0x20, 0xff, 0xa0, 0x40, 0x20, 0xff,
    0x98, 0x3c, 0x20, 0xff, 0x98, 0x38, 0x18, 0xff, 0x98, 0x3c, 0x18, 0xff,
    0x90, 0x38, 0x18, 0xff, 0x90, 0x38, 0x18, 0xff, 0x88, 0x38, 0x18, 0xff,
    0x88, 0x34, 0x18, 0xff, 0x88, 0x38, 0x18, 0xff, 0x90, 0x38, 0x18, 0xff,
    0x88, 0x38, 0x18, 0xff, 0x90, 0x38, 0x18, 0xff, 0x98, 0x3c, 0x18, 0xff,
    0x98, 0x3c, 0x20, 0xff, 0xc0, 0x50, 0x28, 0xff, 0xe0, 0x60, 0x30, 0xff,
    0xf8, 0x74, 0x40, 0xff, 0xe0, 0x68, 0x38, 0xff, 0xe0, 0x64, 0x38, 0xff,
    0xf0, 0x70, 0x40, 0xff, 0xe8, 0x68, 0x38, 0xff, 0x90, 0x38, 0x20, 0xff,
    0x78, 0x30, 0x18, 0xff, 0x90, 0x38, 0x18, 0xff, 0x80, 0x34, 0x18, 0xff,
    0x78, 0x30, 0x18, 0xff, 0x78, 0x2c, 0x18, 0xff, 0x70, 0x2c, 0x18, 0xff,
    0x70, 0x2c, 0x18, 0xff, 0x70, 0x2c, 0x10, 0xff, 0x70, 0x28, 0x10, 0xff,
    0x70, 0x28, 0x10, 0xff, 0x70, 0x28, 0x10, 0xff, 0x68, 0x28, 0x18, 0xff,
    0x68, 0x28, 0x18, 0xff, 0x70, 0x2c, 0x18, 0xff, 0x70, 0x2c, 0x18, 0xff,
    0x68, 0x2c, 0x18, 0xff, 0x88, 0x34, 0x18, 0xff, 0xb8, 0x4c, 0x28, 0xff,
    0x88, 0x38, 0x20, 0xff, 0x88, 0x34, 0x18, 0xff, 0x90, 0x3c, 0x20, 0xff,
    0x90, 0x3c, 0x18, 0xff, 0x90, 0x38, 0x20, 0xff, 0x88, 0x38, 0x20, 0xff,
    0x90, 0x3c, 0x20, 0xff, 0x88, 0x3c, 0x20, 0xff, 0x80, 0x38, 0x20, 0xff,
    0x78, 0x34, 0x20, 0xff, 0x78, 0x30, 0x18, 0xff, 0x88, 0x3c, 0x20, 0xff,
    0x80, 0x38, 0x20, 0xff, 0x88, 0x3c, 0x20, 0xff, 0x90, 0x3c, 0x28, 0xff,
    0x98, 0x40, 0x20, 0xff, 0x98, 0x40, 0x20, 0xff, 0x90, 0x40, 0x20, 0xff,
    0x98, 0x40, 0x20, 0xff, 0x90, 0x3c, 0x20, 0xff, 0x88, 0x38, 0x20, 0xff,
    0x90, 0x3c, 0x20, 0xff, 0xb8, 0x4c, 0x28, 0xff, 0xb0, 0x48, 0x28, 0xff,
    0xb8, 0x4c, 0x28, 0xff, 0xb8, 0x4c, 0x28, 0xff, 0xb8, 0x48, 0x28, 0xff,
    0xb8, 0x4c, 0x28, 0xff, 0xb8, 0x4c, 0x28, 0xff, 0xb8, 0x4c, 0x28, 0xff,
    0xc0, 0x4c, 0x28, 0xff, 0xc0, 0x4c, 0x28, 0xff, 0xb8, 0x4c, 0x28, 0xff,
    0xc0, 0x4c, 0x28, 0xff, 0xc0, 0x50, 0x28, 0xff, 0xc0, 0x50, 0x28, 0xff,
    0xc0, 0x50, 0x28, 0xff, 0xc0, 0x50, 0x28, 0xff, 0xc0, 0x50, 0x28, 0xff,
    0xc0, 0x50, 0x28, 0xff, 0xc0, 0x4c, 0x28, 0xff, 0xc0, 0x50, 0x28, 0xff,
    0xc0, 0x50, 0x28, 0xff, 0xc0, 0x4c, 0x28, 0xff, 0xc0, 0x50, 0x28, 0xff,
    0xc0, 0x4c, 0x28, 0xff, 0xc0, 0x50, 0x28, 0xff, 0xc0, 0x50, 0x28, 0xff,
    0xc0, 0x50, 0x28, 0xff, 0xc0, 0x4c, 0x28, 0xff, 0xc0, 0x4c, 0x28, 0xff,
    0xc0, 0x50, 0x28, 0xff, 0xc0, 0x50, 0x28, 0xff, 0xc0, 0x4c, 0x28, 0xff,
    0xc0, 0x50, 0x28, 0xff, 0xd8, 0x5c, 0x30, 0xff, 0xd8, 0x5c, 0x28, 0xff,
    0xd0, 0x5c, 0x30, 0xff, 0xd8, 0x5c, 0x30, 0xff, 0xd8, 0x5c, 0x30, 0xff,
    0xd8, 0x60, 0x30, 0xff, 0xd0, 0x58, 0x28, 0xff, 0xd8, 0x5c, 0x28, 0xff,
    0xd0, 0x5c, 0x30, 0xff, 0xd8, 0x5c, 0x30, 0xff, 0xe0, 0x60, 0x30, 0xff,
    0xd0, 0x58, 0x30, 0xff, 0xc8, 0x58, 0x30, 0xff, 0xe0, 0x60, 0x30, 0xff,
    0xd8, 0x5c, 0x30, 0xff, 0xd8, 0x5c, 0x30, 0xff, 0xd8, 0x5c, 0x30, 0xff,
    0xd8, 0x5c, 0x30, 0xff, 0xd8, 0x5c, 0x30, 0xff, 0xd0, 0x58, 0x28, 0xff,
    0xc8, 0x58, 0x28, 0xff, 0xd8, 0x5c, 0x30, 0xff, 0xd8, 0x5c, 0x30, 0xff,
    0xd8, 0x60, 0x30, 0xff, 0xd8, 0x60, 0x30, 0xff, 0xd8, 0x5c, 0x30, 0xff,
    0xd0, 0x58, 0x28, 0xff, 0xd0, 0x58, 0x28, 0xff, 0xd0, 0x58, 0x30, 0xff,
    0xd0, 0x58, 0x30, 0xff, 0xd0, 0x58, 0x28, 0xff, 0xd8, 0x5c, 0x30, 0xff,
    0xd8, 0x5c, 0x28, 0xff, 0xd0, 0x5c, 0x30, 0xff, 0xd8, 0x5c, 0x30, 0xff,
    0xd8, 0x5c, 0x30, 0xff, 0xd8, 0x5c, 0x30, 0xff, 0xd8, 0x60, 0x30, 0xff,
    0xd8, 0x5c, 0x30, 0xff, 0xd8, 0x60, 0x30, 0xff, 0xd8, 0x5c, 0x30, 0xff,
    0xd8, 0x5c, 0x30, 0xff, 0xd8, 0x5c, 0x30, 0xff, 0xe0, 0x60, 0x30, 0xff,
    0xe0, 0x60, 0x38, 0xff, 0xe0, 0x64, 0x30, 0xff, 0xe0, 0x64, 0x30, 0xff,
    0xe0, 0x64, 0x30, 0xff, 0xe8, 0x64, 0x38, 0xff, 0xe0, 0x64, 0x38, 0xff,
    0xe0, 0x64, 0x30, 0xff, 0xe8, 0x64, 0x30, 0xff, 0xe0, 0x64, 0x38, 0xff,
    0xe0, 0x64, 0x30, 0xff, 0xe8, 0x64, 0x38, 0xff, 0xe0, 0x64, 0x30, 0xff,
    0xe0, 0x64, 0x38, 0xff, 0xe8, 0x68, 0x38, 0xff, 0xe8, 0x68, 0x38, 0xff,
    0xe8, 0x6c, 0x40, 0xff, 0xe8, 0x68, 0x38, 0xff, 0xe8, 0x6c, 0x38, 0xff,
    0xe8, 0x68, 0x38, 0xff, 0xe8, 0x68, 0x40, 0xff, 0xe8, 0x68, 0x38, 0xff,
    0xe8, 0x68, 0x38, 0xff, 0xe8, 0x68, 0x40, 0xff, 0xe8, 0x68, 0x38, 0xff,
    0xe8, 0x68, 0x38, 0xff, 0xe8, 0x68, 0x38, 0xff, 0xe8, 0x6c, 0x38, 0xff,
    0xe8, 0x68, 0x40, 0xff, 0xe8, 0x6c, 0x38, 0xff, 0xe8, 0x68, 0x38, 0xff,
    0xe8, 0x6c, 0x38, 0xff, 0xe8, 0x68, 0x38, 0xff, 0xe0, 0x68, 0x40, 0xff,
    0xe8, 0x68, 0x38, 0xff, 0xe0, 0x68, 0x38, 0xff, 0xe8, 0x68, 0x40, 0xff,
    0xe0, 0x68, 0x38, 0xff, 0xe8, 0x6c, 0x38, 0xff, 0xe8, 0x68, 0x38, 0xff,
    0xe8, 0x68, 0x38, 0xff, 0xe8, 0x68, 0x38, 0xff, 0xe8, 0x68, 0x38, 0xff,
    0xe8, 0x68, 0x38, 0xff, 0xe8, 0x68, 0x38, 0xff, 0xe8, 0x68, 0x38, 0xff,
    0xe8, 0x68, 0x38, 0xff, 0xe8, 0x6c, 0x38, 0xff, 0xe0, 0x64, 0x38, 0xff,
    0xe0, 0x64, 0x38, 0xff, 0xe0, 0x60, 0x30, 0xff, 0xe0, 0x60, 0x30, 0xff,
    0xe0, 0x64, 0x30, 0xff, 0xe0, 0x60, 0x30, 0xff, 0xe0, 0x64, 0x38, 0xff,
    0xe8, 0x68, 0x38, 0xff, 0xe8, 0x68, 0x38, 0xff, 0xe8, 0x68, 0x38, 0xff,
    0xe8, 0x68, 0x40, 0xff, 0xe8, 0x68, 0x38, 0xff, 0xe8, 0x68, 0x38, 0xff,
    0xe8, 0x6c, 0x38, 0xff, 0xe8, 0x68, 0x38, 0xff, 0xe8, 0x6c, 0x38, 0xff,
    0xe0, 0x6c, 0x38, 0xff, 0xe8, 0x68, 0x38, 0xff, 0xe8, 0x6c, 0x40, 0xff,
    0xf0, 0x70, 0x40, 0xff, 0xc0, 0x4c, 0x28, 0xff, 0x88, 0x38, 0x18, 0xff,
    0xa8, 0x40, 0x20, 0xff, 0xa0, 0x3c, 0x20, 0xff, 0x90, 0x3c, 0x18, 0xff,
    0x90, 0x38, 0x18, 0xff, 0x98, 0x38, 0x18, 0xff, 0x98, 0x3c, 0x20, 0xff,
    0xa0, 0x3c, 0x20, 0xff, 0x98, 0x40, 0x20, 0xff, 0xa0, 0x40, 0x20, 0xff,
    0xa0, 0x3c, 0x20, 0xff, 0x98, 0x3c, 0x20, 0xff, 0x98, 0x3c, 0x20, 0xff,
    0x98, 0x3c, 0x18, 0xff, 0x88, 0x34, 0x18, 0xff, 0x80, 0x34, 0x18, 0xff,
    0x80, 0x30, 0x18, 0xff, 0x80, 0x34, 0x18, 0xff, 0xa0, 0x3c, 0x18, 0xff,
    0xc8, 0x54, 0x30, 0xff, 0xc8, 0x58, 0x30, 0xff, 0xd8, 0x60, 0x38, 0xff,
    0xe8, 0x6c, 0x38, 0xff, 0xf0, 0x70, 0x40, 0xff, 0xc0, 0x4c, 0x28, 0xff,
    0x68, 0x2c, 0x10, 0xff, 0x88, 0x34, 0x18, 0xff, 0x78, 0x2c, 0x18, 0xff,
    0x70, 0x28, 0x10, 0xff, 0x70, 0x2c, 0x18, 0xff, 0x80, 0x34, 0x18, 0xff,
    0x88, 0x34, 0x18, 0xff, 0x88, 0x34, 0x18, 0xff, 0x88, 0x38, 0x18, 0xff,
    0x88, 0x38, 0x20, 0xff, 0x88, 0x34, 0x18, 0xff, 0x80, 0x34, 0x18, 0xff,
    0x78, 0x34, 0x18, 0xff, 0x70, 0x2c, 0x18, 0xff, 0x60, 0x28, 0x10, 0xff,
    0x60, 0x28, 0x10, 0xff, 0x60, 0x24, 0x10, 0xff, 0x60, 0x24, 0x10, 0xff,
    0x90, 0x3c, 0x20, 0xff, 0xa8, 0x48, 0x28, 0xff, 0x78, 0x30, 0x18, 0xff,
    0x90, 0x38, 0x18, 0xff, 0x90, 0x3c, 0x20, 0xff, 0x88, 0x38, 0x20, 0xff,
    0x88, 0x3c, 0x20, 0xff, 0x90, 0x3c, 0x20, 0xff, 0x88, 0x38, 0x20, 0xff,
    0x80, 0x38, 0x20, 0xff, 0x78, 0x34, 0x18, 0xff, 0x78, 0x30, 0x18, 0xff,
    0x88, 0x3c, 0x20, 0xff, 0x80, 0x38, 0x20, 0xff, 0x90, 0x40, 0x28, 0xff,
    0x90, 0x40, 0x20, 0xff, 0x98, 0x40, 0x20, 0xff, 0x98, 0x40, 0x28, 0xff,
    0x90, 0x40, 0x20, 0xff, 0x98, 0x40, 0x20, 0xff, 0x98, 0x3c, 0x20, 0xff,
    0x88, 0x38, 0x20, 0xff, 0x90, 0x3c, 0x20, 0xff, 0xb0, 0x4c, 0x28, 0xff,
    0xb0, 0x48, 0x28, 0xff, 0xb0, 0x48, 0x28, 0xff, 0xb0, 0x4c, 0x28, 0xff,
    0xb8, 0x4c, 0x28, 0xff, 0xb8, 0x4c, 0x28, 0xff, 0xb8, 0x4c, 0x28, 0xff,
    0xb8, 0x4c, 0x28, 0xff, 0xc0, 0x4c, 0x28, 0xff, 0xc0, 0x50, 0x28, 0xff,
    0xc0, 0x50, 0x28, 0xff, 0xc0, 0x50, 0x28, 0xff, 0xc0, 0x50, 0x28, 0xff,
    0xc0, 0x50, 0x28, 0xff, 0xb8, 0x50, 0x28, 0xff, 0xc0, 0x4c, 0x28, 0xff,
    0xc0, 0x50, 0x28, 0xff, 0xc0, 0x50, 0x28, 0xff, 0xc0, 0x50, 0x28, 0xff,
    0xc0, 0x50, 0x28, 0xff, 0xc0, 0x50, 0x28, 0xff, 0xc0, 0x50, 0x28, 0xff,
    0xc0, 0x4c, 0x28, 0xff, 0xc0, 0x4c, 0x28, 0xff, 0xc0, 0x50, 0x28, 0xff,
    0xc0, 0x4c, 0x28, 0xff, 0xc0, 0x50, 0x28, 0xff, 0xc0, 0x50, 0x28, 0xff,
    0xc0, 0x4c, 0x28, 0xff, 0xc0, 0x4c, 0x28, 0xff, 0xc0, 0x50, 0x28, 0xff,
    0xc0, 0x4c, 0x28, 0xff, 0xc0, 0x50, 0x28, 0xff, 0xd8, 0x5c, 0x28, 0xff,
    0xd8, 0x5c, 0x30, 0xff, 0xd0, 0x5c, 0x28, 0xff, 0xd8, 0x5c, 0x30, 0xff,
    0xd8, 0x5c, 0x30, 0xff, 0xd8, 0x60, 0x30, 0xff, 0xd8, 0x58, 0x30, 0xff,
    0xd8, 0x5c, 0x30, 0xff, 0xd0, 0x58, 0x28, 0xff, 0xd0, 0x58, 0x30, 0xff,
    0xe0, 0x64, 0x30, 0xff, 0xd0, 0x5c, 0x28, 0xff, 0xd0, 0x54, 0x28, 0xff,
    0xd8, 0x60, 0x30, 0xff, 0xd8, 0x5c, 0x30, 0xff, 0xd8, 0x60, 0x30, 0xff,
    0xd0, 0x5c, 0x28, 0xff, 0xd0, 0x5c, 0x30, 0xff, 0xd8, 0x5c, 0x30, 0xff,
    0xd0, 0x54, 0x28, 0xff, 0xd0, 0x58, 0x28, 0xff, 0xd8, 0x60, 0x30, 0xff,
    0xd8, 0x5c, 0x30, 0xff, 0xd8, 0x5c, 0x30, 0xff, 0xd8, 0x5c, 0x30, 0xff,
    0xd8, 0x5c, 0x30, 0xff, 0xd0, 0x58, 0x28, 0xff, 0xd0, 0x58, 0x28, 0xff,
    0xd0, 0x58, 0x30, 0xff, 0xd0, 0x58, 0x28, 0xff, 0xd0, 0x58, 0x30, 0xff,
    0xd8, 0x5c, 0x30, 0xff, 0xd0, 0x58, 0x30, 0xff, 0xd8, 0x5c, 0x30, 0xff,
    0xd8, 0x5c, 0x30, 0xff, 0xd8, 0x5c, 0x30, 0xff, 0xd8, 0x5c, 0x30, 0xff,
    0xd8, 0x5c, 0x30, 0xff, 0xd8, 0x5c, 0x30, 0xff, 0xd8, 0x60, 0x30, 0xff,
    0xd8, 0x5c, 0x30, 0xff, 0xd8, 0x5c, 0x30, 0xff, 0xd8, 0x5c, 0x30, 0xff,
    0xd8, 0x60, 0x30, 0xff, 0xe0, 0x64, 0x38, 0xff, 0xe0, 0x64, 0x30, 0xff,
    0xe0, 0x64, 0x38, 0xff, 0xe0, 0x60, 0x38, 0xff, 0xe0, 0x60, 0x30, 0xff,
    0xe0, 0x64, 0x30, 0xff, 0xe0, 0x64, 0x38, 0xff, 0xe0, 0x60, 0x38, 0xff,
    0xe0, 0x64, 0x30, 0xff, 0xe0, 0x60, 0x30, 0xff, 0xe0, 0x60, 0x38, 0xff,
    0xe0, 0x60, 0x38, 0xff, 0xe0, 0x64, 0x38, 0xff, 0xe0, 0x68, 0x38, 0xff,
    0xe8, 0x68, 0x38, 0xff, 0xe8, 0x68, 0x38, 0xff, 0xe8, 0x68, 0x38, 0xff,
    0xe0, 0x68, 0x38, 0xff, 0xe8, 0x6c, 0x38, 0xff, 0xe8, 0x68, 0x38, 0xff,
    0xe8, 0x6c, 0x38, 0xff, 0xe8, 0x68, 0x40, 0xff, 0xe8, 0x6c, 0x38, 0xff,
    0xe0, 0x68, 0x38, 0xff, 0xe8, 0x68, 0x38, 0xff, 0xe8, 0x68, 0x38, 0xff,
    0xe8, 0x68, 0x38, 0xff, 0xe8, 0x68, 0x38, 0xff, 0xe8, 0x68, 0x38, 0xff,
    0xe8, 0x6c, 0x40, 0xff, 0xe8, 0x6c, 0x38, 0xff, 0xe8, 0x68, 0x38, 0xff,
    0xe8, 0x68, 0x38, 0xff, 0xe8, 0x6c, 0x38, 0xff, 0xe0, 0x6c, 0x38, 0xff,
    0xe0, 0x68, 0x38, 0xff, 0xe8, 0x68, 0x38, 0xff, 0xe8, 0x68, 0x40, 0xff,
    0xe8, 0x6c, 0x38, 0xff, 0xe8, 0x68, 0x38, 0xff, 0xe8, 0x6c, 0x38, 0xff,
    0xe8, 0x68, 0x40, 0xff, 0xe0, 0x6c, 0x38, 0xff, 0xe8, 0x68, 0x38, 0xff,
    0xe8, 0x68, 0x38, 0xff, 0xe8, 0x68, 0x38, 0xff, 0xe8, 0x6c, 0x40, 0xff,
    0xe8, 0x68, 0x38, 0xff, 0xe0, 0x60, 0x38, 0xff, 0xd8, 0x60, 0x30, 0xff,
    0xd8, 0x60, 0x30, 0xff, 0xd8, 0x60, 0x38, 0xff, 0xe0, 0x60, 0x30, 0xff,
    0xe0, 0x64, 0x38, 0xff, 0xe8, 0x68, 0x38, 0xff, 0xe8, 0x68, 0x38, 0xff,
    0xe8, 0x68, 0x38, 0xff, 0xe8, 0x68, 0x38, 0xff, 0xe8, 0x68, 0x38, 0xff,
    0xe8, 0x6c, 0x38, 0xff, 0xe8, 0x68, 0x40, 0xff, 0xe8, 0x68, 0x38, 0xff,
    0xe8, 0x68, 0x38, 0xff, 0xe8, 0x68, 0x40, 0xff, 0xe8, 0x68, 0x38, 0xff,
    0xf0, 0x70, 0x40, 0xff, 0xd8, 0x64, 0x30, 0xff, 0xa0, 0x3c, 0x20, 0xff,
    0x90, 0x38, 0x18, 0xff, 0x98, 0x3c, 0x18, 0xff, 0x80, 0x34, 0x18, 0xff,
    0x98, 0x3c, 0x20, 0xff, 0xb0, 0x44, 0x20, 0xff, 0xb8, 0x4c, 0x28, 0xff,
    0xb8, 0x4c, 0x28, 0xff, 0xc0, 0x4c, 0x28, 0xff, 0xc0, 0x4c, 0x28, 0xff,
    0xc0, 0x4c, 0x28, 0xff, 0xc0, 0x4c, 0x28, 0xff, 0xc0, 0x4c, 0x28, 0xff,
    0xc0, 0x4c, 0x28, 0xff, 0xc0, 0x4c, 0x28, 0xff, 0xb8, 0x48, 0x20, 0xff,
    0xa8, 0x44, 0x20, 0xff, 0x90, 0x3c, 0x20, 0xff, 0x78, 0x30, 0x18, 0xff,
    0x78, 0x30, 0x10, 0xff, 0xc0, 0x4c, 0x28, 0xff, 0xb8, 0x44, 0x20, 0xff,
    0xd8, 0x5c, 0x30, 0xff, 0xf8, 0x74, 0x40, 0xff, 0xd8, 0x64, 0x38, 0xff,
    0x80, 0x34, 0x18, 0xff, 0x70, 0x2c, 0x10, 0xff, 0x70, 0x2c, 0x10, 0xff,
    0x70, 0x2c, 0x18, 0xff, 0x98, 0x3c, 0x20, 0xff, 0xb0, 0x44, 0x20, 0xff,
    0xb8, 0x4c, 0x28, 0xff, 0xb8, 0x4c, 0x28, 0xff, 0xb8, 0x4c, 0x28, 0xff,
    0xb8, 0x4c, 0x28, 0xff, 0xb8, 0x4c, 0x28, 0xff, 0xb0, 0x48, 0x28, 0xff,
    0xb0, 0x48, 0x28, 0xff, 0xa8, 0x44, 0x20, 0xff, 0xa0, 0x44, 0x20, 0xff,
    0x98, 0x40, 0x20, 0xff, 0x88, 0x38, 0x20, 0xff, 0x68, 0x2c, 0x18, 0xff,
    0x58, 0x24, 0x10, 0xff, 0x60, 0x28, 0x10, 0xff, 0xa0, 0x44, 0x20, 0xff,
    0x80, 0x34, 0x18, 0xff, 0x78, 0x30, 0x18, 0xff, 0x90, 0x38, 0x20, 0xff,
    0x88, 0x38, 0x18, 0xff, 0x88, 0x38, 0x18, 0xff, 0x88, 0x38, 0x20, 0xff,
    0x88, 0x38, 0x20, 0xff, 0x88, 0x38, 0x20, 0xff, 0x78, 0x34, 0x18, 0xff,
    0x70, 0x30, 0x18, 0xff, 0x90, 0x40, 0x28, 0xff, 0x88, 0x38, 0x20, 0xff,
    0x90, 0x40, 0x20, 0xff, 0x90, 0x40, 0x28, 0xff, 0x90, 0x40, 0x20, 0xff,
    0x98, 0x40, 0x28, 0xff, 0x98, 0x40, 0x20, 0xff, 0x98, 0x40, 0x20, 0xff,
    0x98, 0x40, 0x20, 0xff, 0x88, 0x38, 0x20, 0xff, 0x90, 0x3c, 0x20, 0xff,
    0xb0, 0x4c, 0x28, 0xff, 0xb0, 0x48, 0x28, 0xff, 0xb0, 0x4c, 0x28, 0xff,
    0xb8, 0x4c, 0x28, 0xff, 0xb8, 0x4c, 0x28, 0xff, 0xb8, 0x4c, 0x28, 0xff,
    0xb8, 0x4c, 0x28, 0xff, 0xb8, 0x4c, 0x28, 0xff, 0xb8, 0x4c, 0x28, 0xff,
    0xb8, 0x4c, 0x28, 0xff, 0xc0, 0x50, 0x28, 0xff, 0xb8, 0x4c, 0x28, 0xff,
    0xc0, 0x50, 0x28, 0xff, 0xc0, 0x50, 0x28, 0xff, 0xc0, 0x4c, 0x28, 0xff,
    0xc0, 0x50, 0x28, 0xff, 0xc0, 0x50, 0x28, 0xff, 0xc0, 0x4c, 0x28, 0xff,
    0xc0, 0x50, 0x28, 0xff, 0xc0, 0x4c, 0x28, 0xff, 0xc0, 0x50, 0x28, 0xff,
    0xc0, 0x50, 0x28, 0xff, 0xc0, 0x50, 0x28, 0xff, 0xc0, 0x50, 0x28, 0xff,
    0xc0, 0x4c, 0x28, 0xff, 0xc0, 0x4c, 0x28, 0xff, 0xc0, 0x4c, 0x28, 0xff,
    0xc0, 0x50, 0x28, 0xff, 0xc0, 0x50, 0x28, 0xff, 0xc0, 0x50, 0x28, 0xff,
    0xc0, 0x50, 0x28, 0xff, 0xc0, 0x4c, 0x28, 0xff, 0xc0, 0x50, 0x28, 0xff,
    0xd8, 0x5c, 0x28, 0xff, 0xd8, 0x58, 0x30, 0xff, 0xd8, 0x5c, 0x30, 0xff,
    0xd8, 0x5c, 0x30, 0xff, 0xd8, 0x5c, 0x28, 0xff, 0xd8, 0x60, 0x30, 0xff,
    0xd8, 0x5c, 0x30, 0xff, 0xd0, 0x54, 0x28, 0xff, 0xd0, 0x58, 0x28, 0xff,
    0xd8, 0x5c, 0x30, 0xff, 0xe0, 0x64, 0x30, 0xff, 0xd0, 0x58, 0x30, 0xff,
    0xd0, 0x58, 0x28, 0xff, 0xe0, 0x60, 0x30, 0xff, 0xd8, 0x60, 0x30, 0xff,
    0xd8, 0x5c, 0x30, 0xff, 0xd8, 0x5c, 0x30, 0xff, 0xd8, 0x5c, 0x30, 0xff,
    0xd8, 0x5c, 0x30, 0xff, 0xd0, 0x58, 0x28, 0xff, 0xd0, 0x54, 0x30, 0xff,
    0xd8, 0x5c, 0x30, 0xff, 0xd8, 0x5c, 0x30, 0xff, 0xd8, 0x5c, 0x30, 0xff,
    0xd8, 0x60, 0x30, 0xff, 0xd8, 0x5c, 0x30, 0xff, 0xd0, 0x5c, 0x30, 0xff,
    0xd0, 0x58, 0x28, 0xff, 0xd0, 0x58, 0x28, 0xff, 0xd0, 0x58, 0x30, 0xff,
    0xd8, 0x58, 0x30, 0xff, 0xd0, 0x5c, 0x28, 0xff, 0xd0, 0x5c, 0x28, 0xff,
    0xd8, 0x5c, 0x30, 0xff, 0xd8, 0x5c, 0x30, 0xff, 0xd0, 0x5c, 0x30, 0xff,
    0xd8, 0x5c, 0x30, 0xff, 0xd8, 0x5c, 0x30, 0xff, 0xd8, 0x5c, 0x30, 0xff,
    0xd8, 0x5c, 0x30, 0xff, 0xd8, 0x60, 0x30, 0xff, 0xd8, 0x5c, 0x30, 0xff,
    0xd8, 0x5c, 0x30, 0xff, 0xd8, 0x60, 0x30, 0xff, 0xe0, 0x60, 0x30, 0xff,
    0xe0, 0x60, 0x38, 0xff, 0xe0, 0x64, 0x38, 0xff, 0xe0, 0x60, 0x30, 0xff,
    0xe0, 0x64, 0x38, 0xff, 0xe0, 0x64, 0x30, 0xff, 0xe0, 0x60, 0x38, 0xff,
    0xe0, 0x64, 0x38, 0xff, 0xe0, 0x60, 0x30, 0xff, 0xe0, 0x64, 0x38, 0xff,
    0xe0, 0x64, 0x30, 0xff, 0xe0, 0x60, 0x30, 0xff, 0xe0, 0x64, 0x38, 0xff,
    0xe8, 0x68, 0x38, 0xff, 0xe8, 0x68, 0x38, 0xff, 0xe8, 0x68, 0x38, 0xff,
    0xe8, 0x68, 0x38, 0xff, 0xe8, 0x68, 0x38, 0xff, 0xe8, 0x68, 0x38, 0xff,
    0xe8, 0x68, 0x38, 0xff, 0xe0, 0x68, 0x38, 0xff, 0xe8, 0x6c, 0x38, 0xff,
    0xe8, 0x68, 0x38, 0xff, 0xe8, 0x68, 0x38, 0xff, 0xe8, 0x6c, 0x38, 0xff,
    0xe8, 0x6c, 0x38, 0xff, 0xe0, 0x68, 0x38, 0xff, 0xe8, 0x68, 0x38, 0xff,
    0xe8, 0x68, 0x38, 0xff, 0xe8, 0x68, 0x38, 0xff, 0xe8, 0x68, 0x38, 0xff,
    0xe8, 0x68, 0x40, 0xff, 0xe8, 0x6c, 0x38, 0xff, 0xe8, 0x68, 0x38, 0xff,
    0xe8, 0x68, 0x38, 0xff, 0xe8, 0x68, 0x38, 0xff, 0xe8, 0x68, 0x38, 0xff,
    0xe8, 0x68, 0x38, 0xff, 0xe0, 0x68, 0x38, 0xff, 0xe0, 0x68, 0x38, 0xff,
    0xe8, 0x68, 0x38, 0xff, 0xe8, 0x6c, 0x38, 0xff, 0xe8, 0x68, 0x38, 0xff,
    0xe8, 0x68, 0x40, 0xff, 0xe0, 0x6c, 0x38, 0xff, 0xe8, 0x68, 0x38, 0xff,
    0xe8, 0x6c, 0x38, 0xff, 0xe8, 0x68, 0x38, 0xff, 0xe0, 0x64, 0x38, 0xff,
    0xe0, 0x60, 0x30, 0xff, 0xe0, 0x60, 0x30, 0xff, 0xd8, 0x60, 0x30, 0xff,
    0xe0, 0x60, 0x30, 0xff, 0xe0, 0x64, 0x38, 0xff, 0xe0, 0x68, 0x38, 0xff,
    0xe8, 0x6c, 0x38, 0xff, 0xe8, 0x6c, 0x38, 0xff, 0xe8, 0x68, 0x38, 0xff,
    0xe8, 0x68, 0x38, 0xff, 0xe8, 0x68, 0x38, 0xff, 0xe0, 0x68, 0x38, 0xff,
    0xe8, 0x68, 0x38, 0xff, 0xe8, 0x6c, 0x38, 0xff, 0xe8, 0x68, 0x38, 0xff,
    0xe8, 0x6c, 0x38, 0xff, 0xf0, 0x70, 0x40, 0xff, 0xc8, 0x54, 0x28, 0xff,
    0x90, 0x38, 0x18, 0xff, 0x90, 0x34, 0x18, 0xff, 0x80, 0x34, 0x18, 0xff,
    0xa8, 0x44, 0x20, 0xff, 0xc0, 0x50, 0x28, 0xff, 0xc0, 0x50, 0x28, 0xff,
    0xc0, 0x50, 0x28, 0xff, 0xc0, 0x4c, 0x28, 0xff, 0xc0, 0x4c, 0x20, 0xff,
    0xb8, 0x4c, 0x28, 0xff, 0xc0, 0x4c, 0x20, 0xff, 0xb8, 0x4c, 0x20, 0xff,
    0xc0, 0x4c, 0x20, 0xff, 0xb8, 0x4c, 0x28, 0xff, 0xb8, 0x4c, 0x28, 0xff,
    0xc0, 0x4c, 0x28, 0xff, 0xc0, 0x50, 0x28, 0xff, 0xc0, 0x50, 0x28, 0xff,
    0xa8, 0x44, 0x20, 0xff, 0x70, 0x2c, 0x10, 0xff, 0x90, 0x38, 0x18, 0xff,
    0xc0, 0x50, 0x28, 0xff, 0xe0, 0x64, 0x30, 0xff, 0xf0, 0x70, 0x40, 0xff,
    0xc0, 0x4c, 0x28, 0xff, 0x70, 0x2c, 0x18, 0xff, 0x60, 0x28, 0x10, 0xff,
    0x70, 0x2c, 0x18, 0xff, 0xc0, 0x4c, 0x28, 0xff, 0xc0, 0x50, 0x28, 0xff,
    0xc0, 0x4c, 0x28, 0xff, 0xb8, 0x4c, 0x28, 0xff, 0xb8, 0x4c, 0x20, 0xff,
    0xb8, 0x48, 0x20, 0xff, 0xb0, 0x48, 0x28, 0xff, 0xb0, 0x44, 0x20, 0xff,
    0xb0, 0x44, 0x20, 0xff, 0xa8, 0x44, 0x20, 0xff, 0xa8, 0x44, 0x20, 0xff,
    0xa8, 0x44, 0x20, 0xff, 0xa8, 0x44, 0x20, 0xff, 0xa8, 0x44, 0x20, 0xff,
    0xa0, 0x40, 0x20, 0xff, 0x70, 0x2c, 0x18, 0xff, 0x50, 0x20, 0x10, 0xff,
    0x80, 0x34, 0x18, 0xff, 0x90, 0x3c, 0x20, 0xff, 0x78, 0x30, 0x18, 0xff,
    0x88, 0x38, 0x18, 0xff, 0x88, 0x38, 0x20, 0xff, 0x88, 0x38, 0x18, 0xff,
    0x88, 0x38, 0x20, 0xff, 0x80, 0x38, 0x20, 0xff, 0x80, 0x38, 0x18, 0xff,
    0x78, 0x34, 0x20, 0xff, 0x78, 0x30, 0x18, 0xff, 0x88, 0x40, 0x20, 0xff,
    0x88, 0x38, 0x20, 0xff, 0x90, 0x40, 0x28, 0xff, 0x90, 0x40, 0x28, 0xff,
    0x90, 0x40, 0x20, 0xff, 0x98, 0x40, 0x20, 0xff, 0x98, 0x40, 0x20, 0xff,
    0x98, 0x40, 0x20, 0xff, 0x98, 0x40, 0x20, 0xff, 0x88, 0x38, 0x20, 0xff,
    0x90, 0x3c, 0x20, 0xff, 0xb8, 0x50, 0x28, 0xff, 0xb8, 0x4c, 0x28, 0xff,
    0xb8, 0x4c, 0x28, 0xff, 0xb8, 0x4c, 0x28, 0xff, 0xb8, 0x4c, 0x28, 0xff,
    0xc0, 0x50, 0x28, 0xff, 0xc0, 0x50, 0x28, 0xff, 0xc0, 0x50, 0x28, 0xff,
    0xc0, 0x50, 0x28, 0xff, 0xc0, 0x50, 0x28, 0xff, 0xc0, 0x50, 0x28, 0xff,
    0xc0, 0x50, 0x28, 0xff, 0xc0, 0x50, 0x28, 0xff, 0xc0, 0x50, 0x28, 0xff,
    0xc0, 0x50, 0x28, 0xff, 0xc0, 0x50, 0x28, 0xff, 0xc0, 0x50, 0x28, 0xff,
    0xc0, 0x50, 0x28, 0xff, 0xc0, 0x50, 0x28, 0xff, 0xc0, 0x50, 0x28, 0xff,
    0xc0, 0x50, 0x28, 0xff, 0xc0, 0x50, 0x28, 0xff, 0xc0, 0x50, 0x28, 0xff,
    0xc0, 0x50, 0x28, 0xff, 0xc0, 0x50, 0x28, 0xff, 0xc0, 0x50, 0x28, 0xff,
    0xc0, 0x50, 0x28, 0xff, 0xc0, 0x50, 0x28, 0xff, 0xc0, 0x50, 0x28, 0xff,
    0xc0, 0x4c, 0x28, 0xff, 0xc0, 0x50, 0x28, 0xff, 0xc0, 0x4c, 0x28, 0xff,
    0xc8, 0x50, 0x28, 0xff, 0xd8, 0x5c, 0x30, 0xff, 0xd0, 0x58, 0x30, 0xff,
    0xd0, 0x5c, 0x28, 0xff, 0xd8, 0x5c, 0x30, 0xff, 0xd8, 0x5c, 0x30, 0xff,
    0xd8, 0x60, 0x30, 0xff, 0xd0, 0x5c, 0x30, 0xff, 0xc8, 0x54, 0x28, 0xff,
    0xe0, 0x60, 0x30, 0xff, 0xd8, 0x60, 0x30, 0xff, 0xe0, 0x60, 0x30, 0xff,
    0xd0, 0x5c, 0x30, 0xff, 0xd0, 0x54, 0x28, 0xff, 0xe0, 0x60, 0x30, 0xff,
    0xd8, 0x5c, 0x30, 0xff, 0xd8, 0x5c, 0x30, 0xff, 0xd8, 0x5c, 0x30, 0xff,
    0xd8, 0x5c, 0x30, 0xff, 0xd8, 0x5c, 0x30, 0xff, 0xd0, 0x58, 0x28, 0xff,
    0xd0, 0x58, 0x28, 0xff, 0xd8, 0x5c, 0x30, 0xff, 0xd8, 0x5c, 0x30, 0xff,
    0xd8, 0x60, 0x30, 0xff, 0xd8, 0x5c, 0x30, 0xff, 0xd8, 0x5c, 0x30, 0xff,
    0xd0, 0x5c, 0x28, 0xff, 0xd0, 0x54, 0x28, 0xff, 0xd0, 0x58, 0x30, 0xff,
    0xd0, 0x5c, 0x30, 0xff, 0xd8, 0x5c, 0x28, 0xff, 0xd0, 0x58, 0x30, 0xff,
    0xd0, 0x5c, 0x30, 0xff, 0xd8, 0x5c, 0x28, 0xff, 0xd8, 0x5c, 0x30, 0xff,
    0xd0, 0x5c, 0x30, 0xff, 0xd0, 0x5c, 0x30, 0xff, 0xd8, 0x60, 0x30, 0xff,
    0xd0, 0x5c, 0x30, 0xff, 0xd8, 0x60, 0x30, 0xff, 0xd8, 0x5c, 0x30, 0xff,
    0xd8, 0x5c, 0x30, 0xff, 0xd8, 0x5c, 0x30, 0xff, 0xd8, 0x5c, 0x30, 0xff,
    0xe0, 0x60, 0x30, 0xff, 0xe0, 0x64, 0x38, 0xff, 0xe0, 0x60, 0x30, 0xff,
    0xe0, 0x64, 0x30, 0xff, 0xe0, 0x60, 0x38, 0xff, 0xd8, 0x60, 0x38, 0xff,
    0xe0, 0x64, 0x30, 0xff, 0xe0, 0x60, 0x30, 0xff, 0xe0, 0x60, 0x30, 0xff,
    0xe0, 0x64, 0x38, 0xff, 0xe0, 0x64, 0x38, 0xff, 0xe0, 0x60, 0x30, 0xff,
    0xe0, 0x64, 0x30, 0xff, 0xe0, 0x64, 0x38, 0xff, 0xe8, 0x68, 0x38, 0xff,
    0xe8, 0x6c, 0x38, 0xff, 0xe8, 0x68, 0x40, 0xff, 0xe8, 0x6c, 0x38, 0xff,
    0xe8, 0x68, 0x38, 0xff, 0xe8, 0x68, 0x38, 0xff, 0xe8, 0x68, 0x38, 0xff,
    0xe8, 0x68, 0x38, 0xff, 0xe8, 0x68, 0x38, 0xff, 0xe8, 0x68, 0x38, 0xff,
    0xe8, 0x68, 0x40, 0xff, 0xe8, 0x68, 0x38, 0xff, 0xe8, 0x6c, 0x38, 0xff,
    0xe8, 0x68, 0x40, 0xff, 0xe8, 0x6c, 0x38, 0xff, 0xe0, 0x68, 0x38, 0xff,
    0xe8, 0x68, 0x38, 0xff, 0xe8, 0x68, 0x38, 0xff, 0xe8, 0x68, 0x38, 0xff,
    0xe8, 0x6c, 0x38, 0xff, 0xe8, 0x68, 0x40, 0xff, 0xe8, 0x68, 0x38, 0xff,
    0xe0, 0x6c, 0x38, 0xff, 0xe8, 0x68, 0x38, 0xff, 0xe8, 0x68, 0x38, 0xff,
    0xe0, 0x6c, 0x40, 0xff, 0xe8, 0x68, 0x38, 0xff, 0xe8, 0x68, 0x38, 0xff,
    0xe8, 0x68, 0x38, 0xff, 0xe8, 0x68, 0x38, 0xff, 0xe8, 0x68, 0x38, 0xff,
    0xe8, 0x68, 0x38, 0xff, 0xe8, 0x68, 0x38, 0xff, 0xe8, 0x68, 0x38, 0xff,
    0xe0, 0x64, 0x38, 0xff, 0xe0, 0x60, 0x30, 0xff, 0xd8, 0x60, 0x30, 0xff,
    0xe0, 0x60, 0x30, 0xff, 0xe0, 0x60, 0x30, 0xff, 0xe0, 0x60, 0x38, 0xff,
    0xe0, 0x64, 0x38, 0xff, 0xe8, 0x68, 0x38, 0xff, 0xe8, 0x6c, 0x40, 0xff,
    0xe8, 0x68, 0x38, 0xff, 0xe8, 0x68, 0x38, 0xff, 0xe0, 0x6c, 0x38, 0xff,
    0xe8, 0x6c, 0x38, 0xff, 0xe8, 0x68, 0x38, 0xff, 0xe8, 0x68, 0x40, 0xff,
    0xe0, 0x68, 0x38, 0xff, 0xe8, 0x6c, 0x38, 0xff, 0xe8, 0x6c, 0x38, 0xff,
    0xc0, 0x4c, 0x28, 0xff, 0x88, 0x38, 0x18, 0xff, 0x78, 0x30, 0x18, 0xff,
    0xa0, 0x40, 0x20, 0xff, 0xc8, 0x54, 0x28, 0xff, 0xc0, 0x4c, 0x28, 0xff,
    0xc0, 0x4c, 0x28, 0xff, 0xc0, 0x4c, 0x28, 0xff, 0xc0, 0x4c, 0x28, 0xff,
    0xc0, 0x4c, 0x28, 0xff, 0xc0, 0x4c, 0x28, 0xff, 0xc0, 0x4c, 0x28, 0xff,
    0xc0, 0x4c, 0x28, 0xff, 0xc0, 0x4c, 0x28, 0xff, 0xc0, 0x4c, 0x20, 0xff,
    0xc0, 0x4c, 0x28, 0xff, 0xc0, 0x4c, 0x28, 0xff, 0xb8, 0x4c, 0x20, 0xff,
    0xc0, 0x4c, 0x28, 0xff, 0xc8, 0x50, 0x28, 0xff, 0x98, 0x3c, 0x20, 0xff,
    0x78, 0x30, 0x18, 0xff, 0xa0, 0x40, 0x20, 0xff, 0xe0, 0x64, 0x38, 0xff,
    0xe8, 0x68, 0x38, 0xff, 0x90, 0x38, 0x18, 0xff, 0x60, 0x28, 0x10, 0xff,
    0x68, 0x28, 0x10, 0xff, 0xc0, 0x4c, 0x28, 0xff, 0xc0, 0x50, 0x28, 0xff,
    0xb0, 0x48, 0x20, 0xff, 0xb8, 0x48, 0x20, 0xff, 0xb8, 0x4c, 0x28, 0xff,
    0xb8, 0x4c, 0x20, 0xff, 0xb8, 0x48, 0x28, 0xff, 0xb0, 0x48, 0x20, 0xff,
    0xb0, 0x48, 0x20, 0xff, 0xb0, 0x48, 0x28, 0xff, 0xa8, 0x44, 0x20, 0xff,
    0xa8, 0x44, 0x28, 0xff, 0xa8, 0x44, 0x20, 0xff, 0x98, 0x40, 0x20, 0xff,
    0x98, 0x40, 0x20, 0xff, 0xa0, 0x44, 0x20, 0xff, 0xa0, 0x44, 0x28, 0xff,
    0x60, 0x28, 0x18, 0xff, 0x68, 0x28, 0x10, 0xff, 0x88, 0x38, 0x20, 0xff,
    0x80, 0x34, 0x18, 0xff, 0x80, 0x34, 0x18, 0xff, 0x80, 0x34, 0x18, 0xff,
    0x80, 0x38, 0x20, 0xff, 0x88, 0x38, 0x20, 0xff, 0x88, 0x38, 0x20, 0xff,
    0x80, 0x38, 0x20, 0xff, 0x78, 0x34, 0x18, 0xff, 0x78, 0x30, 0x18, 0xff,
    0x88, 0x40, 0x20, 0xff, 0x88, 0x3c, 0x20, 0xff, 0x90, 0x40, 0x28, 0xff,
    0x98, 0x40, 0x28, 0xff, 0x98, 0x40, 0x20, 0xff, 0x98, 0x40, 0x28, 0xff,
    0x98, 0x40, 0x28, 0xff, 0x98, 0x40, 0x20, 0xff, 0x98, 0x40, 0x20, 0xff,
    0x90, 0x3c, 0x20, 0xff, 0x90, 0x3c, 0x20, 0xff, 0xb0, 0x48, 0x28, 0xff,
    0xb0, 0x48, 0x28, 0xff, 0xb0, 0x48, 0x28, 0xff, 0xb0, 0x48, 0x28, 0xff,
    0xb8, 0x48, 0x28, 0xff, 0xb8, 0x48, 0x28, 0xff, 0xb8, 0x4c, 0x28, 0xff,
    0xb8, 0x4c, 0x28, 0xff, 0xb8, 0x4c, 0x28, 0xff, 0xc0, 0x4c, 0x28, 0xff,
    0xc0, 0x4c, 0x28, 0xff, 0xc0, 0x50, 0x28, 0xff, 0xc0, 0x50, 0x28, 0xff,
    0xc0, 0x50, 0x28, 0xff, 0xc0, 0x50, 0x28, 0xff, 0xc0, 0x50, 0x28, 0xff,
    0xc0, 0x50, 0x28, 0xff, 0xc0, 0x50, 0x28, 0xff, 0xc0, 0x50, 0x28, 0xff,
    0xc0, 0x50, 0x28, 0xff, 0xc0, 0x50, 0x28, 0xff, 0xc0, 0x50, 0x28, 0xff,
    0xc0, 0x50, 0x28, 0xff, 0xc0, 0x50, 0x28, 0xff, 0xc0, 0x50, 0x28, 0xff,
    0xc0, 0x50, 0x28, 0xff, 0xc0, 0x4c, 0x28, 0xff, 0xc0, 0x50, 0x28, 0xff,
    0xc0, 0x50, 0x28, 0xff, 0xc0, 0x4c, 0x28, 0xff, 0xc0, 0x50, 0x28, 0xff,
    0xc0, 0x4c, 0x28, 0xff, 0xc0, 0x50, 0x28, 0xff, 0xd8, 0x5c, 0x30, 0xff,
    0xe0, 0x60, 0x30, 0xff, 0xd8, 0x5c, 0x30, 0xff, 0xd0, 0x58, 0x28, 0xff,
    0xd8, 0x5c, 0x30, 0xff, 0xd8, 0x5c, 0x30, 0xff, 0xd8, 0x5c, 0x30, 0xff,
    0xd8, 0x58, 0x30, 0xff, 0xd8, 0x60, 0x30, 0xff, 0xd8, 0x5c, 0x30, 0xff,
    0xe0, 0x64, 0x30, 0xff, 0xd0, 0x58, 0x30, 0xff, 0xc8, 0x58, 0x28, 0xff,
    0xd8, 0x60, 0x30, 0xff, 0xd8, 0x5c, 0x30, 0xff, 0xd8, 0x5c, 0x30, 0xff,
    0xd8, 0x60, 0x30, 0xff, 0xd8, 0x5c, 0x30, 0xff, 0xd8, 0x5c, 0x30, 0xff,
    0xd0, 0x58, 0x28, 0xff, 0xd0, 0x58, 0x28, 0xff, 0xd8, 0x5c, 0x30, 0xff,
    0xd8, 0x5c, 0x30, 0xff, 0xd8, 0x5c, 0x30, 0xff, 0xd8, 0x5c, 0x30, 0xff,
    0xd8, 0x5c, 0x30, 0xff, 0xd0, 0x5c, 0x28, 0xff, 0xd0, 0x54, 0x28, 0xff,
    0xd0, 0x58, 0x30, 0xff, 0xd0, 0x58, 0x30, 0xff, 0xd8, 0x5c, 0x28, 0xff,
    0xd8, 0x58, 0x30, 0xff, 0xd0, 0x58, 0x30, 0xff, 0xd8, 0x5c, 0x30, 0xff,
    0xd8, 0x5c, 0x30, 0xff, 0xd8, 0x5c, 0x30, 0xff, 0xd8, 0x5c, 0x30, 0xff,
    0xd8, 0x5c, 0x30, 0xff, 0xd8, 0x5c, 0x30, 0xff, 0xd8, 0x60, 0x30, 0xff,
    0xd8, 0x60, 0x30, 0xff, 0xd8, 0x5c, 0x30, 0xff, 0xd8, 0x5c, 0x30, 0xff,
    0xd8, 0x5c, 0x30, 0xff, 0xd8, 0x60, 0x30, 0xff, 0xe0, 0x64, 0x38, 0xff,
    0xe0, 0x60, 0x30, 0xff, 0xd8, 0x64, 0x38, 0xff, 0xe0, 0x64, 0x30, 0xff,
    0xe0, 0x60, 0x30, 0xff, 0xd8, 0x64, 0x30, 0xff, 0xe0, 0x64, 0x38, 0xff,
    0xd8, 0x60, 0x30, 0xff, 0xe0, 0x60, 0x30, 0xff, 0xe0, 0x64, 0x30, 0xff,
    0xe0, 0x60, 0x38, 0xff, 0xe0, 0x64, 0x38, 0xff, 0xe0, 0x64, 0x38, 0xff,
    0xe0, 0x68, 0x38, 0xff, 0xe8, 0x68, 0x38, 0xff, 0xe8, 0x68, 0x38, 0xff,
    0xe0, 0x68, 0x38, 0xff, 0xe8, 0x6c, 0x40, 0xff, 0xe8, 0x6c, 0x38, 0xff,
    0xe8, 0x68, 0x38, 0xff, 0xe8, 0x6c, 0x40, 0xff, 0xe0, 0x68, 0x38, 0xff,
    0xe8, 0x6c, 0x38, 0xff, 0xe8, 0x68, 0x38, 0xff, 0xe0, 0x68, 0x38, 0xff,
    0xe8, 0x68, 0x38, 0xff, 0xe8, 0x68, 0x38, 0xff, 0xe8, 0x68, 0x38, 0xff,
    0xe8, 0x6c, 0x38, 0xff, 0xe8, 0x68, 0x38, 0xff, 0xe8, 0x6c, 0x38, 0xff,
    0xe8, 0x68, 0x38, 0xff, 0xe8, 0x68, 0x38, 0xff, 0xe8, 0x6c, 0x38, 0xff,
    0xe8, 0x6c, 0x38, 0xff, 0xe8, 0x68, 0x40, 0xff, 0xe8, 0x68, 0x38, 0xff,
    0xe8, 0x6c, 0x38, 0xff, 0xe8, 0x68, 0x38, 0xff, 0xe8, 0x68, 0x38, 0xff,
    0xe8, 0x68, 0x38, 0xff, 0xe0, 0x6c, 0x38, 0xff, 0xe8, 0x68, 0x38, 0xff,
    0xe8, 0x68, 0x38, 0xff, 0xe8, 0x6c, 0x40, 0xff, 0xe8, 0x68, 0x38, 0xff,
    0xe8, 0x6c, 0x38, 0xff, 0xe0, 0x68, 0x38, 0xff, 0xe0, 0x60, 0x38, 0xff,
    0xd8, 0x60, 0x30, 0xff, 0xe0, 0x64, 0x30, 0xff, 0xd8, 0x60, 0x30, 0xff,
    0xe0, 0x60, 0x30, 0xff, 0xe0, 0x64, 0x38, 0xff, 0xe8, 0x68, 0x38, 0xff,
    0xe8, 0x6c, 0x38, 0xff, 0xe8, 0x68, 0x38, 0xff, 0xe8, 0x68, 0x40, 0xff,
    0xe0, 0x6c, 0x38, 0xff, 0xe8, 0x68, 0x38, 0xff, 0xe8, 0x68, 0x40, 0xff,
    0xe8, 0x68, 0x38, 0xff, 0xe8, 0x68, 0x38, 0xff, 0xf0, 0x70, 0x40, 0xff,
    0xe8, 0x68, 0x38, 0xff, 0xb8, 0x48, 0x20, 0xff, 0x78, 0x30, 0x18, 0xff,
    0x80, 0x34, 0x18, 0xff, 0xc8, 0x50, 0x28, 0xff, 0xc0, 0x50, 0x28, 0xff,
    0xc0, 0x4c, 0x28, 0xff, 0xc0, 0x50, 0x28, 0xff, 0xc0, 0x4c, 0x28, 0xff,
    0xc0, 0x4c, 0x20, 0xff, 0xc0, 0x4c, 0x28, 0xff, 0xc0, 0x4c, 0x28, 0xff,
    0xb8, 0x4c, 0x28, 0xff, 0xc0, 0x4c, 0x28, 0xff, 0xc0, 0x4c, 0x28, 0xff,
    0xc0, 0x4c, 0x28, 0xff, 0xb8, 0x4c, 0x20, 0xff, 0xc0, 0x4c, 0x28, 0xff,
    0xc0, 0x4c, 0x28, 0xff, 0xb8, 0x4c, 0x28, 0xff, 0xc0, 0x4c, 0x28, 0xff,
    0xc0, 0x4c, 0x28, 0xff, 0x80, 0x34, 0x18, 0xff, 0x80, 0x34, 0x18, 0xff,
    0xd8, 0x5c, 0x30, 0xff, 0xe0, 0x60, 0x38, 0xff, 0x80, 0x30, 0x18, 0xff,
    0x50, 0x20, 0x10, 0xff, 0xa0, 0x3c, 0x20, 0xff, 0xc8, 0x50, 0x28, 0xff,
    0xb0, 0x48, 0x20, 0xff, 0xb8, 0x4c, 0x28, 0xff, 0xb8, 0x4c, 0x28, 0xff,
    0xb0, 0x48, 0x28, 0xff, 0xb8, 0x48, 0x28, 0xff, 0xb0, 0x48, 0x20, 0xff,
    0xb0, 0x48, 0x20, 0xff, 0xb0, 0x44, 0x28, 0xff, 0xb0, 0x44, 0x20, 0xff,
    0xa8, 0x44, 0x20, 0xff, 0xa0, 0x44, 0x20, 0xff, 0xa0, 0x44, 0x20, 0xff,
    0xa0, 0x40, 0x20, 0xff, 0xa0, 0x40, 0x20, 0xff, 0x90, 0x3c, 0x20, 0xff,
    0xa0, 0x44, 0x20, 0xff, 0x88, 0x38, 0x20, 0xff, 0x60, 0x24, 0x10, 0xff,
    0x80, 0x34, 0x18, 0xff, 0x80, 0x34, 0x18, 0xff, 0x88, 0x34, 0x18, 0xff,
    0x80, 0x34, 0x18, 0xff, 0x80, 0x34, 0x18, 0xff, 0x88, 0x38, 0x18, 0xff,
    0x80, 0x38, 0x20, 0xff, 0x80, 0x38, 0x18, 0xff, 0x78, 0x30, 0x18, 0xff,
    0x78, 0x30, 0x20, 0xff, 0x90, 0x40, 0x28, 0xff, 0x88, 0x3c, 0x20, 0xff,
    0x90, 0x40, 0x28, 0xff, 0x98, 0x44, 0x20, 0xff, 0x98, 0x40, 0x20, 0xff,
    0x98, 0x40, 0x28, 0xff, 0x98, 0x40, 0x20, 0xff, 0x98, 0x40, 0x20, 0xff,
    0x98, 0x3c, 0x20, 0xff, 0x98, 0x40, 0x20, 0xff, 0x88, 0x38, 0x20, 0xff,
    0x68, 0x2c, 0x18, 0xff, 0x60, 0x28, 0x18, 0xff, 0x60, 0x28, 0x10, 0xff,
    0x60, 0x28, 0x10, 0xff, 0x60, 0x28, 0x10, 0xff, 0x68, 0x2c, 0x18, 0xff,
    0x68, 0x2c, 0x18, 0xff, 0x70, 0x2c, 0x18, 0xff, 0x70, 0x2c, 0x18, 0xff,
    0x78, 0x30, 0x18, 0xff, 0x78, 0x30, 0x18, 0xff, 0x78, 0x34, 0x18, 0xff,
    0x80, 0x34, 0x18, 0xff, 0x80, 0x34, 0x18, 0xff, 0x90, 0x38, 0x18, 0xff,
    0x90, 0x3c, 0x18, 0xff, 0x98, 0x3c, 0x20, 0xff, 0x98, 0x3c, 0x20, 0xff,
    0xa0, 0x40, 0x20, 0xff, 0xa8, 0x40, 0x20, 0xff, 0xa0, 0x40, 0x20, 0xff,
    0xa8, 0x44, 0x20, 0xff, 0xb0, 0x44, 0x20, 0xff, 0xb0, 0x44, 0x20, 0xff,
    0xb0, 0x44, 0x20, 0xff, 0xb0, 0x48, 0x20, 0xff, 0xb0, 0x44, 0x20, 0xff,
    0xb0, 0x48, 0x20, 0xff, 0xb8, 0x48, 0x20, 0xff, 0xb8, 0x48, 0x20, 0xff,
    0xb0, 0x48, 0x20, 0xff, 0xb8, 0x48, 0x20, 0xff, 0xa8, 0x44, 0x20, 0xff,
    0xb0, 0x48, 0x20, 0xff, 0xc8, 0x54, 0x28, 0xff, 0xd8, 0x5c, 0x30, 0xff,
    0xe0, 0x64, 0x30, 0xff, 0xe0, 0x60, 0x30, 0xff, 0xd8, 0x5c, 0x30, 0xff,
    0xd8, 0x5c, 0x28, 0xff, 0xd8, 0x5c, 0x30, 0xff, 0xd8, 0x5c, 0x30, 0xff,
    0xd8, 0x60, 0x30, 0xff, 0xe0, 0x60, 0x30, 0xff, 0xd8, 0x58, 0x30, 0xff,
    0xd0, 0x58, 0x28, 0xff, 0xd8, 0x60, 0x30, 0xff, 0xd8, 0x5c, 0x30, 0xff,
    0xd8, 0x5c, 0x30, 0xff, 0xd8, 0x5c, 0x28, 0xff, 0xd8, 0x60, 0x30, 0xff,
    0xd8, 0x5c, 0x28, 0xff, 0xd0, 0x54, 0x28, 0xff, 0xc8, 0x58, 0x30, 0xff,
    0xd8, 0x5c, 0x30, 0xff, 0xd8, 0x5c, 0x30, 0xff, 0xd8, 0x60, 0x30, 0xff,
    0xd8, 0x5c, 0x28, 0xff, 0xd8, 0x5c, 0x30, 0xff, 0xd0, 0x5c, 0x30, 0xff,
    0xd0, 0x58, 0x28, 0xff, 0xd0, 0x58, 0x30, 0xff, 0xd0, 0x5c, 0x30, 0xff,
    0xd8, 0x58, 0x28, 0xff, 0xd0, 0x5c, 0x30, 0xff, 0xd0, 0x58, 0x30, 0xff,
    0xd8, 0x58, 0x28, 0xff, 0xd8, 0x5c, 0x30, 0xff, 0xd8, 0x5c, 0x30, 0xff,
    0xd8, 0x5c, 0x28, 0xff, 0xd8, 0x5c, 0x30, 0xff, 0xd8, 0x5c, 0x30, 0xff,
    0xd8, 0x60, 0x30, 0xff, 0xd8, 0x5c, 0x30, 0xff, 0xd8, 0x5c, 0x30, 0xff,
    0xd8, 0x60, 0x30, 0xff, 0xd8, 0x5c, 0x30, 0xff, 0xd8, 0x60, 0x30, 0xff,
    0xd8, 0x60, 0x30, 0xff, 0xe0, 0x60, 0x30, 0xff, 0xd8, 0x64, 0x38, 0xff,
    0xe0, 0x60, 0x30, 0xff, 0xe0, 0x60, 0x30, 0xff, 0xd8, 0x64, 0x38, 0xff,
    0xe0, 0x64, 0x30, 0xff, 0xe0, 0x60, 0x38, 0xff, 0xd8, 0x64, 0x30, 0xff,
    0xd8, 0x60, 0x30, 0xff, 0xe0, 0x60, 0x30, 0xff, 0xe0, 0x60, 0x30, 0xff,
    0xe0, 0x64, 0x38, 0xff, 0xe0, 0x68, 0x38, 0xff, 0xe8, 0x68, 0x38, 0xff,
    0xe8, 0x68, 0x38, 0xff, 0xe8, 0x68, 0x38, 0xff, 0xe8, 0x68, 0x38, 0xff,
    0xe8, 0x68, 0x38, 0xff, 0xe8, 0x68, 0x38, 0xff, 0xe8, 0x68, 0x38, 0xff,
    0xe8, 0x68, 0x38, 0xff, 0xe8, 0x68, 0x38, 0xff, 0xe8, 0x6c, 0x38, 0xff,
    0xe8, 0x68, 0x38, 0xff, 0xe8, 0x68, 0x38, 0xff, 0xe8, 0x6c, 0x38, 0xff,
    0xe8, 0x68, 0x38, 0xff, 0xe8, 0x68, 0x40, 0xff, 0xe8, 0x68, 0x38, 0xff,
    0xe0, 0x68, 0x38, 0xff, 0xe8, 0x68, 0x40, 0xff, 0xe8, 0x68, 0x38, 0xff,
    0xe8, 0x68, 0x38, 0xff, 0xe8, 0x68, 0x38, 0xff, 0xe8, 0x68, 0x38, 0xff,
    0xe8, 0x68, 0x40, 0xff, 0xe8, 0x6c, 0x38, 0xff, 0xe8, 0x68, 0x38, 0xff,
    0xe8, 0x68, 0x38, 0xff, 0xe8, 0x6c, 0x40, 0xff, 0xe8, 0x68, 0x38, 0xff,
    0xe0, 0x68, 0x38, 0xff, 0xe8, 0x6c, 0x38, 0xff, 0xe0, 0x68, 0x38, 0xff,
    0xe8, 0x68, 0x38, 0xff, 0xe8, 0x6c, 0x38, 0xff, 0xe0, 0x68, 0x38, 0xff,
    0xe0, 0x60, 0x38, 0xff, 0xe0, 0x60, 0x30, 0xff, 0xe0, 0x60, 0x38, 0xff,
    0xd8, 0x60, 0x30, 0xff, 0xe0, 0x60, 0x30, 0xff, 0xe0, 0x64, 0x38, 0xff,
    0xe0, 0x68, 0x38, 0xff, 0xe8, 0x68, 0x38, 0xff, 0xe8, 0x6c, 0x38, 0xff,
    0xe8, 0x68, 0x38, 0xff, 0xe8, 0x68, 0x38, 0xff, 0xe8, 0x68, 0x38, 0xff,
    0xe8, 0x6c, 0x38, 0xff, 0xe8, 0x68, 0x38, 0xff, 0xe8, 0x68, 0x38, 0xff,
    0xf0, 0x70, 0x40, 0xff, 0xe0, 0x68, 0x38, 0xff, 0x98, 0x3c, 0x18, 0xff,
    0x50, 0x20, 0x10, 0xff, 0x90, 0x38, 0x20, 0xff, 0xc0, 0x4c, 0x28, 0xff,
    0xa8, 0x44, 0x20, 0xff, 0xb0, 0x44, 0x20, 0xff, 0xa8, 0x44, 0x20, 0xff,
    0xa8, 0x44, 0x20, 0xff, 0xa8, 0x44, 0x20, 0xff, 0xa8, 0x44, 0x20, 0xff,
    0xa8, 0x44, 0x20, 0xff, 0xa0, 0x44, 0x20, 0xff, 0xa8, 0x44, 0x20, 0xff,
    0xa8, 0x44, 0x20, 0xff, 0xa0, 0x40, 0x20, 0xff, 0xa0, 0x44, 0x20, 0xff,
    0xa0, 0x40, 0x20, 0xff, 0xa0, 0x40, 0x20, 0xff, 0xa0, 0x40, 0x20, 0xff,
    0xa0, 0x40, 0x20, 0xff, 0xa8, 0x44, 0x20, 0xff, 0x88, 0x34, 0x18, 0xff,
    0x60, 0x28, 0x10, 0xff, 0xb8, 0x48, 0x20, 0xff, 0xc8, 0x54, 0x28, 0xff,
    0x50, 0x20, 0x10, 0xff, 0x50, 0x20, 0x10, 0xff, 0xa0, 0x40, 0x20, 0xff,
    0x98, 0x40, 0x20, 0xff, 0x98, 0x3c, 0x20, 0xff, 0x98, 0x3c, 0x20, 0xff,
    0x98, 0x3c, 0x20, 0xff, 0x98, 0x40, 0x20, 0xff, 0x98, 0x40, 0x20, 0xff,
    0xa0, 0x40, 0x20, 0xff, 0x98, 0x3c, 0x20, 0xff, 0x98, 0x3c, 0x20, 0xff,
    0x98, 0x3c, 0x20, 0xff, 0x98, 0x3c, 0x20, 0xff, 0x90, 0x3c, 0x20, 0xff,
    0x90, 0x38, 0x20, 0xff, 0x90, 0x38, 0x20, 0xff, 0x88, 0x38, 0x20, 0xff,
    0x88, 0x38, 0x20, 0xff, 0x88, 0x34, 0x18, 0xff, 0x88, 0x38, 0x20, 0xff,
    0x60, 0x28, 0x10, 0xff, 0x60, 0x28, 0x10, 0xff, 0x70, 0x2c, 0x18, 0xff,
    0x80, 0x34, 0x18, 0xff, 0x78, 0x30, 0x18, 0xff, 0x78, 0x30, 0x18, 0xff,
    0x80, 0x34, 0x18, 0xff, 0x80, 0x34, 0x20, 0xff, 0x80, 0x34, 0x20, 0xff,
    0x70, 0x30, 0x18, 0xff, 0x70, 0x34, 0x18, 0xff, 0x90, 0x40, 0x28, 0xff,
    0x88, 0x3c, 0x20, 0xff, 0x98, 0x40, 0x28, 0xff, 0x98, 0x40, 0x28, 0xff,
    0x98, 0x44, 0x20, 0xff, 0x98, 0x40, 0x28, 0xff, 0x98, 0x40, 0x20, 0xff,
    0x98, 0x40, 0x20, 0xff, 0x90, 0x3c, 0x20, 0xff, 0x90, 0x3c, 0x20, 0xff,
    0x88, 0x34, 0x18, 0xff, 0x70, 0x30, 0x18, 0xff, 0x80, 0x34, 0x18, 0xff,
    0x88, 0x38, 0x20, 0xff, 0x88, 0x38, 0x18, 0xff, 0x88, 0x34, 0x18, 0xff,
    0x88, 0x34, 0x18, 0xff, 0x88, 0x38, 0x18, 0xff, 0x88, 0x38, 0x18, 0xff,
    0x88, 0x38, 0x18, 0xff, 0x90, 0x38, 0x18, 0xff, 0x90, 0x3c, 0x18, 0xff,
    0x90, 0x38, 0x18, 0xff, 0x90, 0x3c, 0x20, 0xff, 0x98, 0x3c, 0x20, 0xff,
    0x98, 0x3c, 0x20, 0xff, 0x98, 0x3c, 0x20, 0xff, 0x98, 0x3c, 0x20, 0xff,
    0xa0, 0x40, 0x18, 0xff, 0xa0, 0x40, 0x20, 0xff, 0xa0, 0x40, 0x20, 0xff,
    0xa0, 0x40, 0x20, 0xff, 0xa8, 0x44, 0x20, 0xff, 0xa8, 0x44, 0x20, 0xff,
    0xa8, 0x44, 0x20, 0xff, 0xa8, 0x44, 0x20, 0xff, 0xb0, 0x44, 0x20, 0xff,
    0xb0, 0x44, 0x20, 0xff, 0xb0, 0x44, 0x20, 0xff, 0xb0, 0x44, 0x20, 0xff,
    0xb0, 0x44, 0x20, 0xff, 0xb0, 0x44, 0x20, 0xff, 0xb0, 0x48, 0x20, 0xff,
    0xb8, 0x48, 0x20, 0xff, 0xa8, 0x44, 0x20, 0xff, 0xa0, 0x40, 0x20, 0xff,
    0xa8, 0x44, 0x20, 0xff, 0xc8, 0x50, 0x28, 0xff, 0xd8, 0x5c, 0x30, 0xff,
    0xe0, 0x64, 0x30, 0xff, 0xd8, 0x60, 0x30, 0xff, 0xd0, 0x5c, 0x28, 0xff,
    0xd8, 0x5c, 0x30, 0xff, 0xd8, 0x5c, 0x30, 0xff, 0xd8, 0x60, 0x30, 0xff,
    0xd0, 0x5c, 0x28, 0xff, 0xd0, 0x54, 0x28, 0xff, 0xe0, 0x60, 0x30, 0xff,
    0xd8, 0x60, 0x30, 0xff, 0xd8, 0x5c, 0x30, 0xff, 0xd8, 0x5c, 0x30, 0xff,
    0xd8, 0x5c, 0x30, 0xff, 0xd0, 0x5c, 0x30, 0xff, 0xd0, 0x58, 0x28, 0xff,
    0xd0, 0x54, 0x30, 0xff, 0xd8, 0x5c, 0x30, 0xff, 0xd8, 0x5c, 0x30, 0xff,
    0xd8, 0x5c, 0x30, 0xff, 0xd8, 0x5c, 0x30, 0xff, 0xd8, 0x5c, 0x30, 0xff,
    0xd0, 0x58, 0x28, 0xff, 0xd0, 0x54, 0x28, 0xff, 0xd0, 0x58, 0x30, 0xff,
    0xd0, 0x5c, 0x28, 0xff, 0xd8, 0x58, 0x30, 0xff, 0xd8, 0x5c, 0x30, 0xff,
    0xd0, 0x5c, 0x30, 0xff, 0xd8, 0x58, 0x28, 0xff, 0xd8, 0x5c, 0x30, 0xff,
    0xd8, 0x5c, 0x30, 0xff, 0xd8, 0x5c, 0x30, 0xff, 0xd8, 0x5c, 0x30, 0xff,
    0xd8, 0x5c, 0x30, 0xff, 0xd8, 0x5c, 0x30, 0xff, 0xd8, 0x60, 0x30, 0xff,
    0xd8, 0x5c, 0x30, 0xff, 0xd8, 0x5c, 0x30, 0xff, 0xd8, 0x5c, 0x30, 0xff,
    0xd8, 0x60, 0x30, 0xff, 0xd8, 0x60, 0x30, 0xff, 0xe0, 0x60, 0x38, 0xff,
    0xd8, 0x60, 0x30, 0xff, 0xe0, 0x60, 0x30, 0xff, 0xd8, 0x60, 0x38, 0xff,
    0xd8, 0x60, 0x30, 0xff, 0xe0, 0x60, 0x30, 0xff, 0xe0, 0x60, 0x30, 0xff,
    0xd8, 0x60, 0x38, 0xff, 0xe0, 0x60, 0x38, 0xff, 0xe0, 0x60, 0x30, 0xff,
    0xd8, 0x60, 0x30, 0xff, 0xe0, 0x60, 0x38, 0xff, 0xe8, 0x68, 0x38, 0xff,
    0xe8, 0x68, 0x38, 0xff, 0xe8, 0x68, 0x38, 0xff, 0xe8, 0x68, 0x38, 0xff,
    0xe8, 0x68, 0x40, 0xff, 0xe0, 0x68, 0x38, 0xff, 0xe8, 0x6c, 0x38, 0xff,
    0xe8, 0x68, 0x38, 0xff, 0xe8, 0x68, 0x38, 0xff, 0xe8, 0x68, 0x40, 0xff,
    0xe8, 0x6c, 0x38, 0xff, 0xe8, 0x68, 0x38, 0xff, 0xe8, 0x68, 0x40, 0xff,
    0xe0, 0x6c, 0x38, 0xff, 0xe8, 0x68, 0x38, 0xff, 0xe8, 0x68, 0x38, 0xff,
    0xe8, 0x6c, 0x38, 0xff, 0xe8, 0x68, 0x38, 0xff, 0xe8, 0x6c, 0x38, 0xff,
    0xe8, 0x68, 0x38, 0xff, 0xe0, 0x68, 0x38, 0xff, 0xe8, 0x6c, 0x38, 0xff,
    0xe8, 0x68, 0x38, 0xff, 0xe8, 0x68, 0x38, 0xff, 0xe8, 0x68, 0x40, 0xff,
    0xe8, 0x68, 0x38, 0xff, 0xe8, 0x6c, 0x38, 0xff, 0xe8, 0x68, 0x38, 0xff,
    0xe0, 0x68, 0x38, 0xff, 0xe8, 0x68, 0x38, 0xff, 0xe8, 0x68, 0x40, 0xff,
    0xe8, 0x68, 0x38, 0xff, 0xe0, 0x68, 0x38, 0xff, 0xe8, 0x6c, 0x40, 0xff,
    0xe8, 0x68, 0x38, 0xff, 0xe0, 0x64, 0x38, 0xff, 0xe0, 0x60, 0x30, 0xff,
    0xd8, 0x60, 0x30, 0xff, 0xe0, 0x60, 0x30, 0xff, 0xe0, 0x60, 0x30, 0xff,
    0xe0, 0x60, 0x38, 0xff, 0xe8, 0x64, 0x38, 0xff, 0xe8, 0x68, 0x38, 0xff,
    0xe8, 0x68, 0x38, 0xff, 0xe8, 0x68, 0x38, 0xff, 0xe8, 0x68, 0x38, 0xff,
    0xe8, 0x6c, 0x38, 0xff, 0xe8, 0x68, 0x38, 0xff, 0xe8, 0x68, 0x38, 0xff,
    0xe0, 0x68, 0x38, 0xff, 0xe8, 0x6c, 0x40, 0xff, 0xe8, 0x68, 0x38, 0xff,
    0xa0, 0x3c, 0x20, 0xff, 0x70, 0x2c, 0x10, 0xff, 0xb0, 0x44, 0x20, 0xff,
    0xc0, 0x4c, 0x28, 0xff, 0xb8, 0x48, 0x20, 0xff, 0xb0, 0x48, 0x20, 0xff,
    0xb8, 0x48, 0x20, 0xff, 0xb0, 0x48, 0x20, 0xff, 0xb0, 0x48, 0x20, 0xff,
    0xb0, 0x48, 0x20, 0xff, 0xb0, 0x48, 0x20, 0xff, 0xb0, 0x48, 0x20, 0xff,
    0xb0, 0x44, 0x20, 0xff, 0xb0, 0x44, 0x20, 0xff, 0xb0, 0x44, 0x20, 0xff,
    0xb0, 0x44, 0x20, 0xff, 0xb0, 0x44, 0x20, 0xff, 0xa8, 0x44, 0x20, 0xff,
    0xa8, 0x44, 0x20, 0xff, 0xa8, 0x44, 0x20, 0xff, 0xb0, 0x44, 0x20, 0xff,
    0xa0, 0x44, 0x20, 0xff, 0x80, 0x30, 0x18, 0xff, 0xa8, 0x40, 0x20, 0xff,
    0xc0, 0x4c, 0x28, 0xff, 0x58, 0x24, 0x10, 0xff, 0x78, 0x30, 0x18, 0xff,
    0xb0, 0x44, 0x20, 0xff, 0x98, 0x40, 0x20, 0xff, 0xa0, 0x40, 0x20, 0xff,
    0x98, 0x40, 0x18, 0xff, 0xa0, 0x40, 0x20, 0xff, 0xa0, 0x3c, 0x18, 0xff,
    0x98, 0x3c, 0x20, 0xff, 0x98, 0x3c, 0x20, 0xff, 0x98, 0x3c, 0x18, 0xff,
    0x98, 0x3c, 0x20, 0xff, 0x90, 0x3c, 0x18, 0xff, 0x90, 0x3c, 0x20, 0xff,
    0x90, 0x38, 0x18, 0xff, 0x90, 0x38, 0x20, 0xff, 0x88, 0x38, 0x18, 0xff,
    0x88, 0x38, 0x18, 0xff, 0x88, 0x38, 0x18, 0xff, 0x80, 0x34, 0x18, 0xff,
    0x80, 0x34, 0x20, 0xff, 0x70, 0x2c, 0x18, 0xff, 0x58, 0x24, 0x10, 0xff,
    0x70, 0x2c, 0x18, 0xff, 0x88, 0x38, 0x18, 0xff, 0x80, 0x34, 0x18, 0xff,
    0x80, 0x34, 0x20, 0xff, 0x70, 0x30, 0x18, 0xff, 0x78, 0x34, 0x18, 0xff,
    0x80, 0x34, 0x20, 0xff, 0x70, 0x30, 0x18, 0xff, 0x78, 0x30, 0x18, 0xff,
    0x90, 0x40, 0x28, 0xff, 0x88, 0x40, 0x20, 0xff, 0x98, 0x40, 0x28, 0xff,
    0x98, 0x44, 0x28, 0xff, 0x98, 0x40, 0x28, 0xff, 0x98, 0x40, 0x20, 0xff,
    0x98, 0x40, 0x20, 0xff, 0x98, 0x40, 0x20, 0xff, 0x90, 0x3c, 0x20, 0xff,
    0x90, 0x38, 0x20, 0xff, 0x80, 0x34, 0x18, 0xff, 0x70, 0x30, 0x18, 0xff,
    0x80, 0x34, 0x18, 0xff, 0x90, 0x3c, 0x20, 0xff, 0x98, 0x40, 0x20, 0xff,
    0x98, 0x3c, 0x20, 0xff, 0x98, 0x40, 0x20, 0xff, 0x98, 0x3c, 0x20, 0xff,
    0x98, 0x3c, 0x20, 0xff, 0x90, 0x3c, 0x20, 0xff, 0x98, 0x3c, 0x20, 0xff,
    0xa0, 0x40, 0x20, 0xff, 0xa8, 0x40, 0x20, 0xff, 0xa8, 0x44, 0x20, 0xff,
    0xa8, 0x40, 0x20, 0xff, 0xa8, 0x44, 0x20, 0xff, 0xa8, 0x40, 0x20, 0xff,
    0xa8, 0x44, 0x20, 0xff, 0xa8, 0x44, 0x20, 0xff, 0xa8, 0x44, 0x20, 0xff,
    0xa8, 0x44, 0x20, 0xff, 0xb0, 0x44, 0x20, 0xff, 0xa8, 0x44, 0x20, 0xff,
    0xa8, 0x44, 0x20, 0xff, 0xb0, 0x44, 0x20, 0xff, 0xb0, 0x44, 0x20, 0xff,
    0xa8, 0x44, 0x20, 0xff, 0xb0, 0x48, 0x20, 0xff, 0xb0, 0x48, 0x20, 0xff,
    0xb0, 0x48, 0x20, 0xff, 0xb0, 0x48, 0x28, 0xff, 0xb0, 0x48, 0x20, 0xff,
    0xb8, 0x44, 0x28, 0xff, 0xb8, 0x48, 0x28, 0xff, 0xb8, 0x48, 0x20, 0xff,
    0xb8, 0x4c, 0x20, 0xff, 0xb0, 0x44, 0x20, 0xff, 0xa0, 0x40, 0x20, 0xff,
    0x98, 0x40, 0x20, 0xff, 0xc0, 0x50, 0x28, 0xff, 0xe0, 0x60, 0x30, 0xff,
    0xe8, 0x64, 0x30, 0xff, 0xe0, 0x60, 0x30, 0xff, 0xd8, 0x5c, 0x30, 0xff,
    0xd8, 0x60, 0x30, 0xff, 0xd0, 0x58, 0x30, 0xff, 0xc8, 0x54, 0x28, 0xff,
    0xd8, 0x60, 0x30, 0xff, 0xd8, 0x60, 0x30, 0xff, 0xd8, 0x60, 0x30, 0xff,
    0xd8, 0x5c, 0x30, 0xff, 0xd8, 0x5c, 0x30, 0xff, 0xd8, 0x5c, 0x30, 0xff,
    0xd0, 0x58, 0x28, 0xff, 0xd0, 0x58, 0x28, 0xff, 0xd8, 0x5c, 0x30, 0xff,
    0xd8, 0x5c, 0x30, 0xff, 0xd8, 0x5c, 0x30, 0xff, 0xd0, 0x5c, 0x30, 0xff,
    0xd8, 0x5c, 0x30, 0xff, 0xd8, 0x5c, 0x28, 0xff, 0xd0, 0x54, 0x28, 0xff,
    0xd0, 0x58, 0x30, 0xff, 0xd0, 0x5c, 0x30, 0xff, 0xd8, 0x58, 0x28, 0xff,
    0xd0, 0x5c, 0x30, 0xff, 0xd0, 0x5c, 0x30, 0xff, 0xd8, 0x5c, 0x30, 0xff,
    0xd0, 0x5c, 0x30, 0xff, 0xd8, 0x5c, 0x30, 0xff, 0xd0, 0x5c, 0x30, 0xff,
    0xd8, 0x5c, 0x30, 0xff, 0xd8, 0x60, 0x30, 0xff, 0xd0, 0x5c, 0x30, 0xff,
    0xd8, 0x5c, 0x30, 0xff, 0xd8, 0x5c, 0x30, 0xff, 0xd8, 0x5c, 0x30, 0xff,
    0xd8, 0x5c, 0x30, 0xff, 0xd8, 0x5c, 0x30, 0xff, 0xd8, 0x60, 0x30, 0xff,
    0xd8, 0x60, 0x30, 0xff, 0xe0, 0x60, 0x38, 0xff, 0xd8, 0x60, 0x30, 0xff,
    0xd8, 0x60, 0x30, 0xff, 0xd8, 0x60, 0x30, 0xff, 0xe0, 0x64, 0x38, 0xff,
    0xd8, 0x60, 0x30, 0xff, 0xd8, 0x64, 0x30, 0xff, 0xe0, 0x60, 0x30, 0xff,
    0xe0, 0x64, 0x38, 0xff, 0xd8, 0x60, 0x30, 0xff, 0xe0, 0x60, 0x30, 0xff,
    0xe0, 0x64, 0x38, 0xff, 0xe0, 0x68, 0x38, 0xff, 0xe8, 0x68, 0x38, 0xff,
    0xe8, 0x6c, 0x38, 0xff, 0xe8, 0x68, 0x38, 0xff, 0xe8, 0x68, 0x38, 0xff,
    0xe8, 0x6c, 0x38, 0xff, 0xe0, 0x68, 0x38, 0xff, 0xe8, 0x68, 0x38, 0xff,
    0xe8, 0x6c, 0x38, 0xff, 0xe0, 0x68, 0x38, 0xff, 0xe8, 0x68, 0x38, 0xff,
    0xe8, 0x68, 0x38, 0xff, 0xe8, 0x68, 0x38, 0xff, 0xe8, 0x68, 0x38, 0xff,
    0xe8, 0x6c, 0x38, 0xff, 0xe0, 0x68, 0x38, 0xff, 0xe8, 0x68, 0x38, 0xff,
    0xe8, 0x68, 0x38, 0xff, 0xe8, 0x6c, 0x38, 0xff, 0xe8, 0x68, 0x40, 0xff,
    0xe8, 0x68, 0x38, 0xff, 0xe8, 0x6c, 0x38, 0xff, 0xe0, 0x68, 0x38, 0xff,
    0xe8, 0x68, 0x38, 0xff, 0xe8, 0x6c, 0x38, 0xff, 0xe8, 0x68, 0x38, 0xff,
    0xe8, 0x68, 0x38, 0xff, 0xe8, 0x6c, 0x38, 0xff, 0xe8, 0x68, 0x38, 0xff,
    0xe0, 0x68, 0x38, 0xff, 0xe8, 0x6c, 0x38, 0xff, 0xe8, 0x68, 0x38, 0xff,
    0xe8, 0x68, 0x38, 0xff, 0xe8, 0x68, 0x38, 0xff, 0xe0, 0x64, 0x38, 0xff,
    0xe0, 0x64, 0x30, 0xff, 0xd8, 0x60, 0x30, 0xff, 0xe0, 0x60, 0x38, 0xff,
    0xd8, 0x60, 0x30, 0xff, 0xe0, 0x64, 0x30, 0xff, 0xe0, 0x64, 0x38, 0xff,
    0xe8, 0x68, 0x38, 0xff, 0xe8, 0x6c, 0x40, 0xff, 0xe8, 0x68, 0x38, 0xff,
    0xe8, 0x68, 0x38, 0xff, 0xe8, 0x68, 0x40, 0xff, 0xe8, 0x6c, 0x40, 0xff,
    0xe8, 0x6c, 0x38, 0xff, 0xe8, 0x6c, 0x38, 0xff, 0xe8, 0x68, 0x38, 0xff,
    0xe8, 0x6c, 0x38, 0xff, 0xf0, 0x6c, 0x40, 0xff, 0xf0, 0x70, 0x40, 0xff,
    0xf0, 0x70, 0x40, 0xff, 0xe8, 0x6c, 0x38, 0xff, 0xe8, 0x6c, 0x40, 0xff,
    0xe8, 0x6c, 0x40, 0xff, 0xf0, 0x6c, 0x40, 0xff, 0xf0, 0x6c, 0x40, 0xff,
    0xf0, 0x6c, 0x38, 0xff, 0xf0, 0x6c, 0x40, 0xff, 0xf0, 0x6c, 0x40, 0xff,
    0xf0, 0x6c, 0x38, 0xff, 0xf0, 0x6c, 0x38, 0xff, 0xe8, 0x6c, 0x38, 0xff,
    0xe8, 0x6c, 0x38, 0xff, 0xf0, 0x6c, 0x40, 0xff, 0xf0, 0x6c, 0x38, 0xff,
    0xe8, 0x6c, 0x38, 0xff, 0xe8, 0x6c, 0x38, 0xff, 0xf0, 0x6c, 0x38, 0xff,
    0xe8, 0x6c, 0x38, 0xff, 0xf0, 0x70, 0x40, 0xff, 0xf0, 0x6c, 0x40, 0xff,
    0xe8, 0x6c, 0x38, 0xff, 0xe8, 0x68, 0x38, 0xff, 0xf0, 0x70, 0x40, 0xff,
    0xf0, 0x70, 0x40, 0xff, 0xe8, 0x6c, 0x38, 0xff, 0xe8, 0x6c, 0x38, 0xff,
    0xe8, 0x6c, 0x38, 0xff, 0xe8, 0x68, 0x38, 0xff, 0xe0, 0x64, 0x38, 0xff,
    0xd8, 0x60, 0x30, 0xff, 0xd0, 0x58, 0x30, 0xff, 0xd0, 0x58, 0x28, 0xff,
    0xd0, 0x58, 0x28, 0xff, 0xd0, 0x58, 0x30, 0xff, 0xc8, 0x54, 0x28, 0xff,
    0xc8, 0x54, 0x28, 0xff, 0xc8, 0x54, 0x30, 0xff, 0xc0, 0x54, 0x28, 0xff,
    0xc0, 0x54, 0x28, 0xff, 0xc0, 0x50, 0x28, 0xff, 0xb8, 0x50, 0x28, 0xff,
    0xb8, 0x50, 0x28, 0xff, 0xb8, 0x4c, 0x28, 0xff, 0xb0, 0x4c, 0x28, 0xff,
    0xb0, 0x4c, 0x28, 0xff, 0xa8, 0x48, 0x28, 0xff, 0xa8, 0x48, 0x28, 0xff,
    0xa8, 0x48, 0x28, 0xff, 0xa0, 0x44, 0x28, 0xff, 0x98, 0x40, 0x20, 0xff,
    0x78, 0x30, 0x18, 0xff, 0x78, 0x30, 0x18, 0xff, 0x70, 0x30, 0x18, 0xff,
    0x78, 0x30, 0x18, 0xff, 0x90, 0x40, 0x28, 0xff, 0x88, 0x40, 0x20, 0xff,
    0x98, 0x40, 0x28, 0xff, 0x98, 0x44, 0x28, 0xff, 0x98, 0x44, 0x20, 0xff,
    0x98, 0x44, 0x28, 0xff, 0x98, 0x40, 0x20, 0xff, 0x90, 0x3c, 0x20, 0xff,
    0x90, 0x3c, 0x20, 0xff, 0x88, 0x38, 0x20, 0xff, 0x88, 0x34, 0x18, 0xff,
    0x70, 0x30, 0x18, 0xff, 0x78, 0x30, 0x18, 0xff, 0x90, 0x38, 0x18, 0xff,
    0x98, 0x3c, 0x20, 0xff, 0x98, 0x3c, 0x20, 0xff, 0x98, 0x40, 0x20, 0xff,
    0x98, 0x40, 0x20, 0xff, 0x90, 0x38, 0x20, 0xff, 0x98, 0x3c, 0x18, 0xff,
    0x90, 0x38, 0x18, 0xff, 0x90, 0x38, 0x18, 0xff, 0x90, 0x3c, 0x18, 0xff,
    0x90, 0x38, 0x18, 0xff, 0x98, 0x3c, 0x20, 0xff, 0x98, 0x40, 0x20, 0xff,
    0xa0, 0x40, 0x20, 0xff, 0xa0, 0x40, 0x20, 0xff, 0xa0, 0x40, 0x20, 0xff,
    0xa0, 0x40, 0x20, 0xff, 0xa8, 0x44, 0x20, 0xff, 0xa8, 0x44, 0x20, 0xff,
    0xa8, 0x44, 0x20, 0xff, 0xa8, 0x44, 0x20, 0xff, 0xa8, 0x44, 0x20, 0xff,
    0xa8, 0x44, 0x20, 0xff, 0xb0, 0x44, 0x20, 0xff, 0xb0, 0x44, 0x20, 0xff,
    0xb0, 0x48, 0x28, 0xff, 0xb0, 0x48, 0x20, 0xff, 0xb0, 0x48, 0x20, 0xff,
    0xb8, 0x48, 0x28, 0xff, 0xb8, 0x48, 0x20, 0xff, 0xb8, 0x48, 0x20, 0xff,
    0xb0, 0x48, 0x28, 0xff, 0xb8, 0x48, 0x28, 0xff, 0xb8, 0x48, 0x20, 0xff,
    0xb8, 0x4c, 0x28, 0xff, 0xb8, 0x48, 0x20, 0xff, 0xa0, 0x40, 0x20, 0xff,
    0xb8, 0x48, 0x20, 0xff, 0xd0, 0x58, 0x30, 0xff, 0xe0, 0x60, 0x30, 0xff,
    0xe8, 0x64, 0x30, 0xff, 0xe0, 0x64, 0x30, 0xff, 0xd8, 0x58, 0x30, 0xff,
    0xc8, 0x54, 0x28, 0xff, 0xd8, 0x5c, 0x30, 0xff, 0xd8, 0x5c, 0x30, 0xff,
    0xd8, 0x5c, 0x30, 0xff, 0xd8, 0x5c, 0x30, 0xff, 0xd8, 0x60, 0x30, 0xff,
    0xd8, 0x5c, 0x30, 0xff, 0xd0, 0x54, 0x28, 0xff, 0xd0, 0x58, 0x28, 0xff,
    0xd8, 0x5c, 0x30, 0xff, 0xd8, 0x5c, 0x30, 0xff, 0xd8, 0x5c, 0x30, 0xff,
    0xd8, 0x5c, 0x30, 0xff, 0xd8, 0x5c, 0x30, 0xff, 0xd0, 0x5c, 0x30, 0xff,
    0xd0, 0x58, 0x28, 0xff, 0xd0, 0x58, 0x30, 0xff, 0xd0, 0x5c, 0x30, 0xff,
    0xd8, 0x58, 0x28, 0xff, 0xd0, 0x5c, 0x30, 0xff, 0xd8, 0x58, 0x28, 0xff,
    0xd8, 0x58, 0x30, 0xff, 0xd8, 0x5c, 0x30, 0xff, 0xd0, 0x5c, 0x30, 0xff,
    0xd8, 0x5c, 0x30, 0xff, 0xd8, 0x5c, 0x28, 0xff, 0xd8, 0x60, 0x30, 0xff,
    0xd0, 0x5c, 0x30, 0xff, 0xd8, 0x5c, 0x30, 0xff, 0xd8, 0x60, 0x30, 0xff,
    0xd8, 0x60, 0x30, 0xff, 0xd8, 0x5c, 0x30, 0xff, 0xd8, 0x5c, 0x30, 0xff,
    0xd8, 0x5c, 0x30, 0xff, 0xd8, 0x60, 0x30, 0xff, 0xe0, 0x60, 0x30, 0xff,
    0xe0, 0x60, 0x38, 0xff, 0xd8, 0x60, 0x30, 0xff, 0xd8, 0x60, 0x30, 0xff,
    0xe0, 0x60, 0x30, 0xff, 0xe0, 0x60, 0x38, 0xff, 0xd8, 0x60, 0x30, 0xff,
    0xd8, 0x60, 0x30, 0xff, 0xe0, 0x60, 0x30, 0xff, 0xd8, 0x60, 0x30, 0xff,
    0xe0, 0x64, 0x38, 0xff, 0xe0, 0x64, 0x38, 0xff, 0xe0, 0x68, 0x38, 0xff,
    0xe8, 0x68, 0x38, 0xff, 0xe8, 0x68, 0x38, 0xff, 0xe8, 0x6c, 0x38, 0xff,
    0xe8, 0x68, 0x38, 0xff, 0xe8, 0x68, 0x40, 0xff, 0xe8, 0x68, 0x38, 0xff,
    0xe8, 0x6c, 0x38, 0xff, 0xe8, 0x68, 0x38, 0xff, 0xe8, 0x68, 0x38, 0xff,
    0xe8, 0x6c, 0x38, 0xff, 0xe8, 0x68, 0x38, 0xff, 0xe8, 0x68, 0x40, 0xff,
    0xe8, 0x6c, 0x38, 0xff, 0xe8, 0x68, 0x38, 0xff, 0xe8, 0x68, 0x40, 0xff,
    0xe8, 0x68, 0x38, 0xff, 0xe8, 0x68, 0x38, 0xff, 0xe8, 0x68, 0x38, 0xff,
    0xe8, 0x68, 0x38, 0xff, 0xe8, 0x68, 0x38, 0xff, 0xe8, 0x68, 0x38, 0xff,
    0xe8, 0x6c, 0x38, 0xff, 0xe8, 0x68, 0x38, 0xff, 0xe8, 0x68, 0x38, 0xff,
    0xe0, 0x68, 0x40, 0xff, 0xe8, 0x68, 0x38, 0xff, 0xe8, 0x6c, 0x38, 0xff,
    0xe8, 0x68, 0x40, 0xff, 0xe8, 0x6c, 0x38, 0xff, 0xe8, 0x68, 0x38, 0xff,
    0xe8, 0x68, 0x38, 0xff, 0xe8, 0x6c, 0x38, 0xff, 0xe8, 0x68, 0x38, 0xff,
    0xe0, 0x64, 0x38, 0xff, 0xe0, 0x64, 0x38, 0xff, 0xe0, 0x60, 0x30, 0xff,
    0xd8, 0x60, 0x30, 0xff, 0xe0, 0x60, 0x30, 0xff, 0xe0, 0x60, 0x30, 0xff,
    0xe0, 0x64, 0x38, 0xff, 0xe8, 0x68, 0x38, 0xff, 0xe8, 0x68, 0x38, 0xff,
    0xe8, 0x6c, 0x38, 0xff, 0xe8, 0x68, 0x38, 0xff, 0xe0, 0x6c, 0x38, 0xff,
    0xe8, 0x68, 0x38, 0xff, 0xe8, 0x68, 0x40, 0xff, 0xe8, 0x68, 0x38, 0xff,
    0xe8, 0x68, 0x38, 0xff, 0xe8, 0x68, 0x38, 0xff, 0xe8, 0x6c, 0x40, 0xff,
    0xf0, 0x70, 0x40, 0xff, 0xe8, 0x6c, 0x38, 0xff, 0xe8, 0x6c, 0x38, 0xff,
    0xe8, 0x6c, 0x38, 0xff, 0xf0, 0x6c, 0x38, 0xff, 0xe8, 0x6c, 0x38, 0xff,
    0xe8, 0x6c, 0x38, 0xff, 0xe8, 0x6c, 0x38, 0xff, 0xf0, 0x6c, 0x38, 0xff,
    0xe8, 0x6c, 0x40, 0xff, 0xe8, 0x6c, 0x38, 0xff, 0xe8, 0x6c, 0x40, 0xff,
    0xe8, 0x6c, 0x40, 0xff, 0xe8, 0x6c, 0x38, 0xff, 0xe8, 0x6c, 0x38, 0xff,
    0xe8, 0x6c, 0x40, 0xff, 0xe8, 0x6c, 0x38, 0xff, 0xf0, 0x6c, 0x38, 0xff,
    0xe8, 0x6c, 0x40, 0xff, 0xe8, 0x6c, 0x38, 0xff, 0xe8, 0x68, 0x38, 0xff,
    0xe8, 0x6c, 0x38, 0xff, 0xe8, 0x6c, 0x38, 0xff, 0xe8, 0x6c, 0x38, 0xff,
    0xe8, 0x6c, 0x38, 0xff, 0xe8, 0x6c, 0x38, 0xff, 0xe8, 0x68, 0x38, 0xff,
    0xe8, 0x6c, 0x40, 0xff, 0xe8, 0x6c, 0x38, 0xff, 0xe8, 0x68, 0x38, 0xff,
    0xe0, 0x64, 0x38, 0xff, 0xd8, 0x64, 0x38, 0xff, 0xd0, 0x5c, 0x30, 0xff,
    0xd0, 0x54, 0x28, 0xff, 0xd0, 0x58, 0x30, 0xff, 0xc8, 0x58, 0x30, 0xff,
    0xc8, 0x54, 0x28, 0xff, 0xc8, 0x54, 0x30, 0xff, 0xc0, 0x54, 0x30, 0xff,
    0xc0, 0x54, 0x30, 0xff, 0xc0, 0x54, 0x28, 0xff, 0xc0, 0x50, 0x28, 0xff,
    0xb8, 0x50, 0x30, 0xff, 0xb8, 0x4c, 0x28, 0xff, 0xb8, 0x4c, 0x28, 0xff,
    0xb0, 0x4c, 0x28, 0xff, 0xb0, 0x4c, 0x28, 0xff, 0xb0, 0x48, 0x28, 0xff,
    0xa8, 0x48, 0x28, 0xff, 0xa8, 0x48, 0x28, 0xff, 0xa0, 0x44, 0x28, 0xff,
    0xa0, 0x48, 0x28, 0xff, 0x90, 0x3c, 0x20, 0xff, 0x70, 0x2c, 0x18, 0xff,
    0x70, 0x30, 0x18, 0xff, 0x70, 0x30, 0x18, 0xff, 0x90, 0x40, 0x28, 0xff,
    0x90, 0x40, 0x28, 0xff, 0x98, 0x44, 0x28, 0xff, 0x98, 0x40, 0x20, 0xff,
    0x98, 0x44, 0x28, 0xff, 0x98, 0x40, 0x20, 0xff, 0x90, 0x3c, 0x20, 0xff,
    0x90, 0x3c, 0x20, 0xff, 0x90, 0x3c, 0x20, 0xff, 0x90, 0x38, 0x20, 0xff,
    0x80, 0x34, 0x18, 0xff, 0x70, 0x2c, 0x18, 0xff, 0x78, 0x30, 0x18, 0xff,
    0x90, 0x3c, 0x20, 0xff, 0x90, 0x3c, 0x20, 0xff, 0x98, 0x40, 0x20, 0xff,
    0x98, 0x40, 0x20, 0xff, 0xa0, 0x40, 0x20, 0xff, 0x98, 0x3c, 0x20, 0xff,
    0xa0, 0x40, 0x20, 0xff, 0x98, 0x3c, 0x20, 0xff, 0x90, 0x3c, 0x20, 0xff,
    0x88, 0x38, 0x18, 0xff, 0x88, 0x38, 0x18, 0xff, 0x80, 0x34, 0x18, 0xff,
    0x88, 0x38, 0x18, 0xff, 0x88, 0x38, 0x18, 0xff, 0x88, 0x34, 0x18, 0xff,
    0x90, 0x38, 0x18, 0xff, 0x90, 0x38, 0x18, 0xff, 0x90, 0x38, 0x18, 0xff,
    0x90, 0x3c, 0x18, 0xff, 0x90, 0x3c, 0x18, 0xff, 0x90, 0x3c, 0x18, 0xff,
    0x98, 0x3c, 0x20, 0xff, 0x98, 0x3c, 0x20, 0xff, 0x98, 0x3c, 0x20, 0xff,
    0x98, 0x3c, 0x20, 0xff, 0xa0, 0x3c, 0x20, 0xff, 0xa0, 0x3c, 0x20, 0xff,
    0xa0, 0x40, 0x20, 0xff, 0xa0, 0x40, 0x20, 0xff, 0xa0, 0x40, 0x20, 0xff,
    0xa0, 0x40, 0x20, 0xff, 0xa8, 0x44, 0x20, 0xff, 0xa8, 0x44, 0x20, 0xff,
    0xa8, 0x44, 0x20, 0xff, 0xa8, 0x44, 0x20, 0xff, 0xb0, 0x44, 0x20, 0xff,
    0xb0, 0x48, 0x20, 0xff, 0xa0, 0x40, 0x20, 0xff, 0x98, 0x3c, 0x20, 0xff,
    0xb0, 0x44, 0x20, 0xff, 0xc8, 0x50, 0x28, 0xff, 0xd8, 0x60, 0x30, 0xff,
    0xd8, 0x5c, 0x30, 0xff, 0xc8, 0x54, 0x28, 0xff, 0xe0, 0x60, 0x30, 0xff,
    0xd8, 0x5c, 0x30, 0xff, 0xd0, 0x58, 0x30, 0xff, 0xd0, 0x58, 0x28, 0xff,
    0xd8, 0x5c, 0x28, 0xff, 0xd0, 0x5c, 0x30, 0xff, 0xd0, 0x54, 0x28, 0xff,
    0xc8, 0x54, 0x30, 0xff, 0xd8, 0x5c, 0x30, 0xff, 0xd0, 0x5c, 0x30, 0xff,
    0xd8, 0x5c, 0x28, 0xff, 0xd0, 0x5c, 0x30, 0xff, 0xd8, 0x5c, 0x30, 0xff,
    0xd0, 0x58, 0x28, 0xff, 0xd0, 0x54, 0x28, 0xff, 0xd0, 0x58, 0x30, 0xff,
    0xd0, 0x5c, 0x28, 0xff, 0xd8, 0x58, 0x30, 0xff, 0xd8, 0x5c, 0x28, 0xff,
    0xd0, 0x58, 0x30, 0xff, 0xd8, 0x5c, 0x28, 0xff, 0xd8, 0x5c, 0x30, 0xff,
    0xd8, 0x5c, 0x30, 0xff, 0xd0, 0x5c, 0x30, 0xff, 0xd8, 0x5c, 0x30, 0xff,
    0xd8, 0x5c, 0x30, 0xff, 0xd0, 0x5c, 0x30, 0xff, 0xd8, 0x5c, 0x30, 0xff,
    0xd0, 0x5c, 0x30, 0xff, 0xd8, 0x5c, 0x30, 0xff, 0xd8, 0x5c, 0x30, 0xff,
    0xd8, 0x5c, 0x30, 0xff, 0xd8, 0x60, 0x30, 0xff, 0xd8, 0x5c, 0x30, 0xff,
    0xd8, 0x60, 0x30, 0xff, 0xe0, 0x60, 0x30, 0xff, 0xd8, 0x60, 0x30, 0xff,
    0xd8, 0x60, 0x30, 0xff, 0xd8, 0x60, 0x30, 0xff, 0xe0, 0x60, 0x30, 0xff,
    0xe0, 0x5c, 0x30, 0xff, 0xd8, 0x60, 0x38, 0xff, 0xd8, 0x60, 0x30, 0xff,
    0xe0, 0x60, 0x30, 0xff, 0xd8, 0x60, 0x30, 0xff, 0xe0, 0x64, 0x38, 0xff,
    0xe0, 0x64, 0x38, 0xff, 0xe8, 0x68, 0x38, 0xff, 0xe8, 0x68, 0x38, 0xff,
    0xe8, 0x68, 0x38, 0xff, 0xe8, 0x68, 0x38, 0xff, 0xe8, 0x68, 0x40, 0xff,
    0xe8, 0x6c, 0x38, 0xff, 0xe8, 0x68, 0x38, 0xff, 0xe8, 0x68, 0x40, 0xff,
    0xe8, 0x68, 0x38, 0xff, 0xe0, 0x68, 0x38, 0xff, 0xe8, 0x6c, 0x38, 0xff,
    0xe8, 0x68, 0x38, 0xff, 0xe0, 0x68, 0x38, 0xff, 0xe8, 0x68, 0x38, 0xff,
    0xe8, 0x6c, 0x38, 0xff, 0xe8, 0x6c, 0x38, 0xff, 0xe0, 0x68, 0x38, 0xff,
    0xe8, 0x6c, 0x40, 0xff, 0xe8, 0x68, 0x38, 0xff, 0xe0, 0x68, 0x38, 0xff,
    0xe8, 0x6c, 0x38, 0xff, 0xe8, 0x68, 0x40, 0xff, 0xe8, 0x68, 0x38, 0xff,
    0xe8, 0x6c, 0x38, 0xff, 0xe8, 0x68, 0x38, 0xff, 0xe8, 0x68, 0x38, 0xff,
    0xe8, 0x68, 0x38, 0xff, 0xe8, 0x68, 0x38, 0xff, 0xe8, 0x68, 0x40, 0xff,
    0xe8, 0x68, 0x38, 0xff, 0xe8, 0x68, 0x38, 0xff, 0xe8, 0x6c, 0x38, 0xff,
    0xe8, 0x68, 0x40, 0xff, 0xe0, 0x68, 0x38, 0xff, 0xe0, 0x64, 0x30, 0xff,
    0xe0, 0x60, 0x30, 0xff, 0xd8, 0x5c, 0x30, 0xff, 0xe0, 0x60, 0x30, 0xff,
    0xd8, 0x60, 0x38, 0xff, 0xe0, 0x60, 0x38, 0xff, 0xe0, 0x68, 0x38, 0xff,
    0xe8, 0x68, 0x38, 0xff, 0xe8, 0x6c, 0x38, 0xff, 0xe8, 0x68, 0x38, 0xff,
    0xe8, 0x68, 0x38, 0xff, 0xe8, 0x68, 0x38, 0xff, 0xe8, 0x68, 0x38, 0xff,
    0xe8, 0x68, 0x40, 0xff, 0xe8, 0x6c, 0x38, 0xff, 0xe8, 0x68, 0x38, 0xff,
    0xe8, 0x68, 0x38, 0xff, 0xe8, 0x68, 0x38, 0xff, 0xe8, 0x68, 0x38, 0xff,
    0xe8, 0x68, 0x38, 0xff, 0xe8, 0x68, 0x38, 0xff, 0xe8, 0x68, 0x38, 0xff,
    0xe8, 0x68, 0x38, 0xff, 0xe8, 0x68, 0x38, 0xff, 0xe8, 0x68, 0x38, 0xff,
    0xe8, 0x68, 0x38, 0xff, 0xe8, 0x68, 0x38, 0xff, 0xe8, 0x68, 0x38, 0xff,
    0xe8, 0x68, 0x38, 0xff, 0xe8, 0x68, 0x38, 0xff, 0xe8, 0x68, 0x38, 0xff,
    0xe8, 0x68, 0x38, 0xff, 0xe8, 0x68, 0x38, 0xff, 0xe8, 0x68, 0x38, 0xff,
    0xe8, 0x68, 0x38, 0xff, 0xe8, 0x68, 0x38, 0xff, 0xe8, 0x68, 0x38, 0xff,
    0xe0, 0x68, 0x38, 0xff, 0xe0, 0x68, 0x38, 0xff, 0xe8, 0x68, 0x38, 0xff,
    0xe0, 0x68, 0x38, 0xff, 0xe0, 0x68, 0x38, 0xff, 0xe0, 0x68, 0x38, 0xff,
    0xe8, 0x68, 0x38, 0xff, 0xe0, 0x68, 0x38, 0xff, 0xe0, 0x68, 0x38, 0xff,
    0xe8, 0x64, 0x38, 0xff, 0xe0, 0x64, 0x38, 0xff, 0xd8, 0x60, 0x30, 0xff,
    0xd0, 0x58, 0x30, 0xff, 0xc8, 0x54, 0x28, 0xff, 0xc8, 0x54, 0x28, 0xff,
    0xc8, 0x54, 0x28, 0xff, 0xc8, 0x54, 0x28, 0xff, 0xc0, 0x54, 0x28, 0xff,
    0xc0, 0x54, 0x28, 0xff, 0xc0, 0x50, 0x28, 0xff, 0xc0, 0x4c, 0x28, 0xff,
    0xb8, 0x4c, 0x28, 0xff, 0xb8, 0x4c, 0x28, 0xff, 0xb8, 0x4c, 0x28, 0xff,
    0xb0, 0x4c, 0x28, 0xff, 0xb0, 0x4c, 0x28, 0xff, 0xa8, 0x48, 0x28, 0xff,
    0xa8, 0x48, 0x28, 0xff, 0xa8, 0x44, 0x28, 0xff, 0xa0, 0x44, 0x28, 0xff,
    0xa0, 0x44, 0x28, 0xff, 0xa0, 0x44, 0x28, 0xff, 0x90, 0x40, 0x20, 0xff,
    0x70, 0x2c, 0x18, 0xff, 0x68, 0x2c, 0x18, 0xff, 0x70, 0x30, 0x18, 0xff,
    0x90, 0x40, 0x28, 0xff, 0x90, 0x40, 0x28, 0xff, 0x98, 0x44, 0x28, 0xff,
    0x98, 0x44, 0x28, 0xff, 0x98, 0x40, 0x20, 0xff, 0x98, 0x40, 0x20, 0xff,
    0x90, 0x40, 0x20, 0xff, 0x88, 0x38, 0x20, 0xff, 0x78, 0x2c, 0x18, 0xff,
    0x68, 0x28, 0x10, 0xff, 0x58, 0x24, 0x10, 0xff, 0x58, 0x24, 0x10, 0xff,
    0x58, 0x24, 0x10, 0xff, 0x68, 0x2c, 0x18, 0xff, 0x78, 0x30, 0x18, 0xff,
    0x88, 0x34, 0x18, 0xff, 0x98, 0x3c, 0x20, 0xff, 0xa0, 0x40, 0x20, 0xff,
    0xa0, 0x40, 0x20, 0xff, 0x98, 0x40, 0x20, 0xff, 0x98, 0x3c, 0x20, 0xff,
    0x98, 0x3c, 0x20, 0xff, 0x98, 0x3c, 0x20, 0xff, 0x90, 0x3c, 0x18, 0xff,
    0x88, 0x38, 0x18, 0xff, 0x78, 0x30, 0x18, 0xff, 0x78, 0x30, 0x18, 0xff,
    0x88, 0x38, 0x18, 0xff, 0x88, 0x38, 0x18, 0xff, 0x88, 0x38, 0x18, 0xff,
    0x88, 0x38, 0x20, 0xff, 0x90, 0x38, 0x18, 0xff, 0x90, 0x3c, 0x20, 0xff,
    0x90, 0x3c, 0x18, 0xff, 0x98, 0x3c, 0x20, 0xff, 0x98, 0x3c, 0x20, 0xff,
    0xa0, 0x3c, 0x20, 0xff, 0x98, 0x40, 0x20, 0xff, 0x98, 0x40, 0x18, 0xff,
    0xa0, 0x40, 0x20, 0xff, 0xa0, 0x40, 0x20, 0xff, 0xa0, 0x40, 0x20, 0xff,
    0xa0, 0x40, 0x20, 0xff, 0xa8, 0x40, 0x20, 0xff, 0xa0, 0x44, 0x20, 0xff,
    0xa8, 0x40, 0x20, 0xff, 0xa8, 0x44, 0x20, 0xff, 0xa8, 0x44, 0x20, 0xff,
    0xa8, 0x44, 0x20, 0xff, 0xa8, 0x44, 0x20, 0xff, 0xb0, 0x44, 0x20, 0xff,
    0xb0, 0x44, 0x20, 0xff, 0xa0, 0x44, 0x20, 0xff, 0x98, 0x3c, 0x20, 0xff,
    0xa0, 0x40, 0x20, 0xff, 0xc8, 0x50, 0x28, 0xff, 0xd0, 0x58, 0x30, 0xff,
    0xd0, 0x58, 0x28, 0xff, 0xd8, 0x5c, 0x30, 0xff, 0xd8, 0x5c, 0x30, 0xff,
    0xd0, 0x5c, 0x30, 0xff, 0xd0, 0x58, 0x28, 0xff, 0xc8, 0x54, 0x28, 0xff,
    0xc8, 0x54, 0x28, 0xff, 0xd0, 0x58, 0x28, 0xff, 0xd0, 0x58, 0x30, 0xff,
    0xd0, 0x58, 0x28, 0xff, 0xd8, 0x5c, 0x30, 0xff, 0xd8, 0x5c, 0x30, 0xff,
    0xd8, 0x5c, 0x30, 0xff, 0xd0, 0x58, 0x28, 0xff, 0xd0, 0x54, 0x28, 0xff,
    0xd0, 0x58, 0x30, 0xff, 0xd0, 0x5c, 0x30, 0xff, 0xd0, 0x58, 0x28, 0xff,
    0xd0, 0x58, 0x30, 0xff, 0xd0, 0x5c, 0x30, 0xff, 0xd0, 0x5c, 0x30, 0xff,
    0xd8, 0x5c, 0x28, 0xff, 0xd8, 0x58, 0x30, 0xff, 0xd8, 0x5c, 0x30, 0xff,
    0xd8, 0x5c, 0x30, 0xff, 0xd8, 0x5c, 0x30, 0xff, 0xd8, 0x5c, 0x30, 0xff,
    0xd8, 0x60, 0x28, 0xff, 0xd8, 0x5c, 0x30, 0xff, 0xd8, 0x5c, 0x30, 0xff,
    0xd0, 0x5c, 0x30, 0xff, 0xd8, 0x5c, 0x30, 0xff, 0xd8, 0x5c, 0x30, 0xff,
    0xd8, 0x60, 0x30, 0xff, 0xd8, 0x5c, 0x30, 0xff, 0xd8, 0x5c, 0x38, 0xff,
    0xe0, 0x60, 0x30, 0xff, 0xd8, 0x60, 0x30, 0xff, 0xd8, 0x60, 0x38, 0xff,
    0xd8, 0x60, 0x30, 0xff, 0xd8, 0x60, 0x30, 0xff, 0xe0, 0x5c, 0x30, 0xff,
    0xd8, 0x60, 0x30, 0xff, 0xd8, 0x60, 0x30, 0xff, 0xe0, 0x60, 0x30, 0xff,
    0xe0, 0x60, 0x38, 0xff, 0xe0, 0x64, 0x38, 0xff, 0xe0, 0x68, 0x38, 0xff,
    0xe8, 0x68, 0x38, 0xff, 0xe8, 0x68, 0x38, 0xff, 0xe8, 0x6c, 0x38, 0xff,
    0xe0, 0x68, 0x38, 0xff, 0xe8, 0x68, 0x38, 0xff, 0xe8, 0x68, 0x38, 0xff,
    0xe0, 0x6c, 0x38, 0xff, 0xe8, 0x68, 0x38, 0xff, 0xe8, 0x68, 0x40, 0xff,
    0xe8, 0x68, 0x38, 0xff, 0xe8, 0x68, 0x38, 0xff, 0xe8, 0x68, 0x38, 0xff,
    0xe8, 0x68, 0x38, 0xff, 0xe8, 0x68, 0x38, 0xff, 0xe8, 0x68, 0x38, 0xff,
    0xe8, 0x68, 0x38, 0xff, 0xe8, 0x6c, 0x38, 0xff, 0xe8, 0x68, 0x38, 0xff,
    0xe8, 0x68, 0x38, 0xff, 0xe8, 0x6c, 0x38, 0xff, 0xe8, 0x68, 0x38, 0xff,
    0xe0, 0x68, 0x38, 0xff, 0xe8, 0x6c, 0x38, 0xff, 0xe8, 0x68, 0x38, 0xff,
    0xe8, 0x68, 0x38, 0xff, 0xe8, 0x6c, 0x38, 0xff, 0xe8, 0x68, 0x38, 0xff,
    0xe8, 0x6c, 0x38, 0xff, 0xe8, 0x68, 0x38, 0xff, 0xe8, 0x68, 0x38, 0xff,
    0xe8, 0x68, 0x40, 0xff, 0xe8, 0x68, 0x38, 0xff, 0xe0, 0x68, 0x38, 0xff,
    0xe0, 0x64, 0x38, 0xff, 0xe0, 0x60, 0x30, 0xff, 0xe0, 0x60, 0x30, 0xff,
    0xd8, 0x60, 0x30, 0xff, 0xe0, 0x60, 0x30, 0xff, 0xe0, 0x60, 0x38, 0xff,
    0xe0, 0x64, 0x38, 0xff, 0xe8, 0x68, 0x38, 0xff, 0xe8, 0x68, 0x38, 0xff,
    0xe8, 0x68, 0x38, 0xff, 0xe8, 0x6c, 0x40, 0xff, 0xe0, 0x6c, 0x38, 0xff,
    0xe8, 0x68, 0x38, 0xff, 0xe8, 0x6c, 0x38, 0xff, 0xe0, 0x68, 0x38, 0xff,
    0xe8, 0x6c, 0x38, 0xff, 0xe8, 0x68, 0x38, 0xff, 0xe8, 0x68, 0x38, 0xff,
    0xe8, 0x68, 0x38, 0xff, 0xe8, 0x68, 0x38, 0xff, 0xe8, 0x68, 0x38, 0xff,
    0xe8, 0x68, 0x38, 0xff, 0xe8, 0x68, 0x38, 0xff, 0xe8, 0x68, 0x40, 0xff,
    0xe8, 0x68, 0x38, 0xff, 0xe0, 0x68, 0x38, 0xff, 0xe8, 0x68, 0x38, 0xff,
    0xe8, 0x68, 0x38, 0xff, 0xe8, 0x68, 0x38, 0xff, 0xe8, 0x68, 0x38, 0xff,
    0xe8, 0x68, 0x38, 0xff, 0xe8, 0x68, 0x38, 0xff, 0xe8, 0x68, 0x38, 0xff,
    0xe8, 0x68, 0x38, 0xff, 0xe8, 0x68, 0x38, 0xff, 0xe0, 0x68, 0x38, 0xff,
    0xe0, 0x68, 0x38, 0xff, 0xe8, 0x68, 0x38, 0xff, 0xe8, 0x68, 0x38, 0xff,
    0xe0, 0x64, 0x38, 0xff, 0xe8, 0x68, 0x38, 0xff, 0xe0, 0x68, 0x38, 0xff,
    0xe8, 0x64, 0x38, 0xff, 0xe0, 0x68, 0x38, 0xff, 0xe8, 0x64, 0x38, 0xff,
    0xe0, 0x68, 0x38, 0xff, 0xe0, 0x68, 0x38, 0xff, 0xe0, 0x64, 0x38, 0xff,
    0xd8, 0x60, 0x30, 0xff, 0xd0, 0x58, 0x30, 0xff, 0xc8, 0x54, 0x30, 0xff,
    0xc8, 0x54, 0x28, 0xff, 0xc8, 0x54, 0x28, 0xff, 0xc8, 0x54, 0x28, 0xff,
    0xc8, 0x54, 0x30, 0xff, 0xc0, 0x54, 0x28, 0xff, 0xc0, 0x50, 0x28, 0xff,
    0xc0, 0x50, 0x28, 0xff, 0xb8, 0x50, 0x28, 0xff, 0xb8, 0x50, 0x28, 0xff,
    0xb8, 0x4c, 0x28, 0xff, 0xb0, 0x4c, 0x28, 0xff, 0xb0, 0x4c, 0x28, 0xff,
    0xa8, 0x48, 0x28, 0xff, 0xa8, 0x48, 0x28, 0xff, 0xa8, 0x48, 0x28, 0xff,
    0xa0, 0x44, 0x28, 0xff, 0xa0, 0x44, 0x28, 0xff, 0xa0, 0x48, 0x28, 0xff,
    0x90, 0x3c, 0x20, 0xff, 0x70, 0x2c, 0x18, 0xff, 0x68, 0x2c, 0x18, 0xff,
    0x70, 0x30, 0x18, 0xff, 0x90, 0x40, 0x28, 0xff, 0x90, 0x44, 0x28, 0xff,
    0x98, 0x44, 0x28, 0xff, 0x98, 0x44, 0x20, 0xff, 0x98, 0x40, 0x28, 0xff,
    0x90, 0x3c, 0x20, 0xff, 0x70, 0x2c, 0x18, 0xff, 0x78, 0x30, 0x18, 0xff,
    0x90, 0x3c, 0x20, 0xff, 0xa8, 0x48, 0x28, 0xff, 0xb0, 0x4c, 0x28, 0xff,
    0xc0, 0x54, 0x30, 0xff, 0xc0, 0x54, 0x30, 0xff, 0xb8, 0x50, 0x28, 0xff,
    0xb8, 0x4c, 0x28, 0xff, 0xa0, 0x40, 0x20, 0xff, 0x88, 0x38, 0x18, 0xff,
    0x78, 0x30, 0x18, 0xff, 0x80, 0x34, 0x18, 0xff, 0x98, 0x40, 0x20, 0xff,
    0xa0, 0x40, 0x20, 0xff, 0x98, 0x3c, 0x18, 0xff, 0x98, 0x3c, 0x20, 0xff,
    0x90, 0x3c, 0x20, 0xff, 0x90, 0x38, 0x18, 0xff, 0x88, 0x34, 0x18, 0xff,
    0x88, 0x34, 0x18, 0xff, 0x98, 0x3c, 0x20, 0xff, 0x98, 0x40, 0x20, 0xff,
    0x98, 0x3c, 0x20, 0xff, 0xa0, 0x40, 0x20, 0xff, 0xa0, 0x40, 0x20, 0xff,
    0xa0, 0x40, 0x20, 0xff, 0xa8, 0x44, 0x20, 0xff, 0xa8, 0x44, 0x20, 0xff,
    0xb0, 0x44, 0x20, 0xff, 0xb0, 0x48, 0x20, 0xff, 0xb0, 0x48, 0x20, 0xff,
    0xb0, 0x48, 0x20, 0xff, 0xb0, 0x48, 0x20, 0xff, 0xb8, 0x48, 0x20, 0xff,
    0xb8, 0x48, 0x28, 0xff, 0xb8, 0x4c, 0x20, 0xff, 0xb8, 0x4c, 0x28, 0xff,
    0xb8, 0x4c, 0x28, 0xff, 0xb8, 0x4c, 0x20, 0xff, 0xb8, 0x4c, 0x28, 0xff,
    0xc0, 0x4c, 0x28, 0xff, 0xc0, 0x4c, 0x28, 0xff, 0xb8, 0x4c, 0x28, 0xff,
    0xc0, 0x4c, 0x28, 0xff, 0xc0, 0x4c, 0x28, 0xff, 0xb8, 0x4c, 0x28, 0xff,
    0xc0, 0x4c, 0x28, 0xff, 0xc0, 0x4c, 0x28, 0xff, 0xc8, 0x54, 0x28, 0xff,
    0xd8, 0x5c, 0x30, 0xff, 0xd8, 0x5c, 0x30, 0xff, 0xd0, 0x58, 0x28, 0xff,
    0xd0, 0x58, 0x28, 0xff, 0xd0, 0x58, 0x30, 0xff, 0xd8, 0x58, 0x30, 0xff,
    0xd0, 0x58, 0x30, 0xff, 0xd0, 0x54, 0x28, 0xff, 0xd0, 0x58, 0x30, 0xff,
    0xd0, 0x5c, 0x30, 0xff, 0xd0, 0x58, 0x28, 0xff, 0xd0, 0x58, 0x28, 0xff,
    0xd0, 0x58, 0x30, 0xff, 0xd8, 0x5c, 0x30, 0xff, 0xd8, 0x5c, 0x30, 0xff,
    0xd0, 0x58, 0x28, 0xff, 0xd0, 0x58, 0x30, 0xff, 0xd0, 0x5c, 0x30, 0xff,
    0xd8, 0x58, 0x28, 0xff, 0xd0, 0x58, 0x30, 0xff, 0xd0, 0x58, 0x30, 0xff,
    0xd8, 0x5c, 0x30, 0xff, 0xd0, 0x5c, 0x30, 0xff, 0xd0, 0x58, 0x28, 0xff,
    0xd8, 0x5c, 0x30, 0xff, 0xd0, 0x5c, 0x28, 0xff, 0xd0, 0x5c, 0x30, 0xff,
    0xd8, 0x5c, 0x30, 0xff, 0xd8, 0x5c, 0x30, 0xff, 0xd0, 0x5c, 0x30, 0xff,
    0xd8, 0x5c, 0x30, 0xff, 0xd8, 0x5c, 0x30, 0xff, 0xd0, 0x5c, 0x30, 0xff,
    0xd8, 0x5c, 0x30, 0xff, 0xd8, 0x5c, 0x30, 0xff, 0xd8, 0x60, 0x30, 0xff,
    0xd8, 0x5c, 0x30, 0xff, 0xd8, 0x5c, 0x30, 0xff, 0xd8, 0x60, 0x30, 0xff,
    0xd8, 0x5c, 0x30, 0xff, 0xd8, 0x5c, 0x30, 0xff, 0xd8, 0x5c, 0x30, 0xff,
    0xe0, 0x60, 0x30, 0xff, 0xd8, 0x60, 0x30, 0xff, 0xd8, 0x5c, 0x30, 0xff,
    0xe0, 0x60, 0x30, 0xff, 0xe0, 0x64, 0x30, 0xff, 0xe0, 0x64, 0x38, 0xff,
    0xe8, 0x68, 0x38, 0xff, 0xe8, 0x68, 0x38, 0xff, 0xe8, 0x68, 0x38, 0xff,
    0xe8, 0x6c, 0x38, 0xff, 0xe8, 0x68, 0x38, 0xff, 0xe8, 0x68, 0x40, 0xff,
    0xe8, 0x6c, 0x38, 0xff, 0xe8, 0x68, 0x38, 0xff, 0xe8, 0x68, 0x38, 0xff,
    0xe8, 0x6c, 0x38, 0xff, 0xe8, 0x68, 0x38, 0xff, 0xe8, 0x6c, 0x40, 0xff,
    0xe8, 0x6c, 0x38, 0xff, 0xe0, 0x68, 0x38, 0xff, 0xe8, 0x68, 0x40, 0xff,
    0xe8, 0x68, 0x38, 0xff, 0xe8, 0x68, 0x38, 0xff, 0xe8, 0x68, 0x38, 0xff,
    0xe0, 0x68, 0x38, 0xff, 0xe8, 0x68, 0x40, 0xff, 0xe8, 0x68, 0x38, 0xff,
    0xe8, 0x68, 0x38, 0xff, 0xe8, 0x68, 0x38, 0xff, 0xe8, 0x68, 0x38, 0xff,
    0xe8, 0x68, 0x40, 0xff, 0xe0, 0x6c, 0x38, 0xff, 0xe8, 0x68, 0x38, 0xff,
    0xe8, 0x68, 0x38, 0xff, 0xe0, 0x68, 0x38, 0xff, 0xe8, 0x6c, 0x38, 0xff,
    0xe8, 0x68, 0x38, 0xff, 0xe8, 0x68, 0x38, 0xff, 0xe8, 0x6c, 0x38, 0xff,
    0xe8, 0x68, 0x38, 0xff, 0xe0, 0x64, 0x38, 0xff, 0xe0, 0x60, 0x38, 0xff,
    0xd8, 0x60, 0x30, 0xff, 0xd8, 0x60, 0x30, 0xff, 0xd8, 0x60, 0x30, 0xff,
    0xe0, 0x64, 0x30, 0xff, 0xe0, 0x64, 0x38, 0xff, 0xe0, 0x68, 0x38, 0xff,
    0xe8, 0x68, 0x38, 0xff, 0xe8, 0x68, 0x38, 0xff, 0xe8, 0x68, 0x38, 0xff,
    0xe0, 0x68, 0x38, 0xff, 0xe8, 0x68, 0x38, 0xff, 0xe8, 0x68, 0x38, 0xff,
    0xe8, 0x68, 0x38, 0xff, 0xe8, 0x68, 0x38, 0xff, 0xe8, 0x6c, 0x38, 0xff,
    0xe8, 0x68, 0x38, 0xff, 0xe8, 0x6c, 0x38, 0xff, 0xe8, 0x68, 0x38, 0xff,
    0xe8, 0x68, 0x38, 0xff, 0xe8, 0x6c, 0x38, 0xff, 0xe8, 0x68, 0x38, 0xff,
    0xe0, 0x68, 0x40, 0xff, 0xe8, 0x68, 0x38, 0xff, 0xe8, 0x68, 0x38, 0xff,
    0xe8, 0x68, 0x38, 0xff, 0xe8, 0x68, 0x38, 0xff, 0xe0, 0x64, 0x38, 0xff,
    0xe8, 0x68, 0x38, 0xff, 0xe8, 0x64, 0x38, 0xff, 0xe8, 0x68, 0x38, 0xff,
    0xe0, 0x68, 0x38, 0xff, 0xe0, 0x64, 0x38, 0xff, 0xe0, 0x64, 0x38, 0xff,
    0xe0, 0x68, 0x38, 0xff, 0xe8, 0x64, 0x38, 0xff, 0xe8, 0x68, 0x38, 0xff,
    0xe0, 0x68, 0x38, 0xff, 0xe0, 0x64, 0x38, 0xff, 0xe8, 0x68, 0x38, 0xff,
    0xe0, 0x68, 0x38, 0xff, 0xe0, 0x68, 0x38, 0xff, 0xe8, 0x68, 0x38, 0xff,
    0xe0, 0x68, 0x38, 0xff, 0xe0, 0x68, 0x38, 0xff, 0xe8, 0x68, 0x38, 0xff,
    0xe0, 0x64, 0x38, 0xff, 0xd8, 0x60, 0x38, 0xff, 0xd8, 0x5c, 0x30, 0xff,
    0xd0, 0x54, 0x30, 0xff, 0xc8, 0x54, 0x28, 0xff, 0xc8, 0x54, 0x28, 0xff,
    0xc8, 0x54, 0x30, 0xff, 0xc0, 0x54, 0x30, 0xff, 0xc0, 0x50, 0x28, 0xff,
    0xc0, 0x54, 0x28, 0xff, 0xc0, 0x50, 0x28, 0xff, 0xc0, 0x50, 0x28, 0xff,
    0xb8, 0x4c, 0x28, 0xff, 0xb8, 0x4c, 0x28, 0xff, 0xb0, 0x4c, 0x28, 0xff,
    0xb0, 0x4c, 0x28, 0xff, 0xb0, 0x4c, 0x28, 0xff, 0xa8, 0x48, 0x28, 0xff,
    0xa8, 0x48, 0x28, 0xff, 0xa8, 0x44, 0x28, 0xff, 0xa0, 0x44, 0x20, 0xff,
    0xa0, 0x48, 0x28, 0xff, 0x90, 0x3c, 0x20, 0xff, 0x68, 0x2c, 0x18, 0xff,
    0x68, 0x2c, 0x18, 0xff, 0x70, 0x30, 0x18, 0xff, 0x90, 0x44, 0x28, 0xff,
    0x98, 0x44, 0x28, 0xff, 0x98, 0x44, 0x28, 0xff, 0x98, 0x44, 0x28, 0xff,
    0x80, 0x34, 0x18, 0xff, 0x68, 0x2c, 0x18, 0xff, 0xa0, 0x44, 0x28, 0xff,
    0xc0, 0x5c, 0x38, 0xff, 0xd0, 0x64, 0x40, 0xff, 0xd0, 0x68, 0x40, 0xff,
    0xd8, 0x68, 0x40, 0xff, 0xd8, 0x68, 0x40, 0xff, 0xd8, 0x68, 0x40, 0xff,
    0xe0, 0x6c, 0x40, 0xff, 0xe0, 0x6c, 0x40, 0xff, 0xd8, 0x68, 0x40, 0xff,
    0xd8, 0x64, 0x38, 0xff, 0xc0, 0x54, 0x28, 0xff, 0xa0, 0x40, 0x20, 0xff,
    0x90, 0x38, 0x18, 0xff, 0x80, 0x30, 0x18, 0xff, 0x80, 0x34, 0x18, 0xff,
    0x90, 0x38, 0x18, 0xff, 0x98, 0x3c, 0x20, 0xff, 0x90, 0x3c, 0x20, 0xff,
    0x88, 0x38, 0x18, 0xff, 0x88, 0x34, 0x18, 0xff, 0x98, 0x3c, 0x20, 0xff,
    0x98, 0x3c, 0x20, 0xff, 0xa0, 0x40, 0x20, 0xff, 0xa0, 0x40, 0x20, 0xff,
    0xa0, 0x40, 0x20, 0xff, 0xa0, 0x40, 0x20, 0xff, 0xa8, 0x40, 0x20, 0xff,
    0xa0, 0x44, 0x20, 0xff, 0xa8, 0x44, 0x20, 0xff, 0xa8, 0x44, 0x20, 0xff,
    0xb0, 0x48, 0x20, 0xff, 0xb0, 0x44, 0x20, 0xff, 0xb0, 0x48, 0x28, 0xff,
    0xb8, 0x48, 0x20, 0xff, 0xb8, 0x48, 0x28, 0xff, 0xb8, 0x48, 0x20, 0xff,
    0xb8, 0x4c, 0x20, 0xff, 0xc0, 0x4c, 0x28, 0xff, 0xb8, 0x4c, 0x28, 0xff,
    0xb8, 0x4c, 0x20, 0xff, 0xc0, 0x4c, 0x28, 0xff, 0xb8, 0x4c, 0x28, 0xff,
    0xc0, 0x4c, 0x20, 0xff, 0xc0, 0x4c, 0x28, 0xff, 0xc0, 0x4c, 0x28, 0xff,
    0xc0, 0x4c, 0x28, 0xff, 0xc0, 0x50, 0x28, 0xff, 0xc8, 0x54, 0x28, 0xff,
    0xd0, 0x58, 0x28, 0xff, 0xd0, 0x58, 0x28, 0xff, 0xd8, 0x60, 0x30, 0xff,
    0xd8, 0x5c, 0x30, 0xff, 0xd0, 0x58, 0x30, 0xff, 0xd0, 0x58, 0x28, 0xff,
    0xc8, 0x54, 0x28, 0xff, 0xd0, 0x54, 0x28, 0xff, 0xd0, 0x58, 0x28, 0xff,
    0xd0, 0x58, 0x30, 0xff, 0xd8, 0x5c, 0x30, 0xff, 0xd8, 0x5c, 0x30, 0xff,
    0xd8, 0x5c, 0x30, 0xff, 0xd0, 0x58, 0x28, 0xff, 0xd0, 0x58, 0x28, 0xff,
    0xd0, 0x58, 0x30, 0xff, 0xd0, 0x58, 0x28, 0xff, 0xd0, 0x58, 0x30, 0xff,
    0xd0, 0x58, 0x28, 0xff, 0xd8, 0x58, 0x30, 0xff, 0xd0, 0x5c, 0x28, 0xff,
    0xd0, 0x58, 0x28, 0xff, 0xd8, 0x58, 0x30, 0xff, 0xd8, 0x5c, 0x30, 0xff,
    0xd8, 0x5c, 0x30, 0xff, 0xd8, 0x5c, 0x30, 0xff, 0xd8, 0x5c, 0x30, 0xff,
    0xd8, 0x5c, 0x30, 0xff, 0xd0, 0x5c, 0x30, 0xff, 0xd0, 0x5c, 0x28, 0xff,
    0xd8, 0x5c, 0x30, 0xff, 0xd0, 0x5c, 0x30, 0xff, 0xd8, 0x5c, 0x30, 0xff,
    0xd8, 0x5c, 0x30, 0xff, 0xd8, 0x5c, 0x30, 0xff, 0xd8, 0x5c, 0x30, 0xff,
    0xd8, 0x5c, 0x30, 0xff, 0xd8, 0x60, 0x30, 0xff, 0xd8, 0x60, 0x30, 0xff,
    0xd8, 0x5c, 0x30, 0xff, 0xd8, 0x60, 0x30, 0xff, 0xd8, 0x5c, 0x30, 0xff,
    0xd8, 0x60, 0x30, 0xff, 0xd8, 0x60, 0x30, 0xff, 0xe0, 0x60, 0x38, 0xff,
    0xd8, 0x60, 0x30, 0xff, 0xd8, 0x5c, 0x30, 0xff, 0xd8, 0x60, 0x30, 0xff,
    0xe0, 0x64, 0x38, 0xff, 0xe8, 0x68, 0x38, 0xff, 0xe8, 0x68, 0x38, 0xff,
    0xe8, 0x68, 0x38, 0xff, 0xe8, 0x68, 0x38, 0xff, 0xe8, 0x68, 0x38, 0xff,
    0xe8, 0x68, 0x38, 0xff, 0xe8, 0x68, 0x38, 0xff, 0xe8, 0x68, 0x38, 0xff,
    0xe8, 0x68, 0x38, 0xff, 0xe8, 0x68, 0x38, 0xff, 0xe0, 0x68, 0x38, 0xff,
    0xe8, 0x68, 0x38, 0xff, 0xe8, 0x68, 0x38, 0xff, 0xe8, 0x6c, 0x38, 0xff,
    0xe8, 0x68, 0x38, 0xff, 0xe0, 0x6c, 0x38, 0xff, 0xe8, 0x6c, 0x40, 0xff,
    0xe8, 0x68, 0x38, 0xff, 0xe8, 0x6c, 0x38, 0xff, 0xe8, 0x68, 0x38, 0xff,
    0xe8, 0x68, 0x38, 0xff, 0xe8, 0x6c, 0x38, 0xff, 0xe8, 0x68, 0x38, 0xff,
    0xe8, 0x68, 0x38, 0xff, 0xe8, 0x6c, 0x38, 0xff, 0xe8, 0x68, 0x38, 0xff,
    0xe8, 0x68, 0x40, 0xff, 0xe8, 0x68, 0x38, 0xff, 0xe8, 0x68, 0x38, 0xff,
    0xe8, 0x6c, 0x40, 0xff, 0xe8, 0x68, 0x38, 0xff, 0xe8, 0x68, 0x38, 0xff,
    0xe8, 0x6c, 0x38, 0xff, 0xe8, 0x68, 0x38, 0xff, 0xe0, 0x64, 0x38, 0xff,
    0xe0, 0x60, 0x38, 0xff, 0xe0, 0x60, 0x30, 0xff, 0xe0, 0x60, 0x30, 0xff,
    0xd8, 0x5c, 0x30, 0xff, 0xe0, 0x60, 0x30, 0xff, 0xe0, 0x64, 0x38, 0xff,
    0xe0, 0x68, 0x38, 0xff, 0xe8, 0x68, 0x38, 0xff, 0xe8, 0x68, 0x38, 0xff,
    0xe8, 0x68, 0x38, 0xff, 0xe8, 0x6c, 0x38, 0xff, 0xe8, 0x68, 0x40, 0xff,
    0xe8, 0x68, 0x38, 0xff, 0xe8, 0x6c, 0x38, 0xff, 0xe8, 0x68, 0x40, 0xff,
    0xe8, 0x68, 0x38, 0xff, 0xe8, 0x68, 0x38, 0xff, 0xe0, 0x68, 0x40, 0xff,
    0xe8, 0x6c, 0x38, 0xff, 0xe0, 0x68, 0x40, 0xff, 0xe8, 0x68, 0x38, 0xff,
    0xe8, 0x68, 0x38, 0xff, 0xe8, 0x68, 0x38, 0xff, 0xe8, 0x68, 0x38, 0xff,
    0xe8, 0x68, 0x38, 0xff, 0xe8, 0x68, 0x38, 0xff, 0xe0, 0x68, 0x38, 0xff,
    0xe8, 0x68, 0x40, 0xff, 0xe0, 0x68, 0x38, 0xff, 0xe0, 0x68, 0x38, 0xff,
    0xe0, 0x68, 0x38, 0xff, 0xe8, 0x68, 0x38, 0xff, 0xe0, 0x68, 0x38, 0xff,
    0xe8, 0x68, 0x38, 0xff, 0xe8, 0x68, 0x38, 0xff, 0xe0, 0x64, 0x38, 0xff,
    0xe0, 0x68, 0x38, 0xff, 0xe0, 0x68, 0x38, 0xff, 0xe8, 0x68, 0x38, 0xff,
    0xe0, 0x64, 0x38, 0xff, 0xe8, 0x68, 0x38, 0xff, 0xe0, 0x68, 0x38, 0xff,
    0xe0, 0x64, 0x38, 0xff, 0xe8, 0x68, 0x38, 0xff, 0xe0, 0x64, 0x38, 0xff,
    0xe0, 0x68, 0x38, 0xff, 0xe0, 0x64, 0x38, 0xff, 0xd8, 0x64, 0x30, 0xff,
    0xd8, 0x60, 0x30, 0xff, 0xd0, 0x58, 0x30, 0xff, 0xc8, 0x54, 0x28, 0xff,
    0xc8, 0x54, 0x28, 0xff, 0xc8, 0x54, 0x28, 0xff, 0xc0, 0x54, 0x28, 0xff,
    0xc0, 0x50, 0x30, 0xff, 0xc0, 0x50, 0x28, 0xff, 0xc0, 0x50, 0x28, 0xff,
    0xb8, 0x4c, 0x30, 0xff, 0xb8, 0x50, 0x28, 0xff, 0xb8, 0x4c, 0x28, 0xff,
    0xb0, 0x4c, 0x28, 0xff, 0xb0, 0x4c, 0x28, 0xff, 0xb0, 0x4c, 0x28, 0xff,
    0xa8, 0x48, 0x28, 0xff, 0xa8, 0x48, 0x28, 0xff, 0xa0, 0x44, 0x28, 0xff,
    0xa0, 0x44, 0x20, 0xff, 0xa0, 0x48, 0x28, 0xff, 0x90, 0x3c, 0x20, 0xff,
    0x68, 0x28, 0x10, 0xff, 0x68, 0x2c, 0x18, 0xff, 0x70, 0x2c, 0x18, 0xff,
    0x90, 0x44, 0x28, 0xff, 0x98, 0x44, 0x28, 0xff, 0x98, 0x44, 0x28, 0xff,
    0x78, 0x34, 0x20, 0xff, 0x78, 0x34, 0x18, 0xff, 0xb8, 0x58, 0x38, 0xff,
    0xd0, 0x68, 0x40, 0xff, 0xc8, 0x64, 0x40, 0xff, 0xc0, 0x5c, 0x38, 0xff,
    0xc8, 0x5c, 0x38, 0xff, 0xc8, 0x60, 0x38, 0xff, 0xc8, 0x60, 0x38, 0xff,
    0xd0, 0x60, 0x38, 0xff, 0xd0, 0x60, 0x38, 0xff, 0xd0, 0x60, 0x38, 0xff,
    0xd8, 0x64, 0x38, 0xff, 0xe0, 0x68, 0x40, 0xff, 0xe8, 0x6c, 0x40, 0xff,
    0xe0, 0x6c, 0x40, 0xff, 0xd8, 0x64, 0x38, 0xff, 0xc8, 0x54, 0x28, 0xff,
    0xb0, 0x48, 0x20, 0xff, 0x88, 0x38, 0x18, 0xff, 0x70, 0x2c, 0x18, 0xff,
    0x78, 0x30, 0x18, 0xff, 0x80, 0x34, 0x18, 0xff, 0x88, 0x38, 0x18, 0xff,
    0x98, 0x40, 0x20, 0xff, 0x98, 0x3c, 0x20, 0xff, 0x98, 0x40, 0x20, 0xff,
    0xa0, 0x40, 0x20, 0xff, 0xa0, 0x40, 0x20, 0xff, 0xa8, 0x44, 0x20, 0xff,
    0xa0, 0x44, 0x20, 0xff, 0xb0, 0x44, 0x20, 0xff, 0xa8, 0x44, 0x20, 0xff,
    0xb0, 0x44, 0x28, 0xff, 0xb0, 0x48, 0x28, 0xff, 0xb0, 0x48, 0x20, 0xff,
    0xb8, 0x48, 0x28, 0xff, 0xb0, 0x48, 0x28, 0xff, 0xb8, 0x4c, 0x20, 0xff,
    0xb8, 0x4c, 0x28, 0xff, 0xc0, 0x4c, 0x28, 0xff, 0xb8, 0x4c, 0x28, 0xff,
    0xc0, 0x4c, 0x20, 0xff, 0xc0, 0x4c, 0x28, 0xff, 0xc0, 0x4c, 0x28, 0xff,
    0xc0, 0x4c, 0x28, 0xff, 0xc0, 0x4c, 0x28, 0xff, 0xc0, 0x4c, 0x28, 0xff,
    0xc0, 0x50, 0x28, 0xff, 0xc0, 0x50, 0x28, 0xff, 0xc0, 0x50, 0x28, 0xff,
    0xc8, 0x58, 0x28, 0xff, 0xd0, 0x54, 0x28, 0xff, 0xd0, 0x58, 0x30, 0xff,
    0xd8, 0x5c, 0x30, 0xff, 0xd8, 0x5c, 0x30, 0xff, 0xd8, 0x5c, 0x30, 0xff,
    0xd8, 0x5c, 0x30, 0xff, 0xd0, 0x58, 0x30, 0xff, 0xd0, 0x54, 0x28, 0xff,
    0xd0, 0x54, 0x28, 0xff, 0xd0, 0x58, 0x30, 0xff, 0xd0, 0x5c, 0x30, 0xff,
    0xd8, 0x58, 0x28, 0xff, 0xd8, 0x5c, 0x30, 0xff, 0xd8, 0x5c, 0x30, 0xff,
    0xd8, 0x5c, 0x30, 0xff, 0xd0, 0x54, 0x28, 0xff, 0xd0, 0x54, 0x28, 0xff,
    0xd0, 0x5c, 0x30, 0xff, 0xd8, 0x5c, 0x30, 0xff, 0xd8, 0x58, 0x30, 0xff,
    0xd0, 0x58, 0x30, 0xff, 0xd0, 0x5c, 0x28, 0xff, 0xd8, 0x5c, 0x30, 0xff,
    0xd8, 0x5c, 0x30, 0xff, 0xd0, 0x5c, 0x30, 0xff, 0xd8, 0x5c, 0x30, 0xff,
    0xd8, 0x58, 0x30, 0xff, 0xd8, 0x5c, 0x30, 0xff, 0xd8, 0x5c, 0x30, 0xff,
    0xd8, 0x5c, 0x30, 0xff, 0xd8, 0x5c, 0x30, 0xff, 0xd0, 0x5c, 0x30, 0xff,
    0xd8, 0x5c, 0x28, 0xff, 0xd8, 0x5c, 0x30, 0xff, 0xd8, 0x5c, 0x30, 0xff,
    0xd8, 0x60, 0x30, 0xff, 0xd8, 0x5c, 0x30, 0xff, 0xd8, 0x5c, 0x30, 0xff,
    0xe0, 0x5c, 0x38, 0xff, 0xd8, 0x60, 0x30, 0xff, 0xd8, 0x60, 0x30, 0xff,
    0xd8, 0x5c, 0x38, 0xff, 0xe0, 0x5c, 0x30, 0xff, 0xd8, 0x60, 0x30, 0xff,
    0xe0, 0x60, 0x30, 0xff, 0xd8, 0x5c, 0x30, 0xff, 0xe0, 0x5c, 0x30, 0xff,
    0xd8, 0x60, 0x38, 0xff, 0xe0, 0x64, 0x38, 0xff, 0xe0, 0x64, 0x38, 0xff,
    0xe0, 0x68, 0x38, 0xff, 0xe8, 0x68, 0x38, 0xff, 0xe8, 0x68, 0x40, 0xff,
    0xe0, 0x6c, 0x38, 0xff, 0xe8, 0x68, 0x38, 0xff, 0xe8, 0x6c, 0x38, 0xff,
    0xe0, 0x68, 0x40, 0xff, 0xe8, 0x6c, 0x38, 0xff, 0xe8, 0x68, 0x38, 0xff,
    0xe8, 0x68, 0x38, 0xff, 0xe8, 0x68, 0x38, 0xff, 0xe8, 0x68, 0x38, 0xff,
    0xe8, 0x68, 0x40, 0xff, 0xe8, 0x68, 0x38, 0xff, 0xe8, 0x68, 0x38, 0xff,
    0xe8, 0x68, 0x38, 0xff, 0xe8, 0x68, 0x38, 0xff, 0xe8, 0x68, 0x38, 0xff,
    0xe8, 0x6c, 0x38, 0xff, 0xe0, 0x68, 0x38, 0xff, 0xe8, 0x68, 0x40, 0xff,
    0xe8, 0x6c, 0x38, 0xff, 0xe0, 0x68, 0x38, 0xff, 0xe8, 0x68, 0x38, 0xff,
    0xe8, 0x68, 0x38, 0xff, 0xe8, 0x6c, 0x38, 0xff, 0xe8, 0x68, 0x38, 0xff,
    0xe8, 0x68, 0x38, 0xff, 0xe0, 0x68, 0x38, 0xff, 0xe8, 0x68, 0x38, 0xff,
    0xe8, 0x68, 0x38, 0xff, 0xe8, 0x6c, 0x38, 0xff, 0xe8, 0x68, 0x38, 0xff,
    0xe0, 0x68, 0x38, 0xff, 0xe0, 0x64, 0x38, 0xff, 0xe0, 0x60, 0x30, 0xff,
    0xd8, 0x60, 0x30, 0xff, 0xd8, 0x60, 0x30, 0xff, 0xe0, 0x60, 0x30, 0xff,
    0xe0, 0x64, 0x38, 0xff, 0xe0, 0x64, 0x38, 0xff, 0xe8, 0x68, 0x38, 0xff,
    0xe8, 0x68, 0x38, 0xff, 0xe8, 0x68, 0x38, 0xff, 0xe8, 0x6c, 0x38, 0xff,
    0xe8, 0x68, 0x38, 0xff, 0xe8, 0x68, 0x38, 0xff, 0xe8, 0x6c, 0x38, 0xff,
    0xe8, 0x68, 0x38, 0xff, 0xe8, 0x68, 0x38, 0xff, 0xe8, 0x6c, 0x38, 0xff,
    0xe8, 0x68, 0x38, 0xff, 0xe8, 0x68, 0x38, 0xff, 0xe8, 0x68, 0x38, 0xff,
    0xe8, 0x68, 0x38, 0xff, 0xe8, 0x68, 0x38, 0xff, 0xe8, 0x68, 0x38, 0xff,
    0xe0, 0x68, 0x38, 0xff, 0xe8, 0x68, 0x38, 0xff, 0xe8, 0x68, 0x38, 0xff,
    0xe0, 0x68, 0x38, 0xff, 0xe8, 0x68, 0x38, 0xff, 0xe8, 0x64, 0x38, 0xff,
    0xe8, 0x68, 0x40, 0xff, 0xe8, 0x68, 0x40, 0xff, 0xe8, 0x6c, 0x40, 0xff,
    0xe8, 0x6c, 0x40, 0xff, 0xe0, 0x68, 0x38, 0xff, 0xe8, 0x68, 0x38, 0xff,
    0xe0, 0x68, 0x38, 0xff, 0xe0, 0x64, 0x38, 0xff, 0xe8, 0x68, 0x38, 0xff,
    0xe0, 0x68, 0x38, 0xff, 0xe8, 0x68, 0x38, 0xff, 0xe0, 0x64, 0x38, 0xff,
    0xe0, 0x68, 0x38, 0xff, 0xe8, 0x68, 0x38, 0xff, 0xe8, 0x64, 0x38, 0xff,
    0xe0, 0x68, 0x38, 0xff, 0xe0, 0x68, 0x38, 0xff, 0xe0, 0x64, 0x38, 0xff,
    0xe0, 0x60, 0x38, 0xff, 0xd8, 0x5c, 0x30, 0xff, 0xd0, 0x5c, 0x30, 0xff,
    0xc8, 0x54, 0x30, 0xff, 0xc8, 0x58, 0x28, 0xff, 0xc8, 0x54, 0x30, 0xff,
    0xc8, 0x54, 0x28, 0xff, 0xc0, 0x50, 0x28, 0xff, 0xc0, 0x54, 0x28, 0xff,
    0xc0, 0x50, 0x28, 0xff, 0xc0, 0x4c, 0x28, 0xff, 0xb8, 0x50, 0x28, 0xff,
    0xb8, 0x4c, 0x28, 0xff, 0xb0, 0x4c, 0x28, 0xff, 0xb0, 0x4c, 0x28, 0xff,
    0xa8, 0x48, 0x28, 0xff, 0xa8, 0x48, 0x28, 0xff, 0xa8, 0x48, 0x28, 0xff,
    0xa8, 0x48, 0x28, 0xff, 0xa0, 0x44, 0x28, 0xff, 0xa0, 0x48, 0x28, 0xff,
    0x88, 0x38, 0x20, 0xff, 0x58, 0x24, 0x10, 0xff, 0x68, 0x28, 0x18, 0xff,
    0x70, 0x2c, 0x18, 0xff, 0x90, 0x40, 0x28, 0xff, 0x88, 0x3c, 0x20, 0xff,
    0x70, 0x30, 0x18, 0xff, 0x88, 0x38, 0x20, 0xff, 0xc0, 0x60, 0x40, 0xff,
    0xc8, 0x64, 0x40, 0xff, 0xc0, 0x5c, 0x38, 0xff, 0xc0, 0x5c, 0x38, 0xff,
    0xc0, 0x60, 0x38, 0xff, 0xc8, 0x60, 0x38, 0xff, 0xc8, 0x60, 0x38, 0xff,
    0xd0, 0x60, 0x38, 0xff, 0xd0, 0x60, 0x38, 0xff, 0xd0, 0x60, 0x38, 0xff,
    0xd0, 0x60, 0x38, 0xff, 0xd8, 0x64, 0x38, 0xff, 0xd8, 0x64, 0x38, 0xff,
    0xd8, 0x60, 0x38, 0xff, 0xe0, 0x64, 0x38, 0xff, 0xe0, 0x68, 0x38, 0xff,
    0xe0, 0x68, 0x38, 0xff, 0xe8, 0x6c, 0x40, 0xff, 0xe0, 0x64, 0x38, 0xff,
    0xd0, 0x58, 0x30, 0xff, 0xb0, 0x44, 0x20, 0xff, 0x70, 0x30, 0x18, 0xff,
    0x68, 0x28, 0x10, 0xff, 0x98, 0x3c, 0x20, 0xff, 0xa0, 0x40, 0x20, 0xff,
    0x98, 0x40, 0x18, 0xff, 0xa0, 0x40, 0x20, 0xff, 0xa0, 0x40, 0x20, 0xff,
    0xa8, 0x44, 0x20, 0xff, 0xa8, 0x44, 0x20, 0xff, 0xa8, 0x44, 0x20, 0xff,
    0xb0, 0x44, 0x20, 0xff, 0xb0, 0x48, 0x20, 0xff, 0xb0, 0x48, 0x20, 0xff,
    0xb8, 0x48, 0x28, 0xff, 0xb8, 0x48, 0x28, 0xff, 0xb8, 0x4c, 0x20, 0xff,
    0xb8, 0x4c, 0x20, 0xff, 0xc0, 0x4c, 0x28, 0xff, 0xc0, 0x4c, 0x28, 0xff,
    0xb8, 0x4c, 0x28, 0xff, 0xc0, 0x4c, 0x28, 0xff, 0xc0, 0x4c, 0x28, 0xff,
    0xc0, 0x4c, 0x20, 0xff, 0xc0, 0x4c, 0x28, 0xff, 0xc0, 0x4c, 0x28, 0xff,
    0xc0, 0x50, 0x28, 0xff, 0xc0, 0x50, 0x28, 0xff, 0xc0, 0x50, 0x28, 0xff,
    0xc8, 0x54, 0x28, 0xff, 0xd0, 0x54, 0x30, 0xff, 0xc8, 0x54, 0x28, 0xff,
    0xd0, 0x58, 0x30, 0xff, 0xd8, 0x60, 0x30, 0xff, 0xd8, 0x5c, 0x30, 0xff,
    0xd8, 0x5c, 0x30, 0xff, 0xd0, 0x5c, 0x28, 0xff, 0xd8, 0x5c, 0x30, 0xff,
    0xd0, 0x58, 0x30, 0xff, 0xc8, 0x58, 0x28, 0xff, 0xd0, 0x58, 0x28, 0xff,
    0xd8, 0x5c, 0x30, 0xff, 0xd8, 0x5c, 0x30, 0xff, 0xd0, 0x5c, 0x30, 0xff,
    0xd0, 0x5c, 0x30, 0xff, 0xd8, 0x5c, 0x30, 0xff, 0xd0, 0x5c, 0x30, 0xff,
    0xd0, 0x54, 0x28, 0xff, 0xd0, 0x58, 0x30, 0xff, 0xd0, 0x5c, 0x28, 0xff,
    0xd8, 0x58, 0x28, 0xff, 0xd0, 0x5c, 0x30, 0xff, 0xd0, 0x58, 0x30, 0xff,
    0xd8, 0x5c, 0x30, 0xff, 0xd0, 0x5c, 0x28, 0xff, 0xd8, 0x58, 0x30, 0xff,
    0xd0, 0x5c, 0x30, 0xff, 0xd0, 0x5c, 0x30, 0xff, 0xd8, 0x5c, 0x30, 0xff,
    0xd8, 0x5c, 0x30, 0xff, 0xd8, 0x5c, 0x30, 0xff, 0xd0, 0x5c, 0x30, 0xff,
    0xd8, 0x5c, 0x30, 0xff, 0xd8, 0x5c, 0x30, 0xff, 0xd0, 0x5c, 0x30, 0xff,
    0xd0, 0x5c, 0x30, 0xff, 0xd8, 0x5c, 0x30, 0xff, 0xd8, 0x5c, 0x30, 0xff,
    0xd8, 0x5c, 0x30, 0xff, 0xd8, 0x5c, 0x30, 0xff, 0xd8, 0x5c, 0x30, 0xff,
    0xd8, 0x5c, 0x30, 0xff, 0xd8, 0x60, 0x30, 0xff, 0xd8, 0x5c, 0x30, 0xff,
    0xd8, 0x60, 0x30, 0xff, 0xd8, 0x60, 0x30, 0xff, 0xe0, 0x5c, 0x30, 0xff,
    0xd8, 0x60, 0x30, 0xff, 0xe0, 0x60, 0x30, 0xff, 0xe0, 0x60, 0x30, 0xff,
    0xe0, 0x64, 0x38, 0xff, 0xe0, 0x68, 0x38, 0xff, 0xe8, 0x68, 0x38, 0xff,
    0xe8, 0x68, 0x38, 0xff, 0xe8, 0x68, 0x38, 0xff, 0xe8, 0x6c, 0x38, 0xff,
    0xe8, 0x68, 0x38, 0xff, 0xe8, 0x6c, 0x38, 0xff, 0xe8, 0x6c, 0x40, 0xff,
    0xe8, 0x68, 0x38, 0xff, 0xe8, 0x6c, 0x38, 0xff, 0xe8, 0x6c, 0x40, 0xff,
    0xe0, 0x68, 0x38, 0xff, 0xe8, 0x68, 0x38, 0xff, 0xe8, 0x6c, 0x38, 0xff,
    0xe8, 0x68, 0x38, 0xff, 0xe8, 0x68, 0x38, 0xff, 0xe0, 0x68, 0x38, 0xff,
    0xe8, 0x68, 0x40, 0xff, 0xe8, 0x6c, 0x38, 0xff, 0xe8, 0x68, 0x38, 0xff,
    0xe8, 0x68, 0x38, 0xff, 0xe8, 0x68, 0x38, 0xff, 0xe8, 0x6c, 0x40, 0xff,
    0xe8, 0x68, 0x38, 0xff, 0xe8, 0x68, 0x38, 0xff, 0xe0, 0x6c, 0x38, 0xff,
    0xe8, 0x68, 0x38, 0xff, 0xe8, 0x68, 0x38, 0xff, 0xe8, 0x6c, 0x38, 0xff,
    0xe8, 0x68, 0x40, 0xff, 0xe8, 0x68, 0x38, 0xff, 0xe8, 0x6c, 0x38, 0xff,
    0xe8, 0x68, 0x38, 0xff, 0xe0, 0x68, 0x38, 0xff, 0xe0, 0x64, 0x38, 0xff,
    0xe0, 0x60, 0x30, 0xff, 0xd8, 0x5c, 0x30, 0xff, 0xd8, 0x5c, 0x30, 0xff,
    0xe0, 0x60, 0x30, 0xff, 0xe0, 0x60, 0x38, 0xff, 0xe0, 0x64, 0x38, 0xff,
    0xe0, 0x68, 0x38, 0xff, 0xe8, 0x68, 0x38, 0xff, 0xe8, 0x68, 0x38, 0xff,
    0xe8, 0x68, 0x38, 0xff, 0xe8, 0x68, 0x38, 0xff, 0xe8, 0x68, 0x38, 0xff,
    0xe0, 0x68, 0x38, 0xff, 0xe8, 0x68, 0x38, 0xff, 0xe8, 0x68, 0x40, 0xff,
    0xe0, 0x68, 0x38, 0xff, 0xe8, 0x68, 0x38, 0xff, 0xe8, 0x68, 0x38, 0xff,
    0xe8, 0x68, 0x38, 0xff, 0xe0, 0x68, 0x38, 0xff, 0xe8, 0x68, 0x38, 0xff,
    0xe8, 0x68, 0x40, 0xff, 0xe8, 0x68, 0x38, 0xff, 0xe8, 0x68, 0x38, 0xff,
    0xe0, 0x68, 0x40, 0xff, 0xe8, 0x64, 0x38, 0xff, 0xe0, 0x68, 0x38, 0xff,
    0xe8, 0x6c, 0x40, 0xff, 0xe8, 0x68, 0x38, 0xff, 0xe0, 0x60, 0x30, 0xff,
    0xd8, 0x5c, 0x30, 0xff, 0xe0, 0x64, 0x38, 0xff, 0xe8, 0x6c, 0x40, 0xff,
    0xe0, 0x64, 0x38, 0xff, 0xe8, 0x68, 0x38, 0xff, 0xe0, 0x68, 0x38, 0xff,
    0xe8, 0x64, 0x38, 0xff, 0xe0, 0x68, 0x38, 0xff, 0xe0, 0x68, 0x38, 0xff,
    0xe8, 0x68, 0x38, 0xff, 0xe0, 0x68, 0x38, 0xff, 0xe0, 0x68, 0x38, 0xff,
    0xe0, 0x64, 0x38, 0xff, 0xe0, 0x64, 0x38, 0xff, 0xe0, 0x68, 0x38, 0xff,
    0xe0, 0x64, 0x38, 0xff, 0xe0, 0x60, 0x38, 0xff, 0xd8, 0x64, 0x38, 0xff,
    0xd8, 0x5c, 0x30, 0xff, 0xd0, 0x58, 0x28, 0xff, 0xc0, 0x50, 0x28, 0xff,
    0xc8, 0x54, 0x28, 0xff, 0xc8, 0x54, 0x30, 0xff, 0xc0, 0x54, 0x28, 0xff,
    0xc0, 0x50, 0x28, 0xff, 0xc0, 0x50, 0x28, 0xff, 0xb8, 0x50, 0x28, 0xff,
    0xb8, 0x4c, 0x28, 0xff, 0xb8, 0x4c, 0x28, 0xff, 0xb0, 0x4c, 0x28, 0xff,
    0xb0, 0x4c, 0x28, 0xff, 0xb0, 0x4c, 0x28, 0xff, 0xa8, 0x4c, 0x28, 0xff,
    0xa8, 0x48, 0x28, 0xff, 0xa8, 0x44, 0x28, 0xff, 0xa0, 0x44, 0x28, 0xff,
    0xa8, 0x48, 0x28, 0xff, 0x88, 0x38, 0x20, 0xff, 0x48, 0x20, 0x10, 0xff,
    0x60, 0x24, 0x10, 0xff, 0x70, 0x30, 0x18, 0xff, 0xa0, 0x50, 0x30, 0xff,
    0x98, 0x4c, 0x30, 0xff, 0x98, 0x48, 0x28, 0xff, 0xb8, 0x5c, 0x38, 0xff,
    0xb8, 0x60, 0x40, 0xff, 0xb8, 0x58, 0x38, 0xff, 0xc0, 0x5c, 0x38, 0xff,
    0xc0, 0x5c, 0x38, 0xff, 0xc0, 0x5c, 0x38, 0xff, 0xc8, 0x60, 0x38, 0xff,
    0xc8, 0x60, 0x38, 0xff, 0xc8, 0x60, 0x38, 0xff, 0xd0, 0x60, 0x38, 0xff,
    0xd0, 0x64, 0x38, 0xff, 0xd0, 0x64, 0x38, 0xff, 0xd8, 0x64, 0x38, 0xff,
    0xd8, 0x64, 0x38, 0xff, 0xd8, 0x64, 0x38, 0xff, 0xd8, 0x64, 0x38, 0xff,
    0xe0, 0x68, 0x38, 0xff, 0xd8, 0x60, 0x38, 0xff, 0xd0, 0x5c, 0x30, 0xff,
    0xd8, 0x64, 0x38, 0xff, 0xe8, 0x6c, 0x40, 0xff, 0xf0, 0x70, 0x40, 0xff,
    0xe0, 0x64, 0x38, 0xff, 0xc0, 0x4c, 0x28, 0xff, 0x78, 0x30, 0x18, 0xff,
    0x80, 0x34, 0x18, 0xff, 0xa0, 0x40, 0x20, 0xff, 0xa0, 0x44, 0x20, 0xff,
    0xa8, 0x44, 0x20, 0xff, 0xa8, 0x44, 0x20, 0xff, 0xa8, 0x44, 0x20, 0xff,
    0xb0, 0x44, 0x28, 0xff, 0xb0, 0x48, 0x28, 0xff, 0xb0, 0x48, 0x20, 0xff,
    0xb8, 0x4c, 0x28, 0xff, 0xb8, 0x48, 0x20, 0xff, 0xb8, 0x4c, 0x20, 0xff,
    0xc0, 0x4c, 0x28, 0xff, 0xc0, 0x4c, 0x28, 0xff, 0xc0, 0x4c, 0x28, 0xff,
    0xb8, 0x4c, 0x20, 0xff, 0xc0, 0x4c, 0x28, 0xff, 0xc0, 0x4c, 0x28, 0xff,
    0xc0, 0x4c, 0x28, 0xff, 0xc0, 0x4c, 0x28, 0xff, 0xc0, 0x50, 0x28, 0xff,
    0xc0, 0x50, 0x28, 0xff, 0xc0, 0x50, 0x28, 0xff, 0xc0, 0x50, 0x28, 0xff,
    0xc8, 0x54, 0x28, 0xff, 0xc8, 0x54, 0x28, 0xff, 0xd0, 0x58, 0x28, 0xff,
    0xc8, 0x54, 0x28, 0xff, 0xd0, 0x58, 0x28, 0xff, 0xd8, 0x5c, 0x30, 0xff,
    0xd8, 0x5c, 0x30, 0xff, 0xd8, 0x5c, 0x30, 0xff, 0xd8, 0x5c, 0x30, 0xff,
    0xd8, 0x5c, 0x30, 0xff, 0xd0, 0x58, 0x28, 0xff, 0xc8, 0x54, 0x28, 0xff,
    0xd0, 0x58, 0x30, 0xff, 0xd8, 0x5c, 0x30, 0xff, 0xd0, 0x58, 0x30, 0xff,
    0xd0, 0x5c, 0x28, 0xff, 0xd8, 0x5c, 0x30, 0xff, 0xd8, 0x5c, 0x30, 0xff,
    0xd0, 0x58, 0x28, 0xff, 0xd0, 0x58, 0x28, 0xff, 0xd0, 0x58, 0x30, 0xff,
    0xd0, 0x58, 0x30, 0xff, 0xd0, 0x58, 0x28, 0xff, 0xd0, 0x5c, 0x30, 0xff,
    0xd0, 0x58, 0x30, 0xff, 0xd8, 0x58, 0x28, 0xff, 0xd8, 0x5c, 0x30, 0xff,
    0xd8, 0x5c, 0x30, 0xff, 0xd8, 0x5c, 0x30, 0xff, 0xd8, 0x58, 0x28, 0xff,
    0xd8, 0x5c, 0x30, 0xff, 0xd0, 0x5c, 0x30, 0xff, 0xd0, 0x5c, 0x28, 0xff,
    0xd8, 0x5c, 0x30, 0xff, 0xd8, 0x58, 0x30, 0xff, 0xd0, 0x5c, 0x28, 0xff,
    0xd8, 0x5c, 0x30, 0xff, 0xd8, 0x5c, 0x30, 0xff, 0xd8, 0x5c, 0x30, 0xff,
    0xd8, 0x60, 0x30, 0xff, 0xd8, 0x5c, 0x30, 0xff, 0xd8, 0x5c, 0x30, 0xff,
    0xd8, 0x5c, 0x30, 0xff, 0xd8, 0x60, 0x30, 0xff, 0xd8, 0x5c, 0x30, 0xff,
    0xd8, 0x5c, 0x30, 0xff, 0xe0, 0x5c, 0x30, 0xff, 0xd8, 0x60, 0x38, 0xff,
    0xd8, 0x5c, 0x30, 0xff, 0xd8, 0x60, 0x30, 0xff, 0xd8, 0x60, 0x30, 0xff,
    0xe0, 0x60, 0x30, 0xff, 0xe0, 0x64, 0x38, 0xff, 0xe8, 0x68, 0x38, 0xff,
    0xe8, 0x68, 0x38, 0xff, 0xe8, 0x68, 0x38, 0xff, 0xe8, 0x68, 0x38, 0xff,
    0xe8, 0x68, 0x38, 0xff, 0xe8, 0x68, 0x38, 0xff, 0xe8, 0x68, 0x38, 0xff,
    0xe8, 0x68, 0x38, 0xff, 0xe8, 0x68, 0x38, 0xff, 0xe8, 0x68, 0x40, 0xff,
    0xe8, 0x68, 0x38, 0xff, 0xe8, 0x68, 0x38, 0xff, 0xe8, 0x6c, 0x38, 0xff,
    0xe8, 0x68, 0x38, 0xff, 0xe8, 0x68, 0x38, 0xff, 0xe8, 0x6c, 0x38, 0xff,
    0xe8, 0x6c, 0x38, 0xff, 0xe8, 0x68, 0x38, 0xff, 0xe8, 0x68, 0x38, 0xff,
    0xe8, 0x68, 0x38, 0xff, 0xe8, 0x68, 0x38, 0xff, 0xe8, 0x68, 0x38, 0xff,
    0xe8, 0x68, 0x38, 0xff, 0xe8, 0x68, 0x38, 0xff, 0xe8, 0x68, 0x38, 0xff,
    0xe8, 0x68, 0x40, 0xff, 0xe8, 0x6c, 0x38, 0xff, 0xe8, 0x68, 0x38, 0xff,
    0xe8, 0x68, 0x38, 0xff, 0xe8, 0x6c, 0x38, 0xff, 0xe0, 0x68, 0x38, 0xff,
    0xe8, 0x68, 0x38, 0xff, 0xe8, 0x68, 0x38, 0xff, 0xe8, 0x68, 0x38, 0xff,
    0xe0, 0x64, 0x38, 0xff, 0xe0, 0x60, 0x30, 0xff, 0xe0, 0x60, 0x30, 0xff,
    0xd8, 0x5c, 0x30, 0xff, 0xd8, 0x60, 0x30, 0xff, 0xe0, 0x64, 0x38, 0xff,
    0xe0, 0x64, 0x38, 0xff, 0xe0, 0x68, 0x38, 0xff, 0xe8, 0x68, 0x38, 0xff,
    0xe8, 0x68, 0x40, 0xff, 0xe8, 0x68, 0x38, 0xff, 0xe8, 0x6c, 0x38, 0xff,
    0xe8, 0x6c, 0x40, 0xff, 0xe0, 0x68, 0x38, 0xff, 0xe8, 0x68, 0x38, 0xff,
    0xe0, 0x68, 0x38, 0xff, 0xe8, 0x68, 0x38, 0xff, 0xe8, 0x68, 0x38, 0xff,
    0xe8, 0x68, 0x40, 0xff, 0xe0, 0x68, 0x38, 0xff, 0xe8, 0x68, 0x38, 0xff,
    0xe8, 0x68, 0x38, 0xff, 0xe0, 0x68, 0x38, 0xff, 0xe8, 0x68, 0x38, 0xff,
    0xe0, 0x68, 0x38, 0xff, 0xe0, 0x68, 0x38, 0xff, 0xe8, 0x68, 0x38, 0xff,
    0xe8, 0x68, 0x40, 0xff, 0xe8, 0x68, 0x38, 0xff, 0xd8, 0x5c, 0x28, 0xff,
    0xd0, 0x58, 0x28, 0xff, 0xc8, 0x50, 0x28, 0xff, 0xc0, 0x4c, 0x20, 0xff,
    0xe0, 0x60, 0x38, 0xff, 0xe8, 0x6c, 0x40, 0xff, 0xe8, 0x68, 0x38, 0xff,
    0xe0, 0x68, 0x38, 0xff, 0xe0, 0x68, 0x38, 0xff, 0xe8, 0x64, 0x38, 0xff,
    0xe0, 0x68, 0x38, 0xff, 0xe8, 0x68, 0x38, 0xff, 0xe8, 0x64, 0x38, 0xff,
    0xe0, 0x64, 0x38, 0xff, 0xd8, 0x60, 0x38, 0xff, 0xe0, 0x64, 0x38, 0xff,
    0xd8, 0x60, 0x38, 0xff, 0xe0, 0x64, 0x38, 0xff, 0xe0, 0x68, 0x38, 0xff,
    0xd8, 0x5c, 0x30, 0xff, 0xd0, 0x54, 0x28, 0xff, 0xc8, 0x50, 0x28, 0xff,
    0xb8, 0x4c, 0x28, 0xff, 0xb0, 0x44, 0x20, 0xff, 0xc8, 0x54, 0x28, 0xff,
    0xc0, 0x54, 0x30, 0xff, 0xc0, 0x50, 0x28, 0xff, 0xc0, 0x50, 0x28, 0xff,
    0xc0, 0x50, 0x30, 0xff, 0xb8, 0x50, 0x28, 0xff, 0xb8, 0x4c, 0x28, 0xff,
    0xb0, 0x4c, 0x28, 0xff, 0xb0, 0x4c, 0x28, 0xff, 0xb0, 0x4c, 0x28, 0xff,
    0xa8, 0x48, 0x28, 0xff, 0xa8, 0x48, 0x28, 0xff, 0xa0, 0x48, 0x28, 0xff,
    0xa0, 0x44, 0x20, 0xff, 0xa0, 0x48, 0x28, 0xff, 0x90, 0x3c, 0x20, 0xff,
    0x58, 0x24, 0x10, 0xff, 0x50, 0x24, 0x10, 0xff, 0x68, 0x2c, 0x18, 0xff,
    0xa8, 0x58, 0x40, 0xff, 0xb0, 0x58, 0x40, 0xff, 0xb0, 0x5c, 0x40, 0xff,
    0xb8, 0x5c, 0x38, 0xff, 0xb0, 0x58, 0x38, 0xff, 0xb8, 0x5c, 0x38, 0xff,
    0xc0, 0x5c, 0x38, 0xff, 0xc0, 0x5c, 0x38, 0xff, 0xc0, 0x5c, 0x38, 0xff,
    0xc8, 0x60, 0x38, 0xff, 0xc8, 0x5c, 0x38, 0xff, 0xd0, 0x60, 0x38, 0xff,
    0xd0, 0x60, 0x38, 0xff, 0xd0, 0x64, 0x38, 0xff, 0xd0, 0x60, 0x38, 0xff,
    0xd0, 0x64, 0x38, 0xff, 0xd8, 0x64, 0x38, 0xff, 0xd8, 0x64, 0x38, 0xff,
    0xd8, 0x64, 0x38, 0xff, 0xd8, 0x64, 0x38, 0xff, 0xe0, 0x68, 0x40, 0xff,
    0xd8, 0x60, 0x30, 0xff, 0xc8, 0x54, 0x28, 0xff, 0xd0, 0x58, 0x30, 0xff,
    0xd0, 0x5c, 0x30, 0xff, 0xe0, 0x68, 0x38, 0xff, 0xf0, 0x70, 0x40, 0xff,
    0xd8, 0x60, 0x30, 0xff, 0xa0, 0x3c, 0x18, 0xff, 0x80, 0x34, 0x18, 0xff,
    0xa0, 0x40, 0x20, 0xff, 0xa8, 0x44, 0x20, 0xff, 0xa8, 0x44, 0x20, 0xff,
    0xb0, 0x44, 0x20, 0xff, 0xb0, 0x48, 0x20, 0xff, 0xb0, 0x48, 0x20, 0xff,
    0xb8, 0x48, 0x28, 0xff, 0xb8, 0x4c, 0x28, 0xff, 0xb8, 0x4c, 0x28, 0xff,
    0xc0, 0x4c, 0x28, 0xff, 0xc0, 0x4c, 0x28, 0xff, 0xb8, 0x4c, 0x28, 0xff,
    0xc0, 0x4c, 0x28, 0xff, 0xc0, 0x4c, 0x28, 0xff, 0xc0, 0x4c, 0x28, 0xff,
    0xc0, 0x4c, 0x28, 0xff, 0xc0, 0x50, 0x28, 0xff, 0xc0, 0x50, 0x28, 0xff,
    0xc0, 0x50, 0x28, 0xff, 0xc0, 0x50, 0x28, 0xff, 0xc0, 0x50, 0x28, 0xff,
    0xc8, 0x50, 0x28, 0xff, 0xc8, 0x54, 0x28, 0xff, 0xc8, 0x54, 0x28, 0xff,
    0xd0, 0x54, 0x30, 0xff, 0xd0, 0x54, 0x28, 0xff, 0xd0, 0x58, 0x30, 0xff,
    0xd8, 0x5c, 0x30, 0xff, 0xd8, 0x5c, 0x30, 0xff, 0xd0, 0x5c, 0x30, 0xff,
    0xd8, 0x5c, 0x30, 0xff, 0xd8, 0x5c, 0x30, 0xff, 0xd0, 0x58, 0x28, 0xff,
    0xd0, 0x54, 0x28, 0xff, 0xd0, 0x58, 0x30, 0xff, 0xd0, 0x5c, 0x30, 0xff,
    0xd8, 0x58, 0x28, 0xff, 0xd8, 0x5c, 0x30, 0xff, 0xd0, 0x5c, 0x30, 0xff,
    0xd8, 0x58, 0x30, 0xff, 0xd8, 0x58, 0x28, 0xff, 0xd0, 0x58, 0x30, 0xff,
    0xd0, 0x58, 0x30, 0xff, 0xd8, 0x58, 0x30, 0xff, 0xd8, 0x5c, 0x28, 0xff,
    0xd8, 0x58, 0x30, 0xff, 0xd0, 0x58, 0x28, 0xff, 0xd0, 0x5c, 0x30, 0xff,
    0xd8, 0x5c, 0x30, 0xff, 0xd0, 0x5c, 0x30, 0xff, 0xd0, 0x58, 0x30, 0xff,
    0xd8, 0x5c, 0x30, 0xff, 0xd8, 0x5c, 0x30, 0xff, 0xd8, 0x5c, 0x30, 0xff,
    0xd8, 0x5c, 0x30, 0xff, 0xd0, 0x5c, 0x30, 0xff, 0xd8, 0x5c, 0x28, 0xff,
    0xd0, 0x58, 0x30, 0xff, 0xd8, 0x5c, 0x30, 0xff, 0xd0, 0x5c, 0x30, 0xff,
    0xd8, 0x5c, 0x30, 0xff, 0xd8, 0x5c, 0x30, 0xff, 0xd8, 0x60, 0x30, 0xff,
    0xd8, 0x5c, 0x30, 0xff, 0xd8, 0x5c, 0x30, 0xff, 0xd8, 0x5c, 0x30, 0xff,
    0xd8, 0x5c, 0x30, 0xff, 0xd8, 0x60, 0x30, 0xff, 0xd8, 0x60, 0x30, 0xff,
    0xd8, 0x5c, 0x30, 0xff, 0xe0, 0x5c, 0x30, 0xff, 0xd8, 0x60, 0x30, 0xff,
    0xd8, 0x5c, 0x30, 0xff, 0xe0, 0x64, 0x38, 0xff, 0xe0, 0x64, 0x38, 0xff,
    0xe0, 0x64, 0x38, 0xff, 0xe8, 0x68, 0x38, 0xff, 0xe8, 0x68, 0x38, 0xff,
    0xe8, 0x68, 0x40, 0xff, 0xe8, 0x68, 0x38, 0xff, 0xe0, 0x68, 0x38, 0xff,
    0xe8, 0x68, 0x38, 0xff, 0xe8, 0x68, 0x38, 0xff, 0xe0, 0x6c, 0x38, 0xff,
    0xe8, 0x68, 0x38, 0xff, 0xe8, 0x68, 0x38, 0xff, 0xe8, 0x68, 0x38, 0xff,
    0xe8, 0x6c, 0x38, 0xff, 0xe0, 0x68, 0x40, 0xff, 0xe8, 0x68, 0x38, 0xff,
    0xe8, 0x68, 0x38, 0xff, 0xe8, 0x68, 0x40, 0xff, 0xe8, 0x68, 0x38, 0xff,
    0xe0, 0x6c, 0x38, 0xff, 0xe8, 0x68, 0x40, 0xff, 0xe8, 0x6c, 0x38, 0xff,
    0xe0, 0x6c, 0x38, 0xff, 0xe8, 0x68, 0x38, 0xff, 0xe8, 0x6c, 0x38, 0xff,
    0xe0, 0x68, 0x38, 0xff, 0xe8, 0x68, 0x38, 0xff, 0xe8, 0x68, 0x38, 0xff,
    0xe0, 0x68, 0x40, 0xff, 0xe8, 0x68, 0x38, 0xff, 0xe8, 0x68, 0x38, 0xff,
    0xe8, 0x68, 0x38, 0xff, 0xe8, 0x68, 0x40, 0xff, 0xe8, 0x68, 0x38, 0xff,
    0xe0, 0x68, 0x38, 0xff, 0xe0, 0x64, 0x38, 0xff, 0xe0, 0x64, 0x38, 0xff,
    0xd8, 0x60, 0x30, 0xff, 0xd8, 0x5c, 0x30, 0xff, 0xd8, 0x5c, 0x30, 0xff,
    0xe0, 0x60, 0x30, 0xff, 0xe0, 0x60, 0x30, 0xff, 0xe0, 0x64, 0x38, 0xff,
    0xe8, 0x68, 0x38, 0xff, 0xe8, 0x68, 0x38, 0xff, 0xe8, 0x68, 0x38, 0xff,
    0xe0, 0x68, 0x40, 0xff, 0xe8, 0x68, 0x38, 0xff, 0xe8, 0x68, 0x38, 0xff,
    0xe8, 0x68, 0x38, 0xff, 0xe8, 0x6c, 0x40, 0xff, 0xe8, 0x6c, 0x38, 0xff,
    0xe8, 0x68, 0x38, 0xff, 0xe0, 0x68, 0x38, 0xff, 0xe8, 0x68, 0x38, 0xff,
    0xe8, 0x68, 0x38, 0xff, 0xe0, 0x68, 0x40, 0xff, 0xe8, 0x68, 0x38, 0xff,
    0xe8, 0x64, 0x38, 0xff, 0xe8, 0x68, 0x38, 0xff, 0xe8, 0x68, 0x38, 0xff,
    0xe8, 0x68, 0x38, 0xff, 0xe8, 0x6c, 0x40, 0xff, 0xd0, 0x54, 0x28, 0xff,
    0xc0, 0x4c, 0x28, 0xff, 0xc0, 0x50, 0x28, 0xff, 0xc0, 0x50, 0x28, 0xff,
    0xa8, 0x44, 0x20, 0xff, 0xc8, 0x50, 0x28, 0xff, 0xf0, 0x70, 0x40, 0xff,
    0xe0, 0x68, 0x38, 0xff, 0xe8, 0x68, 0x38, 0xff, 0xe0, 0x64, 0x38, 0xff,
    0xe0, 0x68, 0x38, 0xff, 0xe0, 0x68, 0x38, 0xff, 0xe8, 0x64, 0x38, 0xff,
    0xe0, 0x64, 0x38, 0xff, 0xd8, 0x60, 0x38, 0xff, 0xd8, 0x64, 0x38, 0xff,
    0xe0, 0x60, 0x38, 0xff, 0xd8, 0x64, 0x38, 0xff, 0xe0, 0x64, 0x38, 0xff,
    0xe0, 0x64, 0x38, 0xff, 0xc8, 0x50, 0x20, 0xff, 0xc0, 0x4c, 0x28, 0xff,
    0xb8, 0x4c, 0x28, 0xff, 0xc0, 0x50, 0x28, 0xff, 0xb0, 0x44, 0x20, 0xff,
    0xc0, 0x4c, 0x28, 0xff, 0xc8, 0x54, 0x30, 0xff, 0xb8, 0x50, 0x28, 0xff,
    0xc0, 0x50, 0x28, 0xff, 0xb8, 0x50, 0x28, 0xff, 0xb8, 0x4c, 0x28, 0xff,
    0xb8, 0x4c, 0x28, 0xff, 0xb0, 0x4c, 0x28, 0xff, 0xb0, 0x4c, 0x28, 0xff,
    0xb0, 0x4c, 0x28, 0xff, 0xa8, 0x48, 0x28, 0xff, 0xa8, 0x48, 0x28, 0xff,
    0xa8, 0x48, 0x28, 0xff, 0xa0, 0x44, 0x28, 0xff, 0xa0, 0x48, 0x28, 0xff,
    0x90, 0x3c, 0x20, 0xff, 0x60, 0x28, 0x18, 0xff, 0x58, 0x24, 0x10, 0xff,
    0x68, 0x28, 0x18, 0xff, 0xa8, 0x54, 0x38, 0xff, 0xa8, 0x54, 0x38, 0xff,
    0xb0, 0x58, 0x38, 0xff, 0xb0, 0x58, 0x38, 0xff, 0xb8, 0x58, 0x38, 0xff,
    0xb8, 0x5c, 0x38, 0xff, 0xc0, 0x5c, 0x38, 0xff, 0xc0, 0x5c, 0x38, 0xff,
    0xc8, 0x60, 0x38, 0xff, 0xc8, 0x60, 0x38, 0xff, 0xc8, 0x60, 0x38, 0xff,
    0xd0, 0x60, 0x38, 0xff, 0xd0, 0x60, 0x38, 0xff, 0xd0, 0x60, 0x38, 0xff,
    0xd0, 0x64, 0x38, 0xff, 0xd8, 0x64, 0x38, 0xff, 0xd8, 0x64, 0x38, 0xff,
    0xd8, 0x64, 0x38, 0xff, 0xd8, 0x64, 0x38, 0xff, 0xd8, 0x64, 0x38, 0xff,
    0xe0, 0x64, 0x38, 0xff, 0xe0, 0x68, 0x40, 0xff, 0xc8, 0x54, 0x28, 0xff,
    0xc8, 0x54, 0x28, 0xff, 0xd0, 0x58, 0x30, 0xff, 0xd0, 0x5c, 0x30, 0xff,
    0xd8, 0x5c, 0x30, 0xff, 0xe0, 0x68, 0x38, 0xff, 0xe8, 0x68, 0x38, 0xff,
    0xc0, 0x4c, 0x20, 0xff, 0x90, 0x38, 0x18, 0xff, 0x90, 0x3c, 0x20, 0xff,
    0x98, 0x40, 0x20, 0xff, 0xa0, 0x44, 0x20, 0xff, 0xa8, 0x44, 0x20, 0xff,
    0xa8, 0x44, 0x20, 0xff, 0xa8, 0x44, 0x20, 0xff, 0xb0, 0x44, 0x20, 0xff,
    0xb0, 0x48, 0x20, 0xff, 0xb0, 0x48, 0x20, 0xff, 0xb8, 0x48, 0x20, 0xff,
    0xb8, 0x48, 0x20, 0xff, 0xb8, 0x4c, 0x20, 0xff, 0xb8, 0x4c, 0x28, 0xff,
    0xc0, 0x4c, 0x20, 0xff, 0xb8, 0x4c, 0x20, 0xff, 0xb8, 0x4c, 0x28, 0xff,
    0xc0, 0x4c, 0x28, 0xff, 0xc0, 0x4c, 0x20, 0xff, 0xc0, 0x4c, 0x28, 0xff,
    0xc0, 0x50, 0x28, 0xff, 0xc8, 0x50, 0x28, 0xff, 0xc8, 0x54, 0x28, 0xff,
    0xc8, 0x54, 0x28, 0xff, 0xd0, 0x58, 0x30, 0xff, 0xd0, 0x54, 0x28, 0xff,
    0xd0, 0x58, 0x28, 0xff, 0xd8, 0x60, 0x30, 0xff, 0xd8, 0x5c, 0x30, 0xff,
    0xd8, 0x5c, 0x28, 0xff, 0xd0, 0x5c, 0x30, 0xff, 0xd0, 0x5c, 0x30, 0xff,
    0xd0, 0x58, 0x28, 0xff, 0xd0, 0x54, 0x28, 0xff, 0xd0, 0x58, 0x30, 0xff,
    0xd0, 0x5c, 0x30, 0xff, 0xd8, 0x58, 0x28, 0xff, 0xd8, 0x5c, 0x30, 0xff,
    0xd0, 0x58, 0x30, 0xff, 0xd8, 0x5c, 0x30, 0xff, 0xd0, 0x58, 0x28, 0xff,
    0xd0, 0x58, 0x28, 0xff, 0xd0, 0x58, 0x30, 0xff, 0xd0, 0x5c, 0x28, 0xff,
    0xd8, 0x58, 0x30, 0xff, 0xd0, 0x58, 0x30, 0xff, 0xd0, 0x58, 0x28, 0xff,
    0xd0, 0x5c, 0x30, 0xff, 0xd8, 0x5c, 0x30, 0xff, 0xd8, 0x5c, 0x28, 0xff,
    0xd0, 0x5c, 0x28, 0xff, 0xd8, 0x5c, 0x30, 0xff, 0xd0, 0x5c, 0x28, 0xff,
    0xd8, 0x5c, 0x30, 0xff, 0xd8, 0x5c, 0x30, 0xff, 0xd0, 0x5c, 0x30, 0xff,
    0xd8, 0x5c, 0x30, 0xff, 0xd8, 0x5c, 0x30, 0xff, 0xd0, 0x5c, 0x30, 0xff,
    0xd0, 0x5c, 0x30, 0xff, 0xd8, 0x5c, 0x30, 0xff, 0xd8, 0x5c, 0x30, 0xff,
    0xd8, 0x5c, 0x30, 0xff, 0xd8, 0x60, 0x30, 0xff, 0xd8, 0x5c, 0x30, 0xff,
    0xd8, 0x5c, 0x30, 0xff, 0xd8, 0x60, 0x30, 0xff, 0xd8, 0x5c, 0x30, 0xff,
    0xd8, 0x60, 0x30, 0xff, 0xd8, 0x60, 0x30, 0xff, 0xd8, 0x5c, 0x30, 0xff,
    0xd8, 0x60, 0x30, 0xff, 0xe0, 0x5c, 0x30, 0xff, 0xd8, 0x60, 0x30, 0xff,
    0xe0, 0x64, 0x38, 0xff, 0xe0, 0x64, 0x38, 0xff, 0xe0, 0x68, 0x38, 0xff,
    0xe8, 0x68, 0x38, 0xff, 0xe8, 0x68, 0x38, 0xff, 0xe8, 0x68, 0x38, 0xff,
    0xe8, 0x68, 0x38, 0xff, 0xe8, 0x68, 0x40, 0xff, 0xe8, 0x6c, 0x38, 0xff,
    0xe8, 0x68, 0x38, 0xff, 0xe8, 0x68, 0x38, 0xff, 0xe8, 0x6c, 0x38, 0xff,
    0xe0, 0x6c, 0x40, 0xff, 0xe8, 0x68, 0x38, 0xff, 0xe8, 0x68, 0x38, 0xff,
    0xe8, 0x68, 0x38, 0xff, 0xe0, 0x6c, 0x38, 0xff, 0xe8, 0x68, 0x38, 0xff,
    0xe8, 0x68, 0x38, 0xff, 0xe8, 0x68, 0x38, 0xff, 0xe8, 0x68, 0x38, 0xff,
    0xe8, 0x68, 0x38, 0xff, 0xe8, 0x68, 0x38, 0xff, 0xe8, 0x68, 0x40, 0xff,
    0xe8, 0x68, 0x38, 0xff, 0xe8, 0x6c, 0x38, 0xff, 0xe8, 0x68, 0x38, 0xff,
    0xe8, 0x68, 0x38, 0xff, 0xe8, 0x6c, 0x38, 0xff, 0xe8, 0x68, 0x38, 0xff,
    0xe8, 0x68, 0x38, 0xff, 0xe8, 0x6c, 0x38, 0xff, 0xe8, 0x68, 0x38, 0xff,
    0xe8, 0x68, 0x40, 0xff, 0xe8, 0x68, 0x38, 0xff, 0xe0, 0x68, 0x38, 0xff,
    0xe0, 0x60, 0x38, 0xff, 0xe0, 0x60, 0x30, 0xff, 0xd8, 0x5c, 0x30, 0xff,
    0xd8, 0x5c, 0x30, 0xff, 0xe0, 0x64, 0x30, 0xff, 0xe0, 0x64, 0x38, 0xff,
    0xe0, 0x64, 0x38, 0xff, 0xe0, 0x68, 0x38, 0xff, 0xe8, 0x68, 0x38, 0xff,
    0xe8, 0x68, 0x38, 0xff, 0xe0, 0x68, 0x38, 0xff, 0xe8, 0x68, 0x38, 0xff,
    0xe8, 0x68, 0x38, 0xff, 0xe8, 0x6c, 0x40, 0xff, 0xe8, 0x68, 0x38, 0xff,
    0xe8, 0x68, 0x38, 0xff, 0xe8, 0x6c, 0x40, 0xff, 0xe8, 0x68, 0x38, 0xff,
    0xe8, 0x68, 0x38, 0xff, 0xe8, 0x68, 0x38, 0xff, 0xe8, 0x68, 0x38, 0xff,
    0xe0, 0x68, 0x38, 0xff, 0xe0, 0x64, 0x38, 0xff, 0xe8, 0x68, 0x38, 0xff,
    0xe8, 0x68, 0x40, 0xff, 0xe8, 0x68, 0x38, 0xff, 0xf0, 0x74, 0x40, 0xff,
    0xc8, 0x50, 0x28, 0xff, 0x98, 0x3c, 0x20, 0xff, 0xc0, 0x50, 0x28, 0xff,
    0xc8, 0x54, 0x28, 0xff, 0xb0, 0x48, 0x20, 0xff, 0xd0, 0x54, 0x30, 0xff,
    0xf0, 0x70, 0x40, 0xff, 0xe0, 0x64, 0x38, 0xff, 0xe0, 0x64, 0x38, 0xff,
    0xe8, 0x6c, 0x38, 0xff, 0xe8, 0x68, 0x38, 0xff, 0xe0, 0x64, 0x38, 0xff,
    0xe0, 0x68, 0x38, 0xff, 0xd8, 0x60, 0x38, 0xff, 0xd8, 0x64, 0x38, 0xff,
    0xe0, 0x60, 0x38, 0xff, 0xe0, 0x64, 0x30, 0xff, 0xd8, 0x60, 0x38, 0xff,
    0xe0, 0x64, 0x38, 0xff, 0xe0, 0x68, 0x38, 0xff, 0xb0, 0x44, 0x20, 0xff,
    0xa8, 0x44, 0x20, 0xff, 0xc0, 0x50, 0x28, 0xff, 0xc0, 0x50, 0x28, 0xff,
    0xb8, 0x48, 0x28, 0xff, 0xb8, 0x50, 0x28, 0xff, 0xc0, 0x50, 0x28, 0xff,
    0xc0, 0x50, 0x28, 0xff, 0xb8, 0x50, 0x28, 0xff, 0xc0, 0x50, 0x28, 0xff,
    0xb8, 0x4c, 0x28, 0xff, 0xb8, 0x50, 0x28, 0xff, 0xb8, 0x4c, 0x28, 0xff,
    0xb0, 0x4c, 0x28, 0xff, 0xb0, 0x4c, 0x28, 0xff, 0xa8, 0x48, 0x28, 0xff,
    0xa8, 0x48, 0x28, 0xff, 0xa8, 0x48, 0x28, 0xff, 0xa0, 0x44, 0x28, 0xff,
    0xa0, 0x48, 0x28, 0xff, 0x90, 0x3c, 0x20, 0xff, 0x60, 0x28, 0x18, 0xff,
    0x60, 0x28, 0x10, 0xff, 0x68, 0x2c, 0x18, 0xff, 0xa0, 0x50, 0x38, 0xff,
    0xa8, 0x54, 0x38, 0xff, 0xb0, 0x58, 0x38, 0xff, 0xb0, 0x58, 0x38, 0xff,
    0xb8, 0x58, 0x38, 0xff, 0xb8, 0x5c, 0x38, 0xff, 0xc0, 0x5c, 0x38, 0xff,
    0xc0, 0x5c, 0x38, 0xff, 0xc0, 0x5c, 0x38, 0xff, 0xc8, 0x60, 0x38, 0xff,
    0xc8, 0x60, 0x38, 0xff, 0xc8, 0x60, 0x40, 0xff, 0xd0, 0x60, 0x38, 0xff,
    0xd0, 0x64, 0x38, 0xff, 0xd0, 0x60, 0x40, 0xff, 0xd8, 0x60, 0x38, 0xff,
    0xd8, 0x64, 0x38, 0xff, 0xd8, 0x60, 0x38, 0xff, 0xd8, 0x64, 0x38, 0xff,
    0xe0, 0x64, 0x38, 0xff, 0xd8, 0x64, 0x38, 0xff, 0xe8, 0x6c, 0x40, 0xff,
    0xd8, 0x60, 0x30, 0xff, 0xc0, 0x4c, 0x28, 0xff, 0xd0, 0x58, 0x28, 0xff,
    0xd0, 0x58, 0x28, 0xff, 0xd0, 0x58, 0x30, 0xff, 0xd0, 0x58, 0x30, 0xff,
    0xd8, 0x60, 0x30, 0xff, 0xe0, 0x68, 0x38, 0xff, 0xc8, 0x50, 0x28, 0xff,
    0xa8, 0x3c, 0x18, 0xff, 0x98, 0x3c, 0x20, 0xff, 0xa0, 0x40, 0x20, 0xff,
    0xb0, 0x48, 0x28, 0xff, 0xb0, 0x44, 0x20, 0xff, 0xb0, 0x48, 0x20, 0xff,
    0xb8, 0x48, 0x28, 0xff, 0xb8, 0x48, 0x20, 0xff, 0xb8, 0x4c, 0x28, 0xff,
    0xb8, 0x4c, 0x28, 0xff, 0xc0, 0x4c, 0x28, 0xff, 0xc0, 0x4c, 0x28, 0xff,
    0xc0, 0x4c, 0x28, 0xff, 0xc0, 0x50, 0x28, 0xff, 0xc0, 0x50, 0x28, 0xff,
    0xc0, 0x50, 0x28, 0xff, 0xc0, 0x50, 0x28, 0xff, 0xc0, 0x50, 0x28, 0xff,
    0xc0, 0x50, 0x28, 0xff, 0xc8, 0x50, 0x28, 0xff, 0xc8, 0x54, 0x28, 0xff,
    0xc8, 0x54, 0x28, 0xff, 0xd0, 0x58, 0x30, 0xff, 0xd0, 0x58, 0x30, 0xff,
    0xc8, 0x54, 0x28, 0xff, 0xd0, 0x58, 0x30, 0xff, 0xd8, 0x5c, 0x30, 0xff,
    0xd8, 0x5c, 0x30, 0xff, 0xd8, 0x5c, 0x30, 0xff, 0xd8, 0x5c, 0x30, 0xff,
    0xd8, 0x5c, 0x30, 0xff, 0xd0, 0x58, 0x28, 0xff, 0xd0, 0x54, 0x28, 0xff,
    0xd0, 0x58, 0x30, 0xff, 0xd8, 0x5c, 0x28, 0xff, 0xd0, 0x5c, 0x30, 0xff,
    0xd0, 0x5c, 0x30, 0xff, 0xd8, 0x5c, 0x30, 0xff, 0xd0, 0x5c, 0x30, 0xff,
    0xd0, 0x58, 0x30, 0xff, 0xd0, 0x54, 0x28, 0xff, 0xd0, 0x5c, 0x30, 0xff,
    0xd0, 0x58, 0x30, 0xff, 0xd8, 0x58, 0x28, 0xff, 0xd0, 0x5c, 0x30, 0xff,
    0xd0, 0x5c, 0x30, 0xff, 0xd8, 0x58, 0x30, 0xff, 0xd8, 0x5c, 0x30, 0xff,
    0xd0, 0x58, 0x30, 0xff, 0xd8, 0x5c, 0x30, 0xff, 0xd8, 0x58, 0x30, 0xff,
    0xd0, 0x5c, 0x30, 0xff, 0xd8, 0x58, 0x30, 0xff, 0xd0, 0x5c, 0x30, 0xff,
    0xd0, 0x58, 0x30, 0xff, 0xd8, 0x5c, 0x28, 0xff, 0xd0, 0x58, 0x30, 0xff,
    0xd8, 0x5c, 0x28, 0xff, 0xd8, 0x5c, 0x30, 0xff, 0xd8, 0x5c, 0x30, 0xff,
    0xd8, 0x5c, 0x30, 0xff, 0xd8, 0x5c, 0x30, 0xff, 0xd8, 0x5c, 0x30, 0xff,
    0xd8, 0x60, 0x30, 0xff, 0xd8, 0x5c, 0x30, 0xff, 0xd8, 0x5c, 0x30, 0xff,
    0xd8, 0x5c, 0x30, 0xff, 0xd8, 0x5c, 0x30, 0xff, 0xd8, 0x60, 0x30, 0xff,
    0xd8, 0x60, 0x30, 0xff, 0xd8, 0x60, 0x38, 0xff, 0xe0, 0x5c, 0x30, 0xff,
    0xd8, 0x5c, 0x30, 0xff, 0xe0, 0x64, 0x30, 0xff, 0xe0, 0x64, 0x38, 0xff,
    0xe0, 0x68, 0x38, 0xff, 0xe8, 0x68, 0x38, 0xff, 0xe8, 0x68, 0x38, 0xff,
    0xe8, 0x68, 0x38, 0xff, 0xe8, 0x68, 0x38, 0xff, 0xe8, 0x68, 0x38, 0xff,
    0xe8, 0x68, 0x38, 0xff, 0xe8, 0x68, 0x38, 0xff, 0xe8, 0x68, 0x38, 0xff,
    0xe8, 0x68, 0x38, 0xff, 0xe8, 0x6c, 0x38, 0xff, 0xe8, 0x68, 0x38, 0xff,
    0xe8, 0x6c, 0x38, 0xff, 0xe8, 0x68, 0x38, 0xff, 0xe8, 0x68, 0x38, 0xff,
    0xe8, 0x6c, 0x38, 0xff, 0xe8, 0x68, 0x38, 0xff, 0xe8, 0x68, 0x38, 0xff,
    0xe8, 0x6c, 0x38, 0xff, 0xe0, 0x68, 0x38, 0xff, 0xe8, 0x68, 0x38, 0xff,
    0xe8, 0x68, 0x38, 0xff, 0xe8, 0x68, 0x38, 0xff, 0xe8, 0x6c, 0x40, 0xff,
    0xe8, 0x68, 0x38, 0xff, 0xe8, 0x68, 0x38, 0xff, 0xe8, 0x6c, 0x38, 0xff,
    0xe0, 0x68, 0x38, 0xff, 0xe8, 0x68, 0x40, 0xff, 0xe8, 0x68, 0x38, 0xff,
    0xe8, 0x6c, 0x38, 0xff, 0xe8, 0x68, 0x38, 0xff, 0xe8, 0x68, 0x38, 0xff,
    0xe8, 0x68, 0x38, 0xff, 0xe0, 0x64, 0x38, 0xff, 0xe0, 0x64, 0x30, 0xff,
    0xd8, 0x5c, 0x30, 0xff, 0xd8, 0x5c, 0x30, 0xff, 0xd8, 0x60, 0x30, 0xff,
    0xe0, 0x64, 0x38, 0xff, 0xe0, 0x60, 0x30, 0xff, 0xe0, 0x68, 0x38, 0xff,
    0xe8, 0x68, 0x38, 0xff, 0xe8, 0x68, 0x38, 0xff, 0xe8, 0x68, 0x38, 0xff,
    0xe8, 0x68, 0x38, 0xff, 0xe8, 0x6c, 0x38, 0xff, 0xe0, 0x64, 0x38, 0xff,
    0xe0, 0x64, 0x38, 0xff, 0xe0, 0x60, 0x30, 0xff, 0xe0, 0x60, 0x38, 0xff,
    0xe8, 0x6c, 0x38, 0xff, 0xe0, 0x68, 0x38, 0xff, 0xe8, 0x64, 0x38, 0xff,
    0xe0, 0x68, 0x38, 0xff, 0xe8, 0x68, 0x38, 0xff, 0xe0, 0x68, 0x38, 0xff,
    0xe8, 0x68, 0x40, 0xff, 0xe8, 0x68, 0x38, 0xff, 0xe0, 0x60, 0x30, 0xff,
    0xe8, 0x6c, 0x38, 0xff, 0xe8, 0x6c, 0x40, 0xff, 0xa8, 0x44, 0x20, 0xff,
    0xb0, 0x48, 0x28, 0xff, 0xb8, 0x4c, 0x28, 0xff, 0xc0, 0x4c, 0x28, 0xff,
    0xe8, 0x68, 0x38, 0xff, 0xe8, 0x64, 0x38, 0xff, 0xe0, 0x64, 0x30, 0xff,
    0xd0, 0x58, 0x30, 0xff, 0xd8, 0x5c, 0x30, 0xff, 0xe8, 0x6c, 0x40, 0xff,
    0xe0, 0x64, 0x38, 0xff, 0xe0, 0x68, 0x38, 0xff, 0xe0, 0x64, 0x38, 0xff,
    0xd8, 0x60, 0x38, 0xff, 0xd8, 0x64, 0x38, 0xff, 0xd8, 0x64, 0x38, 0xff,
    0xe0, 0x60, 0x30, 0xff, 0xd8, 0x64, 0x38, 0xff, 0xf0, 0x70, 0x40, 0xff,
    0xd0, 0x5c, 0x30, 0xff, 0x90, 0x3c, 0x20, 0xff, 0xc0, 0x50, 0x28, 0xff,
    0xb8, 0x4c, 0x28, 0xff, 0xb8, 0x48, 0x20, 0xff, 0xc8, 0x58, 0x30, 0xff,
    0xd8, 0x60, 0x38, 0xff, 0xd0, 0x60, 0x38, 0xff, 0xc0, 0x54, 0x30, 0xff,
    0xb8, 0x4c, 0x28, 0xff, 0xb8, 0x50, 0x28, 0xff, 0xb8, 0x4c, 0x28, 0xff,
    0xb0, 0x4c, 0x28, 0xff, 0xb0, 0x4c, 0x28, 0xff, 0xb0, 0x4c, 0x28, 0xff,
    0xa8, 0x48, 0x28, 0xff, 0xa8, 0x48, 0x28, 0xff, 0xa0, 0x48, 0x28, 0xff,
    0xa0, 0x44, 0x28, 0xff, 0xa8, 0x48, 0x28, 0xff, 0x90, 0x3c, 0x20, 0xff,
    0x60, 0x28, 0x10, 0xff, 0x68, 0x2c, 0x18, 0xff, 0x70, 0x2c, 0x18, 0xff,
    0xa0, 0x50, 0x38, 0xff, 0xa8, 0x58, 0x38, 0xff, 0xb0, 0x58, 0x38, 0xff,
    0xb0, 0x58, 0x38, 0xff, 0xb8, 0x58, 0x38, 0xff, 0xb8, 0x5c, 0x38, 0xff,
    0xc0, 0x5c, 0x38, 0xff, 0xc0, 0x5c, 0x38, 0xff, 0xc0, 0x5c, 0x38, 0xff,
    0xc8, 0x5c, 0x38, 0xff, 0xc8, 0x60, 0x38, 0xff, 0xc8, 0x60, 0x38, 0xff,
    0xd0, 0x60, 0x38, 0xff, 0xd0, 0x60, 0x38, 0xff, 0xd0, 0x60, 0x38, 0xff,
    0xd8, 0x60, 0x38, 0xff, 0xd8, 0x60, 0x38, 0xff, 0xd8, 0x60, 0x38, 0xff,
    0xd8, 0x64, 0x38, 0xff, 0xd8, 0x64, 0x38, 0xff, 0xe0, 0x64, 0x38, 0xff,
    0xe0, 0x64, 0x38, 0xff, 0xe0, 0x64, 0x38, 0xff, 0xc0, 0x4c, 0x20, 0xff,
    0xc0, 0x4c, 0x20, 0xff, 0xc8, 0x50, 0x28, 0xff, 0xc8, 0x54, 0x28, 0xff,
    0xd0, 0x54, 0x28, 0xff, 0xd0, 0x58, 0x30, 0xff, 0xd0, 0x5c, 0x30, 0xff,
    0xd8, 0x60, 0x38, 0xff, 0xd0, 0x54, 0x28, 0xff, 0xc0, 0x48, 0x20, 0xff,
    0xa0, 0x40, 0x20, 0xff, 0xa0, 0x44, 0x20, 0xff, 0xb0, 0x48, 0x28, 0xff,
    0xb0, 0x48, 0x20, 0xff, 0xb8, 0x48, 0x28, 0xff, 0xb8, 0x4c, 0x28, 0xff,
    0xc0, 0x4c, 0x28, 0xff, 0xb8, 0x4c, 0x28, 0xff, 0xc0, 0x4c, 0x28, 0xff,
    0xc0, 0x4c, 0x28, 0xff, 0xc0, 0x50, 0x28, 0xff, 0xc0, 0x50, 0x28, 0xff,
    0xc0, 0x50, 0x28, 0xff, 0xc0, 0x50, 0x28, 0xff, 0xc8, 0x50, 0x28, 0xff,
    0xc0, 0x50, 0x28, 0xff, 0xc8, 0x50, 0x28, 0xff, 0xc8, 0x54, 0x28, 0xff,
    0xc8, 0x54, 0x28, 0xff, 0xc8, 0x54, 0x28, 0xff, 0xd0, 0x54, 0x28, 0xff,
    0xd0, 0x54, 0x30, 0xff, 0xc8, 0x54, 0x28, 0xff, 0xd0, 0x58, 0x28, 0xff,
    0xd8, 0x5c, 0x30, 0xff, 0xd8, 0x5c, 0x30, 0xff, 0xd8, 0x5c, 0x30, 0xff,
    0xd0, 0x5c, 0x28, 0xff, 0xd8, 0x58, 0x30, 0xff, 0xd0, 0x58, 0x28, 0xff,
    0xc8, 0x58, 0x28, 0xff, 0xd0, 0x58, 0x30, 0xff, 0xd8, 0x5c, 0x30, 0xff,
    0xd8, 0x58, 0x30, 0xff, 0xd0, 0x5c, 0x28, 0xff, 0xd8, 0x58, 0x28, 0xff,
    0xd8, 0x5c, 0x30, 0xff, 0xd0, 0x58, 0x30, 0xff, 0xd0, 0x58, 0x28, 0xff,
    0xd0, 0x58, 0x30, 0xff, 0xd8, 0x58, 0x30, 0xff, 0xd8, 0x5c, 0x28, 0xff,
    0xd0, 0x5c, 0x28, 0xff, 0xd0, 0x58, 0x30, 0xff, 0xd0, 0x58, 0x28, 0xff,
    0xd8, 0x5c, 0x30, 0xff, 0xd0, 0x5c, 0x30, 0xff, 0xd8, 0x5c, 0x28, 0xff,
    0xd8, 0x5c, 0x30, 0xff, 0xd0, 0x58, 0x30, 0xff, 0xd8, 0x5c, 0x30, 0xff,
    0xd8, 0x5c, 0x30, 0xff, 0xd0, 0x58, 0x28, 0xff, 0xd0, 0x5c, 0x30, 0xff,
    0xd8, 0x58, 0x30, 0xff, 0xd0, 0x5c, 0x30, 0xff, 0xd0, 0x5c, 0x30, 0xff,
    0xd8, 0x5c, 0x30, 0xff, 0xd8, 0x5c, 0x30, 0xff, 0xd8, 0x5c, 0x30, 0xff,
    0xd8, 0x5c, 0x30, 0xff, 0xd8, 0x5c, 0x30, 0xff, 0xd8, 0x60, 0x30, 0xff,
    0xd8, 0x5c, 0x30, 0xff, 0xd8, 0x5c, 0x30, 0xff, 0xd8, 0x5c, 0x30, 0xff,
    0xd8, 0x5c, 0x30, 0xff, 0xd8, 0x5c, 0x30, 0xff, 0xd8, 0x60, 0x30, 0xff,
    0xd8, 0x60, 0x30, 0xff, 0xd8, 0x5c, 0x30, 0xff, 0xe0, 0x60, 0x38, 0xff,
    0xe0, 0x64, 0x38, 0xff, 0xe0, 0x64, 0x38, 0xff, 0xe8, 0x68, 0x38, 0xff,
    0xe8, 0x68, 0x38, 0xff, 0xe8, 0x6c, 0x38, 0xff, 0xe0, 0x68, 0x38, 0xff,
    0xe8, 0x68, 0x38, 0xff, 0xe8, 0x68, 0x40, 0xff, 0xe0, 0x68, 0x38, 0xff,
    0xe8, 0x68, 0x38, 0xff, 0xe8, 0x68, 0x38, 0xff, 0xe8, 0x68, 0x38, 0xff,
    0xe8, 0x6c, 0x38, 0xff, 0xe8, 0x6c, 0x38, 0xff, 0xe8, 0x68, 0x40, 0xff,
    0xe8, 0x68, 0x40, 0xff, 0xe8, 0x68, 0x38, 0xff, 0xe0, 0x6c, 0x38, 0xff,
    0xe8, 0x68, 0x40, 0xff, 0xe8, 0x68, 0x38, 0xff, 0xe8, 0x6c, 0x38, 0xff,
    0xe8, 0x6c, 0x40, 0xff, 0xe8, 0x68, 0x38, 0xff, 0xe0, 0x68, 0x38, 0xff,
    0xe8, 0x68, 0x38, 0xff, 0xe8, 0x68, 0x38, 0xff, 0xe0, 0x68, 0x38, 0xff,
    0xe8, 0x68, 0x40, 0xff, 0xe8, 0x68, 0x38, 0xff, 0xe8, 0x68, 0x38, 0xff,
    0xe8, 0x68, 0x38, 0xff, 0xe8, 0x68, 0x38, 0xff, 0xe8, 0x6c, 0x38, 0xff,
    0xe8, 0x68, 0x38, 0xff, 0xe0, 0x68, 0x38, 0xff, 0xe0, 0x64, 0x38, 0xff,
    0xe0, 0x64, 0x38, 0xff, 0xd8, 0x60, 0x30, 0xff, 0xd8, 0x5c, 0x30, 0xff,
    0xd8, 0x5c, 0x30, 0xff, 0xe0, 0x60, 0x30, 0xff, 0xe0, 0x64, 0x38, 0xff,
    0xe0, 0x68, 0x38, 0xff, 0xe8, 0x68, 0x38, 0xff, 0xe8, 0x68, 0x38, 0xff,
    0xe8, 0x68, 0x40, 0xff, 0xe8, 0x6c, 0x40, 0xff, 0xe0, 0x64, 0x38, 0xff,
    0xd8, 0x60, 0x30, 0xff, 0xe0, 0x64, 0x38, 0xff, 0xe0, 0x64, 0x38, 0xff,
    0xc8, 0x54, 0x28, 0xff, 0xd8, 0x60, 0x38, 0xff, 0xf8, 0x74, 0x40, 0xff,
    0xe8, 0x6c, 0x40, 0xff, 0xf0, 0x6c, 0x40, 0xff, 0xf0, 0x6c, 0x40, 0xff,
    0xf0, 0x70, 0x40, 0xff, 0xe0, 0x60, 0x30, 0xff, 0xd8, 0x5c, 0x28, 0xff,
    0xd8, 0x5c, 0x30, 0xff, 0xc8, 0x50, 0x28, 0xff, 0xe0, 0x64, 0x38, 0xff,
    0xf8, 0x74, 0x40, 0xff, 0xc8, 0x54, 0x28, 0xff, 0xd0, 0x54, 0x30, 0xff,
    0xf0, 0x70, 0x40, 0xff, 0xe0, 0x68, 0x38, 0xff, 0xd8, 0x60, 0x30, 0xff,
    0xe0, 0x64, 0x38, 0xff, 0xd8, 0x60, 0x38, 0xff, 0xc0, 0x50, 0x28, 0xff,
    0xe0, 0x64, 0x38, 0xff, 0xf0, 0x70, 0x40, 0xff, 0xe8, 0x6c, 0x38, 0xff,
    0xe8, 0x68, 0x38, 0xff, 0xe0, 0x68, 0x38, 0xff, 0xe0, 0x64, 0x38, 0xff,
    0xe0, 0x64, 0x38, 0xff, 0xf0, 0x70, 0x40, 0xff, 0xd0, 0x5c, 0x30, 0xff,
    0xb0, 0x44, 0x20, 0xff, 0xe8, 0x68, 0x38, 0xff, 0xe0, 0x64, 0x38, 0xff,
    0xb8, 0x4c, 0x28, 0xff, 0xc0, 0x50, 0x28, 0xff, 0xc8, 0x54, 0x28, 0xff,
    0xd8, 0x60, 0x30, 0xff, 0xd8, 0x64, 0x38, 0xff, 0xd8, 0x64, 0x38, 0xff,
    0xd0, 0x60, 0x38, 0xff, 0xb8, 0x50, 0x28, 0xff, 0xb8, 0x4c, 0x28, 0xff,
    0xb8, 0x4c, 0x28, 0xff, 0xb0, 0x4c, 0x28, 0xff, 0xb0, 0x4c, 0x28, 0xff,
    0xb0, 0x4c, 0x28, 0xff, 0xa8, 0x48, 0x28, 0xff, 0xa8, 0x48, 0x28, 0xff,
    0xa8, 0x48, 0x28, 0xff, 0xa0, 0x44, 0x28, 0xff, 0xa0, 0x48, 0x28, 0xff,
    0x90, 0x3c, 0x20, 0xff, 0x68, 0x28, 0x10, 0xff, 0x68, 0x2c, 0x18, 0xff,
    0x70, 0x30, 0x18, 0xff, 0xa0, 0x54, 0x38, 0xff, 0xb0, 0x54, 0x38, 0xff,
    0xb0, 0x58, 0x38, 0xff, 0xb0, 0x58, 0x38, 0xff, 0xb8, 0x58, 0x38, 0xff,
    0xb8, 0x58, 0x38, 0xff, 0xc0, 0x5c, 0x38, 0xff, 0xc0, 0x5c, 0x38, 0xff,
    0xc0, 0x5c, 0x38, 0xff, 0xc8, 0x60, 0x38, 0xff, 0xc8, 0x5c, 0x38, 0xff,
    0xd0, 0x60, 0x38, 0xff, 0xd0, 0x60, 0x38, 0xff, 0xd0, 0x60, 0x38, 0xff,
    0xd0, 0x60, 0x38, 0xff, 0xd8, 0x64, 0x38, 0xff, 0xd8, 0x64, 0x38, 0xff,
    0xd8, 0x64, 0x38, 0xff, 0xd8, 0x64, 0x38, 0xff, 0xd8, 0x64, 0x38, 0xff,
    0xe0, 0x64, 0x38, 0xff, 0xd8, 0x64, 0x38, 0xff, 0xe8, 0x6c, 0x40, 0xff,
    0xd0, 0x54, 0x30, 0xff, 0xb0, 0x44, 0x20, 0xff, 0xc0, 0x50, 0x28, 0xff,
    0xc8, 0x50, 0x28, 0xff, 0xc8, 0x50, 0x28, 0xff, 0xc8, 0x54, 0x28, 0xff,
    0xd0, 0x54, 0x28, 0xff, 0xd0, 0x58, 0x28, 0xff, 0xd0, 0x58, 0x30, 0xff,
    0xc8, 0x54, 0x28, 0xff, 0xc0, 0x4c, 0x20, 0xff, 0x98, 0x40, 0x20, 0xff,
    0xb0, 0x44, 0x20, 0xff, 0xb0, 0x48, 0x20, 0xff, 0xb0, 0x48, 0x20, 0xff,
    0xb8, 0x4c, 0x28, 0xff, 0xb8, 0x4c, 0x20, 0xff, 0xc0, 0x4c, 0x20, 0xff,
    0xc0, 0x4c, 0x28, 0xff, 0xc0, 0x4c, 0x28, 0xff, 0xc0, 0x4c, 0x28, 0xff,
    0xc0, 0x4c, 0x28, 0xff, 0xc0, 0x50, 0x28, 0xff, 0xc0, 0x50, 0x28, 0xff,
    0xc0, 0x50, 0x28, 0xff, 0xc8, 0x50, 0x28, 0xff, 0xc8, 0x50, 0x28, 0xff,
    0xc8, 0x50, 0x28, 0xff, 0xc8, 0x54, 0x30, 0xff, 0xc8, 0x58, 0x28, 0xff,
    0xd0, 0x54, 0x28, 0xff, 0xd0, 0x58, 0x30, 0xff, 0xc8, 0x54, 0x28, 0xff,
    0xd0, 0x58, 0x28, 0xff, 0xd8, 0x5c, 0x30, 0xff, 0xd8, 0x5c, 0x30, 0xff,
    0xd8, 0x5c, 0x30, 0xff, 0xd0, 0x5c, 0x30, 0xff, 0xd8, 0x5c, 0x30, 0xff,
    0xd0, 0x58, 0x28, 0xff, 0xd0, 0x54, 0x28, 0xff, 0xd0, 0x58, 0x30, 0xff,
    0xd0, 0x58, 0x28, 0xff, 0xd8, 0x58, 0x30, 0xff, 0xd0, 0x5c, 0x30, 0xff,
    0xd0, 0x5c, 0x30, 0xff, 0xd8, 0x5c, 0x30, 0xff, 0xd0, 0x58, 0x28, 0xff,
    0xd0, 0x58, 0x28, 0xff, 0xd0, 0x58, 0x30, 0xff, 0xd0, 0x58, 0x28, 0xff,
    0xd8, 0x5c, 0x30, 0xff, 0xd0, 0x58, 0x30, 0xff, 0xd0, 0x58, 0x28, 0xff,
    0xd0, 0x58, 0x30, 0xff, 0xd8, 0x5c, 0x30, 0xff, 0xd8, 0x5c, 0x28, 0xff,
    0xd0, 0x5c, 0x30, 0xff, 0xd8, 0x5c, 0x30, 0xff, 0xd8, 0x5c, 0x28, 0xff,
    0xd0, 0x5c, 0x30, 0xff, 0xd8, 0x5c, 0x30, 0xff, 0xd0, 0x5c, 0x30, 0xff,
    0xd8, 0x5c, 0x30, 0xff, 0xd8, 0x5c, 0x28, 0xff, 0xd8, 0x58, 0x30, 0xff,
    0xd0, 0x5c, 0x30, 0xff, 0xd0, 0x5c, 0x28, 0xff, 0xd8, 0x5c, 0x30, 0xff,
    0xd8, 0x5c, 0x30, 0xff, 0xd8, 0x60, 0x30, 0xff, 0xd8, 0x5c, 0x30, 0xff,
    0xd8, 0x5c, 0x30, 0xff, 0xd8, 0x60, 0x30, 0xff, 0xd8, 0x5c, 0x30, 0xff,
    0xd8, 0x5c, 0x30, 0xff, 0xd8, 0x5c, 0x30, 0xff, 0xd8, 0x60, 0x30, 0xff,
    0xe0, 0x5c, 0x30, 0xff, 0xd8, 0x60, 0x30, 0xff, 0xd8, 0x60, 0x30, 0xff,
    0xe0, 0x60, 0x38, 0xff, 0xe0, 0x64, 0x38, 0xff, 0xe0, 0x64, 0x38, 0xff,
    0xe8, 0x68, 0x38, 0xff, 0xe8, 0x68, 0x38, 0xff, 0xe8, 0x68, 0x38, 0xff,
    0xe8, 0x68, 0x40, 0xff, 0xe8, 0x68, 0x38, 0xff, 0xe8, 0x68, 0x38, 0xff,
    0xe8, 0x68, 0x38, 0xff, 0xe8, 0x68, 0x38, 0xff, 0xe8, 0x68, 0x40, 0xff,
    0xe0, 0x68, 0x38, 0xff, 0xe8, 0x68, 0x38, 0xff, 0xe8, 0x68, 0x38, 0xff,
    0xe0, 0x68, 0x38, 0xff, 0xe8, 0x6c, 0x38, 0xff, 0xe8, 0x6c, 0x38, 0xff,
    0xe8, 0x68, 0x38, 0xff, 0xe8, 0x68, 0x38, 0xff, 0xe8, 0x68, 0x38, 0xff,
    0xe8, 0x68, 0x38, 0xff, 0xe8, 0x68, 0x38, 0xff, 0xe8, 0x6c, 0x38, 0xff,
    0xe8, 0x68, 0x38, 0xff, 0xe8, 0x6c, 0x38, 0xff, 0xe8, 0x68, 0x38, 0xff,
    0xe8, 0x6c, 0x38, 0xff, 0xe8, 0x68, 0x38, 0xff, 0xe8, 0x68, 0x38, 0xff,
    0xe8, 0x6c, 0x38, 0xff, 0xe0, 0x68, 0x38, 0xff, 0xe8, 0x68, 0x38, 0xff,
    0xe8, 0x68, 0x38, 0xff, 0xe8, 0x68, 0x38, 0xff, 0xe8, 0x68, 0x38, 0xff,
    0xe0, 0x64, 0x38, 0xff, 0xe0, 0x60, 0x30, 0xff, 0xd8, 0x60, 0x30, 0xff,
    0xd8, 0x5c, 0x30, 0xff, 0xd8, 0x60, 0x30, 0xff, 0xd8, 0x64, 0x30, 0xff,
    0xe0, 0x60, 0x30, 0xff, 0xe8, 0x64, 0x38, 0xff, 0xe8, 0x6c, 0x38, 0xff,
    0xe0, 0x68, 0x38, 0xff, 0xe8, 0x68, 0x38, 0xff, 0xe8, 0x6c, 0x38, 0xff,
    0xd0, 0x58, 0x30, 0xff, 0xd0, 0x5c, 0x30, 0xff, 0xd8, 0x64, 0x38, 0xff,
    0xd8, 0x60, 0x38, 0xff, 0xc0, 0x50, 0x28, 0xff, 0xb8, 0x48, 0x20, 0xff,
    0xd8, 0x5c, 0x30, 0xff, 0xd0, 0x58, 0x30, 0xff, 0xd0, 0x58, 0x30, 0xff,
    0xd0, 0x58, 0x30, 0xff, 0xc8, 0x54, 0x28, 0xff, 0xc8, 0x50, 0x28, 0xff,
    0xc8, 0x50, 0x28, 0xff, 0xc8, 0x54, 0x28, 0xff, 0xc0, 0x50, 0x28, 0xff,
    0xc0, 0x4c, 0x20, 0xff, 0xd8, 0x5c, 0x30, 0xff, 0xc8, 0x58, 0x30, 0xff,
    0xd0, 0x58, 0x28, 0xff, 0xc8, 0x54, 0x28, 0xff, 0xc8, 0x58, 0x30, 0xff,
    0xe0, 0x68, 0x38, 0xff, 0xd8, 0x60, 0x38, 0xff, 0xe0, 0x64, 0x38, 0xff,
    0xc0, 0x4c, 0x28, 0xff, 0xb8, 0x48, 0x20, 0xff, 0xd8, 0x5c, 0x30, 0xff,
    0xd0, 0x54, 0x30, 0xff, 0xd0, 0x58, 0x28, 0xff, 0xc8, 0x50, 0x28, 0xff,
    0xd8, 0x60, 0x30, 0xff, 0xe0, 0x68, 0x38, 0xff, 0xd0, 0x58, 0x30, 0xff,
    0xc0, 0x4c, 0x28, 0xff, 0xa0, 0x40, 0x20, 0xff, 0xc0, 0x50, 0x28, 0xff,
    0xd0, 0x5c, 0x30, 0xff, 0xc0, 0x50, 0x28, 0xff, 0xc0, 0x4c, 0x28, 0xff,
    0xc0, 0x4c, 0x28, 0xff, 0xd0, 0x5c, 0x30, 0xff, 0xd8, 0x60, 0x38, 0xff,
    0xd0, 0x60, 0x38, 0xff, 0xd0, 0x5c, 0x38, 0xff, 0xb8, 0x4c, 0x28, 0xff,
    0xb8, 0x4c, 0x28, 0xff, 0xb8, 0x50, 0x30, 0xff, 0xb0, 0x4c, 0x28, 0xff,
    0xb0, 0x4c, 0x28, 0xff, 0xb0, 0x4c, 0x28, 0xff, 0xa8, 0x4c, 0x28, 0xff,
    0xa8, 0x48, 0x28, 0xff, 0xa8, 0x48, 0x28, 0xff, 0xa0, 0x44, 0x28, 0xff,
    0xa0, 0x48, 0x28, 0xff, 0x90, 0x3c, 0x20, 0xff, 0x60, 0x28, 0x18, 0xff,
    0x68, 0x2c, 0x18, 0xff, 0x70, 0x30, 0x18, 0xff, 0xa0, 0x50, 0x38, 0xff,
    0xa8, 0x58, 0x38, 0xff, 0xb0, 0x54, 0x38, 0xff, 0xb0, 0x58, 0x38, 0xff,
    0xb8, 0x58, 0x38, 0xff, 0xb8, 0x5c, 0x38, 0xff, 0xb8, 0x5c, 0x38, 0xff,
    0xc0, 0x5c, 0x38, 0xff, 0xc0, 0x5c, 0x38, 0xff, 0xc8, 0x60, 0x38, 0xff,
    0xc8, 0x5c, 0x38, 0xff, 0xc8, 0x60, 0x38, 0xff, 0xd0, 0x60, 0x38, 0xff,
    0xd0, 0x60, 0x38, 0xff, 0xd0, 0x60, 0x38, 0xff, 0xd8, 0x64, 0x38, 0xff,
    0xd8, 0x60, 0x38, 0xff, 0xd8, 0x60, 0x38, 0xff, 0xd8, 0x64, 0x38, 0xff,
    0xe0, 0x64, 0x38, 0xff, 0xe0, 0x64, 0x38, 0xff, 0xd8, 0x64, 0x38, 0xff,
    0xe8, 0x6c, 0x40, 0xff, 0xc8, 0x54, 0x28, 0xff, 0xb0, 0x44, 0x20, 0xff,
    0xc0, 0x50, 0x20, 0xff, 0xc8, 0x50, 0x28, 0xff, 0xc8, 0x50, 0x28, 0xff,
    0xc8, 0x54, 0x28, 0xff, 0xc8, 0x54, 0x28, 0xff, 0xc8, 0x54, 0x28, 0xff,
    0xd0, 0x54, 0x28, 0xff, 0xd0, 0x54, 0x28, 0xff, 0xd0, 0x58, 0x28, 0xff,
    0xa8, 0x44, 0x20, 0xff, 0xa0, 0x40, 0x20, 0xff, 0xb0, 0x48, 0x28, 0xff,
    0xb8, 0x48, 0x28, 0xff, 0xb8, 0x48, 0x20, 0xff, 0xb8, 0x4c, 0x28, 0xff,
    0xc0, 0x4c, 0x28, 0xff, 0xc0, 0x4c, 0x20, 0xff, 0xc0, 0x50, 0x28, 0xff,
    0xc0, 0x50, 0x28, 0xff, 0xc0, 0x50, 0x28, 0xff, 0xc0, 0x50, 0x28, 0xff,
    0xc0, 0x50, 0x28, 0xff, 0xc8, 0x50, 0x28, 0xff, 0xc8, 0x50, 0x28, 0xff,
    0xc8, 0x50, 0x28, 0xff, 0xc8, 0x54, 0x28, 0xff, 0xc8, 0x54, 0x30, 0xff,
    0xc8, 0x54, 0x28, 0xff, 0xd0, 0x58, 0x28, 0xff, 0xd0, 0x54, 0x30, 0xff,
    0xc8, 0x54, 0x28, 0xff, 0xd0, 0x58, 0x30, 0xff, 0xd8, 0x5c, 0x30, 0xff,
    0xd8, 0x5c, 0x30, 0xff, 0xd0, 0x5c, 0x30, 0xff, 0xd8, 0x5c, 0x30, 0xff,
    0xd0, 0x5c, 0x28, 0xff, 0xd0, 0x58, 0x30, 0xff, 0xd0, 0x54, 0x28, 0xff,
    0xd0, 0x58, 0x30, 0xff, 0xd0, 0x5c, 0x28, 0xff, 0xd8, 0x5c, 0x30, 0xff,
    0xd0, 0x58, 0x28, 0xff, 0xd8, 0x5c, 0x30, 0xff, 0xd8, 0x5c, 0x30, 0xff,
    0xd8, 0x58, 0x28, 0xff, 0xd0, 0x58, 0x30, 0xff, 0xd0, 0x58, 0x30, 0xff,
    0xd0, 0x58, 0x28, 0xff, 0xd8, 0x5c, 0x30, 0xff, 0xd0, 0x58, 0x30, 0xff,
    0xd0, 0x58, 0x28, 0xff, 0xd0, 0x5c, 0x30, 0xff, 0xd8, 0x5c, 0x30, 0xff,
    0xd8, 0x58, 0x30, 0xff, 0xd0, 0x58, 0x30, 0xff, 0xd8, 0x5c, 0x30, 0xff,
    0xd8, 0x5c, 0x28, 0xff, 0xd0, 0x58, 0x30, 0xff, 0xd8, 0x5c, 0x30, 0xff,
    0xd0, 0x58, 0x28, 0xff, 0xd0, 0x58, 0x30, 0xff, 0xd8, 0x5c, 0x30, 0xff,
    0xd8, 0x5c, 0x28, 0xff, 0xd0, 0x5c, 0x30, 0xff, 0xd8, 0x5c, 0x30, 0xff,
    0xd8, 0x5c, 0x30, 0xff, 0xd0, 0x5c, 0x30, 0xff, 0xd8, 0x5c, 0x30, 0xff,
    0xd0, 0x5c, 0x30, 0xff, 0xd8, 0x5c, 0x30, 0xff, 0xd8, 0x5c, 0x30, 0xff,
    0xd8, 0x60, 0x30, 0xff, 0xd8, 0x5c, 0x30, 0xff, 0xd8, 0x5c, 0x30, 0xff,
    0xd8, 0x60, 0x30, 0xff, 0xd8, 0x5c, 0x30, 0xff, 0xd8, 0x5c, 0x30, 0xff,
    0xd8, 0x60, 0x30, 0xff, 0xe0, 0x60, 0x30, 0xff, 0xe0, 0x60, 0x30, 0xff,
    0xe0, 0x64, 0x38, 0xff, 0xe8, 0x68, 0x38, 0xff, 0xe8, 0x68, 0x38, 0xff,
    0xe8, 0x68, 0x38, 0xff, 0xe8, 0x68, 0x38, 0xff, 0xe8, 0x68, 0x38, 0xff,
    0xe0, 0x68, 0x38, 0xff, 0xe8, 0x68, 0x38, 0xff, 0xe8, 0x68, 0x38, 0xff,
    0xe8, 0x68, 0x38, 0xff, 0xe8, 0x68, 0x38, 0xff, 0xe8, 0x68, 0x38, 0xff,
    0xe8, 0x68, 0x38, 0xff, 0xe8, 0x68, 0x38, 0xff, 0xe8, 0x68, 0x38, 0xff,
    0xe8, 0x68, 0x38, 0xff, 0xe8, 0x68, 0x38, 0xff, 0xe8, 0x6c, 0x38, 0xff,
    0xe0, 0x68, 0x38, 0xff, 0xe8, 0x68, 0x40, 0xff, 0xe8, 0x68, 0x38, 0xff,
    0xe0, 0x68, 0x38, 0xff, 0xe8, 0x68, 0x38, 0xff, 0xe8, 0x68, 0x40, 0xff,
    0xe8, 0x6c, 0x38, 0xff, 0xe8, 0x68, 0x38, 0xff, 0xe8, 0x68, 0x38, 0xff,
    0xe8, 0x68, 0x38, 0xff, 0xe8, 0x68, 0x40, 0xff, 0xe8, 0x68, 0x38, 0xff,
    0xe8, 0x6c, 0x38, 0xff, 0xe8, 0x6c, 0x40, 0xff, 0xe8, 0x68, 0x38, 0xff,
    0xe0, 0x68, 0x38, 0xff, 0xe0, 0x64, 0x38, 0xff, 0xe0, 0x64, 0x38, 0xff,
    0xe0, 0x60, 0x30, 0xff, 0xd8, 0x5c, 0x30, 0xff, 0xd8, 0x5c, 0x30, 0xff,
    0xd8, 0x60, 0x30, 0xff, 0xe0, 0x60, 0x38, 0xff, 0xe0, 0x64, 0x38, 0xff,
    0xe8, 0x6c, 0x38, 0xff, 0xe8, 0x68, 0x38, 0xff, 0xe8, 0x68, 0x38, 0xff,
    0xf0, 0x70, 0x40, 0xff, 0xc8, 0x54, 0x28, 0xff, 0xa8, 0x44, 0x20, 0xff,
    0xc8, 0x58, 0x30, 0xff, 0xc8, 0x50, 0x28, 0xff, 0x98, 0x40, 0x20, 0xff,
    0xd0, 0x54, 0x30, 0xff, 0xe8, 0x6c, 0x38, 0xff, 0xd0, 0x5c, 0x30, 0xff,
    0xc8, 0x54, 0x28, 0xff, 0xe8, 0x6c, 0x38, 0xff, 0xd0, 0x5c, 0x30, 0xff,
    0xa8, 0x44, 0x20, 0xff, 0xc0, 0x50, 0x28, 0xff, 0xc0, 0x50, 0x28, 0xff,
    0xb8, 0x4c, 0x28, 0xff, 0xb0, 0x48, 0x20, 0xff, 0xd8, 0x60, 0x30, 0xff,
    0xe0, 0x60, 0x38, 0xff, 0xd8, 0x64, 0x30, 0xff, 0xe0, 0x60, 0x38, 0xff,
    0xc0, 0x4c, 0x28, 0xff, 0xc0, 0x4c, 0x28, 0xff, 0xc8, 0x58, 0x30, 0xff,
    0xc0, 0x50, 0x28, 0xff, 0xa0, 0x40, 0x20, 0xff, 0xd0, 0x5c, 0x30, 0xff,
    0xe0, 0x68, 0x38, 0xff, 0xc0, 0x50, 0x28, 0xff, 0xc8, 0x54, 0x30, 0xff,
    0xe8, 0x6c, 0x40, 0xff, 0xc0, 0x50, 0x28, 0xff, 0xa8, 0x44, 0x20, 0xff,
    0xb8, 0x48, 0x20, 0xff, 0xc0, 0x50, 0x28, 0xff, 0xb0, 0x48, 0x20, 0xff,
    0xc8, 0x50, 0x28, 0xff, 0xd8, 0x60, 0x30, 0xff, 0xd0, 0x5c, 0x30, 0xff,
    0xc8, 0x58, 0x30, 0xff, 0xc0, 0x50, 0x28, 0xff, 0xb8, 0x4c, 0x28, 0xff,
    0xc0, 0x54, 0x30, 0xff, 0xc8, 0x58, 0x30, 0xff, 0xc0, 0x50, 0x28, 0xff,
    0xb0, 0x48, 0x28, 0xff, 0xb8, 0x50, 0x28, 0xff, 0xb8, 0x4c, 0x28, 0xff,
    0xb8, 0x4c, 0x28, 0xff, 0xb0, 0x4c, 0x28, 0xff, 0xb0, 0x4c, 0x28, 0xff,
    0xa8, 0x48, 0x28, 0xff, 0xa8, 0x48, 0x28, 0xff, 0xa8, 0x48, 0x28, 0xff,
    0xa0, 0x44, 0x28, 0xff, 0xa0, 0x48, 0x28, 0xff, 0x90, 0x40, 0x20, 0xff,
    0x60, 0x28, 0x10, 0xff, 0x68, 0x2c, 0x18, 0xff, 0x78, 0x30, 0x18, 0xff,
    0xa0, 0x50, 0x38, 0xff, 0xa8, 0x58, 0x38, 0xff, 0xb0, 0x58, 0x38, 0xff,
    0xb0, 0x58, 0x38, 0xff, 0xb8, 0x58, 0x38, 0xff, 0xb8, 0x5c, 0x38, 0xff,
    0xc0, 0x5c, 0x38, 0xff, 0xc0, 0x5c, 0x38, 0xff, 0xc0, 0x5c, 0x38, 0xff,
    0xc8, 0x5c, 0x38, 0xff, 0xc8, 0x60, 0x38, 0xff, 0xd0, 0x60, 0x38, 0xff,
    0xd0, 0x60, 0x38, 0xff, 0xd0, 0x60, 0x38, 0xff, 0xd0, 0x60, 0x38, 0xff,
    0xd0, 0x64, 0x38, 0xff, 0xd8, 0x60, 0x38, 0xff, 0xd8, 0x60, 0x38, 0xff,
    0xd8, 0x64, 0x38, 0xff, 0xd8, 0x64, 0x38, 0xff, 0xe0, 0x64, 0x38, 0xff,
    0xd8, 0x64, 0x38, 0xff, 0xe8, 0x6c, 0x40, 0xff, 0xd0, 0x58, 0x30, 0xff,
    0xb0, 0x44, 0x20, 0xff, 0xc0, 0x4c, 0x20, 0xff, 0xc0, 0x50, 0x20, 0xff,
    0xc8, 0x50, 0x28, 0xff, 0xc8, 0x50, 0x28, 0xff, 0xc8, 0x54, 0x28, 0xff,
    0xd0, 0x54, 0x28, 0xff, 0xc8, 0x54, 0x28, 0xff, 0xc8, 0x54, 0x28, 0xff,
    0xd0, 0x58, 0x28, 0xff, 0xc8, 0x50, 0x28, 0xff, 0x98, 0x3c, 0x20, 0xff,
    0xb0, 0x48, 0x20, 0xff, 0xb0, 0x48, 0x20, 0xff, 0xb8, 0x4c, 0x28, 0xff,
    0xc0, 0x4c, 0x28, 0xff, 0xb8, 0x4c, 0x20, 0xff, 0xc0, 0x4c, 0x28, 0xff,
    0xc0, 0x4c, 0x28, 0xff, 0xc0, 0x4c, 0x28, 0xff, 0xc0, 0x50, 0x28, 0xff,
    0xc0, 0x50, 0x28, 0xff, 0xc8, 0x50, 0x28, 0xff, 0xc8, 0x50, 0x28, 0xff,
    0xc0, 0x54, 0x28, 0xff, 0xc8, 0x54, 0x28, 0xff, 0xc8, 0x54, 0x28, 0xff,
    0xc8, 0x54, 0x28, 0xff, 0xc8, 0x54, 0x28, 0xff, 0xd0, 0x58, 0x30, 0xff,
    0xd0, 0x54, 0x30, 0xff, 0xd0, 0x54, 0x28, 0xff, 0xd0, 0x58, 0x28, 0xff,
    0xd8, 0x5c, 0x30, 0xff, 0xd8, 0x5c, 0x30, 0xff, 0xd8, 0x5c, 0x30, 0xff,
    0xd8, 0x5c, 0x30, 0xff, 0xd0, 0x58, 0x28, 0xff, 0xd0, 0x58, 0x28, 0xff,
    0xd0, 0x54, 0x28, 0xff, 0xd0, 0x58, 0x30, 0xff, 0xd0, 0x5c, 0x30, 0xff,
    0xd8, 0x58, 0x28, 0xff, 0xd0, 0x58, 0x30, 0xff, 0xd0, 0x58, 0x30, 0xff,
    0xd8, 0x5c, 0x30, 0xff, 0xd0, 0x58, 0x28, 0xff, 0xd0, 0x58, 0x28, 0xff,
    0xd0, 0x5c, 0x30, 0xff, 0xd0, 0x58, 0x30, 0xff, 0xd8, 0x58, 0x28, 0xff,
    0xd8, 0x5c, 0x30, 0xff, 0xd0, 0x58, 0x30, 0xff, 0xd0, 0x58, 0x28, 0xff,
    0xd8, 0x5c, 0x30, 0xff, 0xd8, 0x5c, 0x30, 0xff, 0xd0, 0x5c, 0x28, 0xff,
    0xd8, 0x5c, 0x30, 0xff, 0xd0, 0x58, 0x30, 0xff, 0xd8, 0x5c, 0x30, 0xff,
    0xd8, 0x5c, 0x30, 0xff, 0xd0, 0x58, 0x30, 0xff, 0xd0, 0x58, 0x30, 0xff,
    0xd8, 0x5c, 0x30, 0xff, 0xd8, 0x5c, 0x30, 0xff, 0xd0, 0x58, 0x30, 0xff,
    0xd0, 0x58, 0x30, 0xff, 0xd8, 0x5c, 0x30, 0xff, 0xd8, 0x5c, 0x30, 0xff,
    0xd8, 0x5c, 0x30, 0xff, 0xd8, 0x5c, 0x30, 0xff, 0xd8, 0x5c, 0x30, 0xff,
    0xd8, 0x5c, 0x30, 0xff, 0xd8, 0x5c, 0x30, 0xff, 0xd8, 0x5c, 0x30, 0xff,
    0xd8, 0x60, 0x30, 0xff, 0xd8, 0x5c, 0x30, 0xff, 0xd8, 0x60, 0x30, 0xff,
    0xd8, 0x5c, 0x30, 0xff, 0xd8, 0x5c, 0x30, 0xff, 0xe0, 0x60, 0x30, 0xff,
    0xe0, 0x64, 0x38, 0xff, 0xe0, 0x64, 0x38, 0xff, 0xe0, 0x68, 0x38, 0xff,
    0xe8, 0x68, 0x38, 0xff, 0xe8, 0x68, 0x38, 0xff, 0xe0, 0x68, 0x38, 0xff,
    0xe8, 0x68, 0x38, 0xff, 0xe8, 0x68, 0x38, 0xff, 0xe8, 0x68, 0x40, 0xff,
    0xe8, 0x68, 0x38, 0xff, 0xe8, 0x68, 0x38, 0xff, 0xe8, 0x68, 0x40, 0xff,
    0xe8, 0x68, 0x38, 0xff, 0xe8, 0x68, 0x38, 0xff, 0xe8, 0x6c, 0x40, 0xff,
    0xe8, 0x68, 0x38, 0xff, 0xe0, 0x68, 0x38, 0xff, 0xe8, 0x68, 0x40, 0xff,
    0xe8, 0x6c, 0x38, 0xff, 0xe8, 0x68, 0x38, 0xff, 0xe8, 0x6c, 0x38, 0xff,
    0xe8, 0x6c, 0x38, 0xff, 0xe8, 0x68, 0x40, 0xff, 0xe8, 0x68, 0x38, 0xff,
    0xe8, 0x68, 0x38, 0xff, 0xe0, 0x68, 0x38, 0xff, 0xe8, 0x68, 0x38, 0xff,
    0xe8, 0x68, 0x38, 0xff, 0xe0, 0x68, 0x38, 0xff, 0xe8, 0x68, 0x38, 0xff,
    0xe8, 0x68, 0x38, 0xff, 0xe8, 0x68, 0x38, 0xff, 0xe8, 0x68, 0x40, 0xff,
    0xe8, 0x68, 0x38, 0xff, 0xe8, 0x68, 0x38, 0xff, 0xe0, 0x68, 0x38, 0xff,
    0xe0, 0x64, 0x38, 0xff, 0xe0, 0x60, 0x30, 0xff, 0xd8, 0x5c, 0x30, 0xff,
    0xd8, 0x5c, 0x30, 0xff, 0xd8, 0x60, 0x30, 0xff, 0xe0, 0x60, 0x30, 0xff,
    0xe0, 0x64, 0x38, 0xff, 0xe8, 0x68, 0x38, 0xff, 0xe8, 0x68, 0x38, 0xff,
    0xe8, 0x68, 0x38, 0xff, 0xe8, 0x6c, 0x38, 0xff, 0xf0, 0x6c, 0x40, 0xff,
    0xc8, 0x50, 0x28, 0xff, 0xa8, 0x44, 0x20, 0xff, 0xb0, 0x48, 0x20, 0xff,
    0xd0, 0x58, 0x30, 0xff, 0xf8, 0x74, 0x40, 0xff, 0xf0, 0x6c, 0x38, 0xff,
    0xe0, 0x64, 0x38, 0xff, 0xe0, 0x60, 0x30, 0xff, 0xe8, 0x64, 0x38, 0xff,
    0xf0, 0x70, 0x40, 0xff, 0xc8, 0x54, 0x28, 0xff, 0xb0, 0x48, 0x20, 0xff,
    0xc0, 0x4c, 0x28, 0xff, 0xa8, 0x44, 0x20, 0xff, 0xd8, 0x5c, 0x30, 0xff,
    0xf0, 0x74, 0x40, 0xff, 0xe8, 0x68, 0x38, 0xff, 0xe8, 0x6c, 0x38, 0xff,
    0xf0, 0x70, 0x40, 0xff, 0xe0, 0x68, 0x38, 0xff, 0xc0, 0x4c, 0x20, 0xff,
    0xa8, 0x48, 0x20, 0xff, 0xb0, 0x48, 0x20, 0xff, 0xd8, 0x5c, 0x30, 0xff,
    0xf8, 0x74, 0x40, 0xff, 0xe0, 0x64, 0x38, 0xff, 0xd8, 0x5c, 0x30, 0xff,
    0xd0, 0x58, 0x28, 0xff, 0xe8, 0x68, 0x38, 0xff, 0xe0, 0x68, 0x38, 0xff,
    0xa8, 0x44, 0x20, 0xff, 0xc0, 0x4c, 0x28, 0xff, 0xb0, 0x4c, 0x20, 0xff,
    0xb8, 0x4c, 0x28, 0xff, 0xe8, 0x64, 0x38, 0xff, 0xe8, 0x68, 0x38, 0xff,
    0xd8, 0x60, 0x38, 0xff, 0xd0, 0x5c, 0x30, 0xff, 0xd0, 0x58, 0x30, 0xff,
    0xc0, 0x50, 0x28, 0xff, 0xb0, 0x48, 0x28, 0xff, 0xb8, 0x4c, 0x28, 0xff,
    0xb8, 0x4c, 0x28, 0xff, 0xb8, 0x4c, 0x28, 0xff, 0xc0, 0x50, 0x28, 0xff,
    0xb8, 0x4c, 0x28, 0xff, 0xb8, 0x4c, 0x28, 0xff, 0xb0, 0x4c, 0x28, 0xff,
    0xb0, 0x4c, 0x28, 0xff, 0xa8, 0x48, 0x28, 0xff, 0xa8, 0x48, 0x28, 0xff,
    0xa8, 0x48, 0x28, 0xff, 0xa0, 0x48, 0x28, 0xff, 0xa0, 0x48, 0x28, 0xff,
    0x90, 0x3c, 0x20, 0xff, 0x68, 0x28, 0x10, 0xff, 0x68, 0x2c, 0x18, 0xff,
    0x70, 0x30, 0x18, 0xff, 0xa0, 0x50, 0x38, 0xff, 0xb0, 0x54, 0x38, 0xff,
    0xb0, 0x58, 0x38, 0xff, 0xb0, 0x58, 0x38, 0xff, 0xb0, 0x58, 0x38, 0xff,
    0xb8, 0x58, 0x38, 0xff, 0xc0, 0x5c, 0x38, 0xff, 0xc0, 0x5c, 0x38, 0xff,
    0xc0, 0x5c, 0x38, 0xff, 0xc8, 0x60, 0x38, 0xff, 0xc8, 0x5c, 0x38, 0xff,
    0xc8, 0x60, 0x38, 0xff, 0xd0, 0x60, 0x38, 0xff, 0xd0, 0x60, 0x38, 0xff,
    0xd0, 0x60, 0x38, 0xff, 0xd8, 0x64, 0x38, 0xff, 0xd8, 0x64, 0x38, 0xff,
    0xd8, 0x64, 0x38, 0xff, 0xd8, 0x64, 0x38, 0xff, 0xd8, 0x64, 0x38, 0xff,
    0xe0, 0x64, 0x38, 0xff, 0xd8, 0x64, 0x38, 0xff, 0xe8, 0x6c, 0x40, 0xff,
    0xc8, 0x58, 0x28, 0xff, 0xb0, 0x44, 0x20, 0xff, 0xc0, 0x4c, 0x28, 0xff,
    0xc0, 0x4c, 0x28, 0xff, 0xc8, 0x50, 0x28, 0xff, 0xc8, 0x50, 0x28, 0xff,
    0xc8, 0x54, 0x28, 0xff, 0xd0, 0x54, 0x28, 0xff, 0xd0, 0x54, 0x28, 0xff,
    0xc8, 0x54, 0x28, 0xff, 0xd0, 0x58, 0x28, 0xff, 0xd0, 0x58, 0x28, 0xff,
    0xa8, 0x44, 0x20, 0xff, 0xa8, 0x44, 0x20, 0xff, 0xb8, 0x48, 0x28, 0xff,
    0xb8, 0x48, 0x20, 0xff, 0xc0, 0x4c, 0x28, 0xff, 0xc0, 0x4c, 0x20, 0xff,
    0xc0, 0x4c, 0x28, 0xff, 0xc0, 0x4c, 0x28, 0xff, 0xc0, 0x50, 0x28, 0xff,
    0xc0, 0x50, 0x28, 0xff, 0xc8, 0x50, 0x28, 0xff, 0xc8, 0x50, 0x28, 0xff,
    0xc0, 0x50, 0x28, 0xff, 0xc8, 0x50, 0x28, 0xff, 0xc8, 0x50, 0x28, 0xff,
    0xc8, 0x54, 0x30, 0xff, 0xc8, 0x54, 0x28, 0xff, 0xc8, 0x58, 0x28, 0xff,
    0xd0, 0x54, 0x28, 0xff, 0xd0, 0x58, 0x30, 0xff, 0xc8, 0x54, 0x28, 0xff,
    0xd0, 0x58, 0x28, 0xff, 0xd8, 0x5c, 0x30, 0xff, 0xd8, 0x5c, 0x30, 0xff,
    0xd0, 0x5c, 0x30, 0xff, 0xd8, 0x5c, 0x30, 0xff, 0xd0, 0x58, 0x30, 0xff,
    0xd0, 0x58, 0x28, 0xff, 0xd0, 0x58, 0x28, 0xff, 0xd0, 0x58, 0x30, 0xff,
    0xd0, 0x58, 0x30, 0xff, 0xd8, 0x5c, 0x28, 0xff, 0xd0, 0x5c, 0x30, 0xff,
    0xd8, 0x58, 0x28, 0xff, 0xd0, 0x58, 0x30, 0xff, 0xd0, 0x58, 0x30, 0xff,
    0xd0, 0x58, 0x28, 0xff, 0xd8, 0x58, 0x30, 0xff, 0xd0, 0x5c, 0x28, 0xff,
    0xd0, 0x58, 0x30, 0xff, 0xd0, 0x58, 0x30, 0xff, 0xd0, 0x58, 0x28, 0xff,
    0xd0, 0x5c, 0x30, 0xff, 0xd8, 0x5c, 0x30, 0xff, 0xd0, 0x5c, 0x28, 0xff,
    0xd8, 0x5c, 0x30, 0xff, 0xd8, 0x5c, 0x30, 0xff, 0xd0, 0x5c, 0x28, 0xff,
    0xd8, 0x5c, 0x30, 0xff, 0xd8, 0x5c, 0x30, 0xff, 0xd0, 0x58, 0x28, 0xff,
    0xd0, 0x5c, 0x30, 0xff, 0xd8, 0x58, 0x28, 0xff, 0xd0, 0x58, 0x30, 0xff,
    0xd0, 0x5c, 0x28, 0xff, 0xd0, 0x5c, 0x30, 0xff, 0xd8, 0x5c, 0x30, 0xff,
    0xd8, 0x5c, 0x28, 0xff, 0xd0, 0x5c, 0x30, 0xff, 0xd8, 0x5c, 0x30, 0xff,
    0xd8, 0x5c, 0x30, 0xff, 0xd0, 0x5c, 0x30, 0xff, 0xd8, 0x5c, 0x30, 0xff,
    0xd0, 0x5c, 0x30, 0xff, 0xd8, 0x60, 0x30, 0xff, 0xd8, 0x5c, 0x30, 0xff,
    0xd8, 0x5c, 0x30, 0xff, 0xd8, 0x60, 0x30, 0xff, 0xd8, 0x5c, 0x30, 0xff,
    0xd8, 0x60, 0x30, 0xff, 0xe0, 0x60, 0x38, 0xff, 0xe0, 0x64, 0x38, 0xff,
    0xe0, 0x64, 0x38, 0xff, 0xe8, 0x68, 0x38, 0xff, 0xe8, 0x68, 0x38, 0xff,
    0xe8, 0x68, 0x38, 0xff, 0xe8, 0x68, 0x38, 0xff, 0xe8, 0x68, 0x38, 0xff,
    0xe8, 0x68, 0x38, 0xff, 0xe0, 0x68, 0x38, 0xff, 0xe8, 0x68, 0x38, 0xff,
    0xe8, 0x68, 0x38, 0xff, 0xe0, 0x68, 0x38, 0xff, 0xe8, 0x68, 0x38, 0xff,
    0xe8, 0x68, 0x38, 0xff, 0xe8, 0x6c, 0x38, 0xff, 0xe8, 0x68, 0x38, 0xff,
    0xe8, 0x68, 0x38, 0xff, 0xe8, 0x68, 0x38, 0xff, 0xe8, 0x68, 0x38, 0xff,
    0xe8, 0x68, 0x38, 0xff, 0xe8, 0x6c, 0x38, 0xff, 0xe8, 0x6c, 0x38, 0xff,
    0xe8, 0x68, 0x38, 0xff, 0xe8, 0x6c, 0x38, 0xff, 0xe8, 0x6c, 0x38, 0xff,
    0xe8, 0x68, 0x40, 0xff, 0xe8, 0x6c, 0x40, 0xff, 0xe8, 0x68, 0x38, 0xff,
    0xe8, 0x68, 0x38, 0xff, 0xe8, 0x68, 0x40, 0xff, 0xe0, 0x6c, 0x38, 0xff,
    0xe8, 0x6c, 0x38, 0xff, 0xe8, 0x68, 0x38, 0xff, 0xe8, 0x68, 0x38, 0xff,
    0xe8, 0x68, 0x38, 0xff, 0xe0, 0x64, 0x38, 0xff, 0xe0, 0x64, 0x30, 0xff,
    0xd8, 0x5c, 0x30, 0xff, 0xd8, 0x5c, 0x30, 0xff, 0xd8, 0x60, 0x30, 0xff,
    0xd8, 0x60, 0x30, 0xff, 0xe0, 0x64, 0x38, 0xff, 0xe8, 0x68, 0x38, 0xff,
    0xe0, 0x68, 0x38, 0xff, 0xe8, 0x68, 0x38, 0xff, 0xe0, 0x64, 0x38, 0xff,
    0xe8, 0x68, 0x40, 0xff, 0xf0, 0x70, 0x40, 0xff, 0xe0, 0x64, 0x38, 0xff,
    0xe0, 0x64, 0x38, 0xff, 0xf8, 0x74, 0x40, 0xff, 0xe0, 0x60, 0x30, 0xff,
    0xc8, 0x54, 0x28, 0xff, 0xe0, 0x64, 0x38, 0xff, 0xe0, 0x64, 0x38, 0xff,
    0xc8, 0x50, 0x28, 0xff, 0xd8, 0x5c, 0x30, 0xff, 0xf0, 0x70, 0x40, 0xff,
    0xd0, 0x5c, 0x30, 0xff, 0xc8, 0x54, 0x30, 0xff, 0xd8, 0x60, 0x38, 0xff,
    0xf0, 0x70, 0x40, 0xff, 0xe0, 0x64, 0x38, 0xff, 0xe0, 0x68, 0x38, 0xff,
    0xe0, 0x68, 0x38, 0xff, 0xe0, 0x64, 0x38, 0xff, 0xe8, 0x6c, 0x38, 0xff,
    0xe8, 0x6c, 0x40, 0xff, 0xd8, 0x60, 0x30, 0xff, 0xe0, 0x68, 0x38, 0xff,
    0xf8, 0x74, 0x40, 0xff, 0xd0, 0x54, 0x28, 0xff, 0xc8, 0x54, 0x28, 0xff,
    0xe0, 0x64, 0x38, 0xff, 0xd8, 0x60, 0x30, 0xff, 0xb8, 0x48, 0x20, 0xff,
    0xe0, 0x60, 0x38, 0xff, 0xe8, 0x68, 0x38, 0xff, 0xc8, 0x54, 0x30, 0xff,
    0xc8, 0x58, 0x30, 0xff, 0xe0, 0x68, 0x38, 0xff, 0xe8, 0x68, 0x38, 0xff,
    0xd8, 0x60, 0x38, 0xff, 0xd8, 0x60, 0x30, 0xff, 0xd0, 0x5c, 0x30, 0xff,
    0xc8, 0x54, 0x30, 0xff, 0xc8, 0x54, 0x28, 0xff, 0xc0, 0x54, 0x28, 0xff,
    0xc0, 0x50, 0x28, 0xff, 0xc0, 0x50, 0x28, 0xff, 0xc0, 0x50, 0x28, 0xff,
    0xb8, 0x50, 0x28, 0xff, 0xb8, 0x4c, 0x28, 0xff, 0xb0, 0x4c, 0x28, 0xff,
    0xb0, 0x4c, 0x28, 0xff, 0xb0, 0x4c, 0x28, 0xff, 0xa8, 0x4c, 0x28, 0xff,
    0xa8, 0x48, 0x28, 0xff, 0xa8, 0x48, 0x28, 0xff, 0xa0, 0x48, 0x28, 0xff,
    0xa8, 0x48, 0x28, 0xff, 0x90, 0x3c, 0x20, 0xff, 0x60, 0x28, 0x18, 0xff,
    0x68, 0x2c, 0x18, 0xff, 0x70, 0x30, 0x18, 0xff, 0xa0, 0x54, 0x38, 0xff,
    0xa8, 0x54, 0x38, 0xff, 0xb0, 0x58, 0x38, 0xff, 0xb0, 0x58, 0x38, 0xff,
    0xb8, 0x58, 0x38, 0xff, 0xb8, 0x5c, 0x38, 0xff, 0xc0, 0x5c, 0x38, 0xff,
    0xc0, 0x5c, 0x38, 0xff, 0xc0, 0x5c, 0x38, 0xff, 0xc8, 0x60, 0x38, 0xff,
    0xc8, 0x5c, 0x38, 0xff, 0xd0, 0x60, 0x38, 0xff, 0xd0, 0x60, 0x38, 0xff,
    0xd0, 0x60, 0x38, 0xff, 0xd0, 0x60, 0x38, 0xff, 0xd8, 0x60, 0x38, 0xff,
    0xd8, 0x64, 0x38, 0xff, 0xd8, 0x64, 0x38, 0xff, 0xd8, 0x64, 0x38, 0xff,
    0xd8, 0x64, 0x38, 0xff, 0xd8, 0x64, 0x38, 0xff, 0xd8, 0x64, 0x38, 0xff,
    0xe8, 0x6c, 0x40, 0xff, 0xc8, 0x54, 0x28, 0xff, 0xa8, 0x40, 0x20, 0xff,
    0xc0, 0x4c, 0x28, 0xff, 0xc0, 0x4c, 0x20, 0xff, 0xc8, 0x50, 0x28, 0xff,
    0xc8, 0x50, 0x28, 0xff, 0xc8, 0x50, 0x28, 0xff, 0xc8, 0x50, 0x28, 0xff,
    0xc8, 0x54, 0x28, 0xff, 0xd0, 0x54, 0x28, 0xff, 0xd0, 0x54, 0x28, 0xff,
    0xd0, 0x58, 0x30, 0xff, 0xb0, 0x48, 0x20, 0xff, 0xa0, 0x40, 0x20, 0xff,
    0xb8, 0x48, 0x20, 0xff, 0xb8, 0x4c, 0x28, 0xff, 0xb8, 0x4c, 0x28, 0xff,
    0xc0, 0x4c, 0x20, 0xff, 0xc0, 0x4c, 0x28, 0xff, 0xc0, 0x50, 0x28, 0xff,
    0xc0, 0x50, 0x28, 0xff, 0xc0, 0x50, 0x28, 0xff, 0xc8, 0x50, 0x28, 0xff,
    0xc0, 0x50, 0x28, 0xff, 0xc8, 0x54, 0x28, 0xff, 0xc8, 0x54, 0x28, 0xff,
    0xc8, 0x54, 0x28, 0xff, 0xc8, 0x54, 0x30, 0xff, 0xc8, 0x54, 0x28, 0xff,
    0xc8, 0x54, 0x28, 0xff, 0xd0, 0x58, 0x30, 0xff, 0xd0, 0x54, 0x28, 0xff,
    0xc8, 0x54, 0x28, 0xff, 0xd0, 0x58, 0x30, 0xff, 0xd8, 0x5c, 0x30, 0xff,
    0xd8, 0x5c, 0x30, 0xff, 0xd8, 0x5c, 0x28, 0xff, 0xd8, 0x5c, 0x30, 0xff,
    0xd0, 0x5c, 0x30, 0xff, 0xd0, 0x58, 0x28, 0xff, 0xd0, 0x54, 0x28, 0xff,
    0xd0, 0x58, 0x30, 0xff, 0xd0, 0x5c, 0x28, 0xff, 0xd0, 0x5c, 0x30, 0xff,
    0xd8, 0x58, 0x30, 0xff, 0xd8, 0x5c, 0x30, 0xff, 0xd0, 0x5c, 0x30, 0xff,
    0xd0, 0x58, 0x28, 0xff, 0xd0, 0x54, 0x28, 0xff, 0xd0, 0x5c, 0x30, 0xff,
    0xd8, 0x5c, 0x30, 0xff, 0xd0, 0x58, 0x28, 0xff, 0xd0, 0x58, 0x30, 0xff,
    0xd8, 0x58, 0x28, 0xff, 0xd0, 0x58, 0x30, 0xff, 0xd0, 0x58, 0x30, 0xff,
    0xd8, 0x5c, 0x30, 0xff, 0xd8, 0x58, 0x30, 0xff, 0xd0, 0x58, 0x30, 0xff,
    0xd8, 0x5c, 0x28, 0xff, 0xd0, 0x5c, 0x30, 0xff, 0xd8, 0x5c, 0x30, 0xff,
    0xd0, 0x58, 0x28, 0xff, 0xd8, 0x5c, 0x30, 0xff, 0xd0, 0x5c, 0x30, 0xff,
    0xd8, 0x58, 0x30, 0xff, 0xd8, 0x5c, 0x28, 0xff, 0xd8, 0x5c, 0x30, 0xff,
    0xd8, 0x5c, 0x30, 0xff, 0xd8, 0x5c, 0x30, 0xff, 0xd0, 0x58, 0x30, 0xff,
    0xd8, 0x5c, 0x30, 0xff, 0xd8, 0x5c, 0x30, 0xff, 0xd8, 0x5c, 0x30, 0xff,
    0xd8, 0x5c, 0x30, 0xff, 0xd8, 0x5c, 0x30, 0xff, 0xd8, 0x5c, 0x30, 0xff,
    0xd8, 0x5c, 0x30, 0xff, 0xd8, 0x5c, 0x30, 0xff, 0xd8, 0x5c, 0x30, 0xff,
    0xd8, 0x60, 0x30, 0xff, 0xd8, 0x5c, 0x30, 0xff, 0xd8, 0x60, 0x30, 0xff,
    0xe0, 0x60, 0x38, 0xff, 0xe0, 0x64, 0x38, 0xff, 0xe0, 0x68, 0x38, 0xff,
    0xe8, 0x68, 0x38, 0xff, 0xe8, 0x68, 0x38, 0xff, 0xe8, 0x68, 0x40, 0xff,
    0xe8, 0x68, 0x38, 0xff, 0xe8, 0x68, 0x38, 0xff, 0xe8, 0x68, 0x38, 0xff,
    0xe8, 0x68, 0x38, 0xff, 0xe8, 0x68, 0x38, 0xff, 0xe8, 0x68, 0x38, 0xff,
    0xe8, 0x68, 0x38, 0xff, 0xe0, 0x68, 0x38, 0xff, 0xe8, 0x68, 0x38, 0xff,
    0xe8, 0x68, 0x38, 0xff, 0xe8, 0x68, 0x38, 0xff, 0xe0, 0x68, 0x38, 0xff,
    0xe8, 0x68, 0x40, 0xff, 0xe8, 0x68, 0x38, 0xff, 0xe0, 0x68, 0x38, 0xff,
    0xe8, 0x68, 0x38, 0xff, 0xe8, 0x6c, 0x38, 0xff, 0xe0, 0x68, 0x38, 0xff,
    0xe8, 0x6c, 0x38, 0xff, 0xe8, 0x6c, 0x38, 0xff, 0xe8, 0x68, 0x38, 0xff,
    0xe8, 0x68, 0x38, 0xff, 0xe8, 0x68, 0x38, 0xff, 0xe8, 0x6c, 0x38, 0xff,
    0xe8, 0x68, 0x38, 0xff, 0xe8, 0x68, 0x38, 0xff, 0xe8, 0x68, 0x38, 0xff,
    0xe8, 0x68, 0x38, 0xff, 0xe0, 0x68, 0x38, 0xff, 0xe0, 0x64, 0x38, 0xff,
    0xe0, 0x60, 0x38, 0xff, 0xd8, 0x60, 0x30, 0xff, 0xd8, 0x5c, 0x30, 0xff,
    0xd8, 0x5c, 0x30, 0xff, 0xd8, 0x5c, 0x30, 0xff, 0xe0, 0x64, 0x38, 0xff,
    0xe8, 0x68, 0x38, 0xff, 0xe8, 0x68, 0x38, 0xff, 0xe8, 0x68, 0x38, 0xff,
    0xe0, 0x68, 0x38, 0xff, 0xe0, 0x68, 0x38, 0xff, 0xe8, 0x68, 0x38, 0xff,
    0xe8, 0x6c, 0x38, 0xff, 0xe8, 0x6c, 0x38, 0xff, 0xf0, 0x74, 0x40, 0xff,
    0xc0, 0x4c, 0x28, 0xff, 0xb8, 0x4c, 0x28, 0xff, 0xe0, 0x68, 0x38, 0xff,
    0xd8, 0x60, 0x38, 0xff, 0xc8, 0x54, 0x28, 0xff, 0xb8, 0x4c, 0x28, 0xff,
    0xf0, 0x6c, 0x40, 0xff, 0xf0, 0x70, 0x40, 0xff, 0xf0, 0x70, 0x40, 0xff,
    0xe8, 0x6c, 0x38, 0xff, 0xe0, 0x68, 0x38, 0xff, 0xe8, 0x68, 0x38, 0xff,
    0xe0, 0x64, 0x38, 0xff, 0xe0, 0x64, 0x38, 0xff, 0xe0, 0x68, 0x38, 0xff,
    0xe0, 0x64, 0x38, 0xff, 0xe8, 0x68, 0x38, 0xff, 0xe8, 0x6c, 0x38, 0xff,
    0xe8, 0x68, 0x40, 0xff, 0xe8, 0x68, 0x38, 0xff, 0xa8, 0x44, 0x20, 0xff,
    0xc8, 0x58, 0x30, 0xff, 0xe0, 0x64, 0x38, 0xff, 0xd8, 0x60, 0x38, 0xff,
    0xc0, 0x4c, 0x28, 0xff, 0xc8, 0x50, 0x28, 0xff, 0xf8, 0x74, 0x40, 0xff,
    0xe8, 0x6c, 0x40, 0xff, 0xe8, 0x6c, 0x40, 0xff, 0xe8, 0x68, 0x38, 0xff,
    0xe0, 0x60, 0x38, 0xff, 0xd8, 0x64, 0x38, 0xff, 0xd8, 0x60, 0x30, 0xff,
    0xd0, 0x5c, 0x30, 0xff, 0xd0, 0x58, 0x30, 0xff, 0xc8, 0x54, 0x28, 0xff,
    0xc0, 0x50, 0x28, 0xff, 0xc0, 0x54, 0x30, 0xff, 0xc0, 0x50, 0x28, 0xff,
    0xb8, 0x50, 0x28, 0xff, 0xb8, 0x50, 0x28, 0xff, 0xb8, 0x4c, 0x28, 0xff,
    0xb0, 0x4c, 0x28, 0xff, 0xb0, 0x4c, 0x28, 0xff, 0xb0, 0x4c, 0x28, 0xff,
    0xb0, 0x48, 0x28, 0xff, 0xa8, 0x48, 0x28, 0xff, 0xa8, 0x48, 0x28, 0xff,
    0xa0, 0x48, 0x28, 0xff, 0xa0, 0x48, 0x28, 0xff, 0x90, 0x3c, 0x20, 0xff,
    0x60, 0x28, 0x10, 0xff, 0x68, 0x2c, 0x18, 0xff, 0x70, 0x30, 0x18, 0xff,
    0xa0, 0x50, 0x38, 0xff, 0xa8, 0x58, 0x38, 0xff, 0xb0, 0x58, 0x38, 0xff,
    0xb0, 0x58, 0x38, 0xff, 0xb8, 0x5c, 0x38, 0xff, 0xb8, 0x58, 0x38, 0xff,
    0xc0, 0x5c, 0x38, 0xff, 0xc0, 0x5c, 0x38, 0xff, 0xc0, 0x5c, 0x38, 0xff,
    0xc8, 0x5c, 0x38, 0xff, 0xc8, 0x60, 0x38, 0xff, 0xc8, 0x60, 0x38, 0xff,
    0xd0, 0x60, 0x38, 0xff, 0xd0, 0x60, 0x38, 0xff, 0xd0, 0x60, 0x38, 0xff,
    0xd0, 0x64, 0x38, 0xff, 0xd0, 0x60, 0x38, 0xff, 0xd8, 0x60, 0x38, 0xff,
    0xd8, 0x64, 0x38, 0xff, 0xd8, 0x64, 0x38, 0xff, 0xe0, 0x60, 0x38, 0xff,
    0xd8, 0x64, 0x38, 0xff, 0xe8, 0x6c, 0x38, 0xff, 0xc0, 0x4c, 0x28, 0xff,
    0xa8, 0x40, 0x20, 0xff, 0xc0, 0x4c, 0x20, 0xff, 0xc0, 0x4c, 0x20, 0xff,
    0xc0, 0x50, 0x28, 0xff, 0xc0, 0x50, 0x28, 0xff, 0xc8, 0x50, 0x28, 0xff,
    0xc8, 0x54, 0x28, 0xff, 0xc8, 0x50, 0x28, 0xff, 0xc8, 0x54, 0x28, 0xff,
    0xc8, 0x54, 0x28, 0xff, 0xd0, 0x58, 0x30, 0xff, 0xb8, 0x4c, 0x28, 0xff,
    0xa0, 0x40, 0x20, 0xff, 0xb8, 0x48, 0x20, 0xff, 0xb8, 0x4c, 0x28, 0xff,
    0xb8, 0x4c, 0x28, 0xff, 0xc0, 0x4c, 0x20, 0xff, 0xc0, 0x4c, 0x28, 0xff,
    0xc0, 0x4c, 0x28, 0xff, 0xc0, 0x50, 0x28, 0xff, 0xc8, 0x50, 0x28, 0xff,
    0xc0, 0x50, 0x28, 0xff, 0xc8, 0x50, 0x28, 0xff, 0xc8, 0x50, 0x28, 0xff,
    0xc8, 0x54, 0x28, 0xff, 0xc8, 0x54, 0x28, 0xff, 0xc8, 0x54, 0x30, 0xff,
    0xc8, 0x54, 0x28, 0xff, 0xd0, 0x58, 0x28, 0xff, 0xc8, 0x58, 0x30, 0xff,
    0xd0, 0x54, 0x28, 0xff, 0xc8, 0x54, 0x28, 0xff, 0xd0, 0x58, 0x30, 0xff,
    0xd8, 0x5c, 0x30, 0xff, 0xd8, 0x5c, 0x30, 0xff, 0xd0, 0x58, 0x30, 0xff,
    0xd8, 0x5c, 0x30, 0xff, 0xd0, 0x5c, 0x30, 0xff, 0xd0, 0x54, 0x28, 0xff,
    0xd0, 0x54, 0x28, 0xff, 0xd0, 0x58, 0x30, 0xff, 0xd0, 0x5c, 0x30, 0xff,
    0xd0, 0x58, 0x28, 0xff, 0xd0, 0x58, 0x30, 0xff, 0xd0, 0x5c, 0x28, 0xff,
    0xd8, 0x5c, 0x30, 0xff, 0xd8, 0x58, 0x30, 0xff, 0xd0, 0x58, 0x28, 0xff,
    0xd0, 0x58, 0x30, 0xff, 0xd0, 0x58, 0x30, 0xff, 0xd8, 0x5c, 0x28, 0xff,
    0xd0, 0x58, 0x30, 0xff, 0xd0, 0x58, 0x30, 0xff, 0xd0, 0x5c, 0x28, 0xff,
    0xd8, 0x5c, 0x30, 0xff, 0xd0, 0x58, 0x30, 0xff, 0xd8, 0x5c, 0x30, 0xff,
    0xd8, 0x5c, 0x30, 0xff, 0xd0, 0x58, 0x30, 0xff, 0xd8, 0x5c, 0x30, 0xff,
    0xd0, 0x5c, 0x30, 0xff, 0xd8, 0x58, 0x30, 0xff, 0xd0, 0x5c, 0x30, 0xff,
    0xd0, 0x5c, 0x30, 0xff, 0xd8, 0x58, 0x30, 0xff, 0xd0, 0x5c, 0x30, 0xff,
    0xd0, 0x5c, 0x30, 0xff, 0xd0, 0x58, 0x30, 0xff, 0xd8, 0x5c, 0x30, 0xff,
    0xd8, 0x5c, 0x30, 0xff, 0xd8, 0x5c, 0x28, 0xff, 0xd0, 0x5c, 0x30, 0xff,
    0xd0, 0x5c, 0x30, 0xff, 0xd8, 0x5c, 0x30, 0xff, 0xd8, 0x5c, 0x30, 0xff,
    0xd8, 0x5c, 0x30, 0xff, 0xd8, 0x60, 0x30, 0xff, 0xd8, 0x5c, 0x30, 0xff,
    0xd8, 0x60, 0x30, 0xff, 0xd8, 0x60, 0x30, 0xff, 0xd8, 0x5c, 0x30, 0xff,
    0xd8, 0x60, 0x30, 0xff, 0xe0, 0x64, 0x38, 0xff, 0xe0, 0x64, 0x38, 0xff,
    0xe0, 0x68, 0x38, 0xff, 0xe8, 0x68, 0x38, 0xff, 0xe0, 0x68, 0x38, 0xff,
    0xe8, 0x68, 0x38, 0xff, 0xe8, 0x68, 0x38, 0xff, 0xe0, 0x68, 0x38, 0xff,
    0xe8, 0x68, 0x40, 0xff, 0xe8, 0x68, 0x38, 0xff, 0xe8, 0x68, 0x38, 0xff,
    0xe8, 0x68, 0x40, 0xff, 0xe8, 0x68, 0x38, 0xff, 0xe8, 0x68, 0x38, 0xff,
    0xe8, 0x68, 0x40, 0xff, 0xe8, 0x68, 0x38, 0xff, 0xe8, 0x68, 0x38, 0xff,
    0xe8, 0x68, 0x38, 0xff, 0xe8, 0x68, 0x38, 0xff, 0xe8, 0x68, 0x38, 0xff,
    0xe8, 0x68, 0x38, 0xff, 0xe8, 0x68, 0x40, 0xff, 0xe8, 0x68, 0x38, 0xff,
    0xe8, 0x68, 0x38, 0xff, 0xe8, 0x68, 0x38, 0xff, 0xe8, 0x68, 0x38, 0xff,
    0xe0, 0x68, 0x38, 0xff, 0xe8, 0x68, 0x38, 0xff, 0xe8, 0x68, 0x38, 0xff,
    0xe8, 0x6c, 0x38, 0xff, 0xe8, 0x68, 0x38, 0xff, 0xe8, 0x68, 0x38, 0xff,
    0xe8, 0x68, 0x38, 0xff, 0xe8, 0x68, 0x38, 0xff, 0xe0, 0x68, 0x38, 0xff,
    0xe0, 0x64, 0x38, 0xff, 0xe0, 0x60, 0x38, 0xff, 0xd8, 0x60, 0x30, 0xff,
    0xd8, 0x5c, 0x30, 0xff, 0xd8, 0x5c, 0x30, 0xff, 0xd8, 0x5c, 0x30, 0xff,
    0xe0, 0x60, 0x38, 0xff, 0xe8, 0x68, 0x38, 0xff, 0xe0, 0x68, 0x38, 0xff,
    0xe8, 0x68, 0x38, 0xff, 0xe8, 0x64, 0x38, 0xff, 0xe8, 0x68, 0x38, 0xff,
    0xe8, 0x68, 0x38, 0xff, 0xe0, 0x68, 0x38, 0xff, 0xe0, 0x68, 0x38, 0xff,
    0xf0, 0x70, 0x40, 0xff, 0xd0, 0x58, 0x30, 0xff, 0xa0, 0x40, 0x20, 0xff,
    0xd0, 0x5c, 0x30, 0xff, 0xc8, 0x58, 0x30, 0xff, 0xa0, 0x40, 0x20, 0xff,
    0xc0, 0x50, 0x28, 0xff, 0xf0, 0x70, 0x40, 0xff, 0xe0, 0x68, 0x38, 0xff,
    0xe0, 0x64, 0x38, 0xff, 0xe0, 0x64, 0x38, 0xff, 0xe0, 0x68, 0x38, 0xff,
    0xe0, 0x64, 0x38, 0xff, 0xe0, 0x68, 0x38, 0xff, 0xe0, 0x64, 0x38, 0xff,
    0xe0, 0x64, 0x38, 0xff, 0xe0, 0x68, 0x38, 0xff, 0xe0, 0x64, 0x38, 0xff,
    0xe0, 0x64, 0x38, 0xff, 0xe0, 0x64, 0x38, 0xff, 0xf0, 0x70, 0x40, 0xff,
    0xc0, 0x4c, 0x28, 0xff, 0xb0, 0x48, 0x28, 0xff, 0xd0, 0x5c, 0x30, 0xff,
    0xc8, 0x54, 0x30, 0xff, 0xa0, 0x40, 0x20, 0xff, 0xd0, 0x5c, 0x30, 0xff,
    0xe8, 0x6c, 0x40, 0xff, 0xe0, 0x64, 0x38, 0xff, 0xe0, 0x64, 0x38, 0xff,
    0xe0, 0x64, 0x38, 0xff, 0xe0, 0x64, 0x38, 0xff, 0xd8, 0x64, 0x38, 0xff,
    0xd8, 0x60, 0x38, 0xff, 0xd0, 0x5c, 0x30, 0xff, 0xd0, 0x58, 0x30, 0xff,
    0xc8, 0x54, 0x30, 0xff, 0xc0, 0x50, 0x28, 0xff, 0xc0, 0x50, 0x28, 0xff,
    0xc0, 0x50, 0x28, 0xff, 0xb8, 0x50, 0x28, 0xff, 0xb8, 0x50, 0x28, 0xff,
    0xb8, 0x4c, 0x30, 0xff, 0xb8, 0x4c, 0x28, 0xff, 0xb0, 0x4c, 0x28, 0xff,
    0xb0, 0x4c, 0x28, 0xff, 0xa8, 0x4c, 0x28, 0xff, 0xa8, 0x48, 0x28, 0xff,
    0xa8, 0x48, 0x28, 0xff, 0xa0, 0x48, 0x28, 0xff, 0xa0, 0x4c, 0x28, 0xff,
    0x90, 0x3c, 0x20, 0xff, 0x68, 0x28, 0x10, 0xff, 0x68, 0x2c, 0x18, 0xff,
    0x78, 0x30, 0x18, 0xff, 0xa0, 0x50, 0x38, 0xff, 0xa8, 0x54, 0x38, 0xff,
    0xb0, 0x58, 0x38, 0xff, 0xb0, 0x58, 0x38, 0xff, 0xb8, 0x58, 0x38, 0xff,
    0xb8, 0x5c, 0x38, 0xff, 0xb8, 0x58, 0x38, 0xff, 0xc0, 0x5c, 0x38, 0xff,
    0xc0, 0x5c, 0x38, 0xff, 0xc8, 0x5c, 0x38, 0xff, 0xc8, 0x60, 0x38, 0xff,
    0xc8, 0x60, 0x38, 0xff, 0xd0, 0x60, 0x38, 0xff, 0xd0, 0x60, 0x38, 0xff,
    0xd0, 0x60, 0x38, 0xff, 0xd0, 0x64, 0x38, 0xff, 0xd8, 0x64, 0x38, 0xff,
    0xd8, 0x60, 0x38, 0xff, 0xd8, 0x64, 0x38, 0xff, 0xd8, 0x64, 0x38, 0xff,
    0xd8, 0x60, 0x38, 0xff, 0xe0, 0x68, 0x38, 0xff, 0xe0, 0x64, 0x38, 0xff,
    0xa8, 0x44, 0x20, 0xff, 0xb0, 0x48, 0x20, 0xff, 0xc0, 0x4c, 0x28, 0xff,
    0xc0, 0x4c, 0x20, 0xff, 0xc0, 0x4c, 0x28, 0xff, 0xc0, 0x50, 0x28, 0xff,
    0xc0, 0x50, 0x28, 0xff, 0xc8, 0x50, 0x28, 0xff, 0xc8, 0x54, 0x28, 0xff,
    0xc8, 0x50, 0x28, 0xff, 0xd0, 0x54, 0x28, 0xff, 0xd0, 0x58, 0x28, 0xff,
    0xb8, 0x4c, 0x20, 0xff, 0xa0, 0x40, 0x20, 0xff, 0xb8, 0x48, 0x20, 0xff,
    0xb8, 0x4c, 0x20, 0xff, 0xb8, 0x4c, 0x28, 0xff, 0xc0, 0x4c, 0x28, 0xff,
    0xc0, 0x4c, 0x28, 0xff, 0xc0, 0x50, 0x28, 0xff, 0xc0, 0x50, 0x28, 0xff,
    0xc8, 0x50, 0x28, 0xff, 0xc0, 0x50, 0x28, 0xff, 0xc8, 0x54, 0x28, 0xff,
    0xc8, 0x50, 0x28, 0xff, 0xc8, 0x54, 0x28, 0xff, 0xc8, 0x54, 0x30, 0xff,
    0xc8, 0x54, 0x28, 0xff, 0xd0, 0x54, 0x28, 0xff, 0xc8, 0x54, 0x28, 0xff,
    0xd0, 0x58, 0x28, 0xff, 0xd0, 0x58, 0x30, 0xff, 0xc8, 0x54, 0x28, 0xff,
    0xd0, 0x54, 0x28, 0xff, 0xd8, 0x5c, 0x30, 0xff, 0xd8, 0x5c, 0x30, 0xff,
    0xd0, 0x5c, 0x30, 0xff, 0xd0, 0x5c, 0x28, 0xff, 0xd8, 0x58, 0x30, 0xff,
    0xd0, 0x58, 0x28, 0xff, 0xd0, 0x58, 0x28, 0xff, 0xd0, 0x58, 0x30, 0xff,
    0xd0, 0x58, 0x30, 0xff, 0xd0, 0x58, 0x28, 0xff, 0xd8, 0x58, 0x30, 0xff,
    0xd0, 0x58, 0x28, 0xff, 0xd0, 0x58, 0x30, 0xff, 0xd0, 0x58, 0x30, 0xff,
    0xd0, 0x58, 0x28, 0xff, 0xd0, 0x58, 0x30, 0xff, 0xd8, 0x58, 0x28, 0xff,
    0xd0, 0x58, 0x30, 0xff, 0xd8, 0x5c, 0x30, 0xff, 0xd0, 0x58, 0x28, 0xff,
    0xd0, 0x58, 0x30, 0xff, 0xd8, 0x5c, 0x30, 0xff, 0xd0, 0x58, 0x28, 0xff,
    0xd8, 0x5c, 0x28, 0xff, 0xd8, 0x5c, 0x30, 0xff, 0xd0, 0x5c, 0x30, 0xff,
    0xd0, 0x5c, 0x28, 0xff, 0xd8, 0x5c, 0x30, 0xff, 0xd0, 0x58, 0x28, 0xff,
    0xd8, 0x58, 0x30, 0xff, 0xd0, 0x58, 0x28, 0xff, 0xd8, 0x5c, 0x28, 0xff,
    0xd0, 0x5c, 0x30, 0xff, 0xd8, 0x5c, 0x30, 0xff, 0xd0, 0x5c, 0x28, 0xff,
    0xd8, 0x5c, 0x30, 0xff, 0xd8, 0x58, 0x30, 0xff, 0xd8, 0x5c, 0x30, 0xff,
    0xd0, 0x58, 0x30, 0xff, 0xd0, 0x5c, 0x28, 0xff, 0xd8, 0x5c, 0x30, 0xff,
    0xd8, 0x5c, 0x30, 0xff, 0xd8, 0x5c, 0x30, 0xff, 0xd0, 0x5c, 0x30, 0xff,
    0xd8, 0x5c, 0x30, 0xff, 0xd8, 0x5c, 0x30, 0xff, 0xd8, 0x5c, 0x30, 0xff,
    0xd8, 0x5c, 0x30, 0xff, 0xe0, 0x60, 0x30, 0xff, 0xe0, 0x64, 0x30, 0xff,
    0xe0, 0x64, 0x38, 0xff, 0xe0, 0x68, 0x38, 0xff, 0xe8, 0x68, 0x38, 0xff,
    0xe8, 0x68, 0x38, 0xff, 0xe8, 0x68, 0x38, 0xff, 0xe0, 0x68, 0x38, 0xff,
    0xe8, 0x68, 0x38, 0xff, 0xe8, 0x68, 0x38, 0xff, 0xe8, 0x68, 0x38, 0xff,
    0xe0, 0x68, 0x38, 0xff, 0xe8, 0x68, 0x38, 0xff, 0xe8, 0x68, 0x38, 0xff,
    0xe8, 0x68, 0x38, 0xff, 0xe8, 0x68, 0x38, 0xff, 0xe0, 0x68, 0x38, 0xff,
    0xe8, 0x68, 0x38, 0xff, 0xe8, 0x68, 0x40, 0xff, 0xe8, 0x68, 0x38, 0xff,
    0xe8, 0x68, 0x38, 0xff, 0xe8, 0x68, 0x38, 0xff, 0xe8, 0x68, 0x38, 0xff,
    0xe8, 0x68, 0x38, 0xff, 0xe8, 0x68, 0x38, 0xff, 0xe8, 0x68, 0x40, 0xff,
    0xe8, 0x68, 0x38, 0xff, 0xe8, 0x6c, 0x38, 0xff, 0xe8, 0x68, 0x40, 0xff,
    0xe8, 0x68, 0x38, 0xff, 0xe0, 0x68, 0x38, 0xff, 0xe8, 0x68, 0x38, 0xff,
    0xe8, 0x68, 0x40, 0xff, 0xe0, 0x68, 0x38, 0xff, 0xe8, 0x68, 0x38, 0xff,
    0xe8, 0x68, 0x38, 0xff, 0xe8, 0x68, 0x38, 0xff, 0xe0, 0x64, 0x38, 0xff,
    0xd8, 0x60, 0x30, 0xff, 0xd8, 0x5c, 0x30, 0xff, 0xd8, 0x5c, 0x30, 0xff,
    0xd8, 0x5c, 0x30, 0xff, 0xd8, 0x64, 0x30, 0xff, 0xe8, 0x68, 0x38, 0xff,
    0xe0, 0x68, 0x38, 0xff, 0xe0, 0x68, 0x38, 0xff, 0xe0, 0x68, 0x38, 0xff,
    0xe0, 0x64, 0x38, 0xff, 0xe8, 0x68, 0x38, 0xff, 0xe8, 0x68, 0x38, 0xff,
    0xe8, 0x64, 0x38, 0xff, 0xe8, 0x68, 0x38, 0xff, 0xf0, 0x70, 0x40, 0xff,
    0xc8, 0x54, 0x30, 0xff, 0xa8, 0x44, 0x20, 0xff, 0xb0, 0x48, 0x20, 0xff,
    0xc8, 0x50, 0x28, 0xff, 0xe8, 0x68, 0x38, 0xff, 0xe8, 0x6c, 0x38, 0xff,
    0xe0, 0x64, 0x38, 0xff, 0xe0, 0x68, 0x38, 0xff, 0xe8, 0x68, 0x38, 0xff,
    0xe0, 0x64, 0x38, 0xff, 0xe0, 0x68, 0x38, 0xff, 0xe0, 0x68, 0x38, 0xff,
    0xe0, 0x68, 0x38, 0xff, 0xe0, 0x64, 0x38, 0xff, 0xe8, 0x68, 0x38, 0xff,
    0xe0, 0x64, 0x38, 0xff, 0xe0, 0x64, 0x38, 0xff, 0xe0, 0x64, 0x38, 0xff,
    0xe8, 0x68, 0x38, 0xff, 0xe8, 0x68, 0x38, 0xff, 0xc0, 0x50, 0x28, 0xff,
    0xb0, 0x48, 0x20, 0xff, 0xb0, 0x48, 0x20, 0xff, 0xd0, 0x58, 0x30, 0xff,
    0xe8, 0x6c, 0x40, 0xff, 0xe0, 0x64, 0x38, 0xff, 0xe0, 0x64, 0x38, 0xff,
    0xe0, 0x64, 0x38, 0xff, 0xe0, 0x64, 0x38, 0xff, 0xe0, 0x64, 0x38, 0xff,
    0xe0, 0x64, 0x38, 0xff, 0xd8, 0x64, 0x30, 0xff, 0xd0, 0x60, 0x38, 0xff,
    0xd0, 0x5c, 0x30, 0xff, 0xc8, 0x58, 0x30, 0xff, 0xc0, 0x54, 0x28, 0xff,
    0xc0, 0x54, 0x30, 0xff, 0xc0, 0x50, 0x28, 0xff, 0xc0, 0x50, 0x28, 0xff,
    0xb8, 0x50, 0x28, 0xff, 0xb8, 0x4c, 0x28, 0xff, 0xb8, 0x4c, 0x28, 0xff,
    0xb0, 0x4c, 0x28, 0xff, 0xb0, 0x4c, 0x28, 0xff, 0xa8, 0x4c, 0x28, 0xff,
    0xa8, 0x48, 0x28, 0xff, 0xa8, 0x48, 0x28, 0xff, 0xa0, 0x44, 0x28, 0xff,
    0xa8, 0x4c, 0x28, 0xff, 0x90, 0x3c, 0x20, 0xff, 0x60, 0x28, 0x18, 0xff,
    0x68, 0x2c, 0x18, 0xff, 0x70, 0x30, 0x18, 0xff, 0xa8, 0x54, 0x38, 0xff,
    0xa8, 0x54, 0x38, 0xff, 0xb0, 0x58, 0x38, 0xff, 0xb0, 0x58, 0x38, 0xff,
    0xb8, 0x58, 0x38, 0xff, 0xb8, 0x58, 0x38, 0xff, 0xc0, 0x5c, 0x38, 0xff,
    0xc0, 0x5c, 0x38, 0xff, 0xc0, 0x5c, 0x38, 0xff, 0xc8, 0x5c, 0x38, 0xff,
    0xc8, 0x60, 0x38, 0xff, 0xc8, 0x60, 0x38, 0xff, 0xd0, 0x60, 0x38, 0xff,
    0xd0, 0x60, 0x38, 0xff, 0xd0, 0x60, 0x38, 0xff, 0xd0, 0x64, 0x38, 0xff,
    0xd8, 0x60, 0x38, 0xff, 0xd8, 0x64, 0x38, 0xff, 0xd8, 0x64, 0x38, 0xff,
    0xd8, 0x64, 0x38, 0xff, 0xd8, 0x60, 0x38, 0xff, 0xe8, 0x70, 0x40, 0xff,
    0xd0, 0x58, 0x30, 0xff, 0x90, 0x38, 0x18, 0xff, 0xb8, 0x48, 0x20, 0xff,
    0xb8, 0x4c, 0x28, 0xff, 0xc0, 0x48, 0x20, 0xff, 0xc0, 0x4c, 0x20, 0xff,
    0xc0, 0x50, 0x20, 0xff, 0xc0, 0x50, 0x28, 0xff, 0xc8, 0x50, 0x28, 0xff,
    0xc8, 0x50, 0x28, 0xff, 0xc8, 0x54, 0x28, 0xff, 0xc8, 0x54, 0x28, 0xff,
    0xd0, 0x58, 0x28, 0xff, 0xb8, 0x48, 0x28, 0xff, 0xa8, 0x44, 0x20, 0xff,
    0xb0, 0x48, 0x28, 0xff, 0xb8, 0x48, 0x28, 0xff, 0xc0, 0x4c, 0x20, 0xff,
    0xc0, 0x4c, 0x28, 0xff, 0xc0, 0x50, 0x28, 0xff, 0xc0, 0x50, 0x28, 0xff,
    0xc0, 0x50, 0x28, 0xff, 0xc8, 0x50, 0x28, 0xff, 0xc8, 0x50, 0x28, 0xff,
    0xc8, 0x54, 0x28, 0xff, 0xc0, 0x54, 0x28, 0xff, 0xc8, 0x54, 0x28, 0xff,
    0xc8, 0x54, 0x30, 0xff, 0xc8, 0x54, 0x28, 0xff, 0xc8, 0x58, 0x28, 0xff,
    0xd0, 0x54, 0x30, 0xff, 0xc8, 0x54, 0x28, 0xff, 0xd0, 0x58, 0x30, 0xff,
    0xc8, 0x54, 0x28, 0xff, 0xd0, 0x58, 0x30, 0xff, 0xd8, 0x5c, 0x30, 0xff,
    0xd8, 0x5c, 0x30, 0xff, 0xd8, 0x5c, 0x30, 0xff, 0xd0, 0x58, 0x28, 0xff,
    0xd8, 0x58, 0x30, 0xff, 0xd0, 0x58, 0x28, 0xff, 0xc8, 0x58, 0x28, 0xff,
    0xd0, 0x58, 0x30, 0xff, 0xd0, 0x58, 0x28, 0xff, 0xd8, 0x58, 0x30, 0xff,
    0xd8, 0x5c, 0x30, 0xff, 0xd0, 0x58, 0x28, 0xff, 0xd8, 0x5c, 0x30, 0xff,
    0xd0, 0x58, 0x28, 0xff, 0xd0, 0x58, 0x28, 0xff, 0xd0, 0x5c, 0x30, 0xff,
    0xd0, 0x58, 0x30, 0xff, 0xd8, 0x58, 0x28, 0xff, 0xd0, 0x58, 0x30, 0xff,
    0xd0, 0x58, 0x28, 0xff, 0xd0, 0x58, 0x30, 0xff, 0xd0, 0x5c, 0x28, 0xff,
    0xd0, 0x58, 0x30, 0xff, 0xd8, 0x5c, 0x30, 0xff, 0xd8, 0x5c, 0x30, 0xff,
    0xd8, 0x58, 0x28, 0xff, 0xd0, 0x58, 0x30, 0xff, 0xd8, 0x5c, 0x30, 0xff,
    0xd0, 0x58, 0x30, 0xff, 0xd0, 0x5c, 0x28, 0xff, 0xd8, 0x58, 0x30, 0xff,
    0xd0, 0x58, 0x28, 0xff, 0xd8, 0x58, 0x30, 0xff, 0xd8, 0x5c, 0x30, 0xff,
    0xd0, 0x5c, 0x28, 0xff, 0xd0, 0x58, 0x30, 0xff, 0xd8, 0x5c, 0x30, 0xff,
    0xd8, 0x5c, 0x30, 0xff, 0xd8, 0x5c, 0x30, 0xff, 0xd8, 0x5c, 0x30, 0xff,
    0xd0, 0x5c, 0x30, 0xff, 0xd8, 0x5c, 0x30, 0xff, 0xd8, 0x5c, 0x30, 0xff,
    0xd8, 0x60, 0x30, 0xff, 0xd8, 0x60, 0x30, 0xff, 0xd8, 0x5c, 0x30, 0xff,
    0xd8, 0x5c, 0x30, 0xff, 0xd8, 0x5c, 0x30, 0xff, 0xd8, 0x60, 0x30, 0xff,
    0xd8, 0x60, 0x38, 0xff, 0xe0, 0x64, 0x38, 0xff, 0xe0, 0x64, 0x38, 0xff,
    0xe8, 0x64, 0x38, 0xff, 0xe8, 0x68, 0x38, 0xff, 0xe8, 0x68, 0x38, 0xff,
    0xe8, 0x68, 0x38, 0xff, 0xe8, 0x68, 0x40, 0xff, 0xe8, 0x68, 0x38, 0xff,
    0xe0, 0x68, 0x38, 0xff, 0xe8, 0x68, 0x38, 0xff, 0xe8, 0x68, 0x38, 0xff,
    0xe8, 0x68, 0x38, 0xff, 0xe0, 0x68, 0x40, 0xff, 0xe8, 0x68, 0x38, 0xff,
    0xe8, 0x68, 0x38, 0xff, 0xe8, 0x68, 0x38, 0xff, 0xe8, 0x68, 0x38, 0xff,
    0xe0, 0x68, 0x38, 0xff, 0xe8, 0x68, 0x38, 0xff, 0xe8, 0x68, 0x38, 0xff,
    0xe0, 0x68, 0x38, 0xff, 0xe8, 0x68, 0x38, 0xff, 0xe8, 0x68, 0x38, 0xff,
    0xe0, 0x68, 0x38, 0xff, 0xe8, 0x68, 0x38, 0xff, 0xe8, 0x68, 0x38, 0xff,
    0xe8, 0x68, 0x38, 0xff, 0xe8, 0x68, 0x38, 0xff, 0xe8, 0x68, 0x38, 0xff,
    0xe8, 0x68, 0x38, 0xff, 0xe8, 0x68, 0x38, 0xff, 0xe8, 0x68, 0x38, 0xff,
    0xe8, 0x68, 0x38, 0xff, 0xe0, 0x68, 0x38, 0xff, 0xe0, 0x68, 0x38, 0xff,
    0xe0, 0x64, 0x38, 0xff, 0xe0, 0x64, 0x30, 0xff, 0xd8, 0x5c, 0x30, 0xff,
    0xd0, 0x5c, 0x30, 0xff, 0xd0, 0x5c, 0x30, 0xff, 0xe0, 0x60, 0x30, 0xff,
    0xe8, 0x68, 0x38, 0xff, 0xe8, 0x68, 0x38, 0xff, 0xe0, 0x68, 0x38, 0xff,
    0xe8, 0x68, 0x38, 0xff, 0xe0, 0x68, 0x38, 0xff, 0xe0, 0x64, 0x38, 0xff,
    0xe0, 0x68, 0x38, 0xff, 0xe0, 0x68, 0x38, 0xff, 0xe0, 0x64, 0x38, 0xff,
    0xe8, 0x68, 0x38, 0xff, 0xf0, 0x70, 0x40, 0xff, 0xe0, 0x64, 0x38, 0xff,
    0xd8, 0x60, 0x30, 0xff, 0xf0, 0x6c, 0x40, 0xff, 0xe8, 0x6c, 0x38, 0xff,
    0xe0, 0x64, 0x38, 0xff, 0xe0, 0x68, 0x38, 0xff, 0xe0, 0x68, 0x38, 0xff,
    0xe0, 0x64, 0x38, 0xff, 0xe0, 0x68, 0x38, 0xff, 0xe0, 0x64, 0x38, 0xff,
    0xe0, 0x64, 0x38, 0xff, 0xe0, 0x68, 0x38, 0xff, 0xe8, 0x68, 0x38, 0xff,
    0xe0, 0x64, 0x38, 0xff, 0xe0, 0x64, 0x38, 0xff, 0xe0, 0x68, 0x38, 0xff,
    0xe0, 0x64, 0x38, 0xff, 0xe0, 0x64, 0x38, 0xff, 0xe8, 0x6c, 0x38, 0xff,
    0xe8, 0x68, 0x40, 0xff, 0xd8, 0x5c, 0x30, 0xff, 0xe0, 0x64, 0x38, 0xff,
    0xe8, 0x6c, 0x40, 0xff, 0xe0, 0x68, 0x38, 0xff, 0xe0, 0x64, 0x38, 0xff,
    0xe0, 0x64, 0x38, 0xff, 0xe0, 0x64, 0x38, 0xff, 0xe0, 0x64, 0x38, 0xff,
    0xe0, 0x64, 0x38, 0xff, 0xe0, 0x64, 0x38, 0xff, 0xd8, 0x60, 0x30, 0xff,
    0xd8, 0x60, 0x30, 0xff, 0xd0, 0x5c, 0x30, 0xff, 0xc8, 0x54, 0x30, 0xff,
    0xc0, 0x50, 0x28, 0xff, 0xc0, 0x50, 0x28, 0xff, 0xc0, 0x50, 0x30, 0xff,
    0xc0, 0x50, 0x28, 0xff, 0xb8, 0x50, 0x30, 0xff, 0xb8, 0x4c, 0x28, 0xff,
    0xb8, 0x4c, 0x28, 0xff, 0xb0, 0x4c, 0x28, 0xff, 0xb0, 0x4c, 0x28, 0xff,
    0xa8, 0x48, 0x28, 0xff, 0xa8, 0x48, 0x28, 0xff, 0xa8, 0x48, 0x28, 0xff,
    0xa0, 0x44, 0x28, 0xff, 0xa0, 0x48, 0x28, 0xff, 0x90, 0x40, 0x20, 0xff,
    0x60, 0x28, 0x18, 0xff, 0x68, 0x2c, 0x18, 0xff, 0x70, 0x30, 0x18, 0xff,
    0xa8, 0x54, 0x38, 0xff, 0xa8, 0x54, 0x38, 0xff, 0xa8, 0x54, 0x38, 0xff,
    0xb0, 0x58, 0x38, 0xff, 0xb8, 0x58, 0x38, 0xff, 0xb8, 0x58, 0x38, 0xff,
    0xc0, 0x5c, 0x38, 0xff, 0xc0, 0x5c, 0x38, 0xff, 0xc0, 0x5c, 0x38, 0xff,
    0xc8, 0x5c, 0x38, 0xff, 0xc8, 0x5c, 0x38, 0xff, 0xc8, 0x5c, 0x38, 0xff,
    0xc8, 0x60, 0x38, 0xff, 0xd0, 0x60, 0x38, 0xff, 0xd0, 0x60, 0x38, 0xff,
    0xd0, 0x60, 0x38, 0xff, 0xd8, 0x60, 0x38, 0xff, 0xd8, 0x60, 0x38, 0xff,
    0xd8, 0x64, 0x38, 0xff, 0xd8, 0x60, 0x38, 0xff, 0xe0, 0x64, 0x38, 0xff,
    0xe0, 0x6c, 0x40, 0xff, 0xa8, 0x44, 0x20, 0xff, 0xa0, 0x40, 0x20, 0xff,
    0xb8, 0x48, 0x20, 0xff, 0xb8, 0x4c, 0x20, 0xff, 0xc0, 0x4c, 0x28, 0xff,
    0xc0, 0x4c, 0x28, 0xff, 0xc0, 0x4c, 0x28, 0xff, 0xc0, 0x4c, 0x28, 0xff,
    0xc0, 0x50, 0x20, 0xff, 0xc8, 0x50, 0x28, 0xff, 0xc8, 0x50, 0x28, 0xff,
    0xc8, 0x54, 0x28, 0xff, 0xc8, 0x54, 0x28, 0xff, 0xb0, 0x44, 0x20, 0xff,
    0xb0, 0x44, 0x20, 0xff, 0xb8, 0x4c, 0x28, 0xff, 0xb8, 0x4c, 0x28, 0xff,
    0xc0, 0x4c, 0x20, 0xff, 0xc0, 0x4c, 0x28, 0xff, 0xc0, 0x50, 0x28, 0xff,
    0xc0, 0x50, 0x28, 0xff, 0xc8, 0x50, 0x28, 0xff, 0xc0, 0x50, 0x28, 0xff,
    0xc8, 0x54, 0x28, 0xff, 0xc8, 0x54, 0x28, 0xff, 0xc8, 0x50, 0x28, 0xff,
    0xc8, 0x54, 0x28, 0xff, 0xc8, 0x54, 0x28, 0xff, 0xc8, 0x54, 0x30, 0xff,
    0xd0, 0x54, 0x28, 0xff, 0xc8, 0x58, 0x28, 0xff, 0xc8, 0x54, 0x28, 0xff,
    0xd0, 0x54, 0x28, 0xff, 0xc8, 0x54, 0x28, 0xff, 0xd0, 0x58, 0x30, 0xff,
    0xd8, 0x5c, 0x30, 0xff, 0xd8, 0x5c, 0x30, 0xff, 0xd0, 0x5c, 0x30, 0xff,
    0xd8, 0x58, 0x28, 0xff, 0xd0, 0x58, 0x30, 0xff, 0xd0, 0x58, 0x28, 0xff,
    0xd0, 0x54, 0x28, 0xff, 0xd0, 0x58, 0x30, 0xff, 0xd0, 0x58, 0x30, 0xff,
    0xd0, 0x58, 0x28, 0xff, 0xd0, 0x58, 0x30, 0xff, 0xd8, 0x5c, 0x30, 0xff,
    0xd0, 0x58, 0x28, 0xff, 0xd8, 0x58, 0x30, 0xff, 0xd0, 0x58, 0x28, 0xff,
    0xd0, 0x58, 0x30, 0xff, 0xd0, 0x58, 0x30, 0xff, 0xd0, 0x5c, 0x28, 0xff,
    0xd0, 0x58, 0x30, 0xff, 0xd8, 0x58, 0x28, 0xff, 0xd0, 0x5c, 0x30, 0xff,
    0xd8, 0x5c, 0x30, 0xff, 0xd8, 0x58, 0x30, 0xff, 0xd0, 0x58, 0x30, 0xff,
    0xd0, 0x5c, 0x30, 0xff, 0xd0, 0x58, 0x30, 0xff, 0xd8, 0x58, 0x30, 0xff,
    0xd8, 0x5c, 0x30, 0xff, 0xd0, 0x58, 0x30, 0xff, 0xd0, 0x58, 0x28, 0xff,
    0xd0, 0x5c, 0x30, 0xff, 0xd8, 0x5c, 0x30, 0xff, 0xd0, 0x58, 0x30, 0xff,
    0xd0, 0x5c, 0x30, 0xff, 0xd8, 0x5c, 0x30, 0xff, 0xd0, 0x5c, 0x28, 0xff,
    0xd8, 0x5c, 0x30, 0xff, 0xd0, 0x58, 0x30, 0xff, 0xd8, 0x5c, 0x30, 0xff,
    0xd8, 0x5c, 0x30, 0xff, 0xd0, 0x5c, 0x30, 0xff, 0xd8, 0x5c, 0x30, 0xff,
    0xd8, 0x5c, 0x30, 0xff, 0xd8, 0x5c, 0x30, 0xff, 0xd8, 0x5c, 0x30, 0xff,
    0xd8, 0x60, 0x30, 0xff, 0xd8, 0x5c, 0x30, 0xff, 0xd8, 0x5c, 0x30, 0xff,
    0xd8, 0x60, 0x30, 0xff, 0xe0, 0x60, 0x30, 0xff, 0xe0, 0x60, 0x38, 0xff,
    0xe0, 0x64, 0x38, 0xff, 0xe0, 0x68, 0x38, 0xff, 0xe8, 0x68, 0x38, 0xff,
    0xe0, 0x64, 0x38, 0xff, 0xe8, 0x68, 0x38, 0xff, 0xe8, 0x68, 0x38, 0xff,
    0xe0, 0x68, 0x38, 0xff, 0xe8, 0x68, 0x38, 0xff, 0xe8, 0x68, 0x40, 0xff,
    0xe8, 0x68, 0x38, 0xff, 0xe8, 0x68, 0x38, 0xff, 0xe8, 0x68, 0x38, 0xff,
    0xe8, 0x68, 0x38, 0xff, 0xe8, 0x68, 0x38, 0xff, 0xe8, 0x68, 0x38, 0xff,
    0xe8, 0x68, 0x38, 0xff, 0xe8, 0x68, 0x38, 0xff, 0xe8, 0x68, 0x40, 0xff,
    0xe8, 0x68, 0x38, 0xff, 0xe8, 0x68, 0x38, 0xff, 0xe8, 0x68, 0x40, 0xff,
    0xe8, 0x68, 0x38, 0xff, 0xe8, 0x68, 0x38, 0xff, 0xe8, 0x68, 0x38, 0xff,
    0xe8, 0x68, 0x38, 0xff, 0xe0, 0x68, 0x38, 0xff, 0xe8, 0x68, 0x38, 0xff,
    0xe8, 0x68, 0x40, 0xff, 0xe8, 0x68, 0x38, 0xff, 0xe8, 0x68, 0x38, 0xff,
    0xe8, 0x68, 0x38, 0xff, 0xe8, 0x68, 0x38, 0xff, 0xe8, 0x68, 0x38, 0xff,
    0xe0, 0x68, 0x38, 0xff, 0xe0, 0x64, 0x38, 0xff, 0xe0, 0x60, 0x30, 0xff,
    0xd8, 0x60, 0x30, 0xff, 0xd8, 0x58, 0x30, 0xff, 0xd0, 0x58, 0x30, 0xff,
    0xd8, 0x60, 0x30, 0xff, 0xe8, 0x68, 0x38, 0xff, 0xe0, 0x68, 0x38, 0xff,
    0xe8, 0x68, 0x38, 0xff, 0xe8, 0x64, 0x38, 0xff, 0xe8, 0x68, 0x38, 0xff,
    0xe8, 0x68, 0x38, 0xff, 0xe0, 0x68, 0x38, 0xff, 0xe0, 0x68, 0x38, 0xff,
    0xe0, 0x68, 0x38, 0xff, 0xe0, 0x68, 0x38, 0xff, 0xe0, 0x68, 0x38, 0xff,
    0xe8, 0x6c, 0x38, 0xff, 0xe8, 0x6c, 0x40, 0xff, 0xe0, 0x68, 0x38, 0xff,
    0xe0, 0x64, 0x38, 0xff, 0xe0, 0x68, 0x38, 0xff, 0xe0, 0x68, 0x38, 0xff,
    0xe0, 0x64, 0x38, 0xff, 0xe0, 0x64, 0x38, 0xff, 0xe0, 0x68, 0x38, 0xff,
    0xe0, 0x64, 0x38, 0xff, 0xe0, 0x64, 0x30, 0xff, 0xe8, 0x68, 0x38, 0xff,
    0xe0, 0x64, 0x38, 0xff, 0xe0, 0x64, 0x38, 0xff, 0xe0, 0x64, 0x38, 0xff,
    0xe0, 0x64, 0x38, 0xff, 0xe0, 0x64, 0x38, 0xff, 0xe0, 0x68, 0x38, 0xff,
    0xd8, 0x64, 0x38, 0xff, 0xe0, 0x68, 0x38, 0xff, 0xe8, 0x6c, 0x40, 0xff,
    0xe8, 0x68, 0x38, 0xff, 0xe0, 0x64, 0x38, 0xff, 0xe0, 0x64, 0x38, 0xff,
    0xe0, 0x64, 0x38, 0xff, 0xe0, 0x64, 0x38, 0xff, 0xe0, 0x68, 0x38, 0xff,
    0xe0, 0x64, 0x38, 0xff, 0xe0, 0x64, 0x38, 0xff, 0xe0, 0x64, 0x38, 0xff,
    0xd8, 0x60, 0x38, 0xff, 0xd8, 0x60, 0x30, 0xff, 0xd0, 0x5c, 0x30, 0xff,
    0xc8, 0x58, 0x30, 0xff, 0xc8, 0x54, 0x30, 0xff, 0xc0, 0x50, 0x28, 0xff,
    0xc0, 0x50, 0x28, 0xff, 0xb8, 0x50, 0x30, 0xff, 0xb8, 0x50, 0x28, 0xff,
    0xb8, 0x50, 0x28, 0xff, 0xb8, 0x4c, 0x28, 0xff, 0xb0, 0x4c, 0x28, 0xff,
    0xb0, 0x4c, 0x28, 0xff, 0xb0, 0x4c, 0x28, 0xff, 0xa8, 0x48, 0x28, 0xff,
    0xa8, 0x48, 0x28, 0xff, 0xa0, 0x48, 0x28, 0xff, 0xa8, 0x4c, 0x28, 0xff,
    0x90, 0x3c, 0x20, 0xff, 0x60, 0x28, 0x10, 0xff, 0x68, 0x28, 0x18, 0xff,
    0x78, 0x30, 0x18, 0xff, 0xb0, 0x5c, 0x40, 0xff, 0xb0, 0x5c, 0x40, 0xff,
    0xb8, 0x60, 0x40, 0xff, 0xb8, 0x58, 0x38, 0xff, 0xb0, 0x58, 0x38, 0xff,
    0xb8, 0x58, 0x38, 0xff, 0xc0, 0x58, 0x38, 0xff, 0xc0, 0x5c, 0x38, 0xff,
    0xc0, 0x5c, 0x38, 0xff, 0xc8, 0x5c, 0x38, 0xff, 0xc8, 0x60, 0x38, 0xff,
    0xc8, 0x5c, 0x38, 0xff, 0xd0, 0x60, 0x38, 0xff, 0xd0, 0x60, 0x38, 0xff,
    0xd0, 0x60, 0x38, 0xff, 0xd0, 0x60, 0x38, 0xff, 0xd8, 0x60, 0x38, 0xff,
    0xd8, 0x64, 0x38, 0xff, 0xd8, 0x60, 0x38, 0xff, 0xd8, 0x60, 0x38, 0xff,
    0xe8, 0x70, 0x40, 0xff, 0xc8, 0x54, 0x28, 0xff, 0x88, 0x38, 0x18, 0xff,
    0xb8, 0x48, 0x28, 0xff, 0xb0, 0x48, 0x20, 0xff, 0xb8, 0x48, 0x28, 0xff,
    0xc0, 0x4c, 0x28, 0xff, 0xb8, 0x4c, 0x20, 0xff, 0xc0, 0x4c, 0x28, 0xff,
    0xc0, 0x4c, 0x20, 0xff, 0xc0, 0x4c, 0x28, 0xff, 0xc0, 0x50, 0x28, 0xff,
    0xc0, 0x50, 0x28, 0xff, 0xc8, 0x54, 0x28, 0xff, 0xc8, 0x50, 0x28, 0xff,
    0xa8, 0x40, 0x20, 0xff, 0xb8, 0x48, 0x20, 0xff, 0xb8, 0x4c, 0x28, 0xff,
    0xc0, 0x4c, 0x28, 0xff, 0xc0, 0x4c, 0x28, 0xff, 0xc0, 0x4c, 0x20, 0xff,
    0xc0, 0x4c, 0x28, 0xff, 0xc0, 0x50, 0x28, 0xff, 0xc8, 0x50, 0x28, 0xff,
    0xc8, 0x50, 0x28, 0xff, 0xc8, 0x50, 0x28, 0xff, 0xc8, 0x50, 0x28, 0xff,
    0xc8, 0x54, 0x28, 0xff, 0xc8, 0x54, 0x30, 0xff, 0xc8, 0x54, 0x28, 0xff,
    0xc8, 0x54, 0x28, 0xff, 0xc8, 0x54, 0x30, 0xff, 0xd0, 0x58, 0x28, 0xff,
    0xd0, 0x58, 0x28, 0xff, 0xd0, 0x58, 0x30, 0xff, 0xc8, 0x54, 0x28, 0xff,
    0xd0, 0x58, 0x28, 0xff, 0xd8, 0x5c, 0x30, 0xff, 0xd8, 0x5c, 0x30, 0xff,
    0xd8, 0x5c, 0x28, 0xff, 0xd8, 0x58, 0x30, 0xff, 0xd0, 0x5c, 0x30, 0xff,
    0xd0, 0x58, 0x28, 0xff, 0xd0, 0x54, 0x28, 0xff, 0xd0, 0x58, 0x30, 0xff,
    0xd0, 0x5c, 0x28, 0xff, 0xd0, 0x58, 0x30, 0xff, 0xd8, 0x58, 0x30, 0xff,
    0xd8, 0x58, 0x28, 0xff, 0xd0, 0x5c, 0x30, 0xff, 0xd0, 0x58, 0x30, 0xff,
    0xd0, 0x58, 0x28, 0xff, 0xd8, 0x58, 0x30, 0xff, 0xd8, 0x58, 0x30, 0xff,
    0xd0, 0x5c, 0x28, 0xff, 0xd0, 0x58, 0x30, 0xff, 0xd0, 0x58, 0x28, 0xff,
    0xd0, 0x58, 0x30, 0xff, 0xd0, 0x5c, 0x28, 0xff, 0xd0, 0x5c, 0x28, 0xff,
    0xd8, 0x58, 0x30, 0xff, 0xd8, 0x5c, 0x28, 0xff, 0xd0, 0x5c, 0x30, 0xff,
    0xd8, 0x5c, 0x28, 0xff, 0xd0, 0x5c, 0x30, 0xff, 0xd0, 0x58, 0x28, 0xff,
    0xd8, 0x58, 0x30, 0xff, 0xd0, 0x58, 0x30, 0xff, 0xd8, 0x5c, 0x30, 0xff,
    0xd0, 0x58, 0x28, 0xff, 0xd0, 0x58, 0x30, 0xff, 0xd8, 0x58, 0x30, 0xff,
    0xd8, 0x5c, 0x30, 0xff, 0xd0, 0x5c, 0x28, 0xff, 0xd8, 0x58, 0x30, 0xff,
    0xd0, 0x5c, 0x30, 0xff, 0xd0, 0x58, 0x30, 0xff, 0xd8, 0x5c, 0x30, 0xff,
    0xd8, 0x5c, 0x30, 0xff, 0xd8, 0x5c, 0x30, 0xff, 0xd8, 0x5c, 0x30, 0xff,
    0xd8, 0x5c, 0x30, 0xff, 0xd8, 0x5c, 0x30, 0xff, 0xd8, 0x5c, 0x30, 0xff,
    0xd8, 0x5c, 0x30, 0xff, 0xd8, 0x5c, 0x30, 0xff, 0xe0, 0x60, 0x30, 0xff,
    0xe0, 0x64, 0x38, 0xff, 0xe0, 0x64, 0x30, 0xff, 0xe0, 0x64, 0x38, 0xff,
    0xe8, 0x68, 0x38, 0xff, 0xe8, 0x68, 0x38, 0xff, 0xe8, 0x64, 0x38, 0xff,
    0xe0, 0x68, 0x38, 0xff, 0xe8, 0x68, 0x38, 0xff, 0xe8, 0x68, 0x38, 0xff,
    0xe8, 0x68, 0x38, 0xff, 0xe8, 0x68, 0x38, 0xff, 0xe8, 0x68, 0x38, 0xff,
    0xe8, 0x68, 0x38, 0xff, 0xe8, 0x68, 0x38, 0xff, 0xe8, 0x68, 0x40, 0xff,
    0xe0, 0x68, 0x38, 0xff, 0xe8, 0x68, 0x38, 0xff, 0xe0, 0x68, 0x38, 0xff,
    0xe8, 0x68, 0x38, 0xff, 0xe8, 0x68, 0x38, 0xff, 0xe8, 0x68, 0x38, 0xff,
    0xe8, 0x68, 0x38, 0xff, 0xe8, 0x68, 0x38, 0xff, 0xe8, 0x68, 0x38, 0xff,
    0xe8, 0x68, 0x40, 0xff, 0xe8, 0x68, 0x38, 0xff, 0xe8, 0x68, 0x38, 0xff,
    0xe8, 0x68, 0x38, 0xff, 0xe8, 0x68, 0x38, 0xff, 0xe0, 0x68, 0x38, 0xff,
    0xe8, 0x68, 0x38, 0xff, 0xe8, 0x68, 0x40, 0xff, 0xe8, 0x68, 0x38, 0xff,
    0xe8, 0x68, 0x38, 0xff, 0xe0, 0x68, 0x38, 0xff, 0xe0, 0x60, 0x38, 0xff,
    0xe0, 0x60, 0x38, 0xff, 0xd8, 0x60, 0x30, 0xff, 0xd8, 0x5c, 0x30, 0xff,
    0xd0, 0x58, 0x28, 0xff, 0xd8, 0x60, 0x30, 0xff, 0xe8, 0x68, 0x40, 0xff,
    0xe0, 0x68, 0x38, 0xff, 0xe0, 0x68, 0x38, 0xff, 0xe0, 0x64, 0x38, 0xff,
    0xe0, 0x68, 0x38, 0xff, 0xe8, 0x68, 0x38, 0xff, 0xe0, 0x64, 0x38, 0xff,
    0xe8, 0x68, 0x38, 0xff, 0xe8, 0x68, 0x38, 0xff, 0xe0, 0x64, 0x38, 0xff,
    0xe8, 0x68, 0x38, 0xff, 0xe0, 0x64, 0x38, 0xff, 0xe0, 0x64, 0x38, 0xff,
    0xe8, 0x68, 0x38, 0xff, 0xe0, 0x68, 0x38, 0xff, 0xe8, 0x68, 0x38, 0xff,
    0xe0, 0x64, 0x38, 0xff, 0xe0, 0x68, 0x38, 0xff, 0xe0, 0x68, 0x38, 0xff,
    0xe8, 0x64, 0x38, 0xff, 0xe0, 0x68, 0x38, 0xff, 0xe0, 0x64, 0x38, 0xff,
    0xe0, 0x64, 0x38, 0xff, 0xe0, 0x64, 0x38, 0xff, 0xe0, 0x64, 0x30, 0xff,
    0xe0, 0x68, 0x38, 0xff, 0xe0, 0x64, 0x38, 0xff, 0xe0, 0x64, 0x38, 0xff,
    0xe0, 0x64, 0x38, 0xff, 0xe0, 0x64, 0x38, 0xff, 0xe0, 0x64, 0x38, 0xff,
    0xe0, 0x64, 0x38, 0xff, 0xe0, 0x64, 0x38, 0xff, 0xe0, 0x64, 0x38, 0xff,
    0xe0, 0x64, 0x38, 0xff, 0xe0, 0x64, 0x38, 0xff, 0xe0, 0x68, 0x38, 0xff,
    0xe0, 0x64, 0x38, 0xff, 0xe0, 0x64, 0x38, 0xff, 0xe0, 0x64, 0x38, 0xff,
    0xe0, 0x64, 0x38, 0xff, 0xd8, 0x64, 0x38, 0xff, 0xd8, 0x60, 0x38, 0xff,
    0xd0, 0x5c, 0x30, 0xff, 0xc8, 0x58, 0x30, 0xff, 0xc8, 0x54, 0x30, 0xff,
    0xc0, 0x54, 0x28, 0xff, 0xc0, 0x50, 0x28, 0xff, 0xc0, 0x50, 0x30, 0xff,
    0xb8, 0x50, 0x28, 0xff, 0xb8, 0x4c, 0x28, 0xff, 0xb8, 0x4c, 0x28, 0xff,
    0xb0, 0x4c, 0x28, 0xff, 0xb0, 0x4c, 0x28, 0xff, 0xa8, 0x48, 0x28, 0xff,
    0xa8, 0x48, 0x28, 0xff, 0xa0, 0x48, 0x28, 0xff, 0xa0, 0x48, 0x28, 0xff,
    0xa8, 0x4c, 0x30, 0xff, 0x90, 0x3c, 0x20, 0xff, 0x60, 0x28, 0x10, 0xff,
    0x60, 0x28, 0x18, 0xff, 0x70, 0x30, 0x18, 0xff, 0x90, 0x40, 0x28, 0xff,
    0x88, 0x3c, 0x20, 0xff, 0x80, 0x3c, 0x20, 0xff, 0xb0, 0x58, 0x38, 0xff,
    0xc0, 0x60, 0x40, 0xff, 0xb8, 0x58, 0x38, 0xff, 0xb8, 0x5c, 0x38, 0xff,
    0xc0, 0x5c, 0x38, 0xff, 0xc0, 0x5c, 0x38, 0xff, 0xc0, 0x5c, 0x38, 0xff,
    0xc8, 0x60, 0x38, 0xff, 0xc8, 0x60, 0x38, 0xff, 0xd0, 0x60, 0x38, 0xff,
    0xd0, 0x60, 0x38, 0xff, 0xd0, 0x60, 0x38, 0xff, 0xd0, 0x60, 0x38, 0xff,
    0xd8, 0x60, 0x38, 0xff, 0xd0, 0x64, 0x38, 0xff, 0xd8, 0x60, 0x38, 0xff,
    0xe8, 0x70, 0x40, 0xff, 0xd8, 0x60, 0x38, 0xff, 0x88, 0x34, 0x18, 0xff,
    0xa8, 0x44, 0x20, 0xff, 0xb0, 0x48, 0x20, 0xff, 0xb0, 0x48, 0x20, 0xff,
    0xb8, 0x48, 0x20, 0xff, 0xb8, 0x48, 0x28, 0xff, 0xb8, 0x4c, 0x20, 0xff,
    0xc0, 0x4c, 0x20, 0xff, 0xc0, 0x4c, 0x28, 0xff, 0xc0, 0x4c, 0x28, 0xff,
    0xc0, 0x4c, 0x28, 0xff, 0xc0, 0x4c, 0x28, 0xff, 0xc8, 0x54, 0x28, 0xff,
    0xb8, 0x48, 0x20, 0xff, 0xa8, 0x44, 0x20, 0xff, 0xb8, 0x4c, 0x28, 0xff,
    0xc0, 0x4c, 0x28, 0xff, 0xc0, 0x4c, 0x28, 0xff, 0xc0, 0x4c, 0x20, 0xff,
    0xc0, 0x50, 0x28, 0xff, 0xc0, 0x50, 0x28, 0xff, 0xc0, 0x50, 0x28, 0xff,
    0xc0, 0x50, 0x28, 0xff, 0xc8, 0x50, 0x28, 0xff, 0xc8, 0x54, 0x28, 0xff,
    0xc8, 0x50, 0x28, 0xff, 0xc8, 0x54, 0x28, 0xff, 0xc8, 0x54, 0x30, 0xff,
    0xc8, 0x54, 0x28, 0xff, 0xc8, 0x54, 0x28, 0xff, 0xd0, 0x54, 0x28, 0xff,
    0xc8, 0x58, 0x30, 0xff, 0xd0, 0x54, 0x28, 0xff, 0xd0, 0x54, 0x30, 0xff,
    0xc8, 0x54, 0x28, 0xff, 0xd0, 0x54, 0x28, 0xff, 0xd8, 0x5c, 0x30, 0xff,
    0xd0, 0x5c, 0x30, 0xff, 0xd8, 0x5c, 0x30, 0xff, 0xd0, 0x5c, 0x28, 0xff,
    0xd8, 0x58, 0x30, 0xff, 0xd0, 0x58, 0x28, 0xff, 0xd0, 0x54, 0x28, 0xff,
    0xd0, 0x58, 0x30, 0xff, 0xd0, 0x5c, 0x30, 0xff, 0xd0, 0x58, 0x28, 0xff,
    0xd8, 0x5c, 0x30, 0xff, 0xd0, 0x5c, 0x28, 0xff, 0xd0, 0x5c, 0x30, 0xff,
    0xd0, 0x58, 0x30, 0xff, 0xd0, 0x58, 0x28, 0xff, 0xd0, 0x58, 0x30, 0xff,
    0xd0, 0x5c, 0x28, 0xff, 0xd8, 0x58, 0x30, 0xff, 0xd0, 0x58, 0x30, 0xff,
    0xd0, 0x58, 0x28, 0xff, 0xd8, 0x5c, 0x30, 0xff, 0xd0, 0x58, 0x30, 0xff,
    0xd0, 0x58, 0x30, 0xff, 0xd8, 0x5c, 0x30, 0xff, 0xd0, 0x58, 0x30, 0xff,
    0xd8, 0x58, 0x28, 0xff, 0xd8, 0x5c, 0x30, 0xff, 0xd0, 0x5c, 0x30, 0xff,
    0xd0, 0x58, 0x28, 0xff, 0xd0, 0x5c, 0x28, 0xff, 0xd8, 0x58, 0x30, 0xff,
    0xd8, 0x5c, 0x30, 0xff, 0xd0, 0x5c, 0x28, 0xff, 0xd0, 0x5c, 0x30, 0xff,
    0xd0, 0x58, 0x30, 0xff, 0xd8, 0x5c, 0x30, 0xff, 0xd0, 0x5c, 0x30, 0xff,
    0xd8, 0x5c, 0x30, 0xff, 0xd8, 0x5c, 0x30, 0xff, 0xd8, 0x5c, 0x28, 0xff,
    0xd0, 0x58, 0x30, 0xff, 0xd0, 0x5c, 0x30, 0xff, 0xd8, 0x5c, 0x30, 0xff,
    0xd8, 0x5c, 0x30, 0xff, 0xd8, 0x5c, 0x30, 0xff, 0xd8, 0x60, 0x30, 0xff,
    0xd0, 0x5c, 0x30, 0xff, 0xd8, 0x5c, 0x30, 0xff, 0xd0, 0x5c, 0x30, 0xff,
    0xd8, 0x60, 0x30, 0xff, 0xe0, 0x60, 0x38, 0xff, 0xe0, 0x64, 0x38, 0xff,
    0xe0, 0x64, 0x38, 0xff, 0xe0, 0x68, 0x38, 0xff, 0xe8, 0x68, 0x38, 0xff,
    0xe8, 0x68, 0x38, 0xff, 0xe8, 0x68, 0x40, 0xff, 0xe8, 0x64, 0x38, 0xff,
    0xe0, 0x68, 0x38, 0xff, 0xe0, 0x68, 0x38, 0xff, 0xe8, 0x68, 0x40, 0xff,
    0xe0, 0x68, 0x38, 0xff, 0xe8, 0x68, 0x38, 0xff, 0xe8, 0x68, 0x38, 0xff,
    0xe8, 0x68, 0x38, 0xff, 0xe8, 0x68, 0x38, 0xff, 0xe8, 0x68, 0x38, 0xff,
    0xe8, 0x68, 0x40, 0xff, 0xe8, 0x68, 0x38, 0xff, 0xe8, 0x68, 0x38, 0xff,
    0xe0, 0x68, 0x38, 0xff, 0xe8, 0x68, 0x38, 0xff, 0xe8, 0x68, 0x38, 0xff,
    0xe0, 0x68, 0x38, 0xff, 0xe8, 0x68, 0x38, 0xff, 0xe8, 0x68, 0x38, 0xff,
    0xe8, 0x68, 0x38, 0xff, 0xe8, 0x68, 0x40, 0xff, 0xe8, 0x68, 0x38, 0xff,
    0xe8, 0x68, 0x38, 0xff, 0xe8, 0x68, 0x38, 0xff, 0xe8, 0x68, 0x38, 0xff,
    0xe8, 0x68, 0x38, 0xff, 0xe8, 0x68, 0x38, 0xff, 0xe8, 0x68, 0x38, 0xff,
    0xe0, 0x64, 0x38, 0xff, 0xe0, 0x64, 0x30, 0xff, 0xe0, 0x60, 0x30, 0xff,
    0xd8, 0x5c, 0x30, 0xff, 0xd0, 0x58, 0x30, 0xff, 0xd8, 0x60, 0x30, 0xff,
    0xe8, 0x68, 0x38, 0xff, 0xe0, 0x68, 0x38, 0xff, 0xe0, 0x64, 0x38, 0xff,
    0xe8, 0x68, 0x38, 0xff, 0xe0, 0x68, 0x38, 0xff, 0xe0, 0x68, 0x38, 0xff,
    0xe0, 0x64, 0x38, 0xff, 0xe8, 0x68, 0x38, 0xff, 0xe0, 0x68, 0x38, 0xff,
    0xe0, 0x64, 0x38, 0xff, 0xe8, 0x68, 0x38, 0xff, 0xe0, 0x68, 0x38, 0xff,
    0xe0, 0x68, 0x38, 0xff, 0xe8, 0x68, 0x38, 0xff, 0xe0, 0x68, 0x38, 0xff,
    0xe0, 0x64, 0x38, 0xff, 0xe0, 0x64, 0x38, 0xff, 0xe0, 0x68, 0x38, 0xff,
    0xe0, 0x64, 0x30, 0xff, 0xe0, 0x68, 0x38, 0xff, 0xe0, 0x68, 0x38, 0xff,
    0xe0, 0x64, 0x38, 0xff, 0xe0, 0x64, 0x38, 0xff, 0xe0, 0x68, 0x38, 0xff,
    0xe0, 0x64, 0x38, 0xff, 0xe0, 0x64, 0x38, 0xff, 0xe0, 0x68, 0x38, 0xff,
    0xe0, 0x64, 0x30, 0xff, 0xe0, 0x64, 0x38, 0xff, 0xe0, 0x64, 0x38, 0xff,
    0xe0, 0x64, 0x38, 0xff, 0xe0, 0x68, 0x38, 0xff, 0xe0, 0x64, 0x38, 0xff,
    0xe0, 0x64, 0x38, 0xff, 0xe0, 0x68, 0x38, 0xff, 0xe0, 0x64, 0x38, 0xff,
    0xe0, 0x64, 0x38, 0xff, 0xe0, 0x64, 0x38, 0xff, 0xe0, 0x64, 0x38, 0xff,
    0xe0, 0x64, 0x38, 0xff, 0xe0, 0x64, 0x38, 0xff, 0xd8, 0x64, 0x30, 0xff,
    0xd8, 0x60, 0x30, 0xff, 0xd0, 0x60, 0x38, 0xff, 0xc8, 0x5c, 0x30, 0xff,
    0xc8, 0x54, 0x30, 0xff, 0xc0, 0x54, 0x28, 0xff, 0xc0, 0x50, 0x28, 0xff,
    0xc0, 0x50, 0x28, 0xff, 0xb8, 0x50, 0x28, 0xff, 0xb8, 0x50, 0x28, 0xff,
    0xb8, 0x4c, 0x30, 0xff, 0xb0, 0x4c, 0x28, 0xff, 0xb0, 0x4c, 0x28, 0xff,
    0xa8, 0x48, 0x28, 0xff, 0xa8, 0x48, 0x28, 0xff, 0xa8, 0x48, 0x28, 0xff,
    0xa0, 0x44, 0x28, 0xff, 0xa0, 0x4c, 0x30, 0xff, 0x90, 0x3c, 0x20, 0xff,
    0x60, 0x28, 0x10, 0xff, 0x68, 0x2c, 0x18, 0xff, 0x70, 0x30, 0x18, 0xff,
    0x58, 0x24, 0x10, 0xff, 0x58, 0x24, 0x10, 0xff, 0x48, 0x20, 0x10, 0xff,
    0x60, 0x28, 0x18, 0xff, 0xb8, 0x5c, 0x38, 0xff, 0xc8, 0x64, 0x40, 0xff,
    0xb8, 0x5c, 0x38, 0xff, 0xc0, 0x58, 0x38, 0xff, 0xc0, 0x5c, 0x38, 0xff,
    0xc8, 0x5c, 0x38, 0xff, 0xc8, 0x5c, 0x38, 0xff, 0xc8, 0x5c, 0x38, 0xff,
    0xc8, 0x60, 0x38, 0xff, 0xd0, 0x60, 0x38, 0xff, 0xd0, 0x60, 0x38, 0xff,
    0xd0, 0x60, 0x38, 0xff, 0xd0, 0x60, 0x30, 0xff, 0xd8, 0x64, 0x38, 0xff,
    0xe8, 0x70, 0x40, 0xff, 0xd0, 0x60, 0x30, 0xff, 0x80, 0x34, 0x18, 0xff,
    0x98, 0x3c, 0x20, 0xff, 0xb0, 0x44, 0x20, 0xff, 0xb0, 0x48, 0x20, 0xff,
    0xb0, 0x48, 0x28, 0xff, 0xb8, 0x48, 0x20, 0xff, 0xb8, 0x4c, 0x28, 0xff,
    0xb8, 0x4c, 0x28, 0xff, 0xc0, 0x4c, 0x28, 0xff, 0xc0, 0x4c, 0x20, 0xff,
    0xc0, 0x4c, 0x20, 0xff, 0xc0, 0x4c, 0x28, 0xff, 0xc0, 0x50, 0x28, 0xff,
    0xc0, 0x4c, 0x28, 0xff, 0xa8, 0x44, 0x20, 0xff, 0xb8, 0x48, 0x28, 0xff,
    0xb8, 0x4c, 0x20, 0xff, 0xc0, 0x4c, 0x28, 0xff, 0xc0, 0x4c, 0x20, 0xff,
    0xc0, 0x4c, 0x28, 0xff, 0xc0, 0x4c, 0x28, 0xff, 0xc0, 0x50, 0x28, 0xff,
    0xc0, 0x50, 0x28, 0xff, 0xc8, 0x50, 0x28, 0xff, 0xc8, 0x50, 0x28, 0xff,
    0xc0, 0x54, 0x28, 0xff, 0xc8, 0x54, 0x28, 0xff, 0xc8, 0x54, 0x28, 0xff,
    0xc8, 0x54, 0x28, 0xff, 0xc8, 0x54, 0x30, 0xff, 0xc8, 0x54, 0x30, 0xff,
    0xc8, 0x54, 0x28, 0xff, 0xd0, 0x58, 0x28, 0xff, 0xc8, 0x58, 0x30, 0xff,
    0xd0, 0x54, 0x28, 0xff, 0xc8, 0x54, 0x28, 0xff, 0xd0, 0x58, 0x28, 0xff,
    0xd8, 0x5c, 0x30, 0xff, 0xd8, 0x5c, 0x30, 0xff, 0xd0, 0x58, 0x30, 0xff,
    0xd0, 0x58, 0x30, 0xff, 0xd8, 0x5c, 0x30, 0xff, 0xd0, 0x54, 0x28, 0xff,
    0xc8, 0x54, 0x28, 0xff, 0xd0, 0x58, 0x30, 0xff, 0xd0, 0x58, 0x28, 0xff,
    0xd0, 0x58, 0x30, 0xff, 0xd0, 0x58, 0x30, 0xff, 0xd0, 0x58, 0x28, 0xff,
    0xd0, 0x58, 0x30, 0xff, 0xd8, 0x58, 0x28, 0xff, 0xd0, 0x58, 0x28, 0xff,
    0xd0, 0x58, 0x30, 0xff, 0xd0, 0x58, 0x30, 0xff, 0xd0, 0x58, 0x28, 0xff,
    0xd8, 0x58, 0x30, 0xff, 0xd0, 0x58, 0x28, 0xff, 0xd0, 0x58, 0x30, 0xff,
    0xd8, 0x5c, 0x30, 0xff, 0xd0, 0x58, 0x28, 0xff, 0xd0, 0x5c, 0x28, 0xff,
    0xd0, 0x58, 0x30, 0xff, 0xd0, 0x58, 0x30, 0xff, 0xd0, 0x5c, 0x28, 0xff,
    0xd8, 0x58, 0x30, 0xff, 0xd0, 0x58, 0x30, 0xff, 0xd0, 0x58, 0x28, 0xff,
    0xd0, 0x58, 0x30, 0xff, 0xd0, 0x58, 0x28, 0xff, 0xd8, 0x5c, 0x30, 0xff,
    0xd0, 0x58, 0x30, 0xff, 0xd0, 0x58, 0x28, 0xff, 0xd0, 0x5c, 0x30, 0xff,
    0xd8, 0x5c, 0x30, 0xff, 0xd0, 0x58, 0x28, 0xff, 0xd8, 0x5c, 0x30, 0xff,
    0xd8, 0x5c, 0x30, 0xff, 0xd8, 0x5c, 0x30, 0xff, 0xd0, 0x5c, 0x30, 0xff,
    0xd8, 0x5c, 0x30, 0xff, 0xd0, 0x5c, 0x30, 0xff, 0xd8, 0x5c, 0x30, 0xff,
    0xd8, 0x5c, 0x30, 0xff, 0xd8, 0x60, 0x30, 0xff, 0xd8, 0x5c, 0x30, 0xff,
    0xd8, 0x5c, 0x30, 0xff, 0xd8, 0x60, 0x30, 0xff, 0xe0, 0x64, 0x30, 0xff,
    0xe0, 0x60, 0x38, 0xff, 0xe0, 0x64, 0x38, 0xff, 0xe0, 0x68, 0x38, 0xff,
    0xe8, 0x68, 0x38, 0xff, 0xe8, 0x68, 0x38, 0xff, 0xe8, 0x64, 0x38, 0xff,
    0xe8, 0x68, 0x38, 0xff, 0xe8, 0x68, 0x38, 0xff, 0xe8, 0x68, 0x38, 0xff,
    0xe8, 0x68, 0x38, 0xff, 0xe0, 0x68, 0x38, 0xff, 0xe8, 0x68, 0x38, 0xff,
    0xe0, 0x68, 0x40, 0xff, 0xe8, 0x68, 0x38, 0xff, 0xe8, 0x68, 0x38, 0xff,
    0xe8, 0x68, 0x38, 0xff, 0xe0, 0x68, 0x38, 0xff, 0xe8, 0x68, 0x38, 0xff,
    0xe8, 0x68, 0x38, 0xff, 0xe8, 0x68, 0x40, 0xff, 0xe8, 0x68, 0x38, 0xff,
    0xe8, 0x68, 0x38, 0xff, 0xe8, 0x68, 0x40, 0xff, 0xe8, 0x68, 0x38, 0xff,
    0xe0, 0x68, 0x38, 0xff, 0xe0, 0x68, 0x38, 0xff, 0xe8, 0x68, 0x38, 0xff,
    0xe8, 0x68, 0x38, 0xff, 0xe8, 0x68, 0x38, 0xff, 0xe0, 0x68, 0x38, 0xff,
    0xe8, 0x68, 0x38, 0xff, 0xe8, 0x68, 0x38, 0xff, 0xe8, 0x68, 0x38, 0xff,
    0xe0, 0x68, 0x38, 0xff, 0xe0, 0x64, 0x38, 0xff, 0xe0, 0x64, 0x38, 0xff,
    0xe0, 0x60, 0x30, 0xff, 0xd8, 0x5c, 0x30, 0xff, 0xd0, 0x58, 0x30, 0xff,
    0xd8, 0x5c, 0x30, 0xff, 0xe0, 0x68, 0x38, 0xff, 0xe8, 0x68, 0x38, 0xff,
    0xe0, 0x68, 0x38, 0xff, 0xe8, 0x68, 0x38, 0xff, 0xe8, 0x68, 0x38, 0xff,
    0xe0, 0x64, 0x38, 0xff, 0xe0, 0x68, 0x38, 0xff, 0xe8, 0x68, 0x38, 0xff,
    0xe0, 0x68, 0x38, 0xff, 0xe0, 0x68, 0x38, 0xff, 0xe8, 0x68, 0x38, 0xff,
    0xe0, 0x68, 0x38, 0xff, 0xe0, 0x68, 0x38, 0xff, 0xe8, 0x68, 0x38, 0xff,
    0xe0, 0x68, 0x38, 0xff, 0xe0, 0x64, 0x38, 0xff, 0xe0, 0x68, 0x38, 0xff,
    0xe0, 0x64, 0x38, 0xff, 0xe8, 0x64, 0x38, 0xff, 0xe0, 0x68, 0x38, 0xff,
    0xe8, 0x64, 0x30, 0xff, 0xe0, 0x64, 0x38, 0xff, 0xe0, 0x64, 0x38, 0xff,
    0xe8, 0x68, 0x38, 0xff, 0xe0, 0x64, 0x38, 0xff, 0xe0, 0x64, 0x38, 0xff,
    0xe0, 0x64, 0x38, 0xff, 0xe0, 0x68, 0x38, 0xff, 0xe0, 0x68, 0x38, 0xff,
    0xe0, 0x64, 0x38, 0xff, 0xe0, 0x64, 0x30, 0xff, 0xe0, 0x64, 0x38, 0xff,
    0xe0, 0x68, 0x38, 0xff, 0xe0, 0x64, 0x38, 0xff, 0xe0, 0x64, 0x38, 0xff,
    0xe0, 0x64, 0x38, 0xff, 0xe0, 0x64, 0x38, 0xff, 0xe0, 0x68, 0x38, 0xff,
    0xe0, 0x64, 0x38, 0xff, 0xe0, 0x64, 0x38, 0xff, 0xe0, 0x64, 0x38, 0xff,
    0xd8, 0x64, 0x38, 0xff, 0xd8, 0x60, 0x38, 0xff, 0xd0, 0x60, 0x30, 0xff,
    0xd0, 0x5c, 0x30, 0xff, 0xc8, 0x58, 0x30, 0xff, 0xc0, 0x54, 0x30, 0xff,
    0xc0, 0x50, 0x28, 0xff, 0xc0, 0x50, 0x28, 0xff, 0xb8, 0x50, 0x30, 0xff,
    0xb8, 0x50, 0x28, 0xff, 0xb8, 0x4c, 0x28, 0xff, 0xb0, 0x4c, 0x28, 0xff,
    0xb0, 0x4c, 0x28, 0xff, 0xb0, 0x4c, 0x28, 0xff, 0xa8, 0x4c, 0x28, 0xff,
    0xa8, 0x48, 0x28, 0xff, 0xa0, 0x48, 0x28, 0xff, 0xa0, 0x4c, 0x28, 0xff,
    0x90, 0x3c, 0x20, 0xff, 0x60, 0x24, 0x18, 0xff, 0x68, 0x28, 0x18, 0xff,
    0x78, 0x30, 0x18, 0xff, 0x70, 0x34, 0x20, 0xff, 0x70, 0x34, 0x20, 0xff,
    0x80, 0x38, 0x20, 0xff, 0x58, 0x24, 0x18, 0xff, 0x58, 0x24, 0x10, 0xff,
    0xb0, 0x54, 0x30, 0xff, 0xc8, 0x64, 0x40, 0xff, 0xc8, 0x64, 0x40, 0xff,
    0xc8, 0x60, 0x38, 0xff, 0xc0, 0x5c, 0x38, 0xff, 0xc8, 0x5c, 0x38, 0xff,
    0xc8, 0x5c, 0x30, 0xff, 0xc8, 0x60, 0x38, 0xff, 0xd0, 0x60, 0x38, 0xff,
    0xd0, 0x5c, 0x38, 0xff, 0xd8, 0x64, 0x38, 0xff, 0xe0, 0x6c, 0x40, 0xff,
    0xe0, 0x6c, 0x40, 0xff, 0xc8, 0x54, 0x30, 0xff, 0x80, 0x34, 0x18, 0xff,
    0x98, 0x3c, 0x20, 0xff, 0xb0, 0x48, 0x20, 0xff, 0xa8, 0x44, 0x20, 0xff,
    0xb0, 0x48, 0x28, 0xff, 0xb0, 0x48, 0x28, 0xff, 0xb0, 0x48, 0x20, 0xff,
    0xb8, 0x48, 0x20, 0xff, 0xb8, 0x4c, 0x28, 0xff, 0xb8, 0x4c, 0x28, 0xff,
    0xb8, 0x4c, 0x28, 0xff, 0xc0, 0x4c, 0x20, 0xff, 0xc0, 0x4c, 0x28, 0xff,
    0xc0, 0x50, 0x28, 0xff, 0xb0, 0x48, 0x20, 0xff, 0xb0, 0x44, 0x20, 0xff,
    0xc0, 0x4c, 0x28, 0xff, 0xc0, 0x4c, 0x28, 0xff, 0xc0, 0x4c, 0x20, 0xff,
    0xc0, 0x4c, 0x28, 0xff, 0xc0, 0x4c, 0x28, 0xff, 0xc0, 0x50, 0x28, 0xff,
    0xc0, 0x50, 0x28, 0xff, 0xc8, 0x50, 0x28, 0xff, 0xc8, 0x50, 0x28, 0xff,
    0xc8, 0x54, 0x28, 0xff, 0xc8, 0x54, 0x28, 0xff, 0xc8, 0x54, 0x28, 0xff,
    0xc8, 0x54, 0x30, 0xff, 0xc8, 0x54, 0x28, 0xff, 0xc8, 0x58, 0x28, 0xff,
    0xd0, 0x54, 0x30, 0xff, 0xd0, 0x54, 0x28, 0xff, 0xc8, 0x58, 0x28, 0xff,
    0xc8, 0x58, 0x28, 0xff, 0xd0, 0x54, 0x30, 0xff, 0xc8, 0x54, 0x28, 0xff,
    0xd0, 0x58, 0x30, 0xff, 0xd8, 0x5c, 0x30, 0xff, 0xd8, 0x5c, 0x30, 0xff,
    0xd0, 0x58, 0x28, 0xff, 0xd8, 0x58, 0x28, 0xff, 0xd0, 0x5c, 0x30, 0xff,
    0xd0, 0x58, 0x28, 0xff, 0xd0, 0x54, 0x28, 0xff, 0xd0, 0x58, 0x30, 0xff,
    0xd0, 0x5c, 0x30, 0xff, 0xd8, 0x58, 0x28, 0xff, 0xd0, 0x58, 0x30, 0xff,
    0xd8, 0x58, 0x30, 0xff, 0xd0, 0x58, 0x30, 0xff, 0xd0, 0x58, 0x28, 0xff,
    0xd0, 0x58, 0x30, 0xff, 0xd8, 0x58, 0x30, 0xff, 0xd0, 0x58, 0x28, 0xff,
    0xd0, 0x5c, 0x30, 0xff, 0xd0, 0x5c, 0x28, 0xff, 0xd0, 0x58, 0x28, 0xff,
    0xd0, 0x58, 0x30, 0xff, 0xd0, 0x5c, 0x30, 0xff, 0xd0, 0x58, 0x28, 0xff,
    0xd8, 0x5c, 0x30, 0xff, 0xd8, 0x5c, 0x30, 0xff, 0xd0, 0x58, 0x28, 0xff,
    0xd8, 0x5c, 0x30, 0xff, 0xd8, 0x5c, 0x30, 0xff, 0xd0, 0x5c, 0x30, 0xff,
    0xd0, 0x58, 0x30, 0xff, 0xd0, 0x58, 0x30, 0xff, 0xd8, 0x58, 0x28, 0xff,
    0xd8, 0x5c, 0x30, 0xff, 0xd0, 0x58, 0x30, 0xff, 0xd8, 0x5c, 0x28, 0xff,
    0xd8, 0x58, 0x30, 0xff, 0xd0, 0x5c, 0x30, 0xff, 0xd0, 0x5c, 0x28, 0xff,
    0xd8, 0x58, 0x30, 0xff, 0xd8, 0x5c, 0x28, 0xff, 0xd0, 0x5c, 0x30, 0xff,
    0xd8, 0x58, 0x30, 0xff, 0xd8, 0x5c, 0x30, 0xff, 0xd8, 0x5c, 0x30, 0xff,
    0xd8, 0x5c, 0x30, 0xff, 0xd8, 0x5c, 0x30, 0xff, 0xd8, 0x5c, 0x30, 0xff,
    0xd8, 0x60, 0x30, 0xff, 0xd0, 0x5c, 0x30, 0xff, 0xd8, 0x5c, 0x30, 0xff,
    0xd8, 0x64, 0x38, 0xff, 0xe0, 0x60, 0x30, 0xff, 0xe8, 0x64, 0x38, 0xff,
    0xe0, 0x68, 0x38, 0xff, 0xe8, 0x64, 0x38, 0xff, 0xe8, 0x68, 0x38, 0xff,
    0xe0, 0x68, 0x38, 0xff, 0xe8, 0x68, 0x38, 0xff, 0xe0, 0x64, 0x40, 0xff,
    0xe8, 0x64, 0x38, 0xff, 0xe8, 0x68, 0x38, 0xff, 0xe8, 0x68, 0x38, 0xff,
    0xe8, 0x68, 0x38, 0xff, 0xe8, 0x68, 0x38, 0xff, 0xe0, 0x68, 0x38, 0xff,
    0xe8, 0x68, 0x38, 0xff, 0xe8, 0x68, 0x38, 0xff, 0xe8, 0x68, 0x38, 0xff,
    0xe8, 0x68, 0x38, 0xff, 0xe8, 0x68, 0x38, 0xff, 0xe8, 0x68, 0x38, 0xff,
    0xe8, 0x68, 0x38, 0xff, 0xe8, 0x68, 0x38, 0xff, 0xe8, 0x68, 0x38, 0xff,
    0xe8, 0x68, 0x38, 0xff, 0xe8, 0x68, 0x38, 0xff, 0xe8, 0x68, 0x38, 0xff,
    0xe0, 0x68, 0x38, 0xff, 0xe8, 0x68, 0x38, 0xff, 0xe8, 0x68, 0x40, 0xff,
    0xe8, 0x68, 0x38, 0xff, 0xe8, 0x68, 0x38, 0xff, 0xe8, 0x68, 0x40, 0xff,
    0xe8, 0x68, 0x38, 0xff, 0xe0, 0x68, 0x38, 0xff, 0xe0, 0x64, 0x38, 0xff,
    0xe0, 0x60, 0x38, 0xff, 0xd8, 0x64, 0x30, 0xff, 0xd8, 0x60, 0x30, 0xff,
    0xd0, 0x58, 0x28, 0xff, 0xd8, 0x5c, 0x30, 0xff, 0xe0, 0x64, 0x38, 0xff,
    0xe0, 0x64, 0x38, 0xff, 0xe8, 0x68, 0x38, 0xff, 0xe0, 0x68, 0x38, 0xff,
    0xe0, 0x64, 0x38, 0xff, 0xe8, 0x68, 0x38, 0xff, 0xe0, 0x68, 0x38, 0xff,
    0xe0, 0x64, 0x38, 0xff, 0xe8, 0x68, 0x38, 0xff, 0xe0, 0x68, 0x38, 0xff,
    0xe8, 0x64, 0x38, 0xff, 0xe0, 0x68, 0x38, 0xff, 0xe0, 0x64, 0x38, 0xff,
    0xe8, 0x68, 0x38, 0xff, 0xe8, 0x68, 0x38, 0xff, 0xe0, 0x64, 0x38, 0xff,
    0xe0, 0x68, 0x38, 0xff, 0xe0, 0x68, 0x38, 0xff, 0xe0, 0x64, 0x38, 0xff,
    0xe0, 0x68, 0x38, 0xff, 0xe0, 0x68, 0x38, 0xff, 0xe8, 0x64, 0x38, 0xff,
    0xe8, 0x68, 0x30, 0xff, 0xe0, 0x68, 0x38, 0xff, 0xe0, 0x68, 0x38, 0xff,
    0xe8, 0x68, 0x30, 0xff, 0xe0, 0x64, 0x38, 0xff, 0xe8, 0x68, 0x38, 0xff,
    0xe0, 0x64, 0x38, 0xff, 0xe0, 0x64, 0x38, 0xff, 0xe0, 0x68, 0x38, 0xff,
    0xe0, 0x64, 0x38, 0xff, 0xe0, 0x64, 0x38, 0xff, 0xe0, 0x68, 0x38, 0xff,
    0xe0, 0x68, 0x38, 0xff, 0xe0, 0x64, 0x38, 0xff, 0xe0, 0x64, 0x38, 0xff,
    0xe0, 0x68, 0x38, 0xff, 0xe0, 0x64, 0x38, 0xff, 0xe0, 0x64, 0x38, 0xff,
    0xe0, 0x64, 0x38, 0xff, 0xd8, 0x64, 0x38, 0xff, 0xd8, 0x60, 0x38, 0xff,
    0xd8, 0x60, 0x30, 0xff, 0xd0, 0x5c, 0x30, 0xff, 0xc8, 0x58, 0x30, 0xff,
    0xc8, 0x54, 0x30, 0xff, 0xc0, 0x50, 0x28, 0xff, 0xc0, 0x54, 0x28, 0xff,
    0xb8, 0x50, 0x30, 0xff, 0xb8, 0x50, 0x28, 0xff, 0xb8, 0x50, 0x28, 0xff,
    0xb0, 0x4c, 0x28, 0xff, 0xb0, 0x4c, 0x30, 0xff, 0xb0, 0x4c, 0x28, 0xff,
    0xa8, 0x48, 0x28, 0xff, 0xa8, 0x48, 0x28, 0xff, 0xa0, 0x48, 0x28, 0xff,
    0xa8, 0x4c, 0x30, 0xff, 0x90, 0x40, 0x20, 0xff, 0x60, 0x24, 0x10, 0xff,
    0x60, 0x28, 0x18, 0xff, 0x70, 0x30, 0x18, 0xff, 0x70, 0x30, 0x18, 0xff,
    0x70, 0x30, 0x18, 0xff, 0x78, 0x34, 0x20, 0xff, 0x80, 0x38, 0x20, 0xff,
    0x68, 0x2c, 0x18, 0xff, 0x58, 0x24, 0x10, 0xff, 0x88, 0x3c, 0x20, 0xff,
    0xb8, 0x54, 0x30, 0xff, 0xc0, 0x60, 0x38, 0xff, 0xd0, 0x68, 0x40, 0xff,
    0xd0, 0x68, 0x40, 0xff, 0xd0, 0x68, 0x38, 0xff, 0xd8, 0x68, 0x40, 0xff,
    0xd8, 0x68, 0x38, 0xff, 0xd8, 0x68, 0x38, 0xff, 0xd8, 0x64, 0x38, 0xff,
    0xc8, 0x58, 0x30, 0xff, 0xa0, 0x40, 0x20, 0xff, 0x78, 0x30, 0x18, 0xff,
    0xa0, 0x40, 0x20, 0xff, 0xa8, 0x44, 0x20, 0xff, 0xa8, 0x44, 0x20, 0xff,
    0xb0, 0x44, 0x20, 0xff, 0xb0, 0x48, 0x20, 0xff, 0xb8, 0x48, 0x20, 0xff,
    0xb8, 0x48, 0x20, 0xff, 0xb8, 0x48, 0x28, 0xff, 0xb8, 0x4c, 0x20, 0xff,
    0xb8, 0x4c, 0x28, 0xff, 0xb8, 0x4c, 0x28, 0xff, 0xc0, 0x4c, 0x28, 0xff,
    0xc0, 0x4c, 0x28, 0xff, 0xb8, 0x48, 0x20, 0xff, 0xb0, 0x44, 0x20, 0xff,
    0xc0, 0x4c, 0x28, 0xff, 0xb8, 0x4c, 0x28, 0xff, 0xb8, 0x4c, 0x20, 0xff,
    0xc0, 0x4c, 0x28, 0xff, 0xc0, 0x4c, 0x28, 0xff, 0xc0, 0x50, 0x28, 0xff,
    0xc0, 0x50, 0x28, 0xff, 0xc8, 0x50, 0x28, 0xff, 0xc0, 0x50, 0x28, 0xff,
    0xc8, 0x50, 0x28, 0xff, 0xc8, 0x50, 0x28, 0xff, 0xc8, 0x54, 0x28, 0xff,
    0xc8, 0x54, 0x30, 0xff, 0xc8, 0x50, 0x30, 0xff, 0xc8, 0x54, 0x28, 0xff,
    0xc8, 0x54, 0x28, 0xff, 0xc8, 0x54, 0x28, 0xff, 0xc8, 0x54, 0x28, 0xff,
    0xd0, 0x54, 0x28, 0xff, 0xd0, 0x58, 0x28, 0xff, 0xd0, 0x58, 0x30, 0xff,
    0xc8, 0x54, 0x28, 0xff, 0xd0, 0x54, 0x28, 0xff, 0xd8, 0x5c, 0x30, 0xff,
    0xd0, 0x5c, 0x30, 0xff, 0xd8, 0x5c, 0x30, 0xff, 0xd0, 0x58, 0x28, 0xff,
    0xd0, 0x58, 0x30, 0xff, 0xd0, 0x58, 0x28, 0xff, 0xd0, 0x54, 0x28, 0xff,
    0xd0, 0x58, 0x30, 0xff, 0xd0, 0x58, 0x30, 0xff, 0xd0, 0x5c, 0x28, 0xff,
    0xd0, 0x58, 0x28, 0xff, 0xd8, 0x5c, 0x30, 0xff, 0xd8, 0x58, 0x30, 0xff,
    0xd0, 0x58, 0x28, 0xff, 0xd0, 0x58, 0x28, 0xff, 0xd0, 0x58, 0x30, 0xff,
    0xd8, 0x58, 0x30, 0xff, 0xd0, 0x58, 0x30, 0xff, 0xd0, 0x58, 0x28, 0xff,
    0xd8, 0x58, 0x30, 0xff, 0xd0, 0x58, 0x30, 0xff, 0xd0, 0x5c, 0x28, 0xff,
    0xd0, 0x58, 0x30, 0xff, 0xd8, 0x58, 0x30, 0xff, 0xd8, 0x5c, 0x28, 0xff,
    0xd0, 0x58, 0x30, 0xff, 0xd8, 0x58, 0x30, 0xff, 0xd0, 0x5c, 0x28, 0xff,
    0xd0, 0x58, 0x28, 0xff, 0xd8, 0x5c, 0x30, 0xff, 0xd0, 0x58, 0x30, 0xff,
    0xd0, 0x58, 0x28, 0xff, 0xd8, 0x5c, 0x30, 0xff, 0xd0, 0x5c, 0x30, 0xff,
    0xd0, 0x58, 0x30, 0xff, 0xd8, 0x58, 0x30, 0xff, 0xd0, 0x5c, 0x30, 0xff,
    0xd8, 0x5c, 0x30, 0xff, 0xd8, 0x5c, 0x30, 0xff, 0xd8, 0x58, 0x30, 0xff,
    0xd0, 0x5c, 0x28, 0xff, 0xd8, 0x5c, 0x30, 0xff, 0xd8, 0x58, 0x30, 0xff,
    0xd0, 0x5c, 0x30, 0xff, 0xd8, 0x5c, 0x30, 0xff, 0xd8, 0x5c, 0x30, 0xff,
    0xd8, 0x5c, 0x30, 0xff, 0xd8, 0x5c, 0x30, 0xff, 0xd8, 0x5c, 0x30, 0xff,
    0xd8, 0x5c, 0x30, 0xff, 0xd8, 0x64, 0x30, 0xff, 0xe0, 0x60, 0x38, 0xff,
    0xe0, 0x64, 0x38, 0xff, 0xe0, 0x64, 0x38, 0xff, 0xe0, 0x68, 0x38, 0xff,
    0xe8, 0x68, 0x38, 0xff, 0xe8, 0x68, 0x38, 0xff, 0xe8, 0x68, 0x38, 0xff,
    0xe0, 0x68, 0x38, 0xff, 0xe8, 0x68, 0x38, 0xff, 0xe8, 0x64, 0x38, 0xff,
    0xe0, 0x68, 0x40, 0xff, 0xe8, 0x64, 0x38, 0xff, 0xe8, 0x68, 0x38, 0xff,
    0xe8, 0x68, 0x38, 0xff, 0xe0, 0x68, 0x40, 0xff, 0xe8, 0x68, 0x38, 0xff,
    0xe8, 0x68, 0x38, 0xff, 0xe0, 0x68, 0x40, 0xff, 0xe8, 0x68, 0x38, 0xff,
    0xe8, 0x68, 0x38, 0xff, 0xe0, 0x68, 0x38, 0xff, 0xe8, 0x68, 0x38, 0xff,
    0xe8, 0x68, 0x38, 0xff, 0xe8, 0x68, 0x40, 0xff, 0xe8, 0x68, 0x38, 0xff,
    0xe8, 0x68, 0x38, 0xff, 0xe8, 0x68, 0x40, 0xff, 0xe8, 0x68, 0x38, 0xff,
    0xe8, 0x68, 0x38, 0xff, 0xe8, 0x68, 0x38, 0xff, 0xe8, 0x68, 0x38, 0xff,
    0xe8, 0x68, 0x38, 0xff, 0xe8, 0x68, 0x38, 0xff, 0xe8, 0x68, 0x38, 0xff,
    0xe0, 0x68, 0x38, 0xff, 0xe0, 0x60, 0x38, 0xff, 0xe0, 0x64, 0x38, 0xff,
    0xd8, 0x60, 0x30, 0xff, 0xd0, 0x58, 0x30, 0xff, 0xd8, 0x5c, 0x30, 0xff,
    0xe8, 0x64, 0x38, 0xff, 0xe0, 0x64, 0x38, 0xff, 0xe0, 0x68, 0x38, 0xff,
    0xe0, 0x68, 0x38, 0xff, 0xe0, 0x64, 0x38, 0xff, 0xe8, 0x68, 0x38, 0xff,
    0xe0, 0x68, 0x38, 0xff, 0xe0, 0x68, 0x38, 0xff, 0xe8, 0x64, 0x38, 0xff,
    0xe0, 0x68, 0x38, 0xff, 0xe0, 0x68, 0x38, 0xff, 0xe8, 0x64, 0x38, 0xff,
    0xe0, 0x68, 0x38, 0xff, 0xe0, 0x68, 0x38, 0xff, 0xe0, 0x64, 0x38, 0xff,
    0xe0, 0x64, 0x38, 0xff, 0xe0, 0x68, 0x38, 0xff, 0xe0, 0x64, 0x30, 0xff,
    0xe0, 0x64, 0x38, 0xff, 0xe0, 0x68, 0x38, 0xff, 0xe0, 0x64, 0x38, 0xff,
    0xe0, 0x68, 0x38, 0xff, 0xe0, 0x64, 0x38, 0xff, 0xe0, 0x64, 0x38, 0xff,
    0xe0, 0x68, 0x38, 0xff, 0xe0, 0x64, 0x38, 0xff, 0xe0, 0x64, 0x38, 0xff,
    0xe8, 0x64, 0x38, 0xff, 0xe0, 0x68, 0x38, 0xff, 0xe0, 0x64, 0x30, 0xff,
    0xe0, 0x64, 0x38, 0xff, 0xe0, 0x64, 0x38, 0xff, 0xe0, 0x64, 0x30, 0xff,
    0xe0, 0x64, 0x38, 0xff, 0xe0, 0x64, 0x38, 0xff, 0xe0, 0x68, 0x38, 0xff,
    0xe0, 0x64, 0x38, 0xff, 0xe0, 0x64, 0x38, 0xff, 0xe0, 0x64, 0x38, 0xff,
    0xe0, 0x64, 0x38, 0xff, 0xe0, 0x64, 0x38, 0xff, 0xd8, 0x64, 0x38, 0xff,
    0xd8, 0x60, 0x30, 0xff, 0xd8, 0x60, 0x38, 0xff, 0xd0, 0x5c, 0x30, 0xff,
    0xc8, 0x58, 0x30, 0xff, 0xc8, 0x54, 0x30, 0xff, 0xc0, 0x54, 0x28, 0xff,
    0xc0, 0x50, 0x28, 0xff, 0xb8, 0x50, 0x28, 0xff, 0xb8, 0x50, 0x30, 0xff,
    0xb8, 0x4c, 0x28, 0xff, 0xb8, 0x4c, 0x28, 0xff, 0xb0, 0x4c, 0x28, 0xff,
    0xa8, 0x4c, 0x28, 0xff, 0xa8, 0x4c, 0x28, 0xff, 0xa8, 0x48, 0x28, 0xff,
    0xa0, 0x48, 0x28, 0xff, 0xa8, 0x4c, 0x30, 0xff, 0x90, 0x3c, 0x20, 0xff,
    0x60, 0x28, 0x10, 0xff, 0x68, 0x28, 0x18, 0xff, 0x70, 0x30, 0x18, 0xff,
    0x70, 0x30, 0x20, 0xff, 0x70, 0x30, 0x18, 0xff, 0x80, 0x34, 0x20, 0xff,
    0x78, 0x34, 0x20, 0xff, 0x80, 0x38, 0x20, 0xff, 0x80, 0x34, 0x20, 0xff,
    0x68, 0x28, 0x18, 0xff, 0x60, 0x28, 0x18, 0xff, 0x78, 0x30, 0x18, 0xff,
    0xa0, 0x44, 0x20, 0xff, 0xb0, 0x4c, 0x28, 0xff, 0xb8, 0x4c, 0x30, 0xff,
    0xb8, 0x50, 0x28, 0xff, 0xb8, 0x4c, 0x28, 0xff, 0x98, 0x40, 0x20, 0xff,
    0x78, 0x30, 0x18, 0xff, 0x70, 0x2c, 0x18, 0xff, 0x80, 0x34, 0x18, 0xff,
    0xa0, 0x44, 0x20, 0xff, 0xa8, 0x44, 0x20, 0xff, 0xa8, 0x44, 0x20, 0xff,
    0xb0, 0x44, 0x28, 0xff, 0xb0, 0x48, 0x28, 0xff, 0xb0, 0x48, 0x20, 0xff,
    0xb0, 0x48, 0x28, 0xff, 0xb8, 0x4c, 0x28, 0xff, 0xb8, 0x4c, 0x20, 0xff,
    0xb8, 0x48, 0x28, 0xff, 0xb8, 0x4c, 0x20, 0xff, 0xc0, 0x4c, 0x28, 0xff,
    0xc0, 0x4c, 0x28, 0xff, 0xb8, 0x48, 0x20, 0xff, 0xb0, 0x44, 0x20, 0xff,
    0xb8, 0x48, 0x20, 0xff, 0xc0, 0x4c, 0x28, 0xff, 0xc0, 0x4c, 0x28, 0xff,
    0xc0, 0x4c, 0x20, 0xff, 0xc0, 0x4c, 0x28, 0xff, 0xc0, 0x4c, 0x28, 0xff,
    0xc0, 0x50, 0x28, 0xff, 0xc0, 0x50, 0x28, 0xff, 0xc8, 0x50, 0x28, 0xff,
    0xc8, 0x50, 0x28, 0xff, 0xc0, 0x50, 0x28, 0xff, 0xc8, 0x54, 0x28, 0xff,
    0xc8, 0x54, 0x28, 0xff, 0xc8, 0x54, 0x28, 0xff, 0xc8, 0x54, 0x28, 0xff,
    0xc8, 0x54, 0x30, 0xff, 0xc8, 0x54, 0x30, 0xff, 0xc8, 0x54, 0x28, 0xff,
    0xc8, 0x54, 0x28, 0xff, 0xd0, 0x58, 0x30, 0xff, 0xc8, 0x54, 0x28, 0xff,
    0xd0, 0x54, 0x28, 0xff, 0xc8, 0x54, 0x28, 0xff, 0xd0, 0x58, 0x28, 0xff,
    0xd8, 0x5c, 0x30, 0xff, 0xd8, 0x5c, 0x30, 0xff, 0xd0, 0x58, 0x28, 0xff,
    0xd0, 0x58, 0x30, 0xff, 0xd8, 0x58, 0x30, 0xff, 0xd0, 0x58, 0x28, 0xff,
    0xc8, 0x54, 0x28, 0xff, 0xd0, 0x58, 0x30, 0xff, 0xd0, 0x58, 0x28, 0xff,
    0xd0, 0x58, 0x30, 0xff, 0xd0, 0x58, 0x30, 0xff, 0xd0, 0x58, 0x28, 0xff,
    0xd0, 0x5c, 0x30, 0xff, 0xd0, 0x58, 0x28, 0xff, 0xd0, 0x58, 0x28, 0xff,
    0xd0, 0x5c, 0x30, 0xff, 0xd0, 0x58, 0x30, 0xff, 0xd0, 0x58, 0x28, 0xff,
    0xd8, 0x58, 0x28, 0xff, 0xd0, 0x58, 0x30, 0xff, 0xd0, 0x58, 0x30, 0xff,
    0xd8, 0x5c, 0x28, 0xff, 0xd0, 0x58, 0x30, 0xff, 0xd8, 0x58, 0x28, 0xff,
    0xd0, 0x5c, 0x30, 0xff, 0xd0, 0x5c, 0x30, 0xff, 0xd0, 0x58, 0x28, 0xff,
    0xd8, 0x58, 0x30, 0xff, 0xd0, 0x58, 0x30, 0xff, 0xd0, 0x5c, 0x30, 0xff,
    0xd0, 0x58, 0x28, 0xff, 0xd8, 0x58, 0x30, 0xff, 0xd0, 0x58, 0x28, 0xff,
    0xd8, 0x5c, 0x28, 0xff, 0xd0, 0x58, 0x30, 0xff, 0xd0, 0x5c, 0x28, 0xff,
    0xd8, 0x5c, 0x30, 0xff, 0xd0, 0x5c, 0x30, 0xff, 0xd0, 0x5c, 0x30, 0xff,
    0xd0, 0x5c, 0x30, 0xff, 0xd8, 0x5c, 0x30, 0xff, 0xd0, 0x5c, 0x30, 0xff,
    0xd8, 0x5c, 0x28, 0xff, 0xd8, 0x5c, 0x30, 0xff, 0xd0, 0x5c, 0x30, 0xff,
    0xd8, 0x5c, 0x30, 0xff, 0xd8, 0x5c, 0x30, 0xff, 0xd8, 0x60, 0x30, 0xff,
    0xd8, 0x5c, 0x30, 0xff, 0xd8, 0x5c, 0x30, 0xff, 0xd8, 0x60, 0x30, 0xff,
    0xe0, 0x64, 0x30, 0xff, 0xe0, 0x64, 0x38, 0xff, 0xe0, 0x64, 0x38, 0xff,
    0xe0, 0x68, 0x38, 0xff, 0xe0, 0x68, 0x38, 0xff, 0xe8, 0x64, 0x38, 0xff,
    0xe8, 0x68, 0x38, 0xff, 0xe0, 0x68, 0x38, 0xff, 0xe8, 0x68, 0x38, 0xff,
    0xe8, 0x68, 0x38, 0xff, 0xe0, 0x68, 0x38, 0xff, 0xe8, 0x68, 0x38, 0xff,
    0xe8, 0x64, 0x38, 0xff, 0xe8, 0x68, 0x38, 0xff, 0xe8, 0x68, 0x38, 0xff,
    0xe8, 0x68, 0x38, 0xff, 0xe0, 0x68, 0x38, 0xff, 0xe8, 0x68, 0x38, 0xff,
    0xe8, 0x68, 0x38, 0xff, 0xe0, 0x68, 0x38, 0xff, 0xe8, 0x68, 0x40, 0xff,
    0xe0, 0x68, 0x38, 0xff, 0xe8, 0x68, 0x38, 0xff, 0xe8, 0x68, 0x38, 0xff,
    0xe0, 0x68, 0x38, 0xff, 0xe8, 0x68, 0x38, 0xff, 0xe8, 0x68, 0x38, 0xff,
    0xe8, 0x68, 0x38, 0xff, 0xe0, 0x68, 0x38, 0xff, 0xe8, 0x68, 0x38, 0xff,
    0xe0, 0x68, 0x38, 0xff, 0xe0, 0x68, 0x38, 0xff, 0xe8, 0x68, 0x38, 0xff,
    0xe8, 0x68, 0x38, 0xff, 0xe0, 0x68, 0x38, 0xff, 0xe0, 0x64, 0x38, 0xff,
    0xe0, 0x60, 0x30, 0xff, 0xd8, 0x60, 0x30, 0xff, 0xd0, 0x58, 0x30, 0xff,
    0xd8, 0x5c, 0x30, 0xff, 0xe0, 0x64, 0x38, 0xff, 0xe0, 0x64, 0x38, 0xff,
    0xe0, 0x68, 0x38, 0xff, 0xe8, 0x68, 0x38, 0xff, 0xe8, 0x68, 0x38, 0xff,
    0xe0, 0x68, 0x38, 0xff, 0xe8, 0x68, 0x38, 0xff, 0xe0, 0x68, 0x38, 0xff,
    0xe8, 0x68, 0x38, 0xff, 0xe0, 0x68, 0x38, 0xff, 0xe0, 0x68, 0x38, 0xff,
    0xe8, 0x68, 0x38, 0xff, 0xe8, 0x68, 0x38, 0xff, 0xe0, 0x68, 0x38, 0xff,
    0xe8, 0x68, 0x38, 0xff, 0xe0, 0x64, 0x38, 0xff, 0xe0, 0x68, 0x38, 0xff,
    0xe8, 0x64, 0x38, 0xff, 0xe0, 0x64, 0x38, 0xff, 0xe0, 0x64, 0x38, 0xff,
    0xe0, 0x64, 0x30, 0xff, 0xe8, 0x64, 0x38, 0xff, 0xe0, 0x64, 0x38, 0xff,
    0xe0, 0x64, 0x38, 0xff, 0xe0, 0x64, 0x38, 0xff, 0xe0, 0x64, 0x38, 0xff,
    0xe0, 0x64, 0x30, 0xff, 0xe0, 0x64, 0x38, 0xff, 0xe0, 0x68, 0x38, 0xff,
    0xe0, 0x68, 0x38, 0xff, 0xe8, 0x64, 0x38, 0xff, 0xe0, 0x68, 0x38, 0xff,
    0xe0, 0x64, 0x38, 0xff, 0xe0, 0x64, 0x38, 0xff, 0xe0, 0x64, 0x38, 0xff,
    0xe0, 0x64, 0x30, 0xff, 0xe0, 0x64, 0x38, 0xff, 0xe0, 0x64, 0x38, 0xff,
    0xe0, 0x64, 0x38, 0xff, 0xe0, 0x64, 0x38, 0xff, 0xe0, 0x64, 0x38, 0xff,
    0xe0, 0x64, 0x38, 0xff, 0xd8, 0x60, 0x38, 0xff, 0xd8, 0x60, 0x30, 0xff,
    0xd0, 0x5c, 0x38, 0xff, 0xd0, 0x5c, 0x30, 0xff, 0xc8, 0x58, 0x30, 0xff,
    0xc0, 0x54, 0x30, 0xff, 0xc0, 0x50, 0x28, 0xff, 0xb8, 0x50, 0x30, 0xff,
    0xb8, 0x50, 0x28, 0xff, 0xb8, 0x50, 0x28, 0xff, 0xb0, 0x4c, 0x28, 0xff,
    0xb0, 0x4c, 0x28, 0xff, 0xb0, 0x4c, 0x28, 0xff, 0xa8, 0x48, 0x28, 0xff,
    0xa8, 0x48, 0x28, 0xff, 0xa0, 0x48, 0x28, 0xff, 0xa8, 0x4c, 0x30, 0xff,
    0x90, 0x3c, 0x20, 0xff, 0x60, 0x28, 0x10, 0xff, 0x68, 0x2c, 0x18, 0xff,
    0x70, 0x30, 0x18, 0xff, 0x70, 0x34, 0x20, 0xff, 0x70, 0x30, 0x18, 0xff,
    0x78, 0x34, 0x20, 0xff, 0x80, 0x38, 0x20, 0xff, 0x80, 0x38, 0x18, 0xff,
    0x80, 0x38, 0x20, 0xff, 0x80, 0x38, 0x20, 0xff, 0x80, 0x34, 0x18, 0xff,
    0x78, 0x30, 0x18, 0xff, 0x68, 0x2c, 0x18, 0xff, 0x68, 0x28, 0x18, 0xff,
    0x68, 0x2c, 0x18, 0xff, 0x70, 0x2c, 0x18, 0xff, 0x88, 0x38, 0x18, 0xff,
    0x98, 0x3c, 0x20, 0xff, 0x98, 0x3c, 0x20, 0xff, 0xa0, 0x44, 0x20, 0xff,
    0xa0, 0x40, 0x20, 0xff, 0xa0, 0x40, 0x20, 0xff, 0x98, 0x40, 0x20, 0xff,
    0xa0, 0x40, 0x20, 0xff, 0xa0, 0x44, 0x20, 0xff, 0xb0, 0x44, 0x20, 0xff,
    0xb0, 0x48, 0x20, 0xff, 0xb0, 0x48, 0x28, 0xff, 0xb8, 0x4c, 0x28, 0xff,
    0xc0, 0x4c, 0x28, 0xff, 0xc0, 0x4c, 0x28, 0xff, 0xc0, 0x4c, 0x20, 0xff,
    0xb8, 0x48, 0x20, 0xff, 0xb0, 0x48, 0x20, 0xff, 0xb0, 0x44, 0x20, 0xff,
    0xb8, 0x4c, 0x28, 0xff, 0xc0, 0x4c, 0x28, 0xff, 0xc0, 0x4c, 0x28, 0xff,
    0xc0, 0x4c, 0x20, 0xff, 0xc0, 0x4c, 0x28, 0xff, 0xc0, 0x4c, 0x28, 0xff,
    0xc0, 0x50, 0x28, 0xff, 0xc0, 0x50, 0x28, 0xff, 0xc0, 0x50, 0x28, 0xff,
    0xc8, 0x50, 0x28, 0xff, 0xc8, 0x50, 0x28, 0xff, 0xc8, 0x54, 0x28, 0xff,
    0xc8, 0x54, 0x28, 0xff, 0xc8, 0x54, 0x28, 0xff, 0xc8, 0x54, 0x28, 0xff,
    0xc8, 0x54, 0x28, 0xff, 0xc8, 0x54, 0x28, 0xff, 0xc8, 0x54, 0x30, 0xff,
    0xd0, 0x54, 0x28, 0xff, 0xd0, 0x54, 0x28, 0xff, 0xc8, 0x58, 0x30, 0xff,
    0xc8, 0x58, 0x28, 0xff, 0xd0, 0x54, 0x30, 0xff, 0xc8, 0x54, 0x28, 0xff,
    0xd0, 0x58, 0x28, 0xff, 0xd8, 0x5c, 0x30, 0xff, 0xd0, 0x5c, 0x30, 0xff,
    0xd0, 0x58, 0x28, 0xff, 0xd8, 0x5c, 0x30, 0xff, 0xd0, 0x58, 0x30, 0xff,
    0xd0, 0x58, 0x28, 0xff, 0xd0, 0x54, 0x28, 0xff, 0xd0, 0x58, 0x30, 0xff,
    0xd0, 0x5c, 0x28, 0xff, 0xd0, 0x58, 0x30, 0xff, 0xd8, 0x58, 0x30, 0xff,
    0xd0, 0x58, 0x28, 0xff, 0xd8, 0x5c, 0x30, 0xff, 0xd0, 0x58, 0x30, 0xff,
    0xd0, 0x58, 0x28, 0xff, 0xd0, 0x58, 0x30, 0xff, 0xd8, 0x5c, 0x30, 0xff,
    0xd0, 0x58, 0x28, 0xff, 0xd0, 0x58, 0x30, 0xff, 0xd0, 0x58, 0x28, 0xff,
    0xd0, 0x58, 0x30, 0xff, 0xd0, 0x5c, 0x30, 0xff, 0xd0, 0x58, 0x28, 0xff,
    0xd0, 0x58, 0x30, 0xff, 0xd8, 0x58, 0x28, 0xff, 0xd0, 0x58, 0x30, 0xff,
    0xd8, 0x5c, 0x30, 0xff, 0xd8, 0x5c, 0x28, 0xff, 0xd0, 0x58, 0x30, 0xff,
    0xd0, 0x58, 0x28, 0xff, 0xd0, 0x58, 0x30, 0xff, 0xd8, 0x58, 0x30, 0xff,
    0xd0, 0x58, 0x30, 0xff, 0xd8, 0x5c, 0x28, 0xff, 0xd0, 0x5c, 0x30, 0xff,
    0xd0, 0x58, 0x30, 0xff, 0xd8, 0x58, 0x28, 0xff, 0xd0, 0x5c, 0x30, 0xff,
    0xd0, 0x58, 0x28, 0xff, 0xd0, 0x58, 0x28, 0xff, 0xd8, 0x5c, 0x30, 0xff,
    0xd8, 0x58, 0x30, 0xff, 0xd0, 0x5c, 0x30, 0xff, 0xd8, 0x5c, 0x30, 0xff,
    0xd8, 0x5c, 0x30, 0xff, 0xd8, 0x5c, 0x30, 0xff, 0xd0, 0x5c, 0x30, 0xff,
    0xd8, 0x60, 0x30, 0xff, 0xd8, 0x5c, 0x30, 0xff, 0xd8, 0x5c, 0x30, 0xff,
    0xd8, 0x60, 0x30, 0xff, 0xe0, 0x64, 0x38, 0xff, 0xe0, 0x60, 0x38, 0xff,
    0xe0, 0x64, 0x38, 0xff, 0xe0, 0x64, 0x38, 0xff, 0xe8, 0x68, 0x38, 0xff,
    0xe8, 0x68, 0x38, 0xff, 0xe8, 0x64, 0x40, 0xff, 0xe0, 0x68, 0x38, 0xff,
    0xe8, 0x64, 0x38, 0xff, 0xe8, 0x68, 0x40, 0xff, 0xe8, 0x68, 0x38, 0xff,
    0xe0, 0x68, 0x38, 0xff, 0xe8, 0x68, 0x40, 0xff, 0xe0, 0x68, 0x38, 0xff,
    0xe8, 0x68, 0x38, 0xff, 0xe8, 0x68, 0x38, 0xff, 0xe0, 0x68, 0x38, 0xff,
    0xe8, 0x68, 0x38, 0xff, 0xe8, 0x68, 0x38, 0xff, 0xe8, 0x68, 0x38, 0xff,
    0xe8, 0x68, 0x38, 0xff, 0xe8, 0x68, 0x38, 0xff, 0xe0, 0x68, 0x38, 0xff,
    0xe8, 0x68, 0x38, 0xff, 0xe8, 0x68, 0x38, 0xff, 0xe0, 0x68, 0x38, 0xff,
    0xe8, 0x68, 0x38, 0xff, 0xe8, 0x68, 0x38, 0xff, 0xe0, 0x68, 0x40, 0xff,
    0xe8, 0x68, 0x38, 0xff, 0xe8, 0x68, 0x38, 0xff, 0xe8, 0x68, 0x40, 0xff,
    0xe8, 0x68, 0x38, 0xff, 0xe8, 0x68, 0x38, 0xff, 0xe0, 0x68, 0x38, 0xff,
    0xe0, 0x64, 0x38, 0xff, 0xe0, 0x60, 0x38, 0xff, 0xd8, 0x60, 0x30, 0xff,
    0xd0, 0x5c, 0x30, 0xff, 0xd8, 0x5c, 0x30, 0xff, 0xe0, 0x64, 0x38, 0xff,
    0xe0, 0x64, 0x38, 0xff, 0xe0, 0x64, 0x38, 0xff, 0xe0, 0x64, 0x38, 0xff,
    0xe0, 0x64, 0x38, 0xff, 0xe8, 0x64, 0x38, 0xff, 0xe0, 0x64, 0x38, 0xff,
    0xe0, 0x64, 0x38, 0xff, 0xe8, 0x64, 0x38, 0xff, 0xe0, 0x64, 0x38, 0xff,
    0xe0, 0x64, 0x38, 0xff, 0xe8, 0x64, 0x38, 0xff, 0xe0, 0x64, 0x38, 0xff,
    0xe0, 0x64, 0x38, 0xff, 0xe8, 0x68, 0x38, 0xff, 0xe0, 0x64, 0x38, 0xff,
    0xe0, 0x64, 0x38, 0xff, 0xe0, 0x64, 0x38, 0xff, 0xe0, 0x64, 0x38, 0xff,
    0xe0, 0x68, 0x38, 0xff, 0xe0, 0x64, 0x38, 0xff, 0xe8, 0x64, 0x38, 0xff,
    0xe0, 0x68, 0x38, 0xff, 0xe0, 0x64, 0x30, 0xff, 0xe0, 0x64, 0x38, 0xff,
    0xe0, 0x68, 0x38, 0xff, 0xe0, 0x64, 0x38, 0xff, 0xe0, 0x64, 0x38, 0xff,
    0xe0, 0x64, 0x38, 0xff, 0xe0, 0x64, 0x38, 0xff, 0xe8, 0x64, 0x38, 0xff,
    0xe0, 0x64, 0x38, 0xff, 0xe0, 0x68, 0x38, 0xff, 0xe0, 0x64, 0x38, 0xff,
    0xe0, 0x68, 0x38, 0xff, 0xe0, 0x64, 0x38, 0xff, 0xe0, 0x68, 0x38, 0xff,
    0xe0, 0x64, 0x38, 0xff, 0xe0, 0x64, 0x38, 0xff, 0xe0, 0x64, 0x30, 0xff,
    0xe0, 0x64, 0x38, 0xff, 0xe0, 0x64, 0x38, 0xff, 0xd8, 0x60, 0x30, 0xff,
    0xd8, 0x60, 0x38, 0xff, 0xd0, 0x60, 0x30, 0xff, 0xd0, 0x5c, 0x30, 0xff,
    0xc8, 0x58, 0x30, 0xff, 0xc0, 0x50, 0x30, 0xff, 0xc0, 0x50, 0x28, 0xff,
    0xb8, 0x50, 0x28, 0xff, 0xb8, 0x50, 0x28, 0xff, 0xb8, 0x50, 0x30, 0xff,
    0xb0, 0x4c, 0x30, 0xff, 0xb0, 0x4c, 0x28, 0xff, 0xb0, 0x4c, 0x28, 0xff,
    0xa8, 0x48, 0x28, 0xff, 0xa8, 0x48, 0x28, 0xff, 0xa0, 0x48, 0x28, 0xff,
    0xa8, 0x4c, 0x30, 0xff, 0x90, 0x3c, 0x20, 0xff, 0x60, 0x28, 0x10, 0xff,
    0x68, 0x2c, 0x18, 0xff, 0x78, 0x30, 0x20, 0xff, 0x78, 0x34, 0x20, 0xff,
    0x70, 0x30, 0x18, 0xff, 0x78, 0x38, 0x20, 0xff, 0x80, 0x38, 0x20, 0xff,
    0x80, 0x38, 0x18, 0xff, 0x80, 0x38, 0x20, 0xff, 0x80, 0x38, 0x20, 0xff,
    0x88, 0x38, 0x18, 0xff, 0x88, 0x38, 0x20, 0xff, 0x88, 0x38, 0x20, 0xff,
    0x90, 0x38, 0x20, 0xff, 0x88, 0x3c, 0x18, 0xff, 0x90, 0x3c, 0x20, 0xff,
    0xb0, 0x48, 0x28, 0xff, 0xb8, 0x4c, 0x28, 0xff, 0xb8, 0x4c, 0x28, 0xff,
    0xc0, 0x4c, 0x28, 0xff, 0xb8, 0x4c, 0x28, 0xff, 0xa8, 0x44, 0x20, 0xff,
    0xb0, 0x44, 0x20, 0xff, 0xb8, 0x48, 0x20, 0xff, 0xb0, 0x44, 0x20, 0xff,
    0xa8, 0x44, 0x20, 0xff, 0xb0, 0x48, 0x20, 0xff, 0xb8, 0x48, 0x20, 0xff,
    0xb8, 0x48, 0x20, 0xff, 0xb0, 0x48, 0x20, 0xff, 0xb0, 0x44, 0x20, 0xff,
    0xb0, 0x44, 0x20, 0xff, 0xb0, 0x48, 0x20, 0xff, 0xb0, 0x48, 0x28, 0xff,
    0xc0, 0x4c, 0x28, 0xff, 0xc0, 0x4c, 0x28, 0xff, 0xc0, 0x4c, 0x20, 0xff,
    0xb8, 0x4c, 0x28, 0xff, 0xc0, 0x4c, 0x28, 0xff, 0xc0, 0x4c, 0x28, 0xff,
    0xc0, 0x4c, 0x28, 0xff, 0xc0, 0x50, 0x28, 0xff, 0xc0, 0x50, 0x28, 0xff,
    0xc8, 0x50, 0x28, 0xff, 0xc8, 0x50, 0x28, 0xff, 0xc0, 0x50, 0x28, 0xff,
    0xc8, 0x50, 0x28, 0xff, 0xc8, 0x54, 0x28, 0xff, 0xc8, 0x54, 0x28, 0xff,
    0xc8, 0x50, 0x30, 0xff, 0xc8, 0x54, 0x30, 0xff, 0xc8, 0x54, 0x28, 0xff,
    0xc8, 0x54, 0x28, 0xff, 0xd0, 0x54, 0x30, 0xff, 0xc8, 0x54, 0x28, 0xff,
    0xd0, 0x58, 0x28, 0xff, 0xd0, 0x54, 0x28, 0xff, 0xc8, 0x58, 0x30, 0xff,
    0xc8, 0x54, 0x28, 0xff, 0xd0, 0x54, 0x30, 0xff, 0xd8, 0x5c, 0x30, 0xff,
    0xd0, 0x5c, 0x30, 0xff, 0xd0, 0x58, 0x28, 0xff, 0xd0, 0x58, 0x30, 0xff,
    0xd0, 0x58, 0x30, 0xff, 0xd0, 0x58, 0x28, 0xff, 0xd0, 0x54, 0x28, 0xff,
    0xd0, 0x58, 0x30, 0xff, 0xd0, 0x58, 0x30, 0xff, 0xd0, 0x5c, 0x28, 0xff,
    0xd0, 0x58, 0x30, 0xff, 0xd0, 0x58, 0x30, 0xff, 0xd8, 0x58, 0x28, 0xff,
    0xd0, 0x58, 0x30, 0xff, 0xd0, 0x58, 0x28, 0xff, 0xd0, 0x58, 0x30, 0xff,
    0xd0, 0x58, 0x30, 0xff, 0xd0, 0x5c, 0x30, 0xff, 0xd0, 0x58, 0x28, 0xff,
    0xd0, 0x58, 0x28, 0xff, 0xd8, 0x58, 0x30, 0xff, 0xd0, 0x58, 0x30, 0xff,
    0xd0, 0x58, 0x28, 0xff, 0xd0, 0x58, 0x30, 0xff, 0xd0, 0x58, 0x30, 0xff,
    0xd0, 0x58, 0x28, 0xff, 0xd8, 0x5c, 0x30, 0xff, 0xd0, 0x5c, 0x30, 0xff,
    0xd0, 0x58, 0x28, 0xff, 0xd0, 0x58, 0x30, 0xff, 0xd0, 0x5c, 0x28, 0xff,
    0xd0, 0x58, 0x30, 0xff, 0xd0, 0x5c, 0x30, 0xff, 0xd8, 0x5c, 0x30, 0xff,
    0xd0, 0x58, 0x28, 0xff, 0xd8, 0x58, 0x30, 0xff, 0xd0, 0x5c, 0x30, 0xff,
    0xd8, 0x58, 0x30, 0xff, 0xd8, 0x5c, 0x30, 0xff, 0xd8, 0x5c, 0x30, 0xff,
    0xd0, 0x5c, 0x30, 0xff, 0xd8, 0x58, 0x30, 0xff, 0xd8, 0x5c, 0x30, 0xff,
    0xd8, 0x5c, 0x30, 0xff, 0xd8, 0x5c, 0x28, 0xff, 0xd8, 0x5c, 0x30, 0xff,
    0xd8, 0x5c, 0x30, 0xff, 0xd8, 0x5c, 0x30, 0xff, 0xd8, 0x5c, 0x30, 0xff,
    0xd8, 0x5c, 0x30, 0xff, 0xd8, 0x5c, 0x30, 0xff, 0xd8, 0x60, 0x30, 0xff,
    0xe0, 0x64, 0x38, 0xff, 0xe0, 0x64, 0x30, 0xff, 0xe0, 0x64, 0x38, 0xff,
    0xe0, 0x68, 0x38, 0xff, 0xe8, 0x68, 0x38, 0xff, 0xe8, 0x68, 0x38, 0xff,
    0xe0, 0x68, 0x38, 0xff, 0xe8, 0x64, 0x38, 0xff, 0xe8, 0x68, 0x38, 0xff,
    0xe8, 0x64, 0x38, 0xff, 0xe8, 0x64, 0x38, 0xff, 0xe8, 0x68, 0x38, 0xff,
    0xe8, 0x64, 0x38, 0xff, 0xe0, 0x68, 0x38, 0xff, 0xe8, 0x64, 0x40, 0xff,
    0xe8, 0x64, 0x38, 0xff, 0xe0, 0x68, 0x38, 0xff, 0xe8, 0x68, 0x40, 0xff,
    0xe8, 0x68, 0x38, 0xff, 0xe8, 0x68, 0x38, 0xff, 0xe8, 0x68, 0x38, 0xff,
    0xe8, 0x68, 0x40, 0xff, 0xe8, 0x68, 0x38, 0xff, 0xe8, 0x68, 0x38, 0xff,
    0xe8, 0x68, 0x38, 0xff, 0xe8, 0x68, 0x38, 0xff, 0xe8, 0x68, 0x38, 0xff,
    0xe8, 0x68, 0x38, 0xff, 0xe8, 0x68, 0x38, 0xff, 0xe8, 0x68, 0x38, 0xff,
    0xe0, 0x68, 0x38, 0xff, 0xe8, 0x68, 0x38, 0xff, 0xe8, 0x68, 0x38, 0xff,
    0xe0, 0x64, 0x38, 0xff, 0xe0, 0x64, 0x38, 0xff, 0xe0, 0x64, 0x38, 0xff,
    0xd8, 0x60, 0x30, 0xff, 0xd8, 0x5c, 0x30, 0xff, 0xd8, 0x5c, 0x30, 0xff,
    0xe0, 0x64, 0x38, 0xff, 0xe0, 0x64, 0x38, 0xff, 0xe0, 0x64, 0x38, 0xff,
    0xe8, 0x68, 0x38, 0xff, 0xe0, 0x68, 0x38, 0xff, 0xe0, 0x64, 0x38, 0xff,
    0xe8, 0x68, 0x38, 0xff, 0xe0, 0x64, 0x38, 0xff, 0xe0, 0x68, 0x38, 0xff,
    0xe8, 0x68, 0x38, 0xff, 0xe0, 0x64, 0x38, 0xff, 0xe0, 0x68, 0x38, 0xff,
    0xe0, 0x64, 0x38, 0xff, 0xe8, 0x68, 0x38, 0xff, 0xe0, 0x64, 0x38, 0xff,
    0xe0, 0x64, 0x38, 0xff, 0xe0, 0x64, 0x30, 0xff, 0xe0, 0x64, 0x38, 0xff,
    0xe0, 0x68, 0x38, 0xff, 0xe0, 0x64, 0x30, 0xff, 0xe0, 0x64, 0x38, 0xff,
    0xe0, 0x64, 0x38, 0xff, 0xe0, 0x68, 0x38, 0xff, 0xe0, 0x64, 0x38, 0xff,
    0xe0, 0x64, 0x38, 0xff, 0xe0, 0x64, 0x38, 0xff, 0xe0, 0x68, 0x38, 0xff,
    0xe0, 0x64, 0x38, 0xff, 0xe0, 0x64, 0x30, 0xff, 0xe8, 0x64, 0x38, 0xff,
    0xe0, 0x64, 0x38, 0xff, 0xe0, 0x64, 0x30, 0xff, 0xe0, 0x64, 0x38, 0xff,
    0xe0, 0x68, 0x38, 0xff, 0xe0, 0x64, 0x30, 0xff, 0xe0, 0x64, 0x38, 0xff,
    0xe0, 0x64, 0x38, 0xff, 0xe0, 0x68, 0x38, 0xff, 0xe0, 0x64, 0x38, 0xff,
    0xd8, 0x64, 0x38, 0xff, 0xe0, 0x64, 0x38, 0xff, 0xe0, 0x64, 0x38, 0xff,
    0xe0, 0x60, 0x38, 0xff, 0xd8, 0x60, 0x38, 0xff, 0xd0, 0x60, 0x30, 0xff,
    0xd0, 0x5c, 0x30, 0xff, 0xc8, 0x58, 0x30, 0xff, 0xc8, 0x54, 0x30, 0xff,
    0xc0, 0x50, 0x28, 0xff, 0xb8, 0x50, 0x28, 0xff, 0xb8, 0x50, 0x28, 0xff,
    0xb8, 0x50, 0x28, 0xff, 0xb0, 0x4c, 0x28, 0xff, 0xb0, 0x4c, 0x28, 0xff,
    0xb0, 0x4c, 0x28, 0xff, 0xa8, 0x4c, 0x28, 0xff, 0xa8, 0x48, 0x28, 0xff,
    0xa0, 0x48, 0x28, 0xff, 0xa8, 0x4c, 0x30, 0xff, 0x90, 0x3c, 0x20, 0xff,
    0x60, 0x28, 0x18, 0xff, 0x68, 0x2c, 0x18, 0xff, 0x78, 0x34, 0x18, 0xff,
    0x78, 0x34, 0x20, 0xff, 0x70, 0x30, 0x18, 0xff, 0x80, 0x34, 0x20, 0xff,
    0x80, 0x38, 0x20, 0xff, 0x88, 0x38, 0x20, 0xff, 0x88, 0x38, 0x20, 0xff,
    0x88, 0x38, 0x20, 0xff, 0x88, 0x38, 0x20, 0xff, 0x88, 0x3c, 0x20, 0xff,
    0x88, 0x38, 0x20, 0xff, 0x90, 0x3c, 0x18, 0xff, 0x90, 0x38, 0x20, 0xff,
    0x98, 0x40, 0x20, 0xff, 0xb0, 0x48, 0x20, 0xff, 0xb0, 0x48, 0x28, 0xff,
    0xb8, 0x4c, 0x20, 0xff, 0xb8, 0x4c, 0x20, 0xff, 0xc0, 0x4c, 0x28, 0xff,
    0xb0, 0x44, 0x20, 0xff, 0xb8, 0x4c, 0x28, 0xff, 0xc0, 0x50, 0x28, 0xff,
    0xc0, 0x4c, 0x28, 0xff, 0xc0, 0x4c, 0x28, 0xff, 0xb8, 0x48, 0x28, 0xff,
    0xb8, 0x48, 0x20, 0xff, 0xb0, 0x44, 0x20, 0xff, 0xa8, 0x40, 0x20, 0xff,
    0xa0, 0x40, 0x20, 0xff, 0xb0, 0x44, 0x20, 0xff, 0xc0, 0x4c, 0x28, 0xff,
    0xb8, 0x48, 0x28, 0xff, 0xb8, 0x4c, 0x20, 0xff, 0xc0, 0x4c, 0x20, 0xff,
    0xc0, 0x4c, 0x28, 0xff, 0xc0, 0x4c, 0x28, 0xff, 0xc0, 0x4c, 0x20, 0xff,
    0xc0, 0x4c, 0x28, 0xff, 0xc0, 0x50, 0x28, 0xff, 0xc0, 0x50, 0x28, 0xff,
    0xc8, 0x50, 0x28, 0xff, 0xc0, 0x50, 0x28, 0xff, 0xc8, 0x50, 0x28, 0xff,
    0xc8, 0x50, 0x28, 0xff, 0xc0, 0x54, 0x28, 0xff, 0xc8, 0x54, 0x28, 0xff,
    0xc8, 0x54, 0x30, 0xff, 0xc8, 0x54, 0x28, 0xff, 0xc8, 0x54, 0x28, 0xff,
    0xc8, 0x58, 0x28, 0xff, 0xc8, 0x54, 0x30, 0xff, 0xc8, 0x54, 0x28, 0xff,
    0xc8, 0x54, 0x28, 0xff, 0xd0, 0x58, 0x28, 0xff, 0xd0, 0x54, 0x28, 0xff,
    0xc8, 0x58, 0x30, 0xff, 0xc8, 0x54, 0x28, 0xff, 0xd0, 0x54, 0x28, 0xff,
    0xd0, 0x5c, 0x30, 0xff, 0xd8, 0x58, 0x28, 0xff, 0xd8, 0x58, 0x30, 0xff,
    0xd0, 0x58, 0x28, 0xff, 0xd0, 0x58, 0x30, 0xff, 0xd0, 0x58, 0x28, 0xff,
    0xc8, 0x54, 0x28, 0xff, 0xd0, 0x58, 0x30, 0xff, 0xd0, 0x58, 0x28, 0xff,
    0xd0, 0x58, 0x30, 0xff, 0xd0, 0x5c, 0x28, 0xff, 0xd8, 0x58, 0x30, 0xff,
    0xd0, 0x58, 0x30, 0xff, 0xd0, 0x5c, 0x28, 0xff, 0xd0, 0x58, 0x28, 0xff,
    0xd8, 0x58, 0x30, 0xff, 0xd0, 0x58, 0x28, 0xff, 0xd0, 0x58, 0x30, 0xff,
    0xd8, 0x58, 0x28, 0xff, 0xd0, 0x58, 0x30, 0xff, 0xd0, 0x58, 0x30, 0xff,
    0xd8, 0x58, 0x28, 0xff, 0xd0, 0x5c, 0x30, 0xff, 0xd8, 0x5c, 0x30, 0xff,
    0xd8, 0x58, 0x28, 0xff, 0xd0, 0x58, 0x28, 0xff, 0xd8, 0x58, 0x30, 0xff,
    0xd8, 0x5c, 0x30, 0xff, 0xd0, 0x58, 0x28, 0xff, 0xd0, 0x58, 0x30, 0xff,
    0xd8, 0x58, 0x30, 0xff, 0xd8, 0x58, 0x28, 0xff, 0xd8, 0x58, 0x28, 0xff,
    0xd0, 0x58, 0x30, 0xff, 0xd8, 0x5c, 0x30, 0xff, 0xd0, 0x5c, 0x30, 0xff,
    0xd0, 0x5c, 0x30, 0xff, 0xd0, 0x58, 0x28, 0xff, 0xd8, 0x5c, 0x30, 0xff,
    0xd0, 0x5c, 0x30, 0xff, 0xd0, 0x5c, 0x28, 0xff, 0xd8, 0x5c, 0x30, 0xff,
    0xd8, 0x58, 0x30, 0xff, 0xd0, 0x5c, 0x30, 0xff, 0xd0, 0x5c, 0x30, 0xff,
    0xd8, 0x5c, 0x30, 0xff, 0xd8, 0x5c, 0x30, 0xff, 0xd8, 0x5c, 0x30, 0xff,
    0xd8, 0x5c, 0x30, 0xff, 0xd0, 0x5c, 0x30, 0xff, 0xd8, 0x60, 0x30, 0xff,
    0xd8, 0x60, 0x30, 0xff, 0xe0, 0x60, 0x30, 0xff, 0xe0, 0x64, 0x38, 0xff,
    0xe0, 0x64, 0x38, 0xff, 0xe0, 0x68, 0x38, 0xff, 0xe8, 0x68, 0x38, 0xff,
    0xe8, 0x68, 0x38, 0xff, 0xe0, 0x68, 0x38, 0xff, 0xe8, 0x68, 0x38, 0xff,
    0xe8, 0x68, 0x38, 0xff, 0xe0, 0x68, 0x38, 0xff, 0xe8, 0x68, 0x38, 0xff,
    0xe8, 0x68, 0x38, 0xff, 0xe8, 0x68, 0x38, 0xff, 0xe8, 0x68, 0x38, 0xff,
    0xe8, 0x68, 0x38, 0xff, 0xe0, 0x68, 0x38, 0xff, 0xe8, 0x64, 0x38, 0xff,
    0xe8, 0x68, 0x38, 0xff, 0xe0, 0x64, 0x38, 0xff, 0xe0, 0x68, 0x38, 0xff,
    0xe8, 0x68, 0x38, 0xff, 0xe8, 0x68, 0x38, 0xff, 0xe0, 0x68, 0x38, 0xff,
    0xe8, 0x68, 0x38, 0xff, 0xe0, 0x68, 0x38, 0xff, 0xe8, 0x64, 0x38, 0xff,
    0xe0, 0x68, 0x38, 0xff, 0xe8, 0x68, 0x38, 0xff, 0xe8, 0x64, 0x38, 0xff,
    0xe0, 0x68, 0x38, 0xff, 0xe8, 0x64, 0x38, 0xff, 0xe8, 0x68, 0x38, 0xff,
    0xe8, 0x68, 0x38, 0xff, 0xe0, 0x64, 0x38, 0xff, 0xe0, 0x64, 0x38, 0xff,
    0xe0, 0x64, 0x30, 0xff, 0xe0, 0x60, 0x30, 0xff, 0xd8, 0x5c, 0x30, 0xff,
    0xd8, 0x5c, 0x30, 0xff, 0xe0, 0x64, 0x30, 0xff, 0xe0, 0x60, 0x38, 0xff,
    0xe0, 0x64, 0x38, 0xff, 0xe0, 0x68, 0x38, 0xff, 0xe8, 0x68, 0x38, 0xff,
    0xe0, 0x68, 0x38, 0xff, 0xe8, 0x64, 0x38, 0xff, 0xe0, 0x68, 0x38, 0xff,
    0xe0, 0x64, 0x38, 0xff, 0xe8, 0x68, 0x38, 0xff, 0xe8, 0x68, 0x38, 0xff,
    0xe0, 0x64, 0x38, 0xff, 0xe8, 0x68, 0x38, 0xff, 0xe0, 0x68, 0x38, 0xff,
    0xe0, 0x64, 0x38, 0xff, 0xe0, 0x64, 0x38, 0xff, 0xe0, 0x68, 0x38, 0xff,
    0xe0, 0x64, 0x38, 0xff, 0xe8, 0x64, 0x38, 0xff, 0xe0, 0x64, 0x38, 0xff,
    0xe0, 0x64, 0x38, 0xff, 0xe0, 0x68, 0x38, 0xff, 0xe8, 0x64, 0x38, 0xff,
    0xe0, 0x64, 0x38, 0xff, 0xe0, 0x64, 0x38, 0xff, 0xe0, 0x64, 0x30, 0xff,
    0xe8, 0x64, 0x38, 0xff, 0xe0, 0x68, 0x38, 0xff, 0xe0, 0x64, 0x38, 0xff,
    0xe0, 0x68, 0x38, 0xff, 0xe0, 0x68, 0x38, 0xff, 0xe0, 0x64, 0x38, 0xff,
    0xe0, 0x64, 0x38, 0xff, 0xe0, 0x64, 0x38, 0xff, 0xe0, 0x64, 0x38, 0xff,
    0xe0, 0x64, 0x38, 0xff, 0xe0, 0x64, 0x38, 0xff, 0xe0, 0x64, 0x30, 0xff,
    0xe0, 0x64, 0x38, 0xff, 0xe0, 0x64, 0x38, 0xff, 0xe0, 0x64, 0x38, 0xff,
    0xe0, 0x64, 0x38, 0xff, 0xd8, 0x64, 0x38, 0xff, 0xd8, 0x60, 0x30, 0xff,
    0xd8, 0x5c, 0x38, 0xff, 0xd0, 0x5c, 0x30, 0xff, 0xc8, 0x5c, 0x30, 0xff,
    0xc8, 0x54, 0x30, 0xff, 0xc0, 0x50, 0x28, 0xff, 0xb8, 0x50, 0x28, 0xff,
    0xb8, 0x50, 0x30, 0xff, 0xb8, 0x50, 0x30, 0xff, 0xb0, 0x4c, 0x28, 0xff,
    0xb0, 0x4c, 0x28, 0xff, 0xb0, 0x4c, 0x30, 0xff, 0xa8, 0x4c, 0x28, 0xff,
    0xa8, 0x48, 0x28, 0xff, 0xa0, 0x48, 0x28, 0xff, 0xa8, 0x4c, 0x28, 0xff,
    0x90, 0x40, 0x20, 0xff, 0x68, 0x28, 0x18, 0xff, 0x68, 0x2c, 0x18, 0xff,
    0x78, 0x30, 0x18, 0xff, 0x78, 0x34, 0x20, 0xff, 0x70, 0x30, 0x18, 0xff,
    0x80, 0x38, 0x20, 0xff, 0x80, 0x38, 0x20, 0xff, 0x80, 0x38, 0x20, 0xff,
    0x88, 0x3c, 0x20, 0xff, 0x90, 0x3c, 0x20, 0xff, 0x90, 0x3c, 0x20, 0xff,
    0x88, 0x3c, 0x20, 0xff, 0x90, 0x3c, 0x20, 0xff, 0x90, 0x3c, 0x20, 0xff,
    0x90, 0x3c, 0x20, 0xff, 0xa0, 0x40, 0x20, 0xff, 0xb0, 0x48, 0x20, 0xff,
    0xb8, 0x4c, 0x28, 0xff, 0xb8, 0x4c, 0x28, 0xff, 0xb8, 0x4c, 0x20, 0xff,
    0xb8, 0x4c, 0x28, 0xff, 0xb0, 0x48, 0x20, 0xff, 0xb8, 0x48, 0x20, 0xff,
    0xc0, 0x4c, 0x28, 0xff, 0xc0, 0x4c, 0x20, 0xff, 0xc0, 0x4c, 0x28, 0xff,
    0xb8, 0x4c, 0x20, 0xff, 0xc0, 0x48, 0x20, 0xff, 0xb0, 0x48, 0x20, 0xff,
    0xb0, 0x44, 0x20, 0xff, 0xb0, 0x44, 0x28, 0xff, 0xb8, 0x4c, 0x28, 0xff,
    0xc0, 0x4c, 0x28, 0xff, 0xb8, 0x4c, 0x20, 0xff, 0xc0, 0x4c, 0x28, 0xff,
    0xc0, 0x4c, 0x28, 0xff, 0xc0, 0x4c, 0x28, 0xff, 0xc0, 0x4c, 0x28, 0xff,
    0xc0, 0x4c, 0x28, 0xff, 0xc0, 0x50, 0x28, 0xff, 0xc0, 0x50, 0x28, 0xff,
    0xc8, 0x50, 0x28, 0xff, 0xc0, 0x50, 0x28, 0xff, 0xc8, 0x50, 0x28, 0xff,
    0xc8, 0x50, 0x28, 0xff, 0xc8, 0x54, 0x28, 0xff, 0xc8, 0x54, 0x28, 0xff,
    0xc8, 0x54, 0x28, 0xff, 0xc8, 0x50, 0x28, 0xff, 0xc8, 0x54, 0x28, 0xff,
    0xc8, 0x54, 0x28, 0xff, 0xd0, 0x54, 0x30, 0xff, 0xc8, 0x54, 0x28, 0xff,
    0xc8, 0x58, 0x30, 0xff, 0xd0, 0x54, 0x30, 0xff, 0xc8, 0x54, 0x28, 0xff,
    0xc8, 0x58, 0x28, 0xff, 0xd0, 0x54, 0x30, 0xff, 0xc8, 0x54, 0x28, 0xff,
    0xd0, 0x58, 0x28, 0xff, 0xd0, 0x5c, 0x30, 0xff, 0xd0, 0x58, 0x30, 0xff,
    0xd8, 0x58, 0x28, 0xff, 0xd0, 0x58, 0x30, 0xff, 0xd0, 0x58, 0x30, 0xff,
    0xd0, 0x58, 0x28, 0xff, 0xd0, 0x54, 0x28, 0xff, 0xd0, 0x58, 0x28, 0xff,
    0xd0, 0x58, 0x30, 0xff, 0xd0, 0x58, 0x28, 0xff, 0xd0, 0x58, 0x30, 0xff,
    0xd0, 0x58, 0x28, 0xff, 0xd0, 0x5c, 0x30, 0xff, 0xd0, 0x58, 0x28, 0xff,
    0xd0, 0x58, 0x30, 0xff, 0xd0, 0x5c, 0x30, 0xff, 0xd8, 0x58, 0x28, 0xff,
    0xd0, 0x58, 0x30, 0xff, 0xd0, 0x58, 0x28, 0xff, 0xd0, 0x58, 0x28, 0xff,
    0xd0, 0x58, 0x30, 0xff, 0xd0, 0x58, 0x28, 0xff, 0xd0, 0x58, 0x30, 0xff,
    0xd0, 0x5c, 0x30, 0xff, 0xd0, 0x5c, 0x28, 0xff, 0xd0, 0x5c, 0x30, 0xff,
    0xd0, 0x58, 0x30, 0xff, 0xd0, 0x58, 0x28, 0xff, 0xd0, 0x58, 0x30, 0xff,
    0xd0, 0x58, 0x30, 0xff, 0xd0, 0x5c, 0x28, 0xff, 0xd0, 0x58, 0x30, 0xff,
    0xd0, 0x58, 0x30, 0xff, 0xd0, 0x58, 0x28, 0xff, 0xd8, 0x5c, 0x28, 0xff,
    0xd0, 0x58, 0x30, 0xff, 0xd0, 0x58, 0x30, 0xff, 0xd8, 0x5c, 0x28, 0xff,
    0xd0, 0x58, 0x30, 0xff, 0xd0, 0x58, 0x30, 0xff, 0xd8, 0x5c, 0x30, 0xff,
    0xd0, 0x5c, 0x28, 0xff, 0xd8, 0x5c, 0x30, 0xff, 0xd8, 0x58, 0x30, 0xff,
    0xd8, 0x5c, 0x30, 0xff, 0xd0, 0x5c, 0x30, 0xff, 0xd0, 0x5c, 0x30, 0xff,
    0xd8, 0x5c, 0x30, 0xff, 0xd8, 0x5c, 0x30, 0xff, 0xd0, 0x5c, 0x30, 0xff,
    0xd8, 0x5c, 0x30, 0xff, 0xe0, 0x60, 0x30, 0xff, 0xe0, 0x64, 0x38, 0xff,
    0xe0, 0x64, 0x30, 0xff, 0xe0, 0x64, 0x38, 0xff, 0xe0, 0x64, 0x38, 0xff,
    0xe8, 0x64, 0x38, 0xff, 0xe8, 0x68, 0x38, 0xff, 0xe0, 0x64, 0x38, 0xff,
    0xe8, 0x68, 0x40, 0xff, 0xe8, 0x68, 0x38, 0xff, 0xe0, 0x68, 0x38, 0xff,
    0xe8, 0x68, 0x40, 0xff, 0xe0, 0x64, 0x38, 0xff, 0xe0, 0x68, 0x38, 0xff,
    0xe8, 0x68, 0x38, 0xff, 0xe8, 0x68, 0x38, 0xff, 0xe0, 0x68, 0x38, 0xff,
    0xe8, 0x68, 0x38, 0xff, 0xe8, 0x68, 0x38, 0xff, 0xe8, 0x64, 0x38, 0xff,
    0xe8, 0x68, 0x38, 0xff, 0xe0, 0x64, 0x38, 0xff, 0xe8, 0x64, 0x38, 0xff,
    0xe8, 0x68, 0x38, 0xff, 0xe0, 0x68, 0x38, 0xff, 0xe8, 0x64, 0x38, 0xff,
    0xe8, 0x68, 0x38, 0xff, 0xe0, 0x68, 0x38, 0xff, 0xe8, 0x64, 0x38, 0xff,
    0xe8, 0x68, 0x38, 0xff, 0xe8, 0x68, 0x38, 0xff, 0xe8, 0x68, 0x38, 0xff,
    0xe0, 0x64, 0x38, 0xff, 0xe8, 0x68, 0x38, 0xff, 0xe0, 0x68, 0x38, 0xff,
    0xe0, 0x64, 0x38, 0xff, 0xe0, 0x60, 0x38, 0xff, 0xe0, 0x64, 0x30, 0xff,
    0xd8, 0x5c, 0x30, 0xff, 0xd8, 0x5c, 0x30, 0xff, 0xe0, 0x64, 0x38, 0xff,
    0xe0, 0x64, 0x30, 0xff, 0xe0, 0x60, 0x38, 0xff, 0xe0, 0x64, 0x38, 0xff,
    0xe0, 0x68, 0x38, 0xff, 0xe0, 0x64, 0x38, 0xff, 0xe8, 0x64, 0x38, 0xff,
    0xe0, 0x68, 0x38, 0xff, 0xe0, 0x64, 0x38, 0xff, 0xe8, 0x68, 0x38, 0xff,
    0xe0, 0x64, 0x38, 0xff, 0xe0, 0x64, 0x38, 0xff, 0xe0, 0x68, 0x38, 0xff,
    0xe0, 0x64, 0x38, 0xff, 0xe0, 0x64, 0x30, 0xff, 0xe0, 0x64, 0x38, 0xff,
    0xe0, 0x64, 0x38, 0xff, 0xe0, 0x68, 0x38, 0xff, 0xe0, 0x64, 0x38, 0xff,
    0xe0, 0x64, 0x38, 0xff, 0xe0, 0x68, 0x38, 0xff, 0xe8, 0x64, 0x30, 0xff,
    0xe0, 0x64, 0x38, 0xff, 0xe0, 0x68, 0x38, 0xff, 0xe0, 0x68, 0x38, 0xff,
    0xe0, 0x64, 0x38, 0xff, 0xe0, 0x64, 0x38, 0xff, 0xe0, 0x64, 0x38, 0xff,
    0xe8, 0x64, 0x38, 0xff, 0xe0, 0x64, 0x38, 0xff, 0xe0, 0x64, 0x38, 0xff,
    0xe0, 0x68, 0x38, 0xff, 0xe0, 0x64, 0x38, 0xff, 0xe0, 0x64, 0x38, 0xff,
    0xe0, 0x68, 0x38, 0xff, 0xe0, 0x68, 0x38, 0xff, 0xe0, 0x64, 0x38, 0xff,
    0xd8, 0x64, 0x38, 0xff, 0xe0, 0x64, 0x38, 0xff, 0xe0, 0x64, 0x38, 0xff,
    0xe0, 0x64, 0x38, 0xff, 0xe0, 0x64, 0x38, 0xff, 0xd8, 0x60, 0x38, 0xff,
    0xd8, 0x64, 0x30, 0xff, 0xd8, 0x60, 0x38, 0xff, 0xd0, 0x60, 0x38, 0xff,
    0xc8, 0x58, 0x30, 0xff, 0xc8, 0x58, 0x30, 0xff, 0xc0, 0x54, 0x30, 0xff,
    0xb8, 0x50, 0x28, 0xff, 0xb8, 0x50, 0x28, 0xff, 0xb8, 0x50, 0x30, 0xff,
    0xb8, 0x4c, 0x28, 0xff, 0xb0, 0x4c, 0x28, 0xff, 0xb0, 0x4c, 0x28, 0xff,
    0xa8, 0x48, 0x28, 0xff, 0xa8, 0x48, 0x28, 0xff, 0xa0, 0x48, 0x28, 0xff,
    0xa8, 0x4c, 0x30, 0xff, 0x90, 0x40, 0x20, 0xff, 0x68, 0x2c, 0x18, 0xff,
    0x70, 0x30, 0x18, 0xff, 0x78, 0x34, 0x18, 0xff, 0x78, 0x34, 0x20, 0xff,
    0x78, 0x34, 0x18, 0xff, 0x80, 0x38, 0x20, 0xff, 0x80, 0x38, 0x20, 0xff,
    0x88, 0x38, 0x20, 0xff, 0x88, 0x3c, 0x20, 0xff, 0x88, 0x3c, 0x20, 0xff,
    0x90, 0x3c, 0x20, 0xff, 0x90, 0x3c, 0x20, 0xff, 0x90, 0x3c, 0x20, 0xff,
    0x98, 0x3c, 0x20, 0xff, 0x98, 0x40, 0x20, 0xff, 0xa0, 0x40, 0x20, 0xff,
    0xb0, 0x48, 0x28, 0xff, 0xb8, 0x4c, 0x28, 0xff, 0xb8, 0x4c, 0x28, 0xff,
    0xb8, 0x48, 0x28, 0xff, 0xc0, 0x4c, 0x28, 0xff, 0xb8, 0x48, 0x20, 0xff,
    0xb8, 0x4c, 0x28, 0xff, 0xc0, 0x4c, 0x28, 0xff, 0xc0, 0x4c, 0x20, 0xff,
    0xc0, 0x4c, 0x20, 0xff, 0xc0, 0x4c, 0x28, 0xff, 0xb8, 0x4c, 0x20, 0xff,
    0xb8, 0x48, 0x20, 0xff, 0xb0, 0x44, 0x20, 0xff, 0xb0, 0x48, 0x20, 0xff,
    0xb8, 0x4c, 0x28, 0xff, 0xc0, 0x4c, 0x20, 0xff, 0xc0, 0x4c, 0x28, 0xff,
    0xc0, 0x4c, 0x28, 0xff, 0xc0, 0x4c, 0x28, 0xff, 0xc0, 0x50, 0x28, 0xff,
    0xc0, 0x50, 0x28, 0xff, 0xc0, 0x50, 0x28, 0xff, 0xc0, 0x50, 0x28, 0xff,
    0xc8, 0x50, 0x28, 0xff, 0xc8, 0x50, 0x28, 0xff, 0xc0, 0x50, 0x28, 0xff,
    0xc8, 0x50, 0x28, 0xff, 0xc8, 0x54, 0x28, 0xff, 0xc0, 0x54, 0x28, 0xff,
    0xc8, 0x54, 0x28, 0xff, 0xc8, 0x54, 0x30, 0xff, 0xc8, 0x54, 0x30, 0xff,
    0xc8, 0x54, 0x30, 0xff, 0xc8, 0x54, 0x28, 0xff, 0xc8, 0x54, 0x28, 0xff,
    0xd0, 0x58, 0x30, 0xff, 0xc8, 0x58, 0x28, 0xff, 0xd0, 0x54, 0x28, 0xff,
    0xd0, 0x54, 0x28, 0xff, 0xd0, 0x58, 0x30, 0xff, 0xd0, 0x58, 0x28, 0xff,
    0xc8, 0x54, 0x28, 0xff, 0xd0, 0x58, 0x30, 0xff, 0xd8, 0x60, 0x30, 0xff,
    0xd8, 0x5c, 0x30, 0xff, 0xd8, 0x5c, 0x30, 0xff, 0xd8, 0x5c, 0x30, 0xff,
    0xd0, 0x58, 0x28, 0xff, 0xd0, 0x58, 0x28, 0xff, 0xd0, 0x54, 0x28, 0xff,
    0xd0, 0x58, 0x30, 0xff, 0xd0, 0x58, 0x30, 0xff, 0xd0, 0x58, 0x28, 0xff,
    0xd0, 0x58, 0x30, 0xff, 0xd8, 0x58, 0x30, 0xff, 0xd0, 0x58, 0x28, 0xff,
    0xd8, 0x58, 0x30, 0xff, 0xd0, 0x58, 0x30, 0xff, 0xd0, 0x58, 0x30, 0xff,
    0xd0, 0x5c, 0x30, 0xff, 0xd0, 0x58, 0x30, 0xff, 0xd0, 0x58, 0x28, 0xff,
    0xd0, 0x58, 0x30, 0xff, 0xd0, 0x58, 0x30, 0xff, 0xd8, 0x58, 0x28, 0xff,
    0xd0, 0x58, 0x30, 0xff, 0xd0, 0x58, 0x30, 0xff, 0xd0, 0x58, 0x28, 0xff,
    0xd0, 0x58, 0x30, 0xff, 0xd8, 0x5c, 0x30, 0xff, 0xd0, 0x58, 0x28, 0xff,
    0xd0, 0x58, 0x30, 0xff, 0xd0, 0x5c, 0x28, 0xff, 0xd0, 0x58, 0x30, 0xff,
    0xd0, 0x58, 0x30, 0xff, 0xd0, 0x5c, 0x30, 0xff, 0xd0, 0x5c, 0x28, 0xff,
    0xd8, 0x58, 0x30, 0xff, 0xd0, 0x58, 0x30, 0xff, 0xd8, 0x5c, 0x30, 0xff,
    0xd0, 0x5c, 0x30, 0xff, 0xd0, 0x58, 0x30, 0xff, 0xd8, 0x58, 0x30, 0xff,
    0xd0, 0x58, 0x30, 0xff, 0xd0, 0x5c, 0x28, 0xff, 0xd0, 0x5c, 0x30, 0xff,
    0xd8, 0x5c, 0x30, 0xff, 0xd8, 0x58, 0x28, 0xff, 0xd8, 0x5c, 0x30, 0xff,
    0xd8, 0x5c, 0x30, 0xff, 0xd8, 0x5c, 0x28, 0xff, 0xd8, 0x5c, 0x30, 0xff,
    0xd8, 0x5c, 0x30, 0xff, 0xd8, 0x5c, 0x30, 0xff, 0xd8, 0x5c, 0x30, 0xff,
    0xd8, 0x60, 0x38, 0xff, 0xe0, 0x60, 0x38, 0xff, 0xe0, 0x60, 0x38, 0xff,
    0xe0, 0x64, 0x38, 0xff, 0xe0, 0x68, 0x38, 0xff, 0xe8, 0x68, 0x38, 0xff,
    0xe8, 0x68, 0x38, 0xff, 0xe8, 0x68, 0x38, 0xff, 0xe8, 0x64, 0x38, 0xff,
    0xe8, 0x68, 0x38, 0xff, 0xe8, 0x64, 0x38, 0xff, 0xe8, 0x68, 0x38, 0xff,
    0xe8, 0x64, 0x38, 0xff, 0xe8, 0x64, 0x40, 0xff, 0xe8, 0x68, 0x38, 0xff,
    0xe0, 0x64, 0x38, 0xff, 0xe8, 0x68, 0x38, 0xff, 0xe8, 0x68, 0x38, 0xff,
    0xe8, 0x68, 0x38, 0xff, 0xe8, 0x68, 0x38, 0xff, 0xe8, 0x68, 0x38, 0xff,
    0xe8, 0x68, 0x38, 0xff, 0xe8, 0x68, 0x38, 0xff, 0xe8, 0x64, 0x38, 0xff,
    0xe0, 0x68, 0x38, 0xff, 0xe8, 0x68, 0x38, 0xff, 0xe8, 0x68, 0x38, 0xff,
    0xe8, 0x68, 0x38, 0xff, 0xe0, 0x68, 0x38, 0xff, 0xe8, 0x68, 0x38, 0xff,
    0xe8, 0x68, 0x38, 0xff, 0xe8, 0x68, 0x38, 0xff, 0xe8, 0x64, 0x38, 0xff,
    0xe8, 0x68, 0x38, 0xff, 0xe0, 0x64, 0x38, 0xff, 0xe0, 0x64, 0x38, 0xff,
    0xe0, 0x64, 0x38, 0xff, 0xd8, 0x60, 0x30, 0xff, 0xd8, 0x5c, 0x30, 0xff,
    0xd8, 0x60, 0x30, 0xff, 0xe0, 0x64, 0x38, 0xff, 0xe0, 0x64, 0x38, 0xff,
    0xe0, 0x64, 0x38, 0xff, 0xe0, 0x64, 0x38, 0xff, 0xe0, 0x68, 0x38, 0xff,
    0xe8, 0x64, 0x38, 0xff, 0xe0, 0x68, 0x38, 0xff, 0xe0, 0x64, 0x38, 0xff,
    0xe0, 0x64, 0x38, 0xff, 0xe0, 0x64, 0x38, 0xff, 0xe0, 0x64, 0x30, 0xff,
    0xe0, 0x64, 0x38, 0xff, 0xe0, 0x64, 0x38, 0xff, 0xe0, 0x64, 0x38, 0xff,
    0xe0, 0x68, 0x38, 0xff, 0xe8, 0x64, 0x38, 0xff, 0xe0, 0x64, 0x30, 0xff,
    0xe0, 0x64, 0x38, 0xff, 0xe0, 0x68, 0x38, 0xff, 0xe0, 0x64, 0x38, 0xff,
    0xe0, 0x64, 0x38, 0xff, 0xe0, 0x64, 0x38, 0xff, 0xe0, 0x64, 0x30, 0xff,
    0xe0, 0x64, 0x38, 0xff, 0xe0, 0x68, 0x38, 0xff, 0xe0, 0x64, 0x38, 0xff,
    0xe0, 0x64, 0x30, 0xff, 0xe0, 0x68, 0x38, 0xff, 0xe0, 0x64, 0x38, 0xff,
    0xe0, 0x64, 0x30, 0xff, 0xe0, 0x64, 0x38, 0xff, 0xe0, 0x64, 0x38, 0xff,
    0xe0, 0x64, 0x30, 0xff, 0xe0, 0x64, 0x38, 0xff, 0xe0, 0x64, 0x38, 0xff,
    0xd8, 0x64, 0x30, 0xff, 0xd8, 0x64, 0x38, 0xff, 0xd8, 0x64, 0x38, 0xff,
    0xd8, 0x64, 0x38, 0xff, 0xd8, 0x64, 0x30, 0xff, 0xe0, 0x64, 0x38, 0xff,
    0xd8, 0x60, 0x38, 0xff, 0xd8, 0x60, 0x38, 0xff, 0xd0, 0x60, 0x30, 0xff,
    0xd0, 0x5c, 0x30, 0xff, 0xd0, 0x5c, 0x30, 0xff, 0xc8, 0x54, 0x30, 0xff,
    0xc0, 0x54, 0x30, 0xff, 0xc0, 0x50, 0x28, 0xff, 0xb8, 0x50, 0x28, 0xff,
    0xb8, 0x50, 0x28, 0xff, 0xb8, 0x4c, 0x30, 0xff, 0xb0, 0x4c, 0x28, 0xff,
    0xa8, 0x4c, 0x28, 0xff, 0xa8, 0x48, 0x28, 0xff, 0xa8, 0x48, 0x28, 0xff,
    0xa0, 0x48, 0x28, 0xff, 0xa0, 0x48, 0x28, 0xff, 0x98, 0x40, 0x28, 0xff,
    0x70, 0x2c, 0x18, 0xff, 0x70, 0x2c, 0x18, 0xff, 0x78, 0x34, 0x20, 0xff,
    0x78, 0x34, 0x20, 0xff, 0x70, 0x34, 0x20, 0xff, 0x80, 0x38, 0x20, 0xff,
    0x80, 0x38, 0x20, 0xff, 0x88, 0x38, 0x20, 0xff, 0x88, 0x38, 0x20, 0xff,
    0x88, 0x3c, 0x20, 0xff, 0x90, 0x3c, 0x20, 0xff, 0x90, 0x3c, 0x20, 0xff,
    0x90, 0x40, 0x20, 0xff, 0x98, 0x40, 0x20, 0xff, 0x98, 0x40, 0x20, 0xff,
    0xa0, 0x44, 0x20, 0xff, 0xb0, 0x48, 0x28, 0xff, 0xb8, 0x4c, 0x20, 0xff,
    0xb8, 0x4c, 0x28, 0xff, 0xb8, 0x4c, 0x28, 0xff, 0xc0, 0x4c, 0x28, 0xff,
    0xb8, 0x4c, 0x20, 0xff, 0xb8, 0x4c, 0x28, 0xff, 0xc0, 0x4c, 0x28, 0xff,
    0xc0, 0x4c, 0x28, 0xff, 0xc0, 0x4c, 0x28, 0xff, 0xc0, 0x4c, 0x28, 0xff,
    0xb8, 0x4c, 0x28, 0xff, 0xb8, 0x48, 0x20, 0xff, 0xb8, 0x48, 0x20, 0xff,
    0xb8, 0x4c, 0x28, 0xff, 0xb8, 0x48, 0x20, 0xff, 0xb8, 0x4c, 0x28, 0xff,
    0xc0, 0x4c, 0x28, 0xff, 0xb8, 0x4c, 0x20, 0xff, 0xc0, 0x4c, 0x20, 0xff,
    0xc0, 0x4c, 0x28, 0xff, 0xc0, 0x4c, 0x20, 0xff, 0xc0, 0x4c, 0x28, 0xff,
    0xc0, 0x50, 0x28, 0xff, 0xc0, 0x4c, 0x28, 0xff, 0xc0, 0x50, 0x28, 0xff,
    0xc0, 0x50, 0x28, 0xff, 0xc0, 0x50, 0x28, 0xff, 0xc0, 0x50, 0x28, 0xff,
    0xc0, 0x50, 0x28, 0xff, 0xc0, 0x50, 0x28, 0xff, 0xc0, 0x50, 0x28, 0xff,
    0xc8, 0x50, 0x28, 0xff, 0xc8, 0x50, 0x28, 0xff, 0xc8, 0x50, 0x28, 0xff,
    0xc8, 0x50, 0x28, 0xff, 0xc8, 0x50, 0x28, 0xff, 0xc0, 0x50, 0x28, 0xff,
    0xc8, 0x50, 0x28, 0xff, 0xc0, 0x50, 0x28, 0xff, 0xc8, 0x50, 0x28, 0xff,
    0xc8, 0x58, 0x28, 0xff, 0xd0, 0x58, 0x30, 0xff, 0xc8, 0x50, 0x28, 0xff,
    0xc8, 0x50, 0x28, 0xff, 0xc8, 0x54, 0x28, 0xff, 0xc8, 0x54, 0x28, 0xff,
    0xd0, 0x58, 0x28, 0xff, 0xd0, 0x5c, 0x30, 0xff, 0xd0, 0x58, 0x30, 0xff,
    0xc8, 0x54, 0x28, 0xff, 0xd0, 0x58, 0x28, 0xff, 0xd0, 0x58, 0x28, 0xff,
    0xd0, 0x58, 0x30, 0xff, 0xd0, 0x58, 0x28, 0xff, 0xd0, 0x58, 0x30, 0xff,
    0xd0, 0x58, 0x28, 0xff, 0xd0, 0x58, 0x28, 0xff, 0xd0, 0x58, 0x28, 0xff,
    0xd0, 0x58, 0x28, 0xff, 0xd0, 0x58, 0x30, 0xff, 0xd0, 0x58, 0x28, 0xff,
    0xd8, 0x58, 0x28, 0xff, 0xd0, 0x58, 0x30, 0xff, 0xd0, 0x58, 0x28, 0xff,
    0xd0, 0x58, 0x30, 0xff, 0xd0, 0x5c, 0x30, 0xff, 0xd8, 0x58, 0x28, 0xff,
    0xd0, 0x58, 0x30, 0xff, 0xd0, 0x58, 0x30, 0xff, 0xd8, 0x58, 0x28, 0xff,
    0xd0, 0x58, 0x30, 0xff, 0xd0, 0x5c, 0x30, 0xff, 0xd0, 0x58, 0x28, 0xff,
    0xd8, 0x58, 0x28, 0xff, 0xd0, 0x58, 0x30, 0xff, 0xd8, 0x58, 0x28, 0xff,
    0xd0, 0x58, 0x30, 0xff, 0xd0, 0x58, 0x30, 0xff, 0xd8, 0x5c, 0x28, 0xff,
    0xd8, 0x5c, 0x28, 0xff, 0xd0, 0x58, 0x30, 0xff, 0xd0, 0x5c, 0x28, 0xff,
    0xd8, 0x5c, 0x30, 0xff, 0xd0, 0x58, 0x30, 0xff, 0xd8, 0x5c, 0x30, 0xff,
    0xd0, 0x5c, 0x30, 0xff, 0xd0, 0x5c, 0x28, 0xff, 0xd8, 0x5c, 0x30, 0xff,
    0xd8, 0x5c, 0x30, 0xff, 0xd8, 0x5c, 0x30, 0xff, 0xd0, 0x5c, 0x30, 0xff,
    0xd8, 0x5c, 0x30, 0xff, 0xd8, 0x5c, 0x30, 0xff, 0xd8, 0x5c, 0x30, 0xff,
    0xd8, 0x60, 0x30, 0xff, 0xd8, 0x60, 0x30, 0xff, 0xe0, 0x64, 0x30, 0xff,
    0xe0, 0x64, 0x38, 0xff, 0xe0, 0x64, 0x38, 0xff, 0xe0, 0x68, 0x38, 0xff,
    0xe8, 0x68, 0x38, 0xff, 0xe0, 0x68, 0x38, 0xff, 0xe8, 0x64, 0x38, 0xff,
    0xe8, 0x68, 0x38, 0xff, 0xe0, 0x68, 0x38, 0xff, 0xe8, 0x68, 0x38, 0xff,
    0xe8, 0x68, 0x38, 0xff, 0xe0, 0x68, 0x38, 0xff, 0xe8, 0x68, 0x38, 0xff,
    0xe8, 0x68, 0x38, 0xff, 0xe8, 0x68, 0x38, 0xff, 0xe0, 0x64, 0x38, 0xff,
    0xe8, 0x68, 0x38, 0xff, 0xe0, 0x68, 0x38, 0xff, 0xe0, 0x64, 0x38, 0xff,
    0xe8, 0x68, 0x38, 0xff, 0xe0, 0x68, 0x38, 0xff, 0xe8, 0x68, 0x38, 0xff,
    0xe8, 0x68, 0x38, 0xff, 0xe0, 0x68, 0x38, 0xff, 0xe8, 0x64, 0x38, 0xff,
    0xe8, 0x68, 0x38, 0xff, 0xe0, 0x64, 0x38, 0xff, 0xe8, 0x64, 0x38, 0xff,
    0xe8, 0x68, 0x38, 0xff, 0xe0, 0x68, 0x38, 0xff, 0xe8, 0x64, 0x38, 0xff,
    0xe8, 0x68, 0x38, 0xff, 0xe0, 0x68, 0x38, 0xff, 0xe0, 0x64, 0x38, 0xff,
    0xe0, 0x64, 0x38, 0xff, 0xe0, 0x60, 0x30, 0xff, 0xd8, 0x60, 0x30, 0xff,
    0xd0, 0x5c, 0x30, 0xff, 0xe0, 0x60, 0x38, 0xff, 0xe0, 0x64, 0x38, 0xff,
    0xe0, 0x60, 0x30, 0xff, 0xe0, 0x64, 0x38, 0xff, 0xe8, 0x68, 0x38, 0xff,
    0xe8, 0x68, 0x38, 0xff, 0xe8, 0x68, 0x38, 0xff, 0xe8, 0x68, 0x38, 0xff,
    0xe8, 0x68, 0x38, 0xff, 0xe0, 0x68, 0x38, 0xff, 0xe8, 0x68, 0x38, 0xff,
    0xe8, 0x68, 0x38, 0xff, 0xe8, 0x68, 0x38, 0xff, 0xe8, 0x68, 0x38, 0xff,
    0xe8, 0x68, 0x38, 0xff, 0xe8, 0x68, 0x38, 0xff, 0xe8, 0x68, 0x38, 0xff,
    0xe8, 0x68, 0x38, 0xff, 0xe8, 0x68, 0x38, 0xff, 0xe8, 0x68, 0x38, 0xff,
    0xe0, 0x68, 0x38, 0xff, 0xe8, 0x68, 0x38, 0xff, 0xe0, 0x68, 0x38, 0xff,
    0xe0, 0x68, 0x38, 0xff, 0xe8, 0x68, 0x38, 0xff, 0xe8, 0x68, 0x38, 0xff,
    0xe0, 0x68, 0x38, 0xff, 0xe8, 0x68, 0x38, 0xff, 0xe8, 0x68, 0x38, 0xff,
    0xe8, 0x68, 0x38, 0xff, 0xe8, 0x68, 0x38, 0xff, 0xe8, 0x68, 0x38, 0xff,
    0xe8, 0x68, 0x38, 0xff, 0xe0, 0x68, 0x38, 0xff, 0xe0, 0x68, 0x38, 0xff,
    0xe0, 0x68, 0x38, 0xff, 0xe8, 0x68, 0x38, 0xff, 0xe0, 0x68, 0x38, 0xff,
    0xe0, 0x68, 0x38, 0xff, 0xe0, 0x64, 0x38, 0xff, 0xe0, 0x64, 0x38, 0xff,
    0xe0, 0x68, 0x38, 0xff, 0xe0, 0x64, 0x38, 0xff, 0xe0, 0x64, 0x38, 0xff,
    0xd8, 0x64, 0x38, 0xff, 0xd8, 0x60, 0x38, 0xff, 0xd0, 0x5c, 0x30, 0xff,
    0xc8, 0x58, 0x30, 0xff, 0xc0, 0x54, 0x30, 0xff, 0xc0, 0x54, 0x30, 0xff,
    0xb8, 0x50, 0x28, 0xff, 0xb8, 0x50, 0x30, 0xff, 0xb8, 0x50, 0x28, 0xff,
    0xb0, 0x50, 0x30, 0xff, 0xb0, 0x4c, 0x28, 0xff, 0xb0, 0x4c, 0x28, 0xff,
    0xa8, 0x4c, 0x28, 0xff, 0xa8, 0x48, 0x28, 0xff, 0xa8, 0x50, 0x30, 0xff,
    0x98, 0x40, 0x20, 0xff, 0x70, 0x30, 0x18, 0xff, 0x70, 0x30, 0x18, 0xff,
    0x78, 0x34, 0x20, 0xff, 0x78, 0x34, 0x20, 0xff, 0x78, 0x34, 0x18, 0xff,
    0x80, 0x38, 0x20, 0xff, 0x80, 0x38, 0x20, 0xff, 0x88, 0x38, 0x20, 0xff,
    0x88, 0x3c, 0x20, 0xff, 0x90, 0x3c, 0x20, 0xff, 0x90, 0x3c, 0x20, 0xff,
    0x90, 0x40, 0x20, 0xff, 0x98, 0x40, 0x20, 0xff, 0x98, 0x40, 0x20, 0xff,
    0x98, 0x40, 0x20, 0xff, 0xa8, 0x44, 0x20, 0xff, 0xb0, 0x48, 0x28, 0xff,
    0xb8, 0x4c, 0x28, 0xff, 0xb8, 0x4c, 0x20, 0xff, 0xb8, 0x4c, 0x28, 0xff,
    0xc0, 0x50, 0x28, 0xff, 0xb8, 0x4c, 0x20, 0xff, 0xb8, 0x4c, 0x28, 0xff,
    0xc0, 0x4c, 0x28, 0xff, 0xb8, 0x4c, 0x20, 0xff, 0xc0, 0x4c, 0x28, 0xff,
    0xc0, 0x4c, 0x20, 0xff, 0xc0, 0x4c, 0x28, 0xff, 0xb8, 0x48, 0x20, 0xff,
    0xb8, 0x48, 0x20, 0xff, 0xc0, 0x4c, 0x28, 0xff, 0xc0, 0x4c, 0x28, 0xff,
    0xc0, 0x4c, 0x28, 0xff, 0xc0, 0x4c, 0x28, 0xff, 0xc0, 0x4c, 0x28, 0xff,
    0xc0, 0x50, 0x28, 0xff, 0xc0, 0x50, 0x28, 0xff, 0xc0, 0x50, 0x28, 0xff,
    0xc0, 0x50, 0x28, 0xff, 0xc8, 0x50, 0x28, 0xff, 0xc0, 0x50, 0x28, 0xff,
    0xc0, 0x50, 0x28, 0xff, 0xc8, 0x50, 0x28, 0xff, 0xc8, 0x50, 0x28, 0xff,
    0xc8, 0x50, 0x28, 0xff, 0xc8, 0x50, 0x28, 0xff, 0xc8, 0x50, 0x28, 0xff,
    0xc8, 0x54, 0x28, 0xff, 0xc8, 0x54, 0x28, 0xff, 0xc8, 0x54, 0x28, 0xff,
    0xc8, 0x54, 0x30, 0xff, 0xc8, 0x54, 0x28, 0xff, 0xc8, 0x54, 0x28, 0xff,
    0xc8, 0x54, 0x30, 0xff, 0xc8, 0x54, 0x30, 0xff, 0xc8, 0x54, 0x28, 0xff,
    0xc8, 0x54, 0x28, 0xff, 0xc8, 0x54, 0x28, 0xff, 0xc8, 0x58, 0x28, 0xff,
    0xd0, 0x54, 0x28, 0xff, 0xd0, 0x54, 0x28, 0xff, 0xc8, 0x54, 0x28, 0xff,
    0xc8, 0x54, 0x28, 0xff, 0xc8, 0x50, 0x28, 0xff, 0xc0, 0x48, 0x20, 0xff,
    0xc8, 0x50, 0x28, 0xff, 0xd0, 0x54, 0x28, 0xff, 0xd0, 0x58, 0x30, 0xff,
    0xd0, 0x58, 0x30, 0xff, 0xd0, 0x58, 0x28, 0xff, 0xd0, 0x58, 0x30, 0xff,
    0xd0, 0x58, 0x28, 0xff, 0xd0, 0x54, 0x28, 0xff, 0xd0, 0x58, 0x30, 0xff,
    0xd0, 0x54, 0x30, 0xff, 0xd0, 0x54, 0x28, 0xff, 0xd0, 0x58, 0x28, 0xff,
    0xc8, 0x54, 0x28, 0xff, 0xd0, 0x58, 0x28, 0xff, 0xd0, 0x58, 0x30, 0xff,
    0xd0, 0x58, 0x30, 0xff, 0xd0, 0x58, 0x28, 0xff, 0xd0, 0x58, 0x28, 0xff,
    0xd0, 0x58, 0x30, 0xff, 0xd0, 0x5c, 0x28, 0xff, 0xd0, 0x58, 0x30, 0xff,
    0xd0, 0x58, 0x28, 0xff, 0xd0, 0x58, 0x28, 0xff, 0xd0, 0x58, 0x30, 0xff,
    0xd0, 0x58, 0x30, 0xff, 0xd0, 0x58, 0x30, 0xff, 0xd0, 0x5c, 0x28, 0xff,
    0xd8, 0x58, 0x30, 0xff, 0xd0, 0x58, 0x30, 0xff, 0xd8, 0x58, 0x28, 0xff,
    0xd0, 0x58, 0x30, 0xff, 0xd0, 0x5c, 0x30, 0xff, 0xd0, 0x58, 0x30, 0xff,
    0xd8, 0x5c, 0x30, 0xff, 0xd0, 0x58, 0x28, 0xff, 0xd0, 0x5c, 0x30, 0xff,
    0xd8, 0x5c, 0x30, 0xff, 0xd8, 0x58, 0x28, 0xff, 0xd0, 0x5c, 0x30, 0xff,
    0xd8, 0x5c, 0x30, 0xff, 0xd8, 0x5c, 0x30, 0xff, 0xd0, 0x5c, 0x30, 0xff,
    0xd8, 0x5c, 0x30, 0xff, 0xd8, 0x5c, 0x30, 0xff, 0xd0, 0x5c, 0x30, 0xff,
    0xd8, 0x5c, 0x30, 0xff, 0xd8, 0x5c, 0x30, 0xff, 0xd8, 0x60, 0x30, 0xff,
    0xe0, 0x64, 0x30, 0xff, 0xe0, 0x60, 0x38, 0xff, 0xe0, 0x64, 0x38, 0xff,
    0xe0, 0x64, 0x38, 0xff, 0xe8, 0x68, 0x38, 0xff, 0xe0, 0x68, 0x38, 0xff,
    0xe0, 0x68, 0x38, 0xff, 0xe8, 0x68, 0x38, 0xff, 0xe0, 0x68, 0x38, 0xff,
    0xe8, 0x68, 0x40, 0xff, 0xe8, 0x68, 0x38, 0xff, 0xe0, 0x68, 0x38, 0xff,
    0xe8, 0x68, 0x38, 0xff, 0xe8, 0x68, 0x38, 0xff, 0xe0, 0x68, 0x40, 0xff,
    0xe8, 0x64, 0x38, 0xff, 0xe8, 0x68, 0x38, 0xff, 0xe8, 0x68, 0x40, 0xff,
    0xe8, 0x64, 0x38, 0xff, 0xe8, 0x68, 0x38, 0xff, 0xe8, 0x68, 0x38, 0xff,
    0xe0, 0x64, 0x38, 0xff, 0xe8, 0x68, 0x38, 0xff, 0xe8, 0x68, 0x38, 0xff,
    0xe0, 0x68, 0x38, 0xff, 0xe8, 0x68, 0x38, 0xff, 0xe8, 0x68, 0x38, 0xff,
    0xe8, 0x68, 0x38, 0xff, 0xe8, 0x68, 0x38, 0xff, 0xe8, 0x64, 0x38, 0xff,
    0xe0, 0x68, 0x38, 0xff, 0xe8, 0x64, 0x38, 0xff, 0xe8, 0x68, 0x38, 0xff,
    0xe0, 0x68, 0x38, 0xff, 0xe0, 0x64, 0x38, 0xff, 0xe0, 0x60, 0x38, 0xff,
    0xe0, 0x64, 0x30, 0xff, 0xd0, 0x5c, 0x30, 0xff, 0xd8, 0x5c, 0x30, 0xff,
    0xe0, 0x64, 0x38, 0xff, 0xe0, 0x60, 0x38, 0xff, 0xe0, 0x64, 0x38, 0xff,
    0xe0, 0x64, 0x38, 0xff, 0xe8, 0x68, 0x38, 0xff, 0xe8, 0x6c, 0x38, 0xff,
    0xe8, 0x6c, 0x38, 0xff, 0xe8, 0x68, 0x38, 0xff, 0xe8, 0x68, 0x38, 0xff,
    0xe8, 0x68, 0x38, 0xff, 0xe8, 0x68, 0x38, 0xff, 0xe8, 0x68, 0x38, 0xff,
    0xe8, 0x68, 0x38, 0xff, 0xe8, 0x68, 0x38, 0xff, 0xe8, 0x68, 0x38, 0xff,
    0xe0, 0x68, 0x38, 0xff, 0xe8, 0x68, 0x38, 0xff, 0xe8, 0x68, 0x38, 0xff,
    0xe0, 0x68, 0x38, 0xff, 0xe8, 0x68, 0x38, 0xff, 0xe8, 0x68, 0x38, 0xff,
    0xe8, 0x68, 0x38, 0xff, 0xe8, 0x68, 0x38, 0xff, 0xe8, 0x6c, 0x38, 0xff,
    0xe8, 0x68, 0x38, 0xff, 0xe8, 0x68, 0x38, 0xff, 0xe8, 0x6c, 0x38, 0xff,
    0xe8, 0x68, 0x38, 0xff, 0xe8, 0x6c, 0x38, 0xff, 0xe8, 0x6c, 0x40, 0xff,
    0xe8, 0x6c, 0x40, 0xff, 0xe8, 0x68, 0x38, 0xff, 0xe8, 0x68, 0x38, 0xff,
    0xe8, 0x68, 0x38, 0xff, 0xe8, 0x68, 0x38, 0xff, 0xe8, 0x68, 0x38, 0xff,
    0xe8, 0x68, 0x38, 0xff, 0xe8, 0x68, 0x38, 0xff, 0xe8, 0x68, 0x38, 0xff,
    0xe8, 0x68, 0x38, 0xff, 0xe0, 0x68, 0x38, 0xff, 0xe0, 0x68, 0x38, 0xff,
    0xe0, 0x64, 0x38, 0xff, 0xd8, 0x64, 0x38, 0xff, 0xd8, 0x64, 0x38, 0xff,
    0xd0, 0x60, 0x38, 0xff, 0xd0, 0x5c, 0x30, 0xff, 0xc8, 0x58, 0x30, 0xff,
    0xc0, 0x54, 0x30, 0xff, 0xc0, 0x54, 0x28, 0xff, 0xb8, 0x50, 0x30, 0xff,
    0xb8, 0x50, 0x30, 0xff, 0xb8, 0x50, 0x30, 0xff, 0xb0, 0x50, 0x30, 0xff,
    0xb0, 0x4c, 0x28, 0xff, 0xa8, 0x4c, 0x28, 0xff, 0xa8, 0x4c, 0x30, 0xff,
    0xa0, 0x48, 0x28, 0xff, 0x80, 0x34, 0x18, 0xff, 0x78, 0x34, 0x20, 0xff,
    0x78, 0x30, 0x18, 0xff, 0x78, 0x34, 0x20, 0xff, 0x78, 0x34, 0x20, 0xff,
    0x78, 0x34, 0x18, 0xff, 0x80, 0x38, 0x20, 0xff, 0x80, 0x38, 0x20, 0xff,
    0x88, 0x38, 0x20, 0xff, 0x88, 0x3c, 0x20, 0xff, 0x90, 0x3c, 0x20, 0xff,
    0x90, 0x3c, 0x20, 0xff, 0x98, 0x40, 0x20, 0xff, 0x98, 0x40, 0x20, 0xff,
    0x98, 0x40, 0x20, 0xff, 0xa0, 0x40, 0x20, 0xff, 0xa8, 0x44, 0x28, 0xff,
    0xb0, 0x48, 0x28, 0xff, 0xb8, 0x4c, 0x28, 0xff, 0xb8, 0x4c, 0x28, 0xff,
    0xb8, 0x4c, 0x28, 0xff, 0xc0, 0x4c, 0x28, 0xff, 0xb8, 0x4c, 0x20, 0xff,
    0xc0, 0x4c, 0x28, 0xff, 0xc0, 0x50, 0x28, 0xff, 0xc0, 0x4c, 0x28, 0xff,
    0xc0, 0x4c, 0x20, 0xff, 0xc0, 0x4c, 0x28, 0xff, 0xc0, 0x4c, 0x28, 0xff,
    0xb8, 0x4c, 0x20, 0xff, 0xb8, 0x48, 0x20, 0xff, 0xc0, 0x4c, 0x28, 0xff,
    0xc0, 0x4c, 0x28, 0xff, 0xc0, 0x50, 0x28, 0xff, 0xc0, 0x4c, 0x20, 0xff,
    0xc0, 0x50, 0x28, 0xff, 0xc0, 0x50, 0x28, 0xff, 0xc0, 0x50, 0x28, 0xff,
    0xc8, 0x4c, 0x28, 0xff, 0xc8, 0x50, 0x28, 0xff, 0xc0, 0x50, 0x28, 0xff,
    0xc8, 0x50, 0x28, 0xff, 0xc8, 0x50, 0x28, 0xff, 0xc8, 0x50, 0x28, 0xff,
    0xc8, 0x54, 0x28, 0xff, 0xc8, 0x54, 0x28, 0xff, 0xc8, 0x54, 0x28, 0xff,
    0xc8, 0x54, 0x28, 0xff, 0xc8, 0x54, 0x30, 0xff, 0xc8, 0x54, 0x28, 0xff,
    0xc8, 0x54, 0x30, 0xff, 0xc8, 0x58, 0x28, 0xff, 0xc8, 0x58, 0x28, 0xff,
    0xc8, 0x54, 0x30, 0xff, 0xc8, 0x58, 0x28, 0xff, 0xc8, 0x58, 0x28, 0xff,
    0xd0, 0x58, 0x28, 0xff, 0xd0, 0x54, 0x30, 0xff, 0xd0, 0x58, 0x28, 0xff,
    0xc8, 0x54, 0x28, 0xff, 0xd0, 0x58, 0x30, 0xff, 0xd8, 0x5c, 0x30, 0xff,
    0xd8, 0x5c, 0x30, 0xff, 0xd8, 0x5c, 0x30, 0xff, 0xd8, 0x5c, 0x30, 0xff,
    0xd0, 0x58, 0x28, 0xff, 0xc8, 0x50, 0x28, 0xff, 0xd0, 0x54, 0x28, 0xff,
    0xd0, 0x58, 0x30, 0xff, 0xd0, 0x58, 0x28, 0xff, 0xd0, 0x58, 0x30, 0xff,
    0xd0, 0x58, 0x30, 0xff, 0xd0, 0x58, 0x30, 0xff, 0xd0, 0x58, 0x28, 0xff,
    0xd0, 0x58, 0x30, 0xff, 0xd0, 0x58, 0x30, 0xff, 0xd8, 0x58, 0x30, 0xff,
    0xd0, 0x58, 0x30, 0xff, 0xd0, 0x58, 0x30, 0xff, 0xd0, 0x54, 0x28, 0xff,
    0xd0, 0x58, 0x30, 0xff, 0xd0, 0x58, 0x30, 0xff, 0xd0, 0x58, 0x28, 0xff,
    0xd8, 0x58, 0x30, 0xff, 0xd0, 0x58, 0x30, 0xff, 0xd0, 0x58, 0x30, 0xff,
    0xd8, 0x58, 0x28, 0xff, 0xd0, 0x5c, 0x30, 0xff, 0xd0, 0x58, 0x30, 0xff,
    0xd0, 0x58, 0x28, 0xff, 0xd0, 0x58, 0x30, 0xff, 0xd0, 0x5c, 0x30, 0xff,
    0xd0, 0x58, 0x28, 0xff, 0xd0, 0x58, 0x30, 0xff, 0xd0, 0x5c, 0x30, 0xff,
    0xd8, 0x5c, 0x28, 0xff, 0xd8, 0x58, 0x30, 0xff, 0xd0, 0x58, 0x28, 0xff,
    0xd0, 0x5c, 0x28, 0xff, 0xd8, 0x5c, 0x30, 0xff, 0xd0, 0x58, 0x28, 0xff,
    0xd0, 0x58, 0x30, 0xff, 0xd8, 0x5c, 0x30, 0xff, 0xd8, 0x5c, 0x30, 0xff,
    0xd0, 0x58, 0x30, 0xff, 0xd0, 0x5c, 0x30, 0xff, 0xd8, 0x5c, 0x30, 0xff,
    0xd8, 0x5c, 0x30, 0xff, 0xd8, 0x5c, 0x28, 0xff, 0xd8, 0x5c, 0x30, 0xff,
    0xd8, 0x5c, 0x30, 0xff, 0xd8, 0x5c, 0x30, 0xff, 0xd8, 0x5c, 0x30, 0xff,
    0xd8, 0x60, 0x30, 0xff, 0xd8, 0x64, 0x38, 0xff, 0xe0, 0x60, 0x30, 0xff,
    0xe0, 0x64, 0x38, 0xff, 0xe0, 0x68, 0x38, 0xff, 0xe0, 0x68, 0x38, 0xff,
    0xe8, 0x64, 0x38, 0xff, 0xe8, 0x68, 0x38, 0xff, 0xe8, 0x64, 0x38, 0xff,
    0xe0, 0x68, 0x38, 0xff, 0xe8, 0x64, 0x38, 0xff, 0xe8, 0x64, 0x38, 0xff,
    0xe8, 0x68, 0x38, 0xff, 0xe8, 0x64, 0x40, 0xff, 0xe8, 0x68, 0x38, 0xff,
    0xe8, 0x68, 0x38, 0xff, 0xe8, 0x68, 0x38, 0xff, 0xe8, 0x68, 0x38, 0xff,
    0xe0, 0x68, 0x38, 0xff, 0xe8, 0x68, 0x38, 0xff, 0xe8, 0x68, 0x38, 0xff,
    0xe8, 0x64, 0x40, 0xff, 0xe8, 0x68, 0x38, 0xff, 0xe8, 0x64, 0x38, 0xff,
    0xe0, 0x68, 0x38, 0xff, 0xe8, 0x64, 0x40, 0xff, 0xe8, 0x68, 0x38, 0xff,
    0xe0, 0x68, 0x38, 0xff, 0xe8, 0x68, 0x38, 0xff, 0xe8, 0x64, 0x38, 0xff,
    0xe0, 0x68, 0x38, 0xff, 0xe8, 0x68, 0x38, 0xff, 0xe0, 0x68, 0x38, 0xff,
    0xe8, 0x68, 0x38, 0xff, 0xe0, 0x64, 0x38, 0xff, 0xe0, 0x64, 0x38, 0xff,
    0xe0, 0x64, 0x38, 0xff, 0xe0, 0x64, 0x38, 0xff, 0xd8, 0x60, 0x30, 0xff,
    0xd0, 0x5c, 0x30, 0xff, 0xd0, 0x58, 0x28, 0xff, 0xd0, 0x5c, 0x30, 0xff,
    0xe0, 0x64, 0x38, 0xff, 0xd0, 0x58, 0x28, 0xff, 0xa0, 0x40, 0x20, 0xff,
    0x90, 0x34, 0x18, 0xff, 0xa8, 0x44, 0x20, 0xff, 0xc0, 0x50, 0x28, 0xff,
    0xc0, 0x4c, 0x28, 0xff, 0xc0, 0x4c, 0x28, 0xff, 0xc0, 0x4c, 0x28, 0xff,
    0xc0, 0x4c, 0x28, 0xff, 0xb8, 0x4c, 0x28, 0xff, 0xc0, 0x4c, 0x28, 0xff,
    0xb8, 0x4c, 0x28, 0xff, 0xb8, 0x4c, 0x28, 0xff, 0xc0, 0x4c, 0x20, 0xff,
    0xb8, 0x4c, 0x28, 0xff, 0xb8, 0x4c, 0x20, 0xff, 0xc0, 0x4c, 0x28, 0xff,
    0xb8, 0x4c, 0x20, 0xff, 0xb8, 0x48, 0x20, 0xff, 0xb8, 0x48, 0x28, 0xff,
    0xb0, 0x48, 0x20, 0xff, 0xb0, 0x48, 0x20, 0xff, 0xb0, 0x44, 0x20, 0xff,
    0xa8, 0x44, 0x20, 0xff, 0xa0, 0x40, 0x20, 0xff, 0x88, 0x34, 0x18, 0xff,
    0x90, 0x38, 0x18, 0xff, 0x78, 0x30, 0x18, 0xff, 0xa8, 0x40, 0x20, 0xff,
    0xb0, 0x44, 0x20, 0xff, 0xa8, 0x44, 0x20, 0xff, 0xa8, 0x44, 0x20, 0xff,
    0xa8, 0x44, 0x20, 0xff, 0xa8, 0x44, 0x20, 0xff, 0xa8, 0x44, 0x20, 0xff,
    0xa8, 0x44, 0x20, 0xff, 0xa8, 0x44, 0x20, 0xff, 0xa8, 0x44, 0x20, 0xff,
    0xa0, 0x44, 0x20, 0xff, 0xa0, 0x40, 0x20, 0xff, 0xa0, 0x40, 0x20, 0xff,
    0xa0, 0x40, 0x20, 0xff, 0x98, 0x40, 0x20, 0xff, 0x98, 0x3c, 0x20, 0xff,
    0x98, 0x3c, 0x20, 0xff, 0x90, 0x3c, 0x20, 0xff, 0x90, 0x38, 0x20, 0xff,
    0x88, 0x38, 0x18, 0xff, 0x88, 0x38, 0x18, 0xff, 0x60, 0x28, 0x10, 0xff,
    0x68, 0x28, 0x10, 0xff, 0x98, 0x3c, 0x20, 0xff, 0x88, 0x3c, 0x20, 0xff,
    0x80, 0x34, 0x20, 0xff, 0x70, 0x2c, 0x18, 0xff, 0x80, 0x34, 0x18, 0xff,
    0x80, 0x38, 0x20, 0xff, 0x78, 0x30, 0x18, 0xff, 0x80, 0x34, 0x20, 0xff,
    0x78, 0x34, 0x20, 0xff, 0x78, 0x34, 0x20, 0xff, 0x80, 0x38, 0x20, 0xff,
    0x80, 0x38, 0x20, 0xff, 0x88, 0x3c, 0x20, 0xff, 0x90, 0x3c, 0x20, 0xff,
    0x90, 0x3c, 0x20, 0xff, 0x98, 0x40, 0x20, 0xff, 0x98, 0x40, 0x20, 0xff,
    0x98, 0x40, 0x20, 0xff, 0xa0, 0x40, 0x20, 0xff, 0xa0, 0x40, 0x20, 0xff,
    0xb0, 0x48, 0x20, 0xff, 0xb8, 0x4c, 0x28, 0xff, 0xb8, 0x4c, 0x28, 0xff,
    0xb8, 0x4c, 0x28, 0xff, 0xb8, 0x4c, 0x28, 0xff, 0xc0, 0x50, 0x28, 0xff,
    0xb8, 0x4c, 0x28, 0xff, 0xc0, 0x50, 0x28, 0xff, 0xc0, 0x50, 0x28, 0xff,
    0xc0, 0x50, 0x28, 0xff, 0xc0, 0x4c, 0x28, 0xff, 0xc0, 0x4c, 0x20, 0xff,
    0xc0, 0x4c, 0x20, 0xff, 0xc0, 0x4c, 0x28, 0xff, 0xc0, 0x48, 0x20, 0xff,
    0xc0, 0x50, 0x28, 0xff, 0xc0, 0x50, 0x28, 0xff, 0xc0, 0x4c, 0x28, 0xff,
    0xc0, 0x50, 0x28, 0xff, 0xc0, 0x50, 0x28, 0xff, 0xc0, 0x50, 0x28, 0xff,
    0xc8, 0x50, 0x28, 0xff, 0xc0, 0x50, 0x28, 0xff, 0xc0, 0x50, 0x28, 0xff,
    0xc0, 0x50, 0x28, 0xff, 0xc8, 0x50, 0x28, 0xff, 0xc8, 0x54, 0x28, 0xff,
    0xc0, 0x50, 0x28, 0xff, 0xc8, 0x50, 0x28, 0xff, 0xc8, 0x54, 0x28, 0xff,
    0xc8, 0x54, 0x28, 0xff, 0xc8, 0x54, 0x28, 0xff, 0xc8, 0x54, 0x28, 0xff,
    0xc8, 0x54, 0x30, 0xff, 0xc8, 0x54, 0x28, 0xff, 0xc8, 0x54, 0x28, 0xff,
    0xc8, 0x54, 0x30, 0xff, 0xc8, 0x54, 0x28, 0xff, 0xc8, 0x54, 0x28, 0xff,
    0xd0, 0x54, 0x28, 0xff, 0xc8, 0x54, 0x30, 0xff, 0xc8, 0x58, 0x28, 0xff,
    0xd0, 0x54, 0x28, 0xff, 0xc8, 0x54, 0x30, 0xff, 0xd0, 0x54, 0x28, 0xff,
    0xd0, 0x58, 0x30, 0xff, 0xd0, 0x58, 0x30, 0xff, 0xd0, 0x58, 0x28, 0xff,
    0xd0, 0x58, 0x30, 0xff, 0xd0, 0x58, 0x30, 0xff, 0xd0, 0x58, 0x28, 0xff,
    0xc8, 0x54, 0x28, 0xff, 0xd0, 0x58, 0x28, 0xff, 0xd0, 0x54, 0x28, 0xff,
    0xd0, 0x58, 0x30, 0xff, 0xd0, 0x58, 0x28, 0xff, 0xd0, 0x58, 0x28, 0xff,
    0xd0, 0x58, 0x30, 0xff, 0xd0, 0x58, 0x28, 0xff, 0xd0, 0x58, 0x28, 0xff,
    0xd0, 0x58, 0x30, 0xff, 0xd0, 0x58, 0x28, 0xff, 0xd0, 0x58, 0x30, 0xff,
    0xd0, 0x58, 0x28, 0xff, 0xd0, 0x58, 0x28, 0xff, 0xd0, 0x58, 0x28, 0xff,
    0xd0, 0x58, 0x30, 0xff, 0xd0, 0x5c, 0x30, 0xff, 0xd0, 0x58, 0x28, 0xff,
    0xd0, 0x58, 0x30, 0xff, 0xd8, 0x5c, 0x30, 0xff, 0xd0, 0x58, 0x28, 0xff,
    0xd8, 0x58, 0x30, 0xff, 0xd0, 0x58, 0x30, 0xff, 0xd0, 0x58, 0x28, 0xff,
    0xd0, 0x58, 0x30, 0xff, 0xd0, 0x58, 0x28, 0xff, 0xd0, 0x58, 0x30, 0xff,
    0xd8, 0x58, 0x28, 0xff, 0xd0, 0x58, 0x30, 0xff, 0xd0, 0x5c, 0x30, 0xff,
    0xd8, 0x58, 0x28, 0xff, 0xd0, 0x58, 0x30, 0xff, 0xd0, 0x5c, 0x30, 0xff,
    0xd8, 0x58, 0x28, 0xff, 0xd0, 0x58, 0x30, 0xff, 0xd0, 0x5c, 0x30, 0xff,
    0xd8, 0x5c, 0x30, 0xff, 0xd0, 0x5c, 0x28, 0xff, 0xd0, 0x58, 0x30, 0xff,
    0xd8, 0x5c, 0x30, 0xff, 0xd0, 0x5c, 0x30, 0xff, 0xd8, 0x5c, 0x30, 0xff,
    0xd8, 0x5c, 0x30, 0xff, 0xd8, 0x5c, 0x30, 0xff, 0xd8, 0x5c, 0x30, 0xff,
    0xd8, 0x5c, 0x30, 0xff, 0xd8, 0x60, 0x30, 0xff, 0xe0, 0x60, 0x38, 0xff,
    0xe0, 0x64, 0x30, 0xff, 0xe0, 0x64, 0x38, 0xff, 0xe0, 0x64, 0x38, 0xff,
    0xe0, 0x68, 0x38, 0xff, 0xe8, 0x68, 0x38, 0xff, 0xe8, 0x68, 0x38, 0xff,
    0xe0, 0x68, 0x38, 0xff, 0xe8, 0x68, 0x38, 0xff, 0xe0, 0x68, 0x38, 0xff,
    0xe0, 0x68, 0x38, 0xff, 0xe8, 0x68, 0x38, 0xff, 0xe0, 0x68, 0x38, 0xff,
    0xe0, 0x68, 0x38, 0xff, 0xe8, 0x64, 0x38, 0xff, 0xe8, 0x68, 0x38, 0xff,
    0xe0, 0x68, 0x38, 0xff, 0xe8, 0x64, 0x38, 0xff, 0xe8, 0x68, 0x38, 0xff,
    0xe0, 0x68, 0x38, 0xff, 0xe0, 0x68, 0x38, 0xff, 0xe8, 0x68, 0x38, 0xff,
    0xe8, 0x68, 0x38, 0xff, 0xe0, 0x68, 0x38, 0xff, 0xe8, 0x64, 0x38, 0xff,
    0xe0, 0x68, 0x38, 0xff, 0xe8, 0x68, 0x38, 0xff, 0xe8, 0x68, 0x40, 0xff,
    0xe0, 0x68, 0x38, 0xff, 0xe8, 0x68, 0x38, 0xff, 0xe8, 0x68, 0x38, 0xff,
    0xe8, 0x68, 0x38, 0xff, 0xe0, 0x68, 0x38, 0xff, 0xe0, 0x68, 0x38, 0xff,
    0xe0, 0x64, 0x38, 0xff, 0xe0, 0x64, 0x30, 0xff, 0xe0, 0x60, 0x38, 0xff,
    0xd8, 0x60, 0x30, 0xff, 0xd8, 0x5c, 0x30, 0xff, 0xd0, 0x58, 0x30, 0xff,
    0xd0, 0x58, 0x30, 0xff, 0xe0, 0x64, 0x30, 0xff, 0xd0, 0x5c, 0x30, 0xff,
    0xb8, 0x48, 0x20, 0xff, 0x80, 0x2c, 0x18, 0xff, 0x80, 0x30, 0x18, 0xff,
    0xb8, 0x4c, 0x28, 0xff, 0xc0, 0x4c, 0x20, 0xff, 0xb8, 0x4c, 0x20, 0xff,
    0xb8, 0x4c, 0x20, 0xff, 0xb8, 0x48, 0x20, 0xff, 0xb8, 0x48, 0x20, 0xff,
    0xb8, 0x48, 0x20, 0xff, 0xb8, 0x48, 0x20, 0xff, 0xb8, 0x48, 0x20, 0xff,
    0xb8, 0x48, 0x20, 0xff, 0xb0, 0x48, 0x20, 0xff, 0xb8, 0x48, 0x20, 0xff,
    0xb0, 0x44, 0x20, 0xff, 0xb0, 0x44, 0x20, 0xff, 0xb0, 0x44, 0x20, 0xff,
    0xa8, 0x44, 0x20, 0xff, 0xa8, 0x44, 0x20, 0xff, 0xa0, 0x44, 0x20, 0xff,
    0xa8, 0x44, 0x20, 0xff, 0xa0, 0x40, 0x20, 0xff, 0x90, 0x38, 0x18, 0xff,
    0x70, 0x2c, 0x18, 0xff, 0x80, 0x30, 0x18, 0xff, 0x58, 0x24, 0x10, 0xff,
    0x80, 0x34, 0x18, 0xff, 0xb0, 0x48, 0x20, 0xff, 0xa0, 0x40, 0x20, 0xff,
    0xa0, 0x40, 0x20, 0xff, 0xa0, 0x40, 0x20, 0xff, 0xa0, 0x40, 0x20, 0xff,
    0xa0, 0x40, 0x20, 0xff, 0xa0, 0x40, 0x20, 0xff, 0x98, 0x40, 0x20, 0xff,
    0xa0, 0x40, 0x20, 0xff, 0x98, 0x3c, 0x20, 0xff, 0x98, 0x3c, 0x20, 0xff,
    0x98, 0x3c, 0x20, 0xff, 0x90, 0x3c, 0x20, 0xff, 0x90, 0x3c, 0x20, 0xff,
    0x90, 0x38, 0x18, 0xff, 0x88, 0x38, 0x20, 0xff, 0x88, 0x38, 0x18, 0xff,
    0x88, 0x34, 0x18, 0xff, 0x88, 0x34, 0x20, 0xff, 0x78, 0x34, 0x18, 0xff,
    0x50, 0x24, 0x10, 0xff, 0x60, 0x24, 0x10, 0xff, 0x88, 0x38, 0x20, 0xff,
    0x80, 0x34, 0x18, 0xff, 0x80, 0x34, 0x18, 0xff, 0x78, 0x34, 0x18, 0xff,
    0x80, 0x38, 0x20, 0xff, 0x88, 0x38, 0x20, 0xff, 0x78, 0x34, 0x18, 0xff,
    0x80, 0x34, 0x20, 0xff, 0x78, 0x34, 0x20, 0xff, 0x78, 0x34, 0x18, 0xff,
    0x80, 0x38, 0x20, 0xff, 0x88, 0x38, 0x20, 0xff, 0x88, 0x3c, 0x20, 0xff,
    0x88, 0x3c, 0x20, 0xff, 0x90, 0x40, 0x20, 0xff, 0x90, 0x3c, 0x20, 0xff,
    0x98, 0x40, 0x20, 0xff, 0x98, 0x40, 0x28, 0xff, 0x98, 0x40, 0x28, 0xff,
    0xa0, 0x44, 0x20, 0xff, 0xb0, 0x48, 0x28, 0xff, 0xb0, 0x48, 0x28, 0xff,
    0xb8, 0x4c, 0x28, 0xff, 0xb8, 0x4c, 0x20, 0xff, 0xc0, 0x50, 0x28, 0xff,
    0xc0, 0x50, 0x28, 0xff, 0xb8, 0x4c, 0x28, 0xff, 0xc0, 0x4c, 0x28, 0xff,
    0xc0, 0x4c, 0x20, 0xff, 0xc0, 0x50, 0x28, 0xff, 0xc0, 0x50, 0x28, 0xff,
    0xc0, 0x50, 0x28, 0xff, 0xc0, 0x4c, 0x28, 0xff, 0xc0, 0x4c, 0x20, 0xff,
    0xb8, 0x4c, 0x28, 0xff, 0xc0, 0x50, 0x28, 0xff, 0xc0, 0x4c, 0x28, 0xff,
    0xc0, 0x50, 0x28, 0xff, 0xc0, 0x50, 0x28, 0xff, 0xc0, 0x50, 0x28, 0xff,
    0xc0, 0x50, 0x28, 0xff, 0xc8, 0x50, 0x28, 0xff, 0xc0, 0x50, 0x28, 0xff,
    0xc0, 0x50, 0x28, 0xff, 0xc8, 0x50, 0x28, 0xff, 0xc8, 0x50, 0x28, 0xff,
    0xc8, 0x54, 0x28, 0xff, 0xc8, 0x50, 0x28, 0xff, 0xc0, 0x54, 0x28, 0xff,
    0xc8, 0x54, 0x28, 0xff, 0xc8, 0x54, 0x30, 0xff, 0xc8, 0x50, 0x30, 0xff,
    0xc8, 0x54, 0x28, 0xff, 0xc8, 0x54, 0x28, 0xff, 0xc8, 0x54, 0x28, 0xff,
    0xc8, 0x54, 0x28, 0xff, 0xc8, 0x54, 0x30, 0xff, 0xc8, 0x54, 0x28, 0xff,
    0xc8, 0x54, 0x30, 0xff, 0xd0, 0x54, 0x30, 0xff, 0xc8, 0x54, 0x28, 0xff,
    0xd0, 0x58, 0x28, 0xff, 0xc8, 0x54, 0x28, 0xff, 0xc8, 0x54, 0x28, 0xff,
    0xd0, 0x58, 0x28, 0xff, 0xd0, 0x58, 0x30, 0xff, 0xd0, 0x58, 0x30, 0xff,
    0xd0, 0x58, 0x28, 0xff, 0xd0, 0x58, 0x30, 0xff, 0xd0, 0x58, 0x28, 0xff,
    0xd0, 0x54, 0x28, 0xff, 0xd0, 0x54, 0x28, 0xff, 0xd0, 0x54, 0x30, 0xff,
    0xd0, 0x54, 0x30, 0xff, 0xd0, 0x58, 0x28, 0xff, 0xd0, 0x58, 0x30, 0xff,
    0xd0, 0x58, 0x30, 0xff, 0xd0, 0x58, 0x28, 0xff, 0xd8, 0x58, 0x30, 0xff,
    0xd0, 0x58, 0x28, 0xff, 0xd0, 0x58, 0x30, 0xff, 0xd0, 0x58, 0x30, 0xff,
    0xd0, 0x58, 0x28, 0xff, 0xd0, 0x58, 0x30, 0xff, 0xd0, 0x54, 0x28, 0xff,
    0xd0, 0x58, 0x30, 0xff, 0xd0, 0x58, 0x30, 0xff, 0xd0, 0x58, 0x28, 0xff,
    0xd0, 0x58, 0x28, 0xff, 0xd0, 0x5c, 0x30, 0xff, 0xd0, 0x58, 0x30, 0xff,
    0xd0, 0x58, 0x28, 0xff, 0xd0, 0x5c, 0x30, 0xff, 0xd0, 0x58, 0x30, 0xff,
    0xd0, 0x58, 0x28, 0xff, 0xd8, 0x58, 0x30, 0xff, 0xd0, 0x5c, 0x30, 0xff,
    0xd0, 0x58, 0x28, 0xff, 0xd0, 0x58, 0x30, 0xff, 0xd0, 0x58, 0x30, 0xff,
    0xd0, 0x58, 0x28, 0xff, 0xd0, 0x58, 0x30, 0xff, 0xd8, 0x5c, 0x30, 0xff,
    0xd0, 0x58, 0x30, 0xff, 0xd8, 0x5c, 0x30, 0xff, 0xd0, 0x5c, 0x28, 0xff,
    0xd0, 0x58, 0x30, 0xff, 0xd8, 0x58, 0x30, 0xff, 0xd8, 0x5c, 0x30, 0xff,
    0xd0, 0x5c, 0x30, 0xff, 0xd8, 0x5c, 0x30, 0xff, 0xd0, 0x5c, 0x30, 0xff,
    0xd0, 0x5c, 0x30, 0xff, 0xd8, 0x5c, 0x30, 0xff, 0xd8, 0x5c, 0x30, 0xff,
    0xd8, 0x5c, 0x30, 0xff, 0xd8, 0x5c, 0x30, 0xff, 0xd8, 0x60, 0x30, 0xff,
    0xd8, 0x60, 0x30, 0xff, 0xe0, 0x60, 0x38, 0xff, 0xe0, 0x64, 0x38, 0xff,
    0xe0, 0x64, 0x38, 0xff, 0xe0, 0x68, 0x38, 0xff, 0xe0, 0x68, 0x38, 0xff,
    0xe8, 0x64, 0x38, 0xff, 0xe8, 0x68, 0x38, 0xff, 0xe8, 0x68, 0x40, 0xff,
    0xe8, 0x64, 0x38, 0xff, 0xe0, 0x68, 0x38, 0xff, 0xe8, 0x68, 0x40, 0xff,
    0xe8, 0x68, 0x38, 0xff, 0xe8, 0x64, 0x38, 0xff, 0xe0, 0x68, 0x38, 0xff,
    0xe0, 0x68, 0x38, 0xff, 0xe8, 0x68, 0x38, 0xff, 0xe8, 0x64, 0x38, 0xff,
    0xe0, 0x68, 0x40, 0xff, 0xe8, 0x68, 0x38, 0xff, 0xe8, 0x64, 0x38, 0xff,
    0xe8, 0x68, 0x40, 0xff, 0xe0, 0x68, 0x38, 0xff, 0xe8, 0x68, 0x38, 0xff,
    0xe8, 0x68, 0x38, 0xff, 0xe8, 0x68, 0x38, 0xff, 0xe8, 0x64, 0x38, 0xff,
    0xe0, 0x68, 0x38, 0xff, 0xe8, 0x68, 0x38, 0xff, 0xe0, 0x64, 0x38, 0xff,
    0xe8, 0x64, 0x40, 0xff, 0xe0, 0x68, 0x38, 0xff, 0xe8, 0x64, 0x38, 0xff,
    0xe8, 0x68, 0x38, 0xff, 0xe0, 0x68, 0x38, 0xff, 0xe0, 0x64, 0x38, 0xff,
    0xe0, 0x64, 0x38, 0xff, 0xd8, 0x60, 0x30, 0xff, 0xd8, 0x60, 0x30, 0xff,
    0xd8, 0x5c, 0x30, 0xff, 0xd8, 0x58, 0x30, 0xff, 0xd8, 0x5c, 0x30, 0xff,
    0xd8, 0x60, 0x30, 0xff, 0xd0, 0x5c, 0x30, 0xff, 0xb0, 0x44, 0x20, 0xff,
    0x80, 0x30, 0x18, 0xff, 0xc0, 0x4c, 0x28, 0xff, 0xc8, 0x50, 0x28, 0xff,
    0xc8, 0x50, 0x28, 0xff, 0xc8, 0x50, 0x28, 0xff, 0xc8, 0x50, 0x28, 0xff,
    0xc8, 0x50, 0x28, 0xff, 0xc8, 0x50, 0x28, 0xff, 0xc0, 0x50, 0x28, 0xff,
    0xc0, 0x50, 0x28, 0xff, 0xc8, 0x50, 0x28, 0xff, 0xc0, 0x50, 0x28, 0xff,
    0xc0, 0x50, 0x28, 0xff, 0xc0, 0x50, 0x28, 0xff, 0xc0, 0x50, 0x28, 0xff,
    0xc0, 0x50, 0x28, 0xff, 0xc0, 0x50, 0x28, 0xff, 0xc0, 0x4c, 0x28, 0xff,
    0xc0, 0x4c, 0x28, 0xff, 0xc0, 0x50, 0x28, 0xff, 0xb8, 0x48, 0x28, 0xff,
    0xa0, 0x40, 0x20, 0xff, 0x90, 0x38, 0x18, 0xff, 0xb0, 0x44, 0x20, 0xff,
    0x80, 0x30, 0x18, 0xff, 0x88, 0x38, 0x18, 0xff, 0xc8, 0x50, 0x28, 0xff,
    0xc0, 0x4c, 0x28, 0xff, 0xb8, 0x4c, 0x28, 0xff, 0xc0, 0x4c, 0x28, 0xff,
    0xc0, 0x4c, 0x28, 0xff, 0xc0, 0x4c, 0x28, 0xff, 0xc0, 0x4c, 0x28, 0xff,
    0xb8, 0x4c, 0x28, 0xff, 0xb8, 0x4c, 0x28, 0xff, 0xb8, 0x4c, 0x28, 0xff,
    0xb8, 0x48, 0x28, 0xff, 0xb8, 0x48, 0x20, 0xff, 0xb0, 0x48, 0x20, 0xff,
    0xb0, 0x48, 0x20, 0xff, 0xa8, 0x44, 0x20, 0xff, 0xa8, 0x44, 0x20, 0xff,
    0xa0, 0x44, 0x20, 0xff, 0xa0, 0x40, 0x20, 0xff, 0xa0, 0x44, 0x28, 0xff,
    0x88, 0x34, 0x20, 0xff, 0x68, 0x28, 0x18, 0xff, 0x80, 0x34, 0x18, 0xff,
    0x90, 0x3c, 0x20, 0xff, 0x88, 0x38, 0x20, 0xff, 0x90, 0x3c, 0x20, 0xff,
    0x88, 0x38, 0x20, 0xff, 0x80, 0x38, 0x20, 0xff, 0x80, 0x38, 0x20, 0xff,
    0x78, 0x34, 0x20, 0xff, 0x80, 0x34, 0x20, 0xff, 0x78, 0x38, 0x20, 0xff,
    0x78, 0x34, 0x20, 0xff, 0x80, 0x38, 0x20, 0xff, 0x88, 0x38, 0x20, 0xff,
    0x88, 0x3c, 0x20, 0xff, 0x88, 0x3c, 0x20, 0xff, 0x90, 0x3c, 0x20, 0xff,
    0x98, 0x40, 0x20, 0xff, 0x98, 0x40, 0x20, 0xff, 0x98, 0x40, 0x20, 0xff,
    0xa0, 0x40, 0x20, 0xff, 0xa0, 0x44, 0x20, 0xff, 0xb0, 0x48, 0x28, 0xff,
    0xb8, 0x4c, 0x28, 0xff, 0xb8, 0x4c, 0x28, 0xff, 0xb8, 0x50, 0x28, 0xff,
    0xc0, 0x4c, 0x28, 0xff, 0xc0, 0x4c, 0x28, 0xff, 0xb8, 0x4c, 0x20, 0xff,
    0xc0, 0x50, 0x28, 0xff, 0xc0, 0x50, 0x28, 0xff, 0xc0, 0x4c, 0x28, 0xff,
    0xc0, 0x50, 0x20, 0xff, 0xc0, 0x4c, 0x28, 0xff, 0xc0, 0x4c, 0x28, 0xff,
    0xc0, 0x4c, 0x20, 0xff, 0xc0, 0x4c, 0x20, 0xff, 0xc0, 0x50, 0x28, 0xff,
    0xc0, 0x50, 0x28, 0xff, 0xc0, 0x50, 0x28, 0xff, 0xc0, 0x50, 0x28, 0xff,
    0xc8, 0x50, 0x28, 0xff, 0xc8, 0x50, 0x28, 0xff, 0xc0, 0x50, 0x28, 0xff,
    0xc0, 0x50, 0x28, 0xff, 0xc8, 0x50, 0x28, 0xff, 0xc8, 0x54, 0x28, 0xff,
    0xc8, 0x50, 0x28, 0xff, 0xc0, 0x50, 0x28, 0xff, 0xc8, 0x50, 0x28, 0xff,
    0xc8, 0x54, 0x28, 0xff, 0xc8, 0x54, 0x28, 0xff, 0xc8, 0x54, 0x28, 0xff,
    0xc8, 0x54, 0x28, 0xff, 0xc8, 0x50, 0x28, 0xff, 0xc8, 0x54, 0x30, 0xff,
    0xc8, 0x54, 0x28, 0xff, 0xc8, 0x54, 0x28, 0xff, 0xc8, 0x54, 0x30, 0xff,
    0xc8, 0x54, 0x28, 0xff, 0xc8, 0x54, 0x28, 0xff, 0xd0, 0x54, 0x28, 0xff,
    0xd0, 0x58, 0x28, 0xff, 0xc8, 0x54, 0x30, 0xff, 0xd0, 0x58, 0x28, 0xff,
    0xc8, 0x54, 0x28, 0xff, 0xd0, 0x58, 0x28, 0xff, 0xd8, 0x58, 0x30, 0xff,
    0xd0, 0x58, 0x30, 0xff, 0xd0, 0x5c, 0x30, 0xff, 0xd8, 0x58, 0x28, 0xff,
    0xd0, 0x58, 0x28, 0xff, 0xc8, 0x54, 0x28, 0xff, 0xd0, 0x54, 0x28, 0xff,
    0xd0, 0x58, 0x30, 0xff, 0xd0, 0x58, 0x30, 0xff, 0xd0, 0x58, 0x28, 0xff,
    0xd0, 0x58, 0x30, 0xff, 0xd0, 0x58, 0x28, 0xff, 0xd0, 0x58, 0x30, 0xff,
    0xd0, 0x58, 0x30, 0xff, 0xd0, 0x58, 0x28, 0xff, 0xd0, 0x58, 0x30, 0xff,
    0xd0, 0x58, 0x28, 0xff, 0xd0, 0x58, 0x28, 0xff, 0xd0, 0x58, 0x30, 0xff,
    0xd0, 0x54, 0x28, 0xff, 0xd0, 0x58, 0x28, 0xff, 0xd0, 0x58, 0x30, 0xff,
    0xd0, 0x58, 0x28, 0xff, 0xd8, 0x58, 0x30, 0xff, 0xd0, 0x58, 0x30, 0xff,
    0xd0, 0x58, 0x28, 0xff, 0xd0, 0x58, 0x30, 0xff, 0xd0, 0x58, 0x28, 0xff,
    0xd0, 0x58, 0x30, 0xff, 0xd0, 0x58, 0x28, 0xff, 0xd0, 0x58, 0x30, 0xff,
    0xd0, 0x58, 0x30, 0xff, 0xd0, 0x5c, 0x28, 0xff, 0xd0, 0x58, 0x30, 0xff,
    0xd8, 0x5c, 0x30, 0xff, 0xd8, 0x58, 0x28, 0xff, 0xd0, 0x58, 0x30, 0xff,
    0xd0, 0x58, 0x28, 0xff, 0xd8, 0x58, 0x30, 0xff, 0xd0, 0x5c, 0x28, 0xff,
    0xd0, 0x5c, 0x30, 0xff, 0xd0, 0x58, 0x30, 0xff, 0xd0, 0x58, 0x28, 0xff,
    0xd0, 0x5c, 0x30, 0xff, 0xd8, 0x5c, 0x30, 0xff, 0xd8, 0x58, 0x28, 0xff,
    0xd0, 0x5c, 0x30, 0xff, 0xd8, 0x5c, 0x30, 0xff, 0xd0, 0x5c, 0x28, 0xff,
    0xd8, 0x5c, 0x30, 0xff, 0xd8, 0x5c, 0x30, 0xff, 0xd8, 0x5c, 0x30, 0xff,
    0xd8, 0x5c, 0x30, 0xff, 0xd8, 0x60, 0x30, 0xff, 0xd8, 0x60, 0x30, 0xff,
    0xe0, 0x60, 0x38, 0xff, 0xe0, 0x64, 0x38, 0xff, 0xe0, 0x64, 0x38, 0xff,
    0xe0, 0x68, 0x38, 0xff, 0xe8, 0x68, 0x38, 0xff, 0xe0, 0x64, 0x38, 0xff,
    0xe8, 0x68, 0x38, 0xff, 0xe8, 0x68, 0x38, 0xff, 0xe0, 0x64, 0x38, 0xff,
    0xe8, 0x68, 0x38, 0xff, 0xe8, 0x68, 0x38, 0xff, 0xe0, 0x68, 0x38, 0xff,
    0xe8, 0x68, 0x38, 0xff, 0xe0, 0x68, 0x38, 0xff, 0xe8, 0x68, 0x38, 0xff,
    0xe8, 0x68, 0x38, 0xff, 0xe0, 0x68, 0x38, 0xff, 0xe8, 0x64, 0x38, 0xff,
    0xe8, 0x68, 0x38, 0xff, 0xe8, 0x64, 0x38, 0xff, 0xe0, 0x68, 0x38, 0xff,
    0xe0, 0x68, 0x38, 0xff, 0xe8, 0x68, 0x38, 0xff, 0xe8, 0x68, 0x40, 0xff,
    0xe0, 0x64, 0x38, 0xff, 0xe8, 0x68, 0x38, 0xff, 0xe8, 0x68, 0x38, 0xff,
    0xe0, 0x68, 0x38, 0xff, 0xe0, 0x68, 0x38, 0xff, 0xe8, 0x68, 0x38, 0xff,
    0xe8, 0x68, 0x38, 0xff, 0xe0, 0x64, 0x38, 0xff, 0xe0, 0x68, 0x38, 0xff,
    0xe0, 0x64, 0x38, 0xff, 0xe0, 0x60, 0x30, 0xff, 0xe0, 0x60, 0x38, 0xff,
    0xd8, 0x60, 0x30, 0xff, 0xd8, 0x5c, 0x30, 0xff, 0xd0, 0x5c, 0x30, 0xff,
    0xd8, 0x5c, 0x30, 0xff, 0xd8, 0x60, 0x30, 0xff, 0xd8, 0x5c, 0x30, 0xff,
    0xb0, 0x44, 0x20, 0xff, 0x70, 0x30, 0x10, 0xff, 0xb0, 0x44, 0x20, 0xff,
    0xc8, 0x54, 0x28, 0xff, 0xc0, 0x50, 0x28, 0xff, 0xc8, 0x50, 0x28, 0xff,
    0xc8, 0x50, 0x28, 0xff, 0xc0, 0x54, 0x28, 0xff, 0xc8, 0x50, 0x28, 0xff,
    0xc8, 0x50, 0x28, 0xff, 0xc8, 0x50, 0x28, 0xff, 0xc8, 0x50, 0x28, 0xff,
    0xc0, 0x50, 0x28, 0xff, 0xc0, 0x50, 0x28, 0xff, 0xc8, 0x50, 0x28, 0xff,
    0xc0, 0x50, 0x28, 0xff, 0xc0, 0x50, 0x28, 0xff, 0xc8, 0x50, 0x28, 0xff,
    0xc0, 0x50, 0x28, 0xff, 0xc0, 0x50, 0x28, 0xff, 0xc0, 0x50, 0x28, 0xff,
    0xa8, 0x40, 0x20, 0xff, 0x98, 0x3c, 0x18, 0xff, 0xa0, 0x40, 0x20, 0xff,
    0xc0, 0x4c, 0x20, 0xff, 0x88, 0x38, 0x18, 0xff, 0x68, 0x28, 0x10, 0xff,
    0xc0, 0x4c, 0x28, 0xff, 0xc0, 0x50, 0x28, 0xff, 0xb8, 0x4c, 0x28, 0xff,
    0xc0, 0x4c, 0x28, 0xff, 0xc0, 0x4c, 0x28, 0xff, 0xb8, 0x4c, 0x28, 0xff,
    0xc0, 0x4c, 0x28, 0xff, 0xc0, 0x4c, 0x28, 0xff, 0xb8, 0x4c, 0x28, 0xff,
    0xb8, 0x4c, 0x20, 0xff, 0xb8, 0x48, 0x28, 0xff, 0xb8, 0x48, 0x28, 0xff,
    0xb8, 0x48, 0x28, 0xff, 0xb0, 0x48, 0x28, 0xff, 0xb0, 0x48, 0x28, 0xff,
    0xa8, 0x44, 0x20, 0xff, 0xa8, 0x44, 0x28, 0xff, 0xa0, 0x40, 0x20, 0xff,
    0xa0, 0x44, 0x20, 0xff, 0x70, 0x2c, 0x18, 0xff, 0x70, 0x30, 0x18, 0xff,
    0x88, 0x34, 0x18, 0xff, 0x90, 0x3c, 0x20, 0xff, 0x90, 0x38, 0x20, 0xff,
    0x90, 0x3c, 0x20, 0xff, 0x90, 0x3c, 0x20, 0xff, 0x88, 0x3c, 0x20, 0xff,
    0x80, 0x38, 0x20, 0xff, 0x78, 0x34, 0x18, 0xff, 0x80, 0x38, 0x20, 0xff,
    0x80, 0x38, 0x20, 0xff, 0x78, 0x38, 0x20, 0xff, 0x88, 0x3c, 0x20, 0xff,
    0x88, 0x3c, 0x20, 0xff, 0x90, 0x3c, 0x20, 0xff, 0x90, 0x40, 0x20, 0xff,
    0x90, 0x3c, 0x20, 0xff, 0x98, 0x40, 0x28, 0xff, 0x98, 0x40, 0x20, 0xff,
    0xa0, 0x40, 0x20, 0xff, 0xa0, 0x44, 0x20, 0xff, 0xa8, 0x44, 0x28, 0xff,
    0xb0, 0x48, 0x28, 0xff, 0xb0, 0x4c, 0x20, 0xff, 0xb8, 0x4c, 0x28, 0xff,
    0xb8, 0x50, 0x28, 0xff, 0xc0, 0x50, 0x28, 0xff, 0xc0, 0x50, 0x28, 0xff,
    0xb8, 0x4c, 0x28, 0xff, 0xc0, 0x50, 0x28, 0xff, 0xc0, 0x50, 0x28, 0xff,
    0xc0, 0x4c, 0x28, 0xff, 0xc0, 0x50, 0x28, 0xff, 0xc0, 0x50, 0x20, 0xff,
    0xc0, 0x4c, 0x28, 0xff, 0xc0, 0x4c, 0x20, 0xff, 0xc0, 0x4c, 0x28, 0xff,
    0xc0, 0x50, 0x28, 0xff, 0xc0, 0x50, 0x28, 0xff, 0xc0, 0x50, 0x28, 0xff,
    0xc8, 0x50, 0x28, 0xff, 0xc8, 0x4c, 0x28, 0xff, 0xc8, 0x50, 0x28, 0xff,
    0xc0, 0x50, 0x28, 0xff, 0xc8, 0x50, 0x28, 0xff, 0xc8, 0x50, 0x28, 0xff,
    0xc8, 0x54, 0x28, 0xff, 0xc8, 0x50, 0x28, 0xff, 0xc0, 0x50, 0x28, 0xff,
    0xc8, 0x54, 0x28, 0xff, 0xc8, 0x54, 0x28, 0xff, 0xc8, 0x54, 0x30, 0xff,
    0xc8, 0x54, 0x28, 0xff, 0xc8, 0x54, 0x28, 0xff, 0xc8, 0x54, 0x30, 0xff,
    0xc8, 0x54, 0x30, 0xff, 0xc8, 0x54, 0x28, 0xff, 0xc8, 0x54, 0x28, 0xff,
    0xc8, 0x54, 0x30, 0xff, 0xc8, 0x58, 0x28, 0xff, 0xd0, 0x54, 0x28, 0xff,
    0xc8, 0x54, 0x28, 0xff, 0xc8, 0x58, 0x30, 0xff, 0xd0, 0x54, 0x28, 0xff,
    0xc8, 0x54, 0x28, 0xff, 0xc8, 0x54, 0x30, 0xff, 0xd0, 0x58, 0x28, 0xff,
    0xd0, 0x58, 0x30, 0xff, 0xd0, 0x58, 0x28, 0xff, 0xd0, 0x58, 0x30, 0xff,
    0xd0, 0x58, 0x30, 0xff, 0xd0, 0x58, 0x28, 0xff, 0xd0, 0x54, 0x30, 0xff,
    0xc8, 0x54, 0x28, 0xff, 0xd0, 0x58, 0x28, 0xff, 0xd0, 0x54, 0x30, 0xff,
    0xd0, 0x58, 0x28, 0xff, 0xd0, 0x58, 0x28, 0xff, 0xd0, 0x58, 0x30, 0xff,
    0xd0, 0x58, 0x28, 0xff, 0xd0, 0x58, 0x28, 0xff, 0xd0, 0x58, 0x30, 0xff,
    0xd0, 0x58, 0x30, 0xff, 0xd0, 0x58, 0x30, 0xff, 0xd0, 0x58, 0x28, 0xff,
    0xd0, 0x58, 0x30, 0xff, 0xd0, 0x58, 0x28, 0xff, 0xd0, 0x58, 0x30, 0xff,
    0xd0, 0x58, 0x30, 0xff, 0xd0, 0x58, 0x30, 0xff, 0xd0, 0x58, 0x30, 0xff,
    0xd0, 0x5c, 0x28, 0xff, 0xd0, 0x58, 0x30, 0xff, 0xd8, 0x58, 0x30, 0xff,
    0xd8, 0x5c, 0x28, 0xff, 0xd0, 0x58, 0x28, 0xff, 0xd0, 0x58, 0x30, 0xff,
    0xd8, 0x58, 0x30, 0xff, 0xd0, 0x58, 0x28, 0xff, 0xd0, 0x58, 0x30, 0xff,
    0xd8, 0x58, 0x28, 0xff, 0xd0, 0x58, 0x30, 0xff, 0xd0, 0x5c, 0x30, 0xff,
    0xd0, 0x58, 0x28, 0xff, 0xd0, 0x58, 0x30, 0xff, 0xd8, 0x5c, 0x30, 0xff,
    0xd0, 0x58, 0x28, 0xff, 0xd0, 0x5c, 0x30, 0xff, 0xd8, 0x5c, 0x30, 0xff,
    0xd8, 0x58, 0x28, 0xff, 0xd0, 0x58, 0x30, 0xff, 0xd0, 0x58, 0x30, 0xff,
    0xd8, 0x5c, 0x30, 0xff, 0xd0, 0x58, 0x30, 0xff, 0xd8, 0x5c, 0x30, 0xff,
    0xd0, 0x5c, 0x30, 0xff, 0xd0, 0x5c, 0x30, 0xff, 0xd8, 0x5c, 0x30, 0xff,
    0xd8, 0x5c, 0x30, 0xff, 0xd8, 0x5c, 0x30, 0xff, 0xd8, 0x60, 0x30, 0xff,
    0xd8, 0x64, 0x30, 0xff, 0xe0, 0x64, 0x30, 0xff, 0xe0, 0x60, 0x38, 0xff,
    0xe0, 0x64, 0x38, 0xff, 0xe8, 0x68, 0x38, 0xff, 0xe8, 0x68, 0x38, 0xff,
    0xe0, 0x68, 0x38, 0xff, 0xe0, 0x68, 0x38, 0xff, 0xe8, 0x68, 0x38, 0xff,
    0xe8, 0x68, 0x38, 0xff, 0xe0, 0x64, 0x38, 0xff, 0xe8, 0x68, 0x38, 0xff,
    0xe8, 0x64, 0x38, 0xff, 0xe0, 0x64, 0x40, 0xff, 0xe8, 0x68, 0x38, 0xff,
    0xe8, 0x64, 0x38, 0xff, 0xe0, 0x68, 0x38, 0xff, 0xe8, 0x68, 0x38, 0xff,
    0xe0, 0x68, 0x38, 0xff, 0xe0, 0x68, 0x38, 0xff, 0xe8, 0x68, 0x38, 0xff,
    0xe8, 0x64, 0x38, 0xff, 0xe0, 0x68, 0x38, 0xff, 0xe0, 0x64, 0x38, 0xff,
    0xe8, 0x68, 0x38, 0xff, 0xe8, 0x68, 0x38, 0xff, 0xe0, 0x68, 0x38, 0xff,
    0xe8, 0x64, 0x40, 0xff, 0xe8, 0x68, 0x38, 0xff, 0xe0, 0x68, 0x38, 0xff,
    0xe8, 0x64, 0x38, 0xff, 0xe0, 0x68, 0x38, 0xff, 0xe0, 0x68, 0x38, 0xff,
    0xe8, 0x68, 0x38, 0xff, 0xe0, 0x64, 0x38, 0xff, 0xe0, 0x60, 0x38, 0xff,
    0xe0, 0x64, 0x30, 0xff, 0xd8, 0x60, 0x30, 0xff, 0xd0, 0x5c, 0x30, 0xff,
    0xd8, 0x5c, 0x30, 0xff, 0xd0, 0x5c, 0x30, 0xff, 0xd8, 0x60, 0x30, 0xff,
    0xd8, 0x60, 0x30, 0xff, 0xb8, 0x48, 0x20, 0xff, 0x78, 0x30, 0x18, 0xff,
    0x90, 0x38, 0x18, 0xff, 0xc0, 0x50, 0x28, 0xff, 0xc8, 0x50, 0x28, 0xff,
    0xc0, 0x50, 0x28, 0xff, 0xc0, 0x50, 0x28, 0xff, 0xc0, 0x54, 0x28, 0xff,
    0xc0, 0x50, 0x28, 0xff, 0xc8, 0x50, 0x28, 0xff, 0xc8, 0x50, 0x28, 0xff,
    0xc0, 0x50, 0x28, 0xff, 0xc0, 0x50, 0x28, 0xff, 0xc0, 0x50, 0x28, 0xff,
    0xc0, 0x50, 0x28, 0xff, 0xc0, 0x50, 0x28, 0xff, 0xc0, 0x4c, 0x28, 0xff,
    0xc0, 0x4c, 0x28, 0xff, 0xc0, 0x4c, 0x28, 0xff, 0xc8, 0x50, 0x28, 0xff,
    0xb8, 0x48, 0x20, 0xff, 0x90, 0x34, 0x18, 0xff, 0xa8, 0x40, 0x20, 0xff,
    0xb8, 0x48, 0x20, 0xff, 0xc0, 0x4c, 0x28, 0xff, 0x98, 0x3c, 0x20, 0xff,
    0x58, 0x20, 0x10, 0xff, 0x98, 0x3c, 0x20, 0xff, 0xc8, 0x54, 0x28, 0xff,
    0xc0, 0x4c, 0x20, 0xff, 0xb8, 0x4c, 0x28, 0xff, 0xb8, 0x4c, 0x20, 0xff,
    0xb8, 0x4c, 0x20, 0xff, 0xc0, 0x4c, 0x20, 0xff, 0xb8, 0x4c, 0x28, 0xff,
    0xb8, 0x4c, 0x20, 0xff, 0xb8, 0x4c, 0x20, 0xff, 0xb8, 0x48, 0x20, 0xff,
    0xb0, 0x48, 0x28, 0xff, 0xb0, 0x48, 0x20, 0xff, 0xa8, 0x44, 0x20, 0xff,
    0xa8, 0x44, 0x20, 0xff, 0xa8, 0x44, 0x20, 0xff, 0xa0, 0x40, 0x20, 0xff,
    0xa8, 0x48, 0x28, 0xff, 0x88, 0x38, 0x20, 0xff, 0x68, 0x2c, 0x18, 0xff,
    0x88, 0x38, 0x20, 0xff, 0x88, 0x38, 0x18, 0xff, 0x98, 0x3c, 0x20, 0xff,
    0x90, 0x3c, 0x20, 0xff, 0x90, 0x3c, 0x20, 0xff, 0x90, 0x3c, 0x20, 0xff,
    0x88, 0x3c, 0x20, 0xff, 0x88, 0x3c, 0x20, 0xff, 0x80, 0x34, 0x20, 0xff,
    0x80, 0x38, 0x20, 0xff, 0x80, 0x38, 0x20, 0xff, 0x80, 0x34, 0x20, 0xff,
    0x88, 0x3c, 0x20, 0xff, 0x90, 0x3c, 0x20, 0xff, 0x90, 0x40, 0x20, 0xff,
    0x98, 0x40, 0x20, 0xff, 0x98, 0x40, 0x28, 0xff, 0xa0, 0x40, 0x28, 0xff,
    0xa0, 0x40, 0x28, 0xff, 0xa0, 0x44, 0x28, 0xff, 0xa8, 0x44, 0x20, 0xff,
    0xa8, 0x48, 0x28, 0xff, 0xb0, 0x48, 0x28, 0xff, 0xb8, 0x4c, 0x28, 0xff,
    0xb8, 0x4c, 0x28, 0xff, 0xc0, 0x4c, 0x28, 0xff, 0xc0, 0x50, 0x28, 0xff,
    0xc0, 0x50, 0x28, 0xff, 0xb8, 0x4c, 0x28, 0xff, 0xc0, 0x50, 0x28, 0xff,
    0xc0, 0x50, 0x28, 0xff, 0xc8, 0x50, 0x28, 0xff, 0xc0, 0x50, 0x28, 0xff,
    0xc0, 0x50, 0x28, 0xff, 0xc0, 0x4c, 0x28, 0xff, 0xc0, 0x4c, 0x20, 0xff,
    0xc0, 0x4c, 0x28, 0xff, 0xc0, 0x50, 0x28, 0xff, 0xc0, 0x50, 0x28, 0xff,
    0xc8, 0x4c, 0x28, 0xff, 0xc0, 0x50, 0x28, 0xff, 0xc0, 0x50, 0x28, 0xff,
    0xc0, 0x50, 0x28, 0xff, 0xc0, 0x50, 0x28, 0xff, 0xc8, 0x54, 0x28, 0xff,
    0xc8, 0x50, 0x28, 0xff, 0xc0, 0x50, 0x28, 0xff, 0xc8, 0x54, 0x28, 0xff,
    0xc8, 0x50, 0x28, 0xff, 0xc8, 0x54, 0x28, 0xff, 0xc8, 0x54, 0x28, 0xff,
    0xc8, 0x50, 0x28, 0xff, 0xc8, 0x54, 0x30, 0xff, 0xc8, 0x54, 0x28, 0xff,
    0xc8, 0x54, 0x28, 0xff, 0xc8, 0x54, 0x28, 0xff, 0xc8, 0x54, 0x28, 0xff,
    0xc8, 0x54, 0x28, 0xff, 0xc8, 0x54, 0x30, 0xff, 0xc8, 0x54, 0x30, 0xff,
    0xc8, 0x54, 0x28, 0xff, 0xc8, 0x54, 0x28, 0xff, 0xd0, 0x58, 0x30, 0xff,
    0xd0, 0x58, 0x28, 0xff, 0xc8, 0x54, 0x28, 0xff, 0xc8, 0x54, 0x28, 0xff,
    0xd0, 0x58, 0x28, 0xff, 0xd0, 0x58, 0x30, 0xff, 0xd8, 0x58, 0x30, 0xff,
    0xd0, 0x58, 0x28, 0xff, 0xd0, 0x58, 0x28, 0xff, 0xd0, 0x58, 0x30, 0xff,
    0xd0, 0x54, 0x28, 0xff, 0xc8, 0x54, 0x28, 0xff, 0xd0, 0x58, 0x30, 0xff,
    0xd0, 0x54, 0x30, 0xff, 0xd0, 0x58, 0x28, 0xff, 0xd0, 0x58, 0x30, 0xff,
    0xd0, 0x58, 0x30, 0xff, 0xd0, 0x58, 0x28, 0xff, 0xd0, 0x58, 0x28, 0xff,
    0xd0, 0x58, 0x30, 0xff, 0xd8, 0x58, 0x30, 0xff, 0xd0, 0x58, 0x28, 0xff,
    0xd0, 0x58, 0x30, 0xff, 0xd0, 0x58, 0x28, 0xff, 0xd0, 0x54, 0x28, 0xff,
    0xd0, 0x58, 0x30, 0xff, 0xd0, 0x58, 0x28, 0xff, 0xd0, 0x58, 0x28, 0xff,
    0xd0, 0x58, 0x30, 0xff, 0xd0, 0x58, 0x28, 0xff, 0xd0, 0x5c, 0x30, 0xff,
    0xd0, 0x58, 0x30, 0xff, 0xd0, 0x58, 0x30, 0xff, 0xd0, 0x5c, 0x30, 0xff,
    0xd0, 0x58, 0x30, 0xff, 0xd0, 0x58, 0x28, 0xff, 0xd0, 0x5c, 0x30, 0xff,
    0xd0, 0x58, 0x30, 0xff, 0xd0, 0x58, 0x28, 0xff, 0xd8, 0x58, 0x30, 0xff,
    0xd0, 0x5c, 0x30, 0xff, 0xd0, 0x5c, 0x28, 0xff, 0xd0, 0x58, 0x30, 0xff,
    0xd8, 0x58, 0x30, 0xff, 0xd8, 0x58, 0x28, 0xff, 0xd0, 0x58, 0x30, 0xff,
    0xd8, 0x5c, 0x30, 0xff, 0xd0, 0x5c, 0x30, 0xff, 0xd0, 0x5c, 0x28, 0xff,
    0xd8, 0x58, 0x30, 0xff, 0xd0, 0x5c, 0x30, 0xff, 0xd8, 0x5c, 0x30, 0xff,
    0xd0, 0x58, 0x30, 0xff, 0xd8, 0x5c, 0x30, 0xff, 0xd0, 0x5c, 0x30, 0xff,
    0xd0, 0x5c, 0x30, 0xff, 0xd8, 0x5c, 0x30, 0xff, 0xd8, 0x5c, 0x30, 0xff,
    0xd8, 0x5c, 0x30, 0xff, 0xd8, 0x64, 0x38, 0xff, 0xe0, 0x64, 0x30, 0xff,
    0xe0, 0x64, 0x38, 0xff, 0xe0, 0x64, 0x38, 0xff, 0xe0, 0x64, 0x38, 0xff,
    0xe8, 0x68, 0x38, 0xff, 0xe8, 0x68, 0x38, 0xff, 0xe0, 0x64, 0x38, 0xff,
    0xe0, 0x68, 0x38, 0xff, 0xe8, 0x68, 0x38, 0xff, 0xe0, 0x68, 0x40, 0xff,
    0xe8, 0x68, 0x38, 0xff, 0xe8, 0x68, 0x38, 0xff, 0xe0, 0x68, 0x38, 0xff,
    0xe8, 0x68, 0x38, 0xff, 0xe0, 0x68, 0x40, 0xff, 0xe8, 0x64, 0x38, 0xff,
    0xe8, 0x68, 0x38, 0xff, 0xe8, 0x68, 0x40, 0xff, 0xe0, 0x68, 0x38, 0xff,
    0xe8, 0x68, 0x38, 0xff, 0xe8, 0x68, 0x38, 0xff, 0xe8, 0x68, 0x38, 0xff,
    0xe0, 0x68, 0x38, 0xff, 0xe8, 0x64, 0x38, 0xff, 0xe0, 0x68, 0x38, 0xff,
    0xe8, 0x68, 0x38, 0xff, 0xe0, 0x64, 0x38, 0xff, 0xe0, 0x68, 0x38, 0xff,
    0xe8, 0x68, 0x38, 0xff, 0xe8, 0x64, 0x38, 0xff, 0xe0, 0x68, 0x38, 0xff,
    0xe8, 0x68, 0x38, 0xff, 0xe0, 0x64, 0x38, 0xff, 0xe0, 0x64, 0x38, 0xff,
    0xe0, 0x64, 0x38, 0xff, 0xe0, 0x64, 0x30, 0xff, 0xd8, 0x60, 0x38, 0xff,
    0xd8, 0x5c, 0x30, 0xff, 0xd8, 0x5c, 0x30, 0xff, 0xd8, 0x5c, 0x30, 0xff,
    0xd8, 0x5c, 0x30, 0xff, 0xd0, 0x5c, 0x30, 0xff, 0xf0, 0x70, 0x40, 0xff,
    0xc0, 0x4c, 0x28, 0xff, 0x60, 0x24, 0x10, 0xff, 0xa8, 0x44, 0x20, 0xff,
    0xc8, 0x54, 0x30, 0xff, 0xc0, 0x50, 0x28, 0xff, 0xc0, 0x50, 0x28, 0xff,
    0xc0, 0x50, 0x28, 0xff, 0xc0, 0x50, 0x28, 0xff, 0xc8, 0x50, 0x28, 0xff,
    0xc0, 0x50, 0x28, 0xff, 0xc0, 0x50, 0x28, 0xff, 0xc0, 0x50, 0x28, 0xff,
    0xc0, 0x50, 0x28, 0xff, 0xc8, 0x50, 0x28, 0xff, 0xc0, 0x4c, 0x28, 0xff,
    0xc8, 0x4c, 0x28, 0xff, 0xc0, 0x50, 0x28, 0xff, 0xc8, 0x50, 0x28, 0xff,
    0xc0, 0x4c, 0x28, 0xff, 0x70, 0x30, 0x18, 0xff, 0xe0, 0x60, 0x38, 0xff,
    0xd0, 0x58, 0x30, 0xff, 0xa8, 0x40, 0x20, 0xff, 0xb0, 0x44, 0x20, 0xff,
    0xf0, 0x70, 0x40, 0xff, 0xb0, 0x48, 0x20, 0xff, 0x38, 0x14, 0x08, 0xff,
    0xb8, 0x4c, 0x28, 0xff, 0xc8, 0x54, 0x28, 0xff, 0xc0, 0x4c, 0x28, 0xff,
    0xc0, 0x4c, 0x28, 0xff, 0xb8, 0x4c, 0x20, 0xff, 0xc0, 0x4c, 0x28, 0xff,
    0xb8, 0x4c, 0x28, 0xff, 0xb8, 0x4c, 0x28, 0xff, 0xb8, 0x48, 0x20, 0xff,
    0xb0, 0x48, 0x28, 0xff, 0xb0, 0x48, 0x20, 0xff, 0xb0, 0x48, 0x20, 0xff,
    0xa8, 0x48, 0x28, 0xff, 0xa8, 0x44, 0x20, 0xff, 0xa0, 0x44, 0x28, 0xff,
    0xb0, 0x48, 0x28, 0xff, 0xa0, 0x40, 0x20, 0xff, 0x58, 0x24, 0x10, 0xff,
    0x98, 0x3c, 0x20, 0xff, 0x98, 0x40, 0x20, 0xff, 0x88, 0x38, 0x18, 0xff,
    0x98, 0x3c, 0x20, 0xff, 0x90, 0x3c, 0x20, 0xff, 0x98, 0x3c, 0x20, 0xff,
    0x98, 0x3c, 0x20, 0xff, 0x90, 0x3c, 0x20, 0xff, 0x88, 0x3c, 0x20, 0xff,
    0x78, 0x34, 0x20, 0xff, 0x80, 0x38, 0x20, 0xff, 0x80, 0x3c, 0x20, 0xff,
    0x80, 0x38, 0x20, 0xff, 0x88, 0x3c, 0x20, 0xff, 0x90, 0x3c, 0x28, 0xff,
    0x98, 0x3c, 0x28, 0xff, 0x98, 0x40, 0x20, 0xff, 0x98, 0x40, 0x20, 0xff,
    0xa0, 0x40, 0x20, 0xff, 0xa0, 0x44, 0x28, 0xff, 0xa8, 0x44, 0x20, 0xff,
    0xa8, 0x48, 0x20, 0xff, 0xb0, 0x48, 0x28, 0xff, 0xb0, 0x48, 0x28, 0xff,
    0xb8, 0x4c, 0x28, 0xff, 0xb8, 0x4c, 0x28, 0xff, 0xb8, 0x4c, 0x28, 0xff,
    0xc0, 0x50, 0x28, 0xff, 0xc0, 0x50, 0x28, 0xff, 0xc0, 0x4c, 0x28, 0xff,
    0xc0, 0x50, 0x28, 0xff, 0xc0, 0x50, 0x28, 0xff, 0xc0, 0x50, 0x28, 0xff,
    0xc0, 0x50, 0x28, 0xff, 0xc0, 0x50, 0x28, 0xff, 0xc0, 0x4c, 0x20, 0xff,
    0xc0, 0x4c, 0x20, 0xff, 0xc0, 0x4c, 0x28, 0xff, 0xc0, 0x50, 0x28, 0xff,
    0xc8, 0x50, 0x28, 0xff, 0xc8, 0x50, 0x28, 0xff, 0xc0, 0x50, 0x28, 0xff,
    0xc0, 0x50, 0x28, 0xff, 0xc8, 0x54, 0x28, 0xff, 0xc8, 0x50, 0x28, 0xff,
    0xc8, 0x50, 0x28, 0xff, 0xc8, 0x50, 0x28, 0xff, 0xc8, 0x54, 0x28, 0xff,
    0xc8, 0x50, 0x28, 0xff, 0xc8, 0x54, 0x28, 0xff, 0xc8, 0x54, 0x28, 0xff,
    0xc8, 0x54, 0x30, 0xff, 0xc8, 0x54, 0x28, 0xff, 0xc8, 0x50, 0x28, 0xff,
    0xc8, 0x54, 0x28, 0xff, 0xc8, 0x54, 0x30, 0xff, 0xc8, 0x54, 0x28, 0xff,
    0xc8, 0x54, 0x28, 0xff, 0xd0, 0x54, 0x28, 0xff, 0xc8, 0x54, 0x28, 0xff,
    0xc8, 0x54, 0x30, 0xff, 0xd0, 0x58, 0x28, 0xff, 0xc8, 0x54, 0x30, 0xff,
    0xd0, 0x54, 0x28, 0xff, 0xd0, 0x58, 0x28, 0xff, 0xc8, 0x58, 0x30, 0xff,
    0xd0, 0x54, 0x28, 0xff, 0xd0, 0x58, 0x28, 0xff, 0xd0, 0x58, 0x30, 0xff,
    0xd0, 0x58, 0x30, 0xff, 0xd0, 0x58, 0x28, 0xff, 0xd0, 0x58, 0x30, 0xff,
    0xd0, 0x58, 0x28, 0xff, 0xd0, 0x54, 0x28, 0xff, 0xc8, 0x54, 0x28, 0xff,
    0xd0, 0x58, 0x30, 0xff, 0xd0, 0x54, 0x28, 0xff, 0xd0, 0x58, 0x30, 0xff,
    0xd0, 0x58, 0x28, 0xff, 0xd0, 0x58, 0x30, 0xff, 0xd0, 0x58, 0x30, 0xff,
    0xd0, 0x58, 0x28, 0xff, 0xd0, 0x58, 0x28, 0xff, 0xd8, 0x58, 0x28, 0xff,
    0xd0, 0x58, 0x28, 0xff, 0xd0, 0x58, 0x30, 0xff, 0xd0, 0x54, 0x30, 0xff,
    0xd0, 0x54, 0x28, 0xff, 0xd0, 0x58, 0x30, 0xff, 0xd0, 0x58, 0x30, 0xff,
    0xd0, 0x58, 0x28, 0xff, 0xd8, 0x58, 0x30, 0xff, 0xd8, 0x58, 0x30, 0xff,
    0xd0, 0x58, 0x28, 0xff, 0xd0, 0x58, 0x28, 0xff, 0xd0, 0x58, 0x30, 0xff,
    0xd8, 0x58, 0x28, 0xff, 0xd0, 0x58, 0x28, 0xff, 0xd0, 0x58, 0x30, 0xff,
    0xd0, 0x58, 0x30, 0xff, 0xd0, 0x58, 0x28, 0xff, 0xd0, 0x5c, 0x30, 0xff,
    0xd0, 0x58, 0x28, 0xff, 0xd0, 0x58, 0x30, 0xff, 0xd8, 0x58, 0x30, 0xff,
    0xd0, 0x5c, 0x28, 0xff, 0xd0, 0x58, 0x30, 0xff, 0xd8, 0x58, 0x30, 0xff,
    0xd0, 0x58, 0x28, 0xff, 0xd0, 0x5c, 0x30, 0xff, 0xd8, 0x58, 0x30, 0xff,
    0xd0, 0x5c, 0x30, 0xff, 0xd0, 0x5c, 0x28, 0xff, 0xd8, 0x5c, 0x30, 0xff,
    0xd0, 0x5c, 0x28, 0xff, 0xd8, 0x5c, 0x30, 0xff, 0xd8, 0x58, 0x30, 0xff,
    0xd8, 0x5c, 0x28, 0xff, 0xd8, 0x5c, 0x30, 0xff, 0xd0, 0x5c, 0x30, 0xff,
    0xd8, 0x5c, 0x30, 0xff, 0xd8, 0x5c, 0x30, 0xff, 0xd8, 0x60, 0x30, 0xff,
    0xe0, 0x60, 0x38, 0xff, 0xe0, 0x64, 0x38, 0xff, 0xe0, 0x64, 0x30, 0xff,
    0xe0, 0x64, 0x38, 0xff, 0xe0, 0x68, 0x38, 0xff, 0xe8, 0x68, 0x38, 0xff,
    0xe8, 0x64, 0x38, 0xff, 0xe8, 0x68, 0x38, 0xff, 0xe8, 0x64, 0x38, 0xff,
    0xe0, 0x68, 0x38, 0xff, 0xe0, 0x68, 0x38, 0xff, 0xe8, 0x64, 0x38, 0xff,
    0xe0, 0x68, 0x38, 0xff, 0xe8, 0x68, 0x38, 0xff, 0xe8, 0x68, 0x38, 0xff,
    0xe0, 0x64, 0x38, 0xff, 0xe8, 0x68, 0x38, 0xff, 0xe8, 0x64, 0x38, 0xff,
    0xe0, 0x64, 0x38, 0xff, 0xe8, 0x68, 0x38, 0xff, 0xe8, 0x68, 0x40, 0xff,
    0xe0, 0x64, 0x38, 0xff, 0xe8, 0x68, 0x38, 0xff, 0xe8, 0x68, 0x40, 0xff,
    0xe0, 0x68, 0x38, 0xff, 0xe8, 0x68, 0x38, 0xff, 0xe8, 0x68, 0x38, 0xff,
    0xe8, 0x68, 0x38, 0xff, 0xe8, 0x68, 0x38, 0xff, 0xe8, 0x68, 0x38, 0xff,
    0xe0, 0x68, 0x38, 0xff, 0xe8, 0x68, 0x38, 0xff, 0xe8, 0x68, 0x38, 0xff,
    0xe0, 0x64, 0x38, 0xff, 0xe0, 0x64, 0x38, 0xff, 0xe0, 0x60, 0x38, 0xff,
    0xd8, 0x64, 0x30, 0xff, 0xd8, 0x5c, 0x30, 0xff, 0xd8, 0x5c, 0x30, 0xff,
    0xd8, 0x5c, 0x30, 0xff, 0xd0, 0x5c, 0x30, 0xff, 0xd0, 0x58, 0x30, 0xff,
    0xf0, 0x70, 0x40, 0xff, 0xf8, 0x74, 0x40, 0xff, 0x90, 0x3c, 0x18, 0xff,
    0x68, 0x24, 0x10, 0xff, 0x98, 0x3c, 0x18, 0xff, 0xc0, 0x50, 0x28, 0xff,
    0xc8, 0x50, 0x28, 0xff, 0xc8, 0x50, 0x28, 0xff, 0xc8, 0x50, 0x28, 0xff,
    0xc8, 0x50, 0x28, 0xff, 0xc8, 0x50, 0x28, 0xff, 0xc0, 0x50, 0x28, 0xff,
    0xc8, 0x50, 0x28, 0xff, 0xc8, 0x50, 0x28, 0xff, 0xc8, 0x50, 0x28, 0xff,
    0xc8, 0x50, 0x28, 0xff, 0xc0, 0x50, 0x28, 0xff, 0xc0, 0x50, 0x28, 0xff,
    0xa8, 0x44, 0x20, 0xff, 0x68, 0x28, 0x10, 0xff, 0xd0, 0x54, 0x28, 0xff,
    0xf8, 0x74, 0x40, 0xff, 0xc0, 0x4c, 0x28, 0xff, 0xc8, 0x54, 0x28, 0xff,
    0xb8, 0x48, 0x20, 0xff, 0xe8, 0x6c, 0x38, 0xff, 0xf8, 0x74, 0x40, 0xff,
    0x60, 0x28, 0x10, 0xff, 0x40, 0x18, 0x08, 0xff, 0xa0, 0x40, 0x20, 0xff,
    0xc8, 0x50, 0x28, 0xff, 0xc8, 0x50, 0x28, 0xff, 0xc0, 0x50, 0x28, 0xff,
    0xc0, 0x50, 0x28, 0xff, 0xc0, 0x4c, 0x28, 0xff, 0xb8, 0x4c, 0x28, 0xff,
    0xb8, 0x4c, 0x28, 0xff, 0xb8, 0x4c, 0x28, 0xff, 0xb8, 0x4c, 0x28, 0xff,
    0xb8, 0x48, 0x28, 0xff, 0xb8, 0x4c, 0x28, 0xff, 0xb8, 0x4c, 0x28, 0xff,
    0xb0, 0x48, 0x28, 0xff, 0x88, 0x38, 0x18, 0xff, 0x40, 0x1c, 0x08, 0xff,
    0x98, 0x38, 0x20, 0xff, 0xb8, 0x50, 0x28, 0xff, 0x88, 0x38, 0x18, 0xff,
    0x98, 0x3c, 0x20, 0xff, 0x98, 0x40, 0x20, 0xff, 0x98, 0x40, 0x20, 0xff,
    0x98, 0x40, 0x20, 0xff, 0x90, 0x40, 0x20, 0xff, 0x90, 0x3c, 0x20, 0xff,
    0x90, 0x3c, 0x20, 0xff, 0x80, 0x38, 0x20, 0xff, 0x80, 0x38, 0x20, 0xff,
    0x80, 0x38, 0x20, 0xff, 0x80, 0x3c, 0x20, 0xff, 0x90, 0x3c, 0x20, 0xff,
    0x90, 0x40, 0x20, 0xff, 0x98, 0x40, 0x20, 0xff, 0x98, 0x40, 0x28, 0xff,
    0xa0, 0x44, 0x28, 0xff, 0xa0, 0x48, 0x20, 0xff, 0xa8, 0x44, 0x20, 0xff,
    0xa8, 0x48, 0x28, 0xff, 0xa8, 0x48, 0x20, 0xff, 0xb0, 0x48, 0x28, 0xff,
    0xb0, 0x48, 0x20, 0xff, 0xb8, 0x4c, 0x28, 0xff, 0xb8, 0x50, 0x28, 0xff,
    0xb8, 0x50, 0x28, 0xff, 0xc0, 0x50, 0x28, 0xff, 0xc0, 0x50, 0x28, 0xff,
    0xc0, 0x4c, 0x28, 0xff, 0xc0, 0x50, 0x28, 0xff, 0xc0, 0x50, 0x28, 0xff,
    0xc8, 0x50, 0x28, 0xff, 0xc8, 0x50, 0x28, 0xff, 0xc0, 0x50, 0x20, 0xff,
    0xc0, 0x50, 0x28, 0xff, 0xc0, 0x4c, 0x20, 0xff, 0xc0, 0x4c, 0x28, 0xff,
    0xc0, 0x50, 0x28, 0xff, 0xc0, 0x50, 0x28, 0xff, 0xc8, 0x50, 0x28, 0xff,
    0xc8, 0x50, 0x28, 0xff, 0xc8, 0x50, 0x28, 0xff, 0xc8, 0x50, 0x28, 0xff,
    0xc8, 0x54, 0x28, 0xff, 0xc0, 0x54, 0x28, 0xff, 0xc8, 0x50, 0x28, 0xff,
    0xc8, 0x50, 0x28, 0xff, 0xc0, 0x54, 0x28, 0xff, 0xc8, 0x54, 0x28, 0xff,
    0xc8, 0x54, 0x28, 0xff, 0xc8, 0x50, 0x30, 0xff, 0xc8, 0x54, 0x30, 0xff,
    0xc8, 0x54, 0x28, 0xff, 0xc8, 0x54, 0x30, 0xff, 0xc8, 0x54, 0x28, 0xff,
    0xc8, 0x54, 0x28, 0xff, 0xc8, 0x54, 0x30, 0xff, 0xc8, 0x54, 0x28, 0xff,
    0xc8, 0x54, 0x28, 0xff, 0xc8, 0x54, 0x30, 0xff, 0xc8, 0x58, 0x28, 0xff,
    0xd0, 0x54, 0x28, 0xff, 0xc8, 0x54, 0x28, 0xff, 0xc8, 0x58, 0x28, 0xff,
    0xd0, 0x54, 0x28, 0xff, 0xc8, 0x54, 0x28, 0xff, 0xc8, 0x58, 0x28, 0xff,
    0xd0, 0x58, 0x30, 0xff, 0xd0, 0x58, 0x30, 0xff, 0xd0, 0x58, 0x28, 0xff,
    0xd0, 0x58, 0x30, 0xff, 0xd0, 0x54, 0x30, 0xff, 0xd0, 0x54, 0x28, 0xff,
    0xc8, 0x54, 0x28, 0xff, 0xd0, 0x54, 0x28, 0xff, 0xd0, 0x58, 0x30, 0xff,
    0xd0, 0x54, 0x28, 0xff, 0xd0, 0x58, 0x28, 0xff, 0xd0, 0x58, 0x30, 0xff,
    0xd0, 0x58, 0x28, 0xff, 0xd0, 0x58, 0x30, 0xff, 0xd0, 0x58, 0x30, 0xff,
    0xd0, 0x58, 0x28, 0xff, 0xd0, 0x58, 0x30, 0xff, 0xd0, 0x58, 0x28, 0xff,
    0xd0, 0x54, 0x28, 0xff, 0xd0, 0x58, 0x28, 0xff, 0xd0, 0x58, 0x30, 0xff,
    0xd0, 0x58, 0x28, 0xff, 0xd0, 0x58, 0x30, 0xff, 0xd0, 0x58, 0x30, 0xff,
    0xd0, 0x58, 0x30, 0xff, 0xd0, 0x5c, 0x28, 0xff, 0xd0, 0x58, 0x28, 0xff,
    0xd0, 0x58, 0x30, 0xff, 0xd0, 0x58, 0x28, 0xff, 0xd0, 0x58, 0x28, 0xff,
    0xd0, 0x58, 0x30, 0xff, 0xd0, 0x58, 0x30, 0xff, 0xd0, 0x58, 0x28, 0xff,
    0xd0, 0x58, 0x30, 0xff, 0xd0, 0x5c, 0x30, 0xff, 0xd0, 0x58, 0x28, 0xff,
    0xd8, 0x58, 0x30, 0xff, 0xd0, 0x58, 0x28, 0xff, 0xd0, 0x5c, 0x30, 0xff,
    0xd0, 0x58, 0x30, 0xff, 0xd8, 0x58, 0x28, 0xff, 0xd0, 0x5c, 0x28, 0xff,
    0xd0, 0x5c, 0x30, 0xff, 0xd8, 0x58, 0x30, 0xff, 0xd0, 0x58, 0x30, 0xff,
    0xd8, 0x5c, 0x30, 0xff, 0xd0, 0x5c, 0x28, 0xff, 0xd8, 0x5c, 0x30, 0xff,
    0xd0, 0x5c, 0x30, 0xff, 0xd8, 0x58, 0x30, 0xff, 0xd8, 0x5c, 0x30, 0xff,
    0xd0, 0x5c, 0x30, 0xff, 0xd8, 0x5c, 0x30, 0xff, 0xd8, 0x5c, 0x30, 0xff,
    0xd8, 0x60, 0x30, 0xff, 0xe0, 0x60, 0x38, 0xff, 0xe0, 0x64, 0x38, 0xff,
    0xe0, 0x64, 0x38, 0xff, 0xe0, 0x64, 0x38, 0xff, 0xe0, 0x68, 0x38, 0xff,
    0xe8, 0x68, 0x38, 0xff, 0xe8, 0x68, 0x38, 0xff, 0xe0, 0x68, 0x38, 0xff,
    0xe0, 0x68, 0x38, 0xff, 0xe8, 0x64, 0x38, 0xff, 0xe8, 0x68, 0x38, 0xff,
    0xe0, 0x68, 0x38, 0xff, 0xe0, 0x64, 0x38, 0xff, 0xe8, 0x68, 0x38, 0xff,
    0xe0, 0x68, 0x38, 0xff, 0xe0, 0x68, 0x38, 0xff, 0xe8, 0x68, 0x38, 0xff,
    0xe0, 0x68, 0x38, 0xff, 0xe8, 0x68, 0x38, 0xff, 0xe0, 0x68, 0x38, 0xff,
    0xe8, 0x64, 0x38, 0xff, 0xe0, 0x68, 0x38, 0xff, 0xe0, 0x68, 0x38, 0xff,
    0xe8, 0x64, 0x38, 0xff, 0xe0, 0x68, 0x38, 0xff, 0xe8, 0x64, 0x38, 0xff,
    0xe8, 0x68, 0x38, 0xff, 0xe0, 0x64, 0x38, 0xff, 0xe0, 0x68, 0x38, 0xff,
    0xe8, 0x68, 0x38, 0xff, 0xe0, 0x64, 0x38, 0xff, 0xe0, 0x68, 0x38, 0xff,
    0xe0, 0x68, 0x38, 0xff, 0xe0, 0x68, 0x38, 0xff, 0xe0, 0x64, 0x38, 0xff,
    0xe0, 0x60, 0x38, 0xff, 0xe0, 0x64, 0x30, 0xff, 0xd8, 0x60, 0x30, 0xff,
    0xd0, 0x5c, 0x30, 0xff, 0xd0, 0x5c, 0x30, 0xff, 0xd8, 0x5c, 0x30, 0xff,
    0xd8, 0x60, 0x38, 0xff, 0xc8, 0x54, 0x28, 0xff, 0xf0, 0x74, 0x40, 0xff,
    0xf8, 0x74, 0x40, 0xff, 0xc0, 0x4c, 0x28, 0xff, 0x80, 0x30, 0x18, 0xff,
    0x80, 0x30, 0x18, 0xff, 0x98, 0x3c, 0x18, 0xff, 0xa8, 0x40, 0x20, 0xff,
    0xb0, 0x48, 0x28, 0xff, 0xb8, 0x4c, 0x28, 0xff, 0xc0, 0x4c, 0x28, 0xff,
    0xc0, 0x4c, 0x28, 0xff, 0xb8, 0x48, 0x28, 0xff, 0xb8, 0x48, 0x28, 0xff,
    0xb0, 0x48, 0x20, 0xff, 0xa0, 0x40, 0x20, 0xff, 0x90, 0x38, 0x18, 0xff,
    0x80, 0x34, 0x18, 0xff, 0x88, 0x34, 0x18, 0xff, 0xd8, 0x5c, 0x30, 0xff,
    0xf8, 0x74, 0x40, 0xff, 0xc0, 0x54, 0x28, 0xff, 0xc8, 0x54, 0x30, 0xff,
    0xd8, 0x64, 0x38, 0xff, 0xd0, 0x58, 0x30, 0xff, 0xb8, 0x48, 0x20, 0xff,
    0xf8, 0x74, 0x40, 0xff, 0xf0, 0x74, 0x40, 0xff, 0x98, 0x3c, 0x20, 0xff,
    0x50, 0x1c, 0x10, 0xff, 0x58, 0x24, 0x10, 0xff, 0x70, 0x30, 0x18, 0xff,
    0x90, 0x3c, 0x18, 0xff, 0xa8, 0x44, 0x20, 0xff, 0xa8, 0x44, 0x20, 0xff,
    0xb0, 0x44, 0x20, 0xff, 0xb0, 0x44, 0x20, 0xff, 0xa8, 0x44, 0x20, 0xff,
    0xa0, 0x40, 0x20, 0xff, 0x98, 0x3c, 0x20, 0xff, 0x80, 0x34, 0x18, 0xff,
    0x68, 0x28, 0x10, 0xff, 0x58, 0x20, 0x10, 0xff, 0x50, 0x20, 0x10, 0xff,
    0xa8, 0x48, 0x20, 0xff, 0xd0, 0x60, 0x38, 0xff, 0x98, 0x40, 0x20, 0xff,
    0x88, 0x34, 0x18, 0xff, 0xa0, 0x40, 0x20, 0xff, 0x98, 0x40, 0x20, 0xff,
    0x98, 0x40, 0x20, 0xff, 0x98, 0x40, 0x20, 0xff, 0x98, 0x40, 0x28, 0xff,
    0x90, 0x40, 0x20, 0xff, 0x90, 0x3c, 0x20, 0xff, 0x80, 0x38, 0x20, 0xff,
    0x88, 0x3c, 0x20, 0xff, 0x88, 0x3c, 0x20, 0xff, 0x88, 0x38, 0x20, 0xff,
    0x90, 0x40, 0x20, 0xff, 0x90, 0x40, 0x20, 0xff, 0x98, 0x40, 0x28, 0xff,
    0x98, 0x44, 0x28, 0xff, 0xa0, 0x44, 0x20, 0xff, 0xa0, 0x44, 0x28, 0xff,
    0xa8, 0x44, 0x28, 0xff, 0xa8, 0x48, 0x28, 0xff, 0xa8, 0x48, 0x28, 0xff,
    0xb0, 0x48, 0x28, 0xff, 0xb0, 0x4c, 0x28, 0xff, 0xb8, 0x4c, 0x28, 0xff,
    0xb8, 0x4c, 0x28, 0xff, 0xb8, 0x4c, 0x28, 0xff, 0xc0, 0x50, 0x28, 0xff,
    0xc0, 0x50, 0x28, 0xff, 0xb8, 0x4c, 0x28, 0xff, 0xc0, 0x50, 0x28, 0xff,
    0xc0, 0x50, 0x28, 0xff, 0xc8, 0x50, 0x28, 0xff, 0xc8, 0x50, 0x28, 0xff,
    0xc0, 0x50, 0x28, 0xff, 0xc0, 0x4c, 0x28, 0xff, 0xc0, 0x4c, 0x20, 0xff,
    0xc0, 0x4c, 0x28, 0xff, 0xc8, 0x50, 0x28, 0xff, 0xc0, 0x50, 0x28, 0xff,
    0xc0, 0x54, 0x28, 0xff, 0xc0, 0x50, 0x28, 0xff, 0xc8, 0x50, 0x28, 0xff,
    0xc8, 0x50, 0x28, 0xff, 0xc0, 0x50, 0x28, 0xff, 0xc8, 0x54, 0x28, 0xff,
    0xc8, 0x50, 0x28, 0xff, 0xc0, 0x50, 0x28, 0xff, 0xc8, 0x54, 0x30, 0xff,
    0xc8, 0x54, 0x28, 0xff, 0xc8, 0x54, 0x28, 0xff, 0xc8, 0x54, 0x28, 0xff,
    0xc0, 0x54, 0x28, 0xff, 0xc8, 0x54, 0x28, 0xff, 0xc8, 0x50, 0x30, 0xff,
    0xc8, 0x54, 0x28, 0xff, 0xc8, 0x54, 0x28, 0xff, 0xc8, 0x54, 0x30, 0xff,
    0xc8, 0x54, 0x28, 0xff, 0xc8, 0x54, 0x30, 0xff, 0xc8, 0x54, 0x28, 0xff,
    0xc8, 0x54, 0x30, 0xff, 0xd0, 0x54, 0x28, 0xff, 0xc8, 0x58, 0x28, 0xff,
    0xd0, 0x58, 0x30, 0xff, 0xd0, 0x54, 0x28, 0xff, 0xc8, 0x54, 0x28, 0xff,
    0xd0, 0x54, 0x28, 0xff, 0xd0, 0x58, 0x30, 0xff, 0xd0, 0x5c, 0x30, 0xff,
    0xd8, 0x58, 0x28, 0xff, 0xd0, 0x54, 0x28, 0xff, 0xd0, 0x58, 0x28, 0xff,
    0xd0, 0x54, 0x28, 0xff, 0xc8, 0x54, 0x28, 0xff, 0xd0, 0x58, 0x30, 0xff,
    0xd0, 0x54, 0x30, 0xff, 0xd0, 0x58, 0x28, 0xff, 0xd0, 0x58, 0x30, 0xff,
    0xd0, 0x58, 0x28, 0xff, 0xd0, 0x58, 0x28, 0xff, 0xd0, 0x58, 0x30, 0xff,
    0xd0, 0x58, 0x30, 0xff, 0xd0, 0x58, 0x28, 0xff, 0xd0, 0x58, 0x30, 0xff,
    0xd0, 0x54, 0x30, 0xff, 0xd0, 0x58, 0x28, 0xff, 0xd0, 0x54, 0x28, 0xff,
    0xd0, 0x58, 0x30, 0xff, 0xd0, 0x58, 0x28, 0xff, 0xd0, 0x58, 0x30, 0xff,
    0xd0, 0x58, 0x28, 0xff, 0xd0, 0x58, 0x30, 0xff, 0xd0, 0x5c, 0x30, 0xff,
    0xd0, 0x58, 0x30, 0xff, 0xd0, 0x5c, 0x30, 0xff, 0xd0, 0x58, 0x30, 0xff,
    0xd0, 0x58, 0x28, 0xff, 0xd0, 0x58, 0x30, 0xff, 0xd0, 0x58, 0x30, 0xff,
    0xd0, 0x5c, 0x28, 0xff, 0xd8, 0x58, 0x30, 0xff, 0xd0, 0x58, 0x30, 0xff,
    0xd0, 0x58, 0x28, 0xff, 0xd0, 0x58, 0x30, 0xff, 0xd8, 0x58, 0x30, 0xff,
    0xd0, 0x5c, 0x28, 0xff, 0xd0, 0x58, 0x30, 0xff, 0xd0, 0x58, 0x30, 0xff,
    0xd8, 0x58, 0x28, 0xff, 0xd0, 0x5c, 0x30, 0xff, 0xd0, 0x58, 0x28, 0xff,
    0xd8, 0x58, 0x30, 0xff, 0xd0, 0x58, 0x30, 0xff, 0xd8, 0x5c, 0x30, 0xff,
    0xd0, 0x5c, 0x30, 0xff, 0xd0, 0x5c, 0x30, 0xff, 0xd0, 0x5c, 0x30, 0xff,
    0xd8, 0x58, 0x30, 0xff, 0xd0, 0x5c, 0x30, 0xff, 0xd8, 0x5c, 0x30, 0xff,
    0xd8, 0x5c, 0x30, 0xff, 0xd8, 0x60, 0x30, 0xff, 0xe0, 0x60, 0x30, 0xff,
    0xe0, 0x60, 0x30, 0xff, 0xe0, 0x64, 0x38, 0xff, 0xe0, 0x64, 0x38, 0xff,
    0xe0, 0x68, 0x38, 0xff, 0xe0, 0x68, 0x38, 0xff, 0xe8, 0x64, 0x38, 0xff,
    0xe0, 0x68, 0x38, 0xff, 0xe0, 0x68, 0x38, 0xff, 0xe8, 0x68, 0x38, 0xff,
    0xe8, 0x68, 0x38, 0xff, 0xe0, 0x68, 0x38, 0xff, 0xe0, 0x68, 0x38, 0xff,
    0xe8, 0x64, 0x38, 0xff, 0xe0, 0x68, 0x38, 0xff, 0xe8, 0x68, 0x40, 0xff,
    0xe0, 0x64, 0x38, 0xff, 0xe0, 0x68, 0x38, 0xff, 0xe8, 0x68, 0x40, 0xff,
    0xe0, 0x68, 0x38, 0xff, 0xe8, 0x68, 0x38, 0xff, 0xe0, 0x68, 0x38, 0xff,
    0xe0, 0x68, 0x38, 0xff, 0xe8, 0x68, 0x38, 0xff, 0xe8, 0x68, 0x38, 0xff,
    0xe0, 0x68, 0x38, 0xff, 0xe8, 0x64, 0x38, 0xff, 0xe8, 0x68, 0x38, 0xff,
    0xe8, 0x68, 0x38, 0xff, 0xe0, 0x64, 0x38, 0xff, 0xe8, 0x68, 0x38, 0xff,
    0xe8, 0x68, 0x38, 0xff, 0xe0, 0x64, 0x38, 0xff, 0xe0, 0x64, 0x38, 0xff,
    0xe0, 0x64, 0x38, 0xff, 0xe0, 0x64, 0x38, 0xff, 0xe0, 0x60, 0x38, 0xff,
    0xd8, 0x60, 0x30, 0xff, 0xd8, 0x5c, 0x30, 0xff, 0xd8, 0x5c, 0x30, 0xff,
    0xd0, 0x5c, 0x30, 0xff, 0xd8, 0x60, 0x38, 0xff, 0xd0, 0x58, 0x30, 0xff,
    0xc8, 0x50, 0x28, 0xff, 0xf8, 0x74, 0x40, 0xff, 0xf8, 0x78, 0x48, 0xff,
    0xe8, 0x68, 0x38, 0xff, 0xc8, 0x54, 0x30, 0xff, 0xc0, 0x50, 0x28, 0xff,
    0xb0, 0x44, 0x20, 0xff, 0xa8, 0x40, 0x20, 0xff, 0xa8, 0x40, 0x18, 0xff,
    0xa0, 0x40, 0x18, 0xff, 0xa8, 0x40, 0x20, 0xff, 0xa0, 0x3c, 0x20, 0xff,
    0x98, 0x3c, 0x18, 0xff, 0xa0, 0x3c, 0x18, 0xff, 0xa8, 0x40, 0x20, 0xff,
    0xc0, 0x4c, 0x28, 0xff, 0xd0, 0x58, 0x30, 0xff, 0xf8, 0x74, 0x40, 0xff,
    0xf8, 0x74, 0x48, 0xff, 0xc0, 0x4c, 0x28, 0xff, 0x90, 0x3c, 0x18, 0xff,
    0xe0, 0x68, 0x38, 0xff, 0xd8, 0x64, 0x38, 0xff, 0xd8, 0x64, 0x30, 0xff,
    0xc0, 0x50, 0x28, 0xff, 0xc8, 0x50, 0x28, 0xff, 0xf8, 0x74, 0x40, 0xff,
    0xf8, 0x78, 0x48, 0xff, 0xe0, 0x60, 0x38, 0xff, 0xb8, 0x4c, 0x28, 0xff,
    0x90, 0x3c, 0x18, 0xff, 0x78, 0x30, 0x18, 0xff, 0x70, 0x2c, 0x18, 0xff,
    0x70, 0x2c, 0x18, 0xff, 0x70, 0x2c, 0x10, 0xff, 0x70, 0x28, 0x10, 0xff,
    0x68, 0x28, 0x10, 0xff, 0x70, 0x2c, 0x10, 0xff, 0x68, 0x28, 0x10, 0xff,
    0x78, 0x30, 0x18, 0xff, 0x90, 0x38, 0x20, 0xff, 0xb0, 0x48, 0x28, 0xff,
    0xd0, 0x60, 0x38, 0xff, 0xe0, 0x68, 0x40, 0xff, 0xa8, 0x48, 0x20, 0xff,
    0x88, 0x34, 0x20, 0xff, 0x98, 0x40, 0x20, 0xff, 0x98, 0x40, 0x20, 0xff,
    0xa0, 0x40, 0x20, 0xff, 0x98, 0x40, 0x20, 0xff, 0x98, 0x40, 0x28, 0xff,
    0x98, 0x44, 0x20, 0xff, 0x98, 0x40, 0x28, 0xff, 0x90, 0x40, 0x20, 0xff,
    0x80, 0x38, 0x20, 0xff, 0x80, 0x38, 0x20, 0xff, 0x88, 0x3c, 0x20, 0xff,
    0x88, 0x38, 0x20, 0xff, 0x90, 0x40, 0x28, 0xff, 0x90, 0x40, 0x28, 0xff,
    0x98, 0x44, 0x20, 0xff, 0xa0, 0x44, 0x20, 0xff, 0xa0, 0x44, 0x20, 0xff,
    0xa0, 0x44, 0x28, 0xff, 0xa8, 0x44, 0x28, 0xff, 0xa8, 0x44, 0x20, 0xff,
    0xb0, 0x48, 0x28, 0xff, 0xb0, 0x48, 0x28, 0xff, 0xb0, 0x4c, 0x20, 0xff,
    0xb8, 0x4c, 0x28, 0xff, 0xb8, 0x4c, 0x28, 0xff, 0xc0, 0x4c, 0x28, 0xff,
    0xc0, 0x50, 0x28, 0xff, 0xc0, 0x50, 0x28, 0xff, 0xc0, 0x50, 0x20, 0xff,
    0xc0, 0x50, 0x28, 0xff, 0xc8, 0x50, 0x28, 0xff, 0xc0, 0x50, 0x28, 0xff,
    0xc0, 0x50, 0x28, 0xff, 0xc0, 0x50, 0x20, 0xff, 0xc0, 0x50, 0x28, 0xff,
    0xc0, 0x4c, 0x20, 0xff, 0xc0, 0x4c, 0x28, 0xff, 0xc8, 0x50, 0x28, 0xff,
    0xc8, 0x50, 0x28, 0xff, 0xc0, 0x54, 0x28, 0xff, 0xc8, 0x50, 0x28, 0xff,
    0xc8, 0x54, 0x28, 0xff, 0xc0, 0x50, 0x28, 0xff, 0xc8, 0x50, 0x28, 0xff,
    0xc8, 0x54, 0x28, 0xff, 0xc8, 0x50, 0x28, 0xff, 0xc8, 0x54, 0x28, 0xff,
    0xc8, 0x54, 0x28, 0xff, 0xc8, 0x54, 0x28, 0xff, 0xc8, 0x50, 0x30, 0xff,
    0xc8, 0x54, 0x28, 0xff, 0xc8, 0x54, 0x28, 0xff, 0xc8, 0x50, 0x28, 0xff,
    0xc8, 0x54, 0x30, 0xff, 0xc8, 0x54, 0x28, 0xff, 0xc8, 0x54, 0x28, 0xff,
    0xc8, 0x54, 0x28, 0xff, 0xd0, 0x54, 0x28, 0xff, 0xc8, 0x54, 0x28, 0xff,
    0xc8, 0x58, 0x30, 0xff, 0xc8, 0x54, 0x28, 0xff, 0xd0, 0x54, 0x30, 0xff,
    0xc8, 0x54, 0x28, 0xff, 0xc8, 0x58, 0x28, 0xff, 0xd0, 0x58, 0x30, 0xff,
    0xc8, 0x58, 0x28, 0xff, 0xd0, 0x54, 0x28, 0xff, 0xd0, 0x58, 0x30, 0xff,
    0xd0, 0x58, 0x28, 0xff, 0xd0, 0x58, 0x30, 0xff, 0xd0, 0x58, 0x30, 0xff,
    0xd0, 0x54, 0x28, 0xff, 0xc8, 0x54, 0x28, 0xff, 0xc8, 0x54, 0x28, 0xff,
    0xd0, 0x58, 0x30, 0xff, 0xd0, 0x54, 0x28, 0xff, 0xd0, 0x54, 0x30, 0xff,
    0xd0, 0x58, 0x30, 0xff, 0xd0, 0x58, 0x28, 0xff, 0xd0, 0x58, 0x30, 0xff,
    0xd0, 0x58, 0x28, 0xff, 0xd0, 0x58, 0x28, 0xff, 0xd0, 0x58, 0x30, 0xff,
    0xd0, 0x58, 0x28, 0xff, 0xd0, 0x54, 0x30, 0xff, 0xd0, 0x58, 0x30, 0xff,
    0xd0, 0x54, 0x28, 0xff, 0xd0, 0x58, 0x30, 0xff, 0xd0, 0x58, 0x30, 0xff,
    0xd0, 0x58, 0x28, 0xff, 0xd0, 0x58, 0x30, 0xff, 0xd0, 0x58, 0x28, 0xff,
    0xd0, 0x58, 0x30, 0xff, 0xd8, 0x58, 0x28, 0xff, 0xd0, 0x58, 0x28, 0xff,
    0xd0, 0x58, 0x30, 0xff, 0xd8, 0x58, 0x28, 0xff, 0xd0, 0x58, 0x28, 0xff,
    0xd0, 0x58, 0x30, 0xff, 0xd0, 0x58, 0x30, 0xff, 0xd0, 0x58, 0x28, 0xff,
    0xd0, 0x5c, 0x30, 0xff, 0xd8, 0x58, 0x28, 0xff, 0xd0, 0x58, 0x30, 0xff,
    0xd8, 0x5c, 0x30, 0xff, 0xd0, 0x58, 0x28, 0xff, 0xd0, 0x5c, 0x30, 0xff,
    0xd0, 0x58, 0x30, 0xff, 0xd0, 0x58, 0x30, 0xff, 0xd8, 0x58, 0x28, 0xff,
    0xd0, 0x5c, 0x30, 0xff, 0xd8, 0x5c, 0x30, 0xff, 0xd0, 0x58, 0x28, 0xff,
    0xd8, 0x5c, 0x30, 0xff, 0xd8, 0x58, 0x28, 0xff, 0xd0, 0x58, 0x28, 0xff,
    0xd8, 0x5c, 0x30, 0xff, 0xd8, 0x5c, 0x30, 0xff, 0xd0, 0x5c, 0x30, 0xff,
    0xd8, 0x5c, 0x30, 0xff, 0xd8, 0x5c, 0x30, 0xff, 0xd8, 0x60, 0x30, 0xff,
    0xd8, 0x64, 0x38, 0xff, 0xe0, 0x64, 0x30, 0xff, 0xe0, 0x60, 0x38, 0xff,
    0xe0, 0x64, 0x38, 0xff, 0xe0, 0x68, 0x38, 0xff, 0xe8, 0x68, 0x38, 0xff,
    0xe8, 0x64, 0x38, 0xff, 0xe0, 0x68, 0x38, 0xff, 0xe8, 0x68, 0x38, 0xff,
    0xe0, 0x64, 0x38, 0xff, 0xe0, 0x64, 0x38, 0xff, 0xe8, 0x68, 0x38, 0xff,
    0xe0, 0x68, 0x38, 0xff, 0xe8, 0x64, 0x38, 0xff, 0xe8, 0x68, 0x38, 0xff,
    0xe0, 0x68, 0x38, 0xff, 0xe0, 0x64, 0x38, 0xff, 0xe8, 0x68, 0x38, 0xff,
    0xe8, 0x64, 0x38, 0xff, 0xe0, 0x68, 0x38, 0xff, 0xe0, 0x64, 0x38, 0xff,
    0xe8, 0x68, 0x38, 0xff, 0xe8, 0x64, 0x38, 0xff, 0xe8, 0x68, 0x38, 0xff,
    0xe0, 0x68, 0x38, 0xff, 0xe8, 0x68, 0x38, 0xff, 0xe8, 0x68, 0x38, 0xff,
    0xe0, 0x68, 0x38, 0xff, 0xe0, 0x68, 0x38, 0xff, 0xe8, 0x64, 0x38, 0xff,
    0xe0, 0x68, 0x38, 0xff, 0xe8, 0x68, 0x38, 0xff, 0xe8, 0x68, 0x38, 0xff,
    0xe0, 0x68, 0x38, 0xff, 0xe0, 0x64, 0x38, 0xff, 0xe0, 0x64, 0x38, 0xff,
    0xe0, 0x60, 0x30, 0xff, 0xd8, 0x60, 0x38, 0xff, 0xd8, 0x5c, 0x30, 0xff,
    0xd8, 0x5c, 0x30, 0xff, 0xd0, 0x5c, 0x30, 0xff, 0xd8, 0x60, 0x30, 0xff,
    0xe0, 0x60, 0x38, 0xff, 0xc0, 0x50, 0x28, 0xff, 0xc8, 0x50, 0x28, 0xff,
    0xe8, 0x68, 0x38, 0xff, 0xf8, 0x78, 0x40, 0xff, 0xf8, 0x78, 0x40, 0xff,
    0xf8, 0x74, 0x40, 0xff, 0xf0, 0x70, 0x40, 0xff, 0xe8, 0x6c, 0x38, 0xff,
    0xe8, 0x68, 0x38, 0xff, 0xe0, 0x68, 0x38, 0xff, 0xe0, 0x68, 0x38, 0xff,
    0xe0, 0x68, 0x38, 0xff, 0xe8, 0x68, 0x38, 0xff, 0xf0, 0x6c, 0x40, 0xff,
    0xf8, 0x74, 0x40, 0xff, 0xf8, 0x78, 0x40, 0xff, 0xf8, 0x74, 0x40, 0xff,
    0xe0, 0x68, 0x38, 0xff, 0xc8, 0x54, 0x28, 0xff, 0xd0, 0x5c, 0x30, 0xff,
    0x98, 0x3c, 0x20, 0xff, 0xd0, 0x58, 0x30, 0xff, 0xf0, 0x70, 0x40, 0xff,
    0xd8, 0x60, 0x38, 0xff, 0xd0, 0x58, 0x30, 0xff, 0xc8, 0x54, 0x28, 0xff,
    0xd0, 0x5c, 0x30, 0xff, 0xe0, 0x64, 0x38, 0xff, 0xf8, 0x74, 0x40, 0xff,
    0xf8, 0x78, 0x40, 0xff, 0xf8, 0x74, 0x40, 0xff, 0xf0, 0x70, 0x40, 0xff,
    0xe0, 0x68, 0x38, 0xff, 0xe0, 0x64, 0x38, 0xff, 0xd8, 0x60, 0x38, 0xff,
    0xd8, 0x60, 0x38, 0xff, 0xd8, 0x60, 0x38, 0xff, 0xd8, 0x64, 0x38, 0xff,
    0xe0, 0x68, 0x38, 0xff, 0xe8, 0x6c, 0x40, 0xff, 0xe8, 0x70, 0x40, 0xff,
    0xe8, 0x6c, 0x40, 0xff, 0xc8, 0x5c, 0x30, 0xff, 0xb0, 0x4c, 0x28, 0xff,
    0x70, 0x2c, 0x18, 0xff, 0x90, 0x3c, 0x20, 0xff, 0xa8, 0x44, 0x20, 0xff,
    0x98, 0x40, 0x20, 0xff, 0xa0, 0x44, 0x28, 0xff, 0x98, 0x40, 0x28, 0xff,
    0x98, 0x44, 0x20, 0xff, 0x98, 0x40, 0x20, 0xff, 0x90, 0x40, 0x20, 0xff,
    0x90, 0x3c, 0x20, 0xff, 0x80, 0x38, 0x20, 0xff, 0x88, 0x3c, 0x20, 0xff,
    0x88, 0x3c, 0x20, 0xff, 0x88, 0x3c, 0x20, 0xff, 0x90, 0x40, 0x28, 0xff,
    0x98, 0x40, 0x20, 0xff, 0x98, 0x40, 0x28, 0xff, 0xa0, 0x44, 0x28, 0xff,
    0xa0, 0x44, 0x28, 0xff, 0xa8, 0x44, 0x20, 0xff, 0xa8, 0x44, 0x20, 0xff,
    0xa8, 0x48, 0x28, 0xff, 0xa8, 0x48, 0x28, 0xff, 0xb0, 0x48, 0x20, 0xff,
    0xb0, 0x4c, 0x28, 0xff, 0xb8, 0x4c, 0x28, 0xff, 0xb8, 0x50, 0x28, 0xff,
    0xb8, 0x50, 0x28, 0xff, 0xc0, 0x50, 0x28, 0xff, 0xc0, 0x50, 0x28, 0xff,
    0xc0, 0x4c, 0x28, 0xff, 0xc0, 0x50, 0x28, 0xff, 0xc0, 0x50, 0x28, 0xff,
    0xc0, 0x50, 0x28, 0xff, 0xc8, 0x50, 0x28, 0xff, 0xc8, 0x50, 0x28, 0xff,
    0xc0, 0x50, 0x28, 0xff, 0xc0, 0x4c, 0x20, 0xff, 0xc0, 0x4c, 0x28, 0xff,
    0xc8, 0x50, 0x28, 0xff, 0xc0, 0x50, 0x28, 0xff, 0xc8, 0x50, 0x28, 0xff,
    0xc8, 0x50, 0x28, 0xff, 0xc8, 0x50, 0x28, 0xff, 0xc8, 0x54, 0x28, 0xff,
    0xc8, 0x50, 0x28, 0xff, 0xc0, 0x50, 0x30, 0xff, 0xc8, 0x54, 0x28, 0xff,
    0xc8, 0x54, 0x30, 0xff, 0xc0, 0x54, 0x28, 0xff, 0xc8, 0x54, 0x28, 0xff,
    0xc8, 0x50, 0x28, 0xff, 0xc8, 0x54, 0x30, 0xff, 0xc8, 0x54, 0x28, 0xff,
    0xc8, 0x54, 0x28, 0xff, 0xc8, 0x54, 0x30, 0xff, 0xc8, 0x54, 0x28, 0xff,
    0xc8, 0x54, 0x28, 0xff, 0xc8, 0x54, 0x30, 0xff, 0xd0, 0x58, 0x30, 0xff,
    0xc8, 0x54, 0x28, 0xff, 0xc8, 0x54, 0x28, 0xff, 0xc8, 0x58, 0x28, 0xff,
    0xd0, 0x54, 0x30, 0xff, 0xd0, 0x54, 0x28, 0xff, 0xc8, 0x54, 0x28, 0xff,
    0xc8, 0x54, 0x30, 0xff, 0xc8, 0x54, 0x28, 0xff, 0xd0, 0x54, 0x30, 0xff,
    0xd0, 0x58, 0x30, 0xff, 0xd0, 0x58, 0x28, 0xff, 0xd0, 0x58, 0x28, 0xff,
    0xd0, 0x54, 0x30, 0xff, 0xd0, 0x58, 0x28, 0xff, 0xd0, 0x54, 0x28, 0xff,
    0xc8, 0x54, 0x28, 0xff, 0xd0, 0x54, 0x30, 0xff, 0xd0, 0x58, 0x28, 0xff,
    0xd0, 0x58, 0x28, 0xff, 0xd0, 0x54, 0x30, 0xff, 0xd0, 0x58, 0x30, 0xff,
    0xd0, 0x58, 0x28, 0xff, 0xd0, 0x58, 0x30, 0xff, 0xd0, 0x54, 0x30, 0xff,
    0xd0, 0x58, 0x28, 0xff, 0xd0, 0x58, 0x28, 0xff, 0xd0, 0x54, 0x30, 0xff,
    0xd0, 0x54, 0x28, 0xff, 0xd0, 0x58, 0x28, 0xff, 0xd0, 0x58, 0x30, 0xff,
    0xd0, 0x58, 0x28, 0xff, 0xd0, 0x58, 0x28, 0xff, 0xd0, 0x58, 0x30, 0xff,
    0xd0, 0x58, 0x30, 0xff, 0xd0, 0x58, 0x28, 0xff, 0xd0, 0x58, 0x30, 0xff,
    0xd0, 0x58, 0x28, 0xff, 0xd0, 0x58, 0x30, 0xff, 0xd0, 0x58, 0x30, 0xff,
    0xd0, 0x58, 0x28, 0xff, 0xd0, 0x58, 0x30, 0xff, 0xd0, 0x58, 0x30, 0xff,
    0xd0, 0x58, 0x28, 0xff, 0xd0, 0x5c, 0x30, 0xff, 0xd0, 0x58, 0x30, 0xff,
    0xd0, 0x58, 0x28, 0xff, 0xd0, 0x58, 0x30, 0xff, 0xd8, 0x58, 0x28, 0xff,
    0xd8, 0x58, 0x28, 0xff, 0xd0, 0x5c, 0x30, 0xff, 0xd0, 0x58, 0x28, 0xff,
    0xd8, 0x58, 0x30, 0xff, 0xd0, 0x58, 0x30, 0xff, 0xd0, 0x5c, 0x28, 0xff,
    0xd0, 0x5c, 0x30, 0xff, 0xd0, 0x5c, 0x30, 0xff, 0xd8, 0x5c, 0x30, 0xff,
    0xd0, 0x5c, 0x30, 0xff, 0xd0, 0x58, 0x28, 0xff, 0xd8, 0x5c, 0x30, 0xff,
    0xd8, 0x5c, 0x30, 0xff, 0xd0, 0x5c, 0x30, 0xff, 0xd8, 0x5c, 0x30, 0xff,
    0xd8, 0x5c, 0x30, 0xff, 0xd8, 0x60, 0x30, 0xff, 0xe0, 0x64, 0x38, 0xff,
    0xe0, 0x64, 0x38, 0xff, 0xe0, 0x64, 0x38, 0xff, 0xe0, 0x64, 0x38, 0xff,
    0xe0, 0x68, 0x38, 0xff, 0xe8, 0x68, 0x38, 0xff, 0xe8, 0x68, 0x38, 0xff,
    0xe0, 0x68, 0x38, 0xff, 0xe8, 0x68, 0x38, 0xff, 0xe8, 0x68, 0x38, 0xff,
    0xe0, 0x68, 0x38, 0xff, 0xe0, 0x68, 0x38, 0xff, 0xe8, 0x68, 0x38, 0xff,
    0xe0, 0x68, 0x38, 0xff, 0xe8, 0x68, 0x38, 0xff, 0xe8, 0x68, 0x38, 0xff,
    0xe0, 0x68, 0x38, 0xff, 0xe8, 0x68, 0x38, 0xff, 0xe8, 0x64, 0x38, 0xff,
    0xe0, 0x68, 0x38, 0xff, 0xe0, 0x68, 0x38, 0xff, 0xe8, 0x68, 0x38, 0xff,
    0xe0, 0x64, 0x38, 0xff, 0xe0, 0x64, 0x38, 0xff, 0xe8, 0x68, 0x38, 0xff,
    0xe0, 0x68, 0x38, 0xff, 0xe0, 0x64, 0x38, 0xff, 0xe8, 0x68, 0x38, 0xff,
    0xe0, 0x68, 0x38, 0xff, 0xe0, 0x68, 0x38, 0xff, 0xe8, 0x68, 0x38, 0xff,
    0xe0, 0x68, 0x38, 0xff, 0xe0, 0x68, 0x38, 0xff, 0xe0, 0x64, 0x38, 0xff,
    0xe0, 0x64, 0x38, 0xff, 0xe0, 0x60, 0x30, 0xff, 0xd8, 0x60, 0x38, 0xff,
    0xd8, 0x60, 0x30, 0xff, 0xd8, 0x5c, 0x30, 0xff, 0xd8, 0x5c, 0x30, 0xff,
    0xd8, 0x5c, 0x30, 0xff, 0xd8, 0x60, 0x38, 0xff, 0xd0, 0x5c, 0x30, 0xff,
    0xc8, 0x50, 0x28, 0xff, 0xc8, 0x54, 0x28, 0xff, 0xd0, 0x5c, 0x30, 0xff,
    0xe0, 0x64, 0x38, 0xff, 0xe0, 0x64, 0x38, 0xff, 0xe8, 0x68, 0x38, 0xff,
    0xf0, 0x70, 0x40, 0xff, 0xf0, 0x74, 0x40, 0xff, 0xf8, 0x74, 0x40, 0xff,
    0xf8, 0x74, 0x40, 0xff, 0xf8, 0x74, 0x40, 0xff, 0xf0, 0x70, 0x40, 0xff,
    0xe8, 0x6c, 0x40, 0xff, 0xe0, 0x68, 0x38, 0xff, 0xd8, 0x60, 0x30, 0xff,
    0xd0, 0x58, 0x30, 0xff, 0xd0, 0x58, 0x30, 0xff, 0xe0, 0x64, 0x38, 0xff,
    0xf8, 0x74, 0x40, 0xff, 0xc8, 0x54, 0x28, 0xff, 0xb0, 0x44, 0x20, 0xff,
    0xf0, 0x6c, 0x40, 0xff, 0xe0, 0x64, 0x38, 0xff, 0xd0, 0x58, 0x30, 0xff,
    0xd8, 0x5c, 0x30, 0xff, 0xd0, 0x58, 0x30, 0xff, 0xb8, 0x48, 0x20, 0xff,
    0xe0, 0x64, 0x38, 0xff, 0xd8, 0x60, 0x38, 0xff, 0xe0, 0x64, 0x38, 0xff,
    0xe8, 0x6c, 0x38, 0xff, 0xf0, 0x70, 0x40, 0xff, 0xf8, 0x74, 0x40, 0xff,
    0xf8, 0x74, 0x40, 0xff, 0xf0, 0x74, 0x40, 0xff, 0xe8, 0x74, 0x40, 0xff,
    0xe8, 0x70, 0x40, 0xff, 0xe0, 0x68, 0x40, 0xff, 0xd8, 0x64, 0x38, 0xff,
    0xc8, 0x5c, 0x30, 0xff, 0xc0, 0x54, 0x28, 0xff, 0xb8, 0x4c, 0x28, 0xff,
    0xb8, 0x54, 0x30, 0xff, 0xa0, 0x44, 0x20, 0xff, 0x80, 0x30, 0x18, 0xff,
    0xa8, 0x48, 0x28, 0xff, 0xa0, 0x44, 0x20, 0xff, 0xa0, 0x44, 0x20, 0xff,
    0x98, 0x44, 0x20, 0xff, 0x98, 0x40, 0x28, 0xff, 0x98, 0x40, 0x28, 0xff,
    0x90, 0x40, 0x20, 0xff, 0x90, 0x3c, 0x28, 0xff, 0x88, 0x38, 0x20, 0xff,
    0x88, 0x3c, 0x20, 0xff, 0x88, 0x3c, 0x20, 0xff, 0x88, 0x3c, 0x20, 0xff,
    0x90, 0x40, 0x20, 0xff, 0x98, 0x40, 0x20, 0xff, 0x98, 0x44, 0x28, 0xff,
    0xa0, 0x44, 0x20, 0xff, 0xa0, 0x44, 0x28, 0xff, 0xa8, 0x44, 0x28, 0xff,
    0xa8, 0x48, 0x28, 0xff, 0xa8, 0x48, 0x28, 0xff, 0xb0, 0x48, 0x28, 0xff,
    0xb0, 0x4c, 0x28, 0xff, 0xb8, 0x4c, 0x28, 0xff, 0xb8, 0x4c, 0x28, 0xff,
    0xb8, 0x4c, 0x28, 0xff, 0xc0, 0x4c, 0x28, 0xff, 0xc0, 0x50, 0x28, 0xff,
    0xc0, 0x50, 0x28, 0xff, 0xc0, 0x4c, 0x28, 0xff, 0xc0, 0x50, 0x28, 0xff,
    0xc8, 0x50, 0x28, 0xff, 0xc0, 0x50, 0x28, 0xff, 0xc8, 0x50, 0x28, 0xff,
    0xc8, 0x50, 0x28, 0xff, 0xc0, 0x50, 0x28, 0xff, 0xc0, 0x4c, 0x20, 0xff,
    0xc0, 0x4c, 0x28, 0xff, 0xc8, 0x54, 0x28, 0xff, 0xc0, 0x50, 0x28, 0xff,
    0xc8, 0x50, 0x28, 0xff, 0xc8, 0x54, 0x28, 0xff, 0xc0, 0x50, 0x28, 0xff,
    0xc8, 0x50, 0x28, 0xff, 0xc8, 0x54, 0x28, 0xff, 0xc8, 0x50, 0x28, 0xff,
    0xc0, 0x50, 0x28, 0xff, 0xc8, 0x54, 0x28, 0xff, 0xc8, 0x54, 0x28, 0xff,
    0xc8, 0x54, 0x28, 0xff, 0xc8, 0x54, 0x28, 0xff, 0xc8, 0x54, 0x28, 0xff,
    0xc8, 0x54, 0x28, 0xff, 0xc8, 0x54, 0x30, 0xff, 0xc8, 0x54, 0x28, 0xff,
    0xc8, 0x54, 0x30, 0xff, 0xc8, 0x54, 0x28, 0xff, 0xc8, 0x54, 0x28, 0xff,
    0xc8, 0x54, 0x30, 0xff, 0xc8, 0x54, 0x28, 0xff, 0xc8, 0x54, 0x28, 0xff,
    0xc8, 0x54, 0x30, 0xff, 0xc8, 0x54, 0x28, 0xff, 0xc8, 0x54, 0x28, 0xff,
    0xd0, 0x58, 0x28, 0xff, 0xd0, 0x58, 0x28, 0xff, 0xc8, 0x54, 0x28, 0xff,
    0xd0, 0x54, 0x28, 0xff, 0xd0, 0x58, 0x30, 0xff, 0xd0, 0x58, 0x28, 0xff,
    0xd0, 0x58, 0x30, 0xff, 0xd0, 0x54, 0x28, 0xff, 0xd0, 0x58, 0x30, 0xff,
    0xd0, 0x54, 0x28, 0xff, 0xc8, 0x54, 0x28, 0xff, 0xd0, 0x58, 0x30, 0xff,
    0xd0, 0x54, 0x28, 0xff, 0xd0, 0x58, 0x28, 0xff, 0xd0, 0x54, 0x30, 0xff,
    0xd0, 0x58, 0x30, 0xff, 0xd0, 0x58, 0x28, 0xff, 0xd0, 0x58, 0x28, 0xff,
    0xd0, 0x54, 0x30, 0xff, 0xd0, 0x58, 0x28, 0xff, 0xd0, 0x54, 0x30, 0xff,
    0xd0, 0x58, 0x30, 0xff, 0xd0, 0x54, 0x28, 0xff, 0xd0, 0x54, 0x28, 0xff,
    0xd0, 0x58, 0x30, 0xff, 0xd0, 0x58, 0x28, 0xff, 0xd0, 0x54, 0x30, 0xff,
    0xd0, 0x58, 0x30, 0xff, 0xd0, 0x58, 0x28, 0xff, 0xd0, 0x58, 0x30, 0xff,
    0xd0, 0x58, 0x30, 0xff, 0xd0, 0x58, 0x28, 0xff, 0xd0, 0x58, 0x30, 0xff,
    0xd0, 0x58, 0x28, 0xff, 0xd0, 0x58, 0x28, 0xff, 0xd0, 0x58, 0x30, 0xff,
    0xd8, 0x58, 0x28, 0xff, 0xd0, 0x58, 0x30, 0xff, 0xd0, 0x58, 0x30, 0xff,
    0xd0, 0x5c, 0x28, 0xff, 0xd0, 0x58, 0x30, 0xff, 0xd0, 0x58, 0x30, 0xff,
    0xd0, 0x5c, 0x30, 0xff, 0xd8, 0x58, 0x30, 0xff, 0xd0, 0x58, 0x28, 0xff,
    0xd0, 0x5c, 0x30, 0xff, 0xd0, 0x58, 0x30, 0xff, 0xd8, 0x58, 0x28, 0xff,
    0xd8, 0x58, 0x28, 0xff, 0xd0, 0x5c, 0x30, 0xff, 0xd0, 0x5c, 0x30, 0xff,
    0xd8, 0x5c, 0x30, 0xff, 0xd0, 0x5c, 0x30, 0xff, 0xd0, 0x5c, 0x30, 0xff,
    0xd8, 0x5c, 0x30, 0xff, 0xd8, 0x58, 0x30, 0xff, 0xd0, 0x5c, 0x30, 0xff,
    0xd0, 0x5c, 0x30, 0xff, 0xd8, 0x5c, 0x30, 0xff, 0xd8, 0x60, 0x30, 0xff,
    0xe0, 0x64, 0x38, 0xff, 0xe0, 0x64, 0x30, 0xff, 0xe0, 0x64, 0x38, 0xff,
    0xe0, 0x68, 0x38, 0xff, 0xe0, 0x68, 0x38, 0xff, 0xe0, 0x68, 0x38, 0xff,
    0xe8, 0x64, 0x38, 0xff, 0xe0, 0x68, 0x38, 0xff, 0xe8, 0x68, 0x38, 0xff,
    0xe8, 0x64, 0x38, 0xff, 0xe0, 0x68, 0x38, 0xff, 0xe0, 0x64, 0x38, 0xff,
    0xe8, 0x68, 0x38, 0xff, 0xe0, 0x64, 0x38, 0xff, 0xe8, 0x68, 0x38, 0xff,
    0xe0, 0x68, 0x38, 0xff, 0xe0, 0x64, 0x38, 0xff, 0xe8, 0x68, 0x38, 0xff,
    0xe8, 0x68, 0x38, 0xff, 0xe8, 0x68, 0x38, 0xff, 0xe0, 0x68, 0x38, 0xff,
    0xe8, 0x68, 0x38, 0xff, 0xe8, 0x68, 0x38, 0xff, 0xe8, 0x68, 0x38, 0xff,
    0xe0, 0x68, 0x38, 0xff, 0xe8, 0x64, 0x38, 0xff, 0xe8, 0x68, 0x38, 0xff,
    0xe8, 0x68, 0x38, 0xff, 0xe0, 0x64, 0x38, 0xff, 0xe8, 0x68, 0x38, 0xff,
    0xe8, 0x64, 0x38, 0xff, 0xe0, 0x64, 0x38, 0xff, 0xe8, 0x68, 0x38, 0xff,
    0xe0, 0x64, 0x38, 0xff, 0xe0, 0x64, 0x38, 0xff, 0xe0, 0x64, 0x38, 0xff,
    0xd8, 0x60, 0x30, 0xff, 0xd8, 0x5c, 0x30, 0xff, 0xd0, 0x5c, 0x30, 0xff,
    0xd0, 0x5c, 0x30, 0xff, 0xd8, 0x5c, 0x30, 0xff, 0xd8, 0x60, 0x30, 0xff,
    0xd8, 0x5c, 0x30, 0xff, 0xc8, 0x54, 0x28, 0xff, 0xd0, 0x58, 0x30, 0xff,
    0xc0, 0x4c, 0x28, 0xff, 0xd8, 0x60, 0x38, 0xff, 0xd8, 0x60, 0x38, 0xff,
    0xd8, 0x60, 0x30, 0xff, 0xd8, 0x5c, 0x30, 0xff, 0xd0, 0x5c, 0x30, 0xff,
    0xd0, 0x58, 0x30, 0xff, 0xd0, 0x58, 0x30, 0xff, 0xd0, 0x5c, 0x30, 0xff,
    0xd0, 0x5c, 0x30, 0xff, 0xd8, 0x5c, 0x30, 0xff, 0xd8, 0x5c, 0x30, 0xff,
    0xd0, 0x5c, 0x30, 0xff, 0xe0, 0x64, 0x38, 0xff, 0xe8, 0x68, 0x38, 0xff,
    0xe0, 0x64, 0x38, 0xff, 0xe0, 0x64, 0x38, 0xff, 0xe8, 0x6c, 0x40, 0xff,
    0xb8, 0x4c, 0x20, 0xff, 0xd8, 0x60, 0x30, 0xff, 0xe8, 0x68, 0x38, 0xff,
    0xd0, 0x5c, 0x30, 0xff, 0xd8, 0x5c, 0x30, 0xff, 0xc8, 0x54, 0x28, 0xff,
    0xc0, 0x50, 0x28, 0xff, 0xe8, 0x6c, 0x40, 0xff, 0xd0, 0x5c, 0x30, 0xff,
    0xd0, 0x5c, 0x30, 0xff, 0xd8, 0x5c, 0x30, 0xff, 0xd0, 0x5c, 0x30, 0xff,
    0xc8, 0x54, 0x30, 0xff, 0xc8, 0x58, 0x30, 0xff, 0xd0, 0x5c, 0x30, 0xff,
    0xd0, 0x5c, 0x30, 0xff, 0xd0, 0x58, 0x30, 0xff, 0xc8, 0x58, 0x30, 0xff,
    0xc8, 0x54, 0x30, 0xff, 0xc0, 0x54, 0x30, 0xff, 0xc0, 0x58, 0x30, 0xff,
    0xc8, 0x58, 0x30, 0xff, 0xc0, 0x54, 0x30, 0xff, 0xb0, 0x50, 0x28, 0xff,
    0x88, 0x38, 0x20, 0xff, 0xa8, 0x44, 0x28, 0xff, 0xa8, 0x44, 0x28, 0xff,
    0xa0, 0x44, 0x20, 0xff, 0xa0, 0x44, 0x20, 0xff, 0xa0, 0x44, 0x20, 0xff,
    0x98, 0x40, 0x28, 0xff, 0x90, 0x40, 0x20, 0xff, 0x90, 0x40, 0x20, 0xff,
    0x80, 0x38, 0x20, 0xff, 0x88, 0x38, 0x20, 0xff, 0x88, 0x3c, 0x20, 0xff,
    0x88, 0x3c, 0x20, 0xff, 0x90, 0x40, 0x28, 0xff, 0x98, 0x40, 0x20, 0xff,
    0x98, 0x44, 0x20, 0xff, 0xa0, 0x44, 0x28, 0xff, 0xa0, 0x44, 0x20, 0xff,
    0xa8, 0x44, 0x28, 0xff, 0xa8, 0x48, 0x20, 0xff, 0xa8, 0x48, 0x28, 0xff,
    0xb0, 0x48, 0x28, 0xff, 0xb0, 0x4c, 0x28, 0xff, 0xb0, 0x4c, 0x28, 0xff,
    0xb8, 0x4c, 0x28, 0xff, 0xc0, 0x50, 0x28, 0xff, 0xb8, 0x4c, 0x28, 0xff,
    0xb8, 0x50, 0x28, 0xff, 0xc0, 0x50, 0x28, 0xff, 0xc0, 0x50, 0x28, 0xff,
    0xc0, 0x50, 0x28, 0xff, 0xc0, 0x50, 0x28, 0xff, 0xc0, 0x50, 0x28, 0xff,
    0xc8, 0x50, 0x28, 0xff, 0xc0, 0x50, 0x28, 0xff, 0xc0, 0x50, 0x20, 0xff,
    0xc0, 0x4c, 0x20, 0xff, 0xc0, 0x50, 0x28, 0xff, 0xc8, 0x54, 0x28, 0xff,
    0xc8, 0x50, 0x28, 0xff, 0xc8, 0x50, 0x28, 0xff, 0xc8, 0x54, 0x28, 0xff,
    0xc0, 0x50, 0x30, 0xff, 0xc8, 0x50, 0x28, 0xff, 0xc8, 0x50, 0x28, 0xff,
    0xc8, 0x50, 0x30, 0xff, 0xc8, 0x50, 0x28, 0xff, 0xc8, 0x54, 0x28, 0xff,
    0xc8, 0x54, 0x28, 0xff, 0xc8, 0x50, 0x30, 0xff, 0xc8, 0x54, 0x30, 0xff,
    0xc8, 0x50, 0x28, 0xff, 0xc8, 0x54, 0x28, 0xff, 0xc8, 0x54, 0x30, 0xff,
    0xc8, 0x54, 0x28, 0xff, 0xc8, 0x54, 0x28, 0xff, 0xc8, 0x54, 0x28, 0xff,
    0xc8, 0x54, 0x28, 0xff, 0xc8, 0x54, 0x28, 0xff, 0xc8, 0x54, 0x30, 0xff,
    0xc8, 0x58, 0x30, 0xff, 0xc8, 0x54, 0x28, 0xff, 0xd0, 0x54, 0x30, 0xff,
    0xd0, 0x58, 0x28, 0xff, 0xc8, 0x58, 0x28, 0xff, 0xd0, 0x54, 0x30, 0xff,
    0xd0, 0x54, 0x28, 0xff, 0xc8, 0x58, 0x28, 0xff, 0xd0, 0x58, 0x30, 0xff,
    0xd0, 0x58, 0x28, 0xff, 0xd0, 0x54, 0x28, 0xff, 0xd0, 0x58, 0x30, 0xff,
    0xd0, 0x54, 0x28, 0xff, 0xc8, 0x54, 0x28, 0xff, 0xc8, 0x54, 0x28, 0xff,
    0xd0, 0x54, 0x30, 0xff, 0xd0, 0x58, 0x30, 0xff, 0xd0, 0x54, 0x28, 0xff,
    0xd0, 0x58, 0x28, 0xff, 0xd0, 0x58, 0x30, 0xff, 0xd0, 0x58, 0x28, 0xff,
    0xd0, 0x58, 0x30, 0xff, 0xd0, 0x54, 0x28, 0xff, 0xd0, 0x58, 0x30, 0xff,
    0xd0, 0x58, 0x28, 0xff, 0xd0, 0x54, 0x30, 0xff, 0xd0, 0x58, 0x28, 0xff,
    0xd0, 0x58, 0x28, 0xff, 0xd0, 0x58, 0x30, 0xff, 0xd0, 0x58, 0x30, 0xff,
    0xd0, 0x54, 0x28, 0xff, 0xd0, 0x58, 0x30, 0xff, 0xd0, 0x58, 0x30, 0xff,
    0xd0, 0x58, 0x28, 0xff, 0xd0, 0x58, 0x30, 0xff, 0xd0, 0x58, 0x28, 0xff,
    0xd8, 0x58, 0x30, 0xff, 0xd0, 0x58, 0x30, 0xff, 0xd0, 0x54, 0x28, 0xff,
    0xd0, 0x58, 0x30, 0xff, 0xd0, 0x58, 0x30, 0xff, 0xd0, 0x58, 0x28, 0xff,
    0xd0, 0x58, 0x30, 0xff, 0xd8, 0x58, 0x28, 0xff, 0xd0, 0x5c, 0x30, 0xff,
    0xd0, 0x58, 0x28, 0xff, 0xd0, 0x58, 0x30, 0xff, 0xd0, 0x58, 0x30, 0xff,
    0xd8, 0x58, 0x28, 0xff, 0xd0, 0x5c, 0x30, 0xff, 0xd0, 0x5c, 0x30, 0xff,
    0xd8, 0x58, 0x28, 0xff, 0xd0, 0x58, 0x30, 0xff, 0xd0, 0x58, 0x30, 0xff,
    0xd8, 0x58, 0x28, 0xff, 0xd8, 0x5c, 0x30, 0xff, 0xd0, 0x58, 0x30, 0xff,
    0xd8, 0x5c, 0x28, 0xff, 0xd0, 0x5c, 0x30, 0xff, 0xd8, 0x5c, 0x30, 0xff,
    0xd8, 0x5c, 0x30, 0xff, 0xd8, 0x5c, 0x28, 0xff, 0xd8, 0x5c, 0x30, 0xff,
    0xd8, 0x60, 0x30, 0xff, 0xe0, 0x60, 0x38, 0xff, 0xe0, 0x64, 0x38, 0xff,
    0xe0, 0x64, 0x30, 0xff, 0xe0, 0x64, 0x38, 0xff, 0xe0, 0x68, 0x38, 0xff,
    0xe8, 0x68, 0x38, 0xff, 0xe0, 0x64, 0x38, 0xff, 0xe0, 0x68, 0x38, 0xff,
    0xe0, 0x68, 0x38, 0xff, 0xe8, 0x64, 0x38, 0xff, 0xe8, 0x68, 0x38, 0xff,
    0xe0, 0x68, 0x38, 0xff, 0xe8, 0x68, 0x38, 0xff, 0xe0, 0x64, 0x38, 0xff,
    0xe0, 0x68, 0x38, 0xff, 0xe8, 0x68, 0x38, 0xff, 0xe0, 0x64, 0x38, 0xff,
    0xe0, 0x68, 0x38, 0xff, 0xe0, 0x68, 0x38, 0xff, 0xe8, 0x64, 0x38, 0xff,
    0xe0, 0x68, 0x38, 0xff, 0xe0, 0x64, 0x38, 0xff, 0xe8, 0x68, 0x38, 0xff,
    0xe0, 0x68, 0x38, 0xff, 0xe0, 0x64, 0x38, 0xff, 0xe0, 0x68, 0x38, 0xff,
    0xe8, 0x68, 0x38, 0xff, 0xe0, 0x68, 0x38, 0xff, 0xe0, 0x68, 0x38, 0xff,
    0xe8, 0x68, 0x38, 0xff, 0xe0, 0x68, 0x38, 0xff, 0xe8, 0x68, 0x38, 0xff,
    0xe8, 0x68, 0x38, 0xff, 0xe0, 0x64, 0x38, 0xff, 0xe0, 0x64, 0x38, 0xff,
    0xe0, 0x60, 0x38, 0xff, 0xd8, 0x64, 0x30, 0xff, 0xd8, 0x60, 0x30, 0xff,
    0xd8, 0x5c, 0x30, 0xff, 0xd8, 0x5c, 0x30, 0xff, 0xd0, 0x5c, 0x30, 0xff,
    0xd8, 0x60, 0x30, 0xff, 0xd8, 0x60, 0x38, 0xff, 0xc8, 0x54, 0x28, 0xff,
    0xd8, 0x5c, 0x30, 0xff, 0xc0, 0x50, 0x28, 0xff, 0xd0, 0x5c, 0x30, 0xff,
    0xf0, 0x70, 0x40, 0xff, 0xe0, 0x64, 0x38, 0xff, 0xe0, 0x64, 0x38, 0xff,
    0xd8, 0x5c, 0x30, 0xff, 0xc8, 0x58, 0x30, 0xff, 0xc8, 0x54, 0x28, 0xff,
    0xd0, 0x58, 0x30, 0xff, 0xd8, 0x60, 0x38, 0xff, 0xe0, 0x64, 0x38, 0xff,
    0xe0, 0x64, 0x38, 0xff, 0xe0, 0x64, 0x38, 0xff, 0xe0, 0x64, 0x38, 0xff,
    0xd8, 0x60, 0x38, 0xff, 0xd8, 0x60, 0x30, 0xff, 0xd8, 0x64, 0x38, 0xff,
    0xe8, 0x68, 0x38, 0xff, 0xc8, 0x54, 0x28, 0xff, 0xd0, 0x58, 0x30, 0xff,
    0xe8, 0x6c, 0x38, 0xff, 0xd0, 0x5c, 0x30, 0xff, 0xc8, 0x58, 0x30, 0xff,
    0xd8, 0x60, 0x38, 0xff, 0xc0, 0x4c, 0x28, 0xff, 0xd0, 0x5c, 0x30, 0xff,
    0xe8, 0x68, 0x38, 0xff, 0xd8, 0x64, 0x38, 0xff, 0xe0, 0x64, 0x38, 0xff,
    0xd8, 0x60, 0x30, 0xff, 0xc0, 0x50, 0x28, 0xff, 0xc0, 0x4c, 0x28, 0xff,
    0xd0, 0x5c, 0x30, 0xff, 0xd0, 0x60, 0x38, 0xff, 0xd0, 0x5c, 0x38, 0xff,
    0xd0, 0x60, 0x38, 0xff, 0xd0, 0x60, 0x38, 0xff, 0xc8, 0x5c, 0x30, 0xff,
    0xc8, 0x58, 0x30, 0xff, 0xc0, 0x54, 0x30, 0xff, 0xb8, 0x50, 0x30, 0xff,
    0xb8, 0x50, 0x30, 0xff, 0xa8, 0x44, 0x20, 0xff, 0xa0, 0x44, 0x20, 0xff,
    0xa8, 0x44, 0x28, 0xff, 0xa0, 0x44, 0x20, 0xff, 0xa0, 0x44, 0x28, 0xff,
    0xa0, 0x44, 0x28, 0xff, 0x98, 0x40, 0x20, 0xff, 0x90, 0x3c, 0x20, 0xff,
    0x90, 0x40, 0x28, 0xff, 0x80, 0x38, 0x20, 0xff, 0x88, 0x38, 0x20, 0xff,
    0x88, 0x3c, 0x20, 0xff, 0x88, 0x3c, 0x20, 0xff, 0x90, 0x40, 0x28, 0xff,
    0x98, 0x40, 0x28, 0xff, 0x98, 0x44, 0x20, 0xff, 0xa0, 0x44, 0x28, 0xff,
    0xa0, 0x44, 0x28, 0xff, 0xa0, 0x44, 0x20, 0xff, 0xa8, 0x44, 0x20, 0xff,
    0xa8, 0x48, 0x28, 0xff, 0xb0, 0x48, 0x20, 0xff, 0xb0, 0x4c, 0x28, 0xff,
    0xb0, 0x4c, 0x28, 0xff, 0xb8, 0x4c, 0x28, 0xff, 0xc0, 0x50, 0x28, 0xff,
    0xb8, 0x50, 0x28, 0xff, 0xc0, 0x50, 0x28, 0xff, 0xc8, 0x50, 0x28, 0xff,
    0xc0, 0x50, 0x28, 0xff, 0xc0, 0x50, 0x28, 0xff, 0xc8, 0x54, 0x28, 0xff,
    0xc0, 0x50, 0x28, 0xff, 0xc8, 0x50, 0x28, 0xff, 0xc8, 0x50, 0x28, 0xff,
    0xc0, 0x50, 0x28, 0xff, 0xc0, 0x4c, 0x28, 0xff, 0xc0, 0x4c, 0x28, 0xff,
    0xc8, 0x50, 0x28, 0xff, 0xc8, 0x50, 0x28, 0xff, 0xc0, 0x50, 0x28, 0xff,
    0xc8, 0x50, 0x28, 0xff, 0xc8, 0x54, 0x28, 0xff, 0xc0, 0x50, 0x28, 0xff,
    0xc8, 0x54, 0x28, 0xff, 0xc0, 0x50, 0x30, 0xff, 0xc8, 0x54, 0x28, 0xff,
    0xc8, 0x54, 0x28, 0xff, 0xc8, 0x50, 0x28, 0xff, 0xc8, 0x54, 0x28, 0xff,
    0xc8, 0x54, 0x30, 0xff, 0xc8, 0x54, 0x28, 0xff, 0xc8, 0x50, 0x28, 0xff,
    0xc8, 0x54, 0x30, 0xff, 0xc8, 0x54, 0x28, 0xff, 0xc8, 0x54, 0x28, 0xff,
    0xd0, 0x54, 0x30, 0xff, 0xc8, 0x54, 0x28, 0xff, 0xc8, 0x54, 0x28, 0xff,
    0xd0, 0x54, 0x30, 0xff, 0xc8, 0x58, 0x28, 0xff, 0xc8, 0x54, 0x28, 0xff,
    0xd0, 0x54, 0x30, 0xff, 0xc8, 0x58, 0x28, 0xff, 0xc8, 0x54, 0x28, 0xff,
    0xd0, 0x58, 0x30, 0xff, 0xc8, 0x54, 0x30, 0xff, 0xd0, 0x54, 0x28, 0xff,
    0xd0, 0x58, 0x30, 0xff, 0xd0, 0x58, 0x30, 0xff, 0xd0, 0x58, 0x28, 0xff,
    0xd0, 0x54, 0x28, 0xff, 0xd0, 0x58, 0x30, 0xff, 0xc8, 0x54, 0x28, 0xff,
    0xd0, 0x54, 0x28, 0xff, 0xd0, 0x54, 0x28, 0xff, 0xd0, 0x54, 0x28, 0xff,
    0xd0, 0x58, 0x30, 0xff, 0xd0, 0x54, 0x30, 0xff, 0xd0, 0x54, 0x30, 0xff,
    0xd0, 0x58, 0x28, 0xff, 0xd0, 0x58, 0x30, 0xff, 0xd0, 0x54, 0x30, 0xff,
    0xd0, 0x54, 0x28, 0xff, 0xd0, 0x58, 0x28, 0xff, 0xd0, 0x58, 0x30, 0xff,
    0xd0, 0x54, 0x30, 0xff, 0xc8, 0x54, 0x28, 0xff, 0xd0, 0x58, 0x30, 0xff,
    0xd0, 0x58, 0x28, 0xff, 0xd0, 0x58, 0x28, 0xff, 0xd0, 0x58, 0x30, 0xff,
    0xd0, 0x58, 0x30, 0xff, 0xd0, 0x58, 0x28, 0xff, 0xd0, 0x58, 0x30, 0xff,
    0xd0, 0x58, 0x30, 0xff, 0xd0, 0x58, 0x28, 0xff, 0xd0, 0x58, 0x28, 0xff,
    0xd0, 0x58, 0x30, 0xff, 0xd0, 0x58, 0x30, 0xff, 0xd0, 0x58, 0x28, 0xff,
    0xd0, 0x5c, 0x30, 0xff, 0xd0, 0x58, 0x30, 0xff, 0xd0, 0x58, 0x30, 0xff,
    0xd0, 0x58, 0x28, 0xff, 0xd8, 0x5c, 0x28, 0xff, 0xd0, 0x58, 0x30, 0xff,
    0xd0, 0x58, 0x28, 0xff, 0xd8, 0x58, 0x30, 0xff, 0xd8, 0x58, 0x30, 0xff,
    0xd0, 0x58, 0x28, 0xff, 0xd0, 0x58, 0x30, 0xff, 0xd8, 0x58, 0x30, 0xff,
    0xd0, 0x58, 0x28, 0xff, 0xd0, 0x5c, 0x28, 0xff, 0xd8, 0x58, 0x30, 0xff,
    0xd0, 0x58, 0x30, 0xff, 0xd0, 0x58, 0x28, 0xff, 0xd8, 0x5c, 0x30, 0xff,
    0xd0, 0x5c, 0x30, 0xff, 0xd8, 0x5c, 0x30, 0xff, 0xd8, 0x5c, 0x30, 0xff,
    0xd8, 0x5c, 0x30, 0xff, 0xd8, 0x60, 0x30, 0xff, 0xe0, 0x64, 0x38, 0xff,
    0xe0, 0x64, 0x38, 0xff, 0xe0, 0x64, 0x38, 0xff, 0xe0, 0x64, 0x38, 0xff,
    0xe8, 0x68, 0x38, 0xff, 0xe0, 0x68, 0x38, 0xff, 0xe0, 0x68, 0x38, 0xff,
    0xe8, 0x68, 0x38, 0xff, 0xe0, 0x68, 0x38, 0xff, 0xe0, 0x68, 0x38, 0xff,
    0xe8, 0x68, 0x38, 0xff, 0xe0, 0x68, 0x38, 0xff, 0xe8, 0x68, 0x38, 0xff,
    0xe0, 0x68, 0x38, 0xff, 0xe0, 0x68, 0x38, 0xff, 0xe8, 0x68, 0x38, 0xff,
    0xe8, 0x68, 0x38, 0xff, 0xe0, 0x68, 0x38, 0xff, 0xe8, 0x68, 0x38, 0xff,
    0xe0, 0x68, 0x38, 0xff, 0xe0, 0x64, 0x38, 0xff, 0xe8, 0x68, 0x38, 0xff,
    0xe0, 0x68, 0x38, 0xff, 0xe8, 0x68, 0x38, 0xff, 0xe8, 0x68, 0x38, 0xff,
    0xe0, 0x68, 0x38, 0xff, 0xe8, 0x64, 0x38, 0xff, 0xe0, 0x68, 0x38, 0xff,
    0xe8, 0x68, 0x38, 0xff, 0xe0, 0x64, 0x38, 0xff, 0xe0, 0x68, 0x38, 0xff,
    0xe0, 0x68, 0x38, 0xff, 0xe0, 0x68, 0x38, 0xff, 0xe0, 0x68, 0x38, 0xff,
    0xe0, 0x64, 0x38, 0xff, 0xe0, 0x60, 0x30, 0xff, 0xe0, 0x64, 0x38, 0xff,
    0xd8, 0x60, 0x38, 0xff, 0xd8, 0x5c, 0x30, 0xff, 0xd0, 0x5c, 0x30, 0xff,
    0xd8, 0x5c, 0x30, 0xff, 0xd8, 0x60, 0x30, 0xff, 0xe0, 0x64, 0x38, 0xff,
    0xd0, 0x58, 0x28, 0xff, 0xc8, 0x54, 0x28, 0xff, 0xd0, 0x5c, 0x30, 0xff,
    0xc8, 0x50, 0x28, 0xff, 0xe8, 0x68, 0x38, 0xff, 0xe0, 0x64, 0x38, 0xff,
    0xe0, 0x60, 0x38, 0xff, 0xd8, 0x60, 0x30, 0xff, 0xd0, 0x5c, 0x30, 0xff,
    0xd0, 0x54, 0x30, 0xff, 0xd0, 0x58, 0x30, 0xff, 0xd0, 0x5c, 0x30, 0xff,
    0xd8, 0x60, 0x30, 0xff, 0xd8, 0x60, 0x30, 0xff, 0xd8, 0x60, 0x38, 0xff,
    0xd8, 0x60, 0x30, 0xff, 0xd8, 0x60, 0x30, 0xff, 0xd8, 0x60, 0x38, 0xff,
    0xd8, 0x60, 0x30, 0xff, 0xe0, 0x64, 0x38, 0xff, 0xd0, 0x54, 0x30, 0xff,
    0xc8, 0x54, 0x28, 0xff, 0xe0, 0x64, 0x38, 0xff, 0xd0, 0x5c, 0x30, 0xff,
    0xc8, 0x54, 0x28, 0xff, 0xd8, 0x60, 0x38, 0xff, 0xc8, 0x54, 0x28, 0xff,
    0xc0, 0x50, 0x28, 0xff, 0xe0, 0x64, 0x38, 0xff, 0xd0, 0x5c, 0x30, 0xff,
    0xd8, 0x60, 0x38, 0xff, 0xd8, 0x60, 0x38, 0xff, 0xc8, 0x54, 0x30, 0xff,
    0xc0, 0x50, 0x28, 0xff, 0xd0, 0x58, 0x30, 0xff, 0xd0, 0x5c, 0x38, 0xff,
    0xd0, 0x5c, 0x30, 0xff, 0xc8, 0x58, 0x30, 0xff, 0xc8, 0x58, 0x30, 0xff,
    0xc8, 0x54, 0x30, 0xff, 0xc0, 0x54, 0x30, 0xff, 0xb8, 0x54, 0x30, 0xff,
    0xb8, 0x50, 0x28, 0xff, 0xb8, 0x4c, 0x28, 0xff, 0xa8, 0x48, 0x28, 0xff,
    0xa0, 0x44, 0x20, 0xff, 0xa8, 0x44, 0x28, 0xff, 0xa0, 0x44, 0x28, 0xff,
    0xa0, 0x44, 0x20, 0xff, 0xa0, 0x44, 0x28, 0xff, 0x98, 0x44, 0x28, 0xff,
    0x90, 0x40, 0x20, 0xff, 0x90, 0x3c, 0x20, 0xff, 0x80, 0x38, 0x20, 0xff,
    0x88, 0x3c, 0x20, 0xff, 0x88, 0x3c, 0x20, 0xff, 0x88, 0x3c, 0x20, 0xff,
    0x98, 0x40, 0x28, 0xff, 0x98, 0x40, 0x20, 0xff, 0x98, 0x44, 0x28, 0xff,
    0xa0, 0x44, 0x28, 0xff, 0xa0, 0x44, 0x28, 0xff, 0xa8, 0x48, 0x28, 0xff,
    0xa8, 0x48, 0x28, 0xff, 0xa8, 0x48, 0x28, 0xff, 0xb0, 0x48, 0x28, 0xff,
    0xb0, 0x4c, 0x28, 0xff, 0xb8, 0x4c, 0x28, 0xff, 0xb8, 0x4c, 0x28, 0xff,
    0xb8, 0x4c, 0x28, 0xff, 0xc0, 0x4c, 0x28, 0xff, 0xc0, 0x50, 0x28, 0xff,
    0xc0, 0x50, 0x28, 0xff, 0xc0, 0x50, 0x28, 0xff, 0xc0, 0x50, 0x28, 0xff,
    0xc8, 0x50, 0x28, 0xff, 0xc0, 0x50, 0x28, 0xff, 0xc0, 0x50, 0x28, 0xff,
    0xc8, 0x50, 0x28, 0xff, 0xc0, 0x50, 0x28, 0xff, 0xc0, 0x4c, 0x20, 0xff,
    0xc0, 0x50, 0x28, 0xff, 0xc8, 0x50, 0x28, 0xff, 0xc0, 0x50, 0x28, 0xff,
    0xc8, 0x54, 0x30, 0xff, 0xc8, 0x50, 0x28, 0xff, 0xc8, 0x50, 0x28, 0xff,
    0xc8, 0x50, 0x28, 0xff, 0xc8, 0x54, 0x28, 0xff, 0xc8, 0x50, 0x28, 0xff,
    0xc0, 0x54, 0x28, 0xff, 0xc8, 0x54, 0x28, 0xff, 0xc8, 0x50, 0x30, 0xff,
    0xc8, 0x54, 0x28, 0xff, 0xc8, 0x54, 0x28, 0xff, 0xc8, 0x54, 0x28, 0xff,
    0xc8, 0x54, 0x28, 0xff, 0xc8, 0x54, 0x30, 0xff, 0xc8, 0x54, 0x28, 0xff,
    0xc8, 0x54, 0x28, 0xff, 0xc8, 0x54, 0x30, 0xff, 0xc8, 0x54, 0x28, 0xff,
    0xc8, 0x54, 0x28, 0xff, 0xc8, 0x54, 0x30, 0xff, 0xc8, 0x54, 0x28, 0xff,
    0xc8, 0x54, 0x28, 0xff, 0xd0, 0x54, 0x30, 0xff, 0xc8, 0x58, 0x28, 0xff,
    0xd0, 0x54, 0x28, 0xff, 0xc8, 0x58, 0x28, 0xff, 0xd0, 0x54, 0x30, 0xff,
    0xc8, 0x54, 0x28, 0xff, 0xd0, 0x58, 0x28, 0xff, 0xd0, 0x58, 0x30, 0xff,
    0xd0, 0x54, 0x28, 0xff, 0xd0, 0x54, 0x28, 0xff, 0xd0, 0x58, 0x30, 0xff,
    0xd0, 0x54, 0x28, 0xff, 0xc8, 0x54, 0x28, 0xff, 0xd0, 0x58, 0x30, 0xff,
    0xd0, 0x54, 0x28, 0xff, 0xd0, 0x58, 0x28, 0xff, 0xd0, 0x58, 0x30, 0xff,
    0xd0, 0x54, 0x30, 0xff, 0xd0, 0x58, 0x28, 0xff, 0xd0, 0x58, 0x28, 0xff,
    0xd0, 0x54, 0x30, 0xff, 0xd0, 0x54, 0x28, 0xff, 0xd0, 0x58, 0x30, 0xff,
    0xd0, 0x54, 0x28, 0xff, 0xd0, 0x54, 0x28, 0xff, 0xd0, 0x58, 0x28, 0xff,
    0xd0, 0x58, 0x30, 0xff, 0xd0, 0x54, 0x28, 0xff, 0xd0, 0x54, 0x28, 0xff,
    0xd0, 0x58, 0x30, 0xff, 0xd0, 0x58, 0x30, 0xff, 0xd0, 0x58, 0x28, 0xff,
    0xd0, 0x58, 0x30, 0xff, 0xd0, 0x58, 0x28, 0xff, 0xd0, 0x58, 0x28, 0xff,
    0xd0, 0x58, 0x30, 0xff, 0xd0, 0x58, 0x28, 0xff, 0xd0, 0x58, 0x30, 0xff,
    0xd0, 0x58, 0x28, 0xff, 0xd0, 0x58, 0x30, 0xff, 0xd8, 0x5c, 0x28, 0xff,
    0xd0, 0x58, 0x30, 0xff, 0xd0, 0x58, 0x30, 0xff, 0xd0, 0x58, 0x30, 0xff,
    0xd0, 0x5c, 0x30, 0xff, 0xd0, 0x5c, 0x28, 0xff, 0xd0, 0x58, 0x30, 0xff,
    0xd0, 0x58, 0x28, 0xff, 0xd0, 0x5c, 0x30, 0xff, 0xd0, 0x5c, 0x30, 0xff,
    0xd0, 0x58, 0x30, 0xff, 0xd0, 0x58, 0x30, 0xff, 0xd0, 0x58, 0x30, 0xff,
    0xd8, 0x5c, 0x28, 0xff, 0xd0, 0x5c, 0x30, 0xff, 0xd0, 0x58, 0x30, 0xff,
    0xd8, 0x5c, 0x30, 0xff, 0xd8, 0x5c, 0x30, 0xff, 0xd0, 0x5c, 0x30, 0xff,
    0xd0, 0x5c, 0x30, 0xff, 0xd8, 0x5c, 0x30, 0xff, 0xd8, 0x60, 0x30, 0xff,
    0xd8, 0x60, 0x30, 0xff, 0xe0, 0x64, 0x38, 0xff, 0xe0, 0x64, 0x38, 0xff,
    0xe0, 0x64, 0x38, 0xff, 0xe0, 0x68, 0x38, 0xff, 0xe8, 0x68, 0x38, 0xff,
    0xe0, 0x64, 0x38, 0xff, 0xe8, 0x64, 0x38, 0xff, 0xe0, 0x68, 0x38, 0xff,
    0xe0, 0x64, 0x38, 0xff, 0xe0, 0x68, 0x38, 0xff, 0xe0, 0x64, 0x38, 0xff,
    0xe8, 0x64, 0x38, 0xff, 0xe0, 0x68, 0x38, 0xff, 0xe0, 0x64, 0x38, 0xff,
    0xe8, 0x68, 0x38, 0xff, 0xe0, 0x64, 0x38, 0xff, 0xe8, 0x68, 0x38, 0xff,
    0xe8, 0x68, 0x38, 0xff, 0xe0, 0x64, 0x38, 0xff, 0xe8, 0x68, 0x38, 0xff,
    0xe0, 0x68, 0x38, 0xff, 0xe8, 0x64, 0x38, 0xff, 0xe0, 0x68, 0x38, 0xff,
    0xe8, 0x68, 0x38, 0xff, 0xe8, 0x64, 0x38, 0xff, 0xe0, 0x68, 0x38, 0xff,
    0xe8, 0x68, 0x38, 0xff, 0xe8, 0x64, 0x38, 0xff, 0xe0, 0x68, 0x38, 0xff,
    0xe0, 0x68, 0x38, 0xff, 0xe8, 0x64, 0x38, 0xff, 0xe8, 0x64, 0x38, 0xff,
    0xe0, 0x68, 0x38, 0xff, 0xe0, 0x64, 0x38, 0xff, 0xe0, 0x60, 0x38, 0xff,
    0xe0, 0x60, 0x30, 0xff, 0xd8, 0x60, 0x30, 0xff, 0xd8, 0x5c, 0x30, 0xff,
    0xd8, 0x5c, 0x30, 0xff, 0xd0, 0x5c, 0x30, 0xff, 0xd8, 0x5c, 0x30, 0xff,
    0xe0, 0x60, 0x38, 0xff, 0xd0, 0x5c, 0x30, 0xff, 0xc8, 0x50, 0x28, 0xff,
    0xd8, 0x60, 0x30, 0xff, 0xc8, 0x54, 0x28, 0xff, 0xd0, 0x5c, 0x30, 0xff,
    0xe8, 0x68, 0x38, 0xff, 0xd8, 0x60, 0x30, 0xff, 0xd8, 0x60, 0x30, 0xff,
    0xd0, 0x5c, 0x30, 0xff, 0xc8, 0x58, 0x28, 0xff, 0xd0, 0x54, 0x28, 0xff,
    0xd0, 0x58, 0x30, 0xff, 0xd0, 0x5c, 0x30, 0xff, 0xd0, 0x5c, 0x30, 0xff,
    0xd0, 0x58, 0x30, 0xff, 0xd0, 0x5c, 0x30, 0xff, 0xd0, 0x58, 0x30, 0xff,
    0xd0, 0x58, 0x30, 0xff, 0xd0, 0x5c, 0x30, 0xff, 0xd0, 0x5c, 0x30, 0xff,
    0xd0, 0x58, 0x30, 0xff, 0xc8, 0x50, 0x28, 0xff, 0xd0, 0x5c, 0x30, 0xff,
    0xd0, 0x58, 0x30, 0xff, 0xc8, 0x54, 0x28, 0xff, 0xd0, 0x58, 0x30, 0xff,
    0xd0, 0x5c, 0x30, 0xff, 0xc0, 0x50, 0x28, 0xff, 0xd0, 0x5c, 0x30, 0xff,
    0xd0, 0x5c, 0x30, 0xff, 0xd0, 0x5c, 0x30, 0xff, 0xd0, 0x5c, 0x30, 0xff,
    0xd0, 0x58, 0x30, 0xff, 0xc0, 0x50, 0x28, 0xff, 0xc0, 0x54, 0x28, 0xff,
    0xc8, 0x58, 0x30, 0xff, 0xc8, 0x58, 0x30, 0xff, 0xc0, 0x54, 0x28, 0xff,
    0xc0, 0x54, 0x30, 0xff, 0xc0, 0x54, 0x30, 0xff, 0xb8, 0x50, 0x28, 0xff,
    0xb8, 0x50, 0x28, 0xff, 0xb0, 0x4c, 0x28, 0xff, 0xb0, 0x48, 0x28, 0xff,
    0xa8, 0x48, 0x28, 0xff, 0xa8, 0x44, 0x20, 0xff, 0xa8, 0x44, 0x20, 0xff,
    0xa0, 0x44, 0x28, 0xff, 0xa0, 0x44, 0x28, 0xff, 0xa0, 0x44, 0x20, 0xff,
    0x98, 0x40, 0x28, 0xff, 0x90, 0x40, 0x20, 0xff, 0x90, 0x40, 0x20, 0xff,
    0x80, 0x38, 0x20, 0xff, 0x88, 0x38, 0x20, 0xff, 0x88, 0x3c, 0x20, 0xff,
    0x88, 0x3c, 0x20, 0xff, 0x90, 0x40, 0x28, 0xff, 0x98, 0x44, 0x20, 0xff,
    0xa0, 0x44, 0x28, 0xff, 0xa0, 0x44, 0x20, 0xff, 0xa0, 0x44, 0x20, 0xff,
    0xa8, 0x44, 0x28, 0xff, 0xa8, 0x48, 0x28, 0xff, 0xa8, 0x48, 0x28, 0xff,
    0xb0, 0x48, 0x28, 0xff, 0xb0, 0x4c, 0x20, 0xff, 0xb8, 0x4c, 0x28, 0xff,
    0xb8, 0x4c, 0x28, 0xff, 0xb8, 0x50, 0x28, 0xff, 0xb8, 0x50, 0x28, 0xff,
    0xc0, 0x50, 0x28, 0xff, 0xc0, 0x50, 0x28, 0xff, 0xc0, 0x50, 0x28, 0xff,
    0xc0, 0x50, 0x28, 0xff, 0xc8, 0x54, 0x28, 0xff, 0xc8, 0x50, 0x28, 0xff,
    0xc0, 0x50, 0x28, 0xff, 0xc8, 0x50, 0x28, 0xff, 0xc0, 0x50, 0x20, 0xff,
    0xc0, 0x4c, 0x28, 0xff, 0xc0, 0x50, 0x28, 0xff, 0xc8, 0x50, 0x28, 0xff,
    0xc8, 0x54, 0x28, 0xff, 0xc8, 0x50, 0x28, 0xff, 0xc0, 0x50, 0x28, 0xff,
    0xc8, 0x54, 0x28, 0xff, 0xc8, 0x50, 0x30, 0xff, 0xc8, 0x50, 0x28, 0xff,
    0xc8, 0x54, 0x28, 0xff, 0xc8, 0x54, 0x28, 0xff, 0xc8, 0x50, 0x28, 0xff,
    0xc8, 0x54, 0x28, 0xff, 0xc8, 0x54, 0x28, 0xff, 0xc8, 0x50, 0x28, 0xff,
    0xc8, 0x54, 0x30, 0xff, 0xc8, 0x54, 0x28, 0xff, 0xc8, 0x54, 0x28, 0xff,
    0xc8, 0x54, 0x30, 0xff, 0xc8, 0x54, 0x28, 0xff, 0xc8, 0x54, 0x28, 0xff,
    0xc8, 0x54, 0x28, 0xff, 0xc8, 0x54, 0x30, 0xff, 0xc8, 0x58, 0x28, 0xff,
    0xc8, 0x54, 0x28, 0xff, 0xc8, 0x54, 0x30, 0xff, 0xd0, 0x58, 0x28, 0xff,
    0xd0, 0x58, 0x28, 0xff, 0xc8, 0x54, 0x28, 0xff, 0xd0, 0x54, 0x30, 0xff,
    0xd0, 0x54, 0x28, 0xff, 0xc8, 0x54, 0x28, 0xff, 0xd0, 0x58, 0x28, 0xff,
    0xd0, 0x54, 0x30, 0xff, 0xd0, 0x58, 0x30, 0xff, 0xd0, 0x54, 0x28, 0xff,
    0xd0, 0x54, 0x28, 0xff, 0xc8, 0x54, 0x28, 0xff, 0xc8, 0x54, 0x28, 0xff,
    0xd0, 0x54, 0x30, 0xff, 0xd0, 0x58, 0x28, 0xff, 0xd0, 0x54, 0x28, 0xff,
    0xc8, 0x58, 0x30, 0xff, 0xd0, 0x54, 0x30, 0xff, 0xd0, 0x54, 0x28, 0xff,
    0xd0, 0x58, 0x30, 0xff, 0xd0, 0x58, 0x28, 0xff, 0xd0, 0x58, 0x30, 0xff,
    0xd0, 0x54, 0x30, 0xff, 0xd0, 0x58, 0x28, 0xff, 0xd0, 0x58, 0x28, 0xff,
    0xc8, 0x54, 0x30, 0xff, 0xd0, 0x54, 0x30, 0xff, 0xd0, 0x58, 0x30, 0xff,
    0xd0, 0x54, 0x28, 0xff, 0xd0, 0x58, 0x30, 0xff, 0xd0, 0x54, 0x30, 0xff,
    0xd0, 0x58, 0x28, 0xff, 0xd0, 0x58, 0x30, 0xff, 0xd0, 0x54, 0x30, 0xff,
    0xd0, 0x58, 0x28, 0xff, 0xd0, 0x58, 0x30, 0xff, 0xd0, 0x58, 0x30, 0xff,
    0xd0, 0x58, 0x28, 0xff, 0xd0, 0x58, 0x30, 0xff, 0xd0, 0x58, 0x30, 0xff,
    0xd0, 0x58, 0x28, 0xff, 0xd0, 0x58, 0x28, 0xff, 0xd0, 0x5c, 0x30, 0xff,
    0xd0, 0x58, 0x30, 0xff, 0xd8, 0x58, 0x28, 0xff, 0xd0, 0x58, 0x30, 0xff,
    0xd0, 0x58, 0x30, 0xff, 0xd0, 0x58, 0x28, 0xff, 0xd0, 0x58, 0x30, 0xff,
    0xd8, 0x58, 0x28, 0xff, 0xd0, 0x5c, 0x30, 0xff, 0xd0, 0x58, 0x30, 0xff,
    0xd0, 0x58, 0x28, 0xff, 0xd8, 0x5c, 0x30, 0xff, 0xd8, 0x5c, 0x30, 0xff,
    0xd0, 0x5c, 0x30, 0xff, 0xd0, 0x5c, 0x30, 0xff, 0xd8, 0x5c, 0x30, 0xff,
    0xd8, 0x5c, 0x30, 0xff, 0xd8, 0x5c, 0x30, 0xff, 0xd8, 0x5c, 0x30, 0xff,
    0xd8, 0x60, 0x30, 0xff, 0xd8, 0x60, 0x38, 0xff, 0xe0, 0x64, 0x38, 0xff,
    0xe0, 0x64, 0x30, 0xff, 0xe0, 0x64, 0x38, 0xff, 0xe0, 0x68, 0x38, 0xff,
    0xe8, 0x68, 0x38, 0xff, 0xe0, 0x68, 0x38, 0xff, 0xe0, 0x68, 0x38, 0xff,
    0xe8, 0x68, 0x38, 0xff, 0xe8, 0x68, 0x38, 0xff, 0xe0, 0x68, 0x38, 0xff,
    0xe8, 0x68, 0x38, 0xff, 0xe0, 0x68, 0x38, 0xff, 0xe0, 0x68, 0x38, 0xff,
    0xe8, 0x68, 0x38, 0xff, 0xe0, 0x64, 0x38, 0xff, 0xe0, 0x68, 0x38, 0xff,
    0xe0, 0x68, 0x38, 0xff, 0xe0, 0x64, 0x38, 0xff, 0xe8, 0x68, 0x38, 0xff,
    0xe0, 0x68, 0x38, 0xff, 0xe8, 0x68, 0x38, 0xff, 0xe0, 0x64, 0x38, 0xff,
    0xe0, 0x68, 0x38, 0xff, 0xe0, 0x68, 0x38, 0xff, 0xe8, 0x64, 0x38, 0xff,
    0xe0, 0x68, 0x38, 0xff, 0xe0, 0x68, 0x38, 0xff, 0xe8, 0x68, 0x38, 0xff,
    0xe8, 0x68, 0x38, 0xff, 0xe0, 0x68, 0x38, 0xff, 0xe0, 0x68, 0x38, 0xff,
    0xe8, 0x68, 0x38, 0xff, 0xe0, 0x68, 0x38, 0xff, 0xe0, 0x64, 0x38, 0xff,
    0xe0, 0x64, 0x38, 0xff, 0xe0, 0x64, 0x38, 0xff, 0xd8, 0x60, 0x38, 0xff,
    0xd8, 0x60, 0x30, 0xff, 0xd0, 0x5c, 0x30, 0xff, 0xd8, 0x5c, 0x30, 0xff,
    0xd8, 0x5c, 0x30, 0xff, 0xd8, 0x64, 0x38, 0xff, 0xd8, 0x60, 0x38, 0xff,
    0xc8, 0x50, 0x28, 0xff, 0xd8, 0x5c, 0x30, 0xff, 0xd0, 0x5c, 0x30, 0xff,
    0xc8, 0x54, 0x28, 0xff, 0xe8, 0x68, 0x38, 0xff, 0xd8, 0x64, 0x38, 0xff,
    0xd8, 0x60, 0x38, 0xff, 0xd0, 0x58, 0x30, 0xff, 0xc8, 0x54, 0x28, 0xff,
    0xc8, 0x54, 0x28, 0xff, 0xd0, 0x54, 0x28, 0xff, 0xc8, 0x54, 0x30, 0xff,
    0xd0, 0x54, 0x28, 0xff, 0xc8, 0x54, 0x28, 0xff, 0xc8, 0x54, 0x28, 0xff,
    0xd0, 0x54, 0x30, 0xff, 0xd0, 0x54, 0x28, 0xff, 0xc8, 0x54, 0x28, 0xff,
    0xc8, 0x54, 0x30, 0xff, 0xc8, 0x58, 0x30, 0xff, 0xc8, 0x50, 0x28, 0xff,
    0xc8, 0x54, 0x30, 0xff, 0xd0, 0x58, 0x30, 0xff, 0xc8, 0x54, 0x28, 0xff,
    0xc8, 0x54, 0x28, 0xff, 0xd8, 0x5c, 0x30, 0xff, 0xc8, 0x50, 0x28, 0xff,
    0xc8, 0x54, 0x28, 0xff, 0xd0, 0x5c, 0x30, 0xff, 0xd0, 0x58, 0x30, 0xff,
    0xd0, 0x58, 0x30, 0xff, 0xc8, 0x58, 0x30, 0xff, 0xc0, 0x50, 0x28, 0xff,
    0xb8, 0x4c, 0x28, 0xff, 0xc0, 0x50, 0x28, 0xff, 0xc0, 0x4c, 0x28, 0xff,
    0xb8, 0x4c, 0x28, 0xff, 0xb8, 0x4c, 0x28, 0xff, 0xb8, 0x4c, 0x28, 0xff,
    0xb8, 0x4c, 0x28, 0xff, 0xb0, 0x48, 0x28, 0xff, 0xb0, 0x48, 0x28, 0xff,
    0xb0, 0x48, 0x28, 0xff, 0xa8, 0x48, 0x28, 0xff, 0xa8, 0x44, 0x28, 0xff,
    0xa0, 0x44, 0x20, 0xff, 0xa0, 0x44, 0x20, 0xff, 0xa0, 0x44, 0x20, 0xff,
    0xa0, 0x40, 0x28, 0xff, 0x98, 0x40, 0x20, 0xff, 0x90, 0x40, 0x28, 0xff,
    0x90, 0x40, 0x20, 0xff, 0x80, 0x38, 0x20, 0xff, 0x88, 0x38, 0x20, 0xff,
    0x88, 0x3c, 0x28, 0xff, 0x90, 0x3c, 0x20, 0xff, 0x98, 0x40, 0x28, 0xff,
    0x98, 0x40, 0x28, 0xff, 0x98, 0x44, 0x20, 0xff, 0xa0, 0x44, 0x28, 0xff,
    0xa0, 0x44, 0x28, 0xff, 0xa8, 0x48, 0x20, 0xff, 0xa8, 0x48, 0x28, 0xff,
    0xb0, 0x48, 0x28, 0xff, 0xb0, 0x4c, 0x28, 0xff, 0xb0, 0x4c, 0x28, 0xff,
    0xb8, 0x4c, 0x28, 0xff, 0xb8, 0x4c, 0x28, 0xff, 0xb8, 0x50, 0x28, 0xff,
    0xc0, 0x4c, 0x28, 0xff, 0xc0, 0x50, 0x28, 0xff, 0xc0, 0x50, 0x28, 0xff,
    0xc0, 0x50, 0x28, 0xff, 0xc0, 0x50, 0x28, 0xff, 0xc8, 0x54, 0x28, 0xff,
    0xc0, 0x50, 0x28, 0xff, 0xc8, 0x50, 0x28, 0xff, 0xc0, 0x50, 0x28, 0xff,
    0xc0, 0x50, 0x28, 0xff, 0xc0, 0x4c, 0x20, 0xff, 0xc0, 0x50, 0x28, 0xff,
    0xc8, 0x50, 0x28, 0xff, 0xc8, 0x50, 0x28, 0xff, 0xc0, 0x50, 0x28, 0xff,
    0xc8, 0x54, 0x28, 0xff, 0xc8, 0x54, 0x28, 0xff, 0xc8, 0x54, 0x28, 0xff,
    0xc0, 0x50, 0x30, 0xff, 0xc8, 0x54, 0x28, 0xff, 0xc8, 0x54, 0x28, 0xff,
    0xc8, 0x54, 0x30, 0xff, 0xc8, 0x54, 0x28, 0xff, 0xc8, 0x54, 0x30, 0xff,
    0xc8, 0x50, 0x28, 0xff, 0xc8, 0x54, 0x28, 0xff, 0xc8, 0x54, 0x30, 0xff,
    0xc8, 0x54, 0x28, 0xff, 0xc8, 0x54, 0x28, 0xff, 0xd0, 0x54, 0x28, 0xff,
    0xc8, 0x54, 0x28, 0xff, 0xc8, 0x54, 0x30, 0xff, 0xd0, 0x54, 0x28, 0xff,
    0xc8, 0x54, 0x28, 0xff, 0xc8, 0x58, 0x30, 0xff, 0xc8, 0x54, 0x28, 0xff,
    0xc8, 0x54, 0x30, 0xff, 0xd0, 0x58, 0x28, 0xff, 0xc8, 0x58, 0x28, 0xff,
    0xc8, 0x54, 0x30, 0xff, 0xd0, 0x54, 0x30, 0xff, 0xc8, 0x54, 0x28, 0xff,
    0xd0, 0x58, 0x30, 0xff, 0xd0, 0x58, 0x28, 0xff, 0xd0, 0x58, 0x28, 0xff,
    0xd0, 0x58, 0x28, 0xff, 0xd0, 0x54, 0x30, 0xff, 0xc8, 0x54, 0x28, 0xff,
    0xc8, 0x54, 0x28, 0xff, 0xd0, 0x54, 0x30, 0xff, 0xd0, 0x54, 0x28, 0xff,
    0xd0, 0x58, 0x28, 0xff, 0xd0, 0x58, 0x30, 0xff, 0xd0, 0x54, 0x28, 0xff,
    0xd0, 0x58, 0x30, 0xff, 0xd0, 0x58, 0x28, 0xff, 0xd0, 0x54, 0x28, 0xff,
    0xd0, 0x58, 0x30, 0xff, 0xd0, 0x54, 0x28, 0xff, 0xd0, 0x58, 0x30, 0xff,
    0xd0, 0x58, 0x28, 0xff, 0xc8, 0x54, 0x28, 0xff, 0xd0, 0x58, 0x30, 0xff,
    0xd0, 0x54, 0x28, 0xff, 0xd0, 0x58, 0x28, 0xff, 0xd0, 0x58, 0x30, 0xff,
    0xd0, 0x58, 0x28, 0xff, 0xd0, 0x58, 0x28, 0xff, 0xd0, 0x54, 0x30, 0xff,
    0xd0, 0x58, 0x30, 0xff, 0xd0, 0x58, 0x28, 0xff, 0xd0, 0x58, 0x28, 0xff,
    0xd0, 0x54, 0x30, 0xff, 0xd0, 0x58, 0x28, 0xff, 0xd0, 0x54, 0x30, 0xff,
    0xd0, 0x58, 0x30, 0xff, 0xd0, 0x58, 0x30, 0xff, 0xd0, 0x58, 0x28, 0xff,
    0xd0, 0x58, 0x30, 0xff, 0xd0, 0x58, 0x28, 0xff, 0xd0, 0x58, 0x28, 0xff,
    0xd8, 0x5c, 0x30, 0xff, 0xd0, 0x58, 0x30, 0xff, 0xd0, 0x5c, 0x28, 0xff,
    0xd8, 0x58, 0x30, 0xff, 0xd0, 0x58, 0x28, 0xff, 0xd8, 0x5c, 0x28, 0xff,
    0xd0, 0x5c, 0x30, 0xff, 0xd0, 0x58, 0x30, 0xff, 0xd0, 0x58, 0x30, 0xff,
    0xd0, 0x58, 0x28, 0xff, 0xd8, 0x58, 0x30, 0xff, 0xd8, 0x5c, 0x30, 0xff,
    0xd0, 0x5c, 0x28, 0xff, 0xd8, 0x5c, 0x30, 0xff, 0xd0, 0x5c, 0x30, 0xff,
    0xd8, 0x5c, 0x30, 0xff, 0xd8, 0x60, 0x30, 0xff, 0xe0, 0x64, 0x38, 0xff,
    0xe0, 0x64, 0x30, 0xff, 0xe0, 0x64, 0x38, 0xff, 0xe0, 0x64, 0x38, 0xff,
    0xe8, 0x64, 0x38, 0xff, 0xe0, 0x68, 0x38, 0xff, 0xe0, 0x68, 0x38, 0xff,
    0xe8, 0x64, 0x38, 0xff, 0xe0, 0x68, 0x38, 0xff, 0xe0, 0x68, 0x38, 0xff,
    0xe8, 0x64, 0x38, 0xff, 0xe0, 0x68, 0x38, 0xff, 0xe0, 0x68, 0x38, 0xff,
    0xe8, 0x68, 0x38, 0xff, 0xe0, 0x68, 0x38, 0xff, 0xe8, 0x68, 0x38, 0xff,
    0xe0, 0x68, 0x38, 0xff, 0xe0, 0x68, 0x38, 0xff, 0xe8, 0x68, 0x38, 0xff,
    0xe0, 0x68, 0x38, 0xff, 0xe0, 0x68, 0x38, 0xff, 0xe8, 0x68, 0x38, 0xff,
    0xe0, 0x68, 0x38, 0xff, 0xe8, 0x68, 0x38, 0xff, 0xe8, 0x68, 0x38, 0xff,
    0xe0, 0x68, 0x38, 0xff, 0xe8, 0x68, 0x38, 0xff, 0xe0, 0x64, 0x38, 0xff,
    0xe0, 0x68, 0x38, 0xff, 0xe8, 0x64, 0x38, 0xff, 0xe0, 0x64, 0x38, 0xff,
    0xe0, 0x68, 0x38, 0xff, 0xe0, 0x68, 0x38, 0xff, 0xe0, 0x68, 0x38, 0xff,
    0xe0, 0x64, 0x38, 0xff, 0xe0, 0x64, 0x38, 0xff, 0xe0, 0x60, 0x30, 0xff,
    0xd8, 0x60, 0x38, 0xff, 0xd8, 0x60, 0x38, 0xff, 0xd8, 0x5c, 0x30, 0xff,
    0xd0, 0x5c, 0x30, 0xff, 0xd0, 0x60, 0x30, 0xff, 0xd8, 0x60, 0x38, 0xff,
    0xe0, 0x64, 0x38, 0xff, 0xd0, 0x54, 0x28, 0xff, 0xc8, 0x54, 0x28, 0xff,
    0xe0, 0x64, 0x38, 0xff, 0xc8, 0x54, 0x28, 0xff, 0xd8, 0x5c, 0x30, 0xff,
    0xe0, 0x68, 0x38, 0xff, 0xd8, 0x5c, 0x38, 0xff, 0xd0, 0x58, 0x30, 0xff,
    0xc8, 0x54, 0x28, 0xff, 0xc8, 0x54, 0x28, 0xff, 0xc8, 0x54, 0x28, 0xff,
    0xc8, 0x54, 0x28, 0xff, 0xc8, 0x54, 0x28, 0xff, 0xc8, 0x54, 0x28, 0xff,
    0xc8, 0x54, 0x28, 0xff, 0xc8, 0x54, 0x28, 0xff, 0xc8, 0x54, 0x28, 0xff,
    0xc8, 0x54, 0x28, 0xff, 0xc8, 0x54, 0x28, 0xff, 0xc8, 0x54, 0x28, 0xff,
    0xc8, 0x54, 0x28, 0xff, 0xc8, 0x54, 0x28, 0xff, 0xc8, 0x54, 0x28, 0xff,
    0xc8, 0x50, 0x28, 0xff, 0xc8, 0x50, 0x28, 0xff, 0xc8, 0x54, 0x28, 0xff,
    0xc8, 0x54, 0x30, 0xff, 0xc8, 0x50, 0x28, 0xff, 0xd0, 0x54, 0x30, 0xff,
    0xc8, 0x54, 0x28, 0xff, 0xc8, 0x54, 0x28, 0xff, 0xc8, 0x50, 0x28, 0xff,
    0xc0, 0x4c, 0x28, 0xff, 0xc0, 0x4c, 0x28, 0xff, 0xb8, 0x4c, 0x28, 0xff,
    0xb8, 0x4c, 0x28, 0xff, 0xb8, 0x4c, 0x28, 0xff, 0xb8, 0x4c, 0x20, 0xff,
    0xb8, 0x48, 0x20, 0xff, 0xb0, 0x48, 0x28, 0xff, 0xb0, 0x48, 0x20, 0xff,
    0xb0, 0x48, 0x20, 0xff, 0xb0, 0x48, 0x28, 0xff, 0xa8, 0x48, 0x20, 0xff,
    0xa8, 0x44, 0x28, 0xff, 0xa8, 0x44, 0x28, 0xff, 0xa0, 0x44, 0x28, 0xff,
    0xa0, 0x44, 0x20, 0xff, 0xa0, 0x44, 0x28, 0xff, 0x98, 0x40, 0x20, 0xff,
    0x98, 0x40, 0x20, 0xff, 0x90, 0x3c, 0x28, 0xff, 0x80, 0x38, 0x20, 0xff,
    0x88, 0x3c, 0x20, 0xff, 0x90, 0x40, 0x20, 0xff, 0x88, 0x3c, 0x20, 0xff,
    0x90, 0x40, 0x28, 0xff, 0x98, 0x44, 0x28, 0xff, 0xa0, 0x44, 0x20, 0xff,
    0xa0, 0x44, 0x28, 0xff, 0xa0, 0x44, 0x28, 0xff, 0xa8, 0x48, 0x28, 0xff,
    0xa8, 0x48, 0x20, 0xff, 0xa8, 0x48, 0x28, 0xff, 0xb0, 0x48, 0x28, 0xff,
    0xb0, 0x4c, 0x28, 0xff, 0xb8, 0x4c, 0x28, 0xff, 0xb8, 0x4c, 0x28, 0xff,
    0xb8, 0x50, 0x28, 0xff, 0xc0, 0x4c, 0x28, 0xff, 0xc0, 0x50, 0x28, 0xff,
    0xc0, 0x50, 0x28, 0xff, 0xc0, 0x50, 0x28, 0xff, 0xc0, 0x50, 0x28, 0xff,
    0xc8, 0x50, 0x28, 0xff, 0xc8, 0x50, 0x28, 0xff, 0xc0, 0x50, 0x28, 0xff,
    0xc8, 0x54, 0x28, 0xff, 0xc0, 0x50, 0x28, 0xff, 0xc0, 0x4c, 0x20, 0xff,
    0xc0, 0x50, 0x28, 0xff, 0xc8, 0x50, 0x28, 0xff, 0xc8, 0x50, 0x28, 0xff,
    0xc8, 0x50, 0x28, 0xff, 0xc8, 0x50, 0x30, 0xff, 0xc0, 0x50, 0x28, 0xff,
    0xc8, 0x54, 0x28, 0xff, 0xc8, 0x54, 0x28, 0xff, 0xc0, 0x54, 0x28, 0xff,
    0xc8, 0x54, 0x28, 0xff, 0xc8, 0x50, 0x28, 0xff, 0xc8, 0x54, 0x30, 0xff,
    0xc8, 0x54, 0x28, 0xff, 0xc8, 0x54, 0x28, 0xff, 0xc8, 0x54, 0x28, 0xff,
    0xc8, 0x54, 0x30, 0xff, 0xc8, 0x54, 0x30, 0xff, 0xc8, 0x54, 0x28, 0xff,
    0xc8, 0x54, 0x28, 0xff, 0xc8, 0x54, 0x30, 0xff, 0xc8, 0x54, 0x28, 0xff,
    0xc8, 0x54, 0x28, 0xff, 0xc8, 0x54, 0x30, 0xff, 0xc8, 0x54, 0x28, 0xff,
    0xc8, 0x54, 0x28, 0xff, 0xd0, 0x54, 0x30, 0xff, 0xc8, 0x54, 0x28, 0xff,
    0xd0, 0x58, 0x28, 0xff, 0xc8, 0x54, 0x30, 0xff, 0xd0, 0x54, 0x28, 0xff,
    0xc8, 0x54, 0x28, 0xff, 0xd0, 0x54, 0x30, 0xff, 0xd0, 0x58, 0x28, 0xff,
    0xd0, 0x54, 0x28, 0xff, 0xd0, 0x54, 0x28, 0xff, 0xd0, 0x58, 0x30, 0xff,
    0xc8, 0x54, 0x28, 0xff, 0xc8, 0x54, 0x28, 0xff, 0xd0, 0x58, 0x30, 0xff,
    0xd0, 0x54, 0x28, 0xff, 0xd0, 0x58, 0x28, 0xff, 0xd0, 0x54, 0x30, 0xff,
    0xd0, 0x58, 0x28, 0xff, 0xd0, 0x54, 0x30, 0xff, 0xd0, 0x58, 0x30, 0xff,
    0xd0, 0x54, 0x28, 0xff, 0xd0, 0x58, 0x30, 0xff, 0xd0, 0x54, 0x28, 0xff,
    0xd0, 0x54, 0x30, 0xff, 0xc8, 0x58, 0x28, 0xff, 0xd0, 0x54, 0x28, 0xff,
    0xd0, 0x58, 0x30, 0xff, 0xd0, 0x54, 0x28, 0xff, 0xd0, 0x54, 0x30, 0xff,
    0xd0, 0x58, 0x30, 0xff, 0xd0, 0x58, 0x28, 0xff, 0xd0, 0x58, 0x28, 0xff,
    0xd0, 0x58, 0x30, 0xff, 0xd0, 0x54, 0x30, 0xff, 0xd0, 0x58, 0x28, 0xff,
    0xd0, 0x58, 0x30, 0xff, 0xd0, 0x58, 0x28, 0xff, 0xd0, 0x58, 0x28, 0xff,
    0xd0, 0x58, 0x30, 0xff, 0xd0, 0x58, 0x28, 0xff, 0xd8, 0x58, 0x30, 0xff,
    0xd0, 0x58, 0x30, 0xff, 0xd0, 0x5c, 0x30, 0xff, 0xd0, 0x58, 0x30, 0xff,
    0xd0, 0x58, 0x30, 0xff, 0xd0, 0x58, 0x28, 0xff, 0xd0, 0x5c, 0x30, 0xff,
    0xd0, 0x58, 0x30, 0xff, 0xd8, 0x58, 0x30, 0xff, 0xd0, 0x58, 0x30, 0xff,
    0xd0, 0x58, 0x30, 0xff, 0xd8, 0x58, 0x28, 0xff, 0xd8, 0x58, 0x30, 0xff,
    0xd0, 0x58, 0x30, 0xff, 0xd0, 0x58, 0x30, 0xff, 0xd8, 0x5c, 0x28, 0xff,
    0xd8, 0x5c, 0x30, 0xff, 0xd0, 0x5c, 0x30, 0xff, 0xd8, 0x5c, 0x30, 0xff,
    0xd0, 0x5c, 0x30, 0xff, 0xd8, 0x5c, 0x30, 0xff, 0xd8, 0x60, 0x30, 0xff,
    0xd8, 0x60, 0x30, 0xff, 0xe0, 0x60, 0x38, 0xff, 0xe0, 0x64, 0x38, 0xff,
    0xe0, 0x68, 0x38, 0xff, 0xe8, 0x64, 0x38, 0xff, 0xe0, 0x68, 0x38, 0xff,
    0xe0, 0x68, 0x38, 0xff, 0xe8, 0x64, 0x38, 0xff, 0xe0, 0x68, 0x38, 0xff,
    0xe0, 0x68, 0x38, 0xff, 0xe8, 0x64, 0x38, 0xff, 0xe0, 0x68, 0x38, 0xff,
    0xe8, 0x64, 0x38, 0xff, 0xe0, 0x64, 0x38, 0xff, 0xe0, 0x68, 0x38, 0xff,
    0xe8, 0x68, 0x38, 0xff, 0xe8, 0x64, 0x38, 0xff, 0xe0, 0x68, 0x38, 0xff,
    0xe8, 0x64, 0x38, 0xff, 0xe0, 0x68, 0x38, 0xff, 0xe0, 0x64, 0x38, 0xff,
    0xe0, 0x64, 0x38, 0xff, 0xe8, 0x68, 0x38, 0xff, 0xe0, 0x64, 0x38, 0xff,
    0xe0, 0x68, 0x38, 0xff, 0xe8, 0x68, 0x38, 0xff, 0xe8, 0x64, 0x38, 0xff,
    0xe0, 0x68, 0x38, 0xff, 0xe0, 0x68, 0x38, 0xff, 0xe0, 0x68, 0x38, 0xff,
    0xe8, 0x68, 0x38, 0xff, 0xe8, 0x64, 0x38, 0xff, 0xe0, 0x68, 0x38, 0xff,
    0xe8, 0x64, 0x38, 0xff, 0xe0, 0x64, 0x38, 0xff, 0xe0, 0x64, 0x38, 0xff,
    0xe0, 0x64, 0x30, 0xff, 0xd8, 0x60, 0x30, 0xff, 0xd8, 0x60, 0x30, 0xff,
    0xd8, 0x5c, 0x30, 0xff, 0xd8, 0x5c, 0x30, 0xff, 0xd0, 0x5c, 0x30, 0xff,
    0xd8, 0x60, 0x30, 0xff, 0xe0, 0x60, 0x38, 0xff, 0xd0, 0x5c, 0x30, 0xff,
    0xc8, 0x50, 0x28, 0xff, 0xd8, 0x60, 0x38, 0xff, 0xd8, 0x5c, 0x30, 0xff,
    0xc8, 0x54, 0x28, 0xff, 0xe0, 0x68, 0x38, 0xff, 0xd8, 0x5c, 0x30, 0xff,
    0xc8, 0x54, 0x28, 0xff, 0xc8, 0x54, 0x28, 0xff, 0xd0, 0x58, 0x30, 0xff,
    0xd0, 0x58, 0x28, 0xff, 0xc8, 0x54, 0x28, 0xff, 0xd0, 0x54, 0x30, 0xff,
    0xc8, 0x58, 0x30, 0xff, 0xc8, 0x58, 0x28, 0xff, 0xd0, 0x54, 0x30, 0xff,
    0xc8, 0x54, 0x30, 0xff, 0xc8, 0x58, 0x28, 0xff, 0xc8, 0x54, 0x28, 0xff,
    0xc8, 0x54, 0x28, 0xff, 0xc8, 0x54, 0x30, 0xff, 0xc8, 0x54, 0x28, 0xff,
    0xc8, 0x54, 0x28, 0xff, 0xc8, 0x54, 0x28, 0xff, 0xc8, 0x54, 0x30, 0xff,
    0xc8, 0x50, 0x28, 0xff, 0xc8, 0x54, 0x28, 0xff, 0xc8, 0x50, 0x28, 0xff,
    0xc0, 0x54, 0x28, 0xff, 0xc8, 0x54, 0x28, 0xff, 0xc8, 0x54, 0x28, 0xff,
    0xc0, 0x50, 0x28, 0xff, 0xc0, 0x50, 0x28, 0xff, 0xc0, 0x50, 0x28, 0xff,
    0xc0, 0x4c, 0x28, 0xff, 0xc0, 0x50, 0x28, 0xff, 0xc0, 0x4c, 0x28, 0xff,
    0xb8, 0x4c, 0x28, 0xff, 0xb8, 0x4c, 0x28, 0xff, 0xb8, 0x4c, 0x28, 0xff,
    0xb0, 0x48, 0x28, 0xff, 0xb0, 0x48, 0x28, 0xff, 0xb0, 0x48, 0x20, 0xff,
    0xa8, 0x48, 0x28, 0xff, 0xa8, 0x44, 0x20, 0xff, 0xa8, 0x44, 0x28, 0xff,
    0xa0, 0x44, 0x28, 0xff, 0xa0, 0x44, 0x20, 0xff, 0xa0, 0x44, 0x28, 0xff,
    0x90, 0x40, 0x20, 0xff, 0x90, 0x3c, 0x20, 0xff, 0x90, 0x3c, 0x28, 0xff,
    0x80, 0x38, 0x20, 0xff, 0x88, 0x3c, 0x20, 0xff, 0x90, 0x40, 0x20, 0xff,
    0x90, 0x3c, 0x20, 0xff, 0x98, 0x40, 0x28, 0xff, 0x98, 0x44, 0x28, 0xff,
    0xa0, 0x44, 0x20, 0xff, 0xa0, 0x44, 0x28, 0xff, 0xa8, 0x44, 0x28, 0xff,
    0xa8, 0x48, 0x28, 0xff, 0xa8, 0x48, 0x28, 0xff, 0xa8, 0x4c, 0x28, 0xff,
    0xb0, 0x4c, 0x28, 0xff, 0xb8, 0x4c, 0x28, 0xff, 0xb8, 0x4c, 0x28, 0xff,
    0xb8, 0x50, 0x28, 0xff, 0xb8, 0x50, 0x28, 0xff, 0xc0, 0x4c, 0x28, 0xff,
    0xc0, 0x50, 0x28, 0xff, 0xc0, 0x50, 0x28, 0xff, 0xc0, 0x50, 0x28, 0xff,
    0xc0, 0x50, 0x28, 0xff, 0xc8, 0x54, 0x28, 0xff, 0xc8, 0x50, 0x28, 0xff,
    0xc0, 0x50, 0x28, 0xff, 0xc8, 0x50, 0x28, 0xff, 0xc0, 0x50, 0x28, 0xff,
    0xc0, 0x4c, 0x28, 0xff, 0xc0, 0x50, 0x28, 0xff, 0xc8, 0x50, 0x28, 0xff,
    0xc8, 0x50, 0x28, 0xff, 0xc0, 0x54, 0x28, 0xff, 0xc8, 0x54, 0x28, 0xff,
    0xc8, 0x54, 0x28, 0xff, 0xc8, 0x50, 0x30, 0xff, 0xc8, 0x54, 0x28, 0xff,
    0xc8, 0x54, 0x28, 0xff, 0xc8, 0x50, 0x30, 0xff, 0xc8, 0x54, 0x28, 0xff,
    0xc8, 0x50, 0x28, 0xff, 0xc0, 0x54, 0x28, 0xff, 0xc8, 0x54, 0x30, 0xff,
    0xc8, 0x54, 0x28, 0xff, 0xc8, 0x54, 0x28, 0xff, 0xc8, 0x54, 0x30, 0xff,
    0xc8, 0x54, 0x28, 0xff, 0xc8, 0x54, 0x28, 0xff, 0xc8, 0x54, 0x28, 0xff,
    0xc8, 0x54, 0x28, 0xff, 0xc8, 0x54, 0x30, 0xff, 0xd0, 0x58, 0x30, 0xff,
    0xc8, 0x54, 0x28, 0xff, 0xc8, 0x54, 0x28, 0xff, 0xd0, 0x54, 0x28, 0xff,
    0xd0, 0x58, 0x28, 0xff, 0xc8, 0x54, 0x30, 0xff, 0xd0, 0x54, 0x28, 0xff,
    0xd0, 0x58, 0x30, 0xff, 0xc8, 0x50, 0x28, 0xff, 0xc8, 0x50, 0x28, 0xff,
    0xc8, 0x50, 0x28, 0xff, 0xc0, 0x4c, 0x28, 0xff, 0xc0, 0x4c, 0x28, 0xff,
    0xb8, 0x48, 0x20, 0xff, 0xc0, 0x4c, 0x20, 0xff, 0xc8, 0x54, 0x28, 0xff,
    0xd0, 0x54, 0x30, 0xff, 0xd0, 0x58, 0x28, 0xff, 0xd0, 0x54, 0x30, 0xff,
    0xc8, 0x58, 0x28, 0xff, 0xd0, 0x54, 0x28, 0xff, 0xc8, 0x58, 0x28, 0xff,
    0xc8, 0x54, 0x28, 0xff, 0xc8, 0x54, 0x28, 0xff, 0xc8, 0x58, 0x28, 0xff,
    0xc8, 0x54, 0x28, 0xff, 0xc8, 0x50, 0x28, 0xff, 0xc8, 0x54, 0x28, 0xff,
    0xd0, 0x54, 0x30, 0xff, 0xd0, 0x58, 0x28, 0xff, 0xd0, 0x58, 0x30, 0xff,
    0xd0, 0x54, 0x28, 0xff, 0xd0, 0x54, 0x30, 0xff, 0xd0, 0x54, 0x30, 0xff,
    0xd0, 0x54, 0x28, 0xff, 0xd0, 0x58, 0x28, 0xff, 0xd0, 0x54, 0x30, 0xff,
    0xd0, 0x58, 0x30, 0xff, 0xd0, 0x58, 0x28, 0xff, 0xd0, 0x54, 0x30, 0xff,
    0xd0, 0x54, 0x30, 0xff, 0xd0, 0x58, 0x28, 0xff, 0xd0, 0x58, 0x30, 0xff,
    0xd0, 0x58, 0x28, 0xff, 0xd0, 0x58, 0x28, 0xff, 0xd0, 0x58, 0x30, 0xff,
    0xd0, 0x58, 0x28, 0xff, 0xd0, 0x5c, 0x30, 0xff, 0xd0, 0x58, 0x28, 0xff,
    0xd0, 0x58, 0x28, 0xff, 0xd0, 0x58, 0x30, 0xff, 0xd0, 0x58, 0x28, 0xff,
    0xd0, 0x5c, 0x30, 0xff, 0xd0, 0x58, 0x30, 0xff, 0xd0, 0x58, 0x28, 0xff,
    0xd0, 0x5c, 0x28, 0xff, 0xd0, 0x58, 0x30, 0xff, 0xd0, 0x58, 0x28, 0xff,
    0xd8, 0x5c, 0x30, 0xff, 0xd0, 0x58, 0x28, 0xff, 0xd0, 0x5c, 0x30, 0xff,
    0xd8, 0x5c, 0x30, 0xff, 0xd8, 0x5c, 0x30, 0xff, 0xd8, 0x5c, 0x30, 0xff,
    0xd8, 0x5c, 0x30, 0xff, 0xd8, 0x60, 0x30, 0xff, 0xe0, 0x64, 0x38, 0xff,
    0xe0, 0x64, 0x38, 0xff, 0xe0, 0x64, 0x38, 0xff, 0xe0, 0x68, 0x38, 0xff,
    0xe8, 0x68, 0x38, 0xff, 0xe0, 0x68, 0x38, 0xff, 0xe8, 0x68, 0x38, 0xff,
    0xe0, 0x68, 0x38, 0xff, 0xe8, 0x68, 0x38, 0xff, 0xe0, 0x68, 0x38, 0xff,
    0xe0, 0x68, 0x38, 0xff, 0xe8, 0x68, 0x38, 0xff, 0xe0, 0x68, 0x38, 0xff,
    0xe0, 0x68, 0x38, 0xff, 0xe0, 0x64, 0x38, 0xff, 0xe0, 0x68, 0x38, 0xff,
    0xe0, 0x68, 0x38, 0xff, 0xe8, 0x68, 0x38, 0xff, 0xe0, 0x68, 0x38, 0xff,
    0xe8, 0x68, 0x38, 0xff, 0xe0, 0x68, 0x38, 0xff, 0xe8, 0x68, 0x38, 0xff,
    0xe0, 0x68, 0x38, 0xff, 0xe0, 0x64, 0x38, 0xff, 0xe8, 0x68, 0x38, 0xff,
    0xe0, 0x68, 0x38, 0xff, 0xe0, 0x68, 0x38, 0xff, 0xe8, 0x68, 0x38, 0xff,
    0xe0, 0x68, 0x38, 0xff, 0xe0, 0x68, 0x38, 0xff, 0xe0, 0x68, 0x38, 0xff,
    0xe8, 0x68, 0x38, 0xff, 0xe0, 0x68, 0x38, 0xff, 0xe0, 0x64, 0x38, 0xff,
    0xe0, 0x64, 0x38, 0xff, 0xe0, 0x64, 0x38, 0xff, 0xe0, 0x64, 0x38, 0xff,
    0xd8, 0x60, 0x30, 0xff, 0xd8, 0x60, 0x30, 0xff, 0xd0, 0x5c, 0x38, 0xff,
    0xd8, 0x5c, 0x30, 0xff, 0xd8, 0x5c, 0x30, 0xff, 0xd8, 0x64, 0x38, 0xff,
    0xd8, 0x60, 0x30, 0xff, 0xc8, 0x54, 0x28, 0xff, 0xd0, 0x58, 0x30, 0xff,
    0xe0, 0x64, 0x38, 0xff, 0xd0, 0x58, 0x30, 0xff, 0xd0, 0x5c, 0x30, 0xff,
    0xd0, 0x5c, 0x30, 0xff, 0xc8, 0x54, 0x28, 0xff, 0xd0, 0x54, 0x30, 0xff,
    0xd0, 0x54, 0x30, 0xff, 0xc8, 0x54, 0x28, 0xff, 0xc8, 0x58, 0x30, 0xff,
    0xd0, 0x54, 0x28, 0xff, 0xc8, 0x54, 0x28, 0xff, 0xc8, 0x54, 0x28, 0xff,
    0xc8, 0x54, 0x28, 0xff, 0xc8, 0x54, 0x28, 0xff, 0xc8, 0x54, 0x30, 0xff,
    0xc8, 0x54, 0x28, 0xff, 0xc8, 0x54, 0x30, 0xff, 0xc8, 0x54, 0x28, 0xff,
    0xc8, 0x54, 0x28, 0xff, 0xc8, 0x50, 0x30, 0xff, 0xc0, 0x54, 0x28, 0xff,
    0xc8, 0x54, 0x28, 0xff, 0xc8, 0x54, 0x30, 0xff, 0xc8, 0x54, 0x28, 0xff,
    0xc8, 0x50, 0x28, 0xff, 0xc8, 0x50, 0x28, 0xff, 0xc8, 0x50, 0x28, 0xff,
    0xc0, 0x50, 0x28, 0xff, 0xc0, 0x50, 0x28, 0xff, 0xc0, 0x50, 0x28, 0xff,
    0xc0, 0x50, 0x28, 0xff, 0xc0, 0x4c, 0x28, 0xff, 0xb8, 0x50, 0x28, 0xff,
    0xb8, 0x4c, 0x28, 0xff, 0xb8, 0x4c, 0x28, 0xff, 0xb8, 0x4c, 0x28, 0xff,
    0xb0, 0x4c, 0x28, 0xff, 0xb8, 0x48, 0x28, 0xff, 0xb0, 0x48, 0x28, 0xff,
    0xb0, 0x48, 0x28, 0xff, 0xa8, 0x48, 0x28, 0xff, 0xa8, 0x44, 0x20, 0xff,
    0xa8, 0x44, 0x28, 0xff, 0xa0, 0x44, 0x20, 0xff, 0x98, 0x44, 0x28, 0xff,
    0x98, 0x40, 0x20, 0xff, 0x98, 0x40, 0x28, 0xff, 0x90, 0x3c, 0x20, 0xff,
    0x90, 0x3c, 0x20, 0xff, 0x80, 0x38, 0x20, 0xff, 0x80, 0x38, 0x20, 0xff,
    0x90, 0x40, 0x28, 0xff, 0x90, 0x3c, 0x20, 0xff, 0x90, 0x40, 0x28, 0xff,
    0x98, 0x44, 0x28, 0xff, 0xa0, 0x44, 0x20, 0xff, 0xa0, 0x44, 0x20, 0xff,
    0xa0, 0x48, 0x28, 0xff, 0xa8, 0x48, 0x28, 0xff, 0xa8, 0x48, 0x28, 0xff,
    0xb0, 0x4c, 0x28, 0xff, 0xb0, 0x4c, 0x28, 0xff, 0xb8, 0x4c, 0x28, 0xff,
    0xb8, 0x4c, 0x28, 0xff, 0xb8, 0x50, 0x28, 0xff, 0xb8, 0x4c, 0x28, 0xff,
    0xc0, 0x50, 0x28, 0xff, 0xc0, 0x50, 0x28, 0xff, 0xc0, 0x50, 0x28, 0xff,
    0xc0, 0x50, 0x28, 0xff, 0xc0, 0x50, 0x28, 0xff, 0xc0, 0x54, 0x28, 0xff,
    0xc8, 0x50, 0x28, 0xff, 0xc0, 0x50, 0x28, 0xff, 0xc0, 0x50, 0x28, 0xff,
    0xc0, 0x50, 0x20, 0xff, 0xc0, 0x4c, 0x28, 0xff, 0xc0, 0x50, 0x28, 0xff,
    0xc8, 0x54, 0x28, 0xff, 0xc8, 0x50, 0x28, 0xff, 0xc0, 0x54, 0x28, 0xff,
    0xc8, 0x50, 0x28, 0xff, 0xc8, 0x50, 0x28, 0xff, 0xc0, 0x54, 0x28, 0xff,
    0xc8, 0x54, 0x28, 0xff, 0xc8, 0x54, 0x28, 0xff, 0xc8, 0x54, 0x28, 0xff,
    0xc8, 0x54, 0x28, 0xff, 0xc8, 0x50, 0x28, 0xff, 0xc8, 0x54, 0x30, 0xff,
    0xc8, 0x50, 0x28, 0xff, 0xc8, 0x54, 0x28, 0xff, 0xc8, 0x54, 0x30, 0xff,
    0xc8, 0x54, 0x28, 0xff, 0xc8, 0x54, 0x28, 0xff, 0xd0, 0x54, 0x30, 0xff,
    0xc8, 0x54, 0x28, 0xff, 0xc8, 0x54, 0x28, 0xff, 0xc8, 0x54, 0x30, 0xff,
    0xc8, 0x58, 0x28, 0xff, 0xc8, 0x54, 0x28, 0xff, 0xc8, 0x54, 0x30, 0xff,
    0xc8, 0x58, 0x30, 0xff, 0xd0, 0x54, 0x28, 0xff, 0xc8, 0x54, 0x28, 0xff,
    0xc8, 0x54, 0x30, 0xff, 0xc8, 0x54, 0x28, 0xff, 0xd0, 0x58, 0x28, 0xff,
    0xd0, 0x5c, 0x30, 0xff, 0xd0, 0x58, 0x30, 0xff, 0xd8, 0x58, 0x28, 0xff,
    0xd0, 0x5c, 0x30, 0xff, 0xd8, 0x5c, 0x30, 0xff, 0xd0, 0x54, 0x28, 0xff,
    0xc8, 0x50, 0x28, 0xff, 0xd0, 0x58, 0x28, 0xff, 0xd0, 0x58, 0x28, 0xff,
    0xc8, 0x54, 0x28, 0xff, 0xd0, 0x54, 0x30, 0xff, 0xd0, 0x58, 0x30, 0xff,
    0xd0, 0x58, 0x30, 0xff, 0xd0, 0x58, 0x30, 0xff, 0xd0, 0x54, 0x30, 0xff,
    0xd0, 0x58, 0x30, 0xff, 0xd0, 0x58, 0x30, 0xff, 0xd0, 0x58, 0x28, 0xff,
    0xd0, 0x58, 0x28, 0xff, 0xc8, 0x54, 0x28, 0xff, 0xd0, 0x54, 0x30, 0xff,
    0xd0, 0x58, 0x28, 0xff, 0xd0, 0x58, 0x28, 0xff, 0xd0, 0x58, 0x30, 0xff,
    0xd0, 0x54, 0x28, 0xff, 0xd0, 0x58, 0x30, 0xff, 0xd0, 0x58, 0x28, 0xff,
    0xd0, 0x58, 0x28, 0xff, 0xd0, 0x54, 0x30, 0xff, 0xd0, 0x54, 0x28, 0xff,
    0xd0, 0x58, 0x30, 0xff, 0xd0, 0x54, 0x28, 0xff, 0xd0, 0x54, 0x28, 0xff,
    0xd0, 0x58, 0x30, 0xff, 0xd0, 0x58, 0x30, 0xff, 0xd0, 0x58, 0x30, 0xff,
    0xd0, 0x58, 0x28, 0xff, 0xd0, 0x58, 0x30, 0xff, 0xd0, 0x58, 0x30, 0xff,
    0xd0, 0x58, 0x28, 0xff, 0xd0, 0x58, 0x30, 0xff, 0xd0, 0x58, 0x30, 0xff,
    0xd0, 0x58, 0x28, 0xff, 0xd0, 0x5c, 0x28, 0xff, 0xd8, 0x58, 0x30, 0xff,
    0xd0, 0x58, 0x30, 0xff, 0xd0, 0x5c, 0x30, 0xff, 0xd0, 0x58, 0x28, 0xff,
    0xd0, 0x58, 0x30, 0xff, 0xd8, 0x58, 0x30, 0xff, 0xd0, 0x5c, 0x30, 0xff,
    0xd0, 0x5c, 0x30, 0xff, 0xd8, 0x5c, 0x30, 0xff, 0xd0, 0x5c, 0x30, 0xff,
    0xd8, 0x5c, 0x30, 0xff, 0xd8, 0x5c, 0x30, 0xff, 0xd8, 0x60, 0x30, 0xff,
    0xd8, 0x64, 0x30, 0xff, 0xe0, 0x64, 0x38, 0xff, 0xe0, 0x64, 0x38, 0xff,
    0xe0, 0x64, 0x38, 0xff, 0xe0, 0x68, 0x38, 0xff, 0xe8, 0x64, 0x38, 0xff,
    0xe0, 0x68, 0x38, 0xff, 0xe0, 0x64, 0x38, 0xff, 0xe8, 0x68, 0x38, 0xff,
    0xe0, 0x68, 0x38, 0xff, 0xe0, 0x64, 0x38, 0xff, 0xe8, 0x68, 0x38, 0xff,
    0xe8, 0x68, 0x38, 0xff, 0xe0, 0x68, 0x38, 0xff, 0xe8, 0x68, 0x38, 0xff,
    0xe0, 0x64, 0x38, 0xff, 0xe8, 0x68, 0x38, 0xff, 0xe0, 0x68, 0x38, 0xff,
    0xe0, 0x64, 0x38, 0xff, 0xe8, 0x68, 0x38, 0xff, 0xe0, 0x68, 0x38, 0xff,
    0xe8, 0x68, 0x38, 0xff, 0xe0, 0x68, 0x38, 0xff, 0xe0, 0x68, 0x38, 0xff,
    0xe8, 0x64, 0x38, 0xff, 0xe0, 0x68, 0x38, 0xff, 0xe8, 0x64, 0x38, 0xff,
    0xe8, 0x64, 0x38, 0xff, 0xe0, 0x68, 0x38, 0xff, 0xe0, 0x64, 0x38, 0xff,
    0xe8, 0x68, 0x38, 0xff, 0xe0, 0x68, 0x38, 0xff, 0xe0, 0x68, 0x38, 0xff,
    0xe0, 0x68, 0x38, 0xff, 0xe0, 0x64, 0x38, 0xff, 0xe0, 0x60, 0x38, 0xff,
    0xe0, 0x60, 0x38, 0xff, 0xd8, 0x64, 0x38, 0xff, 0xd8, 0x60, 0x30, 0xff,
    0xd8, 0x5c, 0x30, 0xff, 0xd8, 0x5c, 0x30, 0xff, 0xd0, 0x5c, 0x30, 0xff,
    0xd8, 0x60, 0x38, 0xff, 0xd8, 0x64, 0x38, 0xff, 0xd0, 0x54, 0x30, 0xff,
    0xd0, 0x54, 0x28, 0xff, 0xd8, 0x64, 0x38, 0xff, 0xd8, 0x5c, 0x30, 0xff,
    0xd0, 0x54, 0x30, 0xff, 0xd0, 0x58, 0x30, 0xff, 0xc8, 0x54, 0x28, 0xff,
    0xc8, 0x54, 0x28, 0xff, 0xd0, 0x58, 0x28, 0xff, 0xc8, 0x54, 0x28, 0xff,
    0xc8, 0x54, 0x30, 0xff, 0xc8, 0x54, 0x28, 0xff, 0xc8, 0x54, 0x28, 0xff,
    0xc8, 0x54, 0x30, 0xff, 0xc8, 0x54, 0x28, 0xff, 0xc8, 0x54, 0x28, 0xff,
    0xc8, 0x54, 0x28, 0xff, 0xc8, 0x54, 0x28, 0xff, 0xc8, 0x54, 0x30, 0xff,
    0xc8, 0x54, 0x28, 0xff, 0xc8, 0x54, 0x28, 0xff, 0xc8, 0x54, 0x28, 0xff,
    0xc8, 0x50, 0x28, 0xff, 0xc8, 0x54, 0x28, 0xff, 0xc8, 0x54, 0x30, 0xff,
    0xc8, 0x54, 0x28, 0xff, 0xc0, 0x50, 0x28, 0xff, 0xc0, 0x50, 0x30, 0xff,
    0xc8, 0x54, 0x28, 0xff, 0xc8, 0x50, 0x28, 0xff, 0xc0, 0x50, 0x28, 0xff,
    0xc0, 0x50, 0x28, 0xff, 0xc0, 0x50, 0x28, 0xff, 0xb8, 0x4c, 0x28, 0xff,
    0xb8, 0x50, 0x28, 0xff, 0xb8, 0x50, 0x28, 0xff, 0xb8, 0x4c, 0x28, 0xff,
    0xb8, 0x4c, 0x28, 0xff, 0xb8, 0x4c, 0x28, 0xff, 0xb0, 0x48, 0x20, 0xff,
    0xb0, 0x48, 0x28, 0xff, 0xb0, 0x48, 0x28, 0xff, 0xa8, 0x48, 0x20, 0xff,
    0xa8, 0x48, 0x28, 0xff, 0xa8, 0x44, 0x28, 0xff, 0xa0, 0x44, 0x20, 0xff,
    0x98, 0x44, 0x20, 0xff, 0x98, 0x40, 0x28, 0xff, 0x98, 0x40, 0x20, 0xff,
    0x90, 0x3c, 0x20, 0xff, 0x88, 0x3c, 0x20, 0xff, 0x80, 0x38, 0x20, 0xff,
    0x88, 0x3c, 0x20, 0xff, 0x90, 0x40, 0x20, 0xff, 0x90, 0x3c, 0x20, 0xff,
    0x98, 0x40, 0x28, 0xff, 0x98, 0x44, 0x28, 0xff, 0xa0, 0x44, 0x28, 0xff,
    0xa0, 0x44, 0x28, 0xff, 0xa0, 0x48, 0x28, 0xff, 0xa8, 0x48, 0x28, 0xff,
    0xa8, 0x48, 0x20, 0xff, 0xb0, 0x4c, 0x28, 0xff, 0xb0, 0x4c, 0x28, 0xff,
    0xb0, 0x4c, 0x28, 0xff, 0xb8, 0x4c, 0x28, 0xff, 0xb8, 0x50, 0x28, 0xff,
    0xc0, 0x50, 0x28, 0xff, 0xc0, 0x50, 0x28, 0xff, 0xc0, 0x50, 0x28, 0xff,
    0xc0, 0x50, 0x28, 0xff, 0xc0, 0x50, 0x28, 0xff, 0xc0, 0x50, 0x28, 0xff,
    0xc8, 0x50, 0x28, 0xff, 0xc8, 0x50, 0x28, 0xff, 0xc8, 0x50, 0x28, 0xff,
    0xc8, 0x54, 0x28, 0xff, 0xc0, 0x50, 0x20, 0xff, 0xc0, 0x4c, 0x20, 0xff,
    0xc0, 0x50, 0x28, 0xff, 0xc8, 0x54, 0x28, 0xff, 0xc8, 0x50, 0x28, 0xff,
    0xc8, 0x50, 0x28, 0xff, 0xc8, 0x50, 0x28, 0xff, 0xc8, 0x50, 0x28, 0xff,
    0xc8, 0x54, 0x28, 0xff, 0xc8, 0x54, 0x28, 0xff, 0xc8, 0x50, 0x28, 0xff,
    0xc8, 0x54, 0x30, 0xff, 0xc8, 0x54, 0x30, 0xff, 0xc8, 0x54, 0x28, 0xff,
    0xc8, 0x54, 0x28, 0xff, 0xc8, 0x54, 0x28, 0xff, 0xc8, 0x54, 0x30, 0xff,
    0xc8, 0x54, 0x28, 0xff, 0xc8, 0x54, 0x28, 0xff, 0xc8, 0x54, 0x28, 0xff,
    0xc8, 0x54, 0x30, 0xff, 0xc8, 0x54, 0x28, 0xff, 0xc8, 0x54, 0x28, 0xff,
    0xd0, 0x54, 0x28, 0xff, 0xc8, 0x54, 0x28, 0xff, 0xc8, 0x54, 0x30, 0xff,
    0xc8, 0x58, 0x28, 0xff, 0xd0, 0x54, 0x28, 0xff, 0xc8, 0x58, 0x28, 0xff,
    0xd0, 0x54, 0x30, 0xff, 0xd0, 0x54, 0x28, 0xff, 0xc8, 0x54, 0x30, 0xff,
    0xc8, 0x54, 0x28, 0xff, 0xd0, 0x54, 0x28, 0xff, 0xd0, 0x58, 0x28, 0xff,
    0xd0, 0x54, 0x28, 0xff, 0xd0, 0x58, 0x28, 0xff, 0xc8, 0x54, 0x28, 0xff,
    0xc8, 0x54, 0x28, 0xff, 0xc8, 0x54, 0x28, 0xff, 0xd0, 0x54, 0x30, 0xff,
    0xd0, 0x58, 0x28, 0xff, 0xd0, 0x58, 0x28, 0xff, 0xd0, 0x54, 0x30, 0xff,
    0xd0, 0x54, 0x28, 0xff, 0xd0, 0x58, 0x28, 0xff, 0xd0, 0x54, 0x30, 0xff,
    0xd0, 0x58, 0x28, 0xff, 0xd0, 0x58, 0x28, 0xff, 0xd0, 0x54, 0x30, 0xff,
    0xd0, 0x58, 0x28, 0xff, 0xd0, 0x58, 0x28, 0xff, 0xc8, 0x54, 0x28, 0xff,
    0xd0, 0x54, 0x30, 0xff, 0xd0, 0x58, 0x30, 0xff, 0xd0, 0x54, 0x28, 0xff,
    0xd0, 0x58, 0x28, 0xff, 0xd0, 0x58, 0x30, 0xff, 0xd0, 0x54, 0x30, 0xff,
    0xd0, 0x58, 0x30, 0xff, 0xd0, 0x58, 0x28, 0xff, 0xd0, 0x54, 0x30, 0xff,
    0xd0, 0x58, 0x28, 0xff, 0xd0, 0x58, 0x30, 0xff, 0xd0, 0x58, 0x30, 0xff,
    0xd0, 0x58, 0x28, 0xff, 0xd0, 0x58, 0x28, 0xff, 0xd0, 0x54, 0x30, 0xff,
    0xd0, 0x54, 0x30, 0xff, 0xd0, 0x58, 0x28, 0xff, 0xd0, 0x58, 0x30, 0xff,
    0xd0, 0x58, 0x30, 0xff, 0xd0, 0x58, 0x28, 0xff, 0xd8, 0x58, 0x30, 0xff,
    0xd0, 0x58, 0x30, 0xff, 0xd0, 0x5c, 0x30, 0xff, 0xd0, 0x58, 0x28, 0xff,
    0xd0, 0x58, 0x30, 0xff, 0xd8, 0x58, 0x30, 0xff, 0xd8, 0x58, 0x28, 0xff,
    0xd0, 0x5c, 0x30, 0xff, 0xd0, 0x58, 0x30, 0xff, 0xd0, 0x5c, 0x28, 0xff,
    0xd8, 0x58, 0x28, 0xff, 0xd8, 0x5c, 0x30, 0xff, 0xd0, 0x58, 0x30, 0xff,
    0xd8, 0x5c, 0x30, 0xff, 0xd0, 0x5c, 0x30, 0xff, 0xd8, 0x5c, 0x30, 0xff,
    0xd8, 0x60, 0x30, 0xff, 0xe0, 0x60, 0x30, 0xff, 0xe0, 0x64, 0x38, 0xff,
    0xe0, 0x64, 0x38, 0xff, 0xe0, 0x64, 0x30, 0xff, 0xe0, 0x64, 0x38, 0xff,
    0xe8, 0x68, 0x38, 0xff, 0xe0, 0x68, 0x38, 0xff, 0xe0, 0x68, 0x38, 0xff,
    0xe8, 0x64, 0x38, 0xff, 0xe0, 0x68, 0x38, 0xff, 0xe0, 0x68, 0x38, 0xff,
    0xe8, 0x64, 0x38, 0xff, 0xe0, 0x68, 0x38, 0xff, 0xe0, 0x64, 0x38, 0xff,
    0xe8, 0x68, 0x38, 0xff, 0xe0, 0x68, 0x38, 0xff, 0xe0, 0x64, 0x38, 0xff,
    0xe8, 0x68, 0x38, 0xff, 0xe0, 0x68, 0x38, 0xff, 0xe0, 0x64, 0x38, 0xff,
    0xe8, 0x64, 0x38, 0xff, 0xe0, 0x68, 0x38, 0xff, 0xe0, 0x64, 0x38, 0xff,
    0xe8, 0x68, 0x38, 0xff, 0xe0, 0x68, 0x38, 0xff, 0xe0, 0x68, 0x38, 0xff,
    0xe0, 0x68, 0x38, 0xff, 0xe0, 0x68, 0x38, 0xff, 0xe8, 0x68, 0x38, 0xff,
    0xe8, 0x64, 0x38, 0xff, 0xe0, 0x68, 0x38, 0xff, 0xe8, 0x64, 0x38, 0xff,
    0xe8, 0x68, 0x38, 0xff, 0xe8, 0x68, 0x38, 0xff, 0xe0, 0x64, 0x38, 0xff,
    0xe0, 0x60, 0x30, 0xff, 0xe0, 0x60, 0x30, 0xff, 0xd8, 0x64, 0x38, 0xff,
    0xd8, 0x60, 0x30, 0xff, 0xd8, 0x5c, 0x30, 0xff, 0xd0, 0x5c, 0x30, 0xff,
    0xd8, 0x5c, 0x30, 0xff, 0xd8, 0x60, 0x30, 0xff, 0xd8, 0x64, 0x38, 0xff,
    0xd8, 0x5c, 0x30, 0xff, 0xc8, 0x54, 0x28, 0xff, 0xd0, 0x5c, 0x30, 0xff,
    0xd8, 0x60, 0x38, 0xff, 0xd0, 0x58, 0x28, 0xff, 0xd0, 0x58, 0x28, 0xff,
    0xd0, 0x54, 0x30, 0xff, 0xc8, 0x54, 0x28, 0xff, 0xd0, 0x54, 0x28, 0xff,
    0xc8, 0x58, 0x30, 0xff, 0xc8, 0x54, 0x28, 0xff, 0xc8, 0x54, 0x30, 0xff,
    0xc8, 0x54, 0x28, 0xff, 0xc8, 0x54, 0x28, 0xff, 0xc8, 0x54, 0x30, 0xff,
    0xc8, 0x54, 0x30, 0xff, 0xd0, 0x54, 0x28, 0xff, 0xc8, 0x54, 0x28, 0xff,
    0xc8, 0x54, 0x30, 0xff, 0xc8, 0x54, 0x30, 0xff, 0xc8, 0x54, 0x28, 0xff,
    0xc8, 0x54, 0x28, 0xff, 0xc8, 0x54, 0x30, 0xff, 0xc8, 0x54, 0x28, 0xff,
    0xc8, 0x54, 0x28, 0xff, 0xc8, 0x54, 0x28, 0xff, 0xc8, 0x54, 0x28, 0xff,
    0xc8, 0x50, 0x28, 0xff, 0xc0, 0x50, 0x28, 0xff, 0xc0, 0x50, 0x28, 0xff,
    0xc0, 0x50, 0x28, 0xff, 0xc0, 0x50, 0x28, 0xff, 0xc0, 0x50, 0x28, 0xff,
    0xc0, 0x4c, 0x28, 0xff, 0xc0, 0x4c, 0x28, 0xff, 0xb8, 0x4c, 0x28, 0xff,
    0xb8, 0x4c, 0x28, 0xff, 0xb8, 0x4c, 0x28, 0xff, 0xb0, 0x4c, 0x28, 0xff,
    0xb0, 0x48, 0x28, 0xff, 0xb0, 0x48, 0x20, 0xff, 0xb0, 0x48, 0x28, 0xff,
    0xa8, 0x48, 0x20, 0xff, 0xa8, 0x44, 0x28, 0xff, 0xa8, 0x44, 0x28, 0xff,
    0xa0, 0x44, 0x28, 0xff, 0xa0, 0x44, 0x20, 0xff, 0x98, 0x40, 0x20, 0xff,
    0x90, 0x40, 0x28, 0xff, 0x90, 0x40, 0x20, 0xff, 0x88, 0x3c, 0x20, 0xff,
    0x80, 0x38, 0x20, 0xff, 0x80, 0x38, 0x20, 0xff, 0x90, 0x40, 0x28, 0xff,
    0x90, 0x3c, 0x20, 0xff, 0x90, 0x40, 0x28, 0xff, 0x98, 0x44, 0x20, 0xff,
    0xa0, 0x44, 0x20, 0xff, 0xa0, 0x44, 0x28, 0xff, 0xa8, 0x48, 0x28, 0xff,
    0xa8, 0x48, 0x28, 0xff, 0xa8, 0x4c, 0x28, 0xff, 0xb0, 0x4c, 0x28, 0xff,
    0xb0, 0x4c, 0x28, 0xff, 0xb8, 0x4c, 0x28, 0xff, 0xb8, 0x50, 0x28, 0xff,
    0xb8, 0x4c, 0x28, 0xff, 0xb8, 0x50, 0x28, 0xff, 0xc0, 0x50, 0x28, 0xff,
    0xc0, 0x50, 0x28, 0xff, 0xc0, 0x50, 0x28, 0xff, 0xc0, 0x50, 0x28, 0xff,
    0xc0, 0x50, 0x28, 0xff, 0xc8, 0x54, 0x28, 0xff, 0xc8, 0x50, 0x28, 0xff,
    0xc0, 0x50, 0x28, 0xff, 0xc8, 0x50, 0x28, 0xff, 0xc0, 0x50, 0x28, 0xff,
    0xc0, 0x4c, 0x20, 0xff, 0xc0, 0x4c, 0x28, 0xff, 0xc8, 0x54, 0x28, 0xff,
    0xc8, 0x50, 0x28, 0xff, 0xc0, 0x50, 0x30, 0xff, 0xc8, 0x54, 0x28, 0xff,
    0xc8, 0x50, 0x28, 0xff, 0xc0, 0x54, 0x30, 0xff, 0xc8, 0x54, 0x28, 0xff,
    0xc8, 0x50, 0x28, 0xff, 0xc8, 0x50, 0x28, 0xff, 0xc8, 0x54, 0x28, 0xff,
    0xc8, 0x50, 0x28, 0xff, 0xc8, 0x54, 0x28, 0xff, 0xc8, 0x54, 0x30, 0xff,
    0xc8, 0x54, 0x30, 0xff, 0xc8, 0x54, 0x28, 0xff, 0xc8, 0x54, 0x30, 0xff,
    0xc8, 0x54, 0x28, 0xff, 0xc8, 0x54, 0x28, 0xff, 0xc8, 0x54, 0x28, 0xff,
    0xd0, 0x58, 0x30, 0xff, 0xc8, 0x54, 0x30, 0xff, 0xc8, 0x54, 0x28, 0xff,
    0xc8, 0x54, 0x30, 0xff, 0xc8, 0x54, 0x28, 0xff, 0xd0, 0x54, 0x28, 0xff,
    0xc8, 0x58, 0x28, 0xff, 0xd0, 0x54, 0x30, 0xff, 0xd0, 0x54, 0x28, 0xff,
    0xd0, 0x58, 0x30, 0xff, 0xc8, 0x54, 0x28, 0xff, 0xd0, 0x58, 0x28, 0xff,
    0xd0, 0x54, 0x28, 0xff, 0xd0, 0x58, 0x28, 0xff, 0xc8, 0x54, 0x28, 0xff,
    0xd0, 0x54, 0x28, 0xff, 0xc8, 0x50, 0x28, 0xff, 0xc8, 0x50, 0x28, 0xff,
    0xd0, 0x54, 0x30, 0xff, 0xc8, 0x58, 0x28, 0xff, 0xd0, 0x54, 0x30, 0xff,
    0xd0, 0x58, 0x30, 0xff, 0xd0, 0x58, 0x28, 0xff, 0xc8, 0x54, 0x28, 0xff,
    0xd0, 0x54, 0x28, 0xff, 0xd0, 0x58, 0x30, 0xff, 0xd0, 0x54, 0x28, 0xff,
    0xd0, 0x54, 0x30, 0xff, 0xd0, 0x58, 0x30, 0xff, 0xd0, 0x54, 0x28, 0xff,
    0xc8, 0x54, 0x28, 0xff, 0xd0, 0x58, 0x30, 0xff, 0xd0, 0x54, 0x30, 0xff,
    0xd0, 0x54, 0x28, 0xff, 0xd0, 0x54, 0x30, 0xff, 0xd0, 0x58, 0x28, 0xff,
    0xd0, 0x54, 0x28, 0xff, 0xd0, 0x54, 0x30, 0xff, 0xd0, 0x58, 0x30, 0xff,
    0xd0, 0x58, 0x28, 0xff, 0xd0, 0x58, 0x28, 0xff, 0xd0, 0x54, 0x30, 0xff,
    0xd0, 0x58, 0x30, 0xff, 0xd0, 0x54, 0x28, 0xff, 0xd0, 0x58, 0x28, 0xff,
    0xd0, 0x58, 0x30, 0xff, 0xd0, 0x54, 0x30, 0xff, 0xd0, 0x58, 0x28, 0xff,
    0xd0, 0x58, 0x30, 0xff, 0xd0, 0x58, 0x28, 0xff, 0xd0, 0x58, 0x28, 0xff,
    0xd0, 0x58, 0x30, 0xff, 0xd0, 0x58, 0x28, 0xff, 0xd0, 0x58, 0x30, 0xff,
    0xd0, 0x58, 0x30, 0xff, 0xd0, 0x5c, 0x28, 0xff, 0xd0, 0x58, 0x28, 0xff,
    0xd0, 0x58, 0x30, 0xff, 0xd0, 0x58, 0x30, 0xff, 0xd0, 0x58, 0x28, 0xff,
    0xd0, 0x58, 0x30, 0xff, 0xd0, 0x5c, 0x30, 0xff, 0xd0, 0x58, 0x28, 0xff,
    0xd8, 0x5c, 0x30, 0xff, 0xd8, 0x5c, 0x30, 0xff, 0xd8, 0x58, 0x30, 0xff,
    0xd0, 0x5c, 0x30, 0xff, 0xd8, 0x60, 0x30, 0xff, 0xd8, 0x60, 0x38, 0xff,
    0xe0, 0x60, 0x38, 0xff, 0xe0, 0x64, 0x38, 0xff, 0xe0, 0x64, 0x38, 0xff,
    0xe8, 0x68, 0x38, 0xff, 0xe0, 0x68, 0x38, 0xff, 0xe0, 0x68, 0x38, 0xff,
    0xe8, 0x68, 0x38, 0xff, 0xe0, 0x68, 0x38, 0xff, 0xe8, 0x68, 0x38, 0xff,
    0xe0, 0x68, 0x38, 0xff, 0xe0, 0x68, 0x38, 0xff, 0xe0, 0x68, 0x38, 0xff,
    0xe8, 0x68, 0x38, 0xff, 0xe0, 0x68, 0x38, 0xff, 0xe0, 0x68, 0x38, 0xff,
    0xe8, 0x68, 0x38, 0xff, 0xe0, 0x68, 0x38, 0xff, 0xe8, 0x68, 0x38, 0xff,
    0xe0, 0x68, 0x38, 0xff, 0xe0, 0x68, 0x38, 0xff, 0xe8, 0x68, 0x38, 0xff,
    0xe0, 0x68, 0x38, 0xff, 0xe8, 0x64, 0x38, 0xff, 0xe0, 0x68, 0x38, 0xff,
    0xe8, 0x68, 0x38, 0xff, 0xe0, 0x68, 0x38, 0xff, 0xe0, 0x68, 0x38, 0xff,
    0xe0, 0x68, 0x38, 0xff, 0xe0, 0x64, 0x38, 0xff, 0xe0, 0x68, 0x38, 0xff,
    0xe8, 0x68, 0x38, 0xff, 0xe0, 0x64, 0x38, 0xff, 0xe0, 0x64, 0x38, 0xff,
    0xe0, 0x68, 0x38, 0xff, 0xe0, 0x64, 0x38, 0xff, 0xe0, 0x64, 0x38, 0xff,
    0xd8, 0x60, 0x30, 0xff, 0xd8, 0x60, 0x30, 0xff, 0xd8, 0x60, 0x38, 0xff,
    0xd0, 0x5c, 0x30, 0xff, 0xd8, 0x5c, 0x30, 0xff, 0xd8, 0x60, 0x38, 0xff,
    0xd8, 0x60, 0x30, 0xff, 0xd8, 0x5c, 0x30, 0xff, 0xd0, 0x54, 0x28, 0xff,
    0xd0, 0x58, 0x30, 0xff, 0xd8, 0x60, 0x30, 0xff, 0xd0, 0x5c, 0x30, 0xff,
    0xc8, 0x54, 0x28, 0xff, 0xd0, 0x58, 0x30, 0xff, 0xc8, 0x58, 0x30, 0xff,
    0xd0, 0x54, 0x28, 0xff, 0xc8, 0x54, 0x28, 0xff, 0xc8, 0x54, 0x30, 0xff,
    0xc8, 0x58, 0x28, 0xff, 0xc8, 0x54, 0x28, 0xff, 0xc8, 0x54, 0x28, 0xff,
    0xc8, 0x54, 0x28, 0xff, 0xc8, 0x54, 0x30, 0xff, 0xc8, 0x54, 0x28, 0xff,
    0xc8, 0x54, 0x28, 0xff, 0xc8, 0x54, 0x28, 0xff, 0xc8, 0x54, 0x28, 0xff,
    0xc8, 0x50, 0x28, 0xff, 0xc8, 0x50, 0x30, 0xff, 0xc8, 0x54, 0x28, 0xff,
    0xc8, 0x54, 0x30, 0xff, 0xc8, 0x50, 0x28, 0xff, 0xc8, 0x54, 0x28, 0xff,
    0xc8, 0x54, 0x30, 0xff, 0xc8, 0x50, 0x28, 0xff, 0xc8, 0x50, 0x28, 0xff,
    0xc0, 0x50, 0x28, 0xff, 0xc0, 0x50, 0x28, 0xff, 0xc0, 0x50, 0x28, 0xff,
    0xc0, 0x50, 0x28, 0xff, 0xc0, 0x50, 0x28, 0xff, 0xb8, 0x4c, 0x28, 0xff,
    0xb8, 0x4c, 0x28, 0xff, 0xb8, 0x4c, 0x28, 0xff, 0xb8, 0x48, 0x20, 0xff,
    0xb8, 0x4c, 0x28, 0xff, 0xb0, 0x4c, 0x28, 0xff, 0xb0, 0x48, 0x28, 0xff,
    0xb0, 0x48, 0x20, 0xff, 0xa8, 0x48, 0x28, 0xff, 0xa8, 0x44, 0x20, 0xff,
    0xa8, 0x44, 0x28, 0xff, 0xa0, 0x44, 0x20, 0xff, 0xa0, 0x44, 0x28, 0xff,
    0x98, 0x40, 0x20, 0xff, 0x98, 0x40, 0x28, 0xff, 0x90, 0x3c, 0x20, 0xff,
    0x90, 0x3c, 0x20, 0xff, 0x80, 0x38, 0x20, 0xff, 0x80, 0x38, 0x20, 0xff,
    0x90, 0x40, 0x20, 0xff, 0x90, 0x3c, 0x20, 0xff, 0x98, 0x40, 0x28, 0xff,
    0x98, 0x44, 0x28, 0xff, 0xa0, 0x44, 0x20, 0xff, 0xa0, 0x44, 0x28, 0xff,
    0xa8, 0x48, 0x28, 0xff, 0xa8, 0x48, 0x28, 0xff, 0xa8, 0x48, 0x28, 0xff,
    0xb0, 0x4c, 0x28, 0xff, 0xb0, 0x4c, 0x28, 0xff, 0xb8, 0x4c, 0x28, 0xff,
    0xb8, 0x4c, 0x28, 0xff, 0xb8, 0x4c, 0x28, 0xff, 0xc0, 0x50, 0x28, 0xff,
    0xc0, 0x50, 0x28, 0xff, 0xc0, 0x50, 0x28, 0xff, 0xc0, 0x50, 0x28, 0xff,
    0xc0, 0x50, 0x28, 0xff, 0xc0, 0x50, 0x28, 0xff, 0xc0, 0x50, 0x28, 0xff,
    0xc8, 0x54, 0x28, 0xff, 0xc0, 0x50, 0x28, 0xff, 0xc8, 0x50, 0x28, 0xff,
    0xc0, 0x50, 0x28, 0xff, 0xc0, 0x4c, 0x28, 0xff, 0xc0, 0x50, 0x28, 0xff,
    0xc8, 0x54, 0x28, 0xff, 0xc8, 0x50, 0x28, 0xff, 0xc8, 0x50, 0x28, 0xff,
    0xc0, 0x50, 0x28, 0xff, 0xc8, 0x54, 0x28, 0xff, 0xc8, 0x54, 0x30, 0xff,
    0xc8, 0x50, 0x28, 0xff, 0xc8, 0x54, 0x28, 0xff, 0xc8, 0x54, 0x28, 0xff,
    0xc8, 0x54, 0x30, 0xff, 0xc8, 0x54, 0x28, 0xff, 0xc8, 0x50, 0x28, 0xff,
    0xc8, 0x54, 0x28, 0xff, 0xc8, 0x54, 0x28, 0xff, 0xc8, 0x54, 0x30, 0xff,
    0xd0, 0x54, 0x28, 0xff, 0xc8, 0x54, 0x30, 0xff, 0xc8, 0x54, 0x28, 0xff,
    0xc8, 0x54, 0x30, 0xff, 0xc8, 0x54, 0x28, 0xff, 0xc8, 0x58, 0x28, 0xff,
    0xc8, 0x54, 0x28, 0xff, 0xc8, 0x54, 0x30, 0xff, 0xd0, 0x54, 0x28, 0xff,
    0xc8, 0x58, 0x30, 0xff, 0xc8, 0x54, 0x30, 0xff, 0xc8, 0x54, 0x28, 0xff,
    0xc8, 0x54, 0x28, 0xff, 0xd0, 0x54, 0x30, 0xff, 0xc8, 0x54, 0x28, 0xff,
    0xd0, 0x58, 0x28, 0xff, 0xd0, 0x54, 0x30, 0xff, 0xd0, 0x58, 0x30, 0xff,
    0xd0, 0x58, 0x28, 0xff, 0xc8, 0x58, 0x28, 0xff, 0xc8, 0x50, 0x28, 0xff,
    0xc8, 0x50, 0x28, 0xff, 0xd0, 0x58, 0x28, 0xff, 0xd0, 0x54, 0x28, 0xff,
    0xc8, 0x54, 0x28, 0xff, 0xd0, 0x58, 0x30, 0xff, 0xd0, 0x58, 0x30, 0xff,
    0xc8, 0x54, 0x28, 0xff, 0xd0, 0x58, 0x30, 0xff, 0xd0, 0x58, 0x30, 0xff,
    0xd0, 0x54, 0x28, 0xff, 0xd0, 0x58, 0x28, 0xff, 0xd0, 0x54, 0x30, 0xff,
    0xc8, 0x54, 0x28, 0xff, 0xc8, 0x54, 0x28, 0xff, 0xd0, 0x58, 0x30, 0xff,
    0xd0, 0x58, 0x28, 0xff, 0xd0, 0x58, 0x30, 0xff, 0xd0, 0x54, 0x30, 0xff,
    0xd0, 0x58, 0x28, 0xff, 0xd0, 0x54, 0x28, 0xff, 0xd0, 0x54, 0x30, 0xff,
    0xd0, 0x58, 0x28, 0xff, 0xd0, 0x54, 0x30, 0xff, 0xd0, 0x54, 0x28, 0xff,
    0xd0, 0x58, 0x28, 0xff, 0xd0, 0x54, 0x30, 0xff, 0xd0, 0x58, 0x30, 0xff,
    0xd0, 0x58, 0x28, 0xff, 0xd0, 0x58, 0x28, 0xff, 0xd0, 0x58, 0x30, 0xff,
    0xd0, 0x54, 0x30, 0xff, 0xd0, 0x58, 0x28, 0xff, 0xd0, 0x58, 0x30, 0xff,
    0xd0, 0x58, 0x30, 0xff, 0xd0, 0x58, 0x28, 0xff, 0xd0, 0x5c, 0x30, 0xff,
    0xd8, 0x58, 0x28, 0xff, 0xd0, 0x58, 0x30, 0xff, 0xd0, 0x5c, 0x30, 0xff,
    0xd0, 0x58, 0x28, 0xff, 0xd0, 0x58, 0x30, 0xff, 0xd0, 0x5c, 0x30, 0xff,
    0xd8, 0x58, 0x28, 0xff, 0xd0, 0x58, 0x30, 0xff, 0xd8, 0x5c, 0x30, 0xff,
    0xd0, 0x58, 0x30, 0xff, 0xd0, 0x5c, 0x30, 0xff, 0xd8, 0x5c, 0x28, 0xff,
    0xd8, 0x5c, 0x30, 0xff, 0xd8, 0x5c, 0x30, 0xff, 0xd8, 0x60, 0x30, 0xff,
    0xd8, 0x64, 0x30, 0xff, 0xe0, 0x64, 0x38, 0xff, 0xe0, 0x64, 0x38, 0xff,
    0xe0, 0x68, 0x38, 0xff, 0xe8, 0x68, 0x38, 0xff, 0xe0, 0x68, 0x38, 0xff,
    0xe0, 0x64, 0x38, 0xff, 0xe8, 0x64, 0x38, 0xff, 0xe0, 0x68, 0x38, 0xff,
    0xe0, 0x64, 0x38, 0xff, 0xe8, 0x68, 0x38, 0xff, 0xe0, 0x64, 0x38, 0xff,
    0xe8, 0x68, 0x38, 0xff, 0xe0, 0x68, 0x38, 0xff, 0xe8, 0x64, 0x38, 0xff,
    0xe0, 0x64, 0x38, 0xff, 0xe0, 0x68, 0x38, 0xff, 0xe8, 0x64, 0x38, 0xff,
    0xe0, 0x68, 0x38, 0xff, 0xe0, 0x68, 0x38, 0xff, 0xe8, 0x64, 0x38, 0xff,
    0xe0, 0x68, 0x38, 0xff, 0xe0, 0x68, 0x38, 0xff, 0xe0, 0x68, 0x38, 0xff,
    0xe8, 0x64, 0x38, 0xff, 0xe0, 0x68, 0x38, 0xff, 0xe8, 0x64, 0x38, 0xff,
    0xe8, 0x68, 0x38, 0xff, 0xe0, 0x68, 0x38, 0xff, 0xe8, 0x68, 0x38, 0xff,
    0xe8, 0x68, 0x38, 0xff, 0xe0, 0x68, 0x38, 0xff, 0xe0, 0x68, 0x38, 0xff,
    0xe0, 0x68, 0x38, 0xff, 0xe0, 0x64, 0x38, 0xff, 0xe0, 0x64, 0x38, 0xff,
    0xe0, 0x60, 0x38, 0xff, 0xe0, 0x60, 0x30, 0xff, 0xd8, 0x60, 0x38, 0xff,
    0xd8, 0x60, 0x30, 0xff, 0xd8, 0x5c, 0x30, 0xff, 0xd8, 0x5c, 0x30, 0xff,
    0xd8, 0x5c, 0x30, 0xff, 0xd8, 0x60, 0x38, 0xff, 0xd8, 0x60, 0x38, 0xff,
    0xd0, 0x54, 0x30, 0xff, 0xd0, 0x54, 0x28, 0xff, 0xd0, 0x5c, 0x30, 0xff,
    0xd8, 0x5c, 0x30, 0xff, 0xd0, 0x54, 0x30, 0xff, 0xc8, 0x54, 0x28, 0xff,
    0xd0, 0x54, 0x28, 0xff, 0xc8, 0x58, 0x30, 0xff, 0xc8, 0x54, 0x28, 0xff,
    0xc8, 0x54, 0x28, 0xff, 0xc8, 0x54, 0x30, 0xff, 0xd0, 0x54, 0x28, 0xff,
    0xc8, 0x54, 0x28, 0xff, 0xc8, 0x54, 0x28, 0xff, 0xd0, 0x54, 0x30, 0xff,
    0xc8, 0x54, 0x30, 0xff, 0xc8, 0x54, 0x28, 0xff, 0xc8, 0x54, 0x28, 0xff,
    0xc8, 0x54, 0x28, 0xff, 0xc8, 0x54, 0x28, 0xff, 0xc8, 0x54, 0x28, 0xff,
    0xc8, 0x54, 0x28, 0xff, 0xc8, 0x54, 0x30, 0xff, 0xc8, 0x50, 0x28, 0xff,
    0xc8, 0x54, 0x28, 0xff, 0xc0, 0x54, 0x28, 0xff, 0xc0, 0x50, 0x28, 0xff,
    0xc8, 0x50, 0x28, 0xff, 0xc8, 0x54, 0x30, 0xff, 0xc0, 0x50, 0x28, 0xff,
    0xc0, 0x50, 0x28, 0xff, 0xc0, 0x4c, 0x28, 0xff, 0xc0, 0x50, 0x28, 0xff,
    0xb8, 0x50, 0x28, 0xff, 0xc0, 0x4c, 0x28, 0xff, 0xb8, 0x4c, 0x28, 0xff,
    0xb8, 0x4c, 0x28, 0xff, 0xb8, 0x4c, 0x28, 0xff, 0xb0, 0x48, 0x28, 0xff,
    0xb0, 0x48, 0x20, 0xff, 0xb0, 0x48, 0x28, 0xff, 0xa8, 0x44, 0x28, 0xff,
    0xa8, 0x48, 0x28, 0xff, 0xa8, 0x44, 0x20, 0xff, 0xa0, 0x44, 0x20, 0xff,
    0xa0, 0x44, 0x28, 0xff, 0x98, 0x40, 0x20, 0xff, 0x90, 0x40, 0x20, 0xff,
    0x90, 0x3c, 0x20, 0xff, 0x88, 0x3c, 0x28, 0xff, 0x80, 0x38, 0x20, 0xff,
    0x80, 0x3c, 0x20, 0xff, 0x90, 0x40, 0x28, 0xff, 0x90, 0x40, 0x20, 0xff,
    0x98, 0x40, 0x28, 0xff, 0x98, 0x44, 0x28, 0xff, 0xa0, 0x44, 0x28, 0xff,
    0xa0, 0x48, 0x28, 0xff, 0xa0, 0x48, 0x28, 0xff, 0xa8, 0x48, 0x28, 0xff,
    0xb0, 0x48, 0x28, 0xff, 0xb0, 0x4c, 0x28, 0xff, 0xb0, 0x4c, 0x28, 0xff,
    0xb0, 0x4c, 0x28, 0xff, 0xb8, 0x4c, 0x28, 0xff, 0xb8, 0x50, 0x28, 0xff,
    0xc0, 0x50, 0x28, 0xff, 0xc0, 0x50, 0x28, 0xff, 0xc0, 0x50, 0x28, 0xff,
    0xc0, 0x50, 0x28, 0xff, 0xc0, 0x50, 0x28, 0xff, 0xc0, 0x50, 0x28, 0xff,
    0xc8, 0x54, 0x28, 0xff, 0xc8, 0x50, 0x28, 0xff, 0xc0, 0x50, 0x28, 0xff,
    0xc8, 0x54, 0x28, 0xff, 0xc0, 0x50, 0x20, 0xff, 0xc0, 0x4c, 0x20, 0xff,
    0xc0, 0x4c, 0x28, 0xff, 0xc8, 0x54, 0x28, 0xff, 0xc0, 0x50, 0x28, 0xff,
    0xc8, 0x50, 0x28, 0xff, 0xc8, 0x50, 0x28, 0xff, 0xc8, 0x50, 0x28, 0xff,
    0xc0, 0x50, 0x28, 0xff, 0xc8, 0x54, 0x28, 0xff, 0xd0, 0x58, 0x30, 0xff,
    0xd0, 0x58, 0x30, 0xff, 0xc8, 0x54, 0x30, 0xff, 0xc8, 0x54, 0x30, 0xff,
    0xd0, 0x58, 0x30, 0xff, 0xd0, 0x54, 0x30, 0xff, 0xd0, 0x54, 0x28, 0xff,
    0xd0, 0x54, 0x30, 0xff, 0xd0, 0x58, 0x28, 0xff, 0xd0, 0x58, 0x30, 0xff,
    0xd0, 0x54, 0x30, 0xff, 0xd0, 0x58, 0x30, 0xff, 0xd0, 0x58, 0x30, 0xff,
    0xd0, 0x58, 0x28, 0xff, 0xd0, 0x58, 0x30, 0xff, 0xd0, 0x58, 0x30, 0xff,
    0xd0, 0x58, 0x30, 0xff, 0xd0, 0x58, 0x30, 0xff, 0xd0, 0x5c, 0x30, 0xff,
    0xd0, 0x54, 0x28, 0xff, 0xd0, 0x58, 0x28, 0xff, 0xc8, 0x54, 0x30, 0xff,
    0xc8, 0x54, 0x28, 0xff, 0xd0, 0x58, 0x28, 0xff, 0xd0, 0x54, 0x28, 0xff,
    0xd0, 0x54, 0x30, 0xff, 0xc8, 0x58, 0x28, 0xff, 0xc8, 0x54, 0x28, 0xff,
    0xc8, 0x50, 0x28, 0xff, 0xc8, 0x50, 0x28, 0xff, 0xd0, 0x58, 0x28, 0xff,
    0xd0, 0x58, 0x28, 0xff, 0xd0, 0x54, 0x28, 0xff, 0xd0, 0x54, 0x28, 0xff,
    0xd0, 0x58, 0x30, 0xff, 0xd0, 0x54, 0x28, 0xff, 0xd0, 0x58, 0x28, 0xff,
    0xd0, 0x54, 0x28, 0xff, 0xd0, 0x58, 0x30, 0xff, 0xc8, 0x58, 0x28, 0xff,
    0xd0, 0x58, 0x28, 0xff, 0xc8, 0x54, 0x28, 0xff, 0xd0, 0x54, 0x28, 0xff,
    0xd0, 0x58, 0x30, 0xff, 0xd0, 0x58, 0x28, 0xff, 0xd0, 0x54, 0x28, 0xff,
    0xc8, 0x58, 0x30, 0xff, 0xd0, 0x58, 0x30, 0xff, 0xd0, 0x54, 0x28, 0xff,
    0xd0, 0x58, 0x28, 0xff, 0xd0, 0x58, 0x30, 0xff, 0xd0, 0x54, 0x30, 0xff,
    0xd0, 0x58, 0x28, 0xff, 0xd0, 0x54, 0x30, 0xff, 0xd0, 0x58, 0x28, 0xff,
    0xd0, 0x54, 0x30, 0xff, 0xd0, 0x54, 0x30, 0xff, 0xd0, 0x58, 0x28, 0xff,
    0xd0, 0x58, 0x28, 0xff, 0xd0, 0x54, 0x30, 0xff, 0xd0, 0x58, 0x30, 0xff,
    0xd0, 0x58, 0x28, 0xff, 0xd0, 0x54, 0x30, 0xff, 0xd0, 0x58, 0x30, 0xff,
    0xd0, 0x58, 0x30, 0xff, 0xd0, 0x58, 0x28, 0xff, 0xd0, 0x58, 0x30, 0xff,
    0xd0, 0x58, 0x30, 0xff, 0xd0, 0x58, 0x28, 0xff, 0xd0, 0x5c, 0x30, 0xff,
    0xd8, 0x58, 0x30, 0xff, 0xd0, 0x58, 0x28, 0xff, 0xd0, 0x58, 0x28, 0xff,
    0xd8, 0x58, 0x30, 0xff, 0xd8, 0x58, 0x30, 0xff, 0xd0, 0x5c, 0x30, 0xff,
    0xd0, 0x5c, 0x30, 0xff, 0xd0, 0x5c, 0x30, 0xff, 0xd8, 0x5c, 0x30, 0xff,
    0xd8, 0x5c, 0x30, 0xff, 0xe0, 0x64, 0x30, 0xff, 0xe0, 0x60, 0x38, 0xff,
    0xe0, 0x64, 0x38, 0xff, 0xe0, 0x64, 0x38, 0xff, 0xe0, 0x68, 0x38, 0xff,
    0xe8, 0x68, 0x38, 0xff, 0xe0, 0x68, 0x38, 0xff, 0xe0, 0x68, 0x38, 0xff,
    0xe8, 0x68, 0x38, 0xff, 0xe0, 0x68, 0x38, 0xff, 0xe8, 0x64, 0x38, 0xff,
    0xe0, 0x68, 0x38, 0xff, 0xe0, 0x68, 0x38, 0xff, 0xe8, 0x64, 0x38, 0xff,
    0xe0, 0x68, 0x38, 0xff, 0xe8, 0x68, 0x38, 0xff, 0xe0, 0x68, 0x38, 0xff,
    0xe0, 0x68, 0x38, 0xff, 0xe8, 0x64, 0x38, 0xff, 0xe0, 0x68, 0x38, 0xff,
    0xe8, 0x68, 0x38, 0xff, 0xe0, 0x64, 0x38, 0xff, 0xe8, 0x68, 0x38, 0xff,
    0xe0, 0x68, 0x38, 0xff, 0xe0, 0x68, 0x38, 0xff, 0xe0, 0x68, 0x38, 0xff,
    0xe8, 0x64, 0x38, 0xff, 0xe0, 0x68, 0x38, 0xff, 0xe0, 0x64, 0x38, 0xff,
    0xe0, 0x68, 0x38, 0xff, 0xe0, 0x68, 0x38, 0xff, 0xe8, 0x64, 0x38, 0xff,
    0xe8, 0x68, 0x38, 0xff, 0xe0, 0x68, 0x38, 0xff, 0xe0, 0x64, 0x38, 0xff,
    0xe0, 0x64, 0x38, 0xff, 0xe0, 0x64, 0x38, 0xff, 0xe0, 0x60, 0x38, 0xff,
    0xd8, 0x60, 0x30, 0xff, 0xd8, 0x60, 0x38, 0xff, 0xd8, 0x60, 0x30, 0xff,
    0xd0, 0x5c, 0x30, 0xff, 0xd8, 0x5c, 0x30, 0xff, 0xd8, 0x60, 0x30, 0xff,
    0xd8, 0x64, 0x38, 0xff, 0xd0, 0x5c, 0x30, 0xff, 0xc8, 0x54, 0x28, 0xff,
    0xd0, 0x58, 0x30, 0xff, 0xd0, 0x5c, 0x30, 0xff, 0xd0, 0x58, 0x30, 0xff,
    0xd0, 0x54, 0x28, 0xff, 0xc8, 0x58, 0x28, 0xff, 0xd0, 0x54, 0x30, 0xff,
    0xd0, 0x54, 0x28, 0xff, 0xc8, 0x58, 0x30, 0xff, 0xc8, 0x54, 0x30, 0xff,
    0xc8, 0x54, 0x28, 0xff, 0xc8, 0x54, 0x28, 0xff, 0xc8, 0x54, 0x28, 0xff,
    0xc8, 0x54, 0x30, 0xff, 0xc8, 0x54, 0x28, 0xff, 0xc8, 0x54, 0x30, 0xff,
    0xc8, 0x54, 0x30, 0xff, 0xc8, 0x50, 0x28, 0xff, 0xc8, 0x54, 0x30, 0xff,
    0xc8, 0x54, 0x28, 0xff, 0xc8, 0x50, 0x28, 0xff, 0xc8, 0x54, 0x28, 0xff,
    0xc8, 0x54, 0x28, 0xff, 0xc8, 0x54, 0x30, 0xff, 0xc8, 0x50, 0x28, 0xff,
    0xc0, 0x54, 0x28, 0xff, 0xc0, 0x50, 0x28, 0xff, 0xc8, 0x50, 0x28, 0xff,
    0xc0, 0x50, 0x28, 0xff, 0xc0, 0x50, 0x28, 0xff, 0xc0, 0x4c, 0x28, 0xff,
    0xb8, 0x4c, 0x28, 0xff, 0xc0, 0x50, 0x28, 0xff, 0xb8, 0x4c, 0x28, 0xff,
    0xb8, 0x4c, 0x28, 0xff, 0xb8, 0x4c, 0x28, 0xff, 0xb8, 0x4c, 0x20, 0xff,
    0xb0, 0x48, 0x28, 0xff, 0xb0, 0x48, 0x20, 0xff, 0xb0, 0x48, 0x28, 0xff,
    0xa8, 0x48, 0x28, 0xff, 0xa8, 0x44, 0x20, 0xff, 0xa8, 0x44, 0x28, 0xff,
    0xa0, 0x44, 0x28, 0xff, 0xa0, 0x44, 0x20, 0xff, 0x98, 0x40, 0x28, 0xff,
    0x90, 0x40, 0x20, 0xff, 0x90, 0x3c, 0x20, 0xff, 0x88, 0x3c, 0x20, 0xff,
    0x78, 0x38, 0x20, 0xff, 0x88, 0x38, 0x20, 0xff, 0x90, 0x40, 0x20, 0xff,
    0x90, 0x40, 0x20, 0xff, 0x98, 0x40, 0x28, 0xff, 0x98, 0x44, 0x28, 0xff,
    0xa0, 0x44, 0x20, 0xff, 0xa0, 0x44, 0x28, 0xff, 0xa0, 0x48, 0x28, 0xff,
    0xa8, 0x48, 0x28, 0xff, 0xa8, 0x4c, 0x28, 0xff, 0xb0, 0x4c, 0x28, 0xff,
    0xb0, 0x4c, 0x28, 0xff, 0xb8, 0x4c, 0x28, 0xff, 0xb8, 0x4c, 0x28, 0xff,
    0xb8, 0x50, 0x28, 0xff, 0xb8, 0x50, 0x28, 0xff, 0xc0, 0x50, 0x28, 0xff,
    0xc0, 0x50, 0x28, 0xff, 0xc0, 0x50, 0x28, 0xff, 0xc0, 0x50, 0x28, 0xff,
    0xc0, 0x50, 0x28, 0xff, 0xc8, 0x54, 0x28, 0xff, 0xc8, 0x50, 0x28, 0xff,
    0xc0, 0x50, 0x28, 0xff, 0xc0, 0x50, 0x28, 0xff, 0xc0, 0x50, 0x28, 0xff,
    0xc0, 0x4c, 0x20, 0xff, 0xc0, 0x4c, 0x28, 0xff, 0xc8, 0x54, 0x28, 0xff,
    0xc8, 0x50, 0x28, 0xff, 0xc8, 0x54, 0x30, 0xff, 0xc8, 0x50, 0x28, 0xff,
    0xc0, 0x50, 0x28, 0xff, 0xc8, 0x54, 0x28, 0xff, 0xc8, 0x54, 0x28, 0xff,
    0xa0, 0x40, 0x20, 0xff, 0x98, 0x3c, 0x20, 0xff, 0xb8, 0x48, 0x20, 0xff,
    0xb8, 0x4c, 0x20, 0xff, 0xb0, 0x48, 0x20, 0xff, 0xb8, 0x4c, 0x28, 0xff,
    0xb8, 0x48, 0x20, 0xff, 0xb8, 0x48, 0x20, 0xff, 0xb8, 0x4c, 0x20, 0xff,
    0xb8, 0x48, 0x20, 0xff, 0xb8, 0x4c, 0x20, 0xff, 0xb8, 0x48, 0x20, 0xff,
    0xb8, 0x48, 0x20, 0xff, 0xb8, 0x48, 0x20, 0xff, 0xb8, 0x48, 0x20, 0xff,
    0xb8, 0x48, 0x20, 0xff, 0xb8, 0x48, 0x20, 0xff, 0xa8, 0x40, 0x20, 0xff,
    0xb8, 0x48, 0x20, 0xff, 0xd0, 0x58, 0x30, 0xff, 0xc8, 0x54, 0x30, 0xff,
    0xd0, 0x54, 0x28, 0xff, 0xc8, 0x54, 0x28, 0xff, 0xd0, 0x58, 0x28, 0xff,
    0xd0, 0x58, 0x28, 0xff, 0xc8, 0x54, 0x28, 0xff, 0xd0, 0x58, 0x28, 0xff,
    0xd0, 0x58, 0x28, 0xff, 0xc8, 0x50, 0x28, 0xff, 0xc8, 0x50, 0x28, 0xff,
    0xc8, 0x58, 0x30, 0xff, 0xc8, 0x58, 0x30, 0xff, 0xd0, 0x54, 0x28, 0xff,
    0xd0, 0x58, 0x28, 0xff, 0xd0, 0x54, 0x30, 0xff, 0xd0, 0x58, 0x28, 0xff,
    0xc8, 0x54, 0x28, 0xff, 0xc8, 0x54, 0x30, 0xff, 0xd0, 0x58, 0x30, 0xff,
    0xd0, 0x54, 0x30, 0xff, 0xd0, 0x54, 0x28, 0xff, 0xc8, 0x54, 0x28, 0xff,
    0xc8, 0x54, 0x28, 0xff, 0xd0, 0x58, 0x30, 0xff, 0xd0, 0x54, 0x28, 0xff,
    0xd0, 0x54, 0x28, 0xff, 0xd0, 0x58, 0x30, 0xff, 0xd0, 0x54, 0x28, 0xff,
    0xd0, 0x54, 0x30, 0xff, 0xd0, 0x58, 0x30, 0xff, 0xd0, 0x54, 0x28, 0xff,
    0xd0, 0x58, 0x28, 0xff, 0xd0, 0x54, 0x30, 0xff, 0xd0, 0x58, 0x30, 0xff,
    0xd0, 0x54, 0x28, 0xff, 0xd0, 0x58, 0x28, 0xff, 0xd0, 0x54, 0x30, 0xff,
    0xd0, 0x58, 0x30, 0xff, 0xd0, 0x58, 0x28, 0xff, 0xd0, 0x54, 0x28, 0xff,
    0xd0, 0x58, 0x30, 0xff, 0xd0, 0x58, 0x28, 0xff, 0xd0, 0x54, 0x28, 0xff,
    0xd0, 0x58, 0x28, 0xff, 0xd0, 0x58, 0x30, 0xff, 0xd0, 0x58, 0x28, 0xff,
    0xd0, 0x5c, 0x30, 0xff, 0xd0, 0x58, 0x30, 0xff, 0xd0, 0x58, 0x28, 0xff,
    0xd0, 0x58, 0x30, 0xff, 0xd0, 0x58, 0x30, 0xff, 0xd0, 0x5c, 0x28, 0xff,
    0xd0, 0x58, 0x30, 0xff, 0xd0, 0x5c, 0x28, 0xff, 0xd8, 0x58, 0x28, 0xff,
    0xd0, 0x58, 0x30, 0xff, 0xd8, 0x5c, 0x30, 0xff, 0xd0, 0x5c, 0x30, 0xff,
    0xd8, 0x5c, 0x30, 0xff, 0xd8, 0x5c, 0x30, 0xff, 0xd8, 0x60, 0x30, 0xff,
    0xd8, 0x64, 0x30, 0xff, 0xe0, 0x64, 0x38, 0xff, 0xe0, 0x64, 0x38, 0xff,
    0xe0, 0x68, 0x38, 0xff, 0xe8, 0x68, 0x38, 0xff, 0xe0, 0x64, 0x38, 0xff,
    0xe8, 0x68, 0x38, 0xff, 0xe0, 0x68, 0x38, 0xff, 0xe0, 0x68, 0x38, 0xff,
    0xe8, 0x68, 0x38, 0xff, 0xe0, 0x68, 0x38, 0xff, 0xe0, 0x68, 0x38, 0xff,
    0xe8, 0x68, 0x38, 0xff, 0xe0, 0x68, 0x38, 0xff, 0xe0, 0x68, 0x38, 0xff,
    0xe8, 0x68, 0x38, 0xff, 0xe0, 0x68, 0x38, 0xff, 0xe0, 0x68, 0x38, 0xff,
    0xe8, 0x68, 0x38, 0xff, 0xe0, 0x68, 0x38, 0xff, 0xe0, 0x68, 0x38, 0xff,
    0xe8, 0x64, 0x38, 0xff, 0xe8, 0x68, 0x38, 0xff, 0xe0, 0x68, 0x38, 0xff,
    0xe8, 0x68, 0x38, 0xff, 0xe0, 0x68, 0x38, 0xff, 0xe0, 0x68, 0x38, 0xff,
    0xe8, 0x68, 0x38, 0xff, 0xe0, 0x64, 0x38, 0xff, 0xe0, 0x68, 0x38, 0xff,
    0xe0, 0x68, 0x38, 0xff, 0xe8, 0x68, 0x38, 0xff, 0xe0, 0x68, 0x38, 0xff,
    0xe0, 0x68, 0x38, 0xff, 0xe0, 0x64, 0x38, 0xff, 0xe0, 0x64, 0x38, 0xff,
    0xe0, 0x64, 0x30, 0xff, 0xd8, 0x60, 0x38, 0xff, 0xd8, 0x60, 0x30, 0xff,
    0xd0, 0x5c, 0x30, 0xff, 0xd8, 0x5c, 0x30, 0xff, 0xd0, 0x5c, 0x38, 0xff,
    0xd8, 0x60, 0x30, 0xff, 0xd8, 0x64, 0x30, 0xff, 0xd8, 0x5c, 0x30, 0xff,
    0xd0, 0x58, 0x30, 0xff, 0xd0, 0x54, 0x28, 0xff, 0xd0, 0x58, 0x30, 0xff,
    0xd0, 0x58, 0x30, 0xff, 0xc8, 0x58, 0x28, 0xff, 0xc8, 0x54, 0x28, 0xff,
    0xd0, 0x54, 0x30, 0xff, 0xc8, 0x54, 0x28, 0xff, 0xc8, 0x54, 0x28, 0xff,
    0xc8, 0x58, 0x28, 0xff, 0xc8, 0x54, 0x28, 0xff, 0xc8, 0x54, 0x30, 0xff,
    0xc8, 0x54, 0x30, 0xff, 0xc8, 0x54, 0x28, 0xff, 0xc8, 0x54, 0x28, 0xff,
    0xc8, 0x54, 0x28, 0xff, 0xc8, 0x54, 0x28, 0xff, 0xc8, 0x54, 0x28, 0xff,
    0xc8, 0x50, 0x28, 0xff, 0xc8, 0x54, 0x30, 0xff, 0xc8, 0x54, 0x28, 0xff,
    0xc8, 0x50, 0x28, 0xff, 0xc8, 0x54, 0x30, 0xff, 0xc8, 0x54, 0x28, 0xff,
    0xc8, 0x50, 0x28, 0xff, 0xc8, 0x50, 0x30, 0xff, 0xc8, 0x50, 0x28, 0xff,
    0xc0, 0x50, 0x28, 0xff, 0xc0, 0x50, 0x28, 0xff, 0xc0, 0x50, 0x28, 0xff,
    0xc0, 0x50, 0x28, 0xff, 0xc0, 0x4c, 0x28, 0xff, 0xb8, 0x50, 0x28, 0xff,
    0xb8, 0x4c, 0x28, 0xff, 0xb8, 0x4c, 0x28, 0xff, 0xb8, 0x4c, 0x28, 0xff,
    0xb8, 0x4c, 0x28, 0xff, 0xb0, 0x48, 0x28, 0xff, 0xb0, 0x48, 0x20, 0xff,
    0xa8, 0x48, 0x28, 0xff, 0xa8, 0x48, 0x20, 0xff, 0xa8, 0x44, 0x28, 0xff,
    0xa8, 0x44, 0x28, 0xff, 0xa0, 0x44, 0x20, 0xff, 0xa0, 0x44, 0x28, 0xff,
    0x98, 0x40, 0x28, 0xff, 0x98, 0x40, 0x20, 0xff, 0x90, 0x3c, 0x20, 0xff,
    0x90, 0x3c, 0x28, 0xff, 0x80, 0x34, 0x20, 0xff, 0x80, 0x38, 0x20, 0xff,
    0x90, 0x40, 0x28, 0xff, 0x90, 0x40, 0x20, 0xff, 0x98, 0x40, 0x28, 0xff,
    0x98, 0x44, 0x20, 0xff, 0xa0, 0x44, 0x28, 0xff, 0xa0, 0x48, 0x28, 0xff,
    0xa8, 0x48, 0x28, 0xff, 0xa8, 0x48, 0x28, 0xff, 0xa8, 0x4c, 0x28, 0xff,
    0xb0, 0x4c, 0x28, 0xff, 0xb0, 0x4c, 0x28, 0xff, 0xb8, 0x4c, 0x28, 0xff,
    0xb8, 0x4c, 0x28, 0xff, 0xb8, 0x50, 0x28, 0xff, 0xc0, 0x50, 0x28, 0xff,
    0xc0, 0x50, 0x28, 0xff, 0xc0, 0x50, 0x28, 0xff, 0xc0, 0x50, 0x28, 0xff,
    0xc0, 0x50, 0x28, 0xff, 0xc0, 0x50, 0x28, 0xff, 0xc8, 0x54, 0x28, 0xff,
    0xc0, 0x54, 0x28, 0xff, 0xc8, 0x50, 0x28, 0xff, 0xc8, 0x50, 0x28, 0xff,
    0xc0, 0x50, 0x28, 0xff, 0xc0, 0x4c, 0x20, 0xff, 0xc0, 0x50, 0x28, 0xff,
    0xc8, 0x54, 0x28, 0xff, 0xc8, 0x50, 0x28, 0xff, 0xc0, 0x50, 0x28, 0xff,
    0xc8, 0x54, 0x28, 0xff, 0xc8, 0x50, 0x28, 0xff, 0xc8, 0x58, 0x30, 0xff,
    0xc8, 0x50, 0x28, 0xff, 0x70, 0x30, 0x18, 0xff, 0x78, 0x30, 0x18, 0xff,
    0xb8, 0x4c, 0x28, 0xff, 0xb0, 0x48, 0x20, 0xff, 0xb0, 0x48, 0x20, 0xff,
    0xb0, 0x48, 0x20, 0xff, 0xb0, 0x48, 0x28, 0xff, 0xb0, 0x48, 0x20, 0xff,
    0xb0, 0x48, 0x28, 0xff, 0xb0, 0x48, 0x20, 0xff, 0xb8, 0x48, 0x20, 0xff,
    0xb0, 0x48, 0x28, 0xff, 0xb0, 0x48, 0x28, 0xff, 0xb8, 0x48, 0x20, 0xff,
    0xb0, 0x44, 0x28, 0xff, 0xa8, 0x48, 0x20, 0xff, 0xb0, 0x48, 0x20, 0xff,
    0x98, 0x3c, 0x20, 0xff, 0x90, 0x38, 0x18, 0xff, 0xd0, 0x58, 0x28, 0xff,
    0xd0, 0x58, 0x30, 0xff, 0xd0, 0x54, 0x30, 0xff, 0xc8, 0x54, 0x28, 0xff,
    0xd0, 0x58, 0x30, 0xff, 0xd0, 0x54, 0x28, 0xff, 0xd0, 0x54, 0x28, 0xff,
    0xc8, 0x54, 0x28, 0xff, 0xd0, 0x54, 0x28, 0xff, 0xc8, 0x50, 0x28, 0xff,
    0xc8, 0x50, 0x28, 0xff, 0xd0, 0x58, 0x28, 0xff, 0xc8, 0x54, 0x28, 0xff,
    0xd0, 0x54, 0x30, 0xff, 0xd0, 0x58, 0x28, 0xff, 0xd0, 0x58, 0x28, 0xff,
    0xd0, 0x54, 0x30, 0xff, 0xd0, 0x58, 0x28, 0xff, 0xd0, 0x58, 0x28, 0xff,
    0xd0, 0x54, 0x28, 0xff, 0xd0, 0x58, 0x28, 0xff, 0xd0, 0x58, 0x30, 0xff,
    0xc8, 0x58, 0x28, 0xff, 0xd0, 0x54, 0x28, 0xff, 0xd0, 0x58, 0x30, 0xff,
    0xd0, 0x54, 0x28, 0xff, 0xd0, 0x58, 0x30, 0xff, 0xd0, 0x54, 0x28, 0xff,
    0xd0, 0x58, 0x28, 0xff, 0xc8, 0x58, 0x28, 0xff, 0xd0, 0x54, 0x30, 0xff,
    0xd0, 0x54, 0x28, 0xff, 0xc8, 0x58, 0x30, 0xff, 0xd0, 0x58, 0x28, 0xff,
    0xd0, 0x54, 0x28, 0xff, 0xd0, 0x58, 0x30, 0xff, 0xd0, 0x54, 0x28, 0xff,
    0xd0, 0x58, 0x28, 0xff, 0xd0, 0x54, 0x30, 0xff, 0xd0, 0x58, 0x30, 0xff,
    0xd0, 0x58, 0x28, 0xff, 0xd0, 0x54, 0x30, 0xff, 0xd0, 0x58, 0x30, 0xff,
    0xd0, 0x58, 0x28, 0xff, 0xd0, 0x54, 0x30, 0xff, 0xd0, 0x58, 0x30, 0xff,
    0xd0, 0x58, 0x28, 0xff, 0xd8, 0x58, 0x30, 0xff, 0xd0, 0x5c, 0x28, 0xff,
    0xd0, 0x58, 0x30, 0xff, 0xd0, 0x58, 0x28, 0xff, 0xd0, 0x5c, 0x30, 0xff,
    0xd0, 0x58, 0x30, 0xff, 0xd0, 0x58, 0x30, 0xff, 0xd0, 0x58, 0x30, 0xff,
    0xd0, 0x58, 0x28, 0xff, 0xd0, 0x58, 0x30, 0xff, 0xd0, 0x58, 0x28, 0xff,
    0xd8, 0x5c, 0x30, 0xff, 0xd8, 0x5c, 0x30, 0xff, 0xd8, 0x5c, 0x30, 0xff,
    0xd8, 0x60, 0x38, 0xff, 0xe0, 0x60, 0x30, 0xff, 0xe0, 0x64, 0x38, 0xff,
    0xe0, 0x64, 0x38, 0xff, 0xe0, 0x64, 0x30, 0xff, 0xe0, 0x68, 0x38, 0xff,
    0xe8, 0x68, 0x38, 0xff, 0xe0, 0x64, 0x38, 0xff, 0xe0, 0x68, 0x38, 0xff,
    0xe8, 0x64, 0x38, 0xff, 0xe0, 0x68, 0x38, 0xff, 0xe8, 0x64, 0x38, 0xff,
    0xe0, 0x68, 0x38, 0xff, 0xe0, 0x68, 0x38, 0xff, 0xe8, 0x64, 0x38, 0xff,
    0xe0, 0x64, 0x38, 0xff, 0xe8, 0x68, 0x38, 0xff, 0xe0, 0x64, 0x38, 0xff,
    0xe0, 0x68, 0x38, 0xff, 0xe8, 0x64, 0x38, 0xff, 0xe0, 0x68, 0x38, 0xff,
    0xe0, 0x68, 0x38, 0xff, 0xe0, 0x68, 0x38, 0xff, 0xe0, 0x64, 0x38, 0xff,
    0xe8, 0x68, 0x38, 0xff, 0xe0, 0x64, 0x38, 0xff, 0xe0, 0x68, 0x38, 0xff,
    0xe8, 0x68, 0x38, 0xff, 0xe8, 0x68, 0x38, 0xff, 0xe8, 0x64, 0x38, 0xff,
    0xe0, 0x68, 0x38, 0xff, 0xe0, 0x68, 0x38, 0xff, 0xe8, 0x64, 0x38, 0xff,
    0xe8, 0x68, 0x38, 0xff, 0xe0, 0x68, 0x38, 0xff, 0xe0, 0x64, 0x38, 0xff,
    0xe0, 0x64, 0x38, 0xff, 0xe0, 0x64, 0x30, 0xff, 0xd8, 0x60, 0x38, 0xff,
    0xd8, 0x60, 0x30, 0xff, 0xd8, 0x60, 0x30, 0xff, 0xd8, 0x5c, 0x38, 0xff,
    0xd0, 0x5c, 0x30, 0xff, 0xd8, 0x5c, 0x30, 0xff, 0xd8, 0x60, 0x38, 0xff,
    0xd8, 0x60, 0x38, 0xff, 0xd0, 0x58, 0x30, 0xff, 0xc8, 0x54, 0x28, 0xff,
    0xd0, 0x54, 0x28, 0xff, 0xd0, 0x54, 0x30, 0xff, 0xd0, 0x58, 0x28, 0xff,
    0xc8, 0x58, 0x28, 0xff, 0xd0, 0x58, 0x30, 0xff, 0xc8, 0x54, 0x28, 0xff,
    0xc8, 0x54, 0x30, 0xff, 0xd0, 0x58, 0x28, 0xff, 0xc8, 0x54, 0x28, 0xff,
    0xc8, 0x54, 0x28, 0xff, 0xd0, 0x54, 0x28, 0xff, 0xc8, 0x54, 0x28, 0xff,
    0xc8, 0x54, 0x28, 0xff, 0xc8, 0x54, 0x28, 0xff, 0xc8, 0x54, 0x28, 0xff,
    0xc8, 0x54, 0x30, 0xff, 0xc8, 0x54, 0x28, 0xff, 0xc8, 0x54, 0x28, 0xff,
    0xc8, 0x54, 0x30, 0xff, 0xc8, 0x54, 0x28, 0xff, 0xc8, 0x50, 0x30, 0xff,
    0xc8, 0x54, 0x28, 0xff, 0xc0, 0x50, 0x28, 0xff, 0xc8, 0x50, 0x28, 0xff,
    0xc8, 0x50, 0x28, 0xff, 0xc0, 0x54, 0x28, 0xff, 0xc0, 0x50, 0x28, 0xff,
    0xc0, 0x50, 0x28, 0xff, 0xc0, 0x4c, 0x28, 0xff, 0xc0, 0x50, 0x28, 0xff,
    0xb8, 0x4c, 0x28, 0xff, 0xb8, 0x4c, 0x28, 0xff, 0xb8, 0x4c, 0x28, 0xff,
    0xb8, 0x4c, 0x28, 0xff, 0xb0, 0x48, 0x28, 0xff, 0xb0, 0x48, 0x28, 0xff,
    0xb0, 0x48, 0x28, 0xff, 0xb0, 0x44, 0x20, 0xff, 0xa8, 0x44, 0x28, 0xff,
    0xa8, 0x44, 0x28, 0xff, 0xa0, 0x44, 0x20, 0xff, 0xa0, 0x44, 0x20, 0xff,
    0xa0, 0x40, 0x20, 0xff, 0x98, 0x40, 0x20, 0xff, 0x90, 0x40, 0x20, 0xff,
    0x90, 0x3c, 0x28, 0xff, 0x88, 0x3c, 0x20, 0xff, 0x80, 0x38, 0x20, 0xff,
    0x80, 0x3c, 0x20, 0xff, 0x90, 0x40, 0x20, 0xff, 0x90, 0x40, 0x20, 0xff,
    0x98, 0x40, 0x28, 0xff, 0x98, 0x44, 0x28, 0xff, 0xa0, 0x44, 0x28, 0xff,
    0xa0, 0x44, 0x20, 0xff, 0xa8, 0x48, 0x28, 0xff, 0xa8, 0x48, 0x28, 0xff,
    0xb0, 0x4c, 0x28, 0xff, 0xb0, 0x4c, 0x28, 0xff, 0xb0, 0x4c, 0x28, 0xff,
    0xb8, 0x4c, 0x28, 0xff, 0xb8, 0x4c, 0x28, 0xff, 0xb8, 0x50, 0x28, 0xff,
    0xc0, 0x50, 0x28, 0xff, 0xc0, 0x50, 0x28, 0xff, 0xc0, 0x50, 0x28, 0xff,
    0xc0, 0x50, 0x28, 0xff, 0xc0, 0x50, 0x28, 0xff, 0xc0, 0x50, 0x28, 0xff,
    0xc0, 0x50, 0x28, 0xff, 0xc8, 0x50, 0x28, 0xff, 0xc0, 0x50, 0x28, 0xff,
    0xc8, 0x50, 0x28, 0xff, 0xc0, 0x50, 0x20, 0xff, 0xc0, 0x4c, 0x28, 0xff,
    0xc0, 0x4c, 0x28, 0xff, 0xc8, 0x54, 0x28, 0xff, 0xc8, 0x50, 0x28, 0xff,
    0xc0, 0x50, 0x28, 0xff, 0xc8, 0x54, 0x28, 0xff, 0xc8, 0x50, 0x28, 0xff,
    0xc8, 0x54, 0x30, 0xff, 0xc8, 0x50, 0x28, 0xff, 0x88, 0x34, 0x18, 0xff,
    0x90, 0x3c, 0x18, 0xff, 0xc8, 0x50, 0x28, 0xff, 0xc0, 0x50, 0x28, 0xff,
    0xc0, 0x50, 0x28, 0xff, 0xc0, 0x50, 0x28, 0xff, 0xc0, 0x4c, 0x28, 0xff,
    0xc0, 0x50, 0x28, 0xff, 0xc0, 0x50, 0x28, 0xff, 0xc0, 0x4c, 0x28, 0xff,
    0xc0, 0x50, 0x28, 0xff, 0xc0, 0x50, 0x28, 0xff, 0xc0, 0x4c, 0x28, 0xff,
    0xc0, 0x50, 0x28, 0xff, 0xc0, 0x50, 0x28, 0xff, 0xc0, 0x50, 0x28, 0xff,
    0xc8, 0x50, 0x28, 0xff, 0xc0, 0x4c, 0x28, 0xff, 0xa8, 0x44, 0x20, 0xff,
    0xd0, 0x58, 0x28, 0xff, 0xd0, 0x58, 0x30, 0xff, 0xc8, 0x54, 0x28, 0xff,
    0xc8, 0x54, 0x28, 0xff, 0xd0, 0x58, 0x28, 0xff, 0xd0, 0x54, 0x30, 0xff,
    0xd0, 0x58, 0x28, 0xff, 0xc8, 0x54, 0x28, 0xff, 0xc8, 0x54, 0x28, 0xff,
    0xc8, 0x50, 0x28, 0xff, 0xc8, 0x50, 0x28, 0xff, 0xc8, 0x58, 0x28, 0xff,
    0xd0, 0x54, 0x28, 0xff, 0xd0, 0x54, 0x30, 0xff, 0xc8, 0x58, 0x28, 0xff,
    0xc8, 0x54, 0x30, 0xff, 0xd0, 0x54, 0x30, 0xff, 0xd0, 0x58, 0x28, 0xff,
    0xd0, 0x54, 0x30, 0xff, 0xc8, 0x54, 0x28, 0xff, 0xd0, 0x58, 0x28, 0xff,
    0xd0, 0x54, 0x30, 0xff, 0xc8, 0x54, 0x28, 0xff, 0xc8, 0x54, 0x28, 0xff,
    0xd0, 0x54, 0x30, 0xff, 0xd0, 0x58, 0x30, 0xff, 0xd0, 0x54, 0x28, 0xff,
    0xc8, 0x58, 0x30, 0xff, 0xd0, 0x54, 0x28, 0xff, 0xd0, 0x58, 0x28, 0xff,
    0xc8, 0x58, 0x28, 0xff, 0xd0, 0x54, 0x30, 0xff, 0xd0, 0x58, 0x30, 0xff,
    0xd0, 0x58, 0x28, 0xff, 0xd0, 0x54, 0x30, 0xff, 0xc8, 0x58, 0x30, 0xff,
    0xc8, 0x54, 0x28, 0xff, 0xd0, 0x58, 0x28, 0xff, 0xd0, 0x58, 0x30, 0xff,
    0xd0, 0x54, 0x28, 0xff, 0xd0, 0x58, 0x28, 0xff, 0xd0, 0x58, 0x30, 0xff,
    0xd0, 0x54, 0x30, 0xff, 0xd0, 0x58, 0x30, 0xff, 0xd0, 0x54, 0x28, 0xff,
    0xd0, 0x58, 0x28, 0xff, 0xd0, 0x58, 0x30, 0xff, 0xd0, 0x58, 0x30, 0xff,
    0xd0, 0x58, 0x28, 0xff, 0xd0, 0x58, 0x30, 0xff, 0xd8, 0x58, 0x30, 0xff,
    0xd0, 0x58, 0x28, 0xff, 0xd0, 0x58, 0x28, 0xff, 0xd0, 0x58, 0x28, 0xff,
    0xd0, 0x58, 0x30, 0xff, 0xd0, 0x5c, 0x30, 0xff, 0xd0, 0x58, 0x30, 0xff,
    0xd0, 0x5c, 0x30, 0xff, 0xd8, 0x58, 0x30, 0xff, 0xd8, 0x5c, 0x30, 0xff,
    0xd8, 0x5c, 0x30, 0xff, 0xd8, 0x60, 0x30, 0xff, 0xd8, 0x60, 0x38, 0xff,
    0xe0, 0x64, 0x38, 0xff, 0xe0, 0x64, 0x38, 0xff, 0xe0, 0x64, 0x38, 0xff,
    0xe8, 0x68, 0x38, 0xff, 0xe0, 0x68, 0x38, 0xff, 0xe0, 0x68, 0x38, 0xff,
    0xe8, 0x68, 0x38, 0xff, 0xe0, 0x68, 0x38, 0xff, 0xe0, 0x64, 0x38, 0xff,
    0xe8, 0x68, 0x38, 0xff, 0xe0, 0x68, 0x38, 0xff, 0xe0, 0x68, 0x38, 0xff,
    0xe8, 0x68, 0x38, 0xff, 0xe0, 0x68, 0x38, 0xff, 0xe0, 0x68, 0x38, 0xff,
    0xe8, 0x68, 0x38, 0xff, 0xe0, 0x64, 0x38, 0xff, 0xe8, 0x68, 0x38, 0xff,
    0xe8, 0x68, 0x38, 0xff, 0xe0, 0x64, 0x38, 0xff, 0xe8, 0x68, 0x38, 0xff,
    0xe0, 0x68, 0x38, 0xff, 0xe0, 0x68, 0x38, 0xff, 0xe8, 0x64, 0x38, 0xff,
    0xe0, 0x68, 0x38, 0xff, 0xe0, 0x68, 0x38, 0xff, 0xe0, 0x64, 0x38, 0xff,
    0xe0, 0x68, 0x38, 0xff, 0xe8, 0x68, 0x38, 0xff, 0xe0, 0x64, 0x38, 0xff,
    0xe0, 0x68, 0x38, 0xff, 0xe0, 0x68, 0x38, 0xff, 0xe0, 0x64, 0x38, 0xff,
    0xe0, 0x64, 0x38, 0xff, 0xe0, 0x64, 0x38, 0xff, 0xe0, 0x60, 0x38, 0xff,
    0xd8, 0x64, 0x30, 0xff, 0xd8, 0x60, 0x38, 0xff, 0xd8, 0x60, 0x38, 0xff,
    0xd8, 0x5c, 0x30, 0xff, 0xd8, 0x60, 0x30, 0xff, 0xd8, 0x60, 0x30, 0xff,
    0xd8, 0x60, 0x30, 0xff, 0xd8, 0x60, 0x38, 0xff, 0xd0, 0x5c, 0x30, 0xff,
    0xd0, 0x58, 0x28, 0xff, 0xc8, 0x54, 0x28, 0xff, 0xd0, 0x54, 0x30, 0xff,
    0xc8, 0x54, 0x28, 0xff, 0xd0, 0x58, 0x28, 0xff, 0xd0, 0x54, 0x28, 0xff,
    0xc8, 0x54, 0x30, 0xff, 0xc8, 0x58, 0x28, 0xff, 0xc8, 0x54, 0x28, 0xff,
    0xc8, 0x54, 0x30, 0xff, 0xc8, 0x54, 0x28, 0xff, 0xc8, 0x54, 0x30, 0xff,
    0xc8, 0x54, 0x30, 0xff, 0xc8, 0x54, 0x28, 0xff, 0xc8, 0x54, 0x30, 0xff,
    0xc8, 0x54, 0x28, 0xff, 0xc8, 0x50, 0x28, 0xff, 0xc8, 0x54, 0x28, 0xff,
    0xc8, 0x54, 0x28, 0xff, 0xc8, 0x50, 0x28, 0xff, 0xc8, 0x54, 0x28, 0xff,
    0xc8, 0x54, 0x28, 0xff, 0xc8, 0x54, 0x28, 0xff, 0xc8, 0x50, 0x28, 0xff,
    0xc0, 0x50, 0x28, 0xff, 0xc8, 0x50, 0x28, 0xff, 0xc8, 0x50, 0x28, 0xff,
    0xc0, 0x50, 0x28, 0xff, 0xc0, 0x4c, 0x28, 0xff, 0xc0, 0x50, 0x28, 0xff,
    0xb8, 0x4c, 0x28, 0xff, 0xc0, 0x50, 0x28, 0xff, 0xb8, 0x4c, 0x28, 0xff,
    0xb8, 0x4c, 0x28, 0xff, 0xb8, 0x4c, 0x28, 0xff, 0xb8, 0x4c, 0x28, 0xff,
    0xb0, 0x48, 0x20, 0xff, 0xb0, 0x48, 0x28, 0xff, 0xb0, 0x48, 0x28, 0xff,
    0xa8, 0x44, 0x20, 0xff, 0xa8, 0x48, 0x20, 0xff, 0xa0, 0x44, 0x28, 0xff,
    0xa0, 0x44, 0x20, 0xff, 0x98, 0x40, 0x28, 0xff, 0x98, 0x40, 0x20, 0xff,
    0x90, 0x40, 0x20, 0xff, 0x88, 0x3c, 0x20, 0xff, 0x88, 0x3c, 0x20, 0xff,
    0x78, 0x38, 0x20, 0xff, 0x80, 0x38, 0x20, 0xff, 0x90, 0x40, 0x20, 0xff,
    0x90, 0x40, 0x20, 0xff, 0x98, 0x40, 0x28, 0xff, 0x98, 0x44, 0x28, 0xff,
    0xa0, 0x44, 0x20, 0xff, 0xa0, 0x48, 0x28, 0xff, 0xa8, 0x48, 0x28, 0xff,
    0xa8, 0x48, 0x28, 0xff, 0xa8, 0x48, 0x28, 0xff, 0xb0, 0x4c, 0x28, 0xff,
    0xb0, 0x4c, 0x28, 0xff, 0xb8, 0x4c, 0x28, 0xff, 0xb8, 0x4c, 0x28, 0xff,
    0xb8, 0x50, 0x28, 0xff, 0xb8, 0x50, 0x28, 0xff, 0xc0, 0x50, 0x28, 0xff,
    0xc0, 0x50, 0x28, 0xff, 0xc0, 0x50, 0x30, 0xff, 0xc0, 0x50, 0x28, 0xff,
    0xc0, 0x50, 0x28, 0xff, 0xc8, 0x50, 0x28, 0xff, 0xc8, 0x50, 0x28, 0xff,
    0xc8, 0x50, 0x28, 0xff, 0xc0, 0x50, 0x28, 0xff, 0xc0, 0x4c, 0x28, 0xff,
    0xc0, 0x4c, 0x20, 0xff, 0xc0, 0x4c, 0x28, 0xff, 0xc8, 0x54, 0x28, 0xff,
    0xc8, 0x50, 0x28, 0xff, 0xc8, 0x50, 0x28, 0xff, 0xc8, 0x54, 0x28, 0xff,
    0xc0, 0x50, 0x28, 0xff, 0xc8, 0x54, 0x28, 0xff, 0xc8, 0x54, 0x28, 0xff,
    0x88, 0x34, 0x18, 0xff, 0x90, 0x38, 0x20, 0xff, 0xc0, 0x50, 0x28, 0xff,
    0xc0, 0x50, 0x28, 0xff, 0xc0, 0x4c, 0x28, 0xff, 0xc0, 0x4c, 0x28, 0xff,
    0xc0, 0x4c, 0x28, 0xff, 0xc0, 0x4c, 0x28, 0xff, 0xc8, 0x4c, 0x28, 0xff,
    0xc0, 0x4c, 0x28, 0xff, 0xc0, 0x50, 0x28, 0xff, 0xc0, 0x4c, 0x28, 0xff,
    0xc0, 0x4c, 0x28, 0xff, 0xc0, 0x4c, 0x28, 0xff, 0xc0, 0x50, 0x28, 0xff,
    0xc0, 0x4c, 0x28, 0xff, 0xc0, 0x50, 0x28, 0xff, 0xb8, 0x48, 0x20, 0xff,
    0xa8, 0x44, 0x20, 0xff, 0xd0, 0x54, 0x30, 0xff, 0xd0, 0x58, 0x30, 0xff,
    0xc8, 0x54, 0x28, 0xff, 0xc8, 0x54, 0x28, 0xff, 0xd0, 0x54, 0x28, 0xff,
    0xd0, 0x58, 0x30, 0xff, 0xc8, 0x54, 0x28, 0xff, 0xc8, 0x58, 0x28, 0xff,
    0xc8, 0x54, 0x28, 0xff, 0xc8, 0x50, 0x28, 0xff, 0xc8, 0x54, 0x28, 0xff,
    0xc8, 0x58, 0x30, 0xff, 0xd0, 0x54, 0x28, 0xff, 0xd0, 0x58, 0x28, 0xff,
    0xd0, 0x58, 0x28, 0xff, 0xd0, 0x54, 0x28, 0xff, 0xd0, 0x58, 0x28, 0xff,
    0xd0, 0x58, 0x30, 0xff, 0xd0, 0x54, 0x28, 0xff, 0xd0, 0x58, 0x30, 0xff,
    0xd0, 0x54, 0x28, 0xff, 0xd0, 0x58, 0x28, 0xff, 0xd0, 0x54, 0x28, 0xff,
    0xc8, 0x54, 0x28, 0xff, 0xd0, 0x58, 0x30, 0xff, 0xd0, 0x54, 0x28, 0xff,
    0xd0, 0x58, 0x28, 0xff, 0xd0, 0x54, 0x30, 0xff, 0xd0, 0x54, 0x30, 0xff,
    0xd0, 0x58, 0x28, 0xff, 0xd0, 0x54, 0x28, 0xff, 0xd0, 0x54, 0x30, 0xff,
    0xd0, 0x58, 0x28, 0xff, 0xd0, 0x58, 0x30, 0xff, 0xd0, 0x54, 0x28, 0xff,
    0xd0, 0x54, 0x28, 0xff, 0xd0, 0x58, 0x30, 0xff, 0xd0, 0x54, 0x30, 0xff,
    0xd0, 0x54, 0x28, 0xff, 0xd0, 0x58, 0x30, 0xff, 0xd0, 0x54, 0x28, 0xff,
    0xd0, 0x58, 0x28, 0xff, 0xd0, 0x58, 0x28, 0xff, 0xd0, 0x58, 0x30, 0xff,
    0xd0, 0x58, 0x30, 0xff, 0xd0, 0x54, 0x28, 0xff, 0xd0, 0x58, 0x30, 0xff,
    0xd0, 0x58, 0x30, 0xff, 0xd0, 0x54, 0x28, 0xff, 0xd0, 0x58, 0x30, 0xff,
    0xd0, 0x5c, 0x30, 0xff, 0xd0, 0x58, 0x30, 0xff, 0xd0, 0x58, 0x30, 0xff,
    0xd0, 0x58, 0x28, 0xff, 0xd8, 0x5c, 0x30, 0xff, 0xd8, 0x58, 0x30, 0xff,
    0xd0, 0x58, 0x28, 0xff, 0xd0, 0x58, 0x30, 0xff, 0xd0, 0x5c, 0x30, 0xff,
    0xd8, 0x5c, 0x30, 0xff, 0xd8, 0x5c, 0x30, 0xff, 0xd8, 0x60, 0x30, 0xff,
    0xd8, 0x60, 0x30, 0xff, 0xe0, 0x64, 0x38, 0xff, 0xe0, 0x64, 0x38, 0xff,
    0xe0, 0x64, 0x38, 0xff, 0xe8, 0x68, 0x38, 0xff, 0xe0, 0x68, 0x38, 0xff,
    0xe8, 0x64, 0x38, 0xff, 0xe0, 0x68, 0x38, 0xff, 0xe0, 0x68, 0x38, 0xff,
    0xe8, 0x68, 0x38, 0xff, 0xe0, 0x68, 0x38, 0xff, 0xe8, 0x64, 0x38, 0xff,
    0xe0, 0x68, 0x38, 0xff, 0xe0, 0x68, 0x38, 0xff, 0xe8, 0x64, 0x38, 0xff,
    0xe0, 0x68, 0x38, 0xff, 0xe0, 0x68, 0x38, 0xff, 0xe8, 0x68, 0x38, 0xff,
    0xe0, 0x68, 0x38, 0xff, 0xe0, 0x68, 0x38, 0xff, 0xe8, 0x64, 0x38, 0xff,
    0xe0, 0x68, 0x38, 0xff, 0xe8, 0x68, 0x38, 0xff, 0xe0, 0x68, 0x38, 0xff,
    0xe8, 0x68, 0x38, 0xff, 0xe0, 0x64, 0x38, 0xff, 0xe8, 0x68, 0x38, 0xff,
    0xe0, 0x68, 0x38, 0xff, 0xe0, 0x68, 0x38, 0xff, 0xe8, 0x68, 0x38, 0xff,
    0xe8, 0x68, 0x38, 0xff, 0xe0, 0x68, 0x38, 0xff, 0xe0, 0x68, 0x38, 0xff,
    0xe0, 0x68, 0x38, 0xff, 0xe0, 0x64, 0x38, 0xff, 0xe0, 0x64, 0x38, 0xff,
    0xe0, 0x64, 0x38, 0xff, 0xe0, 0x60, 0x30, 0xff, 0xd8, 0x60, 0x38, 0xff,
    0xd8, 0x60, 0x30, 0xff, 0xd8, 0x60, 0x30, 0xff, 0xd8, 0x5c, 0x30, 0xff,
    0xd0, 0x5c, 0x30, 0xff, 0xd8, 0x60, 0x38, 0xff, 0xd8, 0x60, 0x30, 0xff,
    0xd8, 0x5c, 0x30, 0xff, 0xd0, 0x58, 0x30, 0xff, 0xc8, 0x54, 0x28, 0xff,
    0xc8, 0x58, 0x28, 0xff, 0xc8, 0x58, 0x30, 0xff, 0xc8, 0x54, 0x28, 0xff,
    0xc8, 0x54, 0x28, 0xff, 0xc8, 0x54, 0x30, 0xff, 0xd0, 0x54, 0x28, 0xff,
    0xc8, 0x54, 0x28, 0xff, 0xc8, 0x54, 0x28, 0xff, 0xc8, 0x54, 0x28, 0xff,
    0xc8, 0x54, 0x30, 0xff, 0xc8, 0x54, 0x28, 0xff, 0xc8, 0x54, 0x28, 0xff,
    0xc8, 0x50, 0x30, 0xff, 0xc8, 0x50, 0x28, 0xff, 0xc8, 0x54, 0x28, 0xff,
    0xc8, 0x50, 0x30, 0xff, 0xc8, 0x54, 0x28, 0xff, 0xc0, 0x50, 0x28, 0xff,
    0xc8, 0x50, 0x28, 0xff, 0xc8, 0x50, 0x28, 0xff, 0xc8, 0x54, 0x30, 0xff,
    0xc0, 0x50, 0x28, 0xff, 0xc0, 0x50, 0x28, 0xff, 0xc8, 0x54, 0x30, 0xff,
    0xc0, 0x50, 0x28, 0xff, 0xc0, 0x50, 0x28, 0xff, 0xc0, 0x50, 0x28, 0xff,
    0xb8, 0x50, 0x28, 0xff, 0xc0, 0x4c, 0x28, 0xff, 0xb8, 0x4c, 0x28, 0xff,
    0xc0, 0x4c, 0x28, 0xff, 0xb8, 0x4c, 0x28, 0xff, 0xb8, 0x48, 0x20, 0xff,
    0xb0, 0x48, 0x28, 0xff, 0xb0, 0x48, 0x28, 0xff, 0xb0, 0x48, 0x20, 0xff,
    0xa8, 0x48, 0x28, 0xff, 0xa8, 0x48, 0x28, 0xff, 0xa8, 0x44, 0x28, 0xff,
    0xa8, 0x44, 0x28, 0xff, 0xa0, 0x44, 0x20, 0xff, 0x98, 0x40, 0x28, 0xff,
    0x98, 0x40, 0x28, 0xff, 0x98, 0x40, 0x20, 0xff, 0x90, 0x3c, 0x20, 0xff,
    0x88, 0x3c, 0x20, 0xff, 0x78, 0x34, 0x20, 0xff, 0x80, 0x38, 0x20, 0xff,
    0x90, 0x40, 0x28, 0xff, 0x90, 0x40, 0x20, 0xff, 0x98, 0x44, 0x28, 0xff,
    0x98, 0x44, 0x28, 0xff, 0xa0, 0x44, 0x28, 0xff, 0xa0, 0x48, 0x28, 0xff,
    0xa8, 0x48, 0x28, 0xff, 0xa8, 0x48, 0x28, 0xff, 0xa8, 0x4c, 0x28, 0xff,
    0xb0, 0x4c, 0x28, 0xff, 0xb0, 0x4c, 0x28, 0xff, 0xb8, 0x4c, 0x28, 0xff,
    0xb8, 0x4c, 0x28, 0xff, 0xb8, 0x50, 0x28, 0xff, 0xc0, 0x50, 0x28, 0xff,
    0xc0, 0x50, 0x28, 0xff, 0xc0, 0x50, 0x28, 0xff, 0xc0, 0x50, 0x28, 0xff,
    0xc0, 0x50, 0x28, 0xff, 0xc8, 0x50, 0x28, 0xff, 0xc8, 0x54, 0x28, 0xff,
    0xc8, 0x54, 0x28, 0xff, 0xc0, 0x50, 0x28, 0xff, 0xc8, 0x50, 0x28, 0xff,
    0xc0, 0x50, 0x20, 0xff, 0xc0, 0x4c, 0x20, 0xff, 0xc0, 0x4c, 0x28, 0xff,
    0xc0, 0x50, 0x28, 0xff, 0xc0, 0x50, 0x28, 0xff, 0xc8, 0x50, 0x28, 0xff,
    0xc8, 0x54, 0x28, 0xff, 0xc0, 0x50, 0x28, 0xff, 0xc8, 0x54, 0x28, 0xff,
    0xc8, 0x54, 0x28, 0xff, 0x88, 0x38, 0x18, 0xff, 0x88, 0x38, 0x20, 0xff,
    0xc0, 0x50, 0x28, 0xff, 0xc0, 0x4c, 0x28, 0xff, 0xc0, 0x50, 0x28, 0xff,
    0xc0, 0x50, 0x28, 0xff, 0xc0, 0x4c, 0x28, 0xff, 0xc0, 0x50, 0x28, 0xff,
    0xc0, 0x4c, 0x28, 0xff, 0xc0, 0x4c, 0x28, 0xff, 0xc8, 0x50, 0x28, 0xff,
    0xc0, 0x4c, 0x28, 0xff, 0xc0, 0x4c, 0x28, 0xff, 0xc0, 0x50, 0x28, 0xff,
    0xc0, 0x50, 0x28, 0xff, 0xc0, 0x4c, 0x28, 0xff, 0xc0, 0x50, 0x28, 0xff,
    0xb8, 0x48, 0x20, 0xff, 0xa8, 0x44, 0x20, 0xff, 0xc8, 0x54, 0x30, 0xff,
    0xd0, 0x54, 0x28, 0xff, 0xc8, 0x58, 0x30, 0xff, 0xc8, 0x54, 0x28, 0xff,
    0xd0, 0x54, 0x28, 0xff, 0xd0, 0x58, 0x28, 0xff, 0xc8, 0x54, 0x28, 0xff,
    0xd0, 0x54, 0x28, 0xff, 0xd0, 0x54, 0x28, 0xff, 0xc8, 0x50, 0x28, 0xff,
    0xc8, 0x50, 0x28, 0xff, 0xc8, 0x58, 0x30, 0xff, 0xc8, 0x54, 0x28, 0xff,
    0xd0, 0x58, 0x28, 0xff, 0xd0, 0x54, 0x30, 0xff, 0xc8, 0x54, 0x28, 0xff,
    0xd0, 0x58, 0x28, 0xff, 0xd0, 0x54, 0x30, 0xff, 0xd0, 0x58, 0x30, 0xff,
    0xc8, 0x54, 0x28, 0xff, 0xc8, 0x58, 0x30, 0xff, 0xd0, 0x58, 0x30, 0xff,
    0xc8, 0x54, 0x28, 0xff, 0xc8, 0x54, 0x28, 0xff, 0xd0, 0x58, 0x30, 0xff,
    0xd0, 0x54, 0x28, 0xff, 0xc8, 0x58, 0x28, 0xff, 0xd0, 0x58, 0x28, 0xff,
    0xd0, 0x54, 0x30, 0xff, 0xd0, 0x58, 0x28, 0xff, 0xd0, 0x54, 0x30, 0xff,
    0xd0, 0x58, 0x30, 0xff, 0xd0, 0x54, 0x28, 0xff, 0xc8, 0x54, 0x30, 0xff,
    0xd0, 0x58, 0x30, 0xff, 0xd0, 0x58, 0x28, 0xff, 0xd0, 0x54, 0x30, 0xff,
    0xd0, 0x58, 0x28, 0xff, 0xd0, 0x58, 0x30, 0xff, 0xd0, 0x54, 0x30, 0xff,
    0xc8, 0x58, 0x30, 0xff, 0xd0, 0x54, 0x28, 0xff, 0xd0, 0x58, 0x30, 0xff,
    0xd0, 0x54, 0x28, 0xff, 0xd0, 0x58, 0x28, 0xff, 0xd0, 0x54, 0x30, 0xff,
    0xd0, 0x58, 0x28, 0xff, 0xd0, 0x58, 0x28, 0xff, 0xd0, 0x54, 0x30, 0xff,
    0xd0, 0x58, 0x28, 0xff, 0xd0, 0x58, 0x28, 0xff, 0xd0, 0x58, 0x30, 0xff,
    0xd0, 0x58, 0x30, 0xff, 0xd0, 0x58, 0x28, 0xff, 0xd0, 0x58, 0x30, 0xff,
    0xd0, 0x58, 0x28, 0xff, 0xd0, 0x58, 0x28, 0xff, 0xd0, 0x58, 0x30, 0xff,
    0xd8, 0x5c, 0x30, 0xff, 0xd0, 0x5c, 0x30, 0xff, 0xd8, 0x5c, 0x30, 0xff,
    0xd8, 0x5c, 0x30, 0xff, 0xd8, 0x60, 0x30, 0xff, 0xe0, 0x64, 0x38, 0xff,
    0xe0, 0x64, 0x30, 0xff, 0xe0, 0x64, 0x38, 0xff, 0xe0, 0x68, 0x38, 0xff,
    0xe8, 0x68, 0x38, 0xff, 0xe0, 0x68, 0x38, 0xff, 0xe0, 0x64, 0x38, 0xff,
    0xe8, 0x68, 0x38, 0xff, 0xe0, 0x68, 0x38, 0xff, 0xe0, 0x64, 0x38, 0xff,
    0xe8, 0x68, 0x38, 0xff, 0xe0, 0x68, 0x38, 0xff, 0xe8, 0x64, 0x38, 0xff,
    0xe0, 0x68, 0x38, 0xff, 0xe8, 0x68, 0x38, 0xff, 0xe0, 0x64, 0x38, 0xff,
    0xe0, 0x68, 0x38, 0xff, 0xe0, 0x68, 0x38, 0xff, 0xe0, 0x64, 0x38, 0xff,
    0xe0, 0x68, 0x38, 0xff, 0xe8, 0x68, 0x38, 0xff, 0xe0, 0x64, 0x38, 0xff,
    0xe0, 0x68, 0x38, 0xff, 0xe0, 0x68, 0x38, 0xff, 0xe8, 0x68, 0x38, 0xff,
    0xe8, 0x64, 0x38, 0xff, 0xe0, 0x68, 0x38, 0xff, 0xe0, 0x68, 0x38, 0xff,
    0xe8, 0x64, 0x38, 0xff, 0xe0, 0x68, 0x38, 0xff, 0xe8, 0x64, 0x38, 0xff,
    0xe0, 0x68, 0x38, 0xff, 0xe0, 0x68, 0x38, 0xff, 0xe0, 0x64, 0x38, 0xff,
    0xe0, 0x64, 0x38, 0xff, 0xe0, 0x64, 0x38, 0xff, 0xe0, 0x60, 0x30, 0xff,
    0xd8, 0x64, 0x30, 0xff, 0xd8, 0x60, 0x38, 0xff, 0xd8, 0x5c, 0x30, 0xff,
    0xd0, 0x5c, 0x30, 0xff, 0xd8, 0x5c, 0x38, 0xff, 0xd8, 0x60, 0x30, 0xff,
    0xd8, 0x60, 0x38, 0xff, 0xd8, 0x60, 0x30, 0xff, 0xd0, 0x58, 0x30, 0xff,
    0xd0, 0x54, 0x30, 0xff, 0xc8, 0x54, 0x28, 0xff, 0xd0, 0x58, 0x28, 0xff,
    0xd0, 0x58, 0x28, 0xff, 0xc8, 0x54, 0x28, 0xff, 0xc8, 0x58, 0x30, 0xff,
    0xc8, 0x54, 0x28, 0xff, 0xc8, 0x54, 0x28, 0xff, 0xc8, 0x54, 0x28, 0xff,
    0xc8, 0x54, 0x28, 0xff, 0xc8, 0x54, 0x28, 0xff, 0xc8, 0x54, 0x28, 0xff,
    0xc8, 0x54, 0x28, 0xff, 0xc8, 0x50, 0x28, 0xff, 0xc8, 0x54, 0x28, 0xff,
    0xc8, 0x54, 0x28, 0xff, 0xc8, 0x50, 0x28, 0xff, 0xc8, 0x50, 0x30, 0xff,
    0xc8, 0x50, 0x28, 0xff, 0xc0, 0x50, 0x28, 0xff, 0xc0, 0x50, 0x28, 0xff,
    0xc8, 0x50, 0x28, 0xff, 0xc8, 0x50, 0x28, 0xff, 0xc0, 0x50, 0x28, 0xff,
    0xc0, 0x54, 0x28, 0xff, 0xc0, 0x50, 0x28, 0xff, 0xc0, 0x50, 0x28, 0xff,
    0xc0, 0x50, 0x28, 0xff, 0xc0, 0x4c, 0x28, 0xff, 0xc0, 0x50, 0x28, 0xff,
    0xb8, 0x4c, 0x28, 0xff, 0xb8, 0x4c, 0x28, 0xff, 0xb8, 0x4c, 0x28, 0xff,
    0xb8, 0x4c, 0x28, 0xff, 0xb0, 0x48, 0x28, 0xff, 0xb0, 0x48, 0x20, 0xff,
    0xb0, 0x48, 0x28, 0xff, 0xb0, 0x48, 0x20, 0xff, 0xa8, 0x44, 0x28, 0xff,
    0xa8, 0x44, 0x20, 0xff, 0xa0, 0x44, 0x20, 0xff, 0x98, 0x44, 0x28, 0xff,
    0x98, 0x40, 0x20, 0xff, 0x98, 0x40, 0x20, 0xff, 0x90, 0x40, 0x28, 0xff,
    0x88, 0x3c, 0x20, 0xff, 0x88, 0x3c, 0x20, 0xff, 0x80, 0x34, 0x20, 0xff,
    0x80, 0x38, 0x20, 0xff, 0x90, 0x3c, 0x20, 0xff, 0x90, 0x40, 0x20, 0xff,
    0x98, 0x44, 0x28, 0xff, 0x98, 0x44, 0x20, 0xff, 0xa0, 0x44, 0x28, 0xff,
    0xa0, 0x48, 0x28, 0xff, 0xa0, 0x48, 0x28, 0xff, 0xa8, 0x48, 0x28, 0xff,
    0xb0, 0x4c, 0x28, 0xff, 0xb0, 0x4c, 0x28, 0xff, 0xb0, 0x4c, 0x28, 0xff,
    0xb8, 0x4c, 0x28, 0xff, 0xb8, 0x4c, 0x28, 0xff, 0xb8, 0x50, 0x28, 0xff,
    0xc0, 0x4c, 0x28, 0xff, 0xc0, 0x50, 0x28, 0xff, 0xc0, 0x54, 0x28, 0xff,
    0xc0, 0x50, 0x28, 0xff, 0xc0, 0x50, 0x28, 0xff, 0xc0, 0x50, 0x28, 0xff,
    0xc8, 0x50, 0x28, 0xff, 0xc0, 0x50, 0x28, 0xff, 0xc0, 0x50, 0x28, 0xff,
    0xc8, 0x50, 0x28, 0xff, 0xc8, 0x50, 0x28, 0xff, 0xc0, 0x48, 0x20, 0xff,
    0xc0, 0x4c, 0x28, 0xff, 0xc8, 0x50, 0x28, 0xff, 0xc0, 0x50, 0x28, 0xff,
    0xc8, 0x54, 0x28, 0xff, 0xc8, 0x50, 0x28, 0xff, 0xc8, 0x50, 0x28, 0xff,
    0xc8, 0x54, 0x30, 0xff, 0xc8, 0x54, 0x28, 0xff, 0x90, 0x34, 0x18, 0xff,
    0x90, 0x38, 0x18, 0xff, 0xc0, 0x50, 0x28, 0xff, 0xc0, 0x50, 0x28, 0xff,
    0xc0, 0x4c, 0x28, 0xff, 0xc0, 0x50, 0x28, 0xff, 0xc0, 0x50, 0x28, 0xff,
    0xc0, 0x4c, 0x28, 0xff, 0xc0, 0x50, 0x28, 0xff, 0xc0, 0x4c, 0x28, 0xff,
    0xc0, 0x50, 0x28, 0xff, 0xc0, 0x4c, 0x28, 0xff, 0xc0, 0x50, 0x28, 0xff,
    0xc0, 0x4c, 0x28, 0xff, 0xc0, 0x4c, 0x28, 0xff, 0xc0, 0x4c, 0x28, 0xff,
    0xc0, 0x50, 0x28, 0xff, 0xb8, 0x48, 0x20, 0xff, 0xa8, 0x44, 0x20, 0xff,
    0xd0, 0x58, 0x30, 0xff, 0xd0, 0x54, 0x28, 0xff, 0xc8, 0x54, 0x30, 0xff,
    0xc8, 0x54, 0x28, 0xff, 0xd0, 0x58, 0x28, 0xff, 0xd0, 0x54, 0x30, 0xff,
    0xc8, 0x54, 0x28, 0xff, 0xd0, 0x54, 0x28, 0xff, 0xc8, 0x54, 0x28, 0xff,
    0xc8, 0x50, 0x28, 0xff, 0xc8, 0x50, 0x28, 0xff, 0xc8, 0x58, 0x28, 0xff,
    0xd0, 0x54, 0x28, 0xff, 0xd0, 0x54, 0x28, 0xff, 0xc8, 0x58, 0x30, 0xff,
    0xd0, 0x58, 0x30, 0xff, 0xd0, 0x54, 0x28, 0xff, 0xd0, 0x54, 0x28, 0xff,
    0xd0, 0x58, 0x28, 0xff, 0xd0, 0x54, 0x28, 0xff, 0xd0, 0x54, 0x28, 0xff,
    0xd0, 0x58, 0x28, 0xff, 0xc8, 0x54, 0x28, 0xff, 0xc8, 0x54, 0x28, 0xff,
    0xd0, 0x58, 0x30, 0xff, 0xd0, 0x54, 0x30, 0xff, 0xd0, 0x54, 0x28, 0xff,
    0xd0, 0x58, 0x28, 0xff, 0xd0, 0x58, 0x28, 0xff, 0xc8, 0x54, 0x28, 0xff,
    0xd0, 0x58, 0x28, 0xff, 0xd0, 0x58, 0x28, 0xff, 0xd0, 0x54, 0x30, 0xff,
    0xd0, 0x58, 0x28, 0xff, 0xc8, 0x58, 0x28, 0xff, 0xd0, 0x54, 0x28, 0xff,
    0xd0, 0x54, 0x28, 0xff, 0xd0, 0x58, 0x30, 0xff, 0xd0, 0x54, 0x28, 0xff,
    0xd0, 0x58, 0x28, 0xff, 0xd0, 0x58, 0x30, 0xff, 0xd0, 0x54, 0x30, 0xff,
    0xd0, 0x58, 0x28, 0xff, 0xd0, 0x54, 0x28, 0xff, 0xd0, 0x54, 0x30, 0xff,
    0xd0, 0x58, 0x30, 0xff, 0xd0, 0x58, 0x30, 0xff, 0xd0, 0x58, 0x28, 0xff,
    0xd0, 0x58, 0x30, 0xff, 0xd0, 0x58, 0x28, 0xff, 0xd0, 0x58, 0x30, 0xff,
    0xd0, 0x58, 0x30, 0xff, 0xd0, 0x58, 0x28, 0xff, 0xd0, 0x5c, 0x28, 0xff,
    0xd0, 0x58, 0x30, 0xff, 0xd0, 0x58, 0x30, 0xff, 0xd8, 0x5c, 0x30, 0xff,
    0xd0, 0x58, 0x28, 0xff, 0xd0, 0x58, 0x30, 0xff, 0xd8, 0x5c, 0x30, 0xff,
    0xd0, 0x5c, 0x30, 0xff, 0xd8, 0x5c, 0x30, 0xff, 0xd8, 0x60, 0x30, 0xff,
    0xe0, 0x60, 0x38, 0xff, 0xe0, 0x64, 0x38, 0xff, 0xe0, 0x64, 0x38, 0xff,
    0xe0, 0x64, 0x38, 0xff, 0xe0, 0x68, 0x38, 0xff, 0xe8, 0x68, 0x38, 0xff,
    0xe0, 0x68, 0x38, 0xff, 0xe8, 0x64, 0x38, 0xff, 0xe0, 0x68, 0x38, 0xff,
    0xe0, 0x68, 0x38, 0xff, 0xe8, 0x68, 0x38, 0xff, 0xe0, 0x68, 0x38, 0xff,
    0xe0, 0x64, 0x38, 0xff, 0xe8, 0x68, 0x38, 0xff, 0xe0, 0x68, 0x38, 0xff,
    0xe8, 0x64, 0x38, 0xff, 0xe8, 0x68, 0x38, 0xff, 0xe8, 0x68, 0x38, 0xff,
    0xe0, 0x68, 0x38, 0xff, 0xe8, 0x68, 0x38, 0xff, 0xe0, 0x68, 0x38, 0xff,
    0xe0, 0x64, 0x38, 0xff, 0xe8, 0x68, 0x38, 0xff, 0xe0, 0x68, 0x38, 0xff,
    0xe0, 0x68, 0x38, 0xff, 0xe0, 0x68, 0x38, 0xff, 0xe8, 0x64, 0x38, 0xff,
    0xe0, 0x68, 0x38, 0xff, 0xe0, 0x68, 0x38, 0xff, 0xe0, 0x64, 0x38, 0xff,
    0xe0, 0x68, 0x38, 0xff, 0xe0, 0x68, 0x38, 0xff, 0xe0, 0x68, 0x38, 0xff,
    0xe0, 0x68, 0x38, 0xff, 0xe0, 0x64, 0x38, 0xff, 0xe0, 0x64, 0x38, 0xff,
    0xe0, 0x64, 0x30, 0xff, 0xd8, 0x60, 0x38, 0xff, 0xd8, 0x60, 0x30, 0xff,
    0xd8, 0x5c, 0x38, 0xff, 0xd8, 0x60, 0x30, 0xff, 0xd8, 0x60, 0x30, 0xff,
    0xd8, 0x5c, 0x30, 0xff, 0xd8, 0x60, 0x38, 0xff, 0xd8, 0x60, 0x30, 0xff,
    0xd0, 0x5c, 0x30, 0xff, 0xd0, 0x54, 0x30, 0xff, 0xd0, 0x54, 0x28, 0xff,
    0xc8, 0x54, 0x28, 0xff, 0xd0, 0x54, 0x30, 0xff, 0xc8, 0x54, 0x28, 0xff,
    0xc8, 0x54, 0x28, 0xff, 0xc8, 0x54, 0x30, 0xff, 0xc8, 0x54, 0x30, 0xff,
    0xc8, 0x54, 0x28, 0xff, 0xc8, 0x54, 0x30, 0xff, 0xc8, 0x54, 0x30, 0xff,
    0xc8, 0x54, 0x28, 0xff, 0xc8, 0x50, 0x28, 0xff, 0xc8, 0x54, 0x28, 0xff,
    0xc8, 0x54, 0x28, 0xff, 0xc8, 0x50, 0x30, 0xff, 0xc8, 0x50, 0x28, 0xff,
    0xc0, 0x50, 0x28, 0xff, 0xc8, 0x50, 0x28, 0xff, 0xc8, 0x50, 0x28, 0xff,
    0xc8, 0x50, 0x28, 0xff, 0xc8, 0x50, 0x28, 0xff, 0xc8, 0x54, 0x28, 0xff,
    0xc0, 0x50, 0x28, 0xff, 0xc8, 0x50, 0x28, 0xff, 0xc8, 0x50, 0x28, 0xff,
    0xc0, 0x50, 0x28, 0xff, 0xc0, 0x4c, 0x28, 0xff, 0xc0, 0x50, 0x28, 0xff,
    0xb8, 0x4c, 0x28, 0xff, 0xc0, 0x4c, 0x28, 0xff, 0xb8, 0x4c, 0x28, 0xff,
    0xb8, 0x4c, 0x20, 0xff, 0xb8, 0x48, 0x28, 0xff, 0xb8, 0x48, 0x28, 0xff,
    0xb0, 0x48, 0x28, 0xff, 0xb0, 0x48, 0x20, 0xff, 0xa8, 0x48, 0x28, 0xff,
    0xa8, 0x44, 0x28, 0xff, 0xa8, 0x44, 0x20, 0xff, 0xa0, 0x44, 0x20, 0xff,
    0x98, 0x44, 0x20, 0xff, 0x98, 0x40, 0x20, 0xff, 0x98, 0x40, 0x20, 0xff,
    0x90, 0x40, 0x20, 0xff, 0x88, 0x3c, 0x20, 0xff, 0x88, 0x3c, 0x20, 0xff,
    0x78, 0x34, 0x20, 0xff, 0x80, 0x38, 0x20, 0xff, 0x90, 0x40, 0x28, 0xff,
    0x90, 0x40, 0x20, 0xff, 0x98, 0x44, 0x28, 0xff, 0x98, 0x44, 0x28, 0xff,
    0xa0, 0x44, 0x28, 0xff, 0xa0, 0x48, 0x28, 0xff, 0xa8, 0x48, 0x28, 0xff,
    0xa8, 0x48, 0x28, 0xff, 0xb0, 0x48, 0x28, 0xff, 0xb0, 0x4c, 0x28, 0xff,
    0xb8, 0x4c, 0x28, 0xff, 0xb8, 0x4c, 0x28, 0xff, 0xb8, 0x50, 0x28, 0xff,
    0xb8, 0x50, 0x28, 0xff, 0xb8, 0x50, 0x28, 0xff, 0xc0, 0x50, 0x30, 0xff,
    0xc0, 0x50, 0x28, 0xff, 0xc0, 0x50, 0x28, 0xff, 0xc0, 0x50, 0x30, 0xff,
    0xc0, 0x54, 0x28, 0xff, 0xc8, 0x54, 0x28, 0xff, 0xc8, 0x54, 0x28, 0xff,
    0xc0, 0x50, 0x28, 0xff, 0xc8, 0x50, 0x28, 0xff, 0xc0, 0x50, 0x28, 0xff,
    0xb8, 0x4c, 0x20, 0xff, 0xc0, 0x4c, 0x28, 0xff, 0xc8, 0x54, 0x28, 0xff,
    0xc8, 0x50, 0x28, 0xff, 0xc8, 0x50, 0x28, 0xff, 0xc0, 0x50, 0x28, 0xff,
    0xc8, 0x50, 0x28, 0xff, 0xc8, 0x50, 0x30, 0xff, 0xc8, 0x54, 0x28, 0xff,
    0xa0, 0x40, 0x20, 0xff, 0x90, 0x38, 0x18, 0xff, 0xc0, 0x50, 0x28, 0xff,
    0xc0, 0x4c, 0x28, 0xff, 0xc0, 0x4c, 0x28, 0xff, 0xc0, 0x4c, 0x28, 0xff,
    0xc0, 0x50, 0x28, 0xff, 0xc0, 0x4c, 0x28, 0xff, 0xc0, 0x4c, 0x28, 0xff,
    0xc0, 0x4c, 0x28, 0xff, 0xc0, 0x50, 0x28, 0xff, 0xc0, 0x4c, 0x28, 0xff,
    0xc0, 0x4c, 0x28, 0xff, 0xc0, 0x4c, 0x28, 0xff, 0xc0, 0x50, 0x28, 0xff,
    0xc0, 0x4c, 0x28, 0xff, 0xc0, 0x50, 0x28, 0xff, 0xb8, 0x48, 0x28, 0xff,
    0xa8, 0x44, 0x20, 0xff, 0xc8, 0x58, 0x28, 0xff, 0xd0, 0x58, 0x30, 0xff,
    0xd0, 0x54, 0x30, 0xff, 0xc8, 0x54, 0x28, 0xff, 0xd0, 0x58, 0x28, 0xff,
    0xc8, 0x58, 0x28, 0xff, 0xc8, 0x58, 0x28, 0xff, 0xc8, 0x54, 0x28, 0xff,
    0xc8, 0x54, 0x28, 0xff, 0xc8, 0x50, 0x28, 0xff, 0xc8, 0x50, 0x28, 0xff,
    0xc8, 0x58, 0x30, 0xff, 0xc8, 0x54, 0x28, 0xff, 0xd0, 0x58, 0x28, 0xff,
    0xd0, 0x54, 0x28, 0xff, 0xd0, 0x58, 0x28, 0xff, 0xc8, 0x58, 0x30, 0xff,
    0xd0, 0x54, 0x28, 0xff, 0xd0, 0x58, 0x28, 0xff, 0xc8, 0x58, 0x28, 0xff,
    0xd0, 0x54, 0x30, 0xff, 0xd0, 0x58, 0x28, 0xff, 0xc8, 0x54, 0x28, 0xff,
    0xd0, 0x54, 0x28, 0xff, 0xd0, 0x58, 0x30, 0xff, 0xd0, 0x58, 0x28, 0xff,
    0xd0, 0x54, 0x30, 0xff, 0xd0, 0x54, 0x30, 0xff, 0xd0, 0x58, 0x30, 0xff,
    0xd0, 0x54, 0x28, 0xff, 0xd0, 0x54, 0x30, 0xff, 0xc8, 0x58, 0x28, 0xff,
    0xd0, 0x54, 0x28, 0xff, 0xd0, 0x54, 0x30, 0xff, 0xd0, 0x58, 0x30, 0xff,
    0xc8, 0x54, 0x28, 0xff, 0xd0, 0x58, 0x30, 0xff, 0xc8, 0x54, 0x28, 0xff,
    0xd0, 0x54, 0x28, 0xff, 0xd0, 0x58, 0x30, 0xff, 0xd0, 0x54, 0x28, 0xff,
    0xd0, 0x58, 0x28, 0xff, 0xd0, 0x58, 0x30, 0xff, 0xc8, 0x54, 0x30, 0xff,
    0xd0, 0x58, 0x28, 0xff, 0xd0, 0x58, 0x28, 0xff, 0xd0, 0x54, 0x30, 0xff,
    0xd0, 0x54, 0x30, 0xff, 0xd0, 0x58, 0x30, 0xff, 0xd0, 0x58, 0x28, 0xff,
    0xd0, 0x58, 0x28, 0xff, 0xd0, 0x58, 0x30, 0xff, 0xd0, 0x58, 0x30, 0xff,
    0xd0, 0x58, 0x30, 0xff, 0xd0, 0x58, 0x28, 0xff, 0xd0, 0x58, 0x30, 0xff,
    0xd0, 0x5c, 0x30, 0xff, 0xd0, 0x58, 0x28, 0xff, 0xd0, 0x5c, 0x28, 0xff,
    0xd8, 0x5c, 0x30, 0xff, 0xd8, 0x5c, 0x30, 0xff, 0xd8, 0x5c, 0x30, 0xff,
    0xd8, 0x60, 0x30, 0xff, 0xe0, 0x64, 0x30, 0xff, 0xe0, 0x64, 0x38, 0xff,
    0xe0, 0x64, 0x38, 0xff, 0xe0, 0x68, 0x38, 0xff, 0xe0, 0x68, 0x38, 0xff,
    0xe8, 0x68, 0x38, 0xff, 0xe0, 0x68, 0x38, 0xff, 0xe0, 0x68, 0x38, 0xff,
    0xe8, 0x64, 0x38, 0xff, 0xe0, 0x68, 0x38, 0xff, 0xe8, 0x68, 0x38, 0xff,
    0xe0, 0x64, 0x38, 0xff, 0xe0, 0x68, 0x38, 0xff, 0xe8, 0x68, 0x38, 0xff,
    0xe0, 0x68, 0x38, 0xff, 0xe0, 0x68, 0x38, 0xff, 0xe0, 0x64, 0x38, 0xff,
    0xe0, 0x68, 0x38, 0xff, 0xe8, 0x68, 0x38, 0xff, 0xe0, 0x64, 0x38, 0xff,
    0xe0, 0x68, 0x38, 0xff, 0xe8, 0x68, 0x38, 0xff, 0xe8, 0x64, 0x38, 0xff,
    0xe8, 0x68, 0x38, 0xff, 0xe0, 0x68, 0x38, 0xff, 0xe0, 0x64, 0x38, 0xff,
    0xe8, 0x68, 0x38, 0xff, 0xe8, 0x68, 0x38, 0xff, 0xe0, 0x68, 0x38, 0xff,
    0xe8, 0x68, 0x38, 0xff, 0xe0, 0x68, 0x38, 0xff, 0xe8, 0x64, 0x38, 0xff,
    0xe8, 0x68, 0x38, 0xff, 0xe0, 0x64, 0x38, 0xff, 0xe0, 0x64, 0x38, 0xff,
    0xe0, 0x64, 0x38, 0xff, 0xe0, 0x60, 0x38, 0xff, 0xd8, 0x60, 0x30, 0xff,
    0xd8, 0x60, 0x38, 0xff, 0xd8, 0x60, 0x30, 0xff, 0xd8, 0x5c, 0x30, 0xff,
    0xd0, 0x5c, 0x30, 0xff, 0xd0, 0x5c, 0x30, 0xff, 0xd8, 0x60, 0x38, 0xff,
    0xd8, 0x60, 0x30, 0xff, 0xd0, 0x5c, 0x30, 0xff, 0xd0, 0x58, 0x30, 0xff,
    0xc8, 0x54, 0x28, 0xff, 0xc8, 0x54, 0x28, 0xff, 0xc8, 0x54, 0x30, 0xff,
    0xc8, 0x54, 0x28, 0xff, 0xc8, 0x54, 0x28, 0xff, 0xc8, 0x54, 0x28, 0xff,
    0xd0, 0x54, 0x28, 0xff, 0xc8, 0x54, 0x28, 0xff, 0xc8, 0x54, 0x28, 0xff,
    0xc8, 0x54, 0x30, 0xff, 0xc8, 0x54, 0x28, 0xff, 0xc8, 0x50, 0x28, 0xff,
    0xc8, 0x54, 0x30, 0xff, 0xc8, 0x50, 0x28, 0xff, 0xc8, 0x50, 0x28, 0xff,
    0xc8, 0x50, 0x28, 0xff, 0xc8, 0x50, 0x28, 0xff, 0xc0, 0x54, 0x28, 0xff,
    0xc8, 0x50, 0x30, 0xff, 0xc8, 0x50, 0x28, 0xff, 0xc0, 0x54, 0x28, 0xff,
    0xc0, 0x50, 0x30, 0xff, 0xc0, 0x50, 0x28, 0xff, 0xc0, 0x50, 0x28, 0xff,
    0xc0, 0x50, 0x28, 0xff, 0xc0, 0x50, 0x28, 0xff, 0xc0, 0x4c, 0x28, 0xff,
    0xb8, 0x50, 0x28, 0xff, 0xc0, 0x4c, 0x28, 0xff, 0xb8, 0x4c, 0x28, 0xff,
    0xb8, 0x4c, 0x28, 0xff, 0xb8, 0x4c, 0x28, 0xff, 0xb8, 0x4c, 0x20, 0xff,
    0xb0, 0x48, 0x20, 0xff, 0xb0, 0x48, 0x28, 0xff, 0xb0, 0x48, 0x28, 0xff,
    0xa8, 0x48, 0x20, 0xff, 0xa8, 0x44, 0x28, 0xff, 0xa8, 0x44, 0x28, 0xff,
    0xa0, 0x44, 0x20, 0xff, 0xa0, 0x40, 0x28, 0xff, 0x98, 0x40, 0x28, 0xff,
    0x90, 0x40, 0x20, 0xff, 0x90, 0x3c, 0x20, 0xff, 0x88, 0x3c, 0x20, 0xff,
    0x88, 0x3c, 0x20, 0xff, 0x78, 0x34, 0x20, 0xff, 0x80, 0x38, 0x20, 0xff,
    0x90, 0x40, 0x20, 0xff, 0x90, 0x40, 0x20, 0xff, 0x98, 0x44, 0x28, 0xff,
    0x98, 0x44, 0x28, 0xff, 0xa0, 0x44, 0x20, 0xff, 0xa0, 0x48, 0x28, 0xff,
    0xa8, 0x48, 0x28, 0xff, 0xa8, 0x4c, 0x28, 0xff, 0xa8, 0x4c, 0x28, 0xff,
    0xb0, 0x4c, 0x28, 0xff, 0xb0, 0x4c, 0x28, 0xff, 0xb8, 0x4c, 0x28, 0xff,
    0xb8, 0x4c, 0x28, 0xff, 0xb8, 0x50, 0x28, 0xff, 0xc0, 0x50, 0x28, 0xff,
    0xc0, 0x50, 0x28, 0xff, 0xc0, 0x50, 0x28, 0xff, 0xc0, 0x50, 0x28, 0xff,
    0xc0, 0x50, 0x28, 0xff, 0xc0, 0x50, 0x28, 0xff, 0xc8, 0x50, 0x28, 0xff,
    0xc8, 0x50, 0x28, 0xff, 0xc0, 0x50, 0x28, 0xff, 0xc0, 0x50, 0x28, 0xff,
    0xc8, 0x50, 0x28, 0xff, 0xc0, 0x48, 0x20, 0xff, 0xc0, 0x4c, 0x28, 0xff,
    0xc8, 0x54, 0x28, 0xff, 0xc8, 0x50, 0x28, 0xff, 0xc0, 0x50, 0x28, 0xff,
    0xc8, 0x54, 0x28, 0xff, 0xc0, 0x50, 0x28, 0xff, 0xc8, 0x54, 0x28, 0xff,
    0xc8, 0x54, 0x28, 0xff, 0xa0, 0x3c, 0x20, 0xff, 0x90, 0x38, 0x20, 0xff,
    0xc0, 0x50, 0x28, 0xff, 0xc0, 0x50, 0x28, 0xff, 0xc0, 0x4c, 0x28, 0xff,
    0xc0, 0x4c, 0x20, 0xff, 0xc0, 0x50, 0x28, 0xff, 0xc0, 0x50, 0x28, 0xff,
    0xc0, 0x4c, 0x28, 0xff, 0xc0, 0x50, 0x28, 0xff, 0xc0, 0x4c, 0x28, 0xff,
    0xc0, 0x50, 0x28, 0xff, 0xc0, 0x4c, 0x28, 0xff, 0xc0, 0x4c, 0x28, 0xff,
    0xc0, 0x50, 0x28, 0xff, 0xc0, 0x4c, 0x28, 0xff, 0xc0, 0x50, 0x28, 0xff,
    0xb8, 0x48, 0x20, 0xff, 0xa8, 0x44, 0x20, 0xff, 0xc8, 0x58, 0x30, 0xff,
    0xd0, 0x54, 0x28, 0xff, 0xc8, 0x54, 0x28, 0xff, 0xc8, 0x54, 0x28, 0xff,
    0xd0, 0x54, 0x28, 0xff, 0xd0, 0x54, 0x28, 0xff, 0xc8, 0x54, 0x28, 0xff,
    0xd0, 0x54, 0x28, 0xff, 0xc8, 0x54, 0x28, 0xff, 0xc8, 0x50, 0x28, 0xff,
    0xc8, 0x50, 0x28, 0xff, 0xc8, 0x58, 0x28, 0xff, 0xd0, 0x54, 0x28, 0xff,
    0xc8, 0x54, 0x30, 0xff, 0xd0, 0x58, 0x28, 0xff, 0xd0, 0x54, 0x28, 0xff,
    0xc8, 0x54, 0x30, 0xff, 0xd0, 0x54, 0x28, 0xff, 0xd0, 0x58, 0x28, 0xff,
    0xc8, 0x54, 0x30, 0xff, 0xd0, 0x54, 0x28, 0xff, 0xd0, 0x58, 0x30, 0xff,
    0xc8, 0x54, 0x28, 0xff, 0xc8, 0x54, 0x28, 0xff, 0xd0, 0x54, 0x28, 0xff,
    0xc8, 0x58, 0x28, 0xff, 0xd0, 0x58, 0x28, 0xff, 0xc8, 0x54, 0x28, 0xff,
    0xd0, 0x58, 0x30, 0xff, 0xd0, 0x54, 0x28, 0xff, 0xd0, 0x58, 0x30, 0xff,
    0xd0, 0x58, 0x28, 0xff, 0xc8, 0x54, 0x28, 0xff, 0xd0, 0x58, 0x30, 0xff,
    0xd0, 0x54, 0x28, 0xff, 0xd0, 0x58, 0x30, 0xff, 0xd0, 0x58, 0x28, 0xff,
    0xd0, 0x54, 0x28, 0xff, 0xd0, 0x58, 0x30, 0xff, 0xd0, 0x54, 0x30, 0xff,
    0xc8, 0x54, 0x28, 0xff, 0xd0, 0x58, 0x28, 0xff, 0xd0, 0x54, 0x28, 0xff,
    0xd0, 0x58, 0x30, 0xff, 0xd0, 0x54, 0x28, 0xff, 0xd0, 0x58, 0x28, 0xff,
    0xd0, 0x58, 0x30, 0xff, 0xd0, 0x54, 0x28, 0xff, 0xd0, 0x54, 0x30, 0xff,
    0xd0, 0x58, 0x30, 0xff, 0xd0, 0x58, 0x28, 0xff, 0xd0, 0x58, 0x28, 0xff,
    0xd0, 0x58, 0x30, 0xff, 0xd8, 0x58, 0x30, 0xff, 0xd8, 0x58, 0x28, 0xff,
    0xd0, 0x58, 0x30, 0xff, 0xd0, 0x58, 0x30, 0xff, 0xd0, 0x58, 0x28, 0xff,
    0xd0, 0x5c, 0x30, 0xff, 0xd0, 0x5c, 0x30, 0xff, 0xd8, 0x5c, 0x30, 0xff,
    0xd0, 0x5c, 0x30, 0xff, 0xd8, 0x5c, 0x30, 0xff, 0xd8, 0x64, 0x38, 0xff,
    0xe0, 0x64, 0x38, 0xff, 0xe0, 0x64, 0x38, 0xff, 0xe0, 0x64, 0x38, 0xff,
    0xe8, 0x68, 0x38, 0xff, 0xe0, 0x64, 0x38, 0xff, 0xe0, 0x68, 0x38, 0xff,
    0xe8, 0x68, 0x38, 0xff, 0xe0, 0x68, 0x38, 0xff, 0xe0, 0x64, 0x38, 0xff,
    0xe8, 0x68, 0x38, 0xff, 0xe0, 0x68, 0x38, 0xff, 0xe0, 0x68, 0x38, 0xff,
    0xe8, 0x64, 0x38, 0xff, 0xe0, 0x68, 0x38, 0xff, 0xe0, 0x68, 0x38, 0xff,
    0xe8, 0x68, 0x38, 0xff, 0xe0, 0x64, 0x38, 0xff, 0xe0, 0x68, 0x38, 0xff,
    0xe8, 0x68, 0x38, 0xff, 0xe0, 0x68, 0x38, 0xff, 0xe0, 0x68, 0x38, 0xff,
    0xe0, 0x68, 0x38, 0xff, 0xe0, 0x64, 0x38, 0xff, 0xe8, 0x68, 0x38, 0xff,
    0xe0, 0x68, 0x38, 0xff, 0xe0, 0x68, 0x38, 0xff, 0xe0, 0x64, 0x38, 0xff,
    0xe8, 0x68, 0x38, 0xff, 0xe0, 0x68, 0x38, 0xff, 0xe0, 0x64, 0x38, 0xff,
    0xe8, 0x68, 0x38, 0xff, 0xe0, 0x64, 0x38, 0xff, 0xe0, 0x68, 0x38, 0xff,
    0xe0, 0x64, 0x38, 0xff, 0xe0, 0x64, 0x38, 0xff, 0xe0, 0x64, 0x30, 0xff,
    0xe0, 0x64, 0x38, 0xff, 0xd8, 0x60, 0x30, 0xff, 0xd8, 0x5c, 0x30, 0xff,
    0xd8, 0x60, 0x38, 0xff, 0xd8, 0x60, 0x30, 0xff, 0xd8, 0x5c, 0x30, 0xff,
    0xd8, 0x60, 0x38, 0xff, 0xd8, 0x60, 0x30, 0xff, 0xd0, 0x5c, 0x30, 0xff,
    0xd0, 0x58, 0x30, 0xff, 0xd0, 0x54, 0x28, 0xff, 0xc8, 0x58, 0x28, 0xff,
    0xd0, 0x54, 0x30, 0xff, 0xd0, 0x58, 0x28, 0xff, 0xc8, 0x54, 0x28, 0xff,
    0xc8, 0x54, 0x30, 0xff, 0xd0, 0x54, 0x30, 0xff, 0xc8, 0x54, 0x28, 0xff,
    0xc8, 0x54, 0x28, 0xff, 0xc8, 0x54, 0x28, 0xff, 0xc8, 0x50, 0x28, 0xff,
    0xc8, 0x54, 0x28, 0xff, 0xc8, 0x54, 0x28, 0xff, 0xc8, 0x50, 0x28, 0xff,
    0xc8, 0x54, 0x28, 0xff, 0xc8, 0x50, 0x28, 0xff, 0xc8, 0x50, 0x28, 0xff,
    0xc0, 0x54, 0x28, 0xff, 0xc8, 0x50, 0x28, 0xff, 0xc8, 0x50, 0x28, 0xff,
    0xc0, 0x54, 0x28, 0xff, 0xc8, 0x50, 0x28, 0xff, 0xc8, 0x50, 0x28, 0xff,
    0xc0, 0x50, 0x28, 0xff, 0xc0, 0x50, 0x28, 0xff, 0xc0, 0x50, 0x28, 0xff,
    0xc0, 0x4c, 0x28, 0xff, 0xc0, 0x4c, 0x28, 0xff, 0xc0, 0x4c, 0x28, 0xff,
    0xb8, 0x4c, 0x28, 0xff, 0xb8, 0x4c, 0x28, 0xff, 0xb8, 0x48, 0x28, 0xff,
    0xb8, 0x4c, 0x28, 0xff, 0xb0, 0x48, 0x20, 0xff, 0xb0, 0x48, 0x28, 0xff,
    0xb0, 0x48, 0x28, 0xff, 0xa8, 0x48, 0x20, 0xff, 0xa8, 0x44, 0x20, 0xff,
    0xa8, 0x44, 0x28, 0xff, 0x98, 0x44, 0x28, 0xff, 0xa0, 0x40, 0x20, 0xff,
    0x98, 0x40, 0x20, 0xff, 0x90, 0x3c, 0x28, 0xff, 0x90, 0x3c, 0x20, 0xff,
    0x88, 0x3c, 0x20, 0xff, 0x88, 0x3c, 0x20, 0xff, 0x78, 0x30, 0x20, 0xff,
    0x80, 0x38, 0x20, 0xff, 0x90, 0x40, 0x28, 0xff, 0x90, 0x40, 0x20, 0xff,
    0x98, 0x40, 0x28, 0xff, 0x98, 0x44, 0x28, 0xff, 0xa0, 0x48, 0x20, 0xff,
    0xa0, 0x48, 0x28, 0xff, 0xa8, 0x48, 0x28, 0xff, 0xa8, 0x48, 0x28, 0xff,
    0xb0, 0x48, 0x28, 0xff, 0xb0, 0x4c, 0x28, 0xff, 0xb0, 0x4c, 0x28, 0xff,
    0xb8, 0x4c, 0x28, 0xff, 0xb8, 0x4c, 0x28, 0xff, 0xb8, 0x50, 0x28, 0xff,
    0xc0, 0x50, 0x28, 0xff, 0xc0, 0x50, 0x28, 0xff, 0xc0, 0x50, 0x28, 0xff,
    0xc0, 0x50, 0x28, 0xff, 0xc0, 0x50, 0x28, 0xff, 0xc0, 0x50, 0x28, 0xff,
    0xc8, 0x50, 0x28, 0xff, 0xc0, 0x50, 0x28, 0xff, 0xc8, 0x50, 0x28, 0xff,
    0xc0, 0x50, 0x28, 0xff, 0xc8, 0x50, 0x28, 0xff, 0xc0, 0x4c, 0x20, 0xff,
    0xc0, 0x4c, 0x28, 0xff, 0xc0, 0x54, 0x28, 0xff, 0xc8, 0x50, 0x28, 0xff,
    0xc8, 0x50, 0x28, 0xff, 0xc8, 0x54, 0x28, 0xff, 0xc8, 0x50, 0x28, 0xff,
    0xc8, 0x54, 0x28, 0xff, 0xc8, 0x54, 0x28, 0xff, 0xa8, 0x40, 0x20, 0xff,
    0x90, 0x38, 0x18, 0xff, 0xc0, 0x4c, 0x28, 0xff, 0xc0, 0x4c, 0x28, 0xff,
    0xc0, 0x4c, 0x20, 0xff, 0xc0, 0x4c, 0x28, 0xff, 0xc0, 0x4c, 0x28, 0xff,
    0xc0, 0x4c, 0x28, 0xff, 0xc0, 0x50, 0x20, 0xff, 0xc0, 0x4c, 0x28, 0xff,
    0xc0, 0x4c, 0x28, 0xff, 0xc0, 0x50, 0x20, 0xff, 0xc0, 0x50, 0x28, 0xff,
    0xc0, 0x4c, 0x28, 0xff, 0xc0, 0x4c, 0x20, 0xff, 0xc0, 0x4c, 0x28, 0xff,
    0xc0, 0x50, 0x28, 0xff, 0xb8, 0x48, 0x20, 0xff, 0xa8, 0x44, 0x20, 0xff,
    0xd0, 0x58, 0x30, 0xff, 0xd0, 0x54, 0x30, 0xff, 0xc8, 0x58, 0x28, 0xff,
    0xc8, 0x54, 0x28, 0xff, 0xd0, 0x54, 0x30, 0xff, 0xd0, 0x54, 0x28, 0xff,
    0xc8, 0x54, 0x28, 0xff, 0xc8, 0x54, 0x28, 0xff, 0xc8, 0x54, 0x28, 0xff,
    0xc8, 0x50, 0x28, 0xff, 0xc8, 0x50, 0x28, 0xff, 0xd0, 0x58, 0x28, 0xff,
    0xc8, 0x54, 0x28, 0xff, 0xd0, 0x58, 0x30, 0xff, 0xd0, 0x58, 0x28, 0xff,
    0xd0, 0x54, 0x28, 0xff, 0xd0, 0x58, 0x30, 0xff, 0xc8, 0x58, 0x28, 0xff,
    0xd0, 0x54, 0x28, 0xff, 0xd0, 0x54, 0x30, 0xff, 0xd0, 0x58, 0x28, 0xff,
    0xd0, 0x58, 0x28, 0xff, 0xc8, 0x54, 0x28, 0xff, 0xd0, 0x54, 0x30, 0xff,
    0xd0, 0x58, 0x30, 0xff, 0xc8, 0x54, 0x28, 0xff, 0xd0, 0x54, 0x30, 0xff,
    0xd0, 0x58, 0x28, 0xff, 0xd0, 0x54, 0x28, 0xff, 0xd0, 0x58, 0x28, 0xff,
    0xd0, 0x54, 0x30, 0xff, 0xd0, 0x54, 0x28, 0xff, 0xd0, 0x58, 0x30, 0xff,
    0xd0, 0x54, 0x28, 0xff, 0xd0, 0x58, 0x28, 0xff, 0xd0, 0x54, 0x30, 0xff,
    0xd0, 0x54, 0x30, 0xff, 0xc8, 0x58, 0x28, 0xff, 0xd0, 0x58, 0x28, 0xff,
    0xd0, 0x54, 0x28, 0xff, 0xd0, 0x58, 0x30, 0xff, 0xd0, 0x54, 0x30, 0xff,
    0xd0, 0x54, 0x28, 0xff, 0xd0, 0x58, 0x30, 0xff, 0xd0, 0x54, 0x30, 0xff,
    0xd0, 0x58, 0x28, 0xff, 0xd0, 0x58, 0x30, 0xff, 0xd0, 0x58, 0x28, 0xff,
    0xd0, 0x58, 0x28, 0xff, 0xd0, 0x54, 0x30, 0xff, 0xd0, 0x58, 0x30, 0xff,
    0xd0, 0x58, 0x30, 0xff, 0xd0, 0x58, 0x28, 0xff, 0xd0, 0x58, 0x28, 0xff,
    0xd0, 0x58, 0x28, 0xff, 0xd0, 0x58, 0x30, 0xff, 0xd0, 0x58, 0x30, 0xff,
    0xd8, 0x58, 0x28, 0xff, 0xd0, 0x58, 0x30, 0xff, 0xd8, 0x5c, 0x30, 0xff,
    0xd0, 0x5c, 0x30, 0xff, 0xd0, 0x5c, 0x30, 0xff, 0xd8, 0x5c, 0x30, 0xff,
    0xe0, 0x60, 0x30, 0xff, 0xe0, 0x60, 0x30, 0xff, 0xe0, 0x64, 0x38, 0xff,
    0xe0, 0x64, 0x38, 0xff, 0xe0, 0x64, 0x38, 0xff, 0xe8, 0x68, 0x38, 0xff,
    0xe0, 0x68, 0x38, 0xff, 0xe8, 0x64, 0x38, 0xff, 0xe0, 0x68, 0x38, 0xff,
    0xe0, 0x68, 0x38, 0xff, 0xe8, 0x68, 0x38, 0xff, 0xe0, 0x68, 0x38, 0xff,
    0xe8, 0x64, 0x38, 0xff, 0xe0, 0x68, 0x38, 0xff, 0xe0, 0x68, 0x38, 0xff,
    0xe8, 0x68, 0x38, 0xff, 0xe8, 0x68, 0x38, 0xff, 0xe0, 0x68, 0x38, 0xff,
    0xe0, 0x64, 0x38, 0xff, 0xe8, 0x68, 0x38, 0xff, 0xe8, 0x64, 0x38, 0xff,
    0xe0, 0x68, 0x38, 0xff, 0xe0, 0x68, 0x38, 0xff, 0xe8, 0x68, 0x38, 0xff,
    0xe0, 0x64, 0x38, 0xff, 0xe8, 0x68, 0x38, 0xff, 0xe0, 0x68, 0x38, 0xff,
    0xe0, 0x64, 0x38, 0xff, 0xe0, 0x68, 0x38, 0xff, 0xe0, 0x68, 0x38, 0xff,
    0xe0, 0x64, 0x38, 0xff, 0xe0, 0x64, 0x38, 0xff, 0xe0, 0x68, 0x38, 0xff,
    0xe0, 0x68, 0x38, 0xff, 0xe0, 0x64, 0x38, 0xff, 0xe0, 0x64, 0x38, 0xff,
    0xe0, 0x64, 0x38, 0xff, 0xe0, 0x60, 0x38, 0xff, 0xd8, 0x60, 0x30, 0xff,
    0xd8, 0x60, 0x38, 0xff, 0xd8, 0x60, 0x38, 0xff, 0xd0, 0x5c, 0x30, 0xff,
    0xd8, 0x5c, 0x30, 0xff, 0xd8, 0x5c, 0x30, 0xff, 0xd0, 0x5c, 0x38, 0xff,
    0xd8, 0x5c, 0x30, 0xff, 0xd0, 0x58, 0x30, 0xff, 0xd0, 0x54, 0x28, 0xff,
    0xc8, 0x54, 0x28, 0xff, 0xc8, 0x54, 0x28, 0xff, 0xc8, 0x54, 0x28, 0xff,
    0xc8, 0x54, 0x28, 0xff, 0xc8, 0x54, 0x30, 0xff, 0xc8, 0x54, 0x28, 0xff,
    0xc8, 0x54, 0x30, 0xff, 0xc8, 0x54, 0x28, 0xff, 0xc8, 0x50, 0x28, 0xff,
    0xc8, 0x54, 0x28, 0xff, 0xc8, 0x54, 0x28, 0xff, 0xc8, 0x50, 0x28, 0xff,
    0xc8, 0x54, 0x28, 0xff, 0xc0, 0x50, 0x30, 0xff, 0xc8, 0x50, 0x28, 0xff,
    0xc8, 0x50, 0x28, 0xff, 0xc0, 0x50, 0x28, 0xff, 0xc8, 0x50, 0x28, 0xff,
    0xc0, 0x50, 0x28, 0xff, 0xc0, 0x50, 0x28, 0xff, 0xc8, 0x54, 0x28, 0xff,
    0xc0, 0x50, 0x28, 0xff, 0xc0, 0x50, 0x28, 0xff, 0xc0, 0x50, 0x28, 0xff,
    0xc0, 0x50, 0x28, 0xff, 0xc0, 0x50, 0x28, 0xff, 0xb8, 0x4c, 0x28, 0xff,
    0xc0, 0x4c, 0x28, 0xff, 0xb8, 0x4c, 0x28, 0xff, 0xb8, 0x4c, 0x20, 0xff,
    0xb8, 0x48, 0x28, 0xff, 0xb8, 0x48, 0x28, 0xff, 0xb0, 0x48, 0x20, 0xff,
    0xb0, 0x48, 0x28, 0xff, 0xb0, 0x48, 0x28, 0xff, 0xa8, 0x44, 0x20, 0xff,
    0xa8, 0x44, 0x28, 0xff, 0xa0, 0x44, 0x20, 0xff, 0xa0, 0x44, 0x20, 0xff,
    0x98, 0x40, 0x20, 0xff, 0x90, 0x40, 0x20, 0xff, 0x90, 0x40, 0x20, 0xff,
    0x90, 0x3c, 0x20, 0xff, 0x88, 0x3c, 0x20, 0xff, 0x80, 0x38, 0x20, 0xff,
    0x78, 0x34, 0x20, 0xff, 0x80, 0x38, 0x20, 0xff, 0x90, 0x40, 0x20, 0xff,
    0x90, 0x40, 0x20, 0xff, 0x98, 0x44, 0x28, 0xff, 0x98, 0x44, 0x28, 0xff,
    0xa0, 0x44, 0x28, 0xff, 0xa0, 0x48, 0x28, 0xff, 0xa8, 0x48, 0x28, 0xff,
    0xa8, 0x4c, 0x28, 0xff, 0xb0, 0x4c, 0x28, 0xff, 0xb0, 0x4c, 0x28, 0xff,
    0xb8, 0x4c, 0x28, 0xff, 0xb8, 0x4c, 0x28, 0xff, 0xb8, 0x50, 0x28, 0xff,
    0xb8, 0x4c, 0x28, 0xff, 0xc0, 0x50, 0x28, 0xff, 0xc0, 0x50, 0x30, 0xff,
    0xc0, 0x50, 0x28, 0xff, 0xc0, 0x50, 0x28, 0xff, 0xc0, 0x50, 0x28, 0xff,
    0xc0, 0x54, 0x28, 0xff, 0xc8, 0x50, 0x28, 0xff, 0xc8, 0x54, 0x28, 0xff,
    0xc0, 0x50, 0x28, 0xff, 0xc8, 0x50, 0x28, 0xff, 0xc0, 0x50, 0x28, 0xff,
    0xb8, 0x48, 0x20, 0xff, 0xc0, 0x4c, 0x28, 0xff, 0xc8, 0x54, 0x28, 0xff,
    0xc8, 0x50, 0x28, 0xff, 0xc8, 0x50, 0x28, 0xff, 0xc0, 0x50, 0x30, 0xff,
    0xc8, 0x50, 0x28, 0xff, 0xc8, 0x54, 0x28, 0xff, 0xc8, 0x54, 0x28, 0xff,
    0xa0, 0x3c, 0x20, 0xff, 0x90, 0x38, 0x18, 0xff, 0xc0, 0x50, 0x28, 0xff,
    0xc0, 0x4c, 0x28, 0xff, 0xc0, 0x4c, 0x28, 0xff, 0xc0, 0x4c, 0x28, 0xff,
    0xc0, 0x4c, 0x20, 0xff, 0xc0, 0x4c, 0x28, 0xff, 0xc0, 0x4c, 0x28, 0xff,
    0xc0, 0x50, 0x28, 0xff, 0xc0, 0x4c, 0x28, 0xff, 0xc0, 0x50, 0x28, 0xff,
    0xc0, 0x4c, 0x28, 0xff, 0xc0, 0x50, 0x28, 0xff, 0xc0, 0x4c, 0x28, 0xff,
    0xc0, 0x4c, 0x28, 0xff, 0xc0, 0x50, 0x28, 0xff, 0xb8, 0x48, 0x20, 0xff,
    0xb0, 0x44, 0x20, 0xff, 0xd0, 0x58, 0x30, 0xff, 0xd0, 0x54, 0x28, 0xff,
    0xd0, 0x54, 0x30, 0xff, 0xc8, 0x54, 0x28, 0xff, 0xc8, 0x58, 0x28, 0xff,
    0xd0, 0x54, 0x28, 0xff, 0xd0, 0x54, 0x28, 0xff, 0xc8, 0x54, 0x28, 0xff,
    0xc8, 0x54, 0x28, 0xff, 0xc8, 0x50, 0x28, 0xff, 0xc8, 0x50, 0x28, 0xff,
    0xc8, 0x58, 0x28, 0xff, 0xc8, 0x54, 0x28, 0xff, 0xc8, 0x54, 0x30, 0xff,
    0xd0, 0x54, 0x28, 0xff, 0xd0, 0x58, 0x28, 0xff, 0xc8, 0x54, 0x28, 0xff,
    0xd0, 0x58, 0x28, 0xff, 0xd0, 0x54, 0x28, 0xff, 0xd0, 0x54, 0x28, 0xff,
    0xc8, 0x58, 0x28, 0xff, 0xd0, 0x54, 0x30, 0xff, 0xd0, 0x54, 0x28, 0xff,
    0xc8, 0x54, 0x28, 0xff, 0xd0, 0x58, 0x30, 0xff, 0xc8, 0x54, 0x28, 0xff,
    0xd0, 0x58, 0x30, 0xff, 0xd0, 0x58, 0x30, 0xff, 0xd0, 0x54, 0x28, 0xff,
    0xc8, 0x58, 0x28, 0xff, 0xc8, 0x54, 0x30, 0xff, 0xd0, 0x58, 0x28, 0xff,
    0xd0, 0x58, 0x28, 0xff, 0xc8, 0x54, 0x30, 0xff, 0xd0, 0x58, 0x28, 0xff,
    0xd0, 0x54, 0x28, 0xff, 0xd0, 0x54, 0x30, 0xff, 0xd0, 0x58, 0x28, 0xff,
    0xc8, 0x54, 0x30, 0xff, 0xd0, 0x58, 0x28, 0xff, 0xd0, 0x58, 0x28, 0xff,
    0xc8, 0x54, 0x30, 0xff, 0xd0, 0x58, 0x28, 0xff, 0xd0, 0x58, 0x28, 0xff,
    0xc8, 0x54, 0x28, 0xff, 0xd0, 0x58, 0x30, 0xff, 0xd0, 0x54, 0x28, 0xff,
    0xd0, 0x58, 0x30, 0xff, 0xc8, 0x58, 0x28, 0xff, 0xd0, 0x54, 0x28, 0xff,
    0xd0, 0x54, 0x30, 0xff, 0xd0, 0x58, 0x28, 0xff, 0xd0, 0x54, 0x30, 0xff,
    0xd0, 0x54, 0x30, 0xff, 0xd0, 0x58, 0x30, 0xff, 0xd0, 0x58, 0x28, 0xff,
    0xd0, 0x58, 0x28, 0xff, 0xd0, 0x58, 0x30, 0xff, 0xd0, 0x58, 0x30, 0xff,
    0xd0, 0x58, 0x28, 0xff, 0xd8, 0x5c, 0x30, 0xff, 0xd8, 0x5c, 0x30, 0xff,
    0xd8, 0x5c, 0x30, 0xff, 0xd8, 0x60, 0x30, 0xff, 0xe0, 0x64, 0x38, 0xff,
    0xe0, 0x64, 0x38, 0xff, 0xe0, 0x64, 0x30, 0xff, 0xe0, 0x68, 0x38, 0xff,
    0xe0, 0x68, 0x38, 0xff, 0xe8, 0x68, 0x38, 0xff, 0xe0, 0x68, 0x38, 0xff,
    0xe8, 0x64, 0x38, 0xff, 0xe0, 0x68, 0x38, 0xff, 0xe0, 0x68, 0x38, 0xff,
    0xe8, 0x64, 0x38, 0xff, 0xe0, 0x68, 0x38, 0xff, 0xe0, 0x68, 0x38, 0xff,
    0xe8, 0x64, 0x38, 0xff, 0xe0, 0x64, 0x38, 0xff, 0xe0, 0x68, 0x38, 0xff,
    0xe8, 0x68, 0x38, 0xff, 0xe0, 0x68, 0x38, 0xff, 0xe0, 0x68, 0x38, 0xff,
    0xe8, 0x68, 0x38, 0xff, 0xe0, 0x64, 0x38, 0xff, 0xe8, 0x68, 0x38, 0xff,
    0xe0, 0x68, 0x38, 0xff, 0xe0, 0x68, 0x38, 0xff, 0xe8, 0x68, 0x38, 0xff,
    0xe8, 0x68, 0x38, 0xff, 0xe0, 0x68, 0x38, 0xff, 0xe0, 0x68, 0x38, 0xff,
    0xe0, 0x68, 0x38, 0xff, 0xe0, 0x64, 0x38, 0xff, 0xe0, 0x68, 0x38, 0xff,
    0xe8, 0x64, 0x38, 0xff, 0xe0, 0x64, 0x38, 0xff, 0xe0, 0x68, 0x38, 0xff,
    0xe0, 0x64, 0x38, 0xff, 0xe0, 0x60, 0x30, 0xff, 0xe0, 0x64, 0x38, 0xff,
    0xd8, 0x60, 0x30, 0xff, 0xd8, 0x60, 0x30, 0xff, 0xd8, 0x60, 0x30, 0xff,
    0xd8, 0x5c, 0x30, 0xff, 0xd0, 0x5c, 0x30, 0xff, 0xd8, 0x60, 0x38, 0xff,
    0xd8, 0x60, 0x30, 0xff, 0xd0, 0x58, 0x30, 0xff, 0xd0, 0x58, 0x30, 0xff,
    0xc8, 0x58, 0x28, 0xff, 0xc8, 0x54, 0x28, 0xff, 0xc8, 0x54, 0x30, 0xff,
    0xc8, 0x54, 0x30, 0xff, 0xc8, 0x54, 0x28, 0xff, 0xc8, 0x54, 0x28, 0xff,
    0xc8, 0x54, 0x28, 0xff, 0xc8, 0x54, 0x28, 0xff, 0xc8, 0x50, 0x28, 0xff,
    0xc8, 0x54, 0x28, 0xff, 0xc8, 0x54, 0x30, 0xff, 0xc8, 0x50, 0x28, 0xff,
    0xc8, 0x54, 0x28, 0xff, 0xc0, 0x50, 0x28, 0xff, 0xc8, 0x50, 0x28, 0xff,
    0xc8, 0x50, 0x28, 0xff, 0xc0, 0x54, 0x28, 0xff, 0xc0, 0x50, 0x28, 0xff,
    0xc8, 0x54, 0x30, 0xff, 0xc8, 0x50, 0x28, 0xff, 0xc0, 0x50, 0x28, 0xff,
    0xc0, 0x50, 0x30, 0xff, 0xc0, 0x50, 0x28, 0xff, 0xc0, 0x50, 0x28, 0xff,
    0xc0, 0x50, 0x28, 0xff, 0xc0, 0x4c, 0x28, 0xff, 0xc0, 0x4c, 0x28, 0xff,
    0xc0, 0x4c, 0x28, 0xff, 0xb8, 0x4c, 0x28, 0xff, 0xb8, 0x4c, 0x28, 0xff,
    0xb8, 0x4c, 0x28, 0xff, 0xb8, 0x48, 0x28, 0xff, 0xb8, 0x4c, 0x20, 0xff,
    0xb0, 0x48, 0x28, 0xff, 0xb0, 0x48, 0x20, 0xff, 0xa8, 0x48, 0x20, 0xff,
    0xa8, 0x48, 0x28, 0xff, 0xa8, 0x44, 0x20, 0xff, 0xa0, 0x44, 0x20, 0xff,
    0xa0, 0x40, 0x28, 0xff, 0xa0, 0x40, 0x20, 0xff, 0x98, 0x40, 0x20, 0xff,
    0x90, 0x3c, 0x28, 0xff, 0x90, 0x3c, 0x20, 0xff, 0x88, 0x3c, 0x20, 0xff,
    0x80, 0x38, 0x20, 0xff, 0x78, 0x30, 0x18, 0xff, 0x78, 0x38, 0x20, 0xff,
    0x90, 0x3c, 0x28, 0xff, 0x90, 0x40, 0x20, 0xff, 0x98, 0x44, 0x28, 0xff,
    0xa0, 0x44, 0x28, 0xff, 0xa0, 0x44, 0x28, 0xff, 0xa0, 0x48, 0x28, 0xff,
    0xa8, 0x48, 0x28, 0xff, 0xa8, 0x4c, 0x28, 0xff, 0xa8, 0x4c, 0x28, 0xff,
    0xb0, 0x4c, 0x28, 0xff, 0xb0, 0x4c, 0x28, 0xff, 0xb8, 0x4c, 0x28, 0xff,
    0xb8, 0x50, 0x28, 0xff, 0xb8, 0x50, 0x28, 0xff, 0xc0, 0x50, 0x28, 0xff,
    0xc0, 0x50, 0x28, 0xff, 0xc0, 0x50, 0x28, 0xff, 0xc0, 0x50, 0x28, 0xff,
    0xc0, 0x50, 0x28, 0xff, 0xc0, 0x50, 0x28, 0xff, 0xc8, 0x50, 0x28, 0xff,
    0xc0, 0x54, 0x28, 0xff, 0xc0, 0x50, 0x28, 0xff, 0xc0, 0x50, 0x28, 0xff,
    0xc8, 0x50, 0x20, 0xff, 0xc0, 0x4c, 0x20, 0xff, 0xc0, 0x4c, 0x28, 0xff,
    0xc8, 0x54, 0x28, 0xff, 0xc0, 0x50, 0x28, 0xff, 0xc8, 0x50, 0x28, 0xff,
    0xc8, 0x50, 0x28, 0xff, 0xc0, 0x50, 0x28, 0xff, 0xc8, 0x54, 0x28, 0xff,
    0xc8, 0x54, 0x28, 0xff, 0xa0, 0x40, 0x20, 0xff, 0x98, 0x38, 0x18, 0xff,
    0xc0, 0x4c, 0x28, 0xff, 0xc0, 0x4c, 0x28, 0xff, 0xb8, 0x4c, 0x20, 0xff,
    0xc0, 0x4c, 0x20, 0xff, 0xc0, 0x4c, 0x28, 0xff, 0xc0, 0x4c, 0x28, 0xff,
    0xc0, 0x4c, 0x28, 0xff, 0xc0, 0x50, 0x28, 0xff, 0xc0, 0x50, 0x28, 0xff,
    0xc0, 0x4c, 0x28, 0xff, 0xc0, 0x4c, 0x28, 0xff, 0xc0, 0x50, 0x28, 0xff,
    0xc0, 0x4c, 0x28, 0xff, 0xc0, 0x4c, 0x28, 0xff, 0xc0, 0x50, 0x28, 0xff,
    0xb8, 0x48, 0x20, 0xff, 0xa8, 0x44, 0x20, 0xff, 0xc8, 0x58, 0x30, 0xff,
    0xd0, 0x58, 0x28, 0xff, 0xc8, 0x54, 0x30, 0xff, 0xc8, 0x54, 0x28, 0xff,
    0xc8, 0x58, 0x28, 0xff, 0xd0, 0x54, 0x28, 0xff, 0xc8, 0x54, 0x28, 0xff,
    0xc8, 0x54, 0x28, 0xff, 0xc8, 0x54, 0x28, 0xff, 0xc8, 0x50, 0x28, 0xff,
    0xc8, 0x50, 0x28, 0xff, 0xc8, 0x58, 0x28, 0xff, 0xc8, 0x54, 0x28, 0xff,
    0xc8, 0x54, 0x28, 0xff, 0xd0, 0x58, 0x28, 0xff, 0xd0, 0x54, 0x28, 0xff,
    0xd0, 0x54, 0x30, 0xff, 0xc8, 0x58, 0x28, 0xff, 0xc8, 0x58, 0x30, 0xff,
    0xd0, 0x54, 0x28, 0xff, 0xd0, 0x54, 0x28, 0xff, 0xc8, 0x58, 0x28, 0xff,
    0xc8, 0x54, 0x28, 0xff, 0xd0, 0x54, 0x28, 0xff, 0xd0, 0x58, 0x28, 0xff,
    0xd0, 0x54, 0x28, 0xff, 0xc8, 0x58, 0x28, 0xff, 0xd0, 0x54, 0x30, 0xff,
    0xd0, 0x54, 0x28, 0xff, 0xd0, 0x58, 0x30, 0xff, 0xd0, 0x58, 0x28, 0xff,
    0xd0, 0x54, 0x28, 0xff, 0xd0, 0x54, 0x30, 0xff, 0xd0, 0x58, 0x30, 0xff,
    0xd0, 0x58, 0x28, 0xff, 0xd0, 0x58, 0x28, 0xff, 0xd0, 0x54, 0x28, 0xff,
    0xd0, 0x58, 0x30, 0xff, 0xd0, 0x54, 0x28, 0xff, 0xd0, 0x54, 0x30, 0xff,
    0xd0, 0x58, 0x28, 0xff, 0xd0, 0x54, 0x30, 0xff, 0xd0, 0x58, 0x30, 0xff,
    0xd0, 0x54, 0x28, 0xff, 0xd0, 0x54, 0x30, 0xff, 0xd0, 0x58, 0x30, 0xff,
    0xd0, 0x58, 0x30, 0xff, 0xd0, 0x58, 0x28, 0xff, 0xd0, 0x58, 0x30, 0xff,
    0xd0, 0x58, 0x30, 0xff, 0xd0, 0x58, 0x28, 0xff, 0xd0, 0x58, 0x28, 0xff,
    0xd0, 0x58, 0x30, 0xff, 0xd0, 0x58, 0x28, 0xff, 0xd0, 0x58, 0x28, 0xff,
    0xd0, 0x58, 0x30, 0xff, 0xd0, 0x58, 0x30, 0xff, 0xd0, 0x58, 0x28, 0xff,
    0xd0, 0x58, 0x30, 0xff, 0xd0, 0x5c, 0x30, 0xff, 0xd0, 0x58, 0x30, 0xff,
    0xd8, 0x5c, 0x30, 0xff, 0xd8, 0x5c, 0x30, 0xff, 0xd8, 0x60, 0x38, 0xff,
    0xd8, 0x60, 0x38, 0xff, 0xe0, 0x64, 0x38, 0xff, 0xe0, 0x64, 0x38, 0xff,
    0xe0, 0x64, 0x38, 0xff, 0xe0, 0x68, 0x38, 0xff, 0xe0, 0x68, 0x38, 0xff,
    0xe8, 0x68, 0x38, 0xff, 0xe0, 0x64, 0x38, 0xff, 0xe0, 0x68, 0x38, 0xff,
    0xe8, 0x68, 0x38, 0xff, 0xe0, 0x68, 0x38, 0xff, 0xe0, 0x68, 0x38, 0xff,
    0xe8, 0x68, 0x38, 0xff, 0xe0, 0x68, 0x38, 0xff, 0xe0, 0x68, 0x38, 0xff,
    0xe8, 0x64, 0x38, 0xff, 0xe0, 0x68, 0x38, 0xff, 0xe0, 0x68, 0x38, 0xff,
    0xe8, 0x64, 0x38, 0xff, 0xe0, 0x68, 0x38, 0xff, 0xe0, 0x68, 0x38, 0xff,
    0xe8, 0x64, 0x38, 0xff, 0xe0, 0x68, 0x38, 0xff, 0xe0, 0x68, 0x38, 0xff,
    0xe0, 0x64, 0x38, 0xff, 0xe0, 0x68, 0x38, 0xff, 0xe0, 0x64, 0x38, 0xff,
    0xe0, 0x64, 0x38, 0xff, 0xe0, 0x64, 0x38, 0xff, 0xe0, 0x68, 0x38, 0xff,
    0xe0, 0x68, 0x38, 0xff, 0xe0, 0x64, 0x38, 0xff, 0xe0, 0x68, 0x38, 0xff,
    0xe0, 0x64, 0x38, 0xff, 0xe0, 0x64, 0x38, 0xff, 0xe0, 0x64, 0x38, 0xff,
    0xe0, 0x64, 0x30, 0xff, 0xd8, 0x60, 0x38, 0xff, 0xd8, 0x60, 0x30, 0xff,
    0xd8, 0x60, 0x38, 0xff, 0xd8, 0x5c, 0x30, 0xff, 0xd0, 0x5c, 0x30, 0xff,
    0xd8, 0x60, 0x38, 0xff, 0xd8, 0x60, 0x30, 0xff, 0xd0, 0x5c, 0x30, 0xff,
    0xd0, 0x54, 0x30, 0xff, 0xd0, 0x54, 0x30, 0xff, 0xc8, 0x54, 0x28, 0xff,
    0xc8, 0x54, 0x28, 0xff, 0xc8, 0x54, 0x30, 0xff, 0xc8, 0x54, 0x28, 0xff,
    0xc8, 0x54, 0x28, 0xff, 0xc8, 0x54, 0x30, 0xff, 0xc8, 0x50, 0x28, 0xff,
    0xc8, 0x54, 0x28, 0xff, 0xc8, 0x54, 0x28, 0xff, 0xc8, 0x50, 0x28, 0xff,
    0xc0, 0x54, 0x28, 0xff, 0xc8, 0x50, 0x28, 0xff, 0xc8, 0x50, 0x30, 0xff,
    0xc8, 0x50, 0x28, 0xff, 0xc0, 0x54, 0x28, 0xff, 0xc0, 0x50, 0x28, 0xff,
    0xc0, 0x50, 0x28, 0xff, 0xc0, 0x50, 0x28, 0xff, 0xc0, 0x54, 0x28, 0xff,
    0xc8, 0x50, 0x28, 0xff, 0xc0, 0x50, 0x28, 0xff, 0xc0, 0x50, 0x28, 0xff,
    0xc0, 0x50, 0x28, 0xff, 0xc0, 0x50, 0x28, 0xff, 0xc0, 0x4c, 0x28, 0xff,
    0xc0, 0x4c, 0x28, 0xff, 0xb8, 0x50, 0x28, 0xff, 0xc0, 0x4c, 0x28, 0xff,
    0xb8, 0x4c, 0x28, 0xff, 0xb8, 0x4c, 0x28, 0xff, 0xb8, 0x4c, 0x20, 0xff,
    0xb0, 0x48, 0x28, 0xff, 0xb0, 0x48, 0x28, 0xff, 0xb0, 0x48, 0x28, 0xff,
    0xa8, 0x48, 0x28, 0xff, 0xa8, 0x44, 0x20, 0xff, 0xa0, 0x44, 0x28, 0xff,
    0xa0, 0x44, 0x20, 0xff, 0x98, 0x40, 0x28, 0xff, 0x98, 0x40, 0x28, 0xff,
    0x90, 0x40, 0x20, 0xff, 0x90, 0x3c, 0x20, 0xff, 0x90, 0x3c, 0x20, 0xff,
    0x88, 0x38, 0x20, 0xff, 0x80, 0x38, 0x20, 0xff, 0x78, 0x30, 0x20, 0xff,
    0x78, 0x34, 0x20, 0xff, 0x90, 0x40, 0x20, 0xff, 0x90, 0x40, 0x20, 0xff,
    0x98, 0x44, 0x28, 0xff, 0x98, 0x44, 0x28, 0xff, 0xa0, 0x48, 0x28, 0xff,
    0xa0, 0x48, 0x28, 0xff, 0xa8, 0x48, 0x28, 0xff, 0xa8, 0x48, 0x28, 0xff,
    0xb0, 0x48, 0x28, 0xff, 0xb0, 0x4c, 0x28, 0xff, 0xb0, 0x4c, 0x28, 0xff,
    0xb8, 0x4c, 0x28, 0xff, 0xb8, 0x4c, 0x28, 0xff, 0xb8, 0x50, 0x28, 0xff,
    0xc0, 0x50, 0x28, 0xff, 0xc0, 0x50, 0x28, 0xff, 0xc0, 0x50, 0x28, 0xff,
    0xc0, 0x50, 0x30, 0xff, 0xc0, 0x50, 0x28, 0xff, 0xc0, 0x50, 0x28, 0xff,
    0xc8, 0x50, 0x28, 0xff, 0xc0, 0x50, 0x28, 0xff, 0xc8, 0x50, 0x28, 0xff,
    0xc0, 0x50, 0x28, 0xff, 0xc0, 0x50, 0x28, 0xff, 0xc0, 0x48, 0x20, 0xff,
    0xc0, 0x4c, 0x28, 0xff, 0xc8, 0x54, 0x28, 0xff, 0xc8, 0x50, 0x28, 0xff,
    0xc0, 0x54, 0x28, 0xff, 0xc8, 0x50, 0x28, 0xff, 0xc8, 0x50, 0x28, 0xff,
    0xc8, 0x54, 0x30, 0xff, 0xc8, 0x54, 0x28, 0xff, 0xa0, 0x3c, 0x20, 0xff,
    0x90, 0x38, 0x18, 0xff, 0xc0, 0x50, 0x28, 0xff, 0xc0, 0x50, 0x28, 0xff,
    0xc0, 0x4c, 0x28, 0xff, 0xc0, 0x4c, 0x28, 0xff, 0xb8, 0x4c, 0x28, 0xff,
    0xc0, 0x4c, 0x20, 0xff, 0xc0, 0x4c, 0x28, 0xff, 0xc0, 0x50, 0x28, 0xff,
    0xc0, 0x4c, 0x20, 0xff, 0xc0, 0x50, 0x28, 0xff, 0xc0, 0x50, 0x28, 0xff,
    0xc0, 0x4c, 0x20, 0xff, 0xc0, 0x4c, 0x28, 0xff, 0xc0, 0x4c, 0x28, 0xff,
    0xc0, 0x50, 0x28, 0xff, 0xb8, 0x48, 0x20, 0xff, 0xa8, 0x44, 0x20, 0xff,
    0xd0, 0x58, 0x30, 0xff, 0xd0, 0x54, 0x28, 0xff, 0xd0, 0x54, 0x30, 0xff,
    0xc8, 0x54, 0x28, 0xff, 0xc8, 0x54, 0x28, 0xff, 0xd0, 0x54, 0x28, 0xff,
    0xc8, 0x54, 0x28, 0xff, 0xc8, 0x54, 0x28, 0xff, 0xc8, 0x54, 0x28, 0xff,
    0xc8, 0x50, 0x28, 0xff, 0xc8, 0x50, 0x28, 0xff, 0xc8, 0x54, 0x30, 0xff,
    0xd0, 0x54, 0x28, 0xff, 0xd0, 0x58, 0x28, 0xff, 0xc8, 0x54, 0x30, 0xff,
    0xd0, 0x58, 0x28, 0xff, 0xd0, 0x58, 0x28, 0xff, 0xd0, 0x54, 0x30, 0xff,
    0xc8, 0x54, 0x28, 0xff, 0xd0, 0x58, 0x28, 0xff, 0xd0, 0x54, 0x30, 0xff,
    0xd0, 0x54, 0x28, 0xff, 0xc8, 0x54, 0x28, 0xff, 0xc8, 0x54, 0x28, 0xff,
    0xd0, 0x58, 0x30, 0xff, 0xd0, 0x58, 0x28, 0xff, 0xd0, 0x54, 0x28, 0xff,
    0xc8, 0x58, 0x28, 0xff, 0xd0, 0x54, 0x30, 0xff, 0xc8, 0x54, 0x28, 0xff,
    0xd0, 0x58, 0x28, 0xff, 0xd0, 0x54, 0x30, 0xff, 0xd0, 0x54, 0x28, 0xff,
    0xd0, 0x58, 0x28, 0xff, 0xc8, 0x54, 0x30, 0xff, 0xd0, 0x54, 0x28, 0xff,
    0xd0, 0x58, 0x30, 0xff, 0xd0, 0x58, 0x28, 0xff, 0xd0, 0x54, 0x28, 0xff,
    0xd0, 0x58, 0x30, 0xff, 0xd0, 0x54, 0x30, 0xff, 0xd0, 0x58, 0x28, 0xff,
    0xd0, 0x54, 0x28, 0xff, 0xd0, 0x58, 0x30, 0xff, 0xd0, 0x54, 0x28, 0xff,
    0xd0, 0x58, 0x28, 0xff, 0xd0, 0x54, 0x30, 0xff, 0xd0, 0x54, 0x30, 0xff,
    0xd0, 0x58, 0x28, 0xff, 0xd0, 0x58, 0x30, 0xff, 0xd0, 0x58, 0x28, 0xff,
    0xd0, 0x58, 0x30, 0xff, 0xd0, 0x58, 0x30, 0xff, 0xd0, 0x58, 0x28, 0xff,
    0xd0, 0x58, 0x28, 0xff, 0xd0, 0x58, 0x30, 0xff, 0xd0, 0x58, 0x30, 0xff,
    0xd0, 0x58, 0x28, 0xff, 0xd8, 0x58, 0x28, 0xff, 0xd8, 0x58, 0x30, 0xff,
    0xd0, 0x58, 0x30, 0xff, 0xd0, 0x5c, 0x30, 0xff, 0xd8, 0x5c, 0x30, 0xff,
    0xd8, 0x60, 0x30, 0xff, 0xe0, 0x64, 0x30, 0xff, 0xe0, 0x64, 0x38, 0xff,
    0xe0, 0x64, 0x38, 0xff, 0xe0, 0x64, 0x38, 0xff, 0xe8, 0x68, 0x38, 0xff,
    0xe0, 0x68, 0x38, 0xff, 0xe0, 0x64, 0x38, 0xff, 0xe8, 0x68, 0x38, 0xff,
    0xe0, 0x68, 0x38, 0xff, 0xe8, 0x64, 0x38, 0xff, 0xe0, 0x68, 0x38, 0xff,
    0xe8, 0x68, 0x38, 0xff, 0xe8, 0x64, 0x38, 0xff, 0xe0, 0x68, 0x38, 0xff,
    0xe0, 0x68, 0x38, 0xff, 0xe8, 0x68, 0x38, 0xff, 0xe0, 0x68, 0x38, 0xff,
    0xe0, 0x64, 0x38, 0xff, 0xe8, 0x68, 0x38, 0xff, 0xe0, 0x68, 0x38, 0xff,
    0xe0, 0x68, 0x38, 0xff, 0xe8, 0x68, 0x38, 0xff, 0xe0, 0x64, 0x38, 0xff,
    0xe8, 0x68, 0x38, 0xff, 0xe0, 0x68, 0x38, 0xff, 0xe0, 0x64, 0x38, 0xff,
    0xe0, 0x64, 0x38, 0xff, 0xe0, 0x68, 0x38, 0xff, 0xe0, 0x64, 0x38, 0xff,
    0xe8, 0x64, 0x38, 0xff, 0xe0, 0x68, 0x38, 0xff, 0xe0, 0x64, 0x38, 0xff,
    0xe0, 0x68, 0x30, 0xff, 0xe0, 0x64, 0x38, 0xff, 0xe0, 0x64, 0x38, 0xff,
    0xe0, 0x64, 0x38, 0xff, 0xe0, 0x64, 0x38, 0xff, 0xd8, 0x60, 0x30, 0xff,
    0xd8, 0x60, 0x38, 0xff, 0xd8, 0x60, 0x30, 0xff, 0xd8, 0x60, 0x30, 0xff,
    0xd0, 0x5c, 0x30, 0xff, 0xd8, 0x5c, 0x38, 0xff, 0xd8, 0x5c, 0x30, 0xff,
    0xd0, 0x5c, 0x30, 0xff, 0xd0, 0x58, 0x30, 0xff, 0xc8, 0x54, 0x28, 0xff,
    0xc8, 0x54, 0x28, 0xff, 0xc8, 0x54, 0x28, 0xff, 0xc8, 0x54, 0x28, 0xff,
    0xc8, 0x54, 0x28, 0xff, 0xc8, 0x54, 0x30, 0xff, 0xc8, 0x54, 0x28, 0xff,
    0xc8, 0x54, 0x28, 0xff, 0xc8, 0x50, 0x28, 0xff, 0xc8, 0x50, 0x28, 0xff,
    0xc8, 0x50, 0x28, 0xff, 0xc8, 0x50, 0x28, 0xff, 0xc0, 0x50, 0x28, 0xff,
    0xc8, 0x50, 0x28, 0xff, 0xc0, 0x50, 0x28, 0xff, 0xc0, 0x50, 0x28, 0xff,
    0xc0, 0x50, 0x28, 0xff, 0xc8, 0x50, 0x28, 0xff, 0xc8, 0x50, 0x28, 0xff,
    0xc0, 0x50, 0x28, 0xff, 0xc8, 0x50, 0x28, 0xff, 0xc0, 0x50, 0x28, 0xff,
    0xc0, 0x50, 0x28, 0xff, 0xc0, 0x50, 0x28, 0xff, 0xc0, 0x4c, 0x28, 0xff,
    0xc0, 0x50, 0x28, 0xff, 0xc0, 0x4c, 0x28, 0xff, 0xb8, 0x4c, 0x28, 0xff,
    0xc0, 0x4c, 0x28, 0xff, 0xb8, 0x4c, 0x28, 0xff, 0xb8, 0x4c, 0x20, 0xff,
    0xb0, 0x48, 0x20, 0xff, 0xb8, 0x48, 0x28, 0xff, 0xb0, 0x48, 0x20, 0xff,
    0xb0, 0x48, 0x28, 0xff, 0xa8, 0x44, 0x20, 0xff, 0xa8, 0x44, 0x20, 0xff,
    0xa0, 0x44, 0x28, 0xff, 0xa0, 0x40, 0x20, 0xff, 0x98, 0x40, 0x20, 0xff,
    0x98, 0x40, 0x20, 0xff, 0x98, 0x40, 0x20, 0xff, 0x90, 0x3c, 0x20, 0xff,
    0x88, 0x3c, 0x20, 0xff, 0x80, 0x38, 0x20, 0xff, 0x80, 0x38, 0x20, 0xff,
    0x70, 0x30, 0x18, 0xff, 0x80, 0x38, 0x20, 0xff, 0x90, 0x40, 0x20, 0xff,
    0x90, 0x40, 0x20, 0xff, 0x98, 0x40, 0x28, 0xff, 0x98, 0x44, 0x28, 0xff,
    0xa0, 0x44, 0x28, 0xff, 0xa0, 0x48, 0x28, 0xff, 0xa8, 0x48, 0x28, 0xff,
    0xa8, 0x4c, 0x28, 0xff, 0xb0, 0x4c, 0x28, 0xff, 0xb0, 0x4c, 0x28, 0xff,
    0xb8, 0x4c, 0x28, 0xff, 0xb8, 0x4c, 0x28, 0xff, 0xb8, 0x50, 0x28, 0xff,
    0xb8, 0x50, 0x28, 0xff, 0xc0, 0x50, 0x30, 0xff, 0xc0, 0x50, 0x28, 0xff,
    0xc0, 0x54, 0x28, 0xff, 0xc0, 0x50, 0x28, 0xff, 0xc0, 0x50, 0x28, 0xff,
    0xc0, 0x54, 0x28, 0xff, 0xc8, 0x50, 0x28, 0xff, 0xc8, 0x50, 0x28, 0xff,
    0xc8, 0x50, 0x28, 0xff, 0xc0, 0x50, 0x28, 0xff, 0xc0, 0x50, 0x28, 0xff,
    0xc0, 0x4c, 0x20, 0xff, 0xc0, 0x4c, 0x28, 0xff, 0xc8, 0x54, 0x28, 0xff,
    0xc8, 0x50, 0x28, 0xff, 0xc8, 0x50, 0x28, 0xff, 0xc0, 0x54, 0x28, 0xff,
    0xc8, 0x50, 0x28, 0xff, 0xc8, 0x54, 0x28, 0xff, 0xc8, 0x54, 0x28, 0xff,
    0xa8, 0x40, 0x20, 0xff, 0x90, 0x38, 0x18, 0xff, 0xc0, 0x4c, 0x28, 0xff,
    0xc0, 0x4c, 0x28, 0xff, 0xc0, 0x4c, 0x20, 0xff, 0xc0, 0x4c, 0x28, 0xff,
    0xc0, 0x4c, 0x28, 0xff, 0xc0, 0x4c, 0x28, 0xff, 0xc0, 0x50, 0x28, 0xff,
    0xc0, 0x4c, 0x28, 0xff, 0xc0, 0x4c, 0x28, 0xff, 0xc0, 0x50, 0x28, 0xff,
    0xc0, 0x4c, 0x28, 0xff, 0xc0, 0x4c, 0x28, 0xff, 0xc0, 0x4c, 0x28, 0xff,
    0xc0, 0x4c, 0x28, 0xff, 0xc0, 0x50, 0x28, 0xff, 0xb8, 0x48, 0x20, 0xff,
    0xa8, 0x44, 0x20, 0xff, 0xd0, 0x58, 0x30, 0xff, 0xd0, 0x54, 0x28, 0xff,
    0xc8, 0x54, 0x30, 0xff, 0xc8, 0x54, 0x28, 0xff, 0xd0, 0x54, 0x28, 0xff,
    0xc8, 0x54, 0x28, 0xff, 0xc8, 0x54, 0x28, 0xff, 0xc8, 0x54, 0x28, 0xff,
    0xc8, 0x54, 0x28, 0xff, 0xc8, 0x50, 0x28, 0xff, 0xc0, 0x50, 0x28, 0xff,
    0xc8, 0x54, 0x28, 0xff, 0xc8, 0x54, 0x28, 0xff, 0xd0, 0x54, 0x30, 0xff,
    0xd0, 0x54, 0x28, 0xff, 0xd0, 0x58, 0x30, 0xff, 0xd0, 0x58, 0x28, 0xff,
    0xd0, 0x54, 0x28, 0xff, 0xd0, 0x58, 0x28, 0xff, 0xc8, 0x58, 0x30, 0xff,
    0xd0, 0x54, 0x28, 0xff, 0xc8, 0x54, 0x30, 0xff, 0xd0, 0x54, 0x28, 0xff,
    0xc8, 0x54, 0x28, 0xff, 0xd0, 0x58, 0x30, 0xff, 0xd0, 0x54, 0x28, 0xff,
    0xd0, 0x54, 0x28, 0xff, 0xd0, 0x58, 0x30, 0xff, 0xd0, 0x58, 0x28, 0xff,
    0xd0, 0x54, 0x28, 0xff, 0xd0, 0x58, 0x30, 0xff, 0xc8, 0x58, 0x28, 0xff,
    0xd0, 0x54, 0x30, 0xff, 0xd0, 0x58, 0x28, 0xff, 0xc8, 0x54, 0x28, 0xff,
    0xd0, 0x54, 0x30, 0xff, 0xd0, 0x58, 0x28, 0xff, 0xd0, 0x54, 0x28, 0xff,
    0xd0, 0x58, 0x30, 0xff, 0xc8, 0x58, 0x28, 0xff, 0xd0, 0x54, 0x28, 0xff,
    0xd0, 0x58, 0x30, 0xff, 0xc8, 0x58, 0x28, 0xff, 0xd0, 0x54, 0x28, 0xff,
    0xd0, 0x58, 0x30, 0xff, 0xd0, 0x54, 0x30, 0xff, 0xd0, 0x58, 0x28, 0xff,
    0xd0, 0x58, 0x28, 0xff, 0xd0, 0x54, 0x30, 0xff, 0xd0, 0x58, 0x28, 0xff,
    0xd0, 0x58, 0x30, 0xff, 0xd0, 0x58, 0x28, 0xff, 0xd0, 0x58, 0x30, 0xff,
    0xd0, 0x54, 0x30, 0xff, 0xd0, 0x58, 0x30, 0xff, 0xd0, 0x58, 0x30, 0xff,
    0xd0, 0x58, 0x28, 0xff, 0xd0, 0x58, 0x30, 0xff, 0xd0, 0x58, 0x30, 0xff,
    0xd8, 0x58, 0x28, 0xff, 0xd0, 0x58, 0x28, 0xff, 0xd8, 0x5c, 0x30, 0xff,
    0xd8, 0x5c, 0x30, 0xff, 0xd8, 0x60, 0x30, 0xff, 0xd8, 0x64, 0x30, 0xff,
    0xe0, 0x60, 0x38, 0xff, 0xe0, 0x64, 0x38, 0xff, 0xe0, 0x64, 0x30, 0xff,
    0xe8, 0x64, 0x38, 0xff, 0xe0, 0x68, 0x38, 0xff, 0xe0, 0x68, 0x38, 0xff,
    0xe8, 0x68, 0x38, 0xff, 0xe0, 0x68, 0x38, 0xff, 0xe0, 0x64, 0x38, 0xff,
    0xe8, 0x68, 0x38, 0xff, 0xe0, 0x68, 0x38, 0xff, 0xe0, 0x64, 0x38, 0xff,
    0xe8, 0x68, 0x38, 0xff, 0xe0, 0x68, 0x38, 0xff, 0xe8, 0x64, 0x38, 0xff,
    0xe0, 0x68, 0x38, 0xff, 0xe8, 0x68, 0x38, 0xff, 0xe0, 0x68, 0x38, 0xff,
    0xe0, 0x64, 0x38, 0xff, 0xe8, 0x68, 0x38, 0xff, 0xe0, 0x68, 0x38, 0xff,
    0xe0, 0x64, 0x38, 0xff, 0xe0, 0x64, 0x38, 0xff, 0xe8, 0x68, 0x38, 0xff,
    0xe0, 0x64, 0x38, 0xff, 0xe0, 0x68, 0x38, 0xff, 0xe0, 0x68, 0x38, 0xff,
    0xe0, 0x68, 0x38, 0xff, 0xe0, 0x64, 0x38, 0xff, 0xe0, 0x68, 0x38, 0xff,
    0xe0, 0x68, 0x38, 0xff, 0xe0, 0x64, 0x38, 0xff, 0xe0, 0x68, 0x38, 0xff,
    0xe0, 0x64, 0x38, 0xff, 0xe0, 0x64, 0x30, 0xff, 0xe0, 0x64, 0x38, 0xff,
    0xd8, 0x60, 0x30, 0xff, 0xd8, 0x60, 0x30, 0xff, 0xd8, 0x60, 0x38, 0xff,
    0xd0, 0x5c, 0x30, 0xff, 0xd0, 0x5c, 0x30, 0xff, 0xd8, 0x60, 0x30, 0xff,
    0xd8, 0x5c, 0x30, 0xff, 0xd0, 0x58, 0x30, 0xff, 0xd0, 0x58, 0x28, 0xff,
    0xc8, 0x54, 0x28, 0xff, 0xc8, 0x54, 0x28, 0xff, 0xc8, 0x54, 0x30, 0xff,
    0xc8, 0x54, 0x28, 0xff, 0xc8, 0x54, 0x28, 0xff, 0xc8, 0x54, 0x28, 0xff,
    0xc8, 0x54, 0x28, 0xff, 0xc8, 0x54, 0x28, 0xff, 0xc0, 0x50, 0x28, 0xff,
    0xc0, 0x50, 0x30, 0xff, 0xc8, 0x54, 0x28, 0xff, 0xc0, 0x50, 0x28, 0xff,
    0xc8, 0x50, 0x28, 0xff, 0xc8, 0x54, 0x28, 0xff, 0xc0, 0x50, 0x28, 0xff,
    0xc0, 0x50, 0x28, 0xff, 0xc0, 0x54, 0x28, 0xff, 0xc8, 0x50, 0x28, 0xff,
    0xc8, 0x50, 0x28, 0xff, 0xc0, 0x50, 0x28, 0xff, 0xc0, 0x50, 0x28, 0xff,
    0xc0, 0x50, 0x28, 0xff, 0xc0, 0x50, 0x28, 0xff, 0xc0, 0x50, 0x28, 0xff,
    0xc0, 0x4c, 0x28, 0xff, 0xc0, 0x4c, 0x28, 0xff, 0xc0, 0x4c, 0x28, 0xff,
    0xc0, 0x4c, 0x28, 0xff, 0xb8, 0x4c, 0x28, 0xff, 0xb8, 0x4c, 0x20, 0xff,
    0xb8, 0x48, 0x28, 0xff, 0xb8, 0x4c, 0x28, 0xff, 0xb0, 0x48, 0x28, 0xff,
    0xb0, 0x48, 0x20, 0xff, 0xb0, 0x48, 0x28, 0xff, 0xa8, 0x48, 0x20, 0xff,
    0xa0, 0x44, 0x20, 0xff, 0xa8, 0x44, 0x28, 0xff, 0xa0, 0x44, 0x20, 0xff,
    0x98, 0x40, 0x20, 0xff, 0x98, 0x40, 0x20, 0xff, 0x98, 0x3c, 0x20, 0xff,
    0x90, 0x40, 0x20, 0xff, 0x88, 0x38, 0x20, 0xff, 0x88, 0x38, 0x20, 0xff,
    0x80, 0x38, 0x20, 0xff, 0x70, 0x30, 0x18, 0xff, 0x80, 0x34, 0x20, 0xff,
    0x90, 0x40, 0x28, 0xff, 0x90, 0x40, 0x20, 0xff, 0x98, 0x40, 0x28, 0xff,
    0x98, 0x44, 0x20, 0xff, 0xa0, 0x44, 0x28, 0xff, 0xa0, 0x44, 0x20, 0xff,
    0xa0, 0x48, 0x28, 0xff, 0xa8, 0x48, 0x28, 0xff, 0xa8, 0x4c, 0x28, 0xff,
    0xb0, 0x4c, 0x28, 0xff, 0xb0, 0x4c, 0x28, 0xff, 0xb8, 0x4c, 0x28, 0xff,
    0xb8, 0x4c, 0x28, 0xff, 0xb8, 0x50, 0x28, 0xff, 0xb8, 0x50, 0x28, 0xff,
    0xc0, 0x50, 0x28, 0xff, 0xc0, 0x50, 0x28, 0xff, 0xc0, 0x50, 0x28, 0xff,
    0xc0, 0x50, 0x28, 0xff, 0xc0, 0x50, 0x28, 0xff, 0xc8, 0x54, 0x28, 0xff,
    0xc8, 0x54, 0x28, 0xff, 0xc0, 0x50, 0x28, 0xff, 0xc8, 0x50, 0x28, 0xff,
    0xc0, 0x4c, 0x20, 0xff, 0xb8, 0x48, 0x20, 0xff, 0xc0, 0x4c, 0x20, 0xff,
    0xc0, 0x54, 0x28, 0xff, 0xc0, 0x50, 0x28, 0xff, 0xc0, 0x50, 0x28, 0xff,
    0xc8, 0x54, 0x28, 0xff, 0xc0, 0x50, 0x28, 0xff, 0xc8, 0x54, 0x28, 0xff,
    0xc8, 0x54, 0x28, 0xff, 0x90, 0x38, 0x18, 0xff, 0x88, 0x38, 0x18, 0xff,
    0xc0, 0x50, 0x28, 0xff, 0xc0, 0x50, 0x28, 0xff, 0xc0, 0x4c, 0x28, 0xff,
    0xc0, 0x50, 0x28, 0xff, 0xc0, 0x4c, 0x28, 0xff, 0xc0, 0x4c, 0x20, 0xff,
    0xc0, 0x50, 0x28, 0xff, 0xc0, 0x50, 0x28, 0xff, 0xc0, 0x4c, 0x28, 0xff,
    0xc0, 0x50, 0x28, 0xff, 0xc0, 0x50, 0x28, 0xff, 0xc0, 0x50, 0x28, 0xff,
    0xc0, 0x4c, 0x28, 0xff, 0xc0, 0x4c, 0x28, 0xff, 0xc0, 0x50, 0x28, 0xff,
    0xb8, 0x48, 0x20, 0xff, 0xa8, 0x44, 0x20, 0xff, 0xd0, 0x58, 0x30, 0xff,
    0xd0, 0x58, 0x28, 0xff, 0xc8, 0x54, 0x30, 0xff, 0xc8, 0x54, 0x28, 0xff,
    0xd0, 0x58, 0x28, 0xff, 0xd0, 0x54, 0x30, 0xff, 0xd0, 0x54, 0x30, 0xff,
    0xd0, 0x54, 0x28, 0xff, 0xc8, 0x54, 0x28, 0xff, 0xc8, 0x50, 0x28, 0xff,
    0xc8, 0x50, 0x28, 0xff, 0xd0, 0x58, 0x28, 0xff, 0xc8, 0x54, 0x28, 0xff,
    0xd0, 0x58, 0x28, 0xff, 0xd0, 0x54, 0x28, 0xff, 0xd0, 0x54, 0x30, 0xff,
    0xc8, 0x58, 0x30, 0xff, 0xd0, 0x54, 0x28, 0xff, 0xd0, 0x54, 0x30, 0xff,
    0xd0, 0x58, 0x28, 0xff, 0xd0, 0x58, 0x28, 0xff, 0xd0, 0x54, 0x30, 0xff,
    0xc8, 0x54, 0x28, 0xff, 0xd0, 0x54, 0x28, 0xff, 0xd0, 0x58, 0x30, 0xff,
    0xc8, 0x54, 0x30, 0xff, 0xd0, 0x58, 0x28, 0xff, 0xd0, 0x54, 0x30, 0xff,
    0xd0, 0x58, 0x28, 0xff, 0xd0, 0x54, 0x30, 0xff, 0xd0, 0x54, 0x30, 0xff,
    0xd0, 0x58, 0x28, 0xff, 0xd0, 0x58, 0x28, 0xff, 0xd0, 0x54, 0x30, 0xff,
    0xd0, 0x58, 0x30, 0xff, 0xd0, 0x58, 0x28, 0xff, 0xd0, 0x54, 0x30, 0xff,
    0xd0, 0x54, 0x30, 0xff, 0xd0, 0x58, 0x30, 0xff, 0xd0, 0x54, 0x28, 0xff,
    0xd0, 0x54, 0x30, 0xff, 0xd0, 0x58, 0x30, 0xff, 0xd0, 0x58, 0x28, 0xff,
    0xd0, 0x54, 0x28, 0xff, 0xd0, 0x58, 0x30, 0xff, 0xc8, 0x54, 0x30, 0xff,
    0xd0, 0x58, 0x28, 0xff, 0xd0, 0x54, 0x30, 0xff, 0xd0, 0x54, 0x28, 0xff,
    0xd0, 0x58, 0x30, 0xff, 0xd0, 0x58, 0x30, 0xff, 0xd0, 0x58, 0x28, 0xff,
    0xd0, 0x58, 0x28, 0xff, 0xd0, 0x58, 0x30, 0xff, 0xd0, 0x58, 0x28, 0xff,
    0xd0, 0x58, 0x30, 0xff, 0xd0, 0x58, 0x30, 0xff, 0xd0, 0x58, 0x28, 0xff,
    0xd0, 0x5c, 0x30, 0xff, 0xd0, 0x58, 0x30, 0xff, 0xd0, 0x5c, 0x30, 0xff,
    0xd8, 0x5c, 0x30, 0xff, 0xd8, 0x5c, 0x30, 0xff, 0xd8, 0x60, 0x30, 0xff,
    0xd8, 0x60, 0x38, 0xff, 0xe0, 0x64, 0x38, 0xff, 0xe0, 0x64, 0x38, 0xff,
    0xe0, 0x64, 0x38, 0xff, 0xe0, 0x68, 0x38, 0xff, 0xe0, 0x64, 0x38, 0xff,
    0xe8, 0x68, 0x38, 0xff, 0xe0, 0x68, 0x38, 0xff, 0xe0, 0x68, 0x38, 0xff,
    0xe8, 0x68, 0x38, 0xff, 0xe0, 0x68, 0x38, 0xff, 0xe0, 0x68, 0x38, 0xff,
    0xe0, 0x68, 0x38, 0xff, 0xe8, 0x68, 0x38, 0xff, 0xe0, 0x64, 0x38, 0xff,
    0xe0, 0x68, 0x38, 0xff, 0xe8, 0x68, 0x38, 0xff, 0xe0, 0x68, 0x38, 0xff,
    0xe0, 0x64, 0x38, 0xff, 0xe8, 0x68, 0x38, 0xff, 0xe0, 0x68, 0x38, 0xff,
    0xe8, 0x68, 0x38, 0xff, 0xe0, 0x64, 0x38, 0xff, 0xe0, 0x68, 0x38, 0xff,
    0xe8, 0x68, 0x38, 0xff, 0xe0, 0x68, 0x38, 0xff, 0xe8, 0x64, 0x38, 0xff,
    0xe0, 0x68, 0x38, 0xff, 0xe0, 0x64, 0x38, 0xff, 0xe0, 0x68, 0x38, 0xff,
    0xe0, 0x64, 0x38, 0xff, 0xe0, 0x68, 0x38, 0xff, 0xe0, 0x64, 0x38, 0xff,
    0xe0, 0x64, 0x38, 0xff, 0xe0, 0x64, 0x30, 0xff, 0xd8, 0x60, 0x30, 0xff,
    0xd8, 0x60, 0x38, 0xff, 0xd8, 0x60, 0x30, 0xff, 0xd8, 0x60, 0x30, 0xff,
    0xd8, 0x5c, 0x38, 0xff, 0xd0, 0x5c, 0x30, 0xff, 0xd8, 0x60, 0x38, 0xff,
    0xd8, 0x60, 0x38, 0xff, 0xd0, 0x5c, 0x30, 0xff, 0xc8, 0x54, 0x30, 0xff,
    0xc8, 0x58, 0x30, 0xff, 0xc8, 0x54, 0x30, 0xff, 0xc8, 0x58, 0x28, 0xff,
    0xc8, 0x54, 0x28, 0xff, 0xc8, 0x54, 0x30, 0xff, 0xc8, 0x54, 0x28, 0xff,
    0xc8, 0x54, 0x28, 0xff, 0xc8, 0x54, 0x30, 0xff, 0xc8, 0x54, 0x28, 0xff,
    0xc8, 0x54, 0x28, 0xff, 0xc8, 0x54, 0x30, 0xff, 0xc8, 0x54, 0x28, 0xff,
    0xc0, 0x54, 0x30, 0xff, 0xc8, 0x54, 0x28, 0xff, 0xc8, 0x50, 0x30, 0xff,
    0xc8, 0x54, 0x30, 0xff, 0xc8, 0x54, 0x28, 0xff, 0xc8, 0x50, 0x28, 0xff,
    0xc0, 0x50, 0x28, 0xff, 0xc8, 0x50, 0x28, 0xff, 0xc0, 0x50, 0x28, 0xff,
    0xc8, 0x50, 0x28, 0xff, 0xc0, 0x50, 0x28, 0xff, 0xc8, 0x50, 0x28, 0xff,
    0xc8, 0x50, 0x28, 0xff, 0xc0, 0x50, 0x28, 0xff, 0xc0, 0x50, 0x28, 0xff,
    0xc0, 0x50, 0x28, 0xff, 0xc0, 0x50, 0x28, 0xff, 0xb8, 0x4c, 0x28, 0xff,
    0xb8, 0x4c, 0x28, 0xff, 0xb8, 0x4c, 0x28, 0xff, 0xb8, 0x4c, 0x28, 0xff,
    0xb8, 0x48, 0x28, 0xff, 0xb0, 0x48, 0x28, 0xff, 0xb0, 0x48, 0x28, 0xff,
    0xb0, 0x48, 0x28, 0xff, 0xa8, 0x44, 0x28, 0xff, 0xa8, 0x44, 0x20, 0xff,
    0xa0, 0x44, 0x28, 0xff, 0xa0, 0x44, 0x28, 0xff, 0x98, 0x40, 0x28, 0xff,
    0x98, 0x40, 0x20, 0xff, 0x90, 0x3c, 0x28, 0xff, 0x90, 0x3c, 0x20, 0xff,
    0x88, 0x3c, 0x20, 0xff, 0x88, 0x3c, 0x20, 0xff, 0x78, 0x34, 0x20, 0xff,
    0x80, 0x38, 0x20, 0xff, 0x90, 0x40, 0x28, 0xff, 0x90, 0x40, 0x20, 0xff,
    0x98, 0x40, 0x28, 0xff, 0x98, 0x44, 0x28, 0xff, 0xa0, 0x48, 0x28, 0xff,
    0xa0, 0x44, 0x28, 0xff, 0xa8, 0x48, 0x28, 0xff, 0xa8, 0x48, 0x28, 0xff,
    0xb0, 0x4c, 0x28, 0xff, 0xb0, 0x4c, 0x28, 0xff, 0xb0, 0x4c, 0x28, 0xff,
    0xb8, 0x4c, 0x28, 0xff, 0xb8, 0x4c, 0x28, 0xff, 0xb8, 0x50, 0x28, 0xff,
    0xc0, 0x50, 0x28, 0xff, 0xc0, 0x50, 0x28, 0xff, 0xc0, 0x50, 0x28, 0xff,
    0xc0, 0x50, 0x28, 0xff, 0xc0, 0x50, 0x28, 0xff, 0xc0, 0x50, 0x28, 0xff,
    0xc8, 0x50, 0x28, 0xff, 0xc0, 0x50, 0x28, 0xff, 0xc0, 0x50, 0x28, 0xff,
    0xc8, 0x50, 0x28, 0xff, 0xc0, 0x4c, 0x28, 0xff, 0xb8, 0x48, 0x20, 0xff,
    0xc0, 0x48, 0x20, 0xff, 0xc0, 0x50, 0x28, 0xff, 0xc0, 0x4c, 0x28, 0xff,
    0xc0, 0x4c, 0x28, 0xff, 0xc8, 0x50, 0x28, 0xff, 0xc8, 0x50, 0x28, 0xff,
    0xc8, 0x54, 0x30, 0xff, 0xc8, 0x54, 0x28, 0xff, 0x90, 0x3c, 0x20, 0xff,
    0x88, 0x34, 0x18, 0xff, 0xc0, 0x4c, 0x28, 0xff, 0xc0, 0x50, 0x28, 0xff,
    0xc0, 0x4c, 0x28, 0xff, 0xc0, 0x4c, 0x28, 0xff, 0xc0, 0x50, 0x28, 0xff,
    0xc0, 0x4c, 0x20, 0xff, 0xc0, 0x4c, 0x28, 0xff, 0xc0, 0x50, 0x28, 0xff,
    0xc0, 0x4c, 0x20, 0xff, 0xc0, 0x4c, 0x28, 0xff, 0xc0, 0x50, 0x28, 0xff,
    0xc0, 0x4c, 0x20, 0xff, 0xc0, 0x4c, 0x28, 0xff, 0xc0, 0x4c, 0x28, 0xff,
    0xc0, 0x50, 0x28, 0xff, 0xb8, 0x48, 0x20, 0xff, 0xa8, 0x44, 0x20, 0xff,
    0xc8, 0x54, 0x30, 0xff, 0xd0, 0x58, 0x28, 0xff, 0xd0, 0x54, 0x30, 0xff,
    0xc8, 0x54, 0x28, 0xff, 0xd0, 0x58, 0x28, 0xff, 0xd0, 0x58, 0x30, 0xff,
    0xd0, 0x54, 0x28, 0xff, 0xc8, 0x54, 0x28, 0xff, 0xd0, 0x54, 0x28, 0xff,
    0xc8, 0x50, 0x28, 0xff, 0xc8, 0x50, 0x28, 0xff, 0xc8, 0x58, 0x28, 0xff,
    0xd0, 0x58, 0x28, 0xff, 0xd0, 0x54, 0x30, 0xff, 0xc8, 0x58, 0x28, 0xff,
    0xc8, 0x58, 0x28, 0xff, 0xd0, 0x54, 0x28, 0xff, 0xd0, 0x58, 0x28, 0xff,
    0xd0, 0x54, 0x30, 0xff, 0xc8, 0x54, 0x28, 0xff, 0xd0, 0x58, 0x28, 0xff,
    0xd0, 0x58, 0x30, 0xff, 0xc8, 0x54, 0x28, 0xff, 0xc8, 0x54, 0x28, 0xff,
    0xd0, 0x58, 0x28, 0xff, 0xd0, 0x58, 0x28, 0xff, 0xd0, 0x54, 0x30, 0xff,
    0xc8, 0x58, 0x28, 0xff, 0xd0, 0x54, 0x28, 0xff, 0xd0, 0x58, 0x28, 0xff,
    0xc8, 0x54, 0x28, 0xff, 0xd0, 0x54, 0x30, 0xff, 0xd0, 0x58, 0x28, 0xff,
    0xd0, 0x54, 0x28, 0xff, 0xd0, 0x58, 0x30, 0xff, 0xc8, 0x58, 0x28, 0xff,
    0xd0, 0x54, 0x28, 0xff, 0xd0, 0x58, 0x28, 0xff, 0xc8, 0x58, 0x28, 0xff,
    0xd0, 0x54, 0x28, 0xff, 0xd0, 0x58, 0x30, 0xff, 0xd0, 0x54, 0x30, 0xff,
    0xd0, 0x54, 0x28, 0xff, 0xd0, 0x58, 0x28, 0xff, 0xd0, 0x54, 0x28, 0xff,
    0xd0, 0x58, 0x30, 0xff, 0xd0, 0x58, 0x30, 0xff, 0xd0, 0x58, 0x28, 0xff,
    0xd0, 0x58, 0x30, 0xff, 0xd0, 0x58, 0x28, 0xff, 0xd0, 0x58, 0x30, 0xff,
    0xd0, 0x54, 0x30, 0xff, 0xd0, 0x58, 0x28, 0xff, 0xd0, 0x58, 0x28, 0xff,
    0xd0, 0x58, 0x30, 0xff, 0xd0, 0x58, 0x28, 0xff, 0xd8, 0x58, 0x30, 0xff,
    0xd0, 0x58, 0x30, 0xff, 0xd0, 0x58, 0x28, 0xff, 0xd0, 0x58, 0x30, 0xff,
    0xd0, 0x58, 0x30, 0xff, 0xd8, 0x58, 0x30, 0xff, 0xd8, 0x5c, 0x30, 0xff,
    0xd8, 0x5c, 0x30, 0xff, 0xd8, 0x60, 0x30, 0xff, 0xe0, 0x64, 0x38, 0xff,
    0xe0, 0x64, 0x30, 0xff, 0xe0, 0x64, 0x38, 0xff, 0xe0, 0x64, 0x38, 0xff,
    0xe0, 0x64, 0x38, 0xff, 0xe8, 0x68, 0x38, 0xff, 0xe0, 0x68, 0x38, 0xff,
    0xe0, 0x64, 0x38, 0xff, 0xe8, 0x68, 0x38, 0xff, 0xe0, 0x64, 0x38, 0xff,
    0xe8, 0x64, 0x38, 0xff, 0xe0, 0x68, 0x38, 0xff, 0xe0, 0x68, 0x38, 0xff,
    0xe8, 0x68, 0x38, 0xff, 0xe0, 0x68, 0x38, 0xff, 0xe0, 0x64, 0x38, 0xff,
    0xe8, 0x68, 0x38, 0xff, 0xe0, 0x68, 0x38, 0xff, 0xe0, 0x68, 0x38, 0xff,
    0xe0, 0x68, 0x38, 0xff, 0xe8, 0x64, 0x38, 0xff, 0xe0, 0x68, 0x38, 0xff,
    0xe0, 0x68, 0x38, 0xff, 0xe0, 0x68, 0x38, 0xff, 0xe0, 0x68, 0x38, 0xff,
    0xe0, 0x64, 0x38, 0xff, 0xe0, 0x64, 0x38, 0xff, 0xe0, 0x68, 0x38, 0xff,
    0xe0, 0x64, 0x38, 0xff, 0xe0, 0x64, 0x38, 0xff, 0xe0, 0x64, 0x38, 0xff,
    0xe0, 0x64, 0x38, 0xff, 0xe0, 0x64, 0x38, 0xff, 0xe0, 0x60, 0x38, 0xff,
    0xd8, 0x64, 0x30, 0xff, 0xd8, 0x60, 0x38, 0xff, 0xd8, 0x60, 0x30, 0xff,
    0xd8, 0x5c, 0x30, 0xff, 0xd0, 0x60, 0x30, 0xff, 0xd8, 0x60, 0x30, 0xff,
    0xd8, 0x5c, 0x30, 0xff, 0xd8, 0x60, 0x38, 0xff, 0xd0, 0x5c, 0x30, 0xff,
    0xd0, 0x58, 0x28, 0xff, 0xc8, 0x54, 0x28, 0xff, 0xd0, 0x54, 0x28, 0xff,
    0xc8, 0x54, 0x28, 0xff, 0xc8, 0x54, 0x28, 0xff, 0xd0, 0x54, 0x30, 0xff,
    0xc8, 0x54, 0x28, 0xff, 0xc8, 0x54, 0x30, 0xff, 0xc8, 0x54, 0x28, 0xff,
    0xc8, 0x54, 0x28, 0xff, 0xc8, 0x54, 0x28, 0xff, 0xc8, 0x54, 0x28, 0xff,
    0xc8, 0x54, 0x28, 0xff, 0xc8, 0x54, 0x28, 0xff, 0xc0, 0x54, 0x28, 0xff,
    0xc0, 0x54, 0x28, 0xff, 0xc8, 0x50, 0x28, 0xff, 0xc8, 0x50, 0x28, 0xff,
    0xc8, 0x50, 0x28, 0xff, 0xc0, 0x50, 0x30, 0xff, 0xc0, 0x50, 0x28, 0xff,
    0xc8, 0x50, 0x28, 0xff, 0xc0, 0x50, 0x28, 0xff, 0xc8, 0x50, 0x28, 0xff,
    0xc0, 0x50, 0x28, 0xff, 0xc0, 0x50, 0x28, 0xff, 0xc0, 0x50, 0x28, 0xff,
    0xc0, 0x50, 0x28, 0xff, 0xb8, 0x4c, 0x28, 0xff, 0xb8, 0x4c, 0x28, 0xff,
    0xb8, 0x4c, 0x28, 0xff, 0xb8, 0x4c, 0x28, 0xff, 0xb8, 0x4c, 0x28, 0xff,
    0xb8, 0x48, 0x20, 0xff, 0xb8, 0x4c, 0x28, 0xff, 0xb0, 0x48, 0x28, 0xff,
    0xb0, 0x48, 0x20, 0xff, 0xa8, 0x48, 0x28, 0xff, 0xa8, 0x48, 0x20, 0xff,
    0xa8, 0x44, 0x28, 0xff, 0xa0, 0x44, 0x20, 0xff, 0xa0, 0x40, 0x20, 0xff,
    0x98, 0x40, 0x20, 0xff, 0x98, 0x40, 0x20, 0xff, 0x90, 0x40, 0x20, 0xff,
    0x90, 0x3c, 0x20, 0xff, 0x88, 0x3c, 0x20, 0xff, 0x88, 0x3c, 0x20, 0xff,
    0x78, 0x34, 0x20, 0xff, 0x80, 0x38, 0x20, 0xff, 0x90, 0x40, 0x20, 0xff,
    0x90, 0x40, 0x20, 0xff, 0x98, 0x40, 0x28, 0xff, 0x98, 0x44, 0x20, 0xff,
    0xa0, 0x44, 0x28, 0xff, 0xa0, 0x48, 0x28, 0xff, 0xa8, 0x48, 0x28, 0xff,
    0xa8, 0x48, 0x28, 0xff, 0xa8, 0x48, 0x28, 0xff, 0xb0, 0x4c, 0x28, 0xff,
    0xb0, 0x4c, 0x28, 0xff, 0xb8, 0x4c, 0x28, 0xff, 0xb8, 0x4c, 0x28, 0xff,
    0xb8, 0x50, 0x28, 0xff, 0xb8, 0x50, 0x30, 0xff, 0xc0, 0x50, 0x28, 0xff,
    0xc0, 0x50, 0x28, 0xff, 0xc0, 0x50, 0x30, 0xff, 0xc0, 0x50, 0x28, 0xff,
    0xc0, 0x50, 0x28, 0xff, 0xc8, 0x50, 0x28, 0xff, 0xc8, 0x50, 0x28, 0xff,
    0xc0, 0x50, 0x28, 0xff, 0xc0, 0x50, 0x28, 0xff, 0xc0, 0x4c, 0x28, 0xff,
    0xb8, 0x48, 0x20, 0xff, 0xb8, 0x48, 0x20, 0xff, 0xb0, 0x44, 0x20, 0xff,
    0xc8, 0x50, 0x28, 0xff, 0xc8, 0x54, 0x28, 0xff, 0xc0, 0x4c, 0x28, 0xff,
    0xc8, 0x54, 0x28, 0xff, 0xc8, 0x54, 0x28, 0xff, 0xc8, 0x54, 0x30, 0xff,
    0x98, 0x3c, 0x18, 0xff, 0x88, 0x34, 0x18, 0xff, 0xc0, 0x4c, 0x28, 0xff,
    0xc0, 0x4c, 0x28, 0xff, 0xb8, 0x4c, 0x20, 0xff, 0xc0, 0x4c, 0x28, 0xff,
    0xc0, 0x4c, 0x28, 0xff, 0xc0, 0x4c, 0x28, 0xff, 0xc0, 0x4c, 0x28, 0xff,
    0xc0, 0x50, 0x28, 0xff, 0xc0, 0x50, 0x28, 0xff, 0xc0, 0x4c, 0x28, 0xff,
    0xc0, 0x4c, 0x28, 0xff, 0xc0, 0x4c, 0x28, 0xff, 0xc0, 0x50, 0x28, 0xff,
    0xc0, 0x4c, 0x28, 0xff, 0xc0, 0x50, 0x28, 0xff, 0xb8, 0x48, 0x20, 0xff,
    0xa8, 0x44, 0x20, 0xff, 0xc8, 0x54, 0x30, 0xff, 0xd0, 0x58, 0x28, 0xff,
    0xc8, 0x54, 0x30, 0xff, 0xc8, 0x54, 0x28, 0xff, 0xd0, 0x54, 0x28, 0xff,
    0xd0, 0x58, 0x28, 0xff, 0xc8, 0x54, 0x28, 0xff, 0xc8, 0x58, 0x28, 0xff,
    0xc8, 0x54, 0x28, 0xff, 0xc8, 0x50, 0x28, 0xff, 0xc8, 0x50, 0x28, 0xff,
    0xc8, 0x58, 0x30, 0xff, 0xd0, 0x54, 0x28, 0xff, 0xd0, 0x54, 0x28, 0xff,
    0xd0, 0x58, 0x30, 0xff, 0xd0, 0x54, 0x28, 0xff, 0xd0, 0x58, 0x30, 0xff,
    0xd0, 0x58, 0x28, 0xff, 0xd0, 0x54, 0x28, 0xff, 0xd0, 0x58, 0x30, 0xff,
    0xd0, 0x54, 0x28, 0xff, 0xd0, 0x58, 0x28, 0xff, 0xd0, 0x54, 0x28, 0xff,
    0xc8, 0x54, 0x30, 0xff, 0xd0, 0x58, 0x30, 0xff, 0xd0, 0x54, 0x28, 0xff,
    0xd0, 0x54, 0x28, 0xff, 0xd0, 0x58, 0x30, 0xff, 0xd0, 0x58, 0x28, 0xff,
    0xd0, 0x54, 0x30, 0xff, 0xd0, 0x58, 0x28, 0xff, 0xd0, 0x58, 0x28, 0xff,
    0xd0, 0x54, 0x30, 0xff, 0xd0, 0x54, 0x28, 0xff, 0xd0, 0x54, 0x28, 0xff,
    0xd0, 0x58, 0x30, 0xff, 0xd0, 0x54, 0x30, 0xff, 0xd0, 0x54, 0x30, 0xff,
    0xd0, 0x58, 0x28, 0xff, 0xd0, 0x54, 0x30, 0xff, 0xd0, 0x58, 0x28, 0xff,
    0xd0, 0x58, 0x28, 0xff, 0xd0, 0x54, 0x30, 0xff, 0xc8, 0x58, 0x30, 0xff,
    0xd0, 0x58, 0x28, 0xff, 0xd0, 0x58, 0x28, 0xff, 0xd0, 0x54, 0x30, 0xff,
    0xd0, 0x58, 0x30, 0xff, 0xd0, 0x58, 0x28, 0xff, 0xd0, 0x58, 0x28, 0xff,
    0xd0, 0x54, 0x30, 0xff, 0xd0, 0x58, 0x28, 0xff, 0xd0, 0x58, 0x30, 0xff,
    0xd0, 0x54, 0x30, 0xff, 0xd0, 0x58, 0x30, 0xff, 0xd0, 0x5c, 0x28, 0xff,
    0xd0, 0x58, 0x30, 0xff, 0xd0, 0x5c, 0x30, 0xff, 0xd0, 0x58, 0x28, 0xff,
    0xd0, 0x58, 0x28, 0xff, 0xd0, 0x58, 0x28, 0xff, 0xd0, 0x5c, 0x30, 0xff,
    0xd0, 0x58, 0x30, 0xff, 0xd8, 0x60, 0x30, 0xff, 0xd8, 0x60, 0x30, 0xff,
    0xd8, 0x60, 0x30, 0xff, 0xe0, 0x60, 0x38, 0xff, 0xe0, 0x64, 0x38, 0xff,
    0xe0, 0x64, 0x38, 0xff, 0xe0, 0x64, 0x38, 0xff, 0xe0, 0x68, 0x38, 0xff,
    0xe8, 0x68, 0x38, 0xff, 0xe0, 0x68, 0x38, 0xff, 0xe0, 0x68, 0x38, 0xff,
    0xe8, 0x68, 0x38, 0xff, 0xe0, 0x68, 0x38, 0xff, 0xe8, 0x64, 0x38, 0xff,
    0xe0, 0x68, 0x38, 0xff, 0xe8, 0x68, 0x38, 0xff, 0xe0, 0x64, 0x38, 0xff,
    0xe0, 0x68, 0x38, 0xff, 0xe8, 0x68, 0x38, 0xff, 0xe8, 0x64, 0x38, 0xff,
    0xe0, 0x68, 0x38, 0xff, 0xe0, 0x68, 0x38, 0xff, 0xe0, 0x68, 0x38, 0xff,
    0xe0, 0x68, 0x38, 0xff, 0xe0, 0x64, 0x38, 0xff, 0xe0, 0x68, 0x38, 0xff,
    0xe0, 0x64, 0x38, 0xff, 0xe0, 0x64, 0x38, 0xff, 0xe0, 0x68, 0x38, 0xff,
    0xe8, 0x68, 0x38, 0xff, 0xe0, 0x64, 0x38, 0xff, 0xe0, 0x68, 0x38, 0xff,
    0xe0, 0x68, 0x38, 0xff, 0xe0, 0x64, 0x38, 0xff, 0xe0, 0x64, 0x38, 0xff,
    0xe0, 0x64, 0x38, 0xff, 0xe0, 0x60, 0x38, 0xff, 0xd8, 0x60, 0x30, 0xff,
    0xd8, 0x60, 0x38, 0xff, 0xd8, 0x5c, 0x38, 0xff, 0xd8, 0x5c, 0x30, 0xff,
    0xd0, 0x5c, 0x30, 0xff, 0xd8, 0x5c, 0x30, 0xff, 0xd8, 0x60, 0x38, 0xff,
    0xd0, 0x5c, 0x30, 0xff, 0xd0, 0x58, 0x30, 0xff, 0xc8, 0x54, 0x28, 0xff,
    0xc8, 0x54, 0x28, 0xff, 0xd0, 0x54, 0x30, 0xff, 0xc8, 0x54, 0x28, 0xff,
    0xc8, 0x54, 0x28, 0xff, 0xc8, 0x54, 0x30, 0xff, 0xc8, 0x54, 0x28, 0xff,
    0xc8, 0x50, 0x28, 0xff, 0xc8, 0x54, 0x30, 0xff, 0xc8, 0x50, 0x28, 0xff,
    0xc8, 0x50, 0x28, 0xff, 0xc0, 0x50, 0x30, 0xff, 0xc0, 0x50, 0x28, 0xff,
    0xc8, 0x50, 0x28, 0xff, 0xc8, 0x50, 0x28, 0xff, 0xc0, 0x50, 0x28, 0xff,
    0xc0, 0x54, 0x28, 0xff, 0xc0, 0x50, 0x28, 0xff, 0xc0, 0x50, 0x28, 0xff,
    0xc8, 0x54, 0x28, 0xff, 0xc8, 0x50, 0x28, 0xff, 0xc0, 0x50, 0x30, 0xff,
    0xc0, 0x50, 0x28, 0xff, 0xc0, 0x50, 0x28, 0xff, 0xc0, 0x50, 0x28, 0xff,
    0xc0, 0x50, 0x28, 0xff, 0xc0, 0x50, 0x28, 0xff, 0xc0, 0x50, 0x28, 0xff,
    0xb8, 0x4c, 0x28, 0xff, 0xb8, 0x4c, 0x28, 0xff, 0xb8, 0x4c, 0x28, 0xff,
    0xb8, 0x4c, 0x20, 0xff, 0xb8, 0x48, 0x28, 0xff, 0xb0, 0x48, 0x28, 0xff,
    0xb0, 0x48, 0x20, 0xff, 0xb0, 0x48, 0x20, 0xff, 0xa8, 0x48, 0x28, 0xff,
    0xa8, 0x44, 0x20, 0xff, 0xa8, 0x44, 0x28, 0xff, 0xa0, 0x44, 0x28, 0xff,
    0xa0, 0x44, 0x20, 0xff, 0x98, 0x40, 0x28, 0xff, 0x98, 0x40, 0x28, 0xff,
    0x98, 0x40, 0x20, 0xff, 0x90, 0x3c, 0x20, 0xff, 0x88, 0x3c, 0x20, 0xff,
    0x88, 0x38, 0x20, 0xff, 0x78, 0x34, 0x20, 0xff, 0x80, 0x38, 0x20, 0xff,
    0x90, 0x40, 0x20, 0xff, 0x90, 0x40, 0x20, 0xff, 0x98, 0x44, 0x28, 0xff,
    0x98, 0x44, 0x28, 0xff, 0xa0, 0x44, 0x28, 0xff, 0xa0, 0x48, 0x28, 0xff,
    0xa8, 0x48, 0x28, 0xff, 0xa8, 0x48, 0x28, 0xff, 0xb0, 0x4c, 0x28, 0xff,
    0xb0, 0x4c, 0x28, 0xff, 0xb0, 0x4c, 0x28, 0xff, 0xb8, 0x4c, 0x28, 0xff,
    0xb8, 0x4c, 0x28, 0xff, 0xb8, 0x50, 0x28, 0xff, 0xc0, 0x50, 0x28, 0xff,
    0xc0, 0x50, 0x28, 0xff, 0xc0, 0x50, 0x28, 0xff, 0xc0, 0x50, 0x28, 0xff,
    0xc0, 0x50, 0x28, 0xff, 0xc0, 0x54, 0x28, 0xff, 0xc8, 0x50, 0x28, 0xff,
    0xc8, 0x54, 0x28, 0xff, 0xc8, 0x50, 0x28, 0xff, 0xc8, 0x50, 0x28, 0xff,
    0xc0, 0x4c, 0x20, 0xff, 0xb0, 0x44, 0x20, 0xff, 0xb0, 0x44, 0x20, 0xff,
    0xa8, 0x44, 0x20, 0xff, 0xc8, 0x54, 0x30, 0xff, 0xc8, 0x54, 0x28, 0xff,
    0xb8, 0x48, 0x20, 0xff, 0xc0, 0x50, 0x28, 0xff, 0xc0, 0x50, 0x28, 0xff,
    0xc8, 0x54, 0x28, 0xff, 0x98, 0x38, 0x20, 0xff, 0x80, 0x34, 0x18, 0xff,
    0xc0, 0x4c, 0x28, 0xff, 0xb8, 0x4c, 0x28, 0xff, 0xb8, 0x4c, 0x20, 0xff,
    0xc0, 0x4c, 0x28, 0xff, 0xc0, 0x4c, 0x20, 0xff, 0xc0, 0x4c, 0x28, 0xff,
    0xc0, 0x4c, 0x28, 0xff, 0xc0, 0x50, 0x28, 0xff, 0xc0, 0x4c, 0x28, 0xff,
    0xc0, 0x50, 0x28, 0xff, 0xc0, 0x4c, 0x28, 0xff, 0xc0, 0x50, 0x28, 0xff,
    0xc0, 0x50, 0x28, 0xff, 0xc0, 0x4c, 0x28, 0xff, 0xc0, 0x50, 0x28, 0xff,
    0xb8, 0x48, 0x20, 0xff, 0xa8, 0x44, 0x20, 0xff, 0xd0, 0x58, 0x30, 0xff,
    0xd0, 0x54, 0x28, 0xff, 0xc8, 0x58, 0x30, 0xff, 0xc8, 0x54, 0x28, 0xff,
    0xd0, 0x54, 0x28, 0xff, 0xd0, 0x54, 0x28, 0xff, 0xc8, 0x54, 0x28, 0xff,
    0xd0, 0x54, 0x28, 0xff, 0xc8, 0x54, 0x28, 0xff, 0xc8, 0x50, 0x28, 0xff,
    0xc8, 0x50, 0x28, 0xff, 0xc8, 0x58, 0x28, 0xff, 0xc8, 0x58, 0x28, 0xff,
    0xd0, 0x54, 0x28, 0xff, 0xd0, 0x54, 0x30, 0xff, 0xd0, 0x58, 0x28, 0xff,
    0xc8, 0x54, 0x30, 0xff, 0xd0, 0x54, 0x28, 0xff, 0xd0, 0x58, 0x30, 0xff,
    0xc8, 0x54, 0x28, 0xff, 0xc8, 0x58, 0x30, 0xff, 0xd0, 0x54, 0x28, 0xff,
    0xc8, 0x54, 0x28, 0xff, 0xc8, 0x54, 0x28, 0xff, 0xd0, 0x58, 0x30, 0xff,
    0xd0, 0x54, 0x28, 0xff, 0xd0, 0x58, 0x28, 0xff, 0xd0, 0x54, 0x30, 0xff,
    0xd0, 0x54, 0x28, 0xff, 0xd0, 0x58, 0x30, 0xff, 0xd0, 0x54, 0x30, 0xff,
    0xd0, 0x58, 0x30, 0xff, 0xc8, 0x58, 0x30, 0xff, 0xd0, 0x54, 0x30, 0xff,
    0xc8, 0x58, 0x28, 0xff, 0xd0, 0x58, 0x28, 0xff, 0xd0, 0x54, 0x30, 0xff,
    0xd0, 0x58, 0x28, 0xff, 0xd0, 0x54, 0x30, 0xff, 0xd0, 0x54, 0x30, 0xff,
    0xc8, 0x58, 0x28, 0xff, 0xd0, 0x54, 0x30, 0xff, 0xd0, 0x54, 0x28, 0xff,
    0xd0, 0x58, 0x30, 0xff, 0xd0, 0x54, 0x30, 0xff, 0xd0, 0x58, 0x28, 0xff,
    0xc8, 0x54, 0x28, 0xff, 0xd0, 0x54, 0x30, 0xff, 0xd0, 0x54, 0x28, 0xff,
    0xd0, 0x58, 0x30, 0xff, 0xd0, 0x58, 0x28, 0xff, 0xd0, 0x58, 0x30, 0xff,
    0xd0, 0x58, 0x28, 0xff, 0xd0, 0x58, 0x30, 0xff, 0xd0, 0x58, 0x30, 0xff,
    0xd0, 0x58, 0x28, 0xff, 0xd0, 0x58, 0x30, 0xff, 0xd0, 0x58, 0x28, 0xff,
    0xd8, 0x5c, 0x30, 0xff, 0xd0, 0x58, 0x30, 0xff, 0xd0, 0x5c, 0x30, 0xff,
    0xd0, 0x58, 0x28, 0xff, 0xd8, 0x5c, 0x30, 0xff, 0xd8, 0x5c, 0x30, 0xff,
    0xd8, 0x60, 0x30, 0xff, 0xd8, 0x60, 0x38, 0xff, 0xe0, 0x64, 0x38, 0xff,
    0xe0, 0x64, 0x30, 0xff, 0xe0, 0x64, 0x38, 0xff, 0xe0, 0x64, 0x38, 0xff,
    0xe0, 0x68, 0x38, 0xff, 0xe8, 0x68, 0x38, 0xff, 0xe0, 0x64, 0x38, 0xff,
    0xe0, 0x68, 0x38, 0xff, 0xe8, 0x68, 0x38, 0xff, 0xe0, 0x68, 0x38, 0xff,
    0xe0, 0x68, 0x38, 0xff, 0xe8, 0x64, 0x38, 0xff, 0xe0, 0x68, 0x38, 0xff,
    0xe0, 0x68, 0x38, 0xff, 0xe8, 0x68, 0x38, 0xff, 0xe0, 0x68, 0x38, 0xff,
    0xe0, 0x64, 0x38, 0xff, 0xe0, 0x68, 0x38, 0xff, 0xe8, 0x68, 0x38, 0xff,
    0xe0, 0x64, 0x38, 0xff, 0xe8, 0x68, 0x38, 0xff, 0xe0, 0x68, 0x38, 0xff,
    0xe8, 0x68, 0x38, 0xff, 0xe0, 0x64, 0x38, 0xff, 0xe0, 0x68, 0x38, 0xff,
    0xe0, 0x68, 0x38, 0xff, 0xe0, 0x64, 0x38, 0xff, 0xe0, 0x68, 0x38, 0xff,
    0xe0, 0x68, 0x30, 0xff, 0xe0, 0x68, 0x38, 0xff, 0xe0, 0x64, 0x38, 0xff,
    0xe0, 0x64, 0x30, 0xff, 0xe0, 0x64, 0x38, 0xff, 0xd8, 0x60, 0x30, 0xff,
    0xd8, 0x60, 0x30, 0xff, 0xd8, 0x60, 0x30, 0xff, 0xd8, 0x5c, 0x38, 0xff,
    0xd0, 0x5c, 0x30, 0xff, 0xd0, 0x5c, 0x30, 0xff, 0xd0, 0x5c, 0x30, 0xff,
    0xd8, 0x60, 0x38, 0xff, 0xd8, 0x5c, 0x30, 0xff, 0xd0, 0x58, 0x30, 0xff,
    0xc8, 0x54, 0x30, 0xff, 0xc8, 0x54, 0x28, 0xff, 0xc8, 0x54, 0x28, 0xff,
    0xc8, 0x54, 0x28, 0xff, 0xc8, 0x54, 0x28, 0xff, 0xc8, 0x54, 0x30, 0xff,
    0xc8, 0x54, 0x28, 0xff, 0xc8, 0x54, 0x28, 0xff, 0xc0, 0x50, 0x28, 0xff,
    0xc8, 0x50, 0x30, 0xff, 0xc8, 0x54, 0x28, 0xff, 0xc0, 0x54, 0x28, 0xff,
    0xc0, 0x50, 0x30, 0xff, 0xc0, 0x50, 0x28, 0xff, 0xc8, 0x50, 0x28, 0xff,
    0xc0, 0x54, 0x28, 0xff, 0xc0, 0x50, 0x28, 0xff, 0xc8, 0x50, 0x28, 0xff,
    0xc0, 0x50, 0x28, 0xff, 0xc0, 0x50, 0x28, 0xff, 0xc0, 0x50, 0x28, 0xff,
    0xc0, 0x50, 0x28, 0xff, 0xc8, 0x50, 0x28, 0xff, 0xc0, 0x50, 0x28, 0xff,
    0xc0, 0x50, 0x28, 0xff, 0xc0, 0x50, 0x28, 0xff, 0xc0, 0x50, 0x28, 0xff,
    0xb8, 0x4c, 0x28, 0xff, 0xb8, 0x4c, 0x28, 0xff, 0xc0, 0x4c, 0x28, 0xff,
    0xb8, 0x4c, 0x28, 0xff, 0xb8, 0x4c, 0x28, 0xff, 0xb0, 0x4c, 0x28, 0xff,
    0xb0, 0x4c, 0x28, 0xff, 0xb0, 0x48, 0x28, 0xff, 0xb0, 0x48, 0x28, 0xff,
    0xa8, 0x48, 0x28, 0xff, 0xa8, 0x44, 0x20, 0xff, 0xa8, 0x44, 0x20, 0xff,
    0xa0, 0x44, 0x28, 0xff, 0xa0, 0x44, 0x20, 0xff, 0x98, 0x40, 0x20, 0xff,
    0x98, 0x40, 0x28, 0xff, 0x90, 0x3c, 0x20, 0xff, 0x90, 0x3c, 0x20, 0xff,
    0x88, 0x3c, 0x20, 0xff, 0x80, 0x3c, 0x20, 0xff, 0x78, 0x34, 0x20, 0xff,
    0x80, 0x38, 0x20, 0xff, 0x90, 0x3c, 0x28, 0xff, 0x90, 0x40, 0x20, 0xff,
    0x98, 0x44, 0x28, 0xff, 0x98, 0x44, 0x20, 0xff, 0xa0, 0x44, 0x28, 0xff,
    0xa0, 0x44, 0x28, 0xff, 0xa8, 0x48, 0x20, 0xff, 0xa8, 0x48, 0x28, 0xff,
    0xa8, 0x4c, 0x28, 0xff, 0xb0, 0x4c, 0x28, 0xff, 0xb0, 0x4c, 0x28, 0xff,
    0xb8, 0x4c, 0x28, 0xff, 0xb8, 0x4c, 0x28, 0xff, 0xb8, 0x50, 0x28, 0xff,
    0xc0, 0x4c, 0x28, 0xff, 0xc0, 0x50, 0x28, 0xff, 0xc0, 0x54, 0x28, 0xff,
    0xc0, 0x50, 0x28, 0xff, 0xc0, 0x50, 0x28, 0xff, 0xc8, 0x50, 0x28, 0xff,
    0xc8, 0x50, 0x28, 0xff, 0xc0, 0x54, 0x28, 0xff, 0xc0, 0x50, 0x28, 0xff,
    0xc0, 0x4c, 0x28, 0xff, 0xc0, 0x50, 0x20, 0xff, 0xa0, 0x3c, 0x20, 0xff,
    0xa0, 0x3c, 0x18, 0xff, 0xa0, 0x3c, 0x20, 0xff, 0xc0, 0x50, 0x28, 0xff,
    0xc8, 0x50, 0x28, 0xff, 0xb8, 0x44, 0x20, 0xff, 0xc0, 0x4c, 0x28, 0xff,
    0xc0, 0x4c, 0x28, 0xff, 0xc8, 0x50, 0x28, 0xff, 0x90, 0x38, 0x18, 0xff,
    0x78, 0x30, 0x18, 0xff, 0xb8, 0x4c, 0x28, 0xff, 0xb8, 0x48, 0x20, 0xff,
    0xb8, 0x48, 0x20, 0xff, 0xc0, 0x4c, 0x28, 0xff, 0xc0, 0x4c, 0x28, 0xff,
    0xc0, 0x50, 0x28, 0xff, 0xc0, 0x4c, 0x28, 0xff, 0xc0, 0x4c, 0x28, 0xff,
    0xc0, 0x4c, 0x28, 0xff, 0xc0, 0x50, 0x20, 0xff, 0xc0, 0x4c, 0x28, 0xff,
    0xc0, 0x4c, 0x28, 0xff, 0xc0, 0x50, 0x20, 0xff, 0xc0, 0x4c, 0x28, 0xff,
    0xc0, 0x50, 0x28, 0xff, 0xb8, 0x48, 0x20, 0xff, 0xa8, 0x44, 0x20, 0xff,
    0xd0, 0x58, 0x30, 0xff, 0xd0, 0x54, 0x28, 0xff, 0xc8, 0x54, 0x28, 0xff,
    0xc8, 0x54, 0x28, 0xff, 0xd0, 0x58, 0x30, 0xff, 0xd0, 0x58, 0x28, 0xff,
    0xd0, 0x54, 0x28, 0xff, 0xc8, 0x54, 0x28, 0xff, 0xc8, 0x54, 0x28, 0xff,
    0xc8, 0x54, 0x28, 0xff, 0xc8, 0x50, 0x28, 0xff, 0xd0, 0x58, 0x30, 0xff,
    0xc8, 0x54, 0x28, 0xff, 0xd0, 0x58, 0x28, 0xff, 0xd0, 0x58, 0x28, 0xff,
    0xc8, 0x54, 0x30, 0xff, 0xd0, 0x58, 0x28, 0xff, 0xd0, 0x54, 0x28, 0xff,
    0xd0, 0x58, 0x28, 0xff, 0xd0, 0x58, 0x30, 0xff, 0xd0, 0x54, 0x28, 0xff,
    0xd0, 0x58, 0x28, 0xff, 0xc8, 0x54, 0x28, 0xff, 0xd0, 0x54, 0x28, 0xff,
    0xd0, 0x58, 0x30, 0xff, 0xc8, 0x58, 0x28, 0xff, 0xd0, 0x54, 0x30, 0xff,
    0xd0, 0x58, 0x28, 0xff, 0xc8, 0x58, 0x28, 0xff, 0xd0, 0x54, 0x28, 0xff,
    0xd0, 0x54, 0x28, 0xff, 0xd0, 0x58, 0x28, 0xff, 0xd0, 0x54, 0x28, 0xff,
    0xd0, 0x58, 0x30, 0xff, 0xd0, 0x54, 0x28, 0xff, 0xd0, 0x54, 0x28, 0xff,
    0xd0, 0x58, 0x28, 0xff, 0xc8, 0x58, 0x30, 0xff, 0xd0, 0x54, 0x28, 0xff,
    0xd0, 0x58, 0x28, 0xff, 0xd0, 0x58, 0x28, 0xff, 0xd0, 0x54, 0x30, 0xff,
    0xd0, 0x58, 0x28, 0xff, 0xd0, 0x54, 0x28, 0xff, 0xd0, 0x54, 0x30, 0xff,
    0xd0, 0x58, 0x30, 0xff, 0xd0, 0x58, 0x28, 0xff, 0xd0, 0x58, 0x30, 0xff,
    0xd0, 0x58, 0x30, 0xff, 0xd0, 0x54, 0x30, 0xff, 0xd0, 0x58, 0x28, 0xff,
    0xd0, 0x58, 0x30, 0xff, 0xd0, 0x58, 0x28, 0xff, 0xd0, 0x58, 0x28, 0xff,
    0xd0, 0x58, 0x28, 0xff, 0xd0, 0x58, 0x30, 0xff, 0xd0, 0x58, 0x30, 0xff,
    0xd0, 0x58, 0x28, 0xff, 0xd0, 0x58, 0x30, 0xff, 0xd0, 0x58, 0x30, 0xff,
    0xd0, 0x58, 0x28, 0xff, 0xd0, 0x58, 0x30, 0xff, 0xd0, 0x5c, 0x30, 0xff,
    0xd8, 0x5c, 0x30, 0xff, 0xd8, 0x5c, 0x30, 0xff, 0xd8, 0x60, 0x30, 0xff,
    0xe0, 0x64, 0x38, 0xff, 0xe0, 0x64, 0x30, 0xff, 0xe0, 0x64, 0x38, 0xff,
    0xe0, 0x64, 0x38, 0xff, 0xe0, 0x64, 0x38, 0xff, 0xe0, 0x68, 0x38, 0xff,
    0xe8, 0x68, 0x38, 0xff, 0xe0, 0x64, 0x38, 0xff, 0xe0, 0x68, 0x38, 0xff,
    0xe8, 0x68, 0x38, 0xff, 0xe0, 0x64, 0x38, 0xff, 0xe0, 0x68, 0x38, 0xff,
    0xe8, 0x68, 0x38, 0xff, 0xe0, 0x64, 0x38, 0xff, 0xe0, 0x64, 0x38, 0xff,
    0xe0, 0x64, 0x38, 0xff, 0xe0, 0x68, 0x38, 0xff, 0xe0, 0x68, 0x38, 0xff,
    0xe0, 0x64, 0x38, 0xff, 0xe0, 0x68, 0x38, 0xff, 0xe0, 0x68, 0x38, 0xff,
    0xe8, 0x64, 0x38, 0xff, 0xe0, 0x64, 0x38, 0xff, 0xe0, 0x68, 0x38, 0xff,
    0xe0, 0x64, 0x38, 0xff, 0xe0, 0x64, 0x38, 0xff, 0xe0, 0x64, 0x38, 0xff,
    0xe8, 0x64, 0x38, 0xff, 0xe0, 0x64, 0x38, 0xff, 0xe0, 0x64, 0x38, 0xff,
    0xe0, 0x64, 0x38, 0xff, 0xe0, 0x64, 0x38, 0xff, 0xe0, 0x64, 0x38, 0xff,
    0xd8, 0x60, 0x30, 0xff, 0xd8, 0x60, 0x38, 0xff, 0xd8, 0x60, 0x30, 0xff,
    0xd8, 0x5c, 0x30, 0xff, 0xd0, 0x5c, 0x30, 0xff, 0xd0, 0x5c, 0x30, 0xff,
    0xd0, 0x5c, 0x38, 0xff, 0xd8, 0x60, 0x30, 0xff, 0xd0, 0x60, 0x30, 0xff,
    0xd0, 0x58, 0x30, 0xff, 0xc8, 0x54, 0x30, 0xff, 0xc8, 0x54, 0x28, 0xff,
    0xc8, 0x54, 0x28, 0xff, 0xc8, 0x54, 0x28, 0xff, 0xc8, 0x54, 0x28, 0xff,
    0xc8, 0x50, 0x30, 0xff, 0xc0, 0x54, 0x28, 0xff, 0xc8, 0x54, 0x28, 0xff,
    0xc0, 0x50, 0x28, 0xff, 0xc0, 0x54, 0x28, 0xff, 0xc8, 0x54, 0x28, 0xff,
    0xc0, 0x50, 0x28, 0xff, 0xc8, 0x50, 0x30, 0xff, 0xc0, 0x54, 0x28, 0xff,
    0xc0, 0x50, 0x28, 0xff, 0xc0, 0x50, 0x30, 0xff, 0xc0, 0x54, 0x28, 0xff,
    0xc0, 0x50, 0x28, 0xff, 0xc0, 0x50, 0x28, 0xff, 0xc0, 0x50, 0x30, 0xff,
    0xc0, 0x50, 0x28, 0xff, 0xc0, 0x54, 0x28, 0xff, 0xc0, 0x50, 0x28, 0xff,
    0xc0, 0x50, 0x28, 0xff, 0xc0, 0x50, 0x30, 0xff, 0xc0, 0x4c, 0x28, 0xff,
    0xc0, 0x4c, 0x28, 0xff, 0xb8, 0x4c, 0x28, 0xff, 0xb8, 0x4c, 0x28, 0xff,
    0xb8, 0x4c, 0x28, 0xff, 0xb8, 0x4c, 0x20, 0xff, 0xb8, 0x48, 0x28, 0xff,
    0xb0, 0x48, 0x28, 0xff, 0xb0, 0x48, 0x20, 0xff, 0xb0, 0x48, 0x20, 0xff,
    0xb0, 0x48, 0x28, 0xff, 0xa8, 0x44, 0x28, 0xff, 0xa8, 0x44, 0x20, 0xff,
    0xa0, 0x44, 0x28, 0xff, 0xa8, 0x44, 0x28, 0xff, 0xa0, 0x44, 0x20, 0xff,
    0x98, 0x40, 0x20, 0xff, 0x98, 0x40, 0x20, 0xff, 0x90, 0x3c, 0x20, 0xff,
    0x90, 0x3c, 0x28, 0xff, 0x88, 0x3c, 0x20, 0xff, 0x88, 0x38, 0x20, 0xff,
    0x78, 0x34, 0x20, 0xff, 0x78, 0x38, 0x20, 0xff, 0x90, 0x40, 0x20, 0xff,
    0x90, 0x40, 0x20, 0xff, 0x98, 0x44, 0x28, 0xff, 0x98, 0x44, 0x28, 0xff,
    0xa0, 0x44, 0x28, 0xff, 0xa0, 0x48, 0x28, 0xff, 0xa8, 0x48, 0x28, 0xff,
    0xa8, 0x48, 0x28, 0xff, 0xb0, 0x4c, 0x28, 0xff, 0xb0, 0x4c, 0x28, 0xff,
    0xb8, 0x4c, 0x28, 0xff, 0xb8, 0x4c, 0x28, 0xff, 0xb8, 0x50, 0x28, 0xff,
    0xb8, 0x50, 0x28, 0xff, 0xb8, 0x50, 0x28, 0xff, 0xc0, 0x50, 0x30, 0xff,
    0xc0, 0x50, 0x28, 0xff, 0xc0, 0x50, 0x28, 0xff, 0xc0, 0x50, 0x30, 0xff,
    0xc0, 0x50, 0x28, 0xff, 0xc8, 0x50, 0x28, 0xff, 0xc0, 0x50, 0x28, 0xff,
    0xc0, 0x50, 0x28, 0xff, 0xc8, 0x50, 0x28, 0xff, 0xc0, 0x50, 0x28, 0xff,
    0x90, 0x38, 0x18, 0xff, 0xa0, 0x3c, 0x20, 0xff, 0xc8, 0x54, 0x28, 0xff,
    0xc8, 0x58, 0x28, 0xff, 0xd0, 0x58, 0x28, 0xff, 0xc8, 0x54, 0x28, 0xff,
    0xc8, 0x58, 0x28, 0xff, 0xd0, 0x54, 0x28, 0xff, 0xd0, 0x54, 0x28, 0xff,
    0xc8, 0x58, 0x28, 0xff, 0xc8, 0x54, 0x28, 0xff, 0xc8, 0x54, 0x28, 0xff,
    0xd0, 0x58, 0x30, 0xff, 0xc8, 0x54, 0x28, 0xff, 0xb8, 0x4c, 0x28, 0xff,
    0xc0, 0x4c, 0x28, 0xff, 0xc0, 0x4c, 0x28, 0xff, 0xc0, 0x50, 0x28, 0xff,
    0xc0, 0x4c, 0x28, 0xff, 0xc0, 0x50, 0x28, 0xff, 0xc0, 0x4c, 0x28, 0xff,
    0xc0, 0x4c, 0x28, 0xff, 0xc0, 0x4c, 0x28, 0xff, 0xc0, 0x4c, 0x28, 0xff,
    0xc0, 0x4c, 0x28, 0xff, 0xc0, 0x50, 0x28, 0xff, 0xb8, 0x48, 0x20, 0xff,
    0xa8, 0x44, 0x20, 0xff, 0xc8, 0x54, 0x28, 0xff, 0xd0, 0x58, 0x30, 0xff,
    0xc8, 0x54, 0x30, 0xff, 0xc8, 0x54, 0x28, 0xff, 0xd0, 0x54, 0x28, 0xff,
    0xc8, 0x58, 0x28, 0xff, 0xc8, 0x58, 0x28, 0xff, 0xd0, 0x54, 0x28, 0xff,
    0xc8, 0x54, 0x28, 0xff, 0xc8, 0x50, 0x28, 0xff, 0xc8, 0x50, 0x28, 0xff,
    0xc8, 0x54, 0x28, 0xff, 0xc8, 0x54, 0x28, 0xff, 0xd0, 0x58, 0x30, 0xff,
    0xd0, 0x54, 0x28, 0xff, 0xd0, 0x58, 0x28, 0xff, 0xc8, 0x54, 0x30, 0xff,
    0xd0, 0x58, 0x28, 0xff, 0xd0, 0x54, 0x30, 0xff, 0xd0, 0x54, 0x28, 0xff,
    0xd0, 0x58, 0x28, 0xff, 0xd0, 0x58, 0x30, 0xff, 0xc8, 0x54, 0x28, 0xff,
    0xd0, 0x54, 0x28, 0xff, 0xd0, 0x54, 0x30, 0xff, 0xd0, 0x54, 0x28, 0xff,
    0xd0, 0x58, 0x30, 0xff, 0xd0, 0x54, 0x28, 0xff, 0xd0, 0x58, 0x30, 0xff,
    0xd0, 0x54, 0x28, 0xff, 0xd0, 0x58, 0x30, 0xff, 0xc8, 0x54, 0x28, 0xff,
    0xd0, 0x58, 0x28, 0xff, 0xd0, 0x54, 0x30, 0xff, 0xd0, 0x58, 0x30, 0xff,
    0xc8, 0x54, 0x30, 0xff, 0xd0, 0x58, 0x28, 0xff, 0xc8, 0x54, 0x28, 0xff,
    0xd0, 0x54, 0x30, 0xff, 0xd0, 0x58, 0x28, 0xff, 0xd0, 0x54, 0x28, 0xff,
    0xc8, 0x58, 0x30, 0xff, 0xd0, 0x58, 0x30, 0xff, 0xd0, 0x54, 0x28, 0xff,
    0xd0, 0x58, 0x28, 0xff, 0xd0, 0x58, 0x28, 0xff, 0xd0, 0x54, 0x30, 0xff,
    0xd0, 0x58, 0x28, 0xff, 0xc8, 0x58, 0x28, 0xff, 0xc8, 0x54, 0x28, 0xff,
    0xd0, 0x54, 0x30, 0xff, 0xd0, 0x58, 0x30, 0xff, 0xd0, 0x54, 0x30, 0xff,
    0xd0, 0x54, 0x28, 0xff, 0xd0, 0x58, 0x30, 0xff, 0xd0, 0x58, 0x30, 0xff,
    0xd0, 0x58, 0x28, 0xff, 0xd0, 0x58, 0x28, 0xff, 0xd0, 0x58, 0x30, 0xff,
    0xd0, 0x58, 0x28, 0xff, 0xd0, 0x58, 0x30, 0xff, 0xd8, 0x58, 0x30, 0xff,
    0xd0, 0x58, 0x30, 0xff, 0xd8, 0x5c, 0x30, 0xff, 0xd8, 0x5c, 0x30, 0xff,
    0xd8, 0x60, 0x30, 0xff, 0xd8, 0x60, 0x38, 0xff, 0xe0, 0x60, 0x38, 0xff,
    0xe0, 0x64, 0x30, 0xff, 0xe0, 0x64, 0x38, 0xff, 0xe0, 0x64, 0x38, 0xff,
    0xe0, 0x64, 0x38, 0xff, 0xe8, 0x64, 0x38, 0xff, 0xe0, 0x68, 0x38, 0xff,
    0xe0, 0x68, 0x38, 0xff, 0xe8, 0x64, 0x38, 0xff, 0xe0, 0x68, 0x38, 0xff,
    0xe0, 0x68, 0x38, 0xff, 0xe8, 0x68, 0x38, 0xff, 0xe0, 0x68, 0x38, 0xff,
    0xe0, 0x68, 0x38, 0xff, 0xe8, 0x64, 0x38, 0xff, 0xe0, 0x68, 0x38, 0xff,
    0xe8, 0x68, 0x38, 0xff, 0xe0, 0x68, 0x38, 0xff, 0xe0, 0x68, 0x38, 0xff,
    0xe0, 0x68, 0x38, 0xff, 0xe0, 0x64, 0x38, 0xff, 0xe0, 0x68, 0x38, 0xff,
    0xe0, 0x64, 0x38, 0xff, 0xe0, 0x64, 0x38, 0xff, 0xe0, 0x68, 0x38, 0xff,
    0xe0, 0x64, 0x30, 0xff, 0xe0, 0x64, 0x38, 0xff, 0xe0, 0x64, 0x38, 0xff,
    0xe0, 0x68, 0x38, 0xff, 0xe0, 0x64, 0x38, 0xff, 0xe0, 0x64, 0x38, 0xff,
    0xe0, 0x64, 0x38, 0xff, 0xd8, 0x64, 0x38, 0xff, 0xd8, 0x60, 0x38, 0xff,
    0xd8, 0x60, 0x38, 0xff, 0xd8, 0x60, 0x30, 0xff, 0xd0, 0x60, 0x30, 0xff,
    0xd0, 0x5c, 0x38, 0xff, 0xd0, 0x5c, 0x30, 0xff, 0xd0, 0x5c, 0x30, 0xff,
    0xd8, 0x5c, 0x38, 0xff, 0xd0, 0x5c, 0x30, 0xff, 0xc8, 0x54, 0x30, 0xff,
    0xc8, 0x54, 0x28, 0xff, 0xc8, 0x54, 0x28, 0xff, 0xc8, 0x54, 0x30, 0xff,
    0xc8, 0x54, 0x30, 0xff, 0xc0, 0x54, 0x28, 0xff, 0xc8, 0x54, 0x28, 0xff,
    0xc8, 0x54, 0x30, 0xff, 0xc0, 0x50, 0x30, 0xff, 0xc0, 0x50, 0x28, 0xff,
    0xc8, 0x54, 0x28, 0xff, 0xc0, 0x50, 0x30, 0xff, 0xc0, 0x50, 0x28, 0xff,
    0xc0, 0x54, 0x28, 0xff, 0xc0, 0x50, 0x28, 0xff, 0xc0, 0x50, 0x28, 0xff,
    0xc0, 0x50, 0x28, 0xff, 0xc0, 0x50, 0x28, 0xff, 0xc0, 0x50, 0x28, 0xff,
    0xc0, 0x50, 0x28, 0xff, 0xc0, 0x50, 0x28, 0xff, 0xc0, 0x50, 0x28, 0xff,
    0xc0, 0x50, 0x30, 0xff, 0xc0, 0x50, 0x28, 0xff, 0xc0, 0x50, 0x28, 0xff,
    0xc0, 0x50, 0x28, 0xff, 0xb8, 0x50, 0x28, 0xff, 0xb8, 0x4c, 0x28, 0xff,
    0xb8, 0x4c, 0x28, 0xff, 0xb8, 0x4c, 0x28, 0xff, 0xb8, 0x4c, 0x28, 0xff,
    0xb8, 0x4c, 0x28, 0xff, 0xb0, 0x48, 0x28, 0xff, 0xb0, 0x48, 0x28, 0xff,
    0xb0, 0x48, 0x20, 0xff, 0xb0, 0x48, 0x28, 0xff, 0xa8, 0x44, 0x28, 0xff,
    0xa8, 0x44, 0x20, 0xff, 0xa8, 0x44, 0x28, 0xff, 0xa0, 0x44, 0x20, 0xff,
    0x98, 0x44, 0x20, 0xff, 0x98, 0x40, 0x28, 0xff, 0x98, 0x40, 0x20, 0xff,
    0x90, 0x40, 0x20, 0xff, 0x88, 0x3c, 0x28, 0xff, 0x80, 0x3c, 0x20, 0xff,
    0x80, 0x38, 0x20, 0xff, 0x78, 0x30, 0x20, 0xff, 0x78, 0x38, 0x20, 0xff,
    0x90, 0x40, 0x28, 0xff, 0x90, 0x40, 0x20, 0xff, 0x98, 0x40, 0x28, 0xff,
    0x98, 0x44, 0x28, 0xff, 0xa0, 0x48, 0x20, 0xff, 0xa0, 0x48, 0x28, 0xff,
    0xa8, 0x48, 0x28, 0xff, 0xa8, 0x4c, 0x28, 0xff, 0xa8, 0x48, 0x28, 0xff,
    0xb0, 0x4c, 0x28, 0xff, 0xb0, 0x4c, 0x28, 0xff, 0xb8, 0x4c, 0x28, 0xff,
    0xb8, 0x4c, 0x28, 0xff, 0xb8, 0x50, 0x28, 0xff, 0xc0, 0x50, 0x28, 0xff,
    0xc0, 0x50, 0x28, 0xff, 0xc0, 0x50, 0x28, 0xff, 0xc0, 0x50, 0x28, 0xff,
    0xc0, 0x50, 0x28, 0xff, 0xc0, 0x54, 0x28, 0xff, 0xc8, 0x50, 0x28, 0xff,
    0xc8, 0x50, 0x28, 0xff, 0xc8, 0x50, 0x28, 0xff, 0xc0, 0x50, 0x28, 0xff,
    0xc8, 0x50, 0x28, 0xff, 0xa0, 0x3c, 0x18, 0xff, 0xa0, 0x3c, 0x20, 0xff,
    0xc8, 0x50, 0x28, 0xff, 0xc8, 0x50, 0x28, 0xff, 0xc0, 0x50, 0x28, 0xff,
    0xc8, 0x50, 0x28, 0xff, 0xc8, 0x50, 0x28, 0xff, 0xc8, 0x50, 0x28, 0xff,
    0xc8, 0x50, 0x28, 0xff, 0xc8, 0x54, 0x28, 0xff, 0xc8, 0x54, 0x28, 0xff,
    0xc8, 0x50, 0x28, 0xff, 0xc8, 0x54, 0x28, 0xff, 0xc8, 0x50, 0x28, 0xff,
    0xb8, 0x4c, 0x20, 0xff, 0xc0, 0x4c, 0x28, 0xff, 0xc0, 0x4c, 0x28, 0xff,
    0xc0, 0x50, 0x20, 0xff, 0xc0, 0x4c, 0x28, 0xff, 0xc0, 0x4c, 0x28, 0xff,
    0xc0, 0x50, 0x28, 0xff, 0xc0, 0x50, 0x28, 0xff, 0xc0, 0x4c, 0x28, 0xff,
    0xc0, 0x50, 0x28, 0xff, 0xc0, 0x4c, 0x28, 0xff, 0xc0, 0x50, 0x28, 0xff,
    0xb8, 0x48, 0x28, 0xff, 0xa8, 0x44, 0x20, 0xff, 0xd0, 0x58, 0x30, 0xff,
    0xd0, 0x54, 0x28, 0xff, 0xc8, 0x54, 0x30, 0xff, 0xc8, 0x54, 0x28, 0xff,
    0xd0, 0x54, 0x28, 0xff, 0xd0, 0x54, 0x28, 0xff, 0xc8, 0x54, 0x30, 0xff,
    0xc8, 0x54, 0x28, 0xff, 0xc8, 0x54, 0x28, 0xff, 0xc8, 0x50, 0x28, 0xff,
    0xc8, 0x50, 0x28, 0xff, 0xc8, 0x58, 0x28, 0xff, 0xd0, 0x54, 0x28, 0xff,
    0xc8, 0x54, 0x30, 0xff, 0xd0, 0x58, 0x28, 0xff, 0xd0, 0x54, 0x28, 0xff,
    0xc8, 0x58, 0x30, 0xff, 0xd0, 0x54, 0x28, 0xff, 0xd0, 0x58, 0x28, 0xff,
    0xc8, 0x54, 0x30, 0xff, 0xd0, 0x54, 0x28, 0xff, 0xc8, 0x58, 0x28, 0xff,
    0xc8, 0x54, 0x28, 0xff, 0xc8, 0x54, 0x28, 0xff, 0xd0, 0x58, 0x30, 0xff,
    0xd0, 0x58, 0x28, 0xff, 0xd0, 0x54, 0x28, 0xff, 0xc8, 0x54, 0x30, 0xff,
    0xd0, 0x58, 0x28, 0xff, 0xd0, 0x58, 0x30, 0xff, 0xd0, 0x54, 0x28, 0xff,
    0xd0, 0x58, 0x30, 0xff, 0xc8, 0x54, 0x28, 0xff, 0xd0, 0x58, 0x28, 0xff,
    0xd0, 0x58, 0x28, 0xff, 0xd0, 0x54, 0x30, 0xff, 0xd0, 0x58, 0x28, 0xff,
    0xd0, 0x58, 0x28, 0xff, 0xd0, 0x54, 0x30, 0xff, 0xd0, 0x58, 0x30, 0xff,
    0xd0, 0x54, 0x28, 0xff, 0xd0, 0x54, 0x28, 0xff, 0xd0, 0x58, 0x28, 0xff,
    0xd0, 0x54, 0x30, 0xff, 0xd0, 0x58, 0x28, 0xff, 0xc8, 0x54, 0x28, 0xff,
    0xd0, 0x54, 0x30, 0xff, 0xd0, 0x58, 0x30, 0xff, 0xd0, 0x58, 0x28, 0xff,
    0xd0, 0x54, 0x30, 0xff, 0xd0, 0x58, 0x28, 0xff, 0xd0, 0x58, 0x28, 0xff,
    0xd0, 0x54, 0x28, 0xff, 0xd0, 0x54, 0x28, 0xff, 0xd0, 0x58, 0x30, 0xff,
    0xd0, 0x58, 0x28, 0xff, 0xd0, 0x58, 0x30, 0xff, 0xd0, 0x58, 0x28, 0xff,
    0xd0, 0x58, 0x28, 0xff, 0xd0, 0x58, 0x30, 0xff, 0xd0, 0x58, 0x28, 0xff,
    0xd0, 0x58, 0x28, 0xff, 0xd0, 0x58, 0x28, 0xff, 0xd0, 0x5c, 0x30, 0xff,
    0xd8, 0x5c, 0x30, 0xff, 0xd8, 0x60, 0x30, 0xff, 0xd8, 0x60, 0x30, 0xff,
    0xd8, 0x60, 0x38, 0xff, 0xe0, 0x64, 0x38, 0xff, 0xe0, 0x64, 0x30, 0xff,
    0xe0, 0x64, 0x38, 0xff, 0xe0, 0x64, 0x38, 0xff, 0xe0, 0x68, 0x38, 0xff,
    0xe8, 0x68, 0x38, 0xff, 0xe0, 0x68, 0x38, 0xff, 0xe8, 0x68, 0x38, 0xff,
    0xe0, 0x68, 0x38, 0xff, 0xe8, 0x64, 0x38, 0xff, 0xe0, 0x68, 0x38, 0xff,
    0xe0, 0x68, 0x38, 0xff, 0xe0, 0x68, 0x38, 0xff, 0xe0, 0x68, 0x38, 0xff,
    0xe8, 0x68, 0x38, 0xff, 0xe0, 0x68, 0x38, 0xff, 0xe8, 0x64, 0x38, 0xff,
    0xe0, 0x68, 0x38, 0xff, 0xe8, 0x68, 0x38, 0xff, 0xe0, 0x64, 0x38, 0xff,
    0xe0, 0x68, 0x38, 0xff, 0xe8, 0x64, 0x38, 0xff, 0xe0, 0x68, 0x38, 0xff,
    0xe0, 0x68, 0x38, 0xff, 0xe0, 0x68, 0x38, 0xff, 0xe0, 0x64, 0x38, 0xff,
    0xe0, 0x68, 0x38, 0xff, 0xe0, 0x64, 0x38, 0xff, 0xd8, 0x64, 0x38, 0xff,
    0xe0, 0x64, 0x38, 0xff, 0xe0, 0x64, 0x38, 0xff, 0xd8, 0x60, 0x30, 0xff,
    0xd8, 0x60, 0x38, 0xff, 0xd8, 0x60, 0x30, 0xff, 0xd0, 0x5c, 0x38, 0xff,
    0xd0, 0x5c, 0x30, 0xff, 0xd0, 0x5c, 0x30, 0xff, 0xd0, 0x5c, 0x30, 0xff,
    0xd0, 0x5c, 0x38, 0xff, 0xd0, 0x5c, 0x30, 0xff, 0xd0, 0x5c, 0x30, 0xff,
    0xc8, 0x58, 0x30, 0xff, 0xc8, 0x54, 0x28, 0xff, 0xc0, 0x54, 0x28, 0xff,
    0xc8, 0x50, 0x30, 0xff, 0xc0, 0x54, 0x28, 0xff, 0xc0, 0x54, 0x28, 0xff,
    0xc0, 0x50, 0x28, 0xff, 0xc0, 0x54, 0x30, 0xff, 0xc0, 0x50, 0x28, 0xff,
    0xc0, 0x50, 0x28, 0xff, 0xc0, 0x50, 0x28, 0xff, 0xc0, 0x50, 0x28, 0xff,
    0xc0, 0x50, 0x28, 0xff, 0xc0, 0x50, 0x28, 0xff, 0xc0, 0x50, 0x28, 0xff,
    0xc0, 0x50, 0x28, 0xff, 0xc0, 0x50, 0x28, 0xff, 0xc0, 0x50, 0x30, 0xff,
    0xc0, 0x50, 0x28, 0xff, 0xc0, 0x50, 0x28, 0xff, 0xc0, 0x50, 0x28, 0xff,
    0xc0, 0x50, 0x28, 0xff, 0xc0, 0x50, 0x28, 0xff, 0xc0, 0x50, 0x28, 0xff,
    0xc0, 0x4c, 0x28, 0xff, 0xb8, 0x4c, 0x28, 0xff, 0xb8, 0x50, 0x28, 0xff,
    0xb8, 0x4c, 0x28, 0xff, 0xb8, 0x4c, 0x28, 0xff, 0xb8, 0x4c, 0x28, 0xff,
    0xb8, 0x4c, 0x28, 0xff, 0xb0, 0x4c, 0x20, 0xff, 0xb0, 0x48, 0x28, 0xff,
    0xb0, 0x48, 0x28, 0xff, 0xb0, 0x48, 0x20, 0xff, 0xa8, 0x48, 0x28, 0xff,
    0xa8, 0x44, 0x20, 0xff, 0xa0, 0x44, 0x20, 0xff, 0xa8, 0x44, 0x28, 0xff,
    0xa0, 0x44, 0x20, 0xff, 0x98, 0x40, 0x20, 0xff, 0x98, 0x3c, 0x28, 0xff,
    0x90, 0x40, 0x20, 0xff, 0x90, 0x3c, 0x20, 0xff, 0x88, 0x3c, 0x20, 0xff,
    0x88, 0x3c, 0x20, 0xff, 0x80, 0x3c, 0x20, 0xff, 0x70, 0x30, 0x18, 0xff,
    0x80, 0x34, 0x20, 0xff, 0x90, 0x40, 0x20, 0xff, 0x90, 0x40, 0x20, 0xff,
    0x98, 0x40, 0x28, 0xff, 0x98, 0x44, 0x28, 0xff, 0xa0, 0x48, 0x28, 0xff,
    0xa0, 0x48, 0x28, 0xff, 0xa8, 0x48, 0x28, 0xff, 0xa8, 0x4c, 0x28, 0xff,
    0xb0, 0x48, 0x28, 0xff, 0xb0, 0x4c, 0x28, 0xff, 0xb0, 0x4c, 0x28, 0xff,
    0xb8, 0x4c, 0x28, 0xff, 0xb8, 0x50, 0x28, 0xff, 0xb8, 0x50, 0x28, 0xff,
    0xc0, 0x50, 0x28, 0xff, 0xc0, 0x50, 0x28, 0xff, 0xc0, 0x50, 0x28, 0xff,
    0xc0, 0x50, 0x28, 0xff, 0xc0, 0x50, 0x28, 0xff, 0xc0, 0x50, 0x28, 0xff,
    0xc8, 0x50, 0x28, 0xff, 0xc0, 0x54, 0x28, 0xff, 0xc0, 0x50, 0x28, 0xff,
    0xc8, 0x50, 0x28, 0xff, 0xc8, 0x50, 0x28, 0xff, 0xa8, 0x44, 0x20, 0xff,
    0xa0, 0x40, 0x20, 0xff, 0xb8, 0x48, 0x20, 0xff, 0xa0, 0x40, 0x20, 0xff,
    0xb0, 0x44, 0x20, 0xff, 0xc0, 0x48, 0x28, 0xff, 0xb8, 0x4c, 0x28, 0xff,
    0xb8, 0x4c, 0x28, 0xff, 0xc0, 0x50, 0x28, 0xff, 0x90, 0x38, 0x18, 0xff,
    0x78, 0x30, 0x18, 0xff, 0xb8, 0x48, 0x28, 0xff, 0xb0, 0x48, 0x20, 0xff,
    0xb8, 0x48, 0x28, 0xff, 0xc0, 0x4c, 0x28, 0xff, 0xc0, 0x4c, 0x28, 0xff,
    0xc0, 0x4c, 0x28, 0xff, 0xc0, 0x50, 0x28, 0xff, 0xc0, 0x50, 0x28, 0xff,
    0xc0, 0x4c, 0x20, 0xff, 0xc0, 0x4c, 0x28, 0xff, 0xc0, 0x50, 0x28, 0xff,
    0xc0, 0x4c, 0x20, 0xff, 0xc0, 0x4c, 0x28, 0xff, 0xc0, 0x4c, 0x28, 0xff,
    0xc0, 0x50, 0x28, 0xff, 0xb8, 0x48, 0x20, 0xff, 0xa8, 0x44, 0x20, 0xff,
    0xd0, 0x58, 0x30, 0xff, 0xd0, 0x58, 0x28, 0xff, 0xd0, 0x54, 0x28, 0xff,
    0xc8, 0x54, 0x28, 0xff, 0xd0, 0x58, 0x30, 0xff, 0xd0, 0x54, 0x28, 0xff,
    0xc8, 0x54, 0x28, 0xff, 0xc8, 0x54, 0x28, 0xff, 0xc8, 0x54, 0x28, 0xff,
    0xc8, 0x50, 0x28, 0xff, 0xc8, 0x50, 0x28, 0xff, 0xd0, 0x58, 0x28, 0xff,
    0xc8, 0x54, 0x28, 0xff, 0xd0, 0x58, 0x28, 0xff, 0xd0, 0x54, 0x28, 0xff,
    0xd0, 0x58, 0x28, 0xff, 0xd0, 0x54, 0x30, 0xff, 0xc8, 0x58, 0x28, 0xff,
    0xd0, 0x54, 0x28, 0xff, 0xd0, 0x58, 0x30, 0xff, 0xd0, 0x54, 0x28, 0xff,
    0xd0, 0x54, 0x28, 0xff, 0xc8, 0x54, 0x28, 0xff, 0xd0, 0x54, 0x30, 0xff,
    0xd0, 0x58, 0x30, 0xff, 0xc8, 0x58, 0x28, 0xff, 0xd0, 0x54, 0x28, 0xff,
    0xd0, 0x58, 0x28, 0xff, 0xd0, 0x54, 0x30, 0xff, 0xc8, 0x54, 0x28, 0xff,
    0xd0, 0x58, 0x28, 0xff, 0xd0, 0x54, 0x30, 0xff, 0xd0, 0x54, 0x30, 0xff,
    0xd0, 0x58, 0x28, 0xff, 0xd0, 0x54, 0x28, 0xff, 0xd0, 0x54, 0x30, 0xff,
    0xd0, 0x58, 0x28, 0xff, 0xd0, 0x54, 0x30, 0xff, 0xc8, 0x58, 0x28, 0xff,
    0xd0, 0x58, 0x28, 0xff, 0xd0, 0x54, 0x30, 0xff, 0xd0, 0x58, 0x30, 0xff,
    0xd0, 0x54, 0x28, 0xff, 0xd0, 0x58, 0x28, 0xff, 0xd0, 0x54, 0x30, 0xff,
    0xd0, 0x58, 0x30, 0xff, 0xd0, 0x58, 0x28, 0xff, 0xd0, 0x58, 0x28, 0xff,
    0xd0, 0x54, 0x30, 0xff, 0xd0, 0x58, 0x30, 0xff, 0xd0, 0x58, 0x28, 0xff,
    0xd0, 0x58, 0x30, 0xff, 0xd0, 0x58, 0x30, 0xff, 0xd0, 0x58, 0x30, 0xff,
    0xd0, 0x58, 0x28, 0xff, 0xd0, 0x58, 0x30, 0xff, 0xd0, 0x58, 0x30, 0xff,
    0xd0, 0x58, 0x30, 0xff, 0xd0, 0x58, 0x30, 0xff, 0xd0, 0x58, 0x28, 0xff,
    0xd0, 0x58, 0x30, 0xff, 0xd0, 0x58, 0x28, 0xff, 0xd0, 0x58, 0x30, 0xff,
    0xd8, 0x5c, 0x30, 0xff, 0xd8, 0x5c, 0x30, 0xff, 0xd8, 0x60, 0x30, 0xff,
    0xd8, 0x60, 0x38, 0xff, 0xe0, 0x64, 0x30, 0xff, 0xe0, 0x60, 0x38, 0xff,
    0xe0, 0x64, 0x38, 0xff, 0xe0, 0x64, 0x38, 0xff, 0xe0, 0x64, 0x38, 0xff,
    0xe0, 0x68, 0x30, 0xff, 0xe0, 0x68, 0x38, 0xff, 0xe8, 0x64, 0x38, 0xff,
    0xe0, 0x68, 0x38, 0xff, 0xe0, 0x68, 0x38, 0xff, 0xe8, 0x68, 0x38, 0xff,
    0xe0, 0x64, 0x38, 0xff, 0xe8, 0x68, 0x38, 0xff, 0xe0, 0x68, 0x38, 0xff,
    0xe0, 0x64, 0x38, 0xff, 0xe0, 0x68, 0x38, 0xff, 0xe0, 0x64, 0x38, 0xff,
    0xe0, 0x68, 0x38, 0xff, 0xe0, 0x68, 0x38, 0xff, 0xe0, 0x64, 0x38, 0xff,
    0xe8, 0x64, 0x38, 0xff, 0xe0, 0x68, 0x38, 0xff, 0xe0, 0x64, 0x38, 0xff,
    0xe0, 0x64, 0x38, 0xff, 0xe0, 0x68, 0x38, 0xff, 0xe0, 0x64, 0x38, 0xff,
    0xe0, 0x64, 0x38, 0xff, 0xe0, 0x64, 0x38, 0xff, 0xe0, 0x64, 0x30, 0xff,
    0xe0, 0x64, 0x38, 0xff, 0xd8, 0x64, 0x38, 0xff, 0xd8, 0x60, 0x38, 0xff,
    0xd8, 0x60, 0x30, 0xff, 0xd8, 0x60, 0x38, 0xff, 0xd8, 0x60, 0x30, 0xff,
    0xd0, 0x5c, 0x30, 0xff, 0xd0, 0x5c, 0x38, 0xff, 0xd0, 0x5c, 0x30, 0xff,
    0xd0, 0x5c, 0x30, 0xff, 0xd0, 0x5c, 0x30, 0xff, 0xd0, 0x5c, 0x30, 0xff,
    0xd0, 0x5c, 0x30, 0xff, 0xc8, 0x54, 0x30, 0xff, 0xc8, 0x54, 0x28, 0xff,
    0xc0, 0x54, 0x28, 0xff, 0xc0, 0x50, 0x28, 0xff, 0xc0, 0x50, 0x28, 0xff,
    0xc0, 0x50, 0x28, 0xff, 0xc8, 0x50, 0x30, 0xff, 0xc0, 0x54, 0x28, 0xff,
    0xc0, 0x50, 0x28, 0xff, 0xc0, 0x50, 0x28, 0xff, 0xc0, 0x50, 0x28, 0xff,
    0xc0, 0x50, 0x28, 0xff, 0xc0, 0x50, 0x28, 0xff, 0xc0, 0x50, 0x28, 0xff,
    0xc0, 0x50, 0x28, 0xff, 0xc0, 0x50, 0x28, 0xff, 0xc0, 0x50, 0x28, 0xff,
    0xc0, 0x50, 0x28, 0xff, 0xc0, 0x50, 0x28, 0xff, 0xc0, 0x50, 0x28, 0xff,
    0xc0, 0x50, 0x30, 0xff, 0xc0, 0x50, 0x28, 0xff, 0xb8, 0x50, 0x28, 0xff,
    0xb8, 0x4c, 0x28, 0xff, 0xb8, 0x4c, 0x28, 0xff, 0xb8, 0x4c, 0x28, 0xff,
    0xb8, 0x50, 0x28, 0xff, 0xb8, 0x4c, 0x28, 0xff, 0xb8, 0x4c, 0x28, 0xff,
    0xb8, 0x4c, 0x28, 0xff, 0xb0, 0x4c, 0x28, 0xff, 0xb0, 0x48, 0x28, 0xff,
    0xb0, 0x48, 0x28, 0xff, 0xb0, 0x48, 0x20, 0xff, 0xa8, 0x48, 0x28, 0xff,
    0xa8, 0x44, 0x28, 0xff, 0xa8, 0x48, 0x28, 0xff, 0xa8, 0x44, 0x20, 0xff,
    0xa0, 0x44, 0x28, 0xff, 0x98, 0x44, 0x20, 0xff, 0x98, 0x40, 0x28, 0xff,
    0x98, 0x40, 0x20, 0xff, 0x90, 0x40, 0x28, 0xff, 0x88, 0x3c, 0x20, 0xff,
    0x88, 0x3c, 0x20, 0xff, 0x88, 0x38, 0x20, 0xff, 0x80, 0x38, 0x20, 0xff,
    0x70, 0x30, 0x18, 0xff, 0x78, 0x38, 0x20, 0xff, 0x90, 0x40, 0x28, 0xff,
    0x90, 0x40, 0x20, 0xff, 0x98, 0x44, 0x28, 0xff, 0xa0, 0x44, 0x28, 0xff,
    0xa0, 0x44, 0x28, 0xff, 0xa0, 0x48, 0x28, 0xff, 0xa8, 0x48, 0x28, 0xff,
    0xa8, 0x48, 0x28, 0xff, 0xb0, 0x4c, 0x28, 0xff, 0xb0, 0x4c, 0x28, 0xff,
    0xb8, 0x4c, 0x28, 0xff, 0xb8, 0x4c, 0x28, 0xff, 0xb8, 0x4c, 0x28, 0xff,
    0xb8, 0x4c, 0x30, 0xff, 0xc0, 0x50, 0x28, 0xff, 0xc0, 0x50, 0x28, 0xff,
    0xc0, 0x50, 0x30, 0xff, 0xc0, 0x50, 0x28, 0xff, 0xc0, 0x50, 0x28, 0xff,
    0xc0, 0x50, 0x28, 0xff, 0xc8, 0x50, 0x28, 0xff, 0xc0, 0x50, 0x28, 0xff,
    0xc0, 0x50, 0x28, 0xff, 0xc0, 0x4c, 0x20, 0xff, 0xb8, 0x48, 0x20, 0xff,
    0xa0, 0x3c, 0x20, 0xff, 0xa8, 0x44, 0x20, 0xff, 0xc0, 0x50, 0x28, 0xff,
    0xc0, 0x4c, 0x28, 0xff, 0xc0, 0x50, 0x28, 0xff, 0xc0, 0x50, 0x28, 0xff,
    0xc0, 0x50, 0x28, 0xff, 0xc0, 0x50, 0x28, 0xff, 0xc8, 0x54, 0x28, 0xff,
    0xa0, 0x3c, 0x20, 0xff, 0x88, 0x34, 0x18, 0xff, 0xb8, 0x4c, 0x28, 0xff,
    0xc0, 0x4c, 0x28, 0xff, 0xb8, 0x4c, 0x28, 0xff, 0xc0, 0x4c, 0x20, 0xff,
    0xc0, 0x4c, 0x28, 0xff, 0xc0, 0x4c, 0x20, 0xff, 0xc0, 0x4c, 0x28, 0xff,
    0xc0, 0x50, 0x28, 0xff, 0xc0, 0x50, 0x28, 0xff, 0xc0, 0x4c, 0x28, 0xff,
    0xc0, 0x50, 0x28, 0xff, 0xc0, 0x50, 0x28, 0xff, 0xc0, 0x4c, 0x28, 0xff,
    0xc0, 0x4c, 0x28, 0xff, 0xc0, 0x50, 0x28, 0xff, 0xb8, 0x48, 0x20, 0xff,
    0xb0, 0x44, 0x20, 0xff, 0xd0, 0x58, 0x30, 0xff, 0xd0, 0x58, 0x30, 0xff,
    0xc8, 0x54, 0x28, 0xff, 0xc8, 0x54, 0x28, 0xff, 0xc8, 0x58, 0x28, 0xff,
    0xd0, 0x54, 0x28, 0xff, 0xd0, 0x54, 0x28, 0xff, 0xc8, 0x54, 0x28, 0xff,
    0xc8, 0x54, 0x28, 0xff, 0xc8, 0x50, 0x28, 0xff, 0xc8, 0x50, 0x28, 0xff,
    0xc8, 0x58, 0x30, 0xff, 0xc8, 0x54, 0x28, 0xff, 0xc8, 0x54, 0x30, 0xff,
    0xd0, 0x58, 0x28, 0xff, 0xd0, 0x54, 0x28, 0xff, 0xc8, 0x54, 0x28, 0xff,
    0xd0, 0x58, 0x28, 0xff, 0xd0, 0x54, 0x28, 0xff, 0xd0, 0x54, 0x28, 0xff,
    0xc8, 0x58, 0x30, 0xff, 0xd0, 0x58, 0x30, 0xff, 0xd0, 0x54, 0x28, 0xff,
    0xc8, 0x54, 0x28, 0xff, 0xd0, 0x58, 0x28, 0xff, 0xc8, 0x54, 0x30, 0xff,
    0xc8, 0x54, 0x28, 0xff, 0xd0, 0x58, 0x30, 0xff, 0xd0, 0x58, 0x28, 0xff,
    0xd0, 0x54, 0x28, 0xff, 0xc8, 0x58, 0x28, 0xff, 0xd0, 0x58, 0x28, 0xff,
    0xd0, 0x54, 0x30, 0xff, 0xc8, 0x58, 0x28, 0xff, 0xd0, 0x54, 0x30, 0xff,
    0xd0, 0x58, 0x28, 0xff, 0xd0, 0x54, 0x28, 0xff, 0xd0, 0x54, 0x30, 0xff,
    0xc8, 0x58, 0x30, 0xff, 0xd0, 0x54, 0x28, 0xff, 0xd0, 0x58, 0x28, 0xff,
    0xc8, 0x54, 0x30, 0xff, 0xd0, 0x58, 0x30, 0xff, 0xd0, 0x54, 0x28, 0xff,
    0xd0, 0x58, 0x28, 0xff, 0xd0, 0x54, 0x28, 0xff, 0xd0, 0x58, 0x30, 0xff,
    0xd0, 0x54, 0x28, 0xff, 0xc8, 0x58, 0x30, 0xff, 0xc8, 0x58, 0x28, 0xff,
    0xd0, 0x54, 0x30, 0xff, 0xd0, 0x58, 0x28, 0xff, 0xd0, 0x54, 0x30, 0xff,
    0xd0, 0x54, 0x28, 0xff, 0xd0, 0x58, 0x30, 0xff, 0xd0, 0x58, 0x30, 0xff,
    0xd0, 0x58, 0x28, 0xff, 0xd0, 0x58, 0x28, 0xff, 0xd0, 0x58, 0x30, 0xff,
    0xd0, 0x58, 0x28, 0xff, 0xd0, 0x58, 0x30, 0xff, 0xd0, 0x58, 0x30, 0xff,
    0xd0, 0x58, 0x30, 0xff, 0xd8, 0x5c, 0x30, 0xff, 0xd8, 0x5c, 0x30, 0xff,
    0xd8, 0x5c, 0x30, 0xff, 0xd8, 0x64, 0x38, 0xff, 0xe0, 0x60, 0x30, 0xff,
    0xe0, 0x64, 0x30, 0xff, 0xe0, 0x64, 0x38, 0xff, 0xe0, 0x64, 0x38, 0xff,
    0xe0, 0x64, 0x38, 0xff, 0xe8, 0x64, 0x38, 0xff, 0xe0, 0x68, 0x38, 0xff,
    0xe8, 0x68, 0x38, 0xff, 0xe0, 0x64, 0x38, 0xff, 0xe0, 0x68, 0x38, 0xff,
    0xe8, 0x68, 0x38, 0xff, 0xe0, 0x68, 0x38, 0xff, 0xe0, 0x64, 0x38, 0xff,
    0xe8, 0x68, 0x38, 0xff, 0xe0, 0x64, 0x38, 0xff, 0xe0, 0x68, 0x38, 0xff,
    0xe0, 0x68, 0x38, 0xff, 0xe8, 0x64, 0x38, 0xff, 0xe0, 0x64, 0x38, 0xff,
    0xe0, 0x68, 0x38, 0xff, 0xe0, 0x68, 0x38, 0xff, 0xe0, 0x64, 0x38, 0xff,
    0xe0, 0x68, 0x38, 0xff, 0xe0, 0x64, 0x38, 0xff, 0xe0, 0x68, 0x38, 0xff,
    0xe0, 0x68, 0x38, 0xff, 0xe0, 0x64, 0x38, 0xff, 0xe0, 0x64, 0x38, 0xff,
    0xe0, 0x64, 0x38, 0xff, 0xe0, 0x64, 0x38, 0xff, 0xd8, 0x64, 0x38, 0xff,
    0xe0, 0x64, 0x38, 0xff, 0xd8, 0x60, 0x30, 0xff, 0xd8, 0x60, 0x38, 0xff,
    0xd8, 0x60, 0x38, 0xff, 0xd0, 0x60, 0x30, 0xff, 0xd0, 0x5c, 0x38, 0xff,
    0xd0, 0x5c, 0x30, 0xff, 0xd0, 0x5c, 0x30, 0xff, 0xd0, 0x5c, 0x38, 0xff,
    0xd0, 0x5c, 0x30, 0xff, 0xc8, 0x58, 0x30, 0xff, 0xc8, 0x54, 0x30, 0xff,
    0xc8, 0x54, 0x30, 0xff, 0xc0, 0x50, 0x28, 0xff, 0xc0, 0x54, 0x30, 0xff,
    0xc0, 0x54, 0x30, 0xff, 0xc0, 0x54, 0x28, 0xff, 0xc0, 0x50, 0x28, 0xff,
    0xc0, 0x50, 0x28, 0xff, 0xc0, 0x50, 0x30, 0xff, 0xc0, 0x50, 0x28, 0xff,
    0xc0, 0x54, 0x28, 0xff, 0xc0, 0x50, 0x30, 0xff, 0xc0, 0x50, 0x28, 0xff,
    0xc0, 0x50, 0x28, 0xff, 0xc0, 0x50, 0x30, 0xff, 0xc0, 0x50, 0x28, 0xff,
    0xc0, 0x50, 0x28, 0xff, 0xb8, 0x50, 0x28, 0xff, 0xb8, 0x50, 0x28, 0xff,
    0xc0, 0x50, 0x28, 0xff, 0xb8, 0x50, 0x28, 0xff, 0xb8, 0x50, 0x28, 0xff,
    0xb8, 0x50, 0x28, 0xff, 0xb8, 0x4c, 0x28, 0xff, 0xb8, 0x4c, 0x28, 0xff,
    0xb8, 0x4c, 0x28, 0xff, 0xb8, 0x4c, 0x28, 0xff, 0xb8, 0x4c, 0x28, 0xff,
    0xb8, 0x4c, 0x28, 0xff, 0xb8, 0x4c, 0x28, 0xff, 0xb0, 0x48, 0x28, 0xff,
    0xb0, 0x48, 0x28, 0xff, 0xb0, 0x48, 0x20, 0xff, 0xb0, 0x48, 0x28, 0xff,
    0xa8, 0x44, 0x20, 0xff, 0xa8, 0x48, 0x28, 0xff, 0xa8, 0x44, 0x20, 0xff,
    0xa8, 0x44, 0x28, 0xff, 0xa0, 0x44, 0x20, 0xff, 0x98, 0x40, 0x20, 0xff,
    0x98, 0x40, 0x20, 0xff, 0x98, 0x40, 0x20, 0xff, 0x90, 0x3c, 0x20, 0xff,
    0x88, 0x3c, 0x20, 0xff, 0x88, 0x3c, 0x20, 0xff, 0x88, 0x38, 0x20, 0xff,
    0x80, 0x38, 0x20, 0xff, 0x70, 0x30, 0x20, 0xff, 0x78, 0x38, 0x20, 0xff,
    0x90, 0x40, 0x20, 0xff, 0x90, 0x40, 0x20, 0xff, 0x98, 0x44, 0x28, 0xff,
    0x98, 0x44, 0x28, 0xff, 0xa0, 0x44, 0x28, 0xff, 0xa0, 0x48, 0x28, 0xff,
    0xa8, 0x48, 0x28, 0xff, 0xa8, 0x4c, 0x28, 0xff, 0xa8, 0x4c, 0x28, 0xff,
    0xb0, 0x4c, 0x28, 0xff, 0xb0, 0x4c, 0x28, 0xff, 0xb8, 0x4c, 0x28, 0xff,
    0xb8, 0x50, 0x28, 0xff, 0xb8, 0x50, 0x28, 0xff, 0xc0, 0x50, 0x28, 0xff,
    0xc0, 0x50, 0x28, 0xff, 0xc0, 0x50, 0x28, 0xff, 0xc0, 0x54, 0x28, 0xff,
    0xc0, 0x50, 0x28, 0xff, 0xc0, 0x54, 0x28, 0xff, 0xc8, 0x50, 0x28, 0xff,
    0xc0, 0x50, 0x28, 0xff, 0xc8, 0x50, 0x28, 0xff, 0xc0, 0x4c, 0x20, 0xff,
    0xa8, 0x44, 0x20, 0xff, 0xa0, 0x3c, 0x20, 0xff, 0xa8, 0x44, 0x20, 0xff,
    0xc8, 0x50, 0x28, 0xff, 0xc8, 0x50, 0x28, 0xff, 0xc8, 0x54, 0x28, 0xff,
    0xc8, 0x54, 0x28, 0xff, 0xc8, 0x50, 0x28, 0xff, 0xc8, 0x54, 0x28, 0xff,
    0xc8, 0x54, 0x28, 0xff, 0xa8, 0x40, 0x20, 0xff, 0x90, 0x38, 0x18, 0xff,
    0xc0, 0x4c, 0x28, 0xff, 0xc0, 0x4c, 0x28, 0xff, 0xc0, 0x4c, 0x20, 0xff,
    0xc0, 0x4c, 0x28, 0xff, 0xc0, 0x4c, 0x28, 0xff, 0xb8, 0x4c, 0x28, 0xff,
    0xc0, 0x4c, 0x28, 0xff, 0xc0, 0x4c, 0x28, 0xff, 0xc0, 0x50, 0x28, 0xff,
    0xc0, 0x4c, 0x28, 0xff, 0xc0, 0x4c, 0x28, 0xff, 0xc0, 0x50, 0x28, 0xff,
    0xc0, 0x4c, 0x20, 0xff, 0xc0, 0x4c, 0x28, 0xff, 0xc0, 0x50, 0x28, 0xff,
    0xb8, 0x48, 0x20, 0xff, 0xa8, 0x44, 0x20, 0xff, 0xc8, 0x58, 0x28, 0xff,
    0xd0, 0x54, 0x30, 0xff, 0xc8, 0x54, 0x30, 0xff, 0xc8, 0x54, 0x28, 0xff,
    0xd0, 0x54, 0x28, 0xff, 0xc8, 0x58, 0x28, 0xff, 0xc8, 0x54, 0x28, 0xff,
    0xc8, 0x54, 0x28, 0xff, 0xc8, 0x54, 0x28, 0xff, 0xc8, 0x50, 0x28, 0xff,
    0xc8, 0x50, 0x28, 0xff, 0xc8, 0x58, 0x28, 0xff, 0xd0, 0x54, 0x28, 0xff,
    0xc8, 0x54, 0x28, 0xff, 0xd0, 0x58, 0x30, 0xff, 0xd0, 0x54, 0x28, 0xff,
    0xd0, 0x58, 0x28, 0xff, 0xc8, 0x58, 0x30, 0xff, 0xc8, 0x54, 0x28, 0xff,
    0xd0, 0x54, 0x28, 0xff, 0xd0, 0x54, 0x28, 0xff, 0xc8, 0x58, 0x28, 0xff,
    0xc8, 0x54, 0x28, 0xff, 0xd0, 0x54, 0x28, 0xff, 0xd0, 0x58, 0x28, 0xff,
    0xd0, 0x54, 0x30, 0xff, 0xc8, 0x58, 0x28, 0xff, 0xd0, 0x54, 0x28, 0xff,
    0xd0, 0x58, 0x30, 0xff, 0xd0, 0x54, 0x30, 0xff, 0xd0, 0x54, 0x28, 0xff,
    0xd0, 0x58, 0x28, 0xff, 0xd0, 0x58, 0x28, 0xff, 0xd0, 0x54, 0x30, 0xff,
    0xc8, 0x58, 0x28, 0xff, 0xd0, 0x58, 0x28, 0xff, 0xd0, 0x54, 0x30, 0xff,
    0xd0, 0x58, 0x28, 0xff, 0xd0, 0x54, 0x28, 0xff, 0xd0, 0x54, 0x28, 0xff,
    0xd0, 0x58, 0x28, 0xff, 0xd0, 0x54, 0x28, 0xff, 0xd0, 0x58, 0x28, 0xff,
    0xd0, 0x54, 0x30, 0xff, 0xd0, 0x54, 0x28, 0xff, 0xc8, 0x58, 0x28, 0xff,
    0xd0, 0x54, 0x30, 0xff, 0xd0, 0x58, 0x30, 0xff, 0xd0, 0x58, 0x28, 0xff,
    0xd0, 0x54, 0x30, 0xff, 0xd0, 0x58, 0x28, 0xff, 0xd0, 0x58, 0x28, 0xff,
    0xd0, 0x58, 0x28, 0xff, 0xd0, 0x54, 0x28, 0xff, 0xd0, 0x54, 0x28, 0xff,
    0xd0, 0x58, 0x30, 0xff, 0xd0, 0x58, 0x28, 0xff, 0xd0, 0x58, 0x28, 0xff,
    0xd0, 0x58, 0x30, 0xff, 0xd0, 0x58, 0x28, 0xff, 0xd0, 0x58, 0x28, 0xff,
    0xd0, 0x58, 0x30, 0xff, 0xd0, 0x54, 0x28, 0xff, 0xd0, 0x5c, 0x30, 0xff,
    0xd8, 0x5c, 0x30, 0xff, 0xd8, 0x5c, 0x30, 0xff, 0xd8, 0x60, 0x30, 0xff,
    0xd8, 0x60, 0x38, 0xff, 0xe0, 0x64, 0x38, 0xff, 0xe0, 0x64, 0x30, 0xff,
    0xe0, 0x64, 0x38, 0xff, 0xe0, 0x64, 0x38, 0xff, 0xe0, 0x68, 0x38, 0xff,
    0xe0, 0x68, 0x38, 0xff, 0xe0, 0x68, 0x38, 0xff, 0xe8, 0x68, 0x38, 0xff,
    0xe0, 0x64, 0x38, 0xff, 0xe0, 0x68, 0x38, 0xff, 0xe0, 0x68, 0x38, 0xff,
    0xe0, 0x68, 0x38, 0xff, 0xe0, 0x68, 0x38, 0xff, 0xe0, 0x64, 0x38, 0xff,
    0xe0, 0x68, 0x38, 0xff, 0xe8, 0x64, 0x38, 0xff, 0xe0, 0x64, 0x38, 0xff,
    0xe0, 0x68, 0x38, 0xff, 0xe0, 0x64, 0x38, 0xff, 0xe0, 0x64, 0x38, 0xff,
    0xe0, 0x68, 0x38, 0xff, 0xe0, 0x68, 0x38, 0xff, 0xe0, 0x64, 0x38, 0xff,
    0xe0, 0x64, 0x38, 0xff, 0xd8, 0x64, 0x38, 0xff, 0xe0, 0x64, 0x38, 0xff,
    0xd8, 0x64, 0x38, 0xff, 0xd8, 0x64, 0x38, 0xff, 0xd8, 0x64, 0x38, 0xff,
    0xe0, 0x64, 0x38, 0xff, 0xd8, 0x64, 0x38, 0xff, 0xd8, 0x64, 0x38, 0xff,
    0xd8, 0x60, 0x38, 0xff, 0xd0, 0x60, 0x30, 0xff, 0xd0, 0x60, 0x30, 0xff,
    0xd0, 0x5c, 0x38, 0xff, 0xd0, 0x5c, 0x30, 0xff, 0xd0, 0x5c, 0x30, 0xff,
    0xd0, 0x5c, 0x38, 0xff, 0xd0, 0x5c, 0x30, 0xff, 0xc8, 0x58, 0x30, 0xff,
    0xc8, 0x54, 0x30, 0xff, 0xc0, 0x54, 0x28, 0xff, 0xc0, 0x50, 0x28, 0xff,
    0xc0, 0x50, 0x28, 0xff, 0xc0, 0x54, 0x30, 0xff, 0xc0, 0x50, 0x28, 0xff,
    0xc0, 0x50, 0x28, 0xff, 0xc0, 0x50, 0x28, 0xff, 0xc0, 0x50, 0x28, 0xff,
    0xc0, 0x50, 0x28, 0xff, 0xb8, 0x50, 0x28, 0xff, 0xc0, 0x50, 0x28, 0xff,
    0xb8, 0x50, 0x28, 0xff, 0xb8, 0x4c, 0x28, 0xff, 0xc0, 0x4c, 0x28, 0xff,
    0xb8, 0x4c, 0x28, 0xff, 0xb8, 0x4c, 0x28, 0xff, 0xb8, 0x4c, 0x28, 0xff,
    0xb8, 0x4c, 0x28, 0xff, 0xb8, 0x4c, 0x28, 0xff, 0xb8, 0x4c, 0x28, 0xff,
    0xc0, 0x4c, 0x28, 0xff, 0xb8, 0x4c, 0x28, 0xff, 0xb8, 0x4c, 0x28, 0xff,
    0xb8, 0x4c, 0x28, 0xff, 0xb8, 0x4c, 0x28, 0xff, 0xb8, 0x4c, 0x28, 0xff,
    0xb8, 0x48, 0x28, 0xff, 0xb0, 0x4c, 0x28, 0xff, 0xb0, 0x48, 0x28, 0xff,
    0xb0, 0x48, 0x20, 0xff, 0xb0, 0x48, 0x28, 0xff, 0xb0, 0x48, 0x28, 0xff,
    0xa8, 0x44, 0x20, 0xff, 0xa8, 0x48, 0x28, 0xff, 0xa8, 0x44, 0x28, 0xff,
    0xa0, 0x44, 0x20, 0xff, 0xa0, 0x40, 0x20, 0xff, 0x98, 0x44, 0x28, 0xff,
    0x98, 0x40, 0x28, 0xff, 0x98, 0x40, 0x20, 0xff, 0x90, 0x40, 0x28, 0xff,
    0x90, 0x3c, 0x20, 0xff, 0x88, 0x3c, 0x20, 0xff, 0x88, 0x3c, 0x20, 0xff,
    0x80, 0x38, 0x20, 0xff, 0x80, 0x38, 0x20, 0xff, 0x70, 0x30, 0x20, 0xff,
    0x78, 0x34, 0x20, 0xff, 0x90, 0x40, 0x28, 0xff, 0x90, 0x40, 0x20, 0xff,
    0x98, 0x44, 0x28, 0xff, 0x98, 0x44, 0x20, 0xff, 0xa0, 0x44, 0x28, 0xff,
    0xa0, 0x48, 0x28, 0xff, 0xa8, 0x48, 0x28, 0xff, 0xa8, 0x4c, 0x28, 0xff,
    0xb0, 0x48, 0x28, 0xff, 0xb0, 0x4c, 0x28, 0xff, 0xb0, 0x4c, 0x28, 0xff,
    0xb8, 0x4c, 0x28, 0xff, 0xb8, 0x50, 0x28, 0xff, 0xb8, 0x50, 0x28, 0xff,
    0xc0, 0x50, 0x28, 0xff, 0xc0, 0x50, 0x28, 0xff, 0xc0, 0x50, 0x28, 0xff,
    0xc0, 0x50, 0x28, 0xff, 0xc0, 0x50, 0x28, 0xff, 0xc0, 0x50, 0x28, 0xff,
    0xc8, 0x54, 0x28, 0xff, 0xc0, 0x50, 0x28, 0xff, 0xc8, 0x50, 0x28, 0xff,
    0xb8, 0x4c, 0x20, 0xff, 0xb0, 0x48, 0x20, 0xff, 0xa0, 0x40, 0x20, 0xff,
    0xb0, 0x44, 0x20, 0xff, 0xc8, 0x50, 0x28, 0xff, 0xc0, 0x50, 0x28, 0xff,
    0xc8, 0x54, 0x28, 0xff, 0xc8, 0x50, 0x28, 0xff, 0xc8, 0x50, 0x28, 0xff,
    0xc8, 0x54, 0x28, 0xff, 0xc8, 0x54, 0x28, 0xff, 0xa8, 0x40, 0x20, 0xff,
    0x90, 0x38, 0x18, 0xff, 0xc0, 0x50, 0x28, 0xff, 0xc0, 0x4c, 0x28, 0xff,
    0xc0, 0x4c, 0x20, 0xff, 0xc0, 0x4c, 0x28, 0xff, 0xc0, 0x50, 0x28, 0xff,
    0xc0, 0x4c, 0x20, 0xff, 0xc0, 0x4c, 0x28, 0xff, 0xc0, 0x50, 0x28, 0xff,
    0xc0, 0x50, 0x20, 0xff, 0xc0, 0x4c, 0x28, 0xff, 0xc0, 0x50, 0x28, 0xff,
    0xc0, 0x4c, 0x28, 0xff, 0xc0, 0x4c, 0x28, 0xff, 0xc0, 0x4c, 0x28, 0xff,
    0xc0, 0x50, 0x28, 0xff, 0xb8, 0x48, 0x20, 0xff, 0xa8, 0x44, 0x20, 0xff,
    0xd0, 0x58, 0x30, 0xff, 0xd0, 0x54, 0x28, 0xff, 0xd0, 0x54, 0x30, 0xff,
    0xc8, 0x54, 0x28, 0xff, 0xc8, 0x54, 0x28, 0xff, 0xd0, 0x54, 0x28, 0xff,
    0xc8, 0x54, 0x28, 0xff, 0xc8, 0x54, 0x28, 0xff, 0xc8, 0x54, 0x28, 0xff,
    0xc8, 0x50, 0x28, 0xff, 0xc8, 0x50, 0x28, 0xff, 0xc8, 0x54, 0x28, 0xff,
    0xc8, 0x54, 0x28, 0xff, 0xd0, 0x58, 0x28, 0xff, 0xc8, 0x54, 0x28, 0xff,
    0xd0, 0x58, 0x30, 0xff, 0xd0, 0x54, 0x28, 0xff, 0xd0, 0x58, 0x28, 0xff,
    0xc8, 0x58, 0x30, 0xff, 0xd0, 0x54, 0x28, 0xff, 0xd0, 0x54, 0x28, 0xff,
    0xd0, 0x54, 0x28, 0xff, 0xc8, 0x54, 0x30, 0xff, 0xc8, 0x54, 0x28, 0xff,
    0xd0, 0x58, 0x28, 0xff, 0xd0, 0x58, 0x30, 0xff, 0xd0, 0x54, 0x28, 0xff,
    0xd0, 0x58, 0x28, 0xff, 0xc8, 0x54, 0x30, 0xff, 0xc8, 0x58, 0x28, 0xff,
    0xd0, 0x54, 0x30, 0xff, 0xd0, 0x54, 0x30, 0xff, 0xd0, 0x58, 0x28, 0xff,
    0xd0, 0x54, 0x28, 0xff, 0xd0, 0x54, 0x30, 0xff, 0xd0, 0x58, 0x28, 0xff,
    0xd0, 0x58, 0x28, 0xff, 0xd0, 0x54, 0x30, 0xff, 0xd0, 0x58, 0x28, 0xff,
    0xd0, 0x58, 0x30, 0xff, 0xd0, 0x54, 0x30, 0xff, 0xd0, 0x58, 0x28, 0xff,
    0xd0, 0x58, 0x28, 0xff, 0xd0, 0x54, 0x30, 0xff, 0xd0, 0x58, 0x30, 0xff,
    0xd0, 0x58, 0x28, 0xff, 0xd0, 0x54, 0x28, 0xff, 0xd0, 0x54, 0x30, 0xff,
    0xd0, 0x58, 0x28, 0xff, 0xd0, 0x54, 0x30, 0xff, 0xd0, 0x58, 0x30, 0xff,
    0xd0, 0x58, 0x30, 0xff, 0xd0, 0x58, 0x30, 0xff, 0xd0, 0x58, 0x30, 0xff,
    0xd0, 0x58, 0x28, 0xff, 0xd0, 0x58, 0x30, 0xff, 0xd0, 0x58, 0x30, 0xff,
    0xd0, 0x54, 0x28, 0xff, 0xd0, 0x58, 0x30, 0xff, 0xd0, 0x58, 0x30, 0xff,
    0xd0, 0x58, 0x28, 0xff, 0xd0, 0x58, 0x28, 0xff, 0xd0, 0x54, 0x30, 0xff,
    0xd0, 0x58, 0x30, 0xff, 0xd0, 0x5c, 0x30, 0xff, 0xd8, 0x5c, 0x30, 0xff,
    0xd8, 0x60, 0x30, 0xff, 0xd8, 0x60, 0x38, 0xff, 0xd8, 0x60, 0x38, 0xff,
    0xe0, 0x60, 0x30, 0xff, 0xe0, 0x60, 0x38, 0xff, 0xe0, 0x64, 0x38, 0xff,
    0xe0, 0x64, 0x38, 0xff, 0xe0, 0x64, 0x38, 0xff, 0xe8, 0x68, 0x38, 0xff,
    0xe0, 0x68, 0x38, 0xff, 0xe0, 0x68, 0x38, 0xff, 0xe8, 0x64, 0x38, 0xff,
    0xe0, 0x68, 0x38, 0xff, 0xe0, 0x68, 0x38, 0xff, 0xe0, 0x64, 0x38, 0xff,
    0xe0, 0x68, 0x38, 0xff, 0xe0, 0x64, 0x38, 0xff, 0xe0, 0x68, 0x38, 0xff,
    0xe8, 0x68, 0x38, 0xff, 0xe0, 0x64, 0x38, 0xff, 0xe0, 0x68, 0x38, 0xff,
    0xe0, 0x64, 0x38, 0xff, 0xe0, 0x64, 0x38, 0xff, 0xe0, 0x64, 0x38, 0xff,
    0xe0, 0x64, 0x38, 0xff, 0xd8, 0x64, 0x38, 0xff, 0xe0, 0x64, 0x30, 0xff,
    0xe0, 0x64, 0x38, 0xff, 0xd8, 0x64, 0x38, 0xff, 0xe0, 0x64, 0x30, 0xff,
    0xd8, 0x64, 0x38, 0xff, 0xd8, 0x64, 0x38, 0xff, 0xd8, 0x60, 0x38, 0xff,
    0xd8, 0x60, 0x30, 0xff, 0xd8, 0x60, 0x38, 0xff, 0xd0, 0x60, 0x30, 0xff,
    0xd0, 0x60, 0x30, 0xff, 0xd0, 0x5c, 0x38, 0xff, 0xc8, 0x5c, 0x30, 0xff,
    0xc8, 0x5c, 0x30, 0xff, 0xd0, 0x5c, 0x38, 0xff, 0xc8, 0x5c, 0x30, 0xff,
    0xc8, 0x58, 0x30, 0xff, 0xc0, 0x54, 0x30, 0xff, 0xc0, 0x54, 0x28, 0xff,
    0xc0, 0x50, 0x28, 0xff, 0xc0, 0x54, 0x28, 0xff, 0xc0, 0x50, 0x28, 0xff,
    0xc0, 0x50, 0x28, 0xff, 0xb8, 0x50, 0x30, 0xff, 0xc0, 0x50, 0x30, 0xff,
    0xb8, 0x50, 0x28, 0xff, 0xb8, 0x50, 0x28, 0xff, 0xc0, 0x50, 0x28, 0xff,
    0xb8, 0x4c, 0x28, 0xff, 0xb8, 0x50, 0x28, 0xff, 0xb8, 0x50, 0x28, 0xff,
    0xb8, 0x50, 0x28, 0xff, 0xb8, 0x50, 0x28, 0xff, 0xb8, 0x4c, 0x28, 0xff,
    0xb8, 0x50, 0x28, 0xff, 0xb8, 0x4c, 0x28, 0xff, 0xb8, 0x4c, 0x28, 0xff,
    0xb8, 0x4c, 0x28, 0xff, 0xb8, 0x4c, 0x28, 0xff, 0xb8, 0x4c, 0x28, 0xff,
    0xb8, 0x4c, 0x28, 0xff, 0xb8, 0x4c, 0x28, 0xff, 0xb0, 0x4c, 0x28, 0xff,
    0xb0, 0x4c, 0x28, 0xff, 0xb0, 0x4c, 0x28, 0xff, 0xb0, 0x48, 0x28, 0xff,
    0xb0, 0x4c, 0x28, 0xff, 0xb0, 0x48, 0x28, 0xff, 0xb0, 0x48, 0x28, 0xff,
    0xa8, 0x48, 0x20, 0xff, 0xa8, 0x48, 0x28, 0xff, 0xa8, 0x44, 0x28, 0xff,
    0xa8, 0x44, 0x20, 0xff, 0xa0, 0x44, 0x28, 0xff, 0xa0, 0x44, 0x20, 0xff,
    0x98, 0x44, 0x28, 0xff, 0x98, 0x40, 0x20, 0xff, 0x98, 0x40, 0x20, 0xff,
    0x90, 0x3c, 0x20, 0xff, 0x90, 0x3c, 0x28, 0xff, 0x88, 0x3c, 0x20, 0xff,
    0x88, 0x38, 0x20, 0xff, 0x80, 0x38, 0x20, 0xff, 0x80, 0x38, 0x20, 0xff,
    0x70, 0x30, 0x18, 0xff, 0x78, 0x34, 0x20, 0xff, 0x90, 0x3c, 0x20, 0xff,
    0x90, 0x40, 0x20, 0xff, 0x98, 0x40, 0x28, 0xff, 0xa0, 0x44, 0x28, 0xff,
    0xa0, 0x48, 0x28, 0xff, 0xa0, 0x48, 0x28, 0xff, 0xa8, 0x48, 0x28, 0xff,
    0xa8, 0x48, 0x28, 0xff, 0xb0, 0x4c, 0x28, 0xff, 0xb0, 0x4c, 0x28, 0xff,
    0xb8, 0x4c, 0x28, 0xff, 0xb8, 0x4c, 0x28, 0xff, 0xb8, 0x4c, 0x28, 0xff,
    0xb8, 0x50, 0x28, 0xff, 0xc0, 0x50, 0x30, 0xff, 0xc0, 0x50, 0x28, 0xff,
    0xc0, 0x54, 0x28, 0xff, 0xc0, 0x50, 0x28, 0xff, 0xc0, 0x50, 0x28, 0xff,
    0xc0, 0x50, 0x28, 0xff, 0xc8, 0x50, 0x28, 0xff, 0xc0, 0x50, 0x28, 0xff,
    0xc8, 0x50, 0x28, 0xff, 0xc0, 0x4c, 0x28, 0xff, 0xb8, 0x48, 0x20, 0xff,
    0xb0, 0x44, 0x20, 0xff, 0xb8, 0x48, 0x20, 0xff, 0xc0, 0x54, 0x28, 0xff,
    0xc8, 0x50, 0x28, 0xff, 0xc8, 0x50, 0x28, 0xff, 0xc8, 0x50, 0x28, 0xff,
    0xc0, 0x50, 0x28, 0xff, 0xc8, 0x50, 0x28, 0xff, 0xc8, 0x54, 0x28, 0xff,
    0xa0, 0x40, 0x20, 0xff, 0x90, 0x38, 0x18, 0xff, 0xc0, 0x50, 0x28, 0xff,
    0xc0, 0x50, 0x28, 0xff, 0xc0, 0x4c, 0x28, 0xff, 0xc0, 0x4c, 0x28, 0xff,
    0xc0, 0x4c, 0x28, 0xff, 0xc0, 0x4c, 0x20, 0xff, 0xc0, 0x50, 0x28, 0xff,
    0xc0, 0x4c, 0x28, 0xff, 0xc0, 0x4c, 0x28, 0xff, 0xc0, 0x50, 0x28, 0xff,
    0xc0, 0x50, 0x28, 0xff, 0xc0, 0x4c, 0x20, 0xff, 0xc0, 0x4c, 0x28, 0xff,
    0xc0, 0x4c, 0x28, 0xff, 0xc0, 0x50, 0x28, 0xff, 0xb8, 0x48, 0x20, 0xff,
    0xa8, 0x44, 0x20, 0xff, 0xc8, 0x58, 0x30, 0xff, 0xd0, 0x58, 0x28, 0xff,
    0xc8, 0x54, 0x30, 0xff, 0xc8, 0x54, 0x28, 0xff, 0xd0, 0x54, 0x28, 0xff,
    0xc8, 0x54, 0x28, 0xff, 0xc8, 0x54, 0x28, 0xff, 0xc8, 0x54, 0x28, 0xff,
    0xc8, 0x50, 0x28, 0xff, 0xc8, 0x50, 0x28, 0xff, 0xc8, 0x50, 0x28, 0xff,
    0xc8, 0x54, 0x28, 0xff, 0xc8, 0x54, 0x28, 0xff, 0xd0, 0x54, 0x30, 0xff,
    0xd0, 0x58, 0x28, 0xff, 0xc8, 0x54, 0x28, 0xff, 0xd0, 0x54, 0x28, 0xff,
    0xd0, 0x58, 0x28, 0xff, 0xd0, 0x54, 0x28, 0xff, 0xc8, 0x58, 0x30, 0xff,
    0xd0, 0x58, 0x28, 0xff, 0xc8, 0x54, 0x28, 0xff, 0xd0, 0x54, 0x28, 0xff,
    0xd0, 0x54, 0x28, 0xff, 0xd0, 0x58, 0x30, 0xff, 0xc8, 0x54, 0x28, 0xff,
    0xd0, 0x54, 0x28, 0xff, 0xd0, 0x58, 0x30, 0xff, 0xd0, 0x58, 0x28, 0xff,
    0xd0, 0x54, 0x28, 0xff, 0xd0, 0x58, 0x28, 0xff, 0xc8, 0x58, 0x28, 0xff,
    0xd0, 0x54, 0x30, 0xff, 0xd0, 0x58, 0x28, 0xff, 0xc8, 0x54, 0x30, 0xff,
    0xd0, 0x54, 0x28, 0xff, 0xd0, 0x58, 0x28, 0xff, 0xc8, 0x54, 0x30, 0xff,
    0xd0, 0x54, 0x28, 0xff, 0xd0, 0x58, 0x28, 0xff, 0xc8, 0x54, 0x30, 0xff,
    0xd0, 0x54, 0x28, 0xff, 0xd0, 0x58, 0x28, 0xff, 0xc8, 0x54, 0x30, 0xff,
    0xd0, 0x58, 0x28, 0xff, 0xd0, 0x54, 0x30, 0xff, 0xd0, 0x58, 0x28, 0xff,
    0xd0, 0x58, 0x28, 0xff, 0xd0, 0x54, 0x28, 0xff, 0xd0, 0x58, 0x28, 0xff,
    0xd0, 0x54, 0x30, 0xff, 0xd0, 0x58, 0x28, 0xff, 0xc8, 0x54, 0x28, 0xff,
    0xd0, 0x58, 0x30, 0xff, 0xc8, 0x54, 0x28, 0xff, 0xd0, 0x58, 0x28, 0xff,
    0xd0, 0x58, 0x30, 0xff, 0xd0, 0x54, 0x28, 0xff, 0xd0, 0x54, 0x30, 0xff,
    0xd0, 0x58, 0x28, 0xff, 0xd0, 0x58, 0x30, 0xff, 0xd0, 0x54, 0x28, 0xff,
    0xd0, 0x54, 0x28, 0xff, 0xd0, 0x58, 0x30, 0xff, 0xd8, 0x5c, 0x30, 0xff,
    0xd8, 0x5c, 0x30, 0xff, 0xd8, 0x60, 0x30, 0xff, 0xd8, 0x60, 0x38, 0xff,
    0xe0, 0x60, 0x30, 0xff, 0xe0, 0x64, 0x30, 0xff, 0xe0, 0x64, 0x38, 0xff,
    0xe0, 0x64, 0x38, 0xff, 0xe0, 0x64, 0x38, 0xff, 0xe0, 0x68, 0x38, 0xff,
    0xe8, 0x68, 0x38, 0xff, 0xe0, 0x68, 0x38, 0xff, 0xe0, 0x68, 0x38, 0xff,
    0xe8, 0x64, 0x38, 0xff, 0xe0, 0x68, 0x38, 0xff, 0xe0, 0x68, 0x38, 0xff,
    0xe0, 0x64, 0x38, 0xff, 0xe0, 0x64, 0x38, 0xff, 0xe8, 0x64, 0x38, 0xff,
    0xe0, 0x68, 0x38, 0xff, 0xe0, 0x64, 0x38, 0xff, 0xe0, 0x68, 0x38, 0xff,
    0xe0, 0x64, 0x38, 0xff, 0xe0, 0x64, 0x38, 0xff, 0xe0, 0x64, 0x38, 0xff,
    0xe0, 0x64, 0x38, 0xff, 0xd8, 0x64, 0x38, 0xff, 0xe0, 0x64, 0x38, 0xff,
    0xd8, 0x64, 0x38, 0xff, 0xd8, 0x64, 0x38, 0xff, 0xe0, 0x64, 0x38, 0xff,
    0xd8, 0x64, 0x38, 0xff, 0xd8, 0x64, 0x38, 0xff, 0xd8, 0x64, 0x38, 0xff,
    0xd8, 0x64, 0x38, 0xff, 0xd8, 0x60, 0x38, 0xff, 0xd8, 0x60, 0x38, 0xff,
    0xd0, 0x60, 0x30, 0xff, 0xd0, 0x5c, 0x30, 0xff, 0xd0, 0x5c, 0x38, 0xff,
    0xc8, 0x5c, 0x30, 0xff, 0xc8, 0x58, 0x30, 0xff, 0xc8, 0x5c, 0x30, 0xff,
    0xc8, 0x5c, 0x30, 0xff, 0xc0, 0x54, 0x30, 0xff, 0xc0, 0x54, 0x30, 0xff,
    0xc0, 0x50, 0x28, 0xff, 0xc0, 0x50, 0x28, 0xff, 0xc0, 0x50, 0x30, 0xff,
    0xb8, 0x50, 0x28, 0xff, 0xb8, 0x50, 0x28, 0xff, 0xc0, 0x50, 0x28, 0xff,
    0xb8, 0x50, 0x28, 0xff, 0xb8, 0x50, 0x28, 0xff, 0xb8, 0x4c, 0x28, 0xff,
    0xb8, 0x4c, 0x30, 0xff, 0xb8, 0x50, 0x28, 0xff, 0xb8, 0x4c, 0x28, 0xff,
    0xb8, 0x4c, 0x30, 0xff, 0xb8, 0x50, 0x28, 0xff, 0xb8, 0x4c, 0x28, 0xff,
    0xb8, 0x4c, 0x30, 0xff, 0xb8, 0x4c, 0x28, 0xff, 0xb8, 0x4c, 0x28, 0xff,
    0xb8, 0x4c, 0x28, 0xff, 0xb0, 0x4c, 0x28, 0xff, 0xb8, 0x4c, 0x28, 0xff,
    0xb8, 0x4c, 0x28, 0xff, 0xb0, 0x4c, 0x28, 0xff, 0xb0, 0x4c, 0x28, 0xff,
    0xb0, 0x4c, 0x28, 0xff, 0xb8, 0x48, 0x28, 0xff, 0xb0, 0x48, 0x28, 0xff,
    0xb0, 0x48, 0x28, 0xff, 0xb0, 0x48, 0x20, 0xff, 0xb0, 0x48, 0x20, 0xff,
    0xa8, 0x48, 0x28, 0xff, 0xa8, 0x48, 0x20, 0xff, 0xa8, 0x44, 0x28, 0xff,
    0xa8, 0x48, 0x28, 0xff, 0xa0, 0x44, 0x20, 0xff, 0xa0, 0x44, 0x28, 0xff,
    0x98, 0x40, 0x20, 0xff, 0x98, 0x40, 0x20, 0xff, 0x98, 0x40, 0x28, 0xff,
    0x90, 0x40, 0x20, 0xff, 0x90, 0x3c, 0x20, 0xff, 0x88, 0x3c, 0x20, 0xff,
    0x88, 0x3c, 0x20, 0xff, 0x80, 0x38, 0x20, 0xff, 0x80, 0x38, 0x20, 0xff,
    0x78, 0x34, 0x20, 0xff, 0x68, 0x30, 0x18, 0xff, 0x78, 0x38, 0x20, 0xff,
    0x90, 0x40, 0x20, 0xff, 0x90, 0x40, 0x20, 0xff, 0x98, 0x44, 0x28, 0xff,
    0x98, 0x44, 0x28, 0xff, 0xa0, 0x44, 0x28, 0xff, 0xa0, 0x48, 0x28, 0xff,
    0xa8, 0x48, 0x28, 0xff, 0xa8, 0x4c, 0x28, 0xff, 0xa8, 0x4c, 0x28, 0xff,
    0xb0, 0x4c, 0x28, 0xff, 0xb0, 0x4c, 0x28, 0xff, 0xb8, 0x4c, 0x28, 0xff,
    0xb8, 0x50, 0x28, 0xff, 0xb8, 0x50, 0x28, 0xff, 0xc0, 0x50, 0x28, 0xff,
    0xc0, 0x50, 0x28, 0xff, 0xc0, 0x50, 0x28, 0xff, 0xc0, 0x50, 0x28, 0xff,
    0xc0, 0x50, 0x28, 0xff, 0xc0, 0x50, 0x28, 0xff, 0xc8, 0x50, 0x28, 0xff,
    0xc0, 0x50, 0x28, 0xff, 0xc0, 0x50, 0x28, 0xff, 0xc0, 0x4c, 0x20, 0xff,
    0xb8, 0x4c, 0x28, 0xff, 0xb8, 0x48, 0x20, 0xff, 0xc0, 0x4c, 0x28, 0xff,
    0xc8, 0x50, 0x28, 0xff, 0xc8, 0x50, 0x28, 0xff, 0xc8, 0x54, 0x28, 0xff,
    0xc0, 0x50, 0x28, 0xff, 0xc8, 0x50, 0x28, 0xff, 0xc8, 0x54, 0x28, 0xff,
    0xc8, 0x54, 0x28, 0xff, 0xa8, 0x40, 0x20, 0xff, 0x90, 0x38, 0x18, 0xff,
    0xc0, 0x4c, 0x28, 0xff, 0xc0, 0x4c, 0x28, 0xff, 0xb8, 0x4c, 0x20, 0xff,
    0xc0, 0x4c, 0x28, 0xff, 0xc0, 0x4c, 0x28, 0xff, 0xc0, 0x4c, 0x28, 0xff,
    0xc0, 0x50, 0x28, 0xff, 0xc0, 0x50, 0x28, 0xff, 0xc0, 0x4c, 0x28, 0xff,
    0xc0, 0x4c, 0x28, 0xff, 0xc0, 0x4c, 0x28, 0xff, 0xc0, 0x4c, 0x28, 0xff,
    0xc0, 0x50, 0x28, 0xff, 0xc0, 0x4c, 0x28, 0xff, 0xc0, 0x50, 0x28, 0xff,
    0xb8, 0x48, 0x20, 0xff, 0xa8, 0x44, 0x20, 0xff, 0xd0, 0x54, 0x30, 0xff,
    0xd0, 0x58, 0x28, 0xff, 0xc8, 0x58, 0x30, 0xff, 0xc8, 0x54, 0x28, 0xff,
    0xd0, 0x54, 0x28, 0xff, 0xd0, 0x54, 0x28, 0xff, 0xc8, 0x54, 0x28, 0xff,
    0xc8, 0x54, 0x28, 0xff, 0xc8, 0x54, 0x28, 0xff, 0xc8, 0x50, 0x28, 0xff,
    0xc0, 0x50, 0x28, 0xff, 0xc8, 0x58, 0x28, 0xff, 0xc8, 0x54, 0x28, 0xff,
    0xc8, 0x54, 0x28, 0xff, 0xd0, 0x58, 0x30, 0xff, 0xd0, 0x54, 0x30, 0xff,
    0xd0, 0x58, 0x28, 0xff, 0xd0, 0x54, 0x28, 0xff, 0xc8, 0x54, 0x30, 0xff,
    0xd0, 0x58, 0x28, 0xff, 0xc8, 0x58, 0x30, 0xff, 0xd0, 0x54, 0x28, 0xff,
    0xd0, 0x54, 0x28, 0xff, 0xc8, 0x54, 0x28, 0xff, 0xd0, 0x58, 0x28, 0xff,
    0xc8, 0x54, 0x30, 0xff, 0xd0, 0x58, 0x28, 0xff, 0xd0, 0x54, 0x28, 0xff,
    0xd0, 0x54, 0x30, 0xff, 0xd0, 0x58, 0x28, 0xff, 0xd0, 0x54, 0x28, 0xff,
    0xd0, 0x58, 0x30, 0xff, 0xd0, 0x54, 0x28, 0xff, 0xd0, 0x58, 0x30, 0xff,
    0xd0, 0x58, 0x28, 0xff, 0xd0, 0x54, 0x30, 0xff, 0xd0, 0x58, 0x30, 0xff,
    0xd0, 0x58, 0x28, 0xff, 0xd0, 0x54, 0x28, 0xff, 0xd0, 0x58, 0x30, 0xff,
    0xd0, 0x58, 0x28, 0xff, 0xc8, 0x54, 0x30, 0xff, 0xd0, 0x54, 0x28, 0xff,
    0xd0, 0x58, 0x28, 0xff, 0xd0, 0x54, 0x30, 0xff, 0xd0, 0x54, 0x28, 0xff,
    0xd0, 0x58, 0x30, 0xff, 0xd0, 0x58, 0x30, 0xff, 0xd0, 0x54, 0x28, 0xff,
    0xd0, 0x58, 0x28, 0xff, 0xd0, 0x54, 0x28, 0xff, 0xd0, 0x54, 0x28, 0xff,
    0xd0, 0x58, 0x28, 0xff, 0xd0, 0x54, 0x30, 0xff, 0xd0, 0x58, 0x28, 0xff,
    0xd0, 0x54, 0x30, 0xff, 0xd0, 0x58, 0x28, 0xff, 0xd0, 0x58, 0x30, 0xff,
    0xd0, 0x58, 0x28, 0xff, 0xd0, 0x58, 0x30, 0xff, 0xd0, 0x58, 0x30, 0xff,
    0xd0, 0x58, 0x28, 0xff, 0xd0, 0x58, 0x30, 0xff, 0xd0, 0x58, 0x30, 0xff,
    0xd0, 0x58, 0x30, 0xff, 0xd8, 0x5c, 0x30, 0xff, 0xd8, 0x60, 0x30, 0xff,
    0xd8, 0x60, 0x30, 0xff, 0xd8, 0x60, 0x38, 0xff, 0xe0, 0x60, 0x38, 0xff,
    0xe0, 0x64, 0x30, 0xff, 0xe0, 0x60, 0x38, 0xff, 0xe0, 0x64, 0x38, 0xff,
    0xe0, 0x68, 0x38, 0xff, 0xe0, 0x64, 0x38, 0xff, 0xe0, 0x64, 0x38, 0xff,
    0xe0, 0x64, 0x38, 0xff, 0xe0, 0x64, 0x38, 0xff, 0xe0, 0x64, 0x38, 0xff,
    0xe0, 0x68, 0x38, 0xff, 0xe0, 0x64, 0x38, 0xff, 0xe8, 0x64, 0x38, 0xff,
    0xe0, 0x64, 0x38, 0xff, 0xe0, 0x64, 0x38, 0xff, 0xe0, 0x64, 0x38, 0xff,
    0xe0, 0x64, 0x38, 0xff, 0xe0, 0x64, 0x38, 0xff, 0xe0, 0x68, 0x38, 0xff,
    0xe0, 0x64, 0x38, 0xff, 0xd8, 0x64, 0x38, 0xff, 0xe0, 0x64, 0x38, 0xff,
    0xe0, 0x64, 0x38, 0xff, 0xd8, 0x64, 0x38, 0xff, 0xd8, 0x64, 0x38, 0xff,
    0xd8, 0x64, 0x38, 0xff, 0xd8, 0x64, 0x38, 0xff, 0xd8, 0x64, 0x38, 0xff,
    0xd8, 0x60, 0x38, 0xff, 0xd8, 0x64, 0x38, 0xff, 0xd8, 0x60, 0x30, 0xff,
    0xd0, 0x60, 0x38, 0xff, 0xd0, 0x60, 0x38, 0xff, 0xd0, 0x5c, 0x38, 0xff,
    0xc8, 0x5c, 0x30, 0xff, 0xc8, 0x5c, 0x30, 0xff, 0xc8, 0x58, 0x30, 0xff,
    0xc8, 0x5c, 0x30, 0xff, 0xc8, 0x58, 0x30, 0xff, 0xc8, 0x54, 0x30, 0xff,
    0xc0, 0x54, 0x30, 0xff, 0xb8, 0x50, 0x28, 0xff, 0xb8, 0x50, 0x30, 0xff,
    0xb8, 0x50, 0x28, 0xff, 0xb8, 0x50, 0x28, 0xff, 0xb8, 0x50, 0x30, 0xff,
    0xb8, 0x4c, 0x28, 0xff, 0xb8, 0x50, 0x28, 0xff, 0xb8, 0x4c, 0x28, 0xff,
    0xb8, 0x4c, 0x28, 0xff, 0xb8, 0x50, 0x28, 0xff, 0xb8, 0x4c, 0x28, 0xff,
    0xb8, 0x4c, 0x28, 0xff, 0xb8, 0x4c, 0x28, 0xff, 0xb8, 0x4c, 0x28, 0xff,
    0xb0, 0x4c, 0x28, 0xff, 0xb0, 0x4c, 0x28, 0xff, 0xb8, 0x4c, 0x28, 0xff,
    0xb0, 0x4c, 0x28, 0xff, 0xb0, 0x4c, 0x28, 0xff, 0xb0, 0x4c, 0x28, 0xff,
    0xb0, 0x4c, 0x28, 0xff, 0xb0, 0x4c, 0x28, 0xff, 0xb0, 0x4c, 0x28, 0xff,
    0xb0, 0x4c, 0x28, 0xff, 0xb0, 0x48, 0x28, 0xff, 0xb0, 0x4c, 0x28, 0xff,
    0xb0, 0x48, 0x28, 0xff, 0xb0, 0x48, 0x28, 0xff, 0xb0, 0x48, 0x28, 0xff,
    0xa8, 0x48, 0x28, 0xff, 0xa8, 0x48, 0x28, 0xff, 0xa8, 0x44, 0x28, 0xff,
    0xa8, 0x44, 0x20, 0xff, 0xa0, 0x44, 0x28, 0xff, 0xa0, 0x44, 0x28, 0xff,
    0xa0, 0x44, 0x20, 0xff, 0x98, 0x40, 0x20, 0xff, 0x98, 0x40, 0x28, 0xff,
    0x98, 0x40, 0x20, 0xff, 0x88, 0x3c, 0x20, 0xff, 0x88, 0x3c, 0x28, 0xff,
    0x88, 0x3c, 0x20, 0xff, 0x88, 0x38, 0x20, 0xff, 0x80, 0x38, 0x20, 0xff,
    0x80, 0x34, 0x20, 0xff, 0x78, 0x34, 0x20, 0xff, 0x68, 0x2c, 0x18, 0xff,
    0x78, 0x34, 0x20, 0xff, 0x90, 0x40, 0x20, 0xff, 0x90, 0x40, 0x28, 0xff,
    0x98, 0x44, 0x28, 0xff, 0x98, 0x44, 0x28, 0xff, 0xa0, 0x48, 0x28, 0xff,
    0xa0, 0x48, 0x28, 0xff, 0xa8, 0x48, 0x28, 0xff, 0xb0, 0x4c, 0x28, 0xff,
    0xb0, 0x4c, 0x28, 0xff, 0xb0, 0x4c, 0x28, 0xff, 0xb8, 0x4c, 0x28, 0xff,
    0xb8, 0x4c, 0x28, 0xff, 0xb8, 0x4c, 0x28, 0xff, 0xb8, 0x50, 0x28, 0xff,
    0xc0, 0x50, 0x28, 0xff, 0xc0, 0x50, 0x28, 0xff, 0xc0, 0x50, 0x30, 0xff,
    0xc0, 0x50, 0x28, 0xff, 0xc0, 0x50, 0x28, 0xff, 0xc0, 0x50, 0x28, 0xff,
    0xc8, 0x54, 0x28, 0xff, 0xc0, 0x50, 0x28, 0xff, 0xc0, 0x50, 0x28, 0xff,
    0xc0, 0x4c, 0x20, 0xff, 0xc0, 0x4c, 0x20, 0xff, 0xb8, 0x48, 0x20, 0xff,
    0xb8, 0x4c, 0x20, 0xff, 0xc8, 0x54, 0x28, 0xff, 0xc8, 0x50, 0x28, 0xff,
    0xc0, 0x50, 0x28, 0xff, 0xc8, 0x54, 0x28, 0xff, 0xc8, 0x50, 0x28, 0xff,
    0xc8, 0x54, 0x30, 0xff, 0xc8, 0x54, 0x28, 0xff, 0xa8, 0x40, 0x20, 0xff,
    0x90, 0x38, 0x18, 0xff, 0xc0, 0x4c, 0x28, 0xff, 0xc0, 0x4c, 0x28, 0xff,
    0xc0, 0x4c, 0x20, 0xff, 0xc0, 0x4c, 0x28, 0xff, 0xc0, 0x50, 0x28, 0xff,
    0xc0, 0x4c, 0x20, 0xff, 0xc0, 0x4c, 0x28, 0xff, 0xc0, 0x50, 0x28, 0xff,
    0xc0, 0x50, 0x28, 0xff, 0xc0, 0x4c, 0x20, 0xff, 0xc0, 0x4c, 0x28, 0xff,
    0xc0, 0x50, 0x28, 0xff, 0xc0, 0x4c, 0x20, 0xff, 0xc0, 0x4c, 0x28, 0xff,
    0xc0, 0x50, 0x28, 0xff, 0xb8, 0x48, 0x20, 0xff, 0xa8, 0x44, 0x20, 0xff,
    0xc8, 0x54, 0x30, 0xff, 0xd0, 0x54, 0x28, 0xff, 0xd0, 0x54, 0x30, 0xff,
    0xc8, 0x54, 0x28, 0xff, 0xc8, 0x54, 0x28, 0xff, 0xc8, 0x54, 0x28, 0xff,
    0xd0, 0x54, 0x28, 0xff, 0xc8, 0x50, 0x28, 0xff, 0xc8, 0x50, 0x28, 0xff,
    0xc8, 0x50, 0x28, 0xff, 0xc8, 0x50, 0x28, 0xff, 0xc8, 0x54, 0x28, 0xff,
    0xd0, 0x54, 0x28, 0xff, 0xc8, 0x54, 0x28, 0xff, 0xc8, 0x58, 0x28, 0xff,
    0xd0, 0x58, 0x28, 0xff, 0xd0, 0x54, 0x28, 0xff, 0xc8, 0x58, 0x30, 0xff,
    0xd0, 0x58, 0x28, 0xff, 0xd0, 0x54, 0x28, 0xff, 0xd0, 0x54, 0x28, 0xff,
    0xc8, 0x58, 0x30, 0xff, 0xc8, 0x54, 0x28, 0xff, 0xc8, 0x54, 0x28, 0xff,
    0xd0, 0x58, 0x30, 0xff, 0xc8, 0x54, 0x28, 0xff, 0xd0, 0x58, 0x28, 0xff,
    0xc8, 0x58, 0x30, 0xff, 0xc8, 0x54, 0x28, 0xff, 0xd0, 0x58, 0x30, 0xff,
    0xc8, 0x54, 0x28, 0xff, 0xd0, 0x54, 0x30, 0xff, 0xd0, 0x58, 0x28, 0xff,
    0xc8, 0x54, 0x28, 0xff, 0xd0, 0x58, 0x28, 0xff, 0xc8, 0x54, 0x28, 0xff,
    0xc8, 0x54, 0x28, 0xff, 0xd0, 0x58, 0x30, 0xff, 0xc8, 0x54, 0x28, 0xff,
    0xd0, 0x54, 0x28, 0xff, 0xd0, 0x58, 0x30, 0xff, 0xd0, 0x58, 0x28, 0xff,
    0xd0, 0x54, 0x28, 0xff, 0xc8, 0x58, 0x28, 0xff, 0xd0, 0x58, 0x28, 0xff,
    0xc8, 0x54, 0x28, 0xff, 0xc8, 0x54, 0x28, 0xff, 0xd0, 0x54, 0x30, 0xff,
    0xd0, 0x58, 0x30, 0xff, 0xc8, 0x58, 0x28, 0xff, 0xd0, 0x54, 0x30, 0xff,
    0xd0, 0x58, 0x30, 0xff, 0xd0, 0x58, 0x28, 0xff, 0xd0, 0x54, 0x28, 0xff,
    0xd0, 0x58, 0x30, 0xff, 0xd0, 0x54, 0x28, 0xff, 0xd0, 0x58, 0x30, 0xff,
    0xd0, 0x54, 0x28, 0xff, 0xd0, 0x58, 0x28, 0xff, 0xd0, 0x54, 0x28, 0xff,
    0xd0, 0x54, 0x30, 0xff, 0xd0, 0x58, 0x28, 0xff, 0xd0, 0x54, 0x28, 0xff,
    0xd0, 0x58, 0x30, 0xff, 0xd0, 0x58, 0x30, 0xff, 0xd0, 0x5c, 0x30, 0xff,
    0xd8, 0x5c, 0x30, 0xff, 0xd8, 0x60, 0x30, 0xff, 0xd8, 0x60, 0x38, 0xff,
    0xd8, 0x60, 0x30, 0xff, 0xe0, 0x64, 0x30, 0xff, 0xe0, 0x60, 0x30, 0xff,
    0xe0, 0x64, 0x38, 0xff, 0xe0, 0x64, 0x38, 0xff, 0xe0, 0x64, 0x30, 0xff,
    0xe0, 0x64, 0x38, 0xff, 0xe0, 0x68, 0x38, 0xff, 0xe0, 0x68, 0x38, 0xff,
    0xe8, 0x68, 0x38, 0xff, 0xe0, 0x64, 0x38, 0xff, 0xe0, 0x64, 0x38, 0xff,
    0xe0, 0x64, 0x38, 0xff, 0xe0, 0x68, 0x38, 0xff, 0xe0, 0x64, 0x38, 0xff,
    0xe0, 0x64, 0x38, 0xff, 0xe0, 0x64, 0x38, 0xff, 0xe0, 0x68, 0x38, 0xff,
    0xd8, 0x64, 0x38, 0xff, 0xd8, 0x64, 0x38, 0xff, 0xd8, 0x64, 0x38, 0xff,
    0xd8, 0x64, 0x30, 0xff, 0xd8, 0x64, 0x38, 0xff, 0xd8, 0x64, 0x38, 0xff,
    0xd8, 0x64, 0x30, 0xff, 0xd8, 0x60, 0x38, 0xff, 0xd8, 0x60, 0x38, 0xff,
    0xd8, 0x64, 0x38, 0xff, 0xd8, 0x60, 0x38, 0xff, 0xd0, 0x60, 0x30, 0xff,
    0xd0, 0x60, 0x38, 0xff, 0xd0, 0x60, 0x30, 0xff, 0xd0, 0x5c, 0x30, 0xff,
    0xd0, 0x5c, 0x30, 0xff, 0xc8, 0x5c, 0x38, 0xff, 0xc8, 0x58, 0x30, 0xff,
    0xc8, 0x58, 0x30, 0xff, 0xc8, 0x58, 0x38, 0xff, 0xc8, 0x58, 0x30, 0xff,
    0xc0, 0x54, 0x30, 0xff, 0xc0, 0x50, 0x28, 0xff, 0xb8, 0x50, 0x28, 0xff,
    0xb8, 0x50, 0x28, 0xff, 0xb8, 0x4c, 0x28, 0xff, 0xb8, 0x4c, 0x28, 0xff,
    0xb8, 0x4c, 0x28, 0xff, 0xb8, 0x50, 0x30, 0xff, 0xb8, 0x50, 0x28, 0xff,
    0xb8, 0x4c, 0x28, 0xff, 0xb0, 0x4c, 0x28, 0xff, 0xb8, 0x4c, 0x28, 0xff,
    0xb0, 0x4c, 0x28, 0xff, 0xb0, 0x4c, 0x28, 0xff, 0xb0, 0x4c, 0x28, 0xff,
    0xb0, 0x4c, 0x28, 0xff, 0xb0, 0x4c, 0x28, 0xff, 0xb0, 0x4c, 0x28, 0xff,
    0xb0, 0x4c, 0x28, 0xff, 0xb0, 0x4c, 0x28, 0xff, 0xb0, 0x48, 0x28, 0xff,
    0xb0, 0x4c, 0x28, 0xff, 0xb0, 0x4c, 0x28, 0xff, 0xb0, 0x48, 0x28, 0xff,
    0xb0, 0x48, 0x28, 0xff, 0xb0, 0x48, 0x28, 0xff, 0xb0, 0x48, 0x28, 0xff,
    0xb0, 0x4c, 0x28, 0xff, 0xa8, 0x48, 0x28, 0xff, 0xa8, 0x48, 0x20, 0xff,
    0xa8, 0x48, 0x20, 0xff, 0xa8, 0x44, 0x28, 0xff, 0xa8, 0x44, 0x28, 0xff,
    0xa8, 0x44, 0x20, 0xff, 0xa0, 0x44, 0x28, 0xff, 0xa0, 0x44, 0x20, 0xff,
    0xa0, 0x44, 0x20, 0xff, 0x98, 0x40, 0x20, 0xff, 0x98, 0x40, 0x28, 0xff,
    0x98, 0x40, 0x20, 0xff, 0x90, 0x40, 0x20, 0xff, 0x90, 0x3c, 0x20, 0xff,
    0x88, 0x3c, 0x20, 0xff, 0x88, 0x3c, 0x20, 0xff, 0x80, 0x38, 0x20, 0xff,
    0x80, 0x34, 0x20, 0xff, 0x78, 0x34, 0x20, 0xff, 0x78, 0x34, 0x20, 0xff,
    0x68, 0x2c, 0x18, 0xff, 0x70, 0x34, 0x20, 0xff, 0x90, 0x40, 0x20, 0xff,
    0x90, 0x40, 0x28, 0xff, 0x98, 0x40, 0x28, 0xff, 0xa0, 0x44, 0x20, 0xff,
    0xa0, 0x48, 0x28, 0xff, 0xa0, 0x48, 0x28, 0xff, 0xa8, 0x48, 0x28, 0xff,
    0xa8, 0x48, 0x28, 0xff, 0xb0, 0x4c, 0x28, 0xff, 0xb0, 0x4c, 0x28, 0xff,
    0xb0, 0x4c, 0x28, 0xff, 0xb8, 0x4c, 0x28, 0xff, 0xb8, 0x50, 0x28, 0xff,
    0xb8, 0x50, 0x30, 0xff, 0xc0, 0x50, 0x28, 0xff, 0xc0, 0x50, 0x28, 0xff,
    0xc0, 0x50, 0x28, 0xff, 0xc0, 0x50, 0x28, 0xff, 0xc0, 0x50, 0x28, 0xff,
    0xc0, 0x50, 0x28, 0xff, 0xc8, 0x50, 0x28, 0xff, 0xc0, 0x50, 0x28, 0xff,
    0xc8, 0x50, 0x28, 0xff, 0xc0, 0x4c, 0x28, 0xff, 0xc0, 0x4c, 0x28, 0xff,
    0xc0, 0x4c, 0x20, 0xff, 0xc0, 0x4c, 0x28, 0xff, 0xc8, 0x54, 0x28, 0xff,
    0xc8, 0x50, 0x28, 0xff, 0xc8, 0x50, 0x28, 0xff, 0xc8, 0x50, 0x28, 0xff,
    0xc0, 0x50, 0x28, 0xff, 0xc8, 0x54, 0x28, 0xff, 0xc8, 0x54, 0x28, 0xff,
    0xa0, 0x3c, 0x20, 0xff, 0x90, 0x38, 0x18, 0xff, 0xc0, 0x50, 0x28, 0xff,
    0xc0, 0x50, 0x28, 0xff, 0xc0, 0x4c, 0x28, 0xff, 0xc0, 0x4c, 0x28, 0xff,
    0xc0, 0x4c, 0x28, 0xff, 0xc0, 0x4c, 0x20, 0xff, 0xc0, 0x4c, 0x28, 0xff,
    0xc0, 0x4c, 0x28, 0xff, 0xc0, 0x50, 0x28, 0xff, 0xc0, 0x4c, 0x28, 0xff,
    0xc0, 0x50, 0x28, 0xff, 0xc0, 0x4c, 0x20, 0xff, 0xc0, 0x4c, 0x28, 0xff,
    0xc0, 0x4c, 0x28, 0xff, 0xc0, 0x50, 0x28, 0xff, 0xb8, 0x48, 0x20, 0xff,
    0xa8, 0x44, 0x20, 0xff, 0xd0, 0x58, 0x30, 0xff, 0xd0, 0x58, 0x28, 0xff,
    0xc8, 0x54, 0x30, 0xff, 0xc8, 0x54, 0x28, 0xff, 0xc8, 0x54, 0x28, 0xff,
    0xc8, 0x54, 0x28, 0xff, 0xc8, 0x54, 0x28, 0xff, 0xc8, 0x50, 0x28, 0xff,
    0xc8, 0x50, 0x28, 0xff, 0xc8, 0x50, 0x20, 0xff, 0xc8, 0x50, 0x28, 0xff,
    0xc8, 0x54, 0x28, 0xff, 0xc8, 0x54, 0x28, 0xff, 0xd0, 0x54, 0x30, 0xff,
    0xc8, 0x54, 0x28, 0xff, 0xd0, 0x58, 0x28, 0xff, 0xd0, 0x54, 0x28, 0xff,
    0xd0, 0x54, 0x28, 0xff, 0xd0, 0x58, 0x28, 0xff, 0xc8, 0x54, 0x28, 0xff,
    0xd0, 0x58, 0x28, 0xff, 0xd0, 0x54, 0x28, 0xff, 0xc8, 0x54, 0x28, 0xff,
    0xc8, 0x54, 0x28, 0xff, 0xd0, 0x54, 0x30, 0xff, 0xd0, 0x54, 0x28, 0xff,
    0xd0, 0x58, 0x28, 0xff, 0xd0, 0x54, 0x28, 0xff, 0xd0, 0x58, 0x28, 0xff,
    0xc8, 0x58, 0x28, 0xff, 0xd0, 0x54, 0x30, 0xff, 0xd0, 0x58, 0x28, 0xff,
    0xd0, 0x58, 0x28, 0xff, 0xd0, 0x54, 0x28, 0xff, 0xc8, 0x54, 0x30, 0xff,
    0xd0, 0x58, 0x28, 0xff, 0xd0, 0x58, 0x28, 0xff, 0xd0, 0x54, 0x30, 0xff,
    0xd0, 0x58, 0x28, 0xff, 0xc8, 0x54, 0x28, 0xff, 0xd0, 0x54, 0x28, 0xff,
    0xd0, 0x58, 0x30, 0xff, 0xc8, 0x54, 0x28, 0xff, 0xd0, 0x54, 0x30, 0xff,
    0xc8, 0x54, 0x28, 0xff, 0xd0, 0x58, 0x30, 0xff, 0xd0, 0x54, 0x28, 0xff,
    0xc8, 0x58, 0x28, 0xff, 0xd0, 0x54, 0x28, 0xff, 0xd0, 0x54, 0x30, 0xff,
    0xd0, 0x58, 0x28, 0xff, 0xd0, 0x54, 0x30, 0xff, 0xc8, 0x54, 0x28, 0xff,
    0xd0, 0x58, 0x30, 0xff, 0xd0, 0x54, 0x28, 0xff, 0xd0, 0x58, 0x28, 0xff,
    0xd0, 0x54, 0x30, 0xff, 0xd0, 0x54, 0x28, 0xff, 0xd0, 0x58, 0x28, 0xff,
    0xd0, 0x58, 0x30, 0xff, 0xd0, 0x54, 0x28, 0xff, 0xd0, 0x54, 0x28, 0xff,
    0xd0, 0x58, 0x28, 0xff, 0xd0, 0x58, 0x28, 0xff, 0xd0, 0x58, 0x30, 0xff,
    0xd8, 0x5c, 0x30, 0xff, 0xd8, 0x5c, 0x30, 0xff, 0xd8, 0x60, 0x30, 0xff,
    0xd8, 0x60, 0x30, 0xff, 0xd8, 0x60, 0x38, 0xff, 0xe0, 0x64, 0x38, 0xff,
    0xd8, 0x64, 0x30, 0xff, 0xe0, 0x64, 0x38, 0xff, 0xe0, 0x60, 0x38, 0xff,
    0xe0, 0x64, 0x38, 0xff, 0xe0, 0x64, 0x38, 0xff, 0xe0, 0x64, 0x38, 0xff,
    0xe0, 0x64, 0x38, 0xff, 0xe0, 0x68, 0x38, 0xff, 0xe0, 0x64, 0x38, 0xff,
    0xe0, 0x64, 0x38, 0xff, 0xe0, 0x64, 0x38, 0xff, 0xe0, 0x64, 0x38, 0xff,
    0xe0, 0x64, 0x38, 0xff, 0xe0, 0x68, 0x38, 0xff, 0xd8, 0x64, 0x38, 0xff,
    0xe0, 0x64, 0x38, 0xff, 0xe0, 0x60, 0x30, 0xff, 0xd8, 0x64, 0x38, 0xff,
    0xe0, 0x64, 0x38, 0xff, 0xd8, 0x60, 0x30, 0xff, 0xd8, 0x64, 0x38, 0xff,
    0xd8, 0x60, 0x38, 0xff, 0xd8, 0x64, 0x38, 0xff, 0xd8, 0x60, 0x30, 0xff,
    0xd8, 0x60, 0x38, 0xff, 0xd8, 0x60, 0x30, 0xff, 0xd0, 0x60, 0x38, 0xff,
    0xd0, 0x60, 0x38, 0xff, 0xd0, 0x60, 0x30, 0xff, 0xd0, 0x5c, 0x38, 0xff,
    0xd0, 0x5c, 0x38, 0xff, 0xc8, 0x5c, 0x30, 0xff, 0xc8, 0x5c, 0x30, 0xff,
    0xc8, 0x58, 0x30, 0xff, 0xc8, 0x58, 0x30, 0xff, 0xc8, 0x58, 0x30, 0xff,
    0xc0, 0x58, 0x30, 0xff, 0xc0, 0x54, 0x30, 0xff, 0xb8, 0x50, 0x30, 0xff,
    0xb8, 0x50, 0x28, 0xff, 0xb8, 0x50, 0x28, 0xff, 0xb8, 0x4c, 0x28, 0xff,
    0xb8, 0x50, 0x28, 0xff, 0xb8, 0x4c, 0x28, 0xff, 0xb0, 0x4c, 0x28, 0xff,
    0xb8, 0x50, 0x28, 0xff, 0xb0, 0x4c, 0x28, 0xff, 0xb0, 0x4c, 0x28, 0xff,
    0xb0, 0x4c, 0x30, 0xff, 0xb0, 0x4c, 0x28, 0xff, 0xb0, 0x4c, 0x28, 0xff,
    0xb0, 0x4c, 0x28, 0xff, 0xb0, 0x4c, 0x28, 0xff, 0xb0, 0x4c, 0x28, 0xff,
    0xb0, 0x4c, 0x28, 0xff, 0xb0, 0x48, 0x28, 0xff, 0xb0, 0x48, 0x28, 0xff,
    0xb0, 0x4c, 0x28, 0xff, 0xb0, 0x48, 0x28, 0xff, 0xb0, 0x48, 0x28, 0xff,
    0xb0, 0x4c, 0x28, 0xff, 0xb0, 0x4c, 0x28, 0xff, 0xb0, 0x48, 0x28, 0xff,
    0xa8, 0x48, 0x28, 0xff, 0xb0, 0x48, 0x28, 0xff, 0xa8, 0x48, 0x28, 0xff,
    0xa8, 0x48, 0x28, 0xff, 0xa8, 0x44, 0x20, 0xff, 0xa8, 0x44, 0x28, 0xff,
    0xa0, 0x44, 0x20, 0xff, 0xa0, 0x44, 0x20, 0xff, 0xa0, 0x44, 0x28, 0xff,
    0xa0, 0x40, 0x20, 0xff, 0x98, 0x40, 0x20, 0xff, 0x90, 0x40, 0x28, 0xff,
    0x90, 0x40, 0x20, 0xff, 0x90, 0x40, 0x28, 0xff, 0x88, 0x3c, 0x20, 0xff,
    0x88, 0x3c, 0x28, 0xff, 0x88, 0x3c, 0x20, 0xff, 0x88, 0x38, 0x20, 0xff,
    0x80, 0x38, 0x20, 0xff, 0x80, 0x38, 0x20, 0xff, 0x78, 0x34, 0x20, 0xff,
    0x78, 0x34, 0x20, 0xff, 0x68, 0x2c, 0x18, 0xff, 0x70, 0x34, 0x20, 0xff,
    0x90, 0x40, 0x20, 0xff, 0x90, 0x40, 0x20, 0xff, 0x98, 0x40, 0x28, 0xff,
    0x98, 0x44, 0x28, 0xff, 0xa0, 0x48, 0x28, 0xff, 0xa0, 0x48, 0x28, 0xff,
    0xa8, 0x48, 0x28, 0xff, 0xa8, 0x48, 0x28, 0xff, 0xb0, 0x4c, 0x28, 0xff,
    0xb0, 0x4c, 0x28, 0xff, 0xb0, 0x4c, 0x28, 0xff, 0xb8, 0x50, 0x28, 0xff,
    0xb8, 0x4c, 0x28, 0xff, 0xb8, 0x50, 0x28, 0xff, 0xc0, 0x50, 0x28, 0xff,
    0xc0, 0x50, 0x28, 0xff, 0xc0, 0x50, 0x28, 0xff, 0xc0, 0x50, 0x28, 0xff,
    0xc0, 0x50, 0x28, 0xff, 0xc0, 0x50, 0x28, 0xff, 0xc8, 0x54, 0x28, 0xff,
    0xc0, 0x50, 0x28, 0xff, 0xc8, 0x50, 0x28, 0xff, 0xc0, 0x50, 0x28, 0xff,
    0xc0, 0x4c, 0x28, 0xff, 0xc0, 0x4c, 0x20, 0xff, 0xc0, 0x4c, 0x28, 0xff,
    0xc8, 0x54, 0x28, 0xff, 0xc0, 0x50, 0x28, 0xff, 0xc8, 0x50, 0x30, 0xff,
    0xc8, 0x50, 0x28, 0xff, 0xc0, 0x50, 0x28, 0xff, 0xc8, 0x54, 0x28, 0xff,
    0xc8, 0x54, 0x28, 0xff, 0xa0, 0x40, 0x20, 0xff, 0x90, 0x38, 0x18, 0xff,
    0xc0, 0x4c, 0x28, 0xff, 0xc0, 0x4c, 0x28, 0xff, 0xb8, 0x4c, 0x20, 0xff,
    0xc0, 0x4c, 0x28, 0xff, 0xc0, 0x4c, 0x28, 0xff, 0xc0, 0x4c, 0x28, 0xff,
    0xc0, 0x50, 0x28, 0xff, 0xc0, 0x4c, 0x28, 0xff, 0xc0, 0x4c, 0x28, 0xff,
    0xc0, 0x50, 0x28, 0xff, 0xc0, 0x4c, 0x28, 0xff, 0xc0, 0x4c, 0x28, 0xff,
    0xc0, 0x50, 0x28, 0xff, 0xc0, 0x4c, 0x28, 0xff, 0xc0, 0x50, 0x28, 0xff,
    0xb8, 0x48, 0x20, 0xff, 0xa8, 0x44, 0x20, 0xff, 0xc8, 0x54, 0x30, 0xff,
    0xd0, 0x58, 0x28, 0xff, 0xd0, 0x58, 0x28, 0xff, 0xc8, 0x54, 0x28, 0xff,
    0xc8, 0x54, 0x28, 0xff, 0xd0, 0x54, 0x28, 0xff, 0xc8, 0x54, 0x28, 0xff,
    0xc8, 0x50, 0x28, 0xff, 0xc8, 0x50, 0x28, 0xff, 0xc0, 0x50, 0x28, 0xff,
    0xc0, 0x50, 0x28, 0xff, 0xc8, 0x54, 0x28, 0xff, 0xc8, 0x54, 0x28, 0xff,
    0xc8, 0x54, 0x28, 0xff, 0xd0, 0x54, 0x30, 0xff, 0xd0, 0x58, 0x30, 0xff,
    0xc8, 0x58, 0x28, 0xff, 0xd0, 0x54, 0x30, 0xff, 0xd0, 0x58, 0x28, 0xff,
    0xc8, 0x58, 0x30, 0xff, 0xd0, 0x54, 0x28, 0xff, 0xd0, 0x58, 0x28, 0xff,
    0xc8, 0x54, 0x28, 0xff, 0xd0, 0x58, 0x28, 0xff, 0xd0, 0x54, 0x28, 0xff,
    0xc8, 0x58, 0x28, 0xff, 0xc8, 0x54, 0x30, 0xff, 0xd0, 0x54, 0x28, 0xff,
    0xd0, 0x58, 0x28, 0xff, 0xd0, 0x54, 0x28, 0xff, 0xd0, 0x54, 0x30, 0xff,
    0xc8, 0x58, 0x28, 0xff, 0xd0, 0x54, 0x28, 0xff, 0xd0, 0x58, 0x30, 0xff,
    0xd0, 0x54, 0x28, 0xff, 0xd0, 0x58, 0x28, 0xff, 0xd0, 0x54, 0x30, 0xff,
    0xd0, 0x58, 0x28, 0xff, 0xd0, 0x58, 0x30, 0xff, 0xd0, 0x54, 0x28, 0xff,
    0xd0, 0x58, 0x28, 0xff, 0xd0, 0x58, 0x30, 0xff, 0xd0, 0x58, 0x28, 0xff,
    0xd0, 0x54, 0x28, 0xff, 0xd0, 0x58, 0x28, 0xff, 0xd0, 0x58, 0x28, 0xff,
    0xd0, 0x54, 0x30, 0xff, 0xd0, 0x58, 0x28, 0xff, 0xd0, 0x54, 0x28, 0xff,
    0xd0, 0x58, 0x30, 0xff, 0xd0, 0x54, 0x28, 0xff, 0xd0, 0x58, 0x28, 0xff,
    0xd0, 0x58, 0x30, 0xff, 0xd0, 0x54, 0x28, 0xff, 0xd0, 0x58, 0x30, 0xff,
    0xc8, 0x58, 0x28, 0xff, 0xd0, 0x54, 0x30, 0xff, 0xd0, 0x58, 0x30, 0xff,
    0xd0, 0x54, 0x28, 0xff, 0xc8, 0x58, 0x28, 0xff, 0xd0, 0x58, 0x30, 0xff,
    0xd0, 0x54, 0x30, 0xff, 0xd0, 0x58, 0x28, 0xff, 0xd0, 0x58, 0x28, 0xff,
    0xd0, 0x58, 0x30, 0xff, 0xd0, 0x5c, 0x30, 0xff, 0xd8, 0x5c, 0x30, 0xff,
    0xd8, 0x5c, 0x30, 0xff, 0xd8, 0x60, 0x30, 0xff, 0xd8, 0x60, 0x38, 0xff,
    0xe0, 0x60, 0x30, 0xff, 0xe0, 0x60, 0x30, 0xff, 0xe0, 0x60, 0x38, 0xff,
    0xe0, 0x64, 0x30, 0xff, 0xe0, 0x64, 0x38, 0xff, 0xe0, 0x64, 0x38, 0xff,
    0xe0, 0x64, 0x30, 0xff, 0xe0, 0x64, 0x38, 0xff, 0xe0, 0x64, 0x38, 0xff,
    0xe0, 0x64, 0x30, 0xff, 0xe0, 0x64, 0x30, 0xff, 0xe0, 0x64, 0x38, 0xff,
    0xe0, 0x64, 0x38, 0xff, 0xe0, 0x64, 0x30, 0xff, 0xd8, 0x64, 0x30, 0xff,
    0xd8, 0x60, 0x38, 0xff, 0xe0, 0x60, 0x38, 0xff, 0xd8, 0x64, 0x38, 0xff,
    0xe0, 0x60, 0x38, 0xff, 0xd8, 0x60, 0x38, 0xff, 0xd8, 0x60, 0x38, 0xff,
    0xd8, 0x64, 0x38, 0xff, 0xd8, 0x60, 0x38, 0xff, 0xd8, 0x60, 0x38, 0xff,
    0xd8, 0x60, 0x38, 0xff, 0xd8, 0x60, 0x38, 0xff, 0xd8, 0x60, 0x38, 0xff,
    0xd8, 0x60, 0x38, 0xff, 0xd0, 0x60, 0x38, 0xff, 0xd0, 0x5c, 0x30, 0xff,
    0xd0, 0x60, 0x38, 0xff, 0xc8, 0x5c, 0x38, 0xff, 0xc8, 0x5c, 0x30, 0xff,
    0xc8, 0x58, 0x30, 0xff, 0xc0, 0x58, 0x30, 0xff, 0xc0, 0x58, 0x30, 0xff,
    0xc0, 0x58, 0x38, 0xff, 0xc0, 0x58, 0x30, 0xff, 0xb8, 0x54, 0x30, 0xff,
    0xb8, 0x50, 0x30, 0xff, 0xb8, 0x50, 0x28, 0xff, 0xb0, 0x4c, 0x28, 0xff,
    0xb8, 0x4c, 0x28, 0xff, 0xb0, 0x4c, 0x28, 0xff, 0xb0, 0x4c, 0x28, 0xff,
    0xb0, 0x4c, 0x28, 0xff, 0xb0, 0x4c, 0x28, 0xff, 0xb0, 0x4c, 0x28, 0xff,
    0xb0, 0x4c, 0x28, 0xff, 0xb0, 0x4c, 0x28, 0xff, 0xb0, 0x4c, 0x28, 0xff,
    0xb0, 0x4c, 0x28, 0xff, 0xb0, 0x4c, 0x28, 0xff, 0xb0, 0x4c, 0x28, 0xff,
    0xb0, 0x48, 0x28, 0xff, 0xb0, 0x48, 0x28, 0xff, 0xa8, 0x4c, 0x28, 0xff,
    0xa8, 0x48, 0x28, 0xff, 0xa8, 0x4c, 0x28, 0xff, 0xa8, 0x48, 0x28, 0xff,
    0xa8, 0x48, 0x28, 0xff, 0xa8, 0x48, 0x28, 0xff, 0xa8, 0x48, 0x28, 0xff,
    0xa8, 0x48, 0x28, 0xff, 0xa8, 0x48, 0x28, 0xff, 0xa8, 0x48, 0x28, 0xff,
    0xa8, 0x48, 0x28, 0xff, 0xa8, 0x48, 0x20, 0xff, 0xa8, 0x48, 0x28, 0xff,
    0xa0, 0x44, 0x28, 0xff, 0xa8, 0x44, 0x28, 0xff, 0xa0, 0x48, 0x28, 0xff,
    0xa0, 0x44, 0x28, 0xff, 0xa0, 0x44, 0x28, 0xff, 0x98, 0x44, 0x28, 0xff,
    0x90, 0x40, 0x20, 0xff, 0x98, 0x3c, 0x20, 0xff, 0x90, 0x3c, 0x20, 0xff,
    0x90, 0x3c, 0x20, 0xff, 0x88, 0x3c, 0x20, 0xff, 0x88, 0x3c, 0x20, 0xff,
    0x80, 0x38, 0x20, 0xff, 0x80, 0x38, 0x20, 0xff, 0x80, 0x38, 0x20, 0xff,
    0x78, 0x34, 0x20, 0xff, 0x70, 0x34, 0x20, 0xff, 0x68, 0x2c, 0x18, 0xff,
    0x70, 0x30, 0x20, 0xff, 0x90, 0x40, 0x28, 0xff, 0x90, 0x40, 0x20, 0xff,
    0x98, 0x44, 0x28, 0xff, 0xa0, 0x44, 0x28, 0xff, 0xa0, 0x48, 0x28, 0xff,
    0xa0, 0x48, 0x28, 0xff, 0xa8, 0x48, 0x28, 0xff, 0xa8, 0x4c, 0x28, 0xff,
    0xb0, 0x4c, 0x28, 0xff, 0xb0, 0x4c, 0x28, 0xff, 0xb8, 0x4c, 0x28, 0xff,
    0xb8, 0x4c, 0x28, 0xff, 0xb8, 0x50, 0x28, 0xff, 0xb8, 0x50, 0x28, 0xff,
    0xc0, 0x50, 0x28, 0xff, 0xc0, 0x50, 0x28, 0xff, 0xc0, 0x50, 0x30, 0xff,
    0xc0, 0x50, 0x28, 0xff, 0xc0, 0x50, 0x28, 0xff, 0xc8, 0x50, 0x28, 0xff,
    0xc0, 0x50, 0x28, 0xff, 0xc0, 0x54, 0x28, 0xff, 0xc8, 0x50, 0x28, 0xff,
    0xc0, 0x50, 0x28, 0xff, 0xc0, 0x4c, 0x28, 0xff, 0xb8, 0x48, 0x20, 0xff,
    0xc0, 0x4c, 0x28, 0xff, 0xc8, 0x54, 0x28, 0xff, 0xc0, 0x50, 0x28, 0xff,
    0xc8, 0x54, 0x28, 0xff, 0xc8, 0x50, 0x28, 0xff, 0xc8, 0x50, 0x28, 0xff,
    0xc8, 0x50, 0x30, 0xff, 0xc8, 0x54, 0x28, 0xff, 0xa8, 0x40, 0x20, 0xff,
    0x90, 0x38, 0x18, 0xff, 0xc0, 0x50, 0x28, 0xff, 0xc0, 0x4c, 0x28, 0xff,
    0xc0, 0x4c, 0x28, 0xff, 0xc0, 0x50, 0x28, 0xff, 0xc0, 0x4c, 0x28, 0xff,
    0xc0, 0x50, 0x28, 0xff, 0xc0, 0x50, 0x28, 0xff, 0xc0, 0x4c, 0x28, 0xff,
    0xc0, 0x4c, 0x20, 0xff, 0xc0, 0x4c, 0x20, 0xff, 0xc0, 0x50, 0x28, 0xff,
    0xc0, 0x4c, 0x28, 0xff, 0xc0, 0x4c, 0x20, 0xff, 0xc0, 0x4c, 0x20, 0xff,
    0xc0, 0x4c, 0x28, 0xff, 0xb0, 0x48, 0x20, 0xff, 0xa8, 0x44, 0x20, 0xff,
    0xc8, 0x54, 0x30, 0xff, 0xd0, 0x54, 0x30, 0xff, 0xd0, 0x54, 0x30, 0xff,
    0xc8, 0x54, 0x28, 0xff, 0xc8, 0x50, 0x28, 0xff, 0xc8, 0x54, 0x28, 0xff,
    0xc8, 0x54, 0x28, 0xff, 0xc8, 0x50, 0x28, 0xff, 0xc8, 0x50, 0x28, 0xff,
    0xc0, 0x50, 0x20, 0xff, 0xc8, 0x50, 0x28, 0xff, 0xd0, 0x54, 0x28, 0xff,
    0xc8, 0x54, 0x28, 0xff, 0xc8, 0x54, 0x28, 0xff, 0xd0, 0x54, 0x28, 0xff,
    0xc8, 0x54, 0x28, 0xff, 0xd0, 0x54, 0x30, 0xff, 0xd0, 0x58, 0x28, 0xff,
    0xc8, 0x54, 0x28, 0xff, 0xd0, 0x54, 0x30, 0xff, 0xd0, 0x58, 0x28, 0xff,
    0xc8, 0x54, 0x30, 0xff, 0xc8, 0x54, 0x28, 0xff, 0xd0, 0x54, 0x28, 0xff,
    0xd0, 0x58, 0x30, 0xff, 0xc8, 0x58, 0x28, 0xff, 0xc8, 0x54, 0x28, 0xff,
    0xd0, 0x58, 0x30, 0xff, 0xd0, 0x54, 0x28, 0xff, 0xd0, 0x58, 0x28, 0xff,
    0xc8, 0x58, 0x28, 0xff, 0xd0, 0x54, 0x30, 0xff, 0xd0, 0x58, 0x28, 0xff,
    0xd0, 0x54, 0x30, 0xff, 0xc8, 0x58, 0x28, 0xff, 0xd0, 0x54, 0x28, 0xff,
    0xd0, 0x54, 0x28, 0xff, 0xc8, 0x58, 0x28, 0xff, 0xd0, 0x54, 0x28, 0xff,
    0xc8, 0x54, 0x28, 0xff, 0xd0, 0x58, 0x30, 0xff, 0xd0, 0x54, 0x28, 0xff,
    0xd0, 0x54, 0x28, 0xff, 0xd0, 0x58, 0x28, 0xff, 0xd0, 0x54, 0x30, 0xff,
    0xd0, 0x54, 0x28, 0xff, 0xd0, 0x58, 0x28, 0xff, 0xd0, 0x54, 0x30, 0xff,
    0xc8, 0x58, 0x28, 0xff, 0xd0, 0x54, 0x28, 0xff, 0xd0, 0x54, 0x28, 0xff,
    0xd0, 0x58, 0x28, 0xff, 0xd0, 0x54, 0x28, 0xff, 0xd0, 0x54, 0x28, 0xff,
    0xd0, 0x58, 0x28, 0xff, 0xd0, 0x54, 0x28, 0xff, 0xd0, 0x58, 0x28, 0xff,
    0xd0, 0x54, 0x28, 0xff, 0xd0, 0x54, 0x30, 0xff, 0xd0, 0x58, 0x28, 0xff,
    0xd0, 0x54, 0x28, 0xff, 0xd0, 0x54, 0x30, 0xff, 0xd0, 0x58, 0x28, 0xff,
    0xd0, 0x54, 0x28, 0xff, 0xd0, 0x58, 0x30, 0xff, 0xd0, 0x58, 0x30, 0xff,
    0xd0, 0x5c, 0x30, 0xff, 0xd8, 0x5c, 0x30, 0xff, 0xd8, 0x5c, 0x30, 0xff,
    0xd8, 0x60, 0x30, 0xff, 0xd8, 0x60, 0x38, 0xff, 0xd8, 0x60, 0x38, 0xff,
    0xe0, 0x64, 0x30, 0xff, 0xd8, 0x64, 0x38, 0xff, 0xe0, 0x64, 0x30, 0xff,
    0xe0, 0x64, 0x38, 0xff, 0xe0, 0x64, 0x38, 0xff, 0xe0, 0x60, 0x30, 0xff,
    0xe0, 0x64, 0x38, 0xff, 0xe0, 0x60, 0x38, 0xff, 0xe0, 0x60, 0x38, 0xff,
    0xd8, 0x64, 0x38, 0xff, 0xd8, 0x64, 0x38, 0xff, 0xe0, 0x60, 0x38, 0xff,
    0xe0, 0x60, 0x38, 0xff, 0xd8, 0x60, 0x30, 0xff, 0xd8, 0x60, 0x38, 0xff,
    0xe0, 0x60, 0x30, 0xff, 0xd8, 0x60, 0x38, 0xff, 0xd8, 0x64, 0x38, 0xff,
    0xd8, 0x60, 0x30, 0xff, 0xd8, 0x60, 0x38, 0xff, 0xd8, 0x60, 0x30, 0xff,
    0xd8, 0x60, 0x38, 0xff, 0xd0, 0x60, 0x38, 0xff, 0xd0, 0x60, 0x30, 0xff,
    0xd0, 0x60, 0x38, 0xff, 0xd0, 0x60, 0x38, 0xff, 0xd0, 0x5c, 0x30, 0xff,
    0xd0, 0x5c, 0x30, 0xff, 0xc8, 0x5c, 0x38, 0xff, 0xc8, 0x5c, 0x30, 0xff,
    0xc8, 0x5c, 0x30, 0xff, 0xc0, 0x58, 0x30, 0xff, 0xc0, 0x58, 0x30, 0xff,
    0xc0, 0x58, 0x30, 0xff, 0xc0, 0x58, 0x30, 0xff, 0xc0, 0x58, 0x30, 0xff,
    0xb8, 0x50, 0x30, 0xff, 0xb8, 0x50, 0x28, 0xff, 0xb0, 0x4c, 0x28, 0xff,
    0xb0, 0x4c, 0x28, 0xff, 0xb0, 0x4c, 0x28, 0xff, 0xb0, 0x4c, 0x30, 0xff,
    0xb0, 0x4c, 0x28, 0xff, 0xb0, 0x4c, 0x28, 0xff, 0xb0, 0x4c, 0x30, 0xff,
    0xb0, 0x48, 0x28, 0xff, 0xb0, 0x4c, 0x28, 0xff, 0xb0, 0x4c, 0x28, 0xff,
    0xa8, 0x48, 0x28, 0xff, 0xa8, 0x48, 0x28, 0xff, 0xb0, 0x48, 0x28, 0xff,
    0xa8, 0x48, 0x28, 0xff, 0xa8, 0x48, 0x28, 0xff, 0xa8, 0x48, 0x28, 0xff,
    0xa8, 0x48, 0x28, 0xff, 0xa8, 0x48, 0x28, 0xff, 0xa8, 0x48, 0x28, 0xff,
    0xa8, 0x48, 0x28, 0xff, 0xa8, 0x48, 0x28, 0xff, 0xa8, 0x48, 0x28, 0xff,
    0xa8, 0x48, 0x28, 0xff, 0xa8, 0x48, 0x28, 0xff, 0xa8, 0x48, 0x28, 0xff,
    0xa8, 0x48, 0x28, 0xff, 0xa8, 0x44, 0x20, 0xff, 0xa0, 0x44, 0x28, 0xff,
    0xa0, 0x44, 0x28, 0xff, 0xa0, 0x44, 0x28, 0xff, 0xa0, 0x44, 0x20, 0xff,
    0xa0, 0x44, 0x20, 0xff, 0x98, 0x44, 0x28, 0xff, 0x98, 0x40, 0x20, 0xff,
    0x98, 0x40, 0x20, 0xff, 0x90, 0x40, 0x28, 0xff, 0x90, 0x3c, 0x20, 0xff,
    0x90, 0x3c, 0x20, 0xff, 0x88, 0x3c, 0x28, 0xff, 0x88, 0x3c, 0x20, 0xff,
    0x80, 0x38, 0x20, 0xff, 0x80, 0x34, 0x20, 0xff, 0x78, 0x34, 0x20, 0xff,
    0x78, 0x38, 0x20, 0xff, 0x78, 0x34, 0x20, 0xff, 0x70, 0x34, 0x18, 0xff,
    0x60, 0x2c, 0x18, 0xff, 0x70, 0x30, 0x20, 0xff, 0x90, 0x40, 0x28, 0xff,
    0x90, 0x40, 0x28, 0xff, 0x98, 0x44, 0x28, 0xff, 0x98, 0x44, 0x28, 0xff,
    0xa0, 0x48, 0x28, 0xff, 0xa8, 0x48, 0x28, 0xff, 0xa8, 0x48, 0x28, 0xff,
    0xa8, 0x4c, 0x28, 0xff, 0xb0, 0x4c, 0x28, 0xff, 0xb0, 0x4c, 0x28, 0xff,
    0xb8, 0x4c, 0x28, 0xff, 0xb8, 0x50, 0x28, 0xff, 0xb8, 0x50, 0x30, 0xff,
    0xb8, 0x50, 0x28, 0xff, 0xc0, 0x4c, 0x28, 0xff, 0xc0, 0x50, 0x28, 0xff,
    0xc0, 0x50, 0x28, 0xff, 0xc0, 0x50, 0x28, 0xff, 0xc0, 0x50, 0x28, 0xff,
    0xc0, 0x50, 0x28, 0xff, 0xc8, 0x50, 0x28, 0xff, 0xc0, 0x50, 0x28, 0xff,
    0xc8, 0x50, 0x28, 0xff, 0xc0, 0x4c, 0x20, 0xff, 0xc0, 0x4c, 0x20, 0xff,
    0xc0, 0x4c, 0x20, 0xff, 0xc0, 0x4c, 0x28, 0xff, 0xc8, 0x54, 0x28, 0xff,
    0xc8, 0x50, 0x28, 0xff, 0xc8, 0x50, 0x28, 0xff, 0xc0, 0x54, 0x28, 0xff,
    0xc8, 0x50, 0x28, 0xff, 0xc8, 0x54, 0x28, 0xff, 0xc8, 0x54, 0x28, 0xff,
    0xa0, 0x3c, 0x20, 0xff, 0x90, 0x38, 0x18, 0xff, 0xc0, 0x50, 0x28, 0xff,
    0xc0, 0x50, 0x28, 0xff, 0xc0, 0x4c, 0x28, 0xff, 0xc0, 0x4c, 0x20, 0xff,
    0xc0, 0x4c, 0x28, 0xff, 0xc0, 0x4c, 0x20, 0xff, 0xc0, 0x50, 0x28, 0xff,
    0xc0, 0x50, 0x28, 0xff, 0xc0, 0x4c, 0x28, 0xff, 0xc0, 0x4c, 0x28, 0xff,
    0xc0, 0x50, 0x28, 0xff, 0xc0, 0x4c, 0x28, 0xff, 0xc0, 0x4c, 0x28, 0xff,
    0xc0, 0x4c, 0x28, 0xff, 0xc0, 0x50, 0x28, 0xff, 0xb8, 0x48, 0x20, 0xff,
    0xa8, 0x44, 0x20, 0xff, 0xd0, 0x58, 0x28, 0xff, 0xd0, 0x54, 0x28, 0xff,
    0xc8, 0x58, 0x30, 0xff, 0xc8, 0x54, 0x28, 0xff, 0xc8, 0x54, 0x28, 0xff,
    0xc8, 0x50, 0x28, 0xff, 0xc8, 0x50, 0x28, 0xff, 0xc8, 0x50, 0x28, 0xff,
    0xc8, 0x50, 0x28, 0xff, 0xc8, 0x4c, 0x20, 0xff, 0xc0, 0x4c, 0x28, 0xff,
    0xc8, 0x54, 0x28, 0xff, 0xc8, 0x54, 0x28, 0xff, 0xc8, 0x50, 0x28, 0xff,
    0xc8, 0x54, 0x28, 0xff, 0xc8, 0x54, 0x28, 0xff, 0xc8, 0x54, 0x28, 0xff,
    0xd0, 0x54, 0x28, 0xff, 0xc8, 0x54, 0x28, 0xff, 0xc8, 0x54, 0x28, 0xff,
    0xd0, 0x54, 0x28, 0xff, 0xc8, 0x54, 0x28, 0xff, 0xc8, 0x54, 0x28, 0xff,
    0xc8, 0x54, 0x28, 0xff, 0xd0, 0x54, 0x30, 0xff, 0xd0, 0x54, 0x28, 0xff,
    0xc8, 0x54, 0x28, 0xff, 0xc8, 0x54, 0x28, 0xff, 0xc8, 0x54, 0x28, 0xff,
    0xc8, 0x54, 0x28, 0xff, 0xd0, 0x54, 0x28, 0xff, 0xc8, 0x54, 0x28, 0xff,
    0xc8, 0x54, 0x28, 0xff, 0xd0, 0x58, 0x28, 0xff, 0xc8, 0x58, 0x28, 0xff,
    0xc8, 0x54, 0x30, 0xff, 0xc8, 0x54, 0x28, 0xff, 0xd0, 0x58, 0x28, 0xff,
    0xd0, 0x54, 0x30, 0xff, 0xc8, 0x58, 0x28, 0xff, 0xc8, 0x58, 0x28, 0xff,
    0xd0, 0x54, 0x28, 0xff, 0xc8, 0x58, 0x30, 0xff, 0xc8, 0x54, 0x28, 0xff,
    0xc8, 0x54, 0x28, 0xff, 0xd0, 0x58, 0x30, 0xff, 0xc8, 0x54, 0x28, 0xff,
    0xd0, 0x58, 0x30, 0xff, 0xd0, 0x58, 0x28, 0xff, 0xd0, 0x54, 0x30, 0xff,
    0xc8, 0x58, 0x30, 0xff, 0xd0, 0x58, 0x28, 0xff, 0xc8, 0x54, 0x30, 0xff,
    0xc8, 0x58, 0x30, 0xff, 0xd0, 0x54, 0x28, 0xff, 0xd0, 0x54, 0x30, 0xff,
    0xc8, 0x58, 0x28, 0xff, 0xd0, 0x58, 0x28, 0xff, 0xc8, 0x54, 0x30, 0xff,
    0xd0, 0x58, 0x28, 0xff, 0xd0, 0x54, 0x28, 0xff, 0xd0, 0x58, 0x28, 0xff,
    0xc8, 0x54, 0x28, 0xff, 0xd0, 0x54, 0x28, 0xff, 0xd0, 0x58, 0x30, 0xff,
    0xd0, 0x58, 0x28, 0xff, 0xd0, 0x58, 0x30, 0xff, 0xd0, 0x5c, 0x30, 0xff,
    0xd8, 0x5c, 0x30, 0xff, 0xd8, 0x5c, 0x30, 0xff, 0xd8, 0x60, 0x30, 0xff,
    0xd8, 0x60, 0x30, 0xff, 0xd8, 0x60, 0x38, 0xff, 0xe0, 0x60, 0x38, 0xff,
    0xd8, 0x60, 0x30, 0xff, 0xe0, 0x64, 0x30, 0xff, 0xe0, 0x60, 0x38, 0xff,
    0xe0, 0x64, 0x38, 0xff, 0xe0, 0x60, 0x38, 0xff, 0xe0, 0x64, 0x38, 0xff,
    0xd8, 0x64, 0x30, 0xff, 0xe0, 0x60, 0x30, 0xff, 0xd8, 0x60, 0x38, 0xff,
    0xd8, 0x64, 0x30, 0xff, 0xd8, 0x60, 0x38, 0xff, 0xd8, 0x64, 0x38, 0xff,
    0xd8, 0x64, 0x30, 0xff, 0xd8, 0x60, 0x30, 0xff, 0xd8, 0x64, 0x38, 0xff,
    0xd8, 0x60, 0x38, 0xff, 0xd8, 0x60, 0x30, 0xff, 0xd0, 0x60, 0x30, 0xff,
    0xd0, 0x60, 0x38, 0xff, 0xd0, 0x60, 0x30, 0xff, 0xd0, 0x60, 0x30, 0xff,
    0xd0, 0x60, 0x38, 0xff, 0xd0, 0x60, 0x30, 0xff, 0xc8, 0x5c, 0x30, 0xff,
    0xd0, 0x5c, 0x38, 0xff, 0xc8, 0x5c, 0x38, 0xff, 0xc8, 0x5c, 0x30, 0xff,
    0xc8, 0x5c, 0x30, 0xff, 0xc0, 0x58, 0x38, 0xff, 0xc0, 0x58, 0x30, 0xff,
    0xc0, 0x54, 0x30, 0xff, 0xc0, 0x54, 0x30, 0xff, 0xc0, 0x54, 0x30, 0xff,
    0xb8, 0x54, 0x30, 0xff, 0xb8, 0x50, 0x30, 0xff, 0xb8, 0x50, 0x28, 0xff,
    0xb0, 0x4c, 0x28, 0xff, 0xb0, 0x4c, 0x30, 0xff, 0xb0, 0x50, 0x30, 0xff,
    0xb0, 0x4c, 0x28, 0xff, 0xa8, 0x4c, 0x28, 0xff, 0xb0, 0x4c, 0x28, 0xff,
    0xa8, 0x48, 0x28, 0xff, 0xa8, 0x48, 0x28, 0xff, 0xa8, 0x48, 0x28, 0xff,
    0xa8, 0x48, 0x28, 0xff, 0xa8, 0x48, 0x28, 0xff, 0xa8, 0x48, 0x28, 0xff,
    0xa8, 0x48, 0x28, 0xff, 0xa8, 0x48, 0x28, 0xff, 0xa8, 0x48, 0x28, 0xff,
    0xa8, 0x48, 0x28, 0xff, 0xa8, 0x48, 0x28, 0xff, 0xa8, 0x48, 0x28, 0xff,
    0xa8, 0x48, 0x28, 0xff, 0xa8, 0x48, 0x28, 0xff, 0xa8, 0x48, 0x28, 0xff,
    0xa8, 0x48, 0x28, 0xff, 0xa8, 0x48, 0x28, 0xff, 0xa8, 0x48, 0x28, 0xff,
    0xa0, 0x48, 0x28, 0xff, 0xa8, 0x48, 0x28, 0xff, 0xa8, 0x48, 0x28, 0xff,
    0xa0, 0x48, 0x28, 0xff, 0xa0, 0x44, 0x28, 0xff, 0xa0, 0x44, 0x20, 0xff,
    0xa0, 0x44, 0x28, 0xff, 0x98, 0x44, 0x28, 0xff, 0x98, 0x44, 0x20, 0xff,
    0x98, 0x40, 0x20, 0xff, 0x90, 0x40, 0x20, 0xff, 0x90, 0x40, 0x28, 0xff,
    0x88, 0x3c, 0x20, 0xff, 0x88, 0x3c, 0x20, 0xff, 0x88, 0x3c, 0x28, 0xff,
    0x80, 0x38, 0x20, 0xff, 0x80, 0x38, 0x20, 0xff, 0x78, 0x38, 0x20, 0xff,
    0x78, 0x34, 0x20, 0xff, 0x78, 0x34, 0x20, 0xff, 0x70, 0x34, 0x20, 0xff,
    0x70, 0x30, 0x20, 0xff, 0x60, 0x2c, 0x18, 0xff, 0x70, 0x30, 0x18, 0xff,
    0x90, 0x40, 0x20, 0xff, 0x90, 0x40, 0x28, 0xff, 0x98, 0x44, 0x28, 0xff,
    0x98, 0x44, 0x28, 0xff, 0xa0, 0x48, 0x28, 0xff, 0xa8, 0x48, 0x28, 0xff,
    0xa8, 0x48, 0x28, 0xff, 0xa8, 0x48, 0x28, 0xff, 0xb0, 0x4c, 0x28, 0xff,
    0xb0, 0x4c, 0x28, 0xff, 0xb0, 0x4c, 0x28, 0xff, 0xb8, 0x50, 0x28, 0xff,
    0xb8, 0x50, 0x28, 0xff, 0xb8, 0x50, 0x28, 0xff, 0xc0, 0x50, 0x28, 0xff,
    0xc0, 0x50, 0x28, 0xff, 0xc0, 0x50, 0x28, 0xff, 0xc0, 0x50, 0x28, 0xff,
    0xc0, 0x50, 0x28, 0xff, 0xc0, 0x54, 0x28, 0xff, 0xc8, 0x50, 0x28, 0xff,
    0xc0, 0x50, 0x28, 0xff, 0xc0, 0x50, 0x28, 0xff, 0xc0, 0x4c, 0x20, 0xff,
    0xc0, 0x4c, 0x28, 0xff, 0xc0, 0x4c, 0x20, 0xff, 0xc0, 0x4c, 0x28, 0xff,
    0xc0, 0x54, 0x28, 0xff, 0xc8, 0x50, 0x28, 0xff, 0xc8, 0x50, 0x28, 0xff,
    0xc0, 0x50, 0x28, 0xff, 0xc0, 0x50, 0x28, 0xff, 0xc8, 0x54, 0x28, 0xff,
    0xc8, 0x54, 0x28, 0xff, 0xa8, 0x40, 0x20, 0xff, 0x90, 0x38, 0x18, 0xff,
    0xc0, 0x4c, 0x28, 0xff, 0xc0, 0x4c, 0x28, 0xff, 0xc0, 0x4c, 0x20, 0xff,
    0xc0, 0x4c, 0x28, 0xff, 0xc0, 0x4c, 0x28, 0xff, 0xc0, 0x4c, 0x28, 0xff,
    0xc0, 0x4c, 0x28, 0xff, 0xc0, 0x50, 0x28, 0xff, 0xc0, 0x50, 0x28, 0xff,
    0xc0, 0x4c, 0x28, 0xff, 0xc0, 0x50, 0x28, 0xff, 0xc0, 0x4c, 0x28, 0xff,
    0xc0, 0x50, 0x28, 0xff, 0xc0, 0x4c, 0x28, 0xff, 0xc0, 0x4c, 0x28, 0xff,
    0xb0, 0x48, 0x20, 0xff, 0xa8, 0x44, 0x20, 0xff, 0xc8, 0x54, 0x30, 0xff,
    0xd0, 0x58, 0x28, 0xff, 0xd0, 0x54, 0x28, 0xff, 0xc8, 0x50, 0x28, 0xff,
    0xc8, 0x50, 0x28, 0xff, 0xc8, 0x50, 0x28, 0xff, 0xc8, 0x50, 0x28, 0xff,
    0xc8, 0x54, 0x28, 0xff, 0xc8, 0x54, 0x28, 0xff, 0xc0, 0x50, 0x20, 0xff,
    0xc0, 0x4c, 0x20, 0xff, 0xc8, 0x50, 0x28, 0xff, 0xc8, 0x50, 0x28, 0xff,
    0xc8, 0x50, 0x28, 0xff, 0xc8, 0x50, 0x28, 0xff, 0xc8, 0x50, 0x28, 0xff,
    0xc8, 0x50, 0x28, 0xff, 0xc8, 0x50, 0x28, 0xff, 0xc8, 0x50, 0x28, 0xff,
    0xc8, 0x54, 0x28, 0xff, 0xc8, 0x50, 0x28, 0xff, 0xc8, 0x54, 0x28, 0xff,
    0xc8, 0x50, 0x28, 0xff, 0xc8, 0x50, 0x28, 0xff, 0xc8, 0x54, 0x28, 0xff,
    0xc8, 0x54, 0x28, 0xff, 0xc8, 0x54, 0x28, 0xff, 0xc8, 0x54, 0x28, 0xff,
    0xc8, 0x54, 0x28, 0xff, 0xc8, 0x54, 0x28, 0xff, 0xc8, 0x50, 0x28, 0xff,
    0xc8, 0x54, 0x28, 0xff, 0xc8, 0x54, 0x28, 0xff, 0xc8, 0x54, 0x28, 0xff,
    0xc8, 0x54, 0x28, 0xff, 0xc8, 0x54, 0x28, 0xff, 0xc8, 0x54, 0x28, 0xff,
    0xc8, 0x54, 0x28, 0xff, 0xc8, 0x54, 0x28, 0xff, 0xc8, 0x54, 0x28, 0xff,
    0xc8, 0x54, 0x28, 0xff, 0xc8, 0x54, 0x28, 0xff, 0xc8, 0x54, 0x28, 0xff,
    0xc8, 0x54, 0x28, 0xff, 0xc8, 0x50, 0x28, 0xff, 0xc8, 0x54, 0x28, 0xff,
    0xc8, 0x54, 0x28, 0xff, 0xc8, 0x54, 0x28, 0xff, 0xc8, 0x54, 0x28, 0xff,
    0xc8, 0x54, 0x28, 0xff, 0xc8, 0x54, 0x28, 0xff, 0xc8, 0x54, 0x28, 0xff,
    0xc8, 0x54, 0x28, 0xff, 0xc8, 0x54, 0x28, 0xff, 0xc8, 0x54, 0x28, 0xff,
    0xc8, 0x54, 0x28, 0xff, 0xc8, 0x54, 0x28, 0xff, 0xc8, 0x54, 0x28, 0xff,
    0xc8, 0x54, 0x28, 0xff, 0xc8, 0x54, 0x28, 0xff, 0xc8, 0x54, 0x28, 0xff,
    0xc8, 0x54, 0x28, 0xff, 0xc8, 0x54, 0x28, 0xff, 0xc8, 0x54, 0x28, 0xff,
    0xd0, 0x58, 0x28, 0xff, 0xd0, 0x54, 0x28, 0xff, 0xd0, 0x58, 0x30, 0xff,
    0xd0, 0x58, 0x30, 0xff, 0xd0, 0x58, 0x30, 0xff, 0xd0, 0x5c, 0x30, 0xff,
    0xd8, 0x5c, 0x30, 0xff, 0xd8, 0x60, 0x30, 0xff, 0xd8, 0x60, 0x30, 0xff,
    0xd8, 0x60, 0x30, 0xff, 0xd8, 0x64, 0x38, 0xff, 0xe0, 0x60, 0x30, 0xff,
    0xd8, 0x60, 0x38, 0xff, 0xd8, 0x64, 0x30, 0xff, 0xd8, 0x60, 0x30, 0xff,
    0xe0, 0x60, 0x38, 0xff, 0xd8, 0x60, 0x30, 0xff, 0xd8, 0x60, 0x30, 0xff,
    0xd8, 0x64, 0x38, 0xff, 0xd8, 0x60, 0x30, 0xff, 0xd8, 0x60, 0x30, 0xff,
    0xd8, 0x60, 0x38, 0xff, 0xd8, 0x60, 0x30, 0xff, 0xd8, 0x60, 0x38, 0xff,
    0xd8, 0x60, 0x30, 0xff, 0xd0, 0x60, 0x30, 0xff, 0xd0, 0x60, 0x38, 0xff,
    0xd8, 0x60, 0x38, 0xff, 0xd0, 0x60, 0x38, 0xff, 0xd0, 0x5c, 0x30, 0xff,
    0xd0, 0x5c, 0x38, 0xff, 0xd0, 0x5c, 0x38, 0xff, 0xd0, 0x5c, 0x30, 0xff,
    0xc8, 0x5c, 0x38, 0xff, 0xc8, 0x60, 0x38, 0xff, 0xc8, 0x5c, 0x30, 0xff,
    0xc8, 0x5c, 0x38, 0xff, 0xc8, 0x58, 0x38, 0xff, 0xc0, 0x58, 0x30, 0xff,
    0xc0, 0x58, 0x38, 0xff, 0xb8, 0x54, 0x30, 0xff, 0xb8, 0x54, 0x30, 0xff,
    0xb8, 0x54, 0x30, 0xff, 0xb8, 0x54, 0x30, 0xff, 0xb8, 0x54, 0x30, 0xff,
    0xb0, 0x4c, 0x30, 0xff, 0xb0, 0x50, 0x30, 0xff, 0xb0, 0x50, 0x30, 0xff,
    0xb0, 0x50, 0x30, 0xff, 0xb0, 0x4c, 0x28, 0xff, 0xb0, 0x4c, 0x30, 0xff,
    0xa8, 0x48, 0x28, 0xff, 0xa8, 0x48, 0x28, 0xff, 0xa8, 0x48, 0x28, 0xff,
    0xa8, 0x48, 0x28, 0xff, 0xa8, 0x48, 0x28, 0xff, 0xa0, 0x48, 0x28, 0xff,
    0xa0, 0x48, 0x28, 0xff, 0xa0, 0x48, 0x28, 0xff, 0xa0, 0x48, 0x28, 0xff,
    0xa0, 0x48, 0x28, 0xff, 0xa0, 0x48, 0x28, 0xff, 0xa0, 0x44, 0x28, 0xff,
    0xa0, 0x44, 0x28, 0xff, 0xa0, 0x44, 0x28, 0xff, 0xa0, 0x48, 0x28, 0xff,
    0xa0, 0x48, 0x28, 0xff, 0xa0, 0x48, 0x28, 0xff, 0xa0, 0x44, 0x28, 0xff,
    0xa0, 0x44, 0x28, 0xff, 0xa8, 0x4c, 0x28, 0xff, 0xa8, 0x4c, 0x28, 0xff,
    0xa8, 0x50, 0x30, 0xff, 0xa8, 0x4c, 0x30, 0xff, 0xa8, 0x4c, 0x28, 0xff,
    0xa0, 0x44, 0x28, 0xff, 0x98, 0x40, 0x20, 0xff, 0x98, 0x44, 0x28, 0xff,
    0x90, 0x44, 0x28, 0xff, 0x98, 0x3c, 0x20, 0xff, 0x90, 0x3c, 0x28, 0xff,
    0x88, 0x3c, 0x20, 0xff, 0x88, 0x3c, 0x20, 0xff, 0x88, 0x38, 0x20, 0xff,
    0x80, 0x38, 0x20, 0xff, 0x80, 0x34, 0x20, 0xff, 0x78, 0x38, 0x20, 0xff,
    0x78, 0x34, 0x20, 0xff, 0x78, 0x34, 0x20, 0xff, 0x70, 0x34, 0x18, 0xff,
    0x70, 0x30, 0x18, 0xff, 0x68, 0x30, 0x20, 0xff, 0x60, 0x28, 0x18, 0xff,
    0x68, 0x30, 0x20, 0xff, 0x90, 0x40, 0x20, 0xff, 0x90, 0x40, 0x20, 0xff,
    0x98, 0x44, 0x28, 0xff, 0xa0, 0x44, 0x28, 0xff, 0xa0, 0x48, 0x28, 0xff,
    0xa0, 0x48, 0x28, 0xff, 0xa8, 0x48, 0x28, 0xff, 0xa8, 0x4c, 0x28, 0xff,
    0xb0, 0x4c, 0x28, 0xff, 0xb0, 0x4c, 0x28, 0xff, 0xb0, 0x4c, 0x28, 0xff,
    0xb8, 0x4c, 0x28, 0xff, 0xb8, 0x50, 0x28, 0xff, 0xb8, 0x50, 0x30, 0xff,
    0xc0, 0x50, 0x28, 0xff, 0xc0, 0x50, 0x28, 0xff, 0xc0, 0x50, 0x30, 0xff,
    0xc0, 0x50, 0x28, 0xff, 0xc0, 0x50, 0x28, 0xff, 0xc8, 0x50, 0x28, 0xff,
    0xc0, 0x50, 0x28, 0xff, 0xc0, 0x50, 0x28, 0xff, 0xc0, 0x50, 0x28, 0xff,
    0xc0, 0x4c, 0x20, 0xff, 0xc0, 0x4c, 0x28, 0xff, 0xb8, 0x48, 0x20, 0xff,
    0xc0, 0x4c, 0x28, 0xff, 0xc8, 0x54, 0x28, 0xff, 0xc8, 0x50, 0x28, 0xff,
    0xc8, 0x50, 0x30, 0xff, 0xc8, 0x50, 0x28, 0xff, 0xc8, 0x50, 0x28, 0xff,
    0xc8, 0x50, 0x30, 0xff, 0xc8, 0x54, 0x28, 0xff, 0xa0, 0x40, 0x20, 0xff,
    0x90, 0x38, 0x18, 0xff, 0xc0, 0x50, 0x28, 0xff, 0xc0, 0x4c, 0x28, 0xff,
    0xc0, 0x4c, 0x28, 0xff, 0xc0, 0x50, 0x28, 0xff, 0xc0, 0x4c, 0x28, 0xff,
    0xc0, 0x50, 0x28, 0xff, 0xc0, 0x4c, 0x28, 0xff, 0xc0, 0x4c, 0x28, 0xff,
    0xc0, 0x4c, 0x20, 0xff, 0xc0, 0x4c, 0x20, 0xff, 0xc0, 0x4c, 0x28, 0xff,
    0xc0, 0x4c, 0x28, 0xff, 0xc0, 0x4c, 0x20, 0xff, 0xc0, 0x4c, 0x20, 0xff,
    0xc0, 0x50, 0x28, 0xff, 0xb0, 0x48, 0x20, 0xff, 0xa8, 0x44, 0x20, 0xff,
    0xc8, 0x54, 0x30, 0xff, 0xd0, 0x58, 0x30, 0xff, 0xd0, 0x58, 0x30, 0xff,
    0xc8, 0x50, 0x28, 0xff, 0xc8, 0x54, 0x28, 0xff, 0xc8, 0x54, 0x28, 0xff,
    0xc8, 0x50, 0x28, 0xff, 0xc8, 0x50, 0x28, 0xff, 0xc0, 0x4c, 0x20, 0xff,
    0xc0, 0x4c, 0x20, 0xff, 0xc0, 0x48, 0x20, 0xff, 0xc0, 0x4c, 0x28, 0xff,
    0xc0, 0x4c, 0x28, 0xff, 0xc0, 0x4c, 0x28, 0xff, 0xc8, 0x50, 0x28, 0xff,
    0xc8, 0x50, 0x28, 0xff, 0xc8, 0x50, 0x28, 0xff, 0xc8, 0x50, 0x28, 0xff,
    0xc8, 0x50, 0x28, 0xff, 0xc8, 0x50, 0x28, 0xff, 0xc8, 0x50, 0x28, 0xff,
    0xc8, 0x50, 0x28, 0xff, 0xc8, 0x50, 0x28, 0xff, 0xc8, 0x50, 0x28, 0xff,
    0xc8, 0x50, 0x28, 0xff, 0xc8, 0x50, 0x28, 0xff, 0xc8, 0x50, 0x28, 0xff,
    0xc8, 0x50, 0x28, 0xff, 0xc8, 0x50, 0x28, 0xff, 0xc8, 0x50, 0x28, 0xff,
    0xc8, 0x50, 0x28, 0xff, 0xc8, 0x50, 0x28, 0xff, 0xc8, 0x50, 0x28, 0xff,
    0xc8, 0x50, 0x28, 0xff, 0xc8, 0x50, 0x28, 0xff, 0xc8, 0x50, 0x28, 0xff,
    0xc8, 0x50, 0x28, 0xff, 0xc8, 0x50, 0x28, 0xff, 0xc8, 0x50, 0x28, 0xff,
    0xc8, 0x50, 0x28, 0xff, 0xc8, 0x50, 0x28, 0xff, 0xc8, 0x50, 0x28, 0xff,
    0xc8, 0x50, 0x28, 0xff, 0xc8, 0x50, 0x28, 0xff, 0xc8, 0x50, 0x28, 0xff,
    0xc8, 0x50, 0x28, 0xff, 0xc8, 0x50, 0x28, 0xff, 0xc8, 0x50, 0x28, 0xff,
    0xc8, 0x50, 0x28, 0xff, 0xc8, 0x50, 0x28, 0xff, 0xc8, 0x50, 0x28, 0xff,
    0xc8, 0x50, 0x28, 0xff, 0xc8, 0x50, 0x28, 0xff, 0xc8, 0x50, 0x28, 0xff,
    0xc8, 0x50, 0x28, 0xff, 0xc8, 0x50, 0x28, 0xff, 0xc8, 0x50, 0x28, 0xff,
    0xc8, 0x50, 0x28, 0xff, 0xc8, 0x50, 0x28, 0xff, 0xc8, 0x50, 0x28, 0xff,
    0xc8, 0x50, 0x28, 0xff, 0xc8, 0x50, 0x28, 0xff, 0xc8, 0x50, 0x28, 0xff,
    0xc8, 0x50, 0x28, 0xff, 0xc8, 0x50, 0x28, 0xff, 0xc8, 0x54, 0x28, 0xff,
    0xc8, 0x54, 0x28, 0xff, 0xd0, 0x54, 0x28, 0xff, 0xd0, 0x58, 0x30, 0xff,
    0xd0, 0x58, 0x30, 0xff, 0xd0, 0x5c, 0x30, 0xff, 0xd0, 0x5c, 0x30, 0xff,
    0xd8, 0x5c, 0x30, 0xff, 0xd8, 0x60, 0x38, 0xff, 0xd8, 0x60, 0x30, 0xff,
    0xd8, 0x60, 0x30, 0xff, 0xd8, 0x60, 0x38, 0xff, 0xd8, 0x64, 0x30, 0xff,
    0xd8, 0x60, 0x30, 0xff, 0xd8, 0x60, 0x38, 0xff, 0xd8, 0x60, 0x38, 0xff,
    0xd8, 0x60, 0x38, 0xff, 0xd8, 0x60, 0x30, 0xff, 0xd8, 0x60, 0x38, 0xff,
    0xd8, 0x60, 0x38, 0xff, 0xd8, 0x60, 0x30, 0xff, 0xd8, 0x60, 0x38, 0xff,
    0xd0, 0x60, 0x38, 0xff, 0xd0, 0x5c, 0x30, 0xff, 0xd0, 0x60, 0x30, 0xff,
    0xd0, 0x5c, 0x38, 0xff, 0xd0, 0x5c, 0x30, 0xff, 0xd0, 0x5c, 0x30, 0xff,
    0xd0, 0x5c, 0x38, 0xff, 0xd0, 0x5c, 0x30, 0xff, 0xc8, 0x5c, 0x38, 0xff,
    0xc8, 0x5c, 0x30, 0xff, 0xc8, 0x5c, 0x30, 0xff, 0xc8, 0x5c, 0x38, 0xff,
    0xc0, 0x58, 0x30, 0xff, 0xc0, 0x58, 0x30, 0xff, 0xc0, 0x58, 0x30, 0xff,
    0xc0, 0x58, 0x30, 0xff, 0xb8, 0x54, 0x30, 0xff, 0xb8, 0x54, 0x30, 0xff,
    0xb8, 0x50, 0x30, 0xff, 0xb0, 0x50, 0x30, 0xff, 0xb0, 0x50, 0x30, 0xff,
    0xb0, 0x50, 0x30, 0xff, 0xb0, 0x4c, 0x28, 0xff, 0xb0, 0x4c, 0x28, 0xff,
    0xb0, 0x50, 0x30, 0xff, 0xb0, 0x50, 0x30, 0xff, 0xb0, 0x4c, 0x30, 0xff,
    0xa8, 0x48, 0x28, 0xff, 0xa0, 0x48, 0x28, 0xff, 0xa8, 0x48, 0x28, 0xff,
    0xa0, 0x44, 0x28, 0xff, 0xa0, 0x44, 0x28, 0xff, 0xa0, 0x48, 0x28, 0xff,
    0xa0, 0x44, 0x28, 0xff, 0xa0, 0x44, 0x28, 0xff, 0xa0, 0x44, 0x28, 0xff,
    0xa0, 0x44, 0x28, 0xff, 0xa0, 0x44, 0x28, 0xff, 0xa0, 0x44, 0x20, 0xff,
    0xa0, 0x44, 0x28, 0xff, 0xa0, 0x44, 0x28, 0xff, 0xa0, 0x44, 0x20, 0xff,
    0xa0, 0x44, 0x28, 0xff, 0xa0, 0x44, 0x28, 0xff, 0xa0, 0x44, 0x28, 0xff,
    0xa0, 0x44, 0x28, 0xff, 0xa0, 0x44, 0x28, 0xff, 0xa8, 0x4c, 0x28, 0xff,
    0xa8, 0x4c, 0x30, 0xff, 0xa8, 0x50, 0x30, 0xff, 0xa8, 0x50, 0x30, 0xff,
    0xa8, 0x4c, 0x30, 0xff, 0xa0, 0x48, 0x28, 0xff, 0x98, 0x40, 0x20, 0xff,
    0x90, 0x40, 0x20, 0xff, 0x90, 0x40, 0x20, 0xff, 0x88, 0x3c, 0x20, 0xff,
    0x88, 0x3c, 0x20, 0xff, 0x88, 0x3c, 0x20, 0xff, 0x88, 0x38, 0x20, 0xff,
    0x80, 0x38, 0x20, 0xff, 0x78, 0x34, 0x20, 0xff, 0x78, 0x34, 0x20, 0xff,
    0x78, 0x34, 0x20, 0xff, 0x78, 0x34, 0x20, 0xff, 0x70, 0x30, 0x18, 0xff,
    0x70, 0x30, 0x18, 0xff, 0x68, 0x30, 0x20, 0xff, 0x68, 0x30, 0x18, 0xff,
    0x60, 0x2c, 0x18, 0xff, 0x70, 0x30, 0x20, 0xff, 0x90, 0x40, 0x28, 0xff,
    0x90, 0x40, 0x20, 0xff, 0x98, 0x44, 0x28, 0xff, 0xa0, 0x44, 0x28, 0xff,
    0xa0, 0x48, 0x28, 0xff, 0xa0, 0x48, 0x28, 0xff, 0xa8, 0x48, 0x28, 0xff,
    0xa8, 0x4c, 0x28, 0xff, 0xb0, 0x4c, 0x28, 0xff, 0xb0, 0x4c, 0x28, 0xff,
    0xb8, 0x4c, 0x28, 0xff, 0xb8, 0x4c, 0x28, 0xff, 0xb8, 0x50, 0x28, 0xff,
    0xb8, 0x50, 0x28, 0xff, 0xc0, 0x4c, 0x28, 0xff, 0xc0, 0x50, 0x28, 0xff,
    0xc0, 0x50, 0x28, 0xff, 0xc0, 0x50, 0x28, 0xff, 0xc0, 0x50, 0x28, 0xff,
    0xc8, 0x50, 0x28, 0xff, 0xc0, 0x50, 0x28, 0xff, 0xc8, 0x50, 0x28, 0xff,
    0xc0, 0x50, 0x28, 0xff, 0xc0, 0x4c, 0x20, 0xff, 0xc0, 0x4c, 0x28, 0xff,
    0xb8, 0x48, 0x20, 0xff, 0xc0, 0x4c, 0x28, 0xff, 0xc8, 0x54, 0x28, 0xff,
    0xc0, 0x50, 0x28, 0xff, 0xc8, 0x54, 0x28, 0xff, 0xc8, 0x54, 0x28, 0xff,
    0xc0, 0x50, 0x28, 0xff, 0xc8, 0x54, 0x28, 0xff, 0xc8, 0x54, 0x28, 0xff,
    0xa0, 0x3c, 0x20, 0xff, 0x90, 0x38, 0x18, 0xff, 0xc0, 0x50, 0x28, 0xff,
    0xc0, 0x50, 0x28, 0xff, 0xc0, 0x4c, 0x28, 0xff, 0xc0, 0x4c, 0x20, 0xff,
    0xc0, 0x4c, 0x28, 0xff, 0xc0, 0x4c, 0x20, 0xff, 0xc0, 0x4c, 0x20, 0xff,
    0xc0, 0x4c, 0x28, 0xff, 0xc0, 0x4c, 0x28, 0xff, 0xc0, 0x4c, 0x28, 0xff,
    0xc0, 0x4c, 0x28, 0xff, 0xc0, 0x4c, 0x20, 0xff, 0xc0, 0x4c, 0x28, 0xff,
    0xc0, 0x4c, 0x28, 0xff, 0xc0, 0x4c, 0x28, 0xff, 0xb0, 0x44, 0x20, 0xff,
    0xa0, 0x40, 0x20, 0xff, 0xd0, 0x58, 0x28, 0xff, 0xd0, 0x54, 0x30, 0xff,
    0xd0, 0x58, 0x28, 0xff, 0xc8, 0x50, 0x28, 0xff, 0xc0, 0x4c, 0x20, 0xff,
    0xc8, 0x50, 0x28, 0xff, 0xc0, 0x4c, 0x20, 0xff, 0xc0, 0x48, 0x20, 0xff,
    0xc0, 0x4c, 0x20, 0xff, 0xc0, 0x4c, 0x20, 0xff, 0xc0, 0x4c, 0x20, 0xff,
    0xc0, 0x4c, 0x28, 0xff, 0xc0, 0x50, 0x28, 0xff, 0xc0, 0x4c, 0x20, 0xff,
    0xc0, 0x50, 0x28, 0xff, 0xc0, 0x50, 0x28, 0xff, 0xc0, 0x50, 0x20, 0xff,
    0xc0, 0x50, 0x28, 0xff, 0xc8, 0x50, 0x28, 0xff, 0xc8, 0x50, 0x28, 0xff,
    0xc0, 0x50, 0x28, 0xff, 0xc8, 0x50, 0x28, 0xff, 0xc8, 0x50, 0x28, 0xff,
    0xc0, 0x50, 0x28, 0xff, 0xc8, 0x4c, 0x28, 0xff, 0xc8, 0x50, 0x28, 0xff,
    0xc0, 0x50, 0x28, 0xff, 0xc8, 0x50, 0x28, 0xff, 0xc8, 0x50, 0x28, 0xff,
    0xc0, 0x50, 0x28, 0xff, 0xc8, 0x50, 0x28, 0xff, 0xc8, 0x50, 0x28, 0xff,
    0xc8, 0x50, 0x28, 0xff, 0xc0, 0x50, 0x28, 0xff, 0xc8, 0x50, 0x28, 0xff,
    0xc8, 0x50, 0x28, 0xff, 0xc8, 0x50, 0x28, 0xff, 0xc8, 0x50, 0x28, 0xff,
    0xc8, 0x50, 0x28, 0xff, 0xc8, 0x50, 0x28, 0xff, 0xc8, 0x50, 0x28, 0xff,
    0xc8, 0x50, 0x28, 0xff, 0xc8, 0x50, 0x28, 0xff, 0xc8, 0x50, 0x28, 0xff,
    0xc0, 0x50, 0x28, 0xff, 0xc8, 0x50, 0x28, 0xff, 0xc8, 0x50, 0x28, 0xff,
    0xc8, 0x50, 0x28, 0xff, 0xc8, 0x50, 0x28, 0xff, 0xc8, 0x50, 0x28, 0xff,
    0xc8, 0x50, 0x28, 0xff, 0xc8, 0x50, 0x28, 0xff, 0xc8, 0x50, 0x28, 0xff,
    0xc8, 0x50, 0x28, 0xff, 0xc8, 0x50, 0x28, 0xff, 0xc8, 0x50, 0x28, 0xff,
    0xc8, 0x50, 0x28, 0xff, 0xc8, 0x50, 0x28, 0xff, 0xc8, 0x50, 0x28, 0xff,
    0xc8, 0x54, 0x28, 0xff, 0xc8, 0x50, 0x28, 0xff, 0xc8, 0x50, 0x28, 0xff,
    0xc8, 0x50, 0x28, 0xff, 0xc8, 0x50, 0x28, 0xff, 0xc8, 0x50, 0x28, 0xff,
    0xc8, 0x54, 0x28, 0xff, 0xd0, 0x54, 0x28, 0xff, 0xd0, 0x58, 0x30, 0xff,
    0xd0, 0x58, 0x30, 0xff, 0xd0, 0x5c, 0x30, 0xff, 0xd8, 0x5c, 0x30, 0xff,
    0xd8, 0x5c, 0x30, 0xff, 0xd8, 0x60, 0x38, 0xff, 0xd8, 0x60, 0x38, 0xff,
    0xd8, 0x60, 0x38, 0xff, 0xe0, 0x64, 0x38, 0xff, 0xe0, 0x64, 0x38, 0xff,
    0xe0, 0x64, 0x38, 0xff, 0xe0, 0x64, 0x38, 0xff, 0xe0, 0x64, 0x38, 0xff,
    0xd8, 0x64, 0x38, 0xff, 0xe0, 0x64, 0x38, 0xff, 0xd8, 0x64, 0x38, 0xff,
    0xd8, 0x60, 0x38, 0xff, 0xd8, 0x64, 0x38, 0xff, 0xd8, 0x60, 0x38, 0xff,
    0xd8, 0x64, 0x38, 0xff, 0xd8, 0x60, 0x38, 0xff, 0xd8, 0x60, 0x38, 0xff,
    0xd8, 0x60, 0x38, 0xff, 0xd8, 0x60, 0x38, 0xff, 0xd0, 0x60, 0x38, 0xff,
    0xd0, 0x60, 0x38, 0xff, 0xd0, 0x60, 0x38, 0xff, 0xd0, 0x60, 0x38, 0xff,
    0xd0, 0x60, 0x38, 0xff, 0xc8, 0x60, 0x38, 0xff, 0xc8, 0x5c, 0x38, 0xff,
    0xc8, 0x5c, 0x38, 0xff, 0xc8, 0x5c, 0x38, 0xff, 0xc8, 0x5c, 0x38, 0xff,
    0xc0, 0x5c, 0x38, 0xff, 0xc0, 0x58, 0x38, 0xff, 0xb8, 0x58, 0x30, 0xff,
    0xb8, 0x54, 0x30, 0xff, 0xb8, 0x54, 0x30, 0xff, 0xb8, 0x50, 0x30, 0xff,
    0xb0, 0x50, 0x30, 0xff, 0xb0, 0x54, 0x30, 0xff, 0xb0, 0x50, 0x30, 0xff,
    0xb0, 0x50, 0x30, 0xff, 0xb0, 0x54, 0x30, 0xff, 0xb0, 0x54, 0x30, 0xff,
    0xb0, 0x50, 0x30, 0xff, 0xb8, 0x54, 0x30, 0xff, 0xb0, 0x50, 0x30, 0xff,
    0x98, 0x40, 0x20, 0xff, 0x98, 0x44, 0x28, 0xff, 0xa0, 0x44, 0x28, 0xff,
    0xa0, 0x40, 0x20, 0xff, 0xa0, 0x44, 0x28, 0xff, 0xa0, 0x40, 0x20, 0xff,
    0xa0, 0x44, 0x20, 0xff, 0x98, 0x44, 0x28, 0xff, 0xa0, 0x44, 0x20, 0xff,
    0x98, 0x44, 0x28, 0xff, 0x98, 0x44, 0x28, 0xff, 0xa0, 0x44, 0x20, 0xff,
    0x98, 0x44, 0x28, 0xff, 0x98, 0x44, 0x20, 0xff, 0xa0, 0x44, 0x20, 0xff,
    0x98, 0x44, 0x28, 0xff, 0x98, 0x44, 0x28, 0xff, 0xa0, 0x44, 0x28, 0xff,
    0xa0, 0x4c, 0x28, 0xff, 0xa8, 0x4c, 0x30, 0xff, 0xa8, 0x50, 0x30, 0xff,
    0xa8, 0x50, 0x30, 0xff, 0xa8, 0x4c, 0x30, 0xff, 0x98, 0x48, 0x28, 0xff,
    0x98, 0x44, 0x28, 0xff, 0x88, 0x3c, 0x28, 0xff, 0x90, 0x40, 0x20, 0xff,
    0x88, 0x3c, 0x20, 0xff, 0x88, 0x3c, 0x20, 0xff, 0x80, 0x38, 0x20, 0xff,
    0x80, 0x38, 0x20, 0xff, 0x78, 0x38, 0x20, 0xff, 0x78, 0x34, 0x20, 0xff,
    0x78, 0x34, 0x18, 0xff, 0x70, 0x34, 0x20, 0xff, 0x70, 0x30, 0x20, 0xff,
    0x70, 0x30, 0x18, 0xff, 0x68, 0x30, 0x18, 0xff, 0x68, 0x2c, 0x20, 0xff,
    0x68, 0x2c, 0x18, 0xff, 0x60, 0x28, 0x18, 0xff, 0x68, 0x30, 0x20, 0xff,
    0x90, 0x3c, 0x20, 0xff, 0x90, 0x40, 0x28, 0xff, 0x98, 0x44, 0x28, 0xff,
    0x98, 0x44, 0x28, 0xff, 0xa0, 0x48, 0x28, 0xff, 0xa8, 0x48, 0x28, 0xff,
    0xa8, 0x48, 0x28, 0xff, 0xb0, 0x48, 0x28, 0xff, 0xb0, 0x4c, 0x28, 0xff,
    0xb0, 0x4c, 0x28, 0xff, 0xb0, 0x50, 0x28, 0xff, 0xb8, 0x4c, 0x30, 0xff,
    0xb8, 0x50, 0x28, 0xff, 0xb8, 0x50, 0x28, 0xff, 0xc0, 0x50, 0x28, 0xff,
    0xc0, 0x50, 0x28, 0xff, 0xc0, 0x50, 0x28, 0xff, 0xc0, 0x50, 0x28, 0xff,
    0xc0, 0x50, 0x28, 0xff, 0xc0, 0x50, 0x28, 0xff, 0xc0, 0x50, 0x28, 0xff,
    0xc8, 0x50, 0x28, 0xff, 0xc0, 0x50, 0x28, 0xff, 0xc0, 0x4c, 0x20, 0xff,
    0xc0, 0x4c, 0x20, 0xff, 0xc0, 0x4c, 0x20, 0xff, 0xc0, 0x4c, 0x28, 0xff,
    0xc8, 0x54, 0x28, 0xff, 0xc8, 0x50, 0x28, 0xff, 0xc8, 0x50, 0x28, 0xff,
    0xc8, 0x50, 0x28, 0xff, 0xc0, 0x50, 0x28, 0xff, 0xc8, 0x54, 0x28, 0xff,
    0xc8, 0x54, 0x28, 0xff, 0xa8, 0x40, 0x20, 0xff, 0x98, 0x38, 0x18, 0xff,
    0xc0, 0x4c, 0x28, 0xff, 0xc0, 0x4c, 0x28, 0xff, 0xc0, 0x4c, 0x20, 0xff,
    0xc0, 0x4c, 0x28, 0xff, 0xb8, 0x4c, 0x28, 0xff, 0xc0, 0x4c, 0x20, 0xff,
    0xb8, 0x4c, 0x28, 0xff, 0xc0, 0x4c, 0x28, 0xff, 0xc0, 0x4c, 0x20, 0xff,
    0xb8, 0x4c, 0x28, 0xff, 0xb8, 0x4c, 0x20, 0xff, 0xc0, 0x4c, 0x28, 0xff,
    0xb8, 0x4c, 0x28, 0xff, 0xb8, 0x4c, 0x28, 0xff, 0xc0, 0x4c, 0x28, 0xff,
    0xa8, 0x44, 0x20, 0xff, 0xa0, 0x40, 0x20, 0xff, 0xd0, 0x54, 0x30, 0xff,
    0xc8, 0x58, 0x28, 0xff, 0xd0, 0x54, 0x28, 0xff, 0xc0, 0x50, 0x28, 0xff,
    0xc0, 0x4c, 0x20, 0xff, 0xc8, 0x54, 0x28, 0xff, 0xc8, 0x54, 0x28, 0xff,
    0xd0, 0x54, 0x28, 0xff, 0xd0, 0x58, 0x28, 0xff, 0xd0, 0x54, 0x30, 0xff,
    0xd0, 0x58, 0x28, 0xff, 0xd0, 0x58, 0x28, 0xff, 0xd0, 0x54, 0x28, 0xff,
    0xd0, 0x58, 0x28, 0xff, 0xd8, 0x58, 0x28, 0xff, 0xd0, 0x58, 0x28, 0xff,
    0xd0, 0x58, 0x28, 0xff, 0xd0, 0x58, 0x28, 0xff, 0xd0, 0x58, 0x28, 0xff,
    0xd0, 0x58, 0x28, 0xff, 0xd0, 0x58, 0x28, 0xff, 0xd0, 0x58, 0x28, 0xff,
    0xd0, 0x58, 0x28, 0xff, 0xd0, 0x58, 0x28, 0xff, 0xd0, 0x58, 0x28, 0xff,
    0xd0, 0x58, 0x28, 0xff, 0xd0, 0x58, 0x28, 0xff, 0xd0, 0x58, 0x28, 0xff,
    0xd0, 0x58, 0x28, 0xff, 0xd0, 0x58, 0x28, 0xff, 0xd0, 0x58, 0x28, 0xff,
    0xd0, 0x58, 0x28, 0xff, 0xd0, 0x58, 0x30, 0xff, 0xd8, 0x58, 0x28, 0xff,
    0xd0, 0x58, 0x30, 0xff, 0xd0, 0x58, 0x28, 0xff, 0xd0, 0x58, 0x28, 0xff,
    0xd0, 0x58, 0x30, 0xff, 0xd0, 0x58, 0x28, 0xff, 0xd0, 0x58, 0x28, 0xff,
    0xd0, 0x58, 0x30, 0xff, 0xd0, 0x5c, 0x28, 0xff, 0xd0, 0x58, 0x28, 0xff,
    0xd0, 0x58, 0x30, 0xff, 0xd0, 0x5c, 0x28, 0xff, 0xd0, 0x5c, 0x28, 0xff,
    0xd8, 0x5c, 0x28, 0xff, 0xd0, 0x58, 0x28, 0xff, 0xd0, 0x58, 0x28, 0xff,
    0xd0, 0x5c, 0x28, 0xff, 0xd0, 0x5c, 0x28, 0xff, 0xd8, 0x5c, 0x30, 0xff,
    0xd0, 0x5c, 0x28, 0xff, 0xd8, 0x5c, 0x30, 0xff, 0xd8, 0x5c, 0x30, 0xff,
    0xd8, 0x5c, 0x28, 0xff, 0xd8, 0x5c, 0x30, 0xff, 0xd8, 0x5c, 0x30, 0xff,
    0xd8, 0x5c, 0x30, 0xff, 0xd8, 0x5c, 0x30, 0xff, 0xd8, 0x5c, 0x30, 0xff,
    0xd8, 0x60, 0x30, 0xff, 0xd8, 0x60, 0x30, 0xff, 0xd8, 0x5c, 0x30, 0xff,
    0xd8, 0x5c, 0x30, 0xff, 0xd8, 0x60, 0x30, 0xff, 0xe0, 0x60, 0x30, 0xff,
    0xd8, 0x60, 0x30, 0xff, 0xe0, 0x60, 0x30, 0xff, 0xe0, 0x60, 0x30, 0xff,
    0xe0, 0x60, 0x30, 0xff, 0xe0, 0x60, 0x30, 0xff, 0xe0, 0x64, 0x30, 0xff,
    0xe0, 0x64, 0x30, 0xff, 0xe0, 0x60, 0x30, 0xff, 0xd8, 0x60, 0x30, 0xff,
    0xd8, 0x5c, 0x30, 0xff, 0xd8, 0x5c, 0x30, 0xff, 0xd8, 0x5c, 0x30, 0xff,
    0xd8, 0x5c, 0x30, 0xff, 0xd8, 0x5c, 0x30, 0xff, 0xd8, 0x5c, 0x30, 0xff,
    0xd8, 0x60, 0x30, 0xff, 0xd8, 0x5c, 0x30, 0xff, 0xd0, 0x5c, 0x30, 0xff,
    0xd0, 0x5c, 0x30, 0xff, 0xd0, 0x5c, 0x30, 0xff, 0xd0, 0x5c, 0x30, 0xff,
    0xd0, 0x5c, 0x30, 0xff, 0xd0, 0x5c, 0x30, 0xff, 0xc8, 0x5c, 0x30, 0xff,
    0xd0, 0x58, 0x30, 0xff, 0xc8, 0x58, 0x30, 0xff, 0xc8, 0x58, 0x30, 0xff,
    0xc8, 0x58, 0x30, 0xff, 0xc8, 0x58, 0x30, 0xff, 0xc0, 0x54, 0x30, 0xff,
    0xc0, 0x58, 0x30, 0xff, 0xc0, 0x58, 0x30, 0xff, 0xc0, 0x54, 0x28, 0xff,
    0xc0, 0x54, 0x30, 0xff, 0xb8, 0x50, 0x30, 0xff, 0xb8, 0x50, 0x28, 0xff,
    0xb8, 0x50, 0x30, 0xff, 0xb0, 0x50, 0x28, 0xff, 0xb0, 0x50, 0x28, 0xff,
    0xb0, 0x4c, 0x28, 0xff, 0xb0, 0x4c, 0x28, 0xff, 0xb0, 0x4c, 0x28, 0xff,
    0xa8, 0x4c, 0x28, 0xff, 0xa8, 0x4c, 0x28, 0xff, 0xa8, 0x4c, 0x28, 0xff,
    0xa8, 0x4c, 0x28, 0xff, 0xb0, 0x54, 0x30, 0xff, 0xb0, 0x54, 0x38, 0xff,
    0x88, 0x3c, 0x20, 0xff, 0x60, 0x28, 0x10, 0xff, 0x88, 0x38, 0x20, 0xff,
    0x90, 0x3c, 0x20, 0xff, 0x90, 0x3c, 0x20, 0xff, 0x90, 0x3c, 0x20, 0xff,
    0x90, 0x3c, 0x20, 0xff, 0x90, 0x3c, 0x20, 0xff, 0x90, 0x3c, 0x20, 0xff,
    0x90, 0x3c, 0x20, 0xff, 0x90, 0x3c, 0x20, 0xff, 0x90, 0x3c, 0x20, 0xff,
    0x90, 0x3c, 0x20, 0xff, 0x90, 0x3c, 0x20, 0xff, 0x88, 0x3c, 0x20, 0xff,
    0x90, 0x3c, 0x20, 0xff, 0x90, 0x3c, 0x20, 0xff, 0x88, 0x3c, 0x20, 0xff,
    0x98, 0x44, 0x20, 0xff, 0xa0, 0x48, 0x30, 0xff, 0xa8, 0x50, 0x30, 0xff,
    0xa8, 0x50, 0x30, 0xff, 0xa8, 0x50, 0x38, 0xff, 0xa0, 0x50, 0x30, 0xff,
    0xa0, 0x4c, 0x30, 0xff, 0x90, 0x40, 0x28, 0xff, 0x80, 0x34, 0x20, 0xff,
    0x78, 0x34, 0x20, 0xff, 0x78, 0x34, 0x20, 0xff, 0x78, 0x34, 0x20, 0xff,
    0x70, 0x30, 0x18, 0xff, 0x70, 0x30, 0x18, 0xff, 0x70, 0x30, 0x20, 0xff,
    0x68, 0x2c, 0x18, 0xff, 0x68, 0x2c, 0x18, 0xff, 0x68, 0x2c, 0x18, 0xff,
    0x68, 0x2c, 0x18, 0xff, 0x60, 0x2c, 0x18, 0xff, 0x60, 0x2c, 0x18, 0xff,
    0x60, 0x2c, 0x18, 0xff, 0x60, 0x28, 0x18, 0xff, 0x58, 0x2c, 0x18, 0xff,
    0x68, 0x30, 0x20, 0xff, 0x90, 0x40, 0x20, 0xff, 0x90, 0x40, 0x28, 0xff,
    0x98, 0x44, 0x28, 0xff, 0x98, 0x44, 0x28, 0xff, 0xa0, 0x48, 0x28, 0xff,
    0xa8, 0x48, 0x28, 0xff, 0xa8, 0x48, 0x28, 0xff, 0xa8, 0x4c, 0x28, 0xff,
    0xb0, 0x4c, 0x28, 0xff, 0xb0, 0x4c, 0x28, 0xff, 0xb0, 0x4c, 0x28, 0xff,
    0xb8, 0x4c, 0x28, 0xff, 0xb8, 0x50, 0x28, 0xff, 0xb8, 0x50, 0x28, 0xff,
    0xc0, 0x50, 0x30, 0xff, 0xc0, 0x50, 0x28, 0xff, 0xb8, 0x50, 0x28, 0xff,
    0xc0, 0x50, 0x28, 0xff, 0xc0, 0x50, 0x28, 0xff, 0xc0, 0x50, 0x28, 0xff,
    0xc0, 0x50, 0x28, 0xff, 0xc0, 0x50, 0x28, 0xff, 0xc0, 0x50, 0x28, 0xff,
    0xc0, 0x4c, 0x28, 0xff, 0xc0, 0x4c, 0x20, 0xff, 0xb8, 0x4c, 0x20, 0xff,
    0xc0, 0x4c, 0x28, 0xff, 0xc8, 0x54, 0x28, 0xff, 0xc0, 0x50, 0x28, 0xff,
    0xc8, 0x50, 0x28, 0xff, 0xc8, 0x54, 0x28, 0xff, 0xc8, 0x50, 0x28, 0xff,
    0xc8, 0x54, 0x28, 0xff, 0xc8, 0x54, 0x30, 0xff, 0xa8, 0x40, 0x20, 0xff,
    0x98, 0x3c, 0x18, 0xff, 0xc0, 0x50, 0x28, 0xff, 0xc0, 0x4c, 0x28, 0xff,
    0xc0, 0x4c, 0x28, 0xff, 0xc0, 0x4c, 0x28, 0xff, 0xc0, 0x4c, 0x28, 0xff,
    0xc0, 0x4c, 0x28, 0xff, 0xc0, 0x50, 0x28, 0xff, 0xc0, 0x4c, 0x28, 0xff,
    0xc0, 0x4c, 0x28, 0xff, 0xc0, 0x4c, 0x28, 0xff, 0xc0, 0x4c, 0x28, 0xff,
    0xc0, 0x4c, 0x20, 0xff, 0xc0, 0x4c, 0x28, 0xff, 0xc0, 0x4c, 0x28, 0xff,
    0xc0, 0x4c, 0x20, 0xff, 0xb0, 0x48, 0x20, 0xff, 0xa8, 0x44, 0x20, 0xff,
    0xd0, 0x54, 0x30, 0xff, 0xc8, 0x54, 0x28, 0xff, 0xc8, 0x58, 0x30, 0xff,
    0xc8, 0x54, 0x28, 0xff, 0xd0, 0x54, 0x28, 0xff, 0xd0, 0x58, 0x28, 0xff,
    0xd0, 0x58, 0x30, 0xff, 0xd0, 0x54, 0x28, 0xff, 0xc8, 0x58, 0x28, 0xff,
    0xc8, 0x54, 0x28, 0xff, 0xc8, 0x54, 0x30, 0xff, 0xd0, 0x58, 0x30, 0xff,
    0xd0, 0x58, 0x28, 0xff, 0xd0, 0x58, 0x30, 0xff, 0xd0, 0x58, 0x30, 0xff,
    0xd0, 0x58, 0x30, 0xff, 0xd0, 0x58, 0x30, 0xff, 0xd0, 0x58, 0x30, 0xff,
    0xd0, 0x58, 0x30, 0xff, 0xd0, 0x58, 0x30, 0xff, 0xd0, 0x58, 0x30, 0xff,
    0xd0, 0x58, 0x30, 0xff, 0xd0, 0x58, 0x28, 0xff, 0xd0, 0x58, 0x30, 0xff,
    0xd0, 0x58, 0x30, 0xff, 0xd0, 0x58, 0x30, 0xff, 0xd0, 0x58, 0x30, 0xff,
    0xd8, 0x58, 0x30, 0xff, 0xd0, 0x58, 0x30, 0xff, 0xd0, 0x58, 0x30, 0xff,
    0xd0, 0x58, 0x30, 0xff, 0xd0, 0x58, 0x30, 0xff, 0xd0, 0x58, 0x30, 0xff,
    0xd0, 0x5c, 0x30, 0xff, 0xd0, 0x5c, 0x30, 0xff, 0xd0, 0x58, 0x30, 0xff,
    0xd0, 0x5c, 0x30, 0xff, 0xd0, 0x5c, 0x30, 0xff, 0xd0, 0x5c, 0x30, 0xff,
    0xd0, 0x58, 0x30, 0xff, 0xd0, 0x5c, 0x30, 0xff, 0xd0, 0x58, 0x30, 0xff,
    0xd0, 0x5c, 0x30, 0xff, 0xd0, 0x5c, 0x30, 0xff, 0xd0, 0x58, 0x30, 0xff,
    0xd0, 0x58, 0x30, 0xff, 0xd0, 0x5c, 0x30, 0xff, 0xd0, 0x58, 0x30, 0xff,
    0xd0, 0x5c, 0x30, 0xff, 0xd0, 0x58, 0x30, 0xff, 0xd0, 0x58, 0x30, 0xff,
    0xd0, 0x58, 0x30, 0xff, 0xd0, 0x5c, 0x30, 0xff, 0xd0, 0x58, 0x30, 0xff,
    0xd0, 0x58, 0x30, 0xff, 0xd0, 0x58, 0x28, 0xff, 0xd0, 0x58, 0x30, 0xff,
    0xd0, 0x5c, 0x30, 0xff, 0xd0, 0x5c, 0x28, 0xff, 0xd0, 0x58, 0x30, 0xff,
    0xd0, 0x58, 0x30, 0xff, 0xd0, 0x5c, 0x30, 0xff, 0xd0, 0x5c, 0x30, 0xff,
    0xd0, 0x5c, 0x30, 0xff, 0xd0, 0x58, 0x30, 0xff, 0xd0, 0x5c, 0x30, 0xff,
    0xd0, 0x58, 0x30, 0xff, 0xd0, 0x58, 0x28, 0xff, 0xd0, 0x5c, 0x30, 0xff,
    0xd0, 0x58, 0x30, 0xff, 0xd0, 0x58, 0x30, 0xff, 0xd0, 0x58, 0x30, 0xff,
    0xc8, 0x58, 0x30, 0xff, 0xc8, 0x54, 0x28, 0xff, 0xc8, 0x54, 0x28, 0xff,
    0xd0, 0x58, 0x30, 0xff, 0xd8, 0x60, 0x30, 0xff, 0xe0, 0x60, 0x30, 0xff,
    0xd8, 0x60, 0x30, 0xff, 0xe0, 0x64, 0x30, 0xff, 0xe0, 0x60, 0x30, 0xff,
    0xd8, 0x60, 0x30, 0xff, 0xd8, 0x60, 0x30, 0xff, 0xd8, 0x60, 0x30, 0xff,
    0xd8, 0x60, 0x30, 0xff, 0xd8, 0x60, 0x30, 0xff, 0xd8, 0x60, 0x30, 0xff,
    0xd8, 0x60, 0x30, 0xff, 0xd8, 0x60, 0x30, 0xff, 0xd0, 0x60, 0x30, 0xff,
    0xd0, 0x5c, 0x30, 0xff, 0xd0, 0x60, 0x30, 0xff, 0xd0, 0x5c, 0x30, 0xff,
    0xd0, 0x5c, 0x30, 0xff, 0xc8, 0x5c, 0x30, 0xff, 0xc8, 0x5c, 0x30, 0xff,
    0xc8, 0x5c, 0x30, 0xff, 0xc8, 0x58, 0x30, 0xff, 0xc8, 0x5c, 0x30, 0xff,
    0xc0, 0x58, 0x30, 0xff, 0xc0, 0x5c, 0x30, 0xff, 0xc0, 0x58, 0x30, 0xff,
    0xc0, 0x58, 0x30, 0xff, 0xb8, 0x58, 0x30, 0xff, 0xc0, 0x58, 0x30, 0xff,
    0xb8, 0x58, 0x38, 0xff, 0xb8, 0x58, 0x30, 0xff, 0xb8, 0x54, 0x30, 0xff,
    0xb8, 0x54, 0x30, 0xff, 0xb0, 0x54, 0x38, 0xff, 0xb0, 0x54, 0x30, 0xff,
    0xb8, 0x58, 0x38, 0xff, 0xb8, 0x5c, 0x38, 0xff, 0xa8, 0x4c, 0x30, 0xff,
    0x60, 0x24, 0x10, 0xff, 0x88, 0x3c, 0x20, 0xff, 0xb0, 0x58, 0x38, 0xff,
    0xa8, 0x50, 0x30, 0xff, 0xa8, 0x50, 0x30, 0xff, 0xa8, 0x50, 0x30, 0xff,
    0xa8, 0x50, 0x30, 0xff, 0xa8, 0x50, 0x30, 0xff, 0xa0, 0x50, 0x30, 0xff,
    0x98, 0x40, 0x28, 0xff, 0x90, 0x3c, 0x20, 0xff, 0x90, 0x40, 0x20, 0xff,
    0x90, 0x40, 0x20, 0xff, 0x90, 0x40, 0x28, 0xff, 0x90, 0x40, 0x28, 0xff,
    0x98, 0x40, 0x28, 0xff, 0x90, 0x40, 0x28, 0xff, 0x98, 0x40, 0x28, 0xff,
    0x98, 0x40, 0x28, 0xff, 0x98, 0x48, 0x28, 0xff, 0xa0, 0x50, 0x38, 0xff,
    0xa8, 0x58, 0x38, 0xff, 0xb0, 0x58, 0x38, 0xff, 0xb0, 0x58, 0x38, 0xff,
    0xa8, 0x58, 0x38, 0xff, 0xa0, 0x50, 0x38, 0xff, 0xa0, 0x4c, 0x30, 0xff,
    0x88, 0x40, 0x28, 0xff, 0x80, 0x38, 0x20, 0xff, 0x80, 0x38, 0x20, 0xff,
    0x78, 0x38, 0x20, 0xff, 0x78, 0x34, 0x20, 0xff, 0x78, 0x34, 0x20, 0xff,
    0x78, 0x34, 0x20, 0xff, 0x70, 0x34, 0x20, 0xff, 0x70, 0x34, 0x20, 0xff,
    0x70, 0x30, 0x20, 0xff, 0x68, 0x30, 0x18, 0xff, 0x68, 0x2c, 0x20, 0xff,
    0x68, 0x30, 0x20, 0xff, 0x60, 0x2c, 0x18, 0xff, 0x60, 0x2c, 0x18, 0xff,
    0x58, 0x28, 0x18, 0xff, 0x68, 0x30, 0x20, 0xff, 0x90, 0x40, 0x28, 0xff,
    0x90, 0x40, 0x20, 0xff, 0x98, 0x44, 0x28, 0xff, 0xa0, 0x48, 0x28, 0xff,
    0xa0, 0x48, 0x28, 0xff, 0xa0, 0x48, 0x28, 0xff, 0xa8, 0x48, 0x28, 0xff,
    0xa8, 0x4c, 0x28, 0xff, 0xa8, 0x4c, 0x28, 0xff, 0xb0, 0x4c, 0x28, 0xff,
    0xb8, 0x4c, 0x28, 0xff, 0xb8, 0x50, 0x28, 0xff, 0xb8, 0x50, 0x28, 0xff,
    0xb8, 0x50, 0x28, 0xff, 0xc0, 0x50, 0x28, 0xff, 0xc0, 0x4c, 0x28, 0xff,
    0xc0, 0x50, 0x28, 0xff, 0xc0, 0x50, 0x28, 0xff, 0xc0, 0x50, 0x28, 0xff,
    0xc0, 0x50, 0x28, 0xff, 0xc8, 0x50, 0x28, 0xff, 0xc0, 0x50, 0x28, 0xff,
    0xc0, 0x4c, 0x28, 0xff, 0xc0, 0x4c, 0x20, 0xff, 0xc0, 0x4c, 0x20, 0xff,
    0xc0, 0x48, 0x28, 0xff, 0xc0, 0x4c, 0x28, 0xff, 0xc8, 0x54, 0x28, 0xff,
    0xc0, 0x50, 0x28, 0xff, 0xc0, 0x50, 0x28, 0xff, 0xc8, 0x50, 0x28, 0xff,
    0xc8, 0x50, 0x28, 0xff, 0xc8, 0x54, 0x30, 0xff, 0xc8, 0x54, 0x28, 0xff,
    0x98, 0x38, 0x18, 0xff, 0x88, 0x34, 0x18, 0xff, 0xc0, 0x4c, 0x28, 0xff,
    0xc0, 0x4c, 0x28, 0xff, 0xb8, 0x4c, 0x20, 0xff, 0xc0, 0x4c, 0x20, 0xff,
    0xc0, 0x4c, 0x20, 0xff, 0xb8, 0x4c, 0x28, 0xff, 0xc0, 0x4c, 0x20, 0xff,
    0xc0, 0x4c, 0x20, 0xff, 0xb8, 0x4c, 0x20, 0xff, 0xb8, 0x4c, 0x28, 0xff,
    0xb8, 0x4c, 0x20, 0xff, 0xb8, 0x4c, 0x20, 0xff, 0xb8, 0x4c, 0x28, 0xff,
    0xb8, 0x48, 0x20, 0xff, 0xb8, 0x4c, 0x28, 0xff, 0xa8, 0x44, 0x20, 0xff,
    0x98, 0x3c, 0x20, 0xff, 0xc8, 0x58, 0x28, 0xff, 0xc8, 0x54, 0x28, 0xff,
    0xc8, 0x58, 0x28, 0xff, 0xc8, 0x54, 0x30, 0xff, 0xc8, 0x54, 0x28, 0xff,
    0xc8, 0x54, 0x28, 0xff, 0xc8, 0x50, 0x28, 0xff, 0xc8, 0x50, 0x28, 0xff,
    0xc8, 0x50, 0x28, 0xff, 0xc8, 0x54, 0x28, 0xff, 0xc8, 0x54, 0x28, 0xff,
    0xd0, 0x58, 0x30, 0xff, 0xd0, 0x58, 0x30, 0xff, 0xd0, 0x58, 0x28, 0xff,
    0xd0, 0x58, 0x30, 0xff, 0xd0, 0x58, 0x30, 0xff, 0xd0, 0x58, 0x28, 0xff,
    0xd0, 0x58, 0x30, 0xff, 0xd0, 0x58, 0x28, 0xff, 0xd0, 0x58, 0x30, 0xff,
    0xd0, 0x5c, 0x30, 0xff, 0xd0, 0x58, 0x30, 0xff, 0xd0, 0x58, 0x30, 0xff,
    0xd0, 0x5c, 0x30, 0xff, 0xd0, 0x58, 0x30, 0xff, 0xd0, 0x58, 0x30, 0xff,
    0xd0, 0x5c, 0x30, 0xff, 0xd0, 0x58, 0x30, 0xff, 0xd0, 0x58, 0x30, 0xff,
    0xd0, 0x5c, 0x30, 0xff, 0xd0, 0x58, 0x30, 0xff, 0xd0, 0x5c, 0x30, 0xff,
    0xd0, 0x58, 0x30, 0xff, 0xd0, 0x58, 0x30, 0xff, 0xd0, 0x5c, 0x30, 0xff,
    0xd0, 0x58, 0x30, 0xff, 0xd0, 0x58, 0x30, 0xff, 0xd8, 0x5c, 0x30, 0xff,
    0xd0, 0x58, 0x30, 0xff, 0xd0, 0x58, 0x30, 0xff, 0xd0, 0x58, 0x30, 0xff,
    0xd8, 0x58, 0x30, 0xff, 0xd0, 0x58, 0x30, 0xff, 0xd0, 0x58, 0x30, 0xff,
    0xd0, 0x58, 0x30, 0xff, 0xd0, 0x5c, 0x30, 0xff, 0xd0, 0x58, 0x30, 0xff,
    0xd0, 0x58, 0x30, 0xff, 0xd0, 0x58, 0x30, 0xff, 0xd0, 0x58, 0x30, 0xff,
    0xd0, 0x58, 0x30, 0xff, 0xd0, 0x58, 0x30, 0xff, 0xd0, 0x58, 0x28, 0xff,
    0xd0, 0x58, 0x30, 0xff, 0xd0, 0x58, 0x30, 0xff, 0xd0, 0x58, 0x30, 0xff,
    0xd0, 0x58, 0x30, 0xff, 0xd0, 0x58, 0x30, 0xff, 0xd0, 0x58, 0x30, 0xff,
    0xd0, 0x58, 0x28, 0xff, 0xd0, 0x58, 0x30, 0xff, 0xd0, 0x58, 0x30, 0xff,
    0xd0, 0x58, 0x28, 0xff, 0xd0, 0x58, 0x30, 0xff, 0xd0, 0x58, 0x30, 0xff,
    0xd0, 0x58, 0x30, 0xff, 0xd0, 0x58, 0x30, 0xff, 0xd0, 0x58, 0x30, 0xff,
    0xd0, 0x5c, 0x30, 0xff, 0xd0, 0x58, 0x30, 0xff, 0xc8, 0x58, 0x30, 0xff,
    0xd0, 0x58, 0x30, 0xff, 0xd0, 0x5c, 0x30, 0xff, 0xd8, 0x5c, 0x30, 0xff,
    0xe0, 0x68, 0x38, 0xff, 0xe8, 0x6c, 0x40, 0xff, 0xf0, 0x70, 0x40, 0xff,
    0xf0, 0x6c, 0x40, 0xff, 0xe8, 0x6c, 0x40, 0xff, 0xe8, 0x6c, 0x40, 0xff,
    0xe8, 0x6c, 0x40, 0xff, 0xe8, 0x6c, 0x40, 0xff, 0xe8, 0x6c, 0x40, 0xff,
    0xe8, 0x6c, 0x40, 0xff, 0xe8, 0x6c, 0x40, 0xff, 0xe8, 0x6c, 0x40, 0xff,
    0xe0, 0x6c, 0x40, 0xff, 0xe0, 0x6c, 0x40, 0xff, 0xe0, 0x68, 0x40, 0xff,
    0xe0, 0x68, 0x40, 0xff, 0xe0, 0x68, 0x40, 0xff, 0xe0, 0x68, 0x40, 0xff,
    0xd8, 0x6c, 0x40, 0xff, 0xd8, 0x68, 0x40, 0xff, 0xd8, 0x68, 0x40, 0xff,
    0xd8, 0x68, 0x40, 0xff, 0xd0, 0x68, 0x40, 0xff, 0xd0, 0x64, 0x40, 0xff,
    0xd0, 0x64, 0x40, 0xff, 0xd0, 0x64, 0x40, 0xff, 0xc8, 0x64, 0x40, 0xff,
    0xc8, 0x64, 0x40, 0xff, 0xc8, 0x64, 0x40, 0xff, 0xc8, 0x64, 0x40, 0xff,
    0xc8, 0x60, 0x40, 0xff, 0xc0, 0x60, 0x40, 0xff, 0xc0, 0x60, 0x40, 0xff,
    0xc0, 0x60, 0x40, 0xff, 0xc0, 0x60, 0x40, 0xff, 0xc0, 0x60, 0x40, 0xff,
    0xc8, 0x64, 0x40, 0xff, 0xc0, 0x60, 0x40, 0xff, 0xb0, 0x54, 0x38, 0xff,
    0x90, 0x3c, 0x20, 0xff, 0x38, 0x14, 0x08, 0xff, 0xa0, 0x4c, 0x30, 0xff,
    0xc0, 0x64, 0x48, 0xff, 0xb0, 0x58, 0x40, 0xff, 0xa0, 0x4c, 0x28, 0xff,
    0xa0, 0x48, 0x28, 0xff, 0x98, 0x4c, 0x30, 0xff, 0x98, 0x48, 0x28, 0xff,
    0xa0, 0x48, 0x28, 0xff, 0x98, 0x48, 0x28, 0xff, 0x98, 0x48, 0x28, 0xff,
    0x98, 0x48, 0x28, 0xff, 0x98, 0x44, 0x28, 0xff, 0x98, 0x44, 0x28, 0xff,
    0x98, 0x44, 0x28, 0xff, 0x98, 0x44, 0x28, 0xff, 0x98, 0x44, 0x28, 0xff,
    0x98, 0x48, 0x28, 0xff, 0x98, 0x48, 0x28, 0xff, 0x98, 0x44, 0x28, 0xff,
    0x98, 0x44, 0x28, 0xff, 0x98, 0x44, 0x28, 0xff, 0x98, 0x44, 0x28, 0xff,
    0x90, 0x44, 0x28, 0xff, 0x90, 0x44, 0x28, 0xff, 0x90, 0x40, 0x28, 0xff,
    0x90, 0x44, 0x28, 0xff, 0x90, 0x44, 0x28, 0xff, 0x90, 0x40, 0x28, 0xff,
    0x90, 0x40, 0x20, 0xff, 0x88, 0x40, 0x28, 0xff, 0x88, 0x3c, 0x28, 0xff,
    0x88, 0x40, 0x20, 0xff, 0x88, 0x3c, 0x20, 0xff, 0x88, 0x3c, 0x20, 0xff,
    0x80, 0x3c, 0x20, 0xff, 0x80, 0x3c, 0x20, 0xff, 0x80, 0x38, 0x20, 0xff,
    0x78, 0x38, 0x20, 0xff, 0x78, 0x38, 0x20, 0xff, 0x78, 0x38, 0x20, 0xff,
    0x70, 0x34, 0x20, 0xff, 0x50, 0x24, 0x10, 0xff, 0x60, 0x2c, 0x18, 0xff,
    0x90, 0x40, 0x20, 0xff, 0x98, 0x40, 0x28, 0xff, 0x98, 0x44, 0x28, 0xff,
    0xa0, 0x44, 0x28, 0xff, 0xa0, 0x48, 0x28, 0xff, 0xa0, 0x48, 0x28, 0xff,
    0xa8, 0x4c, 0x28, 0xff, 0xb0, 0x48, 0x28, 0xff, 0xb0, 0x4c, 0x28, 0xff,
    0xb0, 0x4c, 0x28, 0xff, 0xb8, 0x4c, 0x30, 0xff, 0xb8, 0x50, 0x28, 0xff,
    0xb8, 0x50, 0x28, 0xff, 0xb8, 0x50, 0x28, 0xff, 0xc0, 0x50, 0x28, 0xff,
    0xc0, 0x50, 0x28, 0xff, 0xc0, 0x50, 0x28, 0xff, 0xc0, 0x50, 0x28, 0xff,
    0xc0, 0x50, 0x28, 0xff, 0xc8, 0x50, 0x28, 0xff, 0xc8, 0x50, 0x28, 0xff,
    0xc0, 0x50, 0x28, 0xff, 0xc0, 0x4c, 0x28, 0xff, 0xc0, 0x4c, 0x20, 0xff,
    0xc0, 0x4c, 0x28, 0xff, 0xc0, 0x48, 0x20, 0xff, 0xc0, 0x4c, 0x28, 0xff,
    0xc8, 0x50, 0x28, 0xff, 0xc8, 0x50, 0x28, 0xff, 0xc0, 0x54, 0x28, 0xff,
    0xc0, 0x50, 0x28, 0xff, 0xc8, 0x50, 0x28, 0xff, 0xc8, 0x50, 0x28, 0xff,
    0xc8, 0x54, 0x28, 0xff, 0xb8, 0x44, 0x20, 0xff, 0xa0, 0x3c, 0x18, 0xff,
    0xb0, 0x44, 0x20, 0xff, 0xb0, 0x44, 0x20, 0xff, 0xb0, 0x44, 0x20, 0xff,
    0xb0, 0x48, 0x20, 0xff, 0xb0, 0x44, 0x20, 0xff, 0xb0, 0x44, 0x20, 0xff,
    0xb0, 0x44, 0x20, 0xff, 0xb0, 0x44, 0x20, 0xff, 0xb0, 0x44, 0x20, 0xff,
    0xb0, 0x44, 0x20, 0xff, 0xa8, 0x44, 0x20, 0xff, 0xa8, 0x40, 0x20, 0xff,
    0xa8, 0x40, 0x20, 0xff, 0xa0, 0x40, 0x20, 0xff, 0xa0, 0x40, 0x20, 0xff,
    0x80, 0x34, 0x18, 0xff, 0x90, 0x38, 0x18, 0xff, 0xd0, 0x58, 0x30, 0xff,
    0xd0, 0x54, 0x28, 0xff, 0xc8, 0x58, 0x28, 0xff, 0xc8, 0x50, 0x28, 0xff,
    0xc8, 0x50, 0x28, 0xff, 0xc8, 0x54, 0x28, 0xff, 0xc8, 0x54, 0x28, 0xff,
    0xd0, 0x58, 0x28, 0xff, 0xd0, 0x58, 0x30, 0xff, 0xd0, 0x58, 0x30, 0xff,
    0xd0, 0x58, 0x30, 0xff, 0xd0, 0x58, 0x30, 0xff, 0xd0, 0x58, 0x30, 0xff,
    0xd8, 0x5c, 0x30, 0xff, 0xd8, 0x5c, 0x30, 0xff, 0xd0, 0x5c, 0x30, 0xff,
    0xd8, 0x5c, 0x30, 0xff, 0xd8, 0x60, 0x30, 0xff, 0xd8, 0x5c, 0x30, 0xff,
    0xd8, 0x5c, 0x30, 0xff, 0xd8, 0x60, 0x30, 0xff, 0xd8, 0x5c, 0x30, 0xff,
    0xd8, 0x5c, 0x30, 0xff, 0xd8, 0x60, 0x30, 0xff, 0xd8, 0x5c, 0x30, 0xff,
    0xd8, 0x5c, 0x30, 0xff, 0xd8, 0x60, 0x30, 0xff, 0xd8, 0x5c, 0x30, 0xff,
    0xd8, 0x5c, 0x30, 0xff, 0xd8, 0x5c, 0x30, 0xff, 0xd8, 0x60, 0x30, 0xff,
    0xd8, 0x5c, 0x30, 0xff, 0xd8, 0x5c, 0x30, 0xff, 0xd8, 0x5c, 0x30, 0xff,
    0xd8, 0x5c, 0x30, 0xff, 0xd8, 0x5c, 0x30, 0xff, 0xd8, 0x5c, 0x30, 0xff,
    0xd8, 0x5c, 0x30, 0xff, 0xd8, 0x5c, 0x30, 0xff, 0xd8, 0x5c, 0x30, 0xff,
    0xd8, 0x60, 0x30, 0xff, 0xd8, 0x5c, 0x30, 0xff, 0xd8, 0x5c, 0x30, 0xff,
    0xd8, 0x5c, 0x30, 0xff, 0xd8, 0x5c, 0x30, 0xff, 0xd8, 0x5c, 0x30, 0xff,
    0xd8, 0x5c, 0x30, 0xff, 0xd8, 0x5c, 0x30, 0xff, 0xd8, 0x60, 0x30, 0xff,
    0xd8, 0x5c, 0x30, 0xff, 0xd8, 0x60, 0x30, 0xff, 0xd8, 0x5c, 0x30, 0xff,
    0xd8, 0x5c, 0x30, 0xff, 0xd8, 0x60, 0x30, 0xff, 0xd8, 0x60, 0x30, 0xff,
    0xd8, 0x5c, 0x30, 0xff, 0xd8, 0x60, 0x30, 0xff, 0xd8, 0x5c, 0x30, 0xff,
    0xd8, 0x5c, 0x30, 0xff, 0xd8, 0x5c, 0x30, 0xff, 0xd8, 0x60, 0x30, 0xff,
    0xd8, 0x5c, 0x30, 0xff, 0xd8, 0x5c, 0x30, 0xff, 0xd8, 0x5c, 0x30, 0xff,
    0xd8, 0x60, 0x30, 0xff, 0xd8, 0x5c, 0x30, 0xff, 0xd8, 0x5c, 0x30, 0xff,
    0xd8, 0x5c, 0x30, 0xff, 0xd8, 0x5c, 0x30, 0xff, 0xd8, 0x5c, 0x30, 0xff,
    0xd8, 0x64, 0x30, 0xff, 0xe8, 0x64, 0x38, 0xff, 0xf0, 0x6c, 0x38, 0xff,
    0xf0, 0x70, 0x40, 0xff, 0xf0, 0x6c, 0x38, 0xff, 0xe8, 0x68, 0x38, 0xff,
    0xe8, 0x68, 0x38, 0xff, 0xe8, 0x68, 0x38, 0xff, 0xe8, 0x68, 0x38, 0xff,
    0xe0, 0x68, 0x38, 0xff, 0xe0, 0x68, 0x38, 0xff, 0xe8, 0x68, 0x38, 0xff,
    0xe0, 0x68, 0x38, 0xff, 0xe0, 0x68, 0x38, 0xff, 0xe0, 0x68, 0x38, 0xff,
    0xe0, 0x68, 0x38, 0xff, 0xe0, 0x68, 0x38, 0xff, 0xe0, 0x68, 0x38, 0xff,
    0xd8, 0x64, 0x38, 0xff, 0xd8, 0x68, 0x38, 0xff, 0xd8, 0x68, 0x38, 0xff,
    0xd8, 0x64, 0x38, 0xff, 0xd8, 0x64, 0x38, 0xff, 0xd0, 0x64, 0x38, 0xff,
    0xd0, 0x64, 0x38, 0xff, 0xd0, 0x60, 0x38, 0xff, 0xd0, 0x64, 0x38, 0xff,
    0xd0, 0x60, 0x38, 0xff, 0xc8, 0x60, 0x38, 0xff, 0xc8, 0x68, 0x40, 0xef,
    0xc8, 0x68, 0x40, 0xef, 0xc8, 0x64, 0x40, 0xef, 0xc0, 0x64, 0x40, 0xef,
    0xc0, 0x64, 0x40, 0xef, 0xc0, 0x64, 0x40, 0xef, 0xc0, 0x64, 0x40, 0xef,
    0xc0, 0x64, 0x40, 0xef, 0xb8, 0x60, 0x40, 0xef, 0xc0, 0x64, 0x48, 0xef,
    0xc0, 0x68, 0x48, 0xef, 0xa8, 0x58, 0x38, 0xef, 0x98, 0x4c, 0x30, 0xef,
    0x88, 0x40, 0x28, 0xef, 0x78, 0x38, 0x20, 0xef, 0x98, 0x48, 0x28, 0xef,
    0xb0, 0x60, 0x40, 0xef, 0xb0, 0x64, 0x48, 0xef, 0xa8, 0x5c, 0x40, 0xef,
    0xa0, 0x50, 0x30, 0xef, 0xa0, 0x54, 0x38, 0xef, 0xa0, 0x50, 0x38, 0xef,
    0xa0, 0x54, 0x30, 0xef, 0xa0, 0x50, 0x38, 0xef, 0xa0, 0x50, 0x38, 0xef,
    0xa0, 0x54, 0x38, 0xef, 0xa0, 0x50, 0x38, 0xef, 0xa0, 0x50, 0x30, 0xef,
    0xa0, 0x50, 0x30, 0xef, 0xa0, 0x50, 0x30, 0xef, 0xa0, 0x50, 0x30, 0xef,
    0xa0, 0x50, 0x30, 0xef, 0xa0, 0x50, 0x30, 0xef, 0xa0, 0x50, 0x30, 0xef,
    0x98, 0x50, 0x30, 0xef, 0x98, 0x50, 0x30, 0xef, 0x98, 0x4c, 0x30, 0xef,
    0x98, 0x4c, 0x30, 0xef, 0x98, 0x4c, 0x30, 0xef, 0x98, 0x4c, 0x30, 0xef,
    0x98, 0x4c, 0x30, 0xef, 0x98, 0x4c, 0x30, 0xef, 0x98, 0x4c, 0x30, 0xef,
    0x90, 0x4c, 0x30, 0xef, 0x90, 0x4c, 0x30, 0xef, 0x90, 0x48, 0x30, 0xef,
    0x90, 0x4c, 0x30, 0xef, 0x90, 0x4c, 0x30, 0xef, 0x90, 0x4c, 0x30, 0xef,
    0x90, 0x48, 0x30, 0xef, 0x90, 0x48, 0x30, 0xef, 0x90, 0x4c, 0x30, 0xef,
    0x88, 0x48, 0x30, 0xef, 0x88, 0x48, 0x30, 0xef, 0x88, 0x48, 0x30, 0xef,
    0x88, 0x48, 0x30, 0xef, 0x88, 0x48, 0x30, 0xef, 0x58, 0x28, 0x18, 0xef,
    0x60, 0x30, 0x20, 0xef, 0x90, 0x40, 0x20, 0xff, 0x90, 0x40, 0x28, 0xff,
    0x98, 0x44, 0x28, 0xff, 0xa0, 0x44, 0x28, 0xff, 0xa0, 0x48, 0x28, 0xff,
    0xa8, 0x48, 0x28, 0xff, 0xa8, 0x48, 0x28, 0xff, 0xa8, 0x4c, 0x28, 0xff,
    0xb0, 0x4c, 0x28, 0xff, 0xb0, 0x4c, 0x28, 0xff, 0xb0, 0x4c, 0x28, 0xff,
    0xb8, 0x50, 0x28, 0xff, 0xb8, 0x4c, 0x28, 0xff, 0xb8, 0x4c, 0x30, 0xff,
    0xc0, 0x50, 0x28, 0xff, 0xc0, 0x50, 0x28, 0xff, 0xc0, 0x50, 0x28, 0xff,
    0xc0, 0x50, 0x28, 0xff, 0xc0, 0x50, 0x28, 0xff, 0xc0, 0x50, 0x28, 0xff,
    0xc0, 0x50, 0x28, 0xff, 0xc0, 0x50, 0x28, 0xff, 0xc0, 0x50, 0x20, 0xff,
    0xc0, 0x4c, 0x28, 0xff, 0xc0, 0x4c, 0x20, 0xff, 0xb8, 0x4c, 0x20, 0xff,
    0xc0, 0x4c, 0x28, 0xff, 0xc0, 0x50, 0x28, 0xff, 0xc8, 0x50, 0x28, 0xff,
    0xc8, 0x50, 0x28, 0xff, 0xc0, 0x54, 0x28, 0xff, 0xc8, 0x50, 0x28, 0xff,
    0xc0, 0x50, 0x28, 0xff, 0xc8, 0x54, 0x28, 0xff, 0xc8, 0x58, 0x30, 0xff,
    0xc8, 0x58, 0x28, 0xff, 0xc8, 0x54, 0x28, 0xff, 0xc8, 0x54, 0x28, 0xff,
    0xc8, 0x54, 0x28, 0xff, 0xc8, 0x54, 0x28, 0xff, 0xc8, 0x54, 0x28, 0xff,
    0xc8, 0x54, 0x28, 0xff, 0xc8, 0x54, 0x28, 0xff, 0xc8, 0x54, 0x28, 0xff,
    0xc8, 0x54, 0x28, 0xff, 0xc8, 0x54, 0x28, 0xff, 0xc8, 0x54, 0x28, 0xff,
    0xc8, 0x54, 0x28, 0xff, 0xc8, 0x54, 0x28, 0xff, 0xc8, 0x54, 0x28, 0xff,
    0xc8, 0x54, 0x28, 0xff, 0xc8, 0x54, 0x28, 0xff, 0xc8, 0x54, 0x28, 0xff,
    0xd0, 0x58, 0x30, 0xff, 0xc8, 0x54, 0x28, 0xff, 0xc8, 0x54, 0x30, 0xff,
    0xc8, 0x54, 0x28, 0xff, 0xc8, 0x54, 0x28, 0xff, 0xd0, 0x58, 0x30, 0xff,
    0xc8, 0x54, 0x30, 0xff, 0xd0, 0x54, 0x28, 0xff, 0xd0, 0x58, 0x30, 0xff,
    0xd0, 0x58, 0x30, 0xff, 0xd0, 0x58, 0x30, 0xff, 0xd0, 0x58, 0x30, 0xff,
    0xd8, 0x5c, 0x30, 0xff, 0xd8, 0x5c, 0x30, 0xff, 0xd0, 0x5c, 0x30, 0xff,
    0xd8, 0x5c, 0x30, 0xff, 0xd8, 0x60, 0x30, 0xff, 0xd8, 0x5c, 0x30, 0xff,
    0xd0, 0x60, 0x30, 0xff, 0xd8, 0x5c, 0x30, 0xff, 0xd8, 0x5c, 0x30, 0xff,
    0xd8, 0x5c, 0x30, 0xff, 0xd8, 0x5c, 0x30, 0xff, 0xd8, 0x5c, 0x30, 0xff,
    0xd8, 0x5c, 0x30, 0xff, 0xd8, 0x60, 0x30, 0xff, 0xd8, 0x60, 0x30, 0xff,
    0xd8, 0x60, 0x30, 0xff, 0xd8, 0x60, 0x30, 0xff, 0xd8, 0x60, 0x30, 0xff,
    0xd8, 0x5c, 0x30, 0xff, 0xd8, 0x60, 0x30, 0xff, 0xd8, 0x60, 0x30, 0xff,
    0xd8, 0x60, 0x30, 0xff, 0xd8, 0x60, 0x30, 0xff, 0xd8, 0x60, 0x30, 0xff,
    0xd8, 0x60, 0x30, 0xff, 0xd8, 0x60, 0x30, 0xff, 0xd8, 0x60, 0x30, 0xff,
    0xd8, 0x60, 0x30, 0xff, 0xd8, 0x60, 0x30, 0xff, 0xd8, 0x60, 0x30, 0xff,
    0xd8, 0x60, 0x30, 0xff, 0xd8, 0x60, 0x30, 0xff, 0xd8, 0x60, 0x30, 0xff,
    0xd8, 0x60, 0x30, 0xff, 0xd8, 0x60, 0x30, 0xff, 0xd8, 0x60, 0x30, 0xff,
    0xd8, 0x60, 0x30, 0xff, 0xd8, 0x60, 0x30, 0xff, 0xd8, 0x60, 0x30, 0xff,
    0xd8, 0x60, 0x30, 0xff, 0xd8, 0x60, 0x30, 0xff, 0xd8, 0x60, 0x30, 0xff,
    0xd8, 0x5c, 0x30, 0xff, 0xd8, 0x60, 0x30, 0xff, 0xd8, 0x60, 0x30, 0xff,
    0xd8, 0x60, 0x30, 0xff, 0xd0, 0x60, 0x30, 0xff, 0xd0, 0x5c, 0x30, 0xff,
    0xd8, 0x5c, 0x30, 0xff, 0xd0, 0x5c, 0x30, 0xff, 0xd0, 0x5c, 0x30, 0xff,
    0xd8, 0x60, 0x30, 0xff, 0xd8, 0x5c, 0x30, 0xff, 0xd8, 0x5c, 0x30, 0xff,
    0xd8, 0x60, 0x30, 0xff, 0xd0, 0x5c, 0x30, 0xff, 0xd0, 0x5c, 0x30, 0xff,
    0xf0, 0x70, 0x40, 0xff, 0xf0, 0x70, 0x40, 0xff, 0xf0, 0x70, 0x40, 0xff,
    0xf0, 0x70, 0x40, 0xff, 0xf0, 0x70, 0x40, 0xff, 0xf0, 0x70, 0x40, 0xff,
    0xf0, 0x70, 0x40, 0xff, 0xf0, 0x70, 0x40, 0xff, 0xf0, 0x74, 0x40, 0xff,
    0xf0, 0x70, 0x40, 0xff, 0xf0, 0x70, 0x40, 0xff, 0xf0, 0x70, 0x40, 0xff,
    0xf0, 0x70, 0x40, 0xff, 0xe8, 0x70, 0x40, 0xff, 0xe8, 0x70, 0x40, 0xff,
    0xe8, 0x70, 0x40, 0xff, 0xe8, 0x6c, 0x40, 0xff, 0xe8, 0x6c, 0x40, 0xff,
    0xe0, 0x6c, 0x40, 0xff, 0xe0, 0x6c, 0x40, 0xff, 0xe0, 0x6c, 0x40, 0xff,
    0xe0, 0x6c, 0x40, 0xff, 0xe0, 0x6c, 0x40, 0xff, 0xe0, 0x6c, 0x40, 0xff,
    0xe0, 0x68, 0x40, 0xff, 0xd8, 0x68, 0x40, 0xff, 0xd8, 0x68, 0x40, 0xff,
    0xd8, 0x68, 0x40, 0xff, 0xd0, 0x68, 0x40, 0xff, 0xd0, 0x68, 0x40, 0xff,
    0x00, 0x00, 0x00, 0x00, 0x00, 0x00, 0x00, 0x00, 0x00, 0x00, 0x00, 0x00,
    0x00, 0x00, 0x00, 0x00, 0x00, 0x00, 0x00, 0x00, 0x00, 0x00, 0x00, 0x00,
    0x00, 0x00, 0x00, 0x00, 0x00, 0x00, 0x00, 0x00, 0x00, 0x00, 0x00, 0x00,
    0x00, 0x00, 0x00, 0x00, 0x00, 0x00, 0x00, 0x00, 0x00, 0x00, 0x00, 0x00,
    0x00, 0x00, 0x00, 0x00, 0x00, 0x00, 0x00, 0x00, 0x00, 0x00, 0x00, 0x00,
    0x00, 0x00, 0x00, 0x00, 0x00, 0x00, 0x00, 0x00, 0x00, 0x00, 0x00, 0x00,
    0x00, 0x00, 0x00, 0x00, 0x00, 0x00, 0x00, 0x00, 0x00, 0x00, 0x00, 0x00,
    0x00, 0x00, 0x00, 0x00, 0x00, 0x00, 0x00, 0x00, 0x00, 0x00, 0x00, 0x00,
    0x00, 0x00, 0x00, 0x00, 0x00, 0x00, 0x00, 0x00, 0x00, 0x00, 0x00, 0x00,
    0x00, 0x00, 0x00, 0x00, 0x00, 0x00, 0x00, 0x00, 0x00, 0x00, 0x00, 0x00,
    0x00, 0x00, 0x00, 0x00, 0x00, 0x00, 0x00, 0x00, 0x00, 0x00, 0x00, 0x00,
    0x00, 0x00, 0x00, 0x00, 0x00, 0x00, 0x00, 0x00, 0x00, 0x00, 0x00, 0x00,
    0x00, 0x00, 0x00, 0x00, 0x00, 0x00, 0x00, 0x00, 0x00, 0x00, 0x00, 0x00,
    0x00, 0x00, 0x00, 0x00, 0x00, 0x00, 0x00, 0x00, 0x00, 0x00, 0x00, 0x00,
    0x00, 0x00, 0x00, 0x00, 0x00, 0x00, 0x00, 0x00, 0x00, 0x00, 0x00, 0x00,
    0x00, 0x00, 0x00, 0x00, 0x00, 0x00, 0x00, 0x00, 0x00, 0x00, 0x00, 0x00,
    0x00, 0x00, 0x00, 0x00, 0x00, 0x00, 0x00, 0x00, 0x00, 0x00, 0x00, 0x00,
    0x00, 0x00, 0x00, 0x00, 0x00, 0x00, 0x00, 0x00, 0x00, 0x00, 0x00, 0x00,
    0x00, 0x00, 0x00, 0x00, 0x00, 0x00, 0x00, 0x00, 0x00, 0x00, 0x00, 0x00,
    0x00, 0x00, 0x00, 0x00, 0x00, 0x00, 0x00, 0x00, 0x90, 0x40, 0x20, 0xff,
    0x90, 0x40, 0x28, 0xff, 0x98, 0x44, 0x28, 0xff, 0xa0, 0x48, 0x28, 0xff,
    0xa0, 0x48, 0x28, 0xff, 0xa0, 0x48, 0x28, 0xff, 0xa8, 0x48, 0x28, 0xff,
    0xb0, 0x4c, 0x28, 0xff, 0xb0, 0x4c, 0x28, 0xff, 0xb0, 0x4c, 0x28, 0xff,
    0xb0, 0x4c, 0x28, 0xff, 0xb8, 0x50, 0x28, 0xff, 0xb8, 0x4c, 0x28, 0xff,
    0xb8, 0x50, 0x28, 0xff, 0xc0, 0x50, 0x28, 0xff, 0xc0, 0x50, 0x30, 0xff,
    0xb8, 0x50, 0x28, 0xff, 0xc0, 0x50, 0x28, 0xff, 0xc0, 0x50, 0x28, 0xff,
    0xc0, 0x50, 0x28, 0xff, 0xc0, 0x50, 0x28, 0xff, 0xc8, 0x50, 0x28, 0xff,
    0xc0, 0x4c, 0x28, 0xff, 0xc0, 0x4c, 0x20, 0xff, 0xc0, 0x4c, 0x20, 0xff,
    0xb8, 0x4c, 0x20, 0xff, 0xc0, 0x4c, 0x28, 0xff, 0xc8, 0x50, 0x28, 0xff,
    0xc0, 0x50, 0x28, 0xff, 0xc0, 0x50, 0x28, 0xff, 0xc8, 0x50, 0x28, 0xff,
    0xc8, 0x54, 0x28, 0xff, 0xc8, 0x50, 0x28, 0xff, 0xc0, 0x50, 0x28, 0xff,
    0xc8, 0x50, 0x28, 0xff, 0xc8, 0x50, 0x28, 0xff, 0xc8, 0x54, 0x28, 0xff,
    0xc8, 0x54, 0x28, 0xff, 0xc8, 0x54, 0x28, 0xff, 0xc8, 0x50, 0x28, 0xff,
    0xc8, 0x54, 0x28, 0xff, 0xc8, 0x54, 0x28, 0xff, 0xc8, 0x54, 0x28, 0xff,
    0xc8, 0x54, 0x28, 0xff, 0xc8, 0x54, 0x28, 0xff, 0xc8, 0x54, 0x28, 0xff,
    0xc8, 0x54, 0x28, 0xff, 0xc8, 0x54, 0x28, 0xff, 0xc8, 0x54, 0x30, 0xff,
    0xc8, 0x54, 0x28, 0xff, 0xc8, 0x54, 0x28, 0xff, 0xd0, 0x54, 0x30, 0xff,
    0xc8, 0x58, 0x30, 0xff, 0xc8, 0x54, 0x28, 0xff, 0xc8, 0x54, 0x28, 0xff,
    0xc8, 0x54, 0x28, 0xff, 0xd0, 0x58, 0x30, 0xff, 0xc8, 0x54, 0x30, 0xff,
    0xc8, 0x54, 0x28, 0xff, 0xc8, 0x54, 0x28, 0xff, 0xc8, 0x54, 0x28, 0xff,
    0xd0, 0x54, 0x28, 0xff, 0xd0, 0x54, 0x30, 0xff, 0xd0, 0x58, 0x30, 0xff,
    0xd0, 0x5c, 0x30, 0xff, 0xd0, 0x5c, 0x30, 0xff, 0xd0, 0x5c, 0x30, 0xff,
    0xd8, 0x60, 0x30, 0xff, 0xd8, 0x60, 0x30, 0xff, 0xd8, 0x60, 0x30, 0xff,
    0xd8, 0x5c, 0x30, 0xff, 0xd8, 0x60, 0x30, 0xff, 0xd8, 0x60, 0x30, 0xff,
    0xd8, 0x60, 0x30, 0xff, 0xd0, 0x60, 0x30, 0xff, 0xd8, 0x60, 0x30, 0xff,
    0xd8, 0x60, 0x30, 0xff, 0xd0, 0x60, 0x30, 0xff, 0xd8, 0x60, 0x30, 0xff,
    0xd8, 0x60, 0x30, 0xff, 0xd8, 0x60, 0x30, 0xff, 0xd8, 0x60, 0x30, 0xff,
    0xd8, 0x60, 0x30, 0xff, 0xd8, 0x60, 0x30, 0xff, 0xd8, 0x60, 0x30, 0xff,
    0xd8, 0x60, 0x30, 0xff, 0xd8, 0x60, 0x30, 0xff, 0xd8, 0x60, 0x30, 0xff,
    0xd8, 0x60, 0x30, 0xff, 0xd8, 0x60, 0x30, 0xff, 0xd8, 0x60, 0x30, 0xff,
    0xd8, 0x60, 0x30, 0xff, 0xd8, 0x60, 0x30, 0xff, 0xd8, 0x5c, 0x30, 0xff,
    0xd8, 0x60, 0x30, 0xff, 0xd8, 0x60, 0x30, 0xff, 0xd8, 0x60, 0x30, 0xff,
    0xd8, 0x60, 0x30, 0xff, 0xd8, 0x60, 0x30, 0xff, 0xd8, 0x60, 0x30, 0xff,
    0xd8, 0x60, 0x38, 0xff, 0xd8, 0x5c, 0x30, 0xff, 0xd8, 0x60, 0x30, 0xff,
    0xd8, 0x60, 0x30, 0xff, 0xd8, 0x5c, 0x38, 0xff, 0xd8, 0x5c, 0x30, 0xff,
    0xd8, 0x5c, 0x30, 0xff, 0xd8, 0x60, 0x38, 0xff, 0xd8, 0x5c, 0x30, 0xff,
    0xd0, 0x5c, 0x30, 0xff, 0xd8, 0x60, 0x30, 0xff, 0xd8, 0x5c, 0x38, 0xff,
    0xd8, 0x60, 0x30, 0xff, 0xd8, 0x60, 0x30, 0xff, 0xd8, 0x5c, 0x38, 0xff,
    0xd0, 0x60, 0x30, 0xff, 0xd8, 0x5c, 0x30, 0xff, 0xd0, 0x5c, 0x30, 0xff,
    0xd0, 0x5c, 0x30, 0xff, 0xd0, 0x60, 0x30, 0xff, 0xd0, 0x5c, 0x30, 0xff,
    0xd8, 0x60, 0x30, 0xff, 0xe0, 0x68, 0x38, 0xff, 0xe0, 0x64, 0x38, 0xff,
    0xe0, 0x64, 0x38, 0xff, 0xe0, 0x64, 0x38, 0xff, 0xd8, 0x64, 0x38, 0xff,
    0xd8, 0x64, 0x38, 0xff, 0xe0, 0x64, 0x38, 0xff, 0xd8, 0x64, 0x38, 0xff,
    0xd8, 0x64, 0x38, 0xff, 0xe0, 0x64, 0x38, 0xff, 0xd8, 0x64, 0x38, 0xff,
    0xd8, 0x64, 0x38, 0xff, 0xd8, 0x64, 0x38, 0xff, 0xd8, 0x64, 0x38, 0xff,
    0xd8, 0x64, 0x38, 0xff, 0xd8, 0x64, 0x38, 0xff, 0xd8, 0x60, 0x38, 0xff,
    0xd0, 0x60, 0x38, 0xff, 0xd0, 0x60, 0x38, 0xff, 0xd0, 0x60, 0x38, 0xff,
    0xd0, 0x60, 0x38, 0xff, 0xd0, 0x60, 0x38, 0xff, 0xc8, 0x60, 0x38, 0xff,
    0xc8, 0x5c, 0x38, 0xff, 0xc8, 0x5c, 0x38, 0xff, 0xc8, 0x5c, 0x38, 0xff,
    0xc8, 0x60, 0x38, 0xff, 0xc0, 0x5c, 0x38, 0xff, 0xc0, 0x5c, 0x38, 0xff,
    0xc0, 0x5c, 0x38, 0xff, 0x00, 0x00, 0x00, 0x00, 0x00, 0x00, 0x00, 0x00,
    0x00, 0x00, 0x00, 0x00, 0x00, 0x00, 0x00, 0x00, 0x00, 0x00, 0x00, 0x00,
    0x00, 0x00, 0x00, 0x00, 0x00, 0x00, 0x00, 0x00, 0x00, 0x00, 0x00, 0x00,
    0x00, 0x00, 0x00, 0x00, 0x00, 0x00, 0x00, 0x00, 0x00, 0x00, 0x00, 0x00,
    0x00, 0x00, 0x00, 0x00, 0x00, 0x00, 0x00, 0x00, 0x00, 0x00, 0x00, 0x00,
    0x00, 0x00, 0x00, 0x00, 0x00, 0x00, 0x00, 0x00, 0x00, 0x00, 0x00, 0x00,
    0x00, 0x00, 0x00, 0x00, 0x00, 0x00, 0x00, 0x00, 0x00, 0x00, 0x00, 0x00,
    0x00, 0x00, 0x00, 0x00, 0x00, 0x00, 0x00, 0x00, 0x00, 0x00, 0x00, 0x00,
    0x00, 0x00, 0x00, 0x00, 0x00, 0x00, 0x00, 0x00, 0x00, 0x00, 0x00, 0x00,
    0x00, 0x00, 0x00, 0x00, 0x00, 0x00, 0x00, 0x00, 0x00, 0x00, 0x00, 0x00,
    0x00, 0x00, 0x00, 0x00, 0x00, 0x00, 0x00, 0x00, 0x00, 0x00, 0x00, 0x00,
    0x00, 0x00, 0x00, 0x00, 0x00, 0x00, 0x00, 0x00, 0x00, 0x00, 0x00, 0x00,
    0x00, 0x00, 0x00, 0x00, 0x00, 0x00, 0x00, 0x00, 0x00, 0x00, 0x00, 0x00,
    0x00, 0x00, 0x00, 0x00, 0x00, 0x00, 0x00, 0x00, 0x00, 0x00, 0x00, 0x00,
    0x00, 0x00, 0x00, 0x00, 0x00, 0x00, 0x00, 0x00, 0x00, 0x00, 0x00, 0x00,
    0x00, 0x00, 0x00, 0x00, 0x00, 0x00, 0x00, 0x00, 0x00, 0x00, 0x00, 0x00,
    0x00, 0x00, 0x00, 0x00, 0x00, 0x00, 0x00, 0x00, 0x00, 0x00, 0x00, 0x00,
    0x00, 0x00, 0x00, 0x00, 0x00, 0x00, 0x00, 0x00, 0x00, 0x00, 0x00, 0x00,
    0x00, 0x00, 0x00, 0x00, 0x00, 0x00, 0x00, 0x00, 0x00, 0x00, 0x00, 0x00,
    0x00, 0x00, 0x00, 0x00, 0x00, 0x00, 0x00, 0x00, 0x00, 0x00, 0x00, 0x00,
    0x90, 0x40, 0x20, 0xff, 0x90, 0x40, 0x28, 0xff, 0x98, 0x44, 0x28, 0xff,
    0xa0, 0x44, 0x28, 0xff, 0xa0, 0x48, 0x28, 0xff, 0xa0, 0x48, 0x28, 0xff,
    0xa8, 0x48, 0x28, 0xff, 0xa8, 0x4c, 0x28, 0xff, 0xb0, 0x4c, 0x28, 0xff,
    0xb0, 0x4c, 0x28, 0xff, 0xb8, 0x4c, 0x30, 0xff, 0xb8, 0x4c, 0x28, 0xff,
    0xb8, 0x50, 0x28, 0xff, 0xb8, 0x50, 0x28, 0xff, 0xb8, 0x4c, 0x28, 0xff,
    0xc0, 0x4c, 0x28, 0xff, 0xc0, 0x50, 0x28, 0xff, 0xc0, 0x50, 0x28, 0xff,
    0xc0, 0x50, 0x28, 0xff, 0xc0, 0x50, 0x28, 0xff, 0xc0, 0x50, 0x28, 0xff,
    0xc0, 0x50, 0x28, 0xff, 0xc0, 0x4c, 0x28, 0xff, 0xc0, 0x4c, 0x20, 0xff,
    0xc0, 0x4c, 0x28, 0xff, 0xb8, 0x48, 0x20, 0xff, 0xc0, 0x4c, 0x28, 0xff,
    0xc8, 0x50, 0x28, 0xff, 0xc0, 0x54, 0x28, 0xff, 0xc0, 0x50, 0x28, 0xff,
    0xc0, 0x50, 0x28, 0xff, 0xc0, 0x50, 0x28, 0xff, 0xc8, 0x50, 0x28, 0xff,
    0xc8, 0x50, 0x28, 0xff, 0xc8, 0x50, 0x28, 0xff, 0xc8, 0x50, 0x28, 0xff,
    0xc0, 0x50, 0x28, 0xff, 0xc8, 0x50, 0x28, 0xff, 0xc8, 0x50, 0x28, 0xff,
    0xc0, 0x50, 0x28, 0xff, 0xc8, 0x50, 0x28, 0xff, 0xc8, 0x50, 0x28, 0xff,
    0xc8, 0x50, 0x28, 0xff, 0xc8, 0x50, 0x28, 0xff, 0xc8, 0x50, 0x28, 0xff,
    0xc8, 0x50, 0x28, 0xff, 0xc8, 0x54, 0x28, 0xff, 0xc8, 0x54, 0x28, 0xff,
    0xc8, 0x54, 0x28, 0xff, 0xc8, 0x50, 0x28, 0xff, 0xc8, 0x54, 0x28, 0xff,
    0xc8, 0x54, 0x28, 0xff, 0xc8, 0x54, 0x28, 0xff, 0xc8, 0x54, 0x28, 0xff,
    0xc8, 0x54, 0x28, 0xff, 0xc8, 0x54, 0x28, 0xff, 0xc8, 0x54, 0x28, 0xff,
    0xc8, 0x54, 0x30, 0xff, 0xc8, 0x54, 0x28, 0xff, 0xd0, 0x54, 0x28, 0xff,
    0xc8, 0x58, 0x28, 0xff, 0xd0, 0x58, 0x30, 0xff, 0xd0, 0x54, 0x28, 0xff,
    0xd0, 0x58, 0x30, 0xff, 0xd0, 0x5c, 0x30, 0xff, 0xd8, 0x5c, 0x30, 0xff,
    0xd8, 0x60, 0x30, 0xff, 0xd8, 0x60, 0x30, 0xff, 0xd8, 0x5c, 0x30, 0xff,
    0xd8, 0x60, 0x38, 0xff, 0xd8, 0x60, 0x38, 0xff, 0xd8, 0x60, 0x30, 0xff,
    0xd8, 0x60, 0x38, 0xff, 0xd8, 0x60, 0x38, 0xff, 0xd0, 0x60, 0x30, 0xff,
    0xd8, 0x60, 0x38, 0xff, 0xd8, 0x60, 0x38, 0xff, 0xd8, 0x60, 0x30, 0xff,
    0xd8, 0x60, 0x38, 0xff, 0xd8, 0x5c, 0x38, 0xff, 0xd8, 0x5c, 0x30, 0xff,
    0xd8, 0x60, 0x38, 0xff, 0xd8, 0x60, 0x38, 0xff, 0xd8, 0x5c, 0x30, 0xff,
    0xd8, 0x60, 0x38, 0xff, 0xd8, 0x5c, 0x38, 0xff, 0xd8, 0x5c, 0x38, 0xff,
    0xd8, 0x60, 0x38, 0xff, 0xd8, 0x5c, 0x30, 0xff, 0xd8, 0x5c, 0x38, 0xff,
    0xd8, 0x60, 0x38, 0xff, 0xd8, 0x5c, 0x38, 0xff, 0xd8, 0x60, 0x38, 0xff,
    0xd8, 0x60, 0x30, 0xff, 0xd8, 0x5c, 0x38, 0xff, 0xd8, 0x60, 0x38, 0xff,
    0xd8, 0x5c, 0x30, 0xff, 0xd8, 0x60, 0x38, 0xff, 0xd8, 0x5c, 0x38, 0xff,
    0xd8, 0x5c, 0x38, 0xff, 0xd8, 0x60, 0x30, 0xff, 0xd8, 0x60, 0x38, 0xff,
    0xd8, 0x5c, 0x30, 0xff, 0xd8, 0x60, 0x38, 0xff, 0xd8, 0x60, 0x30, 0xff,
    0xd8, 0x60, 0x30, 0xff, 0xd8, 0x60, 0x38, 0xff, 0xd8, 0x60, 0x30, 0xff,
    0xd8, 0x60, 0x38, 0xff, 0xd8, 0x60, 0x30, 0xff, 0xd8, 0x60, 0x38, 0xff,
    0xd8, 0x60, 0x30, 0xff, 0xd8, 0x60, 0x38, 0xff, 0xd8, 0x60, 0x30, 0xff,
    0xd8, 0x60, 0x38, 0xff, 0xd8, 0x60, 0x30, 0xff, 0xd8, 0x60, 0x38, 0xff,
    0xd8, 0x60, 0x38, 0xff, 0xd8, 0x60, 0x30, 0xff, 0xd8, 0x5c, 0x38, 0xff,
    0xd8, 0x5c, 0x30, 0xff, 0xd8, 0x5c, 0x30, 0xff, 0xd8, 0x64, 0x38, 0xff,
    0xd8, 0x64, 0x38, 0xff, 0xd8, 0x64, 0x38, 0xff, 0xd8, 0x64, 0x30, 0xff,
    0xd8, 0x64, 0x38, 0xff, 0xd8, 0x64, 0x38, 0xff, 0xd8, 0x64, 0x30, 0xff,
    0xd8, 0x60, 0x38, 0xff, 0xd8, 0x60, 0x38, 0xff, 0xd8, 0x60, 0x30, 0xff,
    0xd8, 0x60, 0x38, 0xff, 0xd8, 0x60, 0x38, 0xff, 0xd8, 0x60, 0x30, 0xff,
    0xd8, 0x60, 0x38, 0xff, 0xd0, 0x60, 0x38, 0xff, 0xd0, 0x60, 0x30, 0xff,
    0xd0, 0x60, 0x38, 0xff, 0xd0, 0x60, 0x38, 0xff, 0xd0, 0x60, 0x30, 0xff,
    0xd0, 0x5c, 0x38, 0xff, 0xc8, 0x5c, 0x38, 0xff, 0xc8, 0x5c, 0x30, 0xff,
    0xc8, 0x5c, 0x38, 0xff, 0xc8, 0x5c, 0x38, 0xff, 0xc0, 0x5c, 0x38, 0xff,
    0xc0, 0x5c, 0x30, 0xff, 0xc0, 0x5c, 0x38, 0xff, 0xc0, 0x58, 0x38, 0xff,
    0xb8, 0x58, 0x30, 0xff, 0xb8, 0x58, 0x38, 0xff, 0x00, 0x00, 0x00, 0x00,
    0x00, 0x00, 0x00, 0x00, 0x00, 0x00, 0x00, 0x00, 0x00, 0x00, 0x00, 0x00,
    0x00, 0x00, 0x00, 0x00, 0x00, 0x00, 0x00, 0x00, 0x00, 0x00, 0x00, 0x00,
    0x00, 0x00, 0x00, 0x00, 0x00, 0x00, 0x00, 0x00, 0x00, 0x00, 0x00, 0x00,
    0x00, 0x00, 0x00, 0x00, 0x00, 0x00, 0x00, 0x00, 0x00, 0x00, 0x00, 0x00,
    0x00, 0x00, 0x00, 0x00, 0x00, 0x00, 0x00, 0x00, 0x00, 0x00, 0x00, 0x00,
    0x00, 0x00, 0x00, 0x00, 0x00, 0x00, 0x00, 0x00, 0x00, 0x00, 0x00, 0x00,
    0x00, 0x00, 0x00, 0x00, 0x00, 0x00, 0x00, 0x00, 0x00, 0x00, 0x00, 0x00,
    0x00, 0x00, 0x00, 0x00, 0x00, 0x00, 0x00, 0x00, 0x00, 0x00, 0x00, 0x00,
    0x00, 0x00, 0x00, 0x00, 0x00, 0x00, 0x00, 0x00, 0x00, 0x00, 0x00, 0x00,
    0x00, 0x00, 0x00, 0x00, 0x00, 0x00, 0x00, 0x00, 0x00, 0x00, 0x00, 0x00,
    0x00, 0x00, 0x00, 0x00, 0x00, 0x00, 0x00, 0x00, 0x00, 0x00, 0x00, 0x00,
    0x00, 0x00, 0x00, 0x00, 0x00, 0x00, 0x00, 0x00, 0x00, 0x00, 0x00, 0x00,
    0x00, 0x00, 0x00, 0x00, 0x00, 0x00, 0x00, 0x00, 0x00, 0x00, 0x00, 0x00,
    0x00, 0x00, 0x00, 0x00, 0x00, 0x00, 0x00, 0x00, 0x00, 0x00, 0x00, 0x00,
    0x00, 0x00, 0x00, 0x00, 0x00, 0x00, 0x00, 0x00, 0x00, 0x00, 0x00, 0x00,
    0x00, 0x00, 0x00, 0x00, 0x00, 0x00, 0x00, 0x00, 0x00, 0x00, 0x00, 0x00,
    0x00, 0x00, 0x00, 0x00, 0x00, 0x00, 0x00, 0x00, 0x00, 0x00, 0x00, 0x00,
    0x00, 0x00, 0x00, 0x00, 0x00, 0x00, 0x00, 0x00, 0x00, 0x00, 0x00, 0x00,
    0x00, 0x00, 0x00, 0x00, 0x00, 0x00, 0x00, 0x00, 0x00, 0x00, 0x00, 0x00,
    0x00, 0x00, 0x00, 0x00, 0x90, 0x40, 0x20, 0xff, 0x90, 0x40, 0x28, 0xff,
    0x98, 0x44, 0x28, 0xff, 0xa0, 0x48, 0x28, 0xff, 0xa0, 0x48, 0x28, 0xff,
    0xa8, 0x48, 0x28, 0xff, 0xa8, 0x48, 0x28, 0xff, 0xa8, 0x4c, 0x28, 0xff,
    0xb0, 0x4c, 0x28, 0xff, 0xb0, 0x4c, 0x28, 0xff, 0xb0, 0x4c, 0x28, 0xff,
    0xb8, 0x50, 0x28, 0xff, 0xb8, 0x4c, 0x30, 0xff, 0xb8, 0x50, 0x28, 0xff,
    0xc0, 0x4c, 0x28, 0xff, 0xc0, 0x4c, 0x28, 0xff, 0xc0, 0x50, 0x28, 0xff,
    0xc0, 0x50, 0x28, 0xff, 0xc0, 0x4c, 0x28, 0xff, 0xc0, 0x50, 0x28, 0xff,
    0xc0, 0x50, 0x28, 0xff, 0xc0, 0x50, 0x28, 0xff, 0xc0, 0x4c, 0x20, 0xff,
    0xc0, 0x4c, 0x28, 0xff, 0xc0, 0x4c, 0x20, 0xff, 0xb8, 0x48, 0x20, 0xff,
    0xc0, 0x4c, 0x28, 0xff, 0xc0, 0x50, 0x28, 0xff, 0xc8, 0x50, 0x28, 0xff,
    0xc0, 0x50, 0x28, 0xff, 0xc0, 0x50, 0x28, 0xff, 0xc8, 0x50, 0x28, 0xff,
    0xc0, 0x50, 0x28, 0xff, 0xc0, 0x54, 0x28, 0xff, 0xc0, 0x50, 0x28, 0xff,
    0xc0, 0x50, 0x28, 0xff, 0xc8, 0x50, 0x28, 0xff, 0xc0, 0x50, 0x28, 0xff,
    0xc8, 0x50, 0x28, 0xff, 0xc0, 0x50, 0x28, 0xff, 0xc8, 0x50, 0x28, 0xff,
    0xc0, 0x50, 0x28, 0xff, 0xc8, 0x50, 0x28, 0xff, 0xc8, 0x50, 0x28, 0xff,
    0xc8, 0x50, 0x30, 0xff, 0xc8, 0x50, 0x28, 0xff, 0xc8, 0x50, 0x28, 0xff,
    0xc8, 0x50, 0x28, 0xff, 0xc8, 0x54, 0x28, 0xff, 0xc8, 0x54, 0x28, 0xff,
    0xc8, 0x54, 0x28, 0xff, 0xc8, 0x54, 0x28, 0xff, 0xc8, 0x54, 0x30, 0xff,
    0xc8, 0x54, 0x28, 0xff, 0xc8, 0x54, 0x30, 0xff, 0xc8, 0x54, 0x28, 0xff,
    0xc8, 0x54, 0x28, 0xff, 0xc8, 0x54, 0x28, 0xff, 0xc8, 0x54, 0x30, 0xff,
    0xc8, 0x54, 0x28, 0xff, 0xc8, 0x54, 0x28, 0xff, 0xd0, 0x58, 0x30, 0xff,
    0xd0, 0x58, 0x30, 0xff, 0xd0, 0x58, 0x30, 0xff, 0xd0, 0x5c, 0x30, 0xff,
    0xd0, 0x5c, 0x30, 0xff, 0xd8, 0x60, 0x30, 0xff, 0xd8, 0x60, 0x38, 0xff,
    0xd8, 0x60, 0x38, 0xff, 0xd8, 0x60, 0x30, 0xff, 0xd8, 0x60, 0x30, 0xff,
    0xd8, 0x60, 0x38, 0xff, 0xd8, 0x60, 0x38, 0xff, 0xd8, 0x60, 0x30, 0xff,
    0xd8, 0x60, 0x30, 0xff, 0xd8, 0x60, 0x38, 0xff, 0xd8, 0x60, 0x30, 0xff,
    0xd8, 0x60, 0x30, 0xff, 0xd8, 0x60, 0x38, 0xff, 0xd8, 0x60, 0x30, 0xff,
    0xd8, 0x60, 0x38, 0xff, 0xd8, 0x60, 0x30, 0xff, 0xd8, 0x60, 0x38, 0xff,
    0xd8, 0x60, 0x38, 0xff, 0xd8, 0x60, 0x30, 0xff, 0xd8, 0x60, 0x30, 0xff,
    0xd8, 0x60, 0x38, 0xff, 0xd8, 0x60, 0x30, 0xff, 0xd8, 0x60, 0x38, 0xff,
    0xd8, 0x60, 0x30, 0xff, 0xd8, 0x60, 0x30, 0xff, 0xd8, 0x60, 0x38, 0xff,
    0xd8, 0x60, 0x30, 0xff, 0xd8, 0x60, 0x38, 0xff, 0xd8, 0x60, 0x38, 0xff,
    0xd8, 0x60, 0x30, 0xff, 0xd8, 0x60, 0x38, 0xff, 0xd8, 0x60, 0x30, 0xff,
    0xd8, 0x60, 0x38, 0xff, 0xd8, 0x60, 0x30, 0xff, 0xd8, 0x60, 0x38, 0xff,
    0xd8, 0x60, 0x38, 0xff, 0xd8, 0x60, 0x30, 0xff, 0xd8, 0x60, 0x38, 0xff,
    0xd8, 0x60, 0x38, 0xff, 0xd8, 0x60, 0x38, 0xff, 0xd8, 0x60, 0x30, 0xff,
    0xd8, 0x60, 0x38, 0xff, 0xd8, 0x60, 0x38, 0xff, 0xd8, 0x60, 0x30, 0xff,
    0xd8, 0x60, 0x38, 0xff, 0xd8, 0x60, 0x38, 0xff, 0xd8, 0x60, 0x30, 0xff,
    0xd8, 0x5c, 0x38, 0xff, 0xd8, 0x60, 0x30, 0xff, 0xd8, 0x60, 0x30, 0xff,
    0xd8, 0x60, 0x38, 0xff, 0xd8, 0x60, 0x30, 0xff, 0xd8, 0x60, 0x30, 0xff,
    0xd8, 0x60, 0x38, 0xff, 0xd8, 0x60, 0x30, 0xff, 0xd0, 0x5c, 0x30, 0xff,
    0xe0, 0x64, 0x38, 0xff, 0xe0, 0x68, 0x38, 0xff, 0xe0, 0x64, 0x38, 0xff,
    0xe0, 0x64, 0x38, 0xff, 0xe0, 0x64, 0x38, 0xff, 0xe0, 0x64, 0x38, 0xff,
    0xe0, 0x64, 0x38, 0xff, 0xe0, 0x64, 0x38, 0xff, 0xd8, 0x64, 0x38, 0xff,
    0xd8, 0x64, 0x38, 0xff, 0xd8, 0x64, 0x38, 0xff, 0xd8, 0x60, 0x38, 0xff,
    0xd8, 0x60, 0x38, 0xff, 0xd8, 0x60, 0x38, 0xff, 0xd8, 0x60, 0x38, 0xff,
    0xd8, 0x60, 0x38, 0xff, 0xd8, 0x60, 0x38, 0xff, 0xd0, 0x60, 0x38, 0xff,
    0xd0, 0x60, 0x38, 0xff, 0xd0, 0x60, 0x38, 0xff, 0xd0, 0x60, 0x38, 0xff,
    0xd0, 0x60, 0x38, 0xff, 0xc8, 0x5c, 0x38, 0xff, 0xc8, 0x5c, 0x38, 0xff,
    0xc8, 0x5c, 0x38, 0xff, 0xc0, 0x5c, 0x38, 0xff, 0xc0, 0x5c, 0x38, 0xff,
    0xc0, 0x5c, 0x38, 0xff, 0xc0, 0x58, 0x38, 0xff, 0xb8, 0x58, 0x38, 0xff,
    0x00, 0x00, 0x00, 0x00, 0x00, 0x00, 0x00, 0x00, 0x00, 0x00, 0x00, 0x00,
    0x00, 0x00, 0x00, 0x00, 0x00, 0x00, 0x00, 0x00, 0x00, 0x00, 0x00, 0x00,
    0x00, 0x00, 0x00, 0x00, 0x00, 0x00, 0x00, 0x00, 0x00, 0x00, 0x00, 0x00,
    0x00, 0x00, 0x00, 0x00, 0x00, 0x00, 0x00, 0x00, 0x00, 0x00, 0x00, 0x00,
    0x00, 0x00, 0x00, 0x00, 0x00, 0x00, 0x00, 0x00, 0x00, 0x00, 0x00, 0x00,
    0x00, 0x00, 0x00, 0x00, 0x00, 0x00, 0x00, 0x00, 0x00, 0x00, 0x00, 0x00,
    0x00, 0x00, 0x00, 0x00, 0x00, 0x00, 0x00, 0x00, 0x00, 0x00, 0x00, 0x00,
    0x00, 0x00, 0x00, 0x00, 0x00, 0x00, 0x00, 0x00, 0x00, 0x00, 0x00, 0x00,
    0x00, 0x00, 0x00, 0x00, 0x00, 0x00, 0x00, 0x00, 0x00, 0x00, 0x00, 0x00,
    0x00, 0x00, 0x00, 0x00, 0x00, 0x00, 0x00, 0x00, 0x00, 0x00, 0x00, 0x00,
    0x00, 0x00, 0x00, 0x00, 0x00, 0x00, 0x00, 0x00, 0x00, 0x00, 0x00, 0x00,
    0x00, 0x00, 0x00, 0x00, 0x00, 0x00, 0x00, 0x00, 0x00, 0x00, 0x00, 0x00,
    0x00, 0x00, 0x00, 0x00, 0x00, 0x00, 0x00, 0x00, 0x00, 0x00, 0x00, 0x00,
    0x00, 0x00, 0x00, 0x00, 0x00, 0x00, 0x00, 0x00, 0x00, 0x00, 0x00, 0x00,
    0x00, 0x00, 0x00, 0x00, 0x00, 0x00, 0x00, 0x00, 0x00, 0x00, 0x00, 0x00,
    0x00, 0x00, 0x00, 0x00, 0x00, 0x00, 0x00, 0x00, 0x00, 0x00, 0x00, 0x00,
    0x00, 0x00, 0x00, 0x00, 0x00, 0x00, 0x00, 0x00, 0x00, 0x00, 0x00, 0x00,
    0x00, 0x00, 0x00, 0x00, 0x00, 0x00, 0x00, 0x00, 0x00, 0x00, 0x00, 0x00,
    0x00, 0x00, 0x00, 0x00, 0x00, 0x00, 0x00, 0x00, 0x00, 0x00, 0x00, 0x00,
    0x00, 0x00, 0x00, 0x00, 0x00, 0x00, 0x00, 0x00, 0x90, 0x40, 0x20, 0xff,
    0x98, 0x40, 0x28, 0xff, 0x98, 0x44, 0x28, 0xff, 0xa0, 0x48, 0x28, 0xff,
    0xa0, 0x48, 0x28, 0xff, 0xa0, 0x48, 0x28, 0xff, 0xa8, 0x48, 0x28, 0xff,
    0xb0, 0x4c, 0x28, 0xff, 0xb0, 0x4c, 0x28, 0xff, 0xb0, 0x4c, 0x28, 0xff,
    0xb8, 0x4c, 0x28, 0xff, 0xb8, 0x4c, 0x28, 0xff, 0xb8, 0x4c, 0x28, 0xff,
    0xb8, 0x50, 0x28, 0xff, 0xc0, 0x50, 0x28, 0xff, 0xc0, 0x50, 0x28, 0xff,
    0xb8, 0x50, 0x28, 0xff, 0xc0, 0x50, 0x28, 0xff, 0xc0, 0x50, 0x28, 0xff,
    0xc0, 0x50, 0x28, 0xff, 0xc0, 0x50, 0x28, 0xff, 0xc8, 0x4c, 0x28, 0xff,
    0xc0, 0x4c, 0x20, 0xff, 0xc0, 0x4c, 0x28, 0xff, 0xc0, 0x4c, 0x20, 0xff,
    0xb8, 0x48, 0x20, 0xff, 0xc0, 0x4c, 0x20, 0xff, 0xc0, 0x50, 0x28, 0xff,
    0xc0, 0x50, 0x28, 0xff, 0xc0, 0x50, 0x28, 0xff, 0xc8, 0x50, 0x28, 0xff,
    0xc0, 0x50, 0x28, 0xff, 0xc0, 0x50, 0x28, 0xff, 0xc8, 0x50, 0x28, 0xff,
    0xc8, 0x50, 0x28, 0xff, 0xc0, 0x54, 0x28, 0xff, 0xc8, 0x50, 0x28, 0xff,
    0xc8, 0x54, 0x28, 0xff, 0xc0, 0x50, 0x28, 0xff, 0xc8, 0x50, 0x28, 0xff,
    0xc8, 0x54, 0x28, 0xff, 0xc0, 0x50, 0x28, 0xff, 0xc0, 0x50, 0x28, 0xff,
    0xc8, 0x54, 0x28, 0xff, 0xc8, 0x50, 0x28, 0xff, 0xc0, 0x50, 0x28, 0xff,
    0xc8, 0x50, 0x30, 0xff, 0xc8, 0x50, 0x28, 0xff, 0xc8, 0x50, 0x28, 0xff,
    0xc8, 0x50, 0x30, 0xff, 0xc8, 0x50, 0x28, 0xff, 0xc8, 0x54, 0x28, 0xff,
    0xc8, 0x54, 0x28, 0xff, 0xc8, 0x50, 0x28, 0xff, 0xc8, 0x54, 0x28, 0xff,
    0xc8, 0x54, 0x28, 0xff, 0xc8, 0x54, 0x28, 0xff, 0xc8, 0x54, 0x28, 0xff,
    0xc8, 0x54, 0x28, 0xff, 0xc8, 0x54, 0x30, 0xff, 0xc8, 0x54, 0x28, 0xff,
    0xd0, 0x54, 0x28, 0xff, 0xd0, 0x58, 0x30, 0xff, 0xd0, 0x58, 0x30, 0xff,
    0xd0, 0x5c, 0x30, 0xff, 0xd8, 0x5c, 0x30, 0xff, 0xd8, 0x5c, 0x30, 0xff,
    0xd8, 0x60, 0x38, 0xff, 0xd8, 0x60, 0x30, 0xff, 0xd8, 0x60, 0x38, 0xff,
    0xd8, 0x60, 0x30, 0xff, 0xd8, 0x60, 0x38, 0xff, 0xd8, 0x60, 0x30, 0xff,
    0xd8, 0x60, 0x30, 0xff, 0xd8, 0x60, 0x38, 0xff, 0xd8, 0x60, 0x38, 0xff,
    0xd8, 0x60, 0x30, 0xff, 0xd8, 0x60, 0x38, 0xff, 0xd8, 0x60, 0x30, 0xff,
    0xd8, 0x64, 0x30, 0xff, 0xd8, 0x60, 0x38, 0xff, 0xd8, 0x60, 0x30, 0xff,
    0xd8, 0x60, 0x30, 0xff, 0xd8, 0x64, 0x38, 0xff, 0xd8, 0x60, 0x30, 0xff,
    0xd8, 0x64, 0x30, 0xff, 0xd8, 0x60, 0x38, 0xff, 0xd8, 0x64, 0x30, 0xff,
    0xd8, 0x60, 0x38, 0xff, 0xd8, 0x64, 0x30, 0xff, 0xd8, 0x60, 0x30, 0xff,
    0xd8, 0x60, 0x38, 0xff, 0xd8, 0x60, 0x30, 0xff, 0xd8, 0x64, 0x30, 0xff,
    0xd8, 0x60, 0x30, 0xff, 0xd8, 0x60, 0x38, 0xff, 0xd8, 0x64, 0x30, 0xff,
    0xd8, 0x60, 0x30, 0xff, 0xd8, 0x64, 0x30, 0xff, 0xd8, 0x60, 0x38, 0xff,
    0xd8, 0x60, 0x30, 0xff, 0xd8, 0x60, 0x30, 0xff, 0xd8, 0x60, 0x38, 0xff,
    0xd8, 0x60, 0x30, 0xff, 0xd8, 0x60, 0x30, 0xff, 0xd8, 0x60, 0x38, 0xff,
    0xd8, 0x60, 0x30, 0xff, 0xd8, 0x60, 0x30, 0xff, 0xd8, 0x60, 0x38, 0xff,
    0xd8, 0x60, 0x30, 0xff, 0xd8, 0x60, 0x30, 0xff, 0xd8, 0x60, 0x38, 0xff,
    0xd8, 0x60, 0x30, 0xff, 0xd8, 0x60, 0x38, 0xff, 0xd8, 0x60, 0x38, 0xff,
    0xd8, 0x60, 0x30, 0xff, 0xd8, 0x60, 0x38, 0xff, 0xd8, 0x60, 0x30, 0xff,
    0xd8, 0x5c, 0x38, 0xff, 0xd8, 0x60, 0x30, 0xff, 0xd0, 0x60, 0x30, 0xff,
    0xd8, 0x60, 0x38, 0xff, 0xe0, 0x64, 0x38, 0xff, 0xe0, 0x64, 0x38, 0xff,
    0xe0, 0x64, 0x38, 0xff, 0xe0, 0x64, 0x38, 0xff, 0xd8, 0x64, 0x38, 0xff,
    0xe0, 0x64, 0x38, 0xff, 0xe0, 0x64, 0x38, 0xff, 0xe0, 0x64, 0x38, 0xff,
    0xd8, 0x64, 0x38, 0xff, 0xe0, 0x64, 0x38, 0xff, 0xd8, 0x60, 0x38, 0xff,
    0xd8, 0x64, 0x38, 0xff, 0xd8, 0x64, 0x38, 0xff, 0xd8, 0x64, 0x38, 0xff,
    0xd8, 0x64, 0x38, 0xff, 0xd8, 0x60, 0x38, 0xff, 0xd0, 0x60, 0x38, 0xff,
    0xd0, 0x60, 0x38, 0xff, 0xd0, 0x60, 0x38, 0xff, 0xd0, 0x60, 0x38, 0xff,
    0xc8, 0x60, 0x38, 0xff, 0xc8, 0x5c, 0x38, 0xff, 0xc8, 0x60, 0x38, 0xff,
    0xc8, 0x5c, 0x38, 0xff, 0xc8, 0x5c, 0x38, 0xff, 0xc0, 0x5c, 0x38, 0xff,
    0xc0, 0x5c, 0x38, 0xff, 0xc0, 0x58, 0x38, 0xff, 0xb8, 0x58, 0x38, 0xff,
    0xb8, 0x58, 0x38, 0xff, 0x00, 0x00, 0x00, 0x00, 0x00, 0x00, 0x00, 0x00,
    0x00, 0x00, 0x00, 0x00, 0x00, 0x00, 0x00, 0x00, 0x00, 0x00, 0x00, 0x00,
    0x00, 0x00, 0x00, 0x00, 0x00, 0x00, 0x00, 0x00, 0x00, 0x00, 0x00, 0x00,
    0x00, 0x00, 0x00, 0x00, 0x00, 0x00, 0x00, 0x00, 0x00, 0x00, 0x00, 0x00,
    0x00, 0x00, 0x00, 0x00, 0x00, 0x00, 0x00, 0x00, 0x00, 0x00, 0x00, 0x00,
    0x00, 0x00, 0x00, 0x00, 0x00, 0x00, 0x00, 0x00, 0x00, 0x00, 0x00, 0x00,
    0x00, 0x00, 0x00, 0x00, 0x00, 0x00, 0x00, 0x00, 0x00, 0x00, 0x00, 0x00,
    0x00, 0x00, 0x00, 0x00, 0x00, 0x00, 0x00, 0x00, 0x00, 0x00, 0x00, 0x00,
    0x00, 0x00, 0x00, 0x00, 0x00, 0x00, 0x00, 0x00, 0x00, 0x00, 0x00, 0x00,
    0x00, 0x00, 0x00, 0x00, 0x00, 0x00, 0x00, 0x00, 0x00, 0x00, 0x00, 0x00,
    0x00, 0x00, 0x00, 0x00, 0x00, 0x00, 0x00, 0x00, 0x00, 0x00, 0x00, 0x00,
    0x00, 0x00, 0x00, 0x00, 0x00, 0x00, 0x00, 0x00, 0x00, 0x00, 0x00, 0x00,
    0x00, 0x00, 0x00, 0x00, 0x00, 0x00, 0x00, 0x00, 0x00, 0x00, 0x00, 0x00,
    0x00, 0x00, 0x00, 0x00, 0x00, 0x00, 0x00, 0x00, 0x00, 0x00, 0x00, 0x00,
    0x00, 0x00, 0x00, 0x00, 0x00, 0x00, 0x00, 0x00, 0x00, 0x00, 0x00, 0x00,
    0x00, 0x00, 0x00, 0x00, 0x00, 0x00, 0x00, 0x00, 0x00, 0x00, 0x00, 0x00,
    0x00, 0x00, 0x00, 0x00, 0x00, 0x00, 0x00, 0x00, 0x00, 0x00, 0x00, 0x00,
    0x00, 0x00, 0x00, 0x00, 0x00, 0x00, 0x00, 0x00, 0x00, 0x00, 0x00, 0x00,
    0x00, 0x00, 0x00, 0x00, 0x00, 0x00, 0x00, 0x00, 0x00, 0x00, 0x00, 0x00,
    0x00, 0x00, 0x00, 0x00, 0x00, 0x00, 0x00, 0x00, 0x00, 0x00, 0x00, 0x00,
    0x90, 0x40, 0x20, 0xff, 0x90, 0x40, 0x28, 0xff, 0x98, 0x44, 0x28, 0xff,
    0xa0, 0x44, 0x28, 0xff, 0xa0, 0x48, 0x28, 0xff, 0xa0, 0x48, 0x28, 0xff,
    0xa8, 0x48, 0x28, 0xff, 0xb0, 0x48, 0x28, 0xff, 0xb0, 0x4c, 0x28, 0xff,
    0xb0, 0x4c, 0x28, 0xff, 0xb0, 0x4c, 0x28, 0xff, 0xb8, 0x4c, 0x28, 0xff,
    0xb8, 0x4c, 0x28, 0xff, 0xb8, 0x4c, 0x28, 0xff, 0xb8, 0x50, 0x28, 0xff,
    0xb8, 0x4c, 0x28, 0xff, 0xc0, 0x50, 0x28, 0xff, 0xc0, 0x50, 0x28, 0xff,
    0xc0, 0x50, 0x28, 0xff, 0xc0, 0x50, 0x28, 0xff, 0xc0, 0x50, 0x28, 0xff,
    0xc0, 0x4c, 0x20, 0xff, 0xc0, 0x4c, 0x28, 0xff, 0xc0, 0x4c, 0x20, 0xff,
    0xc0, 0x4c, 0x20, 0xff, 0xb8, 0x48, 0x20, 0xff, 0xc0, 0x4c, 0x28, 0xff,
    0xc0, 0x50, 0x28, 0xff, 0xc0, 0x50, 0x28, 0xff, 0xc0, 0x50, 0x28, 0xff,
    0xc0, 0x50, 0x28, 0xff, 0xc0, 0x50, 0x28, 0xff, 0xc8, 0x50, 0x28, 0xff,
    0xc0, 0x50, 0x28, 0xff, 0xc0, 0x50, 0x28, 0xff, 0xc8, 0x50, 0x28, 0xff,
    0xc0, 0x50, 0x28, 0xff, 0xc8, 0x50, 0x28, 0xff, 0xc0, 0x50, 0x28, 0xff,
    0xc0, 0x54, 0x28, 0xff, 0xc8, 0x50, 0x28, 0xff, 0xc8, 0x50, 0x28, 0xff,
    0xc8, 0x50, 0x28, 0xff, 0xc8, 0x54, 0x28, 0xff, 0xc0, 0x50, 0x28, 0xff,
    0xc8, 0x54, 0x28, 0xff, 0xc0, 0x50, 0x28, 0xff, 0xc8, 0x50, 0x28, 0xff,
    0xc8, 0x50, 0x28, 0xff, 0xc8, 0x50, 0x28, 0xff, 0xc8, 0x50, 0x28, 0xff,
    0xc8, 0x50, 0x28, 0xff, 0xc8, 0x50, 0x28, 0xff, 0xc8, 0x54, 0x28, 0xff,
    0xc8, 0x54, 0x28, 0xff, 0xc8, 0x54, 0x30, 0xff, 0xc8, 0x54, 0x30, 0xff,
    0xc8, 0x54, 0x28, 0xff, 0xc8, 0x54, 0x28, 0xff, 0xc8, 0x54, 0x30, 0xff,
    0xc8, 0x54, 0x28, 0xff, 0xd0, 0x54, 0x28, 0xff, 0xd0, 0x58, 0x30, 0xff,
    0xd0, 0x58, 0x30, 0xff, 0xd0, 0x5c, 0x30, 0xff, 0xd8, 0x5c, 0x30, 0xff,
    0xd8, 0x60, 0x30, 0xff, 0xd8, 0x60, 0x30, 0xff, 0xd8, 0x60, 0x38, 0xff,
    0xd8, 0x60, 0x38, 0xff, 0xd8, 0x60, 0x30, 0xff, 0xd8, 0x60, 0x38, 0xff,
    0xd8, 0x60, 0x38, 0xff, 0xe0, 0x60, 0x30, 0xff, 0xd8, 0x60, 0x38, 0xff,
    0xd8, 0x64, 0x30, 0xff, 0xd8, 0x64, 0x30, 0xff, 0xd8, 0x60, 0x38, 0xff,
    0xd8, 0x64, 0x38, 0xff, 0xe0, 0x64, 0x30, 0xff, 0xd8, 0x60, 0x38, 0xff,
    0xd8, 0x64, 0x38, 0xff, 0xd8, 0x64, 0x30, 0xff, 0xd8, 0x60, 0x38, 0xff,
    0xd8, 0x60, 0x38, 0xff, 0xe0, 0x64, 0x30, 0xff, 0xe0, 0x60, 0x38, 0xff,
    0xd8, 0x60, 0x38, 0xff, 0xe0, 0x64, 0x30, 0xff, 0xd8, 0x60, 0x38, 0xff,
    0xd8, 0x64, 0x38, 0xff, 0xe0, 0x64, 0x30, 0xff, 0xe0, 0x60, 0x38, 0xff,
    0xd8, 0x64, 0x38, 0xff, 0xd8, 0x64, 0x30, 0xff, 0xe0, 0x60, 0x38, 0xff,
    0xd8, 0x64, 0x38, 0xff, 0xd8, 0x64, 0x38, 0xff, 0xe0, 0x60, 0x30, 0xff,
    0xd8, 0x64, 0x38, 0xff, 0xe0, 0x64, 0x30, 0xff, 0xe0, 0x60, 0x38, 0xff,
    0xd8, 0x64, 0x38, 0xff, 0xd8, 0x64, 0x30, 0xff, 0xd8, 0x64, 0x30, 0xff,
    0xd8, 0x60, 0x38, 0xff, 0xd8, 0x60, 0x38, 0xff, 0xd8, 0x60, 0x30, 0xff,
    0xd8, 0x60, 0x38, 0xff, 0xd8, 0x60, 0x38, 0xff, 0xd8, 0x60, 0x30, 0xff,
    0xd8, 0x60, 0x30, 0xff, 0xe0, 0x60, 0x38, 0xff, 0xd8, 0x60, 0x30, 0xff,
    0xd8, 0x60, 0x30, 0xff, 0xd8, 0x60, 0x38, 0xff, 0xd8, 0x60, 0x30, 0xff,
    0xd8, 0x60, 0x38, 0xff, 0xd8, 0x60, 0x38, 0xff, 0xd8, 0x60, 0x30, 0xff,
    0xd8, 0x5c, 0x30, 0xff, 0xd8, 0x60, 0x38, 0xff, 0xe0, 0x64, 0x38, 0xff,
    0xe0, 0x64, 0x38, 0xff, 0xe0, 0x64, 0x38, 0xff, 0xe0, 0x64, 0x38, 0xff,
    0xd8, 0x64, 0x38, 0xff, 0xd8, 0x64, 0x38, 0xff, 0xe0, 0x64, 0x30, 0xff,
    0xd8, 0x60, 0x38, 0xff, 0xe0, 0x64, 0x38, 0xff, 0xd8, 0x64, 0x30, 0xff,
    0xd8, 0x60, 0x38, 0xff, 0xd8, 0x60, 0x38, 0xff, 0xd8, 0x64, 0x30, 0xff,
    0xd8, 0x60, 0x38, 0xff, 0xd8, 0x64, 0x38, 0xff, 0xd0, 0x60, 0x30, 0xff,
    0xd0, 0x60, 0x38, 0xff, 0xd0, 0x60, 0x38, 0xff, 0xd0, 0x60, 0x30, 0xff,
    0xd0, 0x60, 0x38, 0xff, 0xd0, 0x60, 0x38, 0xff, 0xc8, 0x5c, 0x30, 0xff,
    0xc8, 0x5c, 0x38, 0xff, 0xc8, 0x5c, 0x38, 0xff, 0xc0, 0x5c, 0x30, 0xff,
    0xc0, 0x5c, 0x38, 0xff, 0xc0, 0x58, 0x38, 0xff, 0xc0, 0x5c, 0x30, 0xff,
    0xb8, 0x58, 0x38, 0xff, 0xb8, 0x58, 0x38, 0xff, 0x00, 0x00, 0x00, 0x00,
    0x00, 0x00, 0x00, 0x00, 0x00, 0x00, 0x00, 0x00, 0x00, 0x00, 0x00, 0x00,
    0x00, 0x00, 0x00, 0x00, 0x00, 0x00, 0x00, 0x00, 0x00, 0x00, 0x00, 0x00,
    0x00, 0x00, 0x00, 0x00, 0x00, 0x00, 0x00, 0x00, 0x00, 0x00, 0x00, 0x00,
    0x00, 0x00, 0x00, 0x00, 0x00, 0x00, 0x00, 0x00, 0x00, 0x00, 0x00, 0x00,
    0x00, 0x00, 0x00, 0x00, 0x00, 0x00, 0x00, 0x00, 0x00, 0x00, 0x00, 0x00,
    0x00, 0x00, 0x00, 0x00, 0x00, 0x00, 0x00, 0x00, 0x00, 0x00, 0x00, 0x00,
    0x00, 0x00, 0x00, 0x00, 0x00, 0x00, 0x00, 0x00, 0x00, 0x00, 0x00, 0x00,
    0x00, 0x00, 0x00, 0x00, 0x00, 0x00, 0x00, 0x00, 0x00, 0x00, 0x00, 0x00,
    0x00, 0x00, 0x00, 0x00, 0x00, 0x00, 0x00, 0x00, 0x00, 0x00, 0x00, 0x00,
    0x00, 0x00, 0x00, 0x00, 0x00, 0x00, 0x00, 0x00, 0x00, 0x00, 0x00, 0x00,
    0x00, 0x00, 0x00, 0x00, 0x00, 0x00, 0x00, 0x00, 0x00, 0x00, 0x00, 0x00,
    0x00, 0x00, 0x00, 0x00, 0x00, 0x00, 0x00, 0x00, 0x00, 0x00, 0x00, 0x00,
    0x00, 0x00, 0x00, 0x00, 0x00, 0x00, 0x00, 0x00, 0x00, 0x00, 0x00, 0x00,
    0x00, 0x00, 0x00, 0x00, 0x00, 0x00, 0x00, 0x00, 0x00, 0x00, 0x00, 0x00,
    0x00, 0x00, 0x00, 0x00, 0x00, 0x00, 0x00, 0x00, 0x00, 0x00, 0x00, 0x00,
    0x00, 0x00, 0x00, 0x00, 0x00, 0x00, 0x00, 0x00, 0x00, 0x00, 0x00, 0x00,
    0x00, 0x00, 0x00, 0x00, 0x00, 0x00, 0x00, 0x00, 0x00, 0x00, 0x00, 0x00,
    0x00, 0x00, 0x00, 0x00, 0x00, 0x00, 0x00, 0x00, 0x00, 0x00, 0x00, 0x00,
    0x00, 0x00, 0x00, 0x00, 0x00, 0x00, 0x00, 0x00, 0x00, 0x00, 0x00, 0x00,
    0x00, 0x00, 0x00, 0x00, 0x90, 0x40, 0x28, 0xff, 0x90, 0x40, 0x28, 0xff,
    0x98, 0x44, 0x28, 0xff, 0xa0, 0x48, 0x28, 0xff, 0xa0, 0x48, 0x28, 0xff,
    0xa8, 0x48, 0x28, 0xff, 0xa8, 0x48, 0x28, 0xff, 0xa8, 0x4c, 0x28, 0xff,
    0xb0, 0x4c, 0x28, 0xff, 0xb0, 0x4c, 0x28, 0xff, 0xb0, 0x4c, 0x28, 0xff,
    0xb8, 0x4c, 0x28, 0xff, 0xb8, 0x4c, 0x28, 0xff, 0xb8, 0x50, 0x28, 0xff,
    0xb8, 0x4c, 0x28, 0xff, 0xc0, 0x4c, 0x28, 0xff, 0xc0, 0x50, 0x28, 0xff,
    0xc0, 0x50, 0x28, 0xff, 0xc0, 0x4c, 0x28, 0xff, 0xc0, 0x50, 0x28, 0xff,
    0xc0, 0x50, 0x28, 0xff, 0xc0, 0x4c, 0x28, 0xff, 0xc0, 0x4c, 0x20, 0xff,
    0xc0, 0x4c, 0x28, 0xff, 0xc0, 0x4c, 0x20, 0xff, 0xb8, 0x48, 0x20, 0xff,
    0xc0, 0x4c, 0x20, 0xff, 0xc0, 0x4c, 0x28, 0xff, 0xc0, 0x4c, 0x28, 0xff,
    0xc0, 0x4c, 0x28, 0xff, 0xc0, 0x50, 0x28, 0xff, 0xc0, 0x50, 0x28, 0xff,
    0xc0, 0x4c, 0x28, 0xff, 0xc0, 0x50, 0x28, 0xff, 0xc0, 0x50, 0x28, 0xff,
    0xc0, 0x50, 0x28, 0xff, 0xc0, 0x50, 0x28, 0xff, 0xc0, 0x50, 0x28, 0xff,
    0xc0, 0x50, 0x28, 0xff, 0xc8, 0x50, 0x28, 0xff, 0xc0, 0x50, 0x28, 0xff,
    0xc8, 0x50, 0x28, 0xff, 0xc0, 0x54, 0x28, 0xff, 0xc8, 0x50, 0x28, 0xff,
    0xc8, 0x50, 0x28, 0xff, 0xc8, 0x50, 0x28, 0xff, 0xc0, 0x54, 0x28, 0xff,
    0xc8, 0x50, 0x28, 0xff, 0xc8, 0x54, 0x28, 0xff, 0xc0, 0x50, 0x28, 0xff,
    0xc8, 0x50, 0x28, 0xff, 0xc8, 0x50, 0x28, 0xff, 0xc8, 0x50, 0x30, 0xff,
    0xc8, 0x50, 0x28, 0xff, 0xc8, 0x50, 0x28, 0xff, 0xc8, 0x54, 0x28, 0xff,
    0xc8, 0x54, 0x28, 0xff, 0xc8, 0x54, 0x28, 0xff, 0xd0, 0x54, 0x28, 0xff,
    0xc8, 0x54, 0x28, 0xff, 0xc8, 0x54, 0x28, 0xff, 0xc8, 0x54, 0x28, 0xff,
    0xd0, 0x58, 0x30, 0xff, 0xd0, 0x58, 0x30, 0xff, 0xd0, 0x5c, 0x30, 0xff,
    0xd0, 0x5c, 0x30, 0xff, 0xd8, 0x60, 0x30, 0xff, 0xd8, 0x60, 0x38, 0xff,
    0xd8, 0x60, 0x30, 0xff, 0xd8, 0x60, 0x30, 0xff, 0xe0, 0x60, 0x38, 0xff,
    0xd8, 0x60, 0x30, 0xff, 0xd8, 0x60, 0x30, 0xff, 0xe0, 0x60, 0x38, 0xff,
    0xd8, 0x60, 0x30, 0xff, 0xe0, 0x64, 0x38, 0xff, 0xe0, 0x60, 0x30, 0xff,
    0xe0, 0x64, 0x38, 0xff, 0xd8, 0x60, 0x38, 0xff, 0xe0, 0x60, 0x30, 0xff,
    0xe0, 0x64, 0x38, 0xff, 0xe0, 0x60, 0x38, 0xff, 0xe0, 0x64, 0x30, 0xff,
    0xd8, 0x64, 0x30, 0xff, 0xe0, 0x60, 0x38, 0xff, 0xd8, 0x64, 0x30, 0xff,
    0xd8, 0x64, 0x38, 0xff, 0xe0, 0x60, 0x30, 0xff, 0xe0, 0x64, 0x38, 0xff,
    0xe0, 0x60, 0x30, 0xff, 0xd8, 0x64, 0x38, 0xff, 0xe0, 0x64, 0x38, 0xff,
    0xd8, 0x60, 0x30, 0xff, 0xe0, 0x60, 0x38, 0xff, 0xe0, 0x64, 0x38, 0xff,
    0xd8, 0x60, 0x30, 0xff, 0xe0, 0x60, 0x30, 0xff, 0xd8, 0x64, 0x38, 0xff,
    0xe0, 0x60, 0x38, 0xff, 0xd8, 0x60, 0x38, 0xff, 0xd8, 0x64, 0x30, 0xff,
    0xe0, 0x60, 0x38, 0xff, 0xe0, 0x60, 0x30, 0xff, 0xd8, 0x64, 0x38, 0xff,
    0xe0, 0x64, 0x38, 0xff, 0xe0, 0x60, 0x30, 0xff, 0xe0, 0x64, 0x30, 0xff,
    0xe0, 0x60, 0x38, 0xff, 0xd8, 0x60, 0x30, 0xff, 0xe0, 0x60, 0x38, 0xff,
    0xe0, 0x64, 0x38, 0xff, 0xd8, 0x60, 0x30, 0xff, 0xd8, 0x64, 0x38, 0xff,
    0xd8, 0x60, 0x30, 0xff, 0xd8, 0x60, 0x38, 0xff, 0xd8, 0x60, 0x38, 0xff,
    0xd8, 0x60, 0x30, 0xff, 0xd8, 0x60, 0x30, 0xff, 0xd8, 0x60, 0x38, 0xff,
    0xd8, 0x60, 0x38, 0xff, 0xd8, 0x60, 0x30, 0xff, 0xd8, 0x60, 0x38, 0xff,
    0xe0, 0x64, 0x38, 0xff, 0xe0, 0x64, 0x38, 0xff, 0xe0, 0x64, 0x38, 0xff,
    0xe0, 0x64, 0x38, 0xff, 0xd8, 0x64, 0x38, 0xff, 0xe0, 0x64, 0x38, 0xff,
    0xe0, 0x64, 0x38, 0xff, 0xd8, 0x64, 0x38, 0xff, 0xe0, 0x64, 0x38, 0xff,
    0xd8, 0x64, 0x38, 0xff, 0xd8, 0x60, 0x38, 0xff, 0xd8, 0x64, 0x38, 0xff,
    0xd8, 0x60, 0x38, 0xff, 0xd8, 0x60, 0x38, 0xff, 0xd8, 0x64, 0x38, 0xff,
    0xd8, 0x60, 0x38, 0xff, 0xd0, 0x60, 0x38, 0xff, 0xd0, 0x60, 0x38, 0xff,
    0xd0, 0x60, 0x38, 0xff, 0xd0, 0x60, 0x38, 0xff, 0xc8, 0x60, 0x38, 0xff,
    0xc8, 0x5c, 0x38, 0xff, 0xc8, 0x60, 0x38, 0xff, 0xc8, 0x60, 0x38, 0xff,
    0xc0, 0x5c, 0x38, 0xff, 0xc0, 0x5c, 0x38, 0xff, 0xc0, 0x58, 0x38, 0xff,
    0xb8, 0x58, 0x38, 0xff, 0xb8, 0x58, 0x38, 0xff, 0xb0, 0x58, 0x38, 0xff,
    0x00, 0x00, 0x00, 0x00, 0x00, 0x00, 0x00, 0x00, 0x00, 0x00, 0x00, 0x00,
    0x00, 0x00, 0x00, 0x00, 0x00, 0x00, 0x00, 0x00, 0x00, 0x00, 0x00, 0x00,
    0x00, 0x00, 0x00, 0x00, 0x00, 0x00, 0x00, 0x00, 0x00, 0x00, 0x00, 0x00,
    0x00, 0x00, 0x00, 0x00, 0x00, 0x00, 0x00, 0x00, 0x00, 0x00, 0x00, 0x00,
    0x00, 0x00, 0x00, 0x00, 0x00, 0x00, 0x00, 0x00, 0x00, 0x00, 0x00, 0x00,
    0x00, 0x00, 0x00, 0x00, 0x00, 0x00, 0x00, 0x00, 0x00, 0x00, 0x00, 0x00,
    0x00, 0x00, 0x00, 0x00, 0x00, 0x00, 0x00, 0x00, 0x00, 0x00, 0x00, 0x00,
    0x00, 0x00, 0x00, 0x00, 0x00, 0x00, 0x00, 0x00, 0x00, 0x00, 0x00, 0x00,
    0x00, 0x00, 0x00, 0x00, 0x00, 0x00, 0x00, 0x00, 0x00, 0x00, 0x00, 0x00,
    0x00, 0x00, 0x00, 0x00, 0x00, 0x00, 0x00, 0x00, 0x00, 0x00, 0x00, 0x00,
    0x00, 0x00, 0x00, 0x00, 0x00, 0x00, 0x00, 0x00, 0x00, 0x00, 0x00, 0x00,
    0x00, 0x00, 0x00, 0x00, 0x00, 0x00, 0x00, 0x00, 0x00, 0x00, 0x00, 0x00,
    0x00, 0x00, 0x00, 0x00, 0x00, 0x00, 0x00, 0x00, 0x00, 0x00, 0x00, 0x00,
    0x00, 0x00, 0x00, 0x00, 0x00, 0x00, 0x00, 0x00, 0x00, 0x00, 0x00, 0x00,
    0x00, 0x00, 0x00, 0x00, 0x00, 0x00, 0x00, 0x00, 0x00, 0x00, 0x00, 0x00,
    0x00, 0x00, 0x00, 0x00, 0x00, 0x00, 0x00, 0x00, 0x00, 0x00, 0x00, 0x00,
    0x00, 0x00, 0x00, 0x00, 0x00, 0x00, 0x00, 0x00, 0x00, 0x00, 0x00, 0x00,
    0x00, 0x00, 0x00, 0x00, 0x00, 0x00, 0x00, 0x00, 0x00, 0x00, 0x00, 0x00,
    0x00, 0x00, 0x00, 0x00, 0x00, 0x00, 0x00, 0x00, 0x00, 0x00, 0x00, 0x00,
    0x00, 0x00, 0x00, 0x00, 0x00, 0x00, 0x00, 0x00, 0x90, 0x40, 0x20, 0xff,
    0x98, 0x40, 0x28, 0xff, 0x98, 0x44, 0x28, 0xff, 0xa0, 0x48, 0x28, 0xff,
    0xa0, 0x48, 0x28, 0xff, 0xa8, 0x48, 0x28, 0xff, 0xa8, 0x48, 0x28, 0xff,
    0xa8, 0x4c, 0x28, 0xff, 0xb0, 0x4c, 0x28, 0xff, 0xb0, 0x48, 0x28, 0xff,
    0xb0, 0x4c, 0x28, 0xff, 0xb8, 0x4c, 0x28, 0xff, 0xb8, 0x4c, 0x28, 0xff,
    0xb8, 0x50, 0x28, 0xff, 0xc0, 0x50, 0x28, 0xff, 0xc0, 0x50, 0x28, 0xff,
    0xc0, 0x50, 0x28, 0xff, 0xc0, 0x50, 0x28, 0xff, 0xc0, 0x4c, 0x28, 0xff,
    0xc0, 0x50, 0x28, 0xff, 0xc0, 0x4c, 0x28, 0xff, 0xc0, 0x50, 0x20, 0xff,
    0xc0, 0x4c, 0x28, 0xff, 0xc0, 0x4c, 0x28, 0xff, 0xc0, 0x4c, 0x20, 0xff,
    0xb8, 0x48, 0x20, 0xff, 0xc0, 0x48, 0x20, 0xff, 0xc0, 0x50, 0x28, 0xff,
    0xc8, 0x4c, 0x28, 0xff, 0xc8, 0x4c, 0x28, 0xff, 0xc0, 0x4c, 0x20, 0xff,
    0xc8, 0x4c, 0x28, 0xff, 0xc0, 0x4c, 0x28, 0xff, 0xc8, 0x50, 0x28, 0xff,
    0xc0, 0x50, 0x28, 0xff, 0xc0, 0x50, 0x28, 0xff, 0xc8, 0x50, 0x28, 0xff,
    0xc0, 0x50, 0x28, 0xff, 0xc8, 0x50, 0x28, 0xff, 0xc0, 0x50, 0x28, 0xff,
    0xc0, 0x50, 0x28, 0xff, 0xc0, 0x50, 0x28, 0xff, 0xc8, 0x50, 0x28, 0xff,
    0xc0, 0x50, 0x28, 0xff, 0xc8, 0x50, 0x28, 0xff, 0xc0, 0x50, 0x28, 0xff,
    0xc8, 0x50, 0x28, 0xff, 0xc8, 0x54, 0x28, 0xff, 0xc8, 0x50, 0x28, 0xff,
    0xc8, 0x50, 0x28, 0xff, 0xc0, 0x54, 0x28, 0xff, 0xc8, 0x50, 0x28, 0xff,
    0xc8, 0x54, 0x28, 0xff, 0xc8, 0x50, 0x28, 0xff, 0xc8, 0x50, 0x28, 0xff,
    0xc8, 0x54, 0x28, 0xff, 0xc8, 0x54, 0x28, 0xff, 0xc8, 0x54, 0x28, 0xff,
    0xc8, 0x54, 0x30, 0xff, 0xc8, 0x54, 0x30, 0xff, 0xc8, 0x54, 0x28, 0xff,
    0xd0, 0x58, 0x28, 0xff, 0xd0, 0x54, 0x30, 0xff, 0xd0, 0x58, 0x30, 0xff,
    0xd0, 0x5c, 0x30, 0xff, 0xd0, 0x5c, 0x30, 0xff, 0xd8, 0x60, 0x30, 0xff,
    0xd8, 0x60, 0x38, 0xff, 0xd8, 0x60, 0x38, 0xff, 0xe0, 0x64, 0x38, 0xff,
    0xd8, 0x64, 0x38, 0xff, 0xd8, 0x60, 0x30, 0xff, 0xe0, 0x64, 0x38, 0xff,
    0xd8, 0x64, 0x30, 0xff, 0xd8, 0x60, 0x38, 0xff, 0xd8, 0x60, 0x38, 0xff,
    0xe0, 0x64, 0x30, 0xff, 0xd8, 0x60, 0x30, 0xff, 0xd8, 0x64, 0x38, 0xff,
    0xd8, 0x64, 0x30, 0xff, 0xe0, 0x60, 0x30, 0xff, 0xd8, 0x60, 0x38, 0xff,
    0xd8, 0x64, 0x30, 0xff, 0xe0, 0x60, 0x38, 0xff, 0xe0, 0x60, 0x30, 0xff,
    0xd8, 0x64, 0x38, 0xff, 0xe0, 0x60, 0x30, 0xff, 0xe0, 0x64, 0x30, 0xff,
    0xd8, 0x64, 0x38, 0xff, 0xd8, 0x60, 0x38, 0xff, 0xe0, 0x60, 0x30, 0xff,
    0xd8, 0x64, 0x30, 0xff, 0xd8, 0x60, 0x30, 0xff, 0xd8, 0x64, 0x30, 0xff,
    0xe0, 0x64, 0x38, 0xff, 0xd8, 0x60, 0x30, 0xff, 0xd8, 0x64, 0x30, 0xff,
    0xe0, 0x64, 0x30, 0xff, 0xe0, 0x60, 0x38, 0xff, 0xd8, 0x64, 0x30, 0xff,
    0xd8, 0x60, 0x30, 0xff, 0xd8, 0x64, 0x38, 0xff, 0xd8, 0x60, 0x38, 0xff,
    0xe0, 0x60, 0x30, 0xff, 0xd8, 0x60, 0x38, 0xff, 0xd8, 0x64, 0x30, 0xff,
    0xd8, 0x64, 0x38, 0xff, 0xd8, 0x64, 0x30, 0xff, 0xe0, 0x60, 0x30, 0xff,
    0xd8, 0x64, 0x38, 0xff, 0xd8, 0x60, 0x38, 0xff, 0xe0, 0x64, 0x38, 0xff,
    0xe0, 0x64, 0x30, 0xff, 0xd8, 0x60, 0x38, 0xff, 0xd8, 0x60, 0x30, 0xff,
    0xe0, 0x64, 0x38, 0xff, 0xd8, 0x60, 0x30, 0xff, 0xd8, 0x60, 0x30, 0xff,
    0xd8, 0x60, 0x38, 0xff, 0xd8, 0x60, 0x30, 0xff, 0xd8, 0x60, 0x30, 0xff,
    0xd8, 0x60, 0x30, 0xff, 0xd8, 0x64, 0x38, 0xff, 0xe0, 0x64, 0x38, 0xff,
    0xd8, 0x64, 0x38, 0xff, 0xe0, 0x64, 0x30, 0xff, 0xe0, 0x64, 0x38, 0xff,
    0xe0, 0x64, 0x38, 0xff, 0xd8, 0x64, 0x38, 0xff, 0xe0, 0x64, 0x38, 0xff,
    0xe0, 0x60, 0x38, 0xff, 0xd8, 0x64, 0x38, 0xff, 0xd8, 0x60, 0x38, 0xff,
    0xd8, 0x64, 0x38, 0xff, 0xd8, 0x64, 0x38, 0xff, 0xd8, 0x60, 0x38, 0xff,
    0xd8, 0x60, 0x38, 0xff, 0xd0, 0x60, 0x38, 0xff, 0xd0, 0x60, 0x38, 0xff,
    0xd0, 0x60, 0x38, 0xff, 0xd0, 0x60, 0x38, 0xff, 0xd0, 0x5c, 0x38, 0xff,
    0xc8, 0x5c, 0x38, 0xff, 0xc8, 0x5c, 0x38, 0xff, 0xc8, 0x5c, 0x38, 0xff,
    0xc8, 0x5c, 0x38, 0xff, 0xc0, 0x5c, 0x38, 0xff, 0xc0, 0x5c, 0x38, 0xff,
    0xc0, 0x5c, 0x38, 0xff, 0xb8, 0x58, 0x38, 0xff, 0xb8, 0x58, 0x38, 0xff,
    0xb0, 0x58, 0x38, 0xff, 0x00, 0x00, 0x00, 0x00, 0x00, 0x00, 0x00, 0x00,
    0x00, 0x00, 0x00, 0x00, 0x00, 0x00, 0x00, 0x00, 0x00, 0x00, 0x00, 0x00,
    0x00, 0x00, 0x00, 0x00, 0x00, 0x00, 0x00, 0x00, 0x00, 0x00, 0x00, 0x00,
    0x00, 0x00, 0x00, 0x00, 0x00, 0x00, 0x00, 0x00, 0x00, 0x00, 0x00, 0x00,
    0x00, 0x00, 0x00, 0x00, 0x00, 0x00, 0x00, 0x00, 0x00, 0x00, 0x00, 0x00,
    0x00, 0x00, 0x00, 0x00, 0x00, 0x00, 0x00, 0x00, 0x00, 0x00, 0x00, 0x00,
    0x00, 0x00, 0x00, 0x00, 0x00, 0x00, 0x00, 0x00, 0x00, 0x00, 0x00, 0x00,
    0x00, 0x00, 0x00, 0x00, 0x00, 0x00, 0x00, 0x00, 0x00, 0x00, 0x00, 0x00,
    0x00, 0x00, 0x00, 0x00, 0x00, 0x00, 0x00, 0x00, 0x00, 0x00, 0x00, 0x00,
    0x00, 0x00, 0x00, 0x00, 0x00, 0x00, 0x00, 0x00, 0x00, 0x00, 0x00, 0x00,
    0x00, 0x00, 0x00, 0x00, 0x00, 0x00, 0x00, 0x00, 0x00, 0x00, 0x00, 0x00,
    0x00, 0x00, 0x00, 0x00, 0x00, 0x00, 0x00, 0x00, 0x00, 0x00, 0x00, 0x00,
    0x00, 0x00, 0x00, 0x00, 0x00, 0x00, 0x00, 0x00, 0x00, 0x00, 0x00, 0x00,
    0x00, 0x00, 0x00, 0x00, 0x00, 0x00, 0x00, 0x00, 0x00, 0x00, 0x00, 0x00,
    0x00, 0x00, 0x00, 0x00, 0x00, 0x00, 0x00, 0x00, 0x00, 0x00, 0x00, 0x00,
    0x00, 0x00, 0x00, 0x00, 0x00, 0x00, 0x00, 0x00, 0x00, 0x00, 0x00, 0x00,
    0x00, 0x00, 0x00, 0x00, 0x00, 0x00, 0x00, 0x00, 0x00, 0x00, 0x00, 0x00,
    0x00, 0x00, 0x00, 0x00, 0x00, 0x00, 0x00, 0x00, 0x00, 0x00, 0x00, 0x00,
    0x00, 0x00, 0x00, 0x00, 0x00, 0x00, 0x00, 0x00, 0x00, 0x00, 0x00, 0x00,
    0x00, 0x00, 0x00, 0x00, 0x00, 0x00, 0x00, 0x00, 0x00, 0x00, 0x00, 0x00,
    0x90, 0x40, 0x20, 0xff, 0x90, 0x40, 0x28, 0xff, 0x98, 0x44, 0x28, 0xff,
    0xa0, 0x48, 0x28, 0xff, 0xa0, 0x48, 0x28, 0xff, 0xa0, 0x48, 0x28, 0xff,
    0xa8, 0x48, 0x28, 0xff, 0xa8, 0x4c, 0x28, 0xff, 0xb0, 0x4c, 0x28, 0xff,
    0xb0, 0x4c, 0x28, 0xff, 0xb8, 0x4c, 0x28, 0xff, 0xb0, 0x4c, 0x28, 0xff,
    0xb8, 0x4c, 0x28, 0xff, 0xb8, 0x50, 0x28, 0xff, 0xb8, 0x4c, 0x28, 0xff,
    0xb8, 0x4c, 0x28, 0xff, 0xb8, 0x50, 0x28, 0xff, 0xc0, 0x50, 0x28, 0xff,
    0xc0, 0x4c, 0x28, 0xff, 0xc0, 0x50, 0x28, 0xff, 0xc0, 0x4c, 0x20, 0xff,
    0xc0, 0x50, 0x20, 0xff, 0xc0, 0x4c, 0x28, 0xff, 0xc0, 0x4c, 0x20, 0xff,
    0xb8, 0x4c, 0x20, 0xff, 0xb8, 0x48, 0x20, 0xff, 0xb8, 0x48, 0x20, 0xff,
    0xc0, 0x4c, 0x28, 0xff, 0xc0, 0x4c, 0x28, 0xff, 0xc0, 0x50, 0x28, 0xff,
    0xc0, 0x4c, 0x20, 0xff, 0xc0, 0x4c, 0x28, 0xff, 0xc0, 0x4c, 0x28, 0xff,
    0xc0, 0x4c, 0x28, 0xff, 0xc8, 0x4c, 0x28, 0xff, 0xc8, 0x4c, 0x28, 0xff,
    0xc0, 0x50, 0x28, 0xff, 0xc0, 0x50, 0x28, 0xff, 0xc0, 0x50, 0x28, 0xff,
    0xc8, 0x50, 0x28, 0xff, 0xc8, 0x50, 0x28, 0xff, 0xc0, 0x50, 0x28, 0xff,
    0xc0, 0x50, 0x28, 0xff, 0xc0, 0x50, 0x28, 0xff, 0xc0, 0x50, 0x28, 0xff,
    0xc0, 0x50, 0x28, 0xff, 0xc0, 0x50, 0x28, 0xff, 0xc8, 0x50, 0x28, 0xff,
    0xc0, 0x50, 0x28, 0xff, 0xc8, 0x50, 0x28, 0xff, 0xc8, 0x54, 0x28, 0xff,
    0xc8, 0x50, 0x28, 0xff, 0xc8, 0x50, 0x28, 0xff, 0xc8, 0x50, 0x28, 0xff,
    0xc8, 0x50, 0x28, 0xff, 0xc8, 0x54, 0x28, 0xff, 0xc8, 0x50, 0x28, 0xff,
    0xc8, 0x50, 0x28, 0xff, 0xc8, 0x50, 0x28, 0xff, 0xc8, 0x54, 0x28, 0xff,
    0xc8, 0x54, 0x28, 0xff, 0xc8, 0x54, 0x28, 0xff, 0xd0, 0x58, 0x30, 0xff,
    0xd0, 0x58, 0x30, 0xff, 0xd0, 0x5c, 0x30, 0xff, 0xd8, 0x5c, 0x30, 0xff,
    0xd8, 0x60, 0x30, 0xff, 0xd8, 0x60, 0x38, 0xff, 0xe0, 0x60, 0x38, 0xff,
    0xe0, 0x64, 0x30, 0xff, 0xd8, 0x60, 0x30, 0xff, 0xe0, 0x64, 0x38, 0xff,
    0xe0, 0x64, 0x38, 0xff, 0xe0, 0x60, 0x30, 0xff, 0xe0, 0x64, 0x30, 0xff,
    0xe0, 0x64, 0x38, 0xff, 0xe0, 0x60, 0x38, 0xff, 0xe0, 0x60, 0x38, 0xff,
    0xe0, 0x64, 0x38, 0xff, 0xe0, 0x64, 0x38, 0xff, 0xd8, 0x60, 0x38, 0xff,
    0xe0, 0x64, 0x30, 0xff, 0xe0, 0x64, 0x38, 0xff, 0xe0, 0x60, 0x38, 0xff,
    0xd8, 0x64, 0x38, 0xff, 0xe0, 0x60, 0x38, 0xff, 0xe0, 0x60, 0x38, 0xff,
    0xd8, 0x64, 0x38, 0xff, 0xe0, 0x60, 0x30, 0xff, 0xe0, 0x64, 0x38, 0xff,
    0xe0, 0x60, 0x38, 0xff, 0xe0, 0x64, 0x38, 0xff, 0xe0, 0x60, 0x38, 0xff,
    0xe0, 0x60, 0x38, 0xff, 0xe0, 0x64, 0x38, 0xff, 0xe0, 0x60, 0x38, 0xff,
    0xe0, 0x60, 0x38, 0xff, 0xe0, 0x64, 0x30, 0xff, 0xe0, 0x60, 0x38, 0xff,
    0xe0, 0x64, 0x38, 0xff, 0xe0, 0x64, 0x38, 0xff, 0xe0, 0x60, 0x30, 0xff,
    0xe0, 0x64, 0x30, 0xff, 0xd8, 0x64, 0x38, 0xff, 0xe0, 0x60, 0x30, 0xff,
    0xe0, 0x60, 0x38, 0xff, 0xe0, 0x64, 0x38, 0xff, 0xd8, 0x60, 0x30, 0xff,
    0xe0, 0x64, 0x38, 0xff, 0xd8, 0x64, 0x30, 0xff, 0xd8, 0x60, 0x30, 0xff,
    0xe0, 0x60, 0x38, 0xff, 0xe0, 0x64, 0x30, 0xff, 0xe0, 0x64, 0x30, 0xff,
    0xe0, 0x60, 0x38, 0xff, 0xd8, 0x64, 0x30, 0xff, 0xe0, 0x64, 0x38, 0xff,
    0xd8, 0x60, 0x38, 0xff, 0xd8, 0x60, 0x30, 0xff, 0xd8, 0x64, 0x38, 0xff,
    0xd8, 0x60, 0x30, 0xff, 0xd8, 0x60, 0x38, 0xff, 0xe0, 0x64, 0x38, 0xff,
    0xe0, 0x64, 0x38, 0xff, 0xe0, 0x64, 0x38, 0xff, 0xd8, 0x64, 0x38, 0xff,
    0xe0, 0x64, 0x38, 0xff, 0xd8, 0x64, 0x30, 0xff, 0xe0, 0x64, 0x38, 0xff,
    0xd8, 0x64, 0x38, 0xff, 0xd8, 0x64, 0x30, 0xff, 0xd8, 0x64, 0x38, 0xff,
    0xe0, 0x60, 0x38, 0xff, 0xd8, 0x60, 0x30, 0xff, 0xd8, 0x64, 0x38, 0xff,
    0xd8, 0x64, 0x38, 0xff, 0xd8, 0x60, 0x30, 0xff, 0xd0, 0x60, 0x38, 0xff,
    0xd0, 0x60, 0x38, 0xff, 0xd0, 0x60, 0x30, 0xff, 0xd0, 0x60, 0x38, 0xff,
    0xc8, 0x60, 0x38, 0xff, 0xc8, 0x5c, 0x30, 0xff, 0xc8, 0x5c, 0x38, 0xff,
    0xc8, 0x5c, 0x38, 0xff, 0xc0, 0x5c, 0x30, 0xff, 0xc0, 0x5c, 0x38, 0xff,
    0xc0, 0x58, 0x38, 0xff, 0xb8, 0x58, 0x30, 0xff, 0xb8, 0x58, 0x38, 0xff,
    0xb0, 0x58, 0x38, 0xff, 0xb0, 0x58, 0x38, 0xff, 0x00, 0x00, 0x00, 0x00,
    0x00, 0x00, 0x00, 0x00, 0x00, 0x00, 0x00, 0x00, 0x00, 0x00, 0x00, 0x00,
    0x00, 0x00, 0x00, 0x00, 0x00, 0x00, 0x00, 0x00, 0x00, 0x00, 0x00, 0x00,
    0x00, 0x00, 0x00, 0x00, 0x00, 0x00, 0x00, 0x00, 0x00, 0x00, 0x00, 0x00,
    0x00, 0x00, 0x00, 0x00, 0x00, 0x00, 0x00, 0x00, 0x00, 0x00, 0x00, 0x00,
    0x00, 0x00, 0x00, 0x00, 0x00, 0x00, 0x00, 0x00, 0x00, 0x00, 0x00, 0x00,
    0x00, 0x00, 0x00, 0x00, 0x00, 0x00, 0x00, 0x00, 0x00, 0x00, 0x00, 0x00,
    0x00, 0x00, 0x00, 0x00, 0x00, 0x00, 0x00, 0x00, 0x00, 0x00, 0x00, 0x00,
    0x00, 0x00, 0x00, 0x00, 0x00, 0x00, 0x00, 0x00, 0x00, 0x00, 0x00, 0x00,
    0x00, 0x00, 0x00, 0x00, 0x00, 0x00, 0x00, 0x00, 0x00, 0x00, 0x00, 0x00,
    0x00, 0x00, 0x00, 0x00, 0x00, 0x00, 0x00, 0x00, 0x00, 0x00, 0x00, 0x00,
    0x00, 0x00, 0x00, 0x00, 0x00, 0x00, 0x00, 0x00, 0x00, 0x00, 0x00, 0x00,
    0x00, 0x00, 0x00, 0x00, 0x00, 0x00, 0x00, 0x00, 0x00, 0x00, 0x00, 0x00,
    0x00, 0x00, 0x00, 0x00, 0x00, 0x00, 0x00, 0x00, 0x00, 0x00, 0x00, 0x00,
    0x00, 0x00, 0x00, 0x00, 0x00, 0x00, 0x00, 0x00, 0x00, 0x00, 0x00, 0x00,
    0x00, 0x00, 0x00, 0x00, 0x00, 0x00, 0x00, 0x00, 0x00, 0x00, 0x00, 0x00,
    0x00, 0x00, 0x00, 0x00, 0x00, 0x00, 0x00, 0x00, 0x00, 0x00, 0x00, 0x00,
    0x00, 0x00, 0x00, 0x00, 0x00, 0x00, 0x00, 0x00, 0x00, 0x00, 0x00, 0x00,
    0x00, 0x00, 0x00, 0x00, 0x00, 0x00, 0x00, 0x00, 0x00, 0x00, 0x00, 0x00,
    0x00, 0x00, 0x00, 0x00, 0x00, 0x00, 0x00, 0x00, 0x00, 0x00, 0x00, 0x00,
    0x00, 0x00, 0x00, 0x00, 0x90, 0x40, 0x28, 0xff, 0x90, 0x40, 0x28, 0xff,
    0x98, 0x44, 0x28, 0xff, 0xa0, 0x48, 0x28, 0xff, 0xa0, 0x48, 0x28, 0xff,
    0xa8, 0x48, 0x28, 0xff, 0xa8, 0x48, 0x28, 0xff, 0xa8, 0x4c, 0x30, 0xff,
    0xb0, 0x4c, 0x28, 0xff, 0xb0, 0x4c, 0x28, 0xff, 0xb0, 0x4c, 0x28, 0xff,
    0xb8, 0x4c, 0x28, 0xff, 0xb8, 0x4c, 0x28, 0xff, 0xb8, 0x50, 0x28, 0xff,
    0xb8, 0x4c, 0x28, 0xff, 0xb8, 0x4c, 0x28, 0xff, 0xc0, 0x50, 0x28, 0xff,
    0xc0, 0x4c, 0x28, 0xff, 0xb8, 0x4c, 0x28, 0xff, 0xc0, 0x50, 0x28, 0xff,
    0xc0, 0x4c, 0x28, 0xff, 0xc0, 0x4c, 0x28, 0xff, 0xc0, 0x4c, 0x28, 0xff,
    0xc0, 0x4c, 0x20, 0xff, 0xc0, 0x4c, 0x20, 0xff, 0xb8, 0x48, 0x20, 0xff,
    0xb8, 0x48, 0x20, 0xff, 0xc0, 0x4c, 0x28, 0xff, 0xc0, 0x4c, 0x28, 0xff,
    0xc0, 0x4c, 0x20, 0xff, 0xc0, 0x4c, 0x28, 0xff, 0xc0, 0x4c, 0x20, 0xff,
    0xc0, 0x50, 0x28, 0xff, 0xc0, 0x4c, 0x28, 0xff, 0xc0, 0x4c, 0x20, 0xff,
    0xc0, 0x50, 0x20, 0xff, 0xc0, 0x50, 0x28, 0xff, 0xc0, 0x4c, 0x28, 0xff,
    0xc0, 0x4c, 0x28, 0xff, 0xc0, 0x4c, 0x28, 0xff, 0xc0, 0x50, 0x28, 0xff,
    0xc0, 0x50, 0x28, 0xff, 0xc0, 0x50, 0x28, 0xff, 0xc8, 0x50, 0x28, 0xff,
    0xc0, 0x50, 0x28, 0xff, 0xc8, 0x50, 0x28, 0xff, 0xc0, 0x50, 0x28, 0xff,
    0xc0, 0x50, 0x28, 0xff, 0xc0, 0x50, 0x28, 0xff, 0xc0, 0x50, 0x28, 0xff,
    0xc0, 0x50, 0x28, 0xff, 0xc0, 0x50, 0x28, 0xff, 0xc0, 0x54, 0x28, 0xff,
    0xc8, 0x50, 0x28, 0xff, 0xc8, 0x50, 0x28, 0xff, 0xc8, 0x50, 0x28, 0xff,
    0xc8, 0x50, 0x28, 0xff, 0xc8, 0x54, 0x28, 0xff, 0xc8, 0x50, 0x28, 0xff,
    0xc8, 0x54, 0x28, 0xff, 0xc8, 0x54, 0x28, 0xff, 0xc8, 0x54, 0x28, 0xff,
    0xc8, 0x54, 0x30, 0xff, 0xd0, 0x58, 0x30, 0xff, 0xd0, 0x5c, 0x30, 0xff,
    0xd8, 0x5c, 0x30, 0xff, 0xd8, 0x60, 0x38, 0xff, 0xd8, 0x64, 0x30, 0xff,
    0xd8, 0x60, 0x30, 0xff, 0xd8, 0x64, 0x38, 0xff, 0xe0, 0x60, 0x38, 0xff,
    0xd8, 0x60, 0x38, 0xff, 0xe0, 0x60, 0x38, 0xff, 0xd8, 0x60, 0x38, 0xff,
    0xd8, 0x64, 0x38, 0xff, 0xe0, 0x64, 0x38, 0xff, 0xd8, 0x60, 0x38, 0xff,
    0xd8, 0x64, 0x38, 0xff, 0xe0, 0x60, 0x30, 0xff, 0xd8, 0x60, 0x38, 0xff,
    0xd8, 0x64, 0x38, 0xff, 0xe0, 0x60, 0x38, 0xff, 0xe0, 0x60, 0x38, 0xff,
    0xd8, 0x64, 0x30, 0xff, 0xd8, 0x64, 0x38, 0xff, 0xe0, 0x60, 0x38, 0xff,
    0xd8, 0x64, 0x38, 0xff, 0xd8, 0x60, 0x38, 0xff, 0xe0, 0x64, 0x38, 0xff,
    0xd8, 0x60, 0x38, 0xff, 0xd8, 0x64, 0x38, 0xff, 0xe0, 0x64, 0x38, 0xff,
    0xd8, 0x60, 0x38, 0xff, 0xd8, 0x64, 0x38, 0xff, 0xe0, 0x64, 0x30, 0xff,
    0xd8, 0x60, 0x38, 0xff, 0xd8, 0x64, 0x38, 0xff, 0xd8, 0x60, 0x38, 0xff,
    0xd8, 0x60, 0x38, 0xff, 0xd8, 0x64, 0x38, 0xff, 0xe0, 0x60, 0x38, 0xff,
    0xd8, 0x60, 0x38, 0xff, 0xd8, 0x64, 0x38, 0xff, 0xe0, 0x64, 0x38, 0xff,
    0xd8, 0x60, 0x38, 0xff, 0xe0, 0x64, 0x38, 0xff, 0xd8, 0x60, 0x30, 0xff,
    0xe0, 0x60, 0x38, 0xff, 0xe0, 0x64, 0x38, 0xff, 0xd8, 0x60, 0x38, 0xff,
    0xe0, 0x64, 0x38, 0xff, 0xd8, 0x64, 0x38, 0xff, 0xd8, 0x60, 0x38, 0xff,
    0xd8, 0x60, 0x30, 0xff, 0xe0, 0x64, 0x38, 0xff, 0xe0, 0x60, 0x38, 0xff,
    0xd8, 0x64, 0x38, 0xff, 0xe0, 0x64, 0x38, 0xff, 0xe0, 0x60, 0x38, 0xff,
    0xd8, 0x64, 0x30, 0xff, 0xd8, 0x60, 0x38, 0xff, 0xd8, 0x60, 0x30, 0xff,
    0xd8, 0x64, 0x38, 0xff, 0xe0, 0x64, 0x38, 0xff, 0xd8, 0x64, 0x38, 0xff,
    0xe0, 0x64, 0x38, 0xff, 0xd8, 0x64, 0x38, 0xff, 0xe0, 0x64, 0x38, 0xff,
    0xd8, 0x60, 0x38, 0xff, 0xe0, 0x64, 0x38, 0xff, 0xd8, 0x64, 0x38, 0xff,
    0xd8, 0x60, 0x38, 0xff, 0xd8, 0x64, 0x38, 0xff, 0xd8, 0x60, 0x38, 0xff,
    0xd8, 0x60, 0x38, 0xff, 0xd8, 0x64, 0x38, 0xff, 0xd0, 0x60, 0x38, 0xff,
    0xd0, 0x60, 0x38, 0xff, 0xd0, 0x60, 0x38, 0xff, 0xd0, 0x60, 0x38, 0xff,
    0xd0, 0x60, 0x38, 0xff, 0xc8, 0x5c, 0x38, 0xff, 0xc8, 0x60, 0x38, 0xff,
    0xc8, 0x5c, 0x38, 0xff, 0xc8, 0x5c, 0x38, 0xff, 0xc0, 0x5c, 0x38, 0xff,
    0xc0, 0x5c, 0x38, 0xff, 0xc0, 0x5c, 0x38, 0xff, 0xb8, 0x58, 0x38, 0xff,
    0xb8, 0x58, 0x38, 0xff, 0xb0, 0x58, 0x38, 0xff, 0xb0, 0x54, 0x30, 0xff,
    0x00, 0x00, 0x00, 0x00, 0x00, 0x00, 0x00, 0x00, 0x00, 0x00, 0x00, 0x00,
    0x00, 0x00, 0x00, 0x00, 0x00, 0x00, 0x00, 0x00, 0x00, 0x00, 0x00, 0x00,
    0x00, 0x00, 0x00, 0x00, 0x00, 0x00, 0x00, 0x00, 0x00, 0x00, 0x00, 0x00,
    0x00, 0x00, 0x00, 0x00, 0x00, 0x00, 0x00, 0x00, 0x00, 0x00, 0x00, 0x00,
    0x00, 0x00, 0x00, 0x00, 0x00, 0x00, 0x00, 0x00, 0x00, 0x00, 0x00, 0x00,
    0x00, 0x00, 0x00, 0x00, 0x00, 0x00, 0x00, 0x00, 0x00, 0x00, 0x00, 0x00,
    0x00, 0x00, 0x00, 0x00, 0x00, 0x00, 0x00, 0x00, 0x00, 0x00, 0x00, 0x00,
    0x00, 0x00, 0x00, 0x00, 0x00, 0x00, 0x00, 0x00, 0x00, 0x00, 0x00, 0x00,
    0x00, 0x00, 0x00, 0x00, 0x00, 0x00, 0x00, 0x00, 0x00, 0x00, 0x00, 0x00,
    0x00, 0x00, 0x00, 0x00, 0x00, 0x00, 0x00, 0x00, 0x00, 0x00, 0x00, 0x00,
    0x00, 0x00, 0x00, 0x00, 0x00, 0x00, 0x00, 0x00, 0x00, 0x00, 0x00, 0x00,
    0x00, 0x00, 0x00, 0x00, 0x00, 0x00, 0x00, 0x00, 0x00, 0x00, 0x00, 0x00,
    0x00, 0x00, 0x00, 0x00, 0x00, 0x00, 0x00, 0x00, 0x00, 0x00, 0x00, 0x00,
    0x00, 0x00, 0x00, 0x00, 0x00, 0x00, 0x00, 0x00, 0x00, 0x00, 0x00, 0x00,
    0x00, 0x00, 0x00, 0x00, 0x00, 0x00, 0x00, 0x00, 0x00, 0x00, 0x00, 0x00,
    0x00, 0x00, 0x00, 0x00, 0x00, 0x00, 0x00, 0x00, 0x00, 0x00, 0x00, 0x00,
    0x00, 0x00, 0x00, 0x00, 0x00, 0x00, 0x00, 0x00, 0x00, 0x00, 0x00, 0x00,
    0x00, 0x00, 0x00, 0x00, 0x00, 0x00, 0x00, 0x00, 0x00, 0x00, 0x00, 0x00,
    0x00, 0x00, 0x00, 0x00, 0x00, 0x00, 0x00, 0x00, 0x00, 0x00, 0x00, 0x00,
    0x00, 0x00, 0x00, 0x00, 0x00, 0x00, 0x00, 0x00, 0x90, 0x40, 0x20, 0xff,
    0x90, 0x44, 0x28, 0xff, 0x98, 0x44, 0x28, 0xff, 0xa0, 0x48, 0x28, 0xff,
    0xa0, 0x48, 0x28, 0xff, 0xa8, 0x48, 0x28, 0xff, 0xa8, 0x48, 0x28, 0xff,
    0xa8, 0x48, 0x28, 0xff, 0xb0, 0x4c, 0x28, 0xff, 0xb0, 0x4c, 0x28, 0xff,
    0xb0, 0x4c, 0x28, 0xff, 0xb0, 0x4c, 0x28, 0xff, 0xb8, 0x4c, 0x28, 0xff,
    0xb8, 0x4c, 0x28, 0xff, 0xb8, 0x50, 0x28, 0xff, 0xc0, 0x50, 0x28, 0xff,
    0xc0, 0x4c, 0x28, 0xff, 0xc0, 0x50, 0x28, 0xff, 0xb8, 0x4c, 0x28, 0xff,
    0xc0, 0x50, 0x20, 0xff, 0xc0, 0x50, 0x28, 0xff, 0xc0, 0x4c, 0x20, 0xff,
    0xc0, 0x4c, 0x20, 0xff, 0xb8, 0x4c, 0x28, 0xff, 0xc0, 0x48, 0x20, 0xff,
    0xb0, 0x44, 0x20, 0xff, 0xb8, 0x48, 0x20, 0xff, 0xc0, 0x4c, 0x28, 0xff,
    0xc0, 0x4c, 0x20, 0xff, 0xc0, 0x4c, 0x28, 0xff, 0xc0, 0x4c, 0x28, 0xff,
    0xc0, 0x4c, 0x20, 0xff, 0xc0, 0x4c, 0x20, 0xff, 0xc0, 0x4c, 0x28, 0xff,
    0xc0, 0x50, 0x28, 0xff, 0xc0, 0x4c, 0x20, 0xff, 0xc0, 0x4c, 0x28, 0xff,
    0xc0, 0x4c, 0x20, 0xff, 0xc0, 0x50, 0x28, 0xff, 0xc0, 0x50, 0x20, 0xff,
    0xc0, 0x4c, 0x28, 0xff, 0xc0, 0x4c, 0x28, 0xff, 0xc0, 0x50, 0x28, 0xff,
    0xc0, 0x50, 0x28, 0xff, 0xc0, 0x50, 0x28, 0xff, 0xc0, 0x50, 0x28, 0xff,
    0xc0, 0x50, 0x28, 0xff, 0xc0, 0x50, 0x28, 0xff, 0xc8, 0x50, 0x28, 0xff,
    0xc0, 0x50, 0x28, 0xff, 0xc8, 0x50, 0x28, 0xff, 0xc0, 0x50, 0x28, 0xff,
    0xc0, 0x50, 0x28, 0xff, 0xc0, 0x54, 0x28, 0xff, 0xc8, 0x50, 0x28, 0xff,
    0xc0, 0x50, 0x28, 0xff, 0xc8, 0x50, 0x28, 0xff, 0xc8, 0x50, 0x28, 0xff,
    0xc0, 0x50, 0x28, 0xff, 0xc8, 0x54, 0x28, 0xff, 0xc8, 0x50, 0x28, 0xff,
    0xc8, 0x54, 0x28, 0xff, 0xd0, 0x58, 0x30, 0xff, 0xd0, 0x58, 0x30, 0xff,
    0xd0, 0x5c, 0x30, 0xff, 0xd0, 0x60, 0x30, 0xff, 0xd8, 0x60, 0x38, 0xff,
    0xd8, 0x60, 0x30, 0xff, 0xd8, 0x64, 0x30, 0xff, 0xe0, 0x64, 0x38, 0xff,
    0xe0, 0x64, 0x38, 0xff, 0xe0, 0x64, 0x38, 0xff, 0xe0, 0x64, 0x30, 0xff,
    0xd8, 0x60, 0x38, 0xff, 0xe0, 0x60, 0x38, 0xff, 0xe0, 0x64, 0x30, 0xff,
    0xd8, 0x64, 0x38, 0xff, 0xe0, 0x64, 0x38, 0xff, 0xe0, 0x64, 0x30, 0xff,
    0xe0, 0x64, 0x38, 0xff, 0xe0, 0x64, 0x38, 0xff, 0xd8, 0x64, 0x38, 0xff,
    0xe0, 0x60, 0x30, 0xff, 0xe0, 0x64, 0x38, 0xff, 0xe0, 0x64, 0x38, 0xff,
    0xe0, 0x60, 0x30, 0xff, 0xe0, 0x64, 0x30, 0xff, 0xe0, 0x64, 0x38, 0xff,
    0xe0, 0x64, 0x38, 0xff, 0xe0, 0x64, 0x30, 0xff, 0xe0, 0x64, 0x38, 0xff,
    0xd8, 0x64, 0x30, 0xff, 0xe0, 0x64, 0x38, 0xff, 0xe0, 0x60, 0x38, 0xff,
    0xd8, 0x60, 0x30, 0xff, 0xe0, 0x64, 0x38, 0xff, 0xe0, 0x64, 0x38, 0xff,
    0xe0, 0x64, 0x38, 0xff, 0xe0, 0x64, 0x30, 0xff, 0xe0, 0x60, 0x38, 0xff,
    0xe0, 0x64, 0x30, 0xff, 0xe0, 0x64, 0x38, 0xff, 0xe0, 0x64, 0x38, 0xff,
    0xe0, 0x64, 0x38, 0xff, 0xd8, 0x60, 0x38, 0xff, 0xd8, 0x64, 0x38, 0xff,
    0xe0, 0x64, 0x38, 0xff, 0xd8, 0x60, 0x38, 0xff, 0xd8, 0x64, 0x30, 0xff,
    0xe0, 0x60, 0x38, 0xff, 0xe0, 0x64, 0x38, 0xff, 0xe0, 0x64, 0x38, 0xff,
    0xe0, 0x60, 0x38, 0xff, 0xd8, 0x64, 0x38, 0xff, 0xd8, 0x60, 0x38, 0xff,
    0xd8, 0x64, 0x38, 0xff, 0xe0, 0x64, 0x30, 0xff, 0xd8, 0x60, 0x30, 0xff,
    0xe0, 0x60, 0x38, 0xff, 0xd8, 0x64, 0x30, 0xff, 0xd8, 0x60, 0x38, 0xff,
    0xe0, 0x64, 0x38, 0xff, 0xe0, 0x64, 0x38, 0xff, 0xd8, 0x64, 0x38, 0xff,
    0xe0, 0x64, 0x38, 0xff, 0xe0, 0x64, 0x30, 0xff, 0xe0, 0x64, 0x38, 0xff,
    0xd8, 0x64, 0x38, 0xff, 0xe0, 0x64, 0x38, 0xff, 0xd8, 0x60, 0x38, 0xff,
    0xd8, 0x64, 0x38, 0xff, 0xe0, 0x60, 0x30, 0xff, 0xd8, 0x64, 0x38, 0xff,
    0xd8, 0x64, 0x38, 0xff, 0xd8, 0x60, 0x38, 0xff, 0xd8, 0x60, 0x38, 0xff,
    0xd0, 0x60, 0x38, 0xff, 0xd0, 0x60, 0x30, 0xff, 0xd0, 0x60, 0x38, 0xff,
    0xd0, 0x60, 0x38, 0xff, 0xd0, 0x60, 0x38, 0xff, 0xc8, 0x5c, 0x38, 0xff,
    0xc8, 0x5c, 0x38, 0xff, 0xc8, 0x60, 0x38, 0xff, 0xc0, 0x60, 0x38, 0xff,
    0xc0, 0x5c, 0x38, 0xff, 0xc0, 0x5c, 0x38, 0xff, 0xb8, 0x58, 0x38, 0xff,
    0xb8, 0x58, 0x38, 0xff, 0xb8, 0x58, 0x38, 0xff, 0xb0, 0x58, 0x38, 0xff,
    0xb0, 0x54, 0x38, 0xff, 0x00, 0x00, 0x00, 0x00, 0x00, 0x00, 0x00, 0x00,
    0x00, 0x00, 0x00, 0x00, 0x00, 0x00, 0x00, 0x00, 0x00, 0x00, 0x00, 0x00,
    0x00, 0x00, 0x00, 0x00, 0x00, 0x00, 0x00, 0x00, 0x00, 0x00, 0x00, 0x00,
    0x00, 0x00, 0x00, 0x00, 0x00, 0x00, 0x00, 0x00, 0x00, 0x00, 0x00, 0x00,
    0x00, 0x00, 0x00, 0x00, 0x00, 0x00, 0x00, 0x00, 0x00, 0x00, 0x00, 0x00,
    0x00, 0x00, 0x00, 0x00, 0x00, 0x00, 0x00, 0x00, 0x00, 0x00, 0x00, 0x00,
    0x00, 0x00, 0x00, 0x00, 0x00, 0x00, 0x00, 0x00, 0x00, 0x00, 0x00, 0x00,
    0x00, 0x00, 0x00, 0x00, 0x00, 0x00, 0x00, 0x00, 0x00, 0x00, 0x00, 0x00,
    0x00, 0x00, 0x00, 0x00, 0x00, 0x00, 0x00, 0x00, 0x00, 0x00, 0x00, 0x00,
    0x00, 0x00, 0x00, 0x00, 0x00, 0x00, 0x00, 0x00, 0x00, 0x00, 0x00, 0x00,
    0x00, 0x00, 0x00, 0x00, 0x00, 0x00, 0x00, 0x00, 0x00, 0x00, 0x00, 0x00,
    0x00, 0x00, 0x00, 0x00, 0x00, 0x00, 0x00, 0x00, 0x00, 0x00, 0x00, 0x00,
    0x00, 0x00, 0x00, 0x00, 0x00, 0x00, 0x00, 0x00, 0x00, 0x00, 0x00, 0x00,
    0x00, 0x00, 0x00, 0x00, 0x00, 0x00, 0x00, 0x00, 0x00, 0x00, 0x00, 0x00,
    0x00, 0x00, 0x00, 0x00, 0x00, 0x00, 0x00, 0x00, 0x00, 0x00, 0x00, 0x00,
    0x00, 0x00, 0x00, 0x00, 0x00, 0x00, 0x00, 0x00, 0x00, 0x00, 0x00, 0x00,
    0x00, 0x00, 0x00, 0x00, 0x00, 0x00, 0x00, 0x00, 0x00, 0x00, 0x00, 0x00,
    0x00, 0x00, 0x00, 0x00, 0x00, 0x00, 0x00, 0x00, 0x00, 0x00, 0x00, 0x00,
    0x00, 0x00, 0x00, 0x00, 0x00, 0x00, 0x00, 0x00, 0x00, 0x00, 0x00, 0x00,
    0x00, 0x00, 0x00, 0x00, 0x00, 0x00, 0x00, 0x00, 0x00, 0x00, 0x00, 0x00,
    0x90, 0x40, 0x28, 0xff, 0x90, 0x40, 0x28, 0xff, 0x98, 0x44, 0x28, 0xff,
    0xa0, 0x48, 0x28, 0xff, 0xa0, 0x48, 0x28, 0xff, 0xa0, 0x48, 0x28, 0xff,
    0xa8, 0x4c, 0x28, 0xff, 0xa8, 0x48, 0x28, 0xff, 0xb0, 0x48, 0x28, 0xff,
    0xb0, 0x48, 0x28, 0xff, 0xb0, 0x4c, 0x28, 0xff, 0xb0, 0x4c, 0x28, 0xff,
    0xb8, 0x4c, 0x28, 0xff, 0xb8, 0x4c, 0x28, 0xff, 0xb8, 0x4c, 0x28, 0xff,
    0xb8, 0x4c, 0x28, 0xff, 0xc0, 0x4c, 0x28, 0xff, 0xb8, 0x4c, 0x20, 0xff,
    0xb8, 0x4c, 0x28, 0xff, 0xb8, 0x4c, 0x20, 0xff, 0xc0, 0x4c, 0x20, 0xff,
    0xc0, 0x4c, 0x28, 0xff, 0xb8, 0x4c, 0x20, 0xff, 0xc0, 0x4c, 0x20, 0xff,
    0xb8, 0x48, 0x28, 0xff, 0xb0, 0x44, 0x20, 0xff, 0xb0, 0x44, 0x20, 0xff,
    0xc0, 0x4c, 0x28, 0xff, 0xb8, 0x4c, 0x28, 0xff, 0xb8, 0x4c, 0x20, 0xff,
    0xc0, 0x4c, 0x20, 0xff, 0xc0, 0x4c, 0x28, 0xff, 0xc0, 0x4c, 0x20, 0xff,
    0xc0, 0x4c, 0x28, 0xff, 0xc0, 0x4c, 0x28, 0xff, 0xc0, 0x4c, 0x28, 0xff,
    0xc0, 0x4c, 0x20, 0xff, 0xc0, 0x4c, 0x28, 0xff, 0xc0, 0x4c, 0x20, 0xff,
    0xc0, 0x4c, 0x28, 0xff, 0xc0, 0x4c, 0x20, 0xff, 0xc0, 0x50, 0x28, 0xff,
    0xc0, 0x4c, 0x20, 0xff, 0xc0, 0x4c, 0x28, 0xff, 0xc0, 0x50, 0x28, 0xff,
    0xc0, 0x50, 0x20, 0xff, 0xc0, 0x4c, 0x28, 0xff, 0xc0, 0x50, 0x28, 0xff,
    0xc0, 0x50, 0x28, 0xff, 0xc8, 0x50, 0x28, 0xff, 0xc8, 0x50, 0x28, 0xff,
    0xc0, 0x50, 0x28, 0xff, 0xc8, 0x50, 0x28, 0xff, 0xc8, 0x50, 0x28, 0xff,
    0xc0, 0x50, 0x28, 0xff, 0xc0, 0x50, 0x28, 0xff, 0xc8, 0x54, 0x28, 0xff,
    0xc0, 0x50, 0x28, 0xff, 0xc8, 0x50, 0x28, 0xff, 0xc8, 0x50, 0x28, 0xff,
    0xc8, 0x50, 0x28, 0xff, 0xc0, 0x50, 0x28, 0xff, 0xc8, 0x58, 0x28, 0xff,
    0xd0, 0x58, 0x30, 0xff, 0xd0, 0x58, 0x30, 0xff, 0xd0, 0x5c, 0x30, 0xff,
    0xd8, 0x60, 0x38, 0xff, 0xd8, 0x60, 0x38, 0xff, 0xe0, 0x60, 0x38, 0xff,
    0xe0, 0x64, 0x38, 0xff, 0xd8, 0x64, 0x38, 0xff, 0xe0, 0x64, 0x30, 0xff,
    0xd8, 0x64, 0x38, 0xff, 0xe0, 0x64, 0x38, 0xff, 0xe0, 0x64, 0x38, 0xff,
    0xe0, 0x64, 0x38, 0xff, 0xe0, 0x64, 0x38, 0xff, 0xe0, 0x64, 0x38, 0xff,
    0xe0, 0x64, 0x38, 0xff, 0xe0, 0x64, 0x38, 0xff, 0xd8, 0x64, 0x38, 0xff,
    0xe0, 0x64, 0x38, 0xff, 0xe0, 0x64, 0x38, 0xff, 0xd8, 0x64, 0x38, 0xff,
    0xd8, 0x64, 0x38, 0xff, 0xe0, 0x64, 0x38, 0xff, 0xd8, 0x64, 0x38, 0xff,
    0xd8, 0x64, 0x38, 0xff, 0xe0, 0x64, 0x30, 0xff, 0xe0, 0x64, 0x38, 0xff,
    0xe0, 0x60, 0x38, 0xff, 0xe0, 0x64, 0x38, 0xff, 0xe0, 0x64, 0x38, 0xff,
    0xd8, 0x64, 0x38, 0xff, 0xe0, 0x64, 0x38, 0xff, 0xe0, 0x64, 0x38, 0xff,
    0xd8, 0x64, 0x30, 0xff, 0xe0, 0x64, 0x38, 0xff, 0xd8, 0x64, 0x38, 0xff,
    0xd8, 0x64, 0x38, 0xff, 0xe0, 0x64, 0x38, 0xff, 0xd8, 0x64, 0x30, 0xff,
    0xe0, 0x60, 0x38, 0xff, 0xe0, 0x64, 0x30, 0xff, 0xe0, 0x64, 0x30, 0xff,
    0xe0, 0x64, 0x38, 0xff, 0xe0, 0x64, 0x38, 0xff, 0xe0, 0x60, 0x38, 0xff,
    0xe0, 0x64, 0x38, 0xff, 0xd8, 0x64, 0x38, 0xff, 0xe0, 0x60, 0x30, 0xff,
    0xe0, 0x64, 0x38, 0xff, 0xe0, 0x64, 0x38, 0xff, 0xe0, 0x64, 0x38, 0xff,
    0xe0, 0x64, 0x38, 0xff, 0xe0, 0x60, 0x38, 0xff, 0xe0, 0x60, 0x38, 0xff,
    0xd8, 0x64, 0x38, 0xff, 0xd8, 0x64, 0x38, 0xff, 0xe0, 0x60, 0x38, 0xff,
    0xe0, 0x64, 0x30, 0xff, 0xd8, 0x60, 0x38, 0xff, 0xe0, 0x64, 0x38, 0xff,
    0xe0, 0x64, 0x38, 0xff, 0xd8, 0x64, 0x38, 0xff, 0xd8, 0x64, 0x38, 0xff,
    0xe0, 0x64, 0x38, 0xff, 0xd8, 0x60, 0x38, 0xff, 0xd8, 0x64, 0x30, 0xff,
    0xd8, 0x64, 0x38, 0xff, 0xd8, 0x60, 0x38, 0xff, 0xd8, 0x60, 0x38, 0xff,
    0xd8, 0x64, 0x38, 0xff, 0xd8, 0x64, 0x38, 0xff, 0xd8, 0x60, 0x30, 0xff,
    0xd8, 0x60, 0x38, 0xff, 0xd0, 0x60, 0x38, 0xff, 0xd0, 0x60, 0x38, 0xff,
    0xd0, 0x60, 0x38, 0xff, 0xd0, 0x60, 0x38, 0xff, 0xc8, 0x60, 0x30, 0xff,
    0xd0, 0x60, 0x38, 0xff, 0xc8, 0x5c, 0x38, 0xff, 0xc8, 0x5c, 0x38, 0xff,
    0xc0, 0x5c, 0x38, 0xff, 0xc0, 0x5c, 0x38, 0xff, 0xc0, 0x5c, 0x38, 0xff,
    0xb8, 0x58, 0x30, 0xff, 0xb8, 0x58, 0x38, 0xff, 0xb8, 0x58, 0x38, 0xff,
    0xb0, 0x54, 0x38, 0xff, 0xa8, 0x54, 0x38, 0xff, 0x00, 0x00, 0x00, 0x00,
    0x00, 0x00, 0x00, 0x00, 0x00, 0x00, 0x00, 0x00, 0x00, 0x00, 0x00, 0x00,
    0x00, 0x00, 0x00, 0x00, 0x00, 0x00, 0x00, 0x00, 0x00, 0x00, 0x00, 0x00,
    0x00, 0x00, 0x00, 0x00, 0x00, 0x00, 0x00, 0x00, 0x00, 0x00, 0x00, 0x00,
    0x00, 0x00, 0x00, 0x00, 0x00, 0x00, 0x00, 0x00, 0x00, 0x00, 0x00, 0x00,
    0x00, 0x00, 0x00, 0x00, 0x00, 0x00, 0x00, 0x00, 0x00, 0x00, 0x00, 0x00,
    0x00, 0x00, 0x00, 0x00, 0x00, 0x00, 0x00, 0x00, 0x00, 0x00, 0x00, 0x00,
    0x00, 0x00, 0x00, 0x00, 0x00, 0x00, 0x00, 0x00, 0x00, 0x00, 0x00, 0x00,
    0x00, 0x00, 0x00, 0x00, 0x00, 0x00, 0x00, 0x00, 0x00, 0x00, 0x00, 0x00,
    0x00, 0x00, 0x00, 0x00, 0x00, 0x00, 0x00, 0x00, 0x00, 0x00, 0x00, 0x00,
    0x00, 0x00, 0x00, 0x00, 0x00, 0x00, 0x00, 0x00, 0x00, 0x00, 0x00, 0x00,
    0x00, 0x00, 0x00, 0x00, 0x00, 0x00, 0x00, 0x00, 0x00, 0x00, 0x00, 0x00,
    0x00, 0x00, 0x00, 0x00, 0x00, 0x00, 0x00, 0x00, 0x00, 0x00, 0x00, 0x00,
    0x00, 0x00, 0x00, 0x00, 0x00, 0x00, 0x00, 0x00, 0x00, 0x00, 0x00, 0x00,
    0x00, 0x00, 0x00, 0x00, 0x00, 0x00, 0x00, 0x00, 0x00, 0x00, 0x00, 0x00,
    0x00, 0x00, 0x00, 0x00, 0x00, 0x00, 0x00, 0x00, 0x00, 0x00, 0x00, 0x00,
    0x00, 0x00, 0x00, 0x00, 0x00, 0x00, 0x00, 0x00, 0x00, 0x00, 0x00, 0x00,
    0x00, 0x00, 0x00, 0x00, 0x00, 0x00, 0x00, 0x00, 0x00, 0x00, 0x00, 0x00,
    0x00, 0x00, 0x00, 0x00, 0x00, 0x00, 0x00, 0x00, 0x00, 0x00, 0x00, 0x00,
    0x00, 0x00, 0x00, 0x00, 0x00, 0x00, 0x00, 0x00, 0x00, 0x00, 0x00, 0x00,
    0x00, 0x00, 0x00, 0x00, 0x90, 0x40, 0x28, 0xff, 0x90, 0x44, 0x28, 0xff,
    0x98, 0x44, 0x28, 0xff, 0xa0, 0x44, 0x28, 0xff, 0xa0, 0x48, 0x28, 0xff,
    0xa0, 0x48, 0x28, 0xff, 0xa8, 0x48, 0x28, 0xff, 0xa8, 0x48, 0x28, 0xff,
    0xa8, 0x4c, 0x28, 0xff, 0xb0, 0x48, 0x28, 0xff, 0xb0, 0x4c, 0x28, 0xff,
    0xb0, 0x4c, 0x28, 0xff, 0xb0, 0x4c, 0x28, 0xff, 0xb8, 0x4c, 0x28, 0xff,
    0xb8, 0x4c, 0x28, 0xff, 0xb8, 0x4c, 0x28, 0xff, 0xb8, 0x4c, 0x20, 0xff,
    0xc0, 0x4c, 0x28, 0xff, 0xb8, 0x4c, 0x20, 0xff, 0xb8, 0x4c, 0x28, 0xff,
    0xc0, 0x4c, 0x28, 0xff, 0xb8, 0x4c, 0x28, 0xff, 0xb8, 0x4c, 0x20, 0xff,
    0xc0, 0x4c, 0x20, 0xff, 0xb8, 0x48, 0x20, 0xff, 0xb0, 0x44, 0x20, 0xff,
    0xb0, 0x44, 0x20, 0xff, 0xb8, 0x4c, 0x20, 0xff, 0xb8, 0x4c, 0x20, 0xff,
    0xb8, 0x4c, 0x28, 0xff, 0xb8, 0x4c, 0x20, 0xff, 0xb8, 0x4c, 0x28, 0xff,
    0xc0, 0x4c, 0x20, 0xff, 0xc0, 0x4c, 0x20, 0xff, 0xc0, 0x4c, 0x20, 0xff,
    0xc0, 0x4c, 0x20, 0xff, 0xc0, 0x4c, 0x28, 0xff, 0xc0, 0x4c, 0x28, 0xff,
    0xc0, 0x4c, 0x20, 0xff, 0xc0, 0x4c, 0x28, 0xff, 0xc0, 0x4c, 0x28, 0xff,
    0xc0, 0x4c, 0x20, 0xff, 0xc0, 0x4c, 0x28, 0xff, 0xc0, 0x4c, 0x20, 0xff,
    0xc0, 0x4c, 0x28, 0xff, 0xc0, 0x4c, 0x20, 0xff, 0xc0, 0x4c, 0x28, 0xff,
    0xc0, 0x4c, 0x28, 0xff, 0xc0, 0x4c, 0x28, 0xff, 0xc0, 0x4c, 0x28, 0xff,
    0xc0, 0x50, 0x28, 0xff, 0xc0, 0x4c, 0x28, 0xff, 0xc0, 0x4c, 0x28, 0xff,
    0xc0, 0x50, 0x28, 0xff, 0xc0, 0x50, 0x28, 0xff, 0xc0, 0x4c, 0x28, 0xff,
    0xc0, 0x50, 0x28, 0xff, 0xc0, 0x50, 0x28, 0xff, 0xc0, 0x50, 0x28, 0xff,
    0xc0, 0x50, 0x28, 0xff, 0xc0, 0x50, 0x28, 0xff, 0xc8, 0x50, 0x28, 0xff,
    0xc8, 0x54, 0x28, 0xff, 0xd0, 0x54, 0x30, 0xff, 0xd0, 0x58, 0x30, 0xff,
    0xd0, 0x5c, 0x30, 0xff, 0xd8, 0x5c, 0x30, 0xff, 0xd8, 0x60, 0x30, 0xff,
    0xd8, 0x64, 0x38, 0xff, 0xe0, 0x64, 0x38, 0xff, 0xe0, 0x64, 0x38, 0xff,
    0xe0, 0x64, 0x38, 0xff, 0xe0, 0x64, 0x38, 0xff, 0xe0, 0x64, 0x38, 0xff,
    0xe0, 0x64, 0x38, 0xff, 0xe0, 0x60, 0x38, 0xff, 0xe0, 0x64, 0x38, 0xff,
    0xd8, 0x60, 0x38, 0xff, 0xd8, 0x64, 0x38, 0xff, 0xe0, 0x60, 0x38, 0xff,
    0xe0, 0x64, 0x30, 0xff, 0xd8, 0x64, 0x38, 0xff, 0xe0, 0x64, 0x38, 0xff,
    0xe0, 0x64, 0x38, 0xff, 0xd8, 0x60, 0x38, 0xff, 0xe0, 0x64, 0x38, 0xff,
    0xe0, 0x64, 0x38, 0xff, 0xe0, 0x60, 0x38, 0xff, 0xd8, 0x64, 0x38, 0xff,
    0xd8, 0x64, 0x38, 0xff, 0xe0, 0x64, 0x38, 0xff, 0xd8, 0x64, 0x38, 0xff,
    0xd8, 0x64, 0x38, 0xff, 0xe0, 0x64, 0x38, 0xff, 0xd8, 0x64, 0x38, 0xff,
    0xe0, 0x60, 0x38, 0xff, 0xd8, 0x64, 0x38, 0xff, 0xe0, 0x60, 0x38, 0xff,
    0xe0, 0x64, 0x38, 0xff, 0xe0, 0x64, 0x38, 0xff, 0xd8, 0x64, 0x38, 0xff,
    0xd8, 0x60, 0x38, 0xff, 0xd8, 0x64, 0x38, 0xff, 0xe0, 0x64, 0x38, 0xff,
    0xd8, 0x60, 0x38, 0xff, 0xd8, 0x64, 0x38, 0xff, 0xd8, 0x64, 0x30, 0xff,
    0xd8, 0x64, 0x38, 0xff, 0xe0, 0x64, 0x38, 0xff, 0xd8, 0x64, 0x38, 0xff,
    0xd8, 0x64, 0x38, 0xff, 0xe0, 0x64, 0x38, 0xff, 0xd8, 0x64, 0x38, 0xff,
    0xd8, 0x64, 0x30, 0xff, 0xe0, 0x64, 0x30, 0xff, 0xd8, 0x64, 0x38, 0xff,
    0xe0, 0x64, 0x38, 0xff, 0xd8, 0x60, 0x38, 0xff, 0xe0, 0x64, 0x38, 0xff,
    0xe0, 0x60, 0x38, 0xff, 0xd8, 0x64, 0x38, 0xff, 0xd8, 0x60, 0x38, 0xff,
    0xe0, 0x64, 0x38, 0xff, 0xe0, 0x64, 0x38, 0xff, 0xe0, 0x64, 0x38, 0xff,
    0xe0, 0x64, 0x38, 0xff, 0xe0, 0x64, 0x38, 0xff, 0xd8, 0x64, 0x38, 0xff,
    0xe0, 0x64, 0x38, 0xff, 0xe0, 0x64, 0x38, 0xff, 0xd8, 0x60, 0x38, 0xff,
    0xd8, 0x64, 0x38, 0xff, 0xd8, 0x60, 0x38, 0xff, 0xd8, 0x64, 0x38, 0xff,
    0xd0, 0x64, 0x38, 0xff, 0xd8, 0x60, 0x38, 0xff, 0xd8, 0x60, 0x38, 0xff,
    0xd0, 0x60, 0x38, 0xff, 0xd0, 0x60, 0x38, 0xff, 0xd0, 0x60, 0x38, 0xff,
    0xc8, 0x60, 0x38, 0xff, 0xc8, 0x5c, 0x38, 0xff, 0xc8, 0x60, 0x38, 0xff,
    0xc8, 0x5c, 0x38, 0xff, 0xc0, 0x5c, 0x38, 0xff, 0xc0, 0x5c, 0x38, 0xff,
    0xc0, 0x5c, 0x38, 0xff, 0xb8, 0x58, 0x38, 0xff, 0xb8, 0x58, 0x38, 0xff,
    0xb0, 0x58, 0x38, 0xff, 0xb0, 0x54, 0x30, 0xff, 0xa8, 0x54, 0x38, 0xff,
    0x00, 0x00, 0x00, 0x00, 0x00, 0x00, 0x00, 0x00, 0x00, 0x00, 0x00, 0x00,
    0x00, 0x00, 0x00, 0x00, 0x00, 0x00, 0x00, 0x00, 0x00, 0x00, 0x00, 0x00,
    0x00, 0x00, 0x00, 0x00, 0x00, 0x00, 0x00, 0x00, 0x00, 0x00, 0x00, 0x00,
    0x00, 0x00, 0x00, 0x00, 0x00, 0x00, 0x00, 0x00, 0x00, 0x00, 0x00, 0x00,
    0x00, 0x00, 0x00, 0x00, 0x00, 0x00, 0x00, 0x00, 0x00, 0x00, 0x00, 0x00,
    0x00, 0x00, 0x00, 0x00, 0x00, 0x00, 0x00, 0x00, 0x00, 0x00, 0x00, 0x00,
    0x00, 0x00, 0x00, 0x00, 0x00, 0x00, 0x00, 0x00, 0x00, 0x00, 0x00, 0x00,
    0x00, 0x00, 0x00, 0x00, 0x00, 0x00, 0x00, 0x00, 0x00, 0x00, 0x00, 0x00,
    0x00, 0x00, 0x00, 0x00, 0x00, 0x00, 0x00, 0x00, 0x00, 0x00, 0x00, 0x00,
    0x00, 0x00, 0x00, 0x00, 0x00, 0x00, 0x00, 0x00, 0x00, 0x00, 0x00, 0x00,
    0x00, 0x00, 0x00, 0x00, 0x00, 0x00, 0x00, 0x00, 0x00, 0x00, 0x00, 0x00,
    0x00, 0x00, 0x00, 0x00, 0x00, 0x00, 0x00, 0x00, 0x00, 0x00, 0x00, 0x00,
    0x00, 0x00, 0x00, 0x00, 0x00, 0x00, 0x00, 0x00, 0x00, 0x00, 0x00, 0x00,
    0x00, 0x00, 0x00, 0x00, 0x00, 0x00, 0x00, 0x00, 0x00, 0x00, 0x00, 0x00,
    0x00, 0x00, 0x00, 0x00, 0x00, 0x00, 0x00, 0x00, 0x00, 0x00, 0x00, 0x00,
    0x00, 0x00, 0x00, 0x00, 0x00, 0x00, 0x00, 0x00, 0x00, 0x00, 0x00, 0x00,
    0x00, 0x00, 0x00, 0x00, 0x00, 0x00, 0x00, 0x00, 0x00, 0x00, 0x00, 0x00,
    0x00, 0x00, 0x00, 0x00, 0x00, 0x00, 0x00, 0x00, 0x00, 0x00, 0x00, 0x00,
    0x00, 0x00, 0x00, 0x00, 0x00, 0x00, 0x00, 0x00, 0x00, 0x00, 0x00, 0x00,
    0x00, 0x00, 0x00, 0x00, 0x00, 0x00, 0x00, 0x00, 0x90, 0x40, 0x20, 0xff,
    0x90, 0x44, 0x28, 0xff, 0x98, 0x48, 0x28, 0xff, 0xa0, 0x44, 0x28, 0xff,
    0xa0, 0x48, 0x28, 0xff, 0xa0, 0x48, 0x28, 0xff, 0xa8, 0x48, 0x28, 0xff,
    0xa8, 0x48, 0x28, 0xff, 0xa8, 0x4c, 0x28, 0xff, 0xb0, 0x48, 0x28, 0xff,
    0xb0, 0x4c, 0x28, 0xff, 0xb0, 0x4c, 0x28, 0xff, 0xb0, 0x48, 0x28, 0xff,
    0xb8, 0x4c, 0x28, 0xff, 0xb8, 0x4c, 0x28, 0xff, 0xb8, 0x4c, 0x20, 0xff,
    0xb8, 0x4c, 0x28, 0xff, 0xb8, 0x4c, 0x20, 0xff, 0xb8, 0x48, 0x28, 0xff,
    0xb8, 0x4c, 0x28, 0xff, 0xb8, 0x4c, 0x20, 0xff, 0xb8, 0x48, 0x20, 0xff,
    0xc0, 0x48, 0x20, 0xff, 0xb8, 0x48, 0x20, 0xff, 0xb0, 0x44, 0x20, 0xff,
    0xa8, 0x40, 0x20, 0xff, 0xa0, 0x40, 0x20, 0xff, 0xb0, 0x44, 0x20, 0xff,
    0xb0, 0x44, 0x20, 0xff, 0xb8, 0x44, 0x20, 0xff, 0xb0, 0x44, 0x20, 0xff,
    0xb8, 0x48, 0x20, 0xff, 0xb0, 0x44, 0x20, 0xff, 0xb0, 0x44, 0x20, 0xff,
    0xb0, 0x48, 0x20, 0xff, 0xb0, 0x48, 0x28, 0xff, 0xb0, 0x48, 0x20, 0xff,
    0xb8, 0x48, 0x20, 0xff, 0xb8, 0x48, 0x20, 0xff, 0xb8, 0x48, 0x20, 0xff,
    0xb8, 0x48, 0x20, 0xff, 0xb8, 0x48, 0x20, 0xff, 0xb8, 0x48, 0x20, 0xff,
    0xb8, 0x48, 0x20, 0xff, 0xb8, 0x48, 0x20, 0xff, 0xb8, 0x48, 0x20, 0xff,
    0xb8, 0x48, 0x20, 0xff, 0xb8, 0x48, 0x20, 0xff, 0xb8, 0x48, 0x20, 0xff,
    0xb8, 0x4c, 0x20, 0xff, 0xb8, 0x48, 0x20, 0xff, 0xb8, 0x4c, 0x20, 0xff,
    0xb8, 0x48, 0x20, 0xff, 0xb8, 0x48, 0x20, 0xff, 0xb8, 0x4c, 0x20, 0xff,
    0xc0, 0x4c, 0x28, 0xff, 0xb8, 0x4c, 0x28, 0xff, 0xc0, 0x4c, 0x28, 0xff,
    0xc0, 0x4c, 0x28, 0xff, 0xb8, 0x4c, 0x28, 0xff, 0xb8, 0x4c, 0x20, 0xff,
    0xb8, 0x48, 0x28, 0xff, 0xc0, 0x4c, 0x28, 0xff, 0xc8, 0x54, 0x28, 0xff,
    0xc8, 0x54, 0x28, 0xff, 0xd0, 0x58, 0x30, 0xff, 0xd0, 0x5c, 0x30, 0xff,
    0xd8, 0x60, 0x30, 0xff, 0xd8, 0x60, 0x30, 0xff, 0xd8, 0x60, 0x38, 0xff,
    0xd8, 0x64, 0x38, 0xff, 0xd8, 0x60, 0x38, 0xff, 0xd8, 0x64, 0x38, 0xff,
    0xd8, 0x60, 0x38, 0xff, 0xd8, 0x60, 0x30, 0xff, 0xd8, 0x64, 0x38, 0xff,
    0xe0, 0x64, 0x38, 0xff, 0xe0, 0x6c, 0x38, 0xff, 0xe0, 0x64, 0x38, 0xff,
    0xd8, 0x60, 0x38, 0xff, 0xd8, 0x64, 0x38, 0xff, 0xd8, 0x64, 0x38, 0xff,
    0xe0, 0x60, 0x38, 0xff, 0xe0, 0x64, 0x30, 0xff, 0xe0, 0x64, 0x38, 0xff,
    0xd8, 0x64, 0x38, 0xff, 0xd8, 0x64, 0x38, 0xff, 0xe0, 0x64, 0x38, 0xff,
    0xe0, 0x64, 0x38, 0xff, 0xe0, 0x64, 0x38, 0xff, 0xe0, 0x64, 0x38, 0xff,
    0xe0, 0x64, 0x38, 0xff, 0xe0, 0x60, 0x38, 0xff, 0xd8, 0x64, 0x30, 0xff,
    0xd8, 0x60, 0x38, 0xff, 0xd8, 0x64, 0x38, 0xff, 0xd8, 0x64, 0x38, 0xff,
    0xe0, 0x64, 0x38, 0xff, 0xe0, 0x60, 0x38, 0xff, 0xe0, 0x64, 0x38, 0xff,
    0xe0, 0x64, 0x38, 0xff, 0xe0, 0x64, 0x38, 0xff, 0xe0, 0x64, 0x38, 0xff,
    0xd8, 0x64, 0x38, 0xff, 0xe0, 0x60, 0x38, 0xff, 0xe0, 0x64, 0x38, 0xff,
    0xd8, 0x64, 0x38, 0xff, 0xd8, 0x60, 0x38, 0xff, 0xd8, 0x64, 0x38, 0xff,
    0xd8, 0x64, 0x38, 0xff, 0xe0, 0x60, 0x38, 0xff, 0xe0, 0x64, 0x38, 0xff,
    0xd8, 0x64, 0x38, 0xff, 0xe0, 0x60, 0x38, 0xff, 0xd8, 0x64, 0x38, 0xff,
    0xd8, 0x64, 0x38, 0xff, 0xd8, 0x64, 0x38, 0xff, 0xd8, 0x64, 0x38, 0xff,
    0xd8, 0x64, 0x38, 0xff, 0xd8, 0x64, 0x30, 0xff, 0xd8, 0x60, 0x38, 0xff,
    0xd8, 0x64, 0x38, 0xff, 0xd8, 0x64, 0x38, 0xff, 0xd8, 0x64, 0x38, 0xff,
    0xd8, 0x64, 0x38, 0xff, 0xd8, 0x64, 0x38, 0xff, 0xd8, 0x64, 0x38, 0xff,
    0xd8, 0x64, 0x38, 0xff, 0xd8, 0x64, 0x38, 0xff, 0xd8, 0x64, 0x38, 0xff,
    0xd8, 0x64, 0x38, 0xff, 0xd8, 0x64, 0x38, 0xff, 0xd8, 0x64, 0x38, 0xff,
    0xd8, 0x60, 0x38, 0xff, 0xd8, 0x64, 0x38, 0xff, 0xd0, 0x60, 0x38, 0xff,
    0xd0, 0x60, 0x38, 0xff, 0xd0, 0x60, 0x38, 0xff, 0xd0, 0x60, 0x38, 0xff,
    0xc8, 0x60, 0x38, 0xff, 0xc8, 0x5c, 0x38, 0xff, 0xc8, 0x60, 0x38, 0xff,
    0xc8, 0x5c, 0x38, 0xff, 0xc0, 0x5c, 0x38, 0xff, 0xc0, 0x5c, 0x38, 0xff,
    0xc0, 0x5c, 0x38, 0xff, 0xb8, 0x58, 0x38, 0xff, 0xb8, 0x58, 0x38, 0xff,
    0xb0, 0x58, 0x38, 0xff, 0xb0, 0x58, 0x38, 0xff, 0xb0, 0x54, 0x38, 0xff,
    0xa8, 0x54, 0x38, 0xff, 0x00, 0x00, 0x00, 0x00, 0x00, 0x00, 0x00, 0x00,
    0x00, 0x00, 0x00, 0x00, 0x00, 0x00, 0x00, 0x00, 0x00, 0x00, 0x00, 0x00,
    0x00, 0x00, 0x00, 0x00, 0x00, 0x00, 0x00, 0x00, 0x00, 0x00, 0x00, 0x00,
    0x00, 0x00, 0x00, 0x00, 0x00, 0x00, 0x00, 0x00, 0x00, 0x00, 0x00, 0x00,
    0x00, 0x00, 0x00, 0x00, 0x00, 0x00, 0x00, 0x00, 0x00, 0x00, 0x00, 0x00,
    0x00, 0x00, 0x00, 0x00, 0x00, 0x00, 0x00, 0x00, 0x00, 0x00, 0x00, 0x00,
    0x00, 0x00, 0x00, 0x00, 0x00, 0x00, 0x00, 0x00, 0x00, 0x00, 0x00, 0x00,
    0x00, 0x00, 0x00, 0x00, 0x00, 0x00, 0x00, 0x00, 0x00, 0x00, 0x00, 0x00,
    0x00, 0x00, 0x00, 0x00, 0x00, 0x00, 0x00, 0x00, 0x00, 0x00, 0x00, 0x00,
    0x00, 0x00, 0x00, 0x00, 0x00, 0x00, 0x00, 0x00, 0x00, 0x00, 0x00, 0x00,
    0x00, 0x00, 0x00, 0x00, 0x00, 0x00, 0x00, 0x00, 0x00, 0x00, 0x00, 0x00,
    0x00, 0x00, 0x00, 0x00, 0x00, 0x00, 0x00, 0x00, 0x00, 0x00, 0x00, 0x00,
    0x00, 0x00, 0x00, 0x00, 0x00, 0x00, 0x00, 0x00, 0x00, 0x00, 0x00, 0x00,
    0x00, 0x00, 0x00, 0x00, 0x00, 0x00, 0x00, 0x00, 0x00, 0x00, 0x00, 0x00,
    0x00, 0x00, 0x00, 0x00, 0x00, 0x00, 0x00, 0x00, 0x00, 0x00, 0x00, 0x00,
    0x00, 0x00, 0x00, 0x00, 0x00, 0x00, 0x00, 0x00, 0x00, 0x00, 0x00, 0x00,
    0x00, 0x00, 0x00, 0x00, 0x00, 0x00, 0x00, 0x00, 0x00, 0x00, 0x00, 0x00,
    0x00, 0x00, 0x00, 0x00, 0x00, 0x00, 0x00, 0x00, 0x00, 0x00, 0x00, 0x00,
    0x00, 0x00, 0x00, 0x00, 0x00, 0x00, 0x00, 0x00, 0x00, 0x00, 0x00, 0x00,
    0x00, 0x00, 0x00, 0x00, 0x00, 0x00, 0x00, 0x00, 0x00, 0x00, 0x00, 0x00,
    0x90, 0x40, 0x28, 0xff, 0x98, 0x44, 0x28, 0xff, 0x98, 0x44, 0x28, 0xff,
    0x98, 0x48, 0x28, 0xff, 0xa0, 0x48, 0x28, 0xff, 0xa0, 0x48, 0x28, 0xff,
    0xa0, 0x48, 0x28, 0xff, 0xa8, 0x48, 0x28, 0xff, 0xa8, 0x48, 0x28, 0xff,
    0xa8, 0x4c, 0x28, 0xff, 0xa8, 0x48, 0x28, 0xff, 0xb0, 0x48, 0x28, 0xff,
    0xb0, 0x48, 0x28, 0xff, 0xb0, 0x4c, 0x20, 0xff, 0xb0, 0x48, 0x20, 0xff,
    0xb0, 0x4c, 0x28, 0xff, 0xb8, 0x4c, 0x28, 0xff, 0xb8, 0x4c, 0x20, 0xff,
    0xb0, 0x48, 0x20, 0xff, 0xb8, 0x48, 0x28, 0xff, 0xb8, 0x4c, 0x20, 0xff,
    0xb8, 0x48, 0x20, 0xff, 0xb8, 0x48, 0x20, 0xff, 0xb8, 0x48, 0x20, 0xff,
    0xb8, 0x44, 0x20, 0xff, 0xb8, 0x48, 0x20, 0xff, 0xb8, 0x48, 0x20, 0xff,
    0xb8, 0x48, 0x20, 0xff, 0xc0, 0x4c, 0x20, 0xff, 0xc0, 0x4c, 0x20, 0xff,
    0xc0, 0x4c, 0x28, 0xff, 0xc0, 0x4c, 0x28, 0xff, 0xc0, 0x4c, 0x28, 0xff,
    0xc0, 0x4c, 0x28, 0xff, 0xc0, 0x4c, 0x28, 0xff, 0xc0, 0x4c, 0x28, 0xff,
    0xc0, 0x4c, 0x28, 0xff, 0xc0, 0x4c, 0x28, 0xff, 0xc0, 0x50, 0x28, 0xff,
    0xc0, 0x50, 0x28, 0xff, 0xc0, 0x50, 0x28, 0xff, 0xc8, 0x50, 0x28, 0xff,
    0xc8, 0x50, 0x28, 0xff, 0xc8, 0x50, 0x28, 0xff, 0xc8, 0x50, 0x28, 0xff,
    0xc8, 0x50, 0x28, 0xff, 0xc8, 0x54, 0x28, 0xff, 0xc8, 0x54, 0x28, 0xff,
    0xc8, 0x54, 0x28, 0xff, 0xc8, 0x50, 0x28, 0xff, 0xc8, 0x54, 0x28, 0xff,
    0xc8, 0x54, 0x28, 0xff, 0xc8, 0x54, 0x28, 0xff, 0xc8, 0x54, 0x28, 0xff,
    0xc8, 0x54, 0x28, 0xff, 0xc8, 0x54, 0x28, 0xff, 0xc8, 0x54, 0x28, 0xff,
    0xc8, 0x54, 0x28, 0xff, 0xc8, 0x54, 0x28, 0xff, 0xc8, 0x50, 0x28, 0xff,
    0xc8, 0x54, 0x28, 0xff, 0xc8, 0x54, 0x28, 0xff, 0xd0, 0x58, 0x30, 0xff,
    0xd0, 0x5c, 0x30, 0xff, 0xd8, 0x60, 0x30, 0xff, 0xd8, 0x60, 0x38, 0xff,
    0xe0, 0x64, 0x38, 0xff, 0xe0, 0x64, 0x38, 0xff, 0xe0, 0x64, 0x38, 0xff,
    0xe0, 0x68, 0x38, 0xff, 0xe0, 0x68, 0x38, 0xff, 0xe0, 0x68, 0x38, 0xff,
    0xe0, 0x64, 0x38, 0xff, 0xe8, 0x68, 0x38, 0xff, 0xe8, 0x70, 0x40, 0xff,
    0xe8, 0x6c, 0x38, 0xff, 0xe0, 0x64, 0x38, 0xff, 0xd0, 0x58, 0x30, 0xff,
    0xd8, 0x60, 0x30, 0xff, 0xe0, 0x64, 0x38, 0xff, 0xd8, 0x64, 0x38, 0xff,
    0xe0, 0x60, 0x38, 0xff, 0xe0, 0x60, 0x38, 0xff, 0xd8, 0x64, 0x38, 0xff,
    0xe0, 0x64, 0x38, 0xff, 0xe0, 0x64, 0x38, 0xff, 0xe0, 0x64, 0x38, 0xff,
    0xd8, 0x64, 0x38, 0xff, 0xe0, 0x64, 0x38, 0xff, 0xd8, 0x64, 0x38, 0xff,
    0xd8, 0x60, 0x30, 0xff, 0xd8, 0x60, 0x38, 0xff, 0xe0, 0x64, 0x38, 0xff,
    0xe0, 0x60, 0x38, 0xff, 0xe0, 0x60, 0x38, 0xff, 0xe0, 0x60, 0x38, 0xff,
    0xd8, 0x64, 0x30, 0xff, 0xd8, 0x64, 0x38, 0xff, 0xd8, 0x64, 0x38, 0xff,
    0xd8, 0x64, 0x38, 0xff, 0xd8, 0x64, 0x38, 0xff, 0xe0, 0x64, 0x38, 0xff,
    0xe0, 0x60, 0x38, 0xff, 0xd8, 0x64, 0x38, 0xff, 0xe0, 0x60, 0x38, 0xff,
    0xe0, 0x60, 0x38, 0xff, 0xe0, 0x60, 0x38, 0xff, 0xe0, 0x60, 0x38, 0xff,
    0xe0, 0x60, 0x30, 0xff, 0xd8, 0x60, 0x38, 0xff, 0xe0, 0x64, 0x38, 0xff,
    0xe0, 0x64, 0x38, 0xff, 0xe0, 0x64, 0x38, 0xff, 0xe0, 0x60, 0x38, 0xff,
    0xe0, 0x60, 0x38, 0xff, 0xe0, 0x60, 0x38, 0xff, 0xe0, 0x60, 0x38, 0xff,
    0xd8, 0x60, 0x38, 0xff, 0xd8, 0x60, 0x38, 0xff, 0xe0, 0x60, 0x38, 0xff,
    0xd8, 0x64, 0x30, 0xff, 0xd8, 0x60, 0x38, 0xff, 0xd8, 0x64, 0x38, 0xff,
    0xe0, 0x64, 0x38, 0xff, 0xd8, 0x64, 0x38, 0xff, 0xd8, 0x64, 0x38, 0xff,
    0xd8, 0x60, 0x38, 0xff, 0xe0, 0x64, 0x38, 0xff, 0xd8, 0x60, 0x38, 0xff,
    0xd8, 0x64, 0x38, 0xff, 0xd8, 0x64, 0x38, 0xff, 0xd8, 0x64, 0x38, 0xff,
    0xd8, 0x60, 0x38, 0xff, 0xd8, 0x60, 0x38, 0xff, 0xd0, 0x60, 0x38, 0xff,
    0xd0, 0x60, 0x38, 0xff, 0xd0, 0x60, 0x38, 0xff, 0xd0, 0x60, 0x38, 0xff,
    0xd0, 0x60, 0x38, 0xff, 0xc8, 0x60, 0x38, 0xff, 0xc8, 0x5c, 0x38, 0xff,
    0xc8, 0x60, 0x38, 0xff, 0xc0, 0x5c, 0x38, 0xff, 0xc0, 0x5c, 0x38, 0xff,
    0xc0, 0x5c, 0x38, 0xff, 0xb8, 0x5c, 0x38, 0xff, 0xb8, 0x58, 0x38, 0xff,
    0xb8, 0x58, 0x38, 0xff, 0xb0, 0x58, 0x30, 0xff, 0xb0, 0x54, 0x38, 0xff,
    0xa8, 0x54, 0x38, 0xff, 0xa8, 0x54, 0x38, 0xff, 0x00, 0x00, 0x00, 0x00,
    0x00, 0x00, 0x00, 0x00, 0x00, 0x00, 0x00, 0x00, 0x00, 0x00, 0x00, 0x00,
    0x00, 0x00, 0x00, 0x00, 0x00, 0x00, 0x00, 0x00, 0x00, 0x00, 0x00, 0x00,
    0x00, 0x00, 0x00, 0x00, 0x00, 0x00, 0x00, 0x00, 0x00, 0x00, 0x00, 0x00,
    0x00, 0x00, 0x00, 0x00, 0x00, 0x00, 0x00, 0x00, 0x00, 0x00, 0x00, 0x00,
    0x00, 0x00, 0x00, 0x00, 0x00, 0x00, 0x00, 0x00, 0x00, 0x00, 0x00, 0x00,
    0x00, 0x00, 0x00, 0x00, 0x00, 0x00, 0x00, 0x00, 0x00, 0x00, 0x00, 0x00,
    0x00, 0x00, 0x00, 0x00, 0x00, 0x00, 0x00, 0x00, 0x00, 0x00, 0x00, 0x00,
    0x00, 0x00, 0x00, 0x00, 0x00, 0x00, 0x00, 0x00, 0x00, 0x00, 0x00, 0x00,
    0x00, 0x00, 0x00, 0x00, 0x00, 0x00, 0x00, 0x00, 0x00, 0x00, 0x00, 0x00,
    0x00, 0x00, 0x00, 0x00, 0x00, 0x00, 0x00, 0x00, 0x00, 0x00, 0x00, 0x00,
    0x00, 0x00, 0x00, 0x00, 0x00, 0x00, 0x00, 0x00, 0x00, 0x00, 0x00, 0x00,
    0x00, 0x00, 0x00, 0x00, 0x00, 0x00, 0x00, 0x00, 0x00, 0x00, 0x00, 0x00,
    0x00, 0x00, 0x00, 0x00, 0x00, 0x00, 0x00, 0x00, 0x00, 0x00, 0x00, 0x00,
    0x00, 0x00, 0x00, 0x00, 0x00, 0x00, 0x00, 0x00, 0x00, 0x00, 0x00, 0x00,
    0x00, 0x00, 0x00, 0x00, 0x00, 0x00, 0x00, 0x00, 0x00, 0x00, 0x00, 0x00,
    0x00, 0x00, 0x00, 0x00, 0x00, 0x00, 0x00, 0x00, 0x00, 0x00, 0x00, 0x00,
    0x00, 0x00, 0x00, 0x00, 0x00, 0x00, 0x00, 0x00, 0x00, 0x00, 0x00, 0x00,
    0x00, 0x00, 0x00, 0x00, 0x00, 0x00, 0x00, 0x00, 0x00, 0x00, 0x00, 0x00,
    0x00, 0x00, 0x00, 0x00, 0x00, 0x00, 0x00, 0x00, 0x00, 0x00, 0x00, 0x00,
    0x00, 0x00, 0x00, 0x00, 0x90, 0x40, 0x28, 0xff, 0x90, 0x44, 0x28, 0xff,
    0x98, 0x44, 0x28, 0xff, 0x98, 0x44, 0x28, 0xff, 0xa0, 0x48, 0x28, 0xff,
    0xa0, 0x48, 0x28, 0xff, 0xa0, 0x48, 0x28, 0xff, 0xa8, 0x48, 0x28, 0xff,
    0xa8, 0x48, 0x28, 0xff, 0xa8, 0x48, 0x28, 0xff, 0xa8, 0x48, 0x28, 0xff,
    0xb0, 0x48, 0x28, 0xff, 0xb0, 0x48, 0x20, 0xff, 0xb0, 0x4c, 0x20, 0xff,
    0xb0, 0x48, 0x28, 0xff, 0xb0, 0x48, 0x28, 0xff, 0xb8, 0x48, 0x20, 0xff,
    0xb8, 0x48, 0x20, 0xff, 0xa8, 0x44, 0x20, 0xff, 0xb8, 0x48, 0x20, 0xff,
    0xb8, 0x4c, 0x28, 0xff, 0xb8, 0x4c, 0x20, 0xff, 0xb8, 0x4c, 0x28, 0xff,
    0xc0, 0x4c, 0x28, 0xff, 0xc0, 0x50, 0x28, 0xff, 0xc0, 0x50, 0x28, 0xff,
    0xc8, 0x50, 0x28, 0xff, 0xc8, 0x50, 0x28, 0xff, 0xc8, 0x50, 0x28, 0xff,
    0xc0, 0x50, 0x28, 0xff, 0xc0, 0x50, 0x28, 0xff, 0xc0, 0x50, 0x28, 0xff,
    0xc8, 0x50, 0x28, 0xff, 0xc0, 0x50, 0x28, 0xff, 0xc8, 0x50, 0x28, 0xff,
    0xc8, 0x50, 0x28, 0xff, 0xc8, 0x54, 0x28, 0xff, 0xc8, 0x50, 0x28, 0xff,
    0xc8, 0x50, 0x28, 0xff, 0xc8, 0x54, 0x28, 0xff, 0xc8, 0x54, 0x28, 0xff,
    0xc8, 0x54, 0x28, 0xff, 0xc8, 0x54, 0x28, 0xff, 0xc8, 0x54, 0x28, 0xff,
    0xc8, 0x54, 0x28, 0xff, 0xc8, 0x54, 0x28, 0xff, 0xc8, 0x54, 0x28, 0xff,
    0xc8, 0x54, 0x28, 0xff, 0xd0, 0x54, 0x28, 0xff, 0xc8, 0x54, 0x28, 0xff,
    0xc8, 0x54, 0x28, 0xff, 0xc8, 0x54, 0x28, 0xff, 0xc8, 0x54, 0x28, 0xff,
    0xc8, 0x54, 0x28, 0xff, 0xd0, 0x54, 0x28, 0xff, 0xc8, 0x54, 0x28, 0xff,
    0xc8, 0x54, 0x28, 0xff, 0xc8, 0x54, 0x28, 0xff, 0xd0, 0x58, 0x28, 0xff,
    0xd0, 0x5c, 0x30, 0xff, 0xd8, 0x60, 0x30, 0xff, 0xe0, 0x64, 0x38, 0xff,
    0xe0, 0x64, 0x38, 0xff, 0xe0, 0x68, 0x38, 0xff, 0xe0, 0x68, 0x38, 0xff,
    0xe0, 0x68, 0x38, 0xff, 0xe0, 0x68, 0x38, 0xff, 0xe0, 0x68, 0x38, 0xff,
    0xe0, 0x68, 0x38, 0xff, 0xe0, 0x68, 0x38, 0xff, 0xe0, 0x68, 0x38, 0xff,
    0xe8, 0x6c, 0x40, 0xff, 0xf0, 0x70, 0x40, 0xff, 0xe0, 0x68, 0x38, 0xff,
    0xd8, 0x60, 0x30, 0xff, 0xd0, 0x58, 0x30, 0xff, 0xc0, 0x50, 0x28, 0xff,
    0xc0, 0x4c, 0x28, 0xff, 0xd0, 0x5c, 0x30, 0xff, 0xe0, 0x68, 0x38, 0xff,
    0xe0, 0x64, 0x38, 0xff, 0xd8, 0x64, 0x38, 0xff, 0xd8, 0x64, 0x38, 0xff,
    0xd8, 0x64, 0x38, 0xff, 0xd8, 0x64, 0x38, 0xff, 0xd8, 0x64, 0x38, 0xff,
    0xd8, 0x64, 0x38, 0xff, 0xd8, 0x64, 0x38, 0xff, 0xd8, 0x60, 0x38, 0xff,
    0xd8, 0x60, 0x30, 0xff, 0xd0, 0x60, 0x30, 0xff, 0xd8, 0x64, 0x38, 0xff,
    0xd8, 0x64, 0x38, 0xff, 0xd8, 0x64, 0x38, 0xff, 0xd8, 0x64, 0x38, 0xff,
    0xd8, 0x64, 0x38, 0xff, 0xe0, 0x64, 0x38, 0xff, 0xd8, 0x64, 0x38, 0xff,
    0xd8, 0x64, 0x38, 0xff, 0xd8, 0x64, 0x38, 0xff, 0xd8, 0x64, 0x38, 0xff,
    0xd8, 0x64, 0x38, 0xff, 0xd8, 0x64, 0x38, 0xff, 0xd8, 0x64, 0x38, 0xff,
    0xd8, 0x64, 0x38, 0xff, 0xd8, 0x64, 0x38, 0xff, 0xd8, 0x64, 0x38, 0xff,
    0xd8, 0x64, 0x38, 0xff, 0xd8, 0x64, 0x38, 0xff, 0xd8, 0x64, 0x38, 0xff,
    0xd8, 0x64, 0x38, 0xff, 0xd8, 0x64, 0x38, 0xff, 0xd8, 0x64, 0x38, 0xff,
    0xd8, 0x64, 0x38, 0xff, 0xd8, 0x64, 0x38, 0xff, 0xd8, 0x64, 0x38, 0xff,
    0xd8, 0x64, 0x38, 0xff, 0xe0, 0x64, 0x30, 0xff, 0xe0, 0x60, 0x38, 0xff,
    0xd8, 0x64, 0x38, 0xff, 0xd8, 0x64, 0x38, 0xff, 0xd8, 0x60, 0x38, 0xff,
    0xd8, 0x60, 0x38, 0xff, 0xd8, 0x64, 0x30, 0xff, 0xd8, 0x64, 0x38, 0xff,
    0xd8, 0x60, 0x38, 0xff, 0xd8, 0x64, 0x38, 0xff, 0xd8, 0x64, 0x38, 0xff,
    0xd8, 0x64, 0x38, 0xff, 0xd8, 0x60, 0x38, 0xff, 0xd8, 0x60, 0x38, 0xff,
    0xd8, 0x60, 0x38, 0xff, 0xd8, 0x64, 0x38, 0xff, 0xd0, 0x60, 0x38, 0xff,
    0xd0, 0x60, 0x38, 0xff, 0xd0, 0x60, 0x38, 0xff, 0xd0, 0x60, 0x38, 0xff,
    0xd0, 0x60, 0x38, 0xff, 0xc8, 0x60, 0x38, 0xff, 0xc8, 0x60, 0x38, 0xff,
    0xc8, 0x5c, 0x38, 0xff, 0xc8, 0x5c, 0x38, 0xff, 0xc0, 0x5c, 0x38, 0xff,
    0xc0, 0x5c, 0x38, 0xff, 0xc0, 0x5c, 0x38, 0xff, 0xb8, 0x58, 0x38, 0xff,
    0xb8, 0x58, 0x38, 0xff, 0xb8, 0x58, 0x38, 0xff, 0xb0, 0x58, 0x38, 0xff,
    0xb0, 0x54, 0x38, 0xff, 0xa8, 0x54, 0x38, 0xff, 0xa8, 0x54, 0x38, 0xff,
    0x00, 0x00, 0x00, 0x00, 0x00, 0x00, 0x00, 0x00, 0x00, 0x00, 0x00, 0x00,
    0x00, 0x00, 0x00, 0x00, 0x00, 0x00, 0x00, 0x00, 0x00, 0x00, 0x00, 0x00,
    0x00, 0x00, 0x00, 0x00, 0x00, 0x00, 0x00, 0x00, 0x00, 0x00, 0x00, 0x00,
    0x00, 0x00, 0x00, 0x00, 0x00, 0x00, 0x00, 0x00, 0x00, 0x00, 0x00, 0x00,
    0x00, 0x00, 0x00, 0x00, 0x00, 0x00, 0x00, 0x00, 0x00, 0x00, 0x00, 0x00,
    0x00, 0x00, 0x00, 0x00, 0x00, 0x00, 0x00, 0x00, 0x00, 0x00, 0x00, 0x00,
    0x00, 0x00, 0x00, 0x00, 0x00, 0x00, 0x00, 0x00, 0x00, 0x00, 0x00, 0x00,
    0x00, 0x00, 0x00, 0x00, 0x00, 0x00, 0x00, 0x00, 0x00, 0x00, 0x00, 0x00,
    0x00, 0x00, 0x00, 0x00, 0x00, 0x00, 0x00, 0x00, 0x00, 0x00, 0x00, 0x00,
    0x00, 0x00, 0x00, 0x00, 0x00, 0x00, 0x00, 0x00, 0x00, 0x00, 0x00, 0x00,
    0x00, 0x00, 0x00, 0x00, 0x00, 0x00, 0x00, 0x00, 0x00, 0x00, 0x00, 0x00,
    0x00, 0x00, 0x00, 0x00, 0x00, 0x00, 0x00, 0x00, 0x00, 0x00, 0x00, 0x00,
    0x00, 0x00, 0x00, 0x00, 0x00, 0x00, 0x00, 0x00, 0x00, 0x00, 0x00, 0x00,
    0x00, 0x00, 0x00, 0x00, 0x00, 0x00, 0x00, 0x00, 0x00, 0x00, 0x00, 0x00,
    0x00, 0x00, 0x00, 0x00, 0x00, 0x00, 0x00, 0x00, 0x00, 0x00, 0x00, 0x00,
    0x00, 0x00, 0x00, 0x00, 0x00, 0x00, 0x00, 0x00, 0x00, 0x00, 0x00, 0x00,
    0x00, 0x00, 0x00, 0x00, 0x00, 0x00, 0x00, 0x00, 0x00, 0x00, 0x00, 0x00,
    0x00, 0x00, 0x00, 0x00, 0x00, 0x00, 0x00, 0x00, 0x00, 0x00, 0x00, 0x00,
    0x00, 0x00, 0x00, 0x00, 0x00, 0x00, 0x00, 0x00, 0x00, 0x00, 0x00, 0x00,
    0x00, 0x00, 0x00, 0x00, 0x00, 0x00, 0x00, 0x00, 0x88, 0x40, 0x28, 0xff,
    0x90, 0x44, 0x28, 0xff, 0x98, 0x44, 0x28, 0xff, 0x98, 0x44, 0x28, 0xff,
    0xa0, 0x48, 0x28, 0xff, 0xa0, 0x48, 0x28, 0xff, 0xa0, 0x44, 0x28, 0xff,
    0xa0, 0x48, 0x28, 0xff, 0xa8, 0x48, 0x28, 0xff, 0xa8, 0x44, 0x20, 0xff,
    0xa8, 0x48, 0x28, 0xff, 0xb0, 0x48, 0x28, 0xff, 0xb0, 0x48, 0x20, 0xff,
    0xb0, 0x48, 0x20, 0xff, 0xb0, 0x48, 0x28, 0xff, 0xb0, 0x48, 0x20, 0xff,
    0xb0, 0x48, 0x20, 0xff, 0xb8, 0x48, 0x28, 0xff, 0xb8, 0x48, 0x20, 0xff,
    0xb8, 0x48, 0x28, 0xff, 0xc0, 0x4c, 0x28, 0xff, 0xb8, 0x4c, 0x28, 0xff,
    0xc0, 0x4c, 0x28, 0xff, 0xc0, 0x50, 0x20, 0xff, 0xc0, 0x4c, 0x28, 0xff,
    0xb8, 0x4c, 0x20, 0xff, 0xc0, 0x4c, 0x20, 0xff, 0xb8, 0x4c, 0x20, 0xff,
    0xb8, 0x4c, 0x20, 0xff, 0xb8, 0x48, 0x20, 0xff, 0xb8, 0x4c, 0x20, 0xff,
    0xb8, 0x4c, 0x20, 0xff, 0xb8, 0x4c, 0x20, 0xff, 0xc0, 0x4c, 0x20, 0xff,
    0xc0, 0x4c, 0x20, 0xff, 0xc0, 0x50, 0x20, 0xff, 0xc0, 0x50, 0x28, 0xff,
    0xc0, 0x50, 0x28, 0xff, 0xc0, 0x50, 0x20, 0xff, 0xc0, 0x4c, 0x28, 0xff,
    0xc0, 0x4c, 0x28, 0xff, 0xc0, 0x4c, 0x28, 0xff, 0xc0, 0x50, 0x28, 0xff,
    0xc0, 0x50, 0x28, 0xff, 0xc0, 0x50, 0x28, 0xff, 0xc0, 0x50, 0x28, 0xff,
    0xc0, 0x4c, 0x28, 0xff, 0xc0, 0x4c, 0x28, 0xff, 0xc0, 0x50, 0x28, 0xff,
    0xc0, 0x50, 0x28, 0xff, 0xc0, 0x50, 0x28, 0xff, 0xc0, 0x50, 0x28, 0xff,
    0xc0, 0x50, 0x28, 0xff, 0xc0, 0x50, 0x28, 0xff, 0xc0, 0x50, 0x28, 0xff,
    0xc0, 0x54, 0x28, 0xff, 0xc8, 0x54, 0x28, 0xff, 0xd0, 0x58, 0x30, 0xff,
    0xd0, 0x5c, 0x30, 0xff, 0xd8, 0x60, 0x38, 0xff, 0xd8, 0x60, 0x38, 0xff,
    0xd8, 0x64, 0x38, 0xff, 0xd8, 0x64, 0x38, 0xff, 0xd8, 0x64, 0x38, 0xff,
    0xe0, 0x64, 0x38, 0xff, 0xe0, 0x64, 0x38, 0xff, 0xe0, 0x64, 0x38, 0xff,
    0xe0, 0x64, 0x38, 0xff, 0xe0, 0x68, 0x38, 0xff, 0xe8, 0x6c, 0x40, 0xff,
    0xe8, 0x6c, 0x40, 0xff, 0xd8, 0x64, 0x38, 0xff, 0xd8, 0x60, 0x30, 0xff,
    0xc0, 0x54, 0x28, 0xff, 0xb8, 0x4c, 0x28, 0xff, 0xc0, 0x50, 0x28, 0xff,
    0xc8, 0x54, 0x30, 0xff, 0xc0, 0x54, 0x28, 0xff, 0xc8, 0x58, 0x30, 0xff,
    0xe0, 0x68, 0x38, 0xff, 0xd8, 0x64, 0x38, 0xff, 0xd8, 0x64, 0x38, 0xff,
    0xd8, 0x64, 0x38, 0xff, 0xd8, 0x64, 0x38, 0xff, 0xd8, 0x64, 0x38, 0xff,
    0xd8, 0x64, 0x38, 0xff, 0xd8, 0x64, 0x38, 0xff, 0xd8, 0x60, 0x30, 0xff,
    0xd8, 0x60, 0x38, 0xff, 0xd8, 0x60, 0x38, 0xff, 0xd8, 0x60, 0x38, 0xff,
    0xd8, 0x60, 0x38, 0xff, 0xd8, 0x64, 0x38, 0xff, 0xd8, 0x64, 0x38, 0xff,
    0xd8, 0x64, 0x38, 0xff, 0xd8, 0x64, 0x38, 0xff, 0xd8, 0x64, 0x38, 0xff,
    0xd8, 0x60, 0x38, 0xff, 0xd8, 0x64, 0x38, 0xff, 0xd8, 0x60, 0x38, 0xff,
    0xd8, 0x64, 0x38, 0xff, 0xd8, 0x64, 0x38, 0xff, 0xd8, 0x64, 0x38, 0xff,
    0xd8, 0x64, 0x38, 0xff, 0xd8, 0x64, 0x38, 0xff, 0xd8, 0x64, 0x38, 0xff,
    0xd8, 0x64, 0x38, 0xff, 0xd8, 0x64, 0x38, 0xff, 0xd8, 0x64, 0x38, 0xff,
    0xd8, 0x64, 0x38, 0xff, 0xd8, 0x64, 0x38, 0xff, 0xd8, 0x64, 0x38, 0xff,
    0xd8, 0x64, 0x38, 0xff, 0xd8, 0x64, 0x38, 0xff, 0xd8, 0x64, 0x38, 0xff,
    0xd8, 0x64, 0x38, 0xff, 0xd8, 0x64, 0x38, 0xff, 0xd8, 0x64, 0x38, 0xff,
    0xd8, 0x64, 0x38, 0xff, 0xd8, 0x60, 0x38, 0xff, 0xe0, 0x64, 0x38, 0xff,
    0xd8, 0x60, 0x38, 0xff, 0xd8, 0x60, 0x38, 0xff, 0xd8, 0x64, 0x38, 0xff,
    0xd8, 0x64, 0x38, 0xff, 0xd8, 0x64, 0x38, 0xff, 0xd8, 0x64, 0x38, 0xff,
    0xd8, 0x64, 0x38, 0xff, 0xd8, 0x64, 0x38, 0xff, 0xd8, 0x60, 0x38, 0xff,
    0xd8, 0x64, 0x38, 0xff, 0xd0, 0x64, 0x38, 0xff, 0xd0, 0x60, 0x38, 0xff,
    0xd0, 0x60, 0x38, 0xff, 0xd0, 0x60, 0x38, 0xff, 0xd0, 0x60, 0x38, 0xff,
    0xd0, 0x60, 0x38, 0xff, 0xc8, 0x60, 0x38, 0xff, 0xc8, 0x60, 0x38, 0xff,
    0xc8, 0x5c, 0x38, 0xff, 0xc8, 0x60, 0x38, 0xff, 0xc0, 0x5c, 0x38, 0xff,
    0xc0, 0x5c, 0x38, 0xff, 0xc0, 0x5c, 0x38, 0xff, 0xc0, 0x5c, 0x38, 0xff,
    0xb8, 0x58, 0x38, 0xff, 0xb8, 0x58, 0x38, 0xff, 0xb0, 0x58, 0x38, 0xff,
    0xb0, 0x54, 0x38, 0xff, 0xa8, 0x54, 0x38, 0xff, 0xa8, 0x54, 0x30, 0xff,
    0xa8, 0x54, 0x38, 0xff, 0x00, 0x00, 0x00, 0x00, 0x00, 0x00, 0x00, 0x00,
    0x00, 0x00, 0x00, 0x00, 0x00, 0x00, 0x00, 0x00, 0x00, 0x00, 0x00, 0x00,
    0x00, 0x00, 0x00, 0x00, 0x00, 0x00, 0x00, 0x00, 0x00, 0x00, 0x00, 0x00,
    0x00, 0x00, 0x00, 0x00, 0x00, 0x00, 0x00, 0x00, 0x00, 0x00, 0x00, 0x00,
    0x00, 0x00, 0x00, 0x00, 0x00, 0x00, 0x00, 0x00, 0x00, 0x00, 0x00, 0x00,
    0x00, 0x00, 0x00, 0x00, 0x00, 0x00, 0x00, 0x00, 0x00, 0x00, 0x00, 0x00,
    0x00, 0x00, 0x00, 0x00, 0x00, 0x00, 0x00, 0x00, 0x00, 0x00, 0x00, 0x00,
    0x00, 0x00, 0x00, 0x00, 0x00, 0x00, 0x00, 0x00, 0x00, 0x00, 0x00, 0x00,
    0x00, 0x00, 0x00, 0x00, 0x00, 0x00, 0x00, 0x00, 0x00, 0x00, 0x00, 0x00,
    0x00, 0x00, 0x00, 0x00, 0x00, 0x00, 0x00, 0x00, 0x00, 0x00, 0x00, 0x00,
    0x00, 0x00, 0x00, 0x00, 0x00, 0x00, 0x00, 0x00, 0x00, 0x00, 0x00, 0x00,
    0x00, 0x00, 0x00, 0x00, 0x00, 0x00, 0x00, 0x00, 0x00, 0x00, 0x00, 0x00,
    0x00, 0x00, 0x00, 0x00, 0x00, 0x00, 0x00, 0x00, 0x00, 0x00, 0x00, 0x00,
    0x00, 0x00, 0x00, 0x00, 0x00, 0x00, 0x00, 0x00, 0x00, 0x00, 0x00, 0x00,
    0x00, 0x00, 0x00, 0x00, 0x00, 0x00, 0x00, 0x00, 0x00, 0x00, 0x00, 0x00,
    0x00, 0x00, 0x00, 0x00, 0x00, 0x00, 0x00, 0x00, 0x00, 0x00, 0x00, 0x00,
    0x00, 0x00, 0x00, 0x00, 0x00, 0x00, 0x00, 0x00, 0x00, 0x00, 0x00, 0x00,
    0x00, 0x00, 0x00, 0x00, 0x00, 0x00, 0x00, 0x00, 0x00, 0x00, 0x00, 0x00,
    0x00, 0x00, 0x00, 0x00, 0x00, 0x00, 0x00, 0x00, 0x00, 0x00, 0x00, 0x00,
    0x00, 0x00, 0x00, 0x00, 0x00, 0x00, 0x00, 0x00, 0x00, 0x00, 0x00, 0x00,
    0x90, 0x40, 0x28, 0xff, 0x90, 0x44, 0x28, 0xff, 0x98, 0x44, 0x28, 0xff,
    0x98, 0x44, 0x28, 0xff, 0x98, 0x44, 0x28, 0xff, 0xa0, 0x44, 0x28, 0xff,
    0xa0, 0x44, 0x28, 0xff, 0xa0, 0x44, 0x28, 0xff, 0xa0, 0x44, 0x20, 0xff,
    0xa8, 0x44, 0x20, 0xff, 0xa8, 0x44, 0x20, 0xff, 0xa8, 0x44, 0x20, 0xff,
    0xa8, 0x44, 0x20, 0xff, 0xa8, 0x48, 0x28, 0xff, 0xb0, 0x48, 0x20, 0xff,
    0xb8, 0x4c, 0x20, 0xff, 0xb0, 0x4c, 0x28, 0xff, 0xb8, 0x4c, 0x28, 0xff,
    0xb8, 0x4c, 0x28, 0xff, 0xb8, 0x4c, 0x20, 0xff, 0xb8, 0x4c, 0x20, 0xff,
    0xb8, 0x4c, 0x20, 0xff, 0xb8, 0x4c, 0x20, 0xff, 0xc0, 0x4c, 0x20, 0xff,
    0xc0, 0x50, 0x28, 0xff, 0xc0, 0x50, 0x28, 0xff, 0xc0, 0x50, 0x28, 0xff,
    0xc8, 0x54, 0x28, 0xff, 0xc8, 0x58, 0x30, 0xff, 0xd0, 0x5c, 0x30, 0xff,
    0xd0, 0x5c, 0x30, 0xff, 0xd8, 0x60, 0x38, 0xff, 0xd8, 0x60, 0x38, 0xff,
    0xd8, 0x64, 0x38, 0xff, 0xd8, 0x64, 0x38, 0xff, 0xd8, 0x64, 0x38, 0xff,
    0xd8, 0x64, 0x38, 0xff, 0xe0, 0x64, 0x38, 0xff, 0xe0, 0x68, 0x38, 0xff,
    0xe0, 0x64, 0x38, 0xff, 0xd8, 0x68, 0x38, 0xff, 0xd8, 0x64, 0x38, 0xff,
    0xe0, 0x64, 0x38, 0xff, 0xe0, 0x64, 0x38, 0xff, 0xd8, 0x64, 0x38, 0xff,
    0xd8, 0x64, 0x38, 0xff, 0xe0, 0x64, 0x38, 0xff, 0xe0, 0x64, 0x38, 0xff,
    0xe0, 0x64, 0x38, 0xff, 0xd8, 0x64, 0x38, 0xff, 0xe0, 0x64, 0x38, 0xff,
    0xe0, 0x64, 0x38, 0xff, 0xe0, 0x64, 0x38, 0xff, 0xe0, 0x68, 0x38, 0xff,
    0xe0, 0x68, 0x40, 0xff, 0xe8, 0x68, 0x38, 0xff, 0xe0, 0x68, 0x40, 0xff,
    0xe0, 0x68, 0x38, 0xff, 0xe0, 0x68, 0x38, 0xff, 0xe0, 0x68, 0x38, 0xff,
    0xe0, 0x68, 0x38, 0xff, 0xe0, 0x68, 0x38, 0xff, 0xe0, 0x64, 0x38, 0xff,
    0xe0, 0x64, 0x38, 0xff, 0xe0, 0x64, 0x38, 0xff, 0xe0, 0x68, 0x38, 0xff,
    0xe8, 0x6c, 0x40, 0xff, 0xe8, 0x70, 0x40, 0xff, 0xe0, 0x68, 0x40, 0xff,
    0xd0, 0x60, 0x30, 0xff, 0xc8, 0x58, 0x30, 0xff, 0xb8, 0x4c, 0x28, 0xff,
    0xc0, 0x50, 0x28, 0xff, 0xc8, 0x54, 0x30, 0xff, 0xc0, 0x54, 0x28, 0xff,
    0xc0, 0x54, 0x28, 0xff, 0xc8, 0x54, 0x30, 0xff, 0xc0, 0x50, 0x30, 0xff,
    0xc8, 0x54, 0x30, 0xff, 0xd8, 0x64, 0x38, 0xff, 0xd8, 0x64, 0x38, 0xff,
    0xd8, 0x64, 0x38, 0xff, 0xd8, 0x64, 0x38, 0xff, 0xd8, 0x60, 0x38, 0xff,
    0xd8, 0x64, 0x38, 0xff, 0xd8, 0x60, 0x38, 0xff, 0xd8, 0x60, 0x38, 0xff,
    0xd8, 0x64, 0x38, 0xff, 0xd0, 0x64, 0x38, 0xff, 0xd0, 0x64, 0x38, 0xff,
    0xd0, 0x60, 0x38, 0xff, 0xd8, 0x60, 0x38, 0xff, 0xd8, 0x64, 0x38, 0xff,
    0xd8, 0x64, 0x38, 0xff, 0xd8, 0x64, 0x38, 0xff, 0xd8, 0x64, 0x38, 0xff,
    0xd8, 0x64, 0x38, 0xff, 0xd8, 0x64, 0x38, 0xff, 0xd8, 0x64, 0x38, 0xff,
    0xd8, 0x64, 0x38, 0xff, 0xd8, 0x64, 0x38, 0xff, 0xd8, 0x64, 0x38, 0xff,
    0xd8, 0x64, 0x38, 0xff, 0xd8, 0x60, 0x38, 0xff, 0xd8, 0x64, 0x38, 0xff,
    0xd8, 0x64, 0x38, 0xff, 0xd8, 0x60, 0x38, 0xff, 0xd8, 0x64, 0x38, 0xff,
    0xd8, 0x60, 0x38, 0xff, 0xd8, 0x60, 0x38, 0xff, 0xd8, 0x64, 0x38, 0xff,
    0xd8, 0x64, 0x38, 0xff, 0xd8, 0x64, 0x38, 0xff, 0xd8, 0x64, 0x38, 0xff,
    0xd8, 0x64, 0x38, 0xff, 0xd8, 0x64, 0x38, 0xff, 0xd8, 0x60, 0x38, 0xff,
    0xd8, 0x60, 0x38, 0xff, 0xd8, 0x64, 0x38, 0xff, 0xd8, 0x60, 0x38, 0xff,
    0xd8, 0x64, 0x38, 0xff, 0xd8, 0x64, 0x38, 0xff, 0xd8, 0x60, 0x38, 0xff,
    0xd8, 0x60, 0x38, 0xff, 0xd8, 0x60, 0x38, 0xff, 0xd8, 0x60, 0x38, 0xff,
    0xd8, 0x60, 0x38, 0xff, 0xd8, 0x60, 0x38, 0xff, 0xd8, 0x60, 0x38, 0xff,
    0xd8, 0x64, 0x38, 0xff, 0xd0, 0x60, 0x38, 0xff, 0xd0, 0x60, 0x38, 0xff,
    0xd0, 0x60, 0x38, 0xff, 0xd0, 0x60, 0x38, 0xff, 0xd0, 0x60, 0x38, 0xff,
    0xd0, 0x60, 0x38, 0xff, 0xc8, 0x60, 0x38, 0xff, 0xc8, 0x60, 0x38, 0xff,
    0xc8, 0x5c, 0x38, 0xff, 0xc8, 0x60, 0x38, 0xff, 0xc8, 0x5c, 0x38, 0xff,
    0xc0, 0x5c, 0x38, 0xff, 0xc0, 0x5c, 0x38, 0xff, 0xc0, 0x5c, 0x38, 0xff,
    0xb8, 0x58, 0x38, 0xff, 0xb8, 0x58, 0x38, 0xff, 0xb0, 0x58, 0x38, 0xff,
    0xb0, 0x58, 0x38, 0xff, 0xb0, 0x54, 0x38, 0xff, 0xa8, 0x58, 0x38, 0xff,
    0xa8, 0x54, 0x38, 0xff, 0xa0, 0x50, 0x38, 0xff, 0x00, 0x00, 0x00, 0x00,
    0x00, 0x00, 0x00, 0x00, 0x00, 0x00, 0x00, 0x00, 0x00, 0x00, 0x00, 0x00,
    0x00, 0x00, 0x00, 0x00, 0x00, 0x00, 0x00, 0x00, 0x00, 0x00, 0x00, 0x00,
    0x00, 0x00, 0x00, 0x00, 0x00, 0x00, 0x00, 0x00, 0x00, 0x00, 0x00, 0x00,
    0x00, 0x00, 0x00, 0x00, 0x00, 0x00, 0x00, 0x00, 0x00, 0x00, 0x00, 0x00,
    0x00, 0x00, 0x00, 0x00, 0x00, 0x00, 0x00, 0x00, 0x00, 0x00, 0x00, 0x00,
    0x00, 0x00, 0x00, 0x00, 0x00, 0x00, 0x00, 0x00, 0x00, 0x00, 0x00, 0x00,
    0x00, 0x00, 0x00, 0x00, 0x00, 0x00, 0x00, 0x00, 0x00, 0x00, 0x00, 0x00,
    0x00, 0x00, 0x00, 0x00, 0x00, 0x00, 0x00, 0x00, 0x00, 0x00, 0x00, 0x00,
    0x00, 0x00, 0x00, 0x00, 0x00, 0x00, 0x00, 0x00, 0x00, 0x00, 0x00, 0x00,
    0x00, 0x00, 0x00, 0x00, 0x00, 0x00, 0x00, 0x00, 0x00, 0x00, 0x00, 0x00,
    0x00, 0x00, 0x00, 0x00, 0x00, 0x00, 0x00, 0x00, 0x00, 0x00, 0x00, 0x00,
    0x00, 0x00, 0x00, 0x00, 0x00, 0x00, 0x00, 0x00, 0x00, 0x00, 0x00, 0x00,
    0x00, 0x00, 0x00, 0x00, 0x00, 0x00, 0x00, 0x00, 0x00, 0x00, 0x00, 0x00,
    0x00, 0x00, 0x00, 0x00, 0x00, 0x00, 0x00, 0x00, 0x00, 0x00, 0x00, 0x00,
    0x00, 0x00, 0x00, 0x00, 0x00, 0x00, 0x00, 0x00, 0x00, 0x00, 0x00, 0x00,
    0x00, 0x00, 0x00, 0x00, 0x00, 0x00, 0x00, 0x00, 0x00, 0x00, 0x00, 0x00,
    0x00, 0x00, 0x00, 0x00, 0x00, 0x00, 0x00, 0x00, 0x00, 0x00, 0x00, 0x00,
    0x00, 0x00, 0x00, 0x00, 0x00, 0x00, 0x00, 0x00, 0x00, 0x00, 0x00, 0x00,
    0x00, 0x00, 0x00, 0x00, 0x00, 0x00, 0x00, 0x00, 0x00, 0x00, 0x00, 0x00,
    0x00, 0x00, 0x00, 0x00, 0x90, 0x40, 0x28, 0xff, 0x90, 0x44, 0x28, 0xff,
    0x98, 0x44, 0x28, 0xff, 0x98, 0x44, 0x28, 0xff, 0x98, 0x44, 0x28, 0xff,
    0x98, 0x40, 0x20, 0xff, 0xa0, 0x44, 0x20, 0xff, 0xa0, 0x40, 0x20, 0xff,
    0xa0, 0x40, 0x20, 0xff, 0x98, 0x40, 0x20, 0xff, 0xa0, 0x40, 0x20, 0xff,
    0xa0, 0x40, 0x20, 0xff, 0xa8, 0x44, 0x20, 0xff, 0xa8, 0x44, 0x20, 0xff,
    0xb0, 0x44, 0x20, 0xff, 0xb0, 0x48, 0x20, 0xff, 0xb0, 0x4c, 0x28, 0xff,
    0xb8, 0x4c, 0x20, 0xff, 0xb8, 0x50, 0x28, 0xff, 0xc0, 0x54, 0x28, 0xff,
    0xc0, 0x54, 0x28, 0xff, 0xc8, 0x58, 0x30, 0xff, 0xd0, 0x5c, 0x30, 0xff,
    0xd0, 0x5c, 0x38, 0xff, 0xd0, 0x60, 0x38, 0xff, 0xd8, 0x60, 0x38, 0xff,
    0xd8, 0x64, 0x38, 0xff, 0xe0, 0x68, 0x40, 0xff, 0xe0, 0x68, 0x40, 0xff,
    0xe0, 0x68, 0x40, 0xff, 0xe0, 0x68, 0x40, 0xff, 0xe0, 0x68, 0x38, 0xff,
    0xe0, 0x68, 0x40, 0xff, 0xe0, 0x68, 0x38, 0xff, 0xe0, 0x68, 0x38, 0xff,
    0xe0, 0x68, 0x38, 0xff, 0xd8, 0x64, 0x38, 0xff, 0xe0, 0x68, 0x38, 0xff,
    0xd8, 0x68, 0x38, 0xff, 0xe0, 0x64, 0x38, 0xff, 0xe0, 0x68, 0x38, 0xff,
    0xd8, 0x68, 0x38, 0xff, 0xe0, 0x68, 0x38, 0xff, 0xe0, 0x64, 0x38, 0xff,
    0xd8, 0x68, 0x38, 0xff, 0xe0, 0x68, 0x38, 0xff, 0xe0, 0x68, 0x38, 0xff,
    0xd8, 0x68, 0x38, 0xff, 0xe0, 0x68, 0x38, 0xff, 0xe0, 0x68, 0x38, 0xff,
    0xe0, 0x68, 0x40, 0xff, 0xe0, 0x64, 0x38, 0xff, 0xe0, 0x68, 0x38, 0xff,
    0xe0, 0x64, 0x38, 0xff, 0xe0, 0x64, 0x38, 0xff, 0xe0, 0x68, 0x38, 0xff,
    0xd8, 0x68, 0x38, 0xff, 0xe0, 0x64, 0x38, 0xff, 0xd8, 0x64, 0x38, 0xff,
    0xe0, 0x64, 0x38, 0xff, 0xd8, 0x64, 0x38, 0xff, 0xd8, 0x64, 0x38, 0xff,
    0xd8, 0x64, 0x38, 0xff, 0xe0, 0x6c, 0x40, 0xff, 0xe8, 0x6c, 0x40, 0xff,
    0xe0, 0x68, 0x40, 0xff, 0xd0, 0x60, 0x38, 0xff, 0xc8, 0x58, 0x30, 0xff,
    0xc0, 0x50, 0x28, 0xff, 0xb8, 0x48, 0x28, 0xff, 0xb8, 0x4c, 0x28, 0xff,
    0xc0, 0x54, 0x28, 0xff, 0xc0, 0x50, 0x28, 0xff, 0xc0, 0x50, 0x28, 0xff,
    0xc0, 0x54, 0x30, 0xff, 0xc8, 0x54, 0x28, 0xff, 0xc8, 0x54, 0x30, 0xff,
    0xc0, 0x54, 0x28, 0xff, 0xc0, 0x50, 0x28, 0xff, 0xd8, 0x60, 0x38, 0xff,
    0xd8, 0x64, 0x38, 0xff, 0xd8, 0x60, 0x38, 0xff, 0xd8, 0x64, 0x38, 0xff,
    0xd8, 0x60, 0x38, 0xff, 0xd8, 0x64, 0x38, 0xff, 0xd8, 0x64, 0x38, 0xff,
    0xd0, 0x60, 0x38, 0xff, 0xd8, 0x60, 0x38, 0xff, 0xd8, 0x60, 0x38, 0xff,
    0xd0, 0x64, 0x38, 0xff, 0xd8, 0x60, 0x38, 0xff, 0xd0, 0x60, 0x30, 0xff,
    0xd8, 0x64, 0x38, 0xff, 0xd8, 0x64, 0x38, 0xff, 0xd8, 0x64, 0x38, 0xff,
    0xd8, 0x64, 0x38, 0xff, 0xd8, 0x64, 0x38, 0xff, 0xd8, 0x64, 0x38, 0xff,
    0xd8, 0x64, 0x38, 0xff, 0xd8, 0x64, 0x38, 0xff, 0xd8, 0x64, 0x38, 0xff,
    0xd8, 0x64, 0x38, 0xff, 0xd8, 0x64, 0x38, 0xff, 0xd8, 0x64, 0x38, 0xff,
    0xd8, 0x64, 0x38, 0xff, 0xd8, 0x64, 0x38, 0xff, 0xd8, 0x64, 0x38, 0xff,
    0xd8, 0x64, 0x38, 0xff, 0xd8, 0x64, 0x38, 0xff, 0xd8, 0x64, 0x38, 0xff,
    0xd8, 0x64, 0x38, 0xff, 0xd8, 0x64, 0x38, 0xff, 0xd8, 0x64, 0x38, 0xff,
    0xd8, 0x64, 0x38, 0xff, 0xd8, 0x64, 0x38, 0xff, 0xd8, 0x64, 0x38, 0xff,
    0xd8, 0x64, 0x38, 0xff, 0xd8, 0x64, 0x38, 0xff, 0xd8, 0x60, 0x38, 0xff,
    0xd0, 0x64, 0x38, 0xff, 0xd8, 0x60, 0x38, 0xff, 0xd8, 0x64, 0x38, 0xff,
    0xd0, 0x60, 0x38, 0xff, 0xd8, 0x60, 0x38, 0xff, 0xd8, 0x64, 0x38, 0xff,
    0xd8, 0x64, 0x38, 0xff, 0xd8, 0x60, 0x38, 0xff, 0xd0, 0x60, 0x38, 0xff,
    0xd0, 0x60, 0x38, 0xff, 0xd0, 0x60, 0x38, 0xff, 0xd0, 0x60, 0x38, 0xff,
    0xd0, 0x60, 0x38, 0xff, 0xd0, 0x60, 0x38, 0xff, 0xd0, 0x60, 0x38, 0xff,
    0xd0, 0x60, 0x38, 0xff, 0xd0, 0x60, 0x38, 0xff, 0xc8, 0x60, 0x38, 0xff,
    0xc8, 0x5c, 0x38, 0xff, 0xc8, 0x60, 0x38, 0xff, 0xc8, 0x5c, 0x38, 0xff,
    0xc0, 0x5c, 0x38, 0xff, 0xc0, 0x5c, 0x38, 0xff, 0xc0, 0x5c, 0x38, 0xff,
    0xb8, 0x58, 0x38, 0xff, 0xb8, 0x58, 0x38, 0xff, 0xb8, 0x58, 0x38, 0xff,
    0xb0, 0x58, 0x38, 0xff, 0xb0, 0x58, 0x38, 0xff, 0xb0, 0x54, 0x38, 0xff,
    0xa8, 0x54, 0x38, 0xff, 0xa8, 0x54, 0x38, 0xff, 0xa0, 0x54, 0x38, 0xff,
    0x00, 0x00, 0x00, 0x00, 0x00, 0x00, 0x00, 0x00, 0x00, 0x00, 0x00, 0x00,
    0x00, 0x00, 0x00, 0x00, 0x00, 0x00, 0x00, 0x00, 0x00, 0x00, 0x00, 0x00,
    0x00, 0x00, 0x00, 0x00, 0x00, 0x00, 0x00, 0x00, 0x00, 0x00, 0x00, 0x00,
    0x00, 0x00, 0x00, 0x00, 0x00, 0x00, 0x00, 0x00, 0x00, 0x00, 0x00, 0x00,
    0x00, 0x00, 0x00, 0x00, 0x00, 0x00, 0x00, 0x00, 0x00, 0x00, 0x00, 0x00,
    0x00, 0x00, 0x00, 0x00, 0x00, 0x00, 0x00, 0x00, 0x00, 0x00, 0x00, 0x00,
    0x00, 0x00, 0x00, 0x00, 0x00, 0x00, 0x00, 0x00, 0x00, 0x00, 0x00, 0x00,
    0x00, 0x00, 0x00, 0x00, 0x00, 0x00, 0x00, 0x00, 0x00, 0x00, 0x00, 0x00,
    0x00, 0x00, 0x00, 0x00, 0x00, 0x00, 0x00, 0x00, 0x00, 0x00, 0x00, 0x00,
    0x00, 0x00, 0x00, 0x00, 0x00, 0x00, 0x00, 0x00, 0x00, 0x00, 0x00, 0x00,
    0x00, 0x00, 0x00, 0x00, 0x00, 0x00, 0x00, 0x00, 0x00, 0x00, 0x00, 0x00,
    0x00, 0x00, 0x00, 0x00, 0x00, 0x00, 0x00, 0x00, 0x00, 0x00, 0x00, 0x00,
    0x00, 0x00, 0x00, 0x00, 0x00, 0x00, 0x00, 0x00, 0x00, 0x00, 0x00, 0x00,
    0x00, 0x00, 0x00, 0x00, 0x00, 0x00, 0x00, 0x00, 0x00, 0x00, 0x00, 0x00,
    0x00, 0x00, 0x00, 0x00, 0x00, 0x00, 0x00, 0x00, 0x00, 0x00, 0x00, 0x00,
    0x00, 0x00, 0x00, 0x00, 0x00, 0x00, 0x00, 0x00, 0x00, 0x00, 0x00, 0x00,
    0x00, 0x00, 0x00, 0x00, 0x00, 0x00, 0x00, 0x00, 0x00, 0x00, 0x00, 0x00,
    0x00, 0x00, 0x00, 0x00, 0x00, 0x00, 0x00, 0x00, 0x00, 0x00, 0x00, 0x00,
    0x00, 0x00, 0x00, 0x00, 0x00, 0x00, 0x00, 0x00, 0x00, 0x00, 0x00, 0x00,
    0x00, 0x00, 0x00, 0x00, 0x00, 0x00, 0x00, 0x00, 0x88, 0x40, 0x28, 0xff,
    0x90, 0x40, 0x20, 0xff, 0x88, 0x3c, 0x20, 0xff, 0x80, 0x34, 0x18, 0xff,
    0x80, 0x34, 0x18, 0xff, 0x88, 0x38, 0x18, 0xff, 0x90, 0x3c, 0x20, 0xff,
    0x98, 0x3c, 0x20, 0xff, 0xa0, 0x44, 0x20, 0xff, 0xa8, 0x48, 0x28, 0xff,
    0xa8, 0x4c, 0x28, 0xff, 0xb0, 0x50, 0x28, 0xff, 0xb8, 0x54, 0x30, 0xff,
    0xb8, 0x54, 0x30, 0xff, 0xc0, 0x58, 0x30, 0xff, 0xc0, 0x5c, 0x38, 0xff,
    0xc8, 0x5c, 0x38, 0xff, 0xd0, 0x60, 0x38, 0xff, 0xd0, 0x64, 0x38, 0xff,
    0xd8, 0x64, 0x38, 0xff, 0xd8, 0x64, 0x40, 0xff, 0xd8, 0x68, 0x40, 0xff,
    0xd8, 0x68, 0x40, 0xff, 0xd8, 0x68, 0x40, 0xff, 0xd8, 0x68, 0x38, 0xff,
    0xd8, 0x64, 0x38, 0xff, 0xd8, 0x64, 0x38, 0xff, 0xd8, 0x64, 0x38, 0xff,
    0xd8, 0x64, 0x38, 0xff, 0xd8, 0x64, 0x38, 0xff, 0xd8, 0x64, 0x38, 0xff,
    0xd8, 0x64, 0x38, 0xff, 0xd8, 0x64, 0x38, 0xff, 0xd8, 0x64, 0x38, 0xff,
    0xd8, 0x64, 0x38, 0xff, 0xd8, 0x64, 0x38, 0xff, 0xd8, 0x60, 0x38, 0xff,
    0xd8, 0x64, 0x38, 0xff, 0xd8, 0x64, 0x38, 0xff, 0xd8, 0x64, 0x38, 0xff,
    0xd8, 0x64, 0x38, 0xff, 0xd8, 0x64, 0x38, 0xff, 0xd8, 0x60, 0x38, 0xff,
    0xd8, 0x64, 0x38, 0xff, 0xd8, 0x64, 0x38, 0xff, 0xd8, 0x64, 0x38, 0xff,
    0xd8, 0x64, 0x38, 0xff, 0xd8, 0x64, 0x38, 0xff, 0xd8, 0x64, 0x38, 0xff,
    0xd8, 0x64, 0x38, 0xff, 0xd8, 0x64, 0x38, 0xff, 0xd8, 0x64, 0x38, 0xff,
    0xd8, 0x64, 0x38, 0xff, 0xd8, 0x64, 0x38, 0xff, 0xd8, 0x64, 0x38, 0xff,
    0xd8, 0x64, 0x38, 0xff, 0xd8, 0x64, 0x38, 0xff, 0xd8, 0x64, 0x38, 0xff,
    0xd8, 0x64, 0x38, 0xff, 0xd8, 0x64, 0x38, 0xff, 0xe0, 0x68, 0x40, 0xff,
    0xe8, 0x6c, 0x40, 0xff, 0xe0, 0x68, 0x40, 0xff, 0xd0, 0x60, 0x38, 0xff,
    0xc8, 0x58, 0x30, 0xff, 0xc0, 0x50, 0x28, 0xff, 0xb8, 0x48, 0x28, 0xff,
    0xb0, 0x48, 0x20, 0xff, 0xb8, 0x50, 0x28, 0xff, 0xc0, 0x50, 0x28, 0xff,
    0xc0, 0x54, 0x28, 0xff, 0xc0, 0x54, 0x28, 0xff, 0xc0, 0x50, 0x28, 0xff,
    0xc0, 0x54, 0x30, 0xff, 0xc0, 0x54, 0x30, 0xff, 0xc0, 0x54, 0x28, 0xff,
    0xc8, 0x54, 0x30, 0xff, 0xc0, 0x54, 0x30, 0xff, 0xc0, 0x50, 0x28, 0xff,
    0xd0, 0x5c, 0x30, 0xff, 0xd8, 0x68, 0x40, 0xff, 0xd0, 0x60, 0x38, 0xff,
    0xd8, 0x64, 0x38, 0xff, 0xd0, 0x64, 0x38, 0xff, 0xd8, 0x60, 0x38, 0xff,
    0xd0, 0x64, 0x30, 0xff, 0xd8, 0x64, 0x38, 0xff, 0xd0, 0x60, 0x38, 0xff,
    0xd0, 0x60, 0x30, 0xff, 0xd0, 0x60, 0x38, 0xff, 0xd0, 0x60, 0x38, 0xff,
    0xd0, 0x60, 0x38, 0xff, 0xd0, 0x64, 0x38, 0xff, 0xd8, 0x64, 0x38, 0xff,
    0xd8, 0x64, 0x38, 0xff, 0xd0, 0x60, 0x38, 0xff, 0xd8, 0x64, 0x38, 0xff,
    0xd8, 0x64, 0x38, 0xff, 0xd8, 0x60, 0x38, 0xff, 0xd8, 0x64, 0x38, 0xff,
    0xd8, 0x64, 0x38, 0xff, 0xd8, 0x60, 0x38, 0xff, 0xd8, 0x64, 0x38, 0xff,
    0xd8, 0x64, 0x38, 0xff, 0xd8, 0x60, 0x38, 0xff, 0xd8, 0x64, 0x38, 0xff,
    0xd8, 0x64, 0x38, 0xff, 0xd8, 0x64, 0x38, 0xff, 0xd8, 0x60, 0x38, 0xff,
    0xd8, 0x60, 0x38, 0xff, 0xd8, 0x64, 0x38, 0xff, 0xd8, 0x64, 0x38, 0xff,
    0xd8, 0x60, 0x38, 0xff, 0xd8, 0x64, 0x38, 0xff, 0xd8, 0x60, 0x38, 0xff,
    0xd0, 0x64, 0x38, 0xff, 0xd8, 0x60, 0x38, 0xff, 0xd8, 0x60, 0x38, 0xff,
    0xd0, 0x64, 0x38, 0xff, 0xd8, 0x64, 0x38, 0xff, 0xd0, 0x60, 0x38, 0xff,
    0xd8, 0x64, 0x38, 0xff, 0xd0, 0x60, 0x38, 0xff, 0xd0, 0x60, 0x38, 0xff,
    0xd0, 0x60, 0x38, 0xff, 0xd0, 0x60, 0x38, 0xff, 0xd0, 0x64, 0x38, 0xff,
    0xd0, 0x60, 0x38, 0xff, 0xd0, 0x60, 0x38, 0xff, 0xd0, 0x60, 0x38, 0xff,
    0xd0, 0x60, 0x38, 0xff, 0xd0, 0x60, 0x38, 0xff, 0xd0, 0x60, 0x38, 0xff,
    0xd0, 0x60, 0x38, 0xff, 0xc8, 0x60, 0x38, 0xff, 0xc8, 0x60, 0x38, 0xff,
    0xc8, 0x5c, 0x38, 0xff, 0xc8, 0x60, 0x38, 0xff, 0xc8, 0x5c, 0x38, 0xff,
    0xc0, 0x5c, 0x38, 0xff, 0xc0, 0x5c, 0x38, 0xff, 0xc0, 0x5c, 0x38, 0xff,
    0xc0, 0x5c, 0x38, 0xff, 0xb8, 0x58, 0x38, 0xff, 0xb8, 0x5c, 0x38, 0xff,
    0xb8, 0x58, 0x38, 0xff, 0xb0, 0x58, 0x38, 0xff, 0xb0, 0x58, 0x38, 0xff,
    0xa8, 0x54, 0x30, 0xff, 0xa8, 0x54, 0x38, 0xff, 0xa8, 0x54, 0x38, 0xff,
    0xa0, 0x50, 0x30, 0xff, 0x00, 0x00, 0x00, 0x00, 0x00, 0x00, 0x00, 0x00,
    0x00, 0x00, 0x00, 0x00, 0x00, 0x00, 0x00, 0x00, 0x00, 0x00, 0x00, 0x00,
    0x00, 0x00, 0x00, 0x00, 0x00, 0x00, 0x00, 0x00, 0x00, 0x00, 0x00, 0x00,
    0x00, 0x00, 0x00, 0x00, 0x00, 0x00, 0x00, 0x00, 0x00, 0x00, 0x00, 0x00,
    0x00, 0x00, 0x00, 0x00, 0x00, 0x00, 0x00, 0x00, 0x00, 0x00, 0x00, 0x00,
    0x00, 0x00, 0x00, 0x00, 0x00, 0x00, 0x00, 0x00, 0x00, 0x00, 0x00, 0x00,
    0x00, 0x00, 0x00, 0x00, 0x00, 0x00, 0x00, 0x00, 0x00, 0x00, 0x00, 0x00,
    0x00, 0x00, 0x00, 0x00, 0x00, 0x00, 0x00, 0x00, 0x00, 0x00, 0x00, 0x00,
    0x00, 0x00, 0x00, 0x00, 0x00, 0x00, 0x00, 0x00, 0x00, 0x00, 0x00, 0x00,
    0x00, 0x00, 0x00, 0x00, 0x00, 0x00, 0x00, 0x00, 0x00, 0x00, 0x00, 0x00,
    0x00, 0x00, 0x00, 0x00, 0x00, 0x00, 0x00, 0x00, 0x00, 0x00, 0x00, 0x00,
    0x00, 0x00, 0x00, 0x00, 0x00, 0x00, 0x00, 0x00, 0x00, 0x00, 0x00, 0x00,
    0x00, 0x00, 0x00, 0x00, 0x00, 0x00, 0x00, 0x00, 0x00, 0x00, 0x00, 0x00,
    0x00, 0x00, 0x00, 0x00, 0x00, 0x00, 0x00, 0x00, 0x00, 0x00, 0x00, 0x00,
    0x00, 0x00, 0x00, 0x00, 0x00, 0x00, 0x00, 0x00, 0x00, 0x00, 0x00, 0x00,
    0x00, 0x00, 0x00, 0x00, 0x00, 0x00, 0x00, 0x00, 0x00, 0x00, 0x00, 0x00,
    0x00, 0x00, 0x00, 0x00, 0x00, 0x00, 0x00, 0x00, 0x00, 0x00, 0x00, 0x00,
    0x00, 0x00, 0x00, 0x00, 0x00, 0x00, 0x00, 0x00, 0x00, 0x00, 0x00, 0x00,
    0x00, 0x00, 0x00, 0x00, 0x00, 0x00, 0x00, 0x00, 0x00, 0x00, 0x00, 0x00,
    0x00, 0x00, 0x00, 0x00, 0x00, 0x00, 0x00, 0x00, 0x00, 0x00, 0x00, 0x00,
    0x88, 0x3c, 0x28, 0xff, 0x90, 0x40, 0x20, 0xff, 0x90, 0x44, 0x28, 0xff,
    0x98, 0x44, 0x28, 0xff, 0xa0, 0x48, 0x30, 0xff, 0xa8, 0x50, 0x30, 0xff,
    0xb0, 0x50, 0x30, 0xff, 0xb0, 0x54, 0x38, 0xff, 0xb8, 0x5c, 0x38, 0xff,
    0xc0, 0x5c, 0x38, 0xff, 0xc0, 0x60, 0x40, 0xff, 0xc8, 0x60, 0x40, 0xff,
    0xc8, 0x60, 0x40, 0xff, 0xc8, 0x64, 0x40, 0xff, 0xd0, 0x64, 0x40, 0xff,
    0xd0, 0x60, 0x38, 0xff, 0xd0, 0x60, 0x38, 0xff, 0xc8, 0x60, 0x38, 0xff,
    0xd0, 0x60, 0x38, 0xff, 0xd0, 0x60, 0x38, 0xff, 0xd0, 0x60, 0x38, 0xff,
    0xd0, 0x60, 0x38, 0xff, 0xd0, 0x60, 0x38, 0xff, 0xd0, 0x60, 0x38, 0xff,
    0xd0, 0x60, 0x38, 0xff, 0xd0, 0x60, 0x38, 0xff, 0xd0, 0x60, 0x38, 0xff,
    0xd0, 0x60, 0x38, 0xff, 0xd0, 0x60, 0x38, 0xff, 0xd0, 0x60, 0x38, 0xff,
    0xd0, 0x60, 0x38, 0xff, 0xd0, 0x60, 0x38, 0xff, 0xd0, 0x60, 0x38, 0xff,
    0xd0, 0x60, 0x38, 0xff, 0xd0, 0x60, 0x38, 0xff, 0xd0, 0x60, 0x38, 0xff,
    0xd0, 0x64, 0x38, 0xff, 0xd0, 0x60, 0x38, 0xff, 0xd0, 0x60, 0x38, 0xff,
    0xd0, 0x60, 0x38, 0xff, 0xd0, 0x60, 0x38, 0xff, 0xd0, 0x60, 0x38, 0xff,
    0xd0, 0x64, 0x38, 0xff, 0xd0, 0x60, 0x38, 0xff, 0xd8, 0x60, 0x38, 0xff,
    0xd0, 0x64, 0x38, 0xff, 0xd0, 0x60, 0x38, 0xff, 0xd0, 0x60, 0x38, 0xff,
    0xd8, 0x64, 0x38, 0xff, 0xd0, 0x60, 0x38, 0xff, 0xd0, 0x64, 0x38, 0xff,
    0xd0, 0x64, 0x38, 0xff, 0xd0, 0x64, 0x38, 0xff, 0xd0, 0x64, 0x38, 0xff,
    0xd0, 0x64, 0x38, 0xff, 0xd8, 0x64, 0x38, 0xff, 0xd0, 0x64, 0x38, 0xff,
    0xd0, 0x64, 0x38, 0xff, 0xd8, 0x64, 0x38, 0xff, 0xd8, 0x64, 0x38, 0xff,
    0xd0, 0x60, 0x38, 0xff, 0xc0, 0x58, 0x30, 0xff, 0xb8, 0x4c, 0x28, 0xff,
    0xb0, 0x48, 0x28, 0xff, 0xb0, 0x48, 0x20, 0xff, 0xb8, 0x4c, 0x28, 0xff,
    0xb8, 0x50, 0x28, 0xff, 0xc0, 0x50, 0x28, 0xff, 0xb8, 0x50, 0x28, 0xff,
    0xc0, 0x50, 0x30, 0xff, 0xc0, 0x50, 0x28, 0xff, 0xc0, 0x50, 0x28, 0xff,
    0xc0, 0x50, 0x28, 0xff, 0xc0, 0x50, 0x30, 0xff, 0xc0, 0x50, 0x28, 0xff,
    0xc0, 0x50, 0x28, 0xff, 0xc0, 0x54, 0x30, 0xff, 0xc0, 0x54, 0x30, 0xff,
    0xb8, 0x4c, 0x28, 0xff, 0xc8, 0x58, 0x30, 0xff, 0xd8, 0x64, 0x38, 0xff,
    0xd0, 0x60, 0x38, 0xff, 0xd0, 0x60, 0x38, 0xff, 0xd0, 0x60, 0x38, 0xff,
    0xd0, 0x60, 0x38, 0xff, 0xd0, 0x60, 0x38, 0xff, 0xd0, 0x64, 0x38, 0xff,
    0xd0, 0x60, 0x38, 0xff, 0xd0, 0x60, 0x38, 0xff, 0xd8, 0x64, 0x38, 0xff,
    0xd0, 0x60, 0x38, 0xff, 0xd0, 0x60, 0x30, 0xff, 0xd0, 0x60, 0x38, 0xff,
    0xd0, 0x64, 0x38, 0xff, 0xd0, 0x60, 0x38, 0xff, 0xd0, 0x60, 0x38, 0xff,
    0xd0, 0x60, 0x38, 0xff, 0xd0, 0x64, 0x38, 0xff, 0xd0, 0x64, 0x38, 0xff,
    0xd8, 0x64, 0x38, 0xff, 0xd0, 0x64, 0x38, 0xff, 0xd0, 0x64, 0x38, 0xff,
    0xd0, 0x64, 0x38, 0xff, 0xd0, 0x60, 0x38, 0xff, 0xd0, 0x60, 0x38, 0xff,
    0xd0, 0x60, 0x38, 0xff, 0xd0, 0x60, 0x38, 0xff, 0xd0, 0x60, 0x38, 0xff,
    0xd0, 0x60, 0x38, 0xff, 0xd0, 0x60, 0x38, 0xff, 0xd0, 0x64, 0x38, 0xff,
    0xd0, 0x64, 0x38, 0xff, 0xd0, 0x64, 0x38, 0xff, 0xd0, 0x64, 0x38, 0xff,
    0xd0, 0x60, 0x38, 0xff, 0xd0, 0x60, 0x38, 0xff, 0xd0, 0x60, 0x38, 0xff,
    0xd0, 0x60, 0x38, 0xff, 0xd0, 0x60, 0x38, 0xff, 0xd0, 0x60, 0x38, 0xff,
    0xd0, 0x60, 0x38, 0xff, 0xd0, 0x60, 0x38, 0xff, 0xd0, 0x60, 0x38, 0xff,
    0xd0, 0x64, 0x38, 0xff, 0xd0, 0x60, 0x38, 0xff, 0xd0, 0x60, 0x38, 0xff,
    0xd0, 0x60, 0x38, 0xff, 0xd8, 0x64, 0x38, 0xff, 0xd0, 0x60, 0x38, 0xff,
    0xd0, 0x60, 0x38, 0xff, 0xd0, 0x60, 0x38, 0xff, 0xd0, 0x60, 0x38, 0xff,
    0xd0, 0x60, 0x38, 0xff, 0xd0, 0x60, 0x38, 0xff, 0xc8, 0x60, 0x38, 0xff,
    0xc8, 0x60, 0x38, 0xff, 0xc8, 0x5c, 0x38, 0xff, 0xc8, 0x5c, 0x38, 0xff,
    0xc8, 0x5c, 0x38, 0xff, 0xc0, 0x5c, 0x38, 0xff, 0xc0, 0x5c, 0x38, 0xff,
    0xc0, 0x5c, 0x38, 0xff, 0xb8, 0x58, 0x38, 0xff, 0xb8, 0x5c, 0x38, 0xff,
    0xb8, 0x58, 0x38, 0xff, 0xb8, 0x58, 0x38, 0xff, 0xb0, 0x58, 0x38, 0xff,
    0xa8, 0x58, 0x38, 0xff, 0xa8, 0x54, 0x38, 0xff, 0xa8, 0x54, 0x38, 0xff,
    0xa0, 0x50, 0x38, 0xff, 0xa0, 0x50, 0x38, 0xff, 0x00, 0x00, 0x00, 0x00,
    0x00, 0x00, 0x00, 0x00, 0x00, 0x00, 0x00, 0x00, 0x00, 0x00, 0x00, 0x00,
    0x00, 0x00, 0x00, 0x00, 0x00, 0x00, 0x00, 0x00, 0x00, 0x00, 0x00, 0x00,
    0x00, 0x00, 0x00, 0x00, 0x00, 0x00, 0x00, 0x00, 0x00, 0x00, 0x00, 0x00,
    0x00, 0x00, 0x00, 0x00, 0x00, 0x00, 0x00, 0x00, 0x00, 0x00, 0x00, 0x00,
    0x00, 0x00, 0x00, 0x00, 0x00, 0x00, 0x00, 0x00, 0x00, 0x00, 0x00, 0x00,
    0x00, 0x00, 0x00, 0x00, 0x00, 0x00, 0x00, 0x00, 0x00, 0x00, 0x00, 0x00,
    0x00, 0x00, 0x00, 0x00, 0x00, 0x00, 0x00, 0x00, 0x00, 0x00, 0x00, 0x00,
    0x00, 0x00, 0x00, 0x00, 0x00, 0x00, 0x00, 0x00, 0x00, 0x00, 0x00, 0x00,
    0x00, 0x00, 0x00, 0x00, 0x00, 0x00, 0x00, 0x00, 0x00, 0x00, 0x00, 0x00,
    0x00, 0x00, 0x00, 0x00, 0x00, 0x00, 0x00, 0x00, 0x00, 0x00, 0x00, 0x00,
    0x00, 0x00, 0x00, 0x00, 0x00, 0x00, 0x00, 0x00, 0x00, 0x00, 0x00, 0x00,
    0x00, 0x00, 0x00, 0x00, 0x00, 0x00, 0x00, 0x00, 0x00, 0x00, 0x00, 0x00,
    0x00, 0x00, 0x00, 0x00, 0x00, 0x00, 0x00, 0x00, 0x00, 0x00, 0x00, 0x00,
    0x00, 0x00, 0x00, 0x00, 0x00, 0x00, 0x00, 0x00, 0x00, 0x00, 0x00, 0x00,
    0x00, 0x00, 0x00, 0x00, 0x00, 0x00, 0x00, 0x00, 0x00, 0x00, 0x00, 0x00,
    0x00, 0x00, 0x00, 0x00, 0x00, 0x00, 0x00, 0x00, 0x00, 0x00, 0x00, 0x00,
    0x00, 0x00, 0x00, 0x00, 0x00, 0x00, 0x00, 0x00, 0x00, 0x00, 0x00, 0x00,
    0x00, 0x00, 0x00, 0x00, 0x00, 0x00, 0x00, 0x00, 0x00, 0x00, 0x00, 0x00,
    0x00, 0x00, 0x00, 0x00, 0x00, 0x00, 0x00, 0x00, 0x00, 0x00, 0x00, 0x00,
    0x00, 0x00, 0x00, 0x00, 0xa0, 0x54, 0x38, 0xff, 0xa0, 0x54, 0x38, 0xff,
    0xa8, 0x54, 0x38, 0xff, 0xa8, 0x58, 0x40, 0xff, 0xb0, 0x5c, 0x40, 0xff,
    0xb0, 0x5c, 0x38, 0xff, 0xb0, 0x58, 0x40, 0xff, 0xb8, 0x58, 0x38, 0xff,
    0xb0, 0x58, 0x38, 0xff, 0xb8, 0x58, 0x38, 0xff, 0xb8, 0x58, 0x38, 0xff,
    0xb8, 0x58, 0x38, 0xff, 0xc0, 0x58, 0x30, 0xff, 0xc0, 0x58, 0x38, 0xff,
    0xc0, 0x5c, 0x38, 0xff, 0xc0, 0x5c, 0x38, 0xff, 0xc0, 0x5c, 0x38, 0xff,
    0xc0, 0x5c, 0x38, 0xff, 0xc8, 0x5c, 0x38, 0xff, 0xc8, 0x5c, 0x38, 0xff,
    0xc8, 0x5c, 0x38, 0xff, 0xc8, 0x5c, 0x38, 0xff, 0xc8, 0x5c, 0x30, 0xff,
    0xc8, 0x5c, 0x30, 0xff, 0xd0, 0x5c, 0x38, 0xff, 0xc8, 0x60, 0x38, 0xff,
    0xd0, 0x5c, 0x30, 0xff, 0xd0, 0x60, 0x38, 0xff, 0xc8, 0x5c, 0x38, 0xff,
    0xc8, 0x5c, 0x30, 0xff, 0xc8, 0x5c, 0x38, 0xff, 0xc8, 0x5c, 0x30, 0xff,
    0xc8, 0x5c, 0x38, 0xff, 0xc8, 0x5c, 0x38, 0xff, 0xc8, 0x5c, 0x38, 0xff,
    0xc8, 0x5c, 0x38, 0xff, 0xc8, 0x5c, 0x38, 0xff, 0xd0, 0x5c, 0x38, 0xff,
    0xc8, 0x5c, 0x38, 0xff, 0xc8, 0x5c, 0x38, 0xff, 0xd0, 0x5c, 0x38, 0xff,
    0xc8, 0x5c, 0x38, 0xff, 0xc8, 0x60, 0x38, 0xff, 0xd0, 0x60, 0x38, 0xff,
    0xc8, 0x5c, 0x38, 0xff, 0xc8, 0x5c, 0x38, 0xff, 0xd0, 0x60, 0x38, 0xff,
    0xc8, 0x5c, 0x38, 0xff, 0xc8, 0x5c, 0x38, 0xff, 0xc8, 0x5c, 0x38, 0xff,
    0xd0, 0x5c, 0x38, 0xff, 0xc8, 0x5c, 0x38, 0xff, 0xd0, 0x5c, 0x38, 0xff,
    0xc8, 0x5c, 0x38, 0xff, 0xc8, 0x5c, 0x38, 0xff, 0xd0, 0x5c, 0x38, 0xff,
    0xc8, 0x5c, 0x38, 0xff, 0xc8, 0x5c, 0x38, 0xff, 0xd0, 0x60, 0x38, 0xff,
    0xc8, 0x5c, 0x38, 0xff, 0xa0, 0x40, 0x20, 0xff, 0x98, 0x40, 0x20, 0xff,
    0xb0, 0x48, 0x28, 0xff, 0xb8, 0x4c, 0x28, 0xff, 0xb8, 0x50, 0x28, 0xff,
    0xb8, 0x50, 0x28, 0xff, 0xb8, 0x50, 0x28, 0xff, 0xb8, 0x50, 0x30, 0xff,
    0xb8, 0x50, 0x28, 0xff, 0xb8, 0x50, 0x30, 0xff, 0xb8, 0x50, 0x28, 0xff,
    0xb8, 0x54, 0x30, 0xff, 0xb8, 0x50, 0x28, 0xff, 0xb8, 0x50, 0x30, 0xff,
    0xb8, 0x54, 0x28, 0xff, 0xc0, 0x50, 0x28, 0xff, 0xc0, 0x54, 0x30, 0xff,
    0xb8, 0x50, 0x28, 0xff, 0xb8, 0x50, 0x28, 0xff, 0xc0, 0x54, 0x30, 0xff,
    0xd0, 0x60, 0x38, 0xff, 0xd0, 0x64, 0x38, 0xff, 0xd0, 0x64, 0x38, 0xff,
    0xd0, 0x64, 0x38, 0xff, 0xd0, 0x60, 0x38, 0xff, 0xd0, 0x60, 0x38, 0xff,
    0xd0, 0x64, 0x38, 0xff, 0xd0, 0x64, 0x38, 0xff, 0xd0, 0x60, 0x38, 0xff,
    0xd0, 0x60, 0x38, 0xff, 0xd0, 0x60, 0x38, 0xff, 0xd0, 0x60, 0x38, 0xff,
    0xd0, 0x60, 0x38, 0xff, 0xd0, 0x60, 0x38, 0xff, 0xd0, 0x64, 0x38, 0xff,
    0xd0, 0x60, 0x38, 0xff, 0xd0, 0x60, 0x38, 0xff, 0xd0, 0x60, 0x38, 0xff,
    0xd0, 0x60, 0x38, 0xff, 0xd0, 0x60, 0x38, 0xff, 0xd0, 0x60, 0x38, 0xff,
    0xd0, 0x60, 0x38, 0xff, 0xd0, 0x60, 0x38, 0xff, 0xd0, 0x64, 0x38, 0xff,
    0xd0, 0x64, 0x38, 0xff, 0xd0, 0x64, 0x38, 0xff, 0xd0, 0x64, 0x38, 0xff,
    0xd0, 0x64, 0x38, 0xff, 0xd0, 0x60, 0x38, 0xff, 0xd0, 0x60, 0x38, 0xff,
    0xd0, 0x64, 0x38, 0xff, 0xd0, 0x60, 0x38, 0xff, 0xd0, 0x60, 0x38, 0xff,
    0xd0, 0x60, 0x38, 0xff, 0xd0, 0x64, 0x38, 0xff, 0xd0, 0x64, 0x38, 0xff,
    0xd0, 0x60, 0x38, 0xff, 0xd0, 0x60, 0x38, 0xff, 0xd0, 0x64, 0x38, 0xff,
    0xd0, 0x60, 0x38, 0xff, 0xd0, 0x60, 0x38, 0xff, 0xd0, 0x60, 0x38, 0xff,
    0xd0, 0x60, 0x38, 0xff, 0xd0, 0x60, 0x38, 0xff, 0xd0, 0x60, 0x38, 0xff,
    0xd0, 0x60, 0x38, 0xff, 0xd0, 0x60, 0x38, 0xff, 0xd0, 0x60, 0x38, 0xff,
    0xd0, 0x60, 0x38, 0xff, 0xd0, 0x60, 0x38, 0xff, 0xd0, 0x60, 0x38, 0xff,
    0xd0, 0x60, 0x38, 0xff, 0xc8, 0x60, 0x38, 0xff, 0xc8, 0x60, 0x38, 0xff,
    0xc8, 0x5c, 0x38, 0xff, 0xc8, 0x60, 0x38, 0xff, 0xc8, 0x5c, 0x38, 0xff,
    0xc8, 0x5c, 0x38, 0xff, 0xc0, 0x5c, 0x38, 0xff, 0xc0, 0x5c, 0x38, 0xff,
    0xc0, 0x5c, 0x38, 0xff, 0xc0, 0x58, 0x38, 0xff, 0xb8, 0x5c, 0x38, 0xff,
    0xb8, 0x58, 0x38, 0xff, 0xb8, 0x58, 0x38, 0xff, 0xb0, 0x58, 0x38, 0xff,
    0xb0, 0x58, 0x38, 0xff, 0xa8, 0x54, 0x38, 0xff, 0xa8, 0x54, 0x38, 0xff,
    0xa0, 0x50, 0x38, 0xff, 0xa0, 0x54, 0x38, 0xff, 0xa0, 0x50, 0x38, 0xff,
    0x00, 0x00, 0x00, 0x00, 0x00, 0x00, 0x00, 0x00, 0x00, 0x00, 0x00, 0x00,
    0x00, 0x00, 0x00, 0x00, 0x00, 0x00, 0x00, 0x00, 0x00, 0x00, 0x00, 0x00,
    0x00, 0x00, 0x00, 0x00, 0x00, 0x00, 0x00, 0x00, 0x00, 0x00, 0x00, 0x00,
    0x00, 0x00, 0x00, 0x00, 0x00, 0x00, 0x00, 0x00, 0x00, 0x00, 0x00, 0x00,
    0x00, 0x00, 0x00, 0x00, 0x00, 0x00, 0x00, 0x00, 0x00, 0x00, 0x00, 0x00,
    0x00, 0x00, 0x00, 0x00, 0x00, 0x00, 0x00, 0x00, 0x00, 0x00, 0x00, 0x00,
    0x00, 0x00, 0x00, 0x00, 0x00, 0x00, 0x00, 0x00, 0x00, 0x00, 0x00, 0x00,
    0x00, 0x00, 0x00, 0x00, 0x00, 0x00, 0x00, 0x00, 0x00, 0x00, 0x00, 0x00,
    0x00, 0x00, 0x00, 0x00, 0x00, 0x00, 0x00, 0x00, 0x00, 0x00, 0x00, 0x00,
    0x00, 0x00, 0x00, 0x00, 0x00, 0x00, 0x00, 0x00, 0x00, 0x00, 0x00, 0x00,
    0x00, 0x00, 0x00, 0x00, 0x00, 0x00, 0x00, 0x00, 0x00, 0x00, 0x00, 0x00,
    0x00, 0x00, 0x00, 0x00, 0x00, 0x00, 0x00, 0x00, 0x00, 0x00, 0x00, 0x00,
    0x00, 0x00, 0x00, 0x00, 0x00, 0x00, 0x00, 0x00, 0x00, 0x00, 0x00, 0x00,
    0x00, 0x00, 0x00, 0x00, 0x00, 0x00, 0x00, 0x00, 0x00, 0x00, 0x00, 0x00,
    0x00, 0x00, 0x00, 0x00, 0x00, 0x00, 0x00, 0x00, 0x00, 0x00, 0x00, 0x00,
    0x00, 0x00, 0x00, 0x00, 0x00, 0x00, 0x00, 0x00, 0x00, 0x00, 0x00, 0x00,
    0x00, 0x00, 0x00, 0x00, 0x00, 0x00, 0x00, 0x00, 0x00, 0x00, 0x00, 0x00,
    0x00, 0x00, 0x00, 0x00, 0x00, 0x00, 0x00, 0x00, 0x00, 0x00, 0x00, 0x00,
    0x00, 0x00, 0x00, 0x00, 0x00, 0x00, 0x00, 0x00, 0x00, 0x00, 0x00, 0x00,
    0x00, 0x00, 0x00, 0x00, 0x00, 0x00, 0x00, 0x00, 0x98, 0x50, 0x38, 0xff,
    0x98, 0x50, 0x38, 0xff, 0xa0, 0x50, 0x38, 0xff, 0xa0, 0x50, 0x38, 0xff,
    0xa8, 0x50, 0x30, 0xff, 0xa8, 0x54, 0x38, 0xff, 0xa8, 0x54, 0x38, 0xff,
    0xb0, 0x54, 0x38, 0xff, 0xb0, 0x54, 0x38, 0xff, 0xb0, 0x58, 0x30, 0xff,
    0xb8, 0x58, 0x38, 0xff, 0xb8, 0x58, 0x30, 0xff, 0xb8, 0x58, 0x38, 0xff,
    0xb8, 0x58, 0x30, 0xff, 0xb8, 0x58, 0x30, 0xff, 0xc0, 0x58, 0x38, 0xff,
    0xc0, 0x58, 0x38, 0xff, 0xc0, 0x5c, 0x30, 0xff, 0xc0, 0x58, 0x38, 0xff,
    0xc0, 0x5c, 0x38, 0xff, 0xc0, 0x5c, 0x38, 0xff, 0xc8, 0x5c, 0x30, 0xff,
    0xc8, 0x5c, 0x30, 0xff, 0xc8, 0x5c, 0x38, 0xff, 0xc8, 0x5c, 0x30, 0xff,
    0xc8, 0x5c, 0x30, 0xff, 0xc8, 0x5c, 0x30, 0xff, 0xc8, 0x5c, 0x38, 0xff,
    0xc8, 0x5c, 0x30, 0xff, 0xc8, 0x5c, 0x30, 0xff, 0xc8, 0x5c, 0x38, 0xff,
    0xc8, 0x5c, 0x30, 0xff, 0xc8, 0x5c, 0x30, 0xff, 0xc8, 0x5c, 0x30, 0xff,
    0xc8, 0x5c, 0x30, 0xff, 0xc8, 0x5c, 0x38, 0xff, 0xc8, 0x5c, 0x30, 0xff,
    0xc8, 0x5c, 0x30, 0xff, 0xc8, 0x5c, 0x38, 0xff, 0xc8, 0x60, 0x30, 0xff,
    0xc8, 0x5c, 0x38, 0xff, 0xc8, 0x5c, 0x38, 0xff, 0xc8, 0x5c, 0x38, 0xff,
    0xc8, 0x5c, 0x30, 0xff, 0xc8, 0x5c, 0x38, 0xff, 0xc8, 0x5c, 0x38, 0xff,
    0xc8, 0x5c, 0x38, 0xff, 0xc8, 0x5c, 0x38, 0xff, 0xc8, 0x5c, 0x38, 0xff,
    0xc8, 0x60, 0x30, 0xff, 0xc8, 0x5c, 0x38, 0xff, 0xc8, 0x5c, 0x38, 0xff,
    0xc8, 0x5c, 0x38, 0xff, 0xc8, 0x5c, 0x38, 0xff, 0xc8, 0x5c, 0x38, 0xff,
    0xc8, 0x5c, 0x38, 0xff, 0xc8, 0x5c, 0x38, 0xff, 0xc8, 0x5c, 0x38, 0xff,
    0xd0, 0x60, 0x38, 0xff, 0xc8, 0x5c, 0x38, 0xff, 0xa8, 0x44, 0x20, 0xff,
    0xb0, 0x48, 0x28, 0xff, 0xb8, 0x4c, 0x28, 0xff, 0xb8, 0x4c, 0x28, 0xff,
    0xb8, 0x4c, 0x28, 0xff, 0xb8, 0x50, 0x28, 0xff, 0xb8, 0x4c, 0x28, 0xff,
    0xb8, 0x50, 0x28, 0xff, 0xb8, 0x50, 0x28, 0xff, 0xb8, 0x50, 0x28, 0xff,
    0xb8, 0x50, 0x28, 0xff, 0xb8, 0x50, 0x28, 0xff, 0xb8, 0x50, 0x28, 0xff,
    0xb8, 0x50, 0x30, 0xff, 0xb8, 0x54, 0x28, 0xff, 0xb8, 0x50, 0x28, 0xff,
    0xc0, 0x50, 0x30, 0xff, 0xb8, 0x50, 0x28, 0xff, 0xb8, 0x50, 0x28, 0xff,
    0xb8, 0x50, 0x28, 0xff, 0xc8, 0x60, 0x38, 0xff, 0xd0, 0x64, 0x38, 0xff,
    0xd0, 0x60, 0x38, 0xff, 0xd0, 0x60, 0x38, 0xff, 0xd0, 0x60, 0x38, 0xff,
    0xd0, 0x60, 0x38, 0xff, 0xd0, 0x60, 0x38, 0xff, 0xd0, 0x60, 0x38, 0xff,
    0xd0, 0x60, 0x30, 0xff, 0xd0, 0x60, 0x38, 0xff, 0xd0, 0x60, 0x38, 0xff,
    0xc8, 0x60, 0x38, 0xff, 0xc8, 0x60, 0x38, 0xff, 0xd0, 0x60, 0x38, 0xff,
    0xd0, 0x60, 0x38, 0xff, 0xd0, 0x60, 0x38, 0xff, 0xd0, 0x60, 0x38, 0xff,
    0xd0, 0x60, 0x38, 0xff, 0xd0, 0x60, 0x38, 0xff, 0xd0, 0x60, 0x38, 0xff,
    0xd0, 0x60, 0x38, 0xff, 0xd0, 0x60, 0x38, 0xff, 0xd0, 0x60, 0x38, 0xff,
    0xd0, 0x60, 0x38, 0xff, 0xd0, 0x60, 0x38, 0xff, 0xd0, 0x60, 0x38, 0xff,
    0xd0, 0x60, 0x38, 0xff, 0xd0, 0x60, 0x38, 0xff, 0xd0, 0x60, 0x38, 0xff,
    0xd0, 0x60, 0x38, 0xff, 0xd0, 0x60, 0x38, 0xff, 0xd0, 0x60, 0x38, 0xff,
    0xd0, 0x60, 0x38, 0xff, 0xd0, 0x60, 0x38, 0xff, 0xd0, 0x60, 0x38, 0xff,
    0xd0, 0x60, 0x38, 0xff, 0xd0, 0x60, 0x38, 0xff, 0xd0, 0x60, 0x38, 0xff,
    0xd0, 0x60, 0x38, 0xff, 0xd0, 0x60, 0x38, 0xff, 0xd0, 0x60, 0x38, 0xff,
    0xd0, 0x60, 0x38, 0xff, 0xc8, 0x60, 0x38, 0xff, 0xd0, 0x60, 0x38, 0xff,
    0xd0, 0x60, 0x38, 0xff, 0xd0, 0x60, 0x38, 0xff, 0xd0, 0x60, 0x38, 0xff,
    0xd0, 0x60, 0x38, 0xff, 0xd0, 0x60, 0x38, 0xff, 0xc8, 0x60, 0x38, 0xff,
    0xc8, 0x60, 0x38, 0xff, 0xc8, 0x60, 0x38, 0xff, 0xc8, 0x60, 0x38, 0xff,
    0xc8, 0x5c, 0x38, 0xff, 0xc8, 0x5c, 0x38, 0xff, 0xc8, 0x5c, 0x38, 0xff,
    0xc0, 0x5c, 0x38, 0xff, 0xc0, 0x5c, 0x38, 0xff, 0xc0, 0x5c, 0x38, 0xff,
    0xc0, 0x5c, 0x38, 0xff, 0xb8, 0x5c, 0x38, 0xff, 0xb8, 0x58, 0x38, 0xff,
    0xb8, 0x58, 0x38, 0xff, 0xb8, 0x58, 0x38, 0xff, 0xb0, 0x58, 0x38, 0xff,
    0xb0, 0x58, 0x38, 0xff, 0xb0, 0x54, 0x38, 0xff, 0xa8, 0x54, 0x38, 0xff,
    0xa8, 0x54, 0x38, 0xff, 0xa0, 0x50, 0x38, 0xff, 0xa0, 0x50, 0x38, 0xff,
    0x98, 0x50, 0x38, 0xff, 0x00, 0x00, 0x00, 0x00, 0x00, 0x00, 0x00, 0x00,
    0x00, 0x00, 0x00, 0x00, 0x00, 0x00, 0x00, 0x00, 0x00, 0x00, 0x00, 0x00,
    0x00, 0x00, 0x00, 0x00, 0x00, 0x00, 0x00, 0x00, 0x00, 0x00, 0x00, 0x00,
    0x00, 0x00, 0x00, 0x00, 0x00, 0x00, 0x00, 0x00, 0x00, 0x00, 0x00, 0x00,
    0x00, 0x00, 0x00, 0x00, 0x00, 0x00, 0x00, 0x00, 0x00, 0x00, 0x00, 0x00,
    0x00, 0x00, 0x00, 0x00, 0x00, 0x00, 0x00, 0x00, 0x00, 0x00, 0x00, 0x00,
    0x00, 0x00, 0x00, 0x00, 0x00, 0x00, 0x00, 0x00, 0x00, 0x00, 0x00, 0x00,
    0x00, 0x00, 0x00, 0x00, 0x00, 0x00, 0x00, 0x00, 0x00, 0x00, 0x00, 0x00,
    0x00, 0x00, 0x00, 0x00, 0x00, 0x00, 0x00, 0x00, 0x00, 0x00, 0x00, 0x00,
    0x00, 0x00, 0x00, 0x00, 0x00, 0x00, 0x00, 0x00, 0x00, 0x00, 0x00, 0x00,
    0x00, 0x00, 0x00, 0x00, 0x00, 0x00, 0x00, 0x00, 0x00, 0x00, 0x00, 0x00,
    0x00, 0x00, 0x00, 0x00, 0x00, 0x00, 0x00, 0x00, 0x00, 0x00, 0x00, 0x00,
    0x00, 0x00, 0x00, 0x00, 0x00, 0x00, 0x00, 0x00, 0x00, 0x00, 0x00, 0x00,
    0x00, 0x00, 0x00, 0x00, 0x00, 0x00, 0x00, 0x00, 0x00, 0x00, 0x00, 0x00,
    0x00, 0x00, 0x00, 0x00, 0x00, 0x00, 0x00, 0x00, 0x00, 0x00, 0x00, 0x00,
    0x00, 0x00, 0x00, 0x00, 0x00, 0x00, 0x00, 0x00, 0x00, 0x00, 0x00, 0x00,
    0x00, 0x00, 0x00, 0x00, 0x00, 0x00, 0x00, 0x00, 0x00, 0x00, 0x00, 0x00,
    0x00, 0x00, 0x00, 0x00, 0x00, 0x00, 0x00, 0x00, 0x00, 0x00, 0x00, 0x00,
    0x00, 0x00, 0x00, 0x00, 0x00, 0x00, 0x00, 0x00, 0x00, 0x00, 0x00, 0x00,
    0x00, 0x00, 0x00, 0x00, 0x00, 0x00, 0x00, 0x00, 0x00, 0x00, 0x00, 0x00,
    0x98, 0x4c, 0x38, 0xff, 0x98, 0x50, 0x38, 0xff, 0xa0, 0x50, 0x38, 0xff,
    0xa0, 0x50, 0x38, 0xff, 0xa0, 0x50, 0x38, 0xff, 0xa8, 0x50, 0x38, 0xff,
    0xa8, 0x54, 0x38, 0xff, 0xa8, 0x54, 0x38, 0xff, 0xb0, 0x54, 0x38, 0xff,
    0xb0, 0x54, 0x38, 0xff, 0xb0, 0x54, 0x38, 0xff, 0xb8, 0x58, 0x38, 0xff,
    0xb8, 0x58, 0x38, 0xff, 0xb8, 0x58, 0x38, 0xff, 0xb8, 0x58, 0x38, 0xff,
    0xc0, 0x58, 0x38, 0xff, 0xc0, 0x58, 0x38, 0xff, 0xc0, 0x58, 0x30, 0xff,
    0xc0, 0x5c, 0x38, 0xff, 0xc0, 0x58, 0x38, 0xff, 0xc0, 0x5c, 0x30, 0xff,
    0xc0, 0x5c, 0x38, 0xff, 0xc8, 0x5c, 0x38, 0xff, 0xc0, 0x5c, 0x38, 0xff,
    0xc8, 0x5c, 0x38, 0xff, 0xc8, 0x5c, 0x38, 0xff, 0xc8, 0x5c, 0x38, 0xff,
    0xc8, 0x5c, 0x38, 0xff, 0xc8, 0x5c, 0x38, 0xff, 0xc8, 0x5c, 0x38, 0xff,
    0xc8, 0x5c, 0x38, 0xff, 0xc8, 0x5c, 0x38, 0xff, 0xc8, 0x5c, 0x38, 0xff,
    0xc8, 0x5c, 0x38, 0xff, 0xc8, 0x5c, 0x38, 0xff, 0xc8, 0x5c, 0x30, 0xff,
    0xc8, 0x5c, 0x38, 0xff, 0xc8, 0x5c, 0x38, 0xff, 0xc8, 0x5c, 0x38, 0xff,
    0xc8, 0x5c, 0x38, 0xff, 0xc8, 0x5c, 0x38, 0xff, 0xc8, 0x5c, 0x38, 0xff,
    0xc8, 0x5c, 0x30, 0xff, 0xc8, 0x5c, 0x38, 0xff, 0xc8, 0x5c, 0x38, 0xff,
    0xc8, 0x5c, 0x30, 0xff, 0xc8, 0x5c, 0x38, 0xff, 0xc8, 0x5c, 0x38, 0xff,
    0xc8, 0x5c, 0x30, 0xff, 0xc8, 0x5c, 0x38, 0xff, 0xc8, 0x5c, 0x38, 0xff,
    0xc8, 0x5c, 0x30, 0xff, 0xc8, 0x5c, 0x38, 0xff, 0xc8, 0x5c, 0x38, 0xff,
    0xc8, 0x5c, 0x30, 0xff, 0xc8, 0x5c, 0x38, 0xff, 0xc8, 0x5c, 0x38, 0xff,
    0xc8, 0x5c, 0x38, 0xff, 0xd0, 0x60, 0x38, 0xff, 0xc8, 0x58, 0x30, 0xff,
    0xa8, 0x48, 0x20, 0xff, 0xb0, 0x48, 0x28, 0xff, 0xb0, 0x4c, 0x28, 0xff,
    0xb0, 0x4c, 0x28, 0xff, 0xb0, 0x4c, 0x28, 0xff, 0xb0, 0x4c, 0x28, 0xff,
    0xb8, 0x4c, 0x28, 0xff, 0xb8, 0x4c, 0x30, 0xff, 0xb8, 0x50, 0x30, 0xff,
    0xb8, 0x50, 0x28, 0xff, 0xb8, 0x50, 0x28, 0xff, 0xb8, 0x50, 0x30, 0xff,
    0xb8, 0x4c, 0x28, 0xff, 0xb8, 0x50, 0x28, 0xff, 0xb8, 0x50, 0x28, 0xff,
    0xb8, 0x50, 0x30, 0xff, 0xc0, 0x54, 0x30, 0xff, 0xb8, 0x50, 0x28, 0xff,
    0xb0, 0x4c, 0x28, 0xff, 0xb8, 0x4c, 0x28, 0xff, 0xc8, 0x58, 0x38, 0xff,
    0xd0, 0x60, 0x38, 0xff, 0xc8, 0x60, 0x38, 0xff, 0xd0, 0x60, 0x38, 0xff,
    0xd0, 0x60, 0x38, 0xff, 0xc8, 0x60, 0x38, 0xff, 0xd0, 0x60, 0x38, 0xff,
    0xc8, 0x60, 0x38, 0xff, 0xc8, 0x60, 0x38, 0xff, 0xc8, 0x60, 0x38, 0xff,
    0xd0, 0x60, 0x38, 0xff, 0xd0, 0x60, 0x38, 0xff, 0xc8, 0x5c, 0x38, 0xff,
    0xd0, 0x60, 0x38, 0xff, 0xd0, 0x60, 0x38, 0xff, 0xc8, 0x60, 0x38, 0xff,
    0xd0, 0x60, 0x38, 0xff, 0xd0, 0x60, 0x38, 0xff, 0xc8, 0x60, 0x38, 0xff,
    0xd0, 0x64, 0x38, 0xff, 0xc8, 0x60, 0x38, 0xff, 0xc8, 0x60, 0x38, 0xff,
    0xd0, 0x60, 0x38, 0xff, 0xc8, 0x60, 0x38, 0xff, 0xc8, 0x60, 0x38, 0xff,
    0xc8, 0x60, 0x38, 0xff, 0xc8, 0x60, 0x38, 0xff, 0xc8, 0x60, 0x38, 0xff,
    0xc8, 0x60, 0x38, 0xff, 0xc8, 0x60, 0x38, 0xff, 0xd0, 0x60, 0x38, 0xff,
    0xd0, 0x60, 0x38, 0xff, 0xd0, 0x64, 0x38, 0xff, 0xc8, 0x60, 0x38, 0xff,
    0xc8, 0x60, 0x38, 0xff, 0xd0, 0x60, 0x38, 0xff, 0xc8, 0x60, 0x38, 0xff,
    0xc8, 0x60, 0x38, 0xff, 0xd0, 0x60, 0x38, 0xff, 0xc8, 0x60, 0x38, 0xff,
    0xc8, 0x60, 0x38, 0xff, 0xd0, 0x60, 0x38, 0xff, 0xd0, 0x60, 0x38, 0xff,
    0xc8, 0x60, 0x38, 0xff, 0xc8, 0x60, 0x38, 0xff, 0xc8, 0x60, 0x38, 0xff,
    0xc8, 0x60, 0x38, 0xff, 0xc8, 0x60, 0x38, 0xff, 0xc8, 0x60, 0x38, 0xff,
    0xc8, 0x60, 0x38, 0xff, 0xc8, 0x60, 0x38, 0xff, 0xc8, 0x5c, 0x38, 0xff,
    0xc8, 0x5c, 0x38, 0xff, 0xc8, 0x5c, 0x38, 0xff, 0xc8, 0x5c, 0x38, 0xff,
    0xc0, 0x60, 0x38, 0xff, 0xc0, 0x5c, 0x38, 0xff, 0xc0, 0x5c, 0x38, 0xff,
    0xc0, 0x5c, 0x38, 0xff, 0xb8, 0x5c, 0x38, 0xff, 0xb8, 0x58, 0x38, 0xff,
    0xb8, 0x58, 0x38, 0xff, 0xb8, 0x58, 0x38, 0xff, 0xb0, 0x58, 0x38, 0xff,
    0xb0, 0x58, 0x38, 0xff, 0xb0, 0x54, 0x38, 0xff, 0xa8, 0x54, 0x38, 0xff,
    0xa8, 0x54, 0x38, 0xff, 0xa0, 0x54, 0x38, 0xff, 0xa0, 0x54, 0x30, 0xff,
    0x98, 0x50, 0x38, 0xff, 0x98, 0x50, 0x38, 0xff, 0x00, 0x00, 0x00, 0x00,
    0x00, 0x00, 0x00, 0x00, 0x00, 0x00, 0x00, 0x00, 0x00, 0x00, 0x00, 0x00,
    0x00, 0x00, 0x00, 0x00, 0x00, 0x00, 0x00, 0x00, 0x00, 0x00, 0x00, 0x00,
    0x00, 0x00, 0x00, 0x00, 0x00, 0x00, 0x00, 0x00, 0x00, 0x00, 0x00, 0x00,
    0x00, 0x00, 0x00, 0x00, 0x00, 0x00, 0x00, 0x00, 0x00, 0x00, 0x00, 0x00,
    0x00, 0x00, 0x00, 0x00, 0x00, 0x00, 0x00, 0x00, 0x00, 0x00, 0x00, 0x00,
    0x00, 0x00, 0x00, 0x00, 0x00, 0x00, 0x00, 0x00, 0x00, 0x00, 0x00, 0x00,
    0x00, 0x00, 0x00, 0x00, 0x00, 0x00, 0x00, 0x00, 0x00, 0x00, 0x00, 0x00,
    0x00, 0x00, 0x00, 0x00, 0x00, 0x00, 0x00, 0x00, 0x00, 0x00, 0x00, 0x00,
    0x00, 0x00, 0x00, 0x00, 0x00, 0x00, 0x00, 0x00, 0x00, 0x00, 0x00, 0x00,
    0x00, 0x00, 0x00, 0x00, 0x00, 0x00, 0x00, 0x00, 0x00, 0x00, 0x00, 0x00,
    0x00, 0x00, 0x00, 0x00, 0x00, 0x00, 0x00, 0x00, 0x00, 0x00, 0x00, 0x00,
    0x00, 0x00, 0x00, 0x00, 0x00, 0x00, 0x00, 0x00, 0x00, 0x00, 0x00, 0x00,
    0x00, 0x00, 0x00, 0x00, 0x00, 0x00, 0x00, 0x00, 0x00, 0x00, 0x00, 0x00,
    0x00, 0x00, 0x00, 0x00, 0x00, 0x00, 0x00, 0x00, 0x00, 0x00, 0x00, 0x00,
    0x00, 0x00, 0x00, 0x00, 0x00, 0x00, 0x00, 0x00, 0x00, 0x00, 0x00, 0x00,
    0x00, 0x00, 0x00, 0x00, 0x00, 0x00, 0x00, 0x00, 0x00, 0x00, 0x00, 0x00,
    0x00, 0x00, 0x00, 0x00, 0x00, 0x00, 0x00, 0x00, 0x00, 0x00, 0x00, 0x00,
    0x00, 0x00, 0x00, 0x00, 0x00, 0x00, 0x00, 0x00, 0x00, 0x00, 0x00, 0x00,
    0x00, 0x00, 0x00, 0x00, 0x00, 0x00, 0x00, 0x00, 0x00, 0x00, 0x00, 0x00,
    0x00, 0x00, 0x00, 0x00, 0x98, 0x4c, 0x38, 0xff, 0x98, 0x4c, 0x30, 0xff,
    0x98, 0x50, 0x38, 0xff, 0xa0, 0x50, 0x30, 0xff, 0xa0, 0x50, 0x38, 0xff,
    0xa8, 0x54, 0x30, 0xff, 0xa8, 0x50, 0x30, 0xff, 0xa8, 0x54, 0x38, 0xff,
    0xb0, 0x54, 0x30, 0xff, 0xb0, 0x54, 0x38, 0xff, 0xb0, 0x54, 0x38, 0xff,
    0xb0, 0x58, 0x30, 0xff, 0xb8, 0x58, 0x38, 0xff, 0xb8, 0x58, 0x38, 0xff,
    0xb8, 0x58, 0x30, 0xff, 0xb8, 0x58, 0x38, 0xff, 0xb8, 0x58, 0x38, 0xff,
    0xc0, 0x58, 0x38, 0xff, 0xc0, 0x58, 0x38, 0xff, 0xc0, 0x5c, 0x38, 0xff,
    0xc0, 0x58, 0x38, 0xff, 0xc0, 0x58, 0x38, 0xff, 0xc0, 0x5c, 0x38, 0xff,
    0xc0, 0x58, 0x30, 0xff, 0xc0, 0x5c, 0x38, 0xff, 0xc0, 0x5c, 0x30, 0xff,
    0xc0, 0x5c, 0x38, 0xff, 0xc0, 0x5c, 0x30, 0xff, 0xc8, 0x5c, 0x30, 0xff,
    0xc0, 0x5c, 0x38, 0xff, 0xc8, 0x5c, 0x30, 0xff, 0xc8, 0x5c, 0x38, 0xff,
    0xc0, 0x5c, 0x38, 0xff, 0xc8, 0x5c, 0x30, 0xff, 0xc8, 0x5c, 0x38, 0xff,
    0xc0, 0x5c, 0x38, 0xff, 0xc8, 0x5c, 0x30, 0xff, 0xc0, 0x5c, 0x38, 0xff,
    0xc0, 0x5c, 0x30, 0xff, 0xc8, 0x5c, 0x30, 0xff, 0xc8, 0x5c, 0x38, 0xff,
    0xc0, 0x5c, 0x38, 0xff, 0xc8, 0x5c, 0x38, 0xff, 0xc0, 0x5c, 0x38, 0xff,
    0xc0, 0x5c, 0x38, 0xff, 0xc8, 0x5c, 0x30, 0xff, 0xc0, 0x5c, 0x38, 0xff,
    0xc0, 0x5c, 0x38, 0xff, 0xc8, 0x5c, 0x38, 0xff, 0xc0, 0x5c, 0x38, 0xff,
    0xc8, 0x5c, 0x38, 0xff, 0xc8, 0x5c, 0x30, 0xff, 0xc0, 0x5c, 0x38, 0xff,
    0xc8, 0x5c, 0x38, 0xff, 0xc8, 0x5c, 0x30, 0xff, 0xc0, 0x5c, 0x38, 0xff,
    0xc8, 0x5c, 0x38, 0xff, 0xc0, 0x5c, 0x30, 0xff, 0xc8, 0x5c, 0x38, 0xff,
    0xc0, 0x58, 0x38, 0xff, 0xa8, 0x44, 0x20, 0xff, 0xa8, 0x48, 0x28, 0xff,
    0xb0, 0x4c, 0x28, 0xff, 0xb0, 0x4c, 0x28, 0xff, 0xb8, 0x4c, 0x28, 0xff,
    0xb0, 0x4c, 0x28, 0xff, 0xb0, 0x4c, 0x28, 0xff, 0xb8, 0x50, 0x28, 0xff,
    0xb0, 0x4c, 0x28, 0xff, 0xb8, 0x4c, 0x30, 0xff, 0xb8, 0x50, 0x28, 0xff,
    0xb8, 0x50, 0x30, 0xff, 0xb0, 0x4c, 0x28, 0xff, 0xb8, 0x50, 0x30, 0xff,
    0xb8, 0x50, 0x30, 0xff, 0xb8, 0x50, 0x28, 0xff, 0xb8, 0x50, 0x28, 0xff,
    0xb0, 0x4c, 0x28, 0xff, 0xa8, 0x44, 0x28, 0xff, 0xa8, 0x44, 0x20, 0xff,
    0xb8, 0x54, 0x30, 0xff, 0xd0, 0x64, 0x38, 0xff, 0xc8, 0x60, 0x38, 0xff,
    0xc8, 0x60, 0x38, 0xff, 0xc8, 0x60, 0x38, 0xff, 0xc8, 0x60, 0x38, 0xff,
    0xc8, 0x60, 0x38, 0xff, 0xc8, 0x60, 0x38, 0xff, 0xc8, 0x5c, 0x38, 0xff,
    0xc8, 0x60, 0x38, 0xff, 0xd0, 0x64, 0x38, 0xff, 0xc8, 0x5c, 0x38, 0xff,
    0xc0, 0x5c, 0x30, 0xff, 0xc8, 0x5c, 0x38, 0xff, 0xc8, 0x60, 0x38, 0xff,
    0xc8, 0x60, 0x38, 0xff, 0xc8, 0x5c, 0x38, 0xff, 0xc8, 0x64, 0x38, 0xff,
    0xd0, 0x68, 0x40, 0xff, 0xc8, 0x60, 0x38, 0xff, 0xc8, 0x5c, 0x38, 0xff,
    0xc8, 0x60, 0x38, 0xff, 0xc8, 0x60, 0x38, 0xff, 0xc8, 0x60, 0x38, 0xff,
    0xc8, 0x5c, 0x38, 0xff, 0xc8, 0x5c, 0x38, 0xff, 0xc8, 0x5c, 0x38, 0xff,
    0xc8, 0x60, 0x38, 0xff, 0xc8, 0x5c, 0x38, 0xff, 0xc8, 0x60, 0x38, 0xff,
    0xd0, 0x64, 0x38, 0xff, 0xd0, 0x68, 0x40, 0xff, 0xc8, 0x60, 0x38, 0xff,
    0xc8, 0x5c, 0x38, 0xff, 0xc8, 0x60, 0x38, 0xff, 0xc8, 0x60, 0x38, 0xff,
    0xc8, 0x5c, 0x38, 0xff, 0xc8, 0x60, 0x38, 0xff, 0xc8, 0x60, 0x38, 0xff,
    0xc8, 0x5c, 0x38, 0xff, 0xc8, 0x5c, 0x38, 0xff, 0xc8, 0x60, 0x38, 0xff,
    0xc8, 0x5c, 0x38, 0xff, 0xc8, 0x5c, 0x38, 0xff, 0xc8, 0x5c, 0x38, 0xff,
    0xc8, 0x60, 0x38, 0xff, 0xc8, 0x5c, 0x38, 0xff, 0xc8, 0x60, 0x38, 0xff,
    0xc8, 0x5c, 0x38, 0xff, 0xc8, 0x60, 0x38, 0xff, 0xc8, 0x5c, 0x38, 0xff,
    0xc8, 0x5c, 0x38, 0xff, 0xc8, 0x5c, 0x38, 0xff, 0xc0, 0x60, 0x38, 0xff,
    0xc0, 0x5c, 0x38, 0xff, 0xc0, 0x5c, 0x38, 0xff, 0xc0, 0x5c, 0x38, 0xff,
    0xc0, 0x5c, 0x38, 0xff, 0xc0, 0x5c, 0x38, 0xff, 0xb8, 0x58, 0x38, 0xff,
    0xb8, 0x58, 0x38, 0xff, 0xb8, 0x5c, 0x38, 0xff, 0xb0, 0x58, 0x38, 0xff,
    0xb0, 0x58, 0x38, 0xff, 0xb0, 0x58, 0x38, 0xff, 0xa8, 0x58, 0x38, 0xff,
    0xa8, 0x54, 0x38, 0xff, 0xa8, 0x54, 0x38, 0xff, 0xa0, 0x54, 0x38, 0xff,
    0xa0, 0x50, 0x38, 0xff, 0x98, 0x50, 0x38, 0xff, 0x98, 0x50, 0x38, 0xff,
    0x00, 0x00, 0x00, 0x00, 0x00, 0x00, 0x00, 0x00, 0x00, 0x00, 0x00, 0x00,
    0x00, 0x00, 0x00, 0x00, 0x00, 0x00, 0x00, 0x00, 0x00, 0x00, 0x00, 0x00,
    0x00, 0x00, 0x00, 0x00, 0x00, 0x00, 0x00, 0x00, 0x00, 0x00, 0x00, 0x00,
    0x00, 0x00, 0x00, 0x00, 0x00, 0x00, 0x00, 0x00, 0x00, 0x00, 0x00, 0x00,
    0x00, 0x00, 0x00, 0x00, 0x00, 0x00, 0x00, 0x00, 0x00, 0x00, 0x00, 0x00,
    0x00, 0x00, 0x00, 0x00, 0x00, 0x00, 0x00, 0x00, 0x00, 0x00, 0x00, 0x00,
    0x00, 0x00, 0x00, 0x00, 0x00, 0x00, 0x00, 0x00, 0x00, 0x00, 0x00, 0x00,
    0x00, 0x00, 0x00, 0x00, 0x00, 0x00, 0x00, 0x00, 0x00, 0x00, 0x00, 0x00,
    0x00, 0x00, 0x00, 0x00, 0x00, 0x00, 0x00, 0x00, 0x00, 0x00, 0x00, 0x00,
    0x00, 0x00, 0x00, 0x00, 0x00, 0x00, 0x00, 0x00, 0x00, 0x00, 0x00, 0x00,
    0x00, 0x00, 0x00, 0x00, 0x00, 0x00, 0x00, 0x00, 0x00, 0x00, 0x00, 0x00,
    0x00, 0x00, 0x00, 0x00, 0x00, 0x00, 0x00, 0x00, 0x00, 0x00, 0x00, 0x00,
    0x00, 0x00, 0x00, 0x00, 0x00, 0x00, 0x00, 0x00, 0x00, 0x00, 0x00, 0x00,
    0x00, 0x00, 0x00, 0x00, 0x00, 0x00, 0x00, 0x00, 0x00, 0x00, 0x00, 0x00,
    0x00, 0x00, 0x00, 0x00, 0x00, 0x00, 0x00, 0x00, 0x00, 0x00, 0x00, 0x00,
    0x00, 0x00, 0x00, 0x00, 0x00, 0x00, 0x00, 0x00, 0x00, 0x00, 0x00, 0x00,
    0x00, 0x00, 0x00, 0x00, 0x00, 0x00, 0x00, 0x00, 0x00, 0x00, 0x00, 0x00,
    0x00, 0x00, 0x00, 0x00, 0x00, 0x00, 0x00, 0x00, 0x00, 0x00, 0x00, 0x00,
    0x00, 0x00, 0x00, 0x00, 0x00, 0x00, 0x00, 0x00, 0x00, 0x00, 0x00, 0x00,
    0x00, 0x00, 0x00, 0x00, 0x00, 0x00, 0x00, 0x00, 0x90, 0x4c, 0x38, 0xff,
    0x98, 0x50, 0x38, 0xff, 0x98, 0x50, 0x38, 0xff, 0xa0, 0x50, 0x38, 0xff,
    0xa0, 0x50, 0x38, 0xff, 0xa0, 0x50, 0x38, 0xff, 0xa8, 0x54, 0x38, 0xff,
    0xa8, 0x54, 0x38, 0xff, 0xa8, 0x54, 0x30, 0xff, 0xb0, 0x54, 0x38, 0xff,
    0xb0, 0x54, 0x38, 0xff, 0xb0, 0x54, 0x30, 0xff, 0xb0, 0x54, 0x38, 0xff,
    0xb8, 0x58, 0x38, 0xff, 0xb8, 0x58, 0x30, 0xff, 0xb8, 0x58, 0x38, 0xff,
    0xb8, 0x58, 0x38, 0xff, 0xb8, 0x58, 0x30, 0xff, 0xc0, 0x58, 0x30, 0xff,
    0xb8, 0x58, 0x38, 0xff, 0xc0, 0x58, 0x38, 0xff, 0xc0, 0x5c, 0x30, 0xff,
    0xc0, 0x58, 0x38, 0xff, 0xc0, 0x58, 0x30, 0xff, 0xc0, 0x58, 0x38, 0xff,
    0xc0, 0x58, 0x38, 0xff, 0xc0, 0x58, 0x30, 0xff, 0xc0, 0x5c, 0x38, 0xff,
    0xc0, 0x58, 0x38, 0xff, 0xc0, 0x5c, 0x30, 0xff, 0xc0, 0x5c, 0x30, 0xff,
    0xc0, 0x5c, 0x38, 0xff, 0xc0, 0x5c, 0x30, 0xff, 0xc0, 0x5c, 0x30, 0xff,
    0xc0, 0x5c, 0x38, 0xff, 0xc0, 0x58, 0x38, 0xff, 0xc0, 0x5c, 0x30, 0xff,
    0xc0, 0x5c, 0x38, 0xff, 0xc0, 0x58, 0x38, 0xff, 0xc0, 0x5c, 0x30, 0xff,
    0xc0, 0x5c, 0x38, 0xff, 0xc0, 0x58, 0x38, 0xff, 0xc0, 0x5c, 0x30, 0xff,
    0xc0, 0x5c, 0x38, 0xff, 0xc0, 0x5c, 0x38, 0xff, 0xc0, 0x5c, 0x38, 0xff,
    0xc0, 0x5c, 0x30, 0xff, 0xc0, 0x5c, 0x38, 0xff, 0xc0, 0x5c, 0x38, 0xff,
    0xc0, 0x5c, 0x30, 0xff, 0xc0, 0x5c, 0x38, 0xff, 0xc0, 0x58, 0x38, 0xff,
    0xc0, 0x5c, 0x38, 0xff, 0xc0, 0x58, 0x38, 0xff, 0xc0, 0x58, 0x38, 0xff,
    0xc0, 0x58, 0x30, 0xff, 0xc0, 0x58, 0x38, 0xff, 0xc0, 0x5c, 0x38, 0xff,
    0xc8, 0x5c, 0x38, 0xff, 0xc0, 0x58, 0x38, 0xff, 0xa8, 0x44, 0x20, 0xff,
    0xa8, 0x48, 0x28, 0xff, 0xb0, 0x4c, 0x28, 0xff, 0xb0, 0x4c, 0x28, 0xff,
    0xb0, 0x4c, 0x28, 0xff, 0xb0, 0x4c, 0x28, 0xff, 0xb0, 0x4c, 0x28, 0xff,
    0xb0, 0x4c, 0x28, 0xff, 0xb0, 0x4c, 0x28, 0xff, 0xb0, 0x50, 0x28, 0xff,
    0xb0, 0x50, 0x30, 0xff, 0xb0, 0x50, 0x28, 0xff, 0xb0, 0x4c, 0x28, 0xff,
    0xb0, 0x50, 0x28, 0xff, 0xb0, 0x4c, 0x28, 0xff, 0xa8, 0x48, 0x28, 0xff,
    0xb0, 0x48, 0x28, 0xff, 0xb0, 0x4c, 0x28, 0xff, 0xb8, 0x50, 0x28, 0xff,
    0xc0, 0x58, 0x30, 0xff, 0xc8, 0x60, 0x38, 0xff, 0xd0, 0x60, 0x38, 0xff,
    0xc8, 0x60, 0x38, 0xff, 0xc8, 0x60, 0x38, 0xff, 0xc8, 0x60, 0x38, 0xff,
    0xc8, 0x60, 0x38, 0xff, 0xc8, 0x60, 0x38, 0xff, 0xd0, 0x64, 0x38, 0xff,
    0xd0, 0x68, 0x40, 0xff, 0xd0, 0x60, 0x38, 0xff, 0xb8, 0x54, 0x30, 0xff,
    0xb8, 0x58, 0x30, 0xff, 0xc8, 0x60, 0x38, 0xff, 0xc0, 0x5c, 0x38, 0xff,
    0xc8, 0x5c, 0x38, 0xff, 0xc8, 0x60, 0x38, 0xff, 0xc8, 0x5c, 0x38, 0xff,
    0xd0, 0x60, 0x38, 0xff, 0xb8, 0x54, 0x30, 0xff, 0xc0, 0x58, 0x38, 0xff,
    0xc8, 0x60, 0x38, 0xff, 0xc8, 0x60, 0x38, 0xff, 0xc8, 0x60, 0x38, 0xff,
    0xc0, 0x5c, 0x38, 0xff, 0xc8, 0x5c, 0x38, 0xff, 0xc8, 0x60, 0x38, 0xff,
    0xc8, 0x5c, 0x38, 0xff, 0xc8, 0x5c, 0x38, 0xff, 0xc8, 0x5c, 0x38, 0xff,
    0xc8, 0x5c, 0x38, 0xff, 0xd0, 0x60, 0x38, 0xff, 0xb8, 0x54, 0x30, 0xff,
    0xb8, 0x58, 0x30, 0xff, 0xc8, 0x60, 0x38, 0xff, 0xc8, 0x5c, 0x38, 0xff,
    0xc8, 0x5c, 0x38, 0xff, 0xc8, 0x5c, 0x38, 0xff, 0xc8, 0x5c, 0x38, 0xff,
    0xc8, 0x5c, 0x38, 0xff, 0xc8, 0x5c, 0x38, 0xff, 0xc8, 0x5c, 0x38, 0xff,
    0xc8, 0x5c, 0x38, 0xff, 0xc0, 0x5c, 0x38, 0xff, 0xc8, 0x60, 0x38, 0xff,
    0xc8, 0x60, 0x38, 0xff, 0xc8, 0x5c, 0x38, 0xff, 0xc8, 0x5c, 0x38, 0xff,
    0xc8, 0x60, 0x38, 0xff, 0xc8, 0x5c, 0x38, 0xff, 0xc8, 0x5c, 0x38, 0xff,
    0xc0, 0x5c, 0x38, 0xff, 0xc0, 0x5c, 0x38, 0xff, 0xc0, 0x5c, 0x38, 0xff,
    0xc0, 0x5c, 0x38, 0xff, 0xc0, 0x5c, 0x38, 0xff, 0xc0, 0x5c, 0x38, 0xff,
    0xc0, 0x58, 0x38, 0xff, 0xb8, 0x5c, 0x38, 0xff, 0xb8, 0x58, 0x38, 0xff,
    0xb8, 0x58, 0x38, 0xff, 0xb8, 0x58, 0x38, 0xff, 0xb0, 0x58, 0x38, 0xff,
    0xb0, 0x58, 0x38, 0xff, 0xb0, 0x58, 0x38, 0xff, 0xb0, 0x58, 0x38, 0xff,
    0xa8, 0x54, 0x38, 0xff, 0xa8, 0x54, 0x38, 0xff, 0xa8, 0x54, 0x38, 0xff,
    0xa0, 0x54, 0x38, 0xff, 0xa0, 0x50, 0x38, 0xff, 0x98, 0x50, 0x38, 0xff,
    0x98, 0x50, 0x38, 0xff, 0x00, 0x00, 0x00, 0x00, 0x00, 0x00, 0x00, 0x00,
    0x00, 0x00, 0x00, 0x00, 0x00, 0x00, 0x00, 0x00, 0x00, 0x00, 0x00, 0x00,
    0x00, 0x00, 0x00, 0x00, 0x00, 0x00, 0x00, 0x00, 0x00, 0x00, 0x00, 0x00,
    0x00, 0x00, 0x00, 0x00, 0x00, 0x00, 0x00, 0x00, 0x00, 0x00, 0x00, 0x00,
    0x00, 0x00, 0x00, 0x00, 0x00, 0x00, 0x00, 0x00, 0x00, 0x00, 0x00, 0x00,
    0x00, 0x00, 0x00, 0x00, 0x00, 0x00, 0x00, 0x00, 0x00, 0x00, 0x00, 0x00,
    0x00, 0x00, 0x00, 0x00, 0x00, 0x00, 0x00, 0x00, 0x00, 0x00, 0x00, 0x00,
    0x00, 0x00, 0x00, 0x00, 0x00, 0x00, 0x00, 0x00, 0x00, 0x00, 0x00, 0x00,
    0x00, 0x00, 0x00, 0x00, 0x00, 0x00, 0x00, 0x00, 0x00, 0x00, 0x00, 0x00,
    0x00, 0x00, 0x00, 0x00, 0x00, 0x00, 0x00, 0x00, 0x00, 0x00, 0x00, 0x00,
    0x00, 0x00, 0x00, 0x00, 0x00, 0x00, 0x00, 0x00, 0x00, 0x00, 0x00, 0x00,
    0x00, 0x00, 0x00, 0x00, 0x00, 0x00, 0x00, 0x00, 0x00, 0x00, 0x00, 0x00,
    0x00, 0x00, 0x00, 0x00, 0x00, 0x00, 0x00, 0x00, 0x00, 0x00, 0x00, 0x00,
    0x00, 0x00, 0x00, 0x00, 0x00, 0x00, 0x00, 0x00, 0x00, 0x00, 0x00, 0x00,
    0x00, 0x00, 0x00, 0x00, 0x00, 0x00, 0x00, 0x00, 0x00, 0x00, 0x00, 0x00,
    0x00, 0x00, 0x00, 0x00, 0x00, 0x00, 0x00, 0x00, 0x00, 0x00, 0x00, 0x00,
    0x00, 0x00, 0x00, 0x00, 0x00, 0x00, 0x00, 0x00, 0x00, 0x00, 0x00, 0x00,
    0x00, 0x00, 0x00, 0x00, 0x00, 0x00, 0x00, 0x00, 0x00, 0x00, 0x00, 0x00,
    0x00, 0x00, 0x00, 0x00, 0x00, 0x00, 0x00, 0x00, 0x00, 0x00, 0x00, 0x00,
    0x00, 0x00, 0x00, 0x00, 0x00, 0x00, 0x00, 0x00, 0x00, 0x00, 0x00, 0x00,
    0x90, 0x4c, 0x38, 0xff, 0x98, 0x4c, 0x38, 0xff, 0x98, 0x50, 0x30, 0xff,
    0xa0, 0x50, 0x38, 0xff, 0xa0, 0x50, 0x38, 0xff, 0xa0, 0x50, 0x30, 0xff,
    0xa0, 0x50, 0x38, 0xff, 0xa8, 0x50, 0x38, 0xff, 0xa8, 0x54, 0x38, 0xff,
    0xa8, 0x54, 0x38, 0xff, 0xa8, 0x54, 0x38, 0xff, 0xb0, 0x54, 0x38, 0xff,
    0xb0, 0x54, 0x38, 0xff, 0xb0, 0x54, 0x38, 0xff, 0xb0, 0x58, 0x38, 0xff,
    0xb8, 0x58, 0x38, 0xff, 0xb8, 0x58, 0x38, 0xff, 0xb8, 0x58, 0x38, 0xff,
    0xb8, 0x58, 0x38, 0xff, 0xb8, 0x58, 0x30, 0xff, 0xb8, 0x58, 0x38, 0xff,
    0xc0, 0x58, 0x38, 0xff, 0xc0, 0x58, 0x38, 0xff, 0xc0, 0x58, 0x30, 0xff,
    0xc0, 0x5c, 0x38, 0xff, 0xc0, 0x58, 0x38, 0xff, 0xc0, 0x58, 0x30, 0xff,
    0xc0, 0x58, 0x38, 0xff, 0xc0, 0x58, 0x38, 0xff, 0xc0, 0x58, 0x38, 0xff,
    0xc0, 0x58, 0x38, 0xff, 0xc0, 0x58, 0x38, 0xff, 0xc0, 0x58, 0x38, 0xff,
    0xc0, 0x58, 0x38, 0xff, 0xc0, 0x58, 0x30, 0xff, 0xc0, 0x58, 0x38, 0xff,
    0xc0, 0x58, 0x38, 0xff, 0xc0, 0x58, 0x30, 0xff, 0xc0, 0x58, 0x38, 0xff,
    0xc0, 0x58, 0x38, 0xff, 0xc0, 0x58, 0x38, 0xff, 0xc0, 0x58, 0x30, 0xff,
    0xc0, 0x58, 0x38, 0xff, 0xc0, 0x58, 0x38, 0xff, 0xc0, 0x58, 0x30, 0xff,
    0xc0, 0x5c, 0x38, 0xff, 0xc0, 0x58, 0x38, 0xff, 0xc0, 0x58, 0x38, 0xff,
    0xc0, 0x58, 0x30, 0xff, 0xc0, 0x5c, 0x38, 0xff, 0xc0, 0x58, 0x38, 0xff,
    0xc0, 0x58, 0x30, 0xff, 0xc0, 0x5c, 0x38, 0xff, 0xc0, 0x58, 0x38, 0xff,
    0xc0, 0x58, 0x30, 0xff, 0xc0, 0x58, 0x38, 0xff, 0xc0, 0x58, 0x38, 0xff,
    0xc0, 0x58, 0x38, 0xff, 0xc0, 0x5c, 0x38, 0xff, 0xc0, 0x58, 0x30, 0xff,
    0xa0, 0x44, 0x28, 0xff, 0xa8, 0x48, 0x28, 0xff, 0xa8, 0x4c, 0x28, 0xff,
    0xa8, 0x4c, 0x28, 0xff, 0xb0, 0x4c, 0x30, 0xff, 0xa8, 0x4c, 0x28, 0xff,
    0xb0, 0x4c, 0x28, 0xff, 0xa8, 0x4c, 0x30, 0xff, 0xb0, 0x4c, 0x28, 0xff,
    0xb0, 0x4c, 0x28, 0xff, 0xb0, 0x4c, 0x28, 0xff, 0xb0, 0x4c, 0x28, 0xff,
    0xa8, 0x48, 0x28, 0xff, 0xa8, 0x48, 0x28, 0xff, 0xb0, 0x48, 0x28, 0xff,
    0xb0, 0x4c, 0x28, 0xff, 0xc0, 0x58, 0x30, 0xff, 0xc0, 0x5c, 0x38, 0xff,
    0xd0, 0x64, 0x38, 0xff, 0xd0, 0x68, 0x40, 0xff, 0xd0, 0x64, 0x40, 0xff,
    0xc8, 0x60, 0x38, 0xff, 0xc8, 0x60, 0x38, 0xff, 0xc8, 0x60, 0x38, 0xff,
    0xc8, 0x60, 0x38, 0xff, 0xc8, 0x60, 0x38, 0xff, 0xd0, 0x64, 0x40, 0xff,
    0xc8, 0x60, 0x38, 0xff, 0xc0, 0x58, 0x30, 0xff, 0xb0, 0x4c, 0x28, 0xff,
    0xa8, 0x44, 0x28, 0xff, 0xb8, 0x54, 0x30, 0xff, 0xc8, 0x64, 0x40, 0xff,
    0xc8, 0x5c, 0x38, 0xff, 0xc0, 0x5c, 0x38, 0xff, 0xc0, 0x60, 0x38, 0xff,
    0xc0, 0x5c, 0x38, 0xff, 0xb0, 0x50, 0x30, 0xff, 0xa8, 0x48, 0x28, 0xff,
    0xc0, 0x58, 0x30, 0xff, 0xc8, 0x64, 0x40, 0xff, 0xc0, 0x5c, 0x38, 0xff,
    0xc0, 0x58, 0x38, 0xff, 0xc0, 0x58, 0x38, 0xff, 0xc0, 0x5c, 0x38, 0xff,
    0xc0, 0x60, 0x38, 0xff, 0xc0, 0x5c, 0x38, 0xff, 0xc0, 0x5c, 0x38, 0xff,
    0xc0, 0x60, 0x38, 0xff, 0xc0, 0x5c, 0x38, 0xff, 0xb0, 0x4c, 0x28, 0xff,
    0xa8, 0x44, 0x28, 0xff, 0xb8, 0x54, 0x30, 0xff, 0xc8, 0x64, 0x40, 0xff,
    0xc0, 0x5c, 0x38, 0xff, 0xc0, 0x5c, 0x38, 0xff, 0xc0, 0x60, 0x38, 0xff,
    0xc0, 0x5c, 0x38, 0xff, 0xc0, 0x5c, 0x38, 0xff, 0xc0, 0x5c, 0x38, 0xff,
    0xc0, 0x60, 0x38, 0xff, 0xc0, 0x5c, 0x38, 0xff, 0xc0, 0x5c, 0x38, 0xff,
    0xc0, 0x5c, 0x38, 0xff, 0xc0, 0x5c, 0x38, 0xff, 0xc0, 0x5c, 0x38, 0xff,
    0xc0, 0x5c, 0x38, 0xff, 0xc0, 0x5c, 0x38, 0xff, 0xc0, 0x5c, 0x38, 0xff,
    0xc0, 0x5c, 0x38, 0xff, 0xc0, 0x5c, 0x38, 0xff, 0xc0, 0x5c, 0x38, 0xff,
    0xc0, 0x5c, 0x38, 0xff, 0xc0, 0x5c, 0x38, 0xff, 0xc0, 0x5c, 0x38, 0xff,
    0xb8, 0x5c, 0x38, 0xff, 0xb8, 0x58, 0x38, 0xff, 0xb8, 0x5c, 0x38, 0xff,
    0xb8, 0x58, 0x38, 0xff, 0xb8, 0x58, 0x38, 0xff, 0xb0, 0x58, 0x38, 0xff,
    0xb0, 0x58, 0x38, 0xff, 0xb0, 0x58, 0x38, 0xff, 0xb0, 0x54, 0x38, 0xff,
    0xa8, 0x54, 0x38, 0xff, 0xa8, 0x54, 0x38, 0xff, 0xa0, 0x54, 0x38, 0xff,
    0xa0, 0x54, 0x38, 0xff, 0xa0, 0x50, 0x38, 0xff, 0x98, 0x50, 0x38, 0xff,
    0x98, 0x50, 0x38, 0xff, 0x98, 0x4c, 0x30, 0xff, 0x00, 0x00, 0x00, 0x00,
    0x00, 0x00, 0x00, 0x00, 0x00, 0x00, 0x00, 0x00, 0x00, 0x00, 0x00, 0x00,
    0x00, 0x00, 0x00, 0x00, 0x00, 0x00, 0x00, 0x00, 0x00, 0x00, 0x00, 0x00,
    0x00, 0x00, 0x00, 0x00, 0x00, 0x00, 0x00, 0x00, 0x00, 0x00, 0x00, 0x00,
    0x00, 0x00, 0x00, 0x00, 0x00, 0x00, 0x00, 0x00, 0x00, 0x00, 0x00, 0x00,
    0x00, 0x00, 0x00, 0x00, 0x00, 0x00, 0x00, 0x00, 0x00, 0x00, 0x00, 0x00,
    0x00, 0x00, 0x00, 0x00, 0x00, 0x00, 0x00, 0x00, 0x00, 0x00, 0x00, 0x00,
    0x00, 0x00, 0x00, 0x00, 0x00, 0x00, 0x00, 0x00, 0x00, 0x00, 0x00, 0x00,
    0x00, 0x00, 0x00, 0x00, 0x00, 0x00, 0x00, 0x00, 0x00, 0x00, 0x00, 0x00,
    0x00, 0x00, 0x00, 0x00, 0x00, 0x00, 0x00, 0x00, 0x00, 0x00, 0x00, 0x00,
    0x00, 0x00, 0x00, 0x00, 0x00, 0x00, 0x00, 0x00, 0x00, 0x00, 0x00, 0x00,
    0x00, 0x00, 0x00, 0x00, 0x00, 0x00, 0x00, 0x00, 0x00, 0x00, 0x00, 0x00,
    0x00, 0x00, 0x00, 0x00, 0x00, 0x00, 0x00, 0x00, 0x00, 0x00, 0x00, 0x00,
    0x00, 0x00, 0x00, 0x00, 0x00, 0x00, 0x00, 0x00, 0x00, 0x00, 0x00, 0x00,
    0x00, 0x00, 0x00, 0x00, 0x00, 0x00, 0x00, 0x00, 0x00, 0x00, 0x00, 0x00,
    0x00, 0x00, 0x00, 0x00, 0x00, 0x00, 0x00, 0x00, 0x00, 0x00, 0x00, 0x00,
    0x00, 0x00, 0x00, 0x00, 0x00, 0x00, 0x00, 0x00, 0x00, 0x00, 0x00, 0x00,
    0x00, 0x00, 0x00, 0x00, 0x00, 0x00, 0x00, 0x00, 0x00, 0x00, 0x00, 0x00,
    0x00, 0x00, 0x00, 0x00, 0x00, 0x00, 0x00, 0x00, 0x00, 0x00, 0x00, 0x00,
    0x00, 0x00, 0x00, 0x00, 0x00, 0x00, 0x00, 0x00, 0x00, 0x00, 0x00, 0x00,
    0x00, 0x00, 0x00, 0x00, 0x90, 0x4c, 0x38, 0xff, 0x98, 0x4c, 0x30, 0xff,
    0x98, 0x4c, 0x38, 0xff, 0x98, 0x50, 0x38, 0xff, 0x98, 0x50, 0x30, 0xff,
    0xa0, 0x50, 0x38, 0xff, 0xa0, 0x50, 0x38, 0xff, 0xa0, 0x54, 0x30, 0xff,
    0xa8, 0x50, 0x38, 0xff, 0xa8, 0x50, 0x30, 0xff, 0xa8, 0x54, 0x38, 0xff,
    0xb0, 0x54, 0x30, 0xff, 0xb0, 0x54, 0x38, 0xff, 0xb0, 0x54, 0x30, 0xff,
    0xb0, 0x54, 0x38, 0xff, 0xb0, 0x54, 0x30, 0xff, 0xb8, 0x58, 0x38, 0xff,
    0xb8, 0x58, 0x38, 0xff, 0xb8, 0x58, 0x38, 0xff, 0xb8, 0x58, 0x38, 0xff,
    0xb8, 0x58, 0x30, 0xff, 0xb8, 0x58, 0x38, 0xff, 0xb8, 0x58, 0x38, 0xff,
    0xb8, 0x58, 0x38, 0xff, 0xb8, 0x58, 0x30, 0xff, 0xb8, 0x58, 0x38, 0xff,
    0xb8, 0x58, 0x38, 0xff, 0xb8, 0x58, 0x30, 0xff, 0xb8, 0x58, 0x30, 0xff,
    0xb8, 0x58, 0x38, 0xff, 0xb8, 0x58, 0x30, 0xff, 0xb8, 0x58, 0x30, 0xff,
    0xb8, 0x58, 0x38, 0xff, 0xb8, 0x58, 0x38, 0xff, 0xb8, 0x58, 0x30, 0xff,
    0xb8, 0x58, 0x38, 0xff, 0xb8, 0x58, 0x38, 0xff, 0xb8, 0x58, 0x30, 0xff,
    0xb8, 0x58, 0x30, 0xff, 0xb8, 0x58, 0x38, 0xff, 0xb8, 0x58, 0x30, 0xff,
    0xc0, 0x58, 0x38, 0xff, 0xb8, 0x58, 0x38, 0xff, 0xb8, 0x58, 0x38, 0xff,
    0xc0, 0x58, 0x38, 0xff, 0xb8, 0x58, 0x30, 0xff, 0xb8, 0x58, 0x38, 0xff,
    0xb8, 0x58, 0x38, 0xff, 0xb8, 0x58, 0x38, 0xff, 0xb8, 0x58, 0x38, 0xff,
    0xb8, 0x58, 0x38, 0xff, 0xb8, 0x58, 0x30, 0xff, 0xb8, 0x58, 0x38, 0xff,
    0xb8, 0x58, 0x38, 0xff, 0xb8, 0x58, 0x38, 0xff, 0xb8, 0x58, 0x38, 0xff,
    0xb8, 0x58, 0x30, 0xff, 0xb8, 0x58, 0x38, 0xff, 0xc0, 0x5c, 0x38, 0xff,
    0xb8, 0x58, 0x30, 0xff, 0xa0, 0x44, 0x28, 0xff, 0xa8, 0x48, 0x28, 0xff,
    0xa8, 0x4c, 0x28, 0xff, 0xa8, 0x48, 0x28, 0xff, 0xb0, 0x4c, 0x28, 0xff,
    0xa8, 0x4c, 0x28, 0xff, 0xa8, 0x4c, 0x28, 0xff, 0xa8, 0x4c, 0x28, 0xff,
    0xa8, 0x4c, 0x28, 0xff, 0xa8, 0x4c, 0x28, 0xff, 0xa8, 0x48, 0x28, 0xff,
    0xa8, 0x44, 0x28, 0xff, 0xa0, 0x44, 0x20, 0xff, 0xa8, 0x48, 0x28, 0xff,
    0xb0, 0x4c, 0x28, 0xff, 0xc0, 0x5c, 0x38, 0xff, 0xc8, 0x64, 0x40, 0xff,
    0xc8, 0x60, 0x40, 0xff, 0xc0, 0x60, 0x38, 0xff, 0xc0, 0x5c, 0x38, 0xff,
    0xc0, 0x5c, 0x38, 0xff, 0xc0, 0x5c, 0x38, 0xff, 0xc0, 0x5c, 0x38, 0xff,
    0xc0, 0x5c, 0x38, 0xff, 0xc8, 0x64, 0x40, 0xff, 0xc8, 0x64, 0x40, 0xff,
    0xc0, 0x58, 0x38, 0xff, 0xa8, 0x4c, 0x28, 0xff, 0xa8, 0x48, 0x28, 0xff,
    0xb0, 0x50, 0x30, 0xff, 0xb0, 0x4c, 0x30, 0xff, 0xb0, 0x50, 0x30, 0xff,
    0xc8, 0x60, 0x38, 0xff, 0xc0, 0x5c, 0x38, 0xff, 0xc0, 0x5c, 0x38, 0xff,
    0xc0, 0x5c, 0x38, 0xff, 0xc0, 0x5c, 0x38, 0xff, 0xb0, 0x4c, 0x30, 0xff,
    0xb0, 0x50, 0x30, 0xff, 0xb0, 0x50, 0x30, 0xff, 0xc0, 0x5c, 0x38, 0xff,
    0xc0, 0x58, 0x38, 0xff, 0xc0, 0x58, 0x38, 0xff, 0xc0, 0x5c, 0x38, 0xff,
    0xc0, 0x58, 0x38, 0xff, 0xc0, 0x5c, 0x38, 0xff, 0xc0, 0x5c, 0x38, 0xff,
    0xc0, 0x5c, 0x38, 0xff, 0xc0, 0x5c, 0x38, 0xff, 0xc0, 0x5c, 0x38, 0xff,
    0xb0, 0x4c, 0x28, 0xff, 0xb0, 0x50, 0x30, 0xff, 0xb0, 0x4c, 0x30, 0xff,
    0xc0, 0x60, 0x38, 0xff, 0xc0, 0x5c, 0x38, 0xff, 0xc0, 0x5c, 0x38, 0xff,
    0xc0, 0x5c, 0x38, 0xff, 0xc0, 0x5c, 0x38, 0xff, 0xc0, 0x5c, 0x38, 0xff,
    0xc0, 0x5c, 0x38, 0xff, 0xc0, 0x5c, 0x38, 0xff, 0xc0, 0x5c, 0x38, 0xff,
    0xc0, 0x5c, 0x38, 0xff, 0xc0, 0x5c, 0x38, 0xff, 0xc0, 0x5c, 0x38, 0xff,
    0xc0, 0x5c, 0x38, 0xff, 0xc0, 0x5c, 0x38, 0xff, 0xc0, 0x5c, 0x38, 0xff,
    0xc0, 0x5c, 0x38, 0xff, 0xc0, 0x5c, 0x38, 0xff, 0xc0, 0x5c, 0x38, 0xff,
    0xc0, 0x5c, 0x38, 0xff, 0xb8, 0x5c, 0x38, 0xff, 0xb8, 0x5c, 0x38, 0xff,
    0xb8, 0x5c, 0x38, 0xff, 0xb8, 0x5c, 0x38, 0xff, 0xb8, 0x5c, 0x38, 0xff,
    0xb8, 0x58, 0x38, 0xff, 0xb0, 0x58, 0x38, 0xff, 0xb0, 0x5c, 0x38, 0xff,
    0xb0, 0x58, 0x38, 0xff, 0xb0, 0x58, 0x38, 0xff, 0xa8, 0x58, 0x38, 0xff,
    0xa8, 0x54, 0x38, 0xff, 0xa8, 0x54, 0x38, 0xff, 0xa8, 0x54, 0x38, 0xff,
    0xa0, 0x54, 0x38, 0xff, 0xa0, 0x50, 0x38, 0xff, 0xa0, 0x50, 0x38, 0xff,
    0x98, 0x50, 0x38, 0xff, 0x98, 0x50, 0x38, 0xff, 0x90, 0x4c, 0x38, 0xff,
    0x00, 0x00, 0x00, 0x00, 0x00, 0x00, 0x00, 0x00, 0x00, 0x00, 0x00, 0x00,
    0x00, 0x00, 0x00, 0x00, 0x00, 0x00, 0x00, 0x00, 0x00, 0x00, 0x00, 0x00,
    0x00, 0x00, 0x00, 0x00, 0x00, 0x00, 0x00, 0x00, 0x00, 0x00, 0x00, 0x00,
    0x00, 0x00, 0x00, 0x00, 0x00, 0x00, 0x00, 0x00, 0x00, 0x00, 0x00, 0x00,
    0x00, 0x00, 0x00, 0x00, 0x00, 0x00, 0x00, 0x00, 0x00, 0x00, 0x00, 0x00,
    0x00, 0x00, 0x00, 0x00, 0x00, 0x00, 0x00, 0x00, 0x00, 0x00, 0x00, 0x00,
    0x00, 0x00, 0x00, 0x00, 0x00, 0x00, 0x00, 0x00, 0x00, 0x00, 0x00, 0x00,
    0x00, 0x00, 0x00, 0x00, 0x00, 0x00, 0x00, 0x00, 0x00, 0x00, 0x00, 0x00,
    0x00, 0x00, 0x00, 0x00, 0x00, 0x00, 0x00, 0x00, 0x00, 0x00, 0x00, 0x00,
    0x00, 0x00, 0x00, 0x00, 0x00, 0x00, 0x00, 0x00, 0x00, 0x00, 0x00, 0x00,
    0x00, 0x00, 0x00, 0x00, 0x00, 0x00, 0x00, 0x00, 0x00, 0x00, 0x00, 0x00,
    0x00, 0x00, 0x00, 0x00, 0x00, 0x00, 0x00, 0x00, 0x00, 0x00, 0x00, 0x00,
    0x00, 0x00, 0x00, 0x00, 0x00, 0x00, 0x00, 0x00, 0x00, 0x00, 0x00, 0x00,
    0x00, 0x00, 0x00, 0x00, 0x00, 0x00, 0x00, 0x00, 0x00, 0x00, 0x00, 0x00,
    0x00, 0x00, 0x00, 0x00, 0x00, 0x00, 0x00, 0x00, 0x00, 0x00, 0x00, 0x00,
    0x00, 0x00, 0x00, 0x00, 0x00, 0x00, 0x00, 0x00, 0x00, 0x00, 0x00, 0x00,
    0x00, 0x00, 0x00, 0x00, 0x00, 0x00, 0x00, 0x00, 0x00, 0x00, 0x00, 0x00,
    0x00, 0x00, 0x00, 0x00, 0x00, 0x00, 0x00, 0x00, 0x00, 0x00, 0x00, 0x00,
    0x00, 0x00, 0x00, 0x00, 0x00, 0x00, 0x00, 0x00, 0x00, 0x00, 0x00, 0x00,
    0x00, 0x00, 0x00, 0x00, 0x00, 0x00, 0x00, 0x00, 0x90, 0x4c, 0x38, 0xff,
    0x90, 0x4c, 0x38, 0xff, 0x98, 0x4c, 0x38, 0xff, 0x98, 0x50, 0x38, 0xff,
    0x98, 0x50, 0x38, 0xff, 0xa0, 0x50, 0x38, 0xff, 0xa0, 0x50, 0x38, 0xff,
    0xa0, 0x50, 0x38, 0xff, 0xa0, 0x54, 0x30, 0xff, 0xa8, 0x54, 0x38, 0xff,
    0xa8, 0x50, 0x38, 0xff, 0xa8, 0x54, 0x38, 0xff, 0xa8, 0x54, 0x30, 0xff,
    0xa8, 0x54, 0x38, 0xff, 0xb0, 0x54, 0x38, 0xff, 0xb0, 0x54, 0x38, 0xff,
    0xb0, 0x54, 0x30, 0xff, 0xb0, 0x54, 0x30, 0xff, 0xb0, 0x54, 0x38, 0xff,
    0xb0, 0x58, 0x38, 0xff, 0xb8, 0x58, 0x38, 0xff, 0xb8, 0x58, 0x30, 0xff,
    0xb8, 0x58, 0x38, 0xff, 0xb8, 0x58, 0x38, 0xff, 0xb8, 0x58, 0x30, 0xff,
    0xb8, 0x58, 0x38, 0xff, 0xb8, 0x58, 0x38, 0xff, 0xb8, 0x58, 0x30, 0xff,
    0xb8, 0x58, 0x38, 0xff, 0xb8, 0x58, 0x38, 0xff, 0xb8, 0x58, 0x30, 0xff,
    0xb8, 0x58, 0x38, 0xff, 0xb8, 0x58, 0x38, 0xff, 0xb8, 0x58, 0x30, 0xff,
    0xb8, 0x58, 0x38, 0xff, 0xb8, 0x58, 0x30, 0xff, 0xb8, 0x58, 0x38, 0xff,
    0xb8, 0x58, 0x38, 0xff, 0xb8, 0x58, 0x38, 0xff, 0xb8, 0x58, 0x30, 0xff,
    0xb8, 0x58, 0x38, 0xff, 0xb8, 0x58, 0x38, 0xff, 0xb8, 0x58, 0x30, 0xff,
    0xb8, 0x58, 0x38, 0xff, 0xb8, 0x58, 0x38, 0xff, 0xb8, 0x58, 0x38, 0xff,
    0xb8, 0x58, 0x30, 0xff, 0xb8, 0x58, 0x38, 0xff, 0xb8, 0x58, 0x38, 0xff,
    0xb8, 0x58, 0x30, 0xff, 0xb8, 0x58, 0x38, 0xff, 0xb8, 0x58, 0x38, 0xff,
    0xb8, 0x58, 0x30, 0xff, 0xb8, 0x58, 0x38, 0xff, 0xb8, 0x58, 0x38, 0xff,
    0xb8, 0x58, 0x30, 0xff, 0xb8, 0x58, 0x38, 0xff, 0xb8, 0x58, 0x38, 0xff,
    0xc0, 0x5c, 0x38, 0xff, 0xb8, 0x58, 0x30, 0xff, 0xa0, 0x44, 0x28, 0xff,
    0xa0, 0x48, 0x28, 0xff, 0xa8, 0x48, 0x28, 0xff, 0xa8, 0x48, 0x28, 0xff,
    0xa8, 0x48, 0x28, 0xff, 0xa8, 0x48, 0x28, 0xff, 0xa8, 0x48, 0x28, 0xff,
    0xa8, 0x48, 0x28, 0xff, 0xa0, 0x44, 0x28, 0xff, 0xa0, 0x44, 0x28, 0xff,
    0xa0, 0x44, 0x20, 0xff, 0xa8, 0x48, 0x28, 0xff, 0xb0, 0x50, 0x28, 0xff,
    0xb8, 0x54, 0x30, 0xff, 0xc0, 0x5c, 0x38, 0xff, 0xc0, 0x60, 0x40, 0xff,
    0xc0, 0x60, 0x38, 0xff, 0xc0, 0x5c, 0x38, 0xff, 0xc0, 0x5c, 0x38, 0xff,
    0xc0, 0x5c, 0x38, 0xff, 0xc0, 0x5c, 0x38, 0xff, 0xc0, 0x5c, 0x38, 0xff,
    0xc8, 0x60, 0x40, 0xff, 0xc8, 0x64, 0x40, 0xff, 0xc0, 0x5c, 0x38, 0xff,
    0xb0, 0x4c, 0x28, 0xff, 0xa8, 0x4c, 0x28, 0xff, 0xa8, 0x4c, 0x28, 0xff,
    0xb0, 0x4c, 0x30, 0xff, 0xb0, 0x4c, 0x28, 0xff, 0xa8, 0x4c, 0x28, 0xff,
    0xa8, 0x4c, 0x28, 0xff, 0xb8, 0x5c, 0x38, 0xff, 0xc0, 0x5c, 0x38, 0xff,
    0xc0, 0x5c, 0x38, 0xff, 0xc0, 0x5c, 0x38, 0xff, 0xc0, 0x5c, 0x38, 0xff,
    0xb0, 0x4c, 0x30, 0xff, 0xb0, 0x4c, 0x28, 0xff, 0xa8, 0x48, 0x28, 0xff,
    0xb8, 0x58, 0x38, 0xff, 0xc0, 0x5c, 0x38, 0xff, 0xb8, 0x5c, 0x38, 0xff,
    0xb8, 0x5c, 0x38, 0xff, 0xb8, 0x58, 0x38, 0xff, 0xc0, 0x5c, 0x38, 0xff,
    0xc0, 0x5c, 0x38, 0xff, 0xc0, 0x5c, 0x38, 0xff, 0xc0, 0x5c, 0x38, 0xff,
    0xc0, 0x5c, 0x38, 0xff, 0xb0, 0x4c, 0x30, 0xff, 0xa8, 0x4c, 0x30, 0xff,
    0xa8, 0x48, 0x28, 0xff, 0xb8, 0x5c, 0x38, 0xff, 0xc0, 0x5c, 0x38, 0xff,
    0xc0, 0x5c, 0x38, 0xff, 0xc0, 0x5c, 0x38, 0xff, 0xc0, 0x5c, 0x38, 0xff,
    0xc0, 0x5c, 0x38, 0xff, 0xc0, 0x5c, 0x38, 0xff, 0xc0, 0x5c, 0x38, 0xff,
    0xc0, 0x5c, 0x38, 0xff, 0xb8, 0x5c, 0x38, 0xff, 0xc0, 0x5c, 0x38, 0xff,
    0xc0, 0x5c, 0x38, 0xff, 0xc0, 0x5c, 0x38, 0xff, 0xc0, 0x5c, 0x38, 0xff,
    0xb8, 0x5c, 0x38, 0xff, 0xc0, 0x5c, 0x38, 0xff, 0xb8, 0x5c, 0x38, 0xff,
    0xb8, 0x58, 0x38, 0xff, 0xb8, 0x5c, 0x38, 0xff, 0xb8, 0x58, 0x38, 0xff,
    0xb8, 0x58, 0x38, 0xff, 0xb8, 0x58, 0x38, 0xff, 0xb8, 0x58, 0x38, 0xff,
    0xb0, 0x58, 0x38, 0xff, 0xb0, 0x58, 0x38, 0xff, 0xb0, 0x58, 0x38, 0xff,
    0xb0, 0x58, 0x38, 0xff, 0xb0, 0x54, 0x38, 0xff, 0xa8, 0x54, 0x38, 0xff,
    0xa8, 0x54, 0x38, 0xff, 0xa8, 0x54, 0x38, 0xff, 0xa8, 0x54, 0x38, 0xff,
    0xa0, 0x54, 0x38, 0xff, 0xa0, 0x54, 0x38, 0xff, 0xa0, 0x54, 0x38, 0xff,
    0x98, 0x50, 0x38, 0xff, 0x98, 0x50, 0x38, 0xff, 0x90, 0x50, 0x38, 0xff,
    0x90, 0x4c, 0x38, 0xff, 0x00, 0x00, 0x00, 0x00, 0x00, 0x00, 0x00, 0x00,
    0x00, 0x00, 0x00, 0x00, 0x00, 0x00, 0x00, 0x00, 0x00, 0x00, 0x00, 0x00,
    0x00, 0x00, 0x00, 0x00, 0x00, 0x00, 0x00, 0x00, 0x00, 0x00, 0x00, 0x00,
    0x00, 0x00, 0x00, 0x00, 0x00, 0x00, 0x00, 0x00, 0x00, 0x00, 0x00, 0x00,
    0x00, 0x00, 0x00, 0x00, 0x00, 0x00, 0x00, 0x00, 0x00, 0x00, 0x00, 0x00,
    0x00, 0x00, 0x00, 0x00, 0x00, 0x00, 0x00, 0x00, 0x00, 0x00, 0x00, 0x00,
    0x00, 0x00, 0x00, 0x00, 0x00, 0x00, 0x00, 0x00, 0x00, 0x00, 0x00, 0x00,
    0x00, 0x00, 0x00, 0x00, 0x00, 0x00, 0x00, 0x00, 0x00, 0x00, 0x00, 0x00,
    0x00, 0x00, 0x00, 0x00, 0x00, 0x00, 0x00, 0x00, 0x00, 0x00, 0x00, 0x00,
    0x00, 0x00, 0x00, 0x00, 0x00, 0x00, 0x00, 0x00, 0x00, 0x00, 0x00, 0x00,
    0x00, 0x00, 0x00, 0x00, 0x00, 0x00, 0x00, 0x00, 0x00, 0x00, 0x00, 0x00,
    0x00, 0x00, 0x00, 0x00, 0x00, 0x00, 0x00, 0x00, 0x00, 0x00, 0x00, 0x00,
    0x00, 0x00, 0x00, 0x00, 0x00, 0x00, 0x00, 0x00, 0x00, 0x00, 0x00, 0x00,
    0x00, 0x00, 0x00, 0x00, 0x00, 0x00, 0x00, 0x00, 0x00, 0x00, 0x00, 0x00,
    0x00, 0x00, 0x00, 0x00, 0x00, 0x00, 0x00, 0x00, 0x00, 0x00, 0x00, 0x00,
    0x00, 0x00, 0x00, 0x00, 0x00, 0x00, 0x00, 0x00, 0x00, 0x00, 0x00, 0x00,
    0x00, 0x00, 0x00, 0x00, 0x00, 0x00, 0x00, 0x00, 0x00, 0x00, 0x00, 0x00,
    0x00, 0x00, 0x00, 0x00, 0x00, 0x00, 0x00, 0x00, 0x00, 0x00, 0x00, 0x00,
    0x00, 0x00, 0x00, 0x00, 0x00, 0x00, 0x00, 0x00, 0x00, 0x00, 0x00, 0x00,
    0x00, 0x00, 0x00, 0x00, 0x00, 0x00, 0x00, 0x00, 0x00, 0x00, 0x00, 0x00,
    0x90, 0x4c, 0x38, 0xff, 0x90, 0x4c, 0x30, 0xff, 0x90, 0x4c, 0x38, 0xff,
    0x98, 0x4c, 0x30, 0xff, 0x98, 0x50, 0x38, 0xff, 0x98, 0x50, 0x30, 0xff,
    0x98, 0x50, 0x38, 0xff, 0xa0, 0x50, 0x38, 0xff, 0xa0, 0x50, 0x38, 0xff,
    0xa0, 0x50, 0x38, 0xff, 0xa8, 0x54, 0x38, 0xff, 0xa8, 0x54, 0x38, 0xff,
    0xa8, 0x54, 0x38, 0xff, 0xa8, 0x54, 0x38, 0xff, 0xa8, 0x54, 0x38, 0xff,
    0xb0, 0x54, 0x38, 0xff, 0xb0, 0x54, 0x38, 0xff, 0xb0, 0x54, 0x38, 0xff,
    0xb0, 0x54, 0x30, 0xff, 0xb0, 0x54, 0x38, 0xff, 0xb0, 0x54, 0x38, 0xff,
    0xb0, 0x58, 0x38, 0xff, 0xb0, 0x58, 0x38, 0xff, 0xb0, 0x54, 0x38, 0xff,
    0xb8, 0x58, 0x30, 0xff, 0xb0, 0x58, 0x38, 0xff, 0xb8, 0x58, 0x30, 0xff,
    0xb8, 0x58, 0x38, 0xff, 0xb8, 0x58, 0x38, 0xff, 0xb8, 0x58, 0x38, 0xff,
    0xb8, 0x58, 0x30, 0xff, 0xb8, 0x58, 0x38, 0xff, 0xb8, 0x58, 0x38, 0xff,
    0xb8, 0x58, 0x30, 0xff, 0xb8, 0x58, 0x38, 0xff, 0xb8, 0x58, 0x38, 0xff,
    0xb8, 0x58, 0x30, 0xff, 0xb8, 0x58, 0x38, 0xff, 0xb8, 0x58, 0x38, 0xff,
    0xb8, 0x58, 0x30, 0xff, 0xb8, 0x58, 0x38, 0xff, 0xb0, 0x58, 0x38, 0xff,
    0xb8, 0x58, 0x30, 0xff, 0xb8, 0x58, 0x38, 0xff, 0xb0, 0x58, 0x38, 0xff,
    0xb8, 0x58, 0x38, 0xff, 0xb8, 0x58, 0x38, 0xff, 0xb8, 0x58, 0x30, 0xff,
    0xb8, 0x58, 0x38, 0xff, 0xb8, 0x58, 0x38, 0xff, 0xb8, 0x58, 0x38, 0xff,
    0xb8, 0x58, 0x38, 0xff, 0xb8, 0x58, 0x38, 0xff, 0xb8, 0x58, 0x30, 0xff,
    0xb8, 0x58, 0x38, 0xff, 0xb8, 0x58, 0x38, 0xff, 0xb8, 0x58, 0x38, 0xff,
    0xb0, 0x58, 0x38, 0xff, 0xb8, 0x5c, 0x38, 0xff, 0xb0, 0x54, 0x30, 0xff,
    0xa0, 0x44, 0x28, 0xff, 0xa0, 0x44, 0x28, 0xff, 0xa0, 0x48, 0x28, 0xff,
    0xa0, 0x48, 0x28, 0xff, 0xa8, 0x48, 0x28, 0xff, 0xa0, 0x48, 0x28, 0xff,
    0xa0, 0x44, 0x28, 0xff, 0xa0, 0x40, 0x28, 0xff, 0xa0, 0x44, 0x20, 0xff,
    0xa0, 0x44, 0x28, 0xff, 0xb0, 0x50, 0x28, 0xff, 0xb8, 0x58, 0x30, 0xff,
    0xc0, 0x5c, 0x38, 0xff, 0xc8, 0x60, 0x40, 0xff, 0xc0, 0x60, 0x38, 0xff,
    0xc0, 0x5c, 0x38, 0xff, 0xc0, 0x5c, 0x38, 0xff, 0xc0, 0x5c, 0x38, 0xff,
    0xc0, 0x5c, 0x38, 0xff, 0xb8, 0x5c, 0x38, 0xff, 0xc8, 0x60, 0x40, 0xff,
    0xc8, 0x64, 0x40, 0xff, 0xb8, 0x5c, 0x38, 0xff, 0xa8, 0x50, 0x28, 0xff,
    0xa0, 0x44, 0x28, 0xff, 0xa0, 0x48, 0x28, 0xff, 0xa8, 0x4c, 0x28, 0xff,
    0xa8, 0x4c, 0x30, 0xff, 0xa8, 0x4c, 0x28, 0xff, 0xa8, 0x4c, 0x30, 0xff,
    0xa8, 0x4c, 0x30, 0xff, 0xa0, 0x48, 0x28, 0xff, 0xb0, 0x54, 0x38, 0xff,
    0xc0, 0x5c, 0x40, 0xff, 0xb8, 0x5c, 0x38, 0xff, 0xb8, 0x5c, 0x38, 0xff,
    0xb8, 0x58, 0x38, 0xff, 0xa8, 0x4c, 0x30, 0xff, 0xa8, 0x4c, 0x28, 0xff,
    0xa0, 0x48, 0x28, 0xff, 0xb0, 0x54, 0x30, 0xff, 0xb8, 0x5c, 0x38, 0xff,
    0xb8, 0x58, 0x38, 0xff, 0xb8, 0x58, 0x38, 0xff, 0xb8, 0x58, 0x30, 0xff,
    0xb8, 0x5c, 0x38, 0xff, 0xb8, 0x5c, 0x38, 0xff, 0xb8, 0x58, 0x38, 0xff,
    0xb8, 0x5c, 0x38, 0xff, 0xb8, 0x5c, 0x38, 0xff, 0xa8, 0x4c, 0x30, 0xff,
    0xa8, 0x4c, 0x28, 0xff, 0xa0, 0x48, 0x28, 0xff, 0xb0, 0x54, 0x30, 0xff,
    0xc0, 0x5c, 0x40, 0xff, 0xb8, 0x5c, 0x38, 0xff, 0xb8, 0x5c, 0x38, 0xff,
    0xb8, 0x5c, 0x38, 0xff, 0xb8, 0x5c, 0x38, 0xff, 0xb8, 0x5c, 0x38, 0xff,
    0xb8, 0x5c, 0x38, 0xff, 0xb8, 0x58, 0x38, 0xff, 0xb8, 0x58, 0x38, 0xff,
    0xb8, 0x5c, 0x38, 0xff, 0xb8, 0x58, 0x38, 0xff, 0xb8, 0x5c, 0x38, 0xff,
    0xb8, 0x5c, 0x38, 0xff, 0xb8, 0x58, 0x38, 0xff, 0xb8, 0x5c, 0x38, 0xff,
    0xb8, 0x58, 0x38, 0xff, 0xb8, 0x58, 0x38, 0xff, 0xb8, 0x58, 0x38, 0xff,
    0xb8, 0x58, 0x38, 0xff, 0xb8, 0x58, 0x38, 0xff, 0xb0, 0x58, 0x38, 0xff,
    0xb0, 0x58, 0x38, 0xff, 0xb0, 0x58, 0x38, 0xff, 0xb0, 0x58, 0x38, 0xff,
    0xb0, 0x58, 0x38, 0xff, 0xb0, 0x58, 0x38, 0xff, 0xa8, 0x58, 0x38, 0xff,
    0xa8, 0x58, 0x38, 0xff, 0xa8, 0x54, 0x38, 0xff, 0xa8, 0x54, 0x38, 0xff,
    0xa0, 0x54, 0x38, 0xff, 0xa0, 0x54, 0x38, 0xff, 0xa0, 0x54, 0x38, 0xff,
    0x98, 0x50, 0x38, 0xff, 0x98, 0x50, 0x38, 0xff, 0x98, 0x50, 0x38, 0xff,
    0x90, 0x4c, 0x38, 0xff, 0x90, 0x4c, 0x38, 0xff, 0x00, 0x00, 0x00, 0x00,
    0x00, 0x00, 0x00, 0x00, 0x00, 0x00, 0x00, 0x00, 0x00, 0x00, 0x00, 0x00,
    0x00, 0x00, 0x00, 0x00, 0x00, 0x00, 0x00, 0x00, 0x00, 0x00, 0x00, 0x00,
    0x00, 0x00, 0x00, 0x00, 0x00, 0x00, 0x00, 0x00, 0x00, 0x00, 0x00, 0x00,
    0x00, 0x00, 0x00, 0x00, 0x00, 0x00, 0x00, 0x00, 0x00, 0x00, 0x00, 0x00,
    0x00, 0x00, 0x00, 0x00, 0x00, 0x00, 0x00, 0x00, 0x00, 0x00, 0x00, 0x00,
    0x00, 0x00, 0x00, 0x00, 0x00, 0x00, 0x00, 0x00, 0x00, 0x00, 0x00, 0x00,
    0x00, 0x00, 0x00, 0x00, 0x00, 0x00, 0x00, 0x00, 0x00, 0x00, 0x00, 0x00,
    0x00, 0x00, 0x00, 0x00, 0x00, 0x00, 0x00, 0x00, 0x00, 0x00, 0x00, 0x00,
    0x00, 0x00, 0x00, 0x00, 0x00, 0x00, 0x00, 0x00, 0x00, 0x00, 0x00, 0x00,
    0x00, 0x00, 0x00, 0x00, 0x00, 0x00, 0x00, 0x00, 0x00, 0x00, 0x00, 0x00,
    0x00, 0x00, 0x00, 0x00, 0x00, 0x00, 0x00, 0x00, 0x00, 0x00, 0x00, 0x00,
    0x00, 0x00, 0x00, 0x00, 0x00, 0x00, 0x00, 0x00, 0x00, 0x00, 0x00, 0x00,
    0x00, 0x00, 0x00, 0x00, 0x00, 0x00, 0x00, 0x00, 0x00, 0x00, 0x00, 0x00,
    0x00, 0x00, 0x00, 0x00, 0x00, 0x00, 0x00, 0x00, 0x00, 0x00, 0x00, 0x00,
    0x00, 0x00, 0x00, 0x00, 0x00, 0x00, 0x00, 0x00, 0x00, 0x00, 0x00, 0x00,
    0x00, 0x00, 0x00, 0x00, 0x00, 0x00, 0x00, 0x00, 0x00, 0x00, 0x00, 0x00,
    0x00, 0x00, 0x00, 0x00, 0x00, 0x00, 0x00, 0x00, 0x00, 0x00, 0x00, 0x00,
    0x00, 0x00, 0x00, 0x00, 0x00, 0x00, 0x00, 0x00, 0x00, 0x00, 0x00, 0x00,
    0x00, 0x00, 0x00, 0x00, 0x00, 0x00, 0x00, 0x00, 0x00, 0x00, 0x00, 0x00,
    0x00, 0x00, 0x00, 0x00, 0x88, 0x48, 0x38, 0xff, 0x90, 0x4c, 0x38, 0xff,
    0x90, 0x4c, 0x30, 0xff, 0x90, 0x4c, 0x38, 0xff, 0x98, 0x4c, 0x38, 0xff,
    0x98, 0x4c, 0x38, 0xff, 0x98, 0x50, 0x30, 0xff, 0xa0, 0x50, 0x38, 0xff,
    0xa0, 0x50, 0x38, 0xff, 0xa0, 0x50, 0x30, 0xff, 0xa0, 0x50, 0x30, 0xff,
    0xa0, 0x50, 0x38, 0xff, 0xa8, 0x50, 0x38, 0xff, 0xa8, 0x54, 0x30, 0xff,
    0xa8, 0x54, 0x30, 0xff, 0xa8, 0x54, 0x38, 0xff, 0xa8, 0x54, 0x38, 0xff,
    0xa8, 0x54, 0x38, 0xff, 0xb0, 0x54, 0x38, 0xff, 0xb0, 0x54, 0x30, 0xff,
    0xb0, 0x54, 0x38, 0xff, 0xb0, 0x54, 0x38, 0xff, 0xb0, 0x54, 0x30, 0xff,
    0xb0, 0x54, 0x38, 0xff, 0xb0, 0x58, 0x38, 0xff, 0xb0, 0x54, 0x30, 0xff,
    0xb0, 0x54, 0x38, 0xff, 0xb0, 0x54, 0x30, 0xff, 0xb0, 0x54, 0x38, 0xff,
    0xb0, 0x54, 0x30, 0xff, 0xb0, 0x54, 0x38, 0xff, 0xb0, 0x54, 0x30, 0xff,
    0xb0, 0x54, 0x38, 0xff, 0xb0, 0x54, 0x30, 0xff, 0xb0, 0x54, 0x38, 0xff,
    0xb0, 0x54, 0x38, 0xff, 0xb0, 0x54, 0x30, 0xff, 0xb0, 0x54, 0x30, 0xff,
    0xb0, 0x54, 0x38, 0xff, 0xb0, 0x54, 0x38, 0xff, 0xb0, 0x54, 0x30, 0xff,
    0xb0, 0x54, 0x38, 0xff, 0xb0, 0x54, 0x38, 0xff, 0xb0, 0x54, 0x30, 0xff,
    0xb0, 0x58, 0x38, 0xff, 0xb0, 0x58, 0x38, 0xff, 0xb0, 0x54, 0x30, 0xff,
    0xb0, 0x58, 0x38, 0xff, 0xb0, 0x58, 0x38, 0xff, 0xb0, 0x54, 0x30, 0xff,
    0xb0, 0x58, 0x38, 0xff, 0xb0, 0x58, 0x38, 0xff, 0xb0, 0x54, 0x30, 0xff,
    0xb0, 0x58, 0x38, 0xff, 0xb0, 0x54, 0x38, 0xff, 0xb0, 0x54, 0x38, 0xff,
    0xb0, 0x54, 0x30, 0xff, 0xb0, 0x54, 0x38, 0xff, 0xb8, 0x58, 0x38, 0xff,
    0xb0, 0x54, 0x30, 0xff, 0x98, 0x44, 0x28, 0xff, 0xa0, 0x48, 0x28, 0xff,
    0xa0, 0x48, 0x28, 0xff, 0xa0, 0x44, 0x28, 0xff, 0x98, 0x40, 0x28, 0xff,
    0x98, 0x40, 0x20, 0xff, 0x98, 0x40, 0x20, 0xff, 0xa0, 0x44, 0x20, 0xff,
    0xa8, 0x4c, 0x30, 0xff, 0xb0, 0x54, 0x30, 0xff, 0xb8, 0x5c, 0x38, 0xff,
    0xc0, 0x60, 0x40, 0xff, 0xb8, 0x5c, 0x40, 0xff, 0xb8, 0x5c, 0x38, 0xff,
    0xb8, 0x5c, 0x38, 0xff, 0xb8, 0x5c, 0x38, 0xff, 0xb8, 0x58, 0x38, 0xff,
    0xb8, 0x58, 0x38, 0xff, 0xc0, 0x60, 0x40, 0xff, 0xc0, 0x64, 0x40, 0xff,
    0xb8, 0x58, 0x38, 0xff, 0xa8, 0x4c, 0x30, 0xff, 0x98, 0x44, 0x28, 0xff,
    0xa0, 0x44, 0x28, 0xff, 0xa8, 0x4c, 0x28, 0xff, 0xa8, 0x4c, 0x30, 0xff,
    0xa0, 0x4c, 0x28, 0xff, 0xa8, 0x4c, 0x30, 0xff, 0xa8, 0x50, 0x30, 0xff,
    0xa8, 0x4c, 0x30, 0xff, 0xa0, 0x48, 0x28, 0xff, 0x90, 0x3c, 0x20, 0xff,
    0xa8, 0x50, 0x30, 0xff, 0xb8, 0x60, 0x40, 0xff, 0xb0, 0x58, 0x38, 0xff,
    0xb0, 0x58, 0x38, 0xff, 0xb8, 0x58, 0x38, 0xff, 0xa8, 0x4c, 0x30, 0xff,
    0xa0, 0x48, 0x28, 0xff, 0x90, 0x3c, 0x20, 0xff, 0xa8, 0x50, 0x30, 0xff,
    0xb8, 0x5c, 0x40, 0xff, 0xb0, 0x58, 0x38, 0xff, 0xb0, 0x58, 0x38, 0xff,
    0xb0, 0x58, 0x38, 0xff, 0xb8, 0x58, 0x38, 0xff, 0xb8, 0x60, 0x40, 0xff,
    0xb8, 0x5c, 0x38, 0xff, 0xb8, 0x58, 0x38, 0xff, 0xb8, 0x5c, 0x38, 0xff,
    0xa8, 0x4c, 0x30, 0xff, 0xa0, 0x48, 0x28, 0xff, 0x88, 0x3c, 0x20, 0xff,
    0xa8, 0x50, 0x30, 0xff, 0xc0, 0x60, 0x40, 0xff, 0xb8, 0x58, 0x38, 0xff,
    0xb0, 0x58, 0x38, 0xff, 0xb8, 0x58, 0x38, 0xff, 0xb8, 0x58, 0x38, 0xff,
    0xb0, 0x58, 0x38, 0xff, 0xb8, 0x58, 0x38, 0xff, 0xb8, 0x58, 0x38, 0xff,
    0xb8, 0x58, 0x38, 0xff, 0xb8, 0x5c, 0x38, 0xff, 0xb8, 0x58, 0x38, 0xff,
    0xb8, 0x58, 0x38, 0xff, 0xb0, 0x5c, 0x38, 0xff, 0xb8, 0x58, 0x38, 0xff,
    0xb8, 0x58, 0x38, 0xff, 0xb0, 0x58, 0x38, 0xff, 0xb0, 0x58, 0x38, 0xff,
    0xb0, 0x5c, 0x38, 0xff, 0xb0, 0x58, 0x38, 0xff, 0xb0, 0x58, 0x38, 0xff,
    0xb0, 0x58, 0x38, 0xff, 0xb0, 0x58, 0x38, 0xff, 0xb0, 0x58, 0x38, 0xff,
    0xa8, 0x58, 0x38, 0xff, 0xa8, 0x58, 0x38, 0xff, 0xa8, 0x54, 0x38, 0xff,
    0xa8, 0x54, 0x38, 0xff, 0xa8, 0x54, 0x38, 0xff, 0xa8, 0x54, 0x38, 0xff,
    0xa0, 0x54, 0x38, 0xff, 0xa0, 0x54, 0x38, 0xff, 0xa0, 0x54, 0x38, 0xff,
    0x98, 0x50, 0x38, 0xff, 0x98, 0x50, 0x38, 0xff, 0x98, 0x50, 0x38, 0xff,
    0x90, 0x50, 0x38, 0xff, 0x90, 0x50, 0x38, 0xff, 0x90, 0x4c, 0x38, 0xff,
    0x00, 0x00, 0x00, 0x00, 0x00, 0x00, 0x00, 0x00, 0x00, 0x00, 0x00, 0x00,
    0x00, 0x00, 0x00, 0x00, 0x00, 0x00, 0x00, 0x00, 0x00, 0x00, 0x00, 0x00,
    0x00, 0x00, 0x00, 0x00, 0x00, 0x00, 0x00, 0x00, 0x00, 0x00, 0x00, 0x00,
    0x00, 0x00, 0x00, 0x00, 0x00, 0x00, 0x00, 0x00, 0x00, 0x00, 0x00, 0x00,
    0x00, 0x00, 0x00, 0x00, 0x00, 0x00, 0x00, 0x00, 0x00, 0x00, 0x00, 0x00,
    0x00, 0x00, 0x00, 0x00, 0x00, 0x00, 0x00, 0x00, 0x00, 0x00, 0x00, 0x00,
    0x00, 0x00, 0x00, 0x00, 0x00, 0x00, 0x00, 0x00, 0x00, 0x00, 0x00, 0x00,
    0x00, 0x00, 0x00, 0x00, 0x00, 0x00, 0x00, 0x00, 0x00, 0x00, 0x00, 0x00,
    0x00, 0x00, 0x00, 0x00, 0x00, 0x00, 0x00, 0x00, 0x00, 0x00, 0x00, 0x00,
    0x00, 0x00, 0x00, 0x00, 0x00, 0x00, 0x00, 0x00, 0x00, 0x00, 0x00, 0x00,
    0x00, 0x00, 0x00, 0x00, 0x00, 0x00, 0x00, 0x00, 0x00, 0x00, 0x00, 0x00,
    0x00, 0x00, 0x00, 0x00, 0x00, 0x00, 0x00, 0x00, 0x00, 0x00, 0x00, 0x00,
    0x00, 0x00, 0x00, 0x00, 0x00, 0x00, 0x00, 0x00, 0x00, 0x00, 0x00, 0x00,
    0x00, 0x00, 0x00, 0x00, 0x00, 0x00, 0x00, 0x00, 0x00, 0x00, 0x00, 0x00,
    0x00, 0x00, 0x00, 0x00, 0x00, 0x00, 0x00, 0x00, 0x00, 0x00, 0x00, 0x00,
    0x00, 0x00, 0x00, 0x00, 0x00, 0x00, 0x00, 0x00, 0x00, 0x00, 0x00, 0x00,
    0x00, 0x00, 0x00, 0x00, 0x00, 0x00, 0x00, 0x00, 0x00, 0x00, 0x00, 0x00,
    0x00, 0x00, 0x00, 0x00, 0x00, 0x00, 0x00, 0x00, 0x00, 0x00, 0x00, 0x00,
    0x00, 0x00, 0x00, 0x00, 0x00, 0x00, 0x00, 0x00, 0x00, 0x00, 0x00, 0x00,
    0x00, 0x00, 0x00, 0x00, 0x00, 0x00, 0x00, 0x00, 0x88, 0x48, 0x38, 0xff,
    0x88, 0x4c, 0x38, 0xff, 0x90, 0x4c, 0x38, 0xff, 0x90, 0x4c, 0x38, 0xff,
    0x90, 0x4c, 0x38, 0xff, 0x98, 0x4c, 0x38, 0xff, 0x98, 0x50, 0x30, 0xff,
    0x98, 0x50, 0x38, 0xff, 0x98, 0x50, 0x38, 0xff, 0xa0, 0x50, 0x38, 0xff,
    0xa0, 0x50, 0x38, 0xff, 0xa0, 0x50, 0x30, 0xff, 0xa0, 0x50, 0x38, 0xff,
    0xa0, 0x50, 0x38, 0xff, 0xa8, 0x54, 0x38, 0xff, 0xa8, 0x50, 0x30, 0xff,
    0xa8, 0x54, 0x38, 0xff, 0xa8, 0x54, 0x38, 0xff, 0xa8, 0x54, 0x38, 0xff,
    0xa8, 0x54, 0x38, 0xff, 0xa8, 0x54, 0x30, 0xff, 0xa8, 0x54, 0x38, 0xff,
    0xb0, 0x54, 0x38, 0xff, 0xa8, 0x54, 0x38, 0xff, 0xa8, 0x54, 0x38, 0xff,
    0xb0, 0x54, 0x30, 0xff, 0xb0, 0x54, 0x38, 0xff, 0xa8, 0x54, 0x38, 0xff,
    0xb0, 0x54, 0x30, 0xff, 0xa8, 0x54, 0x38, 0xff, 0xa8, 0x54, 0x38, 0xff,
    0xb0, 0x54, 0x38, 0xff, 0xa8, 0x54, 0x30, 0xff, 0xa8, 0x54, 0x38, 0xff,
    0xb0, 0x54, 0x30, 0xff, 0xa8, 0x54, 0x38, 0xff, 0xa8, 0x54, 0x38, 0xff,
    0xb0, 0x54, 0x30, 0xff, 0xa8, 0x54, 0x38, 0xff, 0xb0, 0x54, 0x38, 0xff,
    0xb0, 0x54, 0x30, 0xff, 0xb0, 0x54, 0x38, 0xff, 0xb0, 0x54, 0x38, 0xff,
    0xb0, 0x54, 0x38, 0xff, 0xb0, 0x54, 0x30, 0xff, 0xb0, 0x54, 0x38, 0xff,
    0xa8, 0x54, 0x38, 0xff, 0xb0, 0x54, 0x38, 0xff, 0xb0, 0x54, 0x38, 0xff,
    0xa8, 0x54, 0x30, 0xff, 0xb0, 0x54, 0x38, 0xff, 0xa8, 0x54, 0x38, 0xff,
    0xb0, 0x54, 0x38, 0xff, 0xa8, 0x54, 0x38, 0xff, 0xb0, 0x54, 0x30, 0xff,
    0xb0, 0x54, 0x38, 0xff, 0xa8, 0x54, 0x38, 0xff, 0xb0, 0x54, 0x38, 0xff,
    0xb0, 0x58, 0x38, 0xff, 0xb0, 0x54, 0x30, 0xff, 0x98, 0x44, 0x28, 0xff,
    0x98, 0x44, 0x28, 0xff, 0x90, 0x3c, 0x20, 0xff, 0x90, 0x3c, 0x20, 0xff,
    0x98, 0x40, 0x20, 0xff, 0xa0, 0x44, 0x20, 0xff, 0xa8, 0x4c, 0x28, 0xff,
    0xb0, 0x54, 0x30, 0xff, 0xb8, 0x5c, 0x40, 0xff, 0xb8, 0x60, 0x40, 0xff,
    0xb8, 0x5c, 0x38, 0xff, 0xb8, 0x58, 0x38, 0xff, 0xb0, 0x58, 0x38, 0xff,
    0xb0, 0x58, 0x38, 0xff, 0xb8, 0x58, 0x38, 0xff, 0xb0, 0x58, 0x38, 0xff,
    0xb8, 0x5c, 0x38, 0xff, 0xb8, 0x60, 0x40, 0xff, 0xb0, 0x58, 0x38, 0xff,
    0xa8, 0x4c, 0x30, 0xff, 0x98, 0x44, 0x28, 0xff, 0x98, 0x44, 0x28, 0xff,
    0xa0, 0x48, 0x28, 0xff, 0xa0, 0x4c, 0x28, 0xff, 0xa0, 0x48, 0x30, 0xff,
    0xa0, 0x4c, 0x28, 0xff, 0xa0, 0x48, 0x30, 0xff, 0xa8, 0x4c, 0x30, 0xff,
    0xa0, 0x48, 0x28, 0xff, 0x98, 0x44, 0x20, 0xff, 0xa0, 0x48, 0x28, 0xff,
    0xa8, 0x50, 0x30, 0xff, 0xb8, 0x58, 0x38, 0xff, 0xb8, 0x5c, 0x38, 0xff,
    0xb8, 0x58, 0x38, 0xff, 0xb8, 0x5c, 0x38, 0xff, 0xb8, 0x5c, 0x38, 0xff,
    0x98, 0x44, 0x20, 0xff, 0xa0, 0x48, 0x28, 0xff, 0xa8, 0x4c, 0x30, 0xff,
    0xb8, 0x58, 0x38, 0xff, 0xb8, 0x5c, 0x38, 0xff, 0xb8, 0x58, 0x38, 0xff,
    0xb8, 0x58, 0x38, 0xff, 0xb8, 0x5c, 0x38, 0xff, 0xb8, 0x58, 0x38, 0xff,
    0xb8, 0x5c, 0x38, 0xff, 0xb0, 0x5c, 0x38, 0xff, 0xb8, 0x58, 0x38, 0xff,
    0xb0, 0x5c, 0x38, 0xff, 0x98, 0x44, 0x28, 0xff, 0xa0, 0x44, 0x28, 0xff,
    0xa8, 0x4c, 0x30, 0xff, 0xb8, 0x5c, 0x38, 0xff, 0xb8, 0x5c, 0x38, 0xff,
    0xb8, 0x58, 0x38, 0xff, 0xb8, 0x5c, 0x38, 0xff, 0xb8, 0x5c, 0x38, 0xff,
    0xb0, 0x58, 0x38, 0xff, 0xb8, 0x5c, 0x38, 0xff, 0xb8, 0x5c, 0x38, 0xff,
    0xb0, 0x5c, 0x38, 0xff, 0xb0, 0x58, 0x38, 0xff, 0xb0, 0x58, 0x38, 0xff,
    0xb0, 0x58, 0x38, 0xff, 0xb0, 0x58, 0x38, 0xff, 0xb0, 0x58, 0x38, 0xff,
    0xb0, 0x58, 0x38, 0xff, 0xb0, 0x58, 0x38, 0xff, 0xb0, 0x58, 0x38, 0xff,
    0xb0, 0x58, 0x38, 0xff, 0xb0, 0x58, 0x38, 0xff, 0xb0, 0x58, 0x38, 0xff,
    0xb0, 0x58, 0x38, 0xff, 0xa8, 0x58, 0x38, 0xff, 0xa8, 0x58, 0x38, 0xff,
    0xa8, 0x54, 0x38, 0xff, 0xa8, 0x54, 0x38, 0xff, 0xa8, 0x54, 0x38, 0xff,
    0xa8, 0x54, 0x38, 0xff, 0xa0, 0x54, 0x38, 0xff, 0xa0, 0x54, 0x38, 0xff,
    0xa0, 0x54, 0x38, 0xff, 0xa0, 0x54, 0x38, 0xff, 0xa0, 0x50, 0x38, 0xff,
    0x98, 0x50, 0x38, 0xff, 0x98, 0x50, 0x38, 0xff, 0x98, 0x50, 0x38, 0xff,
    0x98, 0x50, 0x38, 0xff, 0x90, 0x4c, 0x38, 0xff, 0x90, 0x4c, 0x38, 0xff,
    0x88, 0x4c, 0x38, 0xff, 0x00, 0x00, 0x00, 0x00, 0x00, 0x00, 0x00, 0x00,
    0x00, 0x00, 0x00, 0x00, 0x00, 0x00, 0x00, 0x00, 0x00, 0x00, 0x00, 0x00,
    0x00, 0x00, 0x00, 0x00, 0x00, 0x00, 0x00, 0x00, 0x00, 0x00, 0x00, 0x00,
    0x00, 0x00, 0x00, 0x00, 0x00, 0x00, 0x00, 0x00, 0x00, 0x00, 0x00, 0x00,
    0x00, 0x00, 0x00, 0x00, 0x00, 0x00, 0x00, 0x00, 0x00, 0x00, 0x00, 0x00,
    0x00, 0x00, 0x00, 0x00, 0x00, 0x00, 0x00, 0x00, 0x00, 0x00, 0x00, 0x00,
    0x00, 0x00, 0x00, 0x00, 0x00, 0x00, 0x00, 0x00, 0x00, 0x00, 0x00, 0x00,
    0x00, 0x00, 0x00, 0x00, 0x00, 0x00, 0x00, 0x00, 0x00, 0x00, 0x00, 0x00,
    0x00, 0x00, 0x00, 0x00, 0x00, 0x00, 0x00, 0x00, 0x00, 0x00, 0x00, 0x00,
    0x00, 0x00, 0x00, 0x00, 0x00, 0x00, 0x00, 0x00, 0x00, 0x00, 0x00, 0x00,
    0x00, 0x00, 0x00, 0x00, 0x00, 0x00, 0x00, 0x00, 0x00, 0x00, 0x00, 0x00,
    0x00, 0x00, 0x00, 0x00, 0x00, 0x00, 0x00, 0x00, 0x00, 0x00, 0x00, 0x00,
    0x00, 0x00, 0x00, 0x00, 0x00, 0x00, 0x00, 0x00, 0x00, 0x00, 0x00, 0x00,
    0x00, 0x00, 0x00, 0x00, 0x00, 0x00, 0x00, 0x00, 0x00, 0x00, 0x00, 0x00,
    0x00, 0x00, 0x00, 0x00, 0x00, 0x00, 0x00, 0x00, 0x00, 0x00, 0x00, 0x00,
    0x00, 0x00, 0x00, 0x00, 0x00, 0x00, 0x00, 0x00, 0x00, 0x00, 0x00, 0x00,
    0x00, 0x00, 0x00, 0x00, 0x00, 0x00, 0x00, 0x00, 0x00, 0x00, 0x00, 0x00,
    0x00, 0x00, 0x00, 0x00, 0x00, 0x00, 0x00, 0x00, 0x00, 0x00, 0x00, 0x00,
    0x00, 0x00, 0x00, 0x00, 0x00, 0x00, 0x00, 0x00, 0x00, 0x00, 0x00, 0x00,
    0x00, 0x00, 0x00, 0x00, 0x00, 0x00, 0x00, 0x00, 0x00, 0x00, 0x00, 0x00,
    0x88, 0x48, 0x38, 0xff, 0x88, 0x4c, 0x30, 0xff, 0x90, 0x48, 0x38, 0xff,
    0x90, 0x4c, 0x30, 0xff, 0x90, 0x4c, 0x38, 0xff, 0x90, 0x4c, 0x38, 0xff,
    0x98, 0x4c, 0x38, 0xff, 0x98, 0x4c, 0x30, 0xff, 0x98, 0x4c, 0x38, 0xff,
    0x98, 0x50, 0x38, 0xff, 0xa0, 0x50, 0x38, 0xff, 0xa0, 0x50, 0x38, 0xff,
    0xa0, 0x50, 0x38, 0xff, 0xa0, 0x50, 0x38, 0xff, 0xa0, 0x50, 0x38, 0xff,
    0xa0, 0x50, 0x38, 0xff, 0xa0, 0x50, 0x30, 0xff, 0xa8, 0x54, 0x30, 0xff,
    0xa8, 0x50, 0x38, 0xff, 0xa8, 0x54, 0x38, 0xff, 0xa8, 0x54, 0x38, 0xff,
    0xa8, 0x50, 0x30, 0xff, 0xa8, 0x54, 0x38, 0xff, 0xa8, 0x54, 0x38, 0xff,
    0xa8, 0x54, 0x30, 0xff, 0xa8, 0x54, 0x38, 0xff, 0xa8, 0x54, 0x30, 0xff,
    0xa8, 0x54, 0x38, 0xff, 0xa8, 0x54, 0x38, 0xff, 0xa8, 0x54, 0x30, 0xff,
    0xa8, 0x54, 0x38, 0xff, 0xa8, 0x54, 0x30, 0xff, 0xa8, 0x54, 0x38, 0xff,
    0xa8, 0x54, 0x38, 0xff, 0xa8, 0x54, 0x30, 0xff, 0xa8, 0x54, 0x38, 0xff,
    0xa8, 0x54, 0x38, 0xff, 0xa8, 0x54, 0x30, 0xff, 0xa8, 0x54, 0x38, 0xff,
    0xa8, 0x54, 0x30, 0xff, 0xa8, 0x54, 0x38, 0xff, 0xa8, 0x54, 0x38, 0xff,
    0xa8, 0x54, 0x30, 0xff, 0xa8, 0x54, 0x38, 0xff, 0xa8, 0x54, 0x38, 0xff,
    0xa8, 0x54, 0x38, 0xff, 0xa8, 0x54, 0x30, 0xff, 0xa8, 0x54, 0x38, 0xff,
    0xa8, 0x54, 0x38, 0xff, 0xa8, 0x54, 0x38, 0xff, 0xa8, 0x54, 0x30, 0xff,
    0xa8, 0x54, 0x38, 0xff, 0xa8, 0x54, 0x38, 0xff, 0xa8, 0x54, 0x30, 0xff,
    0xa8, 0x54, 0x38, 0xff, 0xa8, 0x54, 0x38, 0xff, 0xa8, 0x54, 0x38, 0xff,
    0xa8, 0x54, 0x38, 0xff, 0xb0, 0x58, 0x38, 0xff, 0xa8, 0x54, 0x38, 0xff,
    0x80, 0x38, 0x20, 0xff, 0x80, 0x34, 0x18, 0xff, 0x98, 0x40, 0x20, 0xff,
    0xa0, 0x44, 0x28, 0xff, 0xa0, 0x4c, 0x30, 0xff, 0xa8, 0x54, 0x38, 0xff,
    0xb0, 0x5c, 0x40, 0xff, 0xb8, 0x60, 0x40, 0xff, 0xb0, 0x5c, 0x38, 0xff,
    0xb0, 0x58, 0x38, 0xff, 0xb0, 0x58, 0x38, 0xff, 0xb0, 0x58, 0x38, 0xff,
    0xb0, 0x58, 0x38, 0xff, 0xb0, 0x58, 0x38, 0xff, 0xb0, 0x58, 0x38, 0xff,
    0xb8, 0x60, 0x40, 0xff, 0xb0, 0x58, 0x38, 0xff, 0xa0, 0x50, 0x30, 0xff,
    0x98, 0x44, 0x28, 0xff, 0x98, 0x44, 0x28, 0xff, 0x98, 0x48, 0x28, 0xff,
    0xa0, 0x48, 0x28, 0xff, 0xa0, 0x48, 0x28, 0xff, 0xa0, 0x48, 0x28, 0xff,
    0xa0, 0x4c, 0x30, 0xff, 0xa0, 0x48, 0x28, 0xff, 0xa0, 0x48, 0x28, 0xff,
    0x98, 0x44, 0x28, 0xff, 0x98, 0x40, 0x20, 0xff, 0xa0, 0x4c, 0x28, 0xff,
    0xb8, 0x58, 0x38, 0xff, 0xb8, 0x60, 0x40, 0xff, 0xb8, 0x5c, 0x38, 0xff,
    0xb0, 0x58, 0x38, 0xff, 0xb0, 0x58, 0x38, 0xff, 0xb8, 0x58, 0x38, 0xff,
    0xb0, 0x58, 0x38, 0xff, 0xa0, 0x4c, 0x30, 0xff, 0xb0, 0x58, 0x38, 0xff,
    0xb8, 0x60, 0x40, 0xff, 0xb8, 0x5c, 0x38, 0xff, 0xb0, 0x58, 0x38, 0xff,
    0xb0, 0x58, 0x38, 0xff, 0xb0, 0x5c, 0x38, 0xff, 0xb0, 0x58, 0x38, 0xff,
    0xb0, 0x58, 0x38, 0xff, 0xb0, 0x58, 0x38, 0xff, 0xb8, 0x5c, 0x38, 0xff,
    0xb0, 0x58, 0x38, 0xff, 0xb0, 0x58, 0x38, 0xff, 0xa0, 0x4c, 0x28, 0xff,
    0xb8, 0x5c, 0x38, 0xff, 0xb8, 0x60, 0x40, 0xff, 0xb8, 0x5c, 0x40, 0xff,
    0xb0, 0x58, 0x38, 0xff, 0xb0, 0x5c, 0x38, 0xff, 0xb0, 0x5c, 0x38, 0xff,
    0xb0, 0x58, 0x38, 0xff, 0xb0, 0x58, 0x38, 0xff, 0xb0, 0x58, 0x38, 0xff,
    0xb0, 0x5c, 0x38, 0xff, 0xb0, 0x58, 0x38, 0xff, 0xa8, 0x54, 0x38, 0xff,
    0xb0, 0x58, 0x38, 0xff, 0xb0, 0x58, 0x38, 0xff, 0xb0, 0x54, 0x38, 0xff,
    0xb0, 0x58, 0x38, 0xff, 0xb0, 0x58, 0x38, 0xff, 0xa8, 0x58, 0x38, 0xff,
    0xb0, 0x58, 0x38, 0xff, 0xb0, 0x54, 0x38, 0xff, 0xa8, 0x58, 0x38, 0xff,
    0xa8, 0x54, 0x38, 0xff, 0xa8, 0x58, 0x38, 0xff, 0xa8, 0x54, 0x38, 0xff,
    0xa8, 0x54, 0x38, 0xff, 0xa8, 0x54, 0x38, 0xff, 0xa8, 0x54, 0x38, 0xff,
    0xa8, 0x54, 0x38, 0xff, 0xa0, 0x54, 0x38, 0xff, 0xa0, 0x54, 0x38, 0xff,
    0xa0, 0x54, 0x38, 0xff, 0xa0, 0x54, 0x38, 0xff, 0x98, 0x50, 0x38, 0xff,
    0x98, 0x54, 0x38, 0xff, 0x98, 0x50, 0x38, 0xff, 0x98, 0x50, 0x38, 0xff,
    0x98, 0x50, 0x38, 0xff, 0x90, 0x50, 0x38, 0xff, 0x90, 0x4c, 0x38, 0xff,
    0x90, 0x4c, 0x38, 0xff, 0x88, 0x4c, 0x38, 0xff, 0x00, 0x00, 0x00, 0x00,
    0x00, 0x00, 0x00, 0x00, 0x00, 0x00, 0x00, 0x00, 0x00, 0x00, 0x00, 0x00,
    0x00, 0x00, 0x00, 0x00, 0x00, 0x00, 0x00, 0x00, 0x00, 0x00, 0x00, 0x00,
    0x00, 0x00, 0x00, 0x00, 0x00, 0x00, 0x00, 0x00, 0x00, 0x00, 0x00, 0x00,
    0x00, 0x00, 0x00, 0x00, 0x00, 0x00, 0x00, 0x00, 0x00, 0x00, 0x00, 0x00,
    0x00, 0x00, 0x00, 0x00, 0x00, 0x00, 0x00, 0x00, 0x00, 0x00, 0x00, 0x00,
    0x00, 0x00, 0x00, 0x00, 0x00, 0x00, 0x00, 0x00, 0x00, 0x00, 0x00, 0x00,
    0x00, 0x00, 0x00, 0x00, 0x00, 0x00, 0x00, 0x00, 0x00, 0x00, 0x00, 0x00,
    0x00, 0x00, 0x00, 0x00, 0x00, 0x00, 0x00, 0x00, 0x00, 0x00, 0x00, 0x00,
    0x00, 0x00, 0x00, 0x00, 0x00, 0x00, 0x00, 0x00, 0x00, 0x00, 0x00, 0x00,
    0x00, 0x00, 0x00, 0x00, 0x00, 0x00, 0x00, 0x00, 0x00, 0x00, 0x00, 0x00,
    0x00, 0x00, 0x00, 0x00, 0x00, 0x00, 0x00, 0x00, 0x00, 0x00, 0x00, 0x00,
    0x00, 0x00, 0x00, 0x00, 0x00, 0x00, 0x00, 0x00, 0x00, 0x00, 0x00, 0x00,
    0x00, 0x00, 0x00, 0x00, 0x00, 0x00, 0x00, 0x00, 0x00, 0x00, 0x00, 0x00,
    0x00, 0x00, 0x00, 0x00, 0x00, 0x00, 0x00, 0x00, 0x00, 0x00, 0x00, 0x00,
    0x00, 0x00, 0x00, 0x00, 0x00, 0x00, 0x00, 0x00, 0x00, 0x00, 0x00, 0x00,
    0x00, 0x00, 0x00, 0x00, 0x00, 0x00, 0x00, 0x00, 0x00, 0x00, 0x00, 0x00,
    0x00, 0x00, 0x00, 0x00, 0x00, 0x00, 0x00, 0x00, 0x00, 0x00, 0x00, 0x00,
    0x00, 0x00, 0x00, 0x00, 0x00, 0x00, 0x00, 0x00, 0x00, 0x00, 0x00, 0x00,
    0x00, 0x00, 0x00, 0x00, 0x00, 0x00, 0x00, 0x00, 0x00, 0x00, 0x00, 0x00,
    0x00, 0x00, 0x00, 0x00, 0x88, 0x48, 0x38, 0xff, 0x88, 0x48, 0x38, 0xff,
    0x88, 0x4c, 0x38, 0xff, 0x90, 0x4c, 0x30, 0xff, 0x90, 0x4c, 0x38, 0xff,
    0x90, 0x4c, 0x38, 0xff, 0x90, 0x4c, 0x30, 0xff, 0x98, 0x4c, 0x38, 0xff,
    0x98, 0x4c, 0x38, 0xff, 0x98, 0x50, 0x30, 0xff, 0x98, 0x50, 0x30, 0xff,
    0x98, 0x50, 0x38, 0xff, 0x98, 0x50, 0x30, 0xff, 0xa0, 0x50, 0x30, 0xff,
    0xa0, 0x50, 0x38, 0xff, 0xa0, 0x50, 0x38, 0xff, 0xa0, 0x50, 0x38, 0xff,
    0xa0, 0x50, 0x38, 0xff, 0xa0, 0x50, 0x30, 0xff, 0xa0, 0x50, 0x38, 0xff,
    0xa0, 0x54, 0x38, 0xff, 0xa0, 0x50, 0x38, 0xff, 0xa8, 0x50, 0x30, 0xff,
    0xa8, 0x54, 0x38, 0xff, 0xa8, 0x50, 0x38, 0xff, 0xa8, 0x50, 0x30, 0xff,
    0xa8, 0x54, 0x38, 0xff, 0xa8, 0x54, 0x38, 0xff, 0xa8, 0x50, 0x30, 0xff,
    0xa8, 0x54, 0x38, 0xff, 0xa8, 0x54, 0x30, 0xff, 0xa8, 0x50, 0x38, 0xff,
    0xa8, 0x54, 0x38, 0xff, 0xa8, 0x54, 0x30, 0xff, 0xa8, 0x50, 0x38, 0xff,
    0xa8, 0x54, 0x38, 0xff, 0xa8, 0x54, 0x30, 0xff, 0xa8, 0x50, 0x38, 0xff,
    0xa8, 0x54, 0x38, 0xff, 0xa8, 0x54, 0x30, 0xff, 0xa8, 0x54, 0x38, 0xff,
    0xa8, 0x50, 0x30, 0xff, 0xa0, 0x54, 0x38, 0xff, 0xa8, 0x54, 0x38, 0xff,
    0xa8, 0x50, 0x38, 0xff, 0xa8, 0x54, 0x30, 0xff, 0xa8, 0x54, 0x38, 0xff,
    0xa8, 0x54, 0x38, 0xff, 0xa8, 0x54, 0x30, 0xff, 0xa8, 0x54, 0x38, 0xff,
    0xa8, 0x54, 0x38, 0xff, 0xa8, 0x54, 0x30, 0xff, 0xa8, 0x54, 0x38, 0xff,
    0xa8, 0x54, 0x38, 0xff, 0xa8, 0x54, 0x38, 0xff, 0xa8, 0x54, 0x30, 0xff,
    0xa8, 0x54, 0x30, 0xff, 0xa8, 0x54, 0x38, 0xff, 0xa8, 0x54, 0x38, 0xff,
    0xa8, 0x50, 0x38, 0xff, 0x98, 0x44, 0x28, 0xff, 0xa0, 0x4c, 0x30, 0xff,
    0xa8, 0x54, 0x38, 0xff, 0xa8, 0x58, 0x38, 0xff, 0xb0, 0x58, 0x38, 0xff,
    0xb0, 0x5c, 0x40, 0xff, 0xa8, 0x54, 0x38, 0xff, 0xa8, 0x54, 0x38, 0xff,
    0xa8, 0x54, 0x38, 0xff, 0xa8, 0x54, 0x38, 0xff, 0xa8, 0x54, 0x38, 0xff,
    0xa8, 0x54, 0x38, 0xff, 0xa8, 0x54, 0x38, 0xff, 0xa8, 0x54, 0x38, 0xff,
    0xb0, 0x58, 0x38, 0xff, 0xa0, 0x4c, 0x30, 0xff, 0x90, 0x40, 0x28, 0xff,
    0x90, 0x40, 0x28, 0xff, 0x98, 0x48, 0x28, 0xff, 0x98, 0x48, 0x28, 0xff,
    0x98, 0x48, 0x28, 0xff, 0x98, 0x48, 0x28, 0xff, 0x98, 0x48, 0x30, 0xff,
    0x98, 0x48, 0x30, 0xff, 0x98, 0x48, 0x30, 0xff, 0x98, 0x44, 0x28, 0xff,
    0x88, 0x3c, 0x20, 0xff, 0x98, 0x44, 0x28, 0xff, 0xb0, 0x58, 0x38, 0xff,
    0xb0, 0x5c, 0x40, 0xff, 0xb0, 0x5c, 0x40, 0xff, 0xb0, 0x54, 0x38, 0xff,
    0xa8, 0x58, 0x38, 0xff, 0xb0, 0x58, 0x38, 0xff, 0xa8, 0x58, 0x38, 0xff,
    0xa8, 0x54, 0x38, 0xff, 0xa8, 0x58, 0x38, 0xff, 0xb0, 0x5c, 0x40, 0xff,
    0xb0, 0x58, 0x38, 0xff, 0xa8, 0x58, 0x38, 0xff, 0xa8, 0x58, 0x38, 0xff,
    0xb0, 0x58, 0x38, 0xff, 0xb0, 0x58, 0x38, 0xff, 0xa8, 0x58, 0x38, 0xff,
    0xb0, 0x58, 0x38, 0xff, 0xa8, 0x54, 0x38, 0xff, 0xb0, 0x58, 0x38, 0xff,
    0xb0, 0x58, 0x38, 0xff, 0xb0, 0x58, 0x38, 0xff, 0xb0, 0x54, 0x38, 0xff,
    0xb0, 0x5c, 0x40, 0xff, 0xb0, 0x5c, 0x40, 0xff, 0xb0, 0x58, 0x38, 0xff,
    0xa8, 0x54, 0x38, 0xff, 0xb0, 0x58, 0x38, 0xff, 0xb0, 0x58, 0x38, 0xff,
    0xa8, 0x54, 0x38, 0xff, 0xb0, 0x58, 0x38, 0xff, 0xa8, 0x58, 0x38, 0xff,
    0xb0, 0x54, 0x38, 0xff, 0xb0, 0x54, 0x38, 0xff, 0xa8, 0x58, 0x38, 0xff,
    0xa8, 0x54, 0x38, 0xff, 0xa8, 0x54, 0x38, 0xff, 0xa8, 0x58, 0x38, 0xff,
    0xa8, 0x54, 0x38, 0xff, 0xa8, 0x54, 0x38, 0xff, 0xa8, 0x54, 0x38, 0xff,
    0xa8, 0x54, 0x38, 0xff, 0xa8, 0x54, 0x38, 0xff, 0xa8, 0x54, 0x38, 0xff,
    0xa8, 0x54, 0x38, 0xff, 0xa8, 0x54, 0x38, 0xff, 0xa8, 0x54, 0x38, 0xff,
    0xa8, 0x54, 0x38, 0xff, 0xa8, 0x54, 0x38, 0xff, 0xa0, 0x54, 0x38, 0xff,
    0xa0, 0x54, 0x38, 0xff, 0xa0, 0x54, 0x38, 0xff, 0xa0, 0x54, 0x38, 0xff,
    0xa0, 0x50, 0x38, 0xff, 0xa0, 0x54, 0x38, 0xff, 0x98, 0x50, 0x38, 0xff,
    0x98, 0x50, 0x38, 0xff, 0x98, 0x50, 0x38, 0xff, 0x98, 0x50, 0x38, 0xff,
    0x90, 0x50, 0x38, 0xff, 0x90, 0x50, 0x38, 0xff, 0x90, 0x4c, 0x38, 0xff,
    0x90, 0x4c, 0x38, 0xff, 0x88, 0x4c, 0x38, 0xff, 0x88, 0x4c, 0x38, 0xff,
    0x00, 0x00, 0x00, 0x00, 0x00, 0x00, 0x00, 0x00, 0x00, 0x00, 0x00, 0x00,
    0x00, 0x00, 0x00, 0x00, 0x00, 0x00, 0x00, 0x00, 0x00, 0x00, 0x00, 0x00,
    0x00, 0x00, 0x00, 0x00, 0x00, 0x00, 0x00, 0x00, 0x00, 0x00, 0x00, 0x00,
    0x00, 0x00, 0x00, 0x00, 0x00, 0x00, 0x00, 0x00, 0x00, 0x00, 0x00, 0x00,
    0x00, 0x00, 0x00, 0x00, 0x00, 0x00, 0x00, 0x00, 0x00, 0x00, 0x00, 0x00,
    0x00, 0x00, 0x00, 0x00, 0x00, 0x00, 0x00, 0x00, 0x00, 0x00, 0x00, 0x00,
    0x00, 0x00, 0x00, 0x00, 0x00, 0x00, 0x00, 0x00, 0x00, 0x00, 0x00, 0x00,
    0x00, 0x00, 0x00, 0x00, 0x00, 0x00, 0x00, 0x00, 0x00, 0x00, 0x00, 0x00,
    0x00, 0x00, 0x00, 0x00, 0x00, 0x00, 0x00, 0x00, 0x00, 0x00, 0x00, 0x00,
    0x00, 0x00, 0x00, 0x00, 0x00, 0x00, 0x00, 0x00, 0x00, 0x00, 0x00, 0x00,
    0x00, 0x00, 0x00, 0x00, 0x00, 0x00, 0x00, 0x00, 0x00, 0x00, 0x00, 0x00,
    0x00, 0x00, 0x00, 0x00, 0x00, 0x00, 0x00, 0x00, 0x00, 0x00, 0x00, 0x00,
    0x00, 0x00, 0x00, 0x00, 0x00, 0x00, 0x00, 0x00, 0x00, 0x00, 0x00, 0x00,
    0x00, 0x00, 0x00, 0x00, 0x00, 0x00, 0x00, 0x00, 0x00, 0x00, 0x00, 0x00,
    0x00, 0x00, 0x00, 0x00, 0x00, 0x00, 0x00, 0x00, 0x00, 0x00, 0x00, 0x00,
    0x00, 0x00, 0x00, 0x00, 0x00, 0x00, 0x00, 0x00, 0x00, 0x00, 0x00, 0x00,
    0x00, 0x00, 0x00, 0x00, 0x00, 0x00, 0x00, 0x00, 0x00, 0x00, 0x00, 0x00,
    0x00, 0x00, 0x00, 0x00, 0x00, 0x00, 0x00, 0x00, 0x00, 0x00, 0x00, 0x00,
    0x00, 0x00, 0x00, 0x00, 0x00, 0x00, 0x00, 0x00, 0x00, 0x00, 0x00, 0x00,
    0x00, 0x00, 0x00, 0x00, 0x00, 0x00, 0x00, 0x00, 0x80, 0x48, 0x38, 0xff,
    0x88, 0x48, 0x38, 0xff, 0x88, 0x48, 0x38, 0xff, 0x88, 0x48, 0x38, 0xff,
    0x88, 0x4c, 0x38, 0xff, 0x90, 0x4c, 0x30, 0xff, 0x90, 0x4c, 0x38, 0xff,
    0x90, 0x4c, 0x38, 0xff, 0x90, 0x4c, 0x38, 0xff, 0x90, 0x4c, 0x38, 0xff,
    0x98, 0x4c, 0x38, 0xff, 0x98, 0x4c, 0x38, 0xff, 0x98, 0x50, 0x38, 0xff,
    0x98, 0x4c, 0x38, 0xff, 0x98, 0x50, 0x38, 0xff, 0x98, 0x50, 0x30, 0xff,
    0xa0, 0x50, 0x38, 0xff, 0xa0, 0x50, 0x38, 0xff, 0xa0, 0x50, 0x38, 0xff,
    0xa0, 0x50, 0x30, 0xff, 0xa0, 0x50, 0x38, 0xff, 0xa0, 0x50, 0x38, 0xff,
    0xa0, 0x50, 0x38, 0xff, 0xa0, 0x50, 0x38, 0xff, 0xa0, 0x50, 0x38, 0xff,
    0xa0, 0x50, 0x38, 0xff, 0xa0, 0x50, 0x38, 0xff, 0xa0, 0x50, 0x30, 0xff,
    0xa0, 0x50, 0x38, 0xff, 0xa0, 0x50, 0x38, 0xff, 0xa0, 0x50, 0x30, 0xff,
    0xa0, 0x50, 0x38, 0xff, 0xa0, 0x50, 0x38, 0xff, 0xa0, 0x50, 0x30, 0xff,
    0xa0, 0x50, 0x38, 0xff, 0xa0, 0x50, 0x30, 0xff, 0xa0, 0x50, 0x38, 0xff,
    0xa0, 0x50, 0x38, 0xff, 0xa0, 0x50, 0x30, 0xff, 0xa0, 0x50, 0x38, 0xff,
    0xa0, 0x50, 0x38, 0xff, 0xa0, 0x50, 0x30, 0xff, 0xa0, 0x50, 0x30, 0xff,
    0xa0, 0x50, 0x38, 0xff, 0xa0, 0x50, 0x38, 0xff, 0xa0, 0x50, 0x38, 0xff,
    0xa0, 0x54, 0x38, 0xff, 0xa0, 0x50, 0x38, 0xff, 0xa0, 0x50, 0x30, 0xff,
    0xa0, 0x54, 0x38, 0xff, 0xa0, 0x50, 0x38, 0xff, 0xa0, 0x50, 0x38, 0xff,
    0xa0, 0x54, 0x38, 0xff, 0xa0, 0x50, 0x38, 0xff, 0xa0, 0x54, 0x38, 0xff,
    0xa0, 0x50, 0x38, 0xff, 0xa0, 0x50, 0x38, 0xff, 0xa0, 0x50, 0x38, 0xff,
    0xa0, 0x50, 0x30, 0xff, 0xa0, 0x54, 0x38, 0xff, 0xa8, 0x54, 0x38, 0xff,
    0xa8, 0x54, 0x38, 0xff, 0xa8, 0x54, 0x38, 0xff, 0xa8, 0x54, 0x38, 0xff,
    0xa8, 0x54, 0x38, 0xff, 0xa8, 0x54, 0x38, 0xff, 0xa8, 0x54, 0x38, 0xff,
    0xa8, 0x54, 0x38, 0xff, 0xa8, 0x54, 0x38, 0xff, 0xa8, 0x54, 0x38, 0xff,
    0xa8, 0x54, 0x38, 0xff, 0xa8, 0x54, 0x38, 0xff, 0xa8, 0x54, 0x38, 0xff,
    0xa8, 0x54, 0x38, 0xff, 0xa8, 0x54, 0x38, 0xff, 0xa8, 0x54, 0x38, 0xff,
    0xa8, 0x54, 0x38, 0xff, 0xa8, 0x54, 0x38, 0xff, 0xa8, 0x54, 0x38, 0xff,
    0xa8, 0x54, 0x38, 0xff, 0xa8, 0x54, 0x38, 0xff, 0xa8, 0x54, 0x38, 0xff,
    0xa0, 0x54, 0x38, 0xff, 0xa8, 0x54, 0x38, 0xff, 0xa8, 0x54, 0x38, 0xff,
    0xa0, 0x54, 0x38, 0xff, 0xa0, 0x54, 0x38, 0xff, 0xa8, 0x54, 0x38, 0xff,
    0xa8, 0x54, 0x38, 0xff, 0xa0, 0x54, 0x38, 0xff, 0xa8, 0x54, 0x38, 0xff,
    0xa8, 0x54, 0x38, 0xff, 0xa8, 0x54, 0x38, 0xff, 0xa8, 0x54, 0x38, 0xff,
    0xa8, 0x54, 0x38, 0xff, 0xa8, 0x54, 0x38, 0xff, 0xa8, 0x54, 0x38, 0xff,
    0xa8, 0x54, 0x38, 0xff, 0xa8, 0x54, 0x38, 0xff, 0xa8, 0x54, 0x38, 0xff,
    0xa8, 0x54, 0x38, 0xff, 0xa0, 0x54, 0x38, 0xff, 0xa8, 0x54, 0x38, 0xff,
    0xa8, 0x54, 0x38, 0xff, 0xa8, 0x54, 0x40, 0xff, 0xa8, 0x54, 0x38, 0xff,
    0xa0, 0x54, 0x38, 0xff, 0xa0, 0x54, 0x40, 0xff, 0xa8, 0x54, 0x38, 0xff,
    0xa8, 0x54, 0x38, 0xff, 0xa8, 0x54, 0x38, 0xff, 0xa8, 0x54, 0x38, 0xff,
    0xa0, 0x54, 0x38, 0xff, 0xa8, 0x54, 0x38, 0xff, 0xa8, 0x54, 0x38, 0xff,
    0xa8, 0x54, 0x38, 0xff, 0xa8, 0x54, 0x40, 0xff, 0xa8, 0x54, 0x38, 0xff,
    0xa8, 0x54, 0x40, 0xff, 0xa8, 0x54, 0x40, 0xff, 0xa8, 0x54, 0x38, 0xff,
    0xa8, 0x54, 0x38, 0xff, 0xa8, 0x54, 0x38, 0xff, 0xa8, 0x54, 0x38, 0xff,
    0xa8, 0x54, 0x38, 0xff, 0xa0, 0x54, 0x40, 0xff, 0xa8, 0x54, 0x38, 0xff,
    0xa0, 0x54, 0x38, 0xff, 0xa8, 0x54, 0x40, 0xff, 0xa0, 0x54, 0x38, 0xff,
    0xa0, 0x54, 0x40, 0xff, 0xa0, 0x54, 0x40, 0xff, 0xa0, 0x54, 0x38, 0xff,
    0xa0, 0x54, 0x40, 0xff, 0xa0, 0x54, 0x38, 0xff, 0xa0, 0x54, 0x40, 0xff,
    0xa0, 0x54, 0x38, 0xff, 0xa0, 0x54, 0x40, 0xff, 0x98, 0x50, 0x38, 0xff,
    0xa0, 0x54, 0x40, 0xff, 0x98, 0x54, 0x38, 0xff, 0x98, 0x50, 0x40, 0xff,
    0x98, 0x50, 0x38, 0xff, 0x98, 0x50, 0x40, 0xff, 0x98, 0x50, 0x38, 0xff,
    0x90, 0x50, 0x38, 0xff, 0x90, 0x50, 0x40, 0xff, 0x90, 0x50, 0x38, 0xff,
    0x90, 0x4c, 0x38, 0xff, 0x88, 0x4c, 0x38, 0xff, 0x88, 0x4c, 0x38, 0xff,
    0x88, 0x4c, 0x38, 0xff, 0x00, 0x00, 0x00, 0x00, 0x00, 0x00, 0x00, 0x00,
    0x00, 0x00, 0x00, 0x00, 0x00, 0x00, 0x00, 0x00, 0x00, 0x00, 0x00, 0x00,
    0x00, 0x00, 0x00, 0x00, 0x00, 0x00, 0x00, 0x00, 0x00, 0x00, 0x00, 0x00,
    0x00, 0x00, 0x00, 0x00, 0x00, 0x00, 0x00, 0x00, 0x00, 0x00, 0x00, 0x00,
    0x00, 0x00, 0x00, 0x00, 0x00, 0x00, 0x00, 0x00, 0x00, 0x00, 0x00, 0x00,
    0x00, 0x00, 0x00, 0x00, 0x00, 0x00, 0x00, 0x00, 0x00, 0x00, 0x00, 0x00,
    0x00, 0x00, 0x00, 0x00, 0x00, 0x00, 0x00, 0x00, 0x00, 0x00, 0x00, 0x00,
    0x00, 0x00, 0x00, 0x00, 0x00, 0x00, 0x00, 0x00, 0x00, 0x00, 0x00, 0x00,
    0x00, 0x00, 0x00, 0x00, 0x00, 0x00, 0x00, 0x00, 0x00, 0x00, 0x00, 0x00,
    0x00, 0x00, 0x00, 0x00, 0x00, 0x00, 0x00, 0x00, 0x00, 0x00, 0x00, 0x00,
    0x00, 0x00, 0x00, 0x00, 0x00, 0x00, 0x00, 0x00, 0x00, 0x00, 0x00, 0x00,
    0x00, 0x00, 0x00, 0x00, 0x00, 0x00, 0x00, 0x00, 0x00, 0x00, 0x00, 0x00,
    0x00, 0x00, 0x00, 0x00, 0x00, 0x00, 0x00, 0x00, 0x00, 0x00, 0x00, 0x00,
    0x00, 0x00, 0x00, 0x00, 0x00, 0x00, 0x00, 0x00, 0x00, 0x00, 0x00, 0x00,
    0x00, 0x00, 0x00, 0x00, 0x00, 0x00, 0x00, 0x00, 0x00, 0x00, 0x00, 0x00,
    0x00, 0x00, 0x00, 0x00, 0x00, 0x00, 0x00, 0x00, 0x00, 0x00, 0x00, 0x00,
    0x00, 0x00, 0x00, 0x00, 0x00, 0x00, 0x00, 0x00, 0x00, 0x00, 0x00, 0x00,
    0x00, 0x00, 0x00, 0x00, 0x00, 0x00, 0x00, 0x00, 0x00, 0x00, 0x00, 0x00,
    0x00, 0x00, 0x00, 0x00, 0x00, 0x00, 0x00, 0x00, 0x00, 0x00, 0x00, 0x00,
    0x00, 0x00, 0x00, 0x00, 0x00, 0x00, 0x00, 0x00, 0x00, 0x00, 0x00, 0x00
};
