// 4.23.2 0x09585962 D2 R0 FRGB565 U565 N0 SExtFlashSection
// Generated by imageconverter. Please, do not edit!

#include <touchgfx/hal/Config.hpp>

LOCATION_PRAGMA("ExtFlashSection")
KEEP extern const unsigned char image_livingroom_selected[] LOCATION_ATTRIBUTE("ExtFlashSection") = { // 189x221 RGB565 pixels.
    0xe9, 0x10, 0xe9, 0x10, 0x09, 0x11, 0x09, 0x11, 0x0a, 0x11, 0x0a, 0x11,
    0x09, 0x11, 0x0a, 0x11, 0x0a, 0x11, 0x2a, 0x11, 0x0a, 0x11, 0x0a, 0x11,
    0x2a, 0x11, 0x0a, 0x11, 0x0a, 0x11, 0x2b, 0x19, 0x2b, 0x11, 0x2b, 0x19,
    0x2b, 0x11, 0x2b, 0x19, 0x2b, 0x19, 0x2b, 0x11, 0x2b, 0x19, 0x2b, 0x19,
    0x2b, 0x11, 0x2b, 0x19, 0x2b, 0x19, 0x2b, 0x11, 0x2b, 0x19, 0x2b, 0x19,
    0x2b, 0x11, 0x4b, 0x19, 0x2b, 0x19, 0x2b, 0x11, 0x2b, 0x19, 0x4b, 0x19,
    0x2b, 0x11, 0x2b, 0x19, 0x4b, 0x19, 0x4b, 0x11, 0x4b, 0x19, 0x4b, 0x19,
    0x4b, 0x11, 0x4b, 0x19, 0x4b, 0x19, 0x4b, 0x19, 0x4b, 0x11, 0x4b, 0x19,
    0x2b, 0x19, 0x2b, 0x11, 0x2b, 0x19, 0x4b, 0x19, 0x4b, 0x11, 0x4b, 0x19,
    0x4b, 0x19, 0x4b, 0x19, 0x2b, 0x11, 0x4b, 0x19, 0x2b, 0x19, 0x2b, 0x11,
    0x4b, 0x19, 0x2b, 0x19, 0x2b, 0x11, 0x4b, 0x19, 0x2b, 0x19, 0x2b, 0x11,
    0x4b, 0x19, 0x2b, 0x19, 0x2b, 0x11, 0x4b, 0x19, 0x2b, 0x19, 0x2b, 0x11,
    0x4b, 0x19, 0x2b, 0x19, 0x2b, 0x11, 0x4b, 0x19, 0x2b, 0x19, 0x2b, 0x11,
    0x4b, 0x19, 0x2b, 0x19, 0x2b, 0x11, 0x4b, 0x19, 0x2b, 0x19, 0x2b, 0x11,
    0x4b, 0x19, 0x2b, 0x19, 0x2b, 0x11, 0x4b, 0x19, 0x2b, 0x19, 0x2b, 0x11,
    0x4b, 0x19, 0x2b, 0x19, 0x2b, 0x11, 0x4b, 0x19, 0x2b, 0x19, 0x2b, 0x19,
    0x4b, 0x19, 0x4b, 0x19, 0x4b, 0x19, 0x4c, 0x19, 0x4b, 0x19, 0x4b, 0x19,
    0x4c, 0x19, 0x4b, 0x19, 0x4b, 0x19, 0x4c, 0x19, 0x4b, 0x19, 0x4b, 0x19,
    0x2b, 0x19, 0x4c, 0x19, 0x4b, 0x19, 0x4b, 0x19, 0x4c, 0x19, 0x4b, 0x19,
    0x4b, 0x19, 0x4b, 0x19, 0x4c, 0x19, 0x4b, 0x19, 0x4b, 0x19, 0x2b, 0x19,
    0x4b, 0x19, 0x2b, 0x11, 0x2b, 0x19, 0x4b, 0x19, 0x4c, 0x19, 0x4b, 0x19,
    0x4b, 0x19, 0x2c, 0x19, 0x4b, 0x19, 0x4b, 0x19, 0x2c, 0x19, 0x2b, 0x19,
    0x4b, 0x19, 0x4b, 0x19, 0x4c, 0x19, 0x4b, 0x19, 0x4b, 0x19, 0x4b, 0x19,
    0x4b, 0x19, 0x4c, 0x19, 0x4b, 0x19, 0x4b, 0x19, 0x4c, 0x19, 0x4b, 0x19,
    0x4b, 0x11, 0x4b, 0x19, 0x4b, 0x19, 0x4b, 0x11, 0x4b, 0x19, 0x4b, 0x19,
    0x4b, 0x11, 0x4b, 0x19, 0x2b, 0x19, 0x2b, 0x11, 0x2b, 0x19, 0x4b, 0x19,
    0x2b, 0x11, 0x2b, 0x19, 0x2b, 0x19, 0x2b, 0x11, 0x2b, 0x19, 0x2b, 0x19,
    0x2b, 0x11, 0x2b, 0x19, 0x2b, 0x19, 0x2b, 0x11, 0x2b, 0x19, 0x2b, 0x19,
    0x2b, 0x11, 0x2b, 0x19, 0x2b, 0x19, 0x2b, 0x11, 0x2b, 0x11, 0x2a, 0x19,
    0x2b, 0x11, 0x2b, 0x11, 0x2a, 0x19, 0x2a, 0x11, 0x2a, 0x11, 0x2a, 0x19,
    0x0a, 0x11, 0x0a, 0x11, 0x0a, 0x19, 0x2a, 0x11, 0x0a, 0x11, 0x09, 0x19,
    0x0a, 0x19, 0xa7, 0x08, 0xa6, 0x08, 0x4b, 0x19, 0x4b, 0x19, 0x8c, 0x21,
    0x6c, 0x19, 0x6c, 0x21, 0x6c, 0x21, 0x6d, 0x19, 0x6d, 0x21, 0x8d, 0x21,
    0x8d, 0x19, 0x6d, 0x21, 0x8d, 0x21, 0x8d, 0x21, 0x8d, 0x19, 0x8d, 0x19,
    0x4c, 0x19, 0x2b, 0x19, 0x4b, 0x19, 0x2b, 0x19, 0x2b, 0x19, 0x4b, 0x19,
    0x4b, 0x19, 0x4b, 0x19, 0x4b, 0x19, 0x4b, 0x19, 0x4b, 0x19, 0x4b, 0x19,
    0x4b, 0x19, 0x4b, 0x19, 0x4c, 0x19, 0x4b, 0x19, 0x4b, 0x19, 0x4b, 0x19,
    0x4c, 0x19, 0x4b, 0x19, 0x4b, 0x19, 0x4c, 0x19, 0x4b, 0x19, 0x4b, 0x19,
    0x2c, 0x19, 0x4c, 0x19, 0x2c, 0x19, 0x4c, 0x19, 0x2c, 0x19, 0x4c, 0x19,
    0x2c, 0x19, 0x2b, 0x19, 0x6d, 0x19, 0xae, 0x21, 0x8e, 0x19, 0xae, 0x19,
    0xae, 0x21, 0x8d, 0x19, 0x6d, 0x19, 0x4c, 0x19, 0x6c, 0x19, 0x6c, 0x19,
    0x6c, 0x19, 0x8d, 0x19, 0xaf, 0x21, 0x8e, 0x19, 0xae, 0x19, 0x8e, 0x21,
    0xae, 0x19, 0x8e, 0x19, 0xaf, 0x21, 0xae, 0x21, 0x8f, 0x19, 0xae, 0x19,
    0x8e, 0x21, 0xaf, 0x21, 0x8e, 0x19, 0xaf, 0x21, 0x8e, 0x19, 0xae, 0x19,
    0xae, 0x21, 0x8f, 0x19, 0xae, 0x19, 0x8e, 0x21, 0xaf, 0x21, 0x8e, 0x19,
    0xaf, 0x21, 0x8e, 0x19, 0xae, 0x19, 0xae, 0x21, 0x8f, 0x19, 0xae, 0x19,
    0x8e, 0x21, 0xae, 0x21, 0x8f, 0x19, 0xae, 0x19, 0x8f, 0x21, 0xae, 0x21,
    0xaf, 0x19, 0xaf, 0x21, 0xae, 0x19, 0x4c, 0x19, 0x4c, 0x19, 0x4c, 0x11,
    0x4c, 0x19, 0x4c, 0x19, 0x4c, 0x11, 0x4c, 0x19, 0x4c, 0x19, 0x4c, 0x19,
    0x4c, 0x11, 0x4c, 0x19, 0x4c, 0x19, 0x4c, 0x11, 0x4c, 0x19, 0x4c, 0x19,
    0x4c, 0x11, 0x4c, 0x19, 0x4c, 0x19, 0x4c, 0x11, 0x4c, 0x19, 0x4c, 0x19,
    0x4c, 0x11, 0x4c, 0x19, 0x4c, 0x19, 0x6c, 0x19, 0x8f, 0x19, 0xaf, 0x19,
    0x6d, 0x19, 0x4b, 0x19, 0x4c, 0x19, 0x4c, 0x11, 0x4c, 0x19, 0x4c, 0x19,
    0x4c, 0x11, 0x4c, 0x19, 0x4c, 0x19, 0x4c, 0x11, 0x4c, 0x19, 0x4c, 0x19,
    0x4c, 0x11, 0x4c, 0x19, 0x4c, 0x19, 0x4c, 0x11, 0x4c, 0x19, 0x4c, 0x19,
    0x4c, 0x11, 0x4c, 0x19, 0x4c, 0x19, 0x4c, 0x19, 0x4c, 0x19, 0x4c, 0x19,
    0x4c, 0x19, 0x4c, 0x19, 0x4c, 0x19, 0x4c, 0x19, 0x4c, 0x19, 0x4c, 0x19,
    0x4c, 0x19, 0x8e, 0x19, 0xae, 0x19, 0x8e, 0x19, 0x8e, 0x21, 0xaf, 0x21,
    0x8e, 0x19, 0x8e, 0x19, 0x8d, 0x19, 0x6d, 0x19, 0x6c, 0x19, 0x6c, 0x19,
    0x6d, 0x19, 0x6c, 0x19, 0x4c, 0x19, 0x6c, 0x19, 0x6c, 0x19, 0x4c, 0x19,
    0x6c, 0x19, 0x4c, 0x19, 0x6c, 0x19, 0x4c, 0x19, 0x6c, 0x19, 0x8d, 0x21,
    0x8e, 0x21, 0x8d, 0x19, 0x8d, 0x21, 0x8d, 0x19, 0x6d, 0x21, 0x8d, 0x19,
    0x6c, 0x19, 0x6c, 0x19, 0x6c, 0x19, 0x4b, 0x19, 0x09, 0x11, 0xe9, 0x10,
    0x2b, 0x19, 0x2a, 0x19, 0x6c, 0x19, 0x6c, 0x21, 0x6c, 0x19, 0x6d, 0x19,
    0x8d, 0x21, 0x8d, 0x19, 0x6d, 0x19, 0x8d, 0x21, 0x8d, 0x19, 0x8e, 0x19,
    0x8d, 0x21, 0x8e, 0x21, 0x8e, 0x19, 0xaf, 0x21, 0x12, 0x2a, 0xf1, 0x21,
    0xf1, 0x21, 0xf1, 0x21, 0x11, 0x22, 0xf1, 0x21, 0xf1, 0x21, 0x12, 0x22,
    0xf2, 0x21, 0xf2, 0x21, 0x12, 0x22, 0x12, 0x22, 0xf2, 0x21, 0x12, 0x22,
    0xf2, 0x21, 0xf2, 0x21, 0x12, 0x22, 0xf2, 0x21, 0xf2, 0x21, 0xf2, 0x21,
    0xf2, 0x21, 0x12, 0x22, 0xf2, 0x21, 0x12, 0x22, 0x12, 0x22, 0xf2, 0x21,
    0x12, 0x22, 0xf2, 0x21, 0xf2, 0x21, 0x12, 0x22, 0x12, 0x22, 0xf1, 0x21,
    0x8e, 0x19, 0xaf, 0x21, 0x8f, 0x19, 0x8e, 0x19, 0xaf, 0x21, 0xd0, 0x21,
    0xd1, 0x21, 0xd1, 0x21, 0xd1, 0x21, 0xd1, 0x21, 0xd0, 0x21, 0x8e, 0x19,
    0x8f, 0x21, 0xaf, 0x21, 0xaf, 0x21, 0x8f, 0x21, 0xaf, 0x19, 0x8e, 0x19,
    0x8f, 0x21, 0xaf, 0x21, 0x8f, 0x19, 0xae, 0x19, 0x8f, 0x19, 0xaf, 0x21,
    0x8f, 0x19, 0xaf, 0x21, 0x8f, 0x21, 0x8f, 0x21, 0xaf, 0x21, 0x8f, 0x19,
    0xae, 0x19, 0x8f, 0x19, 0xaf, 0x21, 0x8f, 0x19, 0xaf, 0x21, 0x8f, 0x21,
    0x8f, 0x21, 0xaf, 0x21, 0xaf, 0x19, 0xaf, 0x21, 0xaf, 0x19, 0xae, 0x21,
    0xaf, 0x21, 0xaf, 0x19, 0xaf, 0x19, 0xae, 0x21, 0xaf, 0x19, 0x6d, 0x19,
    0xf1, 0x21, 0x13, 0x22, 0x12, 0x22, 0x12, 0x22, 0x12, 0x22, 0x12, 0x22,
    0x12, 0x22, 0x12, 0x22, 0x12, 0x22, 0x12, 0x22, 0x12, 0x22, 0x12, 0x22,
    0x12, 0x22, 0x12, 0x22, 0x12, 0x22, 0x12, 0x22, 0x12, 0x22, 0x12, 0x22,
    0x12, 0x22, 0x12, 0x22, 0x12, 0x22, 0x12, 0x22, 0x12, 0x22, 0x12, 0x22,
    0x13, 0x22, 0xaf, 0x21, 0x8e, 0x19, 0x8e, 0x19, 0x13, 0x2a, 0x12, 0x22,
    0x12, 0x22, 0x12, 0x22, 0x12, 0x22, 0x12, 0x22, 0x12, 0x22, 0x12, 0x22,
    0x12, 0x22, 0x12, 0x22, 0x12, 0x22, 0x12, 0x22, 0x12, 0x22, 0x12, 0x22,
    0x12, 0x22, 0xf2, 0x21, 0x12, 0x22, 0xf2, 0x21, 0x12, 0x22, 0x12, 0x22,
    0xf2, 0x21, 0xf2, 0x21, 0x12, 0x22, 0xf2, 0x21, 0xf2, 0x21, 0x12, 0x22,
    0x12, 0x22, 0xf2, 0x21, 0x12, 0x22, 0x33, 0x2a, 0xb0, 0x21, 0x8e, 0x19,
    0xaf, 0x21, 0xaf, 0x21, 0x8e, 0x19, 0x8e, 0x19, 0xaf, 0x21, 0xd0, 0x21,
    0xd0, 0x21, 0xd1, 0x21, 0xf1, 0x21, 0xd1, 0x21, 0xf1, 0x21, 0xf1, 0x21,
    0xd1, 0x21, 0xf1, 0x21, 0xf1, 0x21, 0xd0, 0x21, 0xd0, 0x21, 0xd0, 0x21,
    0xb0, 0x21, 0xf1, 0x21, 0xaf, 0x21, 0x6d, 0x19, 0x8e, 0x21, 0x8d, 0x19,
    0x6d, 0x19, 0x8d, 0x21, 0x6d, 0x21, 0x6c, 0x19, 0x6c, 0x21, 0x4b, 0x19,
    0x4b, 0x19, 0x0a, 0x11, 0x09, 0x11, 0x4b, 0x19, 0x4b, 0x19, 0x6c, 0x19,
    0x8d, 0x19, 0x6d, 0x19, 0x8d, 0x19, 0x8d, 0x21, 0x6d, 0x19, 0x8d, 0x19,
    0x8d, 0x21, 0x8d, 0x19, 0x8e, 0x19, 0x6d, 0x19, 0x8e, 0x21, 0xae, 0x19,
    0x74, 0x32, 0x38, 0x43, 0x37, 0x43, 0x38, 0x43, 0x38, 0x43, 0x38, 0x43,
    0x38, 0x43, 0x38, 0x43, 0x38, 0x43, 0x38, 0x43, 0x38, 0x43, 0x38, 0x43,
    0x38, 0x43, 0x38, 0x43, 0x38, 0x43, 0x38, 0x43, 0x38, 0x43, 0x38, 0x43,
    0x38, 0x43, 0x38, 0x43, 0x38, 0x43, 0x38, 0x43, 0x38, 0x43, 0x38, 0x43,
    0x38, 0x43, 0x38, 0x43, 0x38, 0x43, 0x38, 0x43, 0x38, 0x43, 0x38, 0x43,
    0x38, 0x43, 0x38, 0x43, 0x34, 0x2a, 0x8f, 0x19, 0xf1, 0x21, 0x8f, 0x19,
    0x8e, 0x19, 0x34, 0x22, 0x96, 0x32, 0x96, 0x32, 0x96, 0x32, 0x95, 0x32,
    0xb6, 0x32, 0x13, 0x22, 0x6d, 0x19, 0xaf, 0x21, 0xaf, 0x19, 0xaf, 0x19,
    0xaf, 0x21, 0xaf, 0x21, 0xaf, 0x19, 0xaf, 0x19, 0xaf, 0x21, 0xaf, 0x21,
    0xaf, 0x21, 0xaf, 0x19, 0xaf, 0x21, 0xaf, 0x19, 0xaf, 0x19, 0xaf, 0x21,
    0xaf, 0x19, 0xaf, 0x19, 0xaf, 0x21, 0xaf, 0x21, 0xaf, 0x19, 0xaf, 0x21,
    0xaf, 0x19, 0xaf, 0x19, 0xaf, 0x21, 0xaf, 0x19, 0xaf, 0x19, 0xaf, 0x21,
    0xaf, 0x19, 0xaf, 0x21, 0xaf, 0x19, 0xaf, 0x21, 0xaf, 0x21, 0x8f, 0x21,
    0xaf, 0x21, 0x2b, 0x19, 0xd1, 0x21, 0x38, 0x43, 0x38, 0x43, 0x38, 0x43,
    0x38, 0x43, 0x38, 0x43, 0x38, 0x43, 0x38, 0x43, 0x38, 0x43, 0x38, 0x43,
    0x38, 0x43, 0x38, 0x43, 0x38, 0x43, 0x38, 0x43, 0x38, 0x43, 0x38, 0x43,
    0x38, 0x43, 0x38, 0x43, 0x38, 0x43, 0x38, 0x43, 0x38, 0x43, 0x38, 0x43,
    0x38, 0x43, 0x38, 0x43, 0x39, 0x43, 0x95, 0x32, 0xd1, 0x21, 0xaf, 0x21,
    0x95, 0x32, 0x59, 0x43, 0x38, 0x43, 0x38, 0x43, 0x38, 0x43, 0x38, 0x43,
    0x38, 0x43, 0x38, 0x43, 0x38, 0x43, 0x38, 0x43, 0x38, 0x43, 0x38, 0x43,
    0x38, 0x43, 0x38, 0x43, 0x38, 0x43, 0x38, 0x43, 0x38, 0x43, 0x38, 0x43,
    0x38, 0x43, 0x38, 0x43, 0x38, 0x43, 0x38, 0x43, 0x38, 0x43, 0x38, 0x43,
    0x38, 0x43, 0x38, 0x43, 0x38, 0x43, 0x38, 0x43, 0x38, 0x43, 0x38, 0x43,
    0xd6, 0x32, 0xb0, 0x21, 0xf2, 0x21, 0xf1, 0x21, 0x8e, 0x19, 0x8e, 0x19,
    0xf2, 0x21, 0x54, 0x2a, 0x75, 0x2a, 0x96, 0x32, 0xb6, 0x32, 0xb6, 0x32,
    0xb6, 0x32, 0xb6, 0x32, 0xb6, 0x32, 0xb6, 0x32, 0xb6, 0x32, 0xb6, 0x32,
    0xb6, 0x32, 0x95, 0x32, 0x95, 0x32, 0xb6, 0x32, 0x53, 0x2a, 0x6d, 0x19,
    0x6e, 0x19, 0x8e, 0x19, 0x8e, 0x21, 0x8d, 0x19, 0x6d, 0x19, 0x8d, 0x19,
    0x6d, 0x21, 0x4c, 0x19, 0x4b, 0x19, 0x2b, 0x19, 0x2a, 0x19, 0x2a, 0x19,
    0x4b, 0x19, 0x2b, 0x19, 0x6c, 0x19, 0x8d, 0x21, 0x8d, 0x21, 0x6d, 0x19,
    0x8d, 0x21, 0x8d, 0x19, 0x8d, 0x19, 0x8e, 0x21, 0x8e, 0x21, 0x8e, 0x19,
    0x8e, 0x19, 0xaf, 0x21, 0x8f, 0x19, 0x75, 0x32, 0x58, 0x4b, 0x38, 0x43,
    0x38, 0x43, 0x38, 0x43, 0x38, 0x43, 0x38, 0x43, 0x39, 0x43, 0x39, 0x43,
    0x39, 0x43, 0x38, 0x43, 0x39, 0x43, 0x39, 0x43, 0x39, 0x43, 0x39, 0x43,
    0x39, 0x43, 0x39, 0x43, 0x39, 0x43, 0x39, 0x43, 0x39, 0x43, 0x39, 0x43,
    0x39, 0x43, 0x39, 0x43, 0x39, 0x43, 0x39, 0x43, 0x39, 0x43, 0x38, 0x43,
    0x59, 0x43, 0x58, 0x43, 0x39, 0x43, 0x59, 0x4b, 0x18, 0x43, 0xb0, 0x19,
    0xf1, 0x21, 0xd1, 0x21, 0x8f, 0x19, 0xb0, 0x21, 0x55, 0x2a, 0x95, 0x2a,
    0x95, 0x2a, 0x95, 0x2a, 0x96, 0x2a, 0x96, 0x2a, 0xd0, 0x21, 0x8e, 0x19,
    0xaf, 0x21, 0xaf, 0x21, 0xaf, 0x19, 0xaf, 0x21, 0xaf, 0x21, 0xaf, 0x21,
    0xaf, 0x21, 0xaf, 0x19, 0xaf, 0x21, 0xaf, 0x21, 0xaf, 0x21, 0xaf, 0x21,
    0xaf, 0x21, 0xaf, 0x21, 0xaf, 0x21, 0xaf, 0x19, 0xaf, 0x21, 0xaf, 0x21,
    0xaf, 0x21, 0xaf, 0x21, 0xaf, 0x21, 0xaf, 0x21, 0xaf, 0x21, 0xaf, 0x21,
    0xaf, 0x19, 0xaf, 0x21, 0xaf, 0x21, 0xaf, 0x21, 0xaf, 0x19, 0xaf, 0x21,
    0xaf, 0x19, 0xaf, 0x21, 0xb0, 0x19, 0xae, 0x19, 0x6d, 0x19, 0x18, 0x43,
    0x59, 0x4b, 0x38, 0x43, 0x39, 0x43, 0x39, 0x43, 0x38, 0x43, 0x39, 0x43,
    0x39, 0x43, 0x38, 0x43, 0x39, 0x43, 0x39, 0x43, 0x38, 0x43, 0x39, 0x43,
    0x39, 0x43, 0x38, 0x43, 0x39, 0x43, 0x39, 0x43, 0x38, 0x43, 0x39, 0x43,
    0x39, 0x43, 0x39, 0x4b, 0x39, 0x43, 0x39, 0x43, 0x59, 0x4b, 0xb6, 0x3a,
    0xd0, 0x21, 0xf1, 0x21, 0x75, 0x32, 0x59, 0x43, 0x59, 0x43, 0x39, 0x43,
    0x39, 0x43, 0x39, 0x43, 0x39, 0x43, 0x39, 0x43, 0x38, 0x43, 0x39, 0x43,
    0x39, 0x43, 0x39, 0x43, 0x39, 0x43, 0x39, 0x43, 0x39, 0x43, 0x39, 0x43,
    0x39, 0x43, 0x39, 0x43, 0x39, 0x43, 0x39, 0x43, 0x39, 0x43, 0x39, 0x43,
    0x39, 0x43, 0x39, 0x43, 0x59, 0x43, 0x59, 0x43, 0x39, 0x43, 0x39, 0x43,
    0x59, 0x43, 0x59, 0x4b, 0xb6, 0x32, 0x8f, 0x19, 0xf2, 0x21, 0xf2, 0x21,
    0x8f, 0x19, 0x8f, 0x19, 0xd2, 0x21, 0x54, 0x22, 0x75, 0x2a, 0x75, 0x2a,
    0x75, 0x2a, 0x96, 0x2a, 0x96, 0x32, 0x95, 0x32, 0x96, 0x2a, 0x96, 0x32,
    0x95, 0x32, 0x95, 0x32, 0x95, 0x32, 0x95, 0x2a, 0x74, 0x2a, 0xb6, 0x32,
    0x33, 0x2a, 0x6c, 0x19, 0x8e, 0x19, 0x8e, 0x21, 0x8e, 0x21, 0x8d, 0x19,
    0x8d, 0x21, 0x8d, 0x19, 0x6d, 0x19, 0x4c, 0x19, 0x4c, 0x19, 0x6c, 0x19,
    0x2b, 0x19, 0x4b, 0x19, 0x4b, 0x19, 0x4b, 0x19, 0x2b, 0x19, 0x6c, 0x19,
    0x6c, 0x19, 0x8d, 0x19, 0x8d, 0x21, 0x8d, 0x19, 0x8e, 0x21, 0x8e, 0x21,
    0x8e, 0x19, 0x8f, 0x21, 0x8f, 0x21, 0x8e, 0x21, 0xaf, 0x19, 0xaf, 0x19,
    0xf2, 0x21, 0x54, 0x2a, 0x34, 0x2a, 0x34, 0x2a, 0x54, 0x2a, 0x54, 0x2a,
    0x54, 0x2a, 0x54, 0x2a, 0x55, 0x2a, 0x54, 0x2a, 0x54, 0x2a, 0x55, 0x2a,
    0x54, 0x2a, 0x54, 0x2a, 0x75, 0x2a, 0x54, 0x2a, 0x55, 0x2a, 0x74, 0x2a,
    0x54, 0x2a, 0x54, 0x2a, 0x74, 0x2a, 0x55, 0x2a, 0x54, 0x2a, 0x54, 0x2a,
    0x54, 0x2a, 0x55, 0x2a, 0x54, 0x2a, 0x54, 0x2a, 0x54, 0x2a, 0x54, 0x2a,
    0x55, 0x2a, 0x13, 0x22, 0xaf, 0x19, 0xd1, 0x21, 0x8e, 0x19, 0x6e, 0x19,
    0x34, 0x22, 0x96, 0x2a, 0x96, 0x32, 0x96, 0x2a, 0x76, 0x2a, 0xb7, 0x32,
    0x34, 0x2a, 0x6d, 0x19, 0xd0, 0x21, 0xb0, 0x19, 0xd0, 0x21, 0xb0, 0x21,
    0xb0, 0x19, 0xb0, 0x19, 0xb0, 0x21, 0xd0, 0x21, 0xaf, 0x19, 0xb0, 0x19,
    0xb0, 0x21, 0xd0, 0x19, 0xaf, 0x19, 0xd0, 0x21, 0xaf, 0x19, 0xb0, 0x21,
    0xb0, 0x21, 0xaf, 0x19, 0xb0, 0x21, 0xb0, 0x19, 0xd0, 0x19, 0xaf, 0x19,
    0xd0, 0x21, 0xaf, 0x21, 0xb0, 0x19, 0xb0, 0x21, 0xaf, 0x21, 0xb0, 0x19,
    0xd0, 0x21, 0xaf, 0x19, 0xb0, 0x21, 0xd0, 0x21, 0xaf, 0x19, 0xb0, 0x21,
    0x8e, 0x19, 0xf2, 0x21, 0x96, 0x32, 0x55, 0x2a, 0x55, 0x2a, 0x54, 0x2a,
    0x55, 0x2a, 0x55, 0x32, 0x75, 0x2a, 0x55, 0x2a, 0x55, 0x2a, 0x55, 0x32,
    0x55, 0x2a, 0x55, 0x2a, 0x55, 0x2a, 0x54, 0x32, 0x54, 0x2a, 0x55, 0x2a,
    0x54, 0x32, 0x54, 0x2a, 0x55, 0x2a, 0x54, 0x2a, 0x54, 0x2a, 0x54, 0x2a,
    0x55, 0x2a, 0x75, 0x32, 0xf2, 0x21, 0xd1, 0x21, 0xf2, 0x21, 0x54, 0x2a,
    0x75, 0x2a, 0x54, 0x2a, 0x54, 0x2a, 0x54, 0x2a, 0x54, 0x2a, 0x54, 0x2a,
    0x55, 0x32, 0x74, 0x2a, 0x54, 0x2a, 0x54, 0x32, 0x54, 0x2a, 0x54, 0x2a,
    0x54, 0x32, 0x55, 0x2a, 0x55, 0x2a, 0x55, 0x32, 0x54, 0x2a, 0x55, 0x2a,
    0x54, 0x2a, 0x54, 0x32, 0x54, 0x2a, 0x54, 0x2a, 0x55, 0x2a, 0x54, 0x2a,
    0x54, 0x2a, 0x55, 0x2a, 0x54, 0x2a, 0x54, 0x2a, 0x55, 0x2a, 0xb0, 0x19,
    0xaf, 0x19, 0xd0, 0x21, 0x8e, 0x19, 0x8f, 0x19, 0xf3, 0x21, 0x54, 0x22,
    0x75, 0x2a, 0x76, 0x2a, 0x76, 0x2a, 0x96, 0x32, 0xb6, 0x32, 0x96, 0x2a,
    0x96, 0x32, 0x96, 0x32, 0x96, 0x2a, 0x96, 0x32, 0x96, 0x32, 0x96, 0x32,
    0x95, 0x32, 0xd7, 0x32, 0x54, 0x2a, 0x4c, 0x19, 0x8e, 0x19, 0xaf, 0x21,
    0xaf, 0x19, 0x8e, 0x21, 0x8e, 0x19, 0x8e, 0x19, 0x6d, 0x19, 0x4c, 0x19,
    0x6c, 0x19, 0x6c, 0x19, 0x6d, 0x19, 0x2b, 0x19, 0x8d, 0x19, 0x8d, 0x21,
    0x4b, 0x19, 0x2b, 0x19, 0x6c, 0x19, 0x6d, 0x19, 0x8d, 0x19, 0x8d, 0x21,
    0x8e, 0x19, 0x8e, 0x21, 0x8e, 0x19, 0xae, 0x19, 0xae, 0x19, 0xaf, 0x21,
    0xaf, 0x21, 0x8e, 0x19, 0x8e, 0x19, 0x6d, 0x19, 0x4c, 0x19, 0x6d, 0x19,
    0x6d, 0x19, 0x6e, 0x19, 0x8f, 0x19, 0x8f, 0x19, 0x8f, 0x19, 0x8f, 0x19,
    0x8f, 0x21, 0xaf, 0x19, 0xb0, 0x21, 0xaf, 0x21, 0xaf, 0x19, 0xb0, 0x21,
    0xaf, 0x21, 0xaf, 0x19, 0xb0, 0x21, 0xb0, 0x21, 0xaf, 0x19, 0xb0, 0x21,
    0xaf, 0x21, 0xaf, 0x19, 0xaf, 0x19, 0xaf, 0x21, 0x8f, 0x19, 0xaf, 0x19,
    0x8f, 0x19, 0x8f, 0x19, 0x8f, 0x19, 0x6d, 0x19, 0x8e, 0x19, 0xd1, 0x21,
    0xb0, 0x19, 0x4d, 0x19, 0x6e, 0x19, 0x75, 0x2a, 0x96, 0x32, 0x96, 0x32,
    0x96, 0x2a, 0x96, 0x32, 0xd8, 0x32, 0xf2, 0x21, 0x6d, 0x19, 0xd0, 0x21,
    0xd0, 0x19, 0xb0, 0x21, 0xd0, 0x21, 0xd0, 0x19, 0xb0, 0x21, 0xd0, 0x21,
    0xb0, 0x19, 0xd0, 0x21, 0xb0, 0x21, 0xb0, 0x21, 0xb0, 0x19, 0xb0, 0x21,
    0xb0, 0x21, 0xd0, 0x19, 0xb0, 0x21, 0xd0, 0x21, 0xb0, 0x19, 0xb0, 0x21,
    0xd0, 0x21, 0xb0, 0x21, 0xb0, 0x19, 0xb0, 0x21, 0xb0, 0x19, 0xd0, 0x19,
    0xb0, 0x21, 0xb0, 0x21, 0xd0, 0x19, 0xb0, 0x21, 0xb0, 0x21, 0xb0, 0x19,
    0xd0, 0x21, 0xb0, 0x21, 0xd0, 0x21, 0xd0, 0x21, 0xb0, 0x19, 0x6e, 0x19,
    0x8e, 0x19, 0x8e, 0x19, 0x8f, 0x19, 0x8f, 0x19, 0xaf, 0x19, 0xaf, 0x19,
    0xaf, 0x19, 0xaf, 0x19, 0xaf, 0x19, 0xaf, 0x19, 0xaf, 0x21, 0xaf, 0x19,
    0xaf, 0x19, 0xaf, 0x21, 0xaf, 0x19, 0x8f, 0x19, 0xaf, 0x19, 0xaf, 0x21,
    0x8f, 0x19, 0xaf, 0x19, 0xaf, 0x19, 0x8f, 0x19, 0x8e, 0x19, 0xd1, 0x19,
    0xf2, 0x21, 0xf2, 0x21, 0xb0, 0x19, 0x6e, 0x19, 0x8f, 0x19, 0x8f, 0x19,
    0x8f, 0x21, 0x8f, 0x19, 0x8f, 0x19, 0xaf, 0x19, 0x8f, 0x19, 0xaf, 0x19,
    0xaf, 0x21, 0xb0, 0x19, 0xaf, 0x19, 0xaf, 0x19, 0xaf, 0x19, 0xaf, 0x21,
    0xaf, 0x19, 0xaf, 0x19, 0xaf, 0x19, 0xaf, 0x19, 0xaf, 0x19, 0x8f, 0x19,
    0x8f, 0x19, 0x8f, 0x21, 0x8f, 0x19, 0x8e, 0x19, 0x8e, 0x19, 0x6e, 0x19,
    0x6e, 0x19, 0x6d, 0x19, 0x8f, 0x19, 0xb0, 0x21, 0x6e, 0x19, 0x6d, 0x19,
    0xf2, 0x21, 0x54, 0x2a, 0x76, 0x2a, 0x76, 0x2a, 0x96, 0x32, 0x96, 0x32,
    0xb6, 0x32, 0xb7, 0x2a, 0x96, 0x32, 0xb7, 0x2a, 0xb6, 0x32, 0x96, 0x2a,
    0xb6, 0x32, 0xb6, 0x32, 0xb6, 0x32, 0xd8, 0x32, 0x75, 0x2a, 0x4c, 0x19,
    0x8e, 0x21, 0xd0, 0x21, 0xaf, 0x19, 0xaf, 0x21, 0x8f, 0x19, 0x8e, 0x21,
    0x8d, 0x19, 0x4c, 0x19, 0x6d, 0x19, 0x8d, 0x19, 0x6d, 0x19, 0x6d, 0x19,
    0x4b, 0x19, 0xae, 0x21, 0xae, 0x21, 0x4b, 0x19, 0x4b, 0x19, 0x6c, 0x19,
    0x6d, 0x19, 0x6d, 0x21, 0x8d, 0x19, 0x8e, 0x21, 0xaf, 0x19, 0xae, 0x21,
    0xaf, 0x21, 0xaf, 0x19, 0xaf, 0x19, 0xaf, 0x21, 0xaf, 0x19, 0xb0, 0x19,
    0xd1, 0x21, 0xd1, 0x21, 0xf2, 0x21, 0x13, 0x22, 0x13, 0x22, 0x13, 0x22,
    0x14, 0x22, 0x34, 0x2a, 0x34, 0x2a, 0x34, 0x22, 0x35, 0x2a, 0x34, 0x22,
    0x35, 0x2a, 0x35, 0x22, 0x35, 0x2a, 0x34, 0x22, 0x35, 0x22, 0x35, 0x2a,
    0x34, 0x2a, 0x35, 0x22, 0x35, 0x2a, 0x34, 0x22, 0x34, 0x22, 0x35, 0x2a,
    0x34, 0x2a, 0x34, 0x22, 0x35, 0x2a, 0x34, 0x2a, 0x14, 0x22, 0x14, 0x22,
    0x14, 0x22, 0x13, 0x22, 0xf2, 0x21, 0xf2, 0x21, 0xaf, 0x19, 0xb0, 0x19,
    0x96, 0x2a, 0x97, 0x2a, 0x97, 0x2a, 0x96, 0x2a, 0xb7, 0x32, 0x97, 0x32,
    0x8f, 0x19, 0xd0, 0x21, 0xd0, 0x19, 0xd1, 0x21, 0xd0, 0x19, 0xd0, 0x21,
    0xd0, 0x21, 0xd0, 0x19, 0xd0, 0x21, 0xd0, 0x19, 0xd0, 0x21, 0xd1, 0x21,
    0xd0, 0x19, 0xd0, 0x21, 0xd0, 0x21, 0xd0, 0x19, 0xd0, 0x21, 0xd1, 0x21,
    0xd0, 0x21, 0xd0, 0x21, 0xd1, 0x21, 0xd0, 0x19, 0xd0, 0x21, 0xd0, 0x21,
    0xd0, 0x21, 0xd0, 0x21, 0xd1, 0x21, 0xd0, 0x21, 0xd1, 0x21, 0xd0, 0x21,
    0xd1, 0x21, 0xd0, 0x19, 0xd1, 0x21, 0xd0, 0x19, 0xd1, 0x21, 0xb0, 0x19,
    0xd1, 0x21, 0x13, 0x22, 0x13, 0x22, 0x14, 0x22, 0x14, 0x22, 0x14, 0x22,
    0x34, 0x2a, 0x34, 0x22, 0x34, 0x2a, 0x34, 0x2a, 0x34, 0x2a, 0x34, 0x22,
    0x34, 0x2a, 0x34, 0x2a, 0x35, 0x22, 0x34, 0x22, 0x35, 0x2a, 0x34, 0x22,
    0x35, 0x22, 0x34, 0x2a, 0x34, 0x2a, 0x35, 0x22, 0x34, 0x2a, 0x34, 0x2a,
    0x34, 0x22, 0x14, 0x22, 0x34, 0x22, 0x14, 0x22, 0x14, 0x22, 0x34, 0x2a,
    0x34, 0x2a, 0x35, 0x22, 0x34, 0x2a, 0x34, 0x2a, 0x35, 0x22, 0x34, 0x2a,
    0x34, 0x2a, 0x35, 0x22, 0x34, 0x2a, 0x35, 0x22, 0x34, 0x22, 0x35, 0x2a,
    0x35, 0x22, 0x34, 0x2a, 0x35, 0x22, 0x34, 0x2a, 0x35, 0x2a, 0x34, 0x2a,
    0x35, 0x2a, 0x34, 0x22, 0x34, 0x2a, 0x34, 0x2a, 0x34, 0x22, 0x34, 0x2a,
    0x14, 0x22, 0x14, 0x22, 0x14, 0x22, 0x13, 0x22, 0x13, 0x22, 0xf3, 0x21,
    0xf2, 0x21, 0xd0, 0x21, 0x8f, 0x19, 0x35, 0x22, 0x96, 0x2a, 0x76, 0x2a,
    0x97, 0x2a, 0xb7, 0x2a, 0xb7, 0x32, 0xb7, 0x2a, 0x97, 0x32, 0xb7, 0x32,
    0xb7, 0x32, 0xb7, 0x2a, 0xb7, 0x32, 0xb7, 0x32, 0xb7, 0x32, 0x18, 0x3b,
    0x75, 0x2a, 0x6d, 0x19, 0x8f, 0x19, 0xd0, 0x21, 0xaf, 0x19, 0xaf, 0x19,
    0x8f, 0x21, 0xae, 0x21, 0x8d, 0x19, 0x4d, 0x19, 0x6d, 0x19, 0x8d, 0x21,
    0x8d, 0x19, 0x8e, 0x21, 0x6d, 0x19, 0x6c, 0x19, 0xcf, 0x21, 0xcf, 0x21,
    0x4c, 0x19, 0x4b, 0x19, 0x6d, 0x19, 0x6d, 0x21, 0x8d, 0x19, 0x8e, 0x21,
    0x8e, 0x19, 0xaf, 0x21, 0xaf, 0x19, 0x8f, 0x21, 0xaf, 0x21, 0xaf, 0x21,
    0xaf, 0x19, 0xb0, 0x21, 0xf3, 0x21, 0x13, 0x22, 0x34, 0x22, 0x34, 0x22,
    0x35, 0x22, 0x35, 0x2a, 0x55, 0x2a, 0x55, 0x2a, 0x55, 0x2a, 0x55, 0x2a,
    0x55, 0x2a, 0x55, 0x2a, 0x55, 0x2a, 0x55, 0x2a, 0x55, 0x2a, 0x55, 0x2a,
    0x55, 0x2a, 0x55, 0x2a, 0x55, 0x22, 0x55, 0x2a, 0x55, 0x2a, 0x55, 0x2a,
    0x55, 0x2a, 0x55, 0x2a, 0x56, 0x2a, 0x55, 0x2a, 0x55, 0x2a, 0x55, 0x2a,
    0x35, 0x2a, 0x55, 0x2a, 0x35, 0x2a, 0x35, 0x22, 0x35, 0x22, 0x14, 0x22,
    0xf3, 0x21, 0xaf, 0x19, 0xf2, 0x21, 0x97, 0x32, 0xb7, 0x2a, 0xb7, 0x2a,
    0x97, 0x2a, 0xf9, 0x3a, 0x55, 0x2a, 0x6d, 0x19, 0xd1, 0x21, 0xd1, 0x21,
    0xd1, 0x19, 0xd0, 0x21, 0xd1, 0x21, 0xd1, 0x19, 0xd1, 0x21, 0xd1, 0x21,
    0xd1, 0x19, 0xd1, 0x21, 0xd1, 0x21, 0xd1, 0x19, 0xd1, 0x21, 0xd1, 0x21,
    0xd1, 0x19, 0xd1, 0x19, 0xd1, 0x21, 0xd1, 0x19, 0xd1, 0x19, 0xd0, 0x21,
    0xd1, 0x19, 0xd1, 0x19, 0xd1, 0x21, 0xd1, 0x19, 0xd1, 0x21, 0xd1, 0x19,
    0xd1, 0x19, 0xd0, 0x19, 0xd1, 0x21, 0xd1, 0x19, 0xd0, 0x21, 0xd1, 0x21,
    0xd1, 0x21, 0xd0, 0x21, 0xaf, 0x19, 0x35, 0x22, 0x55, 0x22, 0x35, 0x22,
    0x55, 0x2a, 0x55, 0x2a, 0x55, 0x2a, 0x55, 0x2a, 0x56, 0x2a, 0x55, 0x2a,
    0x56, 0x2a, 0x56, 0x2a, 0x56, 0x2a, 0x56, 0x2a, 0x56, 0x2a, 0x55, 0x2a,
    0x56, 0x2a, 0x55, 0x2a, 0x55, 0x2a, 0x56, 0x2a, 0x55, 0x2a, 0x55, 0x2a,
    0x55, 0x2a, 0x56, 0x2a, 0x55, 0x2a, 0x55, 0x2a, 0x35, 0x2a, 0x35, 0x2a,
    0x35, 0x2a, 0x55, 0x2a, 0x55, 0x2a, 0x35, 0x2a, 0x55, 0x2a, 0x55, 0x2a,
    0x55, 0x2a, 0x55, 0x2a, 0x55, 0x2a, 0x56, 0x2a, 0x55, 0x2a, 0x55, 0x2a,
    0x55, 0x2a, 0x55, 0x2a, 0x55, 0x2a, 0x55, 0x2a, 0x56, 0x2a, 0x55, 0x2a,
    0x55, 0x2a, 0x56, 0x2a, 0x55, 0x2a, 0x55, 0x2a, 0x56, 0x2a, 0x56, 0x2a,
    0x55, 0x2a, 0x55, 0x22, 0x55, 0x2a, 0x35, 0x2a, 0x55, 0x2a, 0x35, 0x2a,
    0x35, 0x22, 0x35, 0x22, 0x14, 0x22, 0x13, 0x22, 0xd1, 0x21, 0xd1, 0x19,
    0x76, 0x2a, 0x97, 0x2a, 0x97, 0x2a, 0x97, 0x2a, 0xb7, 0x32, 0xb7, 0x32,
    0xb8, 0x2a, 0xb7, 0x32, 0xb7, 0x32, 0xb7, 0x2a, 0xb7, 0x32, 0xb7, 0x32,
    0xb7, 0x32, 0x3a, 0x3b, 0x96, 0x2a, 0x4c, 0x19, 0xaf, 0x19, 0xd1, 0x21,
    0xb0, 0x21, 0xb0, 0x19, 0xaf, 0x19, 0xaf, 0x21, 0x8d, 0x19, 0x4d, 0x19,
    0x8d, 0x19, 0x8e, 0x19, 0x8e, 0x19, 0x8e, 0x21, 0x8e, 0x19, 0x6d, 0x19,
    0x8d, 0x19, 0xf0, 0x29, 0xf0, 0x29, 0x4c, 0x19, 0x4b, 0x19, 0x6d, 0x19,
    0x6d, 0x19, 0x8d, 0x19, 0x8e, 0x21, 0x8e, 0x19, 0xae, 0x21, 0xaf, 0x21,
    0xaf, 0x19, 0xb0, 0x21, 0xb0, 0x21, 0xaf, 0x19, 0xf2, 0x21, 0x34, 0x22,
    0x35, 0x2a, 0x55, 0x2a, 0x55, 0x2a, 0x55, 0x2a, 0x76, 0x2a, 0x76, 0x2a,
    0x76, 0x2a, 0x76, 0x2a, 0x96, 0x2a, 0x97, 0x2a, 0x97, 0x2a, 0x97, 0x2a,
    0x97, 0x2a, 0x97, 0x2a, 0x97, 0x2a, 0x97, 0x2a, 0x97, 0x2a, 0x97, 0x2a,
    0x97, 0x2a, 0x97, 0x2a, 0x96, 0x2a, 0x77, 0x2a, 0x97, 0x2a, 0x76, 0x2a,
    0x76, 0x2a, 0x77, 0x2a, 0x76, 0x2a, 0x76, 0x2a, 0x76, 0x2a, 0x76, 0x2a,
    0x56, 0x2a, 0x55, 0x2a, 0x55, 0x22, 0x35, 0x22, 0xd1, 0x21, 0x14, 0x22,
    0xb8, 0x32, 0xb7, 0x32, 0xb7, 0x2a, 0xb8, 0x32, 0xf9, 0x3a, 0xf2, 0x21,
    0xaf, 0x19, 0xf1, 0x21, 0xd1, 0x21, 0xd1, 0x19, 0xd1, 0x21, 0xd1, 0x19,
    0xd1, 0x21, 0xd1, 0x21, 0xd1, 0x19, 0xd1, 0x21, 0xd1, 0x21, 0xd1, 0x19,
    0xd1, 0x21, 0xd1, 0x21, 0xd0, 0x19, 0xd1, 0x21, 0xd1, 0x21, 0xd1, 0x21,
    0xd1, 0x19, 0xd1, 0x21, 0xd1, 0x21, 0xd1, 0x21, 0xd1, 0x21, 0xd0, 0x19,
    0xd1, 0x21, 0xd1, 0x21, 0xd1, 0x21, 0xd1, 0x21, 0xd1, 0x21, 0xd1, 0x19,
    0xd1, 0x21, 0xd1, 0x21, 0xd1, 0x21, 0xf1, 0x19, 0x8f, 0x19, 0xf3, 0x21,
    0x97, 0x2a, 0x76, 0x2a, 0x76, 0x2a, 0x76, 0x2a, 0x97, 0x2a, 0x77, 0x2a,
    0x77, 0x2a, 0x96, 0x2a, 0x77, 0x2a, 0x76, 0x2a, 0x97, 0x2a, 0x97, 0x2a,
    0x76, 0x2a, 0x97, 0x2a, 0x97, 0x2a, 0x96, 0x2a, 0x97, 0x2a, 0x97, 0x2a,
    0x96, 0x2a, 0x97, 0x2a, 0x77, 0x2a, 0x96, 0x2a, 0x76, 0x2a, 0x76, 0x2a,
    0x76, 0x2a, 0x76, 0x2a, 0x76, 0x2a, 0x76, 0x2a, 0x76, 0x2a, 0x76, 0x2a,
    0x76, 0x2a, 0x77, 0x2a, 0x77, 0x2a, 0x96, 0x2a, 0x77, 0x2a, 0x97, 0x2a,
    0x97, 0x2a, 0x96, 0x2a, 0x77, 0x2a, 0x97, 0x2a, 0x97, 0x2a, 0x77, 0x2a,
    0x97, 0x2a, 0x97, 0x2a, 0x97, 0x2a, 0x97, 0x2a, 0x96, 0x2a, 0x97, 0x2a,
    0x97, 0x2a, 0x96, 0x2a, 0x76, 0x2a, 0x77, 0x2a, 0x97, 0x2a, 0x76, 0x2a,
    0x76, 0x2a, 0x76, 0x2a, 0x76, 0x2a, 0x56, 0x2a, 0x55, 0x2a, 0x55, 0x2a,
    0x35, 0x22, 0xf3, 0x21, 0x14, 0x22, 0x97, 0x2a, 0xb7, 0x32, 0x97, 0x2a,
    0xb7, 0x32, 0xb7, 0x32, 0xb8, 0x32, 0xd8, 0x32, 0xd7, 0x2a, 0xb8, 0x32,
    0xd8, 0x32, 0xb8, 0x32, 0xb8, 0x32, 0x3a, 0x3b, 0x97, 0x32, 0x6d, 0x19,
    0xaf, 0x19, 0xd1, 0x21, 0xd0, 0x21, 0xd0, 0x21, 0xb0, 0x19, 0xaf, 0x21,
    0x8e, 0x19, 0x4d, 0x19, 0x8e, 0x19, 0x8e, 0x19, 0x8f, 0x21, 0xaf, 0x19,
    0x8f, 0x19, 0xaf, 0x21, 0x8e, 0x19, 0xae, 0x21, 0xf1, 0x29, 0xf0, 0x29,
    0x4c, 0x19, 0x4b, 0x19, 0x6d, 0x19, 0x8d, 0x19, 0x8e, 0x21, 0x8e, 0x19,
    0x8f, 0x19, 0xaf, 0x21, 0xaf, 0x21, 0xb0, 0x19, 0xaf, 0x21, 0xb0, 0x21,
    0xaf, 0x19, 0x34, 0x22, 0x55, 0x2a, 0x75, 0x2a, 0x76, 0x2a, 0x76, 0x2a,
    0x76, 0x2a, 0x76, 0x2a, 0x76, 0x2a, 0x77, 0x2a, 0x97, 0x2a, 0x77, 0x2a,
    0x77, 0x2a, 0x97, 0x2a, 0x97, 0x2a, 0x97, 0x2a, 0x97, 0x2a, 0x97, 0x2a,
    0x77, 0x2a, 0x97, 0x2a, 0x97, 0x2a, 0x97, 0x2a, 0x77, 0x2a, 0x77, 0x2a,
    0x97, 0x2a, 0x77, 0x2a, 0x97, 0x2a, 0x77, 0x2a, 0x77, 0x2a, 0x77, 0x2a,
    0x77, 0x2a, 0x77, 0x2a, 0x76, 0x22, 0x76, 0x2a, 0x56, 0x2a, 0x35, 0x22,
    0x56, 0x2a, 0xf3, 0x21, 0x55, 0x22, 0xb8, 0x2a, 0xb8, 0x32, 0x98, 0x2a,
    0xf9, 0x32, 0x97, 0x2a, 0x8e, 0x19, 0xd1, 0x21, 0xd1, 0x21, 0xd1, 0x21,
    0xd1, 0x21, 0xd1, 0x21, 0xd1, 0x21, 0xd1, 0x21, 0xd1, 0x21, 0xd1, 0x21,
    0xd1, 0x21, 0xd1, 0x21, 0xd1, 0x21, 0xd1, 0x21, 0xd1, 0x21, 0xd1, 0x21,
    0xd1, 0x21, 0xd1, 0x21, 0xd1, 0x21, 0xf1, 0x21, 0xd1, 0x21, 0xd1, 0x21,
    0xd1, 0x21, 0xd1, 0x21, 0xd1, 0x21, 0xd1, 0x21, 0xd1, 0x21, 0xd1, 0x21,
    0xf1, 0x21, 0xf2, 0x21, 0xd1, 0x21, 0xd1, 0x21, 0xd1, 0x21, 0xf2, 0x19,
    0xd1, 0x21, 0x8f, 0x19, 0x76, 0x2a, 0x97, 0x2a, 0x77, 0x2a, 0x77, 0x2a,
    0x77, 0x2a, 0x97, 0x2a, 0x97, 0x2a, 0x97, 0x2a, 0x97, 0x2a, 0x97, 0x2a,
    0x97, 0x2a, 0x97, 0x2a, 0x97, 0x2a, 0x97, 0x2a, 0x97, 0x2a, 0x97, 0x2a,
    0x97, 0x2a, 0x97, 0x2a, 0x97, 0x2a, 0x97, 0x2a, 0x77, 0x2a, 0x77, 0x2a,
    0x97, 0x2a, 0x77, 0x2a, 0x77, 0x2a, 0x77, 0x2a, 0x77, 0x2a, 0x77, 0x2a,
    0x97, 0x2a, 0x97, 0x2a, 0x97, 0x2a, 0x97, 0x2a, 0x77, 0x2a, 0x97, 0x2a,
    0x77, 0x2a, 0x77, 0x2a, 0x97, 0x2a, 0x97, 0x2a, 0x97, 0x2a, 0x97, 0x2a,
    0x97, 0x2a, 0x97, 0x2a, 0x97, 0x2a, 0x97, 0x2a, 0x97, 0x2a, 0x97, 0x2a,
    0x97, 0x2a, 0x97, 0x2a, 0x97, 0x2a, 0x97, 0x2a, 0x97, 0x2a, 0x77, 0x2a,
    0x97, 0x2a, 0x77, 0x2a, 0x77, 0x2a, 0x77, 0x2a, 0x76, 0x2a, 0x77, 0x2a,
    0x76, 0x2a, 0x56, 0x22, 0x56, 0x2a, 0x76, 0x2a, 0x35, 0x22, 0x35, 0x22,
    0x97, 0x2a, 0xb7, 0x32, 0xb8, 0x32, 0xb8, 0x2a, 0xb8, 0x32, 0xb8, 0x32,
    0xd8, 0x2a, 0xb8, 0x32, 0xd8, 0x32, 0xd8, 0x32, 0xd8, 0x32, 0x5b, 0x3b,
    0xb7, 0x32, 0x6d, 0x19, 0xb0, 0x19, 0xf2, 0x21, 0xd1, 0x21, 0xb0, 0x19,
    0xb0, 0x19, 0xb0, 0x21, 0x8e, 0x19, 0x6d, 0x19, 0x8e, 0x19, 0x8f, 0x19,
    0xaf, 0x21, 0xaf, 0x19, 0xaf, 0x21, 0xb0, 0x21, 0xb0, 0x21, 0x8e, 0x19,
    0xd0, 0x21, 0x11, 0x2a, 0x11, 0x2a, 0x6c, 0x19, 0x4b, 0x19, 0x6d, 0x19,
    0x8d, 0x19, 0x8e, 0x21, 0x8e, 0x19, 0x8f, 0x19, 0xaf, 0x21, 0xaf, 0x19,
    0xd0, 0x21, 0xb0, 0x19, 0xaf, 0x19, 0xd0, 0x21, 0x55, 0x2a, 0x56, 0x2a,
    0x76, 0x2a, 0x76, 0x2a, 0xd8, 0x32, 0xd8, 0x32, 0xf8, 0x32, 0xf8, 0x32,
    0xf9, 0x32, 0xf9, 0x3a, 0xf9, 0x32, 0xf9, 0x32, 0xf9, 0x3a, 0xf9, 0x32,
    0xf9, 0x32, 0xf9, 0x3a, 0xf9, 0x32, 0xf9, 0x3a, 0xf9, 0x3a, 0xf9, 0x32,
    0xf9, 0x3a, 0xf9, 0x32, 0xf9, 0x32, 0xf9, 0x3a, 0xf9, 0x32, 0xf9, 0x32,
    0xf9, 0x32, 0xf9, 0x32, 0xf9, 0x32, 0xf9, 0x32, 0xd9, 0x32, 0xf9, 0x32,
    0xd9, 0x32, 0xf9, 0x3a, 0xb8, 0x32, 0x56, 0x22, 0x15, 0x22, 0x76, 0x2a,
    0xd9, 0x32, 0xb8, 0x2a, 0xb8, 0x2a, 0x1a, 0x3b, 0x35, 0x22, 0x8e, 0x19,
    0xf2, 0x21, 0xd2, 0x19, 0xf2, 0x21, 0xd2, 0x21, 0xf2, 0x21, 0xf1, 0x19,
    0xd2, 0x21, 0xf2, 0x21, 0xf1, 0x21, 0xd2, 0x19, 0xf2, 0x19, 0xf1, 0x21,
    0xf2, 0x21, 0xf2, 0x19, 0xf2, 0x21, 0xf2, 0x21, 0xf2, 0x19, 0xf2, 0x21,
    0xd2, 0x21, 0xf2, 0x19, 0xf2, 0x21, 0xf2, 0x21, 0xf2, 0x19, 0xf2, 0x21,
    0xf2, 0x21, 0xf2, 0x19, 0xf2, 0x21, 0xf2, 0x19, 0xf2, 0x21, 0xf2, 0x21,
    0xf2, 0x21, 0xf2, 0x19, 0xf2, 0x21, 0x8e, 0x19, 0x97, 0x2a, 0x3b, 0x3b,
    0xf9, 0x32, 0xf9, 0x32, 0xf9, 0x3a, 0xf9, 0x32, 0xf9, 0x32, 0xf9, 0x3a,
    0xf9, 0x32, 0xf9, 0x3a, 0xf9, 0x32, 0xf9, 0x3a, 0xf9, 0x32, 0xf9, 0x3a,
    0xf9, 0x3a, 0xf9, 0x32, 0xf9, 0x3a, 0xf9, 0x3a, 0xf9, 0x32, 0xf9, 0x3a,
    0xf9, 0x3a, 0xf9, 0x32, 0xf9, 0x32, 0xf9, 0x3a, 0xf9, 0x32, 0xf9, 0x32,
    0xf9, 0x32, 0xf9, 0x3a, 0xf9, 0x32, 0x98, 0x2a, 0x98, 0x2a, 0x98, 0x2a,
    0xd9, 0x32, 0x19, 0x3b, 0xf9, 0x32, 0xf9, 0x32, 0xf9, 0x32, 0xf9, 0x3a,
    0xf9, 0x32, 0xf9, 0x32, 0xf9, 0x3a, 0xf9, 0x3a, 0xf9, 0x3a, 0xf9, 0x3a,
    0xf9, 0x32, 0xf9, 0x3a, 0xf9, 0x3a, 0xf9, 0x32, 0xfa, 0x3a, 0xf9, 0x32,
    0xf9, 0x32, 0xf9, 0x3a, 0xf9, 0x32, 0xf9, 0x32, 0xf9, 0x3a, 0xf9, 0x32,
    0xf9, 0x32, 0xf9, 0x32, 0xf9, 0x32, 0xd9, 0x32, 0xf9, 0x3a, 0xb7, 0x2a,
    0x56, 0x2a, 0x36, 0x22, 0x56, 0x2a, 0xb8, 0x2a, 0xb8, 0x32, 0xd8, 0x32,
    0xd8, 0x2a, 0xd9, 0x2a, 0xd8, 0x32, 0xd8, 0x2a, 0xd9, 0x32, 0xd9, 0x32,
    0xd8, 0x32, 0x5b, 0x3b, 0xb7, 0x32, 0x6d, 0x19, 0xb0, 0x19, 0xf2, 0x21,
    0xd1, 0x21, 0xd1, 0x21, 0xb0, 0x19, 0xd0, 0x21, 0x8e, 0x19, 0x6e, 0x19,
    0x8f, 0x19, 0x8f, 0x21, 0xb0, 0x19, 0xb0, 0x21, 0xb0, 0x19, 0xd0, 0x21,
    0xd1, 0x21, 0xd0, 0x21, 0x8f, 0x19, 0x12, 0x2a, 0x11, 0x2a, 0x11, 0x2a,
    0x6c, 0x19, 0x4b, 0x19, 0x6d, 0x19, 0x6d, 0x19, 0x8d, 0x21, 0x8e, 0x21,
    0x8e, 0x19, 0xaf, 0x19, 0xaf, 0x21, 0xb0, 0x21, 0xd0, 0x21, 0xaf, 0x19,
    0xf2, 0x21, 0x76, 0x2a, 0x76, 0x2a, 0x96, 0x2a, 0x76, 0x2a, 0xf9, 0x3a,
    0x5a, 0x43, 0x3a, 0x3b, 0x3a, 0x3b, 0x3a, 0x43, 0x3a, 0x43, 0x3a, 0x3b,
    0x3a, 0x3b, 0x3b, 0x43, 0x3a, 0x3b, 0x3b, 0x3b, 0x3b, 0x43, 0x3b, 0x3b,
    0x3b, 0x3b, 0x3b, 0x3b, 0x3a, 0x3b, 0x3b, 0x43, 0x5b, 0x3b, 0x5b, 0x43,
    0x3b, 0x43, 0x5b, 0x3b, 0x3b, 0x43, 0x5b, 0x3b, 0x5b, 0x43, 0x3a, 0x3b,
    0x3a, 0x3b, 0x3a, 0x43, 0x3a, 0x3b, 0x3a, 0x3b, 0x5b, 0x43, 0x1a, 0x3b,
    0x77, 0x2a, 0x36, 0x22, 0x77, 0x2a, 0xd9, 0x32, 0xb8, 0x2a, 0xf9, 0x32,
    0xf9, 0x32, 0xb0, 0x21, 0xd1, 0x21, 0xf2, 0x21, 0xf2, 0x21, 0xd2, 0x19,
    0xf2, 0x21, 0xd2, 0x19, 0xf2, 0x21, 0xd2, 0x21, 0xf2, 0x19, 0xd2, 0x21,
    0xd2, 0x21, 0xf2, 0x21, 0xd2, 0x21, 0xd2, 0x19, 0xd2, 0x21, 0xf1, 0x21,
    0xd2, 0x21, 0xd2, 0x21, 0xf1, 0x19, 0xd1, 0x21, 0xd2, 0x21, 0xf2, 0x19,
    0xd2, 0x21, 0xd2, 0x21, 0xd2, 0x19, 0xf2, 0x21, 0xd1, 0x21, 0xd2, 0x21,
    0xd1, 0x19, 0xf2, 0x21, 0xf2, 0x21, 0xf2, 0x21, 0xf2, 0x21, 0xb0, 0x19,
    0xb0, 0x19, 0x5b, 0x43, 0x5b, 0x43, 0x3a, 0x3b, 0x5b, 0x3b, 0x3b, 0x43,
    0x5a, 0x43, 0x3b, 0x3b, 0x3b, 0x3b, 0x3b, 0x3b, 0x5b, 0x3b, 0x5b, 0x43,
    0x3b, 0x3b, 0x5b, 0x3b, 0x5b, 0x3b, 0x5b, 0x3b, 0x3b, 0x3b, 0x3b, 0x3b,
    0x3b, 0x3b, 0x3b, 0x3b, 0x3b, 0x43, 0x5b, 0x3b, 0x3b, 0x3b, 0x5b, 0x43,
    0x5b, 0x3b, 0x3b, 0x3b, 0x5b, 0x43, 0x5b, 0x3b, 0x5b, 0x43, 0x3b, 0x43,
    0xb8, 0x32, 0xb8, 0x2a, 0xb8, 0x2a, 0xf9, 0x32, 0x5b, 0x43, 0x3b, 0x3b,
    0x5b, 0x43, 0x3b, 0x3b, 0x3b, 0x3b, 0x5b, 0x43, 0x3b, 0x3b, 0x3b, 0x3b,
    0x5b, 0x3b, 0x5b, 0x3b, 0x3b, 0x3b, 0x5b, 0x3b, 0x5b, 0x3b, 0x3b, 0x3b,
    0x3b, 0x3b, 0x5b, 0x43, 0x3b, 0x3b, 0x3b, 0x3b, 0x3b, 0x43, 0x5b, 0x3b,
    0x3b, 0x43, 0x5b, 0x3b, 0x5b, 0x3b, 0x3a, 0x43, 0x3a, 0x3b, 0x3a, 0x3b,
    0x3a, 0x43, 0x5b, 0x43, 0xf9, 0x3a, 0x77, 0x2a, 0x56, 0x2a, 0x77, 0x2a,
    0xb8, 0x2a, 0xd8, 0x32, 0xd9, 0x32, 0xb8, 0x2a, 0xd9, 0x32, 0xd9, 0x32,
    0xd9, 0x32, 0xd9, 0x32, 0xd9, 0x32, 0x5b, 0x3b, 0xb8, 0x2a, 0x6d, 0x19,
    0xd1, 0x19, 0xf2, 0x21, 0xd1, 0x19, 0xd1, 0x21, 0xd1, 0x21, 0xd0, 0x21,
    0x8e, 0x19, 0x6e, 0x19, 0xaf, 0x19, 0xb0, 0x21, 0xd0, 0x21, 0xd0, 0x19,
    0xd1, 0x21, 0xd1, 0x21, 0xf2, 0x21, 0xf1, 0x21, 0xf1, 0x21, 0xb0, 0x19,
    0x32, 0x2a, 0x11, 0x2a, 0x11, 0x2a, 0x4c, 0x19, 0x4c, 0x19, 0x8d, 0x19,
    0x8e, 0x19, 0x8e, 0x19, 0x8e, 0x19, 0x8f, 0x21, 0xaf, 0x21, 0xaf, 0x19,
    0xb0, 0x21, 0xd1, 0x21, 0x8f, 0x19, 0x13, 0x22, 0x96, 0x2a, 0x76, 0x2a,
    0x97, 0x2a, 0x77, 0x2a, 0xb8, 0x32, 0x3a, 0x3b, 0x1a, 0x3b, 0x1a, 0x3b,
    0x1a, 0x3b, 0x1a, 0x3b, 0x3a, 0x3b, 0x1b, 0x3b, 0x3a, 0x3b, 0x3b, 0x3b,
    0x1a, 0x3b, 0x3a, 0x3b, 0x3a, 0x3b, 0x3a, 0x3b, 0x3a, 0x3b, 0x3b, 0x3b,
    0x1b, 0x3b, 0x1a, 0x3b, 0x3a, 0x3b, 0x1a, 0x3b, 0x1a, 0x3b, 0x3a, 0x3b,
    0x1a, 0x3b, 0x3a, 0x3b, 0x1a, 0x3b, 0x3b, 0x3b, 0x3a, 0x3b, 0x1a, 0x3b,
    0x1a, 0x3b, 0x3a, 0x3b, 0x3a, 0x3b, 0x98, 0x2a, 0x56, 0x22, 0x77, 0x2a,
    0xd9, 0x32, 0xb8, 0x2a, 0x1b, 0x3b, 0x77, 0x2a, 0x8e, 0x19, 0xf2, 0x21,
    0xf2, 0x21, 0xf2, 0x21, 0xf2, 0x21, 0xf2, 0x21, 0xf2, 0x21, 0xf2, 0x21,
    0xf2, 0x21, 0xf2, 0x21, 0xf2, 0x21, 0xf2, 0x21, 0xf2, 0x21, 0xf2, 0x21,
    0xf2, 0x21, 0xf2, 0x21, 0xf2, 0x19, 0xf2, 0x21, 0xf2, 0x21, 0xf2, 0x21,
    0xf2, 0x21, 0xf2, 0x21, 0xf2, 0x21, 0xf2, 0x21, 0xf2, 0x21, 0xf2, 0x21,
    0xf2, 0x21, 0xf2, 0x21, 0xf2, 0x21, 0xf2, 0x21, 0xf2, 0x21, 0xf2, 0x21,
    0xf2, 0x21, 0xf3, 0x21, 0x8e, 0x19, 0x76, 0x2a, 0x3b, 0x3b, 0x1a, 0x3b,
    0x3a, 0x3b, 0x1a, 0x3b, 0x3a, 0x3b, 0x3a, 0x3b, 0x1b, 0x3b, 0x3a, 0x3b,
    0x3a, 0x3b, 0x1b, 0x3b, 0x3a, 0x3b, 0x1a, 0x3b, 0x3b, 0x3b, 0x1a, 0x3b,
    0x3b, 0x3b, 0x3a, 0x3b, 0x3a, 0x3b, 0x3b, 0x3b, 0x1a, 0x3b, 0x3a, 0x3b,
    0x1b, 0x3b, 0x1a, 0x3b, 0x3b, 0x3b, 0x1a, 0x3b, 0x1a, 0x3b, 0x3a, 0x3b,
    0x1a, 0x3b, 0x1a, 0x3b, 0x5b, 0x3b, 0xf9, 0x32, 0xb8, 0x32, 0xb9, 0x32,
    0xd9, 0x32, 0x1b, 0x3b, 0x3b, 0x3b, 0x3a, 0x3b, 0x1a, 0x3b, 0x3a, 0x3b,
    0x3a, 0x3b, 0x1b, 0x3b, 0x1a, 0x3b, 0x3a, 0x3b, 0x3b, 0x3b, 0x1b, 0x3b,
    0x3b, 0x3b, 0x1a, 0x3b, 0x3a, 0x3b, 0x3b, 0x3b, 0x1a, 0x3b, 0x1a, 0x3b,
    0x3a, 0x3b, 0x3a, 0x3b, 0x1b, 0x3b, 0x1a, 0x3b, 0x3a, 0x3b, 0x1a, 0x3b,
    0x1a, 0x3b, 0x3a, 0x3b, 0x3a, 0x3b, 0x1a, 0x3b, 0x3b, 0x3b, 0x1a, 0x3b,
    0x97, 0x2a, 0x77, 0x2a, 0x97, 0x2a, 0xb9, 0x2a, 0xb9, 0x32, 0xd9, 0x32,
    0xd9, 0x2a, 0xd9, 0x32, 0xd9, 0x32, 0xd9, 0x32, 0xf9, 0x32, 0x5c, 0x3b,
    0xb8, 0x32, 0x6e, 0x19, 0xd2, 0x21, 0xf3, 0x21, 0xf2, 0x21, 0xd2, 0x19,
    0xd1, 0x19, 0xd1, 0x21, 0x8f, 0x19, 0x8e, 0x19, 0xaf, 0x19, 0xb0, 0x19,
    0xd0, 0x21, 0xd1, 0x21, 0xd1, 0x19, 0xf2, 0x21, 0x12, 0x22, 0xf3, 0x21,
    0xf2, 0x21, 0xd1, 0x21, 0xd1, 0x21, 0x32, 0x2a, 0x11, 0x2a, 0x11, 0x2a,
    0x6c, 0x19, 0x4c, 0x19, 0x6d, 0x19, 0x8e, 0x21, 0x8e, 0x19, 0xae, 0x19,
    0x8f, 0x21, 0xb0, 0x19, 0xaf, 0x19, 0xb0, 0x21, 0xd0, 0x19, 0x8f, 0x19,
    0x34, 0x22, 0xb7, 0x2a, 0x97, 0x2a, 0x97, 0x2a, 0x97, 0x2a, 0xb8, 0x32,
    0x3a, 0x3b, 0x3a, 0x3b, 0x1a, 0x3b, 0x1b, 0x3b, 0x3b, 0x3b, 0x3b, 0x3b,
    0x3b, 0x3b, 0x3b, 0x3b, 0x3b, 0x3b, 0x3b, 0x3b, 0x3b, 0x3b, 0x3b, 0x3b,
    0x3b, 0x3b, 0x3b, 0x3b, 0x3b, 0x3b, 0x3b, 0x3b, 0x3b, 0x3b, 0x3b, 0x3b,
    0x3b, 0x3b, 0x3b, 0x3b, 0x3b, 0x3b, 0x3b, 0x3b, 0x3b, 0x3b, 0x3b, 0x3b,
    0x3b, 0x3b, 0x3b, 0x3b, 0x3a, 0x3b, 0x1b, 0x3b, 0x1a, 0x3b, 0x5b, 0x3b,
    0xd9, 0x32, 0x56, 0x22, 0x97, 0x2a, 0xb9, 0x2a, 0xd9, 0x32, 0x1b, 0x33,
    0xf3, 0x21, 0xb0, 0x19, 0xf2, 0x21, 0xf3, 0x21, 0xf2, 0x21, 0xf2, 0x21,
    0xf2, 0x21, 0xf2, 0x21, 0xf2, 0x21, 0xf2, 0x21, 0xf2, 0x21, 0xf2, 0x21,
    0xf2, 0x21, 0xf2, 0x21, 0xf2, 0x21, 0xf2, 0x21, 0xf2, 0x21, 0xf3, 0x21,
    0xf2, 0x21, 0xf2, 0x21, 0xf3, 0x21, 0x13, 0x22, 0xf2, 0x21, 0xf2, 0x21,
    0xf2, 0x21, 0xf2, 0x21, 0xf2, 0x21, 0xf2, 0x21, 0xf3, 0x21, 0xf2, 0x21,
    0xf3, 0x21, 0xf2, 0x21, 0xf2, 0x21, 0xf3, 0x21, 0xd1, 0x19, 0xf3, 0x21,
    0xd9, 0x2a, 0xfa, 0x32, 0x5b, 0x43, 0x3b, 0x3b, 0x3b, 0x3b, 0x3b, 0x3b,
    0x3b, 0x3b, 0x3b, 0x3b, 0x3b, 0x3b, 0x3b, 0x3b, 0x3b, 0x3b, 0x3b, 0x3b,
    0x3b, 0x3b, 0x3b, 0x3b, 0x3b, 0x3b, 0x3b, 0x3b, 0x3b, 0x3b, 0x3b, 0x3b,
    0x3b, 0x3b, 0x3b, 0x3b, 0x3b, 0x3b, 0x3b, 0x3b, 0x3b, 0x3b, 0x3b, 0x3b,
    0x3b, 0x3b, 0x3b, 0x3b, 0x3b, 0x3b, 0x3b, 0x3b, 0x3b, 0x3b, 0x3b, 0x3b,
    0x1a, 0x3b, 0xb9, 0x2a, 0xd9, 0x32, 0xd9, 0x32, 0x1a, 0x3b, 0x3b, 0x3b,
    0x3b, 0x3b, 0x3b, 0x3b, 0x3b, 0x3b, 0x3b, 0x3b, 0x3b, 0x3b, 0x3b, 0x3b,
    0x3b, 0x3b, 0x3b, 0x3b, 0x3b, 0x3b, 0x3b, 0x3b, 0x3b, 0x3b, 0x3b, 0x3b,
    0x3b, 0x3b, 0x3b, 0x3b, 0x3b, 0x3b, 0x3b, 0x3b, 0x3b, 0x3b, 0x3b, 0x3b,
    0x3b, 0x3b, 0x3b, 0x3b, 0x3b, 0x3b, 0x3b, 0x3b, 0x3b, 0x3b, 0x3b, 0x3b,
    0x3b, 0x3b, 0x3a, 0x3b, 0x3b, 0x3b, 0xb9, 0x2a, 0x77, 0x22, 0x98, 0x2a,
    0xd9, 0x32, 0xd9, 0x2a, 0xd9, 0x32, 0xd9, 0x32, 0xd9, 0x2a, 0xf9, 0x32,
    0xfa, 0x32, 0x5c, 0x3b, 0xb8, 0x2a, 0x8e, 0x19, 0xf2, 0x21, 0x13, 0x22,
    0xf2, 0x19, 0xf2, 0x21, 0xf2, 0x21, 0xd1, 0x21, 0x8f, 0x19, 0x8e, 0x19,
    0xb0, 0x19, 0xb1, 0x21, 0xd1, 0x19, 0xd1, 0x21, 0xd2, 0x21, 0xf3, 0x21,
    0x14, 0x22, 0x13, 0x22, 0x13, 0x22, 0x13, 0x22, 0xf1, 0x21, 0xf1, 0x21,
    0x53, 0x2a, 0x11, 0x2a, 0x11, 0x2a, 0x6c, 0x19, 0x4c, 0x19, 0x6d, 0x19,
    0x8e, 0x21, 0x8e, 0x19, 0xaf, 0x21, 0xaf, 0x21, 0xaf, 0x19, 0xb0, 0x21,
    0xd0, 0x21, 0xd1, 0x21, 0x8f, 0x19, 0x55, 0x2a, 0xb7, 0x32, 0x97, 0x2a,
    0x98, 0x2a, 0xb8, 0x32, 0xb8, 0x32, 0x1a, 0x3b, 0x3b, 0x3b, 0x3a, 0x3b,
    0x3b, 0x3b, 0x3b, 0x3b, 0x3b, 0x3b, 0x3b, 0x3b, 0x3b, 0x3b, 0x3b, 0x3b,
    0x3b, 0x3b, 0x3c, 0x3b, 0x3b, 0x3b, 0x3b, 0x3b, 0x3b, 0x3b, 0x3b, 0x3b,
    0x3b, 0x3b, 0x3b, 0x3b, 0x3b, 0x3b, 0x3b, 0x3b, 0x3b, 0x3b, 0x3b, 0x3b,
    0x3b, 0x3b, 0x3b, 0x3b, 0x3b, 0x3b, 0x3b, 0x3b, 0x3b, 0x3b, 0x3b, 0x3b,
    0x3b, 0x3b, 0x1b, 0x3b, 0x5b, 0x3b, 0x1a, 0x3b, 0x77, 0x2a, 0x98, 0x2a,
    0xd9, 0x2a, 0x1b, 0x33, 0xd9, 0x32, 0xaf, 0x19, 0x13, 0x22, 0x13, 0x22,
    0xf3, 0x21, 0xf3, 0x19, 0xf3, 0x21, 0xf3, 0x21, 0xf3, 0x19, 0xf3, 0x21,
    0xf3, 0x21, 0xf3, 0x19, 0xf3, 0x21, 0xf3, 0x21, 0x13, 0x1a, 0xf3, 0x21,
    0xf3, 0x21, 0xf3, 0x21, 0xf3, 0x21, 0xf3, 0x21, 0xf3, 0x21, 0xf3, 0x21,
    0x13, 0x22, 0xf3, 0x19, 0xf3, 0x21, 0x13, 0x22, 0xf3, 0x21, 0xf3, 0x19,
    0xf3, 0x21, 0x13, 0x22, 0xf3, 0x19, 0x13, 0x22, 0x13, 0x22, 0x13, 0x22,
    0xf3, 0x21, 0xaf, 0x19, 0x98, 0x2a, 0xda, 0x32, 0xd9, 0x32, 0x3c, 0x3b,
    0x3b, 0x3b, 0x3b, 0x3b, 0x3c, 0x3b, 0x3b, 0x3b, 0x3b, 0x3b, 0x3b, 0x3b,
    0x3b, 0x3b, 0x3b, 0x3b, 0x3c, 0x3b, 0x3b, 0x3b, 0x3b, 0x3b, 0x3b, 0x3b,
    0x3c, 0x43, 0x3b, 0x3b, 0x3b, 0x3b, 0x3c, 0x3b, 0x3b, 0x3b, 0x3b, 0x3b,
    0x3b, 0x3b, 0x3b, 0x3b, 0x3b, 0x3b, 0x3b, 0x3b, 0x3b, 0x3b, 0x3b, 0x3b,
    0x3b, 0x3b, 0x3b, 0x3b, 0x3c, 0x43, 0x3b, 0x3b, 0xf9, 0x32, 0xf9, 0x32,
    0xd9, 0x2a, 0x1b, 0x3b, 0x5c, 0x3b, 0x3b, 0x3b, 0x3b, 0x3b, 0x3c, 0x3b,
    0x3b, 0x3b, 0x3b, 0x3b, 0x3b, 0x3b, 0x3b, 0x3b, 0x3b, 0x3b, 0x3b, 0x3b,
    0x3b, 0x43, 0x3b, 0x3b, 0x3c, 0x3b, 0x3b, 0x3b, 0x3b, 0x3b, 0x3c, 0x3b,
    0x3b, 0x3b, 0x3b, 0x3b, 0x3b, 0x3b, 0x3b, 0x3b, 0x3b, 0x3b, 0x3b, 0x3b,
    0x3b, 0x3b, 0x3b, 0x3b, 0x3b, 0x3b, 0x1b, 0x3b, 0x3b, 0x3b, 0x5b, 0x3b,
    0xfa, 0x32, 0x77, 0x2a, 0x98, 0x2a, 0xd9, 0x32, 0xd9, 0x2a, 0xd9, 0x2a,
    0xd9, 0x32, 0xf9, 0x32, 0xfa, 0x32, 0x7d, 0x3b, 0xb9, 0x32, 0x8e, 0x19,
    0xd2, 0x19, 0x13, 0x22, 0xf2, 0x21, 0xf2, 0x21, 0xd2, 0x19, 0xd1, 0x21,
    0xaf, 0x19, 0x8f, 0x19, 0xb0, 0x19, 0xd1, 0x19, 0xd1, 0x21, 0xd2, 0x21,
    0xf2, 0x21, 0x13, 0x22, 0x34, 0x22, 0x34, 0x22, 0x34, 0x22, 0x33, 0x22,
    0x13, 0x22, 0xf2, 0x21, 0x12, 0x22, 0x53, 0x32, 0x12, 0x2a, 0x11, 0x2a,
    0x6c, 0x19, 0x4c, 0x19, 0x8d, 0x19, 0x8e, 0x19, 0x8e, 0x19, 0x8e, 0x19,
    0xaf, 0x19, 0xb0, 0x21, 0xd0, 0x19, 0xd0, 0x21, 0xb0, 0x21, 0x8f, 0x19,
    0x76, 0x2a, 0xb8, 0x32, 0x97, 0x2a, 0xb8, 0x2a, 0xb8, 0x32, 0xb8, 0x2a,
    0xfa, 0x3a, 0x3b, 0x3b, 0x3b, 0x3b, 0x3b, 0x3b, 0x3b, 0x3b, 0x3b, 0x3b,
    0x3b, 0x3b, 0x3c, 0x3b, 0x5c, 0x3b, 0x3c, 0x43, 0x3c, 0x3b, 0x5c, 0x3b,
    0x3c, 0x43, 0x3c, 0x3b, 0x5c, 0x3b, 0x3c, 0x3b, 0x3c, 0x3b, 0x3c, 0x3b,
    0x5c, 0x3b, 0x3b, 0x3b, 0x3c, 0x3b, 0x3c, 0x3b, 0x3c, 0x3b, 0x3b, 0x3b,
    0x3b, 0x3b, 0x3b, 0x3b, 0x3b, 0x3b, 0x3b, 0x3b, 0x3b, 0x3b, 0x3b, 0x3b,
    0x3b, 0x3b, 0x98, 0x2a, 0x98, 0x2a, 0xb9, 0x32, 0x3c, 0x3b, 0x36, 0x22,
    0xaf, 0x19, 0x13, 0x22, 0xf3, 0x21, 0xf3, 0x21, 0x13, 0x22, 0xf3, 0x21,
    0x13, 0x22, 0x13, 0x22, 0x13, 0x22, 0x13, 0x22, 0x13, 0x22, 0x13, 0x22,
    0x13, 0x22, 0x13, 0x22, 0x13, 0x22, 0x13, 0x22, 0x13, 0x1a, 0x13, 0x22,
    0x13, 0x22, 0x13, 0x1a, 0x13, 0x22, 0x13, 0x22, 0x13, 0x22, 0x13, 0x22,
    0x13, 0x22, 0x13, 0x22, 0x13, 0x22, 0x13, 0x22, 0x13, 0x22, 0xf3, 0x21,
    0x13, 0x22, 0xf3, 0x19, 0x13, 0x22, 0xd1, 0x19, 0x13, 0x22, 0xfa, 0x32,
    0xb9, 0x2a, 0xb9, 0x32, 0x3b, 0x3b, 0x3c, 0x3b, 0x3c, 0x3b, 0x3b, 0x3b,
    0x3c, 0x3b, 0x3c, 0x3b, 0x3c, 0x3b, 0x5c, 0x3b, 0x3c, 0x43, 0x5c, 0x3b,
    0x5c, 0x3b, 0x3c, 0x3b, 0x5c, 0x3b, 0x5c, 0x3b, 0x3c, 0x3b, 0x5c, 0x43,
    0x5c, 0x3b, 0x3c, 0x3b, 0x5c, 0x43, 0x5c, 0x3b, 0x5c, 0x3b, 0x3c, 0x43,
    0x3c, 0x3b, 0x5c, 0x3b, 0x3c, 0x3b, 0x3c, 0x3b, 0x5c, 0x3b, 0x5c, 0x3b,
    0x3c, 0x3b, 0xfa, 0x32, 0xda, 0x32, 0xfa, 0x32, 0x1a, 0x33, 0x5c, 0x43,
    0x5c, 0x3b, 0x3c, 0x3b, 0x5c, 0x3b, 0x5c, 0x43, 0x3c, 0x3b, 0x5c, 0x3b,
    0x5c, 0x43, 0x5c, 0x3b, 0x5c, 0x3b, 0x3c, 0x3b, 0x5c, 0x3b, 0x5c, 0x3b,
    0x5c, 0x43, 0x5c, 0x3b, 0x3c, 0x3b, 0x5c, 0x43, 0x3c, 0x3b, 0x3c, 0x3b,
    0x3c, 0x3b, 0x3b, 0x3b, 0x3c, 0x3b, 0x3b, 0x3b, 0x3b, 0x3b, 0x3b, 0x3b,
    0x3b, 0x3b, 0x3b, 0x3b, 0x3c, 0x3b, 0x1b, 0x3b, 0x98, 0x2a, 0x98, 0x2a,
    0xd9, 0x32, 0xda, 0x32, 0xda, 0x32, 0xda, 0x32, 0xfa, 0x32, 0x7d, 0x3b,
    0xb9, 0x2a, 0x8e, 0x19, 0xf2, 0x21, 0x14, 0x22, 0xf3, 0x21, 0xf2, 0x21,
    0xd2, 0x21, 0xd1, 0x19, 0x8f, 0x19, 0xaf, 0x19, 0xb1, 0x19, 0xd1, 0x21,
    0xf2, 0x21, 0xd2, 0x21, 0xf3, 0x21, 0x14, 0x22, 0x35, 0x22, 0x35, 0x22,
    0x34, 0x22, 0x34, 0x2a, 0x34, 0x22, 0x13, 0x22, 0xf2, 0x21, 0x33, 0x2a,
    0x53, 0x32, 0x12, 0x2a, 0x11, 0x2a, 0x6d, 0x19, 0x4c, 0x19, 0x6d, 0x19,
    0x8e, 0x21, 0x8e, 0x21, 0x8e, 0x19, 0xaf, 0x19, 0xb0, 0x21, 0xb0, 0x19,
    0xb0, 0x19, 0xb0, 0x19, 0xb0, 0x19, 0x76, 0x2a, 0xb8, 0x2a, 0x97, 0x2a,
    0xb8, 0x32, 0xb8, 0x32, 0xb8, 0x2a, 0xfa, 0x32, 0x3b, 0x3b, 0x3b, 0x3b,
    0x3b, 0x3b, 0x3c, 0x3b, 0x5c, 0x43, 0x3c, 0x3b, 0x5c, 0x3b, 0x5c, 0x3b,
    0x3b, 0x3b, 0x5c, 0x3b, 0x5c, 0x3b, 0x3c, 0x3b, 0x5c, 0x3b, 0x5c, 0x3b,
    0x5c, 0x43, 0x3c, 0x3b, 0x5c, 0x3b, 0x3c, 0x3b, 0x3c, 0x3b, 0x3b, 0x3b,
    0x3c, 0x3b, 0x3c, 0x3b, 0x3b, 0x3b, 0x3c, 0x3b, 0x3c, 0x3b, 0x3b, 0x3b,
    0x3b, 0x3b, 0x3b, 0x3b, 0x3b, 0x3b, 0x3c, 0x3b, 0xb9, 0x32, 0x98, 0x2a,
    0xfb, 0x32, 0xfa, 0x32, 0xd1, 0x21, 0xf2, 0x21, 0x13, 0x22, 0xf3, 0x21,
    0x13, 0x22, 0x13, 0x22, 0x13, 0x22, 0xf3, 0x21, 0x13, 0x22, 0xf3, 0x21,
    0xf3, 0x21, 0xf3, 0x21, 0xf3, 0x21, 0xf3, 0x19, 0xf3, 0x21, 0xf3, 0x21,
    0x13, 0x22, 0xf3, 0x21, 0xf3, 0x21, 0x13, 0x22, 0xf3, 0x21, 0xf3, 0x21,
    0xf3, 0x21, 0xf3, 0x21, 0xf3, 0x21, 0xf3, 0x19, 0xf3, 0x21, 0xf3, 0x21,
    0xf3, 0x21, 0xf3, 0x21, 0x13, 0x22, 0xf3, 0x21, 0x13, 0x22, 0xf3, 0x21,
    0xb0, 0x19, 0xb9, 0x2a, 0xfa, 0x32, 0xb9, 0x2a, 0xda, 0x2a, 0x1b, 0x3b,
    0x5c, 0x3b, 0x3c, 0x3b, 0x3b, 0x3b, 0x5c, 0x3b, 0x3c, 0x3b, 0x5c, 0x3b,
    0x5c, 0x3b, 0x3c, 0x3b, 0x5c, 0x3b, 0x3c, 0x43, 0x5c, 0x3b, 0x3c, 0x3b,
    0x5b, 0x3b, 0x3c, 0x3b, 0x3c, 0x3b, 0x5b, 0x3b, 0x3c, 0x3b, 0x5c, 0x3b,
    0x3c, 0x3b, 0x5c, 0x3b, 0x5c, 0x3b, 0x3c, 0x3b, 0x5c, 0x3b, 0x3c, 0x3b,
    0x5c, 0x3b, 0x5c, 0x3b, 0x3c, 0x3b, 0x5c, 0x3b, 0x1b, 0x3b, 0xfa, 0x32,
    0xfa, 0x2a, 0xfa, 0x32, 0x3c, 0x3b, 0x5c, 0x3b, 0x3c, 0x3b, 0x5b, 0x3b,
    0x3c, 0x3b, 0x5c, 0x3b, 0x3c, 0x3b, 0x3c, 0x3b, 0x5c, 0x3b, 0x3c, 0x3b,
    0x5c, 0x3b, 0x3c, 0x3b, 0x3b, 0x3b, 0x5c, 0x3b, 0x3c, 0x3b, 0x5b, 0x3b,
    0x5c, 0x3b, 0x5c, 0x3b, 0x5c, 0x3b, 0x3c, 0x43, 0x3c, 0x3b, 0x3c, 0x3b,
    0x3c, 0x3b, 0x3c, 0x3b, 0x3c, 0x3b, 0x3c, 0x3b, 0x3b, 0x3b, 0x3b, 0x3b,
    0x3b, 0x3b, 0xb9, 0x2a, 0x99, 0x2a, 0xd9, 0x32, 0xda, 0x2a, 0xfa, 0x32,
    0xfa, 0x32, 0x7d, 0x3b, 0xb9, 0x2a, 0x8f, 0x19, 0xf2, 0x21, 0x14, 0x22,
    0xf3, 0x21, 0xf3, 0x21, 0xf3, 0x19, 0xd1, 0x19, 0xaf, 0x19, 0x8f, 0x19,
    0xd1, 0x19, 0xd2, 0x21, 0xf2, 0x21, 0xf2, 0x19, 0xf4, 0x21, 0x34, 0x22,
    0x55, 0x22, 0x35, 0x22, 0x35, 0x2a, 0x34, 0x2a, 0x34, 0x22, 0x34, 0x2a,
    0x13, 0x22, 0xf2, 0x21, 0x53, 0x2a, 0x53, 0x2a, 0x12, 0x2a, 0x12, 0x2a,
    0x4c, 0x19, 0x4c, 0x19, 0x6e, 0x19, 0x8e, 0x19, 0x8e, 0x21, 0xae, 0x19,
    0x8f, 0x21, 0xb0, 0x21, 0xb0, 0x19, 0xb0, 0x21, 0xaf, 0x19, 0xd1, 0x21,
    0x97, 0x2a, 0x98, 0x32, 0xb8, 0x2a, 0xb8, 0x32, 0xb8, 0x32, 0xd9, 0x2a,
    0xd9, 0x32, 0x3b, 0x3b, 0x3b, 0x43, 0x3c, 0x3b, 0x5c, 0x3b, 0x3c, 0x3b,
    0x5c, 0x3b, 0x5c, 0x3b, 0x5c, 0x3b, 0x5c, 0x3b, 0x5c, 0x3b, 0x5c, 0x3b,
    0x5c, 0x3b, 0x5c, 0x3b, 0x5c, 0x3b, 0x3c, 0x3b, 0x5c, 0x3b, 0x5c, 0x43,
    0x3c, 0x3b, 0x5c, 0x3b, 0x3c, 0x43, 0x3c, 0x3b, 0x3c, 0x3b, 0x3c, 0x3b,
    0x3c, 0x3b, 0x3c, 0x3b, 0x3c, 0x3b, 0x3c, 0x3b, 0x3c, 0x3b, 0x3c, 0x3b,
    0x5c, 0x3b, 0xda, 0x32, 0x98, 0x2a, 0x3c, 0x3b, 0x98, 0x2a, 0xaf, 0x19,
    0x14, 0x22, 0xf3, 0x21, 0x13, 0x22, 0xf3, 0x21, 0xf3, 0x19, 0x13, 0x22,
    0xf3, 0x21, 0xf3, 0x19, 0x13, 0x22, 0x13, 0x22, 0x13, 0x1a, 0xf3, 0x21,
    0x13, 0x22, 0x14, 0x22, 0x13, 0x22, 0xf3, 0x21, 0x13, 0x22, 0xf3, 0x21,
    0x13, 0x22, 0x13, 0x22, 0x13, 0x22, 0x13, 0x1a, 0x13, 0x22, 0x14, 0x22,
    0x13, 0x22, 0x13, 0x22, 0xf3, 0x21, 0x13, 0x1a, 0x13, 0x22, 0x14, 0x22,
    0xf3, 0x21, 0x14, 0x22, 0xd1, 0x19, 0x35, 0x22, 0xfb, 0x32, 0xb9, 0x2a,
    0xda, 0x32, 0xda, 0x32, 0x1b, 0x33, 0x5c, 0x3b, 0x5c, 0x3b, 0x3c, 0x3b,
    0x5c, 0x43, 0x5c, 0x3b, 0x5c, 0x3b, 0x5c, 0x43, 0x5c, 0x3b, 0x5c, 0x3b,
    0x5c, 0x3b, 0x5c, 0x3b, 0x5c, 0x43, 0x5c, 0x3b, 0x5c, 0x3b, 0x5c, 0x3b,
    0x5c, 0x3b, 0x5c, 0x3b, 0x5c, 0x3b, 0x5c, 0x3b, 0x5c, 0x3b, 0x5c, 0x3b,
    0x5c, 0x3b, 0x5c, 0x43, 0x5c, 0x3b, 0x5c, 0x3b, 0x5c, 0x43, 0x3c, 0x3b,
    0x5c, 0x3b, 0x3b, 0x3b, 0xfa, 0x32, 0xfa, 0x32, 0xfa, 0x32, 0x3c, 0x3b,
    0x5c, 0x3b, 0x5c, 0x3b, 0x5c, 0x3b, 0x5c, 0x3b, 0x5c, 0x3b, 0x5c, 0x3b,
    0x5c, 0x3b, 0x5c, 0x3b, 0x5c, 0x43, 0x5c, 0x3b, 0x5c, 0x3b, 0x5c, 0x43,
    0x5c, 0x3b, 0x5c, 0x3b, 0x5c, 0x3b, 0x3c, 0x3b, 0x5c, 0x3b, 0x3c, 0x3b,
    0x5c, 0x3b, 0x3c, 0x3b, 0x3c, 0x3b, 0x5c, 0x3b, 0x3c, 0x3b, 0x3c, 0x3b,
    0x3c, 0x3b, 0x3c, 0x3b, 0x3c, 0x3b, 0x5c, 0x43, 0xd9, 0x32, 0xb9, 0x2a,
    0xda, 0x32, 0xda, 0x32, 0xfa, 0x32, 0x7d, 0x3b, 0xb9, 0x2a, 0x8e, 0x19,
    0xf3, 0x21, 0x14, 0x22, 0xf3, 0x21, 0xf3, 0x19, 0xf3, 0x21, 0xd2, 0x21,
    0xaf, 0x19, 0xb0, 0x19, 0xd2, 0x21, 0xd2, 0x21, 0xf3, 0x21, 0xf3, 0x21,
    0x14, 0x22, 0x35, 0x22, 0x56, 0x22, 0x55, 0x22, 0x55, 0x2a, 0x55, 0x2a,
    0x55, 0x22, 0x54, 0x2a, 0x34, 0x2a, 0x34, 0x22, 0x13, 0x22, 0x54, 0x2a,
    0x74, 0x32, 0x12, 0x2a, 0x11, 0x2a, 0x4b, 0x19, 0x4c, 0x19, 0x6d, 0x19,
    0x8d, 0x19, 0x8e, 0x19, 0xaf, 0x19, 0xaf, 0x19, 0xaf, 0x19, 0xb0, 0x21,
    0xd0, 0x21, 0x8f, 0x19, 0xf3, 0x21, 0xb8, 0x32, 0x97, 0x2a, 0xb8, 0x32,
    0xb8, 0x32, 0xd9, 0x2a, 0xd9, 0x32, 0xd9, 0x32, 0x3b, 0x3b, 0x5c, 0x3b,
    0x3b, 0x3b, 0x5c, 0x3b, 0x3c, 0x3b, 0x5c, 0x3b, 0x5c, 0x43, 0x3c, 0x3b,
    0x5c, 0x3b, 0x5c, 0x43, 0x3c, 0x3b, 0x5c, 0x3b, 0x5c, 0x43, 0x3c, 0x3b,
    0x5c, 0x3b, 0x5c, 0x3b, 0x5c, 0x3b, 0x5c, 0x3b, 0x5c, 0x3b, 0x3c, 0x3b,
    0x5c, 0x3b, 0x5c, 0x3b, 0x5c, 0x3b, 0x3c, 0x3b, 0x5c, 0x3b, 0x3b, 0x3b,
    0x5c, 0x3b, 0x3c, 0x3b, 0x3b, 0x3b, 0x5c, 0x3b, 0x1b, 0x3b, 0xb9, 0x2a,
    0x1b, 0x33, 0x13, 0x22, 0xd2, 0x19, 0x13, 0x22, 0x13, 0x22, 0x13, 0x22,
    0x13, 0x22, 0x13, 0x22, 0x13, 0x22, 0x13, 0x22, 0x13, 0x22, 0x13, 0x22,
    0x13, 0x22, 0x13, 0x22, 0x13, 0x22, 0x14, 0x22, 0x13, 0x22, 0x13, 0x22,
    0x13, 0x1a, 0x14, 0x22, 0x13, 0x22, 0x14, 0x1a, 0xf3, 0x21, 0x14, 0x22,
    0xf3, 0x21, 0x13, 0x22, 0x13, 0x22, 0xf3, 0x21, 0x14, 0x22, 0x13, 0x22,
    0x14, 0x22, 0x13, 0x22, 0x13, 0x22, 0x14, 0x22, 0x13, 0x22, 0xd1, 0x19,
    0xb9, 0x2a, 0xfa, 0x32, 0xba, 0x32, 0xfa, 0x32, 0xda, 0x2a, 0xfa, 0x32,
    0x5c, 0x43, 0x5c, 0x3b, 0x5c, 0x3b, 0x5c, 0x3b, 0x5c, 0x3b, 0x3c, 0x3b,
    0x5c, 0x3b, 0x5c, 0x3b, 0x3c, 0x3b, 0x5c, 0x3b, 0x5c, 0x3b, 0x5c, 0x3b,
    0x5c, 0x3b, 0x5c, 0x43, 0x5c, 0x43, 0x5c, 0x3b, 0x5c, 0x43, 0x5c, 0x3b,
    0x5c, 0x3b, 0x3c, 0x43, 0x5c, 0x3b, 0x5c, 0x3b, 0x3c, 0x3b, 0x5c, 0x3b,
    0x5c, 0x3b, 0x5c, 0x3b, 0x5c, 0x3b, 0x5c, 0x3b, 0x5c, 0x3b, 0xfb, 0x32,
    0xfa, 0x32, 0xfb, 0x32, 0x3b, 0x3b, 0x5c, 0x3b, 0x5c, 0x3b, 0x5c, 0x43,
    0x5c, 0x3b, 0x3c, 0x3b, 0x5c, 0x43, 0x5c, 0x3b, 0x5c, 0x43, 0x5c, 0x3b,
    0x5c, 0x3b, 0x5c, 0x3b, 0x5c, 0x3b, 0x5c, 0x3b, 0x3c, 0x3b, 0x5c, 0x43,
    0x5c, 0x3b, 0x5c, 0x3b, 0x5c, 0x43, 0x5c, 0x3b, 0x5c, 0x3b, 0x3c, 0x3b,
    0x5c, 0x3b, 0x3c, 0x3b, 0x5c, 0x3b, 0x5c, 0x3b, 0x5b, 0x3b, 0x3c, 0x3b,
    0x5c, 0x3b, 0xfa, 0x32, 0xb9, 0x2a, 0xfa, 0x32, 0xfa, 0x32, 0x5d, 0x3b,
    0xb9, 0x2a, 0x8f, 0x19, 0xf3, 0x21, 0x14, 0x22, 0x13, 0x22, 0xf3, 0x21,
    0xf3, 0x21, 0xd2, 0x19, 0x8f, 0x19, 0xb0, 0x19, 0xd2, 0x21, 0xf3, 0x19,
    0xf3, 0x21, 0xf3, 0x19, 0x15, 0x22, 0x56, 0x22, 0x56, 0x22, 0x56, 0x2a,
    0x56, 0x2a, 0x56, 0x22, 0x55, 0x2a, 0x55, 0x22, 0x55, 0x2a, 0x34, 0x2a,
    0x33, 0x22, 0x13, 0x22, 0x54, 0x32, 0x53, 0x2a, 0x12, 0x2a, 0x12, 0x2a,
    0x2b, 0x11, 0x4b, 0x19, 0x6d, 0x19, 0x6e, 0x19, 0x8e, 0x19, 0x8f, 0x19,
    0xae, 0x21, 0xaf, 0x19, 0xb0, 0x19, 0xb0, 0x21, 0x8e, 0x19, 0x34, 0x22,
    0xb8, 0x32, 0x98, 0x2a, 0xb8, 0x32, 0xb9, 0x2a, 0xd9, 0x32, 0xd9, 0x32,
    0xd9, 0x32, 0x1b, 0x3b, 0x5c, 0x3b, 0x3c, 0x3b, 0x3c, 0x3b, 0x5c, 0x3b,
    0x5c, 0x3b, 0x5c, 0x3b, 0x3c, 0x3b, 0x5c, 0x3b, 0x5c, 0x3b, 0x3c, 0x3b,
    0x5c, 0x3b, 0x5c, 0x3b, 0x5c, 0x3b, 0x5c, 0x3b, 0x5c, 0x3b, 0x3c, 0x3b,
    0x5c, 0x3b, 0x5c, 0x3b, 0x3c, 0x3b, 0x3c, 0x43, 0x5c, 0x3b, 0x3c, 0x3b,
    0x5c, 0x3b, 0x5c, 0x3b, 0x3c, 0x3b, 0x5c, 0x3b, 0x3c, 0x3b, 0x3c, 0x3b,
    0x5c, 0x3b, 0x1b, 0x3b, 0x1b, 0x33, 0xb9, 0x2a, 0xb0, 0x19, 0x14, 0x22,
    0x13, 0x22, 0x13, 0x22, 0x13, 0x22, 0x13, 0x22, 0x13, 0x22, 0x13, 0x22,
    0x13, 0x22, 0x13, 0x22, 0xf3, 0x19, 0x13, 0x22, 0x13, 0x22, 0x14, 0x22,
    0x13, 0x22, 0x14, 0x22, 0x13, 0x22, 0x14, 0x22, 0x14, 0x22, 0x13, 0x22,
    0x13, 0x22, 0x14, 0x22, 0x13, 0x22, 0x14, 0x22, 0x13, 0x22, 0x13, 0x1a,
    0x14, 0x22, 0x13, 0x22, 0x13, 0x22, 0x14, 0x22, 0x13, 0x22, 0xf3, 0x19,
    0x14, 0x22, 0xd1, 0x19, 0x36, 0x22, 0xfb, 0x32, 0xda, 0x32, 0xda, 0x2a,
    0xda, 0x32, 0xda, 0x32, 0xfa, 0x32, 0x3c, 0x3b, 0x5d, 0x3b, 0x5c, 0x3b,
    0x5c, 0x3b, 0x3c, 0x3b, 0x5c, 0x3b, 0x5c, 0x3b, 0x5c, 0x3b, 0x5c, 0x43,
    0x5c, 0x3b, 0x5c, 0x3b, 0x5c, 0x3b, 0x5c, 0x3b, 0x5c, 0x3b, 0x5c, 0x3b,
    0x5c, 0x3b, 0x5c, 0x3b, 0x5c, 0x3b, 0x5c, 0x43, 0x5c, 0x3b, 0x5c, 0x3b,
    0x3c, 0x3b, 0x5c, 0x3b, 0x5c, 0x3b, 0x5c, 0x3b, 0x5c, 0x3b, 0x5c, 0x3b,
    0x5d, 0x3b, 0x5c, 0x3b, 0x1b, 0x33, 0xfb, 0x32, 0xfb, 0x32, 0x1b, 0x3b,
    0x5c, 0x3b, 0x5d, 0x3b, 0x5c, 0x43, 0x5c, 0x3b, 0x5c, 0x3b, 0x5c, 0x3b,
    0x5c, 0x3b, 0x5c, 0x3b, 0x5c, 0x3b, 0x5c, 0x3b, 0x5c, 0x3b, 0x3c, 0x43,
    0x5d, 0x3b, 0x5c, 0x3b, 0x3c, 0x3b, 0x5c, 0x3b, 0x5c, 0x3b, 0x5c, 0x3b,
    0x5c, 0x3b, 0x3c, 0x3b, 0x5c, 0x43, 0x3c, 0x3b, 0x5c, 0x3b, 0x3c, 0x3b,
    0x3c, 0x3b, 0x5c, 0x3b, 0x5c, 0x3b, 0x5c, 0x3b, 0x1b, 0x3b, 0xda, 0x32,
    0xfa, 0x32, 0x5d, 0x3b, 0xb9, 0x2a, 0x8f, 0x19, 0x13, 0x22, 0x14, 0x22,
    0xf3, 0x21, 0xf3, 0x21, 0xf3, 0x21, 0xd2, 0x19, 0xaf, 0x19, 0xb0, 0x19,
    0xd2, 0x21, 0xf2, 0x21, 0xf3, 0x19, 0x13, 0x22, 0x35, 0x22, 0x56, 0x22,
    0x56, 0x22, 0x56, 0x2a, 0x56, 0x2a, 0x76, 0x22, 0x76, 0x2a, 0x76, 0x2a,
    0x55, 0x2a, 0x55, 0x22, 0x54, 0x2a, 0x14, 0x22, 0x33, 0x22, 0x74, 0x32,
    0x54, 0x2a, 0x32, 0x2a, 0x12, 0x2a, 0x2b, 0x19, 0x4b, 0x11, 0x6d, 0x19,
    0x8d, 0x19, 0x6e, 0x19, 0x8e, 0x19, 0x8f, 0x19, 0xaf, 0x21, 0xaf, 0x19,
    0xb0, 0x19, 0x8e, 0x19, 0x35, 0x22, 0xd9, 0x32, 0xb8, 0x2a, 0xb8, 0x2a,
    0xd8, 0x32, 0xb9, 0x32, 0xd9, 0x2a, 0xda, 0x32, 0x1b, 0x33, 0x3c, 0x3b,
    0x3c, 0x3b, 0x5c, 0x43, 0x3c, 0x3b, 0x3c, 0x3b, 0x5c, 0x3b, 0x5c, 0x3b,
    0x5c, 0x3b, 0x5c, 0x3b, 0x5c, 0x3b, 0x5c, 0x3b, 0x5c, 0x3b, 0x5c, 0x3b,
    0x3c, 0x43, 0x3c, 0x3b, 0x3c, 0x3b, 0x3c, 0x43, 0x5c, 0x3b, 0x5c, 0x3b,
    0x3c, 0x3b, 0x3c, 0x3b, 0x5c, 0x3b, 0x3c, 0x3b, 0x3c, 0x3b, 0x5c, 0x3b,
    0x3c, 0x3b, 0x5c, 0x3b, 0x5c, 0x3b, 0x3c, 0x3b, 0x3c, 0x3b, 0x3c, 0x3b,
    0x35, 0x22, 0xb0, 0x19, 0x14, 0x22, 0x13, 0x22, 0xf4, 0x21, 0xf4, 0x19,
    0x13, 0x22, 0xf4, 0x21, 0xf4, 0x19, 0x13, 0x22, 0x14, 0x22, 0x14, 0x22,
    0xf3, 0x21, 0x14, 0x22, 0x14, 0x1a, 0xf4, 0x21, 0xf3, 0x21, 0x14, 0x22,
    0xf4, 0x21, 0xf3, 0x21, 0x14, 0x22, 0x14, 0x22, 0xf4, 0x21, 0x14, 0x1a,
    0x13, 0x22, 0xf4, 0x21, 0x14, 0x22, 0x14, 0x22, 0xf4, 0x21, 0x14, 0x1a,
    0x14, 0x22, 0xf4, 0x21, 0x14, 0x22, 0x13, 0x22, 0xd1, 0x21, 0xb9, 0x2a,
    0xfb, 0x32, 0xda, 0x32, 0xfa, 0x2a, 0xda, 0x32, 0xfa, 0x32, 0xfa, 0x32,
    0x3c, 0x3b, 0x5d, 0x3b, 0x3c, 0x3b, 0x3c, 0x43, 0x5d, 0x3b, 0x5c, 0x3b,
    0x5c, 0x3b, 0x5c, 0x3b, 0x5d, 0x3b, 0x5c, 0x3b, 0x5c, 0x3b, 0x5d, 0x3b,
    0x5d, 0x3b, 0x5c, 0x3b, 0x5d, 0x3b, 0x5d, 0x3b, 0x5c, 0x3b, 0x5d, 0x3b,
    0x5d, 0x3b, 0x5c, 0x3b, 0x5c, 0x3b, 0x5d, 0x43, 0x5c, 0x3b, 0x5c, 0x3b,
    0x5d, 0x43, 0x5c, 0x3b, 0x5c, 0x3b, 0x5d, 0x3b, 0x5d, 0x43, 0x3c, 0x3b,
    0xfb, 0x32, 0xfb, 0x32, 0x1b, 0x33, 0x5c, 0x3b, 0x5d, 0x3b, 0x3c, 0x3b,
    0x5d, 0x3b, 0x5c, 0x3b, 0x5d, 0x3b, 0x5c, 0x3b, 0x5d, 0x3b, 0x5c, 0x3b,
    0x5d, 0x3b, 0x5c, 0x3b, 0x5c, 0x3b, 0x5c, 0x3b, 0x5c, 0x3b, 0x5c, 0x3b,
    0x5c, 0x3b, 0x5c, 0x3b, 0x3c, 0x3b, 0x3c, 0x3b, 0x3c, 0x3b, 0x5c, 0x3b,
    0x3c, 0x3b, 0x5c, 0x3b, 0x3c, 0x3b, 0x3c, 0x3b, 0x5c, 0x3b, 0x3c, 0x3b,
    0x5c, 0x3b, 0x3b, 0x3b, 0xda, 0x32, 0x5d, 0x3b, 0xb9, 0x2a, 0x8f, 0x19,
    0xf3, 0x21, 0x14, 0x22, 0xf3, 0x21, 0xf3, 0x21, 0xf3, 0x21, 0xd1, 0x19,
    0xb0, 0x19, 0xb1, 0x19, 0xf2, 0x21, 0xf3, 0x21, 0x14, 0x1a, 0x14, 0x22,
    0x36, 0x22, 0x56, 0x22, 0x57, 0x22, 0x76, 0x2a, 0x77, 0x2a, 0x76, 0x2a,
    0x77, 0x2a, 0x76, 0x2a, 0x76, 0x2a, 0x55, 0x2a, 0x55, 0x22, 0x55, 0x2a,
    0x14, 0x22, 0x34, 0x2a, 0x75, 0x32, 0x53, 0x2a, 0x32, 0x2a, 0x32, 0x2a,
    0x2b, 0x11, 0x2b, 0x19, 0x6d, 0x19, 0x6d, 0x19, 0x8e, 0x19, 0x8e, 0x19,
    0x8e, 0x19, 0xaf, 0x19, 0xaf, 0x19, 0xb0, 0x21, 0x6e, 0x19, 0x77, 0x2a,
    0xf9, 0x32, 0xb9, 0x32, 0xd9, 0x32, 0xf9, 0x32, 0xfa, 0x32, 0xfb, 0x32,
    0xfa, 0x32, 0x1b, 0x3b, 0x7d, 0x43, 0x7d, 0x43, 0x7d, 0x43, 0x9d, 0x43,
    0x7e, 0x43, 0x7e, 0x43, 0x9e, 0x43, 0x7e, 0x43, 0x7e, 0x43, 0x9e, 0x43,
    0x7e, 0x43, 0x7e, 0x43, 0x9e, 0x43, 0x9e, 0x43, 0x7e, 0x43, 0x9e, 0x43,
    0x9e, 0x43, 0x7e, 0x43, 0x9e, 0x43, 0x9e, 0x43, 0x7e, 0x43, 0x7e, 0x43,
    0x7d, 0x43, 0x7e, 0x43, 0x7d, 0x43, 0x7d, 0x43, 0x7d, 0x43, 0x7d, 0x43,
    0x7d, 0x43, 0xbe, 0x43, 0xfa, 0x32, 0xb0, 0x19, 0xf3, 0x21, 0x14, 0x22,
    0x14, 0x22, 0x13, 0x22, 0x14, 0x22, 0x14, 0x22, 0x13, 0x22, 0x14, 0x22,
    0x14, 0x22, 0xf4, 0x21, 0x14, 0x22, 0x14, 0x22, 0x14, 0x22, 0x14, 0x22,
    0x14, 0x22, 0x14, 0x1a, 0x14, 0x22, 0x14, 0x22, 0x14, 0x1a, 0x14, 0x22,
    0xf4, 0x21, 0x13, 0x22, 0x14, 0x22, 0xf4, 0x21, 0x14, 0x22, 0x14, 0x22,
    0xf4, 0x21, 0x13, 0x22, 0x14, 0x22, 0x14, 0x22, 0x14, 0x22, 0x14, 0x22,
    0xd1, 0x19, 0x78, 0x2a, 0x1c, 0x33, 0xfb, 0x32, 0xfb, 0x32, 0xfb, 0x32,
    0x1b, 0x33, 0x1b, 0x33, 0xfc, 0x32, 0x3c, 0x3b, 0x9e, 0x43, 0x9e, 0x43,
    0x7e, 0x43, 0x9e, 0x43, 0x9e, 0x43, 0x9e, 0x43, 0x7e, 0x43, 0x9e, 0x43,
    0x9e, 0x43, 0x7e, 0x43, 0x9e, 0x43, 0x7e, 0x43, 0x7e, 0x43, 0x7e, 0x43,
    0x7e, 0x43, 0x7e, 0x43, 0x7e, 0x43, 0x9e, 0x43, 0x7e, 0x43, 0x9e, 0x43,
    0x9e, 0x43, 0x7e, 0x43, 0x7e, 0x43, 0x9e, 0x43, 0x7e, 0x43, 0x9e, 0x43,
    0x9e, 0x43, 0x9e, 0x43, 0x7d, 0x3b, 0x1c, 0x3b, 0x1c, 0x33, 0x3c, 0x3b,
    0x7d, 0x3b, 0x9e, 0x43, 0x9e, 0x43, 0x7e, 0x43, 0x9e, 0x43, 0x7e, 0x43,
    0x9e, 0x43, 0x7e, 0x43, 0x7e, 0x43, 0x9e, 0x43, 0x7e, 0x43, 0x9e, 0x43,
    0x7e, 0x43, 0x7e, 0x43, 0x7e, 0x43, 0x7e, 0x43, 0x9e, 0x43, 0x7e, 0x43,
    0x7e, 0x43, 0x9d, 0x43, 0x7e, 0x43, 0x7d, 0x43, 0x7d, 0x43, 0x7e, 0x43,
    0x7d, 0x43, 0x7d, 0x43, 0x7d, 0x43, 0x9d, 0x43, 0x7d, 0x43, 0x5d, 0x3b,
    0x98, 0x2a, 0x8f, 0x19, 0xf4, 0x21, 0x14, 0x22, 0xf4, 0x21, 0xf3, 0x19,
    0xf3, 0x19, 0xd1, 0x19, 0x90, 0x19, 0xd1, 0x19, 0xf2, 0x21, 0xf3, 0x21,
    0xf3, 0x19, 0x14, 0x22, 0x36, 0x22, 0x57, 0x22, 0x57, 0x22, 0x77, 0x2a,
    0x77, 0x2a, 0x77, 0x22, 0x77, 0x2a, 0x76, 0x2a, 0x76, 0x2a, 0x76, 0x2a,
    0x76, 0x22, 0x55, 0x2a, 0x55, 0x2a, 0x33, 0x22, 0x54, 0x2a, 0x75, 0x32,
    0x54, 0x2a, 0x32, 0x2a, 0x32, 0x2a, 0x2a, 0x11, 0x2b, 0x11, 0x6d, 0x19,
    0x6d, 0x19, 0x6e, 0x19, 0x8e, 0x19, 0x8f, 0x19, 0x8f, 0x19, 0xb0, 0x19,
    0xb0, 0x19, 0x8e, 0x19, 0x76, 0x2a, 0xb8, 0x32, 0xb8, 0x2a, 0xb9, 0x32,
    0xb9, 0x32, 0xd9, 0x2a, 0xd9, 0x32, 0xd9, 0x32, 0xfa, 0x32, 0x3b, 0x3b,
    0x5c, 0x3b, 0x5c, 0x3b, 0x5c, 0x3b, 0x3c, 0x3b, 0x5c, 0x3b, 0x5c, 0x3b,
    0x3d, 0x3b, 0x5d, 0x3b, 0x3c, 0x3b, 0x5d, 0x3b, 0x3d, 0x3b, 0x3c, 0x3b,
    0x5c, 0x3b, 0x5d, 0x3b, 0x3d, 0x3b, 0x5c, 0x3b, 0x3c, 0x3b, 0x3c, 0x3b,
    0x5c, 0x3b, 0x3c, 0x3b, 0x3c, 0x3b, 0x5c, 0x3b, 0x3c, 0x3b, 0x5c, 0x3b,
    0x3c, 0x3b, 0x3c, 0x3b, 0x3c, 0x3b, 0x3c, 0x3b, 0x9e, 0x43, 0x78, 0x2a,
    0xb0, 0x19, 0x34, 0x22, 0x14, 0x22, 0x14, 0x22, 0x14, 0x22, 0x14, 0x22,
    0x13, 0x22, 0x14, 0x22, 0x14, 0x22, 0x14, 0x22, 0x14, 0x1a, 0x14, 0x22,
    0x14, 0x22, 0x13, 0x22, 0x14, 0x22, 0x13, 0x22, 0x14, 0x22, 0xf3, 0x21,
    0x14, 0x22, 0x13, 0x22, 0x14, 0x22, 0x14, 0x22, 0x14, 0x22, 0x14, 0x22,
    0x14, 0x22, 0x13, 0x22, 0x14, 0x22, 0x14, 0x22, 0x13, 0x22, 0x14, 0x22,
    0x14, 0x22, 0x14, 0x22, 0xf3, 0x21, 0xf3, 0x21, 0xda, 0x2a, 0xfa, 0x32,
    0xda, 0x32, 0xda, 0x2a, 0xda, 0x32, 0xdb, 0x32, 0xda, 0x2a, 0xda, 0x32,
    0xfb, 0x32, 0x5c, 0x3b, 0x3c, 0x3b, 0x3c, 0x3b, 0x5c, 0x3b, 0x3c, 0x3b,
    0x3c, 0x3b, 0x3c, 0x3b, 0x5c, 0x3b, 0x3c, 0x3b, 0x3c, 0x3b, 0x5c, 0x3b,
    0x3c, 0x3b, 0x5c, 0x3b, 0x5c, 0x3b, 0x5c, 0x3b, 0x3c, 0x3b, 0x5c, 0x3b,
    0x3c, 0x3b, 0x3c, 0x3b, 0x5d, 0x3b, 0x5c, 0x3b, 0x3d, 0x3b, 0x5c, 0x3b,
    0x5c, 0x3b, 0x3d, 0x3b, 0x3c, 0x3b, 0x3c, 0x3b, 0x5d, 0x3b, 0x5c, 0x3b,
    0x1b, 0x33, 0xfb, 0x32, 0x1b, 0x33, 0x3c, 0x3b, 0x5d, 0x3b, 0x5d, 0x3b,
    0x5c, 0x3b, 0x5c, 0x3b, 0x5d, 0x3b, 0x5c, 0x3b, 0x5d, 0x3b, 0x5c, 0x3b,
    0x5c, 0x3b, 0x3d, 0x3b, 0x5c, 0x3b, 0x5c, 0x3b, 0x5d, 0x3b, 0x5d, 0x3b,
    0x5d, 0x3b, 0x5c, 0x3b, 0x3d, 0x3b, 0x5d, 0x3b, 0x5c, 0x3b, 0x3c, 0x3b,
    0x5d, 0x3b, 0x5c, 0x3b, 0x5c, 0x3b, 0x5c, 0x3b, 0x3c, 0x3b, 0x5c, 0x3b,
    0x3c, 0x3b, 0x7e, 0x3b, 0x99, 0x2a, 0x8f, 0x19, 0x13, 0x22, 0x14, 0x22,
    0x14, 0x22, 0xf3, 0x21, 0xf3, 0x21, 0xd1, 0x19, 0x8f, 0x19, 0xd1, 0x19,
    0xf3, 0x21, 0xf3, 0x19, 0x14, 0x22, 0x15, 0x22, 0x57, 0x22, 0x57, 0x22,
    0x77, 0x2a, 0x77, 0x2a, 0x97, 0x2a, 0x97, 0x2a, 0x77, 0x2a, 0x97, 0x2a,
    0x97, 0x2a, 0x76, 0x2a, 0x76, 0x2a, 0x76, 0x2a, 0x55, 0x2a, 0x54, 0x22,
    0x34, 0x22, 0x55, 0x2a, 0x74, 0x32, 0x54, 0x32, 0x32, 0x2a, 0x12, 0x2a,
    0x09, 0x11, 0xea, 0x10, 0x2b, 0x19, 0x4c, 0x19, 0x4c, 0x19, 0x4c, 0x19,
    0x6d, 0x19, 0x6e, 0x19, 0x6e, 0x19, 0x8e, 0x19, 0x8f, 0x19, 0x8e, 0x19,
    0x6e, 0x19, 0x8e, 0x19, 0xaf, 0x19, 0x8f, 0x19, 0x90, 0x19, 0xb0, 0x19,
    0xb0, 0x19, 0xb0, 0x19, 0xb1, 0x19, 0xb1, 0x19, 0xb1, 0x19, 0xd1, 0x19,
    0xd1, 0x19, 0xd1, 0x21, 0xd1, 0x19, 0xd1, 0x21, 0xd1, 0x19, 0xd1, 0x19,
    0xd2, 0x21, 0xd1, 0x21, 0xd2, 0x19, 0xd2, 0x21, 0xd2, 0x19, 0xd1, 0x19,
    0xd2, 0x21, 0xf2, 0x19, 0xd2, 0x19, 0xf2, 0x19, 0xd1, 0x19, 0xf2, 0x19,
    0xf2, 0x19, 0xd2, 0x19, 0xf2, 0x19, 0xf2, 0x19, 0xf2, 0x21, 0xf2, 0x19,
    0xf2, 0x19, 0xd2, 0x19, 0xf2, 0x21, 0x34, 0x22, 0x14, 0x22, 0x14, 0x22,
    0x13, 0x22, 0x14, 0x22, 0x14, 0x22, 0x14, 0x22, 0x13, 0x1a, 0x14, 0x22,
    0x13, 0x22, 0x13, 0x22, 0x14, 0x22, 0x13, 0x22, 0x13, 0x1a, 0x13, 0x22,
    0x14, 0x22, 0x13, 0x22, 0x13, 0x22, 0x13, 0x22, 0x13, 0x22, 0x13, 0x22,
    0x13, 0x22, 0x13, 0x1a, 0x13, 0x22, 0x13, 0x22, 0x13, 0x22, 0x13, 0x1a,
    0x14, 0x22, 0x13, 0x22, 0x13, 0x22, 0x13, 0x22, 0x13, 0x22, 0x13, 0x1a,
    0x14, 0x22, 0x13, 0x22, 0xf2, 0x21, 0xf3, 0x19, 0xf2, 0x21, 0xf2, 0x21,
    0xf2, 0x19, 0xf3, 0x21, 0xf2, 0x21, 0xf2, 0x19, 0xf2, 0x21, 0xf2, 0x21,
    0xf2, 0x19, 0xf2, 0x21, 0xf3, 0x21, 0xf2, 0x19, 0xf2, 0x21, 0xf3, 0x21,
    0xf3, 0x19, 0xf3, 0x21, 0xf3, 0x21, 0xf3, 0x21, 0xf3, 0x21, 0xf3, 0x21,
    0xf3, 0x21, 0xf3, 0x21, 0xf3, 0x21, 0xf3, 0x21, 0xf3, 0x21, 0xf3, 0x21,
    0xf3, 0x21, 0x13, 0x22, 0xf3, 0x21, 0xf3, 0x21, 0x13, 0x22, 0x13, 0x22,
    0xf3, 0x21, 0xf3, 0x21, 0x13, 0x22, 0x14, 0x22, 0x14, 0x22, 0x13, 0x22,
    0xf4, 0x21, 0xf3, 0x21, 0x13, 0x22, 0xf3, 0x21, 0x13, 0x22, 0xf3, 0x21,
    0xf3, 0x21, 0x13, 0x22, 0x13, 0x22, 0xf3, 0x21, 0xf4, 0x21, 0x13, 0x22,
    0xf3, 0x21, 0xf3, 0x21, 0xf3, 0x21, 0xf3, 0x21, 0xf3, 0x21, 0xf3, 0x21,
    0xf3, 0x21, 0xf3, 0x19, 0xf3, 0x21, 0xf3, 0x21, 0xf3, 0x19, 0xf3, 0x19,
    0xf3, 0x19, 0xf3, 0x19, 0xf3, 0x19, 0xf2, 0x19, 0xf2, 0x21, 0xd1, 0x19,
    0xf3, 0x21, 0xf4, 0x21, 0xf3, 0x19, 0xf2, 0x19, 0xf2, 0x19, 0xaf, 0x19,
    0x8f, 0x19, 0xd1, 0x19, 0xf3, 0x21, 0xf4, 0x21, 0x13, 0x22, 0x15, 0x22,
    0x57, 0x22, 0x57, 0x22, 0x77, 0x2a, 0x98, 0x2a, 0x98, 0x2a, 0x98, 0x22,
    0x98, 0x2a, 0x77, 0x2a, 0x97, 0x2a, 0x97, 0x2a, 0x77, 0x2a, 0x76, 0x2a,
    0x76, 0x22, 0x55, 0x2a, 0x35, 0x22, 0x34, 0x22, 0x75, 0x32, 0x74, 0x32,
    0x74, 0x2a, 0x33, 0x2a, 0x12, 0x2a, 0xc8, 0x10, 0xa7, 0x08, 0xe9, 0x10,
    0xe9, 0x10, 0x09, 0x11, 0x09, 0x11, 0xea, 0x10, 0x0a, 0x11, 0x0a, 0x11,
    0x0a, 0x11, 0x2b, 0x11, 0x0b, 0x11, 0x2b, 0x11, 0x2b, 0x11, 0x2b, 0x11,
    0x2c, 0x11, 0x4b, 0x11, 0x2c, 0x11, 0x4d, 0x19, 0x4d, 0x11, 0x6d, 0x19,
    0x6e, 0x19, 0x6e, 0x19, 0x8f, 0x19, 0xaf, 0x19, 0xb0, 0x19, 0xb1, 0x19,
    0xb1, 0x19, 0xd1, 0x19, 0xd1, 0x19, 0xd1, 0x19, 0xd1, 0x19, 0xd1, 0x19,
    0xd0, 0x19, 0xb0, 0x19, 0xd1, 0x21, 0xd1, 0x19, 0xd1, 0x19, 0xd1, 0x21,
    0xb1, 0x19, 0xd2, 0x21, 0xd2, 0x21, 0xd2, 0x21, 0xd2, 0x21, 0xd2, 0x19,
    0xf2, 0x21, 0xf2, 0x21, 0xf2, 0x21, 0xf2, 0x21, 0xf2, 0x21, 0xf3, 0x21,
    0x14, 0x22, 0x14, 0x22, 0x13, 0x22, 0x14, 0x22, 0x13, 0x22, 0x14, 0x22,
    0x14, 0x22, 0x13, 0x22, 0x14, 0x22, 0x13, 0x22, 0x13, 0x22, 0x14, 0x22,
    0x14, 0x22, 0x14, 0x22, 0xf3, 0x21, 0x14, 0x22, 0x14, 0x22, 0x14, 0x1a,
    0x14, 0x22, 0x14, 0x22, 0x14, 0x22, 0x14, 0x22, 0x13, 0x22, 0x14, 0x22,
    0x14, 0x22, 0x14, 0x22, 0x13, 0x22, 0x14, 0x22, 0x14, 0x22, 0x13, 0x1a,
    0x14, 0x22, 0x14, 0x22, 0x14, 0x22, 0x14, 0x22, 0xf3, 0x21, 0xf3, 0x21,
    0xf3, 0x21, 0xf3, 0x21, 0x13, 0x22, 0xf3, 0x21, 0xf3, 0x21, 0xf3, 0x21,
    0xf3, 0x19, 0xf3, 0x21, 0xf3, 0x21, 0xf3, 0x19, 0xf3, 0x21, 0xf3, 0x21,
    0xf3, 0x19, 0xf2, 0x21, 0xf2, 0x21, 0xf3, 0x19, 0xf2, 0x21, 0xf2, 0x19,
    0xf2, 0x19, 0xf2, 0x21, 0xf2, 0x19, 0xf2, 0x19, 0xf2, 0x21, 0xf2, 0x19,
    0xf2, 0x19, 0xf3, 0x21, 0xf2, 0x19, 0xf2, 0x19, 0xd2, 0x19, 0xf2, 0x19,
    0xd2, 0x19, 0xd2, 0x19, 0xf2, 0x19, 0xf2, 0x19, 0xd2, 0x19, 0xd2, 0x19,
    0xf2, 0x21, 0xf2, 0x19, 0xd2, 0x19, 0xd2, 0x21, 0xd2, 0x19, 0xd2, 0x19,
    0xd1, 0x19, 0xf2, 0x19, 0xf2, 0x19, 0xd2, 0x19, 0xd2, 0x21, 0xd2, 0x19,
    0xd1, 0x19, 0xd1, 0x19, 0xd1, 0x19, 0xb1, 0x19, 0xd1, 0x19, 0xd0, 0x19,
    0xb1, 0x19, 0xd1, 0x19, 0xd1, 0x19, 0xd1, 0x19, 0xb1, 0x19, 0xd1, 0x19,
    0xd1, 0x19, 0xd1, 0x19, 0xb1, 0x19, 0xb1, 0x19, 0xb1, 0x19, 0xb1, 0x19,
    0xb0, 0x19, 0xb0, 0x19, 0xd1, 0x19, 0xd1, 0x19, 0xb1, 0x19, 0xb0, 0x19,
    0xaf, 0x19, 0x6e, 0x19, 0x8e, 0x19, 0xb1, 0x19, 0xf2, 0x21, 0xf3, 0x21,
    0x14, 0x22, 0x15, 0x22, 0x57, 0x22, 0x77, 0x22, 0x78, 0x2a, 0x78, 0x2a,
    0x98, 0x2a, 0x98, 0x2a, 0x98, 0x2a, 0x98, 0x2a, 0x98, 0x2a, 0x97, 0x2a,
    0x97, 0x2a, 0x77, 0x2a, 0x76, 0x2a, 0x76, 0x2a, 0x55, 0x2a, 0x54, 0x22,
    0x34, 0x2a, 0x75, 0x32, 0x75, 0x32, 0x74, 0x2a, 0x33, 0x2a, 0x12, 0x2a,
    0xc8, 0x10, 0xc7, 0x08, 0xe9, 0x10, 0x09, 0x11, 0xe9, 0x10, 0x0a, 0x11,
    0x0a, 0x11, 0x0a, 0x11, 0x0a, 0x11, 0x2a, 0x11, 0x0a, 0x11, 0x0b, 0x11,
    0x2b, 0x11, 0x2b, 0x11, 0x2c, 0x19, 0x2c, 0x11, 0x4c, 0x11, 0x4c, 0x19,
    0x4d, 0x19, 0x6d, 0x19, 0x6e, 0x11, 0x8e, 0x19, 0x8f, 0x19, 0xb0, 0x19,
    0xb0, 0x19, 0xb0, 0x19, 0xb0, 0x21, 0xd1, 0x19, 0xb0, 0x21, 0xb0, 0x19,
    0xb0, 0x19, 0xb0, 0x19, 0xb0, 0x21, 0xd1, 0x19, 0xb1, 0x21, 0xd1, 0x19,
    0xd1, 0x19, 0xd1, 0x21, 0xd1, 0x19, 0xd1, 0x21, 0xf2, 0x19, 0xd2, 0x19,
    0xf2, 0x21, 0xf2, 0x21, 0xf2, 0x21, 0xf3, 0x19, 0xf3, 0x21, 0xf3, 0x21,
    0xf3, 0x21, 0xf3, 0x21, 0xf3, 0x19, 0xf3, 0x21, 0xf3, 0x21, 0xf3, 0x19,
    0xf3, 0x21, 0xf3, 0x21, 0xf3, 0x19, 0xf3, 0x21, 0xf3, 0x21, 0xf3, 0x19,
    0xf3, 0x21, 0xf3, 0x21, 0xf3, 0x19, 0xf3, 0x21, 0xf3, 0x21, 0xf3, 0x21,
    0xf3, 0x21, 0xf3, 0x21, 0xf3, 0x21, 0xf3, 0x21, 0xf3, 0x21, 0xf3, 0x19,
    0xf3, 0x21, 0xf3, 0x21, 0xf3, 0x21, 0xf3, 0x19, 0xf3, 0x21, 0xf3, 0x21,
    0xf3, 0x21, 0xf3, 0x21, 0xf3, 0x21, 0xf3, 0x21, 0xf3, 0x21, 0xf3, 0x21,
    0xf3, 0x19, 0x13, 0x22, 0x13, 0x1a, 0x13, 0x22, 0x13, 0x1a, 0x13, 0x1a,
    0x13, 0x22, 0xf3, 0x21, 0x13, 0x1a, 0xf3, 0x21, 0xf3, 0x21, 0xf3, 0x21,
    0xf3, 0x21, 0xf3, 0x19, 0xf3, 0x21, 0xf3, 0x21, 0xf3, 0x19, 0xf3, 0x21,
    0xf3, 0x21, 0xf2, 0x19, 0xf3, 0x21, 0xf2, 0x21, 0xf2, 0x19, 0xd2, 0x19,
    0xd2, 0x21, 0xd1, 0x19, 0xd1, 0x19, 0xd1, 0x19, 0xb0, 0x19, 0xb0, 0x19,
    0x8f, 0x19, 0x8f, 0x19, 0x8f, 0x19, 0x8f, 0x19, 0x6e, 0x19, 0x6e, 0x19,
    0x8e, 0x19, 0x6e, 0x19, 0x6e, 0x19, 0x6e, 0x19, 0x6e, 0x19, 0x6e, 0x11,
    0x6e, 0x19, 0x6e, 0x19, 0x6e, 0x19, 0x6e, 0x19, 0x6e, 0x19, 0x6e, 0x19,
    0x6e, 0x19, 0x6d, 0x19, 0x6e, 0x19, 0x6d, 0x11, 0x4e, 0x19, 0x6d, 0x19,
    0x6d, 0x11, 0x6e, 0x19, 0x6e, 0x11, 0x6d, 0x19, 0x6e, 0x19, 0x6e, 0x11,
    0x6d, 0x19, 0x6e, 0x19, 0x6e, 0x19, 0x6d, 0x19, 0x4d, 0x19, 0x6d, 0x19,
    0x4d, 0x19, 0x6d, 0x19, 0x4d, 0x19, 0x6d, 0x19, 0x4d, 0x19, 0x4c, 0x11,
    0x4c, 0x11, 0x4c, 0x19, 0x4c, 0x11, 0x2b, 0x11, 0x4c, 0x19, 0xb0, 0x19,
    0xd2, 0x19, 0xf4, 0x21, 0x14, 0x1a, 0x15, 0x22, 0x37, 0x22, 0x78, 0x22,
    0x78, 0x2a, 0x78, 0x22, 0x98, 0x2a, 0x98, 0x2a, 0x98, 0x2a, 0x98, 0x2a,
    0x98, 0x2a, 0x98, 0x2a, 0x97, 0x2a, 0x97, 0x2a, 0x77, 0x2a, 0x96, 0x2a,
    0x76, 0x2a, 0x56, 0x2a, 0x34, 0x22, 0x55, 0x2a, 0x95, 0x32, 0x54, 0x2a,
    0x54, 0x32, 0x32, 0x2a, 0x32, 0x2a, 0xe9, 0x10, 0xe8, 0x10, 0x0a, 0x11,
    0x0a, 0x11, 0x0a, 0x11, 0x2b, 0x11, 0x0b, 0x11, 0x2b, 0x11, 0x2b, 0x19,
    0x2b, 0x19, 0x2c, 0x19, 0x4c, 0x19, 0x4c, 0x19, 0x4c, 0x19, 0x4c, 0x19,
    0x6d, 0x19, 0x6d, 0x19, 0x6e, 0x19, 0x8e, 0x19, 0x8e, 0x19, 0x8f, 0x19,
    0x8f, 0x19, 0x8f, 0x19, 0x8f, 0x19, 0x8f, 0x19, 0x8f, 0x19, 0x8f, 0x19,
    0x8f, 0x19, 0x8f, 0x19, 0x8f, 0x19, 0x90, 0x19, 0x90, 0x19, 0x90, 0x19,
    0xb0, 0x19, 0xb0, 0x19, 0xb0, 0x19, 0xb0, 0x19, 0xb0, 0x19, 0xb1, 0x19,
    0xd1, 0x19, 0xb1, 0x19, 0xd1, 0x19, 0xd1, 0x19, 0xd2, 0x19, 0xf2, 0x19,
    0xf2, 0x19, 0xd2, 0x19, 0xd2, 0x19, 0xf3, 0x19, 0xf2, 0x19, 0xf3, 0x21,
    0xf3, 0x19, 0xf3, 0x21, 0xf3, 0x19, 0xf2, 0x19, 0xf3, 0x21, 0xf3, 0x19,
    0xf2, 0x19, 0xf3, 0x21, 0xf3, 0x19, 0xf3, 0x19, 0xf3, 0x21, 0xf3, 0x19,
    0xf3, 0x19, 0xf3, 0x19, 0xf3, 0x19, 0xf3, 0x19, 0xf3, 0x19, 0xf3, 0x21,
    0xf3, 0x19, 0xf3, 0x19, 0xf3, 0x21, 0xf3, 0x19, 0xf3, 0x19, 0xf3, 0x21,
    0xf2, 0x19, 0xf3, 0x19, 0xf3, 0x19, 0xf3, 0x19, 0xf3, 0x19, 0xf3, 0x21,
    0xf3, 0x19, 0xf3, 0x19, 0xf3, 0x21, 0xf2, 0x19, 0xf3, 0x21, 0xf3, 0x21,
    0xf3, 0x19, 0xf2, 0x21, 0xf3, 0x21, 0xf3, 0x19, 0xf2, 0x19, 0xf2, 0x21,
    0xf3, 0x19, 0xf2, 0x19, 0xf2, 0x21, 0xf3, 0x19, 0xf2, 0x19, 0xf2, 0x21,
    0xd2, 0x19, 0xd1, 0x19, 0xd2, 0x19, 0xd1, 0x19, 0xd1, 0x19, 0xd1, 0x19,
    0xb1, 0x19, 0xb1, 0x19, 0xb0, 0x19, 0xb0, 0x19, 0x8f, 0x19, 0x8e, 0x19,
    0x6e, 0x19, 0x4d, 0x19, 0x4d, 0x11, 0x4c, 0x19, 0x2c, 0x11, 0x2b, 0x11,
    0x2b, 0x11, 0x2b, 0x11, 0x0b, 0x11, 0x0b, 0x11, 0x0b, 0x11, 0x0a, 0x11,
    0x0a, 0x11, 0x0a, 0x11, 0x0a, 0x11, 0x0a, 0x11, 0x0a, 0x11, 0x0a, 0x11,
    0x0a, 0x11, 0x0a, 0x11, 0x0a, 0x11, 0x0a, 0x11, 0x0a, 0x11, 0x0a, 0x11,
    0x0a, 0x11, 0x0a, 0x11, 0x0a, 0x11, 0x0a, 0x11, 0x0a, 0x11, 0x0a, 0x11,
    0x0a, 0x11, 0x0a, 0x11, 0x0a, 0x11, 0x0a, 0x11, 0x0a, 0x11, 0x0a, 0x11,
    0x0a, 0x11, 0xea, 0x10, 0x0a, 0x11, 0x0a, 0x11, 0xea, 0x10, 0x0a, 0x11,
    0xe9, 0x10, 0xe9, 0x10, 0x0a, 0x11, 0xea, 0x10, 0x0a, 0x11, 0xe9, 0x10,
    0x0a, 0x11, 0x6e, 0x19, 0xb1, 0x19, 0xf3, 0x21, 0xf4, 0x21, 0x35, 0x22,
    0x57, 0x22, 0x58, 0x22, 0x78, 0x22, 0x98, 0x2a, 0x98, 0x2a, 0x98, 0x2a,
    0x98, 0x2a, 0xb8, 0x2a, 0x98, 0x2a, 0x98, 0x2a, 0x98, 0x2a, 0x97, 0x2a,
    0x97, 0x2a, 0x97, 0x2a, 0x76, 0x2a, 0x76, 0x2a, 0x75, 0x22, 0x34, 0x22,
    0x55, 0x2a, 0x95, 0x32, 0x74, 0x2a, 0x54, 0x32, 0x33, 0x2a, 0x32, 0x2a,
    0xe9, 0x10, 0xe9, 0x10, 0x0a, 0x11, 0x0a, 0x11, 0x0b, 0x11, 0x2a, 0x11,
    0x0a, 0x19, 0x2b, 0x11, 0x2b, 0x11, 0x2c, 0x11, 0x2c, 0x19, 0x4c, 0x19,
    0x4c, 0x19, 0x4c, 0x11, 0x6c, 0x19, 0x6d, 0x19, 0x6d, 0x19, 0x6d, 0x11,
    0x6e, 0x19, 0x6e, 0x19, 0x6e, 0x19, 0x8e, 0x19, 0x8e, 0x19, 0x6e, 0x19,
    0x8e, 0x19, 0x8e, 0x19, 0x8f, 0x19, 0x8e, 0x19, 0x8f, 0x19, 0x8f, 0x19,
    0x8f, 0x19, 0x8f, 0x19, 0x8f, 0x19, 0x8f, 0x19, 0x8f, 0x19, 0x8f, 0x19,
    0x90, 0x19, 0x90, 0x19, 0xb0, 0x19, 0xb0, 0x21, 0xd1, 0x19, 0xd1, 0x21,
    0xb1, 0x21, 0xd1, 0x19, 0xd1, 0x21, 0xd1, 0x21, 0xd2, 0x19, 0xf1, 0x21,
    0xd2, 0x21, 0xf2, 0x19, 0xf2, 0x21, 0xf2, 0x19, 0xf2, 0x21, 0xd2, 0x21,
    0xf2, 0x19, 0xf2, 0x21, 0xf2, 0x21, 0xf2, 0x21, 0xf2, 0x21, 0xf2, 0x21,
    0xf2, 0x21, 0xf3, 0x21, 0xf2, 0x21, 0xf2, 0x21, 0xf2, 0x21, 0xf2, 0x21,
    0xf2, 0x21, 0xf2, 0x21, 0xf2, 0x19, 0xf2, 0x21, 0xf2, 0x21, 0xf2, 0x21,
    0xf2, 0x21, 0xf2, 0x19, 0xf2, 0x21, 0xf2, 0x21, 0xf2, 0x21, 0xf2, 0x21,
    0xf2, 0x21, 0xf2, 0x21, 0xf2, 0x19, 0xf2, 0x21, 0xf2, 0x21, 0xf2, 0x19,
    0xd2, 0x21, 0xf2, 0x21, 0xd2, 0x19, 0xd2, 0x19, 0xd2, 0x21, 0xd2, 0x19,
    0xd2, 0x21, 0xf2, 0x21, 0xd2, 0x19, 0xf2, 0x21, 0xd2, 0x19, 0xd1, 0x19,
    0xd1, 0x19, 0xd1, 0x21, 0xd1, 0x19, 0xd1, 0x19, 0xd1, 0x21, 0xd1, 0x19,
    0xd0, 0x19, 0xb0, 0x21, 0xb0, 0x19, 0xb0, 0x19, 0x90, 0x19, 0x8f, 0x19,
    0x8e, 0x19, 0x6e, 0x19, 0x4d, 0x19, 0x4d, 0x19, 0x4d, 0x11, 0x2c, 0x11,
    0x2b, 0x11, 0x2b, 0x11, 0x2b, 0x11, 0x0b, 0x11, 0x0a, 0x11, 0x0a, 0x11,
    0x0a, 0x11, 0x0a, 0x11, 0x0a, 0x11, 0x0a, 0x11, 0x0a, 0x11, 0x09, 0x11,
    0x09, 0x09, 0x0a, 0x11, 0xe9, 0x10, 0x0a, 0x09, 0xe9, 0x10, 0xe9, 0x10,
    0xea, 0x08, 0xea, 0x10, 0xe9, 0x10, 0xe9, 0x10, 0x09, 0x11, 0xe9, 0x10,
    0xe9, 0x10, 0xe9, 0x10, 0xe9, 0x10, 0xe9, 0x08, 0xe9, 0x10, 0xe9, 0x10,
    0xe9, 0x08, 0xe9, 0x10, 0xe9, 0x10, 0xe9, 0x08, 0xe9, 0x10, 0xe9, 0x08,
    0xe9, 0x10, 0xe9, 0x10, 0xe8, 0x08, 0xe9, 0x08, 0xe9, 0x10, 0xe9, 0x10,
    0x09, 0x11, 0xe9, 0x10, 0x0a, 0x11, 0x2b, 0x11, 0x6e, 0x19, 0xd2, 0x19,
    0xf3, 0x19, 0x34, 0x22, 0x57, 0x22, 0x58, 0x22, 0x78, 0x2a, 0x98, 0x2a,
    0x98, 0x2a, 0x99, 0x2a, 0x98, 0x2a, 0xb9, 0x2a, 0x98, 0x2a, 0xb8, 0x2a,
    0x98, 0x2a, 0x98, 0x2a, 0x97, 0x2a, 0x97, 0x2a, 0x77, 0x2a, 0x76, 0x2a,
    0x76, 0x2a, 0x55, 0x2a, 0x35, 0x22, 0x75, 0x2a, 0x95, 0x32, 0x54, 0x32,
    0x54, 0x2a, 0x33, 0x2a, 0x32, 0x2a, 0xe9, 0x10, 0xc8, 0x10, 0x0a, 0x11,
    0x0a, 0x11, 0x2a, 0x11, 0x2a, 0x11, 0x2b, 0x11, 0x2b, 0x19, 0x2b, 0x11,
    0x4b, 0x11, 0x2b, 0x11, 0x4c, 0x11, 0x4c, 0x11, 0x2c, 0x19, 0x4c, 0x11,
    0x4c, 0x11, 0x4c, 0x19, 0x4d, 0x11, 0x4c, 0x11, 0x4c, 0x11, 0x4d, 0x11,
    0x6c, 0x19, 0x6c, 0x11, 0x4d, 0x19, 0x6e, 0x19, 0x6e, 0x19, 0x6e, 0x19,
    0x8e, 0x19, 0x6e, 0x19, 0x8e, 0x19, 0x8e, 0x19, 0x8e, 0x19, 0x8e, 0x19,
    0x8e, 0x19, 0x8f, 0x19, 0x90, 0x19, 0x8f, 0x19, 0xb0, 0x19, 0xaf, 0x19,
    0xb0, 0x19, 0xb0, 0x19, 0xb0, 0x19, 0xb0, 0x19, 0xd1, 0x19, 0xb0, 0x19,
    0xb1, 0x19, 0xd1, 0x19, 0xb1, 0x21, 0xd1, 0x19, 0xd1, 0x19, 0xd1, 0x19,
    0xd1, 0x19, 0xd1, 0x21, 0xd1, 0x19, 0xd1, 0x19, 0xd2, 0x21, 0xd2, 0x19,
    0xd2, 0x19, 0xf2, 0x19, 0xd2, 0x19, 0xd2, 0x19, 0xf2, 0x19, 0xf2, 0x19,
    0xd2, 0x21, 0xf2, 0x19, 0xf2, 0x19, 0xd2, 0x21, 0xd2, 0x19, 0xd2, 0x19,
    0xf1, 0x21, 0xd2, 0x19, 0xf2, 0x19, 0xd2, 0x21, 0xd2, 0x19, 0xd2, 0x19,
    0xd2, 0x21, 0xd2, 0x19, 0xd2, 0x19, 0xd2, 0x21, 0xf2, 0x19, 0xd2, 0x19,
    0xd2, 0x21, 0xd2, 0x19, 0xd2, 0x19, 0xd2, 0x21, 0xd2, 0x19, 0xd2, 0x19,
    0xf2, 0x21, 0xf2, 0x19, 0xd1, 0x19, 0xd1, 0x21, 0xd1, 0x19, 0xb2, 0x19,
    0xd1, 0x21, 0xd1, 0x21, 0xd1, 0x19, 0xb1, 0x21, 0xd1, 0x19, 0xb1, 0x19,
    0xb0, 0x19, 0xb0, 0x21, 0xb0, 0x19, 0xb0, 0x19, 0xb0, 0x19, 0x90, 0x19,
    0x8f, 0x19, 0x8e, 0x19, 0x8e, 0x19, 0x6d, 0x19, 0x4d, 0x19, 0x4d, 0x11,
    0x4c, 0x11, 0x2c, 0x11, 0x2b, 0x11, 0x2b, 0x11, 0x0b, 0x11, 0x0a, 0x11,
    0x0a, 0x11, 0x0a, 0x11, 0x0a, 0x11, 0x0a, 0x11, 0x09, 0x11, 0xea, 0x10,
    0x09, 0x09, 0xe9, 0x10, 0xe9, 0x10, 0xea, 0x10, 0xe9, 0x10, 0xe9, 0x10,
    0xe9, 0x08, 0xe9, 0x10, 0xe9, 0x10, 0xe9, 0x08, 0xe9, 0x10, 0xe9, 0x10,
    0xe9, 0x08, 0xe9, 0x08, 0xe9, 0x10, 0xe9, 0x08, 0xe9, 0x10, 0xe9, 0x10,
    0xe9, 0x10, 0xe9, 0x08, 0xe9, 0x10, 0xe9, 0x08, 0xe9, 0x10, 0xc8, 0x08,
    0xe8, 0x10, 0xe9, 0x08, 0xc8, 0x10, 0xe9, 0x08, 0xe8, 0x10, 0xe9, 0x10,
    0xe9, 0x10, 0xe9, 0x10, 0xe9, 0x08, 0xe9, 0x10, 0x09, 0x11, 0x0a, 0x11,
    0x2c, 0x11, 0x8f, 0x19, 0xd2, 0x19, 0x15, 0x22, 0x56, 0x22, 0x57, 0x22,
    0x78, 0x22, 0x98, 0x2a, 0x98, 0x2a, 0x99, 0x2a, 0x98, 0x2a, 0xb9, 0x2a,
    0xb9, 0x2a, 0xb9, 0x2a, 0xb8, 0x2a, 0xb8, 0x2a, 0x98, 0x2a, 0x98, 0x2a,
    0x97, 0x2a, 0x97, 0x2a, 0x96, 0x2a, 0x76, 0x2a, 0x55, 0x2a, 0x55, 0x22,
    0x75, 0x32, 0x75, 0x32, 0x75, 0x2a, 0x74, 0x32, 0x33, 0x2a, 0x32, 0x2a,
    0xe8, 0x10, 0xc8, 0x10, 0x0a, 0x11, 0x0a, 0x11, 0x0a, 0x11, 0x0a, 0x11,
    0x0a, 0x11, 0x0a, 0x11, 0x0a, 0x11, 0x2a, 0x11, 0x2a, 0x11, 0x0b, 0x11,
    0x2b, 0x11, 0x2b, 0x11, 0x2b, 0x11, 0x2b, 0x11, 0x2b, 0x11, 0x2b, 0x11,
    0x2b, 0x19, 0x2c, 0x11, 0x4c, 0x11, 0x2c, 0x11, 0x4c, 0x11, 0x6c, 0x11,
    0x4d, 0x19, 0x4d, 0x11, 0x8d, 0x11, 0x6e, 0x19, 0x6e, 0x19, 0x6e, 0x19,
    0x8e, 0x19, 0x8e, 0x19, 0x8f, 0x19, 0x8f, 0x19, 0x8f, 0x19, 0x8f, 0x19,
    0x8f, 0x19, 0x8f, 0x19, 0x8f, 0x19, 0x8f, 0x19, 0xb0, 0x19, 0x90, 0x19,
    0xb0, 0x19, 0xb0, 0x19, 0xb0, 0x19, 0xb0, 0x19, 0xb0, 0x19, 0xb0, 0x19,
    0xb0, 0x19, 0xb0, 0x19, 0xb0, 0x21, 0xb1, 0x19, 0xb1, 0x19, 0xd1, 0x19,
    0xd1, 0x19, 0xd1, 0x19, 0xb1, 0x19, 0xd1, 0x21, 0xd1, 0x19, 0xd1, 0x19,
    0xd1, 0x21, 0xd1, 0x19, 0xd1, 0x19, 0xd1, 0x19, 0xd1, 0x19, 0xb1, 0x19,
    0xd1, 0x19, 0xd1, 0x19, 0xd1, 0x19, 0xd1, 0x19, 0xd1, 0x19, 0xb1, 0x19,
    0xd1, 0x19, 0xd1, 0x21, 0xd1, 0x19, 0xd1, 0x19, 0xd1, 0x19, 0xd1, 0x19,
    0xd1, 0x19, 0xd1, 0x19, 0xd1, 0x21, 0xd1, 0x19, 0xd1, 0x19, 0xd1, 0x19,
    0xd1, 0x21, 0xd1, 0x19, 0xd1, 0x19, 0xd1, 0x21, 0xb1, 0x19, 0xd1, 0x19,
    0xd1, 0x19, 0xb1, 0x19, 0xd1, 0x19, 0xb0, 0x19, 0xd1, 0x19, 0xb0, 0x19,
    0xb0, 0x19, 0xb0, 0x19, 0xaf, 0x19, 0x8f, 0x19, 0x90, 0x19, 0x8f, 0x19,
    0x8f, 0x19, 0x6f, 0x19, 0x8e, 0x19, 0x8e, 0x19, 0x6d, 0x19, 0x4c, 0x11,
    0x4d, 0x11, 0x4c, 0x11, 0x2c, 0x11, 0x2b, 0x11, 0x0a, 0x11, 0x0a, 0x11,
    0x0a, 0x11, 0x09, 0x11, 0xea, 0x10, 0xea, 0x10, 0xe9, 0x10, 0xe9, 0x10,
    0xe9, 0x10, 0xe9, 0x08, 0xe9, 0x10, 0xe8, 0x08, 0xe8, 0x08, 0xe9, 0x10,
    0xc8, 0x08, 0xc8, 0x08, 0xe8, 0x10, 0xe8, 0x08, 0xc8, 0x08, 0xc8, 0x10,
    0xe8, 0x08, 0xc8, 0x08, 0xc8, 0x08, 0xc8, 0x08, 0xc8, 0x10, 0xc8, 0x08,
    0xc8, 0x08, 0xc8, 0x08, 0xc8, 0x08, 0xc8, 0x08, 0xc8, 0x10, 0xc7, 0x08,
    0xc7, 0x10, 0xc7, 0x08, 0xc8, 0x08, 0xc8, 0x10, 0xc7, 0x10, 0xc8, 0x08,
    0xc7, 0x08, 0xc7, 0x08, 0xc8, 0x08, 0xe8, 0x10, 0xe8, 0x10, 0xe9, 0x08,
    0xea, 0x10, 0x0a, 0x11, 0x0a, 0x11, 0x2c, 0x11, 0x8f, 0x19, 0xf3, 0x19,
    0x36, 0x22, 0x58, 0x22, 0x78, 0x2a, 0x98, 0x2a, 0x98, 0x22, 0x99, 0x2a,
    0xb9, 0x2a, 0xb9, 0x2a, 0xb8, 0x2a, 0xb8, 0x2a, 0xb8, 0x2a, 0xb8, 0x2a,
    0x98, 0x2a, 0xb8, 0x2a, 0x97, 0x2a, 0x97, 0x2a, 0x97, 0x2a, 0x76, 0x2a,
    0x76, 0x2a, 0x55, 0x22, 0x55, 0x2a, 0x96, 0x32, 0x75, 0x32, 0x54, 0x2a,
    0x74, 0x2a, 0x33, 0x2a, 0x32, 0x2a, 0xa7, 0x08, 0xa6, 0x08, 0xe8, 0x10,
    0xc8, 0x10, 0xc8, 0x10, 0xc8, 0x10, 0xc8, 0x10, 0xc7, 0x10, 0xc7, 0x10,
    0xc8, 0x10, 0xc8, 0x10, 0xc7, 0x10, 0xc7, 0x10, 0xc7, 0x10, 0xc8, 0x10,
    0xc7, 0x10, 0xc8, 0x10, 0xe8, 0x10, 0xe8, 0x10, 0xe8, 0x10, 0xe8, 0x10,
    0xe9, 0x10, 0xe8, 0x10, 0xe8, 0x10, 0xe9, 0x10, 0x0a, 0x11, 0x6e, 0x19,
    0x8e, 0x19, 0x8e, 0x11, 0x8e, 0x19, 0x8f, 0x19, 0x8f, 0x19, 0x8f, 0x19,
    0x8f, 0x19, 0x8f, 0x19, 0x8f, 0x19, 0x8f, 0x19, 0x8f, 0x19, 0x8f, 0x19,
    0x8f, 0x19, 0xb0, 0x19, 0x8f, 0x19, 0x8f, 0x19, 0xaf, 0x19, 0xb0, 0x19,
    0xb0, 0x19, 0xb0, 0x19, 0xb0, 0x19, 0xaf, 0x19, 0xb0, 0x19, 0xb0, 0x19,
    0xb0, 0x19, 0xb0, 0x19, 0xb0, 0x19, 0xb0, 0x21, 0xb0, 0x19, 0xb0, 0x19,
    0xb0, 0x21, 0xb1, 0x19, 0xb0, 0x19, 0xb0, 0x21, 0xb0, 0x19, 0xb0, 0x19,
    0xb0, 0x21, 0xb0, 0x19, 0xb0, 0x19, 0xb0, 0x19, 0xb0, 0x19, 0xb0, 0x21,
    0xb0, 0x19, 0xb0, 0x19, 0xb0, 0x19, 0xb0, 0x19, 0xb0, 0x19, 0xb0, 0x19,
    0xaf, 0x19, 0xb0, 0x19, 0xb0, 0x19, 0xb0, 0x19, 0xb0, 0x19, 0xb0, 0x19,
    0xb0, 0x19, 0xb0, 0x19, 0xb0, 0x19, 0xaf, 0x19, 0xb0, 0x19, 0xb0, 0x19,
    0xaf, 0x19, 0xb0, 0x19, 0x90, 0x19, 0xaf, 0x19, 0xaf, 0x19, 0x8f, 0x19,
    0x8f, 0x19, 0x8f, 0x19, 0x8f, 0x19, 0x8f, 0x19, 0x8f, 0x19, 0x8e, 0x19,
    0x8f, 0x19, 0x6e, 0x19, 0x6d, 0x19, 0x6d, 0x19, 0x6d, 0x19, 0x4d, 0x19,
    0x4c, 0x19, 0x4c, 0x11, 0x4c, 0x11, 0x2b, 0x19, 0x2b, 0x11, 0x2a, 0x11,
    0x0a, 0x11, 0xe9, 0x10, 0xe9, 0x10, 0xe9, 0x10, 0xe9, 0x10, 0xc8, 0x10,
    0xc8, 0x08, 0xc8, 0x08, 0xc8, 0x10, 0xc8, 0x08, 0xc7, 0x08, 0xc7, 0x10,
    0xc7, 0x08, 0xc7, 0x08, 0xc7, 0x08, 0xc7, 0x08, 0xc7, 0x08, 0xc7, 0x08,
    0xc7, 0x10, 0xc7, 0x08, 0xc7, 0x08, 0xc7, 0x10, 0xc7, 0x08, 0xc7, 0x08,
    0xc7, 0x10, 0xa6, 0x08, 0xa7, 0x08, 0xa6, 0x10, 0xa7, 0x08, 0xa6, 0x08,
    0xa6, 0x08, 0xa7, 0x08, 0xa6, 0x08, 0xa7, 0x08, 0xa7, 0x08, 0xa6, 0x08,
    0xa7, 0x08, 0xa7, 0x08, 0xa7, 0x08, 0xa7, 0x08, 0xa7, 0x10, 0xa7, 0x08,
    0xc7, 0x08, 0xe8, 0x10, 0xe9, 0x10, 0x0a, 0x11, 0x0a, 0x11, 0x0a, 0x11,
    0x2b, 0x11, 0x8f, 0x19, 0x14, 0x22, 0x57, 0x22, 0x78, 0x22, 0x78, 0x2a,
    0x98, 0x2a, 0x99, 0x2a, 0x99, 0x2a, 0xb9, 0x2a, 0xb9, 0x2a, 0xb9, 0x2a,
    0xb9, 0x2a, 0x98, 0x2a, 0xb9, 0x2a, 0x98, 0x2a, 0xb8, 0x2a, 0x97, 0x2a,
    0x98, 0x2a, 0x77, 0x2a, 0x76, 0x2a, 0x76, 0x2a, 0x55, 0x22, 0x55, 0x2a,
    0x96, 0x32, 0x75, 0x32, 0x54, 0x2a, 0x54, 0x32, 0x33, 0x2a, 0x32, 0x2a,
    0x2b, 0x19, 0x4b, 0x19, 0x6d, 0x19, 0x6e, 0x19, 0x8e, 0x19, 0xaf, 0x19,
    0xaf, 0x19, 0xb0, 0x21, 0xd2, 0x21, 0xf2, 0x21, 0xf2, 0x21, 0xf3, 0x21,
    0x13, 0x22, 0xf3, 0x21, 0x14, 0x22, 0x35, 0x22, 0x35, 0x22, 0x35, 0x22,
    0x36, 0x22, 0x36, 0x22, 0x36, 0x22, 0x77, 0x2a, 0x99, 0x2a, 0xb9, 0x32,
    0xda, 0x32, 0xd9, 0x2a, 0xf2, 0x21, 0xf3, 0x21, 0x14, 0x22, 0x15, 0x22,
    0x35, 0x22, 0x35, 0x22, 0x35, 0x22, 0x35, 0x22, 0x36, 0x22, 0x35, 0x22,
    0x35, 0x22, 0x35, 0x22, 0x35, 0x22, 0x36, 0x2a, 0x35, 0x22, 0x35, 0x2a,
    0x35, 0x2a, 0x35, 0x22, 0x35, 0x2a, 0x35, 0x2a, 0x35, 0x22, 0x35, 0x2a,
    0x35, 0x2a, 0x35, 0x22, 0x36, 0x22, 0x35, 0x2a, 0x35, 0x22, 0x36, 0x2a,
    0x35, 0x2a, 0x36, 0x22, 0x36, 0x22, 0x35, 0x22, 0x35, 0x22, 0x35, 0x22,
    0x35, 0x22, 0x35, 0x22, 0x35, 0x2a, 0x35, 0x22, 0x35, 0x22, 0x35, 0x2a,
    0x34, 0x2a, 0x35, 0x22, 0x34, 0x22, 0x35, 0x2a, 0x34, 0x22, 0x35, 0x2a,
    0x34, 0x22, 0x35, 0x22, 0x34, 0x2a, 0x35, 0x22, 0x35, 0x2a, 0x34, 0x22,
    0x35, 0x2a, 0x34, 0x22, 0x35, 0x22, 0x34, 0x2a, 0x35, 0x22, 0x34, 0x22,
    0x35, 0x2a, 0x35, 0x22, 0x35, 0x22, 0x34, 0x22, 0x34, 0x2a, 0x34, 0x22,
    0x34, 0x22, 0x14, 0x22, 0x15, 0x22, 0x35, 0x22, 0x34, 0x22, 0x14, 0x22,
    0x15, 0x22, 0x14, 0x22, 0x14, 0x22, 0x14, 0x22, 0x14, 0x22, 0x14, 0x22,
    0x14, 0x22, 0x14, 0x22, 0x13, 0x22, 0x14, 0x22, 0x14, 0x22, 0xf3, 0x21,
    0xf3, 0x21, 0xf2, 0x21, 0xd2, 0x21, 0xd1, 0x19, 0xd2, 0x21, 0xd1, 0x19,
    0xb0, 0x19, 0xb0, 0x19, 0xb0, 0x19, 0xb0, 0x19, 0xaf, 0x19, 0xb0, 0x19,
    0x90, 0x19, 0xb0, 0x19, 0xb0, 0x19, 0x90, 0x19, 0x90, 0x19, 0x90, 0x19,
    0x90, 0x19, 0x8f, 0x19, 0x90, 0x19, 0x90, 0x19, 0x8f, 0x19, 0x8f, 0x19,
    0xaf, 0x19, 0x8f, 0x19, 0x8f, 0x19, 0x8f, 0x19, 0x8f, 0x19, 0x8f, 0x19,
    0x8f, 0x19, 0xaf, 0x19, 0x8f, 0x19, 0x8f, 0x19, 0x8f, 0x19, 0x8f, 0x19,
    0x8f, 0x19, 0x8f, 0x19, 0x8f, 0x19, 0x8f, 0x19, 0x8f, 0x19, 0x8f, 0x19,
    0x8f, 0x19, 0x8f, 0x19, 0xb1, 0x21, 0x8e, 0x19, 0xc8, 0x08, 0xe9, 0x08,
    0xe9, 0x10, 0x0a, 0x11, 0x0a, 0x11, 0x2b, 0x11, 0xb0, 0x19, 0x36, 0x22,
    0x78, 0x22, 0x78, 0x2a, 0x78, 0x22, 0x99, 0x2a, 0xb9, 0x2a, 0xb9, 0x2a,
    0xb9, 0x2a, 0xb9, 0x2a, 0xb9, 0x2a, 0xb9, 0x2a, 0xb8, 0x2a, 0xb9, 0x2a,
    0x98, 0x2a, 0x98, 0x2a, 0x98, 0x2a, 0x97, 0x2a, 0x97, 0x2a, 0x76, 0x2a,
    0x76, 0x2a, 0x55, 0x22, 0x75, 0x2a, 0x96, 0x32, 0x75, 0x2a, 0x74, 0x32,
    0x74, 0x32, 0x33, 0x2a, 0x32, 0x2a, 0xaf, 0x21, 0xb0, 0x19, 0xf2, 0x21,
    0x13, 0x22, 0x33, 0x2a, 0x34, 0x2a, 0x55, 0x2a, 0x76, 0x2a, 0x77, 0x2a,
    0x97, 0x2a, 0xb7, 0x2a, 0xb8, 0x2a, 0xb9, 0x32, 0xd9, 0x32, 0xd9, 0x32,
    0xfa, 0x32, 0xfa, 0x32, 0xfa, 0x32, 0xfb, 0x32, 0xfb, 0x32, 0xfb, 0x32,
    0x5c, 0x3b, 0x9e, 0x43, 0xbf, 0x43, 0xdf, 0x43, 0x9e, 0x43, 0xf2, 0x19,
    0xf3, 0x21, 0x36, 0x22, 0x56, 0x22, 0x56, 0x22, 0x57, 0x2a, 0x57, 0x2a,
    0x57, 0x2a, 0x77, 0x2a, 0x57, 0x2a, 0x56, 0x2a, 0x57, 0x2a, 0x57, 0x2a,
    0x76, 0x22, 0x56, 0x2a, 0x56, 0x2a, 0x77, 0x2a, 0x56, 0x22, 0x57, 0x2a,
    0x57, 0x2a, 0x57, 0x22, 0x77, 0x2a, 0x77, 0x2a, 0x77, 0x2a, 0x77, 0x2a,
    0x77, 0x2a, 0x77, 0x2a, 0x58, 0x2a, 0x77, 0x2a, 0x57, 0x2a, 0x77, 0x2a,
    0x77, 0x2a, 0x77, 0x2a, 0x77, 0x2a, 0x78, 0x2a, 0x77, 0x2a, 0x77, 0x2a,
    0x77, 0x2a, 0x57, 0x2a, 0x77, 0x2a, 0x77, 0x2a, 0x57, 0x2a, 0x57, 0x2a,
    0x77, 0x2a, 0x57, 0x2a, 0x57, 0x2a, 0x77, 0x2a, 0x57, 0x2a, 0x57, 0x2a,
    0x77, 0x2a, 0x57, 0x2a, 0x57, 0x2a, 0x57, 0x2a, 0x57, 0x2a, 0x57, 0x2a,
    0x77, 0x2a, 0x57, 0x2a, 0x57, 0x2a, 0x77, 0x2a, 0x57, 0x2a, 0x57, 0x2a,
    0x57, 0x2a, 0x57, 0x2a, 0x57, 0x2a, 0x77, 0x2a, 0x77, 0x2a, 0x56, 0x2a,
    0x56, 0x2a, 0x57, 0x2a, 0x56, 0x2a, 0x56, 0x2a, 0x56, 0x2a, 0x56, 0x22,
    0x56, 0x22, 0x56, 0x22, 0x56, 0x22, 0x56, 0x22, 0x56, 0x22, 0x56, 0x22,
    0x56, 0x22, 0x56, 0x22, 0x36, 0x22, 0x35, 0x22, 0x35, 0x22, 0x14, 0x22,
    0x14, 0x22, 0xb0, 0x19, 0x8e, 0x19, 0x6e, 0x19, 0x8e, 0x19, 0x6e, 0x19,
    0x6d, 0x19, 0x6d, 0x19, 0x6e, 0x19, 0x6e, 0x19, 0x6d, 0x19, 0x6e, 0x19,
    0x6e, 0x19, 0x6e, 0x19, 0x6d, 0x19, 0x6d, 0x19, 0x6e, 0x19, 0x6d, 0x19,
    0x6d, 0x19, 0x6d, 0x19, 0x4e, 0x19, 0x4d, 0x19, 0x4d, 0x19, 0x6d, 0x19,
    0x6d, 0x19, 0x6d, 0x19, 0x6d, 0x19, 0x6d, 0x19, 0x6d, 0x19, 0x4c, 0x19,
    0x4d, 0x19, 0x4d, 0x19, 0x4c, 0x19, 0x4c, 0x19, 0x4d, 0x19, 0x4c, 0x19,
    0x4c, 0x19, 0x4c, 0x19, 0x4c, 0x19, 0x4c, 0x19, 0x4c, 0x19, 0x8e, 0x19,
    0x4c, 0x11, 0x43, 0x08, 0x64, 0x08, 0x84, 0x08, 0xc8, 0x08, 0x2b, 0x11,
    0x2b, 0x11, 0xb1, 0x19, 0x57, 0x22, 0x78, 0x2a, 0x78, 0x2a, 0x99, 0x2a,
    0x98, 0x2a, 0x99, 0x2a, 0xb9, 0x2a, 0xb9, 0x2a, 0xb9, 0x2a, 0xb9, 0x2a,
    0x98, 0x2a, 0xb8, 0x2a, 0xb8, 0x2a, 0x98, 0x2a, 0xb8, 0x2a, 0x97, 0x2a,
    0x97, 0x2a, 0x97, 0x2a, 0x76, 0x2a, 0x76, 0x2a, 0x55, 0x22, 0x76, 0x2a,
    0x96, 0x32, 0x75, 0x32, 0x54, 0x2a, 0x54, 0x2a, 0x33, 0x2a, 0x32, 0x2a,
    0x8f, 0x19, 0x8e, 0x19, 0xb0, 0x21, 0xd0, 0x21, 0x12, 0x22, 0x34, 0x22,
    0x14, 0x22, 0x54, 0x2a, 0x55, 0x2a, 0x55, 0x2a, 0x56, 0x2a, 0x76, 0x2a,
    0x77, 0x2a, 0x97, 0x2a, 0x98, 0x2a, 0x98, 0x2a, 0x98, 0x2a, 0x99, 0x2a,
    0xb9, 0x2a, 0xb9, 0x2a, 0xb9, 0x2a, 0xda, 0x32, 0x1b, 0x33, 0x1b, 0x3b,
    0x7d, 0x3b, 0x3c, 0x3b, 0xd1, 0x21, 0xf2, 0x19, 0x14, 0x22, 0x34, 0x22,
    0x35, 0x22, 0x36, 0x22, 0x36, 0x22, 0x56, 0x22, 0x35, 0x22, 0x35, 0x22,
    0x35, 0x22, 0x35, 0x22, 0x35, 0x22, 0x35, 0x22, 0x35, 0x22, 0x35, 0x22,
    0x35, 0x22, 0x35, 0x22, 0x55, 0x22, 0x35, 0x22, 0x35, 0x22, 0x35, 0x22,
    0x36, 0x22, 0x56, 0x22, 0x36, 0x22, 0x36, 0x22, 0x56, 0x22, 0x56, 0x22,
    0x56, 0x22, 0x36, 0x22, 0x56, 0x22, 0x56, 0x2a, 0x56, 0x22, 0x56, 0x22,
    0x56, 0x22, 0x56, 0x22, 0x36, 0x22, 0x36, 0x22, 0x36, 0x22, 0x36, 0x22,
    0x36, 0x22, 0x36, 0x22, 0x36, 0x22, 0x36, 0x22, 0x36, 0x22, 0x36, 0x22,
    0x36, 0x22, 0x36, 0x22, 0x36, 0x22, 0x36, 0x22, 0x36, 0x22, 0x36, 0x22,
    0x56, 0x22, 0x36, 0x22, 0x36, 0x22, 0x36, 0x22, 0x36, 0x22, 0x36, 0x2a,
    0x35, 0x22, 0x35, 0x22, 0x56, 0x22, 0x56, 0x22, 0x35, 0x22, 0x35, 0x22,
    0x56, 0x22, 0x36, 0x22, 0x35, 0x22, 0x35, 0x22, 0x36, 0x22, 0x35, 0x22,
    0x35, 0x22, 0x35, 0x22, 0x35, 0x22, 0x35, 0x22, 0x35, 0x22, 0x35, 0x22,
    0x35, 0x22, 0x35, 0x22, 0x14, 0x22, 0x14, 0x22, 0x35, 0x22, 0x14, 0x22,
    0x13, 0x22, 0xf2, 0x21, 0xf2, 0x21, 0xb0, 0x19, 0x14, 0x22, 0x57, 0x22,
    0x36, 0x22, 0x36, 0x22, 0x36, 0x22, 0x36, 0x22, 0x36, 0x22, 0x36, 0x22,
    0x35, 0x22, 0x35, 0x22, 0x15, 0x22, 0x35, 0x22, 0x35, 0x22, 0x34, 0x22,
    0x35, 0x22, 0x35, 0x22, 0x35, 0x22, 0x35, 0x22, 0x15, 0x22, 0x35, 0x22,
    0x35, 0x22, 0x35, 0x22, 0x15, 0x22, 0x15, 0x22, 0x15, 0x22, 0x15, 0x22,
    0x35, 0x22, 0xd2, 0x19, 0x57, 0x22, 0x99, 0x2a, 0xd1, 0x19, 0x35, 0x22,
    0x14, 0x22, 0x14, 0x22, 0x14, 0x22, 0x14, 0x22, 0xf4, 0x21, 0x14, 0x1a,
    0x14, 0x22, 0x14, 0x22, 0x14, 0x22, 0x13, 0x22, 0xb1, 0x19, 0xb1, 0x19,
    0xd1, 0x19, 0x0a, 0x11, 0xe9, 0x10, 0x2b, 0x11, 0xd2, 0x19, 0x78, 0x22,
    0x78, 0x2a, 0x98, 0x22, 0x99, 0x2a, 0x99, 0x2a, 0xb9, 0x2a, 0xb9, 0x2a,
    0xb9, 0x2a, 0xb9, 0x2a, 0xb9, 0x2a, 0xb9, 0x2a, 0xb9, 0x2a, 0xb8, 0x2a,
    0x98, 0x2a, 0xb8, 0x2a, 0x98, 0x2a, 0x98, 0x2a, 0x97, 0x2a, 0x76, 0x2a,
    0x76, 0x2a, 0x55, 0x2a, 0x76, 0x2a, 0x96, 0x32, 0x75, 0x32, 0x54, 0x2a,
    0x74, 0x32, 0x33, 0x2a, 0x32, 0x2a, 0xaf, 0x21, 0x8e, 0x19, 0xb0, 0x21,
    0xf1, 0x21, 0xd1, 0x21, 0x14, 0x22, 0x34, 0x22, 0x55, 0x2a, 0x55, 0x2a,
    0x76, 0x2a, 0x76, 0x2a, 0x77, 0x2a, 0x77, 0x2a, 0x97, 0x2a, 0x98, 0x2a,
    0x98, 0x2a, 0xb9, 0x2a, 0xb9, 0x32, 0xb9, 0x2a, 0xb9, 0x2a, 0xb9, 0x2a,
    0xda, 0x32, 0x1b, 0x33, 0x3c, 0x3b, 0x7d, 0x43, 0x5c, 0x3b, 0xd1, 0x19,
    0xd1, 0x21, 0x14, 0x22, 0x15, 0x22, 0x35, 0x22, 0x55, 0x2a, 0x56, 0x22,
    0x35, 0x22, 0x35, 0x22, 0x55, 0x22, 0x35, 0x22, 0x35, 0x22, 0x35, 0x22,
    0x34, 0x22, 0x35, 0x22, 0x35, 0x22, 0x35, 0x22, 0x35, 0x22, 0x35, 0x22,
    0x35, 0x22, 0x35, 0x22, 0x35, 0x22, 0x35, 0x2a, 0x35, 0x22, 0x56, 0x22,
    0x56, 0x2a, 0x56, 0x2a, 0x56, 0x22, 0x57, 0x2a, 0x56, 0x22, 0x56, 0x2a,
    0x37, 0x22, 0x56, 0x2a, 0x36, 0x2a, 0x56, 0x2a, 0x56, 0x2a, 0x56, 0x2a,
    0x56, 0x22, 0x56, 0x22, 0x56, 0x2a, 0x56, 0x22, 0x36, 0x2a, 0x56, 0x22,
    0x56, 0x2a, 0x56, 0x22, 0x56, 0x2a, 0x56, 0x22, 0x36, 0x2a, 0x56, 0x22,
    0x56, 0x22, 0x36, 0x2a, 0x56, 0x22, 0x56, 0x2a, 0x56, 0x22, 0x56, 0x2a,
    0x56, 0x22, 0x36, 0x2a, 0x56, 0x22, 0x56, 0x22, 0x56, 0x2a, 0x56, 0x22,
    0x56, 0x22, 0x35, 0x22, 0x56, 0x22, 0x56, 0x2a, 0x35, 0x22, 0x36, 0x22,
    0x56, 0x22, 0x35, 0x22, 0x36, 0x2a, 0x36, 0x22, 0x35, 0x22, 0x35, 0x2a,
    0x35, 0x2a, 0x36, 0x22, 0x35, 0x22, 0x35, 0x22, 0x35, 0x22, 0x35, 0x22,
    0x35, 0x22, 0x14, 0x22, 0x14, 0x22, 0xf3, 0x21, 0xf3, 0x21, 0xb0, 0x19,
    0x6e, 0x19, 0xdb, 0x32, 0x3c, 0x33, 0xfb, 0x32, 0xfb, 0x32, 0xfb, 0x32,
    0x1b, 0x33, 0xfb, 0x32, 0xfb, 0x32, 0xfb, 0x32, 0xfb, 0x32, 0xfb, 0x32,
    0xfb, 0x32, 0xfb, 0x32, 0xfb, 0x32, 0xfb, 0x32, 0xfb, 0x32, 0xfb, 0x32,
    0xfb, 0x32, 0xfb, 0x32, 0x1b, 0x33, 0x1b, 0x33, 0xfb, 0x32, 0x1b, 0x33,
    0x1b, 0x33, 0xfb, 0x32, 0x1b, 0x33, 0xfb, 0x32, 0x99, 0x2a, 0xbf, 0x43,
    0x9e, 0x43, 0xd9, 0x2a, 0xfb, 0x32, 0xfb, 0x32, 0xfb, 0x32, 0xfb, 0x32,
    0xfa, 0x2a, 0xfb, 0x32, 0xda, 0x32, 0xfa, 0x2a, 0xfb, 0x2a, 0xda, 0x32,
    0xda, 0x32, 0x1b, 0x33, 0xfb, 0x32, 0x5d, 0x3b, 0xb1, 0x19, 0x86, 0x08,
    0x2c, 0x11, 0xd2, 0x19, 0x78, 0x2a, 0x79, 0x2a, 0x98, 0x2a, 0x99, 0x22,
    0x99, 0x2a, 0xb9, 0x2a, 0xb9, 0x2a, 0xb9, 0x2a, 0xb9, 0x2a, 0xb8, 0x2a,
    0xb9, 0x2a, 0xb9, 0x2a, 0xb8, 0x2a, 0x98, 0x2a, 0xb8, 0x2a, 0x97, 0x2a,
    0x97, 0x2a, 0x97, 0x2a, 0x76, 0x2a, 0x56, 0x2a, 0x55, 0x2a, 0x96, 0x32,
    0x95, 0x32, 0x75, 0x2a, 0x75, 0x32, 0x74, 0x2a, 0x33, 0x2a, 0x32, 0x2a,
    0xaf, 0x21, 0x8f, 0x19, 0xb0, 0x19, 0xf2, 0x21, 0xaf, 0x19, 0x14, 0x22,
    0x34, 0x2a, 0x35, 0x22, 0x56, 0x2a, 0x76, 0x22, 0x77, 0x2a, 0x77, 0x2a,
    0x97, 0x2a, 0x97, 0x2a, 0x98, 0x2a, 0x98, 0x2a, 0xb8, 0x2a, 0xb9, 0x2a,
    0xb9, 0x32, 0xb9, 0x32, 0xb9, 0x2a, 0xda, 0x32, 0xfb, 0x32, 0x3c, 0x3b,
    0x7d, 0x3b, 0x5c, 0x3b, 0xb1, 0x19, 0xd1, 0x19, 0x14, 0x22, 0x35, 0x22,
    0x35, 0x22, 0x35, 0x22, 0x55, 0x2a, 0x35, 0x2a, 0x35, 0x22, 0x35, 0x22,
    0x34, 0x22, 0x14, 0x22, 0x34, 0x22, 0x15, 0x22, 0xf3, 0x21, 0xf2, 0x21,
    0xf2, 0x21, 0xf3, 0x21, 0x35, 0x22, 0x34, 0x22, 0x14, 0x22, 0x35, 0x22,
    0x35, 0x22, 0x35, 0x22, 0x35, 0x2a, 0x56, 0x22, 0x36, 0x22, 0x56, 0x2a,
    0x56, 0x22, 0x37, 0x2a, 0x56, 0x2a, 0x56, 0x22, 0x57, 0x22, 0x57, 0x22,
    0x36, 0x2a, 0x57, 0x22, 0x56, 0x2a, 0x56, 0x2a, 0x56, 0x22, 0x57, 0x22,
    0x56, 0x2a, 0x57, 0x22, 0x56, 0x22, 0x56, 0x2a, 0x56, 0x22, 0x57, 0x22,
    0x56, 0x2a, 0x56, 0x2a, 0x56, 0x22, 0x56, 0x2a, 0x57, 0x2a, 0x56, 0x22,
    0x56, 0x22, 0x56, 0x2a, 0x56, 0x22, 0x56, 0x2a, 0x57, 0x22, 0x56, 0x22,
    0x56, 0x2a, 0x56, 0x22, 0x56, 0x2a, 0x56, 0x2a, 0x56, 0x22, 0x56, 0x2a,
    0x56, 0x22, 0x56, 0x2a, 0x36, 0x22, 0x36, 0x22, 0x55, 0x2a, 0x35, 0x22,
    0x35, 0x22, 0x35, 0x22, 0x35, 0x22, 0x35, 0x2a, 0x35, 0x22, 0x35, 0x22,
    0x35, 0x22, 0x34, 0x22, 0x35, 0x22, 0x35, 0x2a, 0x35, 0x22, 0x14, 0x22,
    0x14, 0x22, 0xf2, 0x19, 0x6d, 0x19, 0xb0, 0x19, 0xb9, 0x2a, 0xda, 0x32,
    0xb9, 0x2a, 0xb9, 0x2a, 0xba, 0x2a, 0xb9, 0x2a, 0xb9, 0x2a, 0xb9, 0x2a,
    0xba, 0x2a, 0xd9, 0x2a, 0xb9, 0x2a, 0xb9, 0x2a, 0xb9, 0x2a, 0xda, 0x2a,
    0xba, 0x2a, 0xb9, 0x2a, 0xb9, 0x2a, 0xba, 0x2a, 0xb9, 0x2a, 0xba, 0x2a,
    0xb9, 0x2a, 0xb9, 0x2a, 0xb9, 0x2a, 0xb9, 0x2a, 0xb9, 0x2a, 0xda, 0x2a,
    0x78, 0x22, 0xfb, 0x32, 0x9e, 0x43, 0x3b, 0x3b, 0xb9, 0x2a, 0x98, 0x22,
    0xba, 0x2a, 0xb9, 0x2a, 0xb9, 0x2a, 0xb9, 0x2a, 0xb9, 0x2a, 0x99, 0x2a,
    0x99, 0x2a, 0x99, 0x2a, 0x99, 0x2a, 0x99, 0x2a, 0x99, 0x2a, 0x98, 0x2a,
    0xda, 0x32, 0x8f, 0x19, 0x85, 0x08, 0x0b, 0x11, 0xf3, 0x21, 0x78, 0x2a,
    0x99, 0x2a, 0x98, 0x2a, 0x99, 0x2a, 0xb9, 0x2a, 0xb9, 0x2a, 0xb9, 0x2a,
    0xb9, 0x2a, 0xb9, 0x2a, 0xb9, 0x2a, 0xb9, 0x2a, 0xb9, 0x2a, 0xb8, 0x32,
    0x98, 0x2a, 0xb8, 0x2a, 0x97, 0x32, 0x97, 0x2a, 0x77, 0x2a, 0x76, 0x2a,
    0x75, 0x22, 0x55, 0x2a, 0x96, 0x32, 0x75, 0x32, 0x75, 0x2a, 0x54, 0x32,
    0x54, 0x2a, 0x33, 0x2a, 0x32, 0x2a, 0xaf, 0x21, 0x8f, 0x19, 0xb0, 0x21,
    0xd1, 0x21, 0x8e, 0x19, 0x34, 0x22, 0x35, 0x2a, 0x55, 0x2a, 0x75, 0x2a,
    0x76, 0x2a, 0x76, 0x2a, 0x77, 0x2a, 0x77, 0x2a, 0x98, 0x2a, 0x98, 0x2a,
    0xb8, 0x2a, 0xb8, 0x32, 0xb9, 0x2a, 0xb9, 0x2a, 0xb9, 0x2a, 0xb9, 0x2a,
    0xb9, 0x2a, 0xfa, 0x32, 0x1c, 0x3b, 0x7d, 0x3b, 0x5c, 0x3b, 0xb1, 0x19,
    0xd1, 0x19, 0x14, 0x22, 0x14, 0x22, 0x35, 0x22, 0x35, 0x22, 0x35, 0x22,
    0x35, 0x22, 0x35, 0x22, 0x14, 0x22, 0x35, 0x22, 0x14, 0x22, 0xd1, 0x21,
    0x6d, 0x19, 0xb0, 0x19, 0x14, 0x22, 0x14, 0x22, 0xb1, 0x19, 0x6e, 0x19,
    0xd1, 0x21, 0x35, 0x22, 0x35, 0x22, 0x35, 0x22, 0x35, 0x22, 0x35, 0x22,
    0x36, 0x22, 0x56, 0x22, 0x56, 0x2a, 0x36, 0x22, 0x56, 0x22, 0x56, 0x2a,
    0x57, 0x22, 0x57, 0x22, 0x57, 0x22, 0x56, 0x22, 0x56, 0x22, 0x37, 0x22,
    0x36, 0x22, 0x56, 0x2a, 0x56, 0x2a, 0x56, 0x22, 0x56, 0x22, 0x56, 0x2a,
    0x56, 0x2a, 0x56, 0x22, 0x56, 0x2a, 0x56, 0x22, 0x56, 0x22, 0x57, 0x22,
    0x56, 0x22, 0x56, 0x2a, 0x56, 0x22, 0x56, 0x2a, 0x56, 0x2a, 0x56, 0x22,
    0x56, 0x2a, 0x56, 0x22, 0x57, 0x22, 0x56, 0x2a, 0x56, 0x22, 0x36, 0x2a,
    0x56, 0x2a, 0x56, 0x22, 0x56, 0x22, 0x56, 0x2a, 0x56, 0x22, 0x56, 0x2a,
    0x35, 0x22, 0x36, 0x22, 0x56, 0x22, 0x55, 0x2a, 0x36, 0x2a, 0x35, 0x22,
    0x35, 0x22, 0x35, 0x22, 0x35, 0x2a, 0x35, 0x22, 0x35, 0x22, 0x35, 0x22,
    0x35, 0x22, 0x35, 0x22, 0x14, 0x22, 0x13, 0x22, 0x8f, 0x19, 0x4d, 0x11,
    0xb1, 0x19, 0xb9, 0x2a, 0xda, 0x2a, 0xba, 0x2a, 0xda, 0x2a, 0xda, 0x2a,
    0xda, 0x2a, 0xda, 0x2a, 0xd9, 0x2a, 0xda, 0x2a, 0xba, 0x2a, 0xd9, 0x2a,
    0xda, 0x2a, 0xba, 0x2a, 0xba, 0x2a, 0xda, 0x2a, 0xda, 0x2a, 0xda, 0x32,
    0xda, 0x2a, 0xba, 0x2a, 0xba, 0x2a, 0xda, 0x2a, 0xba, 0x2a, 0xba, 0x2a,
    0xda, 0x32, 0xba, 0x32, 0x99, 0x2a, 0xda, 0x32, 0x9e, 0x43, 0x7d, 0x3b,
    0xda, 0x32, 0xfb, 0x32, 0x1b, 0x33, 0x99, 0x2a, 0xd9, 0x2a, 0xb9, 0x2a,
    0xba, 0x2a, 0xb9, 0x2a, 0xb9, 0x2a, 0xb9, 0x2a, 0xb9, 0x2a, 0x99, 0x2a,
    0x99, 0x2a, 0x99, 0x2a, 0x98, 0x2a, 0xfa, 0x32, 0x8f, 0x19, 0x64, 0x08,
    0x2b, 0x11, 0x15, 0x22, 0x99, 0x2a, 0x98, 0x2a, 0x99, 0x2a, 0x99, 0x2a,
    0xb9, 0x2a, 0xb9, 0x2a, 0xb9, 0x2a, 0xb9, 0x2a, 0xb9, 0x2a, 0xb9, 0x2a,
    0xb9, 0x2a, 0xb8, 0x2a, 0xb8, 0x2a, 0x98, 0x2a, 0x98, 0x2a, 0x98, 0x2a,
    0x97, 0x2a, 0x77, 0x2a, 0x76, 0x2a, 0x55, 0x2a, 0x76, 0x2a, 0x96, 0x32,
    0x95, 0x2a, 0x75, 0x32, 0x75, 0x32, 0x54, 0x2a, 0x33, 0x2a, 0x32, 0x2a,
    0xd0, 0x21, 0xaf, 0x19, 0xd0, 0x21, 0xb0, 0x19, 0x6e, 0x19, 0x34, 0x2a,
    0x34, 0x22, 0x55, 0x2a, 0x55, 0x2a, 0x76, 0x2a, 0x76, 0x2a, 0x77, 0x2a,
    0x77, 0x2a, 0x97, 0x2a, 0x98, 0x2a, 0x98, 0x2a, 0xb9, 0x32, 0xb9, 0x2a,
    0xb9, 0x2a, 0xb9, 0x32, 0xb9, 0x2a, 0xb9, 0x2a, 0xfa, 0x32, 0x1b, 0x3b,
    0x7d, 0x3b, 0x5c, 0x3b, 0xb0, 0x19, 0xb1, 0x21, 0x13, 0x22, 0x14, 0x22,
    0x34, 0x22, 0x35, 0x2a, 0x36, 0x22, 0x35, 0x22, 0x14, 0x22, 0x35, 0x2a,
    0xd1, 0x21, 0x4d, 0x19, 0x14, 0x22, 0x3b, 0x3b, 0x7d, 0x3b, 0x7d, 0x3b,
    0x5d, 0x3b, 0x7d, 0x43, 0x3c, 0x3b, 0x35, 0x22, 0x4c, 0x19, 0xf2, 0x21,
    0x35, 0x22, 0x35, 0x22, 0x35, 0x22, 0x35, 0x2a, 0x36, 0x22, 0x56, 0x22,
    0x56, 0x22, 0x36, 0x22, 0x56, 0x2a, 0x56, 0x2a, 0x56, 0x22, 0x56, 0x2a,
    0x57, 0x2a, 0x56, 0x22, 0x57, 0x22, 0x57, 0x2a, 0x56, 0x22, 0x56, 0x22,
    0x36, 0x2a, 0x56, 0x22, 0x56, 0x2a, 0x57, 0x22, 0x56, 0x22, 0x56, 0x2a,
    0x56, 0x22, 0x56, 0x22, 0x56, 0x2a, 0x56, 0x22, 0x56, 0x22, 0x56, 0x2a,
    0x57, 0x22, 0x56, 0x22, 0x57, 0x22, 0x56, 0x2a, 0x56, 0x22, 0x56, 0x2a,
    0x36, 0x22, 0x57, 0x22, 0x56, 0x22, 0x56, 0x22, 0x36, 0x22, 0x36, 0x2a,
    0x56, 0x22, 0x56, 0x22, 0x56, 0x2a, 0x56, 0x22, 0x36, 0x2a, 0x36, 0x22,
    0x56, 0x22, 0x36, 0x22, 0x35, 0x22, 0x56, 0x2a, 0x35, 0x22, 0x36, 0x22,
    0x35, 0x2a, 0x36, 0x2a, 0x35, 0x22, 0x35, 0x22, 0x35, 0x22, 0x35, 0x22,
    0xb1, 0x19, 0x4d, 0x19, 0x6e, 0x19, 0xb1, 0x19, 0xda, 0x32, 0x1c, 0x3b,
    0x1b, 0x33, 0x1b, 0x3b, 0x1b, 0x3b, 0x1b, 0x3b, 0x1b, 0x3b, 0x1b, 0x3b,
    0x1b, 0x3b, 0x1b, 0x3b, 0x1b, 0x33, 0x1b, 0x3b, 0xfb, 0x32, 0xba, 0x32,
    0xd9, 0x32, 0xda, 0x32, 0xfb, 0x32, 0x1b, 0x3b, 0x1b, 0x3b, 0x1b, 0x3b,
    0x3b, 0x3b, 0x1b, 0x33, 0x1b, 0x3b, 0x3c, 0x33, 0x1b, 0x33, 0xfb, 0x32,
    0x7d, 0x3b, 0x5d, 0x3b, 0x7d, 0x43, 0xfb, 0x32, 0x3c, 0x3b, 0x7d, 0x43,
    0xfb, 0x32, 0x1b, 0x3b, 0x1b, 0x3b, 0xfb, 0x32, 0x1b, 0x3b, 0xfb, 0x32,
    0xfb, 0x32, 0x1b, 0x33, 0x1b, 0x33, 0x1a, 0x33, 0xfb, 0x32, 0xfa, 0x32,
    0x1b, 0x33, 0x6e, 0x11, 0x43, 0x08, 0x2b, 0x11, 0x36, 0x22, 0x99, 0x2a,
    0x99, 0x22, 0x99, 0x2a, 0x99, 0x2a, 0xb9, 0x2a, 0xb9, 0x2a, 0xb9, 0x2a,
    0xb9, 0x2a, 0xb9, 0x2a, 0xb9, 0x2a, 0xb9, 0x2a, 0xb9, 0x2a, 0xb8, 0x2a,
    0x98, 0x2a, 0xb8, 0x2a, 0x98, 0x2a, 0x97, 0x2a, 0x97, 0x2a, 0x76, 0x2a,
    0x56, 0x22, 0x76, 0x2a, 0x96, 0x32, 0x75, 0x2a, 0x75, 0x32, 0x75, 0x2a,
    0x74, 0x32, 0x33, 0x2a, 0x32, 0x2a, 0xb0, 0x21, 0xaf, 0x19, 0xd0, 0x19,
    0x8f, 0x19, 0x4d, 0x19, 0x34, 0x22, 0x34, 0x2a, 0x55, 0x2a, 0x76, 0x2a,
    0x76, 0x2a, 0x77, 0x2a, 0x77, 0x2a, 0x97, 0x2a, 0x98, 0x2a, 0x98, 0x2a,
    0x98, 0x2a, 0xb8, 0x2a, 0xb9, 0x2a, 0xb9, 0x2a, 0xb9, 0x32, 0xba, 0x32,
    0xb9, 0x2a, 0xda, 0x32, 0x1b, 0x33, 0x5d, 0x3b, 0x5c, 0x3b, 0xb0, 0x19,
    0xb1, 0x19, 0x14, 0x22, 0x14, 0x22, 0x34, 0x22, 0x35, 0x22, 0x35, 0x22,
    0x34, 0x22, 0x35, 0x22, 0x8e, 0x19, 0xaf, 0x19, 0x1c, 0x3b, 0x9e, 0x43,
    0x1b, 0x33, 0x98, 0x2a, 0x36, 0x22, 0x35, 0x22, 0x98, 0x2a, 0x1b, 0x33,
    0x9e, 0x43, 0x3c, 0x3b, 0xaf, 0x19, 0x8f, 0x19, 0x35, 0x22, 0x35, 0x22,
    0x35, 0x22, 0x35, 0x22, 0x36, 0x2a, 0x56, 0x22, 0x56, 0x22, 0x57, 0x2a,
    0x57, 0x22, 0x56, 0x22, 0x57, 0x2a, 0x57, 0x22, 0x56, 0x2a, 0x56, 0x22,
    0x57, 0x22, 0x56, 0x2a, 0x57, 0x22, 0x57, 0x22, 0x57, 0x2a, 0x56, 0x22,
    0x57, 0x22, 0x57, 0x22, 0x57, 0x2a, 0x57, 0x22, 0x57, 0x2a, 0x36, 0x2a,
    0x57, 0x22, 0x37, 0x22, 0x56, 0x2a, 0x57, 0x22, 0x57, 0x22, 0x57, 0x2a,
    0x57, 0x22, 0x57, 0x22, 0x56, 0x2a, 0x56, 0x22, 0x37, 0x2a, 0x56, 0x2a,
    0x57, 0x22, 0x36, 0x2a, 0x56, 0x22, 0x56, 0x2a, 0x36, 0x22, 0x56, 0x22,
    0x56, 0x2a, 0x56, 0x22, 0x36, 0x22, 0x36, 0x22, 0x56, 0x22, 0x35, 0x22,
    0x35, 0x2a, 0x35, 0x22, 0x36, 0x22, 0x35, 0x22, 0x35, 0x2a, 0x36, 0x22,
    0x35, 0x22, 0x56, 0x2a, 0x14, 0x22, 0x6d, 0x11, 0x6e, 0x19, 0x6e, 0x19,
    0xd1, 0x19, 0x5d, 0x3b, 0x7d, 0x43, 0x5c, 0x3b, 0x3d, 0x3b, 0x5c, 0x3b,
    0x3d, 0x3b, 0x5d, 0x3b, 0x5d, 0x3b, 0x3c, 0x3b, 0x5d, 0x3b, 0x5d, 0x3b,
    0x5c, 0x3b, 0x1c, 0x3b, 0xfa, 0x32, 0xda, 0x2a, 0xfb, 0x32, 0x3c, 0x3b,
    0x5c, 0x3b, 0x5c, 0x3b, 0x5d, 0x3b, 0x5d, 0x3b, 0x5d, 0x3b, 0x5d, 0x3b,
    0x5d, 0x3b, 0x5c, 0x3b, 0x7d, 0x3b, 0x5d, 0x3b, 0x5d, 0x3b, 0x3c, 0x3b,
    0xda, 0x32, 0x3c, 0x3b, 0x1b, 0x33, 0x1c, 0x33, 0x5d, 0x3b, 0x5c, 0x3b,
    0x5c, 0x3b, 0x5c, 0x3b, 0x5c, 0x3b, 0x5c, 0x3b, 0x3c, 0x3b, 0x3c, 0x3b,
    0x5c, 0x3b, 0x5c, 0x3b, 0x5d, 0x3b, 0x5d, 0x3b, 0x4d, 0x11, 0x42, 0x00,
    0x2b, 0x11, 0x37, 0x22, 0x99, 0x2a, 0xb9, 0x2a, 0xb9, 0x2a, 0x99, 0x2a,
    0xb9, 0x2a, 0xb9, 0x2a, 0xb9, 0x2a, 0xb9, 0x2a, 0xb9, 0x2a, 0xb9, 0x2a,
    0xb9, 0x32, 0xb8, 0x2a, 0xb8, 0x2a, 0x98, 0x32, 0xb8, 0x2a, 0x97, 0x2a,
    0x97, 0x2a, 0x76, 0x2a, 0x76, 0x2a, 0x55, 0x2a, 0x96, 0x2a, 0x96, 0x32,
    0x75, 0x32, 0x75, 0x32, 0x54, 0x2a, 0x54, 0x2a, 0x33, 0x2a, 0x32, 0x2a,
    0xd0, 0x21, 0xaf, 0x19, 0xd1, 0x21, 0x8f, 0x19, 0x4c, 0x11, 0x54, 0x2a,
    0x55, 0x22, 0x55, 0x2a, 0x56, 0x2a, 0x76, 0x2a, 0x76, 0x2a, 0x77, 0x2a,
    0x77, 0x2a, 0x98, 0x2a, 0x98, 0x2a, 0x98, 0x2a, 0x99, 0x32, 0xb9, 0x2a,
    0xb9, 0x2a, 0xb9, 0x2a, 0xba, 0x32, 0xba, 0x2a, 0xda, 0x32, 0x1b, 0x33,
    0x5d, 0x3b, 0x3c, 0x3b, 0xb0, 0x19, 0xb1, 0x21, 0x13, 0x22, 0x14, 0x22,
    0x14, 0x22, 0x35, 0x22, 0x35, 0x22, 0x14, 0x22, 0x6e, 0x19, 0x36, 0x22,
    0x9e, 0x3b, 0x1c, 0x3b, 0xf3, 0x19, 0x6e, 0x19, 0xb0, 0x19, 0xf2, 0x21,
    0xf2, 0x21, 0xb1, 0x19, 0x8e, 0x19, 0xf3, 0x21, 0x5d, 0x3b, 0x9e, 0x43,
    0x35, 0x22, 0x6d, 0x19, 0x35, 0x22, 0x35, 0x22, 0x35, 0x22, 0x35, 0x2a,
    0x56, 0x2a, 0x35, 0x22, 0x56, 0x22, 0x56, 0x2a, 0x57, 0x22, 0x56, 0x22,
    0x57, 0x22, 0x56, 0x2a, 0x57, 0x22, 0x56, 0x22, 0x56, 0x2a, 0x57, 0x2a,
    0x56, 0x22, 0x57, 0x22, 0x57, 0x2a, 0x56, 0x22, 0x56, 0x2a, 0x57, 0x22,
    0x57, 0x22, 0x56, 0x22, 0x57, 0x2a, 0x57, 0x22, 0x56, 0x22, 0x57, 0x2a,
    0x56, 0x22, 0x56, 0x2a, 0x56, 0x22, 0x57, 0x22, 0x57, 0x2a, 0x56, 0x22,
    0x57, 0x22, 0x56, 0x2a, 0x56, 0x22, 0x56, 0x2a, 0x56, 0x22, 0x56, 0x22,
    0x57, 0x2a, 0x36, 0x2a, 0x56, 0x22, 0x56, 0x22, 0x56, 0x2a, 0x56, 0x2a,
    0x35, 0x22, 0x56, 0x2a, 0x35, 0x22, 0x56, 0x22, 0x56, 0x2a, 0x36, 0x22,
    0x56, 0x22, 0x35, 0x22, 0x35, 0x22, 0x35, 0x2a, 0x77, 0x22, 0xd2, 0x21,
    0x4d, 0x11, 0x8e, 0x19, 0x4d, 0x11, 0x14, 0x22, 0x9e, 0x43, 0x7d, 0x3b,
    0x5d, 0x3b, 0x5d, 0x3b, 0x5c, 0x3b, 0x5d, 0x3b, 0x5d, 0x3b, 0x5c, 0x3b,
    0x5c, 0x3b, 0x3d, 0x3b, 0x5d, 0x3b, 0x5c, 0x3b, 0x3c, 0x3b, 0x1b, 0x33,
    0xba, 0x32, 0xfb, 0x32, 0x3c, 0x3b, 0x3c, 0x3b, 0x5d, 0x3b, 0x5d, 0x3b,
    0x5c, 0x3b, 0x5c, 0x3b, 0x5d, 0x3b, 0x5c, 0x3b, 0x5d, 0x3b, 0x5d, 0x3b,
    0x3c, 0x3b, 0x5c, 0x3b, 0x3c, 0x3b, 0x3c, 0x33, 0x1b, 0x33, 0x3b, 0x3b,
    0x3c, 0x3b, 0x3c, 0x3b, 0x5d, 0x3b, 0x5d, 0x3b, 0x3c, 0x3b, 0x5d, 0x3b,
    0x5d, 0x3b, 0x5c, 0x43, 0x5d, 0x3b, 0x3c, 0x3b, 0x5d, 0x3b, 0x5d, 0x3b,
    0x9e, 0x43, 0x6e, 0x19, 0x22, 0x00, 0x2c, 0x11, 0x57, 0x22, 0xb9, 0x2a,
    0xb9, 0x2a, 0x99, 0x2a, 0x99, 0x2a, 0xb9, 0x2a, 0xb9, 0x2a, 0xb9, 0x2a,
    0xb9, 0x2a, 0xb9, 0x2a, 0xb9, 0x2a, 0xb9, 0x2a, 0xb9, 0x2a, 0xb8, 0x2a,
    0x98, 0x2a, 0x98, 0x2a, 0x97, 0x2a, 0x97, 0x2a, 0x77, 0x2a, 0x76, 0x2a,
    0x56, 0x2a, 0x96, 0x2a, 0x96, 0x32, 0x75, 0x32, 0x75, 0x32, 0x75, 0x2a,
    0x74, 0x32, 0x33, 0x2a, 0x32, 0x2a, 0xd0, 0x21, 0xb0, 0x19, 0xf2, 0x21,
    0x6e, 0x19, 0x4c, 0x11, 0x34, 0x2a, 0x55, 0x2a, 0x55, 0x2a, 0x55, 0x2a,
    0x76, 0x2a, 0x76, 0x2a, 0x77, 0x2a, 0x77, 0x2a, 0x98, 0x2a, 0xb8, 0x2a,
    0xb8, 0x2a, 0xb9, 0x32, 0xd9, 0x32, 0xb9, 0x2a, 0xb9, 0x32, 0xd9, 0x32,
    0xb9, 0x2a, 0xda, 0x32, 0xfb, 0x32, 0x5d, 0x3b, 0x3c, 0x3b, 0xb1, 0x19,
    0xd1, 0x19, 0x13, 0x22, 0x14, 0x22, 0x14, 0x22, 0x14, 0x22, 0x34, 0x22,
    0x8f, 0x19, 0x78, 0x2a, 0x7d, 0x3b, 0x78, 0x2a, 0x6e, 0x19, 0xf2, 0x21,
    0x35, 0x22, 0x14, 0x22, 0x14, 0x22, 0x14, 0x22, 0x14, 0x22, 0x14, 0x22,
    0xf2, 0x19, 0x6e, 0x19, 0xb9, 0x2a, 0xbf, 0x43, 0x57, 0x2a, 0x4d, 0x19,
    0x35, 0x22, 0x35, 0x22, 0x35, 0x22, 0x35, 0x22, 0x36, 0x22, 0x56, 0x2a,
    0x36, 0x22, 0x57, 0x2a, 0x56, 0x22, 0x56, 0x2a, 0x57, 0x22, 0x57, 0x2a,
    0x56, 0x22, 0x57, 0x22, 0x56, 0x22, 0x56, 0x2a, 0x56, 0x22, 0x57, 0x22,
    0x56, 0x2a, 0x56, 0x22, 0x57, 0x2a, 0x56, 0x22, 0x56, 0x22, 0x57, 0x2a,
    0x56, 0x22, 0x56, 0x2a, 0x57, 0x22, 0x57, 0x22, 0x56, 0x2a, 0x56, 0x22,
    0x56, 0x2a, 0x57, 0x22, 0x56, 0x22, 0x57, 0x2a, 0x56, 0x22, 0x36, 0x22,
    0x56, 0x22, 0x36, 0x22, 0x56, 0x22, 0x56, 0x22, 0x57, 0x2a, 0x56, 0x22,
    0x36, 0x22, 0x56, 0x2a, 0x56, 0x22, 0x56, 0x22, 0x35, 0x22, 0x36, 0x22,
    0x56, 0x22, 0x36, 0x22, 0x35, 0x2a, 0x35, 0x22, 0x56, 0x22, 0x35, 0x2a,
    0x35, 0x22, 0x57, 0x22, 0xf2, 0x21, 0x6d, 0x19, 0x8e, 0x19, 0x4d, 0x11,
    0x36, 0x22, 0xbe, 0x43, 0x9e, 0x43, 0x7d, 0x43, 0x7d, 0x3b, 0x7e, 0x43,
    0x7d, 0x3b, 0x7d, 0x3b, 0x7d, 0x43, 0x7d, 0x43, 0x7d, 0x43, 0x7e, 0x43,
    0x7d, 0x3b, 0x5d, 0x3b, 0x3c, 0x3b, 0xfb, 0x32, 0xfb, 0x32, 0x5c, 0x3b,
    0x5d, 0x3b, 0x7e, 0x43, 0x9e, 0x43, 0xbf, 0x43, 0x7d, 0x43, 0x1c, 0x3b,
    0x5d, 0x3b, 0x5c, 0x3b, 0x5c, 0x3b, 0x5c, 0x3b, 0x3c, 0x3b, 0x1c, 0x33,
    0xfa, 0x32, 0x5c, 0x3b, 0x5d, 0x3b, 0x1b, 0x3b, 0x7d, 0x3b, 0x3c, 0x3b,
    0x1c, 0x3b, 0xbf, 0x43, 0x3c, 0x3b, 0x3c, 0x3b, 0x5d, 0x3b, 0x5c, 0x3b,
    0x3c, 0x3b, 0x5c, 0x3b, 0x5c, 0x3b, 0x9e, 0x43, 0x90, 0x19, 0x22, 0x08,
    0x2c, 0x11, 0x78, 0x22, 0xb9, 0x2a, 0x98, 0x2a, 0x99, 0x2a, 0xb9, 0x2a,
    0xb9, 0x2a, 0xb9, 0x2a, 0xb9, 0x2a, 0xb9, 0x2a, 0xb9, 0x2a, 0xb9, 0x2a,
    0xb9, 0x2a, 0xb9, 0x32, 0xb8, 0x2a, 0xb8, 0x2a, 0x97, 0x2a, 0x97, 0x2a,
    0x97, 0x2a, 0x77, 0x2a, 0x76, 0x2a, 0x76, 0x2a, 0x96, 0x32, 0x96, 0x32,
    0x76, 0x2a, 0x75, 0x2a, 0x54, 0x32, 0x74, 0x32, 0x33, 0x2a, 0x32, 0x2a,
    0xd0, 0x21, 0xaf, 0x19, 0xf1, 0x21, 0x6d, 0x19, 0x2c, 0x11, 0x55, 0x2a,
    0x35, 0x22, 0x55, 0x2a, 0x75, 0x2a, 0x76, 0x2a, 0x77, 0x2a, 0x77, 0x2a,
    0x97, 0x2a, 0x97, 0x2a, 0x98, 0x2a, 0xb8, 0x32, 0xd9, 0x32, 0xda, 0x32,
    0xb9, 0x2a, 0xb9, 0x2a, 0xd9, 0x32, 0xba, 0x2a, 0xba, 0x2a, 0xfa, 0x32,
    0x5c, 0x3b, 0x3c, 0x3b, 0xb1, 0x19, 0xd1, 0x21, 0xf3, 0x21, 0x14, 0x22,
    0x14, 0x22, 0x14, 0x22, 0xb0, 0x19, 0x57, 0x22, 0x1b, 0x3b, 0xf3, 0x21,
    0xb0, 0x19, 0x14, 0x22, 0x13, 0x22, 0x13, 0x22, 0x14, 0x22, 0x14, 0x22,
    0x13, 0x22, 0x13, 0x22, 0xf3, 0x21, 0x14, 0x22, 0x14, 0x22, 0x6e, 0x19,
    0x57, 0x22, 0xbf, 0x43, 0x78, 0x2a, 0x6e, 0x19, 0x35, 0x22, 0x35, 0x22,
    0x35, 0x22, 0x35, 0x22, 0x56, 0x2a, 0x56, 0x22, 0x57, 0x2a, 0x57, 0x22,
    0x57, 0x2a, 0x57, 0x2a, 0x77, 0x22, 0x56, 0x2a, 0x57, 0x22, 0x57, 0x22,
    0x56, 0x2a, 0x57, 0x22, 0x57, 0x22, 0x56, 0x2a, 0x57, 0x22, 0x57, 0x22,
    0x56, 0x2a, 0x57, 0x22, 0x56, 0x22, 0x57, 0x2a, 0x56, 0x22, 0x57, 0x22,
    0x57, 0x2a, 0x57, 0x22, 0x57, 0x22, 0x56, 0x2a, 0x57, 0x22, 0x57, 0x22,
    0x56, 0x2a, 0x57, 0x22, 0x57, 0x2a, 0x57, 0x2a, 0x56, 0x2a, 0x56, 0x22,
    0x36, 0x22, 0x56, 0x2a, 0x56, 0x22, 0x56, 0x22, 0x56, 0x2a, 0x56, 0x22,
    0x56, 0x2a, 0x35, 0x22, 0x36, 0x2a, 0x56, 0x22, 0x35, 0x22, 0x36, 0x2a,
    0x35, 0x22, 0x35, 0x22, 0x36, 0x22, 0x35, 0x22, 0x57, 0x22, 0xd2, 0x21,
    0x4d, 0x19, 0x8f, 0x19, 0x6e, 0x11, 0xd1, 0x19, 0x98, 0x2a, 0x99, 0x2a,
    0x98, 0x2a, 0x98, 0x2a, 0x98, 0x2a, 0x99, 0x2a, 0x99, 0x2a, 0x99, 0x2a,
    0x99, 0x2a, 0x99, 0x2a, 0x99, 0x2a, 0x99, 0x2a, 0x99, 0x2a, 0x99, 0x2a,
    0x99, 0x2a, 0x99, 0x2a, 0xb9, 0x2a, 0xb9, 0x32, 0xd9, 0x2a, 0xda, 0x32,
    0x14, 0x22, 0x14, 0x22, 0x5d, 0x3b, 0x5d, 0x3b, 0x5c, 0x3b, 0x3c, 0x3b,
    0x3c, 0x3b, 0x3c, 0x3b, 0x1c, 0x3b, 0x5d, 0x3b, 0x5d, 0x3b, 0x1c, 0x33,
    0x3c, 0x33, 0x3c, 0x3b, 0x3b, 0x3b, 0xda, 0x32, 0x6e, 0x19, 0x99, 0x2a,
    0xb9, 0x2a, 0x98, 0x2a, 0x98, 0x2a, 0x98, 0x2a, 0x98, 0x2a, 0x99, 0x2a,
    0xb9, 0x32, 0xc7, 0x08, 0x63, 0x08, 0x2c, 0x11, 0x78, 0x2a, 0xb9, 0x2a,
    0x99, 0x2a, 0x99, 0x2a, 0x99, 0x2a, 0xb9, 0x2a, 0xb9, 0x2a, 0xb9, 0x2a,
    0xba, 0x2a, 0xb9, 0x32, 0xb9, 0x2a, 0xb9, 0x32, 0xb9, 0x32, 0xb8, 0x2a,
    0x98, 0x2a, 0x98, 0x2a, 0x97, 0x2a, 0x97, 0x2a, 0x77, 0x2a, 0x76, 0x2a,
    0x76, 0x2a, 0x96, 0x32, 0x96, 0x2a, 0x75, 0x32, 0x75, 0x32, 0x74, 0x2a,
    0x54, 0x2a, 0x33, 0x2a, 0x32, 0x2a, 0xd0, 0x21, 0xaf, 0x19, 0xd1, 0x21,
    0x4d, 0x19, 0x2b, 0x11, 0x55, 0x2a, 0x55, 0x2a, 0x55, 0x22, 0x56, 0x2a,
    0x76, 0x2a, 0x76, 0x2a, 0x77, 0x2a, 0xb8, 0x2a, 0x56, 0x2a, 0x57, 0x2a,
    0xb8, 0x2a, 0x98, 0x2a, 0x57, 0x22, 0x98, 0x2a, 0xba, 0x32, 0xb9, 0x2a,
    0xba, 0x2a, 0xb9, 0x2a, 0xda, 0x32, 0x3c, 0x3b, 0x3c, 0x3b, 0xb0, 0x19,
    0xb1, 0x19, 0x13, 0x22, 0xf3, 0x21, 0xf3, 0x21, 0xf2, 0x19, 0x14, 0x22,
    0xb9, 0x2a, 0x13, 0x22, 0xd1, 0x19, 0xd2, 0x21, 0xd1, 0x19, 0xd2, 0x19,
    0xd1, 0x19, 0xd1, 0x19, 0xf2, 0x21, 0x14, 0x22, 0x14, 0x22, 0xf3, 0x21,
    0xf3, 0x21, 0xf4, 0x21, 0x14, 0x22, 0x8f, 0x19, 0x57, 0x22, 0xbe, 0x43,
    0x35, 0x22, 0x8f, 0x19, 0x35, 0x22, 0x35, 0x22, 0x35, 0x22, 0x56, 0x22,
    0x56, 0x2a, 0x56, 0x22, 0x56, 0x22, 0x57, 0x22, 0x56, 0x2a, 0x56, 0x22,
    0x57, 0x2a, 0x56, 0x2a, 0x57, 0x2a, 0x57, 0x22, 0x56, 0x22, 0x56, 0x2a,
    0x57, 0x2a, 0x56, 0x22, 0x57, 0x2a, 0x56, 0x22, 0x57, 0x2a, 0x57, 0x22,
    0x56, 0x22, 0x57, 0x2a, 0x56, 0x22, 0x57, 0x2a, 0x56, 0x22, 0x57, 0x2a,
    0x56, 0x22, 0x56, 0x2a, 0x57, 0x22, 0x56, 0x22, 0x56, 0x2a, 0x57, 0x22,
    0x57, 0x22, 0x56, 0x2a, 0x56, 0x22, 0x57, 0x2a, 0x36, 0x22, 0x57, 0x22,
    0x56, 0x2a, 0x36, 0x22, 0x56, 0x22, 0x56, 0x2a, 0x36, 0x22, 0x35, 0x22,
    0x36, 0x2a, 0x56, 0x22, 0x55, 0x22, 0x36, 0x22, 0x55, 0x2a, 0x36, 0x22,
    0x35, 0x22, 0x56, 0x2a, 0xf2, 0x19, 0x6d, 0x11, 0x4d, 0x11, 0xd2, 0x21,
    0x78, 0x2a, 0x36, 0x22, 0x35, 0x22, 0x35, 0x22, 0x35, 0x22, 0x15, 0x22,
    0x14, 0x22, 0x34, 0x22, 0x14, 0x22, 0x14, 0x22, 0x14, 0x22, 0x13, 0x22,
    0xf3, 0x21, 0x13, 0x22, 0xf3, 0x21, 0xf2, 0x21, 0xd1, 0x19, 0x8f, 0x19,
    0x6d, 0x19, 0x6d, 0x19, 0x85, 0x08, 0xa7, 0x08, 0x7d, 0x3b, 0xbf, 0x43,
    0x3c, 0x3b, 0x3c, 0x3b, 0x3c, 0x3b, 0x3c, 0x3b, 0x1c, 0x3b, 0x3c, 0x3b,
    0x3b, 0x33, 0x1b, 0x3b, 0x5d, 0x3b, 0x5c, 0x3b, 0xb9, 0x32, 0x1b, 0x33,
    0x1b, 0x33, 0x4c, 0x19, 0x9e, 0x43, 0x5c, 0x3b, 0x3c, 0x3b, 0x3c, 0x3b,
    0x3c, 0x3b, 0x3c, 0x3b, 0x3c, 0x3b, 0xbf, 0x43, 0xd1, 0x19, 0x22, 0x00,
    0x4c, 0x11, 0x78, 0x22, 0xb9, 0x32, 0xb9, 0x2a, 0xb9, 0x2a, 0xb9, 0x2a,
    0xb9, 0x2a, 0xba, 0x2a, 0xb9, 0x2a, 0xb9, 0x2a, 0xb9, 0x2a, 0xb9, 0x32,
    0xb9, 0x2a, 0xb9, 0x2a, 0x98, 0x2a, 0xb8, 0x2a, 0x98, 0x2a, 0x97, 0x2a,
    0x97, 0x2a, 0x76, 0x2a, 0x56, 0x22, 0x76, 0x2a, 0xb6, 0x32, 0x96, 0x2a,
    0x76, 0x32, 0x75, 0x2a, 0x74, 0x2a, 0x54, 0x32, 0x33, 0x2a, 0x32, 0x2a,
    0xb0, 0x21, 0x8f, 0x19, 0xd1, 0x21, 0x6d, 0x11, 0x2b, 0x11, 0x54, 0x2a,
    0x55, 0x2a, 0x55, 0x2a, 0x55, 0x2a, 0x76, 0x2a, 0x77, 0x2a, 0x77, 0x2a,
    0x98, 0x2a, 0x77, 0x2a, 0x35, 0x22, 0x35, 0x22, 0x35, 0x22, 0x77, 0x2a,
    0xd9, 0x32, 0xba, 0x2a, 0xb9, 0x2a, 0xda, 0x32, 0xba, 0x2a, 0xda, 0x32,
    0x3c, 0x3b, 0x3c, 0x3b, 0xb1, 0x19, 0xd1, 0x19, 0xf3, 0x21, 0xf3, 0x21,
    0xf3, 0x21, 0xd1, 0x19, 0x36, 0x22, 0x35, 0x22, 0xb1, 0x21, 0xf2, 0x21,
    0x14, 0x22, 0x35, 0x22, 0x56, 0x2a, 0x36, 0x22, 0x14, 0x22, 0xd1, 0x19,
    0xb1, 0x19, 0xf3, 0x21, 0x13, 0x22, 0xf3, 0x19, 0xf4, 0x21, 0x14, 0x1a,
    0x14, 0x22, 0x8e, 0x19, 0x98, 0x2a, 0x9e, 0x43, 0xb1, 0x19, 0xd1, 0x21,
    0x35, 0x22, 0x35, 0x22, 0x56, 0x2a, 0x36, 0x22, 0x56, 0x22, 0x57, 0x2a,
    0x57, 0x2a, 0x56, 0x22, 0x57, 0x22, 0x57, 0x22, 0x56, 0x22, 0x57, 0x2a,
    0x57, 0x2a, 0x77, 0x22, 0x56, 0x22, 0x57, 0x2a, 0x57, 0x22, 0x56, 0x2a,
    0x57, 0x2a, 0x57, 0x22, 0x56, 0x2a, 0x56, 0x22, 0x57, 0x2a, 0x56, 0x22,
    0x56, 0x2a, 0x57, 0x2a, 0x57, 0x22, 0x57, 0x2a, 0x57, 0x2a, 0x56, 0x22,
    0x57, 0x22, 0x56, 0x2a, 0x56, 0x22, 0x57, 0x22, 0x57, 0x22, 0x56, 0x2a,
    0x56, 0x22, 0x56, 0x22, 0x56, 0x2a, 0x57, 0x22, 0x36, 0x22, 0x56, 0x2a,
    0x56, 0x22, 0x36, 0x22, 0x35, 0x22, 0x36, 0x22, 0x36, 0x22, 0x35, 0x2a,
    0x35, 0x22, 0x56, 0x22, 0x36, 0x2a, 0x35, 0x22, 0x35, 0x22, 0xd1, 0x21,
    0x6d, 0x19, 0x4d, 0x11, 0x2b, 0x11, 0x4c, 0x11, 0x2b, 0x11, 0x2b, 0x11,
    0x2b, 0x11, 0x2b, 0x11, 0x2b, 0x11, 0x2b, 0x11, 0x0a, 0x11, 0x0a, 0x11,
    0x0a, 0x11, 0x0a, 0x11, 0x0a, 0x11, 0x09, 0x11, 0xe9, 0x10, 0xe8, 0x10,
    0xc7, 0x08, 0xc7, 0x10, 0xa7, 0x08, 0xa7, 0x08, 0x85, 0x08, 0x22, 0x00,
    0x3c, 0x3b, 0xdf, 0x4b, 0x3b, 0x3b, 0x3c, 0x3b, 0x3c, 0x3b, 0x1c, 0x3b,
    0x1c, 0x3b, 0x3c, 0x3b, 0x3c, 0x33, 0x3c, 0x3b, 0x5d, 0x3b, 0x1b, 0x33,
    0x5c, 0x3b, 0x99, 0x2a, 0xfa, 0x32, 0xdf, 0x43, 0xbf, 0x43, 0x5c, 0x3b,
    0x5d, 0x3b, 0x5d, 0x3b, 0x5d, 0x3b, 0x5d, 0x3b, 0x5d, 0x3b, 0x5c, 0x3b,
    0xdf, 0x4b, 0x78, 0x2a, 0x22, 0x00, 0x4d, 0x11, 0x78, 0x22, 0xd9, 0x2a,
    0x99, 0x2a, 0xb9, 0x2a, 0xb9, 0x2a, 0xb9, 0x2a, 0xb9, 0x2a, 0xb9, 0x2a,
    0xd9, 0x2a, 0xb9, 0x32, 0xb9, 0x2a, 0xd9, 0x32, 0xb9, 0x32, 0x98, 0x2a,
    0x98, 0x2a, 0x98, 0x2a, 0x97, 0x2a, 0x97, 0x2a, 0x77, 0x2a, 0x56, 0x2a,
    0x76, 0x2a, 0xb6, 0x32, 0x96, 0x32, 0x76, 0x32, 0x75, 0x2a, 0x74, 0x32,
    0x54, 0x32, 0x33, 0x2a, 0x32, 0x2a, 0xaf, 0x19, 0x6e, 0x19, 0xd1, 0x21,
    0x6d, 0x19, 0x2c, 0x11, 0x55, 0x2a, 0x55, 0x2a, 0x55, 0x2a, 0x75, 0x2a,
    0x76, 0x2a, 0x76, 0x2a, 0x77, 0x2a, 0x97, 0x2a, 0xb8, 0x2a, 0x77, 0x2a,
    0x77, 0x2a, 0xb9, 0x2a, 0xd9, 0x32, 0xb9, 0x2a, 0xb9, 0x2a, 0xba, 0x32,
    0xd9, 0x2a, 0xb9, 0x2a, 0xda, 0x32, 0x3c, 0x3b, 0x1c, 0x33, 0xd0, 0x19,
    0xd1, 0x19, 0xf3, 0x21, 0xf3, 0x21, 0xd1, 0x19, 0x6e, 0x19, 0xf2, 0x21,
    0xf3, 0x21, 0x14, 0x22, 0x77, 0x2a, 0x78, 0x2a, 0x78, 0x2a, 0x77, 0x2a,
    0x77, 0x2a, 0x78, 0x2a, 0x77, 0x2a, 0xf3, 0x21, 0xb0, 0x19, 0xf2, 0x19,
    0x14, 0x22, 0xf3, 0x21, 0xf3, 0x21, 0xf3, 0x21, 0x14, 0x22, 0x6e, 0x19,
    0x1b, 0x33, 0x5d, 0x3b, 0x8f, 0x19, 0x14, 0x22, 0x35, 0x22, 0x36, 0x22,
    0x56, 0x2a, 0x56, 0x22, 0x57, 0x22, 0x57, 0x2a, 0x57, 0x2a, 0x77, 0x2a,
    0x57, 0x22, 0x56, 0x22, 0x57, 0x2a, 0x56, 0x22, 0x57, 0x2a, 0x57, 0x2a,
    0x56, 0x22, 0x57, 0x22, 0x57, 0x2a, 0x56, 0x22, 0x57, 0x2a, 0x77, 0x22,
    0x56, 0x22, 0x57, 0x2a, 0x57, 0x22, 0x57, 0x22, 0x56, 0x2a, 0x56, 0x22,
    0x57, 0x22, 0x57, 0x2a, 0x77, 0x2a, 0x56, 0x22, 0x57, 0x22, 0x57, 0x2a,
    0x56, 0x22, 0x56, 0x2a, 0x36, 0x22, 0x56, 0x22, 0x36, 0x2a, 0x56, 0x2a,
    0x56, 0x22, 0x36, 0x2a, 0x56, 0x22, 0x36, 0x22, 0x35, 0x2a, 0x35, 0x22,
    0x56, 0x22, 0x36, 0x2a, 0x35, 0x22, 0x35, 0x22, 0x36, 0x22, 0x36, 0x22,
    0x35, 0x22, 0x35, 0x22, 0x8e, 0x19, 0xb1, 0x19, 0x99, 0x2a, 0xf3, 0x21,
    0x8e, 0x19, 0x8f, 0x19, 0xb0, 0x19, 0xb0, 0x19, 0x90, 0x19, 0xb0, 0x19,
    0xb0, 0x21, 0xb0, 0x19, 0x8f, 0x19, 0x8f, 0x19, 0x8f, 0x19, 0x8f, 0x19,
    0x8e, 0x19, 0x6e, 0x19, 0x8e, 0x11, 0x8e, 0x19, 0x8e, 0x19, 0x8f, 0x19,
    0xaf, 0x19, 0x85, 0x08, 0x8f, 0x19, 0xbf, 0x43, 0x1c, 0x3b, 0x3c, 0x3b,
    0x1c, 0x3b, 0x3c, 0x33, 0x3c, 0x3b, 0x3c, 0x33, 0x1c, 0x3b, 0x3c, 0x3b,
    0x7d, 0x3b, 0xfb, 0x32, 0x3b, 0x3b, 0x5c, 0x3b, 0x99, 0x2a, 0x9e, 0x43,
    0x7e, 0x43, 0x5d, 0x3b, 0x3c, 0x3b, 0x3c, 0x3b, 0x5c, 0x3b, 0x5c, 0x3b,
    0x3c, 0x3b, 0x3c, 0x3b, 0x3c, 0x3b, 0xbf, 0x43, 0x56, 0x22, 0x21, 0x08,
    0x4d, 0x11, 0x78, 0x2a, 0xba, 0x32, 0x99, 0x2a, 0xb9, 0x2a, 0xb9, 0x2a,
    0xb9, 0x2a, 0xb9, 0x2a, 0xba, 0x2a, 0xba, 0x32, 0xb9, 0x2a, 0xd9, 0x2a,
    0xd9, 0x32, 0xb9, 0x32, 0xb8, 0x2a, 0x98, 0x2a, 0x97, 0x2a, 0x97, 0x2a,
    0x97, 0x2a, 0x76, 0x2a, 0x56, 0x2a, 0x97, 0x2a, 0x96, 0x32, 0x96, 0x32,
    0x75, 0x2a, 0x75, 0x2a, 0x74, 0x2a, 0x54, 0x32, 0x33, 0x2a, 0x32, 0x2a,
    0x8e, 0x19, 0x8e, 0x19, 0xd1, 0x21, 0x4d, 0x11, 0x2b, 0x11, 0x54, 0x2a,
    0x55, 0x22, 0x55, 0x2a, 0x56, 0x2a, 0x76, 0x2a, 0x76, 0x2a, 0x77, 0x2a,
    0x97, 0x2a, 0x97, 0x2a, 0x98, 0x2a, 0xb9, 0x32, 0xb9, 0x2a, 0xb9, 0x2a,
    0xb9, 0x2a, 0xb9, 0x2a, 0xb9, 0x32, 0xba, 0x32, 0xba, 0x2a, 0xd9, 0x2a,
    0x1b, 0x3b, 0x1b, 0x3b, 0xb0, 0x19, 0xb0, 0x19, 0xf2, 0x21, 0xb0, 0x19,
    0x6d, 0x11, 0xd2, 0x19, 0x35, 0x22, 0x57, 0x2a, 0x78, 0x2a, 0x77, 0x22,
    0x57, 0x22, 0x57, 0x22, 0x56, 0x22, 0x76, 0x2a, 0x57, 0x22, 0x77, 0x2a,
    0x78, 0x2a, 0x35, 0x22, 0xb0, 0x19, 0xd2, 0x19, 0x13, 0x22, 0xf2, 0x21,
    0xf3, 0x19, 0xf4, 0x21, 0xf2, 0x21, 0xb0, 0x19, 0x7e, 0x43, 0x98, 0x2a,
    0x8f, 0x19, 0x35, 0x22, 0x35, 0x22, 0x36, 0x22, 0x56, 0x2a, 0x56, 0x22,
    0x56, 0x22, 0x56, 0x2a, 0x77, 0x2a, 0x56, 0x22, 0x56, 0x2a, 0x77, 0x22,
    0x57, 0x22, 0x56, 0x2a, 0x57, 0x2a, 0x56, 0x22, 0x77, 0x2a, 0x57, 0x22,
    0x76, 0x22, 0x57, 0x2a, 0x57, 0x2a, 0x56, 0x22, 0x57, 0x2a, 0x57, 0x2a,
    0x76, 0x22, 0x57, 0x2a, 0x77, 0x2a, 0x56, 0x22, 0x56, 0x22, 0x57, 0x2a,
    0x56, 0x22, 0x57, 0x22, 0x56, 0x2a, 0x57, 0x22, 0x56, 0x22, 0x56, 0x2a,
    0x57, 0x2a, 0x56, 0x22, 0x56, 0x22, 0x57, 0x22, 0x56, 0x2a, 0x56, 0x22,
    0x56, 0x22, 0x36, 0x2a, 0x35, 0x22, 0x56, 0x22, 0x36, 0x22, 0x55, 0x2a,
    0x55, 0x22, 0x35, 0x2a, 0x56, 0x2a, 0x35, 0x22, 0x14, 0x22, 0x8f, 0x19,
    0xf3, 0x21, 0xb9, 0x2a, 0xda, 0x32, 0xb9, 0x2a, 0x98, 0x2a, 0x98, 0x2a,
    0x98, 0x2a, 0x78, 0x2a, 0x78, 0x2a, 0x78, 0x2a, 0x98, 0x2a, 0x78, 0x2a,
    0x78, 0x2a, 0x78, 0x2a, 0x78, 0x22, 0x78, 0x2a, 0x57, 0x22, 0x57, 0x22,
    0x57, 0x22, 0x57, 0x2a, 0x56, 0x22, 0x6d, 0x19, 0x57, 0x22, 0xbe, 0x43,
    0x5d, 0x3b, 0x3c, 0x3b, 0x1c, 0x3b, 0x1b, 0x33, 0x3c, 0x33, 0x1b, 0x3b,
    0x1b, 0x33, 0x3c, 0x3b, 0x5d, 0x3b, 0x1b, 0x3b, 0xfa, 0x32, 0xbf, 0x43,
    0x99, 0x2a, 0x1c, 0x3b, 0xbf, 0x43, 0x5c, 0x3b, 0x5d, 0x3b, 0x7d, 0x3b,
    0x5d, 0x3b, 0x3c, 0x3b, 0x3c, 0x3b, 0x5c, 0x3b, 0x3c, 0x3b, 0x3c, 0x3b,
    0xdf, 0x43, 0x56, 0x2a, 0x22, 0x00, 0x4d, 0x11, 0x78, 0x2a, 0xba, 0x2a,
    0xb9, 0x2a, 0xb9, 0x2a, 0xb9, 0x2a, 0xb9, 0x2a, 0xba, 0x2a, 0xba, 0x32,
    0xb9, 0x2a, 0xda, 0x2a, 0xd9, 0x32, 0xd9, 0x2a, 0xb9, 0x2a, 0x98, 0x2a,
    0x98, 0x2a, 0x98, 0x2a, 0x97, 0x2a, 0x77, 0x2a, 0x76, 0x2a, 0x76, 0x2a,
    0xb7, 0x2a, 0x96, 0x32, 0x96, 0x32, 0x75, 0x32, 0x75, 0x2a, 0x54, 0x32,
    0x54, 0x2a, 0x33, 0x2a, 0x32, 0x2a, 0x8e, 0x19, 0x6e, 0x19, 0xd1, 0x21,
    0x4d, 0x11, 0x2b, 0x11, 0x55, 0x2a, 0x54, 0x2a, 0x55, 0x22, 0x56, 0x2a,
    0x76, 0x2a, 0x76, 0x2a, 0x77, 0x2a, 0x77, 0x2a, 0x98, 0x2a, 0x98, 0x2a,
    0x98, 0x2a, 0xb8, 0x2a, 0xb9, 0x32, 0xb9, 0x2a, 0xb9, 0x2a, 0xb9, 0x2a,
    0xba, 0x32, 0xba, 0x2a, 0xda, 0x2a, 0x1b, 0x33, 0x3b, 0x3b, 0xb0, 0x19,
    0xb0, 0x19, 0x90, 0x19, 0x0b, 0x11, 0x15, 0x22, 0xfb, 0x32, 0x98, 0x2a,
    0x35, 0x22, 0x77, 0x2a, 0x77, 0x2a, 0x77, 0x2a, 0x57, 0x22, 0x77, 0x2a,
    0x78, 0x2a, 0x57, 0x22, 0x57, 0x22, 0x56, 0x22, 0x98, 0x2a, 0x56, 0x22,
    0xb0, 0x19, 0xd2, 0x19, 0x13, 0x22, 0xf3, 0x19, 0xf3, 0x19, 0x14, 0x22,
    0xb0, 0x19, 0x98, 0x2a, 0x3c, 0x3b, 0xb0, 0x19, 0x14, 0x22, 0x35, 0x22,
    0x35, 0x22, 0x56, 0x2a, 0x57, 0x22, 0x57, 0x22, 0x57, 0x2a, 0x56, 0x22,
    0x57, 0x2a, 0x56, 0x22, 0x57, 0x2a, 0x77, 0x22, 0x56, 0x22, 0x57, 0x2a,
    0x77, 0x22, 0x56, 0x2a, 0x57, 0x2a, 0x57, 0x22, 0x76, 0x2a, 0x57, 0x22,
    0x56, 0x22, 0x57, 0x2a, 0x76, 0x22, 0x57, 0x22, 0x57, 0x2a, 0x77, 0x2a,
    0x56, 0x22, 0x57, 0x2a, 0x57, 0x2a, 0x56, 0x22, 0x56, 0x22, 0x57, 0x2a,
    0x57, 0x22, 0x56, 0x22, 0x57, 0x2a, 0x57, 0x22, 0x56, 0x22, 0x36, 0x22,
    0x56, 0x2a, 0x36, 0x22, 0x36, 0x22, 0x56, 0x2a, 0x36, 0x22, 0x35, 0x22,
    0x36, 0x22, 0x36, 0x2a, 0x35, 0x22, 0x35, 0x22, 0x36, 0x22, 0x36, 0x2a,
    0x35, 0x22, 0xd1, 0x21, 0x8f, 0x19, 0x35, 0x22, 0x78, 0x2a, 0x98, 0x2a,
    0x78, 0x2a, 0x58, 0x2a, 0x57, 0x2a, 0x57, 0x2a, 0x57, 0x2a, 0x56, 0x22,
    0x56, 0x22, 0x56, 0x2a, 0x56, 0x22, 0x56, 0x22, 0x56, 0x22, 0x35, 0x22,
    0x35, 0x22, 0x35, 0x22, 0x35, 0x22, 0x13, 0x22, 0xd2, 0x21, 0x6e, 0x19,
    0xd2, 0x19, 0x7d, 0x43, 0x3c, 0x3b, 0x3b, 0x33, 0x3c, 0x3b, 0x1b, 0x33,
    0x3b, 0x33, 0x3b, 0x3b, 0x1b, 0x3b, 0x3b, 0x33, 0x3c, 0x3b, 0x3c, 0x3b,
    0x1b, 0x33, 0xbf, 0x43, 0xfa, 0x32, 0xfb, 0x32, 0xbf, 0x43, 0x3c, 0x3b,
    0x5d, 0x3b, 0x5d, 0x3b, 0x5d, 0x3b, 0x7d, 0x43, 0x3c, 0x3b, 0x3c, 0x3b,
    0x3c, 0x3b, 0x3c, 0x3b, 0x3c, 0x3b, 0xdf, 0x43, 0x57, 0x2a, 0x22, 0x00,
    0x4d, 0x11, 0x78, 0x2a, 0xd9, 0x2a, 0x99, 0x2a, 0x99, 0x2a, 0xb9, 0x2a,
    0xba, 0x2a, 0xba, 0x2a, 0xb9, 0x2a, 0xd9, 0x32, 0xda, 0x32, 0xd9, 0x32,
    0xda, 0x32, 0xb9, 0x2a, 0x98, 0x2a, 0x98, 0x2a, 0x98, 0x2a, 0x97, 0x2a,
    0x97, 0x2a, 0x76, 0x2a, 0x76, 0x2a, 0x97, 0x32, 0xb6, 0x32, 0x96, 0x2a,
    0x75, 0x32, 0x75, 0x32, 0x74, 0x2a, 0x54, 0x32, 0x33, 0x2a, 0x32, 0x2a,
    0x8e, 0x19, 0x6d, 0x19, 0xd0, 0x21, 0x4d, 0x19, 0x2b, 0x11, 0x55, 0x2a,
    0x55, 0x2a, 0x55, 0x2a, 0x55, 0x2a, 0x76, 0x2a, 0x77, 0x2a, 0x77, 0x2a,
    0x97, 0x2a, 0x98, 0x2a, 0x98, 0x2a, 0xb8, 0x32, 0xb9, 0x32, 0x99, 0x2a,
    0xb9, 0x2a, 0xb9, 0x2a, 0xb9, 0x32, 0xb9, 0x2a, 0xba, 0x2a, 0xd9, 0x2a,
    0xfb, 0x32, 0x1b, 0x33, 0x90, 0x19, 0x6e, 0x19, 0x2b, 0x11, 0x78, 0x2a,
    0x5d, 0x3b, 0x3c, 0x3b, 0x1b, 0x33, 0x57, 0x22, 0x36, 0x22, 0x77, 0x2a,
    0x57, 0x2a, 0x77, 0x22, 0x77, 0x2a, 0x57, 0x2a, 0x77, 0x22, 0x77, 0x2a,
    0x57, 0x2a, 0x56, 0x22, 0x78, 0x2a, 0x57, 0x2a, 0xb0, 0x19, 0xd2, 0x19,
    0xf3, 0x21, 0xf3, 0x21, 0xf3, 0x21, 0xf2, 0x19, 0xd2, 0x19, 0x1c, 0x3b,
    0x57, 0x22, 0xd2, 0x21, 0x35, 0x22, 0x35, 0x22, 0x56, 0x2a, 0x57, 0x22,
    0x77, 0x2a, 0x77, 0x2a, 0x57, 0x22, 0x57, 0x22, 0x56, 0x2a, 0x57, 0x2a,
    0x56, 0x22, 0x77, 0x2a, 0x57, 0x22, 0x56, 0x22, 0x57, 0x2a, 0x56, 0x22,
    0x57, 0x2a, 0x57, 0x22, 0x76, 0x2a, 0x57, 0x2a, 0x57, 0x22, 0x56, 0x2a,
    0x57, 0x22, 0x56, 0x22, 0x57, 0x2a, 0x77, 0x22, 0x57, 0x22, 0x57, 0x2a,
    0x57, 0x2a, 0x57, 0x2a, 0x56, 0x2a, 0x57, 0x2a, 0x56, 0x22, 0x56, 0x22,
    0x57, 0x2a, 0x57, 0x22, 0x57, 0x2a, 0x57, 0x2a, 0x56, 0x22, 0x56, 0x22,
    0x36, 0x2a, 0x35, 0x22, 0x36, 0x22, 0x55, 0x2a, 0x36, 0x22, 0x36, 0x22,
    0x56, 0x2a, 0x35, 0x22, 0x56, 0x22, 0x35, 0x22, 0xd1, 0x19, 0x8f, 0x19,
    0x36, 0x22, 0x98, 0x2a, 0x98, 0x2a, 0x98, 0x2a, 0x78, 0x2a, 0x78, 0x22,
    0x77, 0x22, 0x77, 0x2a, 0x77, 0x2a, 0x77, 0x2a, 0x57, 0x22, 0x57, 0x2a,
    0x58, 0x22, 0x57, 0x2a, 0x77, 0x2a, 0x57, 0x2a, 0x57, 0x22, 0x35, 0x22,
    0xf3, 0x21, 0xf4, 0x21, 0xf4, 0x19, 0xfa, 0x32, 0x3c, 0x3b, 0xfb, 0x32,
    0x3b, 0x3b, 0x1c, 0x33, 0x3b, 0x3b, 0x1b, 0x33, 0x1b, 0x33, 0x1b, 0x33,
    0x1c, 0x3b, 0x1c, 0x33, 0x3c, 0x3b, 0x5d, 0x3b, 0x5d, 0x3b, 0x5c, 0x3b,
    0x9d, 0x43, 0x3c, 0x3b, 0x3c, 0x3b, 0x7d, 0x3b, 0x5d, 0x3b, 0x5d, 0x3b,
    0x7d, 0x3b, 0x7d, 0x3b, 0x5d, 0x3b, 0x3c, 0x3b, 0x5c, 0x3b, 0x3c, 0x3b,
    0xdf, 0x43, 0x57, 0x2a, 0x22, 0x00, 0x4d, 0x11, 0x78, 0x2a, 0xb9, 0x2a,
    0x99, 0x2a, 0xb9, 0x2a, 0xb9, 0x2a, 0xda, 0x2a, 0xba, 0x2a, 0xd9, 0x32,
    0xda, 0x32, 0xda, 0x2a, 0xda, 0x32, 0xd9, 0x32, 0xb8, 0x2a, 0x98, 0x2a,
    0x98, 0x2a, 0x97, 0x2a, 0x77, 0x2a, 0x77, 0x2a, 0x76, 0x22, 0x76, 0x2a,
    0xb7, 0x32, 0x96, 0x32, 0x76, 0x2a, 0x75, 0x32, 0x75, 0x2a, 0x74, 0x2a,
    0x54, 0x32, 0x33, 0x2a, 0x32, 0x2a, 0x8e, 0x19, 0x8e, 0x19, 0xf2, 0x21,
    0x4d, 0x11, 0x2b, 0x11, 0x54, 0x2a, 0x35, 0x2a, 0x55, 0x2a, 0x55, 0x22,
    0x76, 0x2a, 0x77, 0x2a, 0x77, 0x2a, 0x97, 0x2a, 0x97, 0x2a, 0x98, 0x2a,
    0x98, 0x2a, 0x98, 0x2a, 0xb9, 0x2a, 0xb9, 0x32, 0xb9, 0x2a, 0xb9, 0x2a,
    0xb9, 0x32, 0xba, 0x32, 0xb9, 0x2a, 0xfb, 0x32, 0x1b, 0x3b, 0x6e, 0x19,
    0xe9, 0x10, 0x57, 0x22, 0x9e, 0x43, 0x5c, 0x3b, 0x1b, 0x3b, 0x7d, 0x3b,
    0xfa, 0x32, 0x36, 0x22, 0x78, 0x2a, 0x77, 0x22, 0x77, 0x2a, 0x57, 0x2a,
    0x57, 0x22, 0x77, 0x2a, 0x57, 0x2a, 0x77, 0x22, 0x57, 0x2a, 0x57, 0x2a,
    0x78, 0x2a, 0x56, 0x22, 0xb0, 0x19, 0xd2, 0x19, 0xf3, 0x21, 0xf3, 0x21,
    0xf3, 0x19, 0xd1, 0x19, 0xd9, 0x32, 0x78, 0x2a, 0xd1, 0x19, 0x35, 0x22,
    0x36, 0x22, 0x56, 0x2a, 0x56, 0x22, 0x77, 0x2a, 0x77, 0x2a, 0x77, 0x22,
    0x77, 0x2a, 0x77, 0x22, 0x77, 0x2a, 0x77, 0x2a, 0x57, 0x22, 0x57, 0x2a,
    0x77, 0x2a, 0x77, 0x22, 0x77, 0x2a, 0x77, 0x2a, 0x57, 0x22, 0x57, 0x22,
    0x57, 0x2a, 0x57, 0x22, 0x57, 0x2a, 0x77, 0x2a, 0x77, 0x22, 0x77, 0x2a,
    0x77, 0x2a, 0x57, 0x22, 0x77, 0x22, 0x57, 0x22, 0x57, 0x22, 0x56, 0x22,
    0x57, 0x2a, 0x56, 0x22, 0x56, 0x22, 0x56, 0x2a, 0x56, 0x22, 0x57, 0x22,
    0x56, 0x2a, 0x57, 0x2a, 0x56, 0x22, 0x57, 0x22, 0x56, 0x2a, 0x35, 0x22,
    0x56, 0x22, 0x36, 0x22, 0x36, 0x22, 0x55, 0x22, 0x36, 0x22, 0x56, 0x2a,
    0x35, 0x22, 0xb1, 0x19, 0x8f, 0x19, 0x36, 0x22, 0x99, 0x2a, 0x98, 0x2a,
    0x78, 0x2a, 0x98, 0x2a, 0x78, 0x22, 0x78, 0x2a, 0x78, 0x2a, 0x78, 0x2a,
    0x78, 0x2a, 0x78, 0x2a, 0x78, 0x2a, 0x78, 0x2a, 0x98, 0x2a, 0x78, 0x2a,
    0x98, 0x2a, 0x78, 0x2a, 0x36, 0x22, 0x78, 0x2a, 0xba, 0x2a, 0xfa, 0x32,
    0xda, 0x32, 0xda, 0x32, 0x1b, 0x33, 0x1b, 0x33, 0x1b, 0x3b, 0x1b, 0x3b,
    0x1b, 0x33, 0xfb, 0x32, 0xfb, 0x32, 0x1b, 0x3b, 0xfb, 0x32, 0x1b, 0x33,
    0x5c, 0x3b, 0x3c, 0x3b, 0xfb, 0x32, 0xb9, 0x32, 0x3c, 0x3b, 0x5c, 0x3b,
    0x7d, 0x3b, 0x5c, 0x3b, 0x7d, 0x43, 0x5d, 0x3b, 0x5c, 0x3b, 0x1b, 0x3b,
    0x7e, 0x43, 0x3b, 0x33, 0x1b, 0x3b, 0xdf, 0x43, 0x78, 0x2a, 0x22, 0x08,
    0x4d, 0x11, 0x78, 0x2a, 0xb9, 0x2a, 0xb9, 0x2a, 0xb9, 0x2a, 0xda, 0x32,
    0xba, 0x32, 0xd9, 0x2a, 0xda, 0x32, 0xda, 0x32, 0xd9, 0x2a, 0xda, 0x32,
    0xd9, 0x32, 0x98, 0x2a, 0x98, 0x2a, 0x98, 0x2a, 0x97, 0x2a, 0x97, 0x2a,
    0x77, 0x2a, 0x56, 0x2a, 0x76, 0x2a, 0xb7, 0x32, 0x96, 0x2a, 0x76, 0x32,
    0x76, 0x32, 0x75, 0x2a, 0x54, 0x32, 0x54, 0x2a, 0x33, 0x2a, 0x32, 0x2a,
    0x2c, 0x19, 0x0a, 0x11, 0x4d, 0x19, 0x2b, 0x11, 0x2b, 0x11, 0x55, 0x2a,
    0x55, 0x22, 0x55, 0x2a, 0x56, 0x2a, 0x76, 0x2a, 0x76, 0x2a, 0x77, 0x2a,
    0x77, 0x2a, 0x97, 0x2a, 0x98, 0x2a, 0x98, 0x2a, 0x99, 0x2a, 0xb8, 0x2a,
    0xb9, 0x32, 0xb9, 0x2a, 0xb9, 0x2a, 0xba, 0x32, 0xb9, 0x2a, 0xba, 0x2a,
    0xfb, 0x32, 0x1b, 0x33, 0x0a, 0x11, 0x8f, 0x19, 0x1b, 0x33, 0x5d, 0x3b,
    0x5c, 0x3b, 0x3c, 0x3b, 0x3c, 0x3b, 0x7d, 0x43, 0xb9, 0x2a, 0x36, 0x22,
    0x78, 0x2a, 0x78, 0x22, 0x78, 0x2a, 0x77, 0x22, 0x77, 0x2a, 0x77, 0x22,
    0x77, 0x22, 0x77, 0x22, 0x57, 0x2a, 0x76, 0x22, 0x78, 0x2a, 0x35, 0x22,
    0xb0, 0x19, 0xf3, 0x21, 0xf3, 0x21, 0xd2, 0x19, 0xf2, 0x19, 0xb9, 0x2a,
    0x78, 0x2a, 0xf2, 0x21, 0x35, 0x22, 0x36, 0x22, 0x57, 0x22, 0x57, 0x2a,
    0x77, 0x22, 0x57, 0x22, 0x57, 0x2a, 0x77, 0x2a, 0x57, 0x22, 0x77, 0x22,
    0x57, 0x2a, 0x77, 0x22, 0x77, 0x2a, 0x57, 0x22, 0x77, 0x22, 0x77, 0x2a,
    0x77, 0x22, 0x77, 0x2a, 0x77, 0x22, 0x78, 0x2a, 0x77, 0x22, 0x77, 0x2a,
    0x77, 0x22, 0x57, 0x2a, 0x77, 0x22, 0x57, 0x2a, 0x77, 0x2a, 0x77, 0x2a,
    0x77, 0x2a, 0x77, 0x22, 0x77, 0x2a, 0x77, 0x22, 0x57, 0x22, 0x57, 0x2a,
    0x57, 0x2a, 0x56, 0x22, 0x76, 0x22, 0x57, 0x22, 0x56, 0x22, 0x57, 0x2a,
    0x56, 0x22, 0x56, 0x2a, 0x36, 0x22, 0x56, 0x2a, 0x56, 0x2a, 0x35, 0x22,
    0x36, 0x22, 0x36, 0x22, 0x56, 0x2a, 0x35, 0x22, 0xd1, 0x19, 0x8f, 0x19,
    0x35, 0x22, 0x99, 0x2a, 0x98, 0x2a, 0x78, 0x2a, 0x98, 0x2a, 0x98, 0x2a,
    0x98, 0x2a, 0x98, 0x2a, 0x99, 0x2a, 0x98, 0x2a, 0x98, 0x2a, 0x99, 0x2a,
    0x99, 0x2a, 0x99, 0x2a, 0x98, 0x2a, 0x99, 0x2a, 0xb9, 0x2a, 0x36, 0x22,
    0x77, 0x22, 0x5c, 0x3b, 0x5d, 0x3b, 0xfa, 0x32, 0xda, 0x2a, 0x1b, 0x33,
    0xfb, 0x32, 0xfb, 0x32, 0xfb, 0x32, 0xfb, 0x32, 0xfb, 0x32, 0xfa, 0x32,
    0xfa, 0x32, 0xfa, 0x32, 0x1b, 0x33, 0x1c, 0x3b, 0xd9, 0x32, 0x78, 0x2a,
    0x3c, 0x3b, 0x5d, 0x3b, 0x5c, 0x3b, 0x5c, 0x3b, 0x5c, 0x3b, 0x3c, 0x3b,
    0x5d, 0x3b, 0x3c, 0x3b, 0x3c, 0x3b, 0xbe, 0x43, 0x3c, 0x3b, 0x3c, 0x3b,
    0xdf, 0x43, 0x78, 0x2a, 0x21, 0x00, 0x6d, 0x11, 0x98, 0x2a, 0xba, 0x2a,
    0xb9, 0x2a, 0xba, 0x2a, 0xba, 0x2a, 0xda, 0x32, 0xd9, 0x32, 0xda, 0x2a,
    0xda, 0x32, 0xd9, 0x32, 0xda, 0x32, 0xd9, 0x2a, 0x98, 0x2a, 0x98, 0x2a,
    0x98, 0x2a, 0x97, 0x2a, 0x77, 0x2a, 0x77, 0x2a, 0x76, 0x22, 0x97, 0x2a,
    0xb7, 0x32, 0x96, 0x32, 0x96, 0x2a, 0x75, 0x32, 0x75, 0x2a, 0x74, 0x32,
    0x54, 0x2a, 0x33, 0x2a, 0x32, 0x2a, 0x86, 0x08, 0x85, 0x08, 0xe9, 0x10,
    0x0a, 0x11, 0x2c, 0x11, 0x55, 0x2a, 0x55, 0x2a, 0x55, 0x2a, 0x76, 0x2a,
    0x76, 0x2a, 0x76, 0x2a, 0x77, 0x2a, 0x77, 0x2a, 0x98, 0x2a, 0x98, 0x2a,
    0x98, 0x2a, 0xb8, 0x32, 0xb9, 0x32, 0xb9, 0x2a, 0xb9, 0x2a, 0xb9, 0x2a,
    0xba, 0x2a, 0xd9, 0x32, 0xb9, 0x2a, 0xfb, 0x32, 0xb9, 0x32, 0x6e, 0x11,
    0x78, 0x2a, 0xda, 0x32, 0x5c, 0x3b, 0x5d, 0x3b, 0x3c, 0x3b, 0x3c, 0x3b,
    0x5d, 0x3b, 0x5c, 0x3b, 0x78, 0x2a, 0x57, 0x22, 0x78, 0x2a, 0x78, 0x2a,
    0x78, 0x2a, 0x78, 0x22, 0x78, 0x2a, 0x77, 0x2a, 0x77, 0x2a, 0x77, 0x22,
    0x77, 0x2a, 0x77, 0x2a, 0x98, 0x2a, 0x13, 0x22, 0xb0, 0x19, 0xf3, 0x21,
    0xd2, 0x19, 0xf4, 0x21, 0xb9, 0x32, 0x36, 0x22, 0xf3, 0x21, 0x35, 0x22,
    0x35, 0x22, 0x57, 0x2a, 0x77, 0x2a, 0x77, 0x22, 0x57, 0x22, 0x78, 0x2a,
    0x57, 0x22, 0x57, 0x22, 0x57, 0x2a, 0x77, 0x22, 0x57, 0x2a, 0x77, 0x22,
    0x57, 0x2a, 0x57, 0x2a, 0x57, 0x22, 0x57, 0x2a, 0x57, 0x22, 0x77, 0x2a,
    0x77, 0x22, 0x57, 0x2a, 0x77, 0x22, 0x57, 0x2a, 0x57, 0x22, 0x77, 0x22,
    0x57, 0x22, 0x57, 0x2a, 0x77, 0x22, 0x57, 0x2a, 0x77, 0x2a, 0x57, 0x22,
    0x78, 0x2a, 0x57, 0x22, 0x57, 0x22, 0x57, 0x2a, 0x57, 0x2a, 0x57, 0x2a,
    0x57, 0x2a, 0x57, 0x22, 0x56, 0x22, 0x57, 0x2a, 0x56, 0x22, 0x56, 0x22,
    0x57, 0x22, 0x56, 0x2a, 0x56, 0x2a, 0x56, 0x22, 0x35, 0x22, 0x56, 0x2a,
    0x36, 0x22, 0xd1, 0x19, 0x8f, 0x19, 0x36, 0x22, 0x98, 0x2a, 0x99, 0x2a,
    0xda, 0x2a, 0xb9, 0x2a, 0x98, 0x2a, 0x99, 0x2a, 0x99, 0x2a, 0x99, 0x2a,
    0x99, 0x2a, 0xb9, 0x2a, 0x99, 0x2a, 0xb8, 0x2a, 0x99, 0x22, 0x99, 0x2a,
    0x98, 0x2a, 0x99, 0x2a, 0x78, 0x22, 0x14, 0x22, 0xba, 0x32, 0xfb, 0x32,
    0x1b, 0x33, 0xfa, 0x32, 0xda, 0x32, 0xfa, 0x32, 0xfa, 0x32, 0xfb, 0x32,
    0xfa, 0x32, 0xfa, 0x3a, 0xfb, 0x32, 0xfa, 0x32, 0xfa, 0x32, 0xda, 0x32,
    0xb9, 0x32, 0xda, 0x32, 0x5c, 0x3b, 0x5d, 0x3b, 0x1c, 0x33, 0x3c, 0x3b,
    0x1c, 0x3b, 0x3c, 0x3b, 0x1c, 0x3b, 0x5d, 0x3b, 0x7d, 0x3b, 0x7e, 0x43,
    0x7d, 0x3b, 0x9d, 0x43, 0xbf, 0x43, 0xdf, 0x43, 0x57, 0x2a, 0x22, 0x00,
    0x8f, 0x19, 0x99, 0x2a, 0xb9, 0x2a, 0xb9, 0x2a, 0xda, 0x32, 0xba, 0x2a,
    0xd9, 0x2a, 0xfb, 0x32, 0xfa, 0x32, 0xd9, 0x2a, 0xda, 0x32, 0xfa, 0x32,
    0xd9, 0x32, 0x98, 0x2a, 0x98, 0x2a, 0x98, 0x2a, 0x98, 0x2a, 0x97, 0x2a,
    0x77, 0x2a, 0x76, 0x2a, 0x97, 0x2a, 0xb7, 0x32, 0x96, 0x32, 0x76, 0x32,
    0x75, 0x2a, 0x75, 0x32, 0x74, 0x2a, 0x54, 0x32, 0x33, 0x2a, 0x32, 0x2a,
    0x85, 0x08, 0x86, 0x08, 0x2b, 0x11, 0x2b, 0x11, 0x2b, 0x11, 0x54, 0x2a,
    0x35, 0x2a, 0x55, 0x2a, 0x55, 0x2a, 0x76, 0x2a, 0x76, 0x2a, 0x77, 0x2a,
    0x77, 0x2a, 0x97, 0x2a, 0xb8, 0x2a, 0x77, 0x2a, 0x98, 0x2a, 0x98, 0x2a,
    0xb8, 0x2a, 0xb9, 0x2a, 0xb9, 0x32, 0xb9, 0x2a, 0xba, 0x2a, 0xba, 0x2a,
    0xda, 0x32, 0xd9, 0x32, 0x36, 0x22, 0x78, 0x22, 0xd9, 0x32, 0x3c, 0x3b,
    0x3d, 0x3b, 0x3c, 0x3b, 0x3c, 0x3b, 0x1c, 0x3b, 0x5d, 0x43, 0x3b, 0x33,
    0x57, 0x22, 0x77, 0x2a, 0x78, 0x2a, 0x78, 0x2a, 0x78, 0x22, 0x78, 0x2a,
    0x78, 0x2a, 0x78, 0x2a, 0x77, 0x22, 0x77, 0x2a, 0x78, 0x22, 0x78, 0x2a,
    0x78, 0x2a, 0xb1, 0x19, 0xd1, 0x19, 0xb0, 0x19, 0x37, 0x22, 0xda, 0x32,
    0x14, 0x22, 0xf3, 0x21, 0x36, 0x22, 0x36, 0x22, 0x56, 0x22, 0x57, 0x2a,
    0x77, 0x2a, 0x77, 0x2a, 0x77, 0x2a, 0x78, 0x2a, 0x77, 0x22, 0x77, 0x2a,
    0x77, 0x2a, 0x58, 0x22, 0x77, 0x2a, 0x77, 0x22, 0x78, 0x2a, 0x77, 0x22,
    0x77, 0x2a, 0x58, 0x2a, 0x77, 0x22, 0x57, 0x2a, 0x58, 0x22, 0x77, 0x2a,
    0x77, 0x2a, 0x78, 0x2a, 0x77, 0x22, 0x77, 0x2a, 0x77, 0x22, 0x57, 0x22,
    0x77, 0x22, 0x58, 0x2a, 0x57, 0x22, 0x77, 0x2a, 0x77, 0x2a, 0x77, 0x2a,
    0x77, 0x22, 0x77, 0x22, 0x77, 0x2a, 0x57, 0x2a, 0x57, 0x22, 0x56, 0x22,
    0x57, 0x2a, 0x56, 0x22, 0x36, 0x22, 0x56, 0x2a, 0x36, 0x22, 0x56, 0x22,
    0x56, 0x2a, 0x56, 0x22, 0x56, 0x22, 0x36, 0x22, 0xd1, 0x21, 0x8e, 0x19,
    0x15, 0x22, 0xb9, 0x2a, 0xda, 0x32, 0x1b, 0x3b, 0x1b, 0x33, 0x79, 0x2a,
    0x99, 0x2a, 0x99, 0x2a, 0x98, 0x2a, 0x99, 0x2a, 0xb9, 0x2a, 0xb9, 0x2a,
    0xda, 0x2a, 0xda, 0x32, 0xfa, 0x32, 0xfb, 0x32, 0xfb, 0x32, 0x3c, 0x3b,
    0x99, 0x2a, 0xd1, 0x19, 0x78, 0x2a, 0x99, 0x2a, 0xb9, 0x2a, 0xba, 0x32,
    0xda, 0x32, 0xda, 0x32, 0xfa, 0x32, 0xfa, 0x32, 0xfa, 0x32, 0xda, 0x32,
    0xda, 0x32, 0xda, 0x32, 0xda, 0x32, 0xb9, 0x2a, 0xfa, 0x32, 0x1b, 0x33,
    0x1b, 0x33, 0x1b, 0x33, 0x1b, 0x33, 0x3c, 0x3b, 0x3c, 0x3b, 0x5c, 0x3b,
    0x5d, 0x3b, 0x5d, 0x3b, 0x9e, 0x43, 0x7d, 0x3b, 0x5c, 0x3b, 0x99, 0x2a,
    0x1b, 0x3b, 0x77, 0x2a, 0x42, 0x00, 0xb1, 0x19, 0x99, 0x2a, 0xd9, 0x32,
    0xda, 0x2a, 0xba, 0x32, 0xd9, 0x32, 0xda, 0x32, 0xb9, 0x2a, 0xb9, 0x32,
    0xda, 0x32, 0xfa, 0x32, 0xda, 0x32, 0xb9, 0x2a, 0xb8, 0x2a, 0x98, 0x2a,
    0x98, 0x2a, 0x97, 0x2a, 0x77, 0x2a, 0x77, 0x22, 0x76, 0x2a, 0x97, 0x32,
    0x97, 0x32, 0x96, 0x2a, 0x96, 0x32, 0x75, 0x2a, 0x75, 0x32, 0x54, 0x2a,
    0x54, 0x32, 0x32, 0x2a, 0x32, 0x2a, 0xc8, 0x08, 0xa6, 0x08, 0x0a, 0x11,
    0x2b, 0x11, 0x2b, 0x11, 0x54, 0x2a, 0x55, 0x2a, 0x55, 0x2a, 0x55, 0x2a,
    0x76, 0x2a, 0x76, 0x2a, 0x77, 0x2a, 0x97, 0x2a, 0x97, 0x2a, 0x98, 0x2a,
    0x77, 0x2a, 0x98, 0x2a, 0x98, 0x2a, 0x98, 0x2a, 0xb9, 0x2a, 0xb9, 0x2a,
    0xb9, 0x2a, 0xba, 0x32, 0xd9, 0x2a, 0xda, 0x32, 0xda, 0x32, 0x37, 0x22,
    0x78, 0x22, 0xd9, 0x2a, 0x3c, 0x3b, 0x3c, 0x3b, 0x3c, 0x3b, 0x3c, 0x3b,
    0x3c, 0x3b, 0x1c, 0x3b, 0x5d, 0x3b, 0xfa, 0x32, 0x57, 0x22, 0x77, 0x2a,
    0x78, 0x2a, 0x78, 0x22, 0x78, 0x2a, 0x78, 0x22, 0x78, 0x22, 0x78, 0x2a,
    0x78, 0x2a, 0x57, 0x22, 0x57, 0x22, 0x78, 0x2a, 0x35, 0x22, 0xb0, 0x19,
    0x90, 0x19, 0xb9, 0x2a, 0xd9, 0x32, 0xf3, 0x21, 0x14, 0x22, 0x36, 0x22,
    0x56, 0x22, 0x77, 0x22, 0x57, 0x2a, 0x78, 0x2a, 0x77, 0x22, 0x77, 0x2a,
    0x77, 0x2a, 0x57, 0x22, 0x77, 0x2a, 0x77, 0x2a, 0x77, 0x22, 0x77, 0x2a,
    0x77, 0x2a, 0x77, 0x22, 0x77, 0x2a, 0x77, 0x2a, 0x77, 0x22, 0x77, 0x2a,
    0x77, 0x2a, 0x77, 0x22, 0x77, 0x2a, 0x77, 0x2a, 0x77, 0x22, 0x77, 0x2a,
    0x78, 0x2a, 0x77, 0x2a, 0x77, 0x2a, 0x78, 0x2a, 0x77, 0x2a, 0x57, 0x22,
    0x77, 0x22, 0x57, 0x2a, 0x57, 0x22, 0x77, 0x2a, 0x57, 0x22, 0x77, 0x2a,
    0x77, 0x22, 0x57, 0x22, 0x56, 0x2a, 0x57, 0x2a, 0x56, 0x22, 0x56, 0x2a,
    0x56, 0x22, 0x56, 0x22, 0x37, 0x2a, 0x56, 0x22, 0x56, 0x2a, 0x56, 0x2a,
    0x36, 0x22, 0xd2, 0x21, 0x6e, 0x19, 0x36, 0x22, 0x1b, 0x33, 0x3b, 0x3b,
    0x3c, 0x3b, 0x5d, 0x3b, 0xda, 0x32, 0x98, 0x2a, 0xd9, 0x2a, 0xda, 0x32,
    0x1b, 0x33, 0x3c, 0x3b, 0x5c, 0x3b, 0x5c, 0x3b, 0x7d, 0x3b, 0x7d, 0x3b,
    0x7d, 0x3b, 0x7d, 0x3b, 0x7d, 0x3b, 0x5c, 0x3b, 0x55, 0x22, 0x13, 0x22,
    0x78, 0x2a, 0x78, 0x22, 0x98, 0x2a, 0xb9, 0x2a, 0xda, 0x32, 0xda, 0x32,
    0xda, 0x32, 0xda, 0x32, 0xda, 0x32, 0xba, 0x32, 0xda, 0x32, 0xb9, 0x2a,
    0xd9, 0x2a, 0xb9, 0x32, 0xba, 0x32, 0xfa, 0x32, 0xfa, 0x32, 0x1b, 0x3b,
    0x1b, 0x33, 0x3b, 0x33, 0x1b, 0x33, 0x1b, 0x3b, 0xda, 0x32, 0xd9, 0x32,
    0xb9, 0x2a, 0x78, 0x2a, 0x57, 0x22, 0x9e, 0x43, 0x78, 0x2a, 0x43, 0x00,
    0xf3, 0x21, 0x99, 0x2a, 0xd9, 0x32, 0xb9, 0x2a, 0xda, 0x2a, 0xb9, 0x32,
    0x5d, 0x3b, 0x8f, 0x19, 0x15, 0x22, 0x3c, 0x3b, 0xda, 0x32, 0xda, 0x32,
    0xb9, 0x2a, 0x98, 0x2a, 0x98, 0x2a, 0x98, 0x2a, 0x97, 0x2a, 0x77, 0x2a,
    0x76, 0x22, 0x77, 0x2a, 0xb7, 0x32, 0x97, 0x32, 0x96, 0x2a, 0x76, 0x32,
    0x75, 0x2a, 0x75, 0x2a, 0x54, 0x32, 0x54, 0x2a, 0x33, 0x2a, 0x32, 0x2a,
    0x2b, 0x19, 0xa6, 0x08, 0x0a, 0x11, 0x0a, 0x11, 0x2c, 0x11, 0x55, 0x2a,
    0x55, 0x22, 0x55, 0x2a, 0x56, 0x2a, 0x76, 0x2a, 0x76, 0x2a, 0x77, 0x2a,
    0x77, 0x2a, 0x77, 0x2a, 0x98, 0x2a, 0x98, 0x2a, 0x78, 0x2a, 0xb8, 0x2a,
    0x98, 0x2a, 0x98, 0x2a, 0xb9, 0x2a, 0xb9, 0x2a, 0xba, 0x32, 0xd9, 0x2a,
    0xda, 0x2a, 0xda, 0x2a, 0x36, 0x22, 0x78, 0x2a, 0xb9, 0x32, 0x3c, 0x3b,
    0x3c, 0x3b, 0x3c, 0x3b, 0x3c, 0x3b, 0x3b, 0x3b, 0x3c, 0x3b, 0x3c, 0x3b,
    0x5d, 0x3b, 0xfa, 0x32, 0x57, 0x22, 0x78, 0x2a, 0x98, 0x2a, 0x78, 0x2a,
    0x78, 0x2a, 0x78, 0x2a, 0x78, 0x2a, 0x78, 0x2a, 0x78, 0x2a, 0x77, 0x2a,
    0x77, 0x2a, 0x77, 0x2a, 0x8e, 0x19, 0xf4, 0x19, 0x1b, 0x3b, 0x56, 0x22,
    0xf3, 0x19, 0x35, 0x22, 0x56, 0x22, 0x57, 0x2a, 0x57, 0x2a, 0x77, 0x22,
    0x78, 0x2a, 0x78, 0x22, 0x78, 0x22, 0x77, 0x2a, 0x78, 0x2a, 0x78, 0x22,
    0x78, 0x2a, 0x58, 0x2a, 0x77, 0x22, 0x78, 0x2a, 0x58, 0x22, 0x78, 0x2a,
    0x78, 0x2a, 0x78, 0x22, 0x77, 0x2a, 0x78, 0x2a, 0x58, 0x22, 0x77, 0x2a,
    0x78, 0x22, 0x58, 0x22, 0x77, 0x2a, 0x58, 0x2a, 0x78, 0x22, 0x77, 0x2a,
    0x77, 0x2a, 0x77, 0x22, 0x78, 0x2a, 0x77, 0x2a, 0x57, 0x22, 0x77, 0x2a,
    0x77, 0x2a, 0x57, 0x22, 0x57, 0x2a, 0x78, 0x2a, 0x77, 0x22, 0x58, 0x2a,
    0x56, 0x22, 0x56, 0x22, 0x56, 0x2a, 0x57, 0x2a, 0x57, 0x22, 0x56, 0x22,
    0x57, 0x22, 0x56, 0x22, 0x56, 0x2a, 0x36, 0x22, 0xd2, 0x19, 0x6d, 0x11,
    0x78, 0x2a, 0x5c, 0x3b, 0x3c, 0x3b, 0x5c, 0x3b, 0x5d, 0x3b, 0x3c, 0x3b,
    0x3b, 0x33, 0x5c, 0x3b, 0x7d, 0x3b, 0x7d, 0x3b, 0x7d, 0x3b, 0x5d, 0x3b,
    0x5d, 0x3b, 0x5d, 0x3b, 0x5c, 0x3b, 0x5c, 0x3b, 0x5d, 0x3b, 0x5c, 0x3b,
    0x5d, 0x3b, 0xfb, 0x32, 0xf3, 0x21, 0x55, 0x22, 0x78, 0x2a, 0x78, 0x2a,
    0x98, 0x2a, 0xb9, 0x2a, 0xb9, 0x32, 0xba, 0x32, 0xda, 0x2a, 0xda, 0x32,
    0xb9, 0x2a, 0xd9, 0x2a, 0xb9, 0x32, 0xb9, 0x2a, 0xb9, 0x2a, 0xb9, 0x2a,
    0xda, 0x32, 0xb9, 0x32, 0xda, 0x32, 0xfa, 0x32, 0x99, 0x2a, 0xfb, 0x32,
    0xb9, 0x2a, 0x78, 0x2a, 0x56, 0x22, 0xf3, 0x21, 0xfa, 0x32, 0x7e, 0x43,
    0xdf, 0x43, 0x36, 0x22, 0x63, 0x08, 0x35, 0x22, 0xb9, 0x2a, 0xba, 0x2a,
    0xd9, 0x2a, 0xba, 0x32, 0xda, 0x2a, 0x3d, 0x3b, 0xb0, 0x19, 0x35, 0x22,
    0x3c, 0x3b, 0xda, 0x32, 0xd9, 0x32, 0xb9, 0x2a, 0x98, 0x2a, 0x98, 0x2a,
    0x98, 0x2a, 0x77, 0x2a, 0x77, 0x2a, 0x76, 0x2a, 0x77, 0x2a, 0xb7, 0x32,
    0xb6, 0x2a, 0x76, 0x32, 0x76, 0x32, 0x75, 0x32, 0x75, 0x2a, 0x74, 0x32,
    0x53, 0x2a, 0x33, 0x2a, 0x32, 0x2a, 0xa7, 0x08, 0x86, 0x08, 0xe9, 0x10,
    0x2b, 0x11, 0x2b, 0x19, 0x55, 0x2a, 0x35, 0x2a, 0x55, 0x22, 0x55, 0x2a,
    0x76, 0x2a, 0x76, 0x2a, 0x77, 0x2a, 0x77, 0x2a, 0x97, 0x2a, 0x98, 0x2a,
    0x77, 0x2a, 0x77, 0x2a, 0x99, 0x2a, 0x98, 0x2a, 0xb9, 0x2a, 0x99, 0x2a,
    0xb9, 0x32, 0xb9, 0x2a, 0xda, 0x2a, 0xda, 0x32, 0xb9, 0x2a, 0x36, 0x22,
    0x78, 0x2a, 0xd9, 0x2a, 0x3c, 0x3b, 0x5c, 0x3b, 0x3c, 0x3b, 0x3c, 0x3b,
    0x1c, 0x3b, 0x3c, 0x3b, 0x3c, 0x3b, 0x3c, 0x3b, 0x5c, 0x3b, 0xfa, 0x32,
    0x78, 0x2a, 0x78, 0x22, 0x98, 0x2a, 0x78, 0x2a, 0x78, 0x2a, 0x78, 0x22,
    0x78, 0x2a, 0x78, 0x22, 0x78, 0x2a, 0x78, 0x2a, 0x78, 0x22, 0x4d, 0x11,
    0xb9, 0x32, 0xfa, 0x32, 0xd2, 0x19, 0x14, 0x22, 0x36, 0x22, 0x57, 0x22,
    0x57, 0x2a, 0x57, 0x22, 0x77, 0x2a, 0x78, 0x2a, 0x78, 0x2a, 0x78, 0x22,
    0x78, 0x2a, 0x58, 0x22, 0x78, 0x2a, 0x77, 0x22, 0x78, 0x2a, 0x78, 0x2a,
    0x78, 0x22, 0x77, 0x2a, 0x78, 0x2a, 0x78, 0x22, 0x77, 0x2a, 0x78, 0x22,
    0x78, 0x2a, 0x78, 0x2a, 0x78, 0x22, 0x78, 0x2a, 0x78, 0x2a, 0x78, 0x2a,
    0x77, 0x22, 0x78, 0x22, 0x78, 0x2a, 0x78, 0x22, 0x78, 0x2a, 0x78, 0x2a,
    0x78, 0x2a, 0x57, 0x22, 0x77, 0x2a, 0x78, 0x2a, 0x77, 0x22, 0x57, 0x22,
    0x57, 0x2a, 0x77, 0x22, 0x57, 0x2a, 0x78, 0x22, 0x57, 0x22, 0x56, 0x22,
    0x57, 0x22, 0x56, 0x2a, 0x56, 0x2a, 0x36, 0x22, 0x37, 0x22, 0x57, 0x22,
    0x35, 0x22, 0xd1, 0x21, 0x6e, 0x19, 0xb9, 0x2a, 0x7d, 0x3b, 0x3c, 0x3b,
    0x3c, 0x3b, 0x3c, 0x3b, 0x5c, 0x3b, 0x5d, 0x3b, 0x5d, 0x3b, 0x5d, 0x3b,
    0x5d, 0x3b, 0x5c, 0x3b, 0x5c, 0x3b, 0x5d, 0x3b, 0x5c, 0x3b, 0x5d, 0x3b,
    0x5d, 0x43, 0x5d, 0x3b, 0x5c, 0x3b, 0x3c, 0x3b, 0x3c, 0x3b, 0x99, 0x2a,
    0xf2, 0x21, 0x56, 0x22, 0x78, 0x2a, 0x78, 0x2a, 0x78, 0x2a, 0xb9, 0x2a,
    0xd9, 0x2a, 0xb9, 0x2a, 0xb9, 0x32, 0xb9, 0x2a, 0xb9, 0x2a, 0xb9, 0x2a,
    0xb9, 0x2a, 0xb9, 0x2a, 0xb9, 0x2a, 0xb9, 0x2a, 0xda, 0x32, 0xba, 0x2a,
    0x78, 0x2a, 0x1b, 0x33, 0x9e, 0x43, 0x78, 0x2a, 0x34, 0x22, 0x14, 0x22,
    0x36, 0x22, 0x3c, 0x3b, 0x5d, 0x43, 0xbf, 0x43, 0x56, 0x22, 0x64, 0x08,
    0x56, 0x2a, 0xb9, 0x2a, 0xd9, 0x32, 0xba, 0x32, 0xda, 0x32, 0xda, 0x32,
    0x3d, 0x3b, 0xb0, 0x19, 0x36, 0x22, 0x3c, 0x3b, 0xf9, 0x32, 0xda, 0x32,
    0x98, 0x2a, 0x98, 0x2a, 0x98, 0x2a, 0x98, 0x2a, 0x77, 0x2a, 0x77, 0x2a,
    0x76, 0x22, 0x77, 0x2a, 0xb7, 0x32, 0x96, 0x32, 0x96, 0x2a, 0x76, 0x32,
    0x75, 0x2a, 0x75, 0x32, 0x54, 0x2a, 0x54, 0x2a, 0x32, 0x2a, 0x32, 0x2a,
    0x65, 0x08, 0x86, 0x08, 0x8f, 0x19, 0x6d, 0x19, 0x2b, 0x11, 0x54, 0x2a,
    0x35, 0x2a, 0x55, 0x2a, 0x55, 0x2a, 0x76, 0x2a, 0x76, 0x2a, 0x77, 0x2a,
    0x77, 0x2a, 0x97, 0x2a, 0x98, 0x2a, 0x77, 0x2a, 0x77, 0x2a, 0x98, 0x2a,
    0x98, 0x2a, 0x98, 0x2a, 0xb9, 0x2a, 0xb9, 0x2a, 0xba, 0x32, 0xd9, 0x2a,
    0xda, 0x32, 0xb9, 0x2a, 0x36, 0x22, 0x78, 0x2a, 0xd9, 0x2a, 0x3c, 0x3b,
    0x3c, 0x3b, 0x3c, 0x3b, 0x3c, 0x33, 0x3c, 0x3b, 0x3b, 0x3b, 0x3c, 0x3b,
    0x1c, 0x3b, 0x3c, 0x3b, 0x5c, 0x3b, 0xfb, 0x32, 0x98, 0x2a, 0x77, 0x22,
    0x78, 0x2a, 0x78, 0x2a, 0x98, 0x2a, 0x78, 0x2a, 0x78, 0x2a, 0x78, 0x22,
    0x98, 0x2a, 0x14, 0x22, 0xd3, 0x19, 0x3c, 0x3b, 0x35, 0x22, 0xf3, 0x21,
    0x36, 0x22, 0x36, 0x22, 0x57, 0x2a, 0x77, 0x22, 0x78, 0x2a, 0x78, 0x2a,
    0x78, 0x22, 0x77, 0x2a, 0x78, 0x2a, 0x78, 0x22, 0x77, 0x2a, 0x78, 0x2a,
    0x78, 0x22, 0x77, 0x2a, 0x78, 0x2a, 0x78, 0x22, 0x77, 0x2a, 0x78, 0x22,
    0x78, 0x2a, 0x77, 0x2a, 0x78, 0x22, 0x78, 0x2a, 0x77, 0x2a, 0x77, 0x22,
    0x78, 0x2a, 0x78, 0x2a, 0x77, 0x22, 0x78, 0x2a, 0x77, 0x2a, 0x78, 0x2a,
    0x78, 0x22, 0x78, 0x22, 0x78, 0x2a, 0x78, 0x22, 0x77, 0x2a, 0x77, 0x22,
    0x78, 0x2a, 0x78, 0x2a, 0x78, 0x2a, 0x77, 0x22, 0x57, 0x2a, 0x78, 0x2a,
    0x77, 0x2a, 0x57, 0x22, 0x57, 0x2a, 0x56, 0x2a, 0x57, 0x22, 0x57, 0x22,
    0x56, 0x2a, 0x56, 0x2a, 0x57, 0x22, 0x36, 0x22, 0xd1, 0x19, 0x6e, 0x19,
    0xfa, 0x32, 0x7d, 0x43, 0x3c, 0x3b, 0x3c, 0x3b, 0x5c, 0x3b, 0x5c, 0x3b,
    0x3c, 0x3b, 0x5c, 0x3b, 0x5c, 0x3b, 0x5c, 0x3b, 0x5d, 0x3b, 0x5c, 0x3b,
    0x5c, 0x3b, 0x5d, 0x3b, 0x3c, 0x3b, 0x5c, 0x3b, 0x5d, 0x3b, 0x3c, 0x3b,
    0x3c, 0x3b, 0x1c, 0x3b, 0xfa, 0x32, 0x78, 0x22, 0xf3, 0x21, 0x55, 0x22,
    0x98, 0x2a, 0x78, 0x2a, 0x98, 0x2a, 0xb9, 0x2a, 0xb9, 0x32, 0xb9, 0x2a,
    0xb9, 0x2a, 0xb9, 0x32, 0x99, 0x2a, 0x99, 0x2a, 0xb9, 0x32, 0xb9, 0x32,
    0xda, 0x32, 0xb9, 0x2a, 0x78, 0x2a, 0x3b, 0x3b, 0xbf, 0x43, 0x7d, 0x3b,
    0x98, 0x2a, 0xd1, 0x19, 0x98, 0x2a, 0x78, 0x2a, 0x98, 0x2a, 0x5c, 0x3b,
    0xdf, 0x4b, 0x36, 0x22, 0x84, 0x08, 0x78, 0x2a, 0xb9, 0x2a, 0xba, 0x2a,
    0xda, 0x32, 0xda, 0x2a, 0xd9, 0x32, 0x5c, 0x3b, 0xb0, 0x19, 0x35, 0x22,
    0x3c, 0x3b, 0xda, 0x32, 0xd9, 0x2a, 0x98, 0x2a, 0x98, 0x2a, 0x98, 0x2a,
    0x77, 0x2a, 0x97, 0x2a, 0x77, 0x22, 0x76, 0x2a, 0x97, 0x2a, 0xb7, 0x32,
    0x96, 0x32, 0x76, 0x2a, 0x96, 0x32, 0x75, 0x2a, 0x75, 0x32, 0x74, 0x2a,
    0x54, 0x2a, 0x33, 0x2a, 0x32, 0x2a, 0x86, 0x08, 0x2b, 0x11, 0xf1, 0x21,
    0x4c, 0x11, 0x0b, 0x11, 0x54, 0x2a, 0x35, 0x22, 0x55, 0x2a, 0x55, 0x2a,
    0x76, 0x2a, 0x76, 0x2a, 0x76, 0x2a, 0x77, 0x2a, 0x97, 0x2a, 0x98, 0x2a,
    0x98, 0x2a, 0x77, 0x2a, 0x98, 0x2a, 0x98, 0x2a, 0xb9, 0x32, 0xb8, 0x2a,
    0xb9, 0x2a, 0xb9, 0x2a, 0xba, 0x2a, 0xfb, 0x32, 0x99, 0x2a, 0xd1, 0x19,
    0x98, 0x2a, 0xb9, 0x2a, 0x3c, 0x3b, 0x3c, 0x3b, 0x3c, 0x3b, 0x3c, 0x3b,
    0x3c, 0x33, 0x3c, 0x3b, 0x3c, 0x3b, 0x3c, 0x3b, 0x3c, 0x3b, 0x3c, 0x3b,
    0x5c, 0x3b, 0x1b, 0x3b, 0xb9, 0x2a, 0x78, 0x2a, 0x77, 0x22, 0x78, 0x2a,
    0x98, 0x2a, 0x78, 0x2a, 0x78, 0x2a, 0x98, 0x2a, 0xb1, 0x19, 0xd9, 0x32,
    0xda, 0x32, 0xd1, 0x19, 0x35, 0x22, 0x56, 0x22, 0x56, 0x2a, 0x77, 0x2a,
    0x77, 0x22, 0x78, 0x2a, 0x78, 0x22, 0x78, 0x2a, 0x77, 0x2a, 0x77, 0x22,
    0x78, 0x2a, 0x78, 0x2a, 0x77, 0x22, 0x78, 0x2a, 0x78, 0x22, 0x78, 0x2a,
    0x77, 0x2a, 0x78, 0x22, 0x78, 0x2a, 0x77, 0x2a, 0x78, 0x22, 0x78, 0x2a,
    0x77, 0x22, 0x78, 0x2a, 0x78, 0x2a, 0x77, 0x22, 0x77, 0x2a, 0x78, 0x22,
    0x78, 0x2a, 0x78, 0x2a, 0x77, 0x22, 0x77, 0x2a, 0x77, 0x2a, 0x77, 0x22,
    0x78, 0x2a, 0x78, 0x2a, 0x78, 0x22, 0x77, 0x22, 0x78, 0x2a, 0x77, 0x2a,
    0x77, 0x22, 0x77, 0x2a, 0x57, 0x22, 0x77, 0x22, 0x57, 0x2a, 0x57, 0x22,
    0x57, 0x2a, 0x56, 0x22, 0x57, 0x22, 0x56, 0x22, 0x57, 0x2a, 0x57, 0x2a,
    0x56, 0x22, 0xb0, 0x19, 0xb0, 0x19, 0x1c, 0x3b, 0x5d, 0x3b, 0x3c, 0x3b,
    0x3c, 0x3b, 0x5c, 0x3b, 0x5c, 0x3b, 0x5c, 0x3b, 0x3d, 0x3b, 0x5c, 0x3b,
    0x3c, 0x3b, 0x3d, 0x3b, 0x5d, 0x3b, 0x3c, 0x3b, 0x5d, 0x3b, 0x5d, 0x3b,
    0x5c, 0x3b, 0x5d, 0x3b, 0x5c, 0x3b, 0x3c, 0x3b, 0x1c, 0x3b, 0x1b, 0x33,
    0xb9, 0x2a, 0x57, 0x2a, 0xf3, 0x21, 0x56, 0x22, 0x98, 0x2a, 0x78, 0x22,
    0x98, 0x2a, 0xb9, 0x32, 0xb9, 0x2a, 0xb9, 0x2a, 0x99, 0x2a, 0x99, 0x32,
    0xb9, 0x2a, 0xb9, 0x32, 0xda, 0x32, 0x99, 0x2a, 0x98, 0x2a, 0x5c, 0x3b,
    0xbf, 0x43, 0x5d, 0x3b, 0x1b, 0x3b, 0xb9, 0x32, 0x36, 0x22, 0x98, 0x2a,
    0x98, 0x2a, 0x57, 0x22, 0xfa, 0x32, 0xdf, 0x4b, 0x36, 0x22, 0x85, 0x08,
    0x98, 0x2a, 0xb9, 0x2a, 0xba, 0x32, 0xda, 0x32, 0xda, 0x2a, 0xda, 0x2a,
    0x3d, 0x3b, 0xb0, 0x19, 0x35, 0x22, 0x3c, 0x3b, 0xda, 0x32, 0xd9, 0x2a,
    0x98, 0x2a, 0x98, 0x2a, 0x98, 0x2a, 0x97, 0x2a, 0x77, 0x2a, 0x77, 0x22,
    0x77, 0x2a, 0x97, 0x2a, 0xb7, 0x32, 0x97, 0x32, 0x76, 0x32, 0x76, 0x2a,
    0x75, 0x32, 0x75, 0x32, 0x54, 0x2a, 0x54, 0x32, 0x32, 0x2a, 0x32, 0x2a,
    0x4c, 0x19, 0x8f, 0x19, 0xd1, 0x21, 0x6e, 0x19, 0x0b, 0x11, 0x55, 0x2a,
    0x55, 0x2a, 0x55, 0x2a, 0x55, 0x2a, 0x76, 0x22, 0x76, 0x2a, 0x77, 0x2a,
    0x77, 0x2a, 0x97, 0x2a, 0x98, 0x2a, 0x77, 0x2a, 0x77, 0x2a, 0x98, 0x2a,
    0x98, 0x2a, 0x99, 0x2a, 0xb9, 0x32, 0xb9, 0x32, 0xb9, 0x2a, 0xb9, 0x2a,
    0xfb, 0x32, 0xb9, 0x2a, 0x2a, 0x11, 0x35, 0x22, 0xda, 0x32, 0x3c, 0x3b,
    0x3c, 0x3b, 0x3c, 0x3b, 0x3c, 0x3b, 0x3b, 0x3b, 0x3c, 0x3b, 0x3c, 0x33,
    0x3c, 0x3b, 0x3c, 0x3b, 0x1c, 0x3b, 0x3c, 0x3b, 0x5c, 0x3b, 0x3c, 0x3b,
    0xfa, 0x32, 0x98, 0x2a, 0x78, 0x22, 0x78, 0x22, 0x78, 0x2a, 0x98, 0x2a,
    0x36, 0x22, 0x78, 0x22, 0xfa, 0x32, 0xf2, 0x21, 0xf3, 0x21, 0x56, 0x22,
    0x56, 0x22, 0x58, 0x22, 0x78, 0x2a, 0x78, 0x2a, 0x77, 0x22, 0x78, 0x2a,
    0x78, 0x2a, 0x78, 0x22, 0x78, 0x2a, 0x78, 0x2a, 0x77, 0x22, 0x77, 0x2a,
    0x78, 0x2a, 0x77, 0x22, 0x77, 0x2a, 0x58, 0x2a, 0x78, 0x22, 0x77, 0x2a,
    0x58, 0x22, 0x78, 0x2a, 0x77, 0x2a, 0x58, 0x22, 0x78, 0x2a, 0x78, 0x22,
    0x57, 0x2a, 0x78, 0x2a, 0x78, 0x22, 0x77, 0x2a, 0x58, 0x22, 0x78, 0x2a,
    0x78, 0x2a, 0x58, 0x22, 0x77, 0x2a, 0x77, 0x2a, 0x58, 0x22, 0x78, 0x2a,
    0x78, 0x2a, 0x78, 0x22, 0x78, 0x2a, 0x78, 0x2a, 0x78, 0x22, 0x77, 0x2a,
    0x58, 0x2a, 0x77, 0x22, 0x57, 0x22, 0x57, 0x22, 0x76, 0x2a, 0x57, 0x2a,
    0x56, 0x22, 0x56, 0x22, 0x57, 0x2a, 0x56, 0x2a, 0xd3, 0x21, 0x6d, 0x19,
    0xda, 0x32, 0x7e, 0x43, 0x3c, 0x3b, 0x5c, 0x3b, 0x3c, 0x3b, 0x3d, 0x3b,
    0x5d, 0x3b, 0x5c, 0x3b, 0x5d, 0x3b, 0x5c, 0x3b, 0x5c, 0x3b, 0x5d, 0x3b,
    0x5c, 0x3b, 0x3c, 0x3b, 0x5d, 0x3b, 0x5d, 0x3b, 0x3c, 0x3b, 0x5d, 0x3b,
    0x3c, 0x3b, 0x1c, 0x3b, 0x1b, 0x33, 0xfa, 0x32, 0x99, 0x2a, 0x78, 0x2a,
    0xf2, 0x19, 0x56, 0x22, 0x78, 0x2a, 0x78, 0x2a, 0xb9, 0x2a, 0xb9, 0x2a,
    0x99, 0x2a, 0x99, 0x2a, 0xb9, 0x2a, 0xda, 0x32, 0xfa, 0x32, 0x78, 0x2a,
    0x98, 0x2a, 0x7d, 0x3b, 0xbf, 0x43, 0x5d, 0x3b, 0x3c, 0x3b, 0x3c, 0x3b,
    0x3b, 0x33, 0x57, 0x2a, 0x56, 0x22, 0x98, 0x2a, 0x57, 0x2a, 0x99, 0x2a,
    0xbf, 0x43, 0x36, 0x22, 0xa6, 0x08, 0x98, 0x2a, 0xb9, 0x2a, 0xda, 0x32,
    0xda, 0x32, 0xda, 0x32, 0xda, 0x32, 0x5d, 0x3b, 0xb0, 0x19, 0x35, 0x22,
    0x3c, 0x3b, 0xda, 0x32, 0xb9, 0x2a, 0x98, 0x2a, 0x98, 0x2a, 0x98, 0x22,
    0x78, 0x2a, 0x77, 0x2a, 0x77, 0x22, 0x77, 0x2a, 0xb7, 0x32, 0xb7, 0x32,
    0x96, 0x2a, 0x96, 0x32, 0x76, 0x2a, 0x75, 0x2a, 0x75, 0x32, 0x74, 0x2a,
    0x54, 0x2a, 0x33, 0x2a, 0x32, 0x2a, 0x8e, 0x19, 0x4c, 0x19, 0x8e, 0x19,
    0x2b, 0x11, 0x2b, 0x11, 0x34, 0x2a, 0x34, 0x22, 0x55, 0x22, 0x55, 0x2a,
    0x76, 0x2a, 0x76, 0x2a, 0x77, 0x2a, 0x77, 0x2a, 0x97, 0x2a, 0x98, 0x2a,
    0x77, 0x2a, 0x77, 0x2a, 0x98, 0x2a, 0xb8, 0x2a, 0x98, 0x2a, 0xb9, 0x2a,
    0xb9, 0x2a, 0xba, 0x2a, 0xb9, 0x2a, 0xda, 0x32, 0xba, 0x32, 0x2b, 0x11,
    0x4c, 0x19, 0xb9, 0x2a, 0x5c, 0x3b, 0x3c, 0x3b, 0x3c, 0x3b, 0x3c, 0x3b,
    0x3c, 0x3b, 0x3b, 0x3b, 0x3c, 0x3b, 0x3b, 0x3b, 0x3c, 0x3b, 0x3c, 0x3b,
    0x3c, 0x3b, 0x3c, 0x3b, 0x3c, 0x3b, 0x3c, 0x3b, 0x1b, 0x33, 0xb9, 0x32,
    0x98, 0x2a, 0x78, 0x2a, 0x98, 0x2a, 0x57, 0x22, 0xda, 0x32, 0x77, 0x2a,
    0xd2, 0x19, 0x35, 0x22, 0x57, 0x22, 0x57, 0x2a, 0x57, 0x22, 0x78, 0x2a,
    0x78, 0x2a, 0x78, 0x22, 0x78, 0x2a, 0x78, 0x2a, 0x78, 0x22, 0x78, 0x2a,
    0x78, 0x2a, 0x78, 0x22, 0x78, 0x2a, 0x78, 0x2a, 0x78, 0x22, 0x78, 0x2a,
    0x78, 0x2a, 0x78, 0x22, 0x78, 0x2a, 0x78, 0x2a, 0x78, 0x22, 0x78, 0x2a,
    0x78, 0x2a, 0x78, 0x22, 0x78, 0x2a, 0x78, 0x2a, 0x78, 0x22, 0x78, 0x2a,
    0x78, 0x2a, 0x78, 0x22, 0x78, 0x2a, 0x78, 0x2a, 0x78, 0x2a, 0x78, 0x2a,
    0x78, 0x2a, 0x77, 0x22, 0x77, 0x2a, 0x78, 0x2a, 0x77, 0x22, 0x78, 0x2a,
    0x78, 0x2a, 0x77, 0x22, 0x78, 0x2a, 0x77, 0x2a, 0x57, 0x22, 0x78, 0x2a,
    0x77, 0x2a, 0x57, 0x22, 0x57, 0x22, 0x56, 0x2a, 0x57, 0x22, 0x57, 0x22,
    0x56, 0x22, 0xd2, 0x19, 0x6e, 0x19, 0xfa, 0x32, 0x7d, 0x3b, 0x3c, 0x3b,
    0x3c, 0x3b, 0x3c, 0x3b, 0x3c, 0x3b, 0x5c, 0x3b, 0x5c, 0x3b, 0x3d, 0x3b,
    0x5d, 0x3b, 0x5c, 0x3b, 0x5c, 0x3b, 0x5d, 0x3b, 0x3c, 0x3b, 0x5c, 0x3b,
    0x5d, 0x3b, 0x5c, 0x3b, 0x5c, 0x3b, 0x5c, 0x3b, 0x1c, 0x3b, 0x1b, 0x33,
    0x1b, 0x33, 0xda, 0x32, 0x98, 0x2a, 0x58, 0x22, 0xf2, 0x21, 0x77, 0x2a,
    0x98, 0x2a, 0x99, 0x2a, 0xb9, 0x32, 0x98, 0x2a, 0xd9, 0x32, 0xfa, 0x32,
    0xb9, 0x32, 0x34, 0x22, 0xd9, 0x32, 0xbf, 0x43, 0x9e, 0x43, 0x5c, 0x3b,
    0x5d, 0x3b, 0x3c, 0x3b, 0x1b, 0x33, 0x3c, 0x3b, 0x98, 0x2a, 0x35, 0x22,
    0x99, 0x2a, 0x98, 0x2a, 0x77, 0x2a, 0xbf, 0x43, 0x57, 0x2a, 0xc6, 0x10,
    0xb9, 0x32, 0xb9, 0x2a, 0xb9, 0x32, 0xda, 0x32, 0xda, 0x32, 0xda, 0x32,
    0x3c, 0x3b, 0xb0, 0x19, 0x35, 0x22, 0x3c, 0x3b, 0xda, 0x32, 0xb9, 0x2a,
    0x98, 0x2a, 0x77, 0x2a, 0x78, 0x2a, 0x97, 0x22, 0x97, 0x2a, 0x77, 0x22,
    0x77, 0x2a, 0xb7, 0x32, 0xb7, 0x32, 0x97, 0x2a, 0x76, 0x32, 0x76, 0x2a,
    0x75, 0x32, 0x75, 0x2a, 0x54, 0x2a, 0x53, 0x32, 0x33, 0x2a, 0x32, 0x2a,
    0x4c, 0x19, 0x2b, 0x11, 0x4c, 0x19, 0x0a, 0x11, 0x2c, 0x11, 0x34, 0x22,
    0x12, 0x22, 0x34, 0x22, 0x55, 0x2a, 0x76, 0x2a, 0x76, 0x2a, 0x76, 0x2a,
    0x77, 0x2a, 0x77, 0x2a, 0x98, 0x2a, 0x77, 0x2a, 0x78, 0x2a, 0x98, 0x2a,
    0x98, 0x2a, 0x99, 0x2a, 0x98, 0x2a, 0xb9, 0x2a, 0xd9, 0x2a, 0xb9, 0x2a,
    0xda, 0x32, 0xda, 0x2a, 0x8f, 0x19, 0x2c, 0x11, 0x8f, 0x19, 0x1b, 0x33,
    0x7d, 0x3b, 0x1b, 0x3b, 0x3c, 0x33, 0x3c, 0x3b, 0x1c, 0x3b, 0x3c, 0x33,
    0x3c, 0x3b, 0x3b, 0x3b, 0x3c, 0x3b, 0x3c, 0x3b, 0x3c, 0x3b, 0x1c, 0x3b,
    0x3c, 0x3b, 0x3c, 0x3b, 0x3b, 0x3b, 0xda, 0x32, 0x99, 0x2a, 0x78, 0x22,
    0xb9, 0x2a, 0x78, 0x2a, 0xd1, 0x19, 0x35, 0x22, 0x36, 0x22, 0x57, 0x22,
    0x78, 0x2a, 0x77, 0x2a, 0x77, 0x22, 0x78, 0x2a, 0x78, 0x2a, 0x77, 0x2a,
    0x78, 0x2a, 0x78, 0x2a, 0x78, 0x2a, 0x78, 0x2a, 0x78, 0x22, 0x78, 0x2a,
    0x78, 0x2a, 0x78, 0x2a, 0x78, 0x22, 0x78, 0x2a, 0x78, 0x2a, 0x78, 0x2a,
    0x78, 0x2a, 0x78, 0x2a, 0x78, 0x22, 0x78, 0x2a, 0x78, 0x2a, 0x78, 0x22,
    0x78, 0x2a, 0x78, 0x2a, 0x78, 0x2a, 0x78, 0x2a, 0x78, 0x2a, 0x78, 0x22,
    0x78, 0x2a, 0x78, 0x22, 0x78, 0x22, 0x78, 0x2a, 0x78, 0x22, 0x78, 0x2a,
    0x78, 0x2a, 0x77, 0x22, 0x77, 0x2a, 0x78, 0x22, 0x78, 0x2a, 0x78, 0x2a,
    0x78, 0x22, 0x57, 0x22, 0x57, 0x2a, 0x77, 0x2a, 0x57, 0x22, 0x58, 0x22,
    0x77, 0x2a, 0x56, 0x22, 0x57, 0x2a, 0x57, 0x22, 0xb1, 0x19, 0xd1, 0x19,
    0x3c, 0x3b, 0x5d, 0x3b, 0x3c, 0x3b, 0x3c, 0x3b, 0x3c, 0x3b, 0x5c, 0x3b,
    0x3c, 0x3b, 0x5c, 0x3b, 0x5c, 0x3b, 0x3c, 0x3b, 0x5d, 0x3b, 0x3c, 0x3b,
    0x5c, 0x3b, 0x5d, 0x3b, 0x3c, 0x3b, 0x5c, 0x3b, 0x5d, 0x3b, 0x3c, 0x3b,
    0x5c, 0x3b, 0x3c, 0x3b, 0x1c, 0x3b, 0xfb, 0x32, 0x1b, 0x33, 0xb9, 0x32,
    0x98, 0x2a, 0x58, 0x2a, 0xf3, 0x21, 0x78, 0x22, 0x99, 0x2a, 0xb9, 0x2a,
    0x1b, 0x3b, 0xda, 0x32, 0x56, 0x22, 0x77, 0x2a, 0x3c, 0x3b, 0xbf, 0x43,
    0x7e, 0x3b, 0x3c, 0x3b, 0x5d, 0x3b, 0x5c, 0x3b, 0x3c, 0x3b, 0x1b, 0x33,
    0x3c, 0x3b, 0xda, 0x32, 0x36, 0x22, 0x98, 0x2a, 0x98, 0x2a, 0x77, 0x22,
    0x7d, 0x3b, 0x78, 0x2a, 0xc7, 0x10, 0xb9, 0x2a, 0xb9, 0x2a, 0xda, 0x32,
    0xda, 0x2a, 0xda, 0x2a, 0xda, 0x32, 0x5d, 0x3b, 0xb0, 0x19, 0x35, 0x22,
    0x3c, 0x3b, 0xda, 0x32, 0xb8, 0x2a, 0x98, 0x22, 0x98, 0x2a, 0x78, 0x2a,
    0x77, 0x2a, 0x77, 0x2a, 0x76, 0x22, 0x77, 0x2a, 0xb7, 0x32, 0xb7, 0x2a,
    0x97, 0x32, 0x76, 0x32, 0x76, 0x2a, 0x75, 0x32, 0x75, 0x32, 0x74, 0x2a,
    0x53, 0x2a, 0x33, 0x2a, 0x32, 0x2a, 0x6d, 0x19, 0x6d, 0x19, 0xd1, 0x21,
    0x4e, 0x19, 0x2b, 0x11, 0x55, 0x2a, 0x35, 0x2a, 0x55, 0x2a, 0x55, 0x2a,
    0x76, 0x2a, 0x76, 0x2a, 0x77, 0x2a, 0x77, 0x2a, 0x77, 0x2a, 0x98, 0x2a,
    0x77, 0x2a, 0x97, 0x2a, 0x98, 0x2a, 0x98, 0x2a, 0x99, 0x2a, 0x99, 0x2a,
    0xb9, 0x2a, 0xba, 0x32, 0xd9, 0x2a, 0xda, 0x32, 0xd9, 0x2a, 0xb0, 0x19,
    0x90, 0x19, 0x4d, 0x11, 0x8f, 0x19, 0x3c, 0x3b, 0x7d, 0x3b, 0x1b, 0x3b,
    0x3c, 0x3b, 0x3c, 0x3b, 0x3b, 0x3b, 0x3c, 0x33, 0x3c, 0x3b, 0x3b, 0x3b,
    0x3c, 0x33, 0x3c, 0x3b, 0x3b, 0x3b, 0x1b, 0x33, 0x3c, 0x3b, 0x3c, 0x3b,
    0x3b, 0x33, 0xfa, 0x32, 0x99, 0x2a, 0x77, 0x2a, 0xf3, 0x21, 0x35, 0x22,
    0x56, 0x22, 0x56, 0x2a, 0x78, 0x2a, 0x78, 0x2a, 0x78, 0x2a, 0x78, 0x2a,
    0x78, 0x2a, 0x78, 0x22, 0x78, 0x2a, 0x78, 0x22, 0x78, 0x2a, 0x78, 0x2a,
    0x78, 0x22, 0x78, 0x2a, 0x78, 0x2a, 0x78, 0x2a, 0x78, 0x2a, 0x78, 0x2a,
    0x78, 0x2a, 0x78, 0x22, 0x78, 0x2a, 0x78, 0x2a, 0x78, 0x2a, 0x78, 0x2a,
    0x78, 0x2a, 0x78, 0x2a, 0x78, 0x2a, 0x78, 0x2a, 0x78, 0x2a, 0x78, 0x22,
    0x78, 0x2a, 0x78, 0x2a, 0x78, 0x2a, 0x78, 0x2a, 0x78, 0x2a, 0x78, 0x2a,
    0x78, 0x2a, 0x78, 0x22, 0x78, 0x2a, 0x78, 0x2a, 0x78, 0x2a, 0x78, 0x22,
    0x77, 0x2a, 0x78, 0x2a, 0x77, 0x22, 0x78, 0x2a, 0x77, 0x22, 0x57, 0x22,
    0x78, 0x2a, 0x77, 0x2a, 0x57, 0x2a, 0x57, 0x22, 0x57, 0x22, 0x57, 0x2a,
    0x57, 0x2a, 0xb1, 0x19, 0xb0, 0x19, 0xfb, 0x32, 0x5d, 0x3b, 0x3c, 0x3b,
    0x3c, 0x3b, 0x3c, 0x3b, 0x5c, 0x3b, 0x3c, 0x3b, 0x5d, 0x3b, 0x5c, 0x3b,
    0x5c, 0x3b, 0x5d, 0x3b, 0x5d, 0x3b, 0x5c, 0x3b, 0x5c, 0x3b, 0x5d, 0x3b,
    0x3c, 0x3b, 0x5d, 0x3b, 0x5d, 0x3b, 0x5c, 0x3b, 0x3c, 0x3b, 0x3c, 0x3b,
    0xfa, 0x32, 0xfb, 0x32, 0x1b, 0x33, 0x99, 0x2a, 0x78, 0x2a, 0x56, 0x22,
    0xf2, 0x21, 0xb9, 0x2a, 0xda, 0x32, 0xb0, 0x19, 0x56, 0x22, 0x1b, 0x33,
    0x7e, 0x3b, 0x9f, 0x43, 0x5d, 0x3b, 0x5c, 0x3b, 0x5d, 0x3b, 0x3c, 0x3b,
    0x3c, 0x3b, 0x1c, 0x33, 0x3c, 0x3b, 0x3b, 0x3b, 0xfb, 0x32, 0x78, 0x2a,
    0x78, 0x2a, 0x99, 0x2a, 0x78, 0x2a, 0x1b, 0x3b, 0x56, 0x22, 0xe8, 0x10,
    0xb9, 0x2a, 0x98, 0x2a, 0xda, 0x32, 0xda, 0x32, 0xd9, 0x32, 0xda, 0x32,
    0x5c, 0x3b, 0xb0, 0x19, 0x35, 0x22, 0x3c, 0x3b, 0xd9, 0x2a, 0x98, 0x2a,
    0x78, 0x2a, 0x98, 0x22, 0x97, 0x2a, 0x78, 0x2a, 0x77, 0x22, 0x57, 0x2a,
    0x97, 0x2a, 0xb7, 0x32, 0x97, 0x32, 0x96, 0x2a, 0x96, 0x32, 0x76, 0x2a,
    0x75, 0x2a, 0x74, 0x32, 0x74, 0x2a, 0x54, 0x32, 0x33, 0x2a, 0x32, 0x2a,
    0x6d, 0x19, 0x6d, 0x19, 0xd0, 0x21, 0x4d, 0x11, 0x2b, 0x11, 0x54, 0x2a,
    0x35, 0x2a, 0x55, 0x22, 0x55, 0x2a, 0x56, 0x2a, 0x76, 0x2a, 0x77, 0x2a,
    0x77, 0x2a, 0x97, 0x2a, 0x98, 0x2a, 0x77, 0x2a, 0x77, 0x2a, 0x98, 0x2a,
    0x98, 0x2a, 0x98, 0x2a, 0xb9, 0x2a, 0xb9, 0x2a, 0xb9, 0x32, 0xb9, 0x2a,
    0xda, 0x32, 0xda, 0x2a, 0xb1, 0x19, 0xd1, 0x19, 0xd2, 0x21, 0x4d, 0x11,
    0xb0, 0x19, 0x3c, 0x3b, 0x7d, 0x3b, 0x3c, 0x3b, 0x3c, 0x3b, 0x3b, 0x3b,
    0x3c, 0x3b, 0x3c, 0x3b, 0x3c, 0x3b, 0x1c, 0x3b, 0x3c, 0x3b, 0x3c, 0x3b,
    0x1c, 0x3b, 0x3b, 0x3b, 0x1c, 0x3b, 0x5c, 0x3b, 0x3b, 0x3b, 0x56, 0x2a,
    0xd1, 0x19, 0x35, 0x22, 0x57, 0x22, 0x36, 0x22, 0x57, 0x2a, 0x77, 0x22,
    0x77, 0x22, 0x78, 0x2a, 0x78, 0x2a, 0x78, 0x22, 0x78, 0x2a, 0x98, 0x2a,
    0x78, 0x2a, 0x78, 0x22, 0x78, 0x2a, 0x78, 0x2a, 0x78, 0x2a, 0x78, 0x22,
    0x78, 0x22, 0x78, 0x2a, 0x78, 0x2a, 0x78, 0x22, 0x78, 0x2a, 0x78, 0x2a,
    0x78, 0x22, 0x78, 0x22, 0x78, 0x2a, 0x78, 0x2a, 0x78, 0x22, 0x78, 0x2a,
    0x78, 0x2a, 0x78, 0x22, 0x78, 0x2a, 0x78, 0x2a, 0x78, 0x22, 0x78, 0x2a,
    0x78, 0x2a, 0x78, 0x22, 0x78, 0x2a, 0x78, 0x2a, 0x78, 0x22, 0x78, 0x2a,
    0x78, 0x22, 0x78, 0x2a, 0x78, 0x22, 0x78, 0x2a, 0x77, 0x22, 0x78, 0x2a,
    0x78, 0x2a, 0x78, 0x2a, 0x77, 0x22, 0x77, 0x2a, 0x58, 0x22, 0x78, 0x22,
    0x77, 0x2a, 0x57, 0x22, 0x77, 0x2a, 0x56, 0x22, 0xb1, 0x19, 0xd1, 0x19,
    0x3b, 0x3b, 0x5d, 0x3b, 0x3c, 0x3b, 0x3c, 0x3b, 0x3c, 0x3b, 0x5c, 0x3b,
    0x5c, 0x3b, 0x3d, 0x3b, 0x5d, 0x3b, 0x5c, 0x3b, 0x3c, 0x3b, 0x5d, 0x3b,
    0x3c, 0x3b, 0x5d, 0x3b, 0x5c, 0x3b, 0x5c, 0x3b, 0x3c, 0x3b, 0x5d, 0x3b,
    0x5c, 0x3b, 0x3c, 0x3b, 0x1c, 0x3b, 0x1b, 0x33, 0xfa, 0x32, 0x1b, 0x33,
    0x3b, 0x3b, 0x99, 0x2a, 0x77, 0x22, 0xd2, 0x21, 0x2b, 0x11, 0xd1, 0x21,
    0xb9, 0x2a, 0x7d, 0x43, 0xdf, 0x43, 0x7d, 0x43, 0x3c, 0x3b, 0x5d, 0x3b,
    0x5c, 0x3b, 0x5c, 0x3b, 0x3c, 0x3b, 0x3c, 0x3b, 0x5c, 0x3b, 0x3c, 0x3b,
    0xfa, 0x32, 0x1b, 0x33, 0xda, 0x32, 0x77, 0x2a, 0x98, 0x2a, 0x78, 0x2a,
    0xfb, 0x32, 0xf3, 0x21, 0x0a, 0x11, 0xb9, 0x32, 0xb9, 0x2a, 0xda, 0x32,
    0xda, 0x32, 0xda, 0x32, 0xda, 0x2a, 0x5c, 0x3b, 0xb0, 0x19, 0x36, 0x22,
    0x3c, 0x3b, 0xba, 0x32, 0xb8, 0x2a, 0x78, 0x2a, 0x78, 0x22, 0x98, 0x2a,
    0x97, 0x2a, 0x77, 0x22, 0x77, 0x2a, 0x97, 0x2a, 0xb7, 0x32, 0x97, 0x32,
    0x97, 0x32, 0x76, 0x32, 0x76, 0x32, 0x75, 0x2a, 0x75, 0x2a, 0x54, 0x32,
    0x54, 0x2a, 0x32, 0x2a, 0x32, 0x2a, 0x6e, 0x19, 0x6d, 0x19, 0xd0, 0x19,
    0x4d, 0x11, 0x2b, 0x11, 0x34, 0x2a, 0x34, 0x22, 0x55, 0x2a, 0x55, 0x2a,
    0x56, 0x22, 0x76, 0x2a, 0x76, 0x2a, 0x77, 0x2a, 0x97, 0x2a, 0x98, 0x2a,
    0x77, 0x2a, 0x77, 0x2a, 0x98, 0x2a, 0x98, 0x2a, 0x98, 0x2a, 0x98, 0x2a,
    0xb9, 0x2a, 0xb9, 0x32, 0xb9, 0x2a, 0xda, 0x32, 0xd9, 0x2a, 0xd2, 0x19,
    0xd2, 0x21, 0xf3, 0x21, 0xf3, 0x21, 0x6d, 0x19, 0xd1, 0x19, 0x3c, 0x3b,
    0x7d, 0x3b, 0x1b, 0x3b, 0x1c, 0x33, 0x3c, 0x3b, 0x3c, 0x3b, 0x3b, 0x3b,
    0x3c, 0x3b, 0x3b, 0x33, 0x1c, 0x3b, 0x3c, 0x3b, 0x3c, 0x3b, 0x3c, 0x3b,
    0x3c, 0x3b, 0x98, 0x2a, 0xb1, 0x19, 0x14, 0x22, 0x56, 0x22, 0x57, 0x2a,
    0x57, 0x22, 0x78, 0x2a, 0x78, 0x2a, 0x78, 0x22, 0x78, 0x2a, 0x78, 0x2a,
    0x98, 0x2a, 0x98, 0x2a, 0x78, 0x2a, 0x98, 0x2a, 0x98, 0x2a, 0x98, 0x2a,
    0x78, 0x2a, 0x78, 0x22, 0x98, 0x2a, 0x78, 0x2a, 0x98, 0x2a, 0x78, 0x22,
    0x98, 0x2a, 0x98, 0x2a, 0x78, 0x2a, 0x98, 0x2a, 0x98, 0x2a, 0x78, 0x2a,
    0x78, 0x22, 0x98, 0x2a, 0x78, 0x2a, 0x98, 0x22, 0x98, 0x2a, 0x78, 0x2a,
    0x98, 0x2a, 0x98, 0x22, 0x78, 0x2a, 0x78, 0x22, 0x78, 0x2a, 0x78, 0x2a,
    0x78, 0x2a, 0x78, 0x2a, 0x78, 0x22, 0x78, 0x2a, 0x78, 0x2a, 0x78, 0x2a,
    0x78, 0x22, 0x78, 0x2a, 0x77, 0x2a, 0x78, 0x22, 0x58, 0x2a, 0x77, 0x2a,
    0x78, 0x22, 0x78, 0x22, 0x57, 0x2a, 0x77, 0x2a, 0x57, 0x22, 0x77, 0x22,
    0x57, 0x2a, 0xd2, 0x19, 0x8f, 0x19, 0xfa, 0x32, 0x7d, 0x43, 0x3c, 0x3b,
    0x3c, 0x3b, 0x3c, 0x3b, 0x3c, 0x3b, 0x5c, 0x3b, 0x3c, 0x3b, 0x3c, 0x3b,
    0x5c, 0x3b, 0x5d, 0x3b, 0x3c, 0x3b, 0x5c, 0x3b, 0x5d, 0x3b, 0x3c, 0x3b,
    0x5c, 0x3b, 0x5d, 0x3b, 0x5c, 0x3b, 0x5c, 0x3b, 0x3c, 0x3b, 0x1c, 0x3b,
    0x1b, 0x33, 0xfb, 0x32, 0x3c, 0x3b, 0x3c, 0x3b, 0x5d, 0x3b, 0x5d, 0x3b,
    0xda, 0x32, 0xf3, 0x21, 0x3b, 0x33, 0xdf, 0x43, 0x7e, 0x43, 0x5c, 0x3b,
    0x5d, 0x3b, 0x5d, 0x3b, 0x5c, 0x3b, 0x5d, 0x3b, 0x3c, 0x3b, 0x3c, 0x3b,
    0x5d, 0x3b, 0x3c, 0x3b, 0xfa, 0x32, 0x5c, 0x3b, 0x3c, 0x3b, 0x56, 0x22,
    0x78, 0x2a, 0xb9, 0x2a, 0xd9, 0x2a, 0x7d, 0x3b, 0xf3, 0x21, 0x09, 0x11,
    0xb9, 0x2a, 0xb9, 0x2a, 0xda, 0x32, 0xda, 0x32, 0xda, 0x2a, 0xda, 0x32,
    0x5d, 0x3b, 0x90, 0x19, 0x35, 0x22, 0x3c, 0x3b, 0xb9, 0x2a, 0x98, 0x2a,
    0x78, 0x2a, 0x77, 0x2a, 0x77, 0x2a, 0x97, 0x2a, 0x57, 0x2a, 0x77, 0x2a,
    0xb7, 0x32, 0xb8, 0x32, 0x97, 0x2a, 0x96, 0x2a, 0x76, 0x32, 0x76, 0x2a,
    0x75, 0x2a, 0x74, 0x32, 0x74, 0x2a, 0x54, 0x2a, 0x33, 0x2a, 0x32, 0x2a,
    0x8d, 0x19, 0x6d, 0x19, 0xd0, 0x21, 0x4d, 0x19, 0x2b, 0x11, 0x54, 0x2a,
    0x35, 0x2a, 0x55, 0x2a, 0x55, 0x2a, 0x56, 0x2a, 0x76, 0x2a, 0x76, 0x2a,
    0x77, 0x2a, 0x97, 0x2a, 0x98, 0x2a, 0x77, 0x2a, 0x98, 0x2a, 0xb9, 0x2a,
    0xb9, 0x2a, 0xb9, 0x2a, 0xb9, 0x2a, 0xb9, 0x2a, 0xb9, 0x2a, 0xba, 0x2a,
    0xda, 0x32, 0xb9, 0x2a, 0xd2, 0x19, 0xf2, 0x21, 0x13, 0x22, 0xf4, 0x21,
    0xf4, 0x21, 0x6e, 0x19, 0xb1, 0x19, 0x3b, 0x3b, 0x7d, 0x3b, 0x1c, 0x3b,
    0x3c, 0x3b, 0x3b, 0x33, 0x3c, 0x33, 0x3c, 0x3b, 0x1c, 0x3b, 0x1b, 0x3b,
    0x3b, 0x33, 0x5c, 0x3b, 0x3c, 0x3b, 0x78, 0x2a, 0xd1, 0x19, 0x14, 0x22,
    0x57, 0x22, 0x57, 0x2a, 0x77, 0x2a, 0x78, 0x2a, 0x77, 0x22, 0x78, 0x2a,
    0x78, 0x2a, 0x78, 0x2a, 0x98, 0x22, 0x78, 0x2a, 0x98, 0x22, 0x98, 0x2a,
    0x78, 0x22, 0x98, 0x2a, 0x78, 0x2a, 0x98, 0x22, 0x98, 0x2a, 0x78, 0x2a,
    0x98, 0x2a, 0x98, 0x2a, 0x78, 0x2a, 0x78, 0x2a, 0x98, 0x22, 0x78, 0x2a,
    0x78, 0x2a, 0x98, 0x2a, 0x78, 0x22, 0x98, 0x2a, 0x98, 0x2a, 0x78, 0x2a,
    0x98, 0x2a, 0x78, 0x2a, 0x78, 0x2a, 0x98, 0x22, 0x78, 0x2a, 0x98, 0x2a,
    0x98, 0x2a, 0x98, 0x2a, 0x78, 0x22, 0x98, 0x2a, 0x78, 0x2a, 0x78, 0x2a,
    0x78, 0x2a, 0x78, 0x2a, 0x78, 0x2a, 0x78, 0x2a, 0x78, 0x22, 0x78, 0x2a,
    0x78, 0x22, 0x77, 0x2a, 0x58, 0x2a, 0x58, 0x2a, 0x77, 0x2a, 0x78, 0x2a,
    0x58, 0x22, 0x58, 0x22, 0x77, 0x2a, 0x57, 0x2a, 0xd2, 0x19, 0x8f, 0x19,
    0xfb, 0x32, 0x5d, 0x3b, 0x3c, 0x3b, 0x3c, 0x3b, 0x5c, 0x3b, 0x3c, 0x3b,
    0x5c, 0x3b, 0x5c, 0x3b, 0x3c, 0x3b, 0x5d, 0x3b, 0x5c, 0x3b, 0x5c, 0x3b,
    0x5d, 0x3b, 0x5c, 0x3b, 0x5d, 0x3b, 0x3c, 0x3b, 0x5d, 0x3b, 0x5c, 0x3b,
    0x3c, 0x3b, 0x3c, 0x3b, 0x3c, 0x3b, 0x3c, 0x33, 0xda, 0x32, 0xfb, 0x32,
    0x3c, 0x33, 0x5c, 0x3b, 0x9d, 0x43, 0x7d, 0x3b, 0xbf, 0x43, 0xbf, 0x43,
    0x3c, 0x3b, 0x5c, 0x3b, 0x5d, 0x3b, 0x5d, 0x3b, 0x3c, 0x3b, 0x5c, 0x3b,
    0x3c, 0x3b, 0x3c, 0x3b, 0x5c, 0x3b, 0x3c, 0x3b, 0x3c, 0x3b, 0x5d, 0x3b,
    0x5d, 0x3b, 0x57, 0x22, 0x98, 0x2a, 0x3c, 0x3b, 0x3c, 0x3b, 0x3c, 0x3b,
    0xbf, 0x43, 0x36, 0x22, 0x09, 0x11, 0xb9, 0x32, 0xb8, 0x2a, 0xda, 0x32,
    0xda, 0x32, 0xfa, 0x32, 0xda, 0x32, 0x3d, 0x3b, 0xb0, 0x19, 0x35, 0x22,
    0x3c, 0x3b, 0xb9, 0x2a, 0x98, 0x2a, 0x78, 0x22, 0x78, 0x2a, 0x77, 0x2a,
    0x77, 0x22, 0x77, 0x22, 0x77, 0x2a, 0xb8, 0x2a, 0xb7, 0x32, 0x97, 0x32,
    0x97, 0x2a, 0x96, 0x32, 0x76, 0x32, 0x75, 0x2a, 0x75, 0x32, 0x74, 0x2a,
    0x53, 0x32, 0x33, 0x2a, 0x12, 0x2a, 0x6e, 0x19, 0x6d, 0x19, 0xd0, 0x21,
    0x4d, 0x11, 0x2b, 0x11, 0x34, 0x2a, 0x35, 0x22, 0x55, 0x2a, 0x55, 0x22,
    0x56, 0x2a, 0x76, 0x2a, 0x77, 0x2a, 0x77, 0x2a, 0x77, 0x2a, 0x98, 0x2a,
    0x77, 0x2a, 0x35, 0x22, 0x57, 0x22, 0x57, 0x2a, 0x77, 0x2a, 0x77, 0x2a,
    0x98, 0x2a, 0xba, 0x32, 0xb9, 0x2a, 0xda, 0x32, 0xb9, 0x2a, 0xd2, 0x21,
    0xf2, 0x21, 0x14, 0x22, 0x14, 0x22, 0x14, 0x22, 0x34, 0x22, 0x8f, 0x19,
    0xb0, 0x19, 0x3b, 0x3b, 0x7d, 0x3b, 0x1c, 0x3b, 0x1c, 0x3b, 0x1c, 0x3b,
    0x3c, 0x3b, 0x1b, 0x3b, 0x3c, 0x33, 0x5c, 0x3b, 0x3c, 0x3b, 0x78, 0x2a,
    0xb0, 0x19, 0xf3, 0x19, 0x56, 0x22, 0x57, 0x2a, 0x78, 0x22, 0x78, 0x2a,
    0x77, 0x2a, 0x78, 0x2a, 0x78, 0x2a, 0x78, 0x2a, 0x78, 0x2a, 0x98, 0x2a,
    0x78, 0x2a, 0x98, 0x2a, 0x78, 0x2a, 0x98, 0x2a, 0x98, 0x22, 0x78, 0x2a,
    0x78, 0x2a, 0x98, 0x2a, 0x78, 0x22, 0x78, 0x2a, 0x98, 0x22, 0x98, 0x2a,
    0x78, 0x2a, 0x98, 0x22, 0x98, 0x2a, 0x78, 0x2a, 0x98, 0x22, 0x98, 0x2a,
    0x78, 0x2a, 0x98, 0x22, 0x98, 0x2a, 0x78, 0x22, 0x98, 0x2a, 0x98, 0x2a,
    0x78, 0x2a, 0x98, 0x2a, 0x98, 0x2a, 0x78, 0x2a, 0x78, 0x22, 0x98, 0x2a,
    0x98, 0x2a, 0x78, 0x22, 0x78, 0x2a, 0x98, 0x22, 0x78, 0x2a, 0x78, 0x2a,
    0x78, 0x2a, 0x78, 0x2a, 0x78, 0x22, 0x78, 0x2a, 0x77, 0x22, 0x77, 0x22,
    0x78, 0x2a, 0x78, 0x22, 0x77, 0x2a, 0x57, 0x22, 0x78, 0x2a, 0x78, 0x2a,
    0x57, 0x22, 0xd2, 0x19, 0xb0, 0x19, 0x1b, 0x3b, 0x5d, 0x3b, 0x3c, 0x3b,
    0x5c, 0x3b, 0x3c, 0x3b, 0x3c, 0x3b, 0x3c, 0x33, 0x5c, 0x3b, 0x3c, 0x3b,
    0x3c, 0x3b, 0x3c, 0x3b, 0x3d, 0x3b, 0x3c, 0x3b, 0x5c, 0x3b, 0x5c, 0x3b,
    0x5d, 0x3b, 0x3c, 0x3b, 0x3c, 0x3b, 0x5c, 0x3b, 0x3c, 0x3b, 0x1c, 0x3b,
    0x3c, 0x3b, 0xd9, 0x32, 0xb9, 0x32, 0x3c, 0x3b, 0x3c, 0x33, 0x3c, 0x3b,
    0x5c, 0x3b, 0x5c, 0x3b, 0x3c, 0x3b, 0x5c, 0x3b, 0x5c, 0x3b, 0x3c, 0x3b,
    0x3c, 0x3b, 0x3c, 0x3b, 0x3c, 0x3b, 0x3c, 0x3b, 0x3c, 0x3b, 0x3c, 0x3b,
    0x3c, 0x3b, 0x3c, 0x3b, 0x7e, 0x3b, 0xfa, 0x32, 0x99, 0x2a, 0xfa, 0x32,
    0x9e, 0x43, 0x5d, 0x3b, 0x3c, 0x3b, 0xbf, 0x4b, 0x56, 0x22, 0x09, 0x11,
    0xb9, 0x32, 0xb9, 0x2a, 0xda, 0x32, 0xda, 0x32, 0xda, 0x32, 0xda, 0x32,
    0x5c, 0x3b, 0xb0, 0x19, 0x36, 0x22, 0x3c, 0x3b, 0xb9, 0x2a, 0x98, 0x2a,
    0x98, 0x2a, 0x98, 0x22, 0x77, 0x2a, 0x77, 0x2a, 0x77, 0x22, 0x77, 0x2a,
    0xb7, 0x32, 0xb7, 0x32, 0x97, 0x2a, 0x96, 0x32, 0x76, 0x2a, 0x76, 0x32,
    0x75, 0x32, 0x75, 0x2a, 0x54, 0x2a, 0x53, 0x32, 0x33, 0x2a, 0x12, 0x2a,
    0x6e, 0x19, 0x8d, 0x19, 0xd0, 0x21, 0x4d, 0x19, 0x2b, 0x11, 0x55, 0x2a,
    0x34, 0x2a, 0x55, 0x2a, 0x55, 0x2a, 0x75, 0x22, 0x76, 0x2a, 0x76, 0x2a,
    0x77, 0x2a, 0x77, 0x2a, 0x97, 0x2a, 0x78, 0x2a, 0x57, 0x2a, 0x77, 0x2a,
    0x77, 0x2a, 0x98, 0x2a, 0x98, 0x2a, 0xb9, 0x2a, 0xb9, 0x2a, 0xb9, 0x2a,
    0xda, 0x32, 0xb9, 0x2a, 0xd2, 0x19, 0xf3, 0x19, 0x14, 0x22, 0x35, 0x22,
    0x34, 0x22, 0x35, 0x22, 0x35, 0x22, 0x8f, 0x19, 0x8f, 0x19, 0xfa, 0x32,
    0x7d, 0x43, 0x5c, 0x3b, 0x3b, 0x3b, 0x1c, 0x3b, 0x3c, 0x3b, 0x5c, 0x3b,
    0x1b, 0x3b, 0x77, 0x22, 0xb1, 0x19, 0xf3, 0x21, 0x56, 0x22, 0x57, 0x2a,
    0x78, 0x2a, 0x78, 0x22, 0x77, 0x22, 0x78, 0x2a, 0x78, 0x22, 0x78, 0x2a,
    0x78, 0x22, 0x98, 0x2a, 0x98, 0x2a, 0x78, 0x2a, 0x98, 0x2a, 0x78, 0x2a,
    0x78, 0x2a, 0x78, 0x2a, 0x98, 0x2a, 0x98, 0x2a, 0x78, 0x22, 0x98, 0x2a,
    0x98, 0x2a, 0x78, 0x2a, 0x98, 0x2a, 0x78, 0x2a, 0x98, 0x2a, 0x78, 0x2a,
    0x98, 0x2a, 0x78, 0x2a, 0x98, 0x2a, 0x78, 0x2a, 0x78, 0x2a, 0x98, 0x2a,
    0x78, 0x2a, 0x98, 0x22, 0x78, 0x2a, 0x98, 0x2a, 0x78, 0x2a, 0x98, 0x22,
    0x78, 0x2a, 0x78, 0x2a, 0x98, 0x2a, 0x98, 0x2a, 0x78, 0x2a, 0x78, 0x22,
    0x78, 0x2a, 0x78, 0x22, 0x78, 0x22, 0x78, 0x2a, 0x78, 0x2a, 0x78, 0x2a,
    0x78, 0x2a, 0x78, 0x2a, 0x78, 0x22, 0x77, 0x2a, 0x78, 0x2a, 0x78, 0x22,
    0x77, 0x2a, 0x57, 0x2a, 0x78, 0x22, 0x57, 0x2a, 0xd1, 0x19, 0xb0, 0x19,
    0x1b, 0x3b, 0x5d, 0x3b, 0x3c, 0x3b, 0x3c, 0x3b, 0x3c, 0x3b, 0x3c, 0x3b,
    0x3c, 0x3b, 0x3d, 0x3b, 0x5c, 0x3b, 0x5c, 0x3b, 0x5c, 0x3b, 0x3c, 0x3b,
    0x3c, 0x3b, 0x3c, 0x3b, 0x3c, 0x3b, 0x5c, 0x3b, 0x3c, 0x3b, 0x5c, 0x3b,
    0x5d, 0x3b, 0x3c, 0x3b, 0x3c, 0x3b, 0x3c, 0x3b, 0xda, 0x32, 0x78, 0x22,
    0x1b, 0x33, 0x5d, 0x3b, 0x3d, 0x3b, 0x3c, 0x3b, 0x1c, 0x3b, 0x3c, 0x3b,
    0x3c, 0x3b, 0x3d, 0x3b, 0x3c, 0x3b, 0x3c, 0x3b, 0x3c, 0x3b, 0x3c, 0x3b,
    0x3c, 0x3b, 0x3c, 0x3b, 0x3c, 0x33, 0x5d, 0x3b, 0x9e, 0x43, 0xda, 0x32,
    0x56, 0x22, 0xb9, 0x2a, 0x7d, 0x43, 0x3b, 0x3b, 0xda, 0x32, 0x5d, 0x3b,
    0xbf, 0x43, 0x36, 0x22, 0x09, 0x11, 0xd9, 0x32, 0xb9, 0x2a, 0xda, 0x32,
    0xfa, 0x32, 0xda, 0x32, 0xda, 0x2a, 0x5d, 0x3b, 0x4d, 0x11, 0xf3, 0x21,
    0x3c, 0x3b, 0x98, 0x2a, 0x78, 0x2a, 0x78, 0x2a, 0x97, 0x22, 0x77, 0x2a,
    0x77, 0x2a, 0x57, 0x22, 0x97, 0x2a, 0xb8, 0x32, 0x97, 0x2a, 0x97, 0x32,
    0x96, 0x32, 0x76, 0x2a, 0x75, 0x2a, 0x75, 0x32, 0x75, 0x2a, 0x54, 0x2a,
    0x54, 0x2a, 0x33, 0x2a, 0x12, 0x2a, 0x8e, 0x19, 0x6e, 0x19, 0xd1, 0x21,
    0x6e, 0x19, 0xe9, 0x10, 0x14, 0x22, 0x55, 0x2a, 0x35, 0x22, 0x55, 0x2a,
    0x56, 0x2a, 0x56, 0x2a, 0x76, 0x2a, 0x77, 0x2a, 0x77, 0x2a, 0x97, 0x2a,
    0x98, 0x2a, 0xb8, 0x2a, 0xb8, 0x2a, 0xb9, 0x2a, 0xb9, 0x2a, 0xb9, 0x2a,
    0xb9, 0x32, 0xb9, 0x2a, 0xb9, 0x2a, 0xda, 0x32, 0xb9, 0x2a, 0xd2, 0x19,
    0xf2, 0x21, 0x14, 0x22, 0x34, 0x22, 0x35, 0x22, 0x36, 0x22, 0x35, 0x22,
    0x35, 0x22, 0x90, 0x19, 0x8e, 0x19, 0xb9, 0x2a, 0x5c, 0x3b, 0x5c, 0x3b,
    0x5c, 0x3b, 0x3c, 0x3b, 0xfa, 0x32, 0x35, 0x22, 0xb1, 0x19, 0x14, 0x22,
    0x56, 0x22, 0x57, 0x22, 0x77, 0x2a, 0x78, 0x2a, 0x78, 0x2a, 0x78, 0x2a,
    0x78, 0x22, 0x78, 0x2a, 0x78, 0x2a, 0x78, 0x2a, 0x98, 0x22, 0x78, 0x2a,
    0x78, 0x2a, 0x98, 0x22, 0x98, 0x2a, 0x78, 0x2a, 0x98, 0x2a, 0x98, 0x2a,
    0x78, 0x2a, 0x98, 0x2a, 0x98, 0x2a, 0x78, 0x2a, 0x98, 0x2a, 0x78, 0x2a,
    0x98, 0x2a, 0x78, 0x2a, 0x78, 0x2a, 0x98, 0x2a, 0x98, 0x2a, 0x78, 0x2a,
    0x98, 0x2a, 0x98, 0x2a, 0x78, 0x2a, 0x98, 0x2a, 0x78, 0x2a, 0x78, 0x2a,
    0x98, 0x2a, 0x78, 0x2a, 0x98, 0x2a, 0x98, 0x2a, 0x98, 0x2a, 0x78, 0x2a,
    0x98, 0x2a, 0x78, 0x2a, 0x98, 0x2a, 0x98, 0x2a, 0x98, 0x2a, 0x78, 0x2a,
    0x78, 0x2a, 0x78, 0x22, 0x78, 0x2a, 0x78, 0x2a, 0x78, 0x22, 0x78, 0x2a,
    0x77, 0x2a, 0x78, 0x22, 0x78, 0x2a, 0x78, 0x2a, 0x77, 0x22, 0x78, 0x2a,
    0x57, 0x2a, 0xf2, 0x21, 0x8f, 0x19, 0xfb, 0x32, 0x7d, 0x3b, 0x3c, 0x3b,
    0x3c, 0x3b, 0x5c, 0x3b, 0x5c, 0x3b, 0x3c, 0x3b, 0x3d, 0x3b, 0x5d, 0x3b,
    0x5c, 0x3b, 0x5c, 0x3b, 0x5c, 0x3b, 0x5d, 0x3b, 0x5c, 0x3b, 0x5d, 0x3b,
    0x3c, 0x3b, 0x5c, 0x3b, 0x3c, 0x3b, 0x5c, 0x3b, 0x3c, 0x3b, 0x3c, 0x3b,
    0x3c, 0x33, 0x3c, 0x3b, 0x78, 0x2a, 0x98, 0x2a, 0x3c, 0x3b, 0x3c, 0x3b,
    0x5d, 0x3b, 0x3c, 0x33, 0x1c, 0x3b, 0x3c, 0x3b, 0x3c, 0x3b, 0x3c, 0x3b,
    0x1c, 0x3b, 0x3c, 0x3b, 0x3c, 0x33, 0x1c, 0x3b, 0x3c, 0x3b, 0x7d, 0x3b,
    0x7d, 0x3b, 0xb9, 0x2a, 0x98, 0x2a, 0x1b, 0x3b, 0x9e, 0x43, 0xbf, 0x43,
    0xfa, 0x32, 0xfa, 0x32, 0x5c, 0x3b, 0xbf, 0x43, 0x36, 0x2a, 0x09, 0x11,
    0xd9, 0x32, 0xb9, 0x2a, 0xda, 0x32, 0xda, 0x32, 0xfa, 0x32, 0xda, 0x32,
    0x3c, 0x3b, 0x15, 0x22, 0x77, 0x22, 0x1b, 0x33, 0x99, 0x2a, 0x98, 0x2a,
    0xb9, 0x2a, 0x77, 0x22, 0x77, 0x22, 0x77, 0x2a, 0x76, 0x22, 0x97, 0x2a,
    0xb8, 0x32, 0x97, 0x32, 0x97, 0x32, 0x97, 0x32, 0x96, 0x2a, 0x76, 0x32,
    0x75, 0x2a, 0x74, 0x32, 0x74, 0x2a, 0x54, 0x32, 0x32, 0x2a, 0x12, 0x2a,
    0x8d, 0x19, 0x8e, 0x19, 0xd1, 0x21, 0x8f, 0x19, 0xc8, 0x10, 0x12, 0x22,
    0x55, 0x2a, 0x55, 0x22, 0x55, 0x2a, 0x55, 0x2a, 0x76, 0x2a, 0x77, 0x2a,
    0x77, 0x2a, 0x77, 0x2a, 0x97, 0x2a, 0x98, 0x2a, 0x98, 0x2a, 0x98, 0x2a,
    0x98, 0x2a, 0x99, 0x2a, 0x99, 0x2a, 0xb9, 0x2a, 0xb9, 0x32, 0xb9, 0x2a,
    0xda, 0x32, 0xb9, 0x2a, 0xd2, 0x19, 0xd2, 0x21, 0x14, 0x22, 0x35, 0x22,
    0x36, 0x22, 0x56, 0x22, 0x35, 0x22, 0x35, 0x22, 0x35, 0x22, 0xb0, 0x19,
    0x4d, 0x11, 0x14, 0x22, 0xba, 0x32, 0xda, 0x2a, 0x78, 0x2a, 0xf3, 0x21,
    0xd2, 0x19, 0x15, 0x22, 0x57, 0x22, 0x57, 0x22, 0x57, 0x2a, 0x78, 0x2a,
    0x78, 0x22, 0x77, 0x2a, 0x78, 0x2a, 0x78, 0x22, 0x78, 0x2a, 0x78, 0x2a,
    0x78, 0x2a, 0x98, 0x2a, 0x78, 0x2a, 0x98, 0x2a, 0x78, 0x2a, 0x78, 0x2a,
    0x98, 0x2a, 0x78, 0x22, 0x78, 0x2a, 0x98, 0x2a, 0x78, 0x2a, 0x78, 0x2a,
    0x98, 0x2a, 0x78, 0x2a, 0x98, 0x22, 0x78, 0x2a, 0x98, 0x2a, 0x98, 0x22,
    0x78, 0x2a, 0x78, 0x2a, 0x98, 0x22, 0x78, 0x2a, 0x98, 0x2a, 0x78, 0x22,
    0x98, 0x2a, 0x98, 0x2a, 0x78, 0x2a, 0x98, 0x22, 0x78, 0x2a, 0x78, 0x2a,
    0x98, 0x2a, 0x78, 0x22, 0x78, 0x2a, 0x98, 0x2a, 0x78, 0x22, 0x98, 0x2a,
    0x98, 0x2a, 0x98, 0x2a, 0x98, 0x2a, 0x78, 0x22, 0x98, 0x2a, 0x78, 0x2a,
    0x78, 0x22, 0x78, 0x2a, 0x78, 0x2a, 0x78, 0x22, 0x77, 0x2a, 0x78, 0x2a,
    0x77, 0x22, 0x78, 0x2a, 0x78, 0x22, 0x57, 0x22, 0xd2, 0x19, 0xb0, 0x19,
    0x1b, 0x3b, 0x5d, 0x3b, 0x3c, 0x3b, 0x3c, 0x3b, 0x3c, 0x3b, 0x5c, 0x3b,
    0x3c, 0x3b, 0x3c, 0x33, 0x3c, 0x3b, 0x3c, 0x3b, 0x3d, 0x33, 0x3c, 0x3b,
    0x5c, 0x3b, 0x3c, 0x3b, 0x3c, 0x3b, 0x3c, 0x3b, 0x3c, 0x3b, 0x3c, 0x3b,
    0x3c, 0x3b, 0x3c, 0x3b, 0x3c, 0x3b, 0x1b, 0x33, 0x3c, 0x3b, 0xb9, 0x2a,
    0xf3, 0x21, 0x98, 0x2a, 0xfb, 0x32, 0x3c, 0x3b, 0x1c, 0x33, 0x3b, 0x33,
    0x1c, 0x3b, 0x3c, 0x33, 0x1c, 0x33, 0x1c, 0x3b, 0x3b, 0x33, 0x1b, 0x3b,
    0x1c, 0x33, 0x3c, 0x3b, 0x7d, 0x43, 0x3c, 0x3b, 0xfa, 0x32, 0x7d, 0x3b,
    0xbe, 0x43, 0x5d, 0x3b, 0x3c, 0x3b, 0x5d, 0x3b, 0x3c, 0x3b, 0x1b, 0x3b,
    0xbf, 0x43, 0x36, 0x22, 0x0a, 0x11, 0xd9, 0x32, 0xb9, 0x2a, 0xda, 0x32,
    0xfa, 0x32, 0xda, 0x32, 0xda, 0x32, 0xb9, 0x2a, 0x1b, 0x33, 0xfb, 0x32,
    0xb9, 0x2a, 0xda, 0x2a, 0xd9, 0x32, 0xd9, 0x32, 0x98, 0x2a, 0x77, 0x22,
    0x77, 0x2a, 0x77, 0x2a, 0x98, 0x2a, 0xb8, 0x32, 0xb7, 0x32, 0x97, 0x2a,
    0x96, 0x2a, 0x76, 0x32, 0x76, 0x2a, 0x75, 0x32, 0x74, 0x2a, 0x54, 0x2a,
    0x54, 0x32, 0x32, 0x2a, 0x32, 0x2a, 0x8e, 0x19, 0x8e, 0x19, 0xd1, 0x21,
    0xb0, 0x19, 0x0a, 0x11, 0x34, 0x22, 0x55, 0x2a, 0x34, 0x2a, 0x55, 0x2a,
    0x55, 0x22, 0x76, 0x2a, 0x76, 0x2a, 0x77, 0x2a, 0x77, 0x2a, 0x77, 0x2a,
    0x98, 0x2a, 0x98, 0x2a, 0x98, 0x2a, 0x98, 0x2a, 0x98, 0x2a, 0xb9, 0x2a,
    0xb9, 0x2a, 0xb9, 0x2a, 0xb9, 0x2a, 0xba, 0x32, 0xb9, 0x2a, 0xd1, 0x19,
    0xf2, 0x21, 0x14, 0x22, 0x35, 0x22, 0x36, 0x22, 0x56, 0x2a, 0x56, 0x22,
    0x36, 0x22, 0x35, 0x22, 0xf3, 0x21, 0x8f, 0x19, 0xb0, 0x19, 0xb0, 0x19,
    0xd2, 0x19, 0xd2, 0x19, 0xf2, 0x21, 0x36, 0x22, 0x56, 0x22, 0x57, 0x2a,
    0x77, 0x2a, 0x77, 0x2a, 0x78, 0x22, 0x78, 0x2a, 0x78, 0x22, 0x77, 0x2a,
    0x78, 0x2a, 0x78, 0x2a, 0x98, 0x22, 0x78, 0x2a, 0x78, 0x2a, 0x98, 0x2a,
    0x98, 0x2a, 0x78, 0x2a, 0x98, 0x2a, 0x98, 0x2a, 0x98, 0x2a, 0x98, 0x2a,
    0x99, 0x2a, 0x98, 0x22, 0x98, 0x2a, 0x98, 0x2a, 0x78, 0x2a, 0x98, 0x22,
    0x98, 0x2a, 0x99, 0x2a, 0x98, 0x2a, 0x98, 0x2a, 0x78, 0x2a, 0x98, 0x22,
    0x98, 0x2a, 0x78, 0x2a, 0x98, 0x2a, 0x78, 0x2a, 0x98, 0x2a, 0x98, 0x2a,
    0x98, 0x2a, 0x78, 0x2a, 0x98, 0x22, 0x98, 0x2a, 0x78, 0x2a, 0x98, 0x2a,
    0x98, 0x2a, 0x78, 0x2a, 0x78, 0x2a, 0x78, 0x2a, 0x78, 0x22, 0x98, 0x2a,
    0x98, 0x2a, 0x98, 0x2a, 0x78, 0x2a, 0x98, 0x2a, 0x78, 0x22, 0x77, 0x2a,
    0x78, 0x2a, 0x78, 0x22, 0x77, 0x2a, 0x78, 0x22, 0x57, 0x2a, 0x78, 0x2a,
    0x77, 0x2a, 0xd2, 0x19, 0xd1, 0x19, 0x3b, 0x3b, 0x5d, 0x3b, 0x3c, 0x3b,
    0x3c, 0x3b, 0x3c, 0x3b, 0x3c, 0x3b, 0x5c, 0x3b, 0x3c, 0x3b, 0x3c, 0x3b,
    0x3c, 0x3b, 0x3c, 0x3b, 0x3c, 0x3b, 0x3c, 0x3b, 0x3c, 0x3b, 0x3c, 0x3b,
    0x5c, 0x3b, 0x3c, 0x3b, 0x3c, 0x3b, 0x3c, 0x3b, 0x3c, 0x3b, 0x3c, 0x3b,
    0x1c, 0x33, 0x3b, 0x3b, 0xfa, 0x32, 0x14, 0x22, 0x56, 0x22, 0x99, 0x2a,
    0xda, 0x32, 0xfa, 0x32, 0x1b, 0x33, 0x1b, 0x3b, 0x1b, 0x3b, 0x3b, 0x33,
    0x3b, 0x33, 0x1b, 0x3b, 0x3b, 0x33, 0x3c, 0x33, 0x3c, 0x3b, 0xfa, 0x32,
    0xb9, 0x2a, 0x1b, 0x3b, 0x5d, 0x3b, 0x1b, 0x33, 0x3c, 0x3b, 0x5d, 0x3b,
    0x5d, 0x3b, 0x5c, 0x3b, 0x1b, 0x3b, 0xbf, 0x43, 0x56, 0x22, 0x0a, 0x11,
    0xd9, 0x32, 0xb9, 0x2a, 0xda, 0x32, 0xfa, 0x32, 0xfa, 0x32, 0xfa, 0x32,
    0x98, 0x22, 0x78, 0x2a, 0x98, 0x2a, 0x77, 0x2a, 0x98, 0x2a, 0x77, 0x2a,
    0x77, 0x2a, 0x77, 0x2a, 0x78, 0x22, 0x57, 0x22, 0x77, 0x2a, 0xb8, 0x32,
    0xb7, 0x32, 0x97, 0x2a, 0x97, 0x32, 0x96, 0x2a, 0x76, 0x32, 0x75, 0x2a,
    0x75, 0x32, 0x74, 0x2a, 0x54, 0x2a, 0x54, 0x2a, 0x33, 0x2a, 0x32, 0x2a,
    0x8e, 0x21, 0x8e, 0x19, 0xd1, 0x21, 0xf2, 0x21, 0x8e, 0x19, 0x13, 0x22,
    0x35, 0x2a, 0x55, 0x2a, 0x55, 0x2a, 0x56, 0x22, 0x76, 0x2a, 0x76, 0x2a,
    0x77, 0x2a, 0x97, 0x2a, 0x77, 0x2a, 0x77, 0x2a, 0x98, 0x2a, 0x98, 0x2a,
    0x98, 0x2a, 0xb9, 0x2a, 0xb9, 0x2a, 0xb9, 0x32, 0x99, 0x2a, 0xb9, 0x2a,
    0xba, 0x32, 0xb9, 0x2a, 0xd2, 0x19, 0xd2, 0x21, 0x14, 0x22, 0x35, 0x22,
    0x35, 0x22, 0x56, 0x2a, 0x57, 0x2a, 0x56, 0x22, 0x77, 0x2a, 0xb0, 0x19,
    0xd1, 0x21, 0x14, 0x22, 0xf2, 0x19, 0xf3, 0x21, 0x35, 0x22, 0x56, 0x22,
    0x56, 0x22, 0x57, 0x2a, 0x77, 0x2a, 0x77, 0x2a, 0x78, 0x22, 0x78, 0x2a,
    0x78, 0x2a, 0x78, 0x22, 0x78, 0x22, 0x78, 0x2a, 0x77, 0x2a, 0x78, 0x2a,
    0x98, 0x2a, 0x78, 0x22, 0x98, 0x2a, 0x78, 0x2a, 0x98, 0x22, 0x99, 0x2a,
    0x98, 0x2a, 0x99, 0x2a, 0x98, 0x22, 0x98, 0x2a, 0x98, 0x2a, 0x98, 0x2a,
    0x99, 0x2a, 0x98, 0x2a, 0x98, 0x2a, 0x98, 0x2a, 0x78, 0x2a, 0x98, 0x2a,
    0x99, 0x2a, 0x98, 0x2a, 0x98, 0x2a, 0x99, 0x2a, 0x98, 0x2a, 0x98, 0x2a,
    0x99, 0x2a, 0x98, 0x2a, 0x98, 0x2a, 0x99, 0x2a, 0x98, 0x2a, 0x98, 0x2a,
    0x99, 0x2a, 0x98, 0x2a, 0x99, 0x2a, 0x98, 0x2a, 0x78, 0x22, 0x78, 0x2a,
    0x98, 0x2a, 0x78, 0x2a, 0x98, 0x22, 0x78, 0x2a, 0x98, 0x22, 0x78, 0x2a,
    0x98, 0x2a, 0x78, 0x22, 0x78, 0x2a, 0x78, 0x2a, 0x78, 0x22, 0x78, 0x2a,
    0x78, 0x2a, 0x77, 0x22, 0x78, 0x2a, 0x57, 0x2a, 0xf3, 0x19, 0x8f, 0x19,
    0xfa, 0x32, 0x7d, 0x43, 0x3c, 0x3b, 0x3c, 0x3b, 0x5c, 0x3b, 0x3c, 0x3b,
    0x3c, 0x3b, 0x5c, 0x3b, 0x3c, 0x3b, 0x3c, 0x3b, 0x5c, 0x3b, 0x3c, 0x3b,
    0x3c, 0x3b, 0x3c, 0x3b, 0x3c, 0x3b, 0x3c, 0x3b, 0x3c, 0x3b, 0x5d, 0x3b,
    0x3c, 0x3b, 0x3c, 0x3b, 0x3c, 0x33, 0x3c, 0x3b, 0x1b, 0x33, 0x1b, 0x33,
    0x57, 0x22, 0x14, 0x22, 0x98, 0x2a, 0xb9, 0x2a, 0xda, 0x32, 0xfa, 0x32,
    0xfb, 0x32, 0xfb, 0x32, 0x1b, 0x3b, 0x1b, 0x3b, 0x1c, 0x33, 0x1b, 0x3b,
    0x1b, 0x3b, 0x1b, 0x33, 0xda, 0x32, 0xfa, 0x32, 0x3c, 0x3b, 0x1c, 0x3b,
    0x3c, 0x3b, 0x5d, 0x3b, 0x3c, 0x3b, 0x5c, 0x3b, 0x5d, 0x3b, 0x3c, 0x3b,
    0xbf, 0x43, 0x56, 0x2a, 0x0a, 0x11, 0xb9, 0x32, 0xb9, 0x2a, 0xda, 0x32,
    0xda, 0x32, 0xda, 0x2a, 0xfb, 0x32, 0x98, 0x2a, 0xf3, 0x21, 0x35, 0x22,
    0x34, 0x22, 0x35, 0x22, 0x35, 0x22, 0xf3, 0x21, 0x36, 0x22, 0x78, 0x2a,
    0x56, 0x22, 0x77, 0x2a, 0xb8, 0x32, 0xb7, 0x32, 0x97, 0x2a, 0x97, 0x32,
    0x96, 0x32, 0x96, 0x2a, 0x75, 0x32, 0x75, 0x2a, 0x75, 0x32, 0x74, 0x32,
    0x54, 0x2a, 0x33, 0x2a, 0x12, 0x2a, 0x8d, 0x19, 0x8e, 0x19, 0xd1, 0x21,
    0x13, 0x22, 0x33, 0x2a, 0x34, 0x2a, 0x34, 0x22, 0x35, 0x22, 0x55, 0x2a,
    0x55, 0x2a, 0x56, 0x2a, 0x76, 0x2a, 0x77, 0x2a, 0x77, 0x2a, 0x97, 0x2a,
    0x98, 0x2a, 0x98, 0x2a, 0x98, 0x2a, 0x98, 0x2a, 0xb8, 0x2a, 0xb9, 0x2a,
    0xb9, 0x2a, 0xb9, 0x32, 0xb9, 0x2a, 0xba, 0x32, 0xb9, 0x2a, 0xd1, 0x19,
    0xd2, 0x21, 0x14, 0x22, 0x34, 0x22, 0x35, 0x22, 0x57, 0x22, 0x57, 0x2a,
    0x77, 0x2a, 0x57, 0x22, 0xb0, 0x19, 0xb1, 0x19, 0x14, 0x22, 0x57, 0x2a,
    0x57, 0x22, 0x57, 0x2a, 0x77, 0x2a, 0x77, 0x2a, 0x77, 0x2a, 0x78, 0x22,
    0x78, 0x22, 0x77, 0x2a, 0x78, 0x2a, 0x77, 0x2a, 0x78, 0x2a, 0x78, 0x22,
    0x78, 0x2a, 0x78, 0x22, 0x78, 0x2a, 0x98, 0x2a, 0x78, 0x22, 0x98, 0x2a,
    0x78, 0x2a, 0x98, 0x2a, 0x98, 0x22, 0x78, 0x2a, 0x78, 0x2a, 0x99, 0x2a,
    0x78, 0x2a, 0x78, 0x2a, 0x99, 0x2a, 0x98, 0x2a, 0x78, 0x2a, 0x99, 0x2a,
    0x99, 0x2a, 0x98, 0x2a, 0x98, 0x22, 0x99, 0x2a, 0x98, 0x2a, 0x99, 0x2a,
    0x99, 0x2a, 0x98, 0x2a, 0x98, 0x22, 0x98, 0x2a, 0x78, 0x2a, 0x99, 0x22,
    0x98, 0x2a, 0x98, 0x2a, 0x99, 0x2a, 0x99, 0x2a, 0x98, 0x2a, 0x98, 0x2a,
    0x98, 0x2a, 0x98, 0x2a, 0x98, 0x2a, 0x98, 0x22, 0x98, 0x2a, 0x78, 0x2a,
    0x98, 0x2a, 0x78, 0x2a, 0x98, 0x22, 0x78, 0x2a, 0x78, 0x2a, 0x78, 0x22,
    0x78, 0x2a, 0x78, 0x2a, 0x78, 0x22, 0x77, 0x2a, 0x78, 0x22, 0x78, 0x2a,
    0x78, 0x2a, 0xd2, 0x19, 0xb1, 0x19, 0x1b, 0x3b, 0x5d, 0x3b, 0x3c, 0x3b,
    0x3c, 0x3b, 0x3c, 0x3b, 0x3c, 0x3b, 0x3c, 0x3b, 0x5c, 0x3b, 0x3c, 0x3b,
    0x3c, 0x3b, 0x3c, 0x3b, 0x5c, 0x3b, 0x3c, 0x33, 0x3c, 0x3b, 0x5c, 0x3b,
    0x3c, 0x33, 0x3c, 0x3b, 0x3c, 0x3b, 0x3c, 0x3b, 0x3c, 0x33, 0x3c, 0x3b,
    0x1c, 0x33, 0x1b, 0x33, 0x1b, 0x3b, 0x99, 0x2a, 0xf3, 0x21, 0x78, 0x2a,
    0x98, 0x2a, 0xb9, 0x2a, 0xba, 0x32, 0xfa, 0x32, 0xfb, 0x32, 0x1b, 0x33,
    0x1b, 0x33, 0xfb, 0x3a, 0xfb, 0x32, 0x1b, 0x33, 0xfa, 0x32, 0x1b, 0x3b,
    0x5c, 0x3b, 0x1b, 0x33, 0x1b, 0x3b, 0x5d, 0x3b, 0x3c, 0x3b, 0x5c, 0x3b,
    0x5d, 0x3b, 0x5d, 0x3b, 0x5c, 0x3b, 0xbe, 0x43, 0x36, 0x22, 0x0a, 0x11,
    0xb9, 0x32, 0xb9, 0x2a, 0xda, 0x32, 0xda, 0x32, 0xda, 0x32, 0xfa, 0x32,
    0x3c, 0x3b, 0x4c, 0x11, 0xf4, 0x21, 0xda, 0x32, 0x57, 0x22, 0x98, 0x2a,
    0xd2, 0x19, 0x13, 0x22, 0x98, 0x2a, 0x57, 0x22, 0x97, 0x2a, 0xb8, 0x32,
    0xb8, 0x32, 0x97, 0x2a, 0x97, 0x32, 0x96, 0x2a, 0x76, 0x2a, 0x76, 0x32,
    0x75, 0x2a, 0x74, 0x2a, 0x54, 0x2a, 0x53, 0x32, 0x32, 0x2a, 0x12, 0x2a,
    0x8e, 0x19, 0xaf, 0x21, 0xd1, 0x21, 0x12, 0x22, 0x34, 0x2a, 0x34, 0x22,
    0x34, 0x22, 0x55, 0x2a, 0x55, 0x2a, 0x56, 0x22, 0x56, 0x2a, 0x76, 0x2a,
    0x77, 0x22, 0x77, 0x2a, 0x77, 0x2a, 0x98, 0x2a, 0x98, 0x2a, 0x78, 0x2a,
    0x98, 0x2a, 0x98, 0x2a, 0xb9, 0x2a, 0x99, 0x2a, 0xb9, 0x2a, 0xb9, 0x2a,
    0xba, 0x32, 0xb9, 0x2a, 0xd1, 0x19, 0xd2, 0x21, 0x14, 0x22, 0x15, 0x22,
    0x35, 0x22, 0x57, 0x22, 0x57, 0x22, 0x78, 0x2a, 0x13, 0x22, 0x90, 0x19,
    0x56, 0x22, 0x78, 0x2a, 0x78, 0x2a, 0x77, 0x2a, 0x77, 0x2a, 0x78, 0x22,
    0x78, 0x2a, 0x78, 0x2a, 0x78, 0x22, 0x77, 0x2a, 0x78, 0x2a, 0x78, 0x22,
    0x78, 0x22, 0x77, 0x2a, 0x78, 0x2a, 0x78, 0x2a, 0x78, 0x2a, 0x98, 0x2a,
    0x78, 0x2a, 0x78, 0x2a, 0x98, 0x2a, 0x78, 0x2a, 0x99, 0x2a, 0x98, 0x2a,
    0x98, 0x2a, 0x98, 0x2a, 0x99, 0x2a, 0x98, 0x2a, 0x98, 0x2a, 0x98, 0x22,
    0x98, 0x2a, 0x98, 0x2a, 0x98, 0x22, 0x78, 0x2a, 0x98, 0x2a, 0x98, 0x2a,
    0x98, 0x2a, 0x78, 0x2a, 0x98, 0x2a, 0x98, 0x2a, 0x78, 0x2a, 0x99, 0x2a,
    0x98, 0x2a, 0x98, 0x2a, 0x78, 0x2a, 0x98, 0x2a, 0x98, 0x2a, 0x78, 0x22,
    0x98, 0x2a, 0x78, 0x2a, 0x98, 0x22, 0x99, 0x2a, 0x78, 0x2a, 0x98, 0x2a,
    0x99, 0x2a, 0x98, 0x2a, 0x98, 0x2a, 0x78, 0x2a, 0x98, 0x2a, 0x78, 0x2a,
    0x98, 0x2a, 0x78, 0x2a, 0x78, 0x2a, 0x78, 0x2a, 0x78, 0x2a, 0x78, 0x22,
    0x78, 0x2a, 0x77, 0x2a, 0x78, 0x22, 0x78, 0x2a, 0xd1, 0x19, 0xd2, 0x19,
    0x1b, 0x3b, 0x5d, 0x3b, 0x3c, 0x3b, 0x3c, 0x3b, 0x5c, 0x3b, 0x3c, 0x3b,
    0x3c, 0x3b, 0x3c, 0x3b, 0x5c, 0x3b, 0x3c, 0x3b, 0x3c, 0x3b, 0x3c, 0x3b,
    0x3c, 0x3b, 0x3c, 0x3b, 0x3d, 0x3b, 0x3c, 0x3b, 0x3c, 0x33, 0x3c, 0x3b,
    0x3c, 0x3b, 0x3c, 0x3b, 0x3c, 0x3b, 0x1c, 0x3b, 0x3b, 0x3b, 0x1b, 0x33,
    0xda, 0x32, 0x14, 0x22, 0x36, 0x22, 0x98, 0x2a, 0xb9, 0x2a, 0xd9, 0x32,
    0xda, 0x32, 0xfa, 0x32, 0xfa, 0x32, 0xfb, 0x32, 0x1a, 0x33, 0xfb, 0x32,
    0xfa, 0x32, 0xfa, 0x32, 0xfb, 0x32, 0xfa, 0x32, 0x1b, 0x33, 0x3c, 0x3b,
    0x1b, 0x33, 0x3c, 0x3b, 0x5c, 0x3b, 0x3c, 0x3b, 0x5d, 0x3b, 0x3c, 0x3b,
    0xbf, 0x43, 0xf3, 0x21, 0xe8, 0x10, 0xd9, 0x32, 0xb9, 0x2a, 0xda, 0x32,
    0xda, 0x32, 0xda, 0x32, 0xda, 0x2a, 0x5d, 0x3b, 0x8f, 0x19, 0x35, 0x22,
    0xfb, 0x32, 0x98, 0x2a, 0xb9, 0x2a, 0x14, 0x22, 0x14, 0x22, 0x98, 0x2a,
    0x57, 0x22, 0x97, 0x2a, 0xb8, 0x32, 0x97, 0x2a, 0x97, 0x32, 0x97, 0x32,
    0x96, 0x2a, 0x76, 0x32, 0x76, 0x32, 0x75, 0x2a, 0x74, 0x2a, 0x54, 0x2a,
    0x54, 0x2a, 0x33, 0x2a, 0x12, 0x2a, 0x8e, 0x19, 0xaf, 0x21, 0xf1, 0x21,
    0x13, 0x22, 0x33, 0x2a, 0x34, 0x2a, 0x34, 0x22, 0x35, 0x2a, 0x55, 0x2a,
    0x55, 0x22, 0x56, 0x2a, 0x76, 0x2a, 0x77, 0x2a, 0x77, 0x2a, 0x77, 0x2a,
    0x77, 0x2a, 0x98, 0x2a, 0x98, 0x2a, 0x98, 0x2a, 0x98, 0x2a, 0x99, 0x32,
    0xb9, 0x2a, 0xb9, 0x2a, 0xb9, 0x2a, 0xba, 0x32, 0xb9, 0x2a, 0xb1, 0x19,
    0xf2, 0x21, 0x14, 0x22, 0x35, 0x22, 0x35, 0x22, 0x56, 0x2a, 0x77, 0x2a,
    0x57, 0x2a, 0x35, 0x22, 0x56, 0x22, 0x78, 0x2a, 0x78, 0x2a, 0x78, 0x22,
    0x77, 0x2a, 0x78, 0x22, 0x78, 0x22, 0x77, 0x2a, 0x78, 0x2a, 0x78, 0x22,
    0x77, 0x2a, 0x78, 0x2a, 0x78, 0x22, 0x78, 0x2a, 0x78, 0x22, 0x78, 0x2a,
    0x78, 0x2a, 0x78, 0x22, 0x98, 0x2a, 0x78, 0x22, 0x98, 0x2a, 0x98, 0x2a,
    0x98, 0x2a, 0x98, 0x2a, 0x99, 0x2a, 0x98, 0x2a, 0x98, 0x2a, 0x99, 0x2a,
    0x99, 0x2a, 0x98, 0x2a, 0x99, 0x2a, 0x79, 0x2a, 0x99, 0x2a, 0x98, 0x2a,
    0x99, 0x2a, 0x99, 0x2a, 0x79, 0x2a, 0x98, 0x2a, 0x99, 0x2a, 0x98, 0x2a,
    0x79, 0x2a, 0x98, 0x2a, 0x99, 0x2a, 0x98, 0x2a, 0x98, 0x2a, 0x99, 0x2a,
    0x99, 0x2a, 0x79, 0x2a, 0x98, 0x2a, 0x99, 0x2a, 0x98, 0x2a, 0x98, 0x2a,
    0x99, 0x2a, 0x78, 0x22, 0x98, 0x2a, 0x99, 0x2a, 0x78, 0x2a, 0x98, 0x2a,
    0x98, 0x2a, 0x78, 0x2a, 0x98, 0x2a, 0x98, 0x2a, 0x98, 0x22, 0x78, 0x2a,
    0x98, 0x2a, 0x78, 0x22, 0x78, 0x2a, 0x78, 0x2a, 0x78, 0x22, 0x78, 0x2a,
    0x77, 0x2a, 0xf2, 0x19, 0xd1, 0x21, 0x1b, 0x3b, 0x5d, 0x3b, 0x3c, 0x3b,
    0x3c, 0x3b, 0x5c, 0x3b, 0x3d, 0x3b, 0x3c, 0x3b, 0x3c, 0x3b, 0x3c, 0x3b,
    0x3c, 0x3b, 0x3c, 0x3b, 0x3c, 0x3b, 0x3c, 0x3b, 0x3c, 0x33, 0x3c, 0x3b,
    0x3c, 0x3b, 0x3c, 0x3b, 0x3c, 0x33, 0x3c, 0x3b, 0x3c, 0x3b, 0x3c, 0x33,
    0x3b, 0x33, 0x1b, 0x3b, 0x1b, 0x33, 0xfa, 0x32, 0x56, 0x22, 0xf3, 0x21,
    0x98, 0x2a, 0x98, 0x2a, 0xb9, 0x2a, 0xda, 0x32, 0xda, 0x32, 0xda, 0x32,
    0xfa, 0x32, 0xfa, 0x32, 0xfa, 0x3a, 0xfa, 0x32, 0xfa, 0x32, 0xfb, 0x32,
    0xfb, 0x3a, 0x1b, 0x3b, 0x1b, 0x33, 0x1b, 0x3b, 0x3c, 0x3b, 0x3c, 0x3b,
    0x3c, 0x3b, 0x5c, 0x3b, 0x5d, 0x3b, 0xdf, 0x4b, 0x98, 0x2a, 0xe8, 0x10,
    0xb9, 0x2a, 0xb9, 0x32, 0xba, 0x2a, 0xda, 0x32, 0xfa, 0x32, 0xda, 0x32,
    0x3c, 0x3b, 0x90, 0x19, 0x14, 0x22, 0xda, 0x32, 0x78, 0x2a, 0x98, 0x2a,
    0x14, 0x22, 0x35, 0x22, 0x77, 0x2a, 0x77, 0x22, 0xb7, 0x2a, 0xb8, 0x32,
    0x97, 0x32, 0xb7, 0x32, 0x97, 0x2a, 0x76, 0x32, 0x96, 0x2a, 0x75, 0x32,
    0x75, 0x2a, 0x74, 0x32, 0x54, 0x2a, 0x54, 0x32, 0x33, 0x2a, 0x12, 0x2a,
    0x8e, 0x19, 0x8e, 0x21, 0xf1, 0x21, 0x13, 0x22, 0x33, 0x2a, 0x34, 0x22,
    0x34, 0x22, 0x55, 0x2a, 0x55, 0x2a, 0x55, 0x2a, 0x56, 0x2a, 0x76, 0x2a,
    0x77, 0x2a, 0x77, 0x2a, 0x97, 0x2a, 0x97, 0x2a, 0x98, 0x2a, 0x98, 0x2a,
    0x98, 0x2a, 0x98, 0x2a, 0xb9, 0x2a, 0x99, 0x2a, 0xb9, 0x2a, 0xb9, 0x2a,
    0xb9, 0x32, 0xb9, 0x2a, 0xd1, 0x19, 0xd2, 0x21, 0x14, 0x22, 0x35, 0x22,
    0x36, 0x22, 0x56, 0x22, 0x56, 0x22, 0x35, 0x22, 0x78, 0x2a, 0x78, 0x2a,
    0x77, 0x2a, 0x77, 0x2a, 0x77, 0x22, 0x77, 0x2a, 0x78, 0x2a, 0x78, 0x2a,
    0x77, 0x22, 0x78, 0x2a, 0x78, 0x2a, 0x77, 0x22, 0x78, 0x2a, 0x78, 0x2a,
    0x78, 0x2a, 0x78, 0x2a, 0x78, 0x2a, 0x77, 0x22, 0x78, 0x2a, 0x78, 0x2a,
    0x98, 0x2a, 0x78, 0x2a, 0x78, 0x2a, 0x98, 0x22, 0x98, 0x2a, 0x79, 0x2a,
    0x98, 0x22, 0x99, 0x2a, 0x98, 0x2a, 0x98, 0x2a, 0x98, 0x2a, 0x99, 0x2a,
    0x98, 0x2a, 0x98, 0x2a, 0x79, 0x2a, 0x98, 0x2a, 0x98, 0x2a, 0x98, 0x2a,
    0x99, 0x2a, 0x98, 0x2a, 0x99, 0x2a, 0x98, 0x2a, 0x98, 0x2a, 0x99, 0x2a,
    0x98, 0x2a, 0x79, 0x2a, 0x98, 0x2a, 0x98, 0x2a, 0x98, 0x2a, 0x99, 0x2a,
    0x98, 0x2a, 0x99, 0x2a, 0x98, 0x2a, 0x99, 0x2a, 0x98, 0x2a, 0x98, 0x2a,
    0x98, 0x2a, 0x99, 0x2a, 0x98, 0x2a, 0x99, 0x22, 0x98, 0x2a, 0x78, 0x2a,
    0x78, 0x2a, 0x98, 0x22, 0x78, 0x2a, 0x78, 0x2a, 0x78, 0x2a, 0x78, 0x2a,
    0x78, 0x2a, 0x78, 0x2a, 0x78, 0x2a, 0x78, 0x2a, 0xd2, 0x19, 0xf2, 0x19,
    0x1b, 0x3b, 0x5d, 0x3b, 0x3c, 0x3b, 0x3c, 0x3b, 0x3c, 0x3b, 0x3c, 0x3b,
    0x5c, 0x3b, 0x3c, 0x3b, 0x3c, 0x3b, 0x3c, 0x3b, 0x3c, 0x33, 0x3c, 0x33,
    0x3c, 0x3b, 0x3c, 0x3b, 0x3c, 0x33, 0x3c, 0x3b, 0x3c, 0x3b, 0x1c, 0x3b,
    0x1c, 0x3b, 0x3c, 0x3b, 0x3b, 0x3b, 0x1c, 0x33, 0x1b, 0x33, 0xfb, 0x32,
    0xfb, 0x32, 0x99, 0x2a, 0xf3, 0x21, 0x56, 0x22, 0x98, 0x2a, 0xb9, 0x2a,
    0xb9, 0x32, 0xda, 0x32, 0xda, 0x32, 0xfa, 0x32, 0xfa, 0x32, 0xda, 0x32,
    0xfa, 0x32, 0xfa, 0x32, 0xfa, 0x32, 0xfa, 0x32, 0xfb, 0x32, 0x1b, 0x3b,
    0x3c, 0x33, 0x3c, 0x3b, 0x3c, 0x3b, 0x3c, 0x3b, 0x5c, 0x3b, 0x5d, 0x3b,
    0x5d, 0x3b, 0xbf, 0x43, 0x56, 0x2a, 0xf2, 0x21, 0xd9, 0x32, 0xd9, 0x2a,
    0xda, 0x32, 0xfa, 0x32, 0xd9, 0x2a, 0x3c, 0x3b, 0x90, 0x19, 0x14, 0x22,
    0xda, 0x2a, 0x78, 0x22, 0x98, 0x2a, 0x15, 0x22, 0x35, 0x22, 0x78, 0x2a,
    0x77, 0x2a, 0xb8, 0x2a, 0xb8, 0x32, 0x97, 0x32, 0x97, 0x2a, 0x97, 0x2a,
    0x96, 0x32, 0x76, 0x2a, 0x75, 0x2a, 0x75, 0x32, 0x74, 0x2a, 0x54, 0x2a,
    0x53, 0x32, 0x32, 0x2a, 0x12, 0x2a, 0x8e, 0x19, 0x8f, 0x21, 0xf1, 0x21,
    0x13, 0x22, 0x34, 0x22, 0x34, 0x2a, 0x34, 0x2a, 0x35, 0x22, 0x55, 0x22,
    0x55, 0x2a, 0x76, 0x2a, 0x76, 0x2a, 0x76, 0x22, 0x77, 0x2a, 0x77, 0x2a,
    0x78, 0x2a, 0x98, 0x2a, 0x98, 0x2a, 0x98, 0x2a, 0x98, 0x2a, 0xb9, 0x2a,
    0x99, 0x2a, 0x99, 0x2a, 0xb9, 0x2a, 0xba, 0x32, 0xb9, 0x2a, 0xd1, 0x19,
    0xd1, 0x21, 0x14, 0x22, 0x35, 0x22, 0x35, 0x22, 0x56, 0x22, 0x56, 0x2a,
    0x57, 0x2a, 0x77, 0x22, 0x77, 0x22, 0x57, 0x2a, 0x77, 0x2a, 0x77, 0x22,
    0x78, 0x2a, 0x78, 0x2a, 0x77, 0x22, 0x78, 0x2a, 0x78, 0x22, 0x78, 0x2a,
    0x77, 0x22, 0x77, 0x2a, 0x78, 0x2a, 0x78, 0x22, 0x78, 0x2a, 0x78, 0x2a,
    0x78, 0x2a, 0x78, 0x2a, 0x78, 0x2a, 0x78, 0x22, 0x78, 0x2a, 0x78, 0x2a,
    0x98, 0x2a, 0x98, 0x22, 0x98, 0x2a, 0x99, 0x2a, 0x98, 0x2a, 0x99, 0x2a,
    0x98, 0x2a, 0x78, 0x2a, 0x99, 0x2a, 0x98, 0x2a, 0x98, 0x2a, 0x99, 0x2a,
    0x98, 0x2a, 0x98, 0x2a, 0x99, 0x2a, 0x98, 0x2a, 0x98, 0x2a, 0x98, 0x2a,
    0x99, 0x2a, 0x98, 0x2a, 0x98, 0x2a, 0x99, 0x2a, 0x98, 0x2a, 0x98, 0x2a,
    0x98, 0x2a, 0x98, 0x2a, 0x99, 0x2a, 0x98, 0x2a, 0x98, 0x2a, 0x99, 0x2a,
    0x98, 0x2a, 0x99, 0x2a, 0x99, 0x2a, 0x98, 0x2a, 0x78, 0x2a, 0x98, 0x2a,
    0x98, 0x2a, 0x99, 0x2a, 0x98, 0x2a, 0x78, 0x2a, 0x98, 0x2a, 0x98, 0x22,
    0x98, 0x2a, 0x78, 0x22, 0x78, 0x2a, 0x78, 0x22, 0x78, 0x22, 0x78, 0x2a,
    0x77, 0x22, 0xd2, 0x19, 0xd2, 0x21, 0x3b, 0x3b, 0x5d, 0x3b, 0x3c, 0x3b,
    0x3c, 0x3b, 0x3c, 0x3b, 0x3c, 0x3b, 0x3c, 0x3b, 0x3c, 0x3b, 0x3d, 0x3b,
    0x3c, 0x3b, 0x3c, 0x3b, 0x3c, 0x3b, 0x3c, 0x3b, 0x3c, 0x3b, 0x3c, 0x3b,
    0x1c, 0x33, 0x3c, 0x3b, 0x3c, 0x3b, 0x3b, 0x33, 0x1c, 0x33, 0x1c, 0x3b,
    0x3c, 0x3b, 0x1b, 0x3b, 0xfb, 0x32, 0xfa, 0x32, 0xd9, 0x32, 0x35, 0x22,
    0x14, 0x22, 0x98, 0x2a, 0x98, 0x2a, 0xb9, 0x2a, 0xb9, 0x2a, 0xda, 0x32,
    0xda, 0x32, 0xda, 0x32, 0xfa, 0x32, 0xda, 0x32, 0xda, 0x32, 0xda, 0x32,
    0xfa, 0x32, 0xfa, 0x32, 0xfb, 0x32, 0x1b, 0x3b, 0x1b, 0x33, 0x1b, 0x3b,
    0x3c, 0x3b, 0x1c, 0x3b, 0x3c, 0x3b, 0x5c, 0x3b, 0x9e, 0x43, 0x9e, 0x43,
    0x13, 0x22, 0x98, 0x2a, 0xba, 0x32, 0xda, 0x32, 0xda, 0x32, 0xd9, 0x2a,
    0x5c, 0x3b, 0x90, 0x19, 0xf4, 0x21, 0xda, 0x2a, 0x78, 0x2a, 0x98, 0x2a,
    0x34, 0x22, 0x35, 0x22, 0x77, 0x22, 0x77, 0x2a, 0x98, 0x32, 0xb8, 0x32,
    0x97, 0x2a, 0x97, 0x32, 0x97, 0x32, 0x76, 0x2a, 0x96, 0x2a, 0x76, 0x32,
    0x75, 0x2a, 0x54, 0x2a, 0x54, 0x32, 0x54, 0x2a, 0x33, 0x2a, 0x32, 0x2a,
    0x8e, 0x19, 0xae, 0x19, 0xf1, 0x21, 0x13, 0x22, 0x13, 0x2a, 0x34, 0x2a,
    0x34, 0x22, 0x55, 0x2a, 0x55, 0x2a, 0x55, 0x22, 0x56, 0x2a, 0x76, 0x2a,
    0x77, 0x2a, 0x77, 0x2a, 0x97, 0x2a, 0x77, 0x2a, 0x98, 0x2a, 0x98, 0x2a,
    0x98, 0x2a, 0x98, 0x2a, 0xb9, 0x2a, 0xb9, 0x32, 0x98, 0x2a, 0xb9, 0x2a,
    0xda, 0x32, 0xb9, 0x2a, 0xb1, 0x19, 0xf2, 0x21, 0x14, 0x22, 0x34, 0x22,
    0x35, 0x22, 0x57, 0x2a, 0x77, 0x2a, 0x57, 0x2a, 0x77, 0x22, 0x57, 0x22,
    0x57, 0x2a, 0x77, 0x22, 0x78, 0x2a, 0x78, 0x22, 0x77, 0x22, 0x78, 0x2a,
    0x77, 0x2a, 0x78, 0x2a, 0x78, 0x22, 0x78, 0x2a, 0x78, 0x22, 0x78, 0x2a,
    0x78, 0x2a, 0x78, 0x22, 0x78, 0x2a, 0x98, 0x2a, 0x78, 0x22, 0x98, 0x2a,
    0x98, 0x2a, 0x78, 0x22, 0x98, 0x2a, 0x98, 0x2a, 0x99, 0x2a, 0x98, 0x2a,
    0x98, 0x2a, 0x98, 0x2a, 0x79, 0x2a, 0x98, 0x2a, 0x99, 0x2a, 0x98, 0x2a,
    0x98, 0x2a, 0x99, 0x2a, 0x99, 0x2a, 0x98, 0x2a, 0x99, 0x2a, 0x98, 0x2a,
    0x99, 0x2a, 0x98, 0x2a, 0x99, 0x2a, 0x99, 0x2a, 0x98, 0x2a, 0x99, 0x2a,
    0x98, 0x2a, 0x99, 0x2a, 0x99, 0x2a, 0x98, 0x2a, 0x99, 0x2a, 0x99, 0x2a,
    0x98, 0x2a, 0x98, 0x2a, 0x99, 0x2a, 0x98, 0x2a, 0x98, 0x2a, 0x98, 0x2a,
    0x99, 0x2a, 0x98, 0x2a, 0x99, 0x2a, 0x98, 0x2a, 0x98, 0x2a, 0x99, 0x2a,
    0x99, 0x2a, 0x78, 0x2a, 0x78, 0x2a, 0x78, 0x2a, 0x98, 0x2a, 0x78, 0x2a,
    0x78, 0x2a, 0x78, 0x2a, 0x78, 0x2a, 0x78, 0x2a, 0xf2, 0x19, 0xf3, 0x21,
    0x1b, 0x3b, 0x5c, 0x3b, 0x3c, 0x3b, 0x3c, 0x3b, 0x3c, 0x3b, 0x3c, 0x3b,
    0x3c, 0x3b, 0x3c, 0x3b, 0x3c, 0x33, 0x3c, 0x3b, 0x3c, 0x3b, 0x3c, 0x3b,
    0x3c, 0x33, 0x1c, 0x3b, 0x3b, 0x3b, 0x1c, 0x33, 0x1b, 0x33, 0x3b, 0x3b,
    0x3c, 0x33, 0x1b, 0x33, 0x3c, 0x3b, 0x3b, 0x3b, 0x1b, 0x33, 0xfa, 0x32,
    0xfa, 0x32, 0xda, 0x32, 0x78, 0x2a, 0x14, 0x22, 0x56, 0x22, 0x98, 0x2a,
    0x99, 0x2a, 0xb9, 0x32, 0xd9, 0x32, 0xba, 0x32, 0xda, 0x32, 0xda, 0x32,
    0xda, 0x32, 0xda, 0x32, 0xda, 0x32, 0xda, 0x32, 0xda, 0x32, 0xda, 0x32,
    0xfa, 0x32, 0xfa, 0x32, 0x1b, 0x33, 0x3b, 0x33, 0x3c, 0x3b, 0x5c, 0x3b,
    0x5d, 0x3b, 0x5d, 0x3b, 0xdf, 0x43, 0x5d, 0x3b, 0x56, 0x22, 0xb9, 0x2a,
    0xda, 0x32, 0xda, 0x32, 0xda, 0x32, 0x5c, 0x3b, 0xb0, 0x19, 0xf3, 0x21,
    0xd9, 0x2a, 0x98, 0x2a, 0x78, 0x2a, 0x35, 0x22, 0x36, 0x22, 0x57, 0x22,
    0x77, 0x2a, 0xb8, 0x32, 0xb8, 0x32, 0x97, 0x2a, 0x97, 0x32, 0x97, 0x32,
    0x76, 0x2a, 0x96, 0x32, 0x75, 0x32, 0x75, 0x32, 0x75, 0x2a, 0x54, 0x2a,
    0x53, 0x2a, 0x33, 0x2a, 0x12, 0x2a, 0x8e, 0x19, 0xaf, 0x21, 0xf2, 0x21,
    0x13, 0x22, 0x33, 0x2a, 0x34, 0x22, 0x35, 0x22, 0x35, 0x2a, 0x55, 0x2a,
    0x55, 0x22, 0x56, 0x2a, 0x76, 0x2a, 0x77, 0x2a, 0x77, 0x2a, 0x77, 0x2a,
    0x98, 0x2a, 0x98, 0x2a, 0x98, 0x2a, 0x98, 0x2a, 0x98, 0x2a, 0x99, 0x2a,
    0xb9, 0x2a, 0xb9, 0x2a, 0xb9, 0x2a, 0xd9, 0x32, 0xb9, 0x2a, 0xd1, 0x19,
    0xd2, 0x21, 0x14, 0x22, 0x35, 0x22, 0x36, 0x22, 0x76, 0x22, 0x57, 0x22,
    0x77, 0x2a, 0x77, 0x22, 0x77, 0x2a, 0x57, 0x2a, 0x77, 0x22, 0x78, 0x2a,
    0x78, 0x2a, 0x78, 0x2a, 0x78, 0x22, 0x78, 0x2a, 0x78, 0x2a, 0x78, 0x2a,
    0x78, 0x22, 0x78, 0x2a, 0x78, 0x2a, 0x78, 0x2a, 0x77, 0x2a, 0x78, 0x2a,
    0x78, 0x2a, 0x78, 0x2a, 0x98, 0x2a, 0xb9, 0x2a, 0x99, 0x2a, 0xb9, 0x2a,
    0xb9, 0x2a, 0x99, 0x2a, 0x78, 0x2a, 0x99, 0x2a, 0x98, 0x2a, 0x98, 0x2a,
    0x99, 0x2a, 0x98, 0x2a, 0x99, 0x2a, 0x99, 0x2a, 0x98, 0x2a, 0x98, 0x2a,
    0x99, 0x2a, 0x99, 0x2a, 0x98, 0x2a, 0x99, 0x2a, 0x99, 0x2a, 0x98, 0x2a,
    0x99, 0x2a, 0x99, 0x2a, 0x98, 0x2a, 0x98, 0x2a, 0x99, 0x2a, 0x99, 0x2a,
    0x98, 0x2a, 0x99, 0x2a, 0x99, 0x2a, 0x98, 0x2a, 0x99, 0x2a, 0x99, 0x2a,
    0x98, 0x2a, 0x78, 0x2a, 0x99, 0x2a, 0x98, 0x2a, 0x98, 0x2a, 0x99, 0x2a,
    0x99, 0x2a, 0x98, 0x22, 0x98, 0x2a, 0x98, 0x2a, 0x98, 0x22, 0x78, 0x2a,
    0x98, 0x2a, 0x98, 0x2a, 0x98, 0x2a, 0x99, 0x2a, 0x98, 0x2a, 0xb9, 0x2a,
    0x99, 0x2a, 0x35, 0x22, 0x35, 0x22, 0x1b, 0x33, 0x5d, 0x3b, 0x3c, 0x3b,
    0x3c, 0x3b, 0x3c, 0x3b, 0x3d, 0x3b, 0x5c, 0x3b, 0x3c, 0x33, 0x3c, 0x3b,
    0x3c, 0x3b, 0x3c, 0x33, 0x1c, 0x3b, 0x3b, 0x33, 0x1c, 0x33, 0x3c, 0x3b,
    0x3b, 0x33, 0x1c, 0x3b, 0x1b, 0x3b, 0x3b, 0x3b, 0x1b, 0x3b, 0x1b, 0x33,
    0x3b, 0x33, 0x1b, 0x3b, 0xfb, 0x32, 0xfa, 0x32, 0xfa, 0x32, 0x99, 0x2a,
    0x14, 0x22, 0x35, 0x22, 0x98, 0x2a, 0x98, 0x2a, 0xb9, 0x2a, 0xd9, 0x2a,
    0xd9, 0x32, 0xb9, 0x32, 0xda, 0x32, 0xb9, 0x32, 0xb9, 0x2a, 0xd9, 0x32,
    0xb9, 0x32, 0xd9, 0x32, 0xb9, 0x32, 0xd9, 0x2a, 0xb9, 0x32, 0xb9, 0x32,
    0xda, 0x32, 0xda, 0x32, 0xfa, 0x32, 0xda, 0x32, 0x1b, 0x3b, 0x3c, 0x3b,
    0x5c, 0x3b, 0xb9, 0x32, 0x98, 0x2a, 0xda, 0x2a, 0xda, 0x32, 0xd9, 0x2a,
    0x3c, 0x3b, 0xb0, 0x19, 0xd2, 0x19, 0xb9, 0x2a, 0x78, 0x2a, 0x78, 0x22,
    0x15, 0x22, 0x36, 0x22, 0x57, 0x22, 0x98, 0x2a, 0xb8, 0x2a, 0xb8, 0x2a,
    0xb7, 0x32, 0x97, 0x32, 0x77, 0x2a, 0x96, 0x2a, 0x96, 0x32, 0x75, 0x2a,
    0x75, 0x2a, 0x74, 0x32, 0x54, 0x2a, 0x53, 0x2a, 0x32, 0x2a, 0x12, 0x2a,
    0x8e, 0x19, 0xaf, 0x21, 0xf2, 0x21, 0x13, 0x22, 0x34, 0x2a, 0x34, 0x22,
    0x34, 0x2a, 0x55, 0x2a, 0x55, 0x22, 0x55, 0x2a, 0x56, 0x2a, 0x76, 0x22,
    0x77, 0x2a, 0x77, 0x2a, 0x77, 0x2a, 0x77, 0x2a, 0x98, 0x2a, 0x98, 0x2a,
    0x98, 0x2a, 0x98, 0x2a, 0x98, 0x2a, 0xb9, 0x2a, 0x99, 0x2a, 0xb9, 0x2a,
    0xba, 0x2a, 0xb9, 0x2a, 0xd2, 0x19, 0xd2, 0x21, 0x34, 0x22, 0x35, 0x22,
    0x56, 0x22, 0x57, 0x2a, 0x77, 0x2a, 0x57, 0x22, 0x77, 0x2a, 0x77, 0x2a,
    0x77, 0x22, 0x78, 0x2a, 0x78, 0x2a, 0x77, 0x22, 0x78, 0x2a, 0x78, 0x2a,
    0x77, 0x22, 0x78, 0x22, 0x78, 0x2a, 0x78, 0x2a, 0x78, 0x2a, 0x78, 0x22,
    0x78, 0x2a, 0x98, 0x2a, 0x78, 0x2a, 0x78, 0x22, 0x78, 0x2a, 0x98, 0x2a,
    0xd9, 0x2a, 0xda, 0x32, 0xba, 0x32, 0xb9, 0x32, 0xb9, 0x2a, 0xb9, 0x2a,
    0x98, 0x2a, 0x98, 0x2a, 0x99, 0x2a, 0x98, 0x2a, 0x98, 0x2a, 0x99, 0x2a,
    0x99, 0x2a, 0x98, 0x2a, 0x98, 0x2a, 0x99, 0x2a, 0x98, 0x2a, 0x98, 0x2a,
    0x99, 0x2a, 0x98, 0x2a, 0x98, 0x2a, 0x99, 0x2a, 0x98, 0x2a, 0x99, 0x2a,
    0x98, 0x2a, 0x98, 0x2a, 0x98, 0x2a, 0x98, 0x2a, 0x99, 0x2a, 0x98, 0x2a,
    0x98, 0x2a, 0x99, 0x2a, 0x99, 0x2a, 0x99, 0x2a, 0x98, 0x2a, 0x98, 0x2a,
    0x99, 0x2a, 0x98, 0x2a, 0x98, 0x2a, 0x98, 0x2a, 0x99, 0x2a, 0x78, 0x2a,
    0x98, 0x2a, 0x98, 0x2a, 0x78, 0x2a, 0x98, 0x2a, 0x99, 0x2a, 0xb9, 0x2a,
    0xd9, 0x2a, 0xd9, 0x2a, 0xba, 0x32, 0xd9, 0x2a, 0x98, 0x2a, 0x78, 0x2a,
    0xfa, 0x32, 0x5d, 0x3b, 0x5c, 0x3b, 0x3c, 0x3b, 0x3c, 0x3b, 0x3c, 0x3b,
    0x3c, 0x3b, 0x3c, 0x3b, 0x3c, 0x3b, 0x3c, 0x3b, 0x1b, 0x33, 0x3b, 0x3b,
    0x1c, 0x3b, 0x3b, 0x3b, 0x1b, 0x33, 0x3c, 0x3b, 0x3b, 0x33, 0x1b, 0x33,
    0x3b, 0x33, 0x1b, 0x3b, 0x1b, 0x33, 0x1b, 0x3b, 0x1b, 0x33, 0xfb, 0x32,
    0xda, 0x32, 0xfa, 0x32, 0xb9, 0x2a, 0x57, 0x2a, 0x14, 0x22, 0x78, 0x2a,
    0x98, 0x2a, 0xb8, 0x2a, 0xb9, 0x2a, 0xb9, 0x2a, 0xd9, 0x2a, 0xd9, 0x2a,
    0xb9, 0x2a, 0xb9, 0x2a, 0x98, 0x2a, 0x98, 0x2a, 0x98, 0x2a, 0x98, 0x2a,
    0x78, 0x2a, 0x98, 0x2a, 0x78, 0x2a, 0x78, 0x2a, 0x78, 0x2a, 0x57, 0x22,
    0x56, 0x22, 0x35, 0x22, 0xf2, 0x21, 0x35, 0x22, 0xb9, 0x32, 0xb9, 0x32,
    0xda, 0x2a, 0xda, 0x32, 0xda, 0x32, 0x3c, 0x3b, 0x90, 0x19, 0xd2, 0x19,
    0xb9, 0x2a, 0x78, 0x2a, 0x77, 0x2a, 0x36, 0x22, 0x36, 0x22, 0x77, 0x2a,
    0x98, 0x2a, 0xb8, 0x32, 0xb8, 0x32, 0x97, 0x2a, 0x97, 0x2a, 0x96, 0x32,
    0x96, 0x32, 0x76, 0x2a, 0x75, 0x2a, 0x75, 0x2a, 0x74, 0x2a, 0x54, 0x2a,
    0x54, 0x32, 0x33, 0x2a, 0x32, 0x2a, 0x8e, 0x21, 0xaf, 0x21, 0xf2, 0x21,
    0x33, 0x22, 0x33, 0x2a, 0x34, 0x22, 0x34, 0x2a, 0x55, 0x2a, 0x35, 0x22,
    0x55, 0x2a, 0x56, 0x22, 0x76, 0x2a, 0x76, 0x2a, 0x77, 0x2a, 0x97, 0x2a,
    0x77, 0x2a, 0x98, 0x2a, 0x98, 0x2a, 0x98, 0x2a, 0x98, 0x2a, 0x99, 0x2a,
    0xb9, 0x2a, 0x99, 0x2a, 0xb9, 0x2a, 0xb9, 0x32, 0xb9, 0x2a, 0xd2, 0x21,
    0xf3, 0x21, 0x35, 0x22, 0x36, 0x22, 0x56, 0x22, 0x57, 0x2a, 0x77, 0x2a,
    0x77, 0x22, 0x78, 0x2a, 0x77, 0x2a, 0x77, 0x22, 0x78, 0x2a, 0x77, 0x2a,
    0x78, 0x2a, 0x78, 0x22, 0x78, 0x2a, 0x77, 0x2a, 0x78, 0x2a, 0x78, 0x2a,
    0x77, 0x22, 0x78, 0x2a, 0x78, 0x2a, 0x78, 0x2a, 0x78, 0x2a, 0x98, 0x22,
    0x98, 0x2a, 0x78, 0x2a, 0x98, 0x2a, 0xb9, 0x2a, 0xda, 0x32, 0xfa, 0x32,
    0xda, 0x32, 0xda, 0x32, 0xb9, 0x2a, 0xb9, 0x2a, 0x78, 0x2a, 0x98, 0x2a,
    0x99, 0x2a, 0x98, 0x2a, 0x98, 0x2a, 0x99, 0x2a, 0x99, 0x2a, 0x98, 0x2a,
    0x99, 0x2a, 0x99, 0x2a, 0x98, 0x2a, 0x99, 0x2a, 0x98, 0x2a, 0x99, 0x2a,
    0x98, 0x2a, 0x99, 0x2a, 0x99, 0x2a, 0x98, 0x2a, 0x99, 0x2a, 0x99, 0x2a,
    0x98, 0x2a, 0x99, 0x2a, 0x98, 0x2a, 0x99, 0x2a, 0x98, 0x2a, 0x98, 0x2a,
    0x99, 0x2a, 0x98, 0x2a, 0x98, 0x2a, 0x99, 0x2a, 0x99, 0x2a, 0x98, 0x2a,
    0x98, 0x2a, 0x99, 0x2a, 0x99, 0x2a, 0x98, 0x2a, 0x98, 0x22, 0x98, 0x2a,
    0x99, 0x2a, 0xb9, 0x2a, 0xd9, 0x2a, 0xba, 0x32, 0xda, 0x32, 0xda, 0x32,
    0xda, 0x32, 0xd9, 0x32, 0x98, 0x2a, 0xfa, 0x32, 0x5c, 0x3b, 0x3d, 0x3b,
    0x3c, 0x3b, 0x3c, 0x3b, 0x3c, 0x33, 0x3c, 0x3b, 0x3c, 0x3b, 0x3c, 0x33,
    0x1b, 0x33, 0x1c, 0x3b, 0x3b, 0x3b, 0x1b, 0x33, 0x1b, 0x33, 0x1b, 0x3b,
    0x1b, 0x33, 0x1b, 0x3b, 0x1b, 0x33, 0x1b, 0x33, 0x1b, 0x33, 0x1b, 0x3b,
    0x1b, 0x3b, 0xfb, 0x32, 0xfa, 0x32, 0xda, 0x32, 0xfa, 0x32, 0xb9, 0x32,
    0x78, 0x2a, 0x14, 0x22, 0x35, 0x22, 0x98, 0x2a, 0x98, 0x2a, 0xb9, 0x2a,
    0xb9, 0x32, 0xb9, 0x32, 0xb9, 0x2a, 0x98, 0x2a, 0x98, 0x2a, 0x78, 0x2a,
    0x98, 0x2a, 0x98, 0x2a, 0x98, 0x2a, 0x98, 0x2a, 0x99, 0x2a, 0x99, 0x2a,
    0x77, 0x22, 0x35, 0x22, 0xf3, 0x21, 0xd9, 0x32, 0x14, 0x22, 0xe8, 0x10,
    0xb9, 0x2a, 0x98, 0x2a, 0xb9, 0x2a, 0xb9, 0x2a, 0xda, 0x32, 0xba, 0x32,
    0x3c, 0x3b, 0xb0, 0x19, 0xd2, 0x19, 0xb9, 0x2a, 0x78, 0x2a, 0x78, 0x2a,
    0x56, 0x22, 0x36, 0x22, 0x57, 0x22, 0x98, 0x2a, 0xb8, 0x32, 0x97, 0x32,
    0x97, 0x32, 0x97, 0x32, 0x97, 0x2a, 0x76, 0x32, 0x96, 0x32, 0x75, 0x2a,
    0x75, 0x32, 0x55, 0x2a, 0x54, 0x2a, 0x53, 0x32, 0x33, 0x2a, 0x12, 0x2a,
    0xaf, 0x21, 0xd0, 0x21, 0x12, 0x22, 0x13, 0x2a, 0x34, 0x22, 0x34, 0x22,
    0x34, 0x2a, 0x35, 0x2a, 0x55, 0x22, 0x55, 0x2a, 0x76, 0x2a, 0x76, 0x2a,
    0x57, 0x2a, 0x77, 0x2a, 0x97, 0x2a, 0x78, 0x2a, 0x98, 0x2a, 0x98, 0x2a,
    0x98, 0x2a, 0x98, 0x2a, 0xb8, 0x2a, 0xb9, 0x32, 0xb9, 0x2a, 0xb9, 0x2a,
    0xba, 0x32, 0xb9, 0x2a, 0xf3, 0x21, 0x13, 0x22, 0x35, 0x22, 0x35, 0x22,
    0x57, 0x2a, 0x77, 0x22, 0x77, 0x2a, 0x77, 0x2a, 0x78, 0x22, 0x78, 0x2a,
    0x57, 0x22, 0x78, 0x22, 0x77, 0x2a, 0x78, 0x22, 0x78, 0x2a, 0x78, 0x22,
    0x78, 0x2a, 0x78, 0x2a, 0x78, 0x2a, 0x78, 0x22, 0x78, 0x2a, 0x98, 0x2a,
    0x78, 0x22, 0x78, 0x2a, 0x98, 0x2a, 0x78, 0x2a, 0x78, 0x2a, 0x78, 0x2a,
    0xb9, 0x2a, 0xfa, 0x32, 0x1b, 0x33, 0xfa, 0x32, 0xfa, 0x32, 0xba, 0x32,
    0xb9, 0x2a, 0x99, 0x2a, 0x98, 0x2a, 0x99, 0x2a, 0x98, 0x2a, 0x99, 0x2a,
    0x98, 0x2a, 0x98, 0x2a, 0x99, 0x2a, 0x98, 0x2a, 0x99, 0x2a, 0x98, 0x2a,
    0x99, 0x2a, 0x99, 0x2a, 0xb9, 0x2a, 0x98, 0x2a, 0xb9, 0x2a, 0x99, 0x2a,
    0x98, 0x2a, 0x99, 0x2a, 0x99, 0x2a, 0x98, 0x2a, 0x99, 0x2a, 0xb9, 0x2a,
    0x99, 0x2a, 0xb9, 0x2a, 0x98, 0x2a, 0x99, 0x2a, 0x99, 0x2a, 0x98, 0x2a,
    0x99, 0x2a, 0x99, 0x2a, 0x99, 0x2a, 0x98, 0x2a, 0x98, 0x2a, 0x98, 0x2a,
    0x98, 0x2a, 0x98, 0x2a, 0x99, 0x2a, 0xb9, 0x2a, 0xb9, 0x2a, 0xda, 0x32,
    0xda, 0x32, 0xfa, 0x32, 0xfa, 0x32, 0xfb, 0x32, 0xfa, 0x32, 0xb9, 0x32,
    0xda, 0x32, 0x3c, 0x3b, 0x5d, 0x3b, 0x3c, 0x3b, 0x3c, 0x3b, 0x3c, 0x3b,
    0x3c, 0x3b, 0x1c, 0x33, 0x3b, 0x33, 0x1c, 0x3b, 0x3b, 0x33, 0x1b, 0x33,
    0x1b, 0x33, 0x1b, 0x33, 0x1b, 0x33, 0x1b, 0x3b, 0xfb, 0x32, 0x1b, 0x3b,
    0xfb, 0x3a, 0xfb, 0x32, 0x1b, 0x33, 0xfb, 0x32, 0xfa, 0x32, 0xfa, 0x32,
    0xfa, 0x32, 0xda, 0x32, 0xd9, 0x32, 0x78, 0x2a, 0x35, 0x22, 0x34, 0x22,
    0x78, 0x2a, 0x78, 0x2a, 0x99, 0x2a, 0x99, 0x2a, 0x98, 0x2a, 0x98, 0x2a,
    0x98, 0x2a, 0x98, 0x2a, 0x98, 0x2a, 0x98, 0x2a, 0x99, 0x2a, 0xb9, 0x2a,
    0x98, 0x2a, 0x77, 0x2a, 0x35, 0x22, 0x34, 0x22, 0x56, 0x22, 0x77, 0x2a,
    0xfb, 0x32, 0x13, 0x22, 0x2a, 0x11, 0xb9, 0x32, 0x98, 0x2a, 0xb8, 0x2a,
    0xd9, 0x2a, 0xda, 0x32, 0xba, 0x2a, 0x3c, 0x3b, 0x8f, 0x19, 0xb2, 0x19,
    0xd9, 0x2a, 0x78, 0x2a, 0x77, 0x22, 0x57, 0x22, 0x36, 0x22, 0x57, 0x2a,
    0xb8, 0x32, 0xb8, 0x2a, 0x97, 0x32, 0x98, 0x32, 0x97, 0x2a, 0x96, 0x2a,
    0x76, 0x2a, 0x96, 0x32, 0x75, 0x2a, 0x75, 0x32, 0x74, 0x32, 0x54, 0x2a,
    0x53, 0x2a, 0x32, 0x2a, 0x12, 0x2a, 0xb0, 0x21, 0xd1, 0x21, 0x13, 0x2a,
    0x33, 0x2a, 0x34, 0x2a, 0x34, 0x2a, 0x55, 0x2a, 0x55, 0x2a, 0x76, 0x2a,
    0x76, 0x2a, 0x76, 0x2a, 0x77, 0x2a, 0x77, 0x2a, 0x97, 0x2a, 0x98, 0x2a,
    0x98, 0x2a, 0x98, 0x2a, 0xb8, 0x2a, 0xb9, 0x32, 0xb9, 0x2a, 0xb9, 0x32,
    0xb9, 0x32, 0xb9, 0x2a, 0xda, 0x32, 0xda, 0x32, 0xd9, 0x2a, 0xf3, 0x21,
    0x14, 0x22, 0x56, 0x22, 0x57, 0x22, 0x57, 0x2a, 0x77, 0x22, 0x77, 0x2a,
    0x57, 0x22, 0x77, 0x2a, 0x78, 0x2a, 0x77, 0x2a, 0x78, 0x2a, 0x78, 0x2a,
    0x78, 0x22, 0x77, 0x2a, 0x78, 0x2a, 0x78, 0x22, 0x78, 0x2a, 0x78, 0x22,
    0x78, 0x2a, 0x78, 0x2a, 0x78, 0x2a, 0x78, 0x22, 0x98, 0x2a, 0x78, 0x2a,
    0x98, 0x2a, 0x78, 0x2a, 0x78, 0x2a, 0x98, 0x2a, 0xfa, 0x32, 0x1b, 0x3b,
    0x1b, 0x3b, 0xfa, 0x32, 0xda, 0x32, 0xda, 0x32, 0xb9, 0x2a, 0x98, 0x2a,
    0x99, 0x2a, 0x98, 0x2a, 0x99, 0x2a, 0x99, 0x2a, 0x99, 0x2a, 0xb9, 0x2a,
    0x98, 0x2a, 0x98, 0x2a, 0x99, 0x2a, 0x98, 0x2a, 0xb9, 0x2a, 0x98, 0x2a,
    0x99, 0x2a, 0x98, 0x2a, 0xb9, 0x2a, 0x98, 0x2a, 0x98, 0x2a, 0xb8, 0x2a,
    0x99, 0x2a, 0x98, 0x2a, 0x99, 0x2a, 0xb8, 0x2a, 0x99, 0x2a, 0x99, 0x2a,
    0xb9, 0x2a, 0x98, 0x2a, 0x98, 0x2a, 0x99, 0x2a, 0x98, 0x2a, 0x98, 0x2a,
    0x99, 0x2a, 0x98, 0x2a, 0x99, 0x2a, 0x78, 0x2a, 0x98, 0x2a, 0x99, 0x2a,
    0xb9, 0x2a, 0xb9, 0x32, 0xda, 0x32, 0xfa, 0x32, 0xfa, 0x32, 0x1b, 0x3b,
    0x1b, 0x3b, 0xfb, 0x32, 0xb9, 0x32, 0xda, 0x32, 0x3c, 0x3b, 0x5c, 0x3b,
    0x3c, 0x3b, 0x3c, 0x3b, 0x3c, 0x3b, 0x1c, 0x33, 0x3b, 0x33, 0x1b, 0x3b,
    0x3b, 0x3b, 0x1b, 0x33, 0x1b, 0x3b, 0xfb, 0x3a, 0x1b, 0x33, 0xfb, 0x3a,
    0xfa, 0x32, 0xfb, 0x32, 0xfa, 0x32, 0xfa, 0x32, 0xfa, 0x32, 0xfb, 0x32,
    0xfa, 0x3a, 0xfa, 0x32, 0xfa, 0x32, 0xda, 0x32, 0xba, 0x32, 0xda, 0x32,
    0x98, 0x2a, 0x57, 0x2a, 0x13, 0x22, 0x78, 0x2a, 0x78, 0x2a, 0x78, 0x2a,
    0x98, 0x2a, 0x98, 0x2a, 0x98, 0x2a, 0x99, 0x2a, 0x99, 0x32, 0xda, 0x32,
    0x1b, 0x33, 0xd9, 0x32, 0x77, 0x2a, 0x56, 0x22, 0x56, 0x22, 0x77, 0x2a,
    0x98, 0x2a, 0x99, 0x2a, 0x98, 0x2a, 0xda, 0x32, 0xb0, 0x19, 0x4c, 0x19,
    0xd9, 0x32, 0x98, 0x2a, 0x99, 0x2a, 0xb9, 0x32, 0xda, 0x32, 0xd9, 0x2a,
    0x3c, 0x3b, 0x8f, 0x19, 0xb1, 0x19, 0xb9, 0x2a, 0x78, 0x2a, 0x77, 0x2a,
    0x57, 0x22, 0x36, 0x22, 0x77, 0x2a, 0xb8, 0x32, 0xb8, 0x32, 0xb7, 0x2a,
    0x98, 0x2a, 0x97, 0x32, 0x97, 0x32, 0x96, 0x2a, 0x76, 0x32, 0x75, 0x2a,
    0x75, 0x2a, 0x54, 0x2a, 0x54, 0x2a, 0x54, 0x32, 0x33, 0x2a, 0x12, 0x2a,
    0x6c, 0x19, 0x6d, 0x19, 0xaf, 0x19, 0xaf, 0x19, 0xaf, 0x19, 0xb0, 0x19,
    0xb0, 0x21, 0xd0, 0x19, 0xd0, 0x19, 0xd1, 0x21, 0xd1, 0x19, 0xd2, 0x21,
    0xf2, 0x21, 0xf2, 0x19, 0xf2, 0x21, 0xf2, 0x21, 0xf3, 0x21, 0xf3, 0x21,
    0x13, 0x22, 0x13, 0x22, 0x13, 0x22, 0x14, 0x22, 0x14, 0x22, 0x14, 0x22,
    0x13, 0x22, 0x14, 0x22, 0x35, 0x22, 0x35, 0x22, 0x56, 0x22, 0x57, 0x2a,
    0x77, 0x2a, 0x77, 0x2a, 0x78, 0x22, 0x77, 0x2a, 0x78, 0x22, 0x78, 0x22,
    0x77, 0x2a, 0x78, 0x2a, 0x78, 0x22, 0x78, 0x2a, 0x78, 0x2a, 0x78, 0x2a,
    0x78, 0x2a, 0x78, 0x22, 0x78, 0x2a, 0x77, 0x2a, 0x78, 0x2a, 0x78, 0x2a,
    0x98, 0x2a, 0x98, 0x2a, 0x78, 0x2a, 0x98, 0x22, 0x98, 0x2a, 0x78, 0x2a,
    0x98, 0x2a, 0xda, 0x32, 0x1b, 0x33, 0x1b, 0x33, 0x1b, 0x3b, 0xfa, 0x32,
    0xda, 0x32, 0xb9, 0x2a, 0x98, 0x2a, 0x98, 0x2a, 0x99, 0x2a, 0x98, 0x2a,
    0x98, 0x2a, 0xb9, 0x2a, 0x99, 0x2a, 0x98, 0x2a, 0xb9, 0x2a, 0x98, 0x2a,
    0x98, 0x2a, 0x99, 0x2a, 0x99, 0x2a, 0x98, 0x2a, 0x99, 0x2a, 0xb9, 0x2a,
    0x98, 0x2a, 0x99, 0x2a, 0xb9, 0x2a, 0x98, 0x2a, 0x99, 0x2a, 0x98, 0x2a,
    0x99, 0x2a, 0x99, 0x2a, 0x98, 0x2a, 0xb9, 0x2a, 0x98, 0x2a, 0x98, 0x2a,
    0xb9, 0x2a, 0x99, 0x2a, 0x99, 0x2a, 0x98, 0x2a, 0x99, 0x2a, 0x99, 0x2a,
    0x99, 0x2a, 0x98, 0x2a, 0x98, 0x2a, 0xb9, 0x2a, 0xda, 0x32, 0xda, 0x32,
    0xfa, 0x32, 0xfb, 0x32, 0x1b, 0x3b, 0x1b, 0x33, 0x3b, 0x3b, 0xd9, 0x32,
    0xda, 0x32, 0x1b, 0x3b, 0x5d, 0x3b, 0x3c, 0x3b, 0x3c, 0x3b, 0x3c, 0x33,
    0x1b, 0x3b, 0x1b, 0x3b, 0x1b, 0x33, 0x1b, 0x33, 0xfb, 0x32, 0xfa, 0x32,
    0xfa, 0x32, 0xfa, 0x32, 0xfa, 0x32, 0xfa, 0x32, 0xfa, 0x32, 0xfa, 0x32,
    0xfa, 0x32, 0xda, 0x32, 0xfa, 0x32, 0xfa, 0x32, 0xda, 0x32, 0xda, 0x32,
    0xba, 0x32, 0xd9, 0x32, 0xb9, 0x2a, 0x98, 0x2a, 0x78, 0x2a, 0x14, 0x22,
    0x57, 0x22, 0x98, 0x2a, 0x78, 0x2a, 0x98, 0x2a, 0xb9, 0x2a, 0xfa, 0x32,
    0xda, 0x32, 0xd9, 0x32, 0xb9, 0x32, 0x35, 0x22, 0x14, 0x22, 0x77, 0x2a,
    0x78, 0x2a, 0x99, 0x2a, 0xb9, 0x2a, 0x78, 0x2a, 0x34, 0x22, 0x77, 0x2a,
    0xda, 0x32, 0x8f, 0x19, 0x4c, 0x11, 0xb9, 0x32, 0x98, 0x2a, 0x98, 0x2a,
    0xba, 0x32, 0xba, 0x32, 0xd9, 0x2a, 0x3c, 0x3b, 0x8f, 0x19, 0xb1, 0x19,
    0xb9, 0x2a, 0x78, 0x2a, 0x77, 0x2a, 0x57, 0x22, 0x36, 0x22, 0x77, 0x2a,
    0xb8, 0x2a, 0xb8, 0x32, 0x97, 0x32, 0x97, 0x2a, 0x97, 0x32, 0x97, 0x32,
    0x76, 0x2a, 0x96, 0x2a, 0x75, 0x32, 0x75, 0x2a, 0x55, 0x2a, 0x54, 0x2a,
    0x53, 0x32, 0x33, 0x2a, 0x32, 0x2a, 0x2a, 0x11, 0x0a, 0x11, 0x4b, 0x19,
    0x4b, 0x19, 0x4c, 0x19, 0x4c, 0x19, 0x6c, 0x19, 0x4d, 0x19, 0x6d, 0x19,
    0x6d, 0x19, 0x6d, 0x19, 0x6d, 0x19, 0x6e, 0x19, 0x8e, 0x19, 0x8e, 0x19,
    0x8f, 0x19, 0x8f, 0x19, 0x8f, 0x19, 0xaf, 0x19, 0xb0, 0x19, 0xb0, 0x19,
    0xb1, 0x19, 0xd1, 0x19, 0xd2, 0x19, 0xf2, 0x21, 0x14, 0x22, 0x36, 0x22,
    0x56, 0x22, 0x57, 0x2a, 0x57, 0x22, 0x57, 0x2a, 0x77, 0x22, 0x78, 0x2a,
    0x78, 0x2a, 0x78, 0x2a, 0x77, 0x2a, 0x78, 0x22, 0x78, 0x22, 0x77, 0x2a,
    0x78, 0x2a, 0x78, 0x2a, 0x78, 0x22, 0x78, 0x2a, 0x78, 0x2a, 0x78, 0x2a,
    0x78, 0x2a, 0x78, 0x22, 0x98, 0x2a, 0x98, 0x2a, 0x78, 0x2a, 0x98, 0x2a,
    0x78, 0x2a, 0x98, 0x2a, 0x78, 0x2a, 0x98, 0x2a, 0xda, 0x2a, 0x1b, 0x3b,
    0x3b, 0x3b, 0x3b, 0x33, 0xfb, 0x32, 0xda, 0x32, 0xba, 0x2a, 0x99, 0x2a,
    0x98, 0x2a, 0x99, 0x2a, 0x98, 0x2a, 0x99, 0x2a, 0x98, 0x2a, 0x99, 0x2a,
    0x98, 0x2a, 0xb9, 0x2a, 0x98, 0x2a, 0x99, 0x2a, 0xb9, 0x2a, 0xb8, 0x2a,
    0x99, 0x2a, 0x99, 0x2a, 0x99, 0x2a, 0x98, 0x2a, 0x99, 0x2a, 0x98, 0x2a,
    0xb9, 0x2a, 0x99, 0x2a, 0xb8, 0x2a, 0x99, 0x2a, 0x98, 0x2a, 0xb9, 0x2a,
    0x99, 0x2a, 0x99, 0x2a, 0x99, 0x2a, 0x99, 0x2a, 0xb8, 0x2a, 0x99, 0x2a,
    0x98, 0x2a, 0x98, 0x2a, 0x99, 0x2a, 0x98, 0x2a, 0x98, 0x2a, 0x98, 0x2a,
    0xb9, 0x2a, 0xba, 0x32, 0xda, 0x32, 0xfa, 0x32, 0x1b, 0x3b, 0x1b, 0x33,
    0x3b, 0x3b, 0x3c, 0x3b, 0xb9, 0x2a, 0xfa, 0x32, 0x5c, 0x3b, 0x5d, 0x3b,
    0x5c, 0x3b, 0x1b, 0x33, 0x1b, 0x33, 0xfa, 0x32, 0xfa, 0x32, 0xfa, 0x32,
    0xfa, 0x32, 0xda, 0x32, 0xfa, 0x32, 0xda, 0x32, 0xda, 0x32, 0xda, 0x32,
    0xda, 0x32, 0xda, 0x32, 0xda, 0x32, 0xda, 0x32, 0xda, 0x32, 0xda, 0x32,
    0xda, 0x32, 0xba, 0x32, 0xd9, 0x32, 0xd9, 0x2a, 0xb9, 0x2a, 0xb9, 0x2a,
    0x98, 0x2a, 0x77, 0x22, 0xd1, 0x19, 0x14, 0x22, 0x99, 0x2a, 0x98, 0x2a,
    0x98, 0x2a, 0xb9, 0x32, 0x98, 0x2a, 0xf2, 0x21, 0xd1, 0x21, 0xc7, 0x08,
    0x43, 0x08, 0xd1, 0x19, 0xfa, 0x32, 0x98, 0x2a, 0x36, 0x2a, 0xf2, 0x21,
    0x14, 0x22, 0xb9, 0x32, 0x99, 0x2a, 0xb9, 0x2a, 0xb0, 0x19, 0x4c, 0x19,
    0xb9, 0x32, 0x78, 0x2a, 0x98, 0x2a, 0xd9, 0x2a, 0xda, 0x2a, 0xb9, 0x32,
    0x3c, 0x3b, 0x8f, 0x19, 0xb1, 0x19, 0xb9, 0x2a, 0x78, 0x22, 0x77, 0x2a,
    0x57, 0x22, 0x37, 0x22, 0x98, 0x2a, 0xb8, 0x32, 0xb8, 0x2a, 0x98, 0x32,
    0x97, 0x2a, 0x97, 0x2a, 0x96, 0x32, 0x96, 0x2a, 0x76, 0x2a, 0x75, 0x32,
    0x75, 0x32, 0x74, 0x2a, 0x54, 0x2a, 0x53, 0x2a, 0x32, 0x2a, 0x12, 0x2a,
    0x2b, 0x19, 0x2b, 0x11, 0x4c, 0x19, 0x6d, 0x19, 0x6d, 0x19, 0x6d, 0x19,
    0x6e, 0x19, 0x8e, 0x19, 0x8e, 0x19, 0x8f, 0x19, 0xaf, 0x19, 0xb0, 0x19,
    0xb0, 0x19, 0xb0, 0x19, 0xb0, 0x19, 0xd1, 0x19, 0xd2, 0x19, 0xd1, 0x19,
    0xd2, 0x19, 0xf3, 0x21, 0xf3, 0x21, 0xf3, 0x21, 0x15, 0x22, 0x35, 0x22,
    0x36, 0x22, 0x56, 0x22, 0x56, 0x22, 0x56, 0x2a, 0x77, 0x2a, 0x77, 0x22,
    0x77, 0x22, 0x78, 0x2a, 0x77, 0x2a, 0x78, 0x22, 0x77, 0x2a, 0x78, 0x2a,
    0x78, 0x2a, 0x78, 0x2a, 0x78, 0x2a, 0x78, 0x2a, 0x78, 0x22, 0x77, 0x2a,
    0x78, 0x2a, 0x98, 0x2a, 0x78, 0x2a, 0x78, 0x2a, 0x78, 0x22, 0x98, 0x2a,
    0x78, 0x2a, 0x78, 0x22, 0x78, 0x2a, 0x98, 0x2a, 0x78, 0x2a, 0x78, 0x2a,
    0x78, 0x22, 0xb9, 0x2a, 0x1b, 0x3b, 0x3c, 0x3b, 0x1c, 0x3b, 0x1b, 0x33,
    0xfa, 0x32, 0xda, 0x32, 0xb9, 0x2a, 0x98, 0x2a, 0x98, 0x2a, 0x99, 0x2a,
    0x99, 0x2a, 0xb9, 0x2a, 0x98, 0x2a, 0x99, 0x2a, 0x99, 0x2a, 0x99, 0x2a,
    0x99, 0x2a, 0x98, 0x2a, 0x99, 0x2a, 0xb8, 0x2a, 0x99, 0x2a, 0x99, 0x2a,
    0xb8, 0x2a, 0x99, 0x2a, 0x99, 0x2a, 0x98, 0x2a, 0x99, 0x2a, 0xb9, 0x2a,
    0x98, 0x2a, 0x99, 0x2a, 0x98, 0x2a, 0x99, 0x2a, 0x98, 0x2a, 0x99, 0x2a,
    0x99, 0x2a, 0x98, 0x2a, 0xb9, 0x2a, 0x99, 0x2a, 0xb8, 0x2a, 0x99, 0x2a,
    0x98, 0x2a, 0x98, 0x2a, 0x98, 0x2a, 0xb9, 0x2a, 0xba, 0x32, 0xfa, 0x32,
    0xfa, 0x32, 0x1b, 0x3b, 0x3b, 0x3b, 0x1b, 0x33, 0x7d, 0x3b, 0x78, 0x2a,
    0x99, 0x2a, 0xbf, 0x43, 0x7d, 0x3b, 0x1b, 0x3b, 0x1b, 0x3b, 0x1b, 0x33,
    0x1b, 0x3b, 0x1b, 0x3b, 0xfb, 0x32, 0xfb, 0x3a, 0xfa, 0x32, 0xfa, 0x32,
    0xfb, 0x32, 0xfa, 0x32, 0xfa, 0x32, 0xfa, 0x32, 0xfa, 0x32, 0xda, 0x32,
    0xfa, 0x32, 0xda, 0x32, 0xda, 0x32, 0xda, 0x32, 0xda, 0x32, 0xd9, 0x32,
    0xd9, 0x32, 0xba, 0x32, 0xb9, 0x2a, 0x99, 0x2a, 0x35, 0x22, 0x35, 0x22,
    0x8e, 0x19, 0x78, 0x2a, 0xb9, 0x32, 0xd9, 0x2a, 0xb9, 0x2a, 0x4d, 0x19,
    0x6e, 0x19, 0xb0, 0x19, 0x85, 0x08, 0x63, 0x08, 0x6e, 0x19, 0x98, 0x2a,
    0x56, 0x22, 0x78, 0x2a, 0xd9, 0x32, 0x9e, 0x43, 0x9e, 0x43, 0x56, 0x22,
    0x99, 0x2a, 0x8f, 0x19, 0x4c, 0x19, 0xb9, 0x2a, 0x78, 0x2a, 0x98, 0x2a,
    0xd9, 0x32, 0xd9, 0x2a, 0xba, 0x32, 0x1c, 0x33, 0x8f, 0x19, 0xb1, 0x19,
    0xb9, 0x2a, 0x77, 0x22, 0x77, 0x2a, 0x57, 0x22, 0x57, 0x22, 0x98, 0x2a,
    0xb8, 0x32, 0xb8, 0x32, 0x98, 0x32, 0x97, 0x2a, 0x97, 0x32, 0x96, 0x32,
    0x96, 0x2a, 0x76, 0x2a, 0x75, 0x32, 0x75, 0x2a, 0x54, 0x2a, 0x54, 0x32,
    0x54, 0x2a, 0x33, 0x2a, 0x12, 0x2a, 0x4c, 0x19, 0x4c, 0x19, 0x8d, 0x19,
    0x8e, 0x19, 0x8e, 0x19, 0x8e, 0x19, 0xaf, 0x19, 0xaf, 0x19, 0xaf, 0x19,
    0xb0, 0x19, 0xb1, 0x21, 0xd1, 0x21, 0xd1, 0x21, 0xf2, 0x21, 0xd2, 0x21,
    0xf2, 0x21, 0xf3, 0x21, 0xf3, 0x21, 0xf3, 0x21, 0x13, 0x22, 0x14, 0x22,
    0x14, 0x22, 0x35, 0x22, 0x35, 0x22, 0x56, 0x22, 0x57, 0x2a, 0x57, 0x22,
    0x57, 0x2a, 0x77, 0x2a, 0x77, 0x2a, 0x78, 0x2a, 0x78, 0x22, 0x78, 0x2a,
    0x78, 0x22, 0x78, 0x22, 0x78, 0x2a, 0x78, 0x22, 0x78, 0x2a, 0x78, 0x2a,
    0x78, 0x22, 0x78, 0x2a, 0x78, 0x2a, 0x78, 0x2a, 0x78, 0x22, 0x78, 0x2a,
    0x78, 0x2a, 0x78, 0x2a, 0x98, 0x2a, 0x98, 0x2a, 0x98, 0x2a, 0x98, 0x2a,
    0x98, 0x2a, 0x98, 0x2a, 0x98, 0x2a, 0x78, 0x22, 0x99, 0x2a, 0xfa, 0x32,
    0x1b, 0x3b, 0x3c, 0x3b, 0x3b, 0x33, 0xfa, 0x32, 0xda, 0x32, 0xb9, 0x2a,
    0x98, 0x2a, 0x98, 0x2a, 0x99, 0x2a, 0x99, 0x2a, 0xb8, 0x2a, 0x99, 0x2a,
    0x99, 0x2a, 0xb9, 0x2a, 0x98, 0x2a, 0x98, 0x2a, 0x99, 0x2a, 0x99, 0x2a,
    0x98, 0x2a, 0xb8, 0x2a, 0x99, 0x2a, 0x98, 0x2a, 0xb9, 0x2a, 0x99, 0x2a,
    0x98, 0x2a, 0x99, 0x2a, 0x99, 0x2a, 0x98, 0x2a, 0x99, 0x2a, 0x98, 0x2a,
    0xb9, 0x2a, 0x98, 0x2a, 0x98, 0x2a, 0x99, 0x2a, 0x99, 0x2a, 0x98, 0x2a,
    0x99, 0x2a, 0x99, 0x2a, 0x98, 0x2a, 0x99, 0x2a, 0x98, 0x2a, 0x98, 0x2a,
    0xb9, 0x2a, 0xb9, 0x2a, 0xfa, 0x32, 0xfa, 0x32, 0x1b, 0x33, 0x1b, 0x3b,
    0x1b, 0x3b, 0x7d, 0x3b, 0xd9, 0x32, 0x4d, 0x11, 0x34, 0x22, 0x35, 0x22,
    0x14, 0x22, 0x55, 0x22, 0x56, 0x22, 0x56, 0x2a, 0x36, 0x22, 0x35, 0x22,
    0x56, 0x2a, 0x56, 0x2a, 0x35, 0x22, 0x36, 0x2a, 0x35, 0x22, 0x36, 0x22,
    0x36, 0x2a, 0x56, 0x22, 0x56, 0x22, 0x35, 0x22, 0x56, 0x2a, 0x56, 0x22,
    0x35, 0x22, 0x56, 0x22, 0x56, 0x22, 0x13, 0x22, 0x13, 0x22, 0x14, 0x22,
    0x6d, 0x19, 0x56, 0x2a, 0x7e, 0x43, 0x14, 0x22, 0x14, 0x22, 0xd9, 0x32,
    0xb9, 0x2a, 0x8f, 0x19, 0xa7, 0x08, 0x09, 0x11, 0x0a, 0x11, 0xa6, 0x08,
    0x0a, 0x11, 0x78, 0x2a, 0x3c, 0x3b, 0x7d, 0x3b, 0x9e, 0x43, 0xbf, 0x43,
    0xbe, 0x43, 0xba, 0x32, 0xf2, 0x21, 0xd9, 0x32, 0x8f, 0x19, 0x4c, 0x11,
    0xb9, 0x32, 0x98, 0x2a, 0x98, 0x2a, 0xb9, 0x2a, 0xda, 0x32, 0xb9, 0x32,
    0x1b, 0x33, 0x8e, 0x19, 0x91, 0x19, 0xb9, 0x2a, 0x57, 0x22, 0x57, 0x2a,
    0x57, 0x22, 0x56, 0x22, 0x98, 0x2a, 0xb8, 0x32, 0xb8, 0x2a, 0x98, 0x32,
    0x97, 0x32, 0x97, 0x2a, 0x97, 0x32, 0x96, 0x32, 0x76, 0x2a, 0x75, 0x2a,
    0x75, 0x32, 0x74, 0x2a, 0x54, 0x2a, 0x54, 0x32, 0x32, 0x2a, 0x12, 0x2a,
    0x4c, 0x19, 0x6c, 0x19, 0x8e, 0x19, 0x8e, 0x21, 0xaf, 0x19, 0xaf, 0x21,
    0xb0, 0x21, 0xb0, 0x21, 0xb0, 0x21, 0xd0, 0x21, 0xd1, 0x19, 0xf1, 0x21,
    0xf2, 0x21, 0xf2, 0x21, 0xf2, 0x21, 0x13, 0x22, 0x13, 0x22, 0x13, 0x22,
    0x13, 0x22, 0x15, 0x22, 0x35, 0x22, 0x35, 0x22, 0x36, 0x22, 0x56, 0x22,
    0x57, 0x2a, 0x77, 0x2a, 0x57, 0x22, 0x77, 0x22, 0x78, 0x2a, 0x78, 0x22,
    0x78, 0x2a, 0x78, 0x2a, 0x78, 0x2a, 0x78, 0x2a, 0x78, 0x2a, 0x78, 0x2a,
    0x77, 0x22, 0x78, 0x2a, 0x78, 0x2a, 0x77, 0x2a, 0x78, 0x2a, 0x78, 0x2a,
    0x78, 0x22, 0x98, 0x2a, 0x98, 0x2a, 0x98, 0x22, 0x98, 0x2a, 0x78, 0x2a,
    0x78, 0x2a, 0x98, 0x2a, 0x98, 0x2a, 0x99, 0x22, 0x98, 0x2a, 0x99, 0x2a,
    0x98, 0x2a, 0x98, 0x2a, 0xda, 0x32, 0x1b, 0x33, 0x3c, 0x3b, 0x3b, 0x3b,
    0xfb, 0x32, 0xda, 0x32, 0xb9, 0x2a, 0x99, 0x2a, 0x98, 0x2a, 0x99, 0x2a,
    0x98, 0x2a, 0x98, 0x2a, 0x99, 0x2a, 0x98, 0x2a, 0x98, 0x2a, 0xb9, 0x2a,
    0xb9, 0x2a, 0x99, 0x2a, 0x99, 0x2a, 0x99, 0x2a, 0x99, 0x2a, 0x99, 0x2a,
    0x98, 0x2a, 0x99, 0x2a, 0xb8, 0x2a, 0x99, 0x2a, 0xb9, 0x2a, 0x99, 0x2a,
    0x99, 0x2a, 0xb8, 0x2a, 0x99, 0x2a, 0x99, 0x2a, 0x99, 0x2a, 0xb8, 0x2a,
    0x99, 0x22, 0x99, 0x2a, 0xb9, 0x2a, 0x98, 0x2a, 0x99, 0x2a, 0x98, 0x2a,
    0x99, 0x2a, 0x98, 0x2a, 0x98, 0x2a, 0x99, 0x2a, 0xb9, 0x2a, 0xda, 0x32,
    0xfa, 0x32, 0x1b, 0x33, 0x3b, 0x3b, 0x3b, 0x33, 0x5c, 0x3b, 0x1b, 0x33,
    0x77, 0x2a, 0x35, 0x22, 0x35, 0x22, 0x77, 0x2a, 0x57, 0x2a, 0x78, 0x2a,
    0x78, 0x2a, 0x77, 0x2a, 0x78, 0x2a, 0x98, 0x2a, 0x78, 0x2a, 0x78, 0x2a,
    0x78, 0x2a, 0x78, 0x2a, 0x77, 0x2a, 0x77, 0x2a, 0x78, 0x2a, 0x78, 0x2a,
    0x77, 0x2a, 0x78, 0x2a, 0x78, 0x2a, 0x56, 0x2a, 0x78, 0x2a, 0x98, 0x2a,
    0x36, 0x22, 0x35, 0x22, 0x78, 0x2a, 0xd0, 0x19, 0xda, 0x32, 0xbf, 0x43,
    0xda, 0x32, 0x35, 0x22, 0x98, 0x2a, 0x6e, 0x19, 0x42, 0x08, 0x2a, 0x11,
    0xb0, 0x19, 0x78, 0x2a, 0x7d, 0x3b, 0xbf, 0x43, 0xdf, 0x43, 0x9e, 0x43,
    0x9e, 0x43, 0x7d, 0x3b, 0x5d, 0x3b, 0x3c, 0x3b, 0x99, 0x2a, 0x14, 0x22,
    0xd9, 0x32, 0x8f, 0x19, 0x4c, 0x11, 0xb9, 0x32, 0x77, 0x2a, 0x98, 0x2a,
    0xda, 0x32, 0xba, 0x2a, 0xd9, 0x32, 0x1b, 0x33, 0x8f, 0x19, 0xb0, 0x19,
    0xb9, 0x2a, 0x78, 0x2a, 0x57, 0x2a, 0x36, 0x22, 0x57, 0x2a, 0xb8, 0x32,
    0xb8, 0x32, 0xb8, 0x2a, 0x97, 0x2a, 0x97, 0x32, 0x97, 0x2a, 0x96, 0x2a,
    0x96, 0x2a, 0x76, 0x32, 0x75, 0x2a, 0x75, 0x2a, 0x54, 0x2a, 0x54, 0x2a,
    0x53, 0x2a, 0x12, 0x2a, 0x32, 0x2a, 0x6c, 0x19, 0x6d, 0x19, 0x8f, 0x21,
    0xaf, 0x19, 0xaf, 0x21, 0xb0, 0x21, 0xd0, 0x19, 0xd1, 0x21, 0xd1, 0x21,
    0xd1, 0x21, 0xf2, 0x21, 0xf2, 0x21, 0xf2, 0x21, 0x13, 0x1a, 0x13, 0x22,
    0x14, 0x22, 0x14, 0x22, 0x14, 0x22, 0x14, 0x22, 0x36, 0x22, 0x36, 0x22,
    0x56, 0x22, 0x57, 0x2a, 0x77, 0x2a, 0x76, 0x22, 0x77, 0x2a, 0x78, 0x2a,
    0x77, 0x2a, 0x78, 0x22, 0x78, 0x2a, 0x78, 0x2a, 0x78, 0x22, 0x78, 0x2a,
    0x77, 0x2a, 0x78, 0x2a, 0x78, 0x2a, 0x78, 0x22, 0x78, 0x2a, 0x78, 0x2a,
    0x78, 0x22, 0x98, 0x2a, 0x78, 0x2a, 0x98, 0x2a, 0x98, 0x2a, 0x78, 0x2a,
    0x98, 0x2a, 0x78, 0x2a, 0x98, 0x2a, 0x98, 0x22, 0x98, 0x2a, 0x98, 0x2a,
    0x98, 0x2a, 0x99, 0x2a, 0x99, 0x2a, 0x98, 0x2a, 0x78, 0x2a, 0xd9, 0x2a,
    0x1b, 0x33, 0x1b, 0x3b, 0x3b, 0x3b, 0x1b, 0x33, 0xfa, 0x32, 0xba, 0x32,
    0x99, 0x2a, 0x98, 0x2a, 0x99, 0x2a, 0x99, 0x2a, 0xb9, 0x2a, 0x98, 0x2a,
    0x99, 0x2a, 0x99, 0x2a, 0x99, 0x2a, 0x98, 0x2a, 0xb9, 0x2a, 0x98, 0x2a,
    0xb8, 0x2a, 0x99, 0x2a, 0xb9, 0x2a, 0x98, 0x2a, 0x99, 0x2a, 0x99, 0x2a,
    0x98, 0x2a, 0xb8, 0x2a, 0x99, 0x2a, 0x99, 0x2a, 0x98, 0x2a, 0xb9, 0x2a,
    0x99, 0x2a, 0x98, 0x2a, 0x99, 0x2a, 0x99, 0x2a, 0x98, 0x2a, 0xb9, 0x2a,
    0x99, 0x2a, 0xb8, 0x2a, 0x99, 0x2a, 0x99, 0x2a, 0x98, 0x2a, 0x78, 0x2a,
    0x99, 0x2a, 0xb9, 0x2a, 0xda, 0x32, 0xfa, 0x32, 0xfb, 0x32, 0x1b, 0x3b,
    0x1c, 0x3b, 0x3c, 0x3b, 0xfa, 0x32, 0xda, 0x32, 0xbf, 0x43, 0xbf, 0x4b,
    0xbf, 0x43, 0xbf, 0x43, 0xbf, 0x43, 0xbf, 0x43, 0xbf, 0x43, 0xbf, 0x43,
    0xdf, 0x43, 0xdf, 0x43, 0xbf, 0x43, 0xbf, 0x43, 0xdf, 0x43, 0xbf, 0x43,
    0xbf, 0x43, 0xbf, 0x43, 0xbf, 0x4b, 0xbf, 0x43, 0xbf, 0x43, 0xbf, 0x43,
    0xbf, 0x43, 0xbf, 0x43, 0xbf, 0x43, 0xbf, 0x43, 0x9e, 0x43, 0x9e, 0x43,
    0x9e, 0x43, 0x5d, 0x3b, 0x1b, 0x33, 0x5d, 0x3b, 0xda, 0x32, 0xb0, 0x19,
    0x8e, 0x19, 0x36, 0x22, 0x9e, 0x43, 0xdf, 0x43, 0xdf, 0x43, 0xbe, 0x43,
    0x7d, 0x43, 0x5d, 0x3b, 0x5d, 0x3b, 0x5d, 0x3b, 0x7d, 0x3b, 0x1b, 0x3b,
    0x1b, 0x33, 0x98, 0x2a, 0x14, 0x22, 0xda, 0x32, 0x8f, 0x19, 0x4c, 0x11,
    0xb9, 0x32, 0x56, 0x2a, 0x98, 0x2a, 0xb9, 0x2a, 0xda, 0x32, 0xd9, 0x2a,
    0x1b, 0x33, 0x8f, 0x19, 0x91, 0x19, 0xb9, 0x2a, 0x78, 0x2a, 0x77, 0x22,
    0x37, 0x22, 0x77, 0x2a, 0xb8, 0x32, 0xb8, 0x2a, 0x98, 0x32, 0x97, 0x2a,
    0x97, 0x32, 0x97, 0x32, 0x97, 0x2a, 0x76, 0x2a, 0x76, 0x32, 0x75, 0x32,
    0x75, 0x2a, 0x54, 0x2a, 0x54, 0x32, 0x54, 0x2a, 0x33, 0x2a, 0x12, 0x2a,
    0x8d, 0x19, 0x6d, 0x19, 0xaf, 0x21, 0xaf, 0x21, 0xb0, 0x19, 0xd0, 0x21,
    0xd0, 0x21, 0xd1, 0x21, 0xd1, 0x19, 0xf2, 0x21, 0xf2, 0x21, 0x13, 0x22,
    0x13, 0x22, 0x13, 0x22, 0x14, 0x22, 0x35, 0x22, 0x35, 0x22, 0x35, 0x22,
    0x36, 0x22, 0x56, 0x2a, 0x56, 0x22, 0x57, 0x2a, 0x77, 0x2a, 0x77, 0x2a,
    0x77, 0x22, 0x78, 0x2a, 0x78, 0x2a, 0x78, 0x22, 0x78, 0x2a, 0x78, 0x2a,
    0x78, 0x2a, 0x78, 0x22, 0x78, 0x2a, 0x78, 0x22, 0x78, 0x2a, 0x98, 0x2a,
    0x78, 0x2a, 0x78, 0x2a, 0x78, 0x22, 0x78, 0x2a, 0x78, 0x2a, 0x78, 0x22,
    0x98, 0x2a, 0x78, 0x2a, 0x98, 0x2a, 0x78, 0x2a, 0x78, 0x22, 0x98, 0x2a,
    0x98, 0x2a, 0x99, 0x2a, 0x99, 0x2a, 0x78, 0x2a, 0x98, 0x2a, 0x98, 0x2a,
    0x78, 0x2a, 0x78, 0x2a, 0x99, 0x2a, 0xfb, 0x32, 0x1b, 0x3b, 0x1b, 0x3b,
    0x1b, 0x33, 0xfb, 0x32, 0xda, 0x32, 0xb9, 0x2a, 0x98, 0x2a, 0x98, 0x2a,
    0x99, 0x2a, 0xb9, 0x2a, 0x99, 0x2a, 0xb8, 0x2a, 0x99, 0x2a, 0x98, 0x2a,
    0x98, 0x2a, 0x99, 0x2a, 0x99, 0x2a, 0x98, 0x2a, 0xb9, 0x2a, 0x98, 0x2a,
    0x98, 0x2a, 0xb9, 0x2a, 0x98, 0x2a, 0x99, 0x2a, 0x98, 0x2a, 0xb9, 0x2a,
    0x98, 0x2a, 0x99, 0x2a, 0x99, 0x2a, 0xb8, 0x2a, 0x99, 0x2a, 0x99, 0x2a,
    0xb8, 0x2a, 0x98, 0x2a, 0x99, 0x2a, 0x99, 0x2a, 0x98, 0x2a, 0xb9, 0x2a,
    0x99, 0x2a, 0x98, 0x2a, 0x98, 0x2a, 0x99, 0x2a, 0xb9, 0x2a, 0xda, 0x32,
    0xda, 0x32, 0xfb, 0x32, 0x1b, 0x33, 0x1b, 0x3b, 0x3c, 0x3b, 0xfa, 0x32,
    0xb9, 0x2a, 0x1b, 0x3b, 0x5c, 0x3b, 0x5c, 0x3b, 0x5d, 0x3b, 0x5c, 0x3b,
    0x5c, 0x3b, 0x5d, 0x3b, 0x5c, 0x3b, 0x5c, 0x3b, 0x5c, 0x3b, 0x5d, 0x3b,
    0x5c, 0x3b, 0x5c, 0x3b, 0x5d, 0x3b, 0x5d, 0x3b, 0x5c, 0x3b, 0x5d, 0x3b,
    0x5c, 0x3b, 0x5d, 0x3b, 0x5c, 0x3b, 0x5d, 0x3b, 0x5c, 0x3b, 0x5c, 0x3b,
    0x5c, 0x3b, 0x3c, 0x3b, 0x1b, 0x33, 0x1b, 0x33, 0x1c, 0x3b, 0x1b, 0x33,
    0x7d, 0x3b, 0xba, 0x32, 0x57, 0x22, 0x9e, 0x43, 0xbf, 0x43, 0x7d, 0x43,
    0x3c, 0x3b, 0x3c, 0x3b, 0x5d, 0x3b, 0x5d, 0x3b, 0x5d, 0x3b, 0x5d, 0x3b,
    0x7d, 0x3b, 0x5c, 0x3b, 0x1b, 0x3b, 0x1b, 0x33, 0x56, 0x22, 0x14, 0x22,
    0xda, 0x32, 0x8f, 0x19, 0x4c, 0x19, 0x98, 0x2a, 0xf3, 0x21, 0x99, 0x2a,
    0xb9, 0x32, 0xda, 0x32, 0xb9, 0x2a, 0xfb, 0x32, 0x90, 0x19, 0xb1, 0x19,
    0xb9, 0x2a, 0x57, 0x22, 0x77, 0x22, 0x57, 0x22, 0x77, 0x2a, 0xb8, 0x2a,
    0xb8, 0x32, 0x98, 0x32, 0x97, 0x2a, 0xb7, 0x2a, 0x97, 0x32, 0x96, 0x32,
    0x96, 0x2a, 0x76, 0x2a, 0x75, 0x2a, 0x75, 0x2a, 0x54, 0x32, 0x54, 0x2a,
    0x53, 0x32, 0x32, 0x2a, 0x12, 0x2a, 0x6d, 0x19, 0x8d, 0x19, 0xaf, 0x21,
    0xaf, 0x19, 0xb0, 0x21, 0xd0, 0x19, 0xd0, 0x21, 0xd1, 0x21, 0xf1, 0x21,
    0xf2, 0x21, 0xf2, 0x21, 0x13, 0x22, 0x13, 0x22, 0x13, 0x22, 0x14, 0x22,
    0x35, 0x22, 0x35, 0x2a, 0x35, 0x22, 0x55, 0x22, 0x56, 0x2a, 0x57, 0x2a,
    0x77, 0x22, 0x57, 0x2a, 0x77, 0x22, 0x78, 0x2a, 0x78, 0x2a, 0x78, 0x22,
    0x78, 0x2a, 0x78, 0x2a, 0x78, 0x2a, 0x78, 0x2a, 0x98, 0x2a, 0x78, 0x2a,
    0x98, 0x2a, 0x78, 0x2a, 0x78, 0x22, 0x77, 0x22, 0x98, 0x2a, 0x78, 0x2a,
    0x98, 0x2a, 0x78, 0x2a, 0x98, 0x2a, 0x78, 0x2a, 0x98, 0x2a, 0x78, 0x2a,
    0x98, 0x2a, 0x98, 0x2a, 0x98, 0x2a, 0x99, 0x2a, 0x98, 0x2a, 0x99, 0x2a,
    0x78, 0x2a, 0x99, 0x2a, 0x98, 0x2a, 0x99, 0x2a, 0x98, 0x2a, 0x99, 0x2a,
    0xda, 0x32, 0x1b, 0x33, 0x3b, 0x3b, 0x3b, 0x3b, 0xfb, 0x32, 0xda, 0x32,
    0xb9, 0x2a, 0xb9, 0x2a, 0x99, 0x2a, 0x98, 0x2a, 0x99, 0x2a, 0x99, 0x2a,
    0x99, 0x2a, 0xb8, 0x2a, 0x99, 0x2a, 0xb9, 0x2a, 0x99, 0x2a, 0x99, 0x2a,
    0x99, 0x2a, 0x99, 0x2a, 0x99, 0x2a, 0x99, 0x2a, 0xb9, 0x2a, 0x99, 0x2a,
    0x99, 0x2a, 0x99, 0x2a, 0x98, 0x2a, 0xb9, 0x2a, 0x99, 0x2a, 0x98, 0x2a,
    0x99, 0x2a, 0xb9, 0x2a, 0x98, 0x2a, 0x99, 0x2a, 0xb9, 0x2a, 0x98, 0x2a,
    0x99, 0x2a, 0x99, 0x2a, 0x98, 0x2a, 0x98, 0x2a, 0x98, 0x2a, 0x98, 0x2a,
    0x98, 0x2a, 0xb9, 0x2a, 0xb9, 0x32, 0xfa, 0x32, 0xfa, 0x32, 0x1b, 0x3b,
    0x1b, 0x33, 0x3c, 0x3b, 0xd9, 0x32, 0xd9, 0x32, 0x3c, 0x3b, 0x3c, 0x3b,
    0x5c, 0x3b, 0x5d, 0x3b, 0x5c, 0x3b, 0x5d, 0x3b, 0x5d, 0x3b, 0x5d, 0x3b,
    0x5d, 0x3b, 0x5d, 0x3b, 0x5d, 0x3b, 0x5d, 0x3b, 0x5d, 0x43, 0x7d, 0x43,
    0x5d, 0x3b, 0x5d, 0x3b, 0x7d, 0x3b, 0x5d, 0x43, 0x5d, 0x3b, 0x7d, 0x3b,
    0x5d, 0x43, 0x5d, 0x3b, 0x5d, 0x3b, 0x5c, 0x3b, 0x3c, 0x3b, 0x1c, 0x3b,
    0x3c, 0x3b, 0x3b, 0x3b, 0x3c, 0x3b, 0x1c, 0x3b, 0xfa, 0x32, 0x9e, 0x43,
    0x7d, 0x3b, 0x3c, 0x3b, 0x5d, 0x3b, 0x5d, 0x3b, 0x5c, 0x3b, 0x5d, 0x3b,
    0x5d, 0x3b, 0x5d, 0x3b, 0x5c, 0x3b, 0x3c, 0x3b, 0x3c, 0x3b, 0x1c, 0x3b,
    0x1b, 0x3b, 0x77, 0x2a, 0x77, 0x2a, 0xda, 0x2a, 0x8e, 0x19, 0x6d, 0x19,
    0x55, 0x22, 0xf2, 0x21, 0xd9, 0x32, 0xb9, 0x2a, 0xda, 0x2a, 0xb9, 0x32,
    0xfa, 0x32, 0xb0, 0x19, 0xb1, 0x19, 0xb9, 0x2a, 0x57, 0x2a, 0x57, 0x22,
    0x57, 0x22, 0x98, 0x2a, 0xb8, 0x32, 0xb8, 0x32, 0x98, 0x2a, 0x97, 0x32,
    0x97, 0x2a, 0x97, 0x2a, 0x96, 0x32, 0x96, 0x2a, 0x75, 0x32, 0x75, 0x2a,
    0x75, 0x2a, 0x54, 0x2a, 0x54, 0x2a, 0x54, 0x2a, 0x12, 0x2a, 0x32, 0x2a,
    0x6d, 0x19, 0x8d, 0x19, 0xaf, 0x21, 0xaf, 0x21, 0xcf, 0x19, 0xd0, 0x21,
    0xd0, 0x21, 0xf1, 0x21, 0xd1, 0x19, 0xf2, 0x21, 0xf2, 0x21, 0xf3, 0x21,
    0x13, 0x22, 0x14, 0x22, 0x14, 0x22, 0x34, 0x22, 0x35, 0x2a, 0x35, 0x22,
    0x36, 0x22, 0x56, 0x2a, 0x57, 0x22, 0x76, 0x22, 0x77, 0x2a, 0x78, 0x2a,
    0x77, 0x22, 0x78, 0x2a, 0x78, 0x2a, 0x77, 0x2a, 0x98, 0x2a, 0x98, 0x22,
    0x78, 0x2a, 0x78, 0x2a, 0x98, 0x2a, 0x98, 0x2a, 0xb9, 0x2a, 0x98, 0x2a,
    0x78, 0x2a, 0x78, 0x2a, 0x98, 0x2a, 0x78, 0x2a, 0x98, 0x2a, 0x78, 0x2a,
    0x98, 0x2a, 0x78, 0x22, 0x98, 0x2a, 0x98, 0x22, 0x78, 0x2a, 0x99, 0x2a,
    0x98, 0x2a, 0x78, 0x2a, 0x99, 0x2a, 0x98, 0x2a, 0x98, 0x2a, 0x99, 0x2a,
    0x99, 0x2a, 0x98, 0x2a, 0x98, 0x2a, 0xb9, 0x2a, 0xfb, 0x32, 0x3b, 0x33,
    0x3b, 0x3b, 0x1b, 0x33, 0xfa, 0x32, 0xda, 0x32, 0x99, 0x2a, 0x98, 0x2a,
    0x99, 0x2a, 0xb8, 0x2a, 0x98, 0x2a, 0x99, 0x2a, 0x99, 0x2a, 0x98, 0x2a,
    0x98, 0x2a, 0xb8, 0x2a, 0x99, 0x2a, 0xb8, 0x2a, 0x98, 0x2a, 0x99, 0x2a,
    0xb8, 0x2a, 0x99, 0x2a, 0x99, 0x2a, 0xb8, 0x2a, 0x99, 0x2a, 0x99, 0x2a,
    0x99, 0x2a, 0xb8, 0x2a, 0x99, 0x2a, 0x99, 0x2a, 0x98, 0x2a, 0x99, 0x2a,
    0x99, 0x2a, 0x99, 0x2a, 0xb8, 0x2a, 0x99, 0x2a, 0xb9, 0x2a, 0x99, 0x2a,
    0x99, 0x2a, 0x98, 0x2a, 0x98, 0x2a, 0x98, 0x2a, 0x99, 0x2a, 0xb9, 0x2a,
    0xda, 0x32, 0xfa, 0x32, 0x1b, 0x3b, 0x1b, 0x33, 0x3b, 0x3b, 0xb9, 0x2a,
    0xb9, 0x32, 0x3c, 0x3b, 0x5c, 0x3b, 0x5c, 0x3b, 0x5d, 0x3b, 0x5c, 0x3b,
    0x5d, 0x3b, 0x5d, 0x3b, 0x5c, 0x3b, 0x5d, 0x43, 0x5d, 0x43, 0x5d, 0x3b,
    0x5c, 0x3b, 0x7d, 0x3b, 0x5d, 0x3b, 0x5d, 0x3b, 0x5d, 0x3b, 0x5d, 0x3b,
    0x5d, 0x3b, 0x5d, 0x3b, 0x5d, 0x3b, 0x7d, 0x3b, 0x5d, 0x3b, 0x5d, 0x3b,
    0x5c, 0x3b, 0x3c, 0x3b, 0x3c, 0x3b, 0x3c, 0x3b, 0x3c, 0x3b, 0x3c, 0x3b,
    0x3c, 0x3b, 0x5c, 0x3b, 0x5c, 0x3b, 0x3c, 0x3b, 0x3c, 0x3b, 0x5d, 0x3b,
    0x5c, 0x3b, 0x5d, 0x3b, 0x5d, 0x3b, 0x5c, 0x3b, 0x5d, 0x3b, 0x5d, 0x3b,
    0x5c, 0x3b, 0x3c, 0x3b, 0x5c, 0x3b, 0x98, 0x2a, 0x78, 0x2a, 0x5c, 0x3b,
    0x5d, 0x3b, 0xb1, 0x19, 0x4b, 0x11, 0xd1, 0x19, 0x13, 0x22, 0xda, 0x32,
    0xd9, 0x2a, 0xb9, 0x32, 0xb9, 0x2a, 0xfa, 0x32, 0xb0, 0x19, 0xb1, 0x19,
    0x99, 0x2a, 0x77, 0x2a, 0x57, 0x22, 0x57, 0x22, 0x98, 0x2a, 0xb8, 0x32,
    0x98, 0x2a, 0xb8, 0x2a, 0x97, 0x32, 0x97, 0x32, 0x97, 0x2a, 0x96, 0x32,
    0x76, 0x2a, 0x76, 0x32, 0x75, 0x32, 0x75, 0x2a, 0x54, 0x2a, 0x54, 0x32,
    0x53, 0x2a, 0x13, 0x2a, 0x12, 0x2a, 0x6d, 0x19, 0x8d, 0x19, 0xaf, 0x21,
    0xaf, 0x21, 0xb0, 0x21, 0xd0, 0x21, 0xd1, 0x21, 0xf1, 0x21, 0xd1, 0x19,
    0xf2, 0x21, 0xf3, 0x21, 0xf2, 0x21, 0x13, 0x22, 0x34, 0x22, 0x14, 0x22,
    0x35, 0x2a, 0x35, 0x22, 0x35, 0x22, 0x35, 0x2a, 0x57, 0x2a, 0x76, 0x22,
    0x57, 0x2a, 0x77, 0x2a, 0x78, 0x22, 0x77, 0x2a, 0x78, 0x2a, 0x78, 0x22,
    0x78, 0x2a, 0x98, 0x2a, 0x78, 0x2a, 0x98, 0x2a, 0x78, 0x22, 0x78, 0x2a,
    0xb9, 0x2a, 0xd9, 0x32, 0xb9, 0x2a, 0x98, 0x2a, 0x78, 0x2a, 0x78, 0x22,
    0x98, 0x2a, 0x78, 0x2a, 0x98, 0x2a, 0x98, 0x2a, 0x98, 0x2a, 0x99, 0x2a,
    0x78, 0x2a, 0x78, 0x2a, 0x99, 0x2a, 0x98, 0x2a, 0x99, 0x2a, 0x98, 0x2a,
    0x99, 0x2a, 0xb9, 0x2a, 0x98, 0x2a, 0x98, 0x2a, 0x99, 0x2a, 0x98, 0x2a,
    0xb9, 0x2a, 0xfa, 0x32, 0x1b, 0x3b, 0x1b, 0x33, 0x1b, 0x3b, 0xfa, 0x32,
    0xda, 0x32, 0xb9, 0x2a, 0x98, 0x2a, 0x99, 0x2a, 0xb9, 0x2a, 0x98, 0x2a,
    0x99, 0x2a, 0xb9, 0x2a, 0x99, 0x2a, 0x99, 0x2a, 0x99, 0x2a, 0x99, 0x2a,
    0xb9, 0x2a, 0x99, 0x2a, 0x99, 0x2a, 0xb8, 0x2a, 0x99, 0x2a, 0x98, 0x2a,
    0xb9, 0x2a, 0x98, 0x2a, 0x99, 0x2a, 0xb9, 0x2a, 0x99, 0x2a, 0x99, 0x2a,
    0xb8, 0x2a, 0x98, 0x2a, 0xb9, 0x2a, 0x99, 0x2a, 0x98, 0x2a, 0x99, 0x2a,
    0x98, 0x2a, 0xb8, 0x2a, 0x99, 0x2a, 0x99, 0x2a, 0x98, 0x2a, 0x98, 0x2a,
    0x99, 0x2a, 0x99, 0x2a, 0xb9, 0x2a, 0xda, 0x32, 0xfa, 0x32, 0xfb, 0x32,
    0x1b, 0x3b, 0x3b, 0x3b, 0xb9, 0x2a, 0xb9, 0x2a, 0x3c, 0x3b, 0x3c, 0x3b,
    0x5c, 0x3b, 0x3d, 0x3b, 0x5c, 0x3b, 0x5c, 0x3b, 0x3c, 0x3b, 0x5d, 0x3b,
    0x5c, 0x3b, 0x5d, 0x3b, 0x5d, 0x3b, 0x5d, 0x3b, 0x5c, 0x3b, 0x5d, 0x3b,
    0x5c, 0x3b, 0x5c, 0x3b, 0x5d, 0x3b, 0x5c, 0x3b, 0x5c, 0x3b, 0x5d, 0x3b,
    0x5c, 0x3b, 0x5d, 0x3b, 0x5d, 0x3b, 0x5c, 0x3b, 0x3c, 0x3b, 0x5d, 0x3b,
    0x7d, 0x3b, 0x3c, 0x3b, 0x3c, 0x3b, 0x3c, 0x3b, 0x1c, 0x33, 0x3c, 0x3b,
    0x3c, 0x3b, 0x3c, 0x3b, 0x3c, 0x3b, 0x3c, 0x3b, 0x5c, 0x3b, 0x5d, 0x3b,
    0x5c, 0x3b, 0x5d, 0x3b, 0x5c, 0x3b, 0x3c, 0x3b, 0x3c, 0x3b, 0x3c, 0x3b,
    0x98, 0x2a, 0xb9, 0x2a, 0x7e, 0x43, 0xbf, 0x43, 0x56, 0x2a, 0xe9, 0x10,
    0x6d, 0x19, 0x55, 0x22, 0xda, 0x32, 0xb9, 0x2a, 0xd9, 0x32, 0x99, 0x2a,
    0xda, 0x32, 0xb1, 0x19, 0xb1, 0x19, 0x99, 0x2a, 0x77, 0x22, 0x57, 0x22,
    0x57, 0x2a, 0x98, 0x2a, 0xb8, 0x32, 0xb8, 0x32, 0xb8, 0x32, 0x97, 0x2a,
    0x97, 0x32, 0x97, 0x32, 0x96, 0x2a, 0x96, 0x2a, 0x76, 0x2a, 0x75, 0x2a,
    0x75, 0x2a, 0x54, 0x32, 0x54, 0x2a, 0x53, 0x2a, 0x32, 0x2a, 0x32, 0x2a,
    0x6d, 0x19, 0x8d, 0x19, 0xaf, 0x21, 0xaf, 0x19, 0xb0, 0x19, 0xd0, 0x21,
    0xd0, 0x21, 0xd1, 0x21, 0xd1, 0x21, 0xf1, 0x21, 0xf3, 0x21, 0x13, 0x22,
    0x13, 0x22, 0x14, 0x22, 0x34, 0x22, 0x34, 0x22, 0x35, 0x2a, 0x36, 0x22,
    0x55, 0x22, 0x57, 0x2a, 0x77, 0x22, 0x77, 0x2a, 0x77, 0x2a, 0x78, 0x22,
    0x78, 0x2a, 0x78, 0x2a, 0x78, 0x2a, 0x78, 0x22, 0x78, 0x2a, 0x98, 0x2a,
    0x98, 0x2a, 0x78, 0x2a, 0x98, 0x2a, 0xb9, 0x2a, 0xda, 0x32, 0xda, 0x32,
    0xd9, 0x32, 0x99, 0x2a, 0x78, 0x2a, 0x78, 0x22, 0x98, 0x2a, 0x98, 0x2a,
    0x98, 0x2a, 0x98, 0x2a, 0x99, 0x2a, 0x98, 0x2a, 0x98, 0x2a, 0x99, 0x2a,
    0x99, 0x2a, 0x78, 0x2a, 0x99, 0x2a, 0xba, 0x2a, 0xda, 0x32, 0xb9, 0x2a,
    0x98, 0x2a, 0x99, 0x2a, 0x98, 0x2a, 0x99, 0x2a, 0xda, 0x32, 0xfb, 0x32,
    0x1b, 0x3b, 0x1b, 0x33, 0xfb, 0x32, 0xda, 0x32, 0xb9, 0x2a, 0x99, 0x2a,
    0x98, 0x2a, 0x99, 0x2a, 0x99, 0x2a, 0xb8, 0x2a, 0x99, 0x2a, 0x98, 0x2a,
    0xb9, 0x2a, 0x98, 0x2a, 0x99, 0x2a, 0x99, 0x2a, 0x98, 0x2a, 0x99, 0x2a,
    0x99, 0x2a, 0x99, 0x2a, 0x99, 0x2a, 0x99, 0x2a, 0x98, 0x2a, 0xb9, 0x2a,
    0x99, 0x2a, 0x98, 0x2a, 0x99, 0x2a, 0x99, 0x2a, 0xb9, 0x2a, 0x99, 0x2a,
    0x99, 0x2a, 0xb8, 0x2a, 0x99, 0x2a, 0x99, 0x2a, 0x99, 0x2a, 0xb8, 0x2a,
    0x98, 0x2a, 0x99, 0x2a, 0x98, 0x2a, 0x98, 0x2a, 0x98, 0x2a, 0xb9, 0x2a,
    0xda, 0x32, 0xda, 0x32, 0xfa, 0x32, 0xfb, 0x3a, 0x1b, 0x3b, 0xb9, 0x2a,
    0xb9, 0x2a, 0x3c, 0x3b, 0x3c, 0x3b, 0x3c, 0x3b, 0x5c, 0x3b, 0x5d, 0x3b,
    0x3d, 0x3b, 0x5c, 0x3b, 0x5d, 0x3b, 0x5d, 0x3b, 0x5c, 0x3b, 0x5d, 0x3b,
    0x5c, 0x3b, 0x5d, 0x3b, 0x5d, 0x43, 0x5d, 0x3b, 0x5d, 0x3b, 0x5d, 0x43,
    0x5d, 0x3b, 0x5d, 0x3b, 0x5d, 0x43, 0x5c, 0x3b, 0x5d, 0x3b, 0x5c, 0x43,
    0x5c, 0x3b, 0x3c, 0x3b, 0x5c, 0x3b, 0x5d, 0x3b, 0x5c, 0x3b, 0x3c, 0x3b,
    0x3c, 0x3b, 0x1c, 0x33, 0x1c, 0x33, 0x3c, 0x3b, 0x1c, 0x3b, 0x1c, 0x33,
    0x3c, 0x3b, 0x3c, 0x3b, 0x5c, 0x3b, 0x5c, 0x3b, 0x3c, 0x3b, 0x5d, 0x3b,
    0x3c, 0x3b, 0x1b, 0x3b, 0xda, 0x32, 0x56, 0x22, 0xfa, 0x32, 0x5d, 0x3b,
    0xbf, 0x43, 0x78, 0x2a, 0xa6, 0x08, 0x2b, 0x11, 0x78, 0x2a, 0xda, 0x32,
    0xd9, 0x2a, 0xda, 0x32, 0x99, 0x2a, 0xda, 0x32, 0xd1, 0x19, 0xb1, 0x19,
    0x99, 0x2a, 0x57, 0x2a, 0x57, 0x22, 0x77, 0x2a, 0xb8, 0x2a, 0xb8, 0x32,
    0xb8, 0x32, 0xb8, 0x2a, 0xb7, 0x2a, 0x97, 0x2a, 0x97, 0x2a, 0x96, 0x2a,
    0x76, 0x32, 0x76, 0x2a, 0x75, 0x32, 0x75, 0x2a, 0x54, 0x2a, 0x54, 0x2a,
    0x54, 0x2a, 0x32, 0x2a, 0x12, 0x2a, 0x6d, 0x19, 0x6e, 0x19, 0xaf, 0x21,
    0xaf, 0x21, 0xd0, 0x19, 0xd0, 0x21, 0xd1, 0x19, 0xd1, 0x21, 0xf1, 0x21,
    0xf2, 0x21, 0xf2, 0x21, 0x13, 0x22, 0x13, 0x22, 0x14, 0x22, 0x34, 0x22,
    0x35, 0x22, 0x35, 0x2a, 0x36, 0x22, 0x56, 0x22, 0x57, 0x2a, 0x57, 0x22,
    0x57, 0x2a, 0x77, 0x2a, 0x78, 0x22, 0x78, 0x22, 0x77, 0x2a, 0x78, 0x2a,
    0x78, 0x2a, 0x98, 0x2a, 0x78, 0x2a, 0x78, 0x2a, 0x78, 0x22, 0x98, 0x2a,
    0xb9, 0x32, 0xfb, 0x32, 0xfb, 0x32, 0xfa, 0x32, 0xda, 0x32, 0xb9, 0x2a,
    0x78, 0x2a, 0x78, 0x2a, 0x98, 0x2a, 0x98, 0x22, 0x78, 0x2a, 0x99, 0x2a,
    0x98, 0x2a, 0x98, 0x2a, 0x99, 0x2a, 0x78, 0x2a, 0x99, 0x2a, 0xd9, 0x2a,
    0xfa, 0x32, 0xfa, 0x32, 0xda, 0x32, 0x99, 0x2a, 0x98, 0x2a, 0x99, 0x2a,
    0x98, 0x2a, 0xba, 0x32, 0xfa, 0x32, 0x1b, 0x33, 0x1b, 0x3b, 0x1b, 0x33,
    0xda, 0x32, 0xd9, 0x32, 0x99, 0x2a, 0x98, 0x2a, 0xb9, 0x2a, 0x99, 0x2a,
    0x98, 0x2a, 0x99, 0x2a, 0x99, 0x2a, 0xb9, 0x2a, 0x98, 0x2a, 0x99, 0x2a,
    0xb9, 0x2a, 0xb8, 0x2a, 0x98, 0x2a, 0x99, 0x2a, 0xb8, 0x2a, 0x99, 0x2a,
    0x99, 0x2a, 0xb8, 0x2a, 0x99, 0x2a, 0x99, 0x2a, 0x98, 0x2a, 0xb9, 0x2a,
    0x99, 0x2a, 0x98, 0x2a, 0x99, 0x2a, 0x99, 0x2a, 0xb8, 0x2a, 0x98, 0x2a,
    0x99, 0x2a, 0x99, 0x2a, 0x99, 0x2a, 0x98, 0x2a, 0x98, 0x2a, 0x98, 0x2a,
    0x98, 0x2a, 0x98, 0x2a, 0xb9, 0x2a, 0xba, 0x32, 0xda, 0x32, 0xfa, 0x32,
    0x1b, 0x33, 0x3c, 0x3b, 0xb9, 0x32, 0xb9, 0x2a, 0x3c, 0x3b, 0x3c, 0x3b,
    0x3c, 0x3b, 0x5c, 0x3b, 0x5c, 0x3b, 0x5c, 0x3b, 0x5d, 0x3b, 0x5c, 0x43,
    0x5c, 0x3b, 0x5c, 0x3b, 0x5c, 0x43, 0x5d, 0x3b, 0x5c, 0x3b, 0x5c, 0x3b,
    0x5d, 0x3b, 0x5c, 0x3b, 0x5c, 0x3b, 0x5c, 0x3b, 0x5d, 0x3b, 0x5c, 0x3b,
    0x5d, 0x3b, 0x5c, 0x3b, 0x5d, 0x3b, 0x5d, 0x3b, 0x3c, 0x3b, 0xfb, 0x32,
    0x3c, 0x3b, 0x3c, 0x3b, 0x3c, 0x3b, 0x3c, 0x33, 0x3c, 0x3b, 0x1c, 0x3b,
    0x3c, 0x33, 0x3c, 0x3b, 0x1c, 0x33, 0x1c, 0x3b, 0x3c, 0x3b, 0x5c, 0x3b,
    0x5d, 0x3b, 0x7d, 0x43, 0x7d, 0x43, 0x7d, 0x43, 0x5d, 0x3b, 0x3c, 0x3b,
    0x78, 0x2a, 0xb9, 0x32, 0x7d, 0x43, 0xbf, 0x43, 0x98, 0x2a, 0x84, 0x08,
    0x2b, 0x11, 0xb9, 0x32, 0xb9, 0x32, 0xd9, 0x2a, 0xb9, 0x2a, 0x98, 0x2a,
    0xda, 0x2a, 0xd1, 0x21, 0x90, 0x19, 0xb9, 0x2a, 0x57, 0x2a, 0x57, 0x22,
    0x77, 0x2a, 0xb8, 0x2a, 0xb8, 0x32, 0x98, 0x2a, 0xb8, 0x2a, 0x97, 0x32,
    0x97, 0x32, 0x97, 0x2a, 0x96, 0x32, 0x76, 0x32, 0x76, 0x2a, 0x75, 0x32,
    0x75, 0x2a, 0x54, 0x2a, 0x54, 0x32, 0x53, 0x32, 0x13, 0x2a, 0x12, 0x2a,
    0x6d, 0x19, 0x8d, 0x19, 0xaf, 0x21, 0xb0, 0x21, 0xaf, 0x21, 0xd0, 0x19,
    0xd1, 0x21, 0xf1, 0x21, 0xd2, 0x21, 0xf2, 0x21, 0x12, 0x22, 0x13, 0x22,
    0x14, 0x22, 0x13, 0x22, 0x34, 0x2a, 0x35, 0x22, 0x36, 0x2a, 0x35, 0x22,
    0x35, 0x2a, 0x57, 0x2a, 0x77, 0x22, 0x77, 0x2a, 0x77, 0x2a, 0x78, 0x2a,
    0x78, 0x2a, 0x78, 0x2a, 0x98, 0x22, 0x98, 0x2a, 0x98, 0x2a, 0x98, 0x2a,
    0x78, 0x2a, 0x98, 0x2a, 0x98, 0x2a, 0xb9, 0x2a, 0xfa, 0x32, 0x1b, 0x3b,
    0x1b, 0x33, 0xfa, 0x32, 0xfa, 0x32, 0xb9, 0x2a, 0x78, 0x2a, 0x78, 0x2a,
    0x99, 0x2a, 0x99, 0x2a, 0x98, 0x2a, 0x98, 0x2a, 0x98, 0x2a, 0x98, 0x2a,
    0x99, 0x2a, 0xba, 0x2a, 0xfa, 0x32, 0x1b, 0x3b, 0x1b, 0x33, 0xfb, 0x32,
    0xb9, 0x32, 0x98, 0x2a, 0x98, 0x2a, 0x98, 0x2a, 0xb9, 0x2a, 0xda, 0x32,
    0xfb, 0x32, 0x1b, 0x3b, 0x1b, 0x33, 0xfa, 0x32, 0xda, 0x32, 0xb9, 0x2a,
    0x98, 0x2a, 0x99, 0x2a, 0xb9, 0x2a, 0x99, 0x2a, 0x98, 0x2a, 0xb9, 0x2a,
    0x99, 0x2a, 0x98, 0x2a, 0x98, 0x2a, 0x99, 0x2a, 0x99, 0x2a, 0x99, 0x2a,
    0xb9, 0x2a, 0x98, 0x2a, 0x99, 0x2a, 0xb9, 0x2a, 0x98, 0x2a, 0x98, 0x2a,
    0x99, 0x2a, 0xb9, 0x2a, 0x99, 0x2a, 0x98, 0x2a, 0x99, 0x2a, 0xb8, 0x2a,
    0x99, 0x2a, 0x99, 0x2a, 0xb9, 0x2a, 0x98, 0x2a, 0xb9, 0x2a, 0x99, 0x2a,
    0x99, 0x2a, 0x98, 0x2a, 0x99, 0x2a, 0x78, 0x2a, 0x98, 0x2a, 0xb9, 0x2a,
    0xb9, 0x2a, 0xda, 0x32, 0xfa, 0x32, 0xfa, 0x32, 0x3b, 0x3b, 0xb9, 0x32,
    0x99, 0x2a, 0x3c, 0x3b, 0x3c, 0x33, 0x3c, 0x3b, 0x3c, 0x3b, 0x5c, 0x3b,
    0x3d, 0x3b, 0x5c, 0x3b, 0x3d, 0x3b, 0x5d, 0x3b, 0x5d, 0x3b, 0x5c, 0x3b,
    0x5d, 0x3b, 0x5d, 0x3b, 0x5c, 0x3b, 0x5d, 0x3b, 0x5c, 0x3b, 0x5d, 0x3b,
    0x5d, 0x3b, 0x5c, 0x3b, 0x5c, 0x3b, 0x5d, 0x3b, 0x5c, 0x3b, 0x5d, 0x3b,
    0x5c, 0x3b, 0x3c, 0x3b, 0xfb, 0x32, 0x3c, 0x3b, 0x1c, 0x3b, 0x3c, 0x3b,
    0x1c, 0x33, 0x1b, 0x3b, 0x3c, 0x33, 0x1b, 0x33, 0x3b, 0x3b, 0x3c, 0x33,
    0x1c, 0x33, 0x1c, 0x3b, 0x3c, 0x3b, 0x5d, 0x3b, 0x5d, 0x3b, 0xb9, 0x2a,
    0x76, 0x2a, 0xb9, 0x2a, 0x1b, 0x33, 0x34, 0x22, 0x14, 0x22, 0x1b, 0x3b,
    0xbf, 0x43, 0x98, 0x2a, 0x42, 0x08, 0x4d, 0x19, 0xd9, 0x32, 0xb9, 0x2a,
    0xb9, 0x32, 0xd9, 0x32, 0x78, 0x2a, 0xda, 0x2a, 0xd1, 0x21, 0xb1, 0x19,
    0xb9, 0x2a, 0x57, 0x22, 0x57, 0x22, 0x78, 0x2a, 0xb8, 0x32, 0xb8, 0x32,
    0x98, 0x2a, 0x98, 0x32, 0x97, 0x32, 0x97, 0x2a, 0x97, 0x2a, 0x96, 0x2a,
    0x76, 0x2a, 0x95, 0x2a, 0x75, 0x2a, 0x55, 0x2a, 0x54, 0x2a, 0x54, 0x2a,
    0x53, 0x2a, 0x33, 0x2a, 0x12, 0x2a, 0x8d, 0x19, 0x6d, 0x19, 0xaf, 0x21,
    0xaf, 0x19, 0xb0, 0x21, 0xd0, 0x21, 0xd1, 0x21, 0xf1, 0x21, 0xd1, 0x21,
    0xf2, 0x21, 0xf3, 0x21, 0x13, 0x22, 0x14, 0x22, 0x34, 0x22, 0x15, 0x2a,
    0x35, 0x22, 0x36, 0x22, 0x35, 0x22, 0x56, 0x22, 0x57, 0x2a, 0x76, 0x2a,
    0x77, 0x22, 0x77, 0x22, 0x78, 0x2a, 0x78, 0x2a, 0x78, 0x2a, 0x78, 0x2a,
    0x78, 0x2a, 0x98, 0x2a, 0x98, 0x22, 0x98, 0x2a, 0x98, 0x2a, 0x98, 0x2a,
    0xb9, 0x2a, 0xfa, 0x32, 0x1b, 0x3b, 0x1b, 0x3b, 0x3b, 0x33, 0x1b, 0x3b,
    0xfa, 0x32, 0xb9, 0x2a, 0x98, 0x2a, 0x78, 0x2a, 0x98, 0x2a, 0x99, 0x2a,
    0x78, 0x2a, 0x78, 0x2a, 0x99, 0x2a, 0xda, 0x2a, 0xfa, 0x32, 0x1b, 0x3b,
    0x1b, 0x3b, 0x1b, 0x3b, 0x1b, 0x33, 0xfa, 0x32, 0xb9, 0x2a, 0x98, 0x2a,
    0x98, 0x2a, 0x99, 0x2a, 0xda, 0x32, 0xfa, 0x32, 0x1b, 0x33, 0x1b, 0x3b,
    0xfa, 0x32, 0xba, 0x32, 0xb9, 0x2a, 0x99, 0x2a, 0x99, 0x2a, 0x98, 0x2a,
    0xb9, 0x2a, 0x99, 0x2a, 0x99, 0x2a, 0x99, 0x2a, 0xb8, 0x2a, 0x99, 0x2a,
    0x99, 0x2a, 0xb8, 0x2a, 0x99, 0x2a, 0x99, 0x2a, 0x98, 0x2a, 0x99, 0x2a,
    0x99, 0x2a, 0x99, 0x2a, 0x98, 0x2a, 0xb9, 0x2a, 0x99, 0x2a, 0x98, 0x2a,
    0x99, 0x2a, 0xb9, 0x2a, 0x98, 0x2a, 0x99, 0x2a, 0x99, 0x2a, 0x99, 0x2a,
    0x98, 0x2a, 0xb8, 0x2a, 0x99, 0x2a, 0x98, 0x2a, 0x98, 0x2a, 0x99, 0x22,
    0x98, 0x2a, 0x98, 0x2a, 0x99, 0x2a, 0xb9, 0x2a, 0xda, 0x32, 0xfa, 0x32,
    0xfb, 0x32, 0x1b, 0x3b, 0xb9, 0x2a, 0x99, 0x2a, 0x3b, 0x3b, 0x1c, 0x3b,
    0x3c, 0x3b, 0x3c, 0x3b, 0x3c, 0x3b, 0x5c, 0x3b, 0x5c, 0x3b, 0x5c, 0x3b,
    0x3d, 0x3b, 0x5c, 0x3b, 0x3c, 0x3b, 0x5d, 0x3b, 0x5c, 0x43, 0x3d, 0x3b,
    0x5c, 0x3b, 0x5d, 0x43, 0x5c, 0x3b, 0x5d, 0x3b, 0x5d, 0x43, 0x5c, 0x3b,
    0x3d, 0x3b, 0x5d, 0x43, 0x5c, 0x3b, 0x5c, 0x3b, 0x3c, 0x3b, 0x1b, 0x33,
    0x3b, 0x3b, 0x3c, 0x3b, 0x1c, 0x33, 0x3b, 0x33, 0x3b, 0x3b, 0x1c, 0x3b,
    0x1c, 0x33, 0x3c, 0x3b, 0x1c, 0x3b, 0x3b, 0x33, 0x3b, 0x3b, 0x1c, 0x3b,
    0x1b, 0x33, 0x1b, 0x3b, 0x1c, 0x3b, 0xda, 0x32, 0x36, 0x22, 0x35, 0x22,
    0x14, 0x22, 0x14, 0x22, 0x98, 0x2a, 0xbf, 0x43, 0x98, 0x2a, 0x22, 0x00,
    0xb0, 0x19, 0xda, 0x32, 0xb9, 0x2a, 0xda, 0x2a, 0xb9, 0x32, 0x78, 0x2a,
    0xda, 0x2a, 0xf2, 0x21, 0x91, 0x19, 0xb9, 0x2a, 0x57, 0x22, 0x77, 0x22,
    0x98, 0x2a, 0xb8, 0x32, 0xb8, 0x2a, 0xb8, 0x2a, 0xb8, 0x32, 0x97, 0x2a,
    0x97, 0x32, 0x97, 0x2a, 0x96, 0x32, 0x76, 0x32, 0x76, 0x32, 0x75, 0x2a,
    0x55, 0x32, 0x54, 0x2a, 0x54, 0x2a, 0x53, 0x2a, 0x32, 0x2a, 0x12, 0x2a,
    0x6d, 0x19, 0x8e, 0x19, 0xaf, 0x21, 0xd0, 0x21, 0xd0, 0x21, 0xd0, 0x21,
    0xd1, 0x21, 0xf2, 0x21, 0xf2, 0x19, 0xf2, 0x21, 0x13, 0x22, 0x13, 0x22,
    0x14, 0x22, 0x34, 0x22, 0x34, 0x22, 0x35, 0x2a, 0x55, 0x22, 0x55, 0x2a,
    0x56, 0x22, 0x57, 0x2a, 0x57, 0x2a, 0x77, 0x22, 0x58, 0x2a, 0x78, 0x2a,
    0x78, 0x22, 0x98, 0x2a, 0x98, 0x2a, 0x78, 0x2a, 0x98, 0x2a, 0x98, 0x2a,
    0x99, 0x2a, 0x78, 0x2a, 0x98, 0x2a, 0xb9, 0x2a, 0xfa, 0x32, 0xfb, 0x32,
    0x3b, 0x3b, 0x1b, 0x3b, 0x1c, 0x3b, 0x1b, 0x33, 0xfa, 0x32, 0xda, 0x32,
    0x99, 0x2a, 0x78, 0x22, 0x98, 0x2a, 0x98, 0x2a, 0xb9, 0x2a, 0xda, 0x32,
    0xfa, 0x32, 0x3b, 0x3b, 0x3c, 0x3b, 0x3c, 0x3b, 0x3c, 0x3b, 0x1c, 0x33,
    0x1b, 0x33, 0xda, 0x32, 0x99, 0x2a, 0x98, 0x2a, 0x99, 0x2a, 0xba, 0x2a,
    0xfa, 0x32, 0xfb, 0x32, 0x1b, 0x33, 0xfb, 0x32, 0xda, 0x32, 0xd9, 0x2a,
    0xb9, 0x2a, 0x99, 0x2a, 0x98, 0x2a, 0x99, 0x2a, 0x98, 0x2a, 0xb9, 0x2a,
    0x99, 0x2a, 0x98, 0x2a, 0xb9, 0x2a, 0x99, 0x2a, 0x98, 0x2a, 0xb9, 0x2a,
    0x99, 0x2a, 0xb8, 0x2a, 0x99, 0x2a, 0xb9, 0x2a, 0x99, 0x2a, 0x99, 0x2a,
    0x98, 0x2a, 0x99, 0x2a, 0xb8, 0x2a, 0x99, 0x2a, 0x99, 0x2a, 0x98, 0x2a,
    0xb9, 0x2a, 0x98, 0x2a, 0x99, 0x2a, 0x99, 0x2a, 0x99, 0x2a, 0xb9, 0x2a,
    0x98, 0x2a, 0x98, 0x2a, 0x98, 0x2a, 0x99, 0x2a, 0x98, 0x2a, 0x98, 0x2a,
    0xb9, 0x32, 0xda, 0x32, 0xfa, 0x32, 0xfa, 0x32, 0x1b, 0x3b, 0xb9, 0x2a,
    0x98, 0x2a, 0x1c, 0x3b, 0x3c, 0x33, 0x3c, 0x3b, 0x3c, 0x3b, 0x5c, 0x3b,
    0x5c, 0x3b, 0x5d, 0x3b, 0x5c, 0x3b, 0x5c, 0x3b, 0x3c, 0x3b, 0x5d, 0x3b,
    0x5c, 0x3b, 0x3c, 0x3b, 0x5d, 0x3b, 0x5c, 0x3b, 0x3c, 0x3b, 0x3d, 0x3b,
    0x5c, 0x3b, 0x5c, 0x3b, 0x3c, 0x3b, 0x5c, 0x3b, 0x5c, 0x3b, 0x5c, 0x3b,
    0x5d, 0x3b, 0x3c, 0x3b, 0xfb, 0x32, 0x3b, 0x3b, 0x3c, 0x3b, 0x1c, 0x3b,
    0x1b, 0x33, 0x3c, 0x3b, 0x3b, 0x33, 0x1b, 0x3b, 0x1b, 0x33, 0x3b, 0x3b,
    0x1b, 0x33, 0x3b, 0x33, 0x3c, 0x3b, 0x3c, 0x3b, 0x3b, 0x3b, 0x3c, 0x3b,
    0x9e, 0x43, 0x5c, 0x3b, 0xb9, 0x32, 0x56, 0x22, 0x36, 0x22, 0x77, 0x2a,
    0xbe, 0x43, 0x98, 0x2a, 0x22, 0x00, 0x13, 0x22, 0xda, 0x32, 0xb9, 0x2a,
    0xd9, 0x32, 0xb9, 0x2a, 0x78, 0x22, 0xb9, 0x2a, 0xf3, 0x21, 0x90, 0x19,
    0x98, 0x2a, 0x37, 0x22, 0x77, 0x2a, 0x98, 0x2a, 0xb8, 0x32, 0xb8, 0x2a,
    0x98, 0x2a, 0xb7, 0x32, 0x97, 0x2a, 0x97, 0x32, 0x97, 0x2a, 0x96, 0x32,
    0x76, 0x2a, 0x75, 0x32, 0x75, 0x2a, 0x75, 0x2a, 0x54, 0x32, 0x54, 0x2a,
    0x54, 0x32, 0x12, 0x2a, 0x32, 0x2a, 0x6e, 0x19, 0x8d, 0x19, 0xaf, 0x21,
    0xaf, 0x19, 0xb0, 0x21, 0xd1, 0x21, 0xd1, 0x21, 0xf1, 0x21, 0xf2, 0x21,
    0xf2, 0x21, 0x12, 0x22, 0x13, 0x22, 0x14, 0x22, 0x14, 0x22, 0x14, 0x2a,
    0x35, 0x22, 0x36, 0x2a, 0x55, 0x22, 0x36, 0x22, 0x77, 0x2a, 0x77, 0x22,
    0x77, 0x2a, 0x78, 0x2a, 0x78, 0x2a, 0x77, 0x2a, 0x98, 0x2a, 0x78, 0x2a,
    0x78, 0x22, 0x98, 0x2a, 0x98, 0x2a, 0x78, 0x2a, 0x79, 0x2a, 0x98, 0x2a,
    0xda, 0x2a, 0xda, 0x32, 0x1b, 0x33, 0x1b, 0x33, 0x1b, 0x33, 0x3c, 0x3b,
    0x3c, 0x3b, 0x1b, 0x33, 0xfa, 0x32, 0xda, 0x32, 0xb9, 0x2a, 0xb9, 0x2a,
    0xb9, 0x2a, 0xda, 0x32, 0x1b, 0x33, 0x1b, 0x33, 0x1c, 0x33, 0x3c, 0x3b,
    0x3c, 0x3b, 0x3c, 0x3b, 0x3c, 0x3b, 0x1b, 0x3b, 0xfb, 0x32, 0xba, 0x2a,
    0x98, 0x2a, 0x98, 0x2a, 0xb9, 0x2a, 0xda, 0x32, 0xfa, 0x32, 0x1b, 0x33,
    0xfb, 0x32, 0xfa, 0x32, 0xda, 0x32, 0xb9, 0x2a, 0x98, 0x2a, 0xb9, 0x2a,
    0xb9, 0x2a, 0x99, 0x2a, 0xb8, 0x2a, 0x99, 0x2a, 0x99, 0x2a, 0xb8, 0x2a,
    0x99, 0x2a, 0x99, 0x2a, 0x99, 0x2a, 0x98, 0x2a, 0x99, 0x2a, 0xb8, 0x2a,
    0x98, 0x2a, 0x99, 0x2a, 0xb8, 0x2a, 0x99, 0x2a, 0x99, 0x2a, 0xb8, 0x2a,
    0x99, 0x2a, 0x98, 0x2a, 0xb9, 0x2a, 0x99, 0x2a, 0x98, 0x2a, 0xb8, 0x2a,
    0x99, 0x2a, 0x98, 0x2a, 0x99, 0x2a, 0x99, 0x2a, 0x98, 0x2a, 0x98, 0x2a,
    0x98, 0x2a, 0x78, 0x22, 0x98, 0x2a, 0xb9, 0x2a, 0xba, 0x32, 0xda, 0x32,
    0xda, 0x32, 0x1b, 0x3b, 0x99, 0x2a, 0x98, 0x2a, 0x3b, 0x3b, 0x1c, 0x33,
    0x3b, 0x3b, 0x3c, 0x3b, 0x3c, 0x3b, 0x5c, 0x3b, 0x3c, 0x3b, 0x5c, 0x3b,
    0x5d, 0x3b, 0x5c, 0x3b, 0x5c, 0x3b, 0x5d, 0x3b, 0x5c, 0x3b, 0x5c, 0x3b,
    0x5d, 0x3b, 0x5c, 0x3b, 0x5d, 0x43, 0x5d, 0x3b, 0x3c, 0x3b, 0x5d, 0x3b,
    0x5c, 0x3b, 0x3d, 0x3b, 0x5c, 0x3b, 0x5c, 0x3b, 0x3c, 0x3b, 0xfb, 0x3a,
    0x1b, 0x33, 0x3c, 0x3b, 0x3c, 0x3b, 0x1b, 0x33, 0x1b, 0x33, 0x3c, 0x3b,
    0x3b, 0x33, 0x1b, 0x3b, 0x3c, 0x33, 0x1c, 0x3b, 0x1b, 0x3b, 0x3c, 0x33,
    0x1c, 0x3b, 0x3c, 0x3b, 0x3c, 0x3b, 0x3b, 0x33, 0x5d, 0x3b, 0x7d, 0x43,
    0xd9, 0x32, 0x14, 0x22, 0x98, 0x2a, 0xbf, 0x43, 0x78, 0x2a, 0x42, 0x08,
    0x55, 0x2a, 0xb9, 0x32, 0xb9, 0x2a, 0xb9, 0x32, 0xb9, 0x2a, 0x57, 0x22,
    0xb9, 0x2a, 0xf3, 0x21, 0xb0, 0x19, 0x99, 0x2a, 0x37, 0x22, 0x77, 0x2a,
    0x98, 0x2a, 0xb8, 0x32, 0xb8, 0x32, 0x98, 0x2a, 0xb8, 0x32, 0x97, 0x32,
    0x97, 0x2a, 0x96, 0x2a, 0x96, 0x2a, 0x76, 0x2a, 0x76, 0x2a, 0x75, 0x32,
    0x75, 0x2a, 0x74, 0x2a, 0x54, 0x2a, 0x53, 0x2a, 0x13, 0x2a, 0x12, 0x2a,
    0x6d, 0x19, 0x8e, 0x19, 0xaf, 0x21, 0xaf, 0x21, 0xb0, 0x19, 0xd0, 0x19,
    0xd1, 0x21, 0xf1, 0x21, 0xd1, 0x21, 0xf2, 0x21, 0x13, 0x22, 0x13, 0x22,
    0x13, 0x22, 0x14, 0x22, 0x34, 0x2a, 0x35, 0x22, 0x36, 0x22, 0x55, 0x2a,
    0x36, 0x22, 0x57, 0x2a, 0x77, 0x2a, 0x77, 0x22, 0x77, 0x22, 0x78, 0x2a,
    0x78, 0x2a, 0x98, 0x2a, 0x78, 0x2a, 0x98, 0x22, 0x99, 0x2a, 0x98, 0x2a,
    0x99, 0x2a, 0x98, 0x2a, 0x98, 0x2a, 0xba, 0x32, 0xda, 0x32, 0x1b, 0x33,
    0x1b, 0x3b, 0x1b, 0x33, 0x3c, 0x3b, 0x3c, 0x3b, 0x3c, 0x3b, 0x3b, 0x3b,
    0x1b, 0x33, 0xfb, 0x32, 0xfa, 0x32, 0xfb, 0x32, 0x1b, 0x33, 0x3b, 0x3b,
    0x1b, 0x3b, 0x3c, 0x3b, 0x3c, 0x3b, 0x3c, 0x3b, 0x3b, 0x3b, 0x3c, 0x3b,
    0x3c, 0x3b, 0x1b, 0x33, 0xfa, 0x32, 0xb9, 0x2a, 0x98, 0x2a, 0x99, 0x2a,
    0xba, 0x32, 0xfa, 0x32, 0xfb, 0x32, 0xfb, 0x3a, 0xfa, 0x32, 0xda, 0x32,
    0xb9, 0x2a, 0x99, 0x2a, 0x99, 0x2a, 0xb9, 0x2a, 0x99, 0x2a, 0x99, 0x2a,
    0xb9, 0x2a, 0x98, 0x2a, 0x99, 0x2a, 0x99, 0x2a, 0xb9, 0x2a, 0x98, 0x2a,
    0x99, 0x2a, 0x99, 0x2a, 0x99, 0x2a, 0x99, 0x2a, 0x99, 0x2a, 0xb8, 0x2a,
    0x99, 0x2a, 0x99, 0x2a, 0x99, 0x2a, 0x98, 0x2a, 0x99, 0x2a, 0x99, 0x2a,
    0x99, 0x2a, 0xb8, 0x2a, 0x99, 0x2a, 0x99, 0x22, 0xb8, 0x2a, 0x98, 0x2a,
    0x99, 0x2a, 0x98, 0x2a, 0x98, 0x2a, 0x99, 0x2a, 0x78, 0x2a, 0x98, 0x2a,
    0xb9, 0x2a, 0xba, 0x2a, 0xda, 0x32, 0xfa, 0x32, 0x1b, 0x3b, 0xb9, 0x2a,
    0x99, 0x2a, 0x3b, 0x3b, 0x1b, 0x33, 0x1c, 0x3b, 0x3c, 0x3b, 0x3c, 0x3b,
    0x3c, 0x3b, 0x5c, 0x3b, 0x5c, 0x3b, 0x3c, 0x3b, 0x5d, 0x3b, 0x3c, 0x3b,
    0x5d, 0x3b, 0x3c, 0x3b, 0x5d, 0x3b, 0x3c, 0x3b, 0x5d, 0x3b, 0x5c, 0x3b,
    0x5c, 0x3b, 0x5d, 0x3b, 0x5c, 0x3b, 0x5d, 0x3b, 0x3d, 0x43, 0x3c, 0x3b,
    0x5c, 0x3b, 0x3c, 0x3b, 0xfb, 0x32, 0x3b, 0x3b, 0x1c, 0x33, 0x3c, 0x33,
    0x3b, 0x3b, 0x1b, 0x3b, 0x1c, 0x33, 0x1b, 0x3b, 0x1b, 0x33, 0x1b, 0x33,
    0x3b, 0x3b, 0x1c, 0x33, 0x3b, 0x33, 0x3c, 0x33, 0x3c, 0x3b, 0x3c, 0x3b,
    0x3c, 0x3b, 0x3b, 0x3b, 0x1b, 0x33, 0x35, 0x22, 0x14, 0x22, 0xda, 0x32,
    0xbf, 0x43, 0x57, 0x22, 0x42, 0x08, 0x77, 0x2a, 0xb9, 0x2a, 0xb9, 0x2a,
    0xd9, 0x32, 0x98, 0x2a, 0x57, 0x22, 0xd9, 0x2a, 0xf3, 0x21, 0xb0, 0x19,
    0x99, 0x2a, 0x57, 0x22, 0x78, 0x2a, 0xb8, 0x2a, 0xb9, 0x2a, 0xb8, 0x2a,
    0x98, 0x32, 0xb8, 0x2a, 0x97, 0x32, 0x97, 0x2a, 0x97, 0x2a, 0x96, 0x32,
    0x76, 0x2a, 0x76, 0x2a, 0x75, 0x2a, 0x55, 0x2a, 0x54, 0x2a, 0x54, 0x2a,
    0x53, 0x2a, 0x33, 0x2a, 0x12, 0x2a, 0x6e, 0x19, 0x8e, 0x19, 0xaf, 0x21,
    0xb0, 0x21, 0xd0, 0x21, 0xd0, 0x21, 0xd1, 0x21, 0xf2, 0x21, 0xf2, 0x21,
    0xf2, 0x21, 0x13, 0x22, 0x13, 0x22, 0x14, 0x22, 0x34, 0x22, 0x35, 0x22,
    0x35, 0x2a, 0x36, 0x22, 0x56, 0x22, 0x56, 0x2a, 0x57, 0x2a, 0x77, 0x2a,
    0x78, 0x22, 0x58, 0x2a, 0x78, 0x2a, 0x98, 0x22, 0x78, 0x2a, 0x98, 0x2a,
    0x98, 0x2a, 0x98, 0x2a, 0x99, 0x2a, 0x98, 0x2a, 0x98, 0x2a, 0x98, 0x2a,
    0xb9, 0x2a, 0xda, 0x32, 0xfa, 0x32, 0x1b, 0x3b, 0x1b, 0x3b, 0x1b, 0x33,
    0x1c, 0x3b, 0x3c, 0x3b, 0x3c, 0x3b, 0x1b, 0x3b, 0x3b, 0x3b, 0x1b, 0x3b,
    0x1b, 0x3b, 0x3b, 0x33, 0x1c, 0x3b, 0x3c, 0x3b, 0x3c, 0x3b, 0x3c, 0x3b,
    0x1c, 0x3b, 0x3c, 0x3b, 0x3c, 0x3b, 0x3c, 0x3b, 0x3b, 0x33, 0x1b, 0x33,
    0xda, 0x32, 0xb9, 0x2a, 0x99, 0x2a, 0xb9, 0x2a, 0xfa, 0x32, 0xfa, 0x32,
    0x1b, 0x33, 0xfa, 0x32, 0xda, 0x32, 0xb9, 0x32, 0x99, 0x2a, 0x98, 0x2a,
    0x98, 0x2a, 0xb9, 0x2a, 0x99, 0x2a, 0xb8, 0x2a, 0xb9, 0x2a, 0x98, 0x2a,
    0x99, 0x2a, 0xb8, 0x2a, 0x98, 0x2a, 0xb9, 0x2a, 0x98, 0x2a, 0xb9, 0x2a,
    0x99, 0x2a, 0x99, 0x2a, 0x98, 0x2a, 0xb9, 0x2a, 0x99, 0x2a, 0x98, 0x2a,
    0xb8, 0x2a, 0xb9, 0x2a, 0x98, 0x2a, 0x99, 0x2a, 0x99, 0x2a, 0x99, 0x2a,
    0x99, 0x2a, 0xb9, 0x2a, 0x98, 0x2a, 0x99, 0x2a, 0x98, 0x2a, 0x98, 0x2a,
    0x99, 0x2a, 0x78, 0x2a, 0x98, 0x2a, 0x99, 0x2a, 0xd9, 0x2a, 0xda, 0x32,
    0xda, 0x32, 0x1b, 0x33, 0x98, 0x2a, 0x78, 0x2a, 0x3c, 0x3b, 0x3b, 0x33,
    0x1c, 0x3b, 0x3c, 0x3b, 0x3c, 0x3b, 0x3c, 0x3b, 0x5c, 0x3b, 0x5d, 0x3b,
    0x5c, 0x3b, 0x3c, 0x3b, 0x5c, 0x3b, 0x5c, 0x3b, 0x5c, 0x3b, 0x3c, 0x3b,
    0x5c, 0x43, 0x3c, 0x3b, 0x3c, 0x3b, 0x5c, 0x3b, 0x3c, 0x3b, 0x5c, 0x3b,
    0x5c, 0x3b, 0x5c, 0x3b, 0x5c, 0x3b, 0x5d, 0x3b, 0x1c, 0x3b, 0x1a, 0x33,
    0x1b, 0x3b, 0x1c, 0x3b, 0x3c, 0x3b, 0x1b, 0x33, 0x1c, 0x3b, 0x1b, 0x33,
    0x1b, 0x33, 0x3c, 0x3b, 0x1b, 0x33, 0x1b, 0x3b, 0x3b, 0x3b, 0x1c, 0x3b,
    0x1b, 0x33, 0x3b, 0x33, 0x1c, 0x3b, 0x3c, 0x3b, 0x3c, 0x3b, 0x1b, 0x33,
    0x14, 0x22, 0x35, 0x22, 0xfa, 0x32, 0xdf, 0x4b, 0x36, 0x22, 0x63, 0x08,
    0x98, 0x2a, 0x99, 0x32, 0xb9, 0x32, 0xd9, 0x2a, 0x98, 0x2a, 0x57, 0x22,
    0xb9, 0x2a, 0xf3, 0x21, 0x90, 0x19, 0x99, 0x2a, 0x57, 0x22, 0x98, 0x2a,
    0x98, 0x32, 0xb8, 0x32, 0xb8, 0x2a, 0xb8, 0x32, 0xb8, 0x2a, 0x97, 0x2a,
    0x97, 0x32, 0x97, 0x32, 0x96, 0x2a, 0x76, 0x32, 0x75, 0x32, 0x75, 0x2a,
    0x55, 0x32, 0x54, 0x32, 0x54, 0x2a, 0x53, 0x2a, 0x32, 0x2a, 0x32, 0x2a,
    0x8d, 0x19, 0x8e, 0x19, 0xaf, 0x21, 0xcf, 0x19, 0xd0, 0x21, 0xd1, 0x21,
    0xd1, 0x21, 0xf2, 0x21, 0xf2, 0x21, 0xf2, 0x21, 0x13, 0x22, 0x13, 0x22,
    0x14, 0x22, 0x35, 0x2a, 0x34, 0x22, 0x35, 0x22, 0x56, 0x2a, 0x55, 0x22,
    0x56, 0x22, 0x57, 0x2a, 0x77, 0x22, 0x77, 0x2a, 0x78, 0x2a, 0x78, 0x2a,
    0x78, 0x22, 0x98, 0x2a, 0x78, 0x2a, 0x98, 0x2a, 0x98, 0x2a, 0x78, 0x2a,
    0x99, 0x2a, 0x98, 0x2a, 0x99, 0x2a, 0xb9, 0x2a, 0xda, 0x32, 0xfa, 0x32,
    0x1b, 0x33, 0x1b, 0x3b, 0x1b, 0x3b, 0x3c, 0x3b, 0x3c, 0x3b, 0x3c, 0x3b,
    0x3c, 0x3b, 0x3c, 0x3b, 0x3c, 0x3b, 0x1c, 0x3b, 0x3c, 0x3b, 0x3c, 0x3b,
    0x3c, 0x3b, 0x3c, 0x3b, 0x1b, 0x3b, 0x3c, 0x33, 0x3c, 0x3b, 0x3c, 0x3b,
    0x3c, 0x3b, 0x3c, 0x3b, 0x1b, 0x3b, 0xfb, 0x32, 0xda, 0x32, 0xb9, 0x32,
    0xb9, 0x2a, 0xda, 0x32, 0xfa, 0x32, 0xfb, 0x32, 0xfa, 0x32, 0xfa, 0x32,
    0xda, 0x32, 0xb9, 0x2a, 0x99, 0x2a, 0xb9, 0x2a, 0x99, 0x2a, 0xb9, 0x2a,
    0x99, 0x2a, 0x99, 0x2a, 0x98, 0x2a, 0x99, 0x2a, 0x99, 0x2a, 0x99, 0x2a,
    0x99, 0x2a, 0x98, 0x2a, 0xb9, 0x2a, 0x99, 0x2a, 0x98, 0x2a, 0xb9, 0x2a,
    0x98, 0x2a, 0x99, 0x2a, 0x99, 0x2a, 0x99, 0x2a, 0x99, 0x2a, 0x98, 0x2a,
    0xb8, 0x2a, 0x99, 0x2a, 0x98, 0x2a, 0xb8, 0x2a, 0x99, 0x2a, 0x98, 0x2a,
    0x99, 0x2a, 0x98, 0x2a, 0x98, 0x2a, 0x98, 0x2a, 0x98, 0x2a, 0x78, 0x2a,
    0x99, 0x2a, 0xb9, 0x2a, 0xda, 0x32, 0xda, 0x32, 0x1a, 0x3b, 0x98, 0x2a,
    0x57, 0x22, 0x1b, 0x3b, 0x1b, 0x33, 0x3c, 0x33, 0x3c, 0x3b, 0x3c, 0x3b,
    0x3c, 0x3b, 0x5c, 0x3b, 0x3c, 0x3b, 0x5c, 0x3b, 0x5d, 0x3b, 0x5c, 0x3b,
    0x5c, 0x3b, 0x5d, 0x3b, 0x5c, 0x3b, 0x5d, 0x3b, 0x5c, 0x3b, 0x5c, 0x3b,
    0x5c, 0x3b, 0x5c, 0x3b, 0x3d, 0x3b, 0x5c, 0x3b, 0x3c, 0x3b, 0x3c, 0x3b,
    0x5d, 0x3b, 0x1b, 0x3b, 0x1b, 0x3b, 0x3b, 0x33, 0xda, 0x32, 0xfa, 0x32,
    0x3c, 0x3b, 0x1b, 0x33, 0x3c, 0x3b, 0x3c, 0x3b, 0xfb, 0x32, 0x1b, 0x33,
    0x1b, 0x3b, 0x1b, 0x33, 0x1b, 0x33, 0x1b, 0x3b, 0x3c, 0x3b, 0x3c, 0x3b,
    0x3c, 0x3b, 0x3c, 0x3b, 0xfa, 0x32, 0xf3, 0x21, 0x57, 0x2a, 0x3b, 0x3b,
    0xbf, 0x43, 0x35, 0x22, 0x85, 0x08, 0xb9, 0x2a, 0x98, 0x2a, 0xd9, 0x32,
    0xb9, 0x2a, 0x98, 0x2a, 0x37, 0x22, 0xb9, 0x2a, 0xf3, 0x21, 0x90, 0x19,
    0x98, 0x2a, 0x57, 0x22, 0x98, 0x2a, 0xb8, 0x32, 0xb8, 0x2a, 0xb8, 0x32,
    0xb8, 0x32, 0x97, 0x2a, 0x97, 0x32, 0xb7, 0x2a, 0x96, 0x2a, 0x96, 0x2a,
    0x76, 0x32, 0x76, 0x2a, 0x75, 0x2a, 0x75, 0x2a, 0x74, 0x2a, 0x54, 0x2a,
    0x53, 0x32, 0x12, 0x2a, 0x12, 0x2a, 0x6d, 0x19, 0x8e, 0x19, 0xaf, 0x21,
    0xb0, 0x21, 0xd0, 0x19, 0xd1, 0x21, 0xf1, 0x21, 0xf1, 0x21, 0xf2, 0x19,
    0xf2, 0x21, 0x13, 0x22, 0x13, 0x22, 0x14, 0x22, 0x34, 0x2a, 0x35, 0x22,
    0x35, 0x22, 0x35, 0x2a, 0x56, 0x22, 0x57, 0x2a, 0x57, 0x2a, 0x77, 0x22,
    0x77, 0x2a, 0x78, 0x2a, 0x78, 0x2a, 0x98, 0x2a, 0x78, 0x2a, 0x98, 0x2a,
    0x98, 0x2a, 0x99, 0x2a, 0x78, 0x2a, 0x98, 0x2a, 0x99, 0x2a, 0x99, 0x2a,
    0xb9, 0x32, 0xda, 0x32, 0xfa, 0x32, 0xfb, 0x32, 0x1b, 0x33, 0x3b, 0x33,
    0x1c, 0x3b, 0x1b, 0x3b, 0x3c, 0x3b, 0x3c, 0x3b, 0x3c, 0x3b, 0x3c, 0x3b,
    0x3c, 0x3b, 0x3c, 0x3b, 0x3b, 0x3b, 0x3c, 0x3b, 0x1c, 0x3b, 0x3b, 0x3b,
    0x3c, 0x3b, 0x3c, 0x3b, 0x1b, 0x3b, 0x3c, 0x3b, 0x3c, 0x3b, 0x1b, 0x3b,
    0x3b, 0x33, 0xfb, 0x32, 0xda, 0x32, 0xda, 0x32, 0xfa, 0x32, 0xfb, 0x32,
    0xfb, 0x3a, 0xfb, 0x32, 0xfa, 0x32, 0xba, 0x32, 0xb9, 0x2a, 0x98, 0x2a,
    0xb9, 0x2a, 0x99, 0x2a, 0xb8, 0x2a, 0x99, 0x2a, 0x99, 0x2a, 0xb8, 0x2a,
    0x99, 0x2a, 0x99, 0x2a, 0xb8, 0x2a, 0x99, 0x2a, 0x99, 0x2a, 0x98, 0x2a,
    0x98, 0x2a, 0x99, 0x2a, 0xb9, 0x2a, 0x98, 0x2a, 0x99, 0x2a, 0xb8, 0x2a,
    0x99, 0x2a, 0x99, 0x2a, 0x98, 0x2a, 0xb9, 0x2a, 0x98, 0x2a, 0x99, 0x2a,
    0x99, 0x2a, 0x98, 0x2a, 0xb9, 0x2a, 0x99, 0x2a, 0x98, 0x2a, 0x98, 0x22,
    0x99, 0x2a, 0x98, 0x2a, 0x98, 0x2a, 0x98, 0x2a, 0xb9, 0x2a, 0xda, 0x32,
    0xda, 0x32, 0xfa, 0x32, 0xb9, 0x32, 0x98, 0x2a, 0xfb, 0x32, 0x1b, 0x33,
    0x1b, 0x3b, 0x1c, 0x33, 0x3c, 0x3b, 0x3c, 0x3b, 0x3c, 0x3b, 0x3c, 0x3b,
    0x3c, 0x3b, 0x3c, 0x3b, 0x3c, 0x3b, 0x3d, 0x3b, 0x5c, 0x3b, 0x5c, 0x3b,
    0x3c, 0x3b, 0x5c, 0x3b, 0x5c, 0x3b, 0x5d, 0x3b, 0x5c, 0x3b, 0x5c, 0x3b,
    0x5c, 0x3b, 0x3c, 0x3b, 0x3c, 0x3b, 0x5c, 0x3b, 0x3c, 0x3b, 0xda, 0x32,
    0x1b, 0x33, 0xda, 0x32, 0x77, 0x2a, 0xfa, 0x32, 0x1b, 0x3b, 0xd9, 0x2a,
    0xfb, 0x32, 0x1b, 0x3b, 0xfa, 0x32, 0xfb, 0x32, 0x1b, 0x33, 0x1b, 0x3b,
    0x1b, 0x33, 0x1b, 0x33, 0x1c, 0x33, 0x1b, 0x3b, 0x3c, 0x3b, 0xda, 0x32,
    0xd2, 0x19, 0x98, 0x2a, 0x5c, 0x3b, 0xbf, 0x43, 0x14, 0x22, 0xc7, 0x10,
    0xb9, 0x32, 0x98, 0x2a, 0xd9, 0x2a, 0xb9, 0x2a, 0x78, 0x2a, 0x36, 0x22,
    0xb9, 0x2a, 0x14, 0x22, 0xb0, 0x19, 0x98, 0x2a, 0x57, 0x22, 0x98, 0x2a,
    0xb8, 0x2a, 0xb8, 0x2a, 0xb8, 0x32, 0x98, 0x2a, 0x98, 0x32, 0x97, 0x2a,
    0x97, 0x2a, 0x97, 0x32, 0x96, 0x2a, 0x76, 0x32, 0x75, 0x2a, 0x75, 0x2a,
    0x55, 0x2a, 0x54, 0x2a, 0x54, 0x2a, 0x54, 0x2a, 0x32, 0x2a, 0x12, 0x2a,
    0x6e, 0x19, 0x8e, 0x19, 0xaf, 0x21, 0xb0, 0x21, 0xd0, 0x21, 0xd0, 0x21,
    0xd1, 0x21, 0xf2, 0x21, 0xf2, 0x21, 0xf2, 0x21, 0x13, 0x22, 0x13, 0x22,
    0x14, 0x22, 0x34, 0x22, 0x35, 0x2a, 0x36, 0x22, 0x56, 0x2a, 0x56, 0x22,
    0x57, 0x22, 0x57, 0x2a, 0x77, 0x2a, 0x78, 0x22, 0x58, 0x2a, 0x78, 0x22,
    0x98, 0x2a, 0x78, 0x2a, 0x98, 0x2a, 0x98, 0x2a, 0x99, 0x2a, 0x98, 0x2a,
    0x78, 0x2a, 0x98, 0x2a, 0x98, 0x2a, 0xba, 0x2a, 0xda, 0x32, 0xfa, 0x32,
    0xfb, 0x32, 0x1b, 0x3b, 0x3b, 0x33, 0x1c, 0x3b, 0x1c, 0x3b, 0x3c, 0x33,
    0x3c, 0x3b, 0x3b, 0x3b, 0x1c, 0x33, 0x3c, 0x3b, 0x3b, 0x3b, 0x3c, 0x3b,
    0x1c, 0x33, 0x3c, 0x3b, 0x3c, 0x3b, 0x3c, 0x3b, 0x1b, 0x3b, 0x3c, 0x33,
    0x3c, 0x3b, 0x3c, 0x3b, 0x3c, 0x3b, 0x3b, 0x3b, 0x3b, 0x33, 0xfb, 0x32,
    0xfb, 0x32, 0xfa, 0x32, 0x1b, 0x33, 0x1b, 0x3b, 0xfa, 0x32, 0xfa, 0x32,
    0xda, 0x32, 0xb9, 0x2a, 0x99, 0x2a, 0x99, 0x2a, 0x99, 0x2a, 0xb9, 0x32,
    0x99, 0x2a, 0xb9, 0x2a, 0x98, 0x2a, 0x99, 0x2a, 0xb9, 0x2a, 0x98, 0x2a,
    0x99, 0x2a, 0xb8, 0x2a, 0x99, 0x2a, 0x99, 0x2a, 0xb9, 0x2a, 0x98, 0x2a,
    0x99, 0x2a, 0x99, 0x2a, 0xb8, 0x2a, 0x98, 0x2a, 0x99, 0x2a, 0xb8, 0x2a,
    0x99, 0x2a, 0x98, 0x2a, 0x99, 0x2a, 0x99, 0x2a, 0x98, 0x2a, 0x98, 0x2a,
    0x99, 0x2a, 0x98, 0x2a, 0x98, 0x2a, 0x99, 0x2a, 0x98, 0x2a, 0x78, 0x22,
    0x98, 0x2a, 0xb9, 0x2a, 0xb9, 0x32, 0xda, 0x32, 0xfa, 0x32, 0x98, 0x2a,
    0x78, 0x2a, 0x1b, 0x3b, 0x1b, 0x33, 0x3b, 0x3b, 0x1c, 0x3b, 0x3c, 0x3b,
    0x3c, 0x3b, 0x3c, 0x3b, 0x5c, 0x3b, 0x5c, 0x3b, 0x5c, 0x3b, 0x3c, 0x3b,
    0x3c, 0x3b, 0x3c, 0x3b, 0x3c, 0x3b, 0x3c, 0x3b, 0x3c, 0x3b, 0x3c, 0x3b,
    0x3c, 0x3b, 0x5c, 0x3b, 0x3c, 0x3b, 0x3c, 0x3b, 0x5c, 0x3b, 0x3c, 0x3b,
    0x5d, 0x3b, 0x3c, 0x3b, 0x98, 0x2a, 0x78, 0x2a, 0x1b, 0x33, 0x98, 0x2a,
    0x78, 0x2a, 0x3c, 0x3b, 0x98, 0x2a, 0x78, 0x2a, 0x1b, 0x33, 0xda, 0x32,
    0xfa, 0x32, 0xfb, 0x32, 0x1b, 0x33, 0x1b, 0x3b, 0x3b, 0x33, 0x1b, 0x33,
    0x3b, 0x33, 0x3c, 0x3b, 0xd9, 0x32, 0xd2, 0x19, 0xd9, 0x32, 0x5d, 0x3b,
    0xbf, 0x43, 0x35, 0x22, 0xe8, 0x10, 0xb9, 0x32, 0x98, 0x2a, 0xb9, 0x32,
    0x99, 0x2a, 0x78, 0x2a, 0x36, 0x22, 0xda, 0x32, 0xb0, 0x19, 0x4e, 0x19,
    0xb9, 0x2a, 0x57, 0x2a, 0xb8, 0x2a, 0xb9, 0x32, 0xb8, 0x32, 0xb8, 0x2a,
    0x98, 0x2a, 0xb7, 0x32, 0x97, 0x2a, 0x97, 0x32, 0x96, 0x32, 0x76, 0x2a,
    0x76, 0x2a, 0x76, 0x32, 0x75, 0x2a, 0x75, 0x32, 0x54, 0x32, 0x54, 0x32,
    0x53, 0x2a, 0x32, 0x2a, 0x12, 0x2a, 0x8d, 0x21, 0x8e, 0x19, 0xaf, 0x21,
    0xd0, 0x21, 0xd0, 0x21, 0xd1, 0x21, 0xd1, 0x21, 0xf2, 0x21, 0xf2, 0x21,
    0xf3, 0x21, 0x13, 0x22, 0x13, 0x22, 0x14, 0x22, 0x14, 0x22, 0x35, 0x22,
    0x35, 0x2a, 0x56, 0x22, 0x56, 0x22, 0x56, 0x22, 0x57, 0x2a, 0x77, 0x2a,
    0x77, 0x22, 0x78, 0x2a, 0x78, 0x2a, 0x78, 0x2a, 0x98, 0x2a, 0x98, 0x22,
    0x78, 0x2a, 0x99, 0x2a, 0x99, 0x2a, 0x99, 0x2a, 0x98, 0x2a, 0x98, 0x2a,
    0xb9, 0x2a, 0xda, 0x32, 0xfa, 0x32, 0xfa, 0x32, 0x1b, 0x3b, 0x3b, 0x33,
    0x3b, 0x3b, 0x3b, 0x3b, 0x1c, 0x3b, 0x3c, 0x3b, 0x3c, 0x3b, 0x3b, 0x3b,
    0x1c, 0x3b, 0x3c, 0x3b, 0x3c, 0x3b, 0x3b, 0x3b, 0x3c, 0x3b, 0x3c, 0x3b,
    0x1b, 0x33, 0x3c, 0x3b, 0x3c, 0x3b, 0x3b, 0x3b, 0x1c, 0x3b, 0x3c, 0x3b,
    0x3c, 0x3b, 0x1c, 0x3b, 0x1b, 0x3b, 0x1b, 0x3b, 0x1b, 0x33, 0x1b, 0x3b,
    0x1b, 0x33, 0xfb, 0x32, 0xfb, 0x32, 0xfa, 0x32, 0xda, 0x32, 0xb9, 0x2a,
    0x99, 0x2a, 0xb9, 0x2a, 0xb9, 0x32, 0x99, 0x2a, 0x99, 0x2a, 0x98, 0x2a,
    0x99, 0x2a, 0x99, 0x2a, 0x99, 0x2a, 0x98, 0x2a, 0xb9, 0x2a, 0x99, 0x2a,
    0x98, 0x2a, 0x99, 0x2a, 0x98, 0x2a, 0x99, 0x2a, 0xb9, 0x2a, 0x99, 0x2a,
    0x99, 0x2a, 0x99, 0x2a, 0x98, 0x2a, 0x99, 0x2a, 0xb8, 0x2a, 0xb9, 0x2a,
    0x99, 0x2a, 0xb8, 0x2a, 0x99, 0x2a, 0x98, 0x2a, 0x99, 0x2a, 0x98, 0x2a,
    0x98, 0x2a, 0x78, 0x2a, 0x78, 0x2a, 0x98, 0x2a, 0x99, 0x2a, 0xb9, 0x2a,
    0xda, 0x32, 0xfa, 0x32, 0x98, 0x2a, 0x78, 0x2a, 0x1b, 0x33, 0x1b, 0x33,
    0x1b, 0x33, 0x3b, 0x33, 0x1c, 0x3b, 0x3c, 0x3b, 0x3c, 0x3b, 0x3c, 0x3b,
    0x3c, 0x3b, 0x3c, 0x3b, 0x5c, 0x3b, 0x5c, 0x3b, 0x5c, 0x3b, 0x5c, 0x3b,
    0x5c, 0x3b, 0x5c, 0x3b, 0x5c, 0x3b, 0x3c, 0x3b, 0x3c, 0x3b, 0x5c, 0x3b,
    0x3c, 0x3b, 0x3c, 0x3b, 0x3c, 0x3b, 0x5d, 0x3b, 0xfa, 0x32, 0xfb, 0x3a,
    0x98, 0x2a, 0x14, 0x22, 0xfa, 0x32, 0x35, 0x22, 0x98, 0x2a, 0x3c, 0x3b,
    0x76, 0x2a, 0x98, 0x2a, 0xfa, 0x32, 0xda, 0x32, 0xda, 0x32, 0xfb, 0x32,
    0x1b, 0x33, 0x1b, 0x3b, 0x1b, 0x3b, 0x3c, 0x33, 0x1b, 0x3b, 0x99, 0x2a,
    0xd1, 0x19, 0xfa, 0x32, 0x5c, 0x3b, 0xbf, 0x43, 0x34, 0x22, 0x09, 0x11,
    0xb9, 0x32, 0x98, 0x2a, 0xb9, 0x2a, 0x98, 0x2a, 0x77, 0x2a, 0x36, 0x22,
    0x98, 0x2a, 0xb9, 0x32, 0xf3, 0x21, 0x77, 0x22, 0x78, 0x2a, 0xb8, 0x2a,
    0xb8, 0x32, 0x98, 0x32, 0xb8, 0x2a, 0x98, 0x32, 0xb7, 0x32, 0x97, 0x2a,
    0x97, 0x2a, 0x97, 0x2a, 0x96, 0x2a, 0x76, 0x32, 0x75, 0x2a, 0x75, 0x2a,
    0x75, 0x2a, 0x54, 0x2a, 0x54, 0x2a, 0x53, 0x2a, 0x13, 0x2a, 0x12, 0x2a,
    0x8d, 0x19, 0x8e, 0x19, 0xaf, 0x21, 0xb0, 0x21, 0xd0, 0x19, 0xd1, 0x21,
    0xf1, 0x21, 0xf2, 0x21, 0xf2, 0x21, 0xf2, 0x21, 0x13, 0x22, 0x13, 0x22,
    0x14, 0x2a, 0x34, 0x2a, 0x35, 0x22, 0x35, 0x22, 0x56, 0x2a, 0x56, 0x2a,
    0x56, 0x22, 0x57, 0x2a, 0x77, 0x2a, 0x78, 0x22, 0x78, 0x2a, 0x78, 0x2a,
    0x98, 0x2a, 0x98, 0x2a, 0x98, 0x2a, 0x78, 0x2a, 0x98, 0x2a, 0x98, 0x2a,
    0x99, 0x2a, 0x98, 0x2a, 0x99, 0x2a, 0xb9, 0x2a, 0xda, 0x32, 0xda, 0x32,
    0xfa, 0x32, 0x1b, 0x33, 0x1b, 0x3b, 0x1b, 0x33, 0x3c, 0x3b, 0x1c, 0x3b,
    0x3c, 0x3b, 0x3c, 0x3b, 0x3c, 0x3b, 0x3b, 0x33, 0x1c, 0x3b, 0x3c, 0x3b,
    0x1b, 0x3b, 0x3c, 0x3b, 0x3c, 0x3b, 0x3c, 0x3b, 0x1c, 0x3b, 0x3c, 0x3b,
    0x3c, 0x3b, 0x1b, 0x3b, 0x3c, 0x33, 0x3c, 0x3b, 0x1b, 0x3b, 0x3b, 0x33,
    0x3b, 0x3b, 0x1b, 0x3b, 0x1b, 0x33, 0x1b, 0x3b, 0x1b, 0x33, 0xfa, 0x32,
    0xfa, 0x32, 0xda, 0x32, 0xb9, 0x2a, 0x98, 0x2a, 0xb9, 0x2a, 0xb9, 0x2a,
    0xb9, 0x2a, 0x99, 0x2a, 0xb9, 0x2a, 0x98, 0x2a, 0xb9, 0x2a, 0x99, 0x2a,
    0x98, 0x2a, 0x99, 0x2a, 0xb9, 0x2a, 0x98, 0x2a, 0xb9, 0x2a, 0x99, 0x2a,
    0x98, 0x2a, 0x98, 0x2a, 0x98, 0x2a, 0xb9, 0x2a, 0x98, 0x2a, 0x99, 0x2a,
    0x98, 0x2a, 0x99, 0x2a, 0x98, 0x2a, 0x99, 0x2a, 0x98, 0x2a, 0xb9, 0x2a,
    0x98, 0x2a, 0x99, 0x2a, 0x98, 0x2a, 0x98, 0x22, 0x99, 0x2a, 0x78, 0x2a,
    0x78, 0x2a, 0x99, 0x2a, 0xd9, 0x2a, 0xb9, 0x32, 0xda, 0x32, 0x98, 0x2a,
    0x78, 0x2a, 0xfb, 0x32, 0xfb, 0x32, 0x1b, 0x3b, 0x1b, 0x33, 0x3c, 0x3b,
    0x3c, 0x3b, 0x3c, 0x3b, 0x5c, 0x3b, 0x3c, 0x3b, 0x3c, 0x3b, 0x3c, 0x3b,
    0x3c, 0x3b, 0x3c, 0x3b, 0x3c, 0x3b, 0x3c, 0x3b, 0x3c, 0x3b, 0x3c, 0x3b,
    0x3c, 0x3b, 0x3c, 0x3b, 0x3c, 0x3b, 0x3c, 0x3b, 0x5c, 0x3b, 0x3c, 0x3b,
    0x5d, 0x43, 0xfa, 0x32, 0xd9, 0x32, 0x5d, 0x3b, 0xf3, 0x21, 0x98, 0x2a,
    0x98, 0x2a, 0xf2, 0x21, 0xda, 0x32, 0x98, 0x2a, 0x14, 0x22, 0x98, 0x2a,
    0xb9, 0x32, 0xb9, 0x32, 0xda, 0x32, 0xfa, 0x32, 0xfb, 0x32, 0xfb, 0x3a,
    0x1b, 0x33, 0x3b, 0x3b, 0xb9, 0x2a, 0xd1, 0x19, 0xda, 0x32, 0x5c, 0x43,
    0xbf, 0x43, 0x35, 0x22, 0x0a, 0x11, 0xb8, 0x32, 0x98, 0x2a, 0xb9, 0x2a,
    0x98, 0x2a, 0x57, 0x22, 0x36, 0x22, 0x36, 0x22, 0xfa, 0x32, 0x99, 0x2a,
    0x15, 0x22, 0x98, 0x2a, 0xb8, 0x2a, 0xb8, 0x2a, 0xb8, 0x2a, 0xb8, 0x32,
    0x98, 0x2a, 0xb7, 0x2a, 0x97, 0x32, 0x97, 0x2a, 0x97, 0x32, 0x96, 0x32,
    0x76, 0x2a, 0x76, 0x2a, 0x75, 0x2a, 0x75, 0x2a, 0x54, 0x2a, 0x54, 0x2a,
    0x53, 0x2a, 0x12, 0x2a, 0x12, 0x2a, 0x8e, 0x19, 0x8e, 0x19, 0xaf, 0x21,
    0xd0, 0x21, 0xd0, 0x19, 0xd1, 0x21, 0xd1, 0x21, 0xf2, 0x21, 0xf2, 0x21,
    0xf2, 0x21, 0x13, 0x22, 0x14, 0x22, 0x34, 0x2a, 0x34, 0x22, 0x35, 0x22,
    0x36, 0x2a, 0x56, 0x22, 0x56, 0x22, 0x57, 0x2a, 0x57, 0x2a, 0x77, 0x22,
    0x77, 0x2a, 0x78, 0x2a, 0x78, 0x22, 0x78, 0x2a, 0x98, 0x2a, 0x98, 0x2a,
    0x98, 0x2a, 0x98, 0x2a, 0x79, 0x2a, 0x99, 0x2a, 0x98, 0x2a, 0x99, 0x2a,
    0xb9, 0x2a, 0xda, 0x32, 0xda, 0x32, 0xfa, 0x32, 0x1b, 0x33, 0x1b, 0x3b,
    0x1b, 0x33, 0x1c, 0x3b, 0x3b, 0x3b, 0x3c, 0x33, 0x1c, 0x3b, 0x3c, 0x3b,
    0x3c, 0x3b, 0x3c, 0x3b, 0x3c, 0x3b, 0x1c, 0x33, 0x3b, 0x3b, 0x3c, 0x3b,
    0x1b, 0x3b, 0x3c, 0x3b, 0x3c, 0x33, 0x3c, 0x3b, 0x3c, 0x3b, 0x3c, 0x3b,
    0x3c, 0x3b, 0x3c, 0x3b, 0x1c, 0x3b, 0x3c, 0x3b, 0x1c, 0x33, 0x1b, 0x33,
    0x3b, 0x3b, 0x1b, 0x3b, 0xfb, 0x32, 0xfa, 0x32, 0xda, 0x32, 0xb9, 0x2a,
    0xb9, 0x2a, 0x99, 0x2a, 0xb9, 0x32, 0xb8, 0x2a, 0x99, 0x2a, 0x99, 0x2a,
    0x99, 0x2a, 0xb9, 0x2a, 0x98, 0x2a, 0x99, 0x2a, 0xb9, 0x2a, 0x98, 0x2a,
    0x98, 0x2a, 0x99, 0x2a, 0xb8, 0x2a, 0x99, 0x2a, 0x99, 0x2a, 0xb8, 0x2a,
    0x98, 0x2a, 0x99, 0x2a, 0xb8, 0x2a, 0x99, 0x2a, 0x98, 0x2a, 0x99, 0x2a,
    0x98, 0x2a, 0x99, 0x2a, 0x98, 0x2a, 0x98, 0x2a, 0x98, 0x2a, 0x98, 0x2a,
    0x98, 0x2a, 0x98, 0x2a, 0x98, 0x2a, 0x78, 0x2a, 0x99, 0x2a, 0xb9, 0x32,
    0xd9, 0x32, 0xda, 0x32, 0x78, 0x2a, 0x77, 0x2a, 0x1b, 0x33, 0xfa, 0x32,
    0x1b, 0x3b, 0x1b, 0x3b, 0x3c, 0x3b, 0x3c, 0x33, 0x3c, 0x3b, 0x3c, 0x3b,
    0x5c, 0x3b, 0x3c, 0x3b, 0x3c, 0x3b, 0x3c, 0x3b, 0x3c, 0x3b, 0x3c, 0x3b,
    0x3c, 0x3b, 0x3c, 0x3b, 0x3c, 0x3b, 0x5c, 0x3b, 0x3c, 0x3b, 0x3c, 0x3b,
    0x5c, 0x3b, 0x3c, 0x3b, 0x3c, 0x3b, 0x5d, 0x3b, 0x3b, 0x3b, 0xb9, 0x2a,
    0x5c, 0x3b, 0x3b, 0x3b, 0xf2, 0x21, 0x98, 0x2a, 0x78, 0x2a, 0x35, 0x22,
    0x77, 0x22, 0x78, 0x2a, 0x36, 0x22, 0x57, 0x22, 0x98, 0x2a, 0xb9, 0x2a,
    0xda, 0x32, 0xfa, 0x32, 0xfb, 0x32, 0xfb, 0x32, 0x3b, 0x3b, 0x98, 0x2a,
    0xd2, 0x21, 0xfa, 0x32, 0x5d, 0x3b, 0xbf, 0x4b, 0x35, 0x22, 0x0a, 0x11,
    0xb9, 0x32, 0x98, 0x2a, 0xb9, 0x32, 0x98, 0x2a, 0x57, 0x22, 0x36, 0x22,
    0x58, 0x22, 0x14, 0x1a, 0x36, 0x22, 0x77, 0x22, 0x78, 0x2a, 0xb8, 0x32,
    0xb8, 0x2a, 0xb8, 0x32, 0xb8, 0x32, 0x98, 0x2a, 0xb7, 0x2a, 0x97, 0x32,
    0x97, 0x2a, 0x96, 0x2a, 0x76, 0x32, 0x76, 0x2a, 0x75, 0x2a, 0x75, 0x32,
    0x55, 0x32, 0x54, 0x2a, 0x54, 0x32, 0x53, 0x32, 0x32, 0x2a, 0x12, 0x2a,
    0x8d, 0x19, 0x8e, 0x21, 0xb0, 0x21, 0xb0, 0x21, 0xd0, 0x21, 0xd1, 0x21,
    0xf2, 0x21, 0xf2, 0x21, 0xf2, 0x21, 0xf3, 0x21, 0x13, 0x22, 0x14, 0x22,
    0x14, 0x22, 0x35, 0x22, 0x35, 0x2a, 0x55, 0x22, 0x56, 0x2a, 0x56, 0x22,
    0x56, 0x22, 0x57, 0x2a, 0x77, 0x22, 0x78, 0x2a, 0x77, 0x2a, 0x78, 0x2a,
    0x98, 0x2a, 0x98, 0x2a, 0x98, 0x2a, 0x98, 0x2a, 0x99, 0x2a, 0x99, 0x2a,
    0x98, 0x2a, 0x98, 0x2a, 0x99, 0x2a, 0xb9, 0x2a, 0xda, 0x2a, 0xda, 0x32,
    0xfa, 0x32, 0xfb, 0x32, 0x1b, 0x3b, 0x3b, 0x33, 0x1c, 0x3b, 0x1b, 0x3b,
    0x3c, 0x3b, 0x3b, 0x3b, 0x1b, 0x3b, 0x3c, 0x3b, 0x3b, 0x3b, 0x3c, 0x3b,
    0x3c, 0x3b, 0x3c, 0x3b, 0x1c, 0x33, 0x3b, 0x3b, 0x3c, 0x3b, 0x1b, 0x3b,
    0x3b, 0x3b, 0x3c, 0x3b, 0x1c, 0x3b, 0x3b, 0x3b, 0x3c, 0x3b, 0x3c, 0x3b,
    0x3c, 0x3b, 0x3b, 0x3b, 0x1c, 0x33, 0x3b, 0x3b, 0x1b, 0x3b, 0x1b, 0x33,
    0xfa, 0x32, 0xda, 0x32, 0xb9, 0x32, 0xb9, 0x2a, 0x99, 0x2a, 0xb9, 0x2a,
    0xb9, 0x2a, 0x98, 0x2a, 0x99, 0x2a, 0x99, 0x2a, 0x98, 0x2a, 0x99, 0x2a,
    0xb9, 0x2a, 0x98, 0x2a, 0x99, 0x2a, 0x99, 0x2a, 0x99, 0x2a, 0xb8, 0x2a,
    0x99, 0x2a, 0x99, 0x2a, 0xb8, 0x2a, 0x99, 0x2a, 0x99, 0x2a, 0x98, 0x2a,
    0xb8, 0x2a, 0x99, 0x2a, 0x98, 0x2a, 0xb9, 0x2a, 0x99, 0x2a, 0x98, 0x2a,
    0x99, 0x2a, 0x99, 0x2a, 0x98, 0x2a, 0x99, 0x2a, 0x78, 0x2a, 0x98, 0x2a,
    0x78, 0x22, 0x98, 0x2a, 0xb9, 0x2a, 0xd9, 0x2a, 0xda, 0x32, 0x98, 0x2a,
    0x78, 0x2a, 0xfa, 0x32, 0xfb, 0x32, 0x1b, 0x33, 0x1b, 0x33, 0x1b, 0x33,
    0x3c, 0x3b, 0x3c, 0x3b, 0x3c, 0x3b, 0x3c, 0x3b, 0x5c, 0x3b, 0x5c, 0x3b,
    0x3c, 0x3b, 0x5c, 0x3b, 0x5c, 0x3b, 0x3c, 0x3b, 0x3c, 0x3b, 0x5c, 0x3b,
    0x3c, 0x3b, 0x3c, 0x3b, 0x5c, 0x3b, 0x3c, 0x3b, 0x3c, 0x3b, 0x3c, 0x3b,
    0x5d, 0x3b, 0xfa, 0x32, 0x98, 0x2a, 0xb9, 0x32, 0x9e, 0x43, 0xb9, 0x2a,
    0xf3, 0x21, 0x98, 0x2a, 0x78, 0x2a, 0x56, 0x22, 0x57, 0x2a, 0xb9, 0x32,
    0x99, 0x2a, 0x56, 0x22, 0x56, 0x22, 0x98, 0x2a, 0xda, 0x32, 0xfb, 0x32,
    0x1b, 0x33, 0x1b, 0x3b, 0x78, 0x2a, 0xf2, 0x21, 0x1b, 0x3b, 0x3c, 0x3b,
    0xbf, 0x43, 0x36, 0x2a, 0x2a, 0x11, 0xb9, 0x2a, 0x98, 0x2a, 0xb9, 0x2a,
    0x78, 0x2a, 0x57, 0x22, 0x36, 0x22, 0x57, 0x22, 0x77, 0x22, 0x57, 0x22,
    0x57, 0x22, 0x98, 0x2a, 0xb9, 0x32, 0xb9, 0x2a, 0xb8, 0x2a, 0xb8, 0x32,
    0x98, 0x32, 0x97, 0x2a, 0x97, 0x32, 0x97, 0x2a, 0x97, 0x2a, 0x76, 0x32,
    0x76, 0x2a, 0x75, 0x2a, 0x75, 0x2a, 0x75, 0x2a, 0x54, 0x2a, 0x54, 0x2a,
    0x53, 0x2a, 0x12, 0x2a, 0x12, 0x2a, 0x8e, 0x19, 0x8e, 0x19, 0xaf, 0x21,
    0xb0, 0x21, 0xd0, 0x21, 0xd1, 0x21, 0xf2, 0x19, 0xf2, 0x21, 0xf1, 0x21,
    0xf2, 0x21, 0x13, 0x22, 0x34, 0x22, 0x34, 0x2a, 0x35, 0x22, 0x35, 0x22,
    0x35, 0x22, 0x56, 0x2a, 0x57, 0x2a, 0x56, 0x22, 0x77, 0x2a, 0x77, 0x2a,
    0x78, 0x2a, 0x78, 0x22, 0x78, 0x2a, 0x78, 0x2a, 0x98, 0x22, 0x98, 0x2a,
    0x78, 0x2a, 0x99, 0x2a, 0x98, 0x2a, 0x98, 0x2a, 0x99, 0x2a, 0x98, 0x2a,
    0xb9, 0x2a, 0xb9, 0x32, 0xda, 0x32, 0xda, 0x32, 0xfb, 0x32, 0x1b, 0x3b,
    0x3b, 0x33, 0x1c, 0x33, 0x3c, 0x3b, 0x3c, 0x3b, 0x3c, 0x3b, 0x3c, 0x33,
    0x1c, 0x3b, 0x1c, 0x3b, 0x3b, 0x33, 0x3c, 0x3b, 0x1c, 0x3b, 0x3c, 0x3b,
    0x3c, 0x3b, 0x3c, 0x3b, 0x3c, 0x3b, 0x1c, 0x3b, 0x3c, 0x33, 0x3b, 0x3b,
    0x1c, 0x3b, 0x3c, 0x33, 0x1c, 0x3b, 0x3b, 0x3b, 0x3c, 0x3b, 0x3c, 0x3b,
    0x1c, 0x33, 0x1b, 0x33, 0x1b, 0x33, 0xfb, 0x32, 0xda, 0x32, 0xda, 0x32,
    0xb9, 0x2a, 0x99, 0x2a, 0xb9, 0x32, 0xb9, 0x2a, 0x99, 0x2a, 0x98, 0x2a,
    0xb9, 0x2a, 0x99, 0x2a, 0x99, 0x2a, 0x98, 0x2a, 0x99, 0x2a, 0xb9, 0x2a,
    0x98, 0x2a, 0x99, 0x2a, 0x99, 0x2a, 0x98, 0x2a, 0x98, 0x2a, 0x99, 0x2a,
    0x99, 0x2a, 0x98, 0x2a, 0x99, 0x2a, 0x99, 0x2a, 0x98, 0x2a, 0x98, 0x2a,
    0x99, 0x2a, 0x98, 0x2a, 0x98, 0x2a, 0x99, 0x2a, 0x99, 0x2a, 0x98, 0x2a,
    0x98, 0x2a, 0x98, 0x2a, 0x78, 0x2a, 0x78, 0x2a, 0x98, 0x2a, 0xb9, 0x2a,
    0xb9, 0x2a, 0xda, 0x32, 0x78, 0x2a, 0x77, 0x22, 0xfb, 0x32, 0xfa, 0x32,
    0xfb, 0x32, 0x1b, 0x3b, 0x3b, 0x33, 0x3c, 0x3b, 0x3c, 0x3b, 0x3c, 0x3b,
    0x3c, 0x3b, 0x3c, 0x3b, 0x3c, 0x3b, 0x3c, 0x3b, 0x3c, 0x3b, 0x3c, 0x3b,
    0x3c, 0x3b, 0x5c, 0x3b, 0x3c, 0x3b, 0x3c, 0x3b, 0x3c, 0x3b, 0x3c, 0x3b,
    0x3c, 0x3b, 0x3c, 0x3b, 0x3c, 0x3b, 0x7e, 0x43, 0xda, 0x32, 0x13, 0x22,
    0x57, 0x2a, 0xb9, 0x2a, 0x5d, 0x3b, 0xfa, 0x32, 0x98, 0x2a, 0xb9, 0x2a,
    0x78, 0x2a, 0x4c, 0x11, 0x09, 0x11, 0xb0, 0x19, 0x78, 0x2a, 0x98, 0x2a,
    0x78, 0x2a, 0x98, 0x2a, 0xda, 0x32, 0xfb, 0x32, 0x1b, 0x33, 0x78, 0x2a,
    0xf3, 0x21, 0x3c, 0x3b, 0x3c, 0x3b, 0xbf, 0x43, 0x35, 0x22, 0x2a, 0x11,
    0xb9, 0x32, 0x98, 0x2a, 0x98, 0x2a, 0x78, 0x2a, 0x36, 0x22, 0x36, 0x22,
    0x57, 0x22, 0x57, 0x2a, 0x57, 0x22, 0x77, 0x2a, 0x98, 0x2a, 0xb8, 0x32,
    0xb8, 0x2a, 0x98, 0x2a, 0xb8, 0x32, 0x98, 0x2a, 0xb7, 0x2a, 0x97, 0x32,
    0x97, 0x2a, 0x97, 0x32, 0x96, 0x32, 0x76, 0x2a, 0x76, 0x2a, 0x75, 0x32,
    0x74, 0x2a, 0x54, 0x2a, 0x54, 0x2a, 0x54, 0x2a, 0x32, 0x2a, 0x12, 0x2a,
    0x8e, 0x19, 0x8e, 0x19, 0xaf, 0x21, 0xd0, 0x21, 0xd0, 0x21, 0xd1, 0x21,
    0xf1, 0x21, 0xf2, 0x21, 0xf2, 0x21, 0x12, 0x22, 0x13, 0x22, 0x14, 0x22,
    0x34, 0x22, 0x35, 0x22, 0x35, 0x2a, 0x55, 0x22, 0x57, 0x2a, 0x57, 0x22,
    0x56, 0x22, 0x77, 0x2a, 0x77, 0x2a, 0x78, 0x22, 0x78, 0x2a, 0x98, 0x2a,
    0x78, 0x2a, 0x98, 0x2a, 0x98, 0x2a, 0x98, 0x2a, 0x99, 0x2a, 0x99, 0x2a,
    0x99, 0x2a, 0x98, 0x2a, 0x99, 0x2a, 0xb9, 0x2a, 0xb9, 0x32, 0xda, 0x32,
    0xfa, 0x32, 0xfa, 0x32, 0x1b, 0x33, 0x1b, 0x3b, 0x1b, 0x33, 0x3c, 0x3b,
    0x1c, 0x3b, 0x3c, 0x3b, 0x3c, 0x3b, 0x3c, 0x3b, 0x3c, 0x3b, 0x3b, 0x3b,
    0x1c, 0x3b, 0x3b, 0x3b, 0x3b, 0x3b, 0x3c, 0x3b, 0x1c, 0x33, 0x3c, 0x3b,
    0x3c, 0x3b, 0x3b, 0x3b, 0x3c, 0x3b, 0x3c, 0x3b, 0x3c, 0x33, 0x3c, 0x3b,
    0x3c, 0x3b, 0x3c, 0x3b, 0x1c, 0x3b, 0x3c, 0x3b, 0x3b, 0x3b, 0x1b, 0x3b,
    0xfa, 0x32, 0xfa, 0x32, 0xda, 0x32, 0xb9, 0x32, 0xb9, 0x2a, 0xb9, 0x2a,
    0xb9, 0x2a, 0xb9, 0x2a, 0x99, 0x2a, 0x98, 0x2a, 0xb9, 0x2a, 0x98, 0x2a,
    0x99, 0x2a, 0xb9, 0x2a, 0x98, 0x2a, 0x98, 0x2a, 0xb9, 0x2a, 0x98, 0x2a,
    0xb9, 0x2a, 0x99, 0x2a, 0x98, 0x2a, 0xb8, 0x2a, 0x98, 0x2a, 0x99, 0x2a,
    0x99, 0x2a, 0x98, 0x2a, 0x99, 0x22, 0x99, 0x2a, 0xb8, 0x2a, 0x98, 0x2a,
    0x98, 0x2a, 0x98, 0x2a, 0x98, 0x22, 0x98, 0x2a, 0x99, 0x2a, 0x78, 0x2a,
    0x78, 0x22, 0x98, 0x2a, 0x99, 0x2a, 0xb9, 0x2a, 0xd9, 0x32, 0x77, 0x2a,
    0x58, 0x22, 0xfa, 0x32, 0xfa, 0x32, 0xfb, 0x32, 0x1b, 0x3b, 0x1b, 0x3b,
    0x1c, 0x33, 0x3c, 0x3b, 0x3c, 0x33, 0x3c, 0x3b, 0x3c, 0x3b, 0x3c, 0x3b,
    0x3c, 0x3b, 0x3c, 0x3b, 0x3c, 0x3b, 0x3c, 0x3b, 0x3d, 0x3b, 0x3c, 0x3b,
    0x3c, 0x3b, 0x3d, 0x3b, 0x3c, 0x3b, 0x3c, 0x3b, 0x3c, 0x3b, 0x3c, 0x3b,
    0x5c, 0x3b, 0x3c, 0x3b, 0x99, 0x2a, 0x56, 0x22, 0x77, 0x2a, 0xfa, 0x32,
    0x56, 0x2a, 0xb0, 0x19, 0x6e, 0x19, 0xe9, 0x10, 0xc8, 0x08, 0xc7, 0x08,
    0xe8, 0x10, 0x4c, 0x19, 0x8f, 0x19, 0xb1, 0x19, 0x34, 0x22, 0x98, 0x2a,
    0xfa, 0x32, 0x3c, 0x3b, 0x36, 0x22, 0x14, 0x22, 0x5c, 0x3b, 0x3c, 0x3b,
    0xbf, 0x43, 0x35, 0x22, 0x0a, 0x11, 0xb9, 0x32, 0x98, 0x2a, 0x99, 0x2a,
    0x78, 0x2a, 0x56, 0x22, 0x36, 0x22, 0x57, 0x22, 0x57, 0x2a, 0x57, 0x22,
    0x77, 0x22, 0x98, 0x2a, 0xb9, 0x32, 0xb8, 0x32, 0xb8, 0x32, 0xb8, 0x2a,
    0x98, 0x32, 0xb7, 0x2a, 0x97, 0x32, 0x97, 0x2a, 0x96, 0x2a, 0x96, 0x32,
    0x76, 0x2a, 0x75, 0x2a, 0x75, 0x32, 0x55, 0x2a, 0x54, 0x32, 0x54, 0x32,
    0x53, 0x2a, 0x12, 0x2a, 0x12, 0x2a, 0x8e, 0x19, 0x8e, 0x21, 0xb0, 0x21,
    0xd0, 0x19, 0xd0, 0x21, 0xd1, 0x21, 0xf1, 0x21, 0xf2, 0x21, 0xf2, 0x21,
    0xf2, 0x21, 0x13, 0x22, 0x14, 0x22, 0x34, 0x22, 0x15, 0x2a, 0x35, 0x22,
    0x56, 0x22, 0x56, 0x2a, 0x56, 0x2a, 0x56, 0x22, 0x77, 0x2a, 0x77, 0x22,
    0x58, 0x2a, 0x77, 0x2a, 0x98, 0x22, 0x98, 0x2a, 0x98, 0x2a, 0x98, 0x2a,
    0x98, 0x2a, 0x99, 0x2a, 0x98, 0x2a, 0x98, 0x2a, 0x99, 0x2a, 0x98, 0x2a,
    0x99, 0x2a, 0xb9, 0x2a, 0xba, 0x32, 0xda, 0x32, 0xfa, 0x32, 0x1b, 0x33,
    0x1b, 0x3b, 0x1b, 0x3b, 0x3b, 0x3b, 0x1c, 0x3b, 0x3c, 0x3b, 0x3b, 0x3b,
    0x1c, 0x3b, 0x3c, 0x3b, 0x3c, 0x3b, 0x3c, 0x3b, 0x3c, 0x33, 0x3c, 0x3b,
    0x1b, 0x3b, 0x3c, 0x3b, 0x3b, 0x3b, 0x3c, 0x33, 0x1c, 0x3b, 0x1c, 0x3b,
    0x3b, 0x3b, 0x3b, 0x3b, 0x3c, 0x3b, 0x3c, 0x33, 0x3b, 0x3b, 0x3c, 0x3b,
    0x3c, 0x3b, 0x1b, 0x33, 0x3b, 0x3b, 0xfb, 0x32, 0xfa, 0x32, 0xda, 0x32,
    0xb9, 0x2a, 0xb9, 0x2a, 0xb9, 0x2a, 0xb9, 0x2a, 0xb9, 0x32, 0x99, 0x2a,
    0x99, 0x2a, 0xb9, 0x2a, 0x99, 0x2a, 0x98, 0x2a, 0xb9, 0x2a, 0x99, 0x2a,
    0x99, 0x2a, 0x98, 0x2a, 0xb9, 0x2a, 0x99, 0x2a, 0x98, 0x2a, 0x99, 0x2a,
    0x99, 0x2a, 0x98, 0x2a, 0xb8, 0x2a, 0x98, 0x2a, 0x99, 0x2a, 0x98, 0x2a,
    0x99, 0x2a, 0x99, 0x2a, 0x98, 0x2a, 0x99, 0x2a, 0x98, 0x2a, 0x78, 0x2a,
    0x99, 0x2a, 0x98, 0x2a, 0x78, 0x2a, 0x98, 0x22, 0x78, 0x2a, 0x98, 0x2a,
    0xb9, 0x2a, 0xd9, 0x32, 0x77, 0x2a, 0x57, 0x22, 0xfb, 0x32, 0xfa, 0x32,
    0xfa, 0x32, 0x1b, 0x33, 0x1b, 0x3b, 0x1c, 0x33, 0x1b, 0x3b, 0x3c, 0x3b,
    0x3c, 0x3b, 0x3c, 0x3b, 0x3c, 0x3b, 0x3c, 0x3b, 0x3d, 0x3b, 0x3c, 0x33,
    0x3c, 0x3b, 0x3c, 0x3b, 0x3c, 0x3b, 0x3c, 0x3b, 0x3c, 0x3b, 0x3c, 0x3b,
    0x3c, 0x3b, 0x3d, 0x3b, 0x3c, 0x3b, 0x5c, 0x3b, 0x3c, 0x3b, 0x1b, 0x33,
    0x99, 0x2a, 0xb9, 0x32, 0x8f, 0x19, 0x8f, 0x19, 0xda, 0x32, 0x35, 0x22,
    0x78, 0x2a, 0xfa, 0x32, 0xb9, 0x2a, 0x35, 0x22, 0x6e, 0x19, 0x0a, 0x11,
    0xe9, 0x10, 0x4c, 0x19, 0x8e, 0x19, 0xf4, 0x21, 0x1b, 0x3b, 0x78, 0x2a,
    0x35, 0x22, 0x5c, 0x3b, 0x3b, 0x3b, 0xbf, 0x43, 0x36, 0x22, 0x2a, 0x11,
    0xb9, 0x32, 0x98, 0x2a, 0xb8, 0x2a, 0x77, 0x22, 0x36, 0x22, 0x37, 0x22,
    0x57, 0x22, 0x57, 0x22, 0x37, 0x22, 0x77, 0x2a, 0xb8, 0x2a, 0xb9, 0x2a,
    0xb8, 0x32, 0xb8, 0x2a, 0x98, 0x2a, 0x98, 0x2a, 0x97, 0x32, 0x97, 0x2a,
    0x97, 0x2a, 0x77, 0x32, 0x96, 0x2a, 0x76, 0x2a, 0x75, 0x2a, 0x75, 0x2a,
    0x75, 0x2a, 0x54, 0x2a, 0x54, 0x2a, 0x53, 0x32, 0x32, 0x2a, 0x12, 0x2a,
    0x8e, 0x19, 0x8e, 0x19, 0xb0, 0x21, 0xd0, 0x21, 0xd0, 0x21, 0xd1, 0x21,
    0xf2, 0x21, 0xf2, 0x21, 0xf3, 0x21, 0x13, 0x22, 0x13, 0x22, 0x14, 0x2a,
    0x34, 0x22, 0x35, 0x2a, 0x35, 0x22, 0x55, 0x22, 0x56, 0x2a, 0x56, 0x22,
    0x57, 0x2a, 0x77, 0x2a, 0x78, 0x22, 0x78, 0x2a, 0x78, 0x2a, 0x78, 0x2a,
    0x78, 0x2a, 0x98, 0x2a, 0x99, 0x2a, 0x98, 0x2a, 0x98, 0x2a, 0x98, 0x2a,
    0x98, 0x2a, 0x99, 0x2a, 0x98, 0x2a, 0x99, 0x2a, 0xb9, 0x2a, 0xda, 0x2a,
    0xda, 0x32, 0xfa, 0x32, 0xfb, 0x32, 0x1b, 0x33, 0x3b, 0x33, 0x1c, 0x33,
    0x3b, 0x3b, 0x3c, 0x3b, 0x3c, 0x33, 0x3b, 0x3b, 0x1c, 0x3b, 0x3b, 0x33,
    0x3c, 0x3b, 0x1c, 0x3b, 0x3c, 0x3b, 0x3c, 0x3b, 0x3c, 0x3b, 0x1c, 0x3b,
    0x3b, 0x3b, 0x3c, 0x3b, 0x3c, 0x33, 0x3c, 0x3b, 0x3c, 0x3b, 0x3c, 0x3b,
    0x3c, 0x3b, 0x3c, 0x3b, 0x3c, 0x3b, 0x1b, 0x33, 0x1b, 0x3b, 0x3b, 0x33,
    0xfb, 0x32, 0xfa, 0x32, 0xda, 0x32, 0xda, 0x32, 0xb9, 0x2a, 0xb9, 0x2a,
    0x99, 0x32, 0xb9, 0x2a, 0x98, 0x2a, 0x99, 0x2a, 0x99, 0x2a, 0xb9, 0x2a,
    0x98, 0x2a, 0x98, 0x2a, 0x99, 0x2a, 0x99, 0x2a, 0x98, 0x2a, 0x98, 0x2a,
    0x99, 0x2a, 0x98, 0x2a, 0x98, 0x2a, 0x99, 0x2a, 0x98, 0x2a, 0x99, 0x2a,
    0x98, 0x2a, 0x98, 0x2a, 0x98, 0x2a, 0x98, 0x2a, 0x98, 0x2a, 0x98, 0x2a,
    0x98, 0x2a, 0x99, 0x2a, 0x98, 0x2a, 0x98, 0x2a, 0x78, 0x2a, 0x98, 0x2a,
    0x98, 0x2a, 0x78, 0x2a, 0x98, 0x2a, 0xb9, 0x2a, 0xb9, 0x32, 0x78, 0x2a,
    0x78, 0x2a, 0xda, 0x32, 0xda, 0x32, 0xfb, 0x32, 0x1b, 0x33, 0x1b, 0x3b,
    0x3b, 0x33, 0x3c, 0x3b, 0x3c, 0x3b, 0x3c, 0x33, 0x3c, 0x3b, 0x3c, 0x3b,
    0x5c, 0x3b, 0x3c, 0x3b, 0x3c, 0x3b, 0x3c, 0x3b, 0x3c, 0x3b, 0x3c, 0x33,
    0x3c, 0x3b, 0x3c, 0x3b, 0x3c, 0x33, 0x3c, 0x3b, 0x3c, 0x3b, 0x3c, 0x3b,
    0x3c, 0x3b, 0x3b, 0x33, 0x1c, 0x3b, 0x1b, 0x3b, 0x8f, 0x19, 0x56, 0x22,
    0xbf, 0x43, 0xbf, 0x43, 0xbe, 0x43, 0x9e, 0x43, 0x5d, 0x3b, 0x5c, 0x3b,
    0x1c, 0x3b, 0xda, 0x32, 0x78, 0x2a, 0x34, 0x22, 0x6e, 0x19, 0x4c, 0x11,
    0x4c, 0x11, 0xf1, 0x19, 0x35, 0x22, 0x78, 0x2a, 0x5c, 0x3b, 0x1c, 0x3b,
    0xbe, 0x43, 0x35, 0x22, 0x2a, 0x11, 0xb9, 0x32, 0x98, 0x2a, 0x98, 0x2a,
    0x57, 0x22, 0x36, 0x22, 0x36, 0x22, 0x57, 0x22, 0x57, 0x22, 0x57, 0x22,
    0x77, 0x2a, 0xb9, 0x32, 0xb9, 0x2a, 0xb8, 0x32, 0x98, 0x32, 0x98, 0x2a,
    0xb8, 0x32, 0x97, 0x32, 0x97, 0x2a, 0x97, 0x2a, 0x97, 0x32, 0x76, 0x2a,
    0x76, 0x32, 0x76, 0x32, 0x75, 0x2a, 0x75, 0x2a, 0x54, 0x32, 0x54, 0x2a,
    0x53, 0x2a, 0x12, 0x2a, 0x12, 0x2a, 0x8e, 0x19, 0x8e, 0x19, 0xaf, 0x21,
    0xd0, 0x21, 0xd0, 0x21, 0xd1, 0x21, 0xf2, 0x21, 0xf2, 0x21, 0x12, 0x22,
    0x13, 0x22, 0x13, 0x22, 0x34, 0x2a, 0x34, 0x22, 0x35, 0x22, 0x35, 0x2a,
    0x56, 0x22, 0x57, 0x2a, 0x56, 0x22, 0x57, 0x22, 0x57, 0x2a, 0x77, 0x2a,
    0x78, 0x2a, 0x78, 0x2a, 0x98, 0x2a, 0x78, 0x2a, 0x98, 0x2a, 0x99, 0x2a,
    0x78, 0x2a, 0x99, 0x2a, 0x99, 0x2a, 0x99, 0x2a, 0x99, 0x2a, 0xb8, 0x2a,
    0x99, 0x2a, 0xb9, 0x2a, 0xd9, 0x32, 0xda, 0x32, 0xfa, 0x32, 0xfa, 0x32,
    0x1b, 0x3b, 0x1b, 0x3b, 0x3c, 0x33, 0x1b, 0x3b, 0x1c, 0x3b, 0x3c, 0x3b,
    0x3c, 0x3b, 0x3c, 0x3b, 0x1b, 0x3b, 0x3c, 0x3b, 0x3c, 0x3b, 0x1b, 0x3b,
    0x3c, 0x3b, 0x3c, 0x33, 0x3c, 0x3b, 0x3b, 0x3b, 0x3c, 0x3b, 0x1c, 0x3b,
    0x3b, 0x3b, 0x3c, 0x33, 0x3c, 0x33, 0x3b, 0x3b, 0x3c, 0x3b, 0x1c, 0x3b,
    0x3c, 0x3b, 0x3b, 0x33, 0x1b, 0x3b, 0x1b, 0x33, 0xfb, 0x32, 0xda, 0x32,
    0xba, 0x32, 0xb9, 0x2a, 0xb9, 0x2a, 0xb9, 0x2a, 0xb9, 0x2a, 0xb8, 0x2a,
    0x99, 0x2a, 0x99, 0x2a, 0x98, 0x2a, 0xb9, 0x2a, 0x99, 0x2a, 0x98, 0x2a,
    0xb9, 0x2a, 0x99, 0x2a, 0x99, 0x2a, 0xb9, 0x2a, 0x98, 0x2a, 0x99, 0x2a,
    0x98, 0x2a, 0x98, 0x2a, 0x99, 0x2a, 0x98, 0x2a, 0x99, 0x2a, 0x99, 0x2a,
    0x98, 0x2a, 0x99, 0x2a, 0x99, 0x2a, 0x99, 0x2a, 0x98, 0x22, 0x98, 0x2a,
    0x98, 0x2a, 0x78, 0x22, 0x78, 0x2a, 0x98, 0x2a, 0x78, 0x2a, 0x98, 0x2a,
    0x99, 0x2a, 0xb9, 0x2a, 0x56, 0x22, 0x56, 0x22, 0xfa, 0x32, 0xda, 0x32,
    0xfa, 0x32, 0xfb, 0x3a, 0x1b, 0x33, 0x1b, 0x33, 0x3c, 0x3b, 0x1c, 0x3b,
    0x3c, 0x3b, 0x3c, 0x3b, 0x3c, 0x3b, 0x3c, 0x3b, 0x3c, 0x3b, 0x3c, 0x3b,
    0x3c, 0x3b, 0x3c, 0x3b, 0x3c, 0x3b, 0x3c, 0x3b, 0x3c, 0x3b, 0x3c, 0x33,
    0x3c, 0x3b, 0x3c, 0x3b, 0x3c, 0x3b, 0x3c, 0x3b, 0x5d, 0x3b, 0xfa, 0x32,
    0xf2, 0x21, 0x78, 0x2a, 0xbf, 0x43, 0x7d, 0x3b, 0x1b, 0x3b, 0x1c, 0x3b,
    0x3b, 0x33, 0x1b, 0x3b, 0x1b, 0x3b, 0x3b, 0x3b, 0x3c, 0x3b, 0x3c, 0x3b,
    0x1b, 0x33, 0x99, 0x2a, 0x35, 0x22, 0xd1, 0x19, 0x4d, 0x19, 0x8f, 0x19,
    0x78, 0x2a, 0x5c, 0x3b, 0x3c, 0x3b, 0xbe, 0x43, 0x35, 0x22, 0x0a, 0x11,
    0xb9, 0x32, 0x98, 0x2a, 0x78, 0x2a, 0x57, 0x22, 0x36, 0x22, 0x36, 0x22,
    0x57, 0x22, 0x57, 0x2a, 0x36, 0x22, 0x78, 0x2a, 0xb8, 0x32, 0xb8, 0x2a,
    0x98, 0x2a, 0xb8, 0x32, 0xb8, 0x2a, 0xb8, 0x2a, 0xb7, 0x32, 0x97, 0x32,
    0x97, 0x2a, 0x96, 0x2a, 0x96, 0x32, 0x76, 0x2a, 0x75, 0x2a, 0x75, 0x2a,
    0x75, 0x2a, 0x54, 0x2a, 0x54, 0x32, 0x53, 0x2a, 0x12, 0x2a, 0x12, 0x2a,
    0x8e, 0x21, 0x8e, 0x19, 0xd0, 0x21, 0xd0, 0x21, 0xd0, 0x21, 0xf1, 0x21,
    0xf1, 0x21, 0xf2, 0x21, 0xf2, 0x21, 0xf3, 0x21, 0x13, 0x22, 0x14, 0x22,
    0x34, 0x22, 0x35, 0x2a, 0x35, 0x2a, 0x56, 0x22, 0x56, 0x2a, 0x56, 0x2a,
    0x57, 0x22, 0x77, 0x2a, 0x77, 0x22, 0x77, 0x2a, 0x78, 0x22, 0x98, 0x2a,
    0x78, 0x2a, 0x98, 0x22, 0x98, 0x2a, 0x98, 0x2a, 0x99, 0x2a, 0x98, 0x2a,
    0x99, 0x2a, 0x99, 0x2a, 0x98, 0x2a, 0x99, 0x2a, 0xb9, 0x2a, 0xd9, 0x2a,
    0xba, 0x32, 0xfa, 0x32, 0xfb, 0x32, 0x1b, 0x33, 0x1b, 0x3b, 0x3b, 0x33,
    0x3c, 0x3b, 0x1c, 0x3b, 0x3c, 0x3b, 0x3c, 0x3b, 0x3c, 0x3b, 0x3c, 0x3b,
    0x3c, 0x3b, 0x3b, 0x3b, 0x3c, 0x3b, 0x1b, 0x3b, 0x3c, 0x3b, 0x3c, 0x3b,
    0x1c, 0x3b, 0x1b, 0x33, 0x3c, 0x3b, 0x3c, 0x3b, 0x3c, 0x3b, 0x3b, 0x3b,
    0x3c, 0x3b, 0x3c, 0x3b, 0x3c, 0x3b, 0x3c, 0x3b, 0x1c, 0x3b, 0x3b, 0x33,
    0x1b, 0x3b, 0xfb, 0x32, 0xfa, 0x32, 0xda, 0x32, 0xb9, 0x2a, 0xb9, 0x32,
    0xb9, 0x2a, 0x99, 0x2a, 0xb9, 0x2a, 0x99, 0x32, 0x99, 0x2a, 0x98, 0x2a,
    0x99, 0x2a, 0xb9, 0x2a, 0x98, 0x2a, 0x98, 0x2a, 0xb9, 0x2a, 0x98, 0x2a,
    0x99, 0x2a, 0xb8, 0x2a, 0x99, 0x2a, 0x98, 0x2a, 0x99, 0x2a, 0x98, 0x2a,
    0x98, 0x2a, 0x98, 0x2a, 0x99, 0x22, 0x98, 0x2a, 0x99, 0x2a, 0x98, 0x2a,
    0x98, 0x2a, 0x98, 0x2a, 0x99, 0x2a, 0x98, 0x2a, 0x78, 0x2a, 0x98, 0x2a,
    0x78, 0x22, 0x78, 0x22, 0x98, 0x2a, 0x99, 0x2a, 0xb9, 0x32, 0x56, 0x22,
    0x56, 0x22, 0xda, 0x32, 0xda, 0x32, 0xfa, 0x32, 0x1b, 0x33, 0x1b, 0x33,
    0x1b, 0x3b, 0x1b, 0x33, 0x3c, 0x3b, 0x3c, 0x3b, 0x3c, 0x33, 0x3c, 0x3b,
    0x3c, 0x33, 0x3c, 0x3b, 0x3c, 0x3b, 0x3c, 0x33, 0x3c, 0x3b, 0x3c, 0x3b,
    0x3c, 0x3b, 0x3c, 0x3b, 0x3c, 0x3b, 0x3c, 0x3b, 0x3c, 0x3b, 0x3c, 0x3b,
    0x3c, 0x3b, 0x5c, 0x3b, 0xfb, 0x32, 0xd9, 0x32, 0xbe, 0x43, 0x7d, 0x3b,
    0x3c, 0x3b, 0x3c, 0x3b, 0x1c, 0x3b, 0x3b, 0x33, 0x1b, 0x33, 0x1b, 0x33,
    0x1b, 0x33, 0xfb, 0x32, 0xfa, 0x32, 0xfb, 0x32, 0x1b, 0x3b, 0xfb, 0x32,
    0xb9, 0x32, 0x35, 0x22, 0x36, 0x22, 0xfa, 0x32, 0xfa, 0x32, 0x1b, 0x3b,
    0xbf, 0x43, 0x14, 0x22, 0x09, 0x11, 0xb9, 0x32, 0x98, 0x2a, 0x77, 0x2a,
    0x36, 0x22, 0x35, 0x22, 0x36, 0x22, 0x57, 0x22, 0x57, 0x22, 0x37, 0x22,
    0x98, 0x2a, 0xb9, 0x2a, 0xb8, 0x32, 0xb8, 0x2a, 0x98, 0x32, 0xb8, 0x2a,
    0x98, 0x2a, 0x97, 0x32, 0x97, 0x2a, 0x97, 0x2a, 0x76, 0x32, 0x76, 0x2a,
    0x76, 0x2a, 0x75, 0x2a, 0x75, 0x32, 0x74, 0x2a, 0x54, 0x2a, 0x54, 0x32,
    0x53, 0x2a, 0x32, 0x2a, 0x32, 0x2a, 0x8e, 0x19, 0x8e, 0x19, 0xb0, 0x21,
    0xd0, 0x21, 0xd1, 0x21, 0xd1, 0x19, 0xf1, 0x21, 0xf3, 0x21, 0x12, 0x22,
    0x12, 0x22, 0x14, 0x22, 0x34, 0x2a, 0x35, 0x22, 0x35, 0x22, 0x35, 0x22,
    0x56, 0x22, 0x56, 0x2a, 0x56, 0x22, 0x57, 0x2a, 0x77, 0x2a, 0x77, 0x2a,
    0x78, 0x2a, 0x78, 0x22, 0x78, 0x2a, 0x98, 0x2a, 0x98, 0x2a, 0x98, 0x2a,
    0x99, 0x2a, 0x98, 0x2a, 0x98, 0x2a, 0x99, 0x2a, 0xb8, 0x2a, 0x99, 0x2a,
    0x98, 0x2a, 0x99, 0x2a, 0xd9, 0x2a, 0xba, 0x32, 0xfa, 0x32, 0xfa, 0x32,
    0x1b, 0x33, 0x1b, 0x3b, 0x1b, 0x33, 0x3c, 0x33, 0x1b, 0x3b, 0x3c, 0x3b,
    0x3c, 0x33, 0x1b, 0x3b, 0x3c, 0x3b, 0x1c, 0x33, 0x3c, 0x3b, 0x3c, 0x3b,
    0x3c, 0x33, 0x3b, 0x3b, 0x3c, 0x3b, 0x3c, 0x3b, 0x3c, 0x3b, 0x3c, 0x33,
    0x3c, 0x3b, 0x3c, 0x3b, 0x3c, 0x3b, 0x3c, 0x33, 0x3c, 0x3b, 0x3c, 0x3b,
    0x3b, 0x33, 0x1b, 0x3b, 0x3b, 0x33, 0x1b, 0x3b, 0xfa, 0x32, 0xfa, 0x32,
    0xda, 0x32, 0xd9, 0x32, 0xd9, 0x32, 0xb9, 0x2a, 0xb9, 0x2a, 0x99, 0x2a,
    0x98, 0x2a, 0xb9, 0x2a, 0x99, 0x2a, 0x99, 0x2a, 0x98, 0x2a, 0x99, 0x2a,
    0x99, 0x2a, 0x98, 0x2a, 0x99, 0x2a, 0x98, 0x2a, 0x99, 0x2a, 0x98, 0x2a,
    0x99, 0x2a, 0x98, 0x2a, 0x99, 0x2a, 0x98, 0x2a, 0x99, 0x2a, 0x98, 0x2a,
    0x98, 0x2a, 0x99, 0x2a, 0x98, 0x2a, 0x98, 0x2a, 0x98, 0x2a, 0x99, 0x2a,
    0x98, 0x2a, 0x78, 0x2a, 0x98, 0x2a, 0x98, 0x2a, 0x78, 0x2a, 0x78, 0x2a,
    0x98, 0x2a, 0x98, 0x2a, 0x56, 0x2a, 0x57, 0x22, 0xda, 0x32, 0xda, 0x32,
    0xda, 0x32, 0xfb, 0x32, 0x1b, 0x3b, 0x1b, 0x3b, 0x1b, 0x33, 0x3c, 0x33,
    0x1b, 0x3b, 0x3c, 0x3b, 0x3c, 0x3b, 0x3c, 0x3b, 0x3c, 0x3b, 0x3c, 0x33,
    0x3c, 0x3b, 0x1c, 0x33, 0x3c, 0x3b, 0x3c, 0x33, 0x1c, 0x3b, 0x3c, 0x3b,
    0x3b, 0x33, 0x3c, 0x3b, 0x3c, 0x3b, 0x3c, 0x3b, 0x1b, 0x3b, 0x3c, 0x3b,
    0x9e, 0x43, 0x5c, 0x3b, 0x3c, 0x3b, 0x3c, 0x3b, 0x1c, 0x33, 0x3c, 0x3b,
    0x1b, 0x3b, 0x1b, 0x33, 0xfb, 0x32, 0xfb, 0x32, 0xfa, 0x32, 0xda, 0x32,
    0xda, 0x32, 0xda, 0x32, 0xda, 0x32, 0xfb, 0x32, 0xfa, 0x32, 0xda, 0x32,
    0xda, 0x32, 0xba, 0x2a, 0xba, 0x2a, 0x7d, 0x43, 0x35, 0x22, 0x09, 0x11,
    0xb9, 0x32, 0x78, 0x2a, 0x77, 0x2a, 0x35, 0x22, 0x35, 0x22, 0x37, 0x22,
    0x57, 0x22, 0x36, 0x22, 0x57, 0x22, 0x98, 0x2a, 0xb9, 0x32, 0xb9, 0x2a,
    0x98, 0x32, 0xb8, 0x32, 0x98, 0x2a, 0x98, 0x32, 0x97, 0x32, 0x97, 0x2a,
    0x97, 0x2a, 0x97, 0x32, 0x76, 0x32, 0x76, 0x2a, 0x76, 0x2a, 0x75, 0x32,
    0x54, 0x2a, 0x54, 0x2a, 0x54, 0x2a, 0x54, 0x2a, 0x12, 0x2a, 0x12, 0x2a,
    0x8e, 0x21, 0x8e, 0x19, 0xd0, 0x21, 0xd0, 0x21, 0xd1, 0x21, 0xd1, 0x21,
    0xf2, 0x21, 0x13, 0x22, 0xf2, 0x21, 0x12, 0x22, 0x13, 0x22, 0x34, 0x22,
    0x35, 0x22, 0x35, 0x2a, 0x35, 0x22, 0x56, 0x22, 0x57, 0x2a, 0x56, 0x22,
    0x57, 0x22, 0x77, 0x2a, 0x77, 0x2a, 0x78, 0x2a, 0x78, 0x2a, 0x98, 0x2a,
    0x98, 0x2a, 0x98, 0x2a, 0x78, 0x2a, 0x98, 0x2a, 0x99, 0x2a, 0x99, 0x2a,
    0x99, 0x2a, 0x98, 0x2a, 0xb9, 0x2a, 0x98, 0x2a, 0x99, 0x2a, 0xd9, 0x2a,
    0xda, 0x32, 0xda, 0x32, 0xfa, 0x32, 0xfb, 0x3a, 0x1b, 0x33, 0x1b, 0x3b,
    0x1c, 0x3b, 0x3c, 0x3b, 0x1c, 0x3b, 0x3c, 0x3b, 0x3b, 0x3b, 0x1c, 0x3b,
    0x3c, 0x3b, 0x3b, 0x3b, 0x1c, 0x3b, 0x3c, 0x3b, 0x1c, 0x3b, 0x3b, 0x3b,
    0x3c, 0x3b, 0x3c, 0x3b, 0x3b, 0x3b, 0x3c, 0x3b, 0x3c, 0x3b, 0x3b, 0x33,
    0x3c, 0x3b, 0x3c, 0x3b, 0x3b, 0x3b, 0x3c, 0x3b, 0x1c, 0x3b, 0x1c, 0x33,
    0x1b, 0x33, 0xfb, 0x32, 0xfa, 0x32, 0xda, 0x32, 0xb9, 0x2a, 0xb9, 0x2a,
    0xb9, 0x2a, 0x99, 0x2a, 0xb9, 0x2a, 0xb9, 0x2a, 0xb8, 0x2a, 0x99, 0x2a,
    0xb9, 0x2a, 0x98, 0x2a, 0xb9, 0x2a, 0x99, 0x2a, 0x98, 0x2a, 0xb9, 0x2a,
    0x99, 0x2a, 0x98, 0x2a, 0xb9, 0x2a, 0x98, 0x2a, 0x98, 0x2a, 0x99, 0x2a,
    0x98, 0x2a, 0x99, 0x2a, 0x98, 0x2a, 0x98, 0x2a, 0x99, 0x2a, 0x99, 0x2a,
    0x98, 0x2a, 0x98, 0x2a, 0x78, 0x2a, 0x99, 0x2a, 0x78, 0x22, 0x78, 0x2a,
    0x98, 0x2a, 0x78, 0x22, 0x98, 0x2a, 0x98, 0x2a, 0x99, 0x2a, 0x36, 0x22,
    0x57, 0x22, 0xda, 0x32, 0xda, 0x32, 0xda, 0x32, 0xfa, 0x32, 0xfb, 0x32,
    0x1b, 0x33, 0x3b, 0x3b, 0x1c, 0x33, 0x3b, 0x3b, 0x1b, 0x3b, 0x3c, 0x3b,
    0x1c, 0x3b, 0x1b, 0x3b, 0x3c, 0x3b, 0x1c, 0x3b, 0x1b, 0x3b, 0x3c, 0x3b,
    0x1c, 0x3b, 0x1b, 0x3b, 0x3c, 0x3b, 0x1c, 0x3b, 0x1b, 0x3b, 0x3c, 0x3b,
    0x1c, 0x3b, 0x3c, 0x33, 0x5c, 0x3b, 0x5c, 0x3b, 0x3c, 0x3b, 0x1c, 0x3b,
    0x1c, 0x3b, 0x3b, 0x33, 0x1b, 0x33, 0xfb, 0x32, 0xfb, 0x32, 0xfa, 0x32,
    0xda, 0x32, 0xda, 0x32, 0xba, 0x2a, 0xda, 0x2a, 0xda, 0x2a, 0xba, 0x2a,
    0xb9, 0x2a, 0xda, 0x2a, 0xba, 0x2a, 0xb9, 0x2a, 0xd9, 0x2a, 0xb9, 0x2a,
    0x99, 0x2a, 0xda, 0x32, 0xb9, 0x2a, 0x35, 0x22, 0x77, 0x2a, 0x57, 0x22,
    0x15, 0x22, 0x36, 0x22, 0x36, 0x22, 0x37, 0x22, 0x56, 0x22, 0x57, 0x2a,
    0x98, 0x2a, 0xb9, 0x32, 0xb8, 0x2a, 0xb8, 0x2a, 0x98, 0x32, 0xb8, 0x2a,
    0x98, 0x2a, 0x97, 0x32, 0x97, 0x2a, 0x97, 0x2a, 0x97, 0x2a, 0x96, 0x32,
    0x76, 0x2a, 0x76, 0x2a, 0x75, 0x2a, 0x55, 0x2a, 0x54, 0x32, 0x54, 0x2a,
    0x53, 0x2a, 0x12, 0x2a, 0x12, 0x2a, 0x8e, 0x19, 0x8e, 0x19, 0xd0, 0x21,
    0xd0, 0x21, 0xd1, 0x21, 0xf1, 0x21, 0xf2, 0x21, 0xf2, 0x21, 0xf2, 0x21,
    0x13, 0x22, 0x14, 0x2a, 0x14, 0x22, 0x34, 0x2a, 0x35, 0x2a, 0x35, 0x22,
    0x56, 0x2a, 0x56, 0x2a, 0x77, 0x2a, 0x57, 0x2a, 0x77, 0x2a, 0x77, 0x22,
    0x77, 0x2a, 0x78, 0x2a, 0x78, 0x2a, 0x98, 0x2a, 0x98, 0x2a, 0x98, 0x2a,
    0x78, 0x2a, 0x99, 0x2a, 0x98, 0x2a, 0x98, 0x2a, 0x99, 0x2a, 0x99, 0x2a,
    0x99, 0x2a, 0x99, 0x2a, 0xb9, 0x2a, 0xda, 0x32, 0xda, 0x32, 0xfa, 0x32,
    0x1a, 0x33, 0x1b, 0x3b, 0x3b, 0x33, 0x3b, 0x33, 0x1b, 0x3b, 0x3c, 0x3b,
    0x3c, 0x3b, 0x3c, 0x3b, 0x3b, 0x3b, 0x3c, 0x33, 0x3c, 0x3b, 0x1b, 0x3b,
    0x3c, 0x3b, 0x3c, 0x3b, 0x3c, 0x33, 0x3b, 0x3b, 0x1c, 0x3b, 0x3c, 0x33,
    0x3b, 0x3b, 0x3c, 0x3b, 0x3c, 0x3b, 0x3b, 0x3b, 0x3c, 0x3b, 0x3c, 0x3b,
    0x3c, 0x3b, 0x3b, 0x3b, 0x3b, 0x33, 0x1b, 0x3b, 0xfb, 0x32, 0xfa, 0x32,
    0xda, 0x32, 0xda, 0x2a, 0xba, 0x32, 0xb9, 0x2a, 0xb9, 0x2a, 0xb9, 0x32,
    0xb9, 0x2a, 0xb9, 0x2a, 0x98, 0x32, 0x99, 0x2a, 0x99, 0x2a, 0xb8, 0x2a,
    0x98, 0x2a, 0x99, 0x2a, 0xb9, 0x2a, 0x98, 0x2a, 0x98, 0x2a, 0x99, 0x2a,
    0x98, 0x2a, 0x98, 0x2a, 0xb9, 0x2a, 0x99, 0x2a, 0x98, 0x2a, 0x98, 0x2a,
    0x99, 0x2a, 0x98, 0x2a, 0x98, 0x2a, 0x99, 0x2a, 0x98, 0x2a, 0x98, 0x2a,
    0x99, 0x2a, 0x78, 0x2a, 0x98, 0x2a, 0x98, 0x22, 0x78, 0x2a, 0x78, 0x2a,
    0x98, 0x2a, 0x98, 0x2a, 0x36, 0x22, 0x56, 0x22, 0xba, 0x32, 0xda, 0x32,
    0xda, 0x32, 0xfa, 0x32, 0xfb, 0x32, 0x1b, 0x33, 0x1b, 0x3b, 0x1b, 0x3b,
    0x3c, 0x33, 0x3c, 0x3b, 0x1c, 0x3b, 0x3c, 0x3b, 0x3c, 0x3b, 0x1b, 0x3b,
    0x3c, 0x3b, 0x1b, 0x3b, 0x3c, 0x3b, 0x3b, 0x33, 0x3b, 0x3b, 0x1c, 0x3b,
    0x3b, 0x3b, 0x1c, 0x3b, 0x3c, 0x33, 0x3b, 0x3b, 0x5c, 0x3b, 0x5d, 0x3b,
    0x1c, 0x3b, 0x3c, 0x33, 0x3c, 0x33, 0x1b, 0x3b, 0x1b, 0x33, 0xfb, 0x32,
    0xfb, 0x32, 0xfa, 0x32, 0xda, 0x32, 0xba, 0x2a, 0xba, 0x2a, 0xda, 0x2a,
    0xba, 0x2a, 0xd9, 0x2a, 0xb9, 0x2a, 0xb9, 0x2a, 0xb9, 0x2a, 0xb9, 0x2a,
    0x99, 0x2a, 0x98, 0x2a, 0x78, 0x2a, 0x78, 0x2a, 0x77, 0x2a, 0x56, 0x22,
    0x55, 0x22, 0x77, 0x2a, 0x36, 0x22, 0x15, 0x22, 0x35, 0x22, 0x36, 0x22,
    0x37, 0x22, 0x57, 0x22, 0x57, 0x2a, 0x98, 0x2a, 0xb9, 0x32, 0xb8, 0x2a,
    0xb8, 0x32, 0x98, 0x32, 0xb8, 0x2a, 0x98, 0x32, 0x97, 0x32, 0x97, 0x2a,
    0x97, 0x32, 0x76, 0x2a, 0x76, 0x2a, 0x76, 0x2a, 0x75, 0x32, 0x75, 0x2a,
    0x74, 0x2a, 0x54, 0x32, 0x34, 0x32, 0x53, 0x2a, 0x32, 0x2a, 0x12, 0x2a,
    0x8e, 0x21, 0x8e, 0x19, 0xd0, 0x21, 0xd0, 0x21, 0xd1, 0x21, 0xf1, 0x21,
    0xf1, 0x21, 0xf3, 0x21, 0x12, 0x22, 0x13, 0x22, 0x14, 0x22, 0x34, 0x22,
    0x15, 0x22, 0x35, 0x22, 0x35, 0x22, 0x56, 0x2a, 0x56, 0x2a, 0x56, 0x22,
    0x57, 0x2a, 0x78, 0x2a, 0x77, 0x22, 0x78, 0x2a, 0x78, 0x2a, 0x78, 0x22,
    0x98, 0x2a, 0x98, 0x2a, 0x98, 0x2a, 0x98, 0x2a, 0x99, 0x2a, 0x99, 0x2a,
    0x99, 0x2a, 0xb8, 0x2a, 0x99, 0x2a, 0xb8, 0x2a, 0x98, 0x2a, 0xb9, 0x2a,
    0xb9, 0x32, 0xda, 0x32, 0xfa, 0x32, 0xfb, 0x32, 0x1b, 0x33, 0x1b, 0x3b,
    0x1b, 0x33, 0x3c, 0x3b, 0x1b, 0x3b, 0x3c, 0x33, 0x3c, 0x3b, 0x1c, 0x3b,
    0x3c, 0x33, 0x3c, 0x3b, 0x3b, 0x3b, 0x3c, 0x3b, 0x3c, 0x3b, 0x3c, 0x3b,
    0x3c, 0x3b, 0x1c, 0x3b, 0x3c, 0x33, 0x3c, 0x3b, 0x3c, 0x3b, 0x3c, 0x3b,
    0x3c, 0x33, 0x3b, 0x3b, 0x3c, 0x33, 0x3c, 0x3b, 0x1b, 0x3b, 0x3b, 0x3b,
    0x1b, 0x3b, 0xfb, 0x32, 0xfa, 0x32, 0xda, 0x32, 0xd9, 0x32, 0xd9, 0x32,
    0xb9, 0x2a, 0x99, 0x2a, 0x98, 0x2a, 0x99, 0x2a, 0xb9, 0x2a, 0x99, 0x2a,
    0x99, 0x2a, 0x98, 0x2a, 0x99, 0x2a, 0x99, 0x2a, 0x98, 0x2a, 0x99, 0x2a,
    0xb9, 0x2a, 0x99, 0x2a, 0x98, 0x2a, 0x99, 0x2a, 0x98, 0x2a, 0x98, 0x2a,
    0x98, 0x2a, 0x99, 0x2a, 0x98, 0x2a, 0x99, 0x22, 0x98, 0x2a, 0x99, 0x2a,
    0x98, 0x2a, 0x99, 0x2a, 0x98, 0x22, 0x98, 0x2a, 0x78, 0x2a, 0x98, 0x2a,
    0x78, 0x2a, 0x78, 0x2a, 0x78, 0x2a, 0x78, 0x2a, 0x98, 0x2a, 0x35, 0x22,
    0x56, 0x22, 0xba, 0x2a, 0xda, 0x32, 0xda, 0x32, 0xfa, 0x32, 0xfb, 0x32,
    0x1b, 0x33, 0x1b, 0x3b, 0x1b, 0x33, 0x3c, 0x33, 0x1c, 0x33, 0x1b, 0x3b,
    0x3b, 0x3b, 0x3c, 0x33, 0x1c, 0x33, 0x3c, 0x3b, 0x3c, 0x33, 0x1c, 0x33,
    0x1c, 0x3b, 0x3c, 0x3b, 0x1c, 0x33, 0x3b, 0x3b, 0x3b, 0x3b, 0x1c, 0x33,
    0x3c, 0x3b, 0x5c, 0x3b, 0x3c, 0x3b, 0x1c, 0x33, 0x1b, 0x3b, 0x1b, 0x33,
    0xfb, 0x32, 0xfa, 0x32, 0xfa, 0x32, 0xda, 0x32, 0xda, 0x32, 0xda, 0x2a,
    0xda, 0x32, 0xda, 0x2a, 0xba, 0x2a, 0xb9, 0x32, 0xb9, 0x2a, 0xb9, 0x32,
    0xb9, 0x2a, 0x99, 0x2a, 0x98, 0x2a, 0x98, 0x2a, 0x98, 0x2a, 0x78, 0x2a,
    0x99, 0x2a, 0x6e, 0x19, 0x2a, 0x11, 0x98, 0x2a, 0x56, 0x2a, 0x35, 0x22,
    0x14, 0x1a, 0x35, 0x22, 0x36, 0x22, 0x36, 0x22, 0x57, 0x22, 0x78, 0x2a,
    0x98, 0x2a, 0xb9, 0x32, 0xb8, 0x2a, 0x98, 0x2a, 0xb8, 0x32, 0xb8, 0x2a,
    0x98, 0x2a, 0xb7, 0x32, 0x97, 0x2a, 0x97, 0x32, 0x96, 0x32, 0x76, 0x2a,
    0x76, 0x2a, 0x75, 0x2a, 0x75, 0x2a, 0x74, 0x2a, 0x54, 0x2a, 0x34, 0x2a,
    0x53, 0x32, 0x12, 0x2a, 0x12, 0x2a, 0x8e, 0x21, 0x8e, 0x19, 0xd0, 0x21,
    0xd1, 0x21, 0xd1, 0x21, 0xf1, 0x21, 0xf2, 0x21, 0x12, 0x22, 0xf2, 0x21,
    0x13, 0x22, 0x33, 0x2a, 0x14, 0x22, 0x35, 0x2a, 0x35, 0x22, 0x55, 0x22,
    0x56, 0x2a, 0x56, 0x22, 0x56, 0x22, 0x57, 0x2a, 0x77, 0x2a, 0x78, 0x2a,
    0x78, 0x2a, 0x77, 0x22, 0x98, 0x2a, 0x98, 0x2a, 0x98, 0x2a, 0x78, 0x2a,
    0x98, 0x2a, 0x99, 0x2a, 0x98, 0x2a, 0x99, 0x2a, 0x99, 0x2a, 0xb8, 0x2a,
    0x99, 0x2a, 0x99, 0x2a, 0xb9, 0x2a, 0xb9, 0x2a, 0xda, 0x32, 0xda, 0x32,
    0xfb, 0x32, 0x1b, 0x33, 0x1b, 0x3b, 0x1b, 0x33, 0x1c, 0x3b, 0x3c, 0x3b,
    0x3b, 0x33, 0x3c, 0x3b, 0x1c, 0x3b, 0x3b, 0x3b, 0x3c, 0x3b, 0x1c, 0x3b,
    0x3b, 0x33, 0x1c, 0x33, 0x3b, 0x3b, 0x3c, 0x3b, 0x3b, 0x3b, 0x3b, 0x3b,
    0x3c, 0x3b, 0x3b, 0x3b, 0x3c, 0x33, 0x3c, 0x3b, 0x3c, 0x3b, 0x3c, 0x3b,
    0x3c, 0x3b, 0x1c, 0x33, 0x1c, 0x33, 0x1b, 0x3b, 0x1a, 0x33, 0xfb, 0x32,
    0xda, 0x32, 0xb9, 0x2a, 0xda, 0x2a, 0xb9, 0x32, 0xb9, 0x2a, 0xb9, 0x2a,
    0xb8, 0x2a, 0xb9, 0x2a, 0x99, 0x2a, 0x98, 0x2a, 0xb9, 0x2a, 0x99, 0x2a,
    0xb9, 0x2a, 0x98, 0x2a, 0x99, 0x2a, 0xb9, 0x2a, 0x98, 0x2a, 0x99, 0x2a,
    0x99, 0x2a, 0x99, 0x2a, 0x98, 0x2a, 0x98, 0x2a, 0x99, 0x2a, 0x99, 0x2a,
    0x98, 0x2a, 0x98, 0x2a, 0x98, 0x2a, 0x99, 0x2a, 0x98, 0x2a, 0x98, 0x2a,
    0x98, 0x2a, 0x78, 0x2a, 0x98, 0x22, 0x98, 0x2a, 0x78, 0x22, 0x78, 0x2a,
    0x78, 0x2a, 0x78, 0x2a, 0x35, 0x22, 0x36, 0x22, 0xd9, 0x32, 0xba, 0x2a,
    0xda, 0x32, 0xfa, 0x32, 0xfa, 0x32, 0x1b, 0x33, 0x1b, 0x3b, 0x1b, 0x3b,
    0x3b, 0x3b, 0x1c, 0x33, 0x3b, 0x3b, 0x1c, 0x33, 0x1b, 0x3b, 0x3b, 0x33,
    0x1b, 0x3b, 0x1c, 0x3b, 0x3b, 0x33, 0x1b, 0x3b, 0x1c, 0x33, 0x3b, 0x33,
    0x1b, 0x33, 0x3c, 0x3b, 0x5c, 0x3b, 0x3c, 0x3b, 0x1c, 0x33, 0x1b, 0x3b,
    0x1b, 0x3b, 0x1b, 0x33, 0xfa, 0x32, 0xfa, 0x32, 0xfa, 0x32, 0xba, 0x32,
    0xda, 0x2a, 0xba, 0x2a, 0x98, 0x2a, 0x99, 0x2a, 0xd9, 0x32, 0xb9, 0x32,
    0xb9, 0x2a, 0x99, 0x2a, 0x99, 0x2a, 0x99, 0x2a, 0x98, 0x2a, 0x78, 0x2a,
    0x78, 0x2a, 0x98, 0x2a, 0x13, 0x22, 0xd9, 0x2a, 0x15, 0x22, 0x2a, 0x11,
    0x98, 0x2a, 0x35, 0x2a, 0x15, 0x22, 0x14, 0x1a, 0x36, 0x22, 0x36, 0x22,
    0x36, 0x22, 0x57, 0x22, 0x77, 0x2a, 0x98, 0x2a, 0xb9, 0x32, 0xb8, 0x2a,
    0x98, 0x32, 0xb8, 0x32, 0x98, 0x2a, 0x98, 0x2a, 0x97, 0x2a, 0x97, 0x2a,
    0x77, 0x2a, 0x97, 0x2a, 0x76, 0x2a, 0x76, 0x32, 0x75, 0x2a, 0x75, 0x32,
    0x55, 0x2a, 0x54, 0x2a, 0x54, 0x2a, 0x53, 0x2a, 0x12, 0x2a, 0x12, 0x2a,
    0x8e, 0x19, 0x8e, 0x21, 0xd0, 0x21, 0xd0, 0x21, 0xd1, 0x21, 0xf1, 0x21,
    0xf2, 0x21, 0xf2, 0x21, 0xf2, 0x21, 0x13, 0x22, 0x14, 0x2a, 0x34, 0x22,
    0x35, 0x2a, 0x35, 0x2a, 0x55, 0x22, 0x57, 0x2a, 0x57, 0x2a, 0x77, 0x22,
    0x57, 0x22, 0x77, 0x2a, 0x77, 0x2a, 0x77, 0x22, 0x78, 0x2a, 0x78, 0x2a,
    0x98, 0x2a, 0x98, 0x2a, 0x98, 0x2a, 0x99, 0x2a, 0x99, 0x2a, 0x98, 0x2a,
    0x99, 0x2a, 0x99, 0x2a, 0x98, 0x2a, 0x99, 0x2a, 0x99, 0x2a, 0xb9, 0x2a,
    0xb9, 0x2a, 0xda, 0x32, 0xda, 0x32, 0xfa, 0x32, 0xfa, 0x32, 0x1b, 0x3b,
    0x3b, 0x33, 0x1c, 0x33, 0x3c, 0x3b, 0x1c, 0x3b, 0x3b, 0x3b, 0x3c, 0x3b,
    0x3c, 0x3b, 0x3c, 0x3b, 0x1c, 0x3b, 0x3c, 0x3b, 0x3c, 0x3b, 0x1c, 0x3b,
    0x3c, 0x3b, 0x3c, 0x3b, 0x3c, 0x33, 0x1c, 0x3b, 0x3c, 0x3b, 0x3b, 0x3b,
    0x3c, 0x3b, 0x3c, 0x3b, 0x3b, 0x3b, 0x3c, 0x3b, 0x3b, 0x3b, 0x1c, 0x3b,
    0x3b, 0x33, 0x1b, 0x33, 0xfa, 0x32, 0xda, 0x32, 0xda, 0x2a, 0xba, 0x32,
    0xb9, 0x2a, 0xb9, 0x2a, 0xb9, 0x2a, 0xb9, 0x32, 0xb8, 0x2a, 0xb9, 0x2a,
    0x99, 0x32, 0x98, 0x2a, 0x99, 0x2a, 0xb8, 0x2a, 0x99, 0x2a, 0x98, 0x2a,
    0x98, 0x2a, 0xb8, 0x2a, 0x98, 0x2a, 0x98, 0x2a, 0x98, 0x2a, 0x99, 0x2a,
    0x98, 0x2a, 0x98, 0x2a, 0x98, 0x2a, 0x98, 0x2a, 0x99, 0x2a, 0x98, 0x2a,
    0x98, 0x2a, 0x78, 0x2a, 0x98, 0x2a, 0x99, 0x2a, 0x78, 0x2a, 0x78, 0x2a,
    0x98, 0x22, 0x78, 0x2a, 0x78, 0x2a, 0x78, 0x22, 0x78, 0x22, 0x14, 0x22,
    0x36, 0x22, 0xd9, 0x32, 0xda, 0x2a, 0xda, 0x32, 0xda, 0x32, 0xfa, 0x32,
    0xfb, 0x32, 0xfa, 0x32, 0x1b, 0x33, 0x1b, 0x3b, 0x3b, 0x33, 0x3b, 0x33,
    0x1c, 0x3b, 0x3c, 0x3b, 0x3b, 0x33, 0x1b, 0x3b, 0x3b, 0x33, 0x3b, 0x3b,
    0x1b, 0x3b, 0x3b, 0x33, 0x1b, 0x3b, 0x3c, 0x3b, 0x1c, 0x3b, 0x1b, 0x3b,
    0x3b, 0x33, 0x1b, 0x33, 0x1b, 0x33, 0xfa, 0x32, 0xfa, 0x32, 0xda, 0x32,
    0xda, 0x32, 0xba, 0x2a, 0xda, 0x2a, 0xb9, 0x2a, 0xba, 0x32, 0xba, 0x2a,
    0x98, 0x2a, 0x78, 0x2a, 0x78, 0x2a, 0x99, 0x2a, 0x99, 0x2a, 0x98, 0x2a,
    0x98, 0x2a, 0x98, 0x2a, 0x78, 0x2a, 0x98, 0x2a, 0x56, 0x22, 0x14, 0x22,
    0x7d, 0x43, 0x35, 0x22, 0x2a, 0x11, 0x98, 0x2a, 0x35, 0x22, 0x14, 0x22,
    0x14, 0x22, 0x36, 0x22, 0x36, 0x22, 0x36, 0x22, 0x77, 0x22, 0x78, 0x2a,
    0x98, 0x2a, 0xb9, 0x2a, 0xb8, 0x2a, 0xb8, 0x32, 0x98, 0x2a, 0xb8, 0x32,
    0x98, 0x32, 0x97, 0x2a, 0x97, 0x32, 0x97, 0x32, 0x96, 0x2a, 0x76, 0x2a,
    0x76, 0x2a, 0x75, 0x2a, 0x75, 0x32, 0x55, 0x32, 0x54, 0x2a, 0x34, 0x2a,
    0x53, 0x2a, 0x32, 0x2a, 0x12, 0x2a, 0x8e, 0x19, 0x8f, 0x19, 0xd0, 0x21,
    0xd0, 0x21, 0xd1, 0x21, 0xf1, 0x21, 0xf2, 0x21, 0x13, 0x22, 0x12, 0x22,
    0xf3, 0x21, 0x34, 0x22, 0x14, 0x22, 0x35, 0x22, 0x35, 0x22, 0x55, 0x22,
    0x56, 0x2a, 0x57, 0x2a, 0x57, 0x22, 0x57, 0x2a, 0x77, 0x2a, 0x78, 0x22,
    0x78, 0x2a, 0x78, 0x2a, 0x78, 0x2a, 0x98, 0x2a, 0x98, 0x2a, 0x98, 0x2a,
    0x98, 0x2a, 0x99, 0x2a, 0x98, 0x2a, 0x99, 0x2a, 0xb8, 0x2a, 0x99, 0x2a,
    0x98, 0x2a, 0xb9, 0x2a, 0xb9, 0x2a, 0xb9, 0x2a, 0xba, 0x32, 0xda, 0x32,
    0xfa, 0x32, 0x1b, 0x33, 0x1b, 0x3b, 0x1b, 0x3b, 0x3b, 0x33, 0x1b, 0x3b,
    0x1c, 0x3b, 0x3c, 0x3b, 0x3c, 0x3b, 0x1b, 0x3b, 0x3c, 0x3b, 0x3b, 0x3b,
    0x3c, 0x3b, 0x3c, 0x3b, 0x3b, 0x3b, 0x3c, 0x33, 0x1c, 0x3b, 0x3b, 0x3b,
    0x3c, 0x3b, 0x3c, 0x3b, 0x1b, 0x3b, 0x3c, 0x33, 0x3c, 0x3b, 0x3b, 0x3b,
    0x3c, 0x3b, 0x1c, 0x3b, 0x3b, 0x33, 0x1b, 0x3b, 0x1b, 0x33, 0xfa, 0x32,
    0xda, 0x32, 0xd9, 0x32, 0xb9, 0x32, 0xb9, 0x2a, 0xb9, 0x2a, 0x99, 0x2a,
    0x99, 0x2a, 0xb9, 0x2a, 0x99, 0x2a, 0x99, 0x2a, 0x98, 0x2a, 0x99, 0x2a,
    0x99, 0x2a, 0xb9, 0x2a, 0x99, 0x2a, 0x99, 0x2a, 0x99, 0x2a, 0x99, 0x2a,
    0x98, 0x2a, 0x98, 0x2a, 0x99, 0x2a, 0x98, 0x2a, 0x98, 0x2a, 0x98, 0x22,
    0x99, 0x2a, 0x98, 0x2a, 0x99, 0x2a, 0x98, 0x2a, 0x99, 0x2a, 0x98, 0x22,
    0x98, 0x2a, 0x78, 0x2a, 0x78, 0x2a, 0x98, 0x2a, 0x78, 0x2a, 0x78, 0x2a,
    0x78, 0x22, 0x77, 0x2a, 0x34, 0x22, 0x36, 0x22, 0xb9, 0x2a, 0xb9, 0x32,
    0xda, 0x32, 0xda, 0x32, 0xfa, 0x32, 0xfb, 0x32, 0x1b, 0x33, 0xfa, 0x32,
    0x1b, 0x3b, 0x1b, 0x3b, 0x1b, 0x33, 0x1b, 0x3b, 0x3b, 0x33, 0x1b, 0x33,
    0x1b, 0x33, 0x1b, 0x3b, 0x1b, 0x33, 0x1b, 0x33, 0x1b, 0x3b, 0x1b, 0x3b,
    0x3c, 0x3b, 0xb9, 0x2a, 0x99, 0x2a, 0xfb, 0x32, 0xb9, 0x32, 0xfa, 0x32,
    0xda, 0x32, 0xda, 0x32, 0xda, 0x2a, 0xba, 0x2a, 0xb9, 0x2a, 0xb9, 0x2a,
    0xb9, 0x2a, 0xb9, 0x2a, 0xda, 0x32, 0xb9, 0x2a, 0xb9, 0x2a, 0x77, 0x2a,
    0x56, 0x2a, 0x98, 0x2a, 0x98, 0x2a, 0x78, 0x2a, 0x78, 0x2a, 0x78, 0x2a,
    0x77, 0x2a, 0xf2, 0x21, 0xda, 0x32, 0x9e, 0x43, 0xf2, 0x21, 0x2a, 0x19,
    0x78, 0x2a, 0x14, 0x22, 0xf3, 0x21, 0x15, 0x22, 0x35, 0x22, 0x35, 0x22,
    0x36, 0x22, 0x78, 0x2a, 0x78, 0x2a, 0x98, 0x2a, 0xd9, 0x32, 0xb8, 0x32,
    0x99, 0x2a, 0xb8, 0x2a, 0x98, 0x2a, 0x98, 0x32, 0x97, 0x2a, 0x97, 0x2a,
    0x97, 0x32, 0x96, 0x32, 0x76, 0x2a, 0x76, 0x2a, 0x76, 0x2a, 0x75, 0x2a,
    0x54, 0x2a, 0x54, 0x2a, 0x34, 0x32, 0x53, 0x2a, 0x32, 0x2a, 0x12, 0x2a,
    0x8e, 0x21, 0xaf, 0x19, 0xd0, 0x21, 0xd0, 0x21, 0xd1, 0x21, 0xf1, 0x21,
    0xf2, 0x21, 0x12, 0x22, 0xf3, 0x21, 0x13, 0x2a, 0x34, 0x22, 0x35, 0x2a,
    0x35, 0x22, 0x35, 0x22, 0x36, 0x2a, 0x56, 0x22, 0x56, 0x2a, 0x77, 0x2a,
    0x77, 0x22, 0x77, 0x2a, 0x77, 0x2a, 0x78, 0x2a, 0x78, 0x2a, 0x78, 0x2a,
    0x98, 0x2a, 0x98, 0x2a, 0x98, 0x2a, 0x78, 0x2a, 0x99, 0x2a, 0x99, 0x2a,
    0x98, 0x2a, 0x99, 0x2a, 0xb9, 0x2a, 0x98, 0x2a, 0x98, 0x2a, 0x99, 0x2a,
    0xb9, 0x2a, 0xd9, 0x32, 0xda, 0x32, 0xfa, 0x32, 0xfb, 0x32, 0xfb, 0x32,
    0x1b, 0x3b, 0x3b, 0x3b, 0x3c, 0x33, 0x1b, 0x3b, 0x3c, 0x3b, 0x3c, 0x3b,
    0x3c, 0x3b, 0x1b, 0x33, 0x3c, 0x3b, 0x3c, 0x3b, 0x1b, 0x3b, 0x3c, 0x3b,
    0x3c, 0x3b, 0x3b, 0x33, 0x3c, 0x3b, 0x3c, 0x3b, 0x3c, 0x33, 0x3c, 0x3b,
    0x3c, 0x3b, 0x3c, 0x3b, 0x3c, 0x3b, 0x3c, 0x3b, 0x1c, 0x33, 0x1b, 0x3b,
    0x1b, 0x3b, 0xfb, 0x32, 0xfa, 0x32, 0xda, 0x32, 0xda, 0x2a, 0xd9, 0x32,
    0xb9, 0x2a, 0xb9, 0x2a, 0x99, 0x2a, 0xb8, 0x2a, 0xb9, 0x2a, 0x99, 0x2a,
    0x98, 0x2a, 0xb9, 0x2a, 0x98, 0x2a, 0x99, 0x2a, 0x98, 0x2a, 0xb8, 0x2a,
    0x99, 0x2a, 0x98, 0x2a, 0x99, 0x2a, 0x99, 0x2a, 0x98, 0x2a, 0x98, 0x2a,
    0x98, 0x2a, 0x99, 0x2a, 0x99, 0x2a, 0x98, 0x2a, 0x78, 0x2a, 0x98, 0x2a,
    0x78, 0x2a, 0x98, 0x2a, 0x98, 0x2a, 0x98, 0x2a, 0x78, 0x2a, 0x98, 0x22,
    0x78, 0x2a, 0x78, 0x22, 0x78, 0x2a, 0x78, 0x2a, 0x57, 0x22, 0x14, 0x22,
    0x36, 0x22, 0xb9, 0x2a, 0xd9, 0x2a, 0xba, 0x32, 0xda, 0x32, 0xfa, 0x32,
    0xfa, 0x32, 0xfb, 0x32, 0xfb, 0x3a, 0x1b, 0x33, 0x1b, 0x33, 0x1b, 0x33,
    0x1b, 0x3b, 0x1b, 0x33, 0x1b, 0x33, 0x1b, 0x3b, 0xfb, 0x3a, 0xfb, 0x32,
    0x1b, 0x33, 0xfb, 0x32, 0x3b, 0x3b, 0x1b, 0x33, 0x14, 0x22, 0x77, 0x2a,
    0x98, 0x2a, 0x99, 0x2a, 0xda, 0x32, 0xba, 0x32, 0xda, 0x2a, 0xb9, 0x2a,
    0xb9, 0x2a, 0x99, 0x2a, 0xb9, 0x2a, 0xb9, 0x2a, 0x99, 0x2a, 0xb9, 0x2a,
    0xb9, 0x2a, 0xb9, 0x2a, 0x98, 0x2a, 0x56, 0x22, 0x57, 0x2a, 0x98, 0x2a,
    0x98, 0x2a, 0x78, 0x2a, 0x98, 0x2a, 0xf3, 0x21, 0xf2, 0x19, 0xda, 0x32,
    0x7d, 0x43, 0xf2, 0x21, 0x2a, 0x11, 0x78, 0x2a, 0xf3, 0x21, 0xf3, 0x19,
    0x15, 0x22, 0x35, 0x22, 0x35, 0x22, 0x36, 0x22, 0x78, 0x2a, 0x78, 0x2a,
    0xb8, 0x2a, 0xb9, 0x32, 0xb8, 0x2a, 0x98, 0x32, 0xb8, 0x2a, 0x98, 0x2a,
    0x98, 0x32, 0x97, 0x2a, 0x97, 0x2a, 0x97, 0x2a, 0x96, 0x32, 0x76, 0x2a,
    0x76, 0x2a, 0x75, 0x32, 0x75, 0x2a, 0x54, 0x2a, 0x54, 0x32, 0x54, 0x2a,
    0x53, 0x2a, 0x12, 0x2a, 0x12, 0x2a, 0x8e, 0x21, 0xae, 0x19, 0xd0, 0x21,
    0xd1, 0x21, 0xf1, 0x21, 0xf1, 0x21, 0xf2, 0x21, 0xf2, 0x21, 0x12, 0x22,
    0x14, 0x22, 0x14, 0x22, 0x34, 0x2a, 0x35, 0x2a, 0x55, 0x22, 0x56, 0x2a,
    0x56, 0x22, 0x57, 0x2a, 0x57, 0x2a, 0x57, 0x22, 0x77, 0x2a, 0x77, 0x22,
    0x78, 0x2a, 0x78, 0x2a, 0x98, 0x22, 0x98, 0x2a, 0x98, 0x2a, 0x99, 0x2a,
    0x98, 0x2a, 0x99, 0x2a, 0x98, 0x2a, 0x99, 0x2a, 0x99, 0x2a, 0x99, 0x2a,
    0xb9, 0x2a, 0x98, 0x2a, 0x99, 0x2a, 0xb9, 0x2a, 0xd9, 0x32, 0xda, 0x32,
    0xfa, 0x32, 0xfa, 0x32, 0xfb, 0x32, 0x1b, 0x3b, 0x3b, 0x33, 0x1c, 0x3b,
    0x3c, 0x3b, 0x1b, 0x3b, 0x3c, 0x3b, 0x3c, 0x3b, 0x3c, 0x3b, 0x3c, 0x3b,
    0x1c, 0x3b, 0x3c, 0x33, 0x3c, 0x3b, 0x3c, 0x3b, 0x3b, 0x3b, 0x3c, 0x3b,
    0x3c, 0x3b, 0x3b, 0x3b, 0x3c, 0x3b, 0x3b, 0x3b, 0x3c, 0x3b, 0x3c, 0x3b,
    0x3c, 0x3b, 0x3b, 0x3b, 0x3c, 0x3b, 0x1b, 0x33, 0xfb, 0x32, 0xfa, 0x32,
    0xda, 0x32, 0xba, 0x32, 0xda, 0x2a, 0xb9, 0x32, 0xb9, 0x2a, 0xb9, 0x2a,
    0x99, 0x32, 0xb8, 0x2a, 0x99, 0x2a, 0x99, 0x32, 0x98, 0x2a, 0xb9, 0x2a,
    0x99, 0x2a, 0x98, 0x2a, 0x99, 0x2a, 0xb9, 0x2a, 0x98, 0x2a, 0x98, 0x2a,
    0x99, 0x2a, 0x98, 0x2a, 0x98, 0x2a, 0x98, 0x2a, 0x78, 0x2a, 0x98, 0x2a,
    0x98, 0x2a, 0x99, 0x2a, 0x98, 0x2a, 0x78, 0x2a, 0x99, 0x2a, 0x98, 0x22,
    0x99, 0x2a, 0x78, 0x2a, 0x98, 0x2a, 0x98, 0x2a, 0x78, 0x2a, 0x78, 0x2a,
    0x78, 0x22, 0x56, 0x22, 0x14, 0x22, 0x36, 0x22, 0x99, 0x2a, 0xd9, 0x32,
    0xda, 0x2a, 0xda, 0x32, 0xfa, 0x32, 0xfa, 0x32, 0xfa, 0x32, 0xfa, 0x32,
    0xfa, 0x32, 0xfb, 0x32, 0xfa, 0x3a, 0xfb, 0x32, 0xfb, 0x3a, 0xfb, 0x32,
    0xfa, 0x32, 0xfa, 0x3a, 0xfb, 0x32, 0xfa, 0x32, 0xfa, 0x32, 0x3b, 0x3b,
    0xfa, 0x32, 0x36, 0x22, 0x35, 0x22, 0x78, 0x2a, 0xb9, 0x2a, 0xd9, 0x32,
    0xb9, 0x2a, 0x99, 0x2a, 0x99, 0x2a, 0x98, 0x2a, 0x99, 0x2a, 0xb9, 0x2a,
    0xba, 0x32, 0xb9, 0x2a, 0xb9, 0x2a, 0xba, 0x32, 0x99, 0x2a, 0x98, 0x2a,
    0x57, 0x22, 0x56, 0x22, 0x78, 0x2a, 0x77, 0x2a, 0x76, 0x22, 0x56, 0x22,
    0xd2, 0x21, 0x77, 0x2a, 0x78, 0x2a, 0x5d, 0x3b, 0xf3, 0x19, 0x2a, 0x11,
    0x57, 0x2a, 0xf2, 0x21, 0xf3, 0x19, 0x15, 0x22, 0x35, 0x22, 0x15, 0x1a,
    0x36, 0x22, 0x78, 0x2a, 0x98, 0x2a, 0x98, 0x2a, 0xb9, 0x32, 0xb8, 0x2a,
    0xb8, 0x32, 0x98, 0x32, 0x98, 0x2a, 0x98, 0x2a, 0x97, 0x32, 0x97, 0x2a,
    0x97, 0x2a, 0x76, 0x32, 0x76, 0x2a, 0x76, 0x2a, 0x75, 0x32, 0x75, 0x2a,
    0x54, 0x2a, 0x54, 0x2a, 0x54, 0x32, 0x53, 0x2a, 0x12, 0x2a, 0x12, 0x2a,
    0x8e, 0x19, 0x8f, 0x21, 0xd0, 0x21, 0xd1, 0x21, 0xd1, 0x21, 0xf1, 0x21,
    0xf2, 0x21, 0x13, 0x22, 0x13, 0x22, 0x13, 0x22, 0x34, 0x22, 0x34, 0x22,
    0x35, 0x22, 0x35, 0x2a, 0x55, 0x22, 0x56, 0x22, 0x57, 0x2a, 0x76, 0x22,
    0x57, 0x2a, 0x77, 0x2a, 0x77, 0x2a, 0x78, 0x22, 0x78, 0x2a, 0x78, 0x2a,
    0x98, 0x2a, 0x98, 0x2a, 0x98, 0x2a, 0x99, 0x2a, 0x98, 0x2a, 0x98, 0x2a,
    0x99, 0x2a, 0xb8, 0x2a, 0x98, 0x2a, 0x99, 0x2a, 0x99, 0x2a, 0x98, 0x2a,
    0xb9, 0x2a, 0xba, 0x2a, 0xba, 0x32, 0xfa, 0x32, 0xfa, 0x32, 0xfb, 0x32,
    0x1b, 0x33, 0x1b, 0x3b, 0x1b, 0x3b, 0x3c, 0x33, 0x1c, 0x3b, 0x3c, 0x3b,
    0x3b, 0x33, 0x1c, 0x3b, 0x3b, 0x3b, 0x3c, 0x3b, 0x3b, 0x3b, 0x1c, 0x3b,
    0x3c, 0x3b, 0x1c, 0x3b, 0x3c, 0x3b, 0x3b, 0x3b, 0x1c, 0x3b, 0x3c, 0x3b,
    0x3c, 0x3b, 0x3c, 0x33, 0x1c, 0x3b, 0x3b, 0x3b, 0x1c, 0x33, 0x3c, 0x3b,
    0x3b, 0x3b, 0x1b, 0x33, 0xfa, 0x32, 0xfa, 0x32, 0xba, 0x32, 0xb9, 0x2a,
    0xb9, 0x2a, 0xb9, 0x32, 0xb9, 0x2a, 0xb9, 0x2a, 0xb9, 0x2a, 0x98, 0x2a,
    0x99, 0x2a, 0x99, 0x2a, 0x98, 0x2a, 0xb9, 0x2a, 0x99, 0x2a, 0x98, 0x2a,
    0x99, 0x2a, 0xb9, 0x2a, 0x98, 0x2a, 0x99, 0x2a, 0x99, 0x2a, 0x98, 0x2a,
    0x99, 0x2a, 0x98, 0x2a, 0x98, 0x2a, 0x79, 0x2a, 0x99, 0x2a, 0x98, 0x2a,
    0x98, 0x2a, 0x78, 0x2a, 0x79, 0x2a, 0x98, 0x2a, 0x98, 0x2a, 0x78, 0x2a,
    0x98, 0x22, 0x78, 0x2a, 0x78, 0x2a, 0x78, 0x22, 0x35, 0x22, 0x13, 0x22,
    0x36, 0x22, 0x99, 0x2a, 0xb9, 0x32, 0xd9, 0x2a, 0xba, 0x32, 0xda, 0x32,
    0xfa, 0x32, 0xfa, 0x32, 0xfa, 0x32, 0xfa, 0x32, 0xfa, 0x32, 0xfa, 0x32,
    0xfa, 0x32, 0xfa, 0x32, 0xfa, 0x32, 0xfa, 0x32, 0xfa, 0x32, 0xfa, 0x32,
    0xfa, 0x32, 0xfa, 0x32, 0x1b, 0x3b, 0xba, 0x32, 0x98, 0x2a, 0x57, 0x22,
    0x57, 0x22, 0x98, 0x2a, 0x98, 0x2a, 0x98, 0x2a, 0x98, 0x2a, 0x78, 0x2a,
    0x99, 0x2a, 0x99, 0x2a, 0x99, 0x2a, 0xd9, 0x2a, 0xda, 0x32, 0xb9, 0x2a,
    0xb9, 0x32, 0xda, 0x2a, 0xb9, 0x2a, 0x98, 0x2a, 0x36, 0x22, 0x78, 0x2a,
    0x77, 0x2a, 0xf3, 0x21, 0xb1, 0x19, 0x56, 0x22, 0x98, 0x2a, 0x36, 0x22,
    0xfb, 0x32, 0xf3, 0x21, 0x0a, 0x11, 0x56, 0x22, 0xd2, 0x21, 0xf3, 0x19,
    0x15, 0x22, 0x35, 0x22, 0x35, 0x22, 0x57, 0x22, 0x98, 0x2a, 0x98, 0x2a,
    0x98, 0x2a, 0xb9, 0x32, 0xb8, 0x2a, 0xb8, 0x2a, 0x98, 0x32, 0x98, 0x2a,
    0x98, 0x2a, 0x97, 0x32, 0x97, 0x32, 0x97, 0x2a, 0x76, 0x2a, 0x76, 0x2a,
    0x96, 0x2a, 0x76, 0x2a, 0x75, 0x32, 0x54, 0x2a, 0x54, 0x2a, 0x34, 0x32,
    0x53, 0x2a, 0x32, 0x2a, 0x12, 0x2a, 0xae, 0x21, 0xaf, 0x19, 0xd0, 0x21,
    0xd0, 0x21, 0xd1, 0x21, 0xf2, 0x21, 0x12, 0x22, 0x13, 0x22, 0x13, 0x22,
    0x13, 0x2a, 0x14, 0x22, 0x35, 0x2a, 0x34, 0x22, 0x35, 0x22, 0x56, 0x2a,
    0x56, 0x2a, 0x57, 0x2a, 0x57, 0x22, 0x77, 0x2a, 0x77, 0x2a, 0x77, 0x2a,
    0x77, 0x2a, 0x78, 0x2a, 0x98, 0x2a, 0x98, 0x2a, 0x78, 0x2a, 0x98, 0x2a,
    0x99, 0x2a, 0x99, 0x2a, 0x98, 0x2a, 0x99, 0x2a, 0x99, 0x2a, 0xb8, 0x2a,
    0x99, 0x2a, 0x99, 0x2a, 0xb8, 0x2a, 0x99, 0x2a, 0xb9, 0x2a, 0xda, 0x32,
    0xda, 0x32, 0xfa, 0x32, 0xfb, 0x32, 0x1b, 0x33, 0x1b, 0x3b, 0x3b, 0x33,
    0x1c, 0x33, 0x3b, 0x3b, 0x3c, 0x3b, 0x3c, 0x3b, 0x1c, 0x3b, 0x3c, 0x3b,
    0x3b, 0x3b, 0x3c, 0x3b, 0x3c, 0x3b, 0x1b, 0x3b, 0x3c, 0x3b, 0x3c, 0x3b,
    0x1c, 0x33, 0x3c, 0x33, 0x3b, 0x3b, 0x3c, 0x3b, 0x3c, 0x3b, 0x3c, 0x3b,
    0x3c, 0x3b, 0x1b, 0x33, 0x1b, 0x3b, 0x1b, 0x3b, 0x1b, 0x33, 0xfb, 0x32,
    0xfa, 0x32, 0xda, 0x32, 0xb9, 0x32, 0xb9, 0x2a, 0xb9, 0x2a, 0x99, 0x2a,
    0x99, 0x2a, 0xb9, 0x2a, 0x99, 0x2a, 0x99, 0x2a, 0xb8, 0x2a, 0x99, 0x2a,
    0x99, 0x2a, 0xb8, 0x2a, 0x99, 0x2a, 0x99, 0x2a, 0x98, 0x2a, 0x98, 0x2a,
    0x99, 0x2a, 0x98, 0x2a, 0x99, 0x2a, 0x98, 0x2a, 0x98, 0x2a, 0x98, 0x2a,
    0x98, 0x2a, 0x78, 0x2a, 0x98, 0x22, 0x99, 0x2a, 0x78, 0x2a, 0x98, 0x2a,
    0x78, 0x22, 0x78, 0x2a, 0x78, 0x2a, 0x78, 0x22, 0x78, 0x2a, 0x78, 0x2a,
    0x78, 0x2a, 0x35, 0x22, 0x14, 0x22, 0x35, 0x22, 0x98, 0x2a, 0xda, 0x32,
    0xb9, 0x2a, 0xba, 0x32, 0xda, 0x32, 0xda, 0x32, 0xda, 0x32, 0xda, 0x32,
    0xfa, 0x32, 0xfa, 0x32, 0xfa, 0x32, 0xfa, 0x32, 0xfa, 0x32, 0xfa, 0x32,
    0xfa, 0x32, 0xfa, 0x32, 0xfa, 0x32, 0xda, 0x32, 0xfb, 0x32, 0x1b, 0x3b,
    0x98, 0x2a, 0xd9, 0x32, 0xb9, 0x32, 0x14, 0x22, 0x36, 0x22, 0x57, 0x2a,
    0x78, 0x2a, 0x78, 0x2a, 0x78, 0x2a, 0x98, 0x2a, 0x99, 0x2a, 0xb9, 0x2a,
    0x99, 0x2a, 0xb9, 0x2a, 0x98, 0x2a, 0x78, 0x2a, 0x98, 0x2a, 0x98, 0x2a,
    0x99, 0x2a, 0x56, 0x22, 0x14, 0x22, 0xb9, 0x32, 0x14, 0x22, 0xd2, 0x19,
    0x98, 0x2a, 0x78, 0x2a, 0x57, 0x22, 0xda, 0x32, 0xd1, 0x21, 0x0a, 0x11,
    0x35, 0x22, 0xd1, 0x19, 0xd2, 0x19, 0x15, 0x22, 0x35, 0x22, 0x14, 0x22,
    0x57, 0x22, 0x98, 0x2a, 0x77, 0x2a, 0x98, 0x2a, 0xb9, 0x32, 0xb8, 0x2a,
    0x98, 0x2a, 0xb8, 0x32, 0x98, 0x2a, 0x98, 0x2a, 0x97, 0x32, 0x97, 0x2a,
    0x97, 0x32, 0x97, 0x32, 0x76, 0x2a, 0x76, 0x2a, 0x75, 0x2a, 0x75, 0x2a,
    0x54, 0x2a, 0x54, 0x2a, 0x54, 0x32, 0x53, 0x2a, 0x12, 0x2a, 0x12, 0x2a,
    0x8f, 0x21, 0xaf, 0x19, 0xd0, 0x21, 0xd0, 0x21, 0xf1, 0x21, 0xf2, 0x21,
    0xf2, 0x21, 0x13, 0x22, 0x13, 0x22, 0x13, 0x22, 0x34, 0x2a, 0x35, 0x2a,
    0x35, 0x22, 0x55, 0x22, 0x56, 0x2a, 0x56, 0x2a, 0x57, 0x22, 0x77, 0x22,
    0x57, 0x2a, 0x78, 0x22, 0x77, 0x2a, 0x78, 0x2a, 0x78, 0x2a, 0x98, 0x22,
    0x98, 0x2a, 0x98, 0x2a, 0x98, 0x2a, 0x98, 0x2a, 0x99, 0x2a, 0x98, 0x2a,
    0x98, 0x2a, 0x99, 0x2a, 0x99, 0x2a, 0xb8, 0x2a, 0x99, 0x2a, 0x99, 0x2a,
    0x99, 0x2a, 0xb9, 0x2a, 0xda, 0x32, 0xda, 0x32, 0xfa, 0x32, 0xfa, 0x32,
    0x1b, 0x3b, 0x3b, 0x33, 0x1b, 0x3b, 0x1b, 0x3b, 0x1c, 0x3b, 0x3c, 0x3b,
    0x3c, 0x3b, 0x3c, 0x3b, 0x3c, 0x33, 0x1c, 0x3b, 0x3c, 0x3b, 0x3c, 0x33,
    0x3b, 0x3b, 0x3c, 0x3b, 0x3b, 0x3b, 0x3c, 0x3b, 0x3c, 0x3b, 0x3b, 0x3b,
    0x1c, 0x3b, 0x3c, 0x3b, 0x3c, 0x3b, 0x3c, 0x3b, 0x3c, 0x3b, 0x3c, 0x33,
    0x1b, 0x33, 0x1b, 0x3b, 0xfb, 0x32, 0xfa, 0x32, 0xba, 0x32, 0xda, 0x2a,
    0xb9, 0x2a, 0xb9, 0x2a, 0xb9, 0x2a, 0xb9, 0x32, 0xb9, 0x2a, 0x98, 0x2a,
    0x99, 0x2a, 0x99, 0x2a, 0x98, 0x2a, 0x99, 0x2a, 0x98, 0x2a, 0xb9, 0x2a,
    0x99, 0x2a, 0x98, 0x2a, 0x99, 0x2a, 0x98, 0x2a, 0x98, 0x2a, 0x99, 0x2a,
    0x98, 0x2a, 0x98, 0x2a, 0x79, 0x22, 0x98, 0x2a, 0x98, 0x2a, 0x78, 0x2a,
    0x98, 0x2a, 0x98, 0x2a, 0x98, 0x2a, 0x98, 0x22, 0x78, 0x2a, 0x78, 0x2a,
    0x78, 0x22, 0x78, 0x2a, 0x78, 0x2a, 0x78, 0x22, 0x35, 0x22, 0xf3, 0x21,
    0x56, 0x22, 0x78, 0x2a, 0xb9, 0x2a, 0xda, 0x2a, 0xda, 0x2a, 0xba, 0x32,
    0xda, 0x2a, 0xba, 0x32, 0xda, 0x32, 0xda, 0x32, 0xda, 0x32, 0xda, 0x32,
    0xfa, 0x32, 0xda, 0x32, 0xfa, 0x32, 0xda, 0x32, 0xda, 0x32, 0xda, 0x32,
    0xfa, 0x32, 0xda, 0x32, 0x98, 0x2a, 0x98, 0x2a, 0x98, 0x2a, 0x99, 0x2a,
    0x56, 0x22, 0x36, 0x22, 0x56, 0x22, 0x56, 0x22, 0x57, 0x22, 0x78, 0x22,
    0x78, 0x2a, 0x99, 0x2a, 0xb9, 0x2a, 0xb9, 0x2a, 0xb9, 0x2a, 0xb9, 0x2a,
    0x98, 0x2a, 0x98, 0x2a, 0x35, 0x2a, 0x56, 0x2a, 0x98, 0x2a, 0x56, 0x22,
    0x35, 0x22, 0x35, 0x22, 0x78, 0x2a, 0x78, 0x2a, 0x77, 0x2a, 0x77, 0x2a,
    0xb9, 0x2a, 0x8f, 0x19, 0x2a, 0x11, 0x34, 0x22, 0xb0, 0x19, 0xd2, 0x21,
    0x15, 0x22, 0x35, 0x22, 0x15, 0x1a, 0x57, 0x22, 0x98, 0x2a, 0x98, 0x2a,
    0x98, 0x2a, 0xb9, 0x32, 0xb8, 0x2a, 0xb8, 0x2a, 0xb8, 0x32, 0x98, 0x2a,
    0x98, 0x32, 0x97, 0x2a, 0x97, 0x2a, 0x96, 0x2a, 0x76, 0x32, 0x76, 0x2a,
    0x76, 0x32, 0x75, 0x32, 0x75, 0x2a, 0x55, 0x2a, 0x54, 0x32, 0x34, 0x2a,
    0x33, 0x2a, 0x32, 0x2a, 0x12, 0x2a, 0x8e, 0x21, 0xaf, 0x21, 0xd0, 0x21,
    0xd1, 0x21, 0xd2, 0x21, 0x12, 0x22, 0x12, 0x22, 0xf3, 0x21, 0x13, 0x2a,
    0x13, 0x22, 0x35, 0x22, 0x34, 0x22, 0x35, 0x2a, 0x36, 0x22, 0x55, 0x2a,
    0x56, 0x2a, 0x57, 0x22, 0x77, 0x2a, 0x57, 0x2a, 0x77, 0x2a, 0x77, 0x22,
    0x78, 0x2a, 0x78, 0x2a, 0x78, 0x2a, 0x98, 0x2a, 0x98, 0x2a, 0x78, 0x2a,
    0x98, 0x2a, 0x99, 0x2a, 0x99, 0x2a, 0x99, 0x2a, 0x98, 0x2a, 0x99, 0x2a,
    0x98, 0x2a, 0xb9, 0x2a, 0x98, 0x2a, 0x99, 0x2a, 0xb9, 0x2a, 0xd9, 0x32,
    0xda, 0x32, 0xda, 0x32, 0xfa, 0x32, 0x1b, 0x33, 0x1b, 0x3b, 0x3b, 0x33,
    0x3c, 0x33, 0x1b, 0x3b, 0x1c, 0x3b, 0x3c, 0x3b, 0x3b, 0x3b, 0x1c, 0x3b,
    0x3b, 0x3b, 0x3c, 0x3b, 0x1c, 0x3b, 0x3c, 0x3b, 0x3c, 0x3b, 0x3c, 0x33,
    0x1b, 0x3b, 0x3c, 0x3b, 0x3c, 0x3b, 0x3c, 0x3b, 0x3b, 0x33, 0x3c, 0x3b,
    0x3c, 0x3b, 0x1b, 0x3b, 0x3c, 0x3b, 0x3b, 0x3b, 0x1b, 0x33, 0xfb, 0x32,
    0xfa, 0x32, 0xda, 0x32, 0xb9, 0x2a, 0xb9, 0x2a, 0xb9, 0x32, 0x99, 0x2a,
    0xb8, 0x2a, 0xb9, 0x2a, 0x98, 0x2a, 0x99, 0x32, 0xb9, 0x2a, 0x98, 0x2a,
    0x99, 0x2a, 0x99, 0x2a, 0x98, 0x2a, 0xb9, 0x2a, 0x98, 0x2a, 0x99, 0x2a,
    0x99, 0x2a, 0x98, 0x2a, 0x98, 0x2a, 0x99, 0x2a, 0x98, 0x2a, 0x98, 0x2a,
    0x99, 0x2a, 0x99, 0x2a, 0x98, 0x2a, 0x78, 0x2a, 0x78, 0x22, 0x78, 0x2a,
    0x98, 0x2a, 0x78, 0x2a, 0x78, 0x2a, 0x78, 0x22, 0x78, 0x2a, 0x78, 0x2a,
    0x78, 0x22, 0x35, 0x22, 0xd2, 0x21, 0x58, 0x22, 0xb9, 0x2a, 0xb9, 0x32,
    0xd9, 0x32, 0xb9, 0x2a, 0xd9, 0x32, 0xd9, 0x32, 0xda, 0x2a, 0xda, 0x32,
    0xda, 0x32, 0xda, 0x32, 0xda, 0x32, 0xda, 0x32, 0xda, 0x32, 0xda, 0x32,
    0xda, 0x32, 0xda, 0x32, 0xda, 0x32, 0xda, 0x32, 0xda, 0x32, 0x98, 0x2a,
    0xb9, 0x2a, 0x98, 0x2a, 0x98, 0x2a, 0x78, 0x2a, 0xf3, 0x21, 0x34, 0x22,
    0x78, 0x2a, 0x36, 0x22, 0x77, 0x22, 0x78, 0x2a, 0x98, 0x2a, 0x99, 0x2a,
    0xb9, 0x2a, 0xb9, 0x32, 0xb9, 0x2a, 0xb9, 0x2a, 0xb9, 0x2a, 0x78, 0x2a,
    0x14, 0x22, 0x98, 0x2a, 0x78, 0x2a, 0x14, 0x22, 0x98, 0x2a, 0x99, 0x2a,
    0x98, 0x2a, 0x98, 0x2a, 0x78, 0x2a, 0xfa, 0x32, 0xb1, 0x19, 0x09, 0x11,
    0x13, 0x22, 0x8f, 0x19, 0xf2, 0x19, 0x35, 0x22, 0x35, 0x22, 0x35, 0x22,
    0x78, 0x2a, 0x99, 0x2a, 0x98, 0x2a, 0xb9, 0x2a, 0xb9, 0x32, 0xb8, 0x2a,
    0x98, 0x32, 0xb8, 0x2a, 0x98, 0x2a, 0x98, 0x32, 0x97, 0x2a, 0x97, 0x2a,
    0x97, 0x32, 0x76, 0x2a, 0x76, 0x2a, 0x96, 0x2a, 0x75, 0x2a, 0x75, 0x2a,
    0x54, 0x32, 0x54, 0x2a, 0x54, 0x2a, 0x53, 0x32, 0x12, 0x2a, 0x12, 0x2a,
    0xae, 0x19, 0xaf, 0x21, 0xd0, 0x21, 0xd1, 0x21, 0xd1, 0x21, 0x12, 0x22,
    0xf2, 0x21, 0x13, 0x22, 0x13, 0x22, 0x14, 0x22, 0x14, 0x2a, 0x35, 0x22,
    0x35, 0x2a, 0x56, 0x2a, 0x56, 0x22, 0x57, 0x22, 0x77, 0x2a, 0x56, 0x2a,
    0x57, 0x22, 0x78, 0x2a, 0x77, 0x2a, 0x78, 0x22, 0x78, 0x2a, 0x98, 0x2a,
    0x98, 0x2a, 0x99, 0x2a, 0x78, 0x2a, 0x98, 0x2a, 0x99, 0x2a, 0x98, 0x2a,
    0x99, 0x2a, 0xb9, 0x2a, 0x98, 0x2a, 0x99, 0x2a, 0x99, 0x2a, 0xb8, 0x2a,
    0x99, 0x2a, 0xb9, 0x2a, 0xd9, 0x32, 0xda, 0x32, 0xda, 0x32, 0xfb, 0x32,
    0xfb, 0x32, 0x1b, 0x33, 0x1b, 0x3b, 0x3b, 0x33, 0x3b, 0x3b, 0x1c, 0x3b,
    0x3c, 0x33, 0x3c, 0x3b, 0x3b, 0x3b, 0x3c, 0x3b, 0x3c, 0x3b, 0x1b, 0x3b,
    0x3c, 0x3b, 0x3c, 0x3b, 0x1c, 0x3b, 0x3c, 0x3b, 0x3b, 0x3b, 0x3c, 0x3b,
    0x3c, 0x3b, 0x3b, 0x33, 0x3c, 0x3b, 0x3c, 0x3b, 0x1c, 0x33, 0x1b, 0x3b,
    0x1b, 0x33, 0x1b, 0x3b, 0xfb, 0x32, 0xfa, 0x32, 0xda, 0x32, 0xda, 0x32,
    0xb9, 0x2a, 0xb9, 0x2a, 0x99, 0x2a, 0xb9, 0x2a, 0xb9, 0x2a, 0x99, 0x2a,
    0x99, 0x2a, 0x98, 0x2a, 0xb9, 0x2a, 0xb9, 0x2a, 0x98, 0x2a, 0x98, 0x2a,
    0xb9, 0x2a, 0x99, 0x2a, 0x98, 0x2a, 0x99, 0x2a, 0x98, 0x2a, 0x98, 0x2a,
    0x98, 0x2a, 0x98, 0x2a, 0x78, 0x2a, 0x98, 0x2a, 0x99, 0x2a, 0x98, 0x2a,
    0x78, 0x2a, 0x78, 0x22, 0x98, 0x2a, 0x78, 0x2a, 0x78, 0x22, 0x78, 0x2a,
    0x78, 0x2a, 0x98, 0x22, 0x78, 0x2a, 0x78, 0x2a, 0x56, 0x22, 0xd1, 0x19,
    0xf3, 0x21, 0xfb, 0x32, 0xda, 0x32, 0x98, 0x2a, 0x57, 0x22, 0x78, 0x2a,
    0x98, 0x2a, 0x98, 0x2a, 0x98, 0x2a, 0x99, 0x2a, 0xb9, 0x2a, 0xb9, 0x2a,
    0xb9, 0x32, 0xb9, 0x32, 0xd9, 0x32, 0xb9, 0x32, 0xd9, 0x32, 0xb9, 0x32,
    0xb9, 0x2a, 0xb9, 0x32, 0x98, 0x2a, 0x78, 0x2a, 0x35, 0x22, 0xf2, 0x21,
    0xaf, 0x19, 0x4c, 0x11, 0xa5, 0x08, 0x2b, 0x11, 0x56, 0x22, 0x35, 0x22,
    0x56, 0x22, 0x78, 0x2a, 0x99, 0x2a, 0xb9, 0x2a, 0xb9, 0x32, 0xb9, 0x32,
    0x99, 0x2a, 0x78, 0x2a, 0x99, 0x2a, 0xf2, 0x21, 0x57, 0x22, 0xf2, 0x21,
    0xf3, 0x21, 0x56, 0x22, 0x34, 0x22, 0x14, 0x22, 0x14, 0x22, 0x14, 0x22,
    0x78, 0x2a, 0x2b, 0x11, 0x2a, 0x11, 0xf2, 0x21, 0x8f, 0x19, 0xf2, 0x19,
    0x16, 0x22, 0x15, 0x22, 0x35, 0x22, 0x78, 0x2a, 0x98, 0x2a, 0x98, 0x2a,
    0xb9, 0x2a, 0xb8, 0x32, 0xb8, 0x2a, 0x99, 0x2a, 0x98, 0x32, 0x98, 0x2a,
    0x98, 0x2a, 0x97, 0x32, 0x97, 0x32, 0x97, 0x2a, 0x77, 0x2a, 0x76, 0x2a,
    0x76, 0x2a, 0x75, 0x2a, 0x75, 0x2a, 0x54, 0x2a, 0x54, 0x2a, 0x54, 0x2a,
    0x53, 0x2a, 0x12, 0x2a, 0x12, 0x2a, 0xaf, 0x21, 0xaf, 0x19, 0xd0, 0x21,
    0xd1, 0x21, 0xf1, 0x21, 0xf2, 0x21, 0xf2, 0x21, 0x13, 0x2a, 0x13, 0x22,
    0x14, 0x22, 0x34, 0x2a, 0x35, 0x22, 0x35, 0x22, 0x56, 0x2a, 0x56, 0x2a,
    0x56, 0x22, 0x77, 0x2a, 0x57, 0x2a, 0x57, 0x22, 0x77, 0x2a, 0x78, 0x2a,
    0x77, 0x2a, 0x78, 0x2a, 0x98, 0x2a, 0x98, 0x22, 0x98, 0x2a, 0x98, 0x2a,
    0x98, 0x2a, 0x99, 0x2a, 0x98, 0x2a, 0x99, 0x2a, 0x99, 0x2a, 0xb8, 0x2a,
    0x99, 0x2a, 0x99, 0x2a, 0x98, 0x2a, 0x99, 0x2a, 0xb9, 0x2a, 0xb9, 0x2a,
    0xda, 0x32, 0xfa, 0x32, 0xfa, 0x32, 0xfb, 0x32, 0x1b, 0x3b, 0x1b, 0x3b,
    0x1b, 0x33, 0x3c, 0x3b, 0x1c, 0x3b, 0x1c, 0x3b, 0x3c, 0x3b, 0x3c, 0x3b,
    0x1c, 0x33, 0x3c, 0x3b, 0x3b, 0x3b, 0x3c, 0x33, 0x3b, 0x3b, 0x3c, 0x3b,
    0x3c, 0x3b, 0x1c, 0x3b, 0x3c, 0x3b, 0x3c, 0x3b, 0x3c, 0x3b, 0x3c, 0x3b,
    0x3c, 0x3b, 0x3c, 0x3b, 0x1c, 0x3b, 0x3b, 0x3b, 0x1b, 0x33, 0xfb, 0x32,
    0xfa, 0x32, 0xda, 0x32, 0xda, 0x32, 0xb9, 0x32, 0xb9, 0x2a, 0xb9, 0x2a,
    0xb9, 0x2a, 0xb9, 0x32, 0x99, 0x2a, 0x99, 0x2a, 0x98, 0x2a, 0x99, 0x2a,
    0x99, 0x2a, 0x98, 0x2a, 0x99, 0x2a, 0x99, 0x2a, 0xb8, 0x2a, 0x98, 0x2a,
    0x99, 0x2a, 0x98, 0x2a, 0x99, 0x2a, 0x98, 0x2a, 0x99, 0x2a, 0x78, 0x2a,
    0x98, 0x2a, 0x98, 0x2a, 0x78, 0x22, 0x98, 0x2a, 0x98, 0x2a, 0x98, 0x2a,
    0x98, 0x2a, 0x98, 0x2a, 0x78, 0x2a, 0x78, 0x22, 0x98, 0x2a, 0x78, 0x2a,
    0x78, 0x2a, 0x77, 0x22, 0xf4, 0x21, 0xf2, 0x21, 0xb0, 0x19, 0x2b, 0x11,
    0xb1, 0x19, 0x99, 0x2a, 0xb9, 0x2a, 0x99, 0x2a, 0x99, 0x2a, 0xb9, 0x2a,
    0xb9, 0x2a, 0xb9, 0x2a, 0xd9, 0x2a, 0xb9, 0x2a, 0xda, 0x2a, 0xda, 0x2a,
    0xda, 0x2a, 0xba, 0x2a, 0xd9, 0x2a, 0xb9, 0x2a, 0xb9, 0x32, 0xd9, 0x2a,
    0x99, 0x2a, 0x78, 0x2a, 0x78, 0x2a, 0x78, 0x22, 0x78, 0x2a, 0x15, 0x22,
    0xb0, 0x19, 0x14, 0x22, 0x13, 0x22, 0x14, 0x22, 0x57, 0x22, 0x98, 0x2a,
    0xb9, 0x2a, 0xd9, 0x2a, 0xb9, 0x2a, 0x98, 0x2a, 0x78, 0x2a, 0x98, 0x2a,
    0xf3, 0x21, 0xd2, 0x19, 0xf2, 0x21, 0xd1, 0x19, 0xd1, 0x19, 0xd1, 0x19,
    0xd1, 0x19, 0xd1, 0x19, 0xd1, 0x19, 0xf3, 0x21, 0xc7, 0x10, 0x2b, 0x11,
    0xd1, 0x21, 0x8e, 0x19, 0xf3, 0x21, 0x15, 0x22, 0x15, 0x22, 0x35, 0x22,
    0x98, 0x2a, 0x98, 0x2a, 0x98, 0x2a, 0xb9, 0x32, 0xb8, 0x2a, 0xb8, 0x2a,
    0xb8, 0x32, 0xb8, 0x2a, 0x98, 0x32, 0x97, 0x2a, 0x97, 0x2a, 0x97, 0x32,
    0x97, 0x2a, 0x76, 0x32, 0x76, 0x32, 0x76, 0x2a, 0x75, 0x32, 0x75, 0x32,
    0x54, 0x2a, 0x54, 0x32, 0x54, 0x2a, 0x33, 0x2a, 0x12, 0x2a, 0x12, 0x2a,
    0xaf, 0x21, 0xaf, 0x19, 0xd0, 0x21, 0xf1, 0x21, 0xf2, 0x21, 0xf1, 0x21,
    0xf2, 0x21, 0x13, 0x22, 0x13, 0x22, 0x14, 0x22, 0x34, 0x2a, 0x34, 0x22,
    0x35, 0x22, 0x56, 0x2a, 0x55, 0x22, 0x56, 0x2a, 0x57, 0x2a, 0x77, 0x22,
    0x77, 0x2a, 0x77, 0x2a, 0x77, 0x22, 0x78, 0x2a, 0x78, 0x2a, 0x98, 0x2a,
    0x98, 0x2a, 0x78, 0x2a, 0x98, 0x2a, 0x99, 0x2a, 0x99, 0x2a, 0x98, 0x2a,
    0x99, 0x2a, 0x98, 0x2a, 0x99, 0x2a, 0xb9, 0x2a, 0x98, 0x2a, 0x99, 0x2a,
    0xb9, 0x2a, 0xb9, 0x2a, 0xb9, 0x32, 0xba, 0x32, 0xda, 0x32, 0xfa, 0x32,
    0xfa, 0x32, 0x1b, 0x33, 0x1b, 0x3b, 0x1b, 0x33, 0x3c, 0x3b, 0x3b, 0x3b,
    0x1b, 0x3b, 0x3c, 0x3b, 0x3c, 0x3b, 0x3b, 0x3b, 0x1c, 0x3b, 0x3c, 0x3b,
    0x1c, 0x3b, 0x3c, 0x3b, 0x3b, 0x3b, 0x1c, 0x33, 0x3b, 0x3b, 0x3c, 0x3b,
    0x1b, 0x3b, 0x1c, 0x3b, 0x3b, 0x3b, 0x3c, 0x3b, 0x1b, 0x3b, 0x3c, 0x3b,
    0x3c, 0x33, 0x1b, 0x3b, 0x1b, 0x33, 0xfb, 0x32, 0xfa, 0x32, 0xda, 0x32,
    0xb9, 0x2a, 0xb9, 0x2a, 0xb9, 0x32, 0x99, 0x2a, 0xb9, 0x2a, 0xb9, 0x2a,
    0x99, 0x2a, 0x99, 0x32, 0xb9, 0x2a, 0x98, 0x2a, 0x99, 0x2a, 0xb9, 0x2a,
    0x99, 0x2a, 0x98, 0x2a, 0x99, 0x2a, 0x99, 0x2a, 0x98, 0x2a, 0x98, 0x2a,
    0x99, 0x2a, 0x98, 0x2a, 0x98, 0x2a, 0x99, 0x2a, 0x98, 0x2a, 0x78, 0x2a,
    0x78, 0x2a, 0x98, 0x2a, 0x78, 0x2a, 0x78, 0x2a, 0x98, 0x2a, 0x78, 0x2a,
    0x78, 0x22, 0x98, 0x2a, 0x78, 0x2a, 0x77, 0x22, 0x78, 0x2a, 0x35, 0x22,
    0x6d, 0x11, 0x0a, 0x11, 0x6e, 0x19, 0xf4, 0x21, 0xb9, 0x2a, 0xda, 0x32,
    0xba, 0x2a, 0xd9, 0x2a, 0xba, 0x2a, 0xba, 0x32, 0xb9, 0x32, 0xb9, 0x2a,
    0xba, 0x2a, 0xb9, 0x32, 0xb9, 0x2a, 0xb9, 0x2a, 0xb9, 0x32, 0xba, 0x2a,
    0xb9, 0x2a, 0xba, 0x2a, 0xba, 0x32, 0xd9, 0x32, 0xda, 0x32, 0xda, 0x32,
    0xfa, 0x32, 0xfa, 0x32, 0x1b, 0x33, 0xfa, 0x32, 0x78, 0x2a, 0x35, 0x22,
    0xd2, 0x21, 0x14, 0x22, 0x78, 0x2a, 0xb9, 0x2a, 0xba, 0x2a, 0x99, 0x2a,
    0x98, 0x2a, 0x98, 0x2a, 0x56, 0x22, 0xf2, 0x21, 0x34, 0x22, 0x99, 0x2a,
    0x99, 0x2a, 0x98, 0x2a, 0x99, 0x2a, 0x98, 0x2a, 0x98, 0x2a, 0x98, 0x2a,
    0xfb, 0x32, 0x8e, 0x19, 0xe9, 0x10, 0xb1, 0x19, 0x8f, 0x19, 0xf3, 0x19,
    0x35, 0x22, 0x15, 0x22, 0x36, 0x22, 0x98, 0x2a, 0xb9, 0x2a, 0x98, 0x2a,
    0xb9, 0x32, 0xb9, 0x2a, 0xb8, 0x2a, 0x98, 0x32, 0x98, 0x2a, 0x98, 0x2a,
    0x97, 0x32, 0x97, 0x2a, 0x97, 0x2a, 0x97, 0x2a, 0x76, 0x2a, 0x96, 0x2a,
    0x75, 0x2a, 0x75, 0x2a, 0x75, 0x2a, 0x55, 0x2a, 0x54, 0x32, 0x54, 0x2a,
    0x53, 0x2a, 0x32, 0x2a, 0x12, 0x2a, 0xaf, 0x21, 0x8f, 0x21, 0xd0, 0x21,
    0xf1, 0x21, 0xf2, 0x21, 0xf2, 0x21, 0xf2, 0x21, 0x13, 0x22, 0x13, 0x22,
    0x34, 0x2a, 0x34, 0x22, 0x35, 0x22, 0x35, 0x2a, 0x56, 0x2a, 0x56, 0x22,
    0x57, 0x22, 0x57, 0x2a, 0x77, 0x22, 0x57, 0x2a, 0x77, 0x2a, 0x78, 0x22,
    0x98, 0x2a, 0x78, 0x2a, 0x78, 0x2a, 0x98, 0x2a, 0x99, 0x2a, 0x78, 0x2a,
    0x98, 0x2a, 0x99, 0x2a, 0x98, 0x2a, 0x98, 0x2a, 0x99, 0x2a, 0xb8, 0x2a,
    0x98, 0x2a, 0x98, 0x2a, 0x99, 0x2a, 0x98, 0x2a, 0xb9, 0x2a, 0xd9, 0x2a,
    0xba, 0x32, 0xda, 0x32, 0xfa, 0x32, 0xfb, 0x32, 0xfb, 0x32, 0x1b, 0x3b,
    0x1b, 0x33, 0x1b, 0x33, 0x3c, 0x3b, 0x3c, 0x3b, 0x3c, 0x33, 0x3b, 0x3b,
    0x3c, 0x3b, 0x3c, 0x3b, 0x3b, 0x3b, 0x3c, 0x3b, 0x1c, 0x3b, 0x3c, 0x3b,
    0x3c, 0x3b, 0x3c, 0x3b, 0x3b, 0x33, 0x3c, 0x33, 0x3c, 0x3b, 0x3c, 0x3b,
    0x3c, 0x3b, 0x3c, 0x3b, 0x3b, 0x33, 0x1c, 0x3b, 0x1b, 0x33, 0x1b, 0x3b,
    0xfa, 0x32, 0xfa, 0x32, 0xfa, 0x32, 0xda, 0x32, 0xb9, 0x2a, 0xb9, 0x2a,
    0xb9, 0x2a, 0xb9, 0x2a, 0xb8, 0x2a, 0x99, 0x2a, 0x99, 0x2a, 0xb8, 0x2a,
    0x99, 0x2a, 0x98, 0x2a, 0xb8, 0x2a, 0x99, 0x2a, 0x99, 0x2a, 0x98, 0x2a,
    0x98, 0x2a, 0x98, 0x2a, 0x99, 0x2a, 0x98, 0x2a, 0x98, 0x2a, 0x78, 0x2a,
    0x98, 0x22, 0x99, 0x2a, 0x98, 0x2a, 0x98, 0x2a, 0x78, 0x2a, 0x98, 0x2a,
    0x78, 0x2a, 0x78, 0x22, 0x78, 0x2a, 0x78, 0x2a, 0x78, 0x2a, 0x78, 0x2a,
    0x78, 0x22, 0x78, 0x2a, 0x15, 0x22, 0x90, 0x19, 0x13, 0x22, 0x36, 0x22,
    0xf4, 0x21, 0x99, 0x2a, 0xb9, 0x2a, 0x99, 0x2a, 0x99, 0x2a, 0x99, 0x2a,
    0x99, 0x2a, 0xb9, 0x2a, 0xb9, 0x2a, 0x99, 0x2a, 0x99, 0x2a, 0x99, 0x2a,
    0x99, 0x2a, 0x99, 0x2a, 0x99, 0x2a, 0x99, 0x2a, 0x99, 0x2a, 0x99, 0x2a,
    0x99, 0x2a, 0x99, 0x2a, 0x99, 0x2a, 0x99, 0x2a, 0x99, 0x2a, 0x99, 0x2a,
    0x98, 0x2a, 0x78, 0x2a, 0x98, 0x2a, 0x55, 0x22, 0xd1, 0x21, 0xf3, 0x21,
    0x99, 0x2a, 0xda, 0x32, 0xb9, 0x2a, 0x99, 0x2a, 0x57, 0x2a, 0xf2, 0x21,
    0x35, 0x22, 0x99, 0x2a, 0x78, 0x2a, 0x77, 0x2a, 0x77, 0x2a, 0x77, 0x2a,
    0x57, 0x2a, 0x56, 0x2a, 0x56, 0x22, 0x99, 0x2a, 0x4d, 0x19, 0x09, 0x11,
    0xaf, 0x19, 0x8f, 0x19, 0xf4, 0x21, 0x15, 0x22, 0x35, 0x22, 0x57, 0x22,
    0x98, 0x2a, 0x99, 0x2a, 0xb9, 0x2a, 0xb9, 0x32, 0xb8, 0x2a, 0xb8, 0x32,
    0x99, 0x2a, 0xb8, 0x2a, 0x98, 0x32, 0x98, 0x2a, 0x97, 0x32, 0x97, 0x32,
    0x77, 0x2a, 0x76, 0x2a, 0x76, 0x2a, 0x96, 0x32, 0x75, 0x2a, 0x75, 0x2a,
    0x54, 0x2a, 0x54, 0x32, 0x34, 0x32, 0x53, 0x2a, 0x12, 0x2a, 0x12, 0x2a,
    0xaf, 0x19, 0xaf, 0x21, 0xd0, 0x21, 0xd1, 0x21, 0xf2, 0x21, 0xf2, 0x21,
    0x13, 0x22, 0x13, 0x2a, 0x13, 0x22, 0x14, 0x22, 0x34, 0x2a, 0x34, 0x22,
    0x56, 0x2a, 0x55, 0x22, 0x56, 0x2a, 0x56, 0x2a, 0x57, 0x2a, 0x77, 0x22,
    0x57, 0x2a, 0x77, 0x2a, 0x77, 0x2a, 0x78, 0x22, 0x78, 0x2a, 0x98, 0x2a,
    0x98, 0x2a, 0x98, 0x2a, 0x98, 0x2a, 0x98, 0x2a, 0x99, 0x2a, 0x99, 0x2a,
    0x99, 0x2a, 0x98, 0x2a, 0x99, 0x2a, 0xb9, 0x2a, 0x98, 0x2a, 0x99, 0x2a,
    0x98, 0x2a, 0x99, 0x2a, 0xd9, 0x2a, 0xda, 0x2a, 0xda, 0x32, 0xda, 0x32,
    0xfa, 0x32, 0xfa, 0x32, 0x1b, 0x33, 0x1b, 0x3b, 0x3b, 0x33, 0x1c, 0x3b,
    0x1b, 0x3b, 0x3c, 0x3b, 0x1c, 0x3b, 0x3c, 0x3b, 0x3c, 0x33, 0x1b, 0x3b,
    0x3c, 0x33, 0x3c, 0x3b, 0x3b, 0x3b, 0x3c, 0x3b, 0x3c, 0x3b, 0x3c, 0x3b,
    0x3c, 0x3b, 0x3c, 0x3b, 0x3b, 0x3b, 0x3c, 0x33, 0x3c, 0x3b, 0x1b, 0x3b,
    0x1c, 0x33, 0x3b, 0x3b, 0x1b, 0x33, 0xfb, 0x32, 0xfa, 0x32, 0xda, 0x32,
    0xda, 0x32, 0xb9, 0x32, 0xb9, 0x2a, 0xb9, 0x2a, 0xb9, 0x2a, 0xb9, 0x32,
    0xb8, 0x2a, 0x99, 0x2a, 0x99, 0x2a, 0x99, 0x2a, 0x99, 0x2a, 0x98, 0x2a,
    0xb9, 0x2a, 0x99, 0x2a, 0x98, 0x2a, 0x99, 0x2a, 0x98, 0x2a, 0x99, 0x2a,
    0x98, 0x2a, 0x98, 0x2a, 0x79, 0x2a, 0x98, 0x2a, 0x98, 0x2a, 0x78, 0x2a,
    0x78, 0x22, 0x78, 0x2a, 0x98, 0x2a, 0x78, 0x2a, 0x98, 0x2a, 0x98, 0x22,
    0x78, 0x22, 0x78, 0x2a, 0x98, 0x2a, 0x77, 0x2a, 0x78, 0x2a, 0x34, 0x22,
    0xf3, 0x19, 0x14, 0x22, 0xf2, 0x19, 0xf4, 0x21, 0xb9, 0x2a, 0xb9, 0x2a,
    0x99, 0x2a, 0xb9, 0x2a, 0x98, 0x2a, 0x99, 0x2a, 0xb9, 0x2a, 0x99, 0x2a,
    0xb9, 0x2a, 0x99, 0x2a, 0xb9, 0x2a, 0x99, 0x2a, 0x99, 0x2a, 0xb9, 0x2a,
    0x98, 0x2a, 0xb9, 0x2a, 0x99, 0x2a, 0x99, 0x2a, 0xb9, 0x2a, 0xb9, 0x2a,
    0x99, 0x2a, 0x99, 0x2a, 0x98, 0x2a, 0x98, 0x2a, 0x78, 0x2a, 0x78, 0x2a,
    0x98, 0x2a, 0x56, 0x2a, 0xb0, 0x19, 0x36, 0x22, 0xda, 0x32, 0xd9, 0x32,
    0x98, 0x2a, 0xf3, 0x21, 0x14, 0x22, 0x98, 0x2a, 0x78, 0x2a, 0x77, 0x2a,
    0x78, 0x2a, 0x77, 0x2a, 0x77, 0x2a, 0x77, 0x2a, 0x56, 0x22, 0x57, 0x22,
    0x99, 0x2a, 0x6d, 0x19, 0x0a, 0x11, 0x8f, 0x19, 0x8e, 0x19, 0xf4, 0x21,
    0x35, 0x22, 0x15, 0x1a, 0x57, 0x22, 0x98, 0x2a, 0xb8, 0x2a, 0xb9, 0x32,
    0xb9, 0x32, 0xb8, 0x2a, 0xb8, 0x2a, 0x98, 0x32, 0xb8, 0x2a, 0x98, 0x2a,
    0x97, 0x32, 0x97, 0x2a, 0x97, 0x2a, 0x97, 0x32, 0x76, 0x2a, 0x76, 0x32,
    0x76, 0x2a, 0x75, 0x2a, 0x55, 0x32, 0x54, 0x2a, 0x54, 0x2a, 0x54, 0x2a,
    0x33, 0x32, 0x32, 0x2a, 0x12, 0x2a, 0xaf, 0x21, 0xaf, 0x19, 0xd1, 0x21,
    0xf1, 0x21, 0xf1, 0x21, 0xf2, 0x21, 0x12, 0x22, 0x13, 0x2a, 0x13, 0x22,
    0x14, 0x22, 0x34, 0x2a, 0x35, 0x22, 0x36, 0x22, 0x56, 0x2a, 0x56, 0x2a,
    0x56, 0x22, 0x57, 0x2a, 0x77, 0x2a, 0x77, 0x22, 0x77, 0x2a, 0x78, 0x2a,
    0x77, 0x2a, 0x98, 0x2a, 0x78, 0x2a, 0x98, 0x22, 0x98, 0x2a, 0x78, 0x2a,
    0x99, 0x2a, 0x99, 0x2a, 0x98, 0x2a, 0x99, 0x2a, 0x99, 0x2a, 0x99, 0x2a,
    0xb8, 0x2a, 0x98, 0x2a, 0xb9, 0x2a, 0x99, 0x2a, 0x99, 0x2a, 0xb9, 0x2a,
    0xd9, 0x32, 0xda, 0x32, 0xfa, 0x32, 0xfa, 0x32, 0x1b, 0x33, 0x1b, 0x3b,
    0x1b, 0x3b, 0x3b, 0x3b, 0x1c, 0x33, 0x3b, 0x3b, 0x1c, 0x3b, 0x3c, 0x3b,
    0x3b, 0x3b, 0x1c, 0x3b, 0x3c, 0x3b, 0x3c, 0x3b, 0x1b, 0x3b, 0x3c, 0x33,
    0x1c, 0x3b, 0x3b, 0x3b, 0x3c, 0x3b, 0x1c, 0x3b, 0x3c, 0x3b, 0x3c, 0x3b,
    0x3c, 0x3b, 0x3c, 0x3b, 0x1c, 0x3b, 0x3b, 0x3b, 0x3b, 0x3b, 0x1b, 0x33,
    0x1b, 0x3b, 0xfb, 0x32, 0xfa, 0x32, 0xda, 0x32, 0xb9, 0x2a, 0xb9, 0x2a,
    0x99, 0x32, 0xb9, 0x2a, 0xb9, 0x2a, 0xb9, 0x2a, 0x99, 0x2a, 0x99, 0x32,
    0xb8, 0x2a, 0x99, 0x2a, 0x99, 0x2a, 0x98, 0x2a, 0xb9, 0x2a, 0x98, 0x2a,
    0x99, 0x2a, 0x98, 0x2a, 0x99, 0x2a, 0x98, 0x2a, 0x98, 0x2a, 0x99, 0x2a,
    0x98, 0x2a, 0x98, 0x2a, 0x78, 0x2a, 0x98, 0x2a, 0x99, 0x2a, 0x78, 0x2a,
    0x98, 0x2a, 0x78, 0x2a, 0x78, 0x2a, 0x78, 0x22, 0x98, 0x2a, 0x78, 0x2a,
    0x78, 0x22, 0x78, 0x2a, 0x14, 0x22, 0xd1, 0x19, 0xf3, 0x21, 0xf3, 0x21,
    0xf3, 0x19, 0x99, 0x2a, 0xb9, 0x2a, 0x99, 0x2a, 0xb8, 0x2a, 0x99, 0x2a,
    0x99, 0x2a, 0x98, 0x2a, 0x98, 0x2a, 0x99, 0x32, 0x98, 0x2a, 0x98, 0x2a,
    0xb9, 0x32, 0x99, 0x2a, 0x98, 0x2a, 0xb9, 0x32, 0x99, 0x2a, 0x98, 0x2a,
    0xb8, 0x2a, 0x99, 0x2a, 0xb8, 0x2a, 0x98, 0x2a, 0x99, 0x2a, 0x99, 0x2a,
    0x98, 0x2a, 0x98, 0x2a, 0x78, 0x2a, 0x78, 0x2a, 0x98, 0x2a, 0x55, 0x22,
    0xb0, 0x19, 0x99, 0x2a, 0xda, 0x32, 0x34, 0x22, 0x13, 0x22, 0x98, 0x2a,
    0x98, 0x2a, 0x78, 0x2a, 0x78, 0x22, 0x77, 0x22, 0x78, 0x22, 0x77, 0x2a,
    0x78, 0x22, 0x56, 0x22, 0x56, 0x2a, 0x98, 0x2a, 0x6e, 0x19, 0x0a, 0x11,
    0x8e, 0x19, 0x8f, 0x19, 0x14, 0x22, 0x15, 0x22, 0x36, 0x22, 0x77, 0x22,
    0x98, 0x2a, 0xb9, 0x32, 0xb9, 0x2a, 0xb8, 0x2a, 0xb9, 0x2a, 0xb8, 0x32,
    0x98, 0x32, 0xb8, 0x2a, 0x98, 0x32, 0x97, 0x2a, 0x97, 0x2a, 0x97, 0x32,
    0x97, 0x2a, 0x76, 0x2a, 0x96, 0x2a, 0x76, 0x2a, 0x75, 0x2a, 0x75, 0x32,
    0x55, 0x2a, 0x54, 0x2a, 0x54, 0x2a, 0x53, 0x2a, 0x12, 0x2a, 0x12, 0x2a,
    0xaf, 0x21, 0xaf, 0x21, 0xd0, 0x21, 0xf1, 0x21, 0xf2, 0x21, 0x12, 0x22,
    0x12, 0x22, 0x13, 0x2a, 0x13, 0x22, 0x34, 0x22, 0x34, 0x2a, 0x35, 0x22,
    0x35, 0x2a, 0x56, 0x22, 0x56, 0x2a, 0x56, 0x22, 0x57, 0x2a, 0x77, 0x2a,
    0x57, 0x22, 0x78, 0x2a, 0x77, 0x2a, 0x78, 0x2a, 0x78, 0x2a, 0x98, 0x2a,
    0x98, 0x2a, 0x99, 0x2a, 0x78, 0x2a, 0x98, 0x2a, 0x98, 0x2a, 0x98, 0x2a,
    0x98, 0x2a, 0xb9, 0x2a, 0x98, 0x2a, 0x98, 0x2a, 0x98, 0x2a, 0x99, 0x2a,
    0xb8, 0x2a, 0x99, 0x2a, 0xb9, 0x32, 0xb9, 0x2a, 0xba, 0x32, 0xda, 0x32,
    0xfa, 0x32, 0xfb, 0x32, 0x1b, 0x3b, 0x1b, 0x33, 0x1b, 0x33, 0x3c, 0x3b,
    0x3c, 0x3b, 0x1b, 0x3b, 0x3c, 0x33, 0x3c, 0x3b, 0x3c, 0x3b, 0x3c, 0x3b,
    0x3b, 0x3b, 0x3c, 0x3b, 0x3c, 0x3b, 0x3c, 0x3b, 0x1b, 0x3b, 0x3c, 0x3b,
    0x3b, 0x33, 0x3c, 0x3b, 0x1c, 0x3b, 0x3b, 0x3b, 0x3c, 0x3b, 0x1c, 0x3b,
    0x1c, 0x3b, 0x1b, 0x33, 0x1b, 0x3b, 0x1b, 0x33, 0xfb, 0x32, 0xfa, 0x32,
    0xda, 0x32, 0xba, 0x2a, 0xb9, 0x2a, 0xb9, 0x2a, 0xb9, 0x32, 0xb9, 0x2a,
    0xb9, 0x2a, 0x98, 0x2a, 0x99, 0x2a, 0x99, 0x2a, 0xb8, 0x2a, 0x99, 0x2a,
    0x99, 0x2a, 0x98, 0x2a, 0xb9, 0x2a, 0x99, 0x2a, 0x98, 0x2a, 0x99, 0x2a,
    0x98, 0x2a, 0x99, 0x2a, 0x78, 0x2a, 0x99, 0x2a, 0x98, 0x2a, 0x78, 0x2a,
    0x99, 0x2a, 0x78, 0x2a, 0x98, 0x22, 0x98, 0x2a, 0x98, 0x2a, 0x78, 0x2a,
    0x78, 0x2a, 0x98, 0x2a, 0x78, 0x2a, 0x78, 0x2a, 0x98, 0x2a, 0x15, 0x22,
    0xd1, 0x19, 0xf4, 0x21, 0xf3, 0x21, 0xf4, 0x21, 0xb8, 0x2a, 0xb9, 0x2a,
    0x99, 0x2a, 0x99, 0x2a, 0x99, 0x32, 0xb9, 0x2a, 0x99, 0x2a, 0x99, 0x2a,
    0xb9, 0x2a, 0x99, 0x2a, 0x99, 0x2a, 0x99, 0x2a, 0x98, 0x2a, 0x99, 0x2a,
    0x99, 0x2a, 0x99, 0x2a, 0x99, 0x2a, 0x99, 0x2a, 0x99, 0x2a, 0x99, 0x2a,
    0xb9, 0x2a, 0x99, 0x2a, 0x99, 0x2a, 0xb8, 0x2a, 0x98, 0x2a, 0x78, 0x2a,
    0x78, 0x22, 0x78, 0x2a, 0x98, 0x2a, 0x13, 0x22, 0x35, 0x22, 0x98, 0x2a,
    0xf2, 0x21, 0x78, 0x22, 0x98, 0x2a, 0x78, 0x2a, 0x78, 0x2a, 0x77, 0x2a,
    0x78, 0x2a, 0x78, 0x2a, 0x77, 0x22, 0x77, 0x2a, 0x56, 0x22, 0x56, 0x22,
    0x98, 0x2a, 0x6e, 0x19, 0x0a, 0x11, 0x8e, 0x19, 0x90, 0x19, 0x14, 0x1a,
    0x35, 0x22, 0x36, 0x22, 0x78, 0x2a, 0x99, 0x2a, 0xb9, 0x32, 0xb9, 0x2a,
    0xb9, 0x2a, 0x98, 0x32, 0xb8, 0x2a, 0x99, 0x2a, 0x98, 0x2a, 0x98, 0x32,
    0x97, 0x2a, 0x97, 0x2a, 0x97, 0x32, 0x97, 0x2a, 0x77, 0x2a, 0x76, 0x32,
    0x76, 0x2a, 0x75, 0x2a, 0x75, 0x2a, 0x54, 0x32, 0x54, 0x32, 0x54, 0x2a,
    0x33, 0x2a, 0x32, 0x2a, 0x12, 0x2a, 0xaf, 0x19, 0xaf, 0x21, 0xf1, 0x21,
    0xf1, 0x21, 0xf2, 0x21, 0xf2, 0x21, 0x12, 0x22, 0x13, 0x2a, 0x14, 0x22,
    0x14, 0x22, 0x35, 0x22, 0x35, 0x2a, 0x56, 0x22, 0x56, 0x2a, 0x56, 0x2a,
    0x56, 0x22, 0x57, 0x2a, 0x77, 0x22, 0x57, 0x2a, 0x77, 0x2a, 0x78, 0x22,
    0x78, 0x2a, 0x78, 0x2a, 0x98, 0x22, 0x98, 0x2a, 0x98, 0x2a, 0x98, 0x2a,
    0x98, 0x2a, 0x99, 0x2a, 0x99, 0x2a, 0x98, 0x2a, 0x99, 0x2a, 0x99, 0x2a,
    0x99, 0x2a, 0xb9, 0x2a, 0x98, 0x2a, 0x98, 0x2a, 0x99, 0x2a, 0xb9, 0x2a,
    0xd9, 0x32, 0xba, 0x32, 0xda, 0x32, 0xfa, 0x32, 0xfa, 0x32, 0x1b, 0x33,
    0x1b, 0x3b, 0x1b, 0x33, 0x1c, 0x3b, 0x3b, 0x3b, 0x1c, 0x3b, 0x1c, 0x33,
    0x3c, 0x3b, 0x3b, 0x3b, 0x1c, 0x3b, 0x3c, 0x3b, 0x3c, 0x3b, 0x1c, 0x3b,
    0x3b, 0x3b, 0x3c, 0x3b, 0x3c, 0x3b, 0x3c, 0x3b, 0x3c, 0x3b, 0x3c, 0x3b,
    0x3c, 0x33, 0x3c, 0x33, 0x3b, 0x3b, 0x1c, 0x3b, 0x3b, 0x33, 0x1b, 0x33,
    0x1b, 0x3b, 0xfb, 0x32, 0xfa, 0x32, 0xda, 0x32, 0xda, 0x32, 0xd9, 0x32,
    0xb9, 0x2a, 0xb9, 0x2a, 0x99, 0x32, 0xb9, 0x2a, 0x98, 0x2a, 0x99, 0x2a,
    0x99, 0x2a, 0x98, 0x2a, 0xb9, 0x2a, 0x99, 0x2a, 0x98, 0x2a, 0x98, 0x2a,
    0x99, 0x2a, 0x98, 0x2a, 0x98, 0x2a, 0x99, 0x2a, 0x98, 0x2a, 0x78, 0x2a,
    0x98, 0x2a, 0x98, 0x22, 0x78, 0x2a, 0x98, 0x2a, 0x78, 0x2a, 0x99, 0x2a,
    0x78, 0x2a, 0x98, 0x2a, 0x98, 0x2a, 0x78, 0x2a, 0x78, 0x2a, 0x98, 0x2a,
    0x78, 0x2a, 0x78, 0x2a, 0x35, 0x22, 0xd1, 0x19, 0xf3, 0x19, 0xf3, 0x21,
    0x14, 0x22, 0x99, 0x2a, 0xd9, 0x2a, 0xb9, 0x2a, 0xb9, 0x2a, 0xb8, 0x2a,
    0xb9, 0x2a, 0xb9, 0x2a, 0xb8, 0x32, 0xb9, 0x2a, 0xb9, 0x2a, 0xb9, 0x2a,
    0xb9, 0x2a, 0xb9, 0x2a, 0xb9, 0x2a, 0xb9, 0x2a, 0xb8, 0x2a, 0xb9, 0x2a,
    0xb9, 0x2a, 0x99, 0x2a, 0x98, 0x2a, 0xb9, 0x32, 0xb9, 0x2a, 0xb9, 0x2a,
    0x99, 0x2a, 0x98, 0x2a, 0x98, 0x2a, 0x77, 0x2a, 0x78, 0x2a, 0x78, 0x2a,
    0x78, 0x2a, 0x34, 0x22, 0x14, 0x22, 0x56, 0x22, 0x98, 0x2a, 0x78, 0x2a,
    0x77, 0x2a, 0x78, 0x22, 0x77, 0x22, 0x77, 0x2a, 0x78, 0x2a, 0x78, 0x2a,
    0x57, 0x2a, 0x56, 0x22, 0x36, 0x22, 0x98, 0x2a, 0x8f, 0x19, 0x2a, 0x11,
    0x8e, 0x19, 0xb0, 0x19, 0x14, 0x22, 0x35, 0x22, 0x57, 0x22, 0x78, 0x2a,
    0xb8, 0x2a, 0xb9, 0x32, 0xb8, 0x2a, 0xb9, 0x32, 0xb9, 0x2a, 0xb8, 0x2a,
    0xb8, 0x32, 0xb8, 0x2a, 0x98, 0x2a, 0x97, 0x32, 0x97, 0x2a, 0x97, 0x32,
    0x97, 0x2a, 0x76, 0x2a, 0x96, 0x32, 0x75, 0x2a, 0x75, 0x2a, 0x75, 0x2a,
    0x54, 0x2a, 0x54, 0x32, 0x54, 0x2a, 0x53, 0x2a, 0x12, 0x2a, 0x12, 0x2a,
    0xaf, 0x21, 0xaf, 0x19, 0xf1, 0x21, 0xf1, 0x21, 0xf2, 0x21, 0xf2, 0x21,
    0x13, 0x22, 0x13, 0x2a, 0x13, 0x22, 0x14, 0x22, 0x35, 0x2a, 0x35, 0x22,
    0x35, 0x22, 0x56, 0x2a, 0x56, 0x2a, 0x57, 0x22, 0x56, 0x2a, 0x77, 0x2a,
    0x77, 0x22, 0x77, 0x2a, 0x97, 0x2a, 0x78, 0x22, 0x78, 0x2a, 0x98, 0x2a,
    0x98, 0x2a, 0x79, 0x2a, 0x98, 0x2a, 0x98, 0x2a, 0x99, 0x2a, 0x99, 0x2a,
    0x98, 0x2a, 0x99, 0x2a, 0xb9, 0x2a, 0x98, 0x2a, 0x98, 0x2a, 0x99, 0x2a,
    0x99, 0x2a, 0x99, 0x2a, 0xb9, 0x2a, 0xd9, 0x2a, 0xba, 0x2a, 0xda, 0x32,
    0xfa, 0x32, 0xfb, 0x32, 0xfb, 0x32, 0x1b, 0x3b, 0x1b, 0x33, 0x1b, 0x3b,
    0x3c, 0x33, 0x3b, 0x3b, 0x1c, 0x3b, 0x3c, 0x3b, 0x3b, 0x3b, 0x1c, 0x33,
    0x3c, 0x3b, 0x3b, 0x3b, 0x3c, 0x33, 0x3c, 0x3b, 0x3c, 0x3b, 0x1c, 0x33,
    0x3b, 0x3b, 0x3c, 0x3b, 0x1c, 0x3b, 0x3c, 0x3b, 0x3c, 0x3b, 0x3c, 0x3b,
    0x3b, 0x3b, 0x1c, 0x33, 0x3b, 0x3b, 0x1b, 0x3b, 0xfb, 0x32, 0xfa, 0x32,
    0xda, 0x32, 0xda, 0x32, 0xb9, 0x32, 0xb9, 0x2a, 0xb9, 0x2a, 0xb9, 0x32,
    0xb9, 0x2a, 0xb9, 0x2a, 0x99, 0x2a, 0x99, 0x2a, 0x99, 0x2a, 0xb8, 0x32,
    0x99, 0x2a, 0x98, 0x2a, 0x98, 0x2a, 0x99, 0x2a, 0x98, 0x2a, 0x99, 0x2a,
    0x99, 0x2a, 0x98, 0x2a, 0x98, 0x2a, 0x98, 0x2a, 0x99, 0x2a, 0x98, 0x2a,
    0x78, 0x2a, 0x98, 0x22, 0x78, 0x2a, 0x98, 0x2a, 0x78, 0x2a, 0x99, 0x22,
    0x78, 0x2a, 0x98, 0x2a, 0x98, 0x2a, 0x78, 0x22, 0x98, 0x2a, 0x35, 0x22,
    0xd2, 0x19, 0xf3, 0x21, 0xf3, 0x19, 0xd2, 0x19, 0x98, 0x2a, 0xd9, 0x32,
    0xb9, 0x2a, 0xb9, 0x32, 0xb9, 0x2a, 0xb9, 0x32, 0xb9, 0x32, 0xb9, 0x2a,
    0xb9, 0x2a, 0xb9, 0x32, 0xb9, 0x32, 0xb9, 0x2a, 0xb9, 0x32, 0xb9, 0x32,
    0xb9, 0x2a, 0xb9, 0x32, 0xb9, 0x32, 0xb9, 0x2a, 0xb9, 0x32, 0xb9, 0x32,
    0xb9, 0x2a, 0xb9, 0x2a, 0xb9, 0x32, 0xb9, 0x2a, 0xb9, 0x2a, 0x98, 0x2a,
    0x98, 0x2a, 0x98, 0x2a, 0x99, 0x2a, 0x99, 0x2a, 0x98, 0x2a, 0x98, 0x2a,
    0x99, 0x2a, 0x98, 0x2a, 0x98, 0x2a, 0x98, 0x2a, 0x98, 0x2a, 0x98, 0x2a,
    0x98, 0x2a, 0x98, 0x2a, 0x98, 0x2a, 0x98, 0x2a, 0x78, 0x2a, 0x78, 0x2a,
    0xb9, 0x32, 0xd1, 0x19, 0x2b, 0x11, 0x8f, 0x19, 0xd1, 0x19, 0x14, 0x22,
    0x36, 0x22, 0x57, 0x22, 0x98, 0x2a, 0xb8, 0x2a, 0xb9, 0x32, 0xb9, 0x2a,
    0xb8, 0x2a, 0xb9, 0x32, 0x98, 0x2a, 0x98, 0x32, 0xb8, 0x2a, 0x98, 0x32,
    0x97, 0x2a, 0x97, 0x2a, 0x97, 0x32, 0x97, 0x2a, 0x76, 0x2a, 0x96, 0x2a,
    0x76, 0x32, 0x75, 0x2a, 0x75, 0x2a, 0x54, 0x2a, 0x54, 0x32, 0x54, 0x2a,
    0x33, 0x2a, 0x12, 0x2a, 0x12, 0x2a, 0xaf, 0x21, 0xaf, 0x21, 0xd1, 0x21,
    0xf1, 0x21, 0xf2, 0x21, 0xf2, 0x21, 0x13, 0x22, 0x13, 0x2a, 0x14, 0x22,
    0x34, 0x22, 0x34, 0x2a, 0x35, 0x22, 0x56, 0x2a, 0x56, 0x2a, 0x56, 0x22,
    0x76, 0x2a, 0x77, 0x2a, 0x57, 0x22, 0x57, 0x22, 0x78, 0x2a, 0x97, 0x2a,
    0x78, 0x2a, 0x78, 0x2a, 0x98, 0x2a, 0x98, 0x2a, 0x98, 0x2a, 0x78, 0x2a,
    0x99, 0x2a, 0x99, 0x2a, 0x98, 0x2a, 0x99, 0x2a, 0xb9, 0x2a, 0x98, 0x2a,
    0x99, 0x2a, 0xb8, 0x2a, 0x98, 0x2a, 0x98, 0x2a, 0x99, 0x2a, 0x99, 0x2a,
    0xd9, 0x32, 0xba, 0x32, 0xda, 0x32, 0xfa, 0x32, 0xfa, 0x32, 0xfb, 0x32,
    0x1b, 0x33, 0x1b, 0x3b, 0x3b, 0x33, 0x1c, 0x3b, 0x3c, 0x3b, 0x1b, 0x3b,
    0x3c, 0x3b, 0x3c, 0x3b, 0x3c, 0x3b, 0x3c, 0x3b, 0x1b, 0x3b, 0x3c, 0x3b,
    0x3c, 0x3b, 0x1b, 0x3b, 0x3c, 0x3b, 0x3c, 0x33, 0x3b, 0x3b, 0x3b, 0x3b,
    0x1c, 0x3b, 0x3c, 0x3b, 0x3c, 0x3b, 0x1b, 0x3b, 0x1c, 0x33, 0x3b, 0x3b,
    0x1b, 0x33, 0x1b, 0x33, 0xfb, 0x32, 0xfa, 0x32, 0xda, 0x32, 0xba, 0x32,
    0xb9, 0x2a, 0xb9, 0x32, 0xb9, 0x2a, 0xb9, 0x2a, 0xb9, 0x2a, 0x98, 0x32,
    0xb9, 0x2a, 0x99, 0x2a, 0x98, 0x2a, 0x99, 0x2a, 0xb9, 0x2a, 0x98, 0x2a,
    0x99, 0x2a, 0x98, 0x2a, 0x98, 0x2a, 0x98, 0x2a, 0x98, 0x2a, 0x78, 0x2a,
    0x99, 0x2a, 0x98, 0x2a, 0x78, 0x2a, 0x78, 0x2a, 0x98, 0x2a, 0x98, 0x2a,
    0x78, 0x2a, 0x78, 0x2a, 0x98, 0x2a, 0x78, 0x22, 0x98, 0x2a, 0x78, 0x2a,
    0x78, 0x2a, 0x98, 0x2a, 0x35, 0x22, 0xb0, 0x19, 0xf4, 0x21, 0xf4, 0x21,
    0xf3, 0x21, 0x56, 0x22, 0x77, 0x2a, 0x56, 0x2a, 0x56, 0x2a, 0x76, 0x2a,
    0x77, 0x2a, 0x77, 0x2a, 0x76, 0x2a, 0x56, 0x2a, 0x76, 0x2a, 0x76, 0x2a,
    0x56, 0x2a, 0x76, 0x2a, 0x57, 0x2a, 0x76, 0x2a, 0x76, 0x2a, 0x56, 0x2a,
    0x57, 0x2a, 0x76, 0x2a, 0x56, 0x2a, 0x57, 0x2a, 0x56, 0x2a, 0x56, 0x2a,
    0x57, 0x2a, 0x76, 0x2a, 0x57, 0x2a, 0x57, 0x2a, 0x56, 0x22, 0x56, 0x2a,
    0x57, 0x2a, 0x57, 0x2a, 0x77, 0x2a, 0x57, 0x2a, 0x56, 0x2a, 0x56, 0x22,
    0x36, 0x2a, 0x56, 0x22, 0x56, 0x2a, 0x56, 0x22, 0x56, 0x22, 0x56, 0x22,
    0x56, 0x22, 0x14, 0x22, 0xf3, 0x21, 0xd1, 0x21, 0x6e, 0x19, 0x6e, 0x19,
    0xb0, 0x19, 0xd2, 0x19, 0x14, 0x22, 0x35, 0x22, 0x77, 0x2a, 0x98, 0x2a,
    0xb9, 0x2a, 0xb9, 0x2a, 0xb9, 0x32, 0xb8, 0x2a, 0xb8, 0x2a, 0xb8, 0x32,
    0x98, 0x2a, 0x98, 0x2a, 0x98, 0x32, 0x97, 0x2a, 0x97, 0x2a, 0x97, 0x32,
    0x97, 0x32, 0x77, 0x2a, 0x76, 0x2a, 0x75, 0x2a, 0x75, 0x32, 0x75, 0x2a,
    0x55, 0x2a, 0x54, 0x32, 0x54, 0x2a, 0x53, 0x2a, 0x12, 0x2a, 0x12, 0x2a,
    0xaf, 0x19, 0xaf, 0x21, 0xf1, 0x21, 0xf1, 0x21, 0xf2, 0x21, 0xf2, 0x21,
    0x13, 0x2a, 0x13, 0x22, 0x14, 0x22, 0x14, 0x22, 0x34, 0x2a, 0x35, 0x22,
    0x35, 0x22, 0x36, 0x22, 0x56, 0x22, 0x56, 0x22, 0x57, 0x2a, 0x57, 0x2a,
    0x77, 0x2a, 0x78, 0x2a, 0x77, 0x2a, 0x78, 0x2a, 0x78, 0x2a, 0x98, 0x2a,
    0x98, 0x2a, 0x98, 0x2a, 0x98, 0x2a, 0x99, 0x2a, 0x98, 0x2a, 0x98, 0x2a,
    0x99, 0x2a, 0x98, 0x2a, 0x99, 0x2a, 0x99, 0x2a, 0xb9, 0x2a, 0x98, 0x2a,
    0x98, 0x2a, 0x99, 0x2a, 0xb9, 0x2a, 0xb9, 0x2a, 0xd9, 0x32, 0xda, 0x32,
    0xda, 0x32, 0xfa, 0x32, 0x1a, 0x3b, 0x1b, 0x3b, 0x1b, 0x33, 0x1b, 0x3b,
    0x3b, 0x3b, 0x1c, 0x33, 0x3c, 0x3b, 0x3c, 0x3b, 0x3c, 0x3b, 0x3b, 0x3b,
    0x1c, 0x3b, 0x3c, 0x3b, 0x3c, 0x3b, 0x3c, 0x33, 0x3b, 0x3b, 0x3c, 0x3b,
    0x3c, 0x3b, 0x1c, 0x3b, 0x3c, 0x3b, 0x3b, 0x3b, 0x3c, 0x33, 0x3c, 0x3b,
    0x1c, 0x3b, 0x3c, 0x3b, 0x1b, 0x33, 0x1b, 0x3b, 0x1b, 0x33, 0x1b, 0x33,
    0xfa, 0x32, 0xda, 0x32, 0xda, 0x2a, 0xd9, 0x32, 0xd9, 0x2a, 0xb9, 0x2a,
    0xb9, 0x2a, 0xb9, 0x2a, 0x99, 0x32, 0x99, 0x2a, 0x99, 0x2a, 0x98, 0x2a,
    0xb9, 0x2a, 0x98, 0x2a, 0x99, 0x2a, 0x99, 0x2a, 0x98, 0x2a, 0x98, 0x2a,
    0x98, 0x2a, 0x99, 0x2a, 0x79, 0x2a, 0x98, 0x2a, 0x98, 0x2a, 0x98, 0x2a,
    0x78, 0x2a, 0x98, 0x2a, 0x78, 0x2a, 0x98, 0x22, 0x98, 0x2a, 0x78, 0x2a,
    0x98, 0x2a, 0x78, 0x2a, 0x98, 0x2a, 0x98, 0x22, 0x98, 0x2a, 0x58, 0x22,
    0xd2, 0x19, 0x12, 0x22, 0x13, 0x22, 0x34, 0x22, 0xf2, 0x21, 0xf2, 0x21,
    0xf2, 0x19, 0xf2, 0x21, 0xf2, 0x21, 0xf2, 0x19, 0xf2, 0x19, 0xf2, 0x21,
    0xf2, 0x19, 0xf2, 0x19, 0xf2, 0x21, 0xf2, 0x19, 0xf2, 0x19, 0xd2, 0x19,
    0xf2, 0x21, 0xf2, 0x19, 0xd2, 0x19, 0xf2, 0x21, 0xf1, 0x19, 0xd2, 0x19,
    0xf1, 0x21, 0xf1, 0x19, 0xd1, 0x19, 0xd1, 0x21, 0xd1, 0x19, 0xd1, 0x19,
    0xf1, 0x21, 0xd1, 0x19, 0xd1, 0x19, 0xd1, 0x19, 0xf1, 0x19, 0xd1, 0x19,
    0xd1, 0x19, 0xd1, 0x21, 0xd1, 0x19, 0xd2, 0x19, 0xd1, 0x21, 0xd1, 0x21,
    0xd1, 0x19, 0xd2, 0x21, 0xf2, 0x21, 0xd1, 0x19, 0x2b, 0x11, 0x2b, 0x11,
    0x4b, 0x11, 0x8e, 0x19, 0xb0, 0x19, 0xb0, 0x19, 0xd2, 0x21, 0x14, 0x22,
    0x37, 0x22, 0x77, 0x2a, 0x98, 0x2a, 0xb9, 0x2a, 0xb9, 0x32, 0xb8, 0x2a,
    0xb9, 0x32, 0xb9, 0x2a, 0xb8, 0x2a, 0x98, 0x32, 0xb8, 0x2a, 0x98, 0x32,
    0x97, 0x2a, 0x97, 0x2a, 0x97, 0x32, 0x97, 0x2a, 0x76, 0x2a, 0x96, 0x2a,
    0x76, 0x32, 0x75, 0x2a, 0x75, 0x2a, 0x54, 0x2a, 0x54, 0x32, 0x54, 0x2a,
    0x33, 0x32, 0x12, 0x2a, 0x12, 0x2a, 0xaf, 0x21, 0xaf, 0x19, 0xf1, 0x21,
    0xf1, 0x21, 0xf2, 0x21, 0x12, 0x22, 0x12, 0x22, 0x14, 0x2a, 0x13, 0x22,
    0x14, 0x22, 0x34, 0x2a, 0x35, 0x22, 0x55, 0x2a, 0x56, 0x2a, 0x56, 0x2a,
    0x57, 0x2a, 0x57, 0x22, 0x77, 0x2a, 0x57, 0x22, 0x77, 0x2a, 0x77, 0x22,
    0x78, 0x2a, 0x78, 0x2a, 0x98, 0x22, 0x98, 0x2a, 0x99, 0x2a, 0x98, 0x2a,
    0x78, 0x2a, 0x99, 0x2a, 0x99, 0x2a, 0x98, 0x2a, 0x99, 0x2a, 0xb8, 0x2a,
    0x99, 0x2a, 0x98, 0x2a, 0x99, 0x2a, 0x99, 0x2a, 0xb8, 0x2a, 0xb9, 0x2a,
    0xb9, 0x2a, 0xb9, 0x32, 0xda, 0x32, 0xfa, 0x32, 0xfa, 0x32, 0xfb, 0x32,
    0xfb, 0x32, 0x1b, 0x33, 0x3b, 0x3b, 0x1c, 0x3b, 0x3b, 0x33, 0x1b, 0x3b,
    0x1c, 0x3b, 0x3c, 0x33, 0x3c, 0x3b, 0x3b, 0x3b, 0x3c, 0x33, 0x1c, 0x3b,
    0x3b, 0x3b, 0x3c, 0x3b, 0x1c, 0x3b, 0x3c, 0x3b, 0x3c, 0x3b, 0x3c, 0x3b,
    0x3c, 0x3b, 0x3b, 0x33, 0x3c, 0x3b, 0x1b, 0x3b, 0x3c, 0x3b, 0x3b, 0x33,
    0x1b, 0x3b, 0x1b, 0x3b, 0xfb, 0x32, 0xfa, 0x32, 0xda, 0x32, 0xda, 0x32,
    0xd9, 0x2a, 0xba, 0x32, 0xb9, 0x32, 0xb9, 0x2a, 0xb9, 0x2a, 0xb9, 0x2a,
    0x98, 0x2a, 0x98, 0x2a, 0xb9, 0x2a, 0x99, 0x2a, 0x98, 0x2a, 0x99, 0x2a,
    0x98, 0x2a, 0x99, 0x2a, 0x99, 0x2a, 0x98, 0x2a, 0x98, 0x2a, 0x98, 0x2a,
    0x98, 0x2a, 0x98, 0x2a, 0x78, 0x2a, 0x98, 0x22, 0x79, 0x2a, 0x78, 0x2a,
    0x98, 0x2a, 0x78, 0x2a, 0x98, 0x2a, 0x78, 0x22, 0x78, 0x2a, 0x98, 0x2a,
    0x78, 0x2a, 0x78, 0x2a, 0x78, 0x2a, 0x78, 0x2a, 0x35, 0x22, 0x34, 0x22,
    0x34, 0x22, 0x34, 0x22, 0x14, 0x22, 0x14, 0x22, 0x34, 0x22, 0x14, 0x22,
    0xf3, 0x21, 0x13, 0x22, 0x13, 0x22, 0x13, 0x22, 0xf4, 0x21, 0xf3, 0x21,
    0x13, 0x22, 0x13, 0x22, 0x13, 0x22, 0xf3, 0x21, 0x13, 0x22, 0x13, 0x22,
    0x13, 0x22, 0x13, 0x22, 0x13, 0x22, 0x13, 0x22, 0xf3, 0x21, 0xf3, 0x21,
    0xf3, 0x21, 0x13, 0x22, 0xf3, 0x21, 0xf3, 0x21, 0xf3, 0x21, 0x13, 0x22,
    0x13, 0x22, 0x13, 0x22, 0x14, 0x22, 0xf3, 0x21, 0x14, 0x22, 0x14, 0x22,
    0x13, 0x22, 0x14, 0x22, 0x14, 0x22, 0x13, 0x22, 0x13, 0x22, 0x35, 0x22,
    0xf3, 0x21, 0x4c, 0x19, 0x8e, 0x19, 0xb0, 0x19, 0xb0, 0x19, 0xb0, 0x19,
    0xd1, 0x21, 0xf2, 0x19, 0x14, 0x22, 0x57, 0x22, 0x78, 0x2a, 0x99, 0x2a,
    0xb9, 0x32, 0xb8, 0x2a, 0xb8, 0x2a, 0xb9, 0x32, 0xb9, 0x2a, 0xb8, 0x2a,
    0x98, 0x32, 0xb8, 0x2a, 0x98, 0x2a, 0x97, 0x32, 0x97, 0x2a, 0x97, 0x2a,
    0x77, 0x2a, 0x76, 0x2a, 0x96, 0x32, 0x75, 0x2a, 0x75, 0x2a, 0x75, 0x2a,
    0x54, 0x32, 0x54, 0x32, 0x54, 0x2a, 0x53, 0x2a, 0x12, 0x2a, 0x12, 0x2a,
    0xaf, 0x21, 0xaf, 0x21, 0xf1, 0x21, 0xd1, 0x21, 0xf2, 0x21, 0xf2, 0x21,
    0x13, 0x22, 0x13, 0x2a, 0x13, 0x22, 0x34, 0x2a, 0x34, 0x2a, 0x35, 0x22,
    0x56, 0x2a, 0x56, 0x2a, 0x56, 0x2a, 0x57, 0x22, 0x77, 0x2a, 0x76, 0x2a,
    0x57, 0x22, 0x78, 0x2a, 0x97, 0x2a, 0x78, 0x2a, 0x78, 0x2a, 0x98, 0x2a,
    0x98, 0x2a, 0x98, 0x2a, 0x78, 0x2a, 0x99, 0x2a, 0x98, 0x2a, 0x98, 0x2a,
    0x99, 0x2a, 0x99, 0x2a, 0x99, 0x2a, 0xb8, 0x2a, 0x99, 0x2a, 0x99, 0x2a,
    0x98, 0x2a, 0x98, 0x2a, 0xb9, 0x2a, 0xb9, 0x32, 0xba, 0x2a, 0xda, 0x32,
    0xfa, 0x32, 0xfa, 0x32, 0xfb, 0x32, 0x1b, 0x33, 0x1b, 0x3b, 0x1b, 0x33,
    0x3b, 0x3b, 0x3c, 0x3b, 0x3c, 0x3b, 0x1c, 0x3b, 0x3c, 0x3b, 0x3c, 0x3b,
    0x1b, 0x3b, 0x3c, 0x3b, 0x3c, 0x3b, 0x1c, 0x3b, 0x3c, 0x3b, 0x3b, 0x3b,
    0x1b, 0x33, 0x3c, 0x3b, 0x3c, 0x3b, 0x1b, 0x3b, 0x3c, 0x3b, 0x3c, 0x3b,
    0x1c, 0x3b, 0x3c, 0x3b, 0x1b, 0x33, 0x1b, 0x33, 0x1b, 0x3b, 0x1b, 0x33,
    0xfa, 0x32, 0xda, 0x32, 0xda, 0x32, 0xda, 0x32, 0xb9, 0x2a, 0xb9, 0x32,
    0xb9, 0x2a, 0xb9, 0x2a, 0x99, 0x2a, 0x99, 0x2a, 0xb9, 0x2a, 0x99, 0x2a,
    0x98, 0x2a, 0x99, 0x2a, 0xb9, 0x2a, 0x98, 0x2a, 0x98, 0x2a, 0x98, 0x2a,
    0x98, 0x2a, 0x98, 0x2a, 0x78, 0x2a, 0x99, 0x2a, 0x98, 0x2a, 0x98, 0x2a,
    0x98, 0x2a, 0x78, 0x2a, 0x98, 0x2a, 0x98, 0x2a, 0x98, 0x2a, 0x78, 0x2a,
    0x98, 0x2a, 0x98, 0x2a, 0x78, 0x2a, 0x98, 0x2a, 0x78, 0x2a, 0x78, 0x2a,
    0x78, 0x2a, 0x77, 0x2a, 0x77, 0x2a, 0x57, 0x2a, 0x57, 0x2a, 0x57, 0x2a,
    0x56, 0x2a, 0x56, 0x22, 0x56, 0x22, 0x56, 0x2a, 0x36, 0x2a, 0x56, 0x22,
    0x56, 0x2a, 0x56, 0x2a, 0x56, 0x22, 0x56, 0x2a, 0x56, 0x2a, 0x56, 0x22,
    0x56, 0x22, 0x56, 0x2a, 0x56, 0x22, 0x56, 0x2a, 0x36, 0x2a, 0x36, 0x22,
    0x56, 0x22, 0x56, 0x2a, 0x56, 0x22, 0x36, 0x22, 0x56, 0x2a, 0x56, 0x22,
    0x56, 0x22, 0x36, 0x22, 0x36, 0x2a, 0x35, 0x22, 0x36, 0x22, 0x36, 0x2a,
    0x35, 0x22, 0x35, 0x22, 0x36, 0x22, 0x35, 0x22, 0x36, 0x22, 0x35, 0x22,
    0x35, 0x22, 0x35, 0x22, 0x56, 0x2a, 0x34, 0x22, 0x8e, 0x19, 0xb0, 0x19,
    0xb0, 0x19, 0xb0, 0x19, 0xd1, 0x19, 0xd1, 0x21, 0xf3, 0x21, 0x15, 0x22,
    0x77, 0x22, 0x98, 0x2a, 0xb9, 0x2a, 0xb9, 0x2a, 0xb8, 0x2a, 0xb9, 0x32,
    0xb8, 0x2a, 0xb9, 0x32, 0xb8, 0x2a, 0xb8, 0x2a, 0xb8, 0x32, 0x98, 0x2a,
    0x97, 0x32, 0x97, 0x32, 0x97, 0x2a, 0x97, 0x32, 0x77, 0x2a, 0x96, 0x2a,
    0x75, 0x2a, 0x75, 0x32, 0x75, 0x2a, 0x55, 0x2a, 0x54, 0x2a, 0x54, 0x2a,
    0x33, 0x2a, 0x12, 0x2a, 0x12, 0x2a, 0xaf, 0x21, 0xaf, 0x19, 0xf1, 0x21,
    0xf1, 0x21, 0xf2, 0x21, 0xf2, 0x21, 0x13, 0x2a, 0x13, 0x22, 0x14, 0x22,
    0x34, 0x22, 0x35, 0x22, 0x55, 0x2a, 0x56, 0x22, 0x56, 0x22, 0x56, 0x2a,
    0x56, 0x22, 0x77, 0x2a, 0x57, 0x2a, 0x77, 0x22, 0x78, 0x2a, 0x77, 0x2a,
    0x78, 0x2a, 0x78, 0x2a, 0x98, 0x2a, 0x98, 0x2a, 0x98, 0x2a, 0x98, 0x2a,
    0x98, 0x2a, 0x99, 0x2a, 0x98, 0x2a, 0x98, 0x2a, 0x99, 0x2a, 0x99, 0x2a,
    0x98, 0x2a, 0xb8, 0x2a, 0x99, 0x2a, 0x98, 0x2a, 0x99, 0x2a, 0xb9, 0x2a,
    0xb9, 0x2a, 0xd9, 0x32, 0xba, 0x32, 0xda, 0x32, 0xfa, 0x32, 0xfa, 0x32,
    0xfb, 0x3a, 0x1b, 0x33, 0x1b, 0x33, 0x1b, 0x3b, 0x3c, 0x3b, 0x1c, 0x33,
    0x1b, 0x3b, 0x3c, 0x3b, 0x3c, 0x3b, 0x3c, 0x3b, 0x3b, 0x3b, 0x3c, 0x3b,
    0x3c, 0x3b, 0x3c, 0x3b, 0x3c, 0x3b, 0x3c, 0x3b, 0x1c, 0x3b, 0x3b, 0x3b,
    0x3c, 0x3b, 0x3c, 0x33, 0x3c, 0x3b, 0x1c, 0x3b, 0x3c, 0x3b, 0x3c, 0x3b,
    0x1b, 0x3b, 0x1b, 0x33, 0x1b, 0x33, 0xfb, 0x32, 0xfa, 0x32, 0xda, 0x32,
    0xda, 0x2a, 0xd9, 0x2a, 0xd9, 0x32, 0xb9, 0x32, 0xb9, 0x2a, 0xb9, 0x32,
    0x99, 0x2a, 0x99, 0x2a, 0x98, 0x2a, 0x99, 0x2a, 0x99, 0x2a, 0x99, 0x2a,
    0x98, 0x2a, 0x98, 0x2a, 0x99, 0x2a, 0x99, 0x2a, 0x98, 0x2a, 0x78, 0x2a,
    0x99, 0x2a, 0x78, 0x2a, 0x98, 0x2a, 0x98, 0x2a, 0x98, 0x2a, 0x99, 0x2a,
    0x98, 0x22, 0x98, 0x2a, 0x99, 0x2a, 0x78, 0x2a, 0x98, 0x2a, 0x99, 0x2a,
    0x98, 0x2a, 0x98, 0x2a, 0x78, 0x22, 0x78, 0x2a, 0x77, 0x22, 0x77, 0x2a,
    0x78, 0x2a, 0x77, 0x22, 0x77, 0x2a, 0x77, 0x2a, 0x77, 0x2a, 0x57, 0x22,
    0x77, 0x2a, 0x77, 0x22, 0x57, 0x22, 0x57, 0x2a, 0x57, 0x22, 0x77, 0x22,
    0x57, 0x2a, 0x77, 0x2a, 0x57, 0x22, 0x77, 0x2a, 0x57, 0x2a, 0x77, 0x22,
    0x77, 0x22, 0x77, 0x2a, 0x77, 0x2a, 0x77, 0x22, 0x77, 0x22, 0x57, 0x2a,
    0x57, 0x2a, 0x77, 0x2a, 0x56, 0x2a, 0x77, 0x2a, 0x57, 0x2a, 0x76, 0x2a,
    0x76, 0x2a, 0x56, 0x22, 0x57, 0x2a, 0x56, 0x2a, 0x56, 0x2a, 0x57, 0x2a,
    0x56, 0x2a, 0x56, 0x2a, 0x56, 0x2a, 0x56, 0x22, 0x56, 0x2a, 0x78, 0x2a,
    0x35, 0x22, 0x8f, 0x19, 0xb0, 0x19, 0xb0, 0x21, 0xd0, 0x19, 0xb1, 0x21,
    0xd2, 0x19, 0xf3, 0x21, 0x35, 0x22, 0x77, 0x2a, 0x98, 0x2a, 0xb9, 0x2a,
    0xb9, 0x32, 0xb8, 0x32, 0xb9, 0x2a, 0xb9, 0x2a, 0xb8, 0x32, 0xb8, 0x2a,
    0x98, 0x32, 0x98, 0x2a, 0x97, 0x2a, 0x97, 0x2a, 0x97, 0x2a, 0x97, 0x32,
    0x97, 0x2a, 0x96, 0x2a, 0x76, 0x2a, 0x76, 0x32, 0x75, 0x2a, 0x75, 0x2a,
    0x54, 0x2a, 0x54, 0x32, 0x54, 0x32, 0x53, 0x2a, 0x12, 0x2a, 0x12, 0x2a,
    0xaf, 0x21, 0xaf, 0x21, 0xf1, 0x21, 0xf1, 0x21, 0xf2, 0x21, 0x13, 0x22,
    0x13, 0x22, 0x13, 0x2a, 0x14, 0x22, 0x14, 0x22, 0x35, 0x2a, 0x35, 0x22,
    0x56, 0x22, 0x56, 0x2a, 0x56, 0x2a, 0x57, 0x22, 0x77, 0x2a, 0x57, 0x2a,
    0x77, 0x22, 0x77, 0x2a, 0x77, 0x2a, 0x78, 0x2a, 0x78, 0x22, 0x98, 0x2a,
    0x98, 0x2a, 0x79, 0x2a, 0x98, 0x2a, 0x98, 0x2a, 0x99, 0x2a, 0x99, 0x2a,
    0x98, 0x2a, 0x98, 0x2a, 0xb9, 0x2a, 0x98, 0x2a, 0x99, 0x2a, 0xb8, 0x2a,
    0x98, 0x2a, 0x99, 0x2a, 0xb9, 0x2a, 0xb9, 0x2a, 0xb9, 0x32, 0xda, 0x2a,
    0xda, 0x32, 0xfa, 0x32, 0xfb, 0x32, 0x1b, 0x33, 0x1b, 0x3b, 0x3b, 0x3b,
    0x1b, 0x3b, 0x3c, 0x33, 0x3b, 0x3b, 0x1b, 0x3b, 0x1c, 0x3b, 0x3c, 0x33,
    0x3c, 0x3b, 0x1c, 0x3b, 0x1b, 0x33, 0x3c, 0x3b, 0x1b, 0x3b, 0x3c, 0x33,
    0x3c, 0x3b, 0x3c, 0x3b, 0x1c, 0x3b, 0x3c, 0x3b, 0x3c, 0x3b, 0x3b, 0x3b,
    0x3c, 0x3b, 0x1b, 0x33, 0x3b, 0x33, 0x1b, 0x3b, 0x1b, 0x33, 0x1b, 0x3b,
    0xfb, 0x32, 0xfa, 0x32, 0xda, 0x32, 0xda, 0x32, 0xba, 0x2a, 0xd9, 0x32,
    0xb9, 0x2a, 0xb9, 0x2a, 0xb9, 0x2a, 0x99, 0x32, 0x98, 0x2a, 0xb9, 0x2a,
    0x98, 0x2a, 0xb9, 0x2a, 0x99, 0x2a, 0x98, 0x2a, 0x98, 0x2a, 0x99, 0x2a,
    0x99, 0x2a, 0x98, 0x2a, 0x98, 0x2a, 0x98, 0x2a, 0x99, 0x2a, 0x78, 0x2a,
    0x99, 0x2a, 0x78, 0x2a, 0x98, 0x2a, 0x78, 0x2a, 0x98, 0x2a, 0x98, 0x2a,
    0x78, 0x2a, 0x98, 0x2a, 0x98, 0x2a, 0x78, 0x2a, 0x78, 0x2a, 0x78, 0x2a,
    0x77, 0x2a, 0x78, 0x22, 0x77, 0x2a, 0x78, 0x2a, 0x78, 0x22, 0x78, 0x2a,
    0x78, 0x2a, 0x78, 0x2a, 0x78, 0x2a, 0x77, 0x2a, 0x78, 0x2a, 0x78, 0x2a,
    0x78, 0x2a, 0x78, 0x2a, 0x77, 0x2a, 0x78, 0x2a, 0x78, 0x2a, 0x77, 0x2a,
    0x77, 0x2a, 0x78, 0x2a, 0x77, 0x2a, 0x78, 0x2a, 0x77, 0x2a, 0x78, 0x2a,
    0x77, 0x2a, 0x77, 0x2a, 0x77, 0x2a, 0x77, 0x2a, 0x77, 0x22, 0x77, 0x2a,
    0x77, 0x22, 0x77, 0x2a, 0x77, 0x22, 0x77, 0x2a, 0x77, 0x2a, 0x77, 0x22,
    0x77, 0x2a, 0x77, 0x2a, 0x77, 0x22, 0x77, 0x2a, 0x57, 0x2a, 0x56, 0x22,
    0x77, 0x2a, 0x56, 0x2a, 0x78, 0x2a, 0x35, 0x22, 0x8f, 0x19, 0xb0, 0x19,
    0xd1, 0x21, 0xb1, 0x19, 0xd1, 0x19, 0xd2, 0x21, 0xf3, 0x19, 0x36, 0x22,
    0x78, 0x2a, 0x98, 0x2a, 0xb9, 0x2a, 0xb9, 0x32, 0xb8, 0x2a, 0xb9, 0x2a,
    0xb8, 0x32, 0xb8, 0x2a, 0xb8, 0x2a, 0x98, 0x32, 0xb8, 0x32, 0x98, 0x2a,
    0x97, 0x32, 0x97, 0x2a, 0x97, 0x2a, 0x77, 0x2a, 0x77, 0x32, 0x96, 0x2a,
    0x75, 0x2a, 0x75, 0x2a, 0x75, 0x2a, 0x54, 0x32, 0x54, 0x32, 0x54, 0x2a,
    0x53, 0x2a, 0x12, 0x2a, 0x12, 0x2a, 0xaf, 0x21, 0xaf, 0x19, 0xf1, 0x21,
    0xf1, 0x21, 0xf2, 0x29, 0x13, 0x22, 0x13, 0x22, 0x13, 0x2a, 0x13, 0x22,
    0x34, 0x2a, 0x35, 0x22, 0x35, 0x2a, 0x56, 0x2a, 0x56, 0x2a, 0x56, 0x22,
    0x56, 0x2a, 0x77, 0x2a, 0x57, 0x22, 0x57, 0x2a, 0x77, 0x2a, 0x78, 0x22,
    0x98, 0x2a, 0x78, 0x2a, 0x98, 0x2a, 0x98, 0x2a, 0x98, 0x2a, 0x78, 0x2a,
    0x98, 0x2a, 0x99, 0x2a, 0x99, 0x2a, 0x99, 0x2a, 0x98, 0x2a, 0x99, 0x2a,
    0x99, 0x2a, 0x98, 0x2a, 0x98, 0x2a, 0x99, 0x2a, 0x99, 0x2a, 0x99, 0x2a,
    0xb9, 0x2a, 0xd9, 0x32, 0xda, 0x32, 0xda, 0x32, 0xfa, 0x32, 0xfb, 0x32,
    0xfa, 0x32, 0x1b, 0x3b, 0x1b, 0x33, 0x1c, 0x3b, 0x3c, 0x3b, 0x3c, 0x3b,
    0x1c, 0x3b, 0x3c, 0x3b, 0x3b, 0x3b, 0x3c, 0x3b, 0x3c, 0x3b, 0x3c, 0x3b,
    0x3c, 0x3b, 0x3b, 0x3b, 0x1c, 0x3b, 0x3b, 0x3b, 0x3b, 0x3b, 0x3c, 0x33,
    0x1c, 0x3b, 0x3b, 0x3b, 0x3c, 0x3b, 0x3c, 0x3b, 0x1c, 0x3b, 0x1b, 0x33,
    0x3c, 0x3b, 0x1b, 0x3b, 0x1b, 0x3b, 0xfb, 0x32, 0xfa, 0x32, 0xda, 0x32,
    0xda, 0x32, 0xd9, 0x32, 0xba, 0x2a, 0xd9, 0x32, 0xb9, 0x2a, 0xb9, 0x2a,
    0x99, 0x2a, 0x99, 0x2a, 0x99, 0x2a, 0xb8, 0x2a, 0x99, 0x2a, 0x99, 0x2a,
    0x98, 0x2a, 0x99, 0x2a, 0x99, 0x2a, 0x98, 0x2a, 0x98, 0x2a, 0x78, 0x2a,
    0x98, 0x2a, 0x98, 0x2a, 0x98, 0x2a, 0x78, 0x22, 0x98, 0x2a, 0x98, 0x2a,
    0x99, 0x2a, 0x98, 0x2a, 0x98, 0x2a, 0x98, 0x2a, 0x98, 0x2a, 0x98, 0x2a,
    0x98, 0x22, 0x78, 0x2a, 0x78, 0x2a, 0x78, 0x22, 0x78, 0x2a, 0x77, 0x2a,
    0x77, 0x22, 0x78, 0x2a, 0x78, 0x2a, 0x78, 0x2a, 0x77, 0x22, 0x77, 0x2a,
    0x78, 0x2a, 0x77, 0x2a, 0x78, 0x2a, 0x77, 0x2a, 0x78, 0x2a, 0x78, 0x2a,
    0x78, 0x2a, 0x78, 0x22, 0x77, 0x2a, 0x77, 0x2a, 0x78, 0x2a, 0x78, 0x2a,
    0x77, 0x2a, 0x78, 0x22, 0x77, 0x2a, 0x78, 0x2a, 0x78, 0x2a, 0x77, 0x22,
    0x77, 0x2a, 0x77, 0x2a, 0x78, 0x2a, 0x77, 0x2a, 0x77, 0x2a, 0x78, 0x2a,
    0x77, 0x2a, 0x57, 0x2a, 0x77, 0x22, 0x77, 0x22, 0x77, 0x2a, 0x77, 0x22,
    0x77, 0x22, 0x76, 0x2a, 0x57, 0x22, 0x56, 0x22, 0x56, 0x22, 0x78, 0x2a,
    0x36, 0x22, 0xaf, 0x19, 0xd1, 0x21, 0xb1, 0x19, 0xd0, 0x19, 0xd1, 0x21,
    0xf2, 0x21, 0xf3, 0x21, 0x57, 0x22, 0x98, 0x2a, 0xb8, 0x2a, 0xb9, 0x32,
    0xb9, 0x2a, 0xb9, 0x2a, 0xb9, 0x32, 0xb8, 0x2a, 0xb9, 0x2a, 0xb8, 0x2a,
    0x98, 0x2a, 0xb8, 0x32, 0x98, 0x2a, 0x97, 0x32, 0x97, 0x32, 0x97, 0x2a,
    0x97, 0x32, 0x76, 0x2a, 0x96, 0x2a, 0x75, 0x32, 0x75, 0x2a, 0x75, 0x2a,
    0x55, 0x2a, 0x54, 0x2a, 0x54, 0x2a, 0x33, 0x2a, 0x12, 0x2a, 0x12, 0x2a,
    0xaf, 0x21, 0xaf, 0x21, 0xf1, 0x21, 0xd1, 0x21, 0xf2, 0x21, 0xf2, 0x21,
    0x13, 0x22, 0x13, 0x2a, 0x14, 0x22, 0x34, 0x22, 0x35, 0x22, 0x35, 0x2a,
    0x56, 0x22, 0x56, 0x2a, 0x56, 0x22, 0x56, 0x2a, 0x77, 0x2a, 0x77, 0x22,
    0x77, 0x2a, 0x77, 0x2a, 0x77, 0x2a, 0x78, 0x2a, 0x78, 0x2a, 0x98, 0x2a,
    0x98, 0x2a, 0x98, 0x2a, 0x98, 0x2a, 0x98, 0x2a, 0x99, 0x2a, 0x98, 0x2a,
    0x98, 0x2a, 0x99, 0x2a, 0xb9, 0x2a, 0x99, 0x2a, 0xb9, 0x2a, 0x98, 0x2a,
    0xb8, 0x2a, 0x99, 0x2a, 0x99, 0x2a, 0xb9, 0x2a, 0xda, 0x32, 0xba, 0x32,
    0xda, 0x32, 0xfa, 0x32, 0xfb, 0x32, 0x1b, 0x33, 0x1b, 0x33, 0x1b, 0x33,
    0x1b, 0x3b, 0x3b, 0x3b, 0x1c, 0x33, 0x3c, 0x3b, 0x3b, 0x3b, 0x3c, 0x3b,
    0x1c, 0x3b, 0x3b, 0x3b, 0x3c, 0x3b, 0x3c, 0x3b, 0x3c, 0x3b, 0x1c, 0x3b,
    0x3c, 0x3b, 0x3c, 0x3b, 0x3c, 0x3b, 0x1b, 0x3b, 0x3c, 0x33, 0x3c, 0x3b,
    0x3c, 0x3b, 0x1c, 0x3b, 0x3c, 0x3b, 0x1b, 0x33, 0x1b, 0x33, 0x1b, 0x3b,
    0xfb, 0x32, 0xfa, 0x32, 0xfa, 0x32, 0xda, 0x32, 0xb9, 0x2a, 0xda, 0x2a,
    0xb9, 0x32, 0xb9, 0x32, 0xb9, 0x2a, 0xb9, 0x2a, 0x99, 0x2a, 0x99, 0x2a,
    0x98, 0x32, 0x99, 0x2a, 0x99, 0x2a, 0x98, 0x2a, 0x98, 0x2a, 0x99, 0x2a,
    0x98, 0x2a, 0x99, 0x2a, 0x98, 0x2a, 0x79, 0x2a, 0x98, 0x2a, 0x78, 0x2a,
    0x99, 0x2a, 0x78, 0x2a, 0x98, 0x2a, 0x98, 0x2a, 0x78, 0x2a, 0x78, 0x2a,
    0x99, 0x22, 0x98, 0x2a, 0x78, 0x2a, 0x98, 0x2a, 0x98, 0x2a, 0x78, 0x2a,
    0x77, 0x22, 0x78, 0x2a, 0x78, 0x2a, 0x77, 0x2a, 0x78, 0x2a, 0x77, 0x22,
    0x77, 0x2a, 0x78, 0x2a, 0x78, 0x22, 0x78, 0x2a, 0x78, 0x2a, 0x77, 0x2a,
    0x78, 0x2a, 0x78, 0x22, 0x77, 0x2a, 0x77, 0x2a, 0x78, 0x2a, 0x78, 0x22,
    0x78, 0x2a, 0x78, 0x22, 0x77, 0x22, 0x78, 0x2a, 0x78, 0x2a, 0x77, 0x2a,
    0x77, 0x2a, 0x78, 0x22, 0x78, 0x2a, 0x77, 0x2a, 0x78, 0x2a, 0x78, 0x22,
    0x77, 0x2a, 0x78, 0x2a, 0x77, 0x22, 0x57, 0x22, 0x77, 0x2a, 0x77, 0x2a,
    0x57, 0x2a, 0x77, 0x2a, 0x56, 0x2a, 0x77, 0x2a, 0x77, 0x2a, 0x77, 0x2a,
    0x77, 0x2a, 0x56, 0x22, 0x78, 0x2a, 0x35, 0x2a, 0xaf, 0x19, 0xd1, 0x19,
    0xd1, 0x21, 0xd0, 0x19, 0xd2, 0x19, 0xf2, 0x21, 0x14, 0x22, 0x57, 0x2a,
    0x98, 0x2a, 0xb9, 0x2a, 0xb9, 0x32, 0xb9, 0x2a, 0xb9, 0x2a, 0xb8, 0x32,
    0xb9, 0x2a, 0xb8, 0x32, 0xb8, 0x32, 0x98, 0x2a, 0xb8, 0x2a, 0x98, 0x2a,
    0x97, 0x2a, 0x97, 0x2a, 0x97, 0x32, 0x97, 0x2a, 0x77, 0x2a, 0x76, 0x2a,
    0x76, 0x32, 0x75, 0x2a, 0x75, 0x2a, 0x54, 0x32, 0x54, 0x32, 0x54, 0x2a,
    0x33, 0x32, 0x12, 0x2a, 0x12, 0x2a, 0xaf, 0x19, 0xaf, 0x21, 0xf1, 0x21,
    0xf1, 0x21, 0xf2, 0x21, 0x12, 0x22, 0x13, 0x2a, 0x13, 0x22, 0x13, 0x22,
    0x14, 0x2a, 0x35, 0x22, 0x55, 0x22, 0x56, 0x2a, 0x56, 0x2a, 0x56, 0x22,
    0x56, 0x2a, 0x57, 0x2a, 0x77, 0x22, 0x57, 0x22, 0x77, 0x2a, 0x78, 0x2a,
    0x78, 0x2a, 0x78, 0x2a, 0x98, 0x2a, 0x98, 0x2a, 0x99, 0x2a, 0x78, 0x2a,
    0x98, 0x2a, 0x99, 0x2a, 0x99, 0x2a, 0x98, 0x2a, 0x98, 0x2a, 0x98, 0x2a,
    0x99, 0x2a, 0x99, 0x2a, 0xb8, 0x2a, 0x99, 0x2a, 0x99, 0x2a, 0xb8, 0x2a,
    0xb9, 0x2a, 0xb9, 0x2a, 0xda, 0x32, 0xda, 0x32, 0xfa, 0x32, 0xfa, 0x32,
    0xfb, 0x32, 0x1b, 0x3b, 0x1b, 0x3b, 0x3b, 0x33, 0x1b, 0x3b, 0x1c, 0x3b,
    0x3c, 0x3b, 0x3c, 0x3b, 0x1c, 0x33, 0x3b, 0x3b, 0x3c, 0x3b, 0x1c, 0x33,
    0x1b, 0x3b, 0x3c, 0x3b, 0x3c, 0x33, 0x1b, 0x3b, 0x3c, 0x3b, 0x3c, 0x3b,
    0x3c, 0x3b, 0x1c, 0x3b, 0x3b, 0x3b, 0x3c, 0x3b, 0x1b, 0x3b, 0x3b, 0x3b,
    0x1c, 0x33, 0x1b, 0x33, 0x1b, 0x3b, 0xfb, 0x32, 0xfb, 0x32, 0xfa, 0x32,
    0xda, 0x32, 0xda, 0x32, 0xb9, 0x32, 0xda, 0x2a, 0xb9, 0x32, 0xb9, 0x2a,
    0xb9, 0x2a, 0x99, 0x2a, 0xb9, 0x2a, 0x98, 0x2a, 0x99, 0x2a, 0xb9, 0x2a,
    0x98, 0x2a, 0x99, 0x2a, 0x98, 0x2a, 0x98, 0x2a, 0x99, 0x2a, 0x98, 0x2a,
    0x98, 0x2a, 0x99, 0x2a, 0x78, 0x2a, 0x98, 0x2a, 0x99, 0x2a, 0x98, 0x2a,
    0x78, 0x2a, 0x99, 0x2a, 0x98, 0x2a, 0x98, 0x2a, 0x79, 0x2a, 0x98, 0x2a,
    0x98, 0x2a, 0x98, 0x2a, 0x78, 0x22, 0x77, 0x2a, 0x78, 0x2a, 0x78, 0x2a,
    0x78, 0x22, 0x78, 0x22, 0x78, 0x2a, 0x78, 0x2a, 0x78, 0x2a, 0x77, 0x2a,
    0x77, 0x22, 0x78, 0x2a, 0x78, 0x2a, 0x77, 0x2a, 0x78, 0x2a, 0x77, 0x2a,
    0x78, 0x2a, 0x78, 0x2a, 0x77, 0x2a, 0x77, 0x2a, 0x78, 0x2a, 0x77, 0x22,
    0x78, 0x2a, 0x77, 0x2a, 0x78, 0x22, 0x77, 0x2a, 0x78, 0x2a, 0x77, 0x2a,
    0x57, 0x22, 0x78, 0x2a, 0x77, 0x22, 0x77, 0x2a, 0x78, 0x2a, 0x77, 0x2a,
    0x77, 0x22, 0x78, 0x2a, 0x77, 0x2a, 0x77, 0x22, 0x77, 0x22, 0x77, 0x2a,
    0x77, 0x22, 0x57, 0x22, 0x77, 0x2a, 0x56, 0x2a, 0x57, 0x22, 0x78, 0x2a,
    0x35, 0x22, 0xaf, 0x19, 0xd1, 0x21, 0xd1, 0x19, 0xd1, 0x19, 0xd2, 0x21,
    0xf2, 0x19, 0x14, 0x22, 0x78, 0x2a, 0x98, 0x2a, 0xb9, 0x2a, 0xb9, 0x2a,
    0xd8, 0x32, 0xb8, 0x2a, 0xb9, 0x2a, 0xb9, 0x32, 0xb8, 0x2a, 0x98, 0x2a,
    0x98, 0x32, 0xb8, 0x32, 0x97, 0x2a, 0x97, 0x2a, 0x97, 0x32, 0x97, 0x2a,
    0x97, 0x32, 0x76, 0x2a, 0x96, 0x2a, 0x76, 0x2a, 0x75, 0x2a, 0x75, 0x2a,
    0x54, 0x2a, 0x54, 0x32, 0x54, 0x2a, 0x53, 0x2a, 0x12, 0x2a, 0x12, 0x2a,
    0xaf, 0x21, 0xb0, 0x19, 0xf1, 0x21, 0xf1, 0x21, 0xf2, 0x21, 0xf3, 0x29,
    0x13, 0x22, 0x14, 0x22, 0x13, 0x22, 0x34, 0x2a, 0x35, 0x22, 0x35, 0x2a,
    0x56, 0x22, 0x56, 0x2a, 0x56, 0x2a, 0x57, 0x22, 0x77, 0x2a, 0x57, 0x2a,
    0x57, 0x2a, 0x77, 0x2a, 0x97, 0x22, 0x78, 0x2a, 0x78, 0x2a, 0x98, 0x22,
    0x98, 0x2a, 0x98, 0x2a, 0x98, 0x2a, 0x98, 0x2a, 0x99, 0x2a, 0x99, 0x2a,
    0x99, 0x2a, 0xb8, 0x2a, 0x98, 0x2a, 0x98, 0x2a, 0x98, 0x2a, 0x98, 0x2a,
    0x99, 0x2a, 0x99, 0x2a, 0x99, 0x2a, 0xb9, 0x2a, 0xd9, 0x2a, 0xba, 0x32,
    0xda, 0x32, 0xfa, 0x32, 0xfa, 0x32, 0x1b, 0x3b, 0x1b, 0x33, 0x1b, 0x3b,
    0x1c, 0x33, 0x3b, 0x3b, 0x1c, 0x3b, 0x3c, 0x3b, 0x3b, 0x3b, 0x3c, 0x3b,
    0x3c, 0x3b, 0x3c, 0x3b, 0x3c, 0x3b, 0x3b, 0x3b, 0x3c, 0x3b, 0x3c, 0x3b,
    0x3b, 0x3b, 0x1c, 0x33, 0x3c, 0x3b, 0x3b, 0x3b, 0x1c, 0x3b, 0x3c, 0x33,
    0x3c, 0x3b, 0x3c, 0x3b, 0x1b, 0x3b, 0x3c, 0x3b, 0x3b, 0x3b, 0x1b, 0x33,
    0xfb, 0x3a, 0xfb, 0x32, 0xfa, 0x32, 0xda, 0x32, 0xda, 0x32, 0xd9, 0x2a,
    0xd9, 0x2a, 0xb9, 0x32, 0xb9, 0x32, 0xb9, 0x2a, 0x99, 0x2a, 0x99, 0x2a,
    0xb8, 0x2a, 0x99, 0x2a, 0x98, 0x2a, 0x99, 0x2a, 0x98, 0x2a, 0x99, 0x2a,
    0x99, 0x2a, 0x98, 0x2a, 0x78, 0x2a, 0x98, 0x2a, 0x98, 0x2a, 0x78, 0x2a,
    0x78, 0x2a, 0x98, 0x22, 0x78, 0x2a, 0x98, 0x2a, 0x98, 0x2a, 0x98, 0x2a,
    0x98, 0x2a, 0x98, 0x2a, 0x98, 0x2a, 0x78, 0x2a, 0x98, 0x2a, 0x98, 0x2a,
    0x98, 0x2a, 0x78, 0x2a, 0x98, 0x2a, 0x77, 0x2a, 0x77, 0x2a, 0x78, 0x2a,
    0x78, 0x2a, 0x78, 0x2a, 0x77, 0x2a, 0x77, 0x2a, 0x78, 0x2a, 0x78, 0x2a,
    0x77, 0x22, 0x78, 0x2a, 0x78, 0x2a, 0x77, 0x22, 0x78, 0x2a, 0x77, 0x2a,
    0x78, 0x2a, 0x78, 0x2a, 0x78, 0x2a, 0x78, 0x2a, 0x78, 0x2a, 0x78, 0x2a,
    0x78, 0x22, 0x78, 0x2a, 0x77, 0x2a, 0x78, 0x2a, 0x78, 0x2a, 0x77, 0x22,
    0x77, 0x2a, 0x77, 0x2a, 0x78, 0x2a, 0x77, 0x2a, 0x77, 0x2a, 0x77, 0x22,
    0x77, 0x2a, 0x77, 0x2a, 0x77, 0x2a, 0x76, 0x22, 0x57, 0x2a, 0x77, 0x2a,
    0x76, 0x22, 0x76, 0x2a, 0x78, 0x2a, 0x56, 0x22, 0xb0, 0x19, 0xd1, 0x21,
    0xd1, 0x19, 0xd1, 0x21, 0xd2, 0x21, 0xf2, 0x19, 0x35, 0x22, 0x78, 0x2a,
    0x99, 0x2a, 0xb9, 0x2a, 0xd9, 0x32, 0xb9, 0x2a, 0xb8, 0x32, 0xb9, 0x2a,
    0xb8, 0x2a, 0xb8, 0x32, 0xb8, 0x2a, 0x98, 0x2a, 0xb8, 0x32, 0x98, 0x2a,
    0x97, 0x32, 0x98, 0x2a, 0x97, 0x2a, 0x97, 0x32, 0x96, 0x2a, 0x76, 0x2a,
    0x75, 0x32, 0x75, 0x2a, 0x75, 0x2a, 0x54, 0x2a, 0x54, 0x32, 0x54, 0x2a,
    0x33, 0x2a, 0x32, 0x2a, 0x12, 0x2a, 0xaf, 0x21, 0xaf, 0x21, 0xf1, 0x21,
    0xf1, 0x21, 0xf2, 0x21, 0x12, 0x22, 0x13, 0x2a, 0x14, 0x2a, 0x13, 0x22,
    0x34, 0x22, 0x35, 0x2a, 0x35, 0x2a, 0x55, 0x22, 0x56, 0x2a, 0x56, 0x2a,
    0x56, 0x22, 0x77, 0x2a, 0x77, 0x2a, 0x77, 0x22, 0x78, 0x2a, 0x77, 0x2a,
    0x78, 0x2a, 0x78, 0x2a, 0x98, 0x2a, 0x98, 0x2a, 0x78, 0x2a, 0x99, 0x2a,
    0x98, 0x2a, 0x99, 0x2a, 0x98, 0x2a, 0x99, 0x2a, 0x99, 0x2a, 0xb9, 0x2a,
    0x99, 0x2a, 0xb9, 0x2a, 0x98, 0x2a, 0x98, 0x2a, 0xb9, 0x2a, 0x99, 0x2a,
    0xb9, 0x32, 0xd9, 0x32, 0xda, 0x2a, 0xda, 0x32, 0xfa, 0x32, 0xfb, 0x32,
    0xfa, 0x32, 0x1b, 0x33, 0x1b, 0x3b, 0x1b, 0x33, 0x3c, 0x3b, 0x3c, 0x33,
    0x1c, 0x3b, 0x3b, 0x3b, 0x3c, 0x3b, 0x1c, 0x3b, 0x3b, 0x33, 0x3c, 0x3b,
    0x1c, 0x3b, 0x3c, 0x3b, 0x3c, 0x3b, 0x3c, 0x3b, 0x3c, 0x3b, 0x1b, 0x3b,
    0x3c, 0x3b, 0x3c, 0x33, 0x3c, 0x3b, 0x3c, 0x3b, 0x1c, 0x3b, 0x1c, 0x33,
    0x3b, 0x33, 0x1b, 0x3b, 0x3b, 0x33, 0x1b, 0x33, 0xfb, 0x32, 0xfa, 0x32,
    0xfa, 0x32, 0xda, 0x32, 0xda, 0x32, 0xb9, 0x2a, 0xda, 0x32, 0xb9, 0x32,
    0xb9, 0x2a, 0xb9, 0x2a, 0x99, 0x32, 0x98, 0x2a, 0x99, 0x2a, 0xb9, 0x2a,
    0x98, 0x2a, 0x99, 0x2a, 0x98, 0x2a, 0x98, 0x2a, 0x99, 0x2a, 0x98, 0x2a,
    0x98, 0x2a, 0x99, 0x2a, 0x78, 0x2a, 0x98, 0x2a, 0x78, 0x2a, 0x78, 0x2a,
    0x98, 0x2a, 0x98, 0x2a, 0x78, 0x2a, 0x78, 0x2a, 0x99, 0x2a, 0x98, 0x2a,
    0x78, 0x2a, 0x98, 0x2a, 0x78, 0x2a, 0x78, 0x2a, 0x98, 0x2a, 0x78, 0x2a,
    0x78, 0x2a, 0x77, 0x2a, 0x77, 0x22, 0x78, 0x2a, 0x78, 0x2a, 0x77, 0x22,
    0x78, 0x2a, 0x78, 0x2a, 0x78, 0x2a, 0x78, 0x2a, 0x78, 0x2a, 0x77, 0x2a,
    0x78, 0x2a, 0x78, 0x2a, 0x77, 0x22, 0x77, 0x22, 0x78, 0x2a, 0x78, 0x2a,
    0x77, 0x2a, 0x78, 0x2a, 0x78, 0x2a, 0x77, 0x22, 0x78, 0x2a, 0x78, 0x2a,
    0x77, 0x2a, 0x78, 0x2a, 0x77, 0x2a, 0x78, 0x2a, 0x77, 0x22, 0x77, 0x2a,
    0x78, 0x2a, 0x77, 0x2a, 0x77, 0x22, 0x77, 0x2a, 0x57, 0x2a, 0x77, 0x22,
    0x77, 0x2a, 0x77, 0x2a, 0x77, 0x22, 0x77, 0x2a, 0x57, 0x2a, 0x78, 0x2a,
    0x55, 0x22, 0xb0, 0x19, 0xd1, 0x19, 0xd1, 0x21, 0xd1, 0x19, 0xd2, 0x21,
    0xf3, 0x21, 0x56, 0x22, 0x98, 0x2a, 0xb8, 0x2a, 0xb9, 0x32, 0xb9, 0x2a,
    0xb9, 0x2a, 0xb8, 0x32, 0xb9, 0x2a, 0xb9, 0x2a, 0xb8, 0x32, 0xb8, 0x2a,
    0x98, 0x2a, 0xb8, 0x2a, 0xb8, 0x32, 0x97, 0x2a, 0x97, 0x2a, 0x97, 0x32,
    0x97, 0x2a, 0x76, 0x2a, 0x96, 0x32, 0x76, 0x2a, 0x75, 0x32, 0x75, 0x2a,
    0x54, 0x2a, 0x54, 0x32, 0x54, 0x2a, 0x33, 0x2a, 0x32, 0x2a, 0x12, 0x2a,
    0xaf, 0x19, 0xaf, 0x21, 0xf1, 0x21, 0xf1, 0x21, 0xf2, 0x21, 0x12, 0x22,
    0x13, 0x22, 0x13, 0x2a, 0x13, 0x22, 0x34, 0x22, 0x35, 0x2a, 0x35, 0x2a,
    0x56, 0x22, 0x56, 0x22, 0x56, 0x2a, 0x57, 0x22, 0x57, 0x2a, 0x77, 0x22,
    0x57, 0x2a, 0x78, 0x2a, 0x77, 0x2a, 0x78, 0x2a, 0x98, 0x2a, 0x98, 0x2a,
    0x98, 0x2a, 0x78, 0x2a, 0x98, 0x2a, 0x98, 0x2a, 0x99, 0x2a, 0x98, 0x2a,
    0x98, 0x2a, 0x99, 0x2a, 0x99, 0x2a, 0x99, 0x2a, 0xb8, 0x2a, 0x99, 0x2a,
    0x98, 0x2a, 0x98, 0x2a, 0x99, 0x2a, 0xb9, 0x2a, 0xb9, 0x32, 0xda, 0x32,
    0xda, 0x32, 0xfa, 0x32, 0xfa, 0x32, 0xfb, 0x32, 0x1b, 0x3b, 0x1b, 0x33,
    0x3b, 0x3b, 0x1b, 0x3b, 0x1c, 0x3b, 0x3c, 0x33, 0x3c, 0x3b, 0x1c, 0x3b,
    0x3b, 0x3b, 0x3c, 0x3b, 0x1c, 0x3b, 0x3b, 0x3b, 0x1c, 0x33, 0x3b, 0x3b,
    0x1c, 0x3b, 0x3c, 0x3b, 0x3c, 0x3b, 0x3c, 0x3b, 0x1b, 0x3b, 0x3b, 0x3b,
    0x3c, 0x3b, 0x3c, 0x3b, 0x1b, 0x3b, 0x1c, 0x3b, 0x1b, 0x3b, 0x3b, 0x3b,
    0x1b, 0x3b, 0xfb, 0x32, 0xfa, 0x32, 0xda, 0x32, 0xda, 0x32, 0xda, 0x2a,
    0xb9, 0x32, 0xb9, 0x2a, 0xb9, 0x2a, 0xb9, 0x2a, 0xb9, 0x2a, 0x99, 0x2a,
    0x98, 0x2a, 0x99, 0x2a, 0x99, 0x2a, 0xb9, 0x2a, 0x98, 0x2a, 0x99, 0x2a,
    0x98, 0x2a, 0x98, 0x2a, 0x99, 0x2a, 0x98, 0x2a, 0x98, 0x2a, 0x78, 0x2a,
    0x98, 0x2a, 0x98, 0x2a, 0x98, 0x2a, 0x99, 0x2a, 0x98, 0x2a, 0x98, 0x2a,
    0x78, 0x2a, 0x98, 0x2a, 0x98, 0x2a, 0x98, 0x2a, 0x78, 0x2a, 0x78, 0x2a,
    0x78, 0x2a, 0x98, 0x2a, 0x98, 0x22, 0x78, 0x2a, 0x78, 0x2a, 0x78, 0x2a,
    0x77, 0x22, 0x78, 0x2a, 0x77, 0x2a, 0x78, 0x22, 0x78, 0x2a, 0x77, 0x2a,
    0x77, 0x2a, 0x78, 0x2a, 0x78, 0x2a, 0x77, 0x2a, 0x78, 0x2a, 0x78, 0x2a,
    0x77, 0x2a, 0x78, 0x2a, 0x77, 0x2a, 0x78, 0x2a, 0x77, 0x2a, 0x78, 0x22,
    0x78, 0x2a, 0x77, 0x2a, 0x77, 0x22, 0x77, 0x2a, 0x77, 0x2a, 0x78, 0x2a,
    0x77, 0x22, 0x78, 0x22, 0x77, 0x2a, 0x77, 0x2a, 0x78, 0x2a, 0x78, 0x22,
    0x57, 0x2a, 0x77, 0x2a, 0x77, 0x2a, 0x77, 0x22, 0x77, 0x2a, 0x56, 0x2a,
    0x77, 0x22, 0x57, 0x2a, 0x77, 0x2a, 0x56, 0x22, 0xb0, 0x19, 0xd1, 0x21,
    0xd1, 0x19, 0xf1, 0x19, 0xf2, 0x21, 0xf3, 0x21, 0x56, 0x22, 0x98, 0x2a,
    0xb9, 0x2a, 0xb9, 0x32, 0xb9, 0x2a, 0xb9, 0x2a, 0xb9, 0x32, 0xb9, 0x2a,
    0xb8, 0x32, 0xb9, 0x2a, 0xb8, 0x32, 0x98, 0x32, 0x98, 0x2a, 0xb8, 0x32,
    0x97, 0x2a, 0x97, 0x32, 0x97, 0x2a, 0x97, 0x2a, 0x76, 0x2a, 0x96, 0x2a,
    0x76, 0x2a, 0x75, 0x2a, 0x75, 0x32, 0x55, 0x2a, 0x54, 0x2a, 0x54, 0x32,
    0x33, 0x2a, 0x32, 0x2a, 0x12, 0x2a, 0xaf, 0x21, 0xb0, 0x21, 0xf1, 0x21,
    0xf2, 0x21, 0xf2, 0x21, 0xf2, 0x29, 0x13, 0x22, 0x14, 0x22, 0x14, 0x2a,
    0x14, 0x22, 0x35, 0x22, 0x55, 0x2a, 0x56, 0x2a, 0x56, 0x2a, 0x56, 0x22,
    0x56, 0x2a, 0x77, 0x2a, 0x57, 0x2a, 0x77, 0x22, 0x77, 0x2a, 0x77, 0x22,
    0x78, 0x2a, 0x78, 0x2a, 0x98, 0x2a, 0x98, 0x2a, 0x98, 0x2a, 0x98, 0x2a,
    0x78, 0x2a, 0x99, 0x2a, 0x99, 0x2a, 0x98, 0x2a, 0x99, 0x2a, 0x98, 0x2a,
    0x98, 0x2a, 0x99, 0x2a, 0xb9, 0x2a, 0x98, 0x2a, 0x99, 0x2a, 0x99, 0x2a,
    0xb9, 0x2a, 0xd9, 0x2a, 0xba, 0x32, 0xda, 0x32, 0xfa, 0x32, 0xfa, 0x32,
    0xfb, 0x32, 0x1b, 0x3b, 0x3b, 0x33, 0x1b, 0x33, 0x3c, 0x3b, 0x1b, 0x3b,
    0x1c, 0x3b, 0x3c, 0x3b, 0x3b, 0x3b, 0x3c, 0x3b, 0x3c, 0x3b, 0x3c, 0x3b,
    0x3c, 0x3b, 0x3c, 0x3b, 0x3b, 0x3b, 0x3c, 0x33, 0x1c, 0x3b, 0x3b, 0x3b,
    0x3c, 0x33, 0x3c, 0x3b, 0x1c, 0x3b, 0x3c, 0x3b, 0x3c, 0x3b, 0x3b, 0x33,
    0x3c, 0x3b, 0x1c, 0x33, 0x1b, 0x3b, 0x1b, 0x33, 0x1b, 0x33, 0xfb, 0x32,
    0xfa, 0x32, 0xda, 0x32, 0xda, 0x32, 0xda, 0x32, 0xd9, 0x2a, 0xb9, 0x32,
    0xb9, 0x32, 0xb9, 0x2a, 0xb9, 0x2a, 0x99, 0x2a, 0x98, 0x2a, 0x99, 0x2a,
    0x98, 0x2a, 0x98, 0x2a, 0x99, 0x2a, 0x98, 0x2a, 0x98, 0x2a, 0x79, 0x2a,
    0x98, 0x2a, 0x98, 0x2a, 0x78, 0x2a, 0x78, 0x22, 0x98, 0x2a, 0x98, 0x2a,
    0x78, 0x22, 0x78, 0x2a, 0x98, 0x2a, 0x98, 0x2a, 0x98, 0x2a, 0x78, 0x2a,
    0x99, 0x2a, 0x98, 0x2a, 0x98, 0x2a, 0x98, 0x2a, 0x98, 0x2a, 0x98, 0x2a,
    0x78, 0x22, 0x78, 0x2a, 0x78, 0x2a, 0x77, 0x2a, 0x78, 0x2a, 0x78, 0x2a,
    0x77, 0x2a, 0x78, 0x2a, 0x77, 0x2a, 0x78, 0x22, 0x78, 0x2a, 0x77, 0x2a,
    0x78, 0x22, 0x78, 0x2a, 0x78, 0x2a, 0x78, 0x2a, 0x77, 0x2a, 0x78, 0x2a,
    0x78, 0x2a, 0x77, 0x2a, 0x78, 0x2a, 0x78, 0x2a, 0x78, 0x2a, 0x78, 0x22,
    0x78, 0x2a, 0x78, 0x2a, 0x77, 0x22, 0x78, 0x2a, 0x77, 0x2a, 0x78, 0x22,
    0x77, 0x2a, 0x77, 0x2a, 0x77, 0x2a, 0x77, 0x22, 0x77, 0x2a, 0x77, 0x2a,
    0x57, 0x2a, 0x77, 0x22, 0x77, 0x2a, 0x77, 0x22, 0x57, 0x2a, 0x77, 0x2a,
    0x56, 0x22, 0xb0, 0x19, 0xd1, 0x21, 0xd1, 0x21, 0xd2, 0x21, 0xd2, 0x19,
    0x13, 0x22, 0x57, 0x2a, 0x98, 0x2a, 0xb9, 0x2a, 0xb9, 0x32, 0xd9, 0x2a,
    0xb9, 0x32, 0xb9, 0x2a, 0xb8, 0x2a, 0xb8, 0x32, 0xb9, 0x2a, 0xb8, 0x2a,
    0x98, 0x2a, 0xb8, 0x32, 0x98, 0x2a, 0x97, 0x2a, 0x97, 0x32, 0x97, 0x32,
    0x97, 0x2a, 0x76, 0x32, 0x96, 0x2a, 0x75, 0x2a, 0x75, 0x2a, 0x75, 0x2a,
    0x54, 0x2a, 0x54, 0x32, 0x54, 0x2a, 0x53, 0x2a, 0x12, 0x2a, 0x12, 0x2a,
    0xaf, 0x21, 0xaf, 0x21, 0xf1, 0x21, 0xf1, 0x21, 0xf2, 0x21, 0x12, 0x22,
    0x13, 0x2a, 0x14, 0x22, 0x14, 0x22, 0x34, 0x2a, 0x35, 0x22, 0x35, 0x22,
    0x56, 0x2a, 0x56, 0x2a, 0x56, 0x22, 0x56, 0x2a, 0x77, 0x2a, 0x57, 0x22,
    0x77, 0x2a, 0x77, 0x2a, 0x78, 0x2a, 0x98, 0x2a, 0x78, 0x2a, 0x78, 0x22,
    0x98, 0x2a, 0x98, 0x2a, 0x99, 0x2a, 0x98, 0x2a, 0x99, 0x2a, 0x99, 0x2a,
    0x98, 0x2a, 0xb9, 0x2a, 0x99, 0x2a, 0x98, 0x2a, 0x99, 0x2a, 0x99, 0x2a,
    0x98, 0x2a, 0xb8, 0x2a, 0x99, 0x2a, 0xb9, 0x32, 0xd9, 0x2a, 0xba, 0x32,
    0xda, 0x32, 0xfa, 0x32, 0xfa, 0x32, 0xfb, 0x32, 0x1b, 0x3b, 0x1b, 0x3b,
    0x3b, 0x33, 0x3c, 0x3b, 0x3b, 0x3b, 0x1c, 0x3b, 0x3c, 0x3b, 0x3c, 0x33,
    0x1c, 0x3b, 0x3b, 0x3b, 0x3c, 0x33, 0x1c, 0x3b, 0x3c, 0x3b, 0x3c, 0x3b,
    0x3c, 0x3b, 0x3b, 0x3b, 0x1c, 0x3b, 0x3c, 0x3b, 0x3c, 0x3b, 0x3b, 0x3b,
    0x3c, 0x3b, 0x3c, 0x3b, 0x1b, 0x33, 0x3c, 0x3b, 0x3b, 0x3b, 0x1c, 0x3b,
    0x1b, 0x33, 0xfb, 0x32, 0xfb, 0x32, 0xfa, 0x32, 0xfa, 0x32, 0xda, 0x32,
    0xda, 0x2a, 0xda, 0x32, 0xb9, 0x2a, 0xb9, 0x2a, 0xb9, 0x2a, 0x99, 0x2a,
    0x99, 0x32, 0xb8, 0x2a, 0xb9, 0x2a, 0x99, 0x2a, 0x98, 0x2a, 0x99, 0x2a,
    0x98, 0x2a, 0x98, 0x2a, 0x98, 0x2a, 0x98, 0x2a, 0x99, 0x2a, 0x98, 0x2a,
    0x98, 0x2a, 0x78, 0x2a, 0x98, 0x2a, 0x78, 0x2a, 0x98, 0x2a, 0x98, 0x2a,
    0x98, 0x2a, 0x78, 0x2a, 0x98, 0x2a, 0x98, 0x2a, 0x98, 0x2a, 0x78, 0x22,
    0x98, 0x2a, 0x98, 0x2a, 0x98, 0x2a, 0x78, 0x2a, 0x78, 0x2a, 0x98, 0x2a,
    0x77, 0x2a, 0x78, 0x2a, 0x78, 0x22, 0x77, 0x2a, 0x78, 0x2a, 0x78, 0x2a,
    0x78, 0x2a, 0x78, 0x2a, 0x78, 0x2a, 0x78, 0x2a, 0x78, 0x2a, 0x77, 0x22,
    0x78, 0x22, 0x78, 0x2a, 0x77, 0x2a, 0x77, 0x22, 0x78, 0x2a, 0x77, 0x2a,
    0x77, 0x2a, 0x78, 0x2a, 0x78, 0x2a, 0x77, 0x22, 0x78, 0x2a, 0x78, 0x2a,
    0x77, 0x2a, 0x78, 0x2a, 0x77, 0x2a, 0x78, 0x2a, 0x77, 0x2a, 0x77, 0x2a,
    0x77, 0x22, 0x77, 0x22, 0x77, 0x2a, 0x77, 0x2a, 0x77, 0x22, 0x77, 0x2a,
    0x77, 0x2a, 0x77, 0x22, 0x78, 0x2a, 0x56, 0x22, 0xb0, 0x19, 0xd1, 0x19,
    0xd1, 0x21, 0xf2, 0x19, 0xd2, 0x19, 0x34, 0x22, 0x78, 0x2a, 0x98, 0x2a,
    0xb9, 0x32, 0xd9, 0x2a, 0xb9, 0x2a, 0xb9, 0x32, 0xb9, 0x2a, 0xb8, 0x2a,
    0xb9, 0x32, 0xb8, 0x2a, 0xb8, 0x2a, 0x98, 0x32, 0xb8, 0x2a, 0xb8, 0x2a,
    0x97, 0x2a, 0x97, 0x2a, 0x97, 0x2a, 0x97, 0x32, 0x77, 0x2a, 0x96, 0x2a,
    0x75, 0x32, 0x75, 0x32, 0x75, 0x2a, 0x54, 0x2a, 0x54, 0x32, 0x54, 0x2a,
    0x33, 0x32, 0x32, 0x2a, 0x12, 0x2a, 0xaf, 0x19, 0xaf, 0x21, 0xf1, 0x21,
    0xf1, 0x21, 0xf2, 0x21, 0xf2, 0x21, 0x12, 0x22, 0x13, 0x22, 0x13, 0x22,
    0x34, 0x2a, 0x35, 0x22, 0x35, 0x2a, 0x56, 0x22, 0x56, 0x2a, 0x56, 0x2a,
    0x57, 0x22, 0x77, 0x2a, 0x57, 0x2a, 0x77, 0x22, 0x77, 0x2a, 0x77, 0x2a,
    0x78, 0x2a, 0x98, 0x2a, 0x78, 0x2a, 0x98, 0x2a, 0x98, 0x2a, 0x78, 0x2a,
    0x98, 0x2a, 0x99, 0x2a, 0x98, 0x2a, 0x98, 0x2a, 0x99, 0x2a, 0xb9, 0x2a,
    0xb8, 0x2a, 0x98, 0x2a, 0x99, 0x2a, 0x98, 0x2a, 0x99, 0x2a, 0x99, 0x2a,
    0xb9, 0x2a, 0xd9, 0x32, 0xba, 0x32, 0xda, 0x32, 0xfa, 0x32, 0xfa, 0x32,
    0xfb, 0x32, 0x1b, 0x33, 0x1b, 0x3b, 0x1b, 0x33, 0x1c, 0x3b, 0x3c, 0x3b,
    0x1b, 0x3b, 0x3c, 0x3b, 0x3c, 0x3b, 0x3b, 0x3b, 0x1c, 0x3b, 0x3c, 0x3b,
    0x3b, 0x3b, 0x1b, 0x3b, 0x1c, 0x3b, 0x3c, 0x3b, 0x3c, 0x3b, 0x3b, 0x3b,
    0x1c, 0x3b, 0x3c, 0x33, 0x3b, 0x3b, 0x1c, 0x3b, 0x3c, 0x3b, 0x1c, 0x3b,
    0x3b, 0x3b, 0x1c, 0x33, 0x3b, 0x3b, 0x3b, 0x3b, 0x1b, 0x3b, 0xfb, 0x32,
    0xfa, 0x32, 0xfa, 0x32, 0xda, 0x32, 0xda, 0x32, 0xd9, 0x32, 0xb9, 0x2a,
    0xb9, 0x32, 0xb9, 0x2a, 0xb9, 0x2a, 0x99, 0x2a, 0x99, 0x2a, 0x98, 0x2a,
    0x99, 0x2a, 0xb9, 0x2a, 0x98, 0x2a, 0x99, 0x2a, 0x99, 0x2a, 0x98, 0x2a,
    0x78, 0x2a, 0x98, 0x2a, 0x99, 0x2a, 0x98, 0x2a, 0x99, 0x2a, 0x98, 0x2a,
    0x98, 0x2a, 0x98, 0x2a, 0x98, 0x22, 0x78, 0x2a, 0x98, 0x2a, 0x98, 0x2a,
    0x78, 0x2a, 0x98, 0x2a, 0x98, 0x2a, 0x78, 0x2a, 0x78, 0x2a, 0x78, 0x2a,
    0x78, 0x2a, 0x78, 0x2a, 0x78, 0x2a, 0x77, 0x2a, 0x78, 0x22, 0x77, 0x2a,
    0x78, 0x2a, 0x78, 0x2a, 0x78, 0x22, 0x77, 0x2a, 0x78, 0x2a, 0x78, 0x2a,
    0x77, 0x2a, 0x78, 0x2a, 0x77, 0x2a, 0x78, 0x2a, 0x78, 0x2a, 0x78, 0x2a,
    0x78, 0x2a, 0x78, 0x2a, 0x78, 0x2a, 0x77, 0x2a, 0x78, 0x2a, 0x77, 0x2a,
    0x77, 0x22, 0x78, 0x2a, 0x78, 0x2a, 0x78, 0x2a, 0x77, 0x2a, 0x77, 0x2a,
    0x77, 0x22, 0x78, 0x22, 0x78, 0x2a, 0x57, 0x2a, 0x77, 0x22, 0x77, 0x2a,
    0x77, 0x2a, 0x77, 0x2a, 0x57, 0x22, 0x77, 0x2a, 0x57, 0x2a, 0x77, 0x2a,
    0x55, 0x2a, 0xb0, 0x19, 0xd1, 0x21, 0xf2, 0x21, 0xd2, 0x21, 0xf3, 0x21,
    0x35, 0x22, 0x78, 0x2a, 0x99, 0x2a, 0xb9, 0x32, 0xd9, 0x2a, 0xb9, 0x2a,
    0xb9, 0x32, 0xb8, 0x2a, 0xb9, 0x32, 0xb9, 0x32, 0xb8, 0x32, 0xb8, 0x32,
    0x98, 0x2a, 0x98, 0x32, 0xb8, 0x32, 0x97, 0x32, 0x97, 0x2a, 0x97, 0x2a,
    0x97, 0x32, 0x77, 0x2a, 0x96, 0x2a, 0x76, 0x2a, 0x75, 0x2a, 0x75, 0x2a,
    0x55, 0x2a, 0x54, 0x32, 0x54, 0x2a, 0x33, 0x2a, 0x32, 0x2a, 0x12, 0x2a,
    0xaf, 0x21, 0xaf, 0x19, 0xf1, 0x21, 0xf1, 0x21, 0xf2, 0x21, 0x13, 0x2a,
    0x13, 0x22, 0x13, 0x22, 0x14, 0x2a, 0x34, 0x22, 0x35, 0x22, 0x35, 0x22,
    0x56, 0x2a, 0x56, 0x2a, 0x56, 0x22, 0x56, 0x2a, 0x77, 0x2a, 0x57, 0x22,
    0x57, 0x2a, 0x77, 0x2a, 0x78, 0x2a, 0x77, 0x22, 0x98, 0x2a, 0x78, 0x2a,
    0x98, 0x2a, 0x98, 0x2a, 0x78, 0x2a, 0x98, 0x2a, 0x99, 0x2a, 0x99, 0x2a,
    0x98, 0x2a, 0x98, 0x2a, 0x99, 0x2a, 0x98, 0x2a, 0xb9, 0x2a, 0x98, 0x2a,
    0x98, 0x2a, 0xb9, 0x2a, 0x99, 0x2a, 0xb9, 0x2a, 0xb9, 0x2a, 0xd9, 0x32,
    0xda, 0x32, 0xfa, 0x32, 0xfa, 0x32, 0xfa, 0x32, 0x1b, 0x3b, 0x3b, 0x33,
    0x1b, 0x3b, 0x1c, 0x33, 0x3b, 0x33, 0x3b, 0x3b, 0x1c, 0x3b, 0x3c, 0x3b,
    0x3c, 0x3b, 0x3c, 0x33, 0x3c, 0x3b, 0x3c, 0x3b, 0x3c, 0x33, 0x3b, 0x3b,
    0x1c, 0x3b, 0x3c, 0x33, 0x3c, 0x3b, 0x3c, 0x3b, 0x1c, 0x3b, 0x3c, 0x3b,
    0x3b, 0x3b, 0x3c, 0x33, 0x1c, 0x3b, 0x3c, 0x3b, 0x1b, 0x33, 0x1b, 0x3b,
    0x3c, 0x33, 0x1b, 0x3b, 0xfb, 0x32, 0xfb, 0x32, 0xfa, 0x32, 0xfa, 0x32,
    0xda, 0x32, 0xda, 0x2a, 0xda, 0x32, 0xb9, 0x32, 0xb9, 0x2a, 0xb9, 0x2a,
    0x99, 0x2a, 0x99, 0x2a, 0x99, 0x32, 0x98, 0x2a, 0x99, 0x2a, 0x98, 0x2a,
    0x99, 0x2a, 0x98, 0x2a, 0x98, 0x2a, 0x79, 0x2a, 0x98, 0x2a, 0x78, 0x2a,
    0x78, 0x2a, 0x98, 0x2a, 0x99, 0x22, 0x78, 0x2a, 0x98, 0x2a, 0x99, 0x2a,
    0x78, 0x2a, 0x98, 0x2a, 0x99, 0x2a, 0x78, 0x2a, 0x98, 0x2a, 0x78, 0x2a,
    0x78, 0x2a, 0x98, 0x2a, 0x98, 0x2a, 0x78, 0x22, 0x78, 0x2a, 0x98, 0x2a,
    0x98, 0x2a, 0x78, 0x2a, 0x77, 0x2a, 0x78, 0x2a, 0x78, 0x2a, 0x78, 0x2a,
    0x77, 0x2a, 0x78, 0x2a, 0x78, 0x22, 0x78, 0x2a, 0x78, 0x2a, 0x78, 0x2a,
    0x77, 0x2a, 0x78, 0x2a, 0x78, 0x2a, 0x77, 0x2a, 0x78, 0x2a, 0x78, 0x22,
    0x78, 0x2a, 0x77, 0x2a, 0x77, 0x2a, 0x78, 0x2a, 0x78, 0x2a, 0x78, 0x22,
    0x77, 0x2a, 0x78, 0x2a, 0x78, 0x22, 0x77, 0x2a, 0x78, 0x2a, 0x77, 0x2a,
    0x77, 0x2a, 0x77, 0x2a, 0x77, 0x2a, 0x77, 0x2a, 0x77, 0x2a, 0x77, 0x22,
    0x77, 0x2a, 0x57, 0x2a, 0x78, 0x2a, 0x55, 0x22, 0xb0, 0x19, 0xd1, 0x21,
    0xf2, 0x19, 0xd2, 0x19, 0xf3, 0x21, 0x55, 0x22, 0x77, 0x2a, 0x99, 0x2a,
    0xd9, 0x2a, 0xd9, 0x32, 0xb9, 0x2a, 0xb9, 0x2a, 0xb9, 0x32, 0xb8, 0x2a,
    0xb8, 0x2a, 0xb9, 0x2a, 0xb8, 0x32, 0xb8, 0x2a, 0x98, 0x2a, 0x98, 0x2a,
    0xb8, 0x32, 0x97, 0x2a, 0x97, 0x32, 0x97, 0x2a, 0x76, 0x2a, 0x76, 0x32,
    0x75, 0x2a, 0x75, 0x2a, 0x75, 0x32, 0x54, 0x2a, 0x54, 0x2a, 0x54, 0x32,
    0x33, 0x2a, 0x32, 0x2a, 0x12, 0x2a, 0xaf, 0x21, 0xb0, 0x21, 0xf1, 0x21,
    0xf2, 0x21, 0xf2, 0x21, 0xf2, 0x21, 0x13, 0x2a, 0x14, 0x2a, 0x14, 0x22,
    0x34, 0x22, 0x35, 0x2a, 0x55, 0x2a, 0x56, 0x2a, 0x56, 0x22, 0x56, 0x2a,
    0x57, 0x2a, 0x77, 0x2a, 0x77, 0x22, 0x77, 0x2a, 0x77, 0x2a, 0x78, 0x22,
    0x78, 0x2a, 0x78, 0x2a, 0x98, 0x2a, 0x98, 0x2a, 0x98, 0x2a, 0x99, 0x2a,
    0x98, 0x2a, 0x99, 0x2a, 0x99, 0x2a, 0x98, 0x2a, 0x99, 0x2a, 0x98, 0x2a,
    0x99, 0x2a, 0x99, 0x2a, 0x98, 0x2a, 0xb8, 0x2a, 0x99, 0x2a, 0x98, 0x2a,
    0xb9, 0x2a, 0xb9, 0x32, 0xd9, 0x2a, 0xda, 0x32, 0xfa, 0x32, 0xfb, 0x32,
    0xfb, 0x32, 0x1b, 0x33, 0x1b, 0x33, 0x3b, 0x3b, 0x1b, 0x3b, 0x3c, 0x33,
    0x1b, 0x3b, 0x1c, 0x3b, 0x3c, 0x3b, 0x3b, 0x3b, 0x1c, 0x3b, 0x3b, 0x3b,
    0x1c, 0x3b, 0x3c, 0x3b, 0x3c, 0x3b, 0x3b, 0x3b, 0x1c, 0x3b, 0x3c, 0x3b,
    0x3b, 0x3b, 0x3c, 0x3b, 0x1c, 0x3b, 0x3c, 0x3b, 0x3c, 0x3b, 0x1c, 0x33,
    0x3b, 0x3b, 0x3b, 0x3b, 0x1c, 0x3b, 0x1b, 0x3b, 0x1b, 0x33, 0x1b, 0x3b,
    0xfb, 0x32, 0xfa, 0x32, 0xfa, 0x32, 0xda, 0x32, 0xda, 0x32, 0xb9, 0x32,
    0xd9, 0x2a, 0xb9, 0x32, 0xb9, 0x2a, 0xb8, 0x2a, 0x99, 0x2a, 0xb8, 0x2a,
    0x99, 0x2a, 0x99, 0x2a, 0x99, 0x2a, 0x98, 0x2a, 0x99, 0x2a, 0x98, 0x2a,
    0x98, 0x2a, 0x99, 0x2a, 0x98, 0x2a, 0x98, 0x2a, 0x98, 0x2a, 0x78, 0x2a,
    0x98, 0x2a, 0x98, 0x2a, 0x78, 0x2a, 0x98, 0x2a, 0x98, 0x2a, 0x98, 0x2a,
    0x98, 0x2a, 0x98, 0x2a, 0x78, 0x2a, 0x98, 0x2a, 0x98, 0x2a, 0x98, 0x2a,
    0x78, 0x22, 0x78, 0x2a, 0x98, 0x2a, 0x78, 0x2a, 0x78, 0x2a, 0x77, 0x2a,
    0x78, 0x2a, 0x78, 0x22, 0x78, 0x2a, 0x78, 0x2a, 0x78, 0x2a, 0x78, 0x2a,
    0x78, 0x2a, 0x78, 0x2a, 0x77, 0x22, 0x78, 0x2a, 0x78, 0x2a, 0x78, 0x22,
    0x78, 0x2a, 0x77, 0x2a, 0x78, 0x2a, 0x78, 0x2a, 0x78, 0x2a, 0x77, 0x22,
    0x77, 0x2a, 0x78, 0x2a, 0x78, 0x2a, 0x77, 0x22, 0x78, 0x2a, 0x78, 0x2a,
    0x77, 0x2a, 0x77, 0x2a, 0x78, 0x22, 0x78, 0x2a, 0x78, 0x2a, 0x78, 0x22,
    0x77, 0x22, 0x77, 0x2a, 0x77, 0x2a, 0x77, 0x22, 0x77, 0x22, 0x78, 0x2a,
    0x56, 0x22, 0xb0, 0x19, 0xf1, 0x21, 0xd2, 0x21, 0xf2, 0x19, 0xf3, 0x21,
    0x55, 0x22, 0x98, 0x2a, 0xb9, 0x2a, 0xb9, 0x32, 0xb9, 0x2a, 0xb9, 0x32,
    0xd9, 0x2a, 0xb9, 0x2a, 0xb9, 0x32, 0xb8, 0x2a, 0xb8, 0x32, 0xb8, 0x2a,
    0xb8, 0x2a, 0xb8, 0x32, 0x98, 0x2a, 0x97, 0x2a, 0x97, 0x32, 0x97, 0x2a,
    0x97, 0x2a, 0x96, 0x32, 0x96, 0x2a, 0x76, 0x2a, 0x75, 0x32, 0x75, 0x2a,
    0x54, 0x2a, 0x54, 0x32, 0x54, 0x2a, 0x53, 0x2a, 0x12, 0x2a, 0x12, 0x2a,
    0xaf, 0x21, 0xaf, 0x21, 0xf1, 0x21, 0xf1, 0x21, 0xf2, 0x21, 0xf3, 0x21,
    0x13, 0x22, 0x13, 0x2a, 0x13, 0x22, 0x34, 0x22, 0x35, 0x2a, 0x35, 0x22,
    0x56, 0x2a, 0x56, 0x22, 0x56, 0x22, 0x56, 0x2a, 0x77, 0x2a, 0x57, 0x22,
    0x57, 0x2a, 0x77, 0x2a, 0x97, 0x2a, 0x78, 0x2a, 0x78, 0x2a, 0x98, 0x2a,
    0x98, 0x2a, 0x98, 0x2a, 0x78, 0x2a, 0x98, 0x2a, 0x99, 0x2a, 0x98, 0x2a,
    0x99, 0x2a, 0x99, 0x2a, 0x99, 0x2a, 0xb8, 0x2a, 0x99, 0x2a, 0x99, 0x2a,
    0x98, 0x2a, 0x98, 0x2a, 0x99, 0x2a, 0xb9, 0x2a, 0xb9, 0x2a, 0xba, 0x32,
    0xda, 0x32, 0xda, 0x32, 0xfa, 0x32, 0xfa, 0x32, 0xfb, 0x3a, 0x1b, 0x3b,
    0x1b, 0x33, 0x3b, 0x3b, 0x1c, 0x3b, 0x3c, 0x3b, 0x3b, 0x3b, 0x3c, 0x33,
    0x3c, 0x3b, 0x3c, 0x3b, 0x1b, 0x3b, 0x3c, 0x3b, 0x3c, 0x3b, 0x3c, 0x3b,
    0x3c, 0x3b, 0x3b, 0x3b, 0x1c, 0x33, 0x3c, 0x3b, 0x3b, 0x3b, 0x3c, 0x33,
    0x3b, 0x3b, 0x3c, 0x3b, 0x3c, 0x3b, 0x1c, 0x3b, 0x3c, 0x33, 0x3c, 0x3b,
    0x1b, 0x3b, 0x3b, 0x33, 0x1b, 0x3b, 0xfb, 0x32, 0xfb, 0x32, 0xfa, 0x32,
    0xda, 0x32, 0xda, 0x32, 0xda, 0x2a, 0xb9, 0x2a, 0xb9, 0x32, 0xb9, 0x2a,
    0xb9, 0x2a, 0x99, 0x2a, 0x98, 0x2a, 0xb9, 0x2a, 0x98, 0x2a, 0x99, 0x2a,
    0x98, 0x2a, 0x98, 0x2a, 0x98, 0x2a, 0x99, 0x2a, 0x98, 0x2a, 0x78, 0x2a,
    0x98, 0x2a, 0x79, 0x2a, 0x98, 0x2a, 0x98, 0x2a, 0x99, 0x2a, 0x98, 0x2a,
    0x98, 0x2a, 0x79, 0x2a, 0x98, 0x2a, 0x98, 0x2a, 0x78, 0x22, 0x98, 0x2a,
    0x78, 0x2a, 0x98, 0x2a, 0x98, 0x2a, 0x78, 0x2a, 0x78, 0x2a, 0x78, 0x2a,
    0x78, 0x22, 0x78, 0x2a, 0x78, 0x2a, 0x77, 0x2a, 0x78, 0x2a, 0x78, 0x2a,
    0x77, 0x2a, 0x77, 0x2a, 0x77, 0x2a, 0x77, 0x2a, 0x78, 0x2a, 0x77, 0x2a,
    0x78, 0x2a, 0x78, 0x2a, 0x78, 0x2a, 0x78, 0x2a, 0x78, 0x2a, 0x78, 0x2a,
    0x78, 0x2a, 0x78, 0x2a, 0x78, 0x2a, 0x77, 0x22, 0x77, 0x2a, 0x77, 0x2a,
    0x78, 0x2a, 0x78, 0x2a, 0x77, 0x22, 0x78, 0x2a, 0x77, 0x2a, 0x77, 0x22,
    0x77, 0x22, 0x78, 0x2a, 0x77, 0x2a, 0x77, 0x2a, 0x78, 0x22, 0x77, 0x2a,
    0x77, 0x2a, 0x77, 0x2a, 0x78, 0x2a, 0x56, 0x22, 0xb0, 0x19, 0xd2, 0x21,
    0xf2, 0x21, 0xf2, 0x21, 0x13, 0x22, 0x57, 0x2a, 0x78, 0x2a, 0xb9, 0x2a,
    0xd9, 0x2a, 0xb9, 0x32, 0xb8, 0x2a, 0xb9, 0x2a, 0xd9, 0x32, 0xb8, 0x32,
    0xb9, 0x32, 0xb9, 0x2a, 0xb8, 0x32, 0xb8, 0x2a, 0x98, 0x32, 0xb8, 0x2a,
    0x97, 0x2a, 0x97, 0x32, 0x97, 0x2a, 0x97, 0x2a, 0x76, 0x32, 0x96, 0x2a,
    0x76, 0x2a, 0x75, 0x32, 0x75, 0x2a, 0x54, 0x2a, 0x54, 0x32, 0x34, 0x2a,
    0x53, 0x2a, 0x12, 0x2a, 0x12, 0x2a, 0xaf, 0x21, 0xaf, 0x21, 0xf1, 0x21,
    0xf2, 0x21, 0xf2, 0x21, 0x12, 0x2a, 0x13, 0x22, 0x14, 0x22, 0x13, 0x22,
    0x34, 0x2a, 0x35, 0x22, 0x35, 0x22, 0x56, 0x2a, 0x56, 0x2a, 0x56, 0x22,
    0x56, 0x2a, 0x77, 0x22, 0x77, 0x2a, 0x57, 0x22, 0x78, 0x2a, 0x77, 0x2a,
    0x78, 0x2a, 0x78, 0x2a, 0x98, 0x2a, 0x98, 0x2a, 0x78, 0x2a, 0x98, 0x2a,
    0x98, 0x2a, 0x99, 0x2a, 0x98, 0x2a, 0x98, 0x2a, 0x98, 0x2a, 0x98, 0x2a,
    0x99, 0x2a, 0xb9, 0x2a, 0x98, 0x2a, 0x99, 0x2a, 0xb9, 0x2a, 0x98, 0x2a,
    0xb9, 0x2a, 0xb9, 0x2a, 0xd9, 0x32, 0xda, 0x32, 0xda, 0x32, 0xfa, 0x32,
    0xfa, 0x32, 0x1b, 0x33, 0x1b, 0x3b, 0x1b, 0x33, 0x3b, 0x3b, 0x3c, 0x3b,
    0x1c, 0x33, 0x1c, 0x3b, 0x1c, 0x3b, 0x3c, 0x3b, 0x3c, 0x3b, 0x3c, 0x33,
    0x3b, 0x3b, 0x1c, 0x3b, 0x1c, 0x33, 0x3b, 0x3b, 0x3c, 0x3b, 0x3c, 0x3b,
    0x1c, 0x3b, 0x3c, 0x3b, 0x3b, 0x3b, 0x1c, 0x3b, 0x3c, 0x3b, 0x3b, 0x3b,
    0x3c, 0x3b, 0x1b, 0x3b, 0x3c, 0x3b, 0x1c, 0x3b, 0x3c, 0x33, 0x3b, 0x3b,
    0x1b, 0x33, 0xfb, 0x32, 0xfb, 0x32, 0xfa, 0x32, 0xfa, 0x32, 0xda, 0x32,
    0xba, 0x32, 0xd9, 0x2a, 0xb9, 0x2a, 0xb9, 0x2a, 0x99, 0x32, 0x99, 0x2a,
    0x98, 0x2a, 0x98, 0x2a, 0xb9, 0x2a, 0x99, 0x2a, 0x98, 0x2a, 0x98, 0x2a,
    0x99, 0x2a, 0x78, 0x2a, 0x78, 0x2a, 0x98, 0x2a, 0x98, 0x2a, 0x98, 0x2a,
    0x78, 0x2a, 0x98, 0x2a, 0x98, 0x2a, 0x78, 0x2a, 0x99, 0x2a, 0x98, 0x2a,
    0x78, 0x2a, 0x98, 0x2a, 0x78, 0x22, 0x78, 0x2a, 0x78, 0x2a, 0x98, 0x2a,
    0x78, 0x2a, 0x77, 0x22, 0x78, 0x2a, 0x78, 0x2a, 0x98, 0x2a, 0x98, 0x22,
    0x78, 0x2a, 0x77, 0x2a, 0x78, 0x2a, 0x78, 0x22, 0x78, 0x2a, 0x78, 0x2a,
    0x78, 0x22, 0x77, 0x2a, 0x78, 0x2a, 0x77, 0x2a, 0x77, 0x2a, 0x77, 0x2a,
    0x78, 0x2a, 0x77, 0x22, 0x78, 0x2a, 0x78, 0x2a, 0x77, 0x2a, 0x78, 0x2a,
    0x78, 0x2a, 0x78, 0x2a, 0x77, 0x2a, 0x78, 0x2a, 0x78, 0x2a, 0x78, 0x22,
    0x78, 0x2a, 0x78, 0x2a, 0x77, 0x2a, 0x77, 0x2a, 0x78, 0x2a, 0x78, 0x2a,
    0x77, 0x2a, 0x78, 0x2a, 0x78, 0x2a, 0x77, 0x2a, 0x77, 0x22, 0x78, 0x2a,
    0x55, 0x22, 0xd0, 0x19, 0xd2, 0x21, 0xd2, 0x19, 0xf2, 0x19, 0x14, 0x22,
    0x57, 0x2a, 0x98, 0x2a, 0xb9, 0x2a, 0xb9, 0x32, 0xd9, 0x32, 0xb9, 0x2a,
    0xb9, 0x32, 0xb9, 0x2a, 0xd8, 0x2a, 0xb8, 0x32, 0xb9, 0x2a, 0xb8, 0x32,
    0xb8, 0x32, 0x98, 0x2a, 0xb8, 0x32, 0x98, 0x2a, 0x97, 0x32, 0x97, 0x2a,
    0x97, 0x32, 0x96, 0x2a, 0x76, 0x2a, 0x75, 0x2a, 0x75, 0x2a, 0x55, 0x2a,
    0x54, 0x2a, 0x54, 0x32, 0x54, 0x2a, 0x53, 0x32, 0x32, 0x2a, 0x12, 0x2a,
    0xaf, 0x21, 0xd0, 0x21, 0xf1, 0x21, 0xf1, 0x21, 0xf2, 0x21, 0xf2, 0x21,
    0x13, 0x22, 0x14, 0x2a, 0x13, 0x22, 0x34, 0x22, 0x35, 0x2a, 0x55, 0x2a,
    0x56, 0x2a, 0x56, 0x2a, 0x56, 0x2a, 0x57, 0x22, 0x77, 0x2a, 0x57, 0x2a,
    0x77, 0x2a, 0x77, 0x2a, 0x78, 0x2a, 0x78, 0x22, 0x78, 0x2a, 0x98, 0x2a,
    0x98, 0x2a, 0x98, 0x2a, 0x99, 0x2a, 0x98, 0x2a, 0x99, 0x2a, 0x99, 0x2a,
    0x99, 0x2a, 0x98, 0x2a, 0xb9, 0x2a, 0x98, 0x2a, 0x98, 0x2a, 0x98, 0x2a,
    0xb9, 0x2a, 0x99, 0x2a, 0x98, 0x2a, 0x99, 0x2a, 0xb9, 0x2a, 0xd9, 0x32,
    0xda, 0x2a, 0xda, 0x32, 0xfa, 0x32, 0xfb, 0x32, 0xfb, 0x32, 0x1b, 0x3b,
    0x1b, 0x33, 0x1b, 0x33, 0x3b, 0x3b, 0x3c, 0x3b, 0x1b, 0x3b, 0x3b, 0x3b,
    0x1c, 0x3b, 0x3c, 0x3b, 0x3c, 0x3b, 0x3b, 0x3b, 0x3c, 0x3b, 0x3c, 0x3b,
    0x1c, 0x3b, 0x3c, 0x3b, 0x3b, 0x3b, 0x3c, 0x3b, 0x1c, 0x33, 0x3c, 0x3b,
    0x3c, 0x3b, 0x1c, 0x3b, 0x3c, 0x3b, 0x3c, 0x3b, 0x1b, 0x33, 0x3c, 0x3b,
    0x1c, 0x3b, 0x1b, 0x33, 0x1b, 0x3b, 0x1b, 0x3b, 0xfb, 0x32, 0xfa, 0x32,
    0xfa, 0x32, 0xfa, 0x32, 0xda, 0x32, 0xd9, 0x32, 0xb9, 0x32, 0xb9, 0x2a,
    0xb9, 0x2a, 0xb9, 0x32, 0x99, 0x2a, 0x99, 0x2a, 0x99, 0x2a, 0x99, 0x2a,
    0x98, 0x2a, 0x98, 0x2a, 0x98, 0x2a, 0x99, 0x2a, 0x98, 0x2a, 0x78, 0x2a,
    0x98, 0x2a, 0x98, 0x2a, 0x78, 0x2a, 0x98, 0x2a, 0x99, 0x2a, 0x78, 0x2a,
    0x98, 0x2a, 0x98, 0x2a, 0x98, 0x2a, 0x98, 0x2a, 0x98, 0x2a, 0x98, 0x2a,
    0x98, 0x2a, 0x98, 0x2a, 0x98, 0x2a, 0x98, 0x2a, 0x78, 0x2a, 0x78, 0x2a,
    0x78, 0x2a, 0x78, 0x2a, 0x77, 0x2a, 0x98, 0x2a, 0x78, 0x2a, 0x77, 0x2a,
    0x78, 0x2a, 0x78, 0x2a, 0x77, 0x2a, 0x78, 0x2a, 0x78, 0x2a, 0x77, 0x2a,
    0x78, 0x22, 0x78, 0x2a, 0x78, 0x2a, 0x77, 0x2a, 0x78, 0x2a, 0x77, 0x2a,
    0x77, 0x22, 0x78, 0x2a, 0x78, 0x2a, 0x77, 0x2a, 0x78, 0x2a, 0x78, 0x2a,
    0x77, 0x2a, 0x77, 0x2a, 0x78, 0x2a, 0x78, 0x2a, 0x77, 0x2a, 0x78, 0x2a,
    0x78, 0x2a, 0x77, 0x22, 0x78, 0x2a, 0x78, 0x22, 0x77, 0x2a, 0x77, 0x22,
    0x77, 0x2a, 0x78, 0x2a, 0x78, 0x2a, 0x56, 0x22, 0xd0, 0x19, 0xd2, 0x21,
    0xf2, 0x19, 0xf3, 0x21, 0x14, 0x22, 0x77, 0x22, 0x98, 0x2a, 0xb9, 0x2a,
    0xb9, 0x32, 0xb9, 0x2a, 0xb9, 0x32, 0xd9, 0x32, 0xb9, 0x2a, 0xb9, 0x32,
    0xb9, 0x2a, 0xb8, 0x2a, 0xb8, 0x32, 0x98, 0x2a, 0xb8, 0x2a, 0xb8, 0x2a,
    0x97, 0x32, 0xb7, 0x2a, 0x97, 0x2a, 0x97, 0x32, 0x96, 0x2a, 0x76, 0x2a,
    0x76, 0x32, 0x75, 0x2a, 0x75, 0x32, 0x55, 0x2a, 0x54, 0x2a, 0x54, 0x2a,
    0x53, 0x2a, 0x12, 0x2a, 0x12, 0x2a, 0xaf, 0x21, 0xaf, 0x21, 0xf1, 0x21,
    0xf1, 0x21, 0xf2, 0x21, 0x12, 0x22, 0x13, 0x22, 0x13, 0x2a, 0x14, 0x22,
    0x34, 0x22, 0x35, 0x2a, 0x35, 0x22, 0x56, 0x22, 0x56, 0x2a, 0x56, 0x22,
    0x56, 0x2a, 0x77, 0x2a, 0x57, 0x22, 0x77, 0x22, 0x77, 0x2a, 0x77, 0x2a,
    0x98, 0x2a, 0x98, 0x2a, 0x78, 0x2a, 0x98, 0x2a, 0x98, 0x2a, 0x78, 0x2a,
    0x98, 0x2a, 0x99, 0x2a, 0x98, 0x2a, 0x99, 0x2a, 0x99, 0x2a, 0x99, 0x2a,
    0x98, 0x2a, 0x99, 0x2a, 0xb8, 0x2a, 0x98, 0x2a, 0x98, 0x2a, 0x99, 0x2a,
    0x99, 0x2a, 0xb9, 0x2a, 0xb9, 0x32, 0xda, 0x32, 0xda, 0x32, 0xfa, 0x32,
    0xfa, 0x32, 0xfa, 0x32, 0x1b, 0x3b, 0x1b, 0x3b, 0x1b, 0x33, 0x3c, 0x3b,
    0x1c, 0x33, 0x3c, 0x33, 0x3b, 0x3b, 0x1b, 0x3b, 0x1c, 0x33, 0x1c, 0x3b,
    0x1c, 0x33, 0x1c, 0x3b, 0x3c, 0x3b, 0x1c, 0x33, 0x1c, 0x3b, 0x3b, 0x33,
    0x1c, 0x3b, 0x1c, 0x3b, 0x1c, 0x3b, 0x3b, 0x3b, 0x1c, 0x33, 0x1c, 0x3b,
    0x3c, 0x3b, 0x3b, 0x33, 0x1c, 0x3b, 0x3c, 0x3b, 0x3b, 0x33, 0x1b, 0x3b,
    0x1b, 0x3b, 0x1b, 0x33, 0xfa, 0x32, 0xfa, 0x32, 0xfa, 0x32, 0xda, 0x32,
    0xba, 0x2a, 0xd9, 0x32, 0xb9, 0x2a, 0xb9, 0x2a, 0xb9, 0x2a, 0x98, 0x2a,
    0x98, 0x2a, 0x99, 0x2a, 0xb9, 0x2a, 0x98, 0x2a, 0x99, 0x2a, 0x98, 0x2a,
    0x98, 0x2a, 0x98, 0x2a, 0x78, 0x2a, 0x99, 0x2a, 0x98, 0x2a, 0x98, 0x2a,
    0x98, 0x2a, 0x99, 0x2a, 0x98, 0x2a, 0x98, 0x2a, 0x78, 0x2a, 0x98, 0x2a,
    0x98, 0x2a, 0x98, 0x2a, 0x98, 0x2a, 0x98, 0x2a, 0x98, 0x2a, 0x98, 0x2a,
    0x78, 0x2a, 0x78, 0x2a, 0x77, 0x2a, 0x78, 0x2a, 0x78, 0x2a, 0x77, 0x2a,
    0x78, 0x22, 0x78, 0x2a, 0x77, 0x2a, 0x78, 0x2a, 0x78, 0x2a, 0x77, 0x2a,
    0x78, 0x2a, 0x78, 0x2a, 0x78, 0x2a, 0x77, 0x2a, 0x78, 0x2a, 0x78, 0x2a,
    0x78, 0x22, 0x78, 0x2a, 0x78, 0x2a, 0x78, 0x2a, 0x78, 0x2a, 0x77, 0x2a,
    0x78, 0x22, 0x78, 0x2a, 0x78, 0x2a, 0x78, 0x22, 0x77, 0x2a, 0x78, 0x2a,
    0x77, 0x22, 0x78, 0x2a, 0x78, 0x2a, 0x77, 0x2a, 0x77, 0x22, 0x77, 0x2a,
    0x77, 0x2a, 0x78, 0x22, 0x77, 0x2a, 0x77, 0x22, 0x57, 0x2a, 0x78, 0x2a,
    0x56, 0x22, 0xb0, 0x19, 0xf2, 0x21, 0xf2, 0x21, 0xf2, 0x21, 0x14, 0x22,
    0x78, 0x2a, 0x98, 0x2a, 0xb9, 0x2a, 0xb9, 0x32, 0xb8, 0x2a, 0xb9, 0x2a,
    0xd9, 0x32, 0xb9, 0x2a, 0xb9, 0x32, 0xb9, 0x32, 0xb8, 0x2a, 0xb8, 0x32,
    0x98, 0x32, 0x98, 0x2a, 0xb8, 0x2a, 0x97, 0x32, 0x97, 0x2a, 0x97, 0x2a,
    0x97, 0x32, 0x77, 0x2a, 0x96, 0x2a, 0x75, 0x32, 0x75, 0x2a, 0x75, 0x2a,
    0x54, 0x32, 0x54, 0x2a, 0x34, 0x32, 0x53, 0x2a, 0x12, 0x2a, 0x12, 0x2a,
    0xaf, 0x21, 0xb0, 0x19, 0xf1, 0x21, 0xf1, 0x21, 0xf2, 0x21, 0xf2, 0x29,
    0x13, 0x22, 0x14, 0x2a, 0x14, 0x22, 0x34, 0x22, 0x35, 0x2a, 0x36, 0x22,
    0x56, 0x2a, 0x56, 0x2a, 0x56, 0x22, 0x56, 0x22, 0x77, 0x2a, 0x57, 0x2a,
    0x57, 0x22, 0x77, 0x2a, 0x78, 0x2a, 0x77, 0x2a, 0x78, 0x2a, 0x98, 0x22,
    0x98, 0x2a, 0x98, 0x2a, 0x98, 0x2a, 0x98, 0x2a, 0x99, 0x2a, 0x98, 0x2a,
    0x98, 0x2a, 0x99, 0x2a, 0xb9, 0x2a, 0x99, 0x2a, 0x98, 0x2a, 0x99, 0x2a,
    0x98, 0x2a, 0xb9, 0x2a, 0x99, 0x2a, 0x99, 0x2a, 0xb9, 0x32, 0xb9, 0x2a,
    0xba, 0x32, 0xda, 0x32, 0xfa, 0x32, 0xfb, 0x32, 0x1b, 0x33, 0x1b, 0x33,
    0x1b, 0x3b, 0x1b, 0x33, 0x3b, 0x3b, 0x1b, 0x3b, 0x3c, 0x3b, 0x3c, 0x3b,
    0x1c, 0x3b, 0x3b, 0x3b, 0x3c, 0x3b, 0x1b, 0x3b, 0x3b, 0x3b, 0x1b, 0x3b,
    0x3b, 0x3b, 0x3c, 0x3b, 0x1c, 0x3b, 0x3c, 0x3b, 0x3b, 0x3b, 0x1c, 0x3b,
    0x3c, 0x3b, 0x3b, 0x3b, 0x1b, 0x3b, 0x1c, 0x3b, 0x3c, 0x3b, 0x1b, 0x3b,
    0x3b, 0x3b, 0x1c, 0x3b, 0x3b, 0x33, 0x1b, 0x33, 0x1b, 0x3b, 0xfb, 0x32,
    0xfb, 0x32, 0xfa, 0x32, 0xda, 0x32, 0xda, 0x32, 0xba, 0x32, 0xb9, 0x32,
    0xb9, 0x2a, 0xb9, 0x2a, 0xb9, 0x2a, 0x99, 0x2a, 0xb8, 0x2a, 0x99, 0x2a,
    0x99, 0x2a, 0x98, 0x2a, 0x99, 0x2a, 0x98, 0x2a, 0x98, 0x2a, 0x98, 0x2a,
    0x78, 0x2a, 0x98, 0x2a, 0x98, 0x2a, 0x78, 0x2a, 0x78, 0x2a, 0x98, 0x2a,
    0x98, 0x2a, 0x78, 0x2a, 0x99, 0x2a, 0x78, 0x2a, 0x78, 0x2a, 0x99, 0x2a,
    0x78, 0x2a, 0x98, 0x2a, 0x98, 0x2a, 0x78, 0x2a, 0x78, 0x2a, 0x78, 0x2a,
    0x78, 0x2a, 0x78, 0x2a, 0x77, 0x2a, 0x78, 0x2a, 0x78, 0x22, 0x78, 0x2a,
    0x78, 0x2a, 0x78, 0x22, 0x78, 0x2a, 0x77, 0x2a, 0x78, 0x2a, 0x78, 0x2a,
    0x77, 0x22, 0x78, 0x2a, 0x78, 0x2a, 0x77, 0x2a, 0x77, 0x2a, 0x78, 0x2a,
    0x77, 0x2a, 0x78, 0x2a, 0x77, 0x2a, 0x77, 0x2a, 0x78, 0x2a, 0x78, 0x2a,
    0x78, 0x2a, 0x77, 0x2a, 0x77, 0x2a, 0x78, 0x2a, 0x78, 0x22, 0x77, 0x2a,
    0x77, 0x2a, 0x78, 0x2a, 0x77, 0x2a, 0x78, 0x2a, 0x78, 0x2a, 0x77, 0x2a,
    0x77, 0x2a, 0x77, 0x22, 0x78, 0x2a, 0x56, 0x2a, 0xb1, 0x19, 0xd2, 0x21,
    0xf2, 0x21, 0xf3, 0x21, 0x34, 0x22, 0x77, 0x2a, 0x98, 0x2a, 0xb9, 0x2a,
    0xb9, 0x2a, 0xd9, 0x32, 0xb9, 0x2a, 0xd9, 0x32, 0xb8, 0x2a, 0xb9, 0x2a,
    0xb8, 0x32, 0xb8, 0x2a, 0xb8, 0x2a, 0xb8, 0x32, 0x98, 0x32, 0xb8, 0x2a,
    0xb8, 0x32, 0x97, 0x2a, 0x97, 0x32, 0x97, 0x2a, 0x76, 0x32, 0x96, 0x2a,
    0x76, 0x2a, 0x75, 0x2a, 0x55, 0x2a, 0x54, 0x2a, 0x54, 0x32, 0x54, 0x2a,
    0x53, 0x32, 0x32, 0x2a, 0x12, 0x2a, 0xaf, 0x21, 0xcf, 0x21, 0xf1, 0x21,
    0xf2, 0x21, 0xf2, 0x21, 0x12, 0x22, 0x13, 0x22, 0x13, 0x2a, 0x14, 0x22,
    0x34, 0x2a, 0x35, 0x22, 0x55, 0x2a, 0x35, 0x22, 0x56, 0x2a, 0x56, 0x2a,
    0x57, 0x22, 0x77, 0x2a, 0x77, 0x2a, 0x57, 0x2a, 0x77, 0x2a, 0x78, 0x22,
    0x78, 0x2a, 0x78, 0x2a, 0x98, 0x2a, 0x98, 0x2a, 0x78, 0x2a, 0x98, 0x2a,
    0x99, 0x2a, 0x99, 0x2a, 0x98, 0x2a, 0x98, 0x2a, 0x99, 0x2a, 0x98, 0x2a,
    0xb9, 0x2a, 0x99, 0x2a, 0x99, 0x2a, 0xb8, 0x2a, 0x98, 0x2a, 0x99, 0x2a,
    0xb9, 0x2a, 0xb9, 0x2a, 0xb9, 0x2a, 0xd9, 0x32, 0xda, 0x32, 0xfa, 0x32,
    0xfa, 0x32, 0xfb, 0x32, 0x1b, 0x33, 0x1b, 0x3b, 0x1b, 0x33, 0x1b, 0x3b,
    0x3b, 0x3b, 0x1c, 0x3b, 0x1c, 0x33, 0x3c, 0x3b, 0x3b, 0x3b, 0x1c, 0x3b,
    0x3c, 0x3b, 0x3c, 0x3b, 0x1c, 0x3b, 0x1b, 0x3b, 0x3c, 0x3b, 0x1b, 0x3b,
    0x3b, 0x3b, 0x3b, 0x3b, 0x1c, 0x33, 0x1c, 0x3b, 0x3b, 0x3b, 0x3c, 0x3b,
    0x1c, 0x3b, 0x1b, 0x33, 0x3c, 0x3b, 0x1c, 0x3b, 0x3b, 0x3b, 0x1c, 0x3b,
    0x3b, 0x3b, 0x1b, 0x3b, 0xfb, 0x32, 0xfa, 0x32, 0xfa, 0x32, 0xfa, 0x32,
    0xda, 0x32, 0xba, 0x2a, 0xb9, 0x2a, 0xb9, 0x2a, 0xb9, 0x2a, 0xb9, 0x2a,
    0x98, 0x2a, 0x99, 0x32, 0x99, 0x2a, 0x98, 0x2a, 0xb8, 0x2a, 0x98, 0x2a,
    0x99, 0x2a, 0x98, 0x2a, 0x98, 0x2a, 0x79, 0x2a, 0x98, 0x2a, 0x98, 0x2a,
    0x98, 0x2a, 0x98, 0x2a, 0x98, 0x2a, 0x98, 0x2a, 0x98, 0x2a, 0x98, 0x2a,
    0x98, 0x2a, 0x78, 0x2a, 0x98, 0x2a, 0x98, 0x2a, 0x78, 0x2a, 0x98, 0x2a,
    0x78, 0x2a, 0x98, 0x22, 0x78, 0x2a, 0x77, 0x2a, 0x78, 0x2a, 0x78, 0x22,
    0x78, 0x2a, 0x78, 0x2a, 0x78, 0x2a, 0x78, 0x2a, 0x78, 0x2a, 0x78, 0x2a,
    0x78, 0x2a, 0x98, 0x2a, 0x78, 0x22, 0x78, 0x2a, 0x78, 0x2a, 0x78, 0x2a,
    0x78, 0x2a, 0x78, 0x2a, 0x78, 0x2a, 0x77, 0x2a, 0x78, 0x22, 0x78, 0x2a,
    0x78, 0x2a, 0x77, 0x2a, 0x78, 0x2a, 0x78, 0x2a, 0x78, 0x2a, 0x78, 0x2a,
    0x78, 0x2a, 0x78, 0x2a, 0x78, 0x22, 0x77, 0x2a, 0x78, 0x2a, 0x78, 0x22,
    0x77, 0x2a, 0x78, 0x2a, 0x78, 0x22, 0x77, 0x2a, 0x77, 0x2a, 0x98, 0x2a,
    0x56, 0x22, 0xd0, 0x19, 0xf2, 0x19, 0xd2, 0x21, 0xf3, 0x21, 0x35, 0x22,
    0x77, 0x22, 0x98, 0x2a, 0xb9, 0x32, 0xd9, 0x32, 0xb9, 0x2a, 0xd9, 0x32,
    0xb9, 0x32, 0xb9, 0x2a, 0xb8, 0x32, 0xb9, 0x32, 0xb8, 0x2a, 0xb8, 0x2a,
    0x98, 0x32, 0xb8, 0x2a, 0x98, 0x2a, 0x97, 0x2a, 0x97, 0x32, 0x97, 0x32,
    0x77, 0x2a, 0x96, 0x2a, 0x76, 0x32, 0x76, 0x2a, 0x75, 0x2a, 0x75, 0x32,
    0x55, 0x2a, 0x54, 0x2a, 0x54, 0x2a, 0x53, 0x2a, 0x12, 0x2a, 0x12, 0x2a,
    0xaf, 0x21, 0xb0, 0x21, 0xf1, 0x21, 0xf2, 0x21, 0xf2, 0x21, 0x12, 0x22,
    0x13, 0x22, 0x14, 0x2a, 0x13, 0x22, 0x34, 0x22, 0x35, 0x2a, 0x55, 0x22,
    0x56, 0x22, 0x56, 0x2a, 0x56, 0x2a, 0x56, 0x22, 0x57, 0x2a, 0x77, 0x22,
    0x77, 0x22, 0x77, 0x2a, 0x77, 0x2a, 0x78, 0x2a, 0x98, 0x2a, 0x78, 0x2a,
    0x98, 0x2a, 0x98, 0x2a, 0x98, 0x2a, 0x78, 0x2a, 0x99, 0x2a, 0x99, 0x2a,
    0x99, 0x2a, 0x98, 0x2a, 0x99, 0x2a, 0x98, 0x2a, 0xb8, 0x2a, 0x98, 0x2a,
    0x98, 0x2a, 0x99, 0x2a, 0x98, 0x2a, 0x99, 0x2a, 0xb9, 0x2a, 0xb9, 0x32,
    0xd9, 0x32, 0xda, 0x32, 0xfa, 0x32, 0xfa, 0x32, 0xfa, 0x32, 0xfb, 0x3a,
    0x1b, 0x33, 0x1b, 0x3b, 0x3b, 0x33, 0x1c, 0x33, 0x3b, 0x3b, 0x3b, 0x3b,
    0x1c, 0x33, 0x1c, 0x33, 0x3b, 0x3b, 0x1c, 0x33, 0x3c, 0x33, 0x1b, 0x3b,
    0x3c, 0x33, 0x1c, 0x33, 0x1c, 0x3b, 0x3c, 0x33, 0x1c, 0x3b, 0x1b, 0x3b,
    0x3c, 0x33, 0x1c, 0x3b, 0x3c, 0x33, 0x3b, 0x3b, 0x3c, 0x3b, 0x1c, 0x33,
    0x3c, 0x3b, 0x1c, 0x3b, 0x1c, 0x33, 0x3b, 0x3b, 0x1b, 0x33, 0x1b, 0x3b,
    0xfb, 0x32, 0xfa, 0x32, 0xfa, 0x32, 0xda, 0x32, 0xda, 0x32, 0xd9, 0x32,
    0xb9, 0x2a, 0x99, 0x2a, 0xb9, 0x2a, 0x98, 0x2a, 0x99, 0x2a, 0x99, 0x2a,
    0x99, 0x2a, 0x99, 0x2a, 0x98, 0x2a, 0x98, 0x2a, 0x98, 0x2a, 0x79, 0x2a,
    0x98, 0x2a, 0x98, 0x2a, 0x79, 0x2a, 0x98, 0x2a, 0x98, 0x2a, 0x78, 0x2a,
    0x98, 0x2a, 0x98, 0x2a, 0x78, 0x2a, 0x98, 0x2a, 0x98, 0x2a, 0x98, 0x2a,
    0x98, 0x2a, 0x98, 0x2a, 0x98, 0x2a, 0x78, 0x2a, 0x78, 0x2a, 0x78, 0x2a,
    0x78, 0x2a, 0x78, 0x2a, 0x77, 0x2a, 0x97, 0x2a, 0x78, 0x2a, 0x78, 0x2a,
    0x78, 0x22, 0x77, 0x2a, 0x78, 0x2a, 0x78, 0x2a, 0x78, 0x2a, 0x77, 0x2a,
    0x78, 0x2a, 0x98, 0x2a, 0x77, 0x2a, 0x98, 0x2a, 0x78, 0x2a, 0x78, 0x2a,
    0x78, 0x2a, 0x78, 0x2a, 0x78, 0x2a, 0x77, 0x22, 0x78, 0x2a, 0x77, 0x2a,
    0x78, 0x22, 0x78, 0x2a, 0x78, 0x2a, 0x77, 0x2a, 0x77, 0x2a, 0x78, 0x2a,
    0x78, 0x2a, 0x77, 0x22, 0x78, 0x2a, 0x77, 0x2a, 0x77, 0x22, 0x78, 0x2a,
    0x77, 0x2a, 0x77, 0x2a, 0x78, 0x2a, 0x56, 0x22, 0xb0, 0x19, 0xf2, 0x21,
    0xf2, 0x19, 0xf3, 0x21, 0x35, 0x22, 0x77, 0x2a, 0x98, 0x2a, 0xb9, 0x2a,
    0xb9, 0x32, 0xd9, 0x2a, 0xb9, 0x2a, 0xb9, 0x32, 0xb9, 0x2a, 0xb8, 0x2a,
    0xb9, 0x32, 0xb9, 0x32, 0xb8, 0x32, 0xb8, 0x2a, 0xb8, 0x32, 0xb8, 0x2a,
    0x98, 0x2a, 0xb7, 0x32, 0x97, 0x2a, 0x97, 0x2a, 0x96, 0x32, 0x96, 0x2a,
    0x75, 0x2a, 0x75, 0x32, 0x75, 0x2a, 0x54, 0x2a, 0x54, 0x32, 0x34, 0x2a,
    0x53, 0x2a, 0x12, 0x2a, 0x12, 0x2a, 0xaf, 0x21, 0xb0, 0x21, 0xf1, 0x21,
    0xf1, 0x21, 0xf2, 0x29, 0xf2, 0x21, 0x13, 0x22, 0x14, 0x2a, 0x13, 0x22,
    0x34, 0x22, 0x35, 0x2a, 0x35, 0x2a, 0x56, 0x22, 0x56, 0x22, 0x56, 0x2a,
    0x56, 0x2a, 0x77, 0x22, 0x57, 0x2a, 0x57, 0x2a, 0x77, 0x2a, 0x77, 0x22,
    0x98, 0x2a, 0x98, 0x2a, 0x78, 0x2a, 0x98, 0x2a, 0x98, 0x2a, 0x98, 0x2a,
    0x98, 0x2a, 0x99, 0x2a, 0x98, 0x2a, 0x98, 0x2a, 0x99, 0x2a, 0x99, 0x2a,
    0x99, 0x2a, 0x98, 0x2a, 0x98, 0x2a, 0xb9, 0x2a, 0x98, 0x2a, 0x98, 0x2a,
    0xb9, 0x2a, 0xb9, 0x2a, 0xb9, 0x2a, 0xda, 0x32, 0xda, 0x2a, 0xda, 0x32,
    0xfa, 0x32, 0xfb, 0x32, 0x1b, 0x33, 0x1b, 0x3b, 0x1b, 0x3b, 0x1c, 0x3b,
    0x1b, 0x33, 0x3c, 0x3b, 0x3c, 0x3b, 0x1b, 0x3b, 0x3c, 0x3b, 0x3c, 0x3b,
    0x1b, 0x3b, 0x3b, 0x3b, 0x3c, 0x3b, 0x1b, 0x3b, 0x3c, 0x3b, 0x3b, 0x3b,
    0x1c, 0x3b, 0x3c, 0x3b, 0x3b, 0x3b, 0x1c, 0x3b, 0x3c, 0x3b, 0x1b, 0x33,
    0x3c, 0x3b, 0x1b, 0x3b, 0x3b, 0x3b, 0x3c, 0x33, 0x1c, 0x3b, 0x3b, 0x33,
    0x1b, 0x3b, 0x1b, 0x33, 0x1b, 0x33, 0x1b, 0x3b, 0xfb, 0x32, 0xfa, 0x32,
    0xfa, 0x32, 0xda, 0x32, 0xb9, 0x32, 0xb9, 0x2a, 0x99, 0x2a, 0xb9, 0x32,
    0x99, 0x2a, 0x98, 0x2a, 0xb8, 0x2a, 0x99, 0x2a, 0x98, 0x2a, 0x98, 0x2a,
    0x98, 0x2a, 0x98, 0x2a, 0x78, 0x2a, 0x98, 0x2a, 0x98, 0x2a, 0x78, 0x2a,
    0x98, 0x2a, 0x98, 0x2a, 0x78, 0x2a, 0x78, 0x2a, 0x99, 0x2a, 0x98, 0x2a,
    0x78, 0x2a, 0x98, 0x2a, 0x98, 0x2a, 0x78, 0x2a, 0x98, 0x2a, 0x78, 0x2a,
    0x78, 0x2a, 0x98, 0x2a, 0x78, 0x2a, 0x78, 0x22, 0x78, 0x2a, 0x77, 0x2a,
    0x78, 0x2a, 0x78, 0x2a, 0x78, 0x2a, 0x78, 0x2a, 0x77, 0x2a, 0x98, 0x2a,
    0x98, 0x22, 0x78, 0x2a, 0x77, 0x2a, 0x78, 0x2a, 0x98, 0x2a, 0x78, 0x22,
    0x78, 0x22, 0x78, 0x2a, 0x98, 0x2a, 0x78, 0x22, 0x78, 0x2a, 0x78, 0x2a,
    0x77, 0x2a, 0x78, 0x2a, 0x78, 0x2a, 0x77, 0x2a, 0x77, 0x2a, 0x78, 0x2a,
    0x78, 0x22, 0x77, 0x2a, 0x78, 0x2a, 0x78, 0x2a, 0x77, 0x2a, 0x78, 0x2a,
    0x78, 0x2a, 0x77, 0x2a, 0x78, 0x2a, 0x77, 0x22, 0x77, 0x2a, 0x78, 0x2a,
    0x56, 0x22, 0xb0, 0x19, 0xd2, 0x21, 0xf2, 0x21, 0xf3, 0x21, 0x34, 0x22,
    0x77, 0x2a, 0x98, 0x2a, 0xb9, 0x2a, 0xd9, 0x32, 0xb9, 0x32, 0xb9, 0x2a,
    0xb9, 0x32, 0xb8, 0x32, 0xb9, 0x2a, 0xb8, 0x2a, 0xb8, 0x32, 0xb8, 0x2a,
    0xb8, 0x32, 0x98, 0x32, 0xb8, 0x2a, 0x97, 0x32, 0x97, 0x2a, 0x97, 0x2a,
    0x97, 0x32, 0x76, 0x2a, 0x76, 0x2a, 0x76, 0x2a, 0x75, 0x2a, 0x75, 0x2a,
    0x54, 0x2a, 0x54, 0x32, 0x54, 0x32, 0x53, 0x2a, 0x32, 0x2a, 0x12, 0x2a,
    0xaf, 0x21, 0xb0, 0x21, 0xf1, 0x21, 0xf2, 0x21, 0xf2, 0x21, 0x12, 0x22,
    0x13, 0x22, 0x13, 0x2a, 0x14, 0x22, 0x34, 0x22, 0x35, 0x2a, 0x35, 0x2a,
    0x56, 0x2a, 0x56, 0x22, 0x56, 0x2a, 0x57, 0x22, 0x77, 0x2a, 0x77, 0x2a,
    0x57, 0x22, 0x78, 0x2a, 0x77, 0x2a, 0x78, 0x2a, 0x78, 0x2a, 0x78, 0x22,
    0x98, 0x2a, 0x98, 0x2a, 0x78, 0x2a, 0x98, 0x2a, 0x99, 0x2a, 0x98, 0x2a,
    0x98, 0x2a, 0x99, 0x2a, 0x98, 0x2a, 0xb9, 0x2a, 0x99, 0x2a, 0x98, 0x2a,
    0xb8, 0x2a, 0x98, 0x2a, 0x98, 0x2a, 0x99, 0x2a, 0xb9, 0x2a, 0xb9, 0x32,
    0xba, 0x32, 0xda, 0x2a, 0xda, 0x32, 0xda, 0x32, 0xfb, 0x32, 0x1a, 0x33,
    0x1b, 0x33, 0x1b, 0x33, 0x1c, 0x3b, 0x3b, 0x3b, 0x1b, 0x3b, 0x1c, 0x33,
    0x3c, 0x3b, 0x1b, 0x3b, 0x1c, 0x3b, 0x3c, 0x3b, 0x1c, 0x3b, 0x1c, 0x33,
    0x3b, 0x3b, 0x1b, 0x3b, 0x3c, 0x33, 0x1c, 0x3b, 0x3b, 0x33, 0x1c, 0x3b,
    0x3b, 0x3b, 0x1b, 0x3b, 0x3c, 0x3b, 0x1c, 0x3b, 0x1c, 0x3b, 0x3c, 0x3b,
    0x3b, 0x3b, 0x1b, 0x3b, 0x3c, 0x3b, 0x3c, 0x3b, 0x1b, 0x3b, 0x1b, 0x33,
    0xfb, 0x32, 0xfb, 0x32, 0xfa, 0x32, 0xfa, 0x32, 0xda, 0x32, 0xba, 0x32,
    0xb9, 0x2a, 0xb9, 0x2a, 0xb8, 0x2a, 0x99, 0x2a, 0x99, 0x2a, 0xb9, 0x32,
    0x98, 0x2a, 0x99, 0x2a, 0x98, 0x2a, 0x99, 0x2a, 0x98, 0x2a, 0x98, 0x2a,
    0x99, 0x2a, 0x98, 0x2a, 0x98, 0x2a, 0x98, 0x2a, 0x98, 0x2a, 0x98, 0x2a,
    0x98, 0x2a, 0x98, 0x2a, 0x98, 0x2a, 0x98, 0x2a, 0x78, 0x2a, 0x98, 0x2a,
    0x98, 0x2a, 0x98, 0x2a, 0x98, 0x2a, 0x78, 0x22, 0x78, 0x2a, 0x98, 0x2a,
    0x98, 0x2a, 0x78, 0x2a, 0x78, 0x2a, 0x78, 0x2a, 0x78, 0x2a, 0x78, 0x2a,
    0x78, 0x2a, 0x78, 0x2a, 0x78, 0x2a, 0x98, 0x2a, 0x98, 0x2a, 0x78, 0x2a,
    0x78, 0x2a, 0x78, 0x2a, 0x78, 0x2a, 0x98, 0x2a, 0x98, 0x2a, 0x78, 0x2a,
    0x77, 0x2a, 0x98, 0x2a, 0x77, 0x22, 0x78, 0x2a, 0x78, 0x2a, 0x78, 0x2a,
    0x77, 0x2a, 0x77, 0x2a, 0x78, 0x2a, 0x78, 0x2a, 0x78, 0x2a, 0x77, 0x22,
    0x78, 0x2a, 0x78, 0x2a, 0x77, 0x22, 0x77, 0x2a, 0x78, 0x2a, 0x77, 0x22,
    0x77, 0x22, 0x77, 0x2a, 0x78, 0x2a, 0x56, 0x22, 0xd0, 0x19, 0xf2, 0x21,
    0xf2, 0x19, 0xf3, 0x21, 0x35, 0x22, 0x77, 0x22, 0x98, 0x2a, 0xb9, 0x2a,
    0xd9, 0x32, 0xb9, 0x2a, 0xb9, 0x2a, 0xd9, 0x32, 0xb9, 0x2a, 0xb9, 0x32,
    0xd8, 0x2a, 0xb9, 0x2a, 0xb8, 0x32, 0x98, 0x2a, 0xb8, 0x2a, 0xb8, 0x32,
    0x98, 0x2a, 0x97, 0x2a, 0x97, 0x32, 0x97, 0x32, 0x76, 0x2a, 0x96, 0x32,
    0x76, 0x2a, 0x75, 0x32, 0x75, 0x2a, 0x55, 0x2a, 0x54, 0x2a, 0x54, 0x2a,
    0x53, 0x32, 0x12, 0x2a, 0x12, 0x2a, 0xaf, 0x21, 0xb0, 0x19, 0xf1, 0x21,
    0xf1, 0x21, 0xf2, 0x21, 0xf2, 0x21, 0x13, 0x22, 0x14, 0x2a, 0x14, 0x22,
    0x34, 0x22, 0x35, 0x22, 0x55, 0x22, 0x56, 0x22, 0x56, 0x2a, 0x56, 0x2a,
    0x56, 0x22, 0x77, 0x2a, 0x57, 0x22, 0x77, 0x2a, 0x77, 0x2a, 0x78, 0x22,
    0x78, 0x2a, 0x78, 0x2a, 0x98, 0x2a, 0x98, 0x2a, 0x98, 0x2a, 0x99, 0x2a,
    0x79, 0x2a, 0x98, 0x2a, 0x99, 0x2a, 0x99, 0x2a, 0x98, 0x2a, 0x99, 0x2a,
    0xb8, 0x2a, 0x99, 0x2a, 0x99, 0x2a, 0x98, 0x2a, 0x99, 0x2a, 0x98, 0x2a,
    0x99, 0x2a, 0xb9, 0x2a, 0xb9, 0x2a, 0xd9, 0x32, 0xda, 0x32, 0xda, 0x32,
    0xfa, 0x32, 0xfb, 0x32, 0xfb, 0x3a, 0x1b, 0x33, 0x1b, 0x3b, 0x1b, 0x33,
    0x3c, 0x3b, 0x3b, 0x3b, 0x3c, 0x3b, 0x1c, 0x33, 0x3b, 0x3b, 0x3b, 0x33,
    0x1c, 0x3b, 0x3c, 0x3b, 0x3b, 0x33, 0x3c, 0x3b, 0x1c, 0x3b, 0x1c, 0x3b,
    0x3b, 0x3b, 0x1c, 0x3b, 0x3c, 0x33, 0x3c, 0x3b, 0x1b, 0x33, 0x3c, 0x3b,
    0x3b, 0x33, 0x3c, 0x3b, 0x1c, 0x33, 0x3c, 0x3b, 0x1c, 0x3b, 0x1c, 0x3b,
    0x3b, 0x3b, 0x1b, 0x33, 0x1b, 0x3b, 0x1b, 0x3b, 0xfb, 0x32, 0xfa, 0x32,
    0xfa, 0x32, 0xda, 0x32, 0xd9, 0x32, 0xd9, 0x2a, 0xb9, 0x32, 0xb9, 0x2a,
    0x98, 0x2a, 0x99, 0x2a, 0x99, 0x2a, 0xb8, 0x2a, 0x98, 0x2a, 0x99, 0x2a,
    0x98, 0x2a, 0x98, 0x2a, 0x99, 0x2a, 0x78, 0x2a, 0x98, 0x2a, 0x98, 0x2a,
    0x78, 0x2a, 0x99, 0x2a, 0x98, 0x2a, 0x79, 0x2a, 0x98, 0x2a, 0x98, 0x2a,
    0x79, 0x2a, 0x98, 0x2a, 0x98, 0x2a, 0x79, 0x2a, 0x98, 0x2a, 0x98, 0x2a,
    0x78, 0x2a, 0x78, 0x2a, 0x98, 0x2a, 0x78, 0x2a, 0x78, 0x2a, 0x77, 0x2a,
    0x78, 0x22, 0x78, 0x2a, 0x78, 0x2a, 0x78, 0x2a, 0x78, 0x2a, 0x77, 0x2a,
    0x78, 0x2a, 0x78, 0x2a, 0x77, 0x22, 0x77, 0x2a, 0x78, 0x2a, 0x78, 0x2a,
    0x77, 0x2a, 0x78, 0x2a, 0x77, 0x2a, 0x78, 0x2a, 0x78, 0x2a, 0x78, 0x2a,
    0x78, 0x2a, 0x78, 0x2a, 0x78, 0x22, 0x78, 0x2a, 0x78, 0x2a, 0x78, 0x22,
    0x77, 0x2a, 0x78, 0x2a, 0x77, 0x2a, 0x78, 0x22, 0x78, 0x2a, 0x78, 0x2a,
    0x78, 0x2a, 0x77, 0x2a, 0x78, 0x2a, 0x78, 0x2a, 0x77, 0x2a, 0x78, 0x2a,
    0x56, 0x22, 0xb0, 0x19, 0xd2, 0x21, 0xf2, 0x21, 0xf3, 0x21, 0x35, 0x22,
    0x77, 0x2a, 0x98, 0x2a, 0xb9, 0x32, 0xb9, 0x2a, 0xb9, 0x32, 0xb9, 0x32,
    0xd8, 0x2a, 0xb9, 0x2a, 0xb8, 0x32, 0xb9, 0x32, 0xb8, 0x2a, 0xb8, 0x32,
    0xb9, 0x2a, 0xb8, 0x32, 0xb7, 0x32, 0x98, 0x2a, 0x97, 0x2a, 0x97, 0x32,
    0x97, 0x2a, 0x97, 0x2a, 0x96, 0x32, 0x75, 0x32, 0x75, 0x2a, 0x75, 0x2a,
    0x54, 0x32, 0x54, 0x2a, 0x34, 0x2a, 0x53, 0x2a, 0x12, 0x2a, 0x12, 0x2a,
    0xaf, 0x21, 0xd0, 0x21, 0xf1, 0x21, 0xf2, 0x21, 0xf2, 0x21, 0x13, 0x2a,
    0x13, 0x22, 0x14, 0x2a, 0x13, 0x22, 0x34, 0x2a, 0x35, 0x22, 0x35, 0x2a,
    0x55, 0x22, 0x56, 0x22, 0x56, 0x2a, 0x56, 0x2a, 0x57, 0x22, 0x77, 0x2a,
    0x57, 0x2a, 0x77, 0x2a, 0x77, 0x22, 0x98, 0x2a, 0x78, 0x2a, 0x78, 0x2a,
    0x98, 0x2a, 0x98, 0x2a, 0x98, 0x2a, 0x98, 0x2a, 0x98, 0x2a, 0x98, 0x2a,
    0x99, 0x2a, 0x98, 0x2a, 0x98, 0x2a, 0x99, 0x2a, 0x99, 0x2a, 0xb9, 0x2a,
    0x98, 0x2a, 0xb9, 0x2a, 0x98, 0x2a, 0x98, 0x2a, 0x99, 0x2a, 0xb9, 0x2a,
    0xd9, 0x2a, 0xba, 0x32, 0xfa, 0x32, 0xfa, 0x32, 0xfa, 0x32, 0x1b, 0x3b,
    0x1b, 0x33, 0x1b, 0x3b, 0x1b, 0x33, 0x1c, 0x33, 0x3c, 0x3b, 0x1c, 0x3b,
    0x3b, 0x3b, 0x3c, 0x3b, 0x1c, 0x3b, 0x1b, 0x33, 0x3c, 0x3b, 0x1b, 0x3b,
    0x1c, 0x3b, 0x3c, 0x33, 0x3b, 0x3b, 0x3b, 0x3b, 0x1c, 0x3b, 0x3c, 0x3b,
    0x1b, 0x33, 0x1c, 0x3b, 0x3c, 0x3b, 0x1b, 0x3b, 0x1b, 0x3b, 0x3c, 0x3b,
    0x3c, 0x33, 0x1b, 0x3b, 0x3c, 0x33, 0x1b, 0x3b, 0x3c, 0x3b, 0x3b, 0x33,
    0x1b, 0x3b, 0x1b, 0x33, 0xfa, 0x32, 0xfa, 0x32, 0xda, 0x32, 0xba, 0x32,
    0xb9, 0x2a, 0xb9, 0x2a, 0xb9, 0x2a, 0x98, 0x2a, 0x99, 0x2a, 0x99, 0x2a,
    0xb8, 0x2a, 0x98, 0x2a, 0x99, 0x2a, 0x98, 0x2a, 0x98, 0x2a, 0x98, 0x2a,
    0x78, 0x2a, 0x98, 0x2a, 0x98, 0x2a, 0x78, 0x2a, 0x98, 0x2a, 0x98, 0x2a,
    0x78, 0x2a, 0x98, 0x2a, 0x98, 0x2a, 0x98, 0x2a, 0x98, 0x2a, 0x98, 0x2a,
    0x78, 0x2a, 0x98, 0x2a, 0x98, 0x2a, 0x78, 0x2a, 0x78, 0x2a, 0x98, 0x22,
    0x78, 0x2a, 0x98, 0x2a, 0x78, 0x2a, 0x77, 0x2a, 0x78, 0x2a, 0x78, 0x2a,
    0x78, 0x22, 0x77, 0x2a, 0x78, 0x2a, 0x77, 0x2a, 0x78, 0x2a, 0x78, 0x2a,
    0x77, 0x2a, 0x78, 0x2a, 0x78, 0x2a, 0x78, 0x2a, 0x78, 0x2a, 0x78, 0x2a,
    0x78, 0x2a, 0x78, 0x2a, 0x77, 0x2a, 0x77, 0x2a, 0x78, 0x2a, 0x77, 0x2a,
    0x78, 0x2a, 0x78, 0x2a, 0x78, 0x22, 0x77, 0x2a, 0x78, 0x2a, 0x78, 0x2a,
    0x77, 0x2a, 0x77, 0x2a, 0x78, 0x22, 0x77, 0x2a, 0x77, 0x22, 0x77, 0x2a,
    0x78, 0x2a, 0x77, 0x22, 0x78, 0x2a, 0x56, 0x22, 0xb0, 0x19, 0xf2, 0x21,
    0xf3, 0x19, 0xf3, 0x21, 0x35, 0x22, 0x78, 0x2a, 0x98, 0x2a, 0xb9, 0x32,
    0xb9, 0x2a, 0xd9, 0x2a, 0xb9, 0x32, 0xb9, 0x32, 0xb9, 0x2a, 0xb8, 0x32,
    0xb9, 0x2a, 0xb9, 0x32, 0xb8, 0x2a, 0xb8, 0x32, 0xb8, 0x2a, 0xb8, 0x32,
    0x97, 0x32, 0x97, 0x2a, 0x97, 0x2a, 0x97, 0x2a, 0x96, 0x2a, 0x76, 0x2a,
    0x76, 0x2a, 0x75, 0x2a, 0x75, 0x2a, 0x54, 0x32, 0x54, 0x2a, 0x54, 0x32,
    0x53, 0x2a, 0x32, 0x2a, 0x12, 0x2a, 0xaf, 0x21, 0xb0, 0x21, 0xf1, 0x21,
    0xf1, 0x21, 0xf2, 0x21, 0x12, 0x22, 0x13, 0x22, 0x14, 0x22, 0x13, 0x22,
    0x34, 0x2a, 0x35, 0x22, 0x35, 0x2a, 0x56, 0x2a, 0x56, 0x22, 0x56, 0x2a,
    0x57, 0x2a, 0x77, 0x22, 0x77, 0x2a, 0x57, 0x22, 0x77, 0x2a, 0x78, 0x2a,
    0x77, 0x2a, 0x98, 0x2a, 0x78, 0x2a, 0x98, 0x2a, 0x98, 0x2a, 0x98, 0x2a,
    0x99, 0x2a, 0x98, 0x2a, 0x98, 0x2a, 0x99, 0x2a, 0x99, 0x2a, 0x98, 0x2a,
    0x98, 0x2a, 0x99, 0x2a, 0x98, 0x2a, 0x98, 0x2a, 0x99, 0x2a, 0xb8, 0x2a,
    0x98, 0x2a, 0xb9, 0x2a, 0xb9, 0x2a, 0xb9, 0x32, 0xda, 0x32, 0xda, 0x32,
    0xfa, 0x32, 0xfa, 0x32, 0xfb, 0x32, 0x1b, 0x33, 0x1b, 0x3b, 0x3b, 0x3b,
    0x1c, 0x33, 0x3b, 0x3b, 0x1b, 0x3b, 0x1c, 0x33, 0x3c, 0x3b, 0x1c, 0x3b,
    0x3c, 0x3b, 0x1c, 0x3b, 0x3c, 0x3b, 0x1c, 0x3b, 0x3c, 0x3b, 0x1c, 0x3b,
    0x1c, 0x3b, 0x3b, 0x33, 0x3c, 0x3b, 0x1c, 0x3b, 0x3c, 0x3b, 0x3c, 0x3b,
    0x1c, 0x3b, 0x1c, 0x3b, 0x3c, 0x3b, 0x1b, 0x3b, 0x3c, 0x3b, 0x3c, 0x3b,
    0x1c, 0x3b, 0x1c, 0x33, 0x3b, 0x33, 0x1b, 0x3b, 0xfb, 0x3a, 0xfb, 0x32,
    0xfa, 0x32, 0xfa, 0x32, 0xda, 0x32, 0xba, 0x32, 0xb9, 0x2a, 0x99, 0x32,
    0x98, 0x2a, 0x99, 0x2a, 0xb9, 0x32, 0x98, 0x2a, 0x98, 0x2a, 0xb9, 0x2a,
    0x99, 0x2a, 0x98, 0x2a, 0x98, 0x2a, 0x99, 0x2a, 0x98, 0x2a, 0x98, 0x2a,
    0x98, 0x2a, 0x98, 0x2a, 0x98, 0x2a, 0x98, 0x2a, 0x78, 0x2a, 0x98, 0x2a,
    0x78, 0x2a, 0x98, 0x2a, 0x98, 0x2a, 0x98, 0x2a, 0x98, 0x2a, 0x98, 0x2a,
    0x78, 0x2a, 0x78, 0x2a, 0x78, 0x2a, 0x78, 0x2a, 0x98, 0x2a, 0x78, 0x22,
    0x78, 0x2a, 0x77, 0x2a, 0x78, 0x2a, 0x78, 0x2a, 0x77, 0x2a, 0x78, 0x22,
    0x78, 0x2a, 0x78, 0x2a, 0x77, 0x2a, 0x78, 0x2a, 0x78, 0x22, 0x77, 0x2a,
    0x77, 0x2a, 0x78, 0x22, 0x78, 0x2a, 0x77, 0x2a, 0x78, 0x2a, 0x78, 0x2a,
    0x77, 0x2a, 0x78, 0x2a, 0x78, 0x2a, 0x77, 0x2a, 0x78, 0x2a, 0x78, 0x2a,
    0x78, 0x2a, 0x77, 0x2a, 0x78, 0x2a, 0x78, 0x2a, 0x77, 0x22, 0x78, 0x2a,
    0x78, 0x2a, 0x78, 0x2a, 0x77, 0x22, 0x77, 0x2a, 0x57, 0x2a, 0x78, 0x2a,
    0x56, 0x2a, 0xd0, 0x19, 0xf2, 0x21, 0xf2, 0x21, 0xf3, 0x19, 0x35, 0x22,
    0x78, 0x2a, 0x98, 0x2a, 0xb9, 0x2a, 0xd9, 0x32, 0xb9, 0x2a, 0xb9, 0x2a,
    0xd9, 0x32, 0xb9, 0x2a, 0xb9, 0x2a, 0xb8, 0x32, 0xb9, 0x2a, 0xb8, 0x32,
    0x98, 0x2a, 0xb8, 0x2a, 0xb8, 0x32, 0x98, 0x2a, 0x97, 0x2a, 0x97, 0x32,
    0x97, 0x32, 0x76, 0x32, 0x96, 0x2a, 0x76, 0x32, 0x75, 0x32, 0x75, 0x2a,
    0x55, 0x2a, 0x54, 0x2a, 0x54, 0x32, 0x53, 0x2a, 0x12, 0x2a, 0x12, 0x2a,
    0xaf, 0x21, 0xb0, 0x21, 0xf1, 0x21, 0xf2, 0x21, 0xf2, 0x21, 0xf3, 0x21,
    0x13, 0x2a, 0x14, 0x22, 0x14, 0x22, 0x34, 0x22, 0x35, 0x22, 0x55, 0x22,
    0x56, 0x2a, 0x56, 0x22, 0x56, 0x2a, 0x56, 0x2a, 0x77, 0x22, 0x57, 0x2a,
    0x77, 0x2a, 0x77, 0x22, 0x78, 0x2a, 0x78, 0x2a, 0x98, 0x2a, 0x98, 0x22,
    0x98, 0x2a, 0x78, 0x2a, 0x98, 0x2a, 0x99, 0x2a, 0x78, 0x2a, 0x98, 0x2a,
    0x98, 0x2a, 0x99, 0x2a, 0x99, 0x2a, 0x98, 0x2a, 0xb9, 0x2a, 0x98, 0x2a,
    0x98, 0x2a, 0x99, 0x2a, 0x99, 0x2a, 0x98, 0x2a, 0x99, 0x2a, 0xb9, 0x2a,
    0xd9, 0x2a, 0xba, 0x32, 0xda, 0x32, 0xfa, 0x32, 0xfa, 0x32, 0xfb, 0x32,
    0xfb, 0x3a, 0x1b, 0x3b, 0x3b, 0x33, 0x3c, 0x33, 0x1c, 0x3b, 0x3c, 0x3b,
    0x3b, 0x3b, 0x1c, 0x3b, 0x3b, 0x3b, 0x1c, 0x33, 0x3c, 0x3b, 0x3b, 0x3b,
    0x1c, 0x3b, 0x1c, 0x33, 0x3b, 0x3b, 0x3c, 0x3b, 0x1c, 0x33, 0x3c, 0x3b,
    0x1b, 0x3b, 0x1c, 0x33, 0x3c, 0x3b, 0x3c, 0x33, 0x1c, 0x3b, 0x3c, 0x3b,
    0x1c, 0x33, 0x3c, 0x3b, 0x3b, 0x3b, 0x3c, 0x3b, 0x1c, 0x33, 0x1b, 0x3b,
    0x1b, 0x33, 0x1b, 0x3b, 0xfb, 0x32, 0xfa, 0x32, 0xfa, 0x32, 0xda, 0x32,
    0xda, 0x32, 0xb9, 0x2a, 0x99, 0x2a, 0xb8, 0x2a, 0x99, 0x2a, 0x99, 0x2a,
    0x98, 0x2a, 0x98, 0x2a, 0x98, 0x2a, 0x98, 0x2a, 0x98, 0x2a, 0x98, 0x2a,
    0x98, 0x2a, 0x78, 0x2a, 0x78, 0x2a, 0x98, 0x2a, 0x79, 0x2a, 0x98, 0x2a,
    0x98, 0x2a, 0x99, 0x2a, 0x98, 0x2a, 0x78, 0x2a, 0x98, 0x2a, 0x98, 0x2a,
    0x79, 0x2a, 0x98, 0x2a, 0x98, 0x2a, 0x78, 0x2a, 0x78, 0x2a, 0x78, 0x2a,
    0x98, 0x2a, 0x78, 0x2a, 0x77, 0x2a, 0x98, 0x2a, 0x78, 0x2a, 0x77, 0x2a,
    0x77, 0x2a, 0x78, 0x2a, 0x78, 0x2a, 0x77, 0x2a, 0x78, 0x2a, 0x77, 0x2a,
    0x78, 0x2a, 0x78, 0x2a, 0x78, 0x2a, 0x78, 0x2a, 0x77, 0x2a, 0x78, 0x2a,
    0x77, 0x2a, 0x78, 0x22, 0x78, 0x2a, 0x78, 0x2a, 0x78, 0x22, 0x77, 0x2a,
    0x78, 0x2a, 0x78, 0x22, 0x77, 0x2a, 0x78, 0x2a, 0x78, 0x22, 0x77, 0x2a,
    0x77, 0x2a, 0x78, 0x2a, 0x78, 0x2a, 0x77, 0x2a, 0x77, 0x2a, 0x78, 0x2a,
    0x77, 0x22, 0x57, 0x2a, 0x98, 0x2a, 0x56, 0x22, 0xb1, 0x19, 0xd2, 0x21,
    0xf2, 0x21, 0xf3, 0x21, 0x35, 0x22, 0x77, 0x2a, 0x99, 0x2a, 0xb9, 0x32,
    0xb9, 0x32, 0xb9, 0x32, 0xb8, 0x2a, 0xd9, 0x32, 0xb9, 0x32, 0xb9, 0x2a,
    0xb8, 0x32, 0xb8, 0x32, 0xb8, 0x2a, 0x98, 0x32, 0x98, 0x32, 0xb8, 0x2a,
    0xb7, 0x32, 0xb7, 0x2a, 0x97, 0x2a, 0x97, 0x32, 0x96, 0x2a, 0x76, 0x2a,
    0x75, 0x32, 0x75, 0x2a, 0x75, 0x2a, 0x55, 0x2a, 0x54, 0x2a, 0x34, 0x32,
    0x53, 0x2a, 0x12, 0x2a, 0x12, 0x2a, 0xaf, 0x21, 0xd0, 0x21, 0xf1, 0x21,
    0xf2, 0x21, 0xf2, 0x21, 0xf3, 0x29, 0x13, 0x22, 0x14, 0x22, 0x13, 0x2a,
    0x34, 0x22, 0x35, 0x2a, 0x35, 0x2a, 0x55, 0x2a, 0x56, 0x22, 0x56, 0x2a,
    0x56, 0x22, 0x77, 0x2a, 0x57, 0x2a, 0x57, 0x22, 0x77, 0x2a, 0x77, 0x2a,
    0x78, 0x22, 0x78, 0x2a, 0x78, 0x2a, 0x98, 0x2a, 0x98, 0x2a, 0x98, 0x2a,
    0x98, 0x2a, 0x99, 0x2a, 0x98, 0x2a, 0x98, 0x2a, 0x98, 0x2a, 0x99, 0x2a,
    0x98, 0x2a, 0xb9, 0x2a, 0x99, 0x2a, 0xb8, 0x2a, 0xb9, 0x2a, 0x98, 0x2a,
    0x98, 0x2a, 0x99, 0x2a, 0xb9, 0x32, 0xd9, 0x32, 0xba, 0x2a, 0xda, 0x32,
    0xfa, 0x32, 0xfa, 0x32, 0xfa, 0x32, 0x1b, 0x33, 0x1b, 0x33, 0x1b, 0x33,
    0x1b, 0x3b, 0x1b, 0x33, 0x3c, 0x3b, 0x3c, 0x3b, 0x1b, 0x3b, 0x3c, 0x3b,
    0x1b, 0x3b, 0x1c, 0x3b, 0x3b, 0x3b, 0x3b, 0x3b, 0x3c, 0x3b, 0x1b, 0x3b,
    0x3c, 0x3b, 0x3b, 0x3b, 0x3b, 0x3b, 0x3c, 0x3b, 0x3b, 0x3b, 0x3b, 0x3b,
    0x3b, 0x3b, 0x1b, 0x3b, 0x3b, 0x3b, 0x1c, 0x3b, 0x1b, 0x3b, 0x3b, 0x3b,
    0x3b, 0x3b, 0x1b, 0x3b, 0x3b, 0x33, 0x1b, 0x33, 0x1b, 0x33, 0xfb, 0x3a,
    0xfa, 0x32, 0xfa, 0x32, 0xda, 0x32, 0xba, 0x32, 0xd9, 0x2a, 0xb9, 0x2a,
    0x99, 0x2a, 0x98, 0x2a, 0xb9, 0x2a, 0x99, 0x2a, 0xb8, 0x2a, 0x99, 0x2a,
    0x99, 0x2a, 0x98, 0x2a, 0x98, 0x2a, 0x98, 0x2a, 0x98, 0x2a, 0x98, 0x2a,
    0x98, 0x2a, 0x78, 0x2a, 0x98, 0x2a, 0x98, 0x2a, 0x78, 0x2a, 0x98, 0x2a,
    0x98, 0x2a, 0x98, 0x2a, 0x78, 0x2a, 0x98, 0x2a, 0x98, 0x2a, 0x98, 0x2a,
    0x78, 0x2a, 0x78, 0x22, 0x78, 0x2a, 0x78, 0x2a, 0x98, 0x2a, 0x78, 0x2a,
    0x78, 0x22, 0x98, 0x2a, 0x78, 0x2a, 0x77, 0x22, 0x78, 0x2a, 0x78, 0x2a,
    0x77, 0x2a, 0x78, 0x22, 0x78, 0x2a, 0x77, 0x2a, 0x78, 0x2a, 0x78, 0x2a,
    0x77, 0x2a, 0x78, 0x2a, 0x78, 0x2a, 0x77, 0x2a, 0x78, 0x2a, 0x77, 0x2a,
    0x78, 0x2a, 0x78, 0x2a, 0x78, 0x2a, 0x77, 0x2a, 0x78, 0x2a, 0x78, 0x2a,
    0x77, 0x2a, 0x78, 0x22, 0x78, 0x2a, 0x77, 0x2a, 0x77, 0x22, 0x78, 0x2a,
    0x77, 0x22, 0x78, 0x2a, 0x77, 0x2a, 0x77, 0x22, 0x77, 0x2a, 0x78, 0x2a,
    0x56, 0x22, 0xb1, 0x19, 0xf2, 0x21, 0xf2, 0x19, 0xf3, 0x21, 0x35, 0x22,
    0x78, 0x2a, 0xb8, 0x2a, 0xb9, 0x2a, 0xb9, 0x2a, 0xd9, 0x32, 0xd9, 0x2a,
    0xd9, 0x2a, 0xb9, 0x32, 0xb9, 0x2a, 0xb9, 0x2a, 0xb8, 0x32, 0xb8, 0x2a,
    0xb9, 0x32, 0x98, 0x2a, 0xb8, 0x32, 0x98, 0x32, 0x97, 0x2a, 0x97, 0x2a,
    0x97, 0x32, 0x77, 0x2a, 0x96, 0x2a, 0x76, 0x32, 0x75, 0x2a, 0x75, 0x2a,
    0x54, 0x32, 0x54, 0x2a, 0x54, 0x2a, 0x53, 0x32, 0x32, 0x2a, 0x12, 0x2a,
    0xaf, 0x21, 0xaf, 0x19, 0xf1, 0x21, 0xf1, 0x21, 0xf2, 0x21, 0x13, 0x22,
    0x13, 0x22, 0x13, 0x22, 0x14, 0x22, 0x34, 0x2a, 0x35, 0x22, 0x35, 0x22,
    0x56, 0x22, 0x56, 0x2a, 0x56, 0x2a, 0x57, 0x22, 0x77, 0x2a, 0x57, 0x22,
    0x77, 0x2a, 0x77, 0x2a, 0x77, 0x2a, 0x78, 0x22, 0x78, 0x2a, 0x98, 0x2a,
    0x98, 0x2a, 0x98, 0x2a, 0x98, 0x2a, 0x79, 0x2a, 0x98, 0x2a, 0x98, 0x2a,
    0x99, 0x2a, 0x98, 0x2a, 0x98, 0x2a, 0x99, 0x2a, 0x98, 0x2a, 0x99, 0x2a,
    0x98, 0x2a, 0x98, 0x2a, 0xb8, 0x2a, 0x98, 0x2a, 0x99, 0x2a, 0xb9, 0x2a,
    0xd9, 0x2a, 0xb9, 0x32, 0xda, 0x32, 0xda, 0x32, 0xfa, 0x32, 0xfa, 0x32,
    0xfb, 0x32, 0x1b, 0x3b, 0x1b, 0x3b, 0x1b, 0x3b, 0x3b, 0x3b, 0x1b, 0x33,
    0x1c, 0x33, 0x3c, 0x3b, 0x3c, 0x3b, 0x1c, 0x3b, 0x3b, 0x33, 0x1c, 0x3b,
    0x3b, 0x3b, 0x3c, 0x3b, 0x1c, 0x3b, 0x1b, 0x3b, 0x3b, 0x33, 0x1c, 0x3b,
    0x1c, 0x3b, 0x1c, 0x3b, 0x1c, 0x3b, 0x1c, 0x3b, 0x3c, 0x3b, 0x3b, 0x3b,
    0x1c, 0x3b, 0x1c, 0x3b, 0x3c, 0x33, 0x1c, 0x3b, 0x3b, 0x3b, 0x1b, 0x3b,
    0x1b, 0x33, 0xfb, 0x3a, 0xfa, 0x32, 0xfa, 0x32, 0xfa, 0x32, 0xda, 0x32,
    0xba, 0x32, 0xd9, 0x32, 0xb9, 0x32, 0x99, 0x2a, 0x98, 0x2a, 0x99, 0x32,
    0x98, 0x2a, 0xb9, 0x2a, 0x98, 0x2a, 0x98, 0x2a, 0x99, 0x2a, 0x98, 0x2a,
    0x98, 0x2a, 0x78, 0x2a, 0x99, 0x2a, 0x98, 0x2a, 0x98, 0x2a, 0x78, 0x2a,
    0x99, 0x2a, 0x98, 0x2a, 0x78, 0x2a, 0x99, 0x2a, 0x98, 0x2a, 0x98, 0x2a,
    0x78, 0x2a, 0x78, 0x2a, 0x98, 0x2a, 0x98, 0x2a, 0x78, 0x2a, 0x78, 0x2a,
    0x78, 0x2a, 0x78, 0x2a, 0x77, 0x2a, 0x78, 0x2a, 0x78, 0x22, 0x78, 0x2a,
    0x78, 0x2a, 0x78, 0x2a, 0x78, 0x2a, 0x78, 0x2a, 0x78, 0x2a, 0x78, 0x2a,
    0x77, 0x22, 0x78, 0x2a, 0x78, 0x2a, 0x77, 0x2a, 0x78, 0x22, 0x78, 0x2a,
    0x78, 0x2a, 0x77, 0x2a, 0x78, 0x2a, 0x77, 0x2a, 0x78, 0x2a, 0x78, 0x2a,
    0x77, 0x2a, 0x78, 0x2a, 0x77, 0x2a, 0x78, 0x2a, 0x78, 0x2a, 0x78, 0x2a,
    0x77, 0x2a, 0x78, 0x2a, 0x78, 0x22, 0x77, 0x2a, 0x78, 0x2a, 0x78, 0x2a,
    0x77, 0x2a, 0x77, 0x22, 0x78, 0x2a, 0x56, 0x22, 0xd1, 0x21, 0xd2, 0x19,
    0xf2, 0x21, 0xf3, 0x21, 0x55, 0x22, 0x78, 0x2a, 0x99, 0x2a, 0xd9, 0x32,
    0xd9, 0x2a, 0xb9, 0x32, 0xb9, 0x2a, 0xd9, 0x32, 0xb8, 0x32, 0xb9, 0x2a,
    0xb8, 0x32, 0xb9, 0x2a, 0xb8, 0x32, 0x98, 0x2a, 0xb8, 0x2a, 0xb8, 0x2a,
    0x98, 0x2a, 0x97, 0x32, 0x97, 0x2a, 0x97, 0x32, 0x76, 0x2a, 0x96, 0x2a,
    0x75, 0x2a, 0x75, 0x2a, 0x75, 0x32, 0x74, 0x2a, 0x54, 0x2a, 0x34, 0x2a,
    0x53, 0x2a, 0x12, 0x2a, 0x12, 0x2a, 0xb0, 0x21, 0xb0, 0x21, 0xf1, 0x21,
    0xf2, 0x21, 0xf2, 0x21, 0x12, 0x2a, 0x13, 0x22, 0x14, 0x22, 0x14, 0x22,
    0x34, 0x2a, 0x35, 0x2a, 0x55, 0x22, 0x56, 0x2a, 0x56, 0x22, 0x56, 0x2a,
    0x56, 0x2a, 0x77, 0x22, 0x57, 0x2a, 0x77, 0x22, 0x78, 0x2a, 0x77, 0x2a,
    0x78, 0x2a, 0x98, 0x2a, 0x98, 0x2a, 0x78, 0x2a, 0x98, 0x2a, 0x98, 0x2a,
    0x79, 0x2a, 0x98, 0x2a, 0x99, 0x2a, 0x99, 0x2a, 0x98, 0x2a, 0x99, 0x2a,
    0x99, 0x2a, 0x98, 0x2a, 0xb8, 0x2a, 0x99, 0x2a, 0x99, 0x2a, 0x99, 0x2a,
    0xb8, 0x2a, 0x98, 0x2a, 0x99, 0x2a, 0xb9, 0x2a, 0xd9, 0x2a, 0xba, 0x32,
    0xda, 0x32, 0xfa, 0x32, 0xfa, 0x32, 0xfb, 0x32, 0xfb, 0x3a, 0x1a, 0x33,
    0x1b, 0x33, 0x3b, 0x3b, 0x1b, 0x33, 0x3c, 0x33, 0x3b, 0x3b, 0x1b, 0x3b,
    0x3c, 0x33, 0x3c, 0x3b, 0x1c, 0x3b, 0x1c, 0x33, 0x3b, 0x33, 0x1c, 0x3b,
    0x3c, 0x33, 0x1c, 0x33, 0x3c, 0x3b, 0x3b, 0x3b, 0x3b, 0x33, 0x1c, 0x33,
    0x3c, 0x3b, 0x1b, 0x33, 0x3c, 0x33, 0x3c, 0x3b, 0x1b, 0x3b, 0x3c, 0x33,
    0x3c, 0x33, 0x1b, 0x3b, 0x1b, 0x33, 0x1b, 0x3b, 0x1b, 0x3b, 0x1b, 0x33,
    0xfa, 0x32, 0xfa, 0x32, 0xda, 0x32, 0xda, 0x32, 0xb9, 0x2a, 0xd9, 0x2a,
    0x99, 0x2a, 0x98, 0x2a, 0x99, 0x2a, 0x99, 0x2a, 0x99, 0x2a, 0xb8, 0x2a,
    0x98, 0x2a, 0x99, 0x2a, 0x98, 0x2a, 0x98, 0x2a, 0x98, 0x2a, 0x78, 0x2a,
    0x98, 0x2a, 0x98, 0x2a, 0x99, 0x2a, 0x78, 0x2a, 0x98, 0x2a, 0x98, 0x2a,
    0x78, 0x2a, 0x98, 0x2a, 0x98, 0x2a, 0x98, 0x2a, 0x99, 0x2a, 0x98, 0x2a,
    0x78, 0x2a, 0x98, 0x2a, 0x78, 0x2a, 0x78, 0x2a, 0x78, 0x2a, 0x77, 0x2a,
    0x98, 0x2a, 0x78, 0x2a, 0x78, 0x2a, 0x78, 0x2a, 0x78, 0x2a, 0x78, 0x2a,
    0x78, 0x2a, 0x98, 0x2a, 0x78, 0x2a, 0x78, 0x2a, 0x78, 0x2a, 0x78, 0x2a,
    0x78, 0x2a, 0x78, 0x2a, 0x78, 0x2a, 0x77, 0x2a, 0x78, 0x22, 0x78, 0x2a,
    0x77, 0x2a, 0x78, 0x22, 0x78, 0x2a, 0x78, 0x2a, 0x78, 0x22, 0x78, 0x2a,
    0x77, 0x2a, 0x78, 0x2a, 0x78, 0x22, 0x77, 0x2a, 0x78, 0x2a, 0x78, 0x2a,
    0x77, 0x2a, 0x78, 0x22, 0x78, 0x2a, 0x77, 0x2a, 0x77, 0x22, 0x78, 0x2a,
    0x56, 0x2a, 0xb0, 0x19, 0xf2, 0x21, 0xf2, 0x21, 0xf3, 0x21, 0x56, 0x22,
    0x78, 0x2a, 0x98, 0x2a, 0xb9, 0x32, 0xd9, 0x32, 0xb9, 0x2a, 0xd9, 0x32,
    0xb9, 0x2a, 0xb9, 0x2a, 0xb8, 0x32, 0xb9, 0x32, 0xb9, 0x2a, 0xb8, 0x32,
    0xb8, 0x32, 0xb8, 0x32, 0x98, 0x2a, 0x97, 0x2a, 0x97, 0x32, 0x97, 0x2a,
    0x97, 0x2a, 0x96, 0x32, 0x76, 0x32, 0x76, 0x2a, 0x75, 0x2a, 0x75, 0x2a,
    0x55, 0x2a, 0x54, 0x32, 0x34, 0x2a, 0x53, 0x2a, 0x32, 0x2a, 0x12, 0x2a,
    0xaf, 0x21, 0xb0, 0x21, 0xf1, 0x21, 0xf2, 0x21, 0xf2, 0x21, 0xf3, 0x21,
    0x13, 0x2a, 0x14, 0x22, 0x13, 0x22, 0x34, 0x2a, 0x35, 0x22, 0x35, 0x2a,
    0x56, 0x22, 0x56, 0x22, 0x56, 0x2a, 0x56, 0x2a, 0x57, 0x22, 0x77, 0x2a,
    0x57, 0x2a, 0x77, 0x22, 0x77, 0x2a, 0x78, 0x2a, 0x78, 0x22, 0x98, 0x2a,
    0x98, 0x2a, 0x78, 0x2a, 0x98, 0x2a, 0x98, 0x2a, 0x99, 0x2a, 0x78, 0x2a,
    0x98, 0x2a, 0x98, 0x2a, 0x98, 0x2a, 0x99, 0x2a, 0x99, 0x2a, 0x98, 0x2a,
    0xb8, 0x2a, 0x98, 0x2a, 0x99, 0x2a, 0x98, 0x2a, 0x99, 0x2a, 0x99, 0x2a,
    0xb9, 0x2a, 0xd9, 0x2a, 0xda, 0x32, 0xda, 0x32, 0xda, 0x32, 0xfa, 0x32,
    0xfa, 0x32, 0xfa, 0x32, 0xfb, 0x32, 0x1b, 0x33, 0x1b, 0x33, 0x1b, 0x3b,
    0x1b, 0x3b, 0x1b, 0x33, 0x1c, 0x33, 0x3b, 0x3b, 0x1b, 0x3b, 0x3b, 0x33,
    0x1b, 0x3b, 0x3c, 0x3b, 0x3b, 0x33, 0x1b, 0x3b, 0x3b, 0x3b, 0x1b, 0x3b,
    0x1c, 0x33, 0x3c, 0x3b, 0x3b, 0x33, 0x1b, 0x3b, 0x1c, 0x3b, 0x3b, 0x33,
    0x1c, 0x3b, 0x1b, 0x3b, 0x3b, 0x33, 0x1c, 0x3b, 0x3b, 0x33, 0x3b, 0x33,
    0x1b, 0x33, 0xfb, 0x32, 0xfb, 0x32, 0xfa, 0x32, 0xda, 0x32, 0xfa, 0x32,
    0xba, 0x2a, 0xd9, 0x2a, 0xd9, 0x32, 0xb9, 0x2a, 0x99, 0x2a, 0xb8, 0x2a,
    0x99, 0x2a, 0x98, 0x2a, 0x98, 0x2a, 0x99, 0x2a, 0x98, 0x2a, 0x78, 0x2a,
    0x78, 0x2a, 0x98, 0x2a, 0x98, 0x2a, 0x78, 0x2a, 0x98, 0x2a, 0x98, 0x2a,
    0x98, 0x2a, 0x98, 0x2a, 0x98, 0x2a, 0x98, 0x2a, 0x78, 0x2a, 0x98, 0x2a,
    0x98, 0x2a, 0x98, 0x2a, 0x98, 0x2a, 0x78, 0x2a, 0x78, 0x2a, 0x78, 0x22,
    0x78, 0x2a, 0x77, 0x2a, 0x78, 0x2a, 0x98, 0x2a, 0x78, 0x2a, 0x78, 0x2a,
    0x78, 0x22, 0x77, 0x2a, 0x78, 0x2a, 0x78, 0x22, 0x78, 0x2a, 0x77, 0x2a,
    0x78, 0x2a, 0x98, 0x2a, 0x78, 0x2a, 0x98, 0x2a, 0x78, 0x2a, 0x78, 0x2a,
    0x78, 0x2a, 0x78, 0x2a, 0x77, 0x2a, 0x77, 0x22, 0x78, 0x2a, 0x78, 0x2a,
    0x77, 0x2a, 0x78, 0x2a, 0x78, 0x2a, 0x77, 0x2a, 0x78, 0x2a, 0x78, 0x2a,
    0x77, 0x22, 0x78, 0x2a, 0x78, 0x2a, 0x77, 0x22, 0x77, 0x2a, 0x78, 0x2a,
    0x77, 0x2a, 0x77, 0x2a, 0x78, 0x2a, 0x56, 0x22, 0xd0, 0x19, 0xd2, 0x21,
    0xf2, 0x19, 0x13, 0x22, 0x36, 0x22, 0x78, 0x2a, 0x98, 0x2a, 0xb9, 0x2a,
    0xd9, 0x32, 0xb9, 0x2a, 0xd9, 0x32, 0xb9, 0x2a, 0xb9, 0x2a, 0xd9, 0x32,
    0xb8, 0x2a, 0xb8, 0x2a, 0xb8, 0x2a, 0xb8, 0x32, 0xb8, 0x32, 0x98, 0x32,
    0xb8, 0x32, 0x97, 0x2a, 0x97, 0x2a, 0x97, 0x32, 0x76, 0x2a, 0x96, 0x2a,
    0x76, 0x32, 0x75, 0x2a, 0x75, 0x2a, 0x54, 0x32, 0x54, 0x2a, 0x54, 0x32,
    0x53, 0x32, 0x12, 0x2a, 0x12, 0x2a, 0xaf, 0x21, 0xaf, 0x21, 0xf1, 0x21,
    0xf1, 0x21, 0xf2, 0x21, 0x13, 0x22, 0x13, 0x2a, 0x14, 0x22, 0x14, 0x22,
    0x34, 0x22, 0x35, 0x22, 0x36, 0x2a, 0x56, 0x2a, 0x56, 0x22, 0x56, 0x2a,
    0x57, 0x22, 0x77, 0x2a, 0x57, 0x2a, 0x77, 0x22, 0x77, 0x2a, 0x78, 0x2a,
    0x78, 0x2a, 0x77, 0x22, 0x98, 0x2a, 0x98, 0x2a, 0x98, 0x2a, 0x98, 0x2a,
    0x98, 0x2a, 0x99, 0x2a, 0x98, 0x2a, 0x98, 0x2a, 0x99, 0x2a, 0x98, 0x2a,
    0x98, 0x2a, 0x99, 0x2a, 0x99, 0x2a, 0x98, 0x2a, 0xb8, 0x2a, 0x99, 0x2a,
    0x98, 0x2a, 0xb8, 0x2a, 0x99, 0x2a, 0xb9, 0x32, 0xb9, 0x2a, 0xba, 0x32,
    0xda, 0x2a, 0xda, 0x32, 0xfa, 0x32, 0xfa, 0x32, 0xfa, 0x32, 0xfb, 0x3a,
    0x1b, 0x3b, 0x1b, 0x33, 0x1b, 0x3b, 0x1b, 0x33, 0x3b, 0x33, 0x3c, 0x3b,
    0x1b, 0x33, 0x1b, 0x33, 0x3c, 0x33, 0x3c, 0x3b, 0x1b, 0x33, 0x1b, 0x33,
    0x3c, 0x3b, 0x1b, 0x33, 0x3b, 0x33, 0x1b, 0x3b, 0x1b, 0x33, 0x3b, 0x3b,
    0x1b, 0x33, 0x3b, 0x3b, 0x3b, 0x33, 0x1b, 0x33, 0x3c, 0x33, 0x1b, 0x3b,
    0x1c, 0x3b, 0x1b, 0x3b, 0x1b, 0x3b, 0x1b, 0x33, 0xfb, 0x32, 0xfa, 0x32,
    0xfa, 0x32, 0xfa, 0x32, 0xda, 0x32, 0xba, 0x32, 0xda, 0x32, 0xb9, 0x32,
    0xb9, 0x2a, 0x98, 0x2a, 0x99, 0x2a, 0xb8, 0x32, 0x98, 0x2a, 0x99, 0x2a,
    0xb8, 0x2a, 0x98, 0x2a, 0x98, 0x2a, 0x98, 0x2a, 0x98, 0x2a, 0x98, 0x2a,
    0x98, 0x2a, 0x78, 0x2a, 0x98, 0x2a, 0x98, 0x2a, 0x78, 0x2a, 0x98, 0x2a,
    0x98, 0x2a, 0x98, 0x2a, 0x78, 0x2a, 0x98, 0x2a, 0x78, 0x2a, 0x98, 0x2a,
    0x78, 0x22, 0x98, 0x2a, 0x98, 0x2a, 0x78, 0x2a, 0x78, 0x2a, 0x77, 0x22,
    0x78, 0x2a, 0x78, 0x2a, 0x78, 0x2a, 0x98, 0x2a, 0x78, 0x2a, 0x98, 0x2a,
    0x98, 0x2a, 0x78, 0x22, 0x77, 0x2a, 0x78, 0x2a, 0x98, 0x22, 0x78, 0x22,
    0x97, 0x2a, 0x98, 0x2a, 0x78, 0x22, 0x98, 0x2a, 0x78, 0x2a, 0x78, 0x2a,
    0x78, 0x2a, 0x77, 0x2a, 0x78, 0x2a, 0x77, 0x2a, 0x78, 0x2a, 0x78, 0x2a,
    0x78, 0x22, 0x77, 0x2a, 0x78, 0x2a, 0x78, 0x2a, 0x77, 0x2a, 0x78, 0x2a,
    0x77, 0x2a, 0x78, 0x2a, 0x78, 0x22, 0x77, 0x2a, 0x77, 0x2a, 0x78, 0x2a,
    0x56, 0x22, 0xb0, 0x19, 0xd2, 0x21, 0xf3, 0x21, 0x13, 0x22, 0x35, 0x22,
    0x78, 0x2a, 0x98, 0x2a, 0xb9, 0x2a, 0xb9, 0x32, 0xd9, 0x2a, 0xb9, 0x32,
    0xb9, 0x32, 0xb8, 0x32, 0xb9, 0x2a, 0xb9, 0x32, 0xb8, 0x32, 0xb8, 0x2a,
    0xb9, 0x2a, 0xb8, 0x2a, 0xb8, 0x2a, 0x97, 0x32, 0xb7, 0x2a, 0x97, 0x32,
    0x97, 0x32, 0x76, 0x2a, 0x96, 0x2a, 0x75, 0x2a, 0x75, 0x32, 0x75, 0x2a,
    0x54, 0x2a, 0x54, 0x2a, 0x54, 0x2a, 0x53, 0x2a, 0x12, 0x2a, 0x12, 0x2a,
    0xaf, 0x21, 0xb0, 0x21, 0xf1, 0x21, 0xf2, 0x21, 0xf2, 0x21, 0x12, 0x22,
    0x13, 0x22, 0x14, 0x2a, 0x14, 0x22, 0x34, 0x2a, 0x35, 0x22, 0x55, 0x22,
    0x55, 0x2a, 0x56, 0x2a, 0x56, 0x22, 0x56, 0x2a, 0x77, 0x2a, 0x57, 0x22,
    0x77, 0x2a, 0x77, 0x2a, 0x77, 0x2a, 0x78, 0x2a, 0x78, 0x2a, 0x78, 0x2a,
    0x98, 0x2a, 0x98, 0x2a, 0x98, 0x2a, 0x78, 0x2a, 0x99, 0x2a, 0x98, 0x2a,
    0x98, 0x2a, 0x99, 0x2a, 0x99, 0x2a, 0x98, 0x2a, 0x98, 0x2a, 0x99, 0x2a,
    0x99, 0x2a, 0x98, 0x2a, 0xb9, 0x2a, 0x98, 0x2a, 0x98, 0x2a, 0x99, 0x2a,
    0xb9, 0x2a, 0xd9, 0x32, 0xb9, 0x2a, 0xba, 0x32, 0xda, 0x32, 0xda, 0x32,
    0xfa, 0x32, 0xfa, 0x32, 0xfb, 0x32, 0x1b, 0x33, 0xfa, 0x3a, 0x1b, 0x33,
    0x1b, 0x3b, 0x1b, 0x33, 0x3b, 0x3b, 0x1b, 0x3b, 0x3b, 0x33, 0x1b, 0x3b,
    0x1b, 0x3b, 0x3b, 0x33, 0x1b, 0x3b, 0x3b, 0x3b, 0x3b, 0x33, 0x1b, 0x3b,
    0x3b, 0x33, 0x3b, 0x3b, 0x1b, 0x3b, 0x3b, 0x33, 0x1b, 0x33, 0x1b, 0x3b,
    0x3b, 0x3b, 0x3b, 0x33, 0x3b, 0x3b, 0x1b, 0x33, 0x3b, 0x33, 0x1b, 0x33,
    0x1b, 0x3b, 0xfb, 0x3a, 0xfa, 0x32, 0xfa, 0x32, 0xfa, 0x32, 0xda, 0x32,
    0xda, 0x32, 0xba, 0x2a, 0xb9, 0x2a, 0xb9, 0x32, 0x99, 0x2a, 0x99, 0x2a,
    0xb8, 0x2a, 0x98, 0x2a, 0x99, 0x2a, 0xb8, 0x2a, 0x99, 0x2a, 0x98, 0x2a,
    0x98, 0x2a, 0x78, 0x2a, 0x98, 0x2a, 0x98, 0x2a, 0x98, 0x2a, 0x78, 0x2a,
    0x98, 0x2a, 0x98, 0x2a, 0x78, 0x2a, 0x99, 0x2a, 0x98, 0x2a, 0x98, 0x2a,
    0x99, 0x2a, 0x98, 0x2a, 0x78, 0x2a, 0x78, 0x2a, 0x98, 0x2a, 0x98, 0x2a,
    0x78, 0x2a, 0x78, 0x2a, 0x77, 0x2a, 0x98, 0x2a, 0x78, 0x2a, 0x78, 0x2a,
    0x77, 0x2a, 0x78, 0x2a, 0x78, 0x2a, 0x98, 0x2a, 0x98, 0x2a, 0x78, 0x2a,
    0x78, 0x2a, 0x78, 0x2a, 0x78, 0x2a, 0x78, 0x2a, 0x98, 0x2a, 0x78, 0x2a,
    0x78, 0x2a, 0x98, 0x2a, 0x78, 0x22, 0x78, 0x2a, 0x98, 0x2a, 0x78, 0x2a,
    0x78, 0x2a, 0x77, 0x2a, 0x78, 0x2a, 0x78, 0x2a, 0x77, 0x2a, 0x78, 0x22,
    0x78, 0x2a, 0x78, 0x2a, 0x77, 0x22, 0x77, 0x2a, 0x78, 0x2a, 0x77, 0x22,
    0x77, 0x22, 0x77, 0x2a, 0x78, 0x2a, 0x56, 0x22, 0xd0, 0x19, 0xf2, 0x21,
    0xf3, 0x21, 0x13, 0x22, 0x35, 0x22, 0x78, 0x2a, 0x98, 0x2a, 0xb9, 0x32,
    0xd9, 0x2a, 0xb9, 0x2a, 0xb9, 0x32, 0xb9, 0x2a, 0xb8, 0x2a, 0xb9, 0x32,
    0xb9, 0x2a, 0xb8, 0x32, 0xb8, 0x32, 0xb8, 0x2a, 0xb8, 0x32, 0xb8, 0x2a,
    0x97, 0x2a, 0x97, 0x2a, 0x97, 0x2a, 0x97, 0x2a, 0x97, 0x32, 0x76, 0x32,
    0x76, 0x2a, 0x75, 0x2a, 0x75, 0x2a, 0x55, 0x2a, 0x54, 0x32, 0x34, 0x2a,
    0x53, 0x2a, 0x32, 0x2a, 0x12, 0x2a, 0xb0, 0x21, 0xd0, 0x19, 0xf1, 0x21,
    0xf2, 0x21, 0xf2, 0x21, 0xf3, 0x29, 0x13, 0x22, 0x13, 0x22, 0x13, 0x22,
    0x34, 0x2a, 0x35, 0x22, 0x35, 0x2a, 0x55, 0x22, 0x56, 0x22, 0x56, 0x2a,
    0x56, 0x2a, 0x77, 0x22, 0x57, 0x2a, 0x57, 0x22, 0x77, 0x2a, 0x78, 0x22,
    0x98, 0x22, 0x78, 0x2a, 0x98, 0x2a, 0x98, 0x2a, 0x78, 0x2a, 0x98, 0x2a,
    0x98, 0x2a, 0x98, 0x2a, 0x99, 0x2a, 0x99, 0x2a, 0x98, 0x2a, 0x99, 0x2a,
    0x98, 0x2a, 0x98, 0x2a, 0xb9, 0x2a, 0x98, 0x2a, 0x98, 0x2a, 0x99, 0x2a,
    0xb8, 0x2a, 0x98, 0x2a, 0x98, 0x2a, 0x99, 0x2a, 0xb9, 0x2a, 0xd9, 0x32,
    0xd9, 0x32, 0xba, 0x2a, 0xda, 0x32, 0xfa, 0x32, 0xfa, 0x32, 0xfa, 0x32,
    0xfb, 0x32, 0xfb, 0x32, 0xfb, 0x3a, 0x1b, 0x33, 0x1b, 0x3b, 0x1b, 0x33,
    0x1b, 0x3b, 0x1b, 0x33, 0x1b, 0x3b, 0x1b, 0x33, 0x1b, 0x33, 0x1b, 0x3b,
    0x1b, 0x33, 0x1b, 0x33, 0x1b, 0x3b, 0x1b, 0x33, 0x1b, 0x33, 0x1b, 0x3b,
    0x1b, 0x3b, 0x1b, 0x33, 0x1b, 0x3b, 0x1b, 0x3b, 0x1b, 0x33, 0x1b, 0x33,
    0x1b, 0x3b, 0x1b, 0x33, 0x1b, 0x33, 0xfa, 0x3a, 0xfb, 0x32, 0xfa, 0x32,
    0xfa, 0x32, 0xda, 0x32, 0xda, 0x32, 0xda, 0x32, 0xd9, 0x2a, 0xb9, 0x32,
    0xb9, 0x2a, 0x99, 0x2a, 0x99, 0x2a, 0x99, 0x2a, 0x99, 0x2a, 0x98, 0x2a,
    0x99, 0x2a, 0x98, 0x2a, 0x99, 0x2a, 0x78, 0x2a, 0x98, 0x2a, 0x99, 0x2a,
    0x78, 0x2a, 0x98, 0x2a, 0x99, 0x2a, 0x98, 0x2a, 0x98, 0x2a, 0x78, 0x2a,
    0x98, 0x2a, 0x98, 0x2a, 0x78, 0x2a, 0x98, 0x2a, 0x98, 0x2a, 0x98, 0x2a,
    0x78, 0x2a, 0x78, 0x2a, 0x98, 0x2a, 0x98, 0x2a, 0x78, 0x2a, 0x78, 0x2a,
    0x78, 0x2a, 0x78, 0x2a, 0x78, 0x2a, 0x98, 0x2a, 0x78, 0x2a, 0x77, 0x2a,
    0x78, 0x2a, 0x78, 0x2a, 0x77, 0x2a, 0x77, 0x2a, 0x78, 0x2a, 0x78, 0x2a,
    0x78, 0x2a, 0x77, 0x2a, 0x77, 0x2a, 0x78, 0x2a, 0x78, 0x2a, 0x78, 0x2a,
    0x78, 0x2a, 0x78, 0x2a, 0x98, 0x2a, 0x78, 0x22, 0x77, 0x2a, 0x78, 0x22,
    0x77, 0x2a, 0x78, 0x2a, 0x77, 0x2a, 0x77, 0x22, 0x78, 0x2a, 0x78, 0x2a,
    0x78, 0x2a, 0x77, 0x2a, 0x78, 0x2a, 0x78, 0x2a, 0x77, 0x22, 0x78, 0x2a,
    0x56, 0x22, 0xb0, 0x19, 0xd2, 0x19, 0xf2, 0x21, 0xf3, 0x21, 0x35, 0x22,
    0x78, 0x2a, 0x98, 0x2a, 0xb9, 0x32, 0xd9, 0x32, 0xb9, 0x2a, 0xb9, 0x32,
    0xd8, 0x2a, 0xb9, 0x32, 0xd9, 0x2a, 0xb8, 0x2a, 0xb8, 0x32, 0xb8, 0x2a,
    0xb8, 0x32, 0x98, 0x32, 0xb8, 0x32, 0x98, 0x32, 0x97, 0x32, 0x97, 0x2a,
    0x97, 0x2a, 0x96, 0x32, 0x76, 0x2a, 0x76, 0x2a, 0x75, 0x32, 0x75, 0x2a,
    0x54, 0x2a, 0x54, 0x32, 0x54, 0x32, 0x53, 0x2a, 0x12, 0x2a, 0x12, 0x2a,
    0xaf, 0x21, 0xb0, 0x21, 0xf1, 0x21, 0xf1, 0x21, 0xf2, 0x21, 0x12, 0x22,
    0x13, 0x2a, 0x14, 0x22, 0x13, 0x22, 0x34, 0x2a, 0x35, 0x22, 0x35, 0x2a,
    0x56, 0x2a, 0x56, 0x22, 0x56, 0x2a, 0x57, 0x22, 0x77, 0x2a, 0x77, 0x2a,
    0x57, 0x22, 0x77, 0x2a, 0x77, 0x2a, 0x78, 0x2a, 0x78, 0x22, 0x98, 0x2a,
    0x98, 0x2a, 0x98, 0x2a, 0x98, 0x2a, 0x79, 0x2a, 0x98, 0x2a, 0x98, 0x2a,
    0x99, 0x2a, 0x98, 0x2a, 0x98, 0x2a, 0x98, 0x2a, 0x99, 0x2a, 0x99, 0x2a,
    0x98, 0x2a, 0x98, 0x2a, 0x99, 0x2a, 0x99, 0x2a, 0x98, 0x2a, 0xb9, 0x2a,
    0x99, 0x2a, 0xb9, 0x2a, 0xb9, 0x2a, 0xd9, 0x32, 0xda, 0x32, 0xda, 0x32,
    0xda, 0x32, 0xfa, 0x32, 0xfa, 0x32, 0xfa, 0x32, 0xfa, 0x32, 0xfb, 0x32,
    0x1b, 0x3b, 0x1b, 0x33, 0x1b, 0x33, 0x1b, 0x33, 0x1b, 0x33, 0x1b, 0x33,
    0x1b, 0x3b, 0x1b, 0x3b, 0x1b, 0x33, 0x1b, 0x3b, 0x1b, 0x33, 0x1b, 0x33,
    0x1b, 0x3b, 0x1b, 0x33, 0x1b, 0x33, 0x1b, 0x33, 0x1b, 0x33, 0x1b, 0x33,
    0x1b, 0x33, 0x1b, 0x3b, 0x1b, 0x33, 0x1b, 0x3b, 0x1b, 0x33, 0xfb, 0x3a,
    0xfa, 0x32, 0xfb, 0x32, 0xfa, 0x32, 0xfa, 0x32, 0xfa, 0x32, 0xda, 0x32,
    0xba, 0x32, 0xd9, 0x2a, 0xd9, 0x32, 0xb9, 0x2a, 0x99, 0x2a, 0xb8, 0x2a,
    0x98, 0x2a, 0x98, 0x2a, 0xb8, 0x2a, 0x98, 0x2a, 0x99, 0x2a, 0x98, 0x2a,
    0x78, 0x2a, 0x98, 0x2a, 0x98, 0x2a, 0x98, 0x2a, 0x78, 0x2a, 0x98, 0x2a,
    0x99, 0x2a, 0x78, 0x2a, 0x98, 0x2a, 0x99, 0x2a, 0x78, 0x2a, 0x98, 0x2a,
    0x98, 0x2a, 0x98, 0x2a, 0x98, 0x2a, 0x98, 0x2a, 0x98, 0x2a, 0x78, 0x2a,
    0x98, 0x2a, 0x98, 0x2a, 0x78, 0x22, 0x78, 0x2a, 0x78, 0x2a, 0x78, 0x2a,
    0x98, 0x2a, 0x78, 0x2a, 0x98, 0x2a, 0x77, 0x2a, 0x78, 0x2a, 0x78, 0x2a,
    0x77, 0x2a, 0x98, 0x2a, 0x78, 0x2a, 0x98, 0x2a, 0x78, 0x2a, 0x78, 0x2a,
    0x98, 0x2a, 0x77, 0x2a, 0x97, 0x2a, 0x78, 0x2a, 0x78, 0x2a, 0x78, 0x2a,
    0x78, 0x2a, 0x98, 0x2a, 0x78, 0x2a, 0x78, 0x2a, 0x78, 0x2a, 0x78, 0x2a,
    0x77, 0x2a, 0x78, 0x2a, 0x78, 0x22, 0x77, 0x2a, 0x77, 0x2a, 0x78, 0x2a,
    0x78, 0x2a, 0x77, 0x2a, 0x78, 0x2a, 0x56, 0x22, 0xb1, 0x21, 0xd2, 0x21,
    0xf2, 0x19, 0xf3, 0x21, 0x35, 0x22, 0x78, 0x2a, 0x98, 0x2a, 0xb9, 0x2a,
    0xb9, 0x32, 0xd9, 0x2a, 0xb9, 0x32, 0xb9, 0x32, 0xb9, 0x2a, 0xb8, 0x32,
    0xd9, 0x32, 0xb9, 0x2a, 0xb8, 0x2a, 0xb9, 0x32, 0xb8, 0x2a, 0xb8, 0x2a,
    0x98, 0x32, 0x97, 0x32, 0x97, 0x2a, 0x97, 0x2a, 0x76, 0x32, 0x96, 0x2a,
    0x76, 0x2a, 0x75, 0x32, 0x75, 0x2a, 0x55, 0x32, 0x54, 0x2a, 0x54, 0x2a,
    0x53, 0x2a, 0x12, 0x2a, 0x32, 0x2a, 0xaf, 0x21, 0xaf, 0x21, 0xf1, 0x21,
    0xf2, 0x21, 0xf2, 0x21, 0x13, 0x22, 0x13, 0x22, 0x14, 0x2a, 0x13, 0x22,
    0x34, 0x22, 0x35, 0x22, 0x55, 0x22, 0x55, 0x2a, 0x56, 0x22, 0x56, 0x2a,
    0x57, 0x2a, 0x77, 0x22, 0x57, 0x2a, 0x77, 0x2a, 0x77, 0x2a, 0x77, 0x2a,
    0x78, 0x2a, 0x78, 0x2a, 0x78, 0x2a, 0x98, 0x2a, 0x98, 0x2a, 0x78, 0x2a,
    0x98, 0x2a, 0x98, 0x2a, 0x78, 0x2a, 0x98, 0x2a, 0x99, 0x2a, 0x98, 0x2a,
    0x98, 0x2a, 0x99, 0x2a, 0x98, 0x2a, 0x98, 0x2a, 0x99, 0x2a, 0x99, 0x2a,
    0xb8, 0x2a, 0x98, 0x2a, 0x98, 0x2a, 0x99, 0x2a, 0xb9, 0x2a, 0xb9, 0x2a,
    0xb9, 0x32, 0xd9, 0x2a, 0xba, 0x32, 0xda, 0x32, 0xda, 0x32, 0xfa, 0x32,
    0xfa, 0x32, 0xfa, 0x32, 0x1a, 0x33, 0xfb, 0x3a, 0xfa, 0x32, 0x1b, 0x3b,
    0xfb, 0x3a, 0x1b, 0x33, 0x1b, 0x33, 0x1b, 0x3b, 0x1b, 0x33, 0x1b, 0x33,
    0x1b, 0x3b, 0x1b, 0x33, 0x1b, 0x33, 0x1b, 0x3b, 0x1b, 0x3b, 0x1b, 0x33,
    0x1b, 0x3b, 0x1b, 0x3b, 0x1b, 0x33, 0x1b, 0x33, 0x1b, 0x3b, 0x1b, 0x33,
    0x1b, 0x33, 0xfa, 0x3a, 0xfb, 0x3a, 0xfb, 0x32, 0xfa, 0x32, 0xfb, 0x32,
    0xfa, 0x32, 0xda, 0x32, 0xda, 0x32, 0xba, 0x32, 0xba, 0x2a, 0xd9, 0x32,
    0xb9, 0x32, 0x99, 0x2a, 0x99, 0x2a, 0xb8, 0x32, 0x99, 0x2a, 0x99, 0x2a,
    0x98, 0x2a, 0x98, 0x2a, 0x98, 0x2a, 0x98, 0x2a, 0x98, 0x2a, 0x98, 0x2a,
    0x98, 0x2a, 0x98, 0x2a, 0x78, 0x2a, 0x98, 0x2a, 0x98, 0x2a, 0x98, 0x2a,
    0x98, 0x2a, 0x98, 0x2a, 0x78, 0x2a, 0x98, 0x2a, 0x78, 0x2a, 0x99, 0x2a,
    0x78, 0x2a, 0x78, 0x2a, 0x98, 0x2a, 0x78, 0x2a, 0x98, 0x2a, 0x78, 0x2a,
    0x98, 0x2a, 0x78, 0x2a, 0x78, 0x2a, 0x78, 0x2a, 0x77, 0x2a, 0x78, 0x2a,
    0x78, 0x2a, 0x78, 0x22, 0x78, 0x2a, 0x77, 0x2a, 0x98, 0x2a, 0x78, 0x2a,
    0x78, 0x2a, 0x78, 0x2a, 0x78, 0x2a, 0x77, 0x2a, 0x78, 0x2a, 0x78, 0x2a,
    0x77, 0x2a, 0x78, 0x22, 0x77, 0x2a, 0x98, 0x2a, 0x78, 0x2a, 0x78, 0x2a,
    0x78, 0x2a, 0x77, 0x2a, 0x78, 0x2a, 0x78, 0x22, 0x77, 0x2a, 0x78, 0x2a,
    0x78, 0x22, 0x78, 0x2a, 0x77, 0x22, 0x77, 0x2a, 0x77, 0x2a, 0x78, 0x2a,
    0x56, 0x22, 0xd0, 0x19, 0xf2, 0x21, 0xf2, 0x21, 0xf3, 0x21, 0x35, 0x22,
    0x78, 0x2a, 0xb9, 0x2a, 0xb9, 0x2a, 0xd9, 0x32, 0xb9, 0x2a, 0xb9, 0x2a,
    0xd9, 0x32, 0xb9, 0x2a, 0xb9, 0x32, 0xb9, 0x32, 0xb8, 0x2a, 0xb8, 0x32,
    0x98, 0x2a, 0xb8, 0x2a, 0xb8, 0x2a, 0x97, 0x32, 0xb7, 0x2a, 0x97, 0x32,
    0x97, 0x2a, 0x97, 0x32, 0x96, 0x2a, 0x76, 0x32, 0x75, 0x2a, 0x75, 0x2a,
    0x54, 0x2a, 0x54, 0x2a, 0x34, 0x32, 0x53, 0x2a, 0x12, 0x2a, 0x12, 0x2a,
    0xaf, 0x21, 0xcf, 0x21, 0xf1, 0x21, 0xf1, 0x21, 0xf2, 0x29, 0xf2, 0x21,
    0x13, 0x22, 0x14, 0x2a, 0x14, 0x2a, 0x34, 0x22, 0x35, 0x2a, 0x35, 0x2a,
    0x56, 0x2a, 0x56, 0x22, 0x56, 0x2a, 0x56, 0x22, 0x57, 0x2a, 0x77, 0x22,
    0x77, 0x22, 0x77, 0x2a, 0x78, 0x22, 0x98, 0x2a, 0x77, 0x2a, 0x98, 0x2a,
    0x78, 0x22, 0x98, 0x2a, 0x98, 0x2a, 0x98, 0x2a, 0x99, 0x2a, 0x99, 0x2a,
    0x98, 0x2a, 0x99, 0x2a, 0x98, 0x2a, 0x99, 0x2a, 0x99, 0x2a, 0x98, 0x2a,
    0x98, 0x2a, 0x99, 0x2a, 0x98, 0x2a, 0x98, 0x2a, 0x99, 0x2a, 0x98, 0x2a,
    0x98, 0x2a, 0x99, 0x32, 0xb9, 0x2a, 0xd9, 0x2a, 0xb9, 0x2a, 0xda, 0x32,
    0xda, 0x2a, 0xda, 0x32, 0xda, 0x32, 0xfa, 0x32, 0xfa, 0x32, 0xfa, 0x32,
    0xfa, 0x32, 0xfa, 0x32, 0xfb, 0x32, 0xfb, 0x3a, 0xfa, 0x3a, 0x1b, 0x3b,
    0xfa, 0x32, 0xfb, 0x32, 0xfb, 0x3a, 0xfb, 0x3a, 0xfa, 0x32, 0xfb, 0x3a,
    0xfb, 0x32, 0xfb, 0x3a, 0xfb, 0x32, 0xfb, 0x3a, 0xfb, 0x3a, 0xfb, 0x32,
    0xfb, 0x3a, 0xfa, 0x3a, 0xfb, 0x32, 0xfb, 0x3a, 0xfb, 0x32, 0x1a, 0x33,
    0xfa, 0x32, 0xfa, 0x32, 0xfa, 0x32, 0xda, 0x32, 0xfa, 0x32, 0xda, 0x32,
    0xda, 0x2a, 0xb9, 0x2a, 0xd9, 0x32, 0xb9, 0x2a, 0x99, 0x2a, 0x99, 0x2a,
    0x98, 0x2a, 0x99, 0x2a, 0x98, 0x2a, 0xb9, 0x2a, 0x98, 0x2a, 0x98, 0x2a,
    0x98, 0x2a, 0x78, 0x2a, 0x78, 0x2a, 0x99, 0x2a, 0x98, 0x2a, 0x98, 0x2a,
    0x99, 0x2a, 0x78, 0x2a, 0x98, 0x2a, 0x99, 0x2a, 0x98, 0x2a, 0x98, 0x2a,
    0x98, 0x2a, 0x98, 0x2a, 0x98, 0x2a, 0x78, 0x2a, 0x98, 0x2a, 0x78, 0x2a,
    0x78, 0x2a, 0x98, 0x2a, 0x77, 0x2a, 0x78, 0x22, 0x98, 0x2a, 0x77, 0x2a,
    0x77, 0x2a, 0x98, 0x2a, 0x78, 0x2a, 0x78, 0x2a, 0x98, 0x2a, 0x78, 0x2a,
    0x78, 0x2a, 0x78, 0x2a, 0x78, 0x2a, 0x78, 0x2a, 0x78, 0x2a, 0x78, 0x2a,
    0x98, 0x2a, 0x78, 0x22, 0x78, 0x2a, 0x77, 0x2a, 0x78, 0x2a, 0x77, 0x2a,
    0x77, 0x2a, 0x78, 0x2a, 0x77, 0x22, 0x98, 0x22, 0x78, 0x2a, 0x77, 0x2a,
    0x77, 0x2a, 0x78, 0x2a, 0x77, 0x2a, 0x77, 0x22, 0x77, 0x2a, 0x77, 0x2a,
    0x77, 0x22, 0x57, 0x2a, 0x78, 0x2a, 0x56, 0x22, 0xb0, 0x19, 0xf2, 0x21,
    0xf3, 0x19, 0xf3, 0x21, 0x35, 0x22, 0x98, 0x2a, 0xb9, 0x2a, 0xd9, 0x32,
    0xb9, 0x32, 0xb9, 0x2a, 0xb8, 0x2a, 0xd9, 0x32, 0xb9, 0x2a, 0xb9, 0x2a,
    0xb8, 0x2a, 0xb9, 0x32, 0x98, 0x32, 0xb8, 0x32, 0x98, 0x32, 0xb8, 0x32,
    0x98, 0x2a, 0xb7, 0x2a, 0x97, 0x32, 0x97, 0x2a, 0x96, 0x2a, 0x76, 0x32,
    0x76, 0x2a, 0x75, 0x32, 0x75, 0x2a, 0x74, 0x2a, 0x54, 0x2a, 0x34, 0x32,
    0x53, 0x2a, 0x32, 0x2a, 0x12, 0x2a, 0xaf, 0x21, 0xb0, 0x21, 0xf1, 0x21,
    0xf1, 0x21, 0xf2, 0x21, 0xf2, 0x21, 0x13, 0x22, 0x13, 0x2a, 0x13, 0x22,
    0x34, 0x22, 0x35, 0x2a, 0x35, 0x22, 0x56, 0x22, 0x56, 0x2a, 0x56, 0x2a,
    0x56, 0x22, 0x77, 0x2a, 0x57, 0x2a, 0x57, 0x2a, 0x77, 0x2a, 0x78, 0x2a,
    0x77, 0x2a, 0x78, 0x22, 0x98, 0x2a, 0x78, 0x2a, 0x98, 0x2a, 0x98, 0x2a,
    0x78, 0x2a, 0x99, 0x2a, 0x98, 0x2a, 0x98, 0x2a, 0x98, 0x2a, 0x98, 0x2a,
    0x98, 0x2a, 0x99, 0x2a, 0x99, 0x2a, 0x98, 0x2a, 0x99, 0x2a, 0x99, 0x2a,
    0x99, 0x2a, 0xb8, 0x2a, 0x98, 0x2a, 0xb9, 0x2a, 0x99, 0x2a, 0xb9, 0x32,
    0xb9, 0x2a, 0xb9, 0x32, 0xd9, 0x32, 0xba, 0x32, 0xda, 0x32, 0xda, 0x32,
    0xda, 0x32, 0xda, 0x32, 0xfa, 0x32, 0xfb, 0x32, 0xfa, 0x32, 0xfa, 0x32,
    0xfb, 0x32, 0xfb, 0x32, 0xfa, 0x32, 0xfb, 0x32, 0x1a, 0x33, 0x1a, 0x33,
    0xfa, 0x32, 0xfb, 0x32, 0x1a, 0x33, 0xfb, 0x32, 0x1b, 0x33, 0xfa, 0x32,
    0x1a, 0x33, 0xfb, 0x32, 0x1a, 0x33, 0xfa, 0x32, 0x1b, 0x33, 0xfa, 0x32,
    0x1b, 0x33, 0xfa, 0x32, 0xfa, 0x32, 0xfa, 0x32, 0xfa, 0x32, 0xfa, 0x32,
    0xda, 0x32, 0xda, 0x32, 0xda, 0x32, 0xd9, 0x32, 0xb9, 0x2a, 0xb9, 0x32,
    0xb9, 0x2a, 0x99, 0x2a, 0xb8, 0x2a, 0x99, 0x2a, 0x98, 0x2a, 0xb9, 0x2a,
    0x98, 0x2a, 0x99, 0x2a, 0x98, 0x2a, 0x98, 0x2a, 0x98, 0x2a, 0x98, 0x2a,
    0x79, 0x2a, 0x98, 0x2a, 0x98, 0x2a, 0x78, 0x2a, 0x98, 0x2a, 0x98, 0x2a,
    0x78, 0x2a, 0x78, 0x2a, 0x99, 0x2a, 0x98, 0x2a, 0x78, 0x2a, 0x98, 0x2a,
    0x78, 0x2a, 0x98, 0x2a, 0x98, 0x2a, 0x78, 0x2a, 0x98, 0x2a, 0x78, 0x2a,
    0x78, 0x2a, 0x98, 0x2a, 0x78, 0x2a, 0x78, 0x2a, 0x78, 0x2a, 0x78, 0x2a,
    0x78, 0x2a, 0x78, 0x2a, 0x77, 0x2a, 0x78, 0x2a, 0x78, 0x2a, 0x78, 0x2a,
    0x98, 0x2a, 0x78, 0x2a, 0x78, 0x2a, 0x78, 0x2a, 0x98, 0x2a, 0x98, 0x2a,
    0x78, 0x2a, 0x98, 0x2a, 0x78, 0x2a, 0x78, 0x2a, 0x78, 0x2a, 0x77, 0x2a,
    0x78, 0x2a, 0x78, 0x2a, 0x78, 0x2a, 0x78, 0x2a, 0x78, 0x2a, 0x78, 0x2a,
    0x77, 0x2a, 0x78, 0x2a, 0x78, 0x2a, 0x77, 0x2a, 0x77, 0x2a, 0x78, 0x2a,
    0x56, 0x22, 0xb1, 0x19, 0xd2, 0x21, 0xf2, 0x21, 0x14, 0x22, 0x56, 0x22,
    0x98, 0x2a, 0xb8, 0x2a, 0xb9, 0x32, 0xb9, 0x2a, 0xd9, 0x32, 0xb9, 0x32,
    0xd9, 0x2a, 0xb9, 0x32, 0xb9, 0x32, 0xb8, 0x2a, 0xb8, 0x2a, 0xb8, 0x2a,
    0xb8, 0x2a, 0xb8, 0x32, 0xb8, 0x2a, 0x98, 0x32, 0x97, 0x32, 0x97, 0x2a,
    0x97, 0x32, 0x96, 0x2a, 0x96, 0x2a, 0x75, 0x32, 0x75, 0x2a, 0x75, 0x32,
    0x55, 0x2a, 0x54, 0x2a, 0x54, 0x2a, 0x53, 0x32, 0x12, 0x2a, 0x12, 0x2a,
    0xaf, 0x21, 0xaf, 0x19, 0xf1, 0x21, 0xf2, 0x21, 0xf2, 0x21, 0x12, 0x22,
    0x13, 0x22, 0x14, 0x2a, 0x13, 0x22, 0x34, 0x22, 0x35, 0x2a, 0x35, 0x22,
    0x56, 0x22, 0x36, 0x2a, 0x56, 0x2a, 0x57, 0x22, 0x77, 0x2a, 0x77, 0x2a,
    0x57, 0x22, 0x77, 0x2a, 0x77, 0x22, 0x78, 0x2a, 0x78, 0x2a, 0x98, 0x22,
    0x78, 0x2a, 0x98, 0x2a, 0x98, 0x2a, 0x78, 0x2a, 0x98, 0x2a, 0x78, 0x2a,
    0x98, 0x2a, 0x98, 0x2a, 0x99, 0x2a, 0x98, 0x2a, 0x99, 0x2a, 0x98, 0x2a,
    0x98, 0x2a, 0x99, 0x2a, 0x98, 0x2a, 0x98, 0x2a, 0x98, 0x2a, 0x99, 0x2a,
    0x98, 0x2a, 0x99, 0x2a, 0xb9, 0x2a, 0xb9, 0x2a, 0xb9, 0x2a, 0xd9, 0x2a,
    0xb9, 0x32, 0xda, 0x2a, 0xda, 0x32, 0xda, 0x32, 0xda, 0x32, 0xfa, 0x32,
    0xfa, 0x32, 0xfa, 0x32, 0xfa, 0x3a, 0xfa, 0x32, 0xfb, 0x32, 0xfa, 0x32,
    0xfa, 0x32, 0xfa, 0x32, 0xfb, 0x32, 0xfa, 0x32, 0xfa, 0x32, 0xfa, 0x32,
    0xfa, 0x32, 0xfa, 0x32, 0xfa, 0x32, 0xfa, 0x32, 0xfa, 0x32, 0xfa, 0x32,
    0xfb, 0x32, 0xfa, 0x32, 0xfa, 0x32, 0xfa, 0x32, 0xfb, 0x32, 0xfb, 0x3a,
    0xfa, 0x32, 0xfa, 0x32, 0xda, 0x32, 0xda, 0x32, 0xda, 0x32, 0xda, 0x32,
    0xba, 0x32, 0xd9, 0x2a, 0xb9, 0x32, 0xb9, 0x2a, 0x99, 0x2a, 0xb9, 0x2a,
    0x98, 0x2a, 0x99, 0x32, 0x98, 0x2a, 0x98, 0x2a, 0x99, 0x2a, 0x98, 0x2a,
    0x99, 0x2a, 0x98, 0x2a, 0x98, 0x2a, 0x98, 0x2a, 0x78, 0x2a, 0x98, 0x2a,
    0x98, 0x2a, 0x98, 0x2a, 0x98, 0x2a, 0x98, 0x2a, 0x98, 0x2a, 0x98, 0x2a,
    0x78, 0x2a, 0x98, 0x2a, 0x99, 0x2a, 0x78, 0x2a, 0x78, 0x2a, 0x98, 0x2a,
    0x98, 0x2a, 0x78, 0x2a, 0x98, 0x2a, 0x98, 0x2a, 0x78, 0x2a, 0x98, 0x2a,
    0x78, 0x2a, 0x78, 0x2a, 0x98, 0x2a, 0x78, 0x2a, 0x98, 0x2a, 0x78, 0x2a,
    0x77, 0x22, 0x78, 0x2a, 0x78, 0x2a, 0x97, 0x2a, 0x78, 0x2a, 0x77, 0x2a,
    0x78, 0x2a, 0x77, 0x2a, 0x78, 0x2a, 0x77, 0x2a, 0x78, 0x22, 0x78, 0x2a,
    0x78, 0x2a, 0x78, 0x2a, 0x78, 0x2a, 0x77, 0x2a, 0x78, 0x2a, 0x78, 0x2a,
    0x77, 0x22, 0x78, 0x2a, 0x78, 0x2a, 0x77, 0x22, 0x78, 0x2a, 0x78, 0x22,
    0x77, 0x2a, 0x77, 0x22, 0x78, 0x2a, 0x56, 0x2a, 0xd0, 0x19, 0xf2, 0x21,
    0xf3, 0x21, 0x14, 0x22, 0x56, 0x22, 0x98, 0x2a, 0xb9, 0x2a, 0xb9, 0x32,
    0xd9, 0x2a, 0xb9, 0x2a, 0xd9, 0x32, 0xb9, 0x2a, 0xb9, 0x32, 0xb9, 0x32,
    0xb9, 0x2a, 0xb8, 0x32, 0xb8, 0x32, 0x99, 0x2a, 0x98, 0x2a, 0xb8, 0x32,
    0x98, 0x2a, 0xb7, 0x32, 0x97, 0x2a, 0x97, 0x2a, 0x97, 0x32, 0x76, 0x32,
    0x76, 0x2a, 0x75, 0x2a, 0x75, 0x32, 0x75, 0x2a, 0x54, 0x2a, 0x34, 0x2a,
    0x53, 0x32, 0x32, 0x2a, 0x12, 0x2a, 0xaf, 0x21, 0xb0, 0x21, 0xf1, 0x21,
    0xf1, 0x21, 0xf2, 0x29, 0x12, 0x22, 0x13, 0x22, 0x14, 0x2a, 0x14, 0x22,
    0x34, 0x22, 0x34, 0x2a, 0x56, 0x2a, 0x56, 0x22, 0x35, 0x2a, 0x56, 0x2a,
    0x56, 0x22, 0x77, 0x2a, 0x77, 0x22, 0x57, 0x22, 0x77, 0x2a, 0x98, 0x2a,
    0x78, 0x2a, 0x78, 0x2a, 0x98, 0x2a, 0x98, 0x2a, 0x98, 0x2a, 0x98, 0x2a,
    0x98, 0x2a, 0x98, 0x2a, 0x99, 0x2a, 0x78, 0x2a, 0x98, 0x2a, 0x99, 0x2a,
    0x99, 0x2a, 0x98, 0x2a, 0x99, 0x2a, 0x98, 0x2a, 0x98, 0x2a, 0x99, 0x2a,
    0x99, 0x2a, 0x99, 0x2a, 0x98, 0x2a, 0x98, 0x2a, 0x99, 0x2a, 0x99, 0x2a,
    0xb9, 0x2a, 0xb9, 0x2a, 0xb9, 0x2a, 0xd9, 0x32, 0xda, 0x32, 0xd9, 0x2a,
    0xda, 0x32, 0xda, 0x32, 0xda, 0x32, 0xda, 0x32, 0xfa, 0x32, 0xfa, 0x32,
    0xfa, 0x32, 0xfa, 0x32, 0xfa, 0x32, 0xfa, 0x3a, 0xfa, 0x32, 0xfb, 0x32,
    0xfa, 0x32, 0xfa, 0x3a, 0xfa, 0x3a, 0xfa, 0x32, 0xfa, 0x32, 0xfb, 0x3a,
    0xfa, 0x32, 0xfa, 0x32, 0xfb, 0x3a, 0xfa, 0x32, 0xfa, 0x32, 0xfa, 0x3a,
    0xfa, 0x32, 0xfa, 0x32, 0xfa, 0x32, 0xfa, 0x32, 0xda, 0x32, 0xda, 0x32,
    0xfa, 0x32, 0xda, 0x32, 0xba, 0x2a, 0xda, 0x32, 0xd9, 0x2a, 0xb9, 0x32,
    0xb9, 0x32, 0x99, 0x2a, 0x99, 0x2a, 0xb8, 0x2a, 0x99, 0x2a, 0x99, 0x2a,
    0x98, 0x2a, 0x98, 0x2a, 0x98, 0x2a, 0x78, 0x2a, 0x99, 0x2a, 0x98, 0x2a,
    0x78, 0x2a, 0x98, 0x2a, 0x98, 0x2a, 0x79, 0x2a, 0x98, 0x2a, 0x78, 0x2a,
    0x99, 0x2a, 0x98, 0x2a, 0x78, 0x2a, 0x98, 0x2a, 0x98, 0x2a, 0x98, 0x2a,
    0x78, 0x2a, 0x98, 0x2a, 0x78, 0x2a, 0x78, 0x2a, 0x98, 0x2a, 0x78, 0x2a,
    0x77, 0x2a, 0x98, 0x2a, 0x98, 0x2a, 0x98, 0x2a, 0x98, 0x2a, 0x98, 0x2a,
    0x98, 0x2a, 0x78, 0x2a, 0x78, 0x2a, 0x78, 0x2a, 0x98, 0x2a, 0x78, 0x2a,
    0x98, 0x22, 0x78, 0x2a, 0x78, 0x2a, 0x98, 0x2a, 0x78, 0x2a, 0x77, 0x2a,
    0x78, 0x2a, 0x77, 0x2a, 0x78, 0x2a, 0x78, 0x2a, 0x78, 0x2a, 0x78, 0x2a,
    0x77, 0x2a, 0x78, 0x2a, 0x78, 0x2a, 0x77, 0x22, 0x77, 0x2a, 0x78, 0x2a,
    0x78, 0x2a, 0x77, 0x2a, 0x78, 0x2a, 0x77, 0x2a, 0x77, 0x22, 0x98, 0x2a,
    0x56, 0x2a, 0xd1, 0x19, 0xf2, 0x19, 0xf3, 0x21, 0x14, 0x22, 0x57, 0x2a,
    0x98, 0x2a, 0xb9, 0x32, 0xb9, 0x32, 0xd9, 0x2a, 0xb9, 0x2a, 0xd9, 0x32,
    0xb9, 0x2a, 0xb8, 0x2a, 0xb8, 0x32, 0xb9, 0x32, 0xb9, 0x2a, 0xb8, 0x32,
    0xb8, 0x32, 0xb8, 0x2a, 0x98, 0x32, 0x97, 0x2a, 0x97, 0x2a, 0x97, 0x32,
    0x97, 0x32, 0x96, 0x2a, 0x96, 0x2a, 0x76, 0x32, 0x75, 0x2a, 0x75, 0x2a,
    0x74, 0x32, 0x54, 0x2a, 0x54, 0x2a, 0x53, 0x2a, 0x12, 0x2a, 0x12, 0x2a,
    0xaf, 0x21, 0xcf, 0x21, 0xf1, 0x21, 0xf1, 0x21, 0xf2, 0x21, 0xf2, 0x21,
    0x13, 0x22, 0x13, 0x2a, 0x13, 0x22, 0x34, 0x22, 0x35, 0x2a, 0x35, 0x2a,
    0x56, 0x22, 0x56, 0x2a, 0x56, 0x2a, 0x57, 0x22, 0x77, 0x2a, 0x57, 0x2a,
    0x77, 0x2a, 0x77, 0x2a, 0x77, 0x2a, 0x78, 0x22, 0x78, 0x2a, 0x98, 0x2a,
    0x78, 0x2a, 0x98, 0x2a, 0x78, 0x2a, 0x99, 0x2a, 0x99, 0x2a, 0x98, 0x2a,
    0x98, 0x2a, 0x98, 0x2a, 0x98, 0x2a, 0x99, 0x2a, 0x98, 0x2a, 0x99, 0x2a,
    0x98, 0x2a, 0x98, 0x2a, 0x99, 0x2a, 0x98, 0x2a, 0x99, 0x2a, 0xb9, 0x2a,
    0x98, 0x2a, 0x98, 0x2a, 0x99, 0x2a, 0x98, 0x2a, 0xb9, 0x32, 0xb9, 0x32,
    0xb9, 0x2a, 0xb9, 0x32, 0xda, 0x32, 0xda, 0x2a, 0xda, 0x32, 0xda, 0x32,
    0xda, 0x32, 0xda, 0x32, 0xda, 0x32, 0xda, 0x32, 0xfa, 0x32, 0xfa, 0x32,
    0xfa, 0x32, 0xfb, 0x32, 0xfa, 0x32, 0xfa, 0x32, 0xfa, 0x32, 0xfb, 0x32,
    0xfa, 0x32, 0xfa, 0x32, 0xfa, 0x32, 0xfa, 0x32, 0xfa, 0x32, 0xfa, 0x32,
    0xfa, 0x32, 0xda, 0x32, 0xfa, 0x32, 0xfb, 0x32, 0xfa, 0x32, 0xfa, 0x32,
    0xda, 0x32, 0xda, 0x32, 0xda, 0x32, 0xda, 0x32, 0xda, 0x32, 0xb9, 0x32,
    0xb9, 0x2a, 0xb9, 0x2a, 0xb9, 0x32, 0xb9, 0x2a, 0x98, 0x2a, 0x99, 0x32,
    0xb9, 0x2a, 0x98, 0x2a, 0x98, 0x2a, 0x99, 0x2a, 0x98, 0x2a, 0x98, 0x2a,
    0x98, 0x2a, 0x98, 0x2a, 0x78, 0x2a, 0x98, 0x2a, 0x99, 0x2a, 0x98, 0x2a,
    0x98, 0x2a, 0x98, 0x2a, 0x78, 0x2a, 0x98, 0x2a, 0x98, 0x2a, 0x98, 0x2a,
    0x99, 0x2a, 0x98, 0x2a, 0x98, 0x2a, 0x98, 0x2a, 0x78, 0x2a, 0x98, 0x2a,
    0x78, 0x2a, 0x98, 0x2a, 0x78, 0x2a, 0x78, 0x2a, 0x78, 0x2a, 0x78, 0x2a,
    0x78, 0x2a, 0x78, 0x22, 0x98, 0x2a, 0x77, 0x2a, 0x78, 0x22, 0x78, 0x2a,
    0x78, 0x2a, 0x98, 0x2a, 0x98, 0x2a, 0x78, 0x2a, 0x98, 0x2a, 0x98, 0x2a,
    0x98, 0x22, 0x78, 0x2a, 0x78, 0x2a, 0x78, 0x2a, 0x77, 0x2a, 0x77, 0x2a,
    0x78, 0x22, 0x77, 0x2a, 0x78, 0x2a, 0x78, 0x2a, 0x77, 0x2a, 0x78, 0x2a,
    0x78, 0x2a, 0x78, 0x2a, 0x77, 0x2a, 0x78, 0x2a, 0x78, 0x2a, 0x77, 0x2a,
    0x78, 0x2a, 0x77, 0x2a, 0x78, 0x2a, 0x56, 0x22, 0xb1, 0x19, 0xf2, 0x21,
    0xf3, 0x21, 0x34, 0x22, 0x77, 0x2a, 0x98, 0x2a, 0xb9, 0x2a, 0xd9, 0x2a,
    0xb9, 0x32, 0xd9, 0x32, 0xb9, 0x32, 0xd9, 0x32, 0xb9, 0x2a, 0xb9, 0x2a,
    0xd9, 0x32, 0xb8, 0x2a, 0xb8, 0x2a, 0xb8, 0x32, 0xb8, 0x2a, 0xb8, 0x32,
    0xb8, 0x32, 0x97, 0x2a, 0x97, 0x32, 0x96, 0x2a, 0x96, 0x2a, 0x96, 0x2a,
    0x76, 0x32, 0x75, 0x2a, 0x75, 0x2a, 0x55, 0x2a, 0x54, 0x32, 0x54, 0x2a,
    0x53, 0x2a, 0x12, 0x2a, 0x12, 0x2a, 0xaf, 0x21, 0xaf, 0x21, 0xf1, 0x21,
    0xf2, 0x21, 0xf2, 0x21, 0x13, 0x2a, 0x13, 0x22, 0x13, 0x2a, 0x14, 0x22,
    0x34, 0x22, 0x35, 0x2a, 0x55, 0x22, 0x55, 0x22, 0x56, 0x2a, 0x56, 0x22,
    0x57, 0x2a, 0x76, 0x2a, 0x57, 0x22, 0x57, 0x2a, 0x77, 0x2a, 0x77, 0x22,
    0x78, 0x2a, 0x78, 0x2a, 0x98, 0x2a, 0x78, 0x2a, 0x98, 0x2a, 0x98, 0x2a,
    0x78, 0x2a, 0x98, 0x2a, 0x78, 0x2a, 0x99, 0x2a, 0x98, 0x2a, 0x98, 0x2a,
    0x98, 0x2a, 0x98, 0x2a, 0x99, 0x2a, 0x98, 0x2a, 0x99, 0x2a, 0x99, 0x2a,
    0x98, 0x2a, 0x98, 0x2a, 0x99, 0x2a, 0x99, 0x2a, 0xb8, 0x2a, 0x99, 0x2a,
    0x99, 0x2a, 0x99, 0x2a, 0xb9, 0x2a, 0xb9, 0x2a, 0xb9, 0x2a, 0xb9, 0x32,
    0xda, 0x32, 0xd9, 0x32, 0xda, 0x32, 0xda, 0x32, 0xda, 0x32, 0xda, 0x32,
    0xda, 0x32, 0xda, 0x32, 0xda, 0x32, 0xda, 0x32, 0xda, 0x32, 0xda, 0x32,
    0xda, 0x32, 0xda, 0x32, 0xda, 0x32, 0xda, 0x32, 0xda, 0x32, 0xda, 0x32,
    0xda, 0x32, 0xda, 0x32, 0xda, 0x32, 0xda, 0x32, 0xda, 0x32, 0xda, 0x32,
    0xda, 0x32, 0xda, 0x32, 0xda, 0x32, 0xda, 0x32, 0xda, 0x32, 0xda, 0x32,
    0xda, 0x32, 0xda, 0x2a, 0xd9, 0x32, 0xb9, 0x2a, 0xb9, 0x2a, 0xb9, 0x2a,
    0xb9, 0x2a, 0x99, 0x2a, 0x98, 0x2a, 0x98, 0x2a, 0xb8, 0x2a, 0x98, 0x2a,
    0x99, 0x2a, 0x98, 0x2a, 0x98, 0x2a, 0x99, 0x2a, 0x98, 0x2a, 0x98, 0x2a,
    0x98, 0x2a, 0x78, 0x2a, 0x98, 0x2a, 0x98, 0x2a, 0x98, 0x2a, 0x98, 0x2a,
    0x78, 0x2a, 0x99, 0x2a, 0x98, 0x2a, 0x78, 0x2a, 0x78, 0x2a, 0x98, 0x2a,
    0x78, 0x2a, 0x98, 0x2a, 0x78, 0x2a, 0x98, 0x2a, 0x98, 0x2a, 0x98, 0x22,
    0x98, 0x2a, 0x98, 0x2a, 0x98, 0x2a, 0x78, 0x2a, 0x78, 0x2a, 0x78, 0x2a,
    0x98, 0x2a, 0x98, 0x2a, 0x78, 0x2a, 0x78, 0x2a, 0x78, 0x2a, 0x78, 0x2a,
    0x98, 0x2a, 0x78, 0x2a, 0x78, 0x2a, 0x78, 0x2a, 0x98, 0x2a, 0x78, 0x22,
    0x78, 0x2a, 0x78, 0x2a, 0x78, 0x2a, 0x78, 0x2a, 0x77, 0x2a, 0x78, 0x2a,
    0x78, 0x22, 0x78, 0x2a, 0x77, 0x2a, 0x78, 0x2a, 0x78, 0x2a, 0x77, 0x22,
    0x77, 0x2a, 0x78, 0x2a, 0x78, 0x22, 0x77, 0x2a, 0x78, 0x2a, 0x78, 0x2a,
    0x56, 0x22, 0xd1, 0x19, 0xf2, 0x21, 0xf3, 0x21, 0x35, 0x22, 0x78, 0x2a,
    0x99, 0x2a, 0xb9, 0x2a, 0xd9, 0x32, 0xb9, 0x2a, 0xb9, 0x32, 0xd9, 0x2a,
    0xd9, 0x32, 0xb9, 0x32, 0xb9, 0x2a, 0xb8, 0x32, 0xb9, 0x2a, 0xb8, 0x32,
    0xb8, 0x2a, 0xb8, 0x2a, 0xb8, 0x32, 0x97, 0x2a, 0xb7, 0x32, 0x97, 0x2a,
    0x97, 0x2a, 0x77, 0x32, 0x96, 0x32, 0x76, 0x2a, 0x75, 0x32, 0x75, 0x32,
    0x75, 0x2a, 0x54, 0x2a, 0x54, 0x32, 0x53, 0x32, 0x32, 0x2a, 0x12, 0x2a,
    0xaf, 0x21, 0xb0, 0x21, 0xf1, 0x21, 0xf1, 0x21, 0xf2, 0x21, 0x12, 0x2a,
    0x13, 0x22, 0x14, 0x22, 0x13, 0x2a, 0x34, 0x22, 0x35, 0x22, 0x36, 0x2a,
    0x56, 0x2a, 0x56, 0x2a, 0x56, 0x22, 0x76, 0x2a, 0x56, 0x2a, 0x77, 0x22,
    0x77, 0x22, 0x77, 0x2a, 0x77, 0x2a, 0x78, 0x2a, 0x78, 0x2a, 0x98, 0x2a,
    0x98, 0x22, 0x98, 0x2a, 0x98, 0x2a, 0x98, 0x2a, 0x99, 0x2a, 0x98, 0x2a,
    0x78, 0x2a, 0x99, 0x2a, 0x98, 0x2a, 0x98, 0x2a, 0x99, 0x2a, 0x99, 0x2a,
    0x98, 0x2a, 0x98, 0x2a, 0x99, 0x2a, 0x98, 0x2a, 0x98, 0x2a, 0x99, 0x2a,
    0x99, 0x2a, 0x98, 0x2a, 0xb8, 0x2a, 0x99, 0x2a, 0x98, 0x2a, 0xb9, 0x32,
    0xb9, 0x2a, 0xb9, 0x2a, 0xb9, 0x32, 0xb9, 0x2a, 0xd9, 0x2a, 0xda, 0x32,
    0xda, 0x2a, 0xd9, 0x32, 0xda, 0x32, 0xfa, 0x32, 0xda, 0x32, 0xda, 0x32,
    0xda, 0x32, 0xda, 0x32, 0xda, 0x32, 0xda, 0x32, 0xda, 0x32, 0xda, 0x32,
    0xda, 0x32, 0xda, 0x32, 0xda, 0x32, 0xda, 0x32, 0xda, 0x32, 0xda, 0x32,
    0xda, 0x32, 0xda, 0x32, 0xda, 0x32, 0xda, 0x32, 0xda, 0x32, 0xda, 0x32,
    0xda, 0x32, 0xda, 0x32, 0xd9, 0x32, 0xda, 0x2a, 0xba, 0x32, 0xd9, 0x2a,
    0xd9, 0x32, 0xb9, 0x32, 0xb9, 0x2a, 0xb9, 0x32, 0x99, 0x2a, 0x99, 0x2a,
    0x99, 0x2a, 0xb9, 0x2a, 0x98, 0x2a, 0x99, 0x2a, 0x98, 0x2a, 0x98, 0x2a,
    0x98, 0x2a, 0x98, 0x2a, 0x99, 0x2a, 0x78, 0x2a, 0x98, 0x2a, 0x98, 0x2a,
    0x79, 0x2a, 0x99, 0x2a, 0x98, 0x2a, 0x98, 0x2a, 0x78, 0x2a, 0x98, 0x2a,
    0x98, 0x2a, 0x98, 0x2a, 0x99, 0x2a, 0x78, 0x2a, 0x78, 0x2a, 0x98, 0x2a,
    0x78, 0x2a, 0x98, 0x2a, 0x78, 0x2a, 0x78, 0x2a, 0x98, 0x2a, 0x78, 0x2a,
    0x98, 0x2a, 0x98, 0x2a, 0x77, 0x2a, 0x78, 0x2a, 0x78, 0x2a, 0x77, 0x2a,
    0x77, 0x22, 0x78, 0x2a, 0x77, 0x2a, 0x78, 0x2a, 0x77, 0x2a, 0x77, 0x2a,
    0x78, 0x2a, 0x78, 0x2a, 0x78, 0x2a, 0x78, 0x22, 0x98, 0x2a, 0x78, 0x2a,
    0x78, 0x2a, 0x78, 0x2a, 0x77, 0x2a, 0x78, 0x2a, 0x78, 0x2a, 0x78, 0x2a,
    0x77, 0x2a, 0x78, 0x2a, 0x78, 0x2a, 0x78, 0x2a, 0x77, 0x2a, 0x78, 0x2a,
    0x78, 0x22, 0x78, 0x2a, 0x98, 0x2a, 0x57, 0x2a, 0xd1, 0x19, 0xf3, 0x21,
    0x13, 0x22, 0x36, 0x22, 0x98, 0x2a, 0xb8, 0x2a, 0xd9, 0x32, 0xb9, 0x32,
    0xd9, 0x32, 0xb9, 0x2a, 0xb9, 0x2a, 0xd9, 0x2a, 0xb9, 0x32, 0xb9, 0x32,
    0xb8, 0x2a, 0xb9, 0x32, 0xb8, 0x32, 0xb8, 0x2a, 0x98, 0x32, 0xb8, 0x2a,
    0x98, 0x32, 0x97, 0x32, 0x97, 0x2a, 0x97, 0x2a, 0x97, 0x32, 0x96, 0x32,
    0x76, 0x2a, 0x75, 0x2a, 0x75, 0x32, 0x54, 0x2a, 0x74, 0x2a, 0x54, 0x2a,
    0x53, 0x32, 0x12, 0x2a, 0x12, 0x2a, 0xcf, 0x21, 0xaf, 0x19, 0xf1, 0x21,
    0xf1, 0x21, 0xf2, 0x21, 0xf2, 0x21, 0x13, 0x22, 0x14, 0x2a, 0x13, 0x22,
    0x34, 0x2a, 0x35, 0x22, 0x35, 0x2a, 0x55, 0x22, 0x56, 0x2a, 0x56, 0x2a,
    0x56, 0x22, 0x57, 0x2a, 0x57, 0x2a, 0x77, 0x22, 0x78, 0x2a, 0x77, 0x2a,
    0x78, 0x22, 0x77, 0x2a, 0x98, 0x2a, 0x78, 0x2a, 0x98, 0x2a, 0x78, 0x2a,
    0x98, 0x2a, 0x98, 0x2a, 0x98, 0x2a, 0x79, 0x2a, 0x98, 0x2a, 0x98, 0x2a,
    0x98, 0x2a, 0x98, 0x2a, 0x99, 0x2a, 0x98, 0x2a, 0x98, 0x2a, 0x99, 0x2a,
    0x99, 0x2a, 0x98, 0x2a, 0x98, 0x2a, 0x98, 0x2a, 0x98, 0x2a, 0x98, 0x2a,
    0x98, 0x2a, 0x99, 0x2a, 0x99, 0x32, 0xb9, 0x2a, 0xb9, 0x2a, 0xb9, 0x32,
    0xb9, 0x2a, 0xb9, 0x2a, 0xb9, 0x32, 0xd9, 0x32, 0xba, 0x2a, 0xda, 0x32,
    0xda, 0x32, 0xda, 0x32, 0xda, 0x32, 0xda, 0x32, 0xda, 0x32, 0xda, 0x32,
    0xda, 0x32, 0xd9, 0x2a, 0xda, 0x32, 0xda, 0x32, 0xd9, 0x32, 0xda, 0x32,
    0xda, 0x2a, 0xda, 0x32, 0xfa, 0x32, 0xda, 0x2a, 0xd9, 0x32, 0xfa, 0x32,
    0xda, 0x32, 0xda, 0x32, 0xfa, 0x32, 0xd9, 0x2a, 0xda, 0x32, 0xba, 0x2a,
    0xd9, 0x32, 0xb9, 0x32, 0xb9, 0x2a, 0xb9, 0x32, 0xb9, 0x2a, 0xb9, 0x2a,
    0x99, 0x2a, 0xb8, 0x2a, 0x98, 0x2a, 0x99, 0x2a, 0x98, 0x2a, 0x98, 0x2a,
    0x98, 0x2a, 0x98, 0x2a, 0x99, 0x2a, 0x98, 0x2a, 0x78, 0x2a, 0x98, 0x2a,
    0x98, 0x2a, 0x98, 0x2a, 0x98, 0x2a, 0x78, 0x2a, 0x98, 0x2a, 0x98, 0x2a,
    0x78, 0x2a, 0x98, 0x2a, 0x99, 0x2a, 0x98, 0x2a, 0x98, 0x2a, 0x98, 0x2a,
    0x78, 0x2a, 0x98, 0x2a, 0x98, 0x2a, 0x78, 0x2a, 0x78, 0x2a, 0x78, 0x2a,
    0x98, 0x2a, 0x78, 0x2a, 0x78, 0x2a, 0x98, 0x2a, 0x78, 0x2a, 0x78, 0x2a,
    0x77, 0x2a, 0x78, 0x2a, 0x77, 0x2a, 0x78, 0x2a, 0x98, 0x2a, 0x78, 0x2a,
    0x78, 0x2a, 0x98, 0x2a, 0x78, 0x2a, 0x78, 0x2a, 0x77, 0x2a, 0x78, 0x2a,
    0x77, 0x2a, 0x98, 0x2a, 0x98, 0x2a, 0x78, 0x22, 0x78, 0x2a, 0x78, 0x2a,
    0x77, 0x2a, 0x78, 0x2a, 0x78, 0x22, 0x77, 0x2a, 0x78, 0x2a, 0x78, 0x2a,
    0x78, 0x2a, 0x78, 0x2a, 0x77, 0x2a, 0x78, 0x2a, 0x77, 0x2a, 0x78, 0x2a,
    0x56, 0x22, 0xd1, 0x21, 0xf2, 0x21, 0x14, 0x22, 0x56, 0x2a, 0x98, 0x2a,
    0xb9, 0x2a, 0xb9, 0x2a, 0xd9, 0x32, 0xb9, 0x2a, 0xd9, 0x32, 0xb9, 0x32,
    0xd9, 0x2a, 0xb9, 0x2a, 0xb9, 0x32, 0xd9, 0x2a, 0xb8, 0x2a, 0xb8, 0x32,
    0xb8, 0x32, 0xb8, 0x2a, 0xb8, 0x2a, 0x98, 0x32, 0x97, 0x2a, 0x97, 0x32,
    0x97, 0x32, 0x96, 0x2a, 0x96, 0x2a, 0x76, 0x2a, 0x75, 0x2a, 0x75, 0x32,
    0x75, 0x2a, 0x54, 0x2a, 0x54, 0x2a, 0x53, 0x2a, 0x12, 0x2a, 0x12, 0x2a,
    0xaf, 0x21, 0xaf, 0x21, 0xf1, 0x21, 0xf1, 0x21, 0xf2, 0x21, 0x12, 0x22,
    0x13, 0x22, 0x13, 0x2a, 0x14, 0x22, 0x34, 0x22, 0x35, 0x2a, 0x55, 0x2a,
    0x55, 0x22, 0x36, 0x22, 0x56, 0x2a, 0x57, 0x22, 0x57, 0x2a, 0x77, 0x2a,
    0x57, 0x2a, 0x77, 0x2a, 0x77, 0x2a, 0x78, 0x22, 0x78, 0x2a, 0x98, 0x2a,
    0x78, 0x2a, 0x78, 0x2a, 0x98, 0x2a, 0x98, 0x2a, 0x78, 0x2a, 0x98, 0x2a,
    0x99, 0x2a, 0x98, 0x2a, 0x98, 0x2a, 0x99, 0x2a, 0x98, 0x2a, 0x99, 0x2a,
    0x99, 0x2a, 0x98, 0x2a, 0x98, 0x2a, 0x99, 0x2a, 0x98, 0x2a, 0x99, 0x2a,
    0x99, 0x2a, 0x99, 0x2a, 0x98, 0x2a, 0x98, 0x2a, 0xb9, 0x2a, 0x99, 0x2a,
    0x99, 0x2a, 0xb9, 0x32, 0xb9, 0x2a, 0xb9, 0x2a, 0xb9, 0x32, 0xb9, 0x2a,
    0xd9, 0x32, 0xb9, 0x2a, 0xba, 0x2a, 0xd9, 0x2a, 0xd9, 0x2a, 0xba, 0x32,
    0xd9, 0x2a, 0xd9, 0x2a, 0xb9, 0x32, 0xda, 0x2a, 0xd9, 0x2a, 0xb9, 0x32,
    0xda, 0x2a, 0xd9, 0x2a, 0xd9, 0x32, 0xd9, 0x2a, 0xda, 0x32, 0xb9, 0x32,
    0xd9, 0x2a, 0xda, 0x32, 0xd9, 0x2a, 0xd9, 0x2a, 0xda, 0x32, 0xba, 0x2a,
    0xb9, 0x2a, 0xda, 0x32, 0xb9, 0x32, 0xd9, 0x2a, 0xd9, 0x2a, 0xb9, 0x32,
    0xb9, 0x2a, 0xb9, 0x2a, 0xb9, 0x32, 0x99, 0x2a, 0x99, 0x2a, 0xb8, 0x2a,
    0x98, 0x2a, 0x98, 0x2a, 0x98, 0x2a, 0x98, 0x2a, 0x99, 0x2a, 0x98, 0x2a,
    0x98, 0x2a, 0x98, 0x2a, 0x78, 0x2a, 0x98, 0x2a, 0x98, 0x2a, 0x78, 0x2a,
    0x98, 0x2a, 0x98, 0x2a, 0x98, 0x2a, 0x98, 0x2a, 0x98, 0x2a, 0x78, 0x2a,
    0x78, 0x2a, 0x98, 0x2a, 0x98, 0x2a, 0x78, 0x2a, 0x78, 0x2a, 0x98, 0x2a,
    0x98, 0x2a, 0x78, 0x2a, 0x98, 0x2a, 0x98, 0x2a, 0x98, 0x2a, 0x78, 0x2a,
    0x98, 0x2a, 0x98, 0x2a, 0x98, 0x2a, 0x78, 0x2a, 0x78, 0x2a, 0x78, 0x2a,
    0x77, 0x2a, 0x98, 0x2a, 0x78, 0x2a, 0x78, 0x2a, 0x98, 0x2a, 0x78, 0x2a,
    0x77, 0x2a, 0x98, 0x2a, 0x78, 0x2a, 0x77, 0x2a, 0x78, 0x2a, 0x78, 0x2a,
    0x98, 0x2a, 0x98, 0x2a, 0x78, 0x22, 0x78, 0x2a, 0x77, 0x2a, 0x78, 0x2a,
    0x78, 0x2a, 0x78, 0x2a, 0x77, 0x22, 0x77, 0x2a, 0x78, 0x2a, 0x78, 0x2a,
    0x77, 0x2a, 0x78, 0x2a, 0x98, 0x2a, 0x56, 0x22, 0xd1, 0x19, 0xf2, 0x21,
    0x34, 0x22, 0x77, 0x22, 0x98, 0x2a, 0xb9, 0x32, 0xb9, 0x2a, 0xb9, 0x32,
    0xd9, 0x2a, 0xd9, 0x32, 0xb9, 0x32, 0xd9, 0x2a, 0xb9, 0x32, 0xb8, 0x2a,
    0xb9, 0x32, 0xb9, 0x32, 0xb8, 0x2a, 0xb8, 0x2a, 0xb8, 0x32, 0xb8, 0x32,
    0x98, 0x2a, 0x97, 0x2a, 0x97, 0x32, 0x97, 0x32, 0x96, 0x2a, 0x76, 0x32,
    0x76, 0x32, 0x75, 0x2a, 0x75, 0x32, 0x75, 0x32, 0x54, 0x2a, 0x54, 0x2a,
    0x53, 0x32, 0x32, 0x2a, 0x12, 0x2a, 0xaf, 0x21, 0xb0, 0x21, 0xf1, 0x21,
    0xf1, 0x21, 0xf2, 0x29, 0xf2, 0x21, 0x13, 0x22, 0x13, 0x2a, 0x13, 0x22,
    0x34, 0x22, 0x35, 0x22, 0x35, 0x2a, 0x55, 0x22, 0x56, 0x2a, 0x56, 0x2a,
    0x56, 0x22, 0x77, 0x22, 0x77, 0x2a, 0x57, 0x22, 0x77, 0x2a, 0x78, 0x2a,
    0x78, 0x2a, 0x78, 0x2a, 0x98, 0x2a, 0x98, 0x2a, 0x98, 0x2a, 0x98, 0x2a,
    0x99, 0x2a, 0x78, 0x2a, 0x99, 0x2a, 0x98, 0x2a, 0x78, 0x2a, 0x98, 0x2a,
    0x98, 0x2a, 0x79, 0x2a, 0x98, 0x2a, 0x98, 0x2a, 0x99, 0x2a, 0x99, 0x2a,
    0x98, 0x2a, 0x99, 0x2a, 0x99, 0x2a, 0x98, 0x2a, 0x99, 0x2a, 0x99, 0x2a,
    0x98, 0x2a, 0x98, 0x2a, 0x98, 0x2a, 0x99, 0x2a, 0x99, 0x2a, 0xb9, 0x32,
    0xb9, 0x2a, 0xb9, 0x2a, 0xb9, 0x2a, 0xd9, 0x32, 0xb9, 0x2a, 0xb9, 0x32,
    0xd9, 0x32, 0xb9, 0x2a, 0xb9, 0x32, 0xd9, 0x2a, 0xb9, 0x32, 0xba, 0x32,
    0xda, 0x32, 0xb9, 0x2a, 0xba, 0x32, 0xd9, 0x2a, 0xb9, 0x2a, 0xba, 0x32,
    0xda, 0x32, 0xb9, 0x2a, 0xb9, 0x32, 0xb9, 0x2a, 0xba, 0x32, 0xb9, 0x2a,
    0xb9, 0x2a, 0xd9, 0x32, 0xb9, 0x32, 0xb9, 0x32, 0xda, 0x2a, 0xb9, 0x32,
    0xb9, 0x2a, 0xb9, 0x2a, 0xb9, 0x32, 0xb9, 0x2a, 0xb9, 0x2a, 0xb9, 0x32,
    0x99, 0x2a, 0x99, 0x2a, 0x99, 0x32, 0xb9, 0x2a, 0x99, 0x2a, 0x98, 0x32,
    0x99, 0x2a, 0x98, 0x2a, 0x98, 0x2a, 0x99, 0x2a, 0x98, 0x2a, 0x98, 0x2a,
    0x99, 0x2a, 0x79, 0x2a, 0x98, 0x2a, 0x99, 0x2a, 0x78, 0x2a, 0x98, 0x2a,
    0x99, 0x2a, 0x98, 0x2a, 0x98, 0x2a, 0x99, 0x2a, 0x98, 0x2a, 0x98, 0x2a,
    0x78, 0x2a, 0x78, 0x2a, 0x98, 0x2a, 0x78, 0x2a, 0x98, 0x2a, 0x78, 0x2a,
    0x98, 0x2a, 0x78, 0x2a, 0x98, 0x2a, 0x78, 0x2a, 0x98, 0x2a, 0x98, 0x2a,
    0x98, 0x2a, 0x98, 0x2a, 0x78, 0x2a, 0x78, 0x2a, 0x98, 0x2a, 0x98, 0x2a,
    0x98, 0x2a, 0x78, 0x2a, 0x98, 0x2a, 0x98, 0x2a, 0x78, 0x2a, 0x78, 0x2a,
    0x78, 0x2a, 0x78, 0x2a, 0x77, 0x2a, 0x78, 0x2a, 0x78, 0x2a, 0x98, 0x2a,
    0x98, 0x2a, 0x78, 0x2a, 0x78, 0x2a, 0x78, 0x2a, 0x98, 0x2a, 0x98, 0x2a,
    0x78, 0x2a, 0x78, 0x2a, 0x98, 0x2a, 0x78, 0x2a, 0x78, 0x2a, 0x98, 0x2a,
    0x57, 0x22, 0xd1, 0x21, 0xf3, 0x21, 0x35, 0x22, 0x77, 0x2a, 0x98, 0x2a,
    0xb9, 0x32, 0xd9, 0x32, 0xb9, 0x32, 0xd9, 0x2a, 0xb9, 0x2a, 0xb9, 0x32,
    0xd9, 0x32, 0xb9, 0x32, 0xb9, 0x32, 0xb8, 0x2a, 0xb9, 0x32, 0xb8, 0x32,
    0xb8, 0x2a, 0x98, 0x32, 0x98, 0x32, 0xb7, 0x2a, 0xb7, 0x32, 0x97, 0x2a,
    0x97, 0x2a, 0x97, 0x32, 0x96, 0x2a, 0x76, 0x2a, 0x75, 0x2a, 0x75, 0x2a,
    0x54, 0x2a, 0x54, 0x2a, 0x34, 0x32, 0x53, 0x2a, 0x32, 0x2a, 0x12, 0x2a,
    0xaf, 0x21, 0xcf, 0x21, 0xf1, 0x21, 0xf2, 0x21, 0xf2, 0x21, 0x12, 0x22,
    0x13, 0x22, 0x14, 0x2a, 0x13, 0x2a, 0x34, 0x22, 0x35, 0x22, 0x35, 0x2a,
    0x56, 0x2a, 0x56, 0x2a, 0x56, 0x2a, 0x56, 0x2a, 0x77, 0x2a, 0x57, 0x22,
    0x77, 0x2a, 0x77, 0x2a, 0x77, 0x22, 0x98, 0x2a, 0x77, 0x2a, 0x98, 0x2a,
    0x78, 0x2a, 0x98, 0x2a, 0x98, 0x2a, 0x98, 0x2a, 0x98, 0x2a, 0x99, 0x2a,
    0x98, 0x2a, 0x79, 0x2a, 0x98, 0x2a, 0x98, 0x2a, 0x98, 0x2a, 0x98, 0x2a,
    0x98, 0x2a, 0x98, 0x2a, 0x99, 0x2a, 0x98, 0x2a, 0x98, 0x2a, 0x98, 0x2a,
    0x98, 0x2a, 0x99, 0x2a, 0x98, 0x2a, 0x98, 0x2a, 0x98, 0x2a, 0xb9, 0x2a,
    0x98, 0x2a, 0x99, 0x2a, 0x99, 0x2a, 0xb9, 0x2a, 0xb9, 0x32, 0xb9, 0x2a,
    0xb9, 0x2a, 0xb9, 0x2a, 0xb9, 0x32, 0xd9, 0x2a, 0xb9, 0x2a, 0xb9, 0x2a,
    0xb9, 0x32, 0xb9, 0x2a, 0xb9, 0x2a, 0xb9, 0x2a, 0xb9, 0x2a, 0xd9, 0x32,
    0xb9, 0x32, 0xb9, 0x2a, 0xb9, 0x32, 0xb9, 0x2a, 0xb9, 0x2a, 0xb9, 0x2a,
    0xb9, 0x32, 0xb9, 0x32, 0xd9, 0x32, 0xb9, 0x2a, 0xb9, 0x2a, 0xda, 0x32,
    0xb9, 0x2a, 0xb9, 0x2a, 0xb9, 0x32, 0xb9, 0x2a, 0xb9, 0x32, 0xba, 0x2a,
    0xb9, 0x2a, 0xb9, 0x32, 0xb9, 0x2a, 0x99, 0x2a, 0x98, 0x2a, 0x98, 0x2a,
    0x98, 0x2a, 0x98, 0x2a, 0xb9, 0x2a, 0x98, 0x2a, 0x98, 0x2a, 0x98, 0x2a,
    0x99, 0x2a, 0x78, 0x2a, 0x98, 0x2a, 0x98, 0x2a, 0x98, 0x2a, 0x98, 0x2a,
    0x98, 0x2a, 0x79, 0x2a, 0x98, 0x2a, 0x78, 0x2a, 0x78, 0x2a, 0x99, 0x2a,
    0x98, 0x2a, 0x78, 0x2a, 0x99, 0x2a, 0x98, 0x2a, 0x98, 0x2a, 0x78, 0x2a,
    0x98, 0x2a, 0x78, 0x2a, 0x78, 0x2a, 0x98, 0x2a, 0x78, 0x2a, 0x78, 0x2a,
    0x98, 0x2a, 0x78, 0x2a, 0x98, 0x2a, 0x78, 0x2a, 0x98, 0x2a, 0x78, 0x2a,
    0x78, 0x2a, 0x98, 0x2a, 0x98, 0x2a, 0x78, 0x2a, 0x78, 0x2a, 0x98, 0x2a,
    0x98, 0x2a, 0x98, 0x2a, 0x98, 0x2a, 0x78, 0x2a, 0x98, 0x2a, 0x78, 0x2a,
    0x78, 0x2a, 0x77, 0x2a, 0x98, 0x2a, 0x78, 0x2a, 0x98, 0x2a, 0x98, 0x2a,
    0x77, 0x2a, 0x77, 0x2a, 0x78, 0x2a, 0x78, 0x2a, 0x97, 0x2a, 0x78, 0x2a,
    0x77, 0x2a, 0x78, 0x2a, 0x78, 0x2a, 0x76, 0x22, 0xf1, 0x21, 0xf3, 0x21,
    0x35, 0x22, 0x78, 0x2a, 0x98, 0x2a, 0xb9, 0x2a, 0xd9, 0x32, 0xd9, 0x32,
    0xb9, 0x32, 0xb9, 0x2a, 0xd9, 0x32, 0xd9, 0x2a, 0xb9, 0x2a, 0xb9, 0x32,
    0xd8, 0x2a, 0xb9, 0x2a, 0xb8, 0x32, 0xb8, 0x32, 0x98, 0x2a, 0xb8, 0x2a,
    0x98, 0x32, 0xb7, 0x32, 0x97, 0x2a, 0x97, 0x2a, 0x96, 0x2a, 0x96, 0x32,
    0x76, 0x2a, 0x75, 0x32, 0x75, 0x2a, 0x75, 0x2a, 0x54, 0x2a, 0x34, 0x32,
    0x53, 0x2a, 0x12, 0x2a, 0x12, 0x2a, 0xaf, 0x21, 0xb0, 0x21, 0xf1, 0x21,
    0xf1, 0x21, 0xf2, 0x21, 0xf2, 0x29, 0x13, 0x22, 0x14, 0x22, 0x14, 0x2a,
    0x34, 0x22, 0x35, 0x2a, 0x35, 0x22, 0x56, 0x22, 0x56, 0x22, 0x56, 0x2a,
    0x57, 0x22, 0x77, 0x2a, 0x57, 0x2a, 0x77, 0x22, 0x77, 0x2a, 0x78, 0x2a,
    0x78, 0x2a, 0x77, 0x2a, 0x98, 0x22, 0x78, 0x2a, 0x98, 0x2a, 0x98, 0x2a,
    0x78, 0x2a, 0x99, 0x2a, 0x98, 0x2a, 0x79, 0x2a, 0x98, 0x2a, 0x98, 0x2a,
    0x99, 0x2a, 0x98, 0x2a, 0x99, 0x2a, 0x98, 0x2a, 0x99, 0x2a, 0x99, 0x2a,
    0x98, 0x2a, 0x98, 0x2a, 0x99, 0x2a, 0x99, 0x2a, 0x98, 0x2a, 0x99, 0x2a,
    0x99, 0x2a, 0x98, 0x2a, 0x98, 0x2a, 0xb9, 0x2a, 0x98, 0x2a, 0x99, 0x2a,
    0xb9, 0x2a, 0x99, 0x2a, 0xb9, 0x2a, 0xb9, 0x32, 0xb9, 0x2a, 0xb9, 0x2a,
    0xb9, 0x32, 0xb9, 0x2a, 0xb9, 0x2a, 0xb9, 0x32, 0xb9, 0x2a, 0xb9, 0x2a,
    0xb9, 0x32, 0xb9, 0x2a, 0xb9, 0x2a, 0xb9, 0x2a, 0xb9, 0x2a, 0xb9, 0x2a,
    0xb9, 0x2a, 0xb9, 0x32, 0xb9, 0x2a, 0xb9, 0x2a, 0xb9, 0x2a, 0xb9, 0x2a,
    0xb9, 0x32, 0xb9, 0x2a, 0xb9, 0x32, 0xb9, 0x2a, 0xb9, 0x2a, 0xb9, 0x32,
    0xb9, 0x2a, 0xb9, 0x2a, 0xb9, 0x2a, 0xb9, 0x32, 0x99, 0x2a, 0x99, 0x2a,
    0x98, 0x2a, 0xb9, 0x2a, 0x99, 0x2a, 0x98, 0x2a, 0xb8, 0x2a, 0x99, 0x2a,
    0x99, 0x2a, 0x98, 0x2a, 0x98, 0x2a, 0x98, 0x2a, 0x98, 0x2a, 0x78, 0x2a,
    0x98, 0x2a, 0x79, 0x2a, 0x98, 0x2a, 0x98, 0x2a, 0x98, 0x2a, 0x98, 0x2a,
    0x98, 0x2a, 0x99, 0x2a, 0x98, 0x2a, 0x78, 0x2a, 0x98, 0x2a, 0x98, 0x2a,
    0x98, 0x2a, 0x78, 0x2a, 0x98, 0x2a, 0x78, 0x2a, 0x98, 0x2a, 0x98, 0x2a,
    0x78, 0x2a, 0x98, 0x2a, 0x98, 0x2a, 0x98, 0x2a, 0x78, 0x2a, 0x78, 0x2a,
    0x98, 0x2a, 0x98, 0x2a, 0x78, 0x2a, 0x77, 0x2a, 0x98, 0x2a, 0x78, 0x2a,
    0x78, 0x2a, 0x98, 0x2a, 0x78, 0x2a, 0x78, 0x2a, 0x78, 0x2a, 0x98, 0x2a,
    0x78, 0x2a, 0x98, 0x2a, 0x98, 0x2a, 0x98, 0x2a, 0x98, 0x2a, 0x78, 0x2a,
    0x77, 0x2a, 0x98, 0x2a, 0x78, 0x2a, 0x78, 0x2a, 0x98, 0x2a, 0x78, 0x2a,
    0x78, 0x2a, 0x98, 0x2a, 0x78, 0x2a, 0x78, 0x2a, 0x78, 0x2a, 0x98, 0x2a,
    0x57, 0x2a, 0xd1, 0x19, 0x13, 0x22, 0x56, 0x22, 0x78, 0x2a, 0x99, 0x2a,
    0xd9, 0x2a, 0xb9, 0x2a, 0xb9, 0x32, 0xd9, 0x2a, 0xd9, 0x32, 0xb9, 0x2a,
    0xb9, 0x2a, 0xb9, 0x32, 0xb9, 0x32, 0xb9, 0x2a, 0xb8, 0x2a, 0xb8, 0x32,
    0xb9, 0x2a, 0xb8, 0x2a, 0x98, 0x32, 0xb8, 0x2a, 0x97, 0x2a, 0x97, 0x32,
    0x97, 0x32, 0x96, 0x2a, 0x76, 0x2a, 0x76, 0x32, 0x75, 0x32, 0x75, 0x2a,
    0x54, 0x2a, 0x54, 0x32, 0x54, 0x2a, 0x53, 0x2a, 0x12, 0x2a, 0x12, 0x2a,
    0xaf, 0x21, 0xaf, 0x19, 0xf1, 0x21, 0xf1, 0x21, 0xf2, 0x21, 0xf2, 0x21,
    0x13, 0x22, 0x13, 0x2a, 0x13, 0x22, 0x34, 0x22, 0x35, 0x2a, 0x55, 0x2a,
    0x56, 0x22, 0x36, 0x2a, 0x56, 0x2a, 0x56, 0x22, 0x77, 0x2a, 0x77, 0x2a,
    0x57, 0x22, 0x77, 0x2a, 0x78, 0x2a, 0x78, 0x22, 0x78, 0x2a, 0x98, 0x2a,
    0x78, 0x2a, 0x98, 0x2a, 0x98, 0x2a, 0x78, 0x2a, 0x98, 0x2a, 0x98, 0x2a,
    0x98, 0x2a, 0x99, 0x2a, 0x79, 0x2a, 0x98, 0x2a, 0x98, 0x2a, 0x78, 0x2a,
    0x98, 0x2a, 0x98, 0x2a, 0x98, 0x2a, 0x98, 0x2a, 0x99, 0x2a, 0x98, 0x2a,
    0x99, 0x2a, 0x99, 0x2a, 0x98, 0x2a, 0x98, 0x2a, 0x99, 0x2a, 0x99, 0x2a,
    0x99, 0x2a, 0x98, 0x2a, 0x98, 0x2a, 0x98, 0x2a, 0x99, 0x2a, 0x99, 0x2a,
    0x99, 0x2a, 0x99, 0x2a, 0xb9, 0x2a, 0xb9, 0x2a, 0xb9, 0x32, 0xb9, 0x2a,
    0xb9, 0x2a, 0xb9, 0x2a, 0xb9, 0x32, 0xb9, 0x2a, 0xb9, 0x2a, 0xb9, 0x32,
    0xb9, 0x2a, 0xb9, 0x32, 0xb9, 0x2a, 0xb9, 0x32, 0xb9, 0x2a, 0xb9, 0x2a,
    0xb9, 0x32, 0xb9, 0x2a, 0xb9, 0x2a, 0xb9, 0x2a, 0xb9, 0x2a, 0xb9, 0x2a,
    0xb9, 0x2a, 0xb9, 0x2a, 0xb9, 0x2a, 0xb9, 0x2a, 0xb9, 0x32, 0xb9, 0x2a,
    0x99, 0x2a, 0x99, 0x2a, 0x98, 0x2a, 0x99, 0x2a, 0x98, 0x2a, 0xb9, 0x32,
    0x98, 0x2a, 0x98, 0x2a, 0x98, 0x2a, 0x99, 0x2a, 0x98, 0x2a, 0x98, 0x2a,
    0x99, 0x2a, 0x98, 0x2a, 0x98, 0x2a, 0x99, 0x2a, 0x98, 0x2a, 0x98, 0x2a,
    0x79, 0x2a, 0x98, 0x2a, 0x98, 0x2a, 0x99, 0x2a, 0x98, 0x2a, 0x98, 0x2a,
    0x98, 0x2a, 0x99, 0x2a, 0x98, 0x2a, 0x78, 0x2a, 0x98, 0x2a, 0x78, 0x2a,
    0x98, 0x2a, 0x78, 0x2a, 0x78, 0x2a, 0x98, 0x2a, 0x98, 0x2a, 0x98, 0x2a,
    0x98, 0x2a, 0x98, 0x2a, 0x78, 0x2a, 0x98, 0x2a, 0x98, 0x2a, 0x78, 0x2a,
    0x78, 0x2a, 0x98, 0x2a, 0x78, 0x2a, 0x98, 0x2a, 0x98, 0x2a, 0x78, 0x2a,
    0x97, 0x2a, 0x77, 0x2a, 0x78, 0x2a, 0x77, 0x2a, 0x97, 0x2a, 0x78, 0x2a,
    0x78, 0x2a, 0x98, 0x2a, 0x78, 0x2a, 0x98, 0x2a, 0x78, 0x2a, 0x98, 0x2a,
    0x98, 0x2a, 0x78, 0x2a, 0x98, 0x2a, 0x98, 0x2a, 0x78, 0x2a, 0x97, 0x2a,
    0x78, 0x2a, 0x78, 0x2a, 0x98, 0x2a, 0x57, 0x22, 0xd2, 0x21, 0x13, 0x22,
    0x56, 0x2a, 0x98, 0x2a, 0xb9, 0x32, 0xd9, 0x32, 0xb9, 0x32, 0xb9, 0x2a,
    0xd9, 0x2a, 0xb9, 0x32, 0xd9, 0x32, 0xd9, 0x2a, 0xb9, 0x32, 0xb9, 0x2a,
    0xb8, 0x32, 0xb9, 0x32, 0xb8, 0x2a, 0xb8, 0x32, 0xb8, 0x32, 0xb8, 0x2a,
    0x98, 0x32, 0x97, 0x2a, 0x97, 0x32, 0x97, 0x2a, 0x96, 0x2a, 0x76, 0x32,
    0x76, 0x2a, 0x75, 0x2a, 0x75, 0x32, 0x75, 0x2a, 0x54, 0x2a, 0x34, 0x2a,
    0x53, 0x32, 0x32, 0x2a, 0x12, 0x2a, 0xaf, 0x21, 0xb0, 0x21, 0xf1, 0x21,
    0xf1, 0x21, 0xf2, 0x21, 0x12, 0x2a, 0x13, 0x22, 0x14, 0x22, 0x13, 0x2a,
    0x34, 0x22, 0x34, 0x22, 0x36, 0x2a, 0x55, 0x2a, 0x56, 0x2a, 0x56, 0x22,
    0x56, 0x2a, 0x77, 0x2a, 0x57, 0x22, 0x57, 0x2a, 0x77, 0x2a, 0x77, 0x2a,
    0x78, 0x2a, 0x78, 0x2a, 0x98, 0x2a, 0x78, 0x2a, 0x98, 0x2a, 0x98, 0x2a,
    0x98, 0x2a, 0x78, 0x2a, 0x98, 0x2a, 0x98, 0x2a, 0x79, 0x2a, 0x98, 0x2a,
    0x98, 0x2a, 0x99, 0x2a, 0x98, 0x2a, 0x98, 0x2a, 0x98, 0x2a, 0x98, 0x2a,
    0x99, 0x2a, 0x99, 0x2a, 0x98, 0x2a, 0x98, 0x2a, 0x99, 0x2a, 0x98, 0x2a,
    0x98, 0x2a, 0x98, 0x2a, 0x98, 0x2a, 0x98, 0x2a, 0x99, 0x2a, 0xb8, 0x2a,
    0x98, 0x32, 0x98, 0x2a, 0x99, 0x2a, 0x98, 0x2a, 0x98, 0x2a, 0x99, 0x2a,
    0x99, 0x2a, 0x99, 0x2a, 0x99, 0x2a, 0x99, 0x2a, 0x99, 0x2a, 0x99, 0x2a,
    0xb9, 0x2a, 0x98, 0x2a, 0x99, 0x2a, 0x99, 0x2a, 0x99, 0x2a, 0x99, 0x2a,
    0x98, 0x2a, 0xb9, 0x2a, 0x99, 0x2a, 0x99, 0x2a, 0x99, 0x2a, 0x99, 0x2a,
    0x99, 0x2a, 0xb9, 0x32, 0xb9, 0x2a, 0x99, 0x2a, 0x99, 0x2a, 0xb9, 0x32,
    0x99, 0x2a, 0x99, 0x2a, 0x99, 0x2a, 0x99, 0x2a, 0x99, 0x2a, 0xb8, 0x2a,
    0x98, 0x2a, 0x98, 0x2a, 0x98, 0x2a, 0x99, 0x2a, 0x98, 0x2a, 0x98, 0x2a,
    0x98, 0x2a, 0x98, 0x2a, 0x98, 0x2a, 0x99, 0x2a, 0x78, 0x2a, 0x98, 0x2a,
    0x98, 0x2a, 0x98, 0x2a, 0x78, 0x2a, 0x99, 0x2a, 0x98, 0x2a, 0x78, 0x2a,
    0x99, 0x2a, 0x78, 0x2a, 0x98, 0x2a, 0x98, 0x2a, 0x78, 0x2a, 0x99, 0x2a,
    0x98, 0x2a, 0x98, 0x2a, 0x78, 0x2a, 0x98, 0x2a, 0x98, 0x2a, 0x78, 0x2a,
    0x98, 0x2a, 0x98, 0x2a, 0x78, 0x2a, 0x98, 0x2a, 0x98, 0x2a, 0x98, 0x2a,
    0x78, 0x2a, 0x78, 0x2a, 0x98, 0x2a, 0x98, 0x2a, 0x78, 0x2a, 0x98, 0x2a,
    0x78, 0x2a, 0x97, 0x2a, 0x98, 0x2a, 0x98, 0x2a, 0x98, 0x2a, 0x78, 0x2a,
    0x78, 0x2a, 0x98, 0x2a, 0x78, 0x2a, 0x78, 0x2a, 0x98, 0x2a, 0x98, 0x2a,
    0x78, 0x2a, 0x98, 0x2a, 0x78, 0x2a, 0x98, 0x2a, 0x98, 0x2a, 0x78, 0x2a,
    0x78, 0x2a, 0x98, 0x2a, 0x98, 0x2a, 0x77, 0x2a, 0x78, 0x2a, 0x98, 0x2a,
    0x76, 0x22, 0xf2, 0x19, 0x14, 0x22, 0x77, 0x2a, 0x98, 0x2a, 0xb9, 0x2a,
    0xb9, 0x32, 0xd9, 0x32, 0xd9, 0x2a, 0xb9, 0x32, 0xb9, 0x32, 0xd9, 0x32,
    0xd9, 0x32, 0xb9, 0x2a, 0xd9, 0x32, 0xb9, 0x32, 0xb8, 0x32, 0xb8, 0x2a,
    0xb8, 0x32, 0xb8, 0x2a, 0xb8, 0x32, 0x98, 0x32, 0x97, 0x2a, 0x97, 0x32,
    0x97, 0x32, 0x96, 0x2a, 0x96, 0x32, 0x76, 0x32, 0x75, 0x2a, 0x75, 0x2a,
    0x74, 0x2a, 0x54, 0x2a, 0x54, 0x2a, 0x53, 0x32, 0x12, 0x2a, 0x12, 0x2a,
    0xaf, 0x21, 0xcf, 0x21, 0xf1, 0x21, 0xf2, 0x21, 0xf2, 0x21, 0x12, 0x22,
    0x13, 0x22, 0x14, 0x2a, 0x14, 0x22, 0x34, 0x22, 0x35, 0x2a, 0x35, 0x22,
    0x56, 0x22, 0x56, 0x2a, 0x56, 0x22, 0x57, 0x2a, 0x77, 0x2a, 0x77, 0x22,
    0x77, 0x2a, 0x77, 0x2a, 0x77, 0x2a, 0x98, 0x22, 0x78, 0x2a, 0x98, 0x2a,
    0x98, 0x2a, 0x98, 0x2a, 0x98, 0x2a, 0x99, 0x2a, 0x79, 0x2a, 0x98, 0x2a,
    0x98, 0x2a, 0x79, 0x2a, 0x98, 0x2a, 0x98, 0x2a, 0x78, 0x2a, 0x99, 0x2a,
    0x98, 0x2a, 0x99, 0x2a, 0x98, 0x2a, 0x98, 0x2a, 0x98, 0x2a, 0x98, 0x2a,
    0x98, 0x2a, 0x98, 0x2a, 0x98, 0x2a, 0x98, 0x2a, 0x98, 0x2a, 0x98, 0x2a,
    0x98, 0x2a, 0x98, 0x2a, 0x98, 0x2a, 0x99, 0x2a, 0xb8, 0x2a, 0x99, 0x2a,
    0x98, 0x32, 0x98, 0x2a, 0x99, 0x2a, 0x98, 0x2a, 0x98, 0x2a, 0x98, 0x2a,
    0x98, 0x2a, 0x99, 0x2a, 0x98, 0x2a, 0x99, 0x2a, 0x98, 0x2a, 0x98, 0x2a,
    0x99, 0x2a, 0x98, 0x2a, 0x99, 0x2a, 0x98, 0x2a, 0x99, 0x2a, 0x98, 0x2a,
    0x98, 0x2a, 0x99, 0x2a, 0x98, 0x2a, 0x99, 0x2a, 0x99, 0x2a, 0x98, 0x2a,
    0x98, 0x2a, 0x99, 0x2a, 0x98, 0x2a, 0x99, 0x2a, 0x99, 0x2a, 0x98, 0x2a,
    0x98, 0x2a, 0x99, 0x32, 0xb9, 0x2a, 0x98, 0x2a, 0x99, 0x2a, 0xb9, 0x2a,
    0x98, 0x2a, 0x98, 0x2a, 0x99, 0x2a, 0x98, 0x2a, 0x98, 0x2a, 0x99, 0x2a,
    0x98, 0x2a, 0x98, 0x2a, 0x99, 0x2a, 0x78, 0x2a, 0x98, 0x2a, 0x98, 0x2a,
    0x98, 0x2a, 0x98, 0x2a, 0x98, 0x2a, 0x98, 0x2a, 0x98, 0x2a, 0x98, 0x2a,
    0x99, 0x2a, 0x98, 0x2a, 0x98, 0x2a, 0x98, 0x2a, 0x98, 0x2a, 0x98, 0x2a,
    0x78, 0x2a, 0x98, 0x2a, 0x98, 0x2a, 0x78, 0x2a, 0x98, 0x2a, 0x98, 0x2a,
    0x78, 0x2a, 0x98, 0x2a, 0x98, 0x2a, 0x98, 0x2a, 0x78, 0x2a, 0x78, 0x2a,
    0x98, 0x2a, 0x98, 0x2a, 0x78, 0x2a, 0x78, 0x2a, 0x78, 0x2a, 0x78, 0x2a,
    0x78, 0x2a, 0x98, 0x2a, 0x98, 0x2a, 0x98, 0x2a, 0x98, 0x2a, 0x98, 0x2a,
    0x78, 0x2a, 0x98, 0x2a, 0x78, 0x2a, 0x78, 0x2a, 0x98, 0x2a, 0x78, 0x2a,
    0x78, 0x2a, 0x98, 0x2a, 0x98, 0x2a, 0x98, 0x2a, 0x98, 0x2a, 0x78, 0x2a,
    0x78, 0x2a, 0x98, 0x2a, 0x98, 0x2a, 0x56, 0x2a, 0xd2, 0x21, 0x35, 0x22,
    0x78, 0x2a, 0x98, 0x2a, 0xb9, 0x2a, 0xb9, 0x32, 0xb9, 0x2a, 0xd9, 0x2a,
    0xda, 0x32, 0xb9, 0x2a, 0xb9, 0x2a, 0xd9, 0x32, 0xb9, 0x32, 0xb9, 0x2a,
    0xb8, 0x32, 0xb9, 0x2a, 0xb8, 0x32, 0xb8, 0x32, 0xb8, 0x2a, 0xb8, 0x2a,
    0x98, 0x32, 0xb7, 0x2a, 0x97, 0x2a, 0x97, 0x32, 0x96, 0x2a, 0x96, 0x2a,
    0x76, 0x2a, 0x75, 0x32, 0x75, 0x32, 0x55, 0x2a, 0x54, 0x2a, 0x54, 0x32,
    0x53, 0x2a, 0x32, 0x2a, 0x12, 0x2a, 0xaf, 0x21, 0xaf, 0x21, 0xf1, 0x21,
    0xf1, 0x21, 0xf2, 0x21, 0x13, 0x22, 0x13, 0x2a, 0x13, 0x22, 0x13, 0x22,
    0x34, 0x2a, 0x35, 0x2a, 0x55, 0x22, 0x55, 0x2a, 0x56, 0x2a, 0x56, 0x22,
    0x56, 0x2a, 0x77, 0x22, 0x57, 0x2a, 0x57, 0x22, 0x77, 0x2a, 0x77, 0x22,
    0x78, 0x2a, 0x78, 0x2a, 0x98, 0x2a, 0x78, 0x2a, 0x78, 0x2a, 0x98, 0x2a,
    0x98, 0x2a, 0x98, 0x2a, 0x98, 0x2a, 0x98, 0x2a, 0x98, 0x2a, 0x99, 0x2a,
    0x79, 0x2a, 0x98, 0x2a, 0x98, 0x2a, 0x78, 0x2a, 0x98, 0x2a, 0x99, 0x2a,
    0x98, 0x2a, 0x98, 0x2a, 0x99, 0x2a, 0x98, 0x2a, 0x98, 0x2a, 0x99, 0x2a,
    0x99, 0x2a, 0x98, 0x2a, 0x98, 0x2a, 0x99, 0x2a, 0x98, 0x2a, 0x98, 0x2a,
    0x98, 0x2a, 0x99, 0x2a, 0x98, 0x2a, 0x99, 0x2a, 0x98, 0x2a, 0x99, 0x2a,
    0x98, 0x2a, 0x98, 0x2a, 0x99, 0x32, 0xb9, 0x2a, 0x98, 0x2a, 0x98, 0x2a,
    0xb9, 0x32, 0x98, 0x2a, 0x99, 0x2a, 0x98, 0x2a, 0xb8, 0x2a, 0x98, 0x2a,
    0x99, 0x2a, 0xb8, 0x2a, 0x99, 0x2a, 0xb8, 0x2a, 0xb8, 0x2a, 0x98, 0x2a,
    0xb8, 0x2a, 0x98, 0x2a, 0x99, 0x2a, 0x98, 0x2a, 0x98, 0x2a, 0xb8, 0x2a,
    0x98, 0x2a, 0x99, 0x32, 0xb8, 0x2a, 0x98, 0x2a, 0x99, 0x2a, 0x98, 0x2a,
    0x98, 0x2a, 0x98, 0x2a, 0x98, 0x2a, 0x98, 0x2a, 0x98, 0x2a, 0x99, 0x2a,
    0x98, 0x2a, 0x98, 0x2a, 0x98, 0x2a, 0x98, 0x2a, 0x98, 0x2a, 0x98, 0x2a,
    0x99, 0x2a, 0x98, 0x2a, 0x99, 0x2a, 0x98, 0x2a, 0x98, 0x2a, 0x99, 0x2a,
    0x98, 0x2a, 0x98, 0x2a, 0x79, 0x2a, 0x98, 0x2a, 0x98, 0x2a, 0x98, 0x2a,
    0x98, 0x2a, 0x98, 0x2a, 0x98, 0x2a, 0x98, 0x2a, 0x98, 0x2a, 0x98, 0x2a,
    0x98, 0x2a, 0x98, 0x2a, 0x98, 0x2a, 0x98, 0x2a, 0x78, 0x2a, 0x98, 0x2a,
    0x98, 0x2a, 0x98, 0x2a, 0x98, 0x2a, 0x78, 0x2a, 0x78, 0x2a, 0x98, 0x2a,
    0x98, 0x2a, 0x98, 0x2a, 0x98, 0x2a, 0x78, 0x2a, 0x78, 0x2a, 0x98, 0x2a,
    0x78, 0x2a, 0x78, 0x2a, 0x98, 0x2a, 0x98, 0x2a, 0x78, 0x2a, 0x98, 0x2a,
    0x98, 0x2a, 0x97, 0x2a, 0x98, 0x2a, 0x78, 0x2a, 0x98, 0x2a, 0x98, 0x2a,
    0x98, 0x2a, 0x98, 0x2a, 0x98, 0x2a, 0x78, 0x2a, 0x78, 0x2a, 0x98, 0x2a,
    0x77, 0x2a, 0xf2, 0x21, 0x55, 0x22, 0x77, 0x2a, 0x98, 0x2a, 0xd9, 0x32,
    0xb9, 0x32, 0xb9, 0x32, 0xda, 0x32, 0xb9, 0x32, 0xd9, 0x2a, 0xb9, 0x32,
    0xd9, 0x32, 0xb9, 0x2a, 0xb9, 0x32, 0xd9, 0x2a, 0xb8, 0x32, 0xb8, 0x32,
    0xb9, 0x2a, 0xb8, 0x32, 0xb8, 0x32, 0x98, 0x2a, 0xb7, 0x32, 0x97, 0x32,
    0x97, 0x2a, 0x96, 0x32, 0x96, 0x2a, 0x76, 0x2a, 0x75, 0x32, 0x75, 0x2a,
    0x75, 0x32, 0x54, 0x2a, 0x54, 0x2a, 0x53, 0x2a, 0x12, 0x2a, 0x12, 0x2a,
    0xaf, 0x21, 0xb0, 0x21, 0xf1, 0x21, 0xf1, 0x21, 0xf2, 0x21, 0x12, 0x2a,
    0x13, 0x22, 0x13, 0x2a, 0x14, 0x22, 0x34, 0x22, 0x35, 0x22, 0x36, 0x2a,
    0x56, 0x22, 0x56, 0x2a, 0x56, 0x2a, 0x76, 0x22, 0x56, 0x2a, 0x57, 0x2a,
    0x77, 0x22, 0x77, 0x2a, 0x77, 0x2a, 0x78, 0x2a, 0x78, 0x2a, 0x98, 0x22,
    0x78, 0x2a, 0x98, 0x2a, 0x98, 0x2a, 0x78, 0x2a, 0x98, 0x2a, 0x79, 0x2a,
    0x98, 0x2a, 0x98, 0x2a, 0x79, 0x2a, 0x98, 0x2a, 0x98, 0x2a, 0x99, 0x2a,
    0x98, 0x2a, 0x98, 0x2a, 0x98, 0x2a, 0x99, 0x2a, 0x98, 0x2a, 0x98, 0x2a,
    0x99, 0x2a, 0x98, 0x2a, 0x98, 0x2a, 0x98, 0x2a, 0x98, 0x2a, 0x99, 0x2a,
    0x98, 0x2a, 0x98, 0x2a, 0x98, 0x2a, 0x98, 0x2a, 0x98, 0x2a, 0x98, 0x2a,
    0x98, 0x2a, 0x98, 0x2a, 0x98, 0x2a, 0x99, 0x2a, 0x98, 0x2a, 0x98, 0x2a,
    0x98, 0x2a, 0x99, 0x2a, 0x98, 0x2a, 0x98, 0x2a, 0x98, 0x2a, 0x99, 0x2a,
    0x99, 0x2a, 0x98, 0x2a, 0x98, 0x2a, 0x99, 0x2a, 0x99, 0x2a, 0x99, 0x2a,
    0x99, 0x2a, 0x98, 0x2a, 0x99, 0x2a, 0x98, 0x2a, 0x98, 0x32, 0xb9, 0x2a,
    0x98, 0x2a, 0x98, 0x2a, 0x99, 0x2a, 0x98, 0x2a, 0xb8, 0x2a, 0x99, 0x2a,
    0x98, 0x2a, 0x98, 0x2a, 0x99, 0x2a, 0x99, 0x2a, 0x98, 0x2a, 0x98, 0x2a,
    0x99, 0x2a, 0x98, 0x2a, 0x98, 0x2a, 0x98, 0x2a, 0x99, 0x2a, 0x98, 0x2a,
    0x99, 0x2a, 0x98, 0x2a, 0x78, 0x2a, 0x98, 0x2a, 0x98, 0x2a, 0x98, 0x2a,
    0x99, 0x2a, 0x98, 0x2a, 0x98, 0x2a, 0x99, 0x2a, 0x98, 0x2a, 0x98, 0x2a,
    0x98, 0x2a, 0x99, 0x2a, 0x98, 0x2a, 0x78, 0x2a, 0x78, 0x2a, 0x98, 0x2a,
    0x98, 0x2a, 0x78, 0x2a, 0x98, 0x2a, 0x98, 0x2a, 0x78, 0x2a, 0x98, 0x2a,
    0x98, 0x2a, 0x98, 0x2a, 0x98, 0x2a, 0x78, 0x2a, 0x98, 0x2a, 0x98, 0x2a,
    0x98, 0x2a, 0x98, 0x2a, 0x98, 0x2a, 0x78, 0x2a, 0x98, 0x2a, 0x98, 0x2a,
    0x78, 0x2a, 0x98, 0x2a, 0x78, 0x2a, 0x78, 0x2a, 0x98, 0x2a, 0x78, 0x2a,
    0x78, 0x2a, 0x98, 0x2a, 0x98, 0x2a, 0x98, 0x2a, 0x98, 0x2a, 0x98, 0x2a,
    0x78, 0x2a, 0x98, 0x2a, 0x98, 0x2a, 0x78, 0x2a, 0x98, 0x2a, 0x98, 0x2a,
    0x78, 0x2a, 0x78, 0x2a, 0x98, 0x2a, 0x57, 0x22, 0xf2, 0x21, 0x56, 0x22,
    0x78, 0x2a, 0x99, 0x2a, 0xd9, 0x2a, 0xd9, 0x32, 0xb9, 0x2a, 0xb9, 0x32,
    0xd9, 0x32, 0xb9, 0x2a, 0xd9, 0x32, 0xd9, 0x32, 0xb9, 0x2a, 0xb9, 0x32,
    0xb9, 0x32, 0xb9, 0x2a, 0xb9, 0x32, 0xb8, 0x32, 0x98, 0x2a, 0xb8, 0x32,
    0x97, 0x2a, 0xb7, 0x32, 0x97, 0x2a, 0x97, 0x2a, 0x97, 0x32, 0x76, 0x32,
    0x96, 0x2a, 0x75, 0x2a, 0x75, 0x2a, 0x54, 0x32, 0x74, 0x2a, 0x54, 0x2a,
    0x53, 0x32, 0x12, 0x2a, 0x12, 0x2a, 0xcf, 0x21, 0xaf, 0x21, 0xf1, 0x21,
    0xf1, 0x21, 0xf2, 0x21, 0xf2, 0x21, 0x13, 0x22, 0x14, 0x2a, 0x13, 0x2a,
    0x34, 0x22, 0x35, 0x22, 0x35, 0x2a, 0x55, 0x22, 0x56, 0x2a, 0x56, 0x2a,
    0x57, 0x22, 0x77, 0x2a, 0x57, 0x2a, 0x77, 0x22, 0x78, 0x2a, 0x77, 0x2a,
    0x78, 0x22, 0x78, 0x2a, 0x98, 0x2a, 0x98, 0x2a, 0x98, 0x2a, 0x98, 0x2a,
    0x98, 0x2a, 0x78, 0x2a, 0x99, 0x2a, 0x98, 0x2a, 0x78, 0x2a, 0x98, 0x2a,
    0x99, 0x2a, 0x79, 0x2a, 0x98, 0x2a, 0x78, 0x2a, 0x98, 0x2a, 0x98, 0x2a,
    0x99, 0x2a, 0x98, 0x2a, 0x98, 0x2a, 0x98, 0x2a, 0x78, 0x2a, 0x98, 0x2a,
    0x98, 0x2a, 0x79, 0x2a, 0x99, 0x2a, 0x98, 0x2a, 0x99, 0x2a, 0x99, 0x2a,
    0x98, 0x2a, 0x99, 0x2a, 0x98, 0x2a, 0x98, 0x2a, 0x98, 0x2a, 0x98, 0x2a,
    0x98, 0x2a, 0x98, 0x2a, 0x98, 0x2a, 0x98, 0x2a, 0x98, 0x2a, 0x98, 0x2a,
    0x98, 0x2a, 0x98, 0x2a, 0x98, 0x2a, 0x98, 0x2a, 0x99, 0x2a, 0x99, 0x2a,
    0x98, 0x2a, 0x98, 0x2a, 0x98, 0x2a, 0x98, 0x2a, 0x99, 0x2a, 0x99, 0x2a,
    0x98, 0x2a, 0x98, 0x2a, 0x99, 0x2a, 0x99, 0x2a, 0x98, 0x2a, 0x99, 0x2a,
    0xb9, 0x2a, 0x98, 0x2a, 0x99, 0x2a, 0xb8, 0x2a, 0xb9, 0x2a, 0x99, 0x2a,
    0x99, 0x2a, 0x98, 0x2a, 0x98, 0x2a, 0x98, 0x2a, 0x99, 0x2a, 0x98, 0x2a,
    0x98, 0x2a, 0x98, 0x2a, 0x99, 0x2a, 0x98, 0x2a, 0x98, 0x2a, 0x99, 0x2a,
    0x78, 0x2a, 0x98, 0x2a, 0x98, 0x2a, 0x98, 0x2a, 0x78, 0x2a, 0x98, 0x2a,
    0x99, 0x2a, 0x99, 0x2a, 0x98, 0x2a, 0x78, 0x2a, 0x99, 0x2a, 0x98, 0x2a,
    0x98, 0x2a, 0x99, 0x2a, 0x98, 0x2a, 0x78, 0x2a, 0x98, 0x2a, 0x98, 0x2a,
    0x78, 0x2a, 0x98, 0x2a, 0x98, 0x2a, 0x78, 0x2a, 0x98, 0x2a, 0x98, 0x2a,
    0x98, 0x2a, 0x98, 0x2a, 0x78, 0x2a, 0x98, 0x2a, 0x98, 0x2a, 0x98, 0x2a,
    0x98, 0x2a, 0x78, 0x2a, 0x98, 0x2a, 0x98, 0x2a, 0x98, 0x2a, 0x98, 0x2a,
    0x98, 0x2a, 0x98, 0x2a, 0x98, 0x2a, 0x98, 0x2a, 0x98, 0x2a, 0x78, 0x2a,
    0x98, 0x2a, 0x78, 0x2a, 0x98, 0x2a, 0x98, 0x2a, 0x98, 0x2a, 0x98, 0x2a,
    0x78, 0x2a, 0x98, 0x2a, 0x98, 0x2a, 0x98, 0x2a, 0x98, 0x2a, 0x98, 0x2a,
    0x57, 0x2a, 0xf3, 0x21, 0x77, 0x2a, 0x98, 0x2a, 0xb9, 0x2a, 0xb9, 0x32,
    0xd9, 0x32, 0xb9, 0x2a, 0xd9, 0x2a, 0xd9, 0x32, 0xba, 0x32, 0xb9, 0x2a,
    0xd9, 0x32, 0xb9, 0x32, 0xb9, 0x2a, 0xb9, 0x32, 0xb9, 0x2a, 0xb8, 0x32,
    0xb8, 0x32, 0xb8, 0x2a, 0xb8, 0x32, 0x98, 0x2a, 0x97, 0x32, 0x97, 0x32,
    0x97, 0x2a, 0x97, 0x2a, 0x96, 0x32, 0x76, 0x2a, 0x76, 0x2a, 0x75, 0x32,
    0x74, 0x2a, 0x54, 0x2a, 0x54, 0x2a, 0x53, 0x32, 0x32, 0x2a, 0x12, 0x2a,
    0xaf, 0x21, 0xaf, 0x19, 0xf1, 0x21, 0xf2, 0x21, 0xf2, 0x29, 0xf2, 0x21,
    0x13, 0x22, 0x14, 0x22, 0x13, 0x2a, 0x34, 0x22, 0x35, 0x2a, 0x55, 0x2a,
    0x55, 0x22, 0x36, 0x2a, 0x56, 0x22, 0x56, 0x2a, 0x57, 0x22, 0x77, 0x2a,
    0x57, 0x2a, 0x77, 0x2a, 0x77, 0x2a, 0x78, 0x2a, 0x77, 0x2a, 0x98, 0x2a,
    0x78, 0x2a, 0x78, 0x2a, 0x98, 0x2a, 0x98, 0x2a, 0x98, 0x2a, 0x98, 0x2a,
    0x98, 0x2a, 0x98, 0x2a, 0x98, 0x2a, 0x98, 0x2a, 0x99, 0x2a, 0x99, 0x2a,
    0x78, 0x2a, 0x99, 0x2a, 0x98, 0x2a, 0x78, 0x2a, 0x99, 0x2a, 0x98, 0x2a,
    0x99, 0x2a, 0x99, 0x2a, 0x98, 0x2a, 0x98, 0x2a, 0x98, 0x2a, 0x79, 0x2a,
    0x98, 0x2a, 0x78, 0x2a, 0x99, 0x2a, 0x98, 0x2a, 0x98, 0x2a, 0x99, 0x2a,
    0x98, 0x2a, 0x98, 0x2a, 0x99, 0x2a, 0x78, 0x2a, 0x98, 0x2a, 0x98, 0x2a,
    0x99, 0x2a, 0x98, 0x2a, 0x98, 0x2a, 0x99, 0x2a, 0x98, 0x2a, 0x98, 0x2a,
    0x98, 0x2a, 0x99, 0x2a, 0x99, 0x2a, 0x98, 0x2a, 0x98, 0x2a, 0x98, 0x2a,
    0x98, 0x2a, 0x99, 0x2a, 0x98, 0x2a, 0x99, 0x2a, 0x98, 0x2a, 0x99, 0x2a,
    0x98, 0x2a, 0x98, 0x2a, 0xb8, 0x2a, 0x98, 0x2a, 0x99, 0x2a, 0x98, 0x2a,
    0x98, 0x2a, 0x99, 0x2a, 0x98, 0x2a, 0x98, 0x2a, 0x98, 0x2a, 0x98, 0x2a,
    0x98, 0x2a, 0x98, 0x2a, 0x99, 0x2a, 0x98, 0x2a, 0x98, 0x2a, 0x98, 0x2a,
    0x78, 0x2a, 0x98, 0x2a, 0x99, 0x2a, 0x98, 0x2a, 0x99, 0x2a, 0x99, 0x2a,
    0x98, 0x2a, 0x98, 0x2a, 0x98, 0x2a, 0x98, 0x2a, 0x98, 0x2a, 0x98, 0x2a,
    0x98, 0x2a, 0x98, 0x2a, 0x98, 0x2a, 0x98, 0x2a, 0x98, 0x2a, 0x98, 0x2a,
    0x98, 0x2a, 0x99, 0x2a, 0x98, 0x2a, 0x78, 0x2a, 0x98, 0x2a, 0x98, 0x2a,
    0x98, 0x2a, 0x78, 0x2a, 0x98, 0x2a, 0x98, 0x2a, 0x98, 0x2a, 0x98, 0x2a,
    0x78, 0x2a, 0x98, 0x2a, 0x98, 0x2a, 0x98, 0x2a, 0x98, 0x2a, 0x78, 0x2a,
    0x98, 0x2a, 0x98, 0x2a, 0x98, 0x2a, 0x98, 0x2a, 0x98, 0x2a, 0x98, 0x2a,
    0x98, 0x2a, 0x98, 0x2a, 0x98, 0x2a, 0x98, 0x2a, 0x98, 0x2a, 0x78, 0x2a,
    0x78, 0x2a, 0x98, 0x2a, 0x98, 0x2a, 0x98, 0x2a, 0x98, 0x2a, 0x78, 0x2a,
    0x98, 0x2a, 0x78, 0x2a, 0x98, 0x2a, 0x76, 0x2a, 0x13, 0x22, 0x57, 0x2a,
    0x98, 0x2a, 0xb9, 0x32, 0xb9, 0x32, 0xb9, 0x32, 0xd9, 0x32, 0xb9, 0x2a,
    0xda, 0x32, 0xb9, 0x32, 0xd9, 0x2a, 0xb9, 0x32, 0xb9, 0x2a, 0xd9, 0x32,
    0xb9, 0x32, 0xb9, 0x2a, 0xb8, 0x32, 0xb8, 0x2a, 0xb8, 0x32, 0xb8, 0x32,
    0x98, 0x32, 0xb7, 0x2a, 0x97, 0x32, 0x97, 0x32, 0x96, 0x2a, 0x76, 0x32,
    0x76, 0x32, 0x75, 0x2a, 0x75, 0x32, 0x75, 0x32, 0x54, 0x2a, 0x54, 0x2a,
    0x53, 0x32, 0x12, 0x2a, 0x12, 0x2a, 0xaf, 0x21, 0xb0, 0x21, 0xf1, 0x21,
    0xf1, 0x21, 0xf2, 0x21, 0x12, 0x2a, 0x13, 0x22, 0x14, 0x22, 0x13, 0x22,
    0x34, 0x22, 0x35, 0x22, 0x35, 0x2a, 0x56, 0x22, 0x55, 0x2a, 0x56, 0x2a,
    0x56, 0x22, 0x57, 0x2a, 0x77, 0x22, 0x57, 0x22, 0x77, 0x2a, 0x77, 0x22,
    0x78, 0x2a, 0x78, 0x2a, 0x98, 0x2a, 0x78, 0x22, 0x78, 0x2a, 0x98, 0x2a,
    0x98, 0x2a, 0x99, 0x2a, 0x78, 0x2a, 0x99, 0x2a, 0x79, 0x2a, 0x98, 0x2a,
    0x78, 0x2a, 0x98, 0x2a, 0x98, 0x2a, 0x98, 0x2a, 0x99, 0x2a, 0x78, 0x2a,
    0x98, 0x2a, 0x98, 0x2a, 0x78, 0x2a, 0x98, 0x2a, 0x98, 0x2a, 0x98, 0x2a,
    0x98, 0x2a, 0x99, 0x2a, 0x98, 0x2a, 0x78, 0x2a, 0x98, 0x2a, 0x99, 0x2a,
    0x79, 0x2a, 0x78, 0x2a, 0x99, 0x2a, 0x79, 0x2a, 0x98, 0x2a, 0x99, 0x2a,
    0x79, 0x2a, 0x98, 0x2a, 0x99, 0x2a, 0x78, 0x2a, 0x98, 0x2a, 0x99, 0x2a,
    0x99, 0x2a, 0x98, 0x2a, 0x98, 0x2a, 0x98, 0x2a, 0x98, 0x2a, 0x99, 0x2a,
    0x98, 0x2a, 0x98, 0x2a, 0x98, 0x2a, 0x98, 0x2a, 0x98, 0x2a, 0x99, 0x2a,
    0x98, 0x2a, 0x99, 0x2a, 0x98, 0x2a, 0x98, 0x2a, 0xb9, 0x2a, 0x99, 0x32,
    0x98, 0x2a, 0x99, 0x2a, 0xb9, 0x2a, 0x99, 0x2a, 0x99, 0x32, 0xb8, 0x2a,
    0x98, 0x2a, 0x98, 0x2a, 0x99, 0x2a, 0x98, 0x2a, 0x98, 0x2a, 0x98, 0x2a,
    0x99, 0x2a, 0x99, 0x2a, 0x98, 0x2a, 0x98, 0x2a, 0x99, 0x2a, 0x98, 0x2a,
    0x98, 0x2a, 0x98, 0x2a, 0x98, 0x2a, 0x99, 0x2a, 0x98, 0x2a, 0x99, 0x2a,
    0x98, 0x2a, 0x98, 0x2a, 0x99, 0x2a, 0x98, 0x2a, 0x98, 0x2a, 0x99, 0x2a,
    0x98, 0x2a, 0x78, 0x2a, 0x98, 0x2a, 0x98, 0x2a, 0x78, 0x2a, 0x78, 0x2a,
    0x98, 0x2a, 0x98, 0x2a, 0x98, 0x2a, 0x98, 0x2a, 0x98, 0x2a, 0x78, 0x2a,
    0x98, 0x2a, 0x98, 0x2a, 0x98, 0x2a, 0x98, 0x2a, 0x78, 0x2a, 0x98, 0x2a,
    0x98, 0x2a, 0x98, 0x2a, 0x98, 0x2a, 0x78, 0x2a, 0x98, 0x2a, 0x78, 0x2a,
    0x78, 0x2a, 0x98, 0x2a, 0x78, 0x2a, 0x78, 0x2a, 0x98, 0x2a, 0x98, 0x2a,
    0x98, 0x2a, 0x98, 0x2a, 0x98, 0x2a, 0x98, 0x2a, 0x98, 0x2a, 0x98, 0x2a,
    0x98, 0x2a, 0x98, 0x2a, 0x98, 0x2a, 0x98, 0x2a, 0x98, 0x2a, 0x98, 0x2a,
    0x77, 0x2a, 0x14, 0x22, 0x78, 0x2a, 0x98, 0x2a, 0xb9, 0x2a, 0xd9, 0x2a,
    0xd9, 0x32, 0xb9, 0x32, 0xba, 0x2a, 0xda, 0x32, 0xd9, 0x2a, 0xb9, 0x32,
    0xda, 0x32, 0xb9, 0x2a, 0xb9, 0x32, 0xb9, 0x32, 0xb9, 0x2a, 0xb8, 0x32,
    0xb8, 0x32, 0xb8, 0x2a, 0xb8, 0x32, 0x98, 0x2a, 0xb7, 0x2a, 0x97, 0x32,
    0x97, 0x32, 0x97, 0x2a, 0x96, 0x2a, 0x76, 0x32, 0x95, 0x2a, 0x75, 0x2a,
    0x75, 0x32, 0x54, 0x2a, 0x54, 0x2a, 0x54, 0x2a, 0x12, 0x2a, 0x12, 0x2a,
    0xaf, 0x21, 0xaf, 0x21, 0xf1, 0x21, 0xf1, 0x21, 0xf2, 0x21, 0x12, 0x22,
    0x13, 0x22, 0x14, 0x2a, 0x13, 0x2a, 0x34, 0x22, 0x35, 0x22, 0x35, 0x2a,
    0x56, 0x22, 0x56, 0x2a, 0x56, 0x2a, 0x56, 0x22, 0x77, 0x2a, 0x57, 0x2a,
    0x77, 0x2a, 0x77, 0x2a, 0x77, 0x2a, 0x78, 0x22, 0x78, 0x2a, 0x78, 0x2a,
    0x98, 0x2a, 0x98, 0x2a, 0x98, 0x2a, 0x78, 0x2a, 0x98, 0x2a, 0x98, 0x2a,
    0x78, 0x2a, 0x98, 0x2a, 0x98, 0x2a, 0x98, 0x2a, 0x78, 0x2a, 0x98, 0x2a,
    0x98, 0x2a, 0x98, 0x2a, 0x98, 0x2a, 0x99, 0x2a, 0x98, 0x2a, 0x78, 0x2a,
    0x98, 0x2a, 0x78, 0x2a, 0x79, 0x2a, 0x99, 0x2a, 0x99, 0x2a, 0x78, 0x2a,
    0x99, 0x2a, 0x99, 0x2a, 0x98, 0x2a, 0x98, 0x2a, 0x99, 0x2a, 0x98, 0x2a,
    0x78, 0x2a, 0x98, 0x2a, 0x99, 0x2a, 0x98, 0x2a, 0x98, 0x2a, 0x79, 0x2a,
    0x99, 0x2a, 0x98, 0x2a, 0x98, 0x2a, 0x98, 0x2a, 0x98, 0x2a, 0x99, 0x2a,
    0x98, 0x2a, 0x98, 0x2a, 0x99, 0x2a, 0x98, 0x2a, 0x99, 0x2a, 0x98, 0x2a,
    0x98, 0x2a, 0x98, 0x2a, 0x99, 0x2a, 0x99, 0x2a, 0x99, 0x2a, 0x98, 0x2a,
    0x98, 0x2a, 0x98, 0x2a, 0x98, 0x2a, 0x98, 0x2a, 0x98, 0x2a, 0x98, 0x2a,
    0x98, 0x2a, 0x98, 0x2a, 0x99, 0x2a, 0x98, 0x2a, 0x98, 0x2a, 0x99, 0x2a,
    0x98, 0x2a, 0x98, 0x2a, 0x98, 0x2a, 0x98, 0x2a, 0x98, 0x2a, 0x98, 0x2a,
    0x99, 0x2a, 0x98, 0x2a, 0x98, 0x2a, 0x98, 0x2a, 0x98, 0x2a, 0x98, 0x2a,
    0x98, 0x2a, 0x98, 0x2a, 0x99, 0x2a, 0x98, 0x2a, 0x98, 0x2a, 0x99, 0x2a,
    0x98, 0x2a, 0x98, 0x2a, 0x99, 0x2a, 0x98, 0x2a, 0x98, 0x2a, 0x78, 0x2a,
    0x99, 0x2a, 0x98, 0x2a, 0x98, 0x2a, 0x98, 0x2a, 0x98, 0x2a, 0x78, 0x2a,
    0x98, 0x2a, 0x98, 0x2a, 0x98, 0x2a, 0x78, 0x2a, 0x98, 0x2a, 0x98, 0x2a,
    0x98, 0x2a, 0x98, 0x2a, 0x78, 0x2a, 0x98, 0x2a, 0x98, 0x2a, 0x78, 0x2a,
    0x98, 0x2a, 0x98, 0x2a, 0x98, 0x2a, 0x78, 0x2a, 0x98, 0x2a, 0x98, 0x2a,
    0x98, 0x2a, 0x78, 0x2a, 0x98, 0x2a, 0x98, 0x2a, 0x98, 0x2a, 0x98, 0x2a,
    0x98, 0x2a, 0x98, 0x2a, 0x98, 0x2a, 0x98, 0x2a, 0x98, 0x2a, 0x98, 0x2a,
    0x98, 0x2a, 0x98, 0x2a, 0x99, 0x2a, 0x78, 0x2a, 0x34, 0x22, 0x78, 0x2a,
    0x98, 0x2a, 0xd9, 0x2a, 0xb9, 0x32, 0xd9, 0x32, 0xb9, 0x2a, 0xda, 0x32,
    0xb9, 0x32, 0xb9, 0x2a, 0xd9, 0x32, 0xb9, 0x32, 0xb9, 0x2a, 0xb9, 0x32,
    0xd9, 0x2a, 0xb9, 0x32, 0xb9, 0x32, 0xb8, 0x2a, 0xb8, 0x32, 0xb8, 0x2a,
    0x98, 0x2a, 0xb7, 0x32, 0x97, 0x32, 0x97, 0x2a, 0x96, 0x32, 0x96, 0x2a,
    0x76, 0x32, 0x75, 0x32, 0x75, 0x2a, 0x74, 0x2a, 0x54, 0x32, 0x54, 0x2a,
    0x53, 0x2a, 0x32, 0x2a, 0x12, 0x2a, 0xaf, 0x21, 0xcf, 0x21, 0xf1, 0x21,
    0xf1, 0x21, 0xf2, 0x21, 0x12, 0x2a, 0x13, 0x22, 0x14, 0x22, 0x13, 0x2a,
    0x34, 0x2a, 0x35, 0x22, 0x35, 0x2a, 0x55, 0x22, 0x56, 0x22, 0x56, 0x2a,
    0x56, 0x2a, 0x77, 0x22, 0x57, 0x2a, 0x57, 0x22, 0x77, 0x2a, 0x78, 0x2a,
    0x77, 0x2a, 0x78, 0x22, 0x78, 0x2a, 0x98, 0x2a, 0x78, 0x2a, 0x78, 0x2a,
    0x98, 0x2a, 0x98, 0x2a, 0x98, 0x2a, 0x98, 0x2a, 0x98, 0x2a, 0x98, 0x2a,
    0x98, 0x2a, 0x98, 0x2a, 0x98, 0x2a, 0x98, 0x2a, 0x99, 0x2a, 0x99, 0x2a,
    0x99, 0x2a, 0x99, 0x2a, 0x99, 0x2a, 0x99, 0x2a, 0x99, 0x2a, 0x98, 0x2a,
    0x99, 0x2a, 0x98, 0x2a, 0x99, 0x2a, 0x98, 0x2a, 0x99, 0x2a, 0x99, 0x2a,
    0x98, 0x2a, 0x98, 0x2a, 0x99, 0x2a, 0x99, 0x2a, 0x98, 0x2a, 0x99, 0x2a,
    0x98, 0x2a, 0x99, 0x2a, 0x98, 0x2a, 0x98, 0x2a, 0x99, 0x32, 0x99, 0x2a,
    0x98, 0x2a, 0x98, 0x2a, 0x99, 0x2a, 0x99, 0x2a, 0x99, 0x2a, 0xb9, 0x2a,
    0x98, 0x2a, 0x99, 0x2a, 0x99, 0x2a, 0x99, 0x2a, 0x99, 0x2a, 0xb8, 0x2a,
    0x98, 0x2a, 0x99, 0x32, 0xb9, 0x2a, 0x98, 0x2a, 0x99, 0x2a, 0xb9, 0x2a,
    0x99, 0x32, 0x99, 0x2a, 0xb9, 0x2a, 0x98, 0x32, 0x99, 0x2a, 0x99, 0x2a,
    0x99, 0x32, 0x99, 0x32, 0x98, 0x2a, 0xb9, 0x32, 0xb9, 0x2a, 0x99, 0x32,
    0x99, 0x2a, 0x99, 0x32, 0x98, 0x2a, 0x99, 0x32, 0x99, 0x2a, 0xb9, 0x2a,
    0x99, 0x32, 0x99, 0x2a, 0x99, 0x2a, 0x99, 0x32, 0x99, 0x2a, 0x98, 0x2a,
    0x99, 0x32, 0x99, 0x2a, 0x99, 0x2a, 0x99, 0x2a, 0x98, 0x2a, 0x99, 0x2a,
    0x99, 0x2a, 0x99, 0x2a, 0x99, 0x2a, 0x99, 0x2a, 0x99, 0x2a, 0x99, 0x2a,
    0x99, 0x2a, 0xb9, 0x2a, 0xb9, 0x2a, 0x99, 0x2a, 0xb9, 0x2a, 0xb9, 0x2a,
    0x99, 0x2a, 0xb9, 0x2a, 0xb9, 0x2a, 0x99, 0x2a, 0xb9, 0x2a, 0xb8, 0x2a,
    0xb9, 0x2a, 0x99, 0x2a, 0xb9, 0x2a, 0xb9, 0x2a, 0xb9, 0x2a, 0xb9, 0x2a,
    0xb9, 0x2a, 0xb9, 0x2a, 0xb9, 0x2a, 0xb8, 0x2a, 0xb9, 0x2a, 0x99, 0x2a,
    0xb9, 0x2a, 0xb9, 0x2a, 0xb9, 0x2a, 0x99, 0x2a, 0xb9, 0x2a, 0xb9, 0x2a,
    0x99, 0x2a, 0xb9, 0x2a, 0x98, 0x2a, 0x99, 0x32, 0x99, 0x2a, 0xb9, 0x2a,
    0x97, 0x2a, 0x34, 0x22, 0x98, 0x2a, 0xb9, 0x2a, 0xb9, 0x32, 0xd9, 0x32,
    0xb9, 0x32, 0xda, 0x2a, 0xd9, 0x32, 0xb9, 0x32, 0xda, 0x2a, 0xda, 0x32,
    0xb9, 0x2a, 0xb9, 0x32, 0xb9, 0x32, 0xb9, 0x32, 0xb9, 0x32, 0xb8, 0x32,
    0xb9, 0x32, 0xb8, 0x2a, 0x98, 0x32, 0x98, 0x32, 0x98, 0x32, 0x97, 0x2a,
    0x97, 0x32, 0x97, 0x32, 0x96, 0x32, 0x96, 0x2a, 0x76, 0x32, 0x75, 0x32,
    0x75, 0x2a, 0x54, 0x32, 0x74, 0x32, 0x53, 0x2a, 0x12, 0x2a, 0x32, 0x2a,
    0xaf, 0x21, 0xb0, 0x21, 0xf1, 0x21, 0xf2, 0x21, 0xf2, 0x21, 0x12, 0x22,
    0x13, 0x22, 0x13, 0x2a, 0x13, 0x22, 0x34, 0x22, 0x34, 0x22, 0x55, 0x2a,
    0x56, 0x2a, 0x55, 0x22, 0x56, 0x2a, 0x56, 0x2a, 0x57, 0x22, 0x76, 0x2a,
    0x57, 0x22, 0x77, 0x2a, 0x77, 0x2a, 0x77, 0x2a, 0x78, 0x2a, 0x78, 0x2a,
    0x78, 0x2a, 0x98, 0x2a, 0x78, 0x2a, 0x78, 0x22, 0x98, 0x2a, 0x98, 0x2a,
    0x78, 0x2a, 0x98, 0x2a, 0x98, 0x2a, 0x78, 0x2a, 0x98, 0x2a, 0x99, 0x2a,
    0x98, 0x2a, 0x98, 0x2a, 0x99, 0x2a, 0x98, 0x2a, 0xb9, 0x2a, 0xb9, 0x2a,
    0xb9, 0x2a, 0xb9, 0x2a, 0xb9, 0x32, 0x98, 0x2a, 0xb9, 0x2a, 0xb9, 0x2a,
    0xb8, 0x32, 0xb9, 0x2a, 0xb9, 0x2a, 0xb9, 0x32, 0xb9, 0x2a, 0xb9, 0x32,
    0xb9, 0x2a, 0x99, 0x32, 0xb9, 0x32, 0xb9, 0x2a, 0xb9, 0x32, 0xb9, 0x32,
    0xb9, 0x2a, 0xb9, 0x32, 0xb9, 0x2a, 0xb9, 0x32, 0xb9, 0x2a, 0xb9, 0x32,
    0x98, 0x32, 0xb9, 0x32, 0xb9, 0x32, 0xb8, 0x32, 0x99, 0x2a, 0xb8, 0x32,
    0x99, 0x32, 0xb9, 0x32, 0xb9, 0x32, 0xb8, 0x32, 0xb9, 0x2a, 0xb9, 0x2a,
    0xb9, 0x32, 0xb9, 0x2a, 0xb9, 0x2a, 0xb8, 0x32, 0xb9, 0x2a, 0xb9, 0x2a,
    0xb9, 0x32, 0xb8, 0x2a, 0xb9, 0x2a, 0xb9, 0x2a, 0xb8, 0x32, 0xb9, 0x2a,
    0xb9, 0x2a, 0xb9, 0x2a, 0xb9, 0x2a, 0xb9, 0x2a, 0xb9, 0x2a, 0xb8, 0x2a,
    0xb9, 0x32, 0xb9, 0x2a, 0xb8, 0x2a, 0xb9, 0x2a, 0xb9, 0x2a, 0xb8, 0x2a,
    0xb9, 0x2a, 0xb9, 0x2a, 0xb9, 0x2a, 0xb9, 0x2a, 0xb8, 0x32, 0xb9, 0x2a,
    0xb9, 0x2a, 0xb9, 0x32, 0xb9, 0x2a, 0xb8, 0x2a, 0xb9, 0x2a, 0xb8, 0x32,
    0xb8, 0x2a, 0xb9, 0x2a, 0xb8, 0x2a, 0xb9, 0x2a, 0xb9, 0x2a, 0xb9, 0x2a,
    0xb9, 0x2a, 0xb9, 0x2a, 0xb9, 0x32, 0xb9, 0x2a, 0xb9, 0x32, 0xb8, 0x2a,
    0xb9, 0x2a, 0xb9, 0x32, 0xb9, 0x2a, 0xb9, 0x32, 0xb9, 0x2a, 0xb8, 0x32,
    0xb9, 0x2a, 0xb9, 0x32, 0xb9, 0x2a, 0xb9, 0x2a, 0xb9, 0x32, 0xb9, 0x32,
    0xb9, 0x2a, 0xb9, 0x32, 0xb9, 0x32, 0xb9, 0x32, 0xb9, 0x32, 0xb9, 0x32,
    0xb8, 0x32, 0xb9, 0x32, 0xb9, 0x32, 0xb9, 0x32, 0xb9, 0x32, 0xb9, 0x2a,
    0xb9, 0x2a, 0xb8, 0x2a, 0xb9, 0x32, 0x98, 0x2a, 0x35, 0x22, 0x98, 0x2a,
    0xb8, 0x32, 0xb9, 0x32, 0xd9, 0x32, 0xba, 0x2a, 0xb9, 0x32, 0xb9, 0x32,
    0xda, 0x2a, 0xb9, 0x32, 0xba, 0x32, 0xd9, 0x32, 0xb9, 0x32, 0xd9, 0x2a,
    0xb9, 0x32, 0xb9, 0x2a, 0xb9, 0x32, 0xb8, 0x32, 0xb8, 0x32, 0xb8, 0x32,
    0xb8, 0x32, 0x98, 0x2a, 0xb7, 0x32, 0x97, 0x2a, 0x97, 0x32, 0x96, 0x2a,
    0x76, 0x32, 0x95, 0x2a, 0x75, 0x32, 0x75, 0x32, 0x54, 0x2a, 0x54, 0x2a,
    0x53, 0x32, 0x33, 0x2a, 0x12, 0x2a, 0xaf, 0x21, 0xaf, 0x21, 0xf1, 0x21,
    0xf1, 0x21, 0xf2, 0x21, 0xf2, 0x29, 0x13, 0x22, 0x14, 0x22, 0x13, 0x2a,
    0x14, 0x22, 0x34, 0x22, 0x35, 0x2a, 0x35, 0x22, 0x55, 0x22, 0x56, 0x2a,
    0x56, 0x2a, 0x57, 0x22, 0x77, 0x2a, 0x56, 0x2a, 0x77, 0x22, 0x78, 0x2a,
    0x77, 0x22, 0x78, 0x2a, 0x78, 0x2a, 0x97, 0x2a, 0x78, 0x2a, 0x78, 0x2a,
    0x98, 0x2a, 0x98, 0x2a, 0x98, 0x2a, 0x98, 0x2a, 0x78, 0x2a, 0x98, 0x2a,
    0x98, 0x2a, 0x99, 0x2a, 0x98, 0x2a, 0x99, 0x2a, 0x99, 0x2a, 0xb8, 0x2a,
    0xb8, 0x2a, 0xb9, 0x2a, 0xb9, 0x32, 0xb9, 0x2a, 0xb9, 0x32, 0xb9, 0x2a,
    0xb8, 0x2a, 0xb9, 0x2a, 0xb9, 0x32, 0xb9, 0x2a, 0xb8, 0x2a, 0xb9, 0x32,
    0xb9, 0x2a, 0xb9, 0x32, 0xb9, 0x2a, 0xb8, 0x2a, 0xb8, 0x2a, 0xb9, 0x2a,
    0xb9, 0x2a, 0xb9, 0x2a, 0xb9, 0x32, 0xb9, 0x2a, 0xb9, 0x2a, 0xb9, 0x32,
    0xb9, 0x2a, 0xb8, 0x2a, 0xb9, 0x2a, 0xb9, 0x2a, 0xb9, 0x2a, 0xb9, 0x2a,
    0xb9, 0x2a, 0xb9, 0x32, 0xb9, 0x2a, 0xb9, 0x2a, 0xb9, 0x2a, 0xb8, 0x2a,
    0xb9, 0x2a, 0xb9, 0x32, 0xb9, 0x2a, 0xb9, 0x32, 0xb9, 0x32, 0xb9, 0x2a,
    0xb9, 0x2a, 0xb9, 0x32, 0xb9, 0x2a, 0xb9, 0x2a, 0xb9, 0x32, 0xb9, 0x2a,
    0xb9, 0x2a, 0xb9, 0x32, 0xb9, 0x2a, 0xb9, 0x32, 0xb9, 0x2a, 0xb9, 0x32,
    0xb9, 0x2a, 0xb9, 0x32, 0xb9, 0x2a, 0xb9, 0x2a, 0xb9, 0x32, 0xb9, 0x2a,
    0xb9, 0x32, 0xb9, 0x32, 0xb9, 0x2a, 0xb9, 0x32, 0xb9, 0x2a, 0xb9, 0x2a,
    0xb9, 0x32, 0xd9, 0x2a, 0xb9, 0x32, 0xb9, 0x2a, 0xb9, 0x2a, 0xb9, 0x32,
    0xd9, 0x32, 0xb9, 0x32, 0xb9, 0x32, 0xd9, 0x32, 0xd9, 0x32, 0xb9, 0x32,
    0xb9, 0x32, 0xb9, 0x32, 0xb9, 0x32, 0xb9, 0x32, 0xb9, 0x32, 0xb9, 0x32,
    0xd9, 0x32, 0xb9, 0x32, 0xb9, 0x2a, 0xd9, 0x32, 0xb9, 0x32, 0xd9, 0x32,
    0xd9, 0x32, 0xb9, 0x32, 0xd9, 0x32, 0xb9, 0x32, 0xb9, 0x32, 0xb9, 0x32,
    0xb9, 0x32, 0xb9, 0x32, 0xd9, 0x32, 0xb9, 0x2a, 0xb9, 0x32, 0xd9, 0x32,
    0xd9, 0x2a, 0xb9, 0x32, 0xd9, 0x2a, 0xd9, 0x32, 0xb9, 0x32, 0xd9, 0x2a,
    0xd9, 0x32, 0xb9, 0x32, 0xd9, 0x32, 0xd8, 0x32, 0xb9, 0x32, 0xd9, 0x32,
    0x98, 0x2a, 0x56, 0x2a, 0x98, 0x2a, 0xb9, 0x2a, 0xd9, 0x32, 0xb9, 0x2a,
    0xd9, 0x32, 0xb9, 0x32, 0xda, 0x2a, 0xb9, 0x32, 0xb9, 0x32, 0xb9, 0x32,
    0xb9, 0x2a, 0xb9, 0x32, 0xb9, 0x32, 0xd9, 0x32, 0xb9, 0x2a, 0xb8, 0x32,
    0xb8, 0x32, 0xb8, 0x2a, 0xb8, 0x32, 0xb8, 0x32, 0xb7, 0x32, 0x97, 0x2a,
    0x97, 0x32, 0x97, 0x32, 0x96, 0x2a, 0x76, 0x32, 0x96, 0x32, 0x75, 0x2a,
    0x75, 0x2a, 0x74, 0x32, 0x54, 0x2a, 0x54, 0x2a, 0x32, 0x2a, 0x12, 0x2a,
    0xaf, 0x21, 0xaf, 0x21, 0xf1, 0x21, 0xf1, 0x21, 0xf2, 0x21, 0xf2, 0x21,
    0x13, 0x22, 0x13, 0x2a, 0x13, 0x22, 0x34, 0x2a, 0x34, 0x2a, 0x55, 0x22,
    0x36, 0x2a, 0x55, 0x22, 0x56, 0x2a, 0x56, 0x2a, 0x56, 0x22, 0x57, 0x2a,
    0x57, 0x2a, 0x77, 0x2a, 0x77, 0x2a, 0x77, 0x2a, 0x77, 0x2a, 0x78, 0x2a,
    0x77, 0x22, 0x78, 0x2a, 0x98, 0x2a, 0x78, 0x2a, 0x78, 0x2a, 0x78, 0x2a,
    0x98, 0x2a, 0x78, 0x2a, 0x78, 0x2a, 0x98, 0x2a, 0x98, 0x2a, 0x98, 0x2a,
    0x98, 0x2a, 0xb9, 0x2a, 0x99, 0x2a, 0x99, 0x2a, 0xb8, 0x32, 0xb9, 0x2a,
    0xb9, 0x2a, 0xb9, 0x32, 0xb9, 0x32, 0xb9, 0x2a, 0xb9, 0x32, 0xb9, 0x32,
    0xb9, 0x2a, 0xb9, 0x32, 0xb9, 0x2a, 0xb9, 0x2a, 0xb9, 0x32, 0xb9, 0x2a,
    0xb9, 0x32, 0xb9, 0x2a, 0xb9, 0x32, 0xb9, 0x32, 0xb9, 0x2a, 0xb9, 0x32,
    0xb9, 0x32, 0xb9, 0x2a, 0xb9, 0x2a, 0xb9, 0x32, 0xb9, 0x32, 0xb9, 0x32,
    0xb9, 0x32, 0xb9, 0x2a, 0xb9, 0x32, 0xb9, 0x2a, 0xb9, 0x32, 0xb9, 0x32,
    0xb9, 0x2a, 0xb9, 0x2a, 0xb9, 0x32, 0xb9, 0x32, 0xb9, 0x2a, 0xb9, 0x32,
    0xb9, 0x2a, 0xb8, 0x32, 0xb9, 0x32, 0xb9, 0x2a, 0xb9, 0x2a, 0xb9, 0x32,
    0xb9, 0x32, 0xb9, 0x32, 0xb9, 0x32, 0xb9, 0x32, 0xb9, 0x2a, 0xb9, 0x32,
    0xb9, 0x32, 0xb8, 0x32, 0xb9, 0x2a, 0xb9, 0x32, 0xb9, 0x32, 0xb9, 0x32,
    0xb9, 0x32, 0xb9, 0x2a, 0xb9, 0x32, 0xb9, 0x32, 0xb9, 0x2a, 0xb9, 0x32,
    0xb9, 0x32, 0xb9, 0x32, 0xb9, 0x32, 0xb9, 0x32, 0xb9, 0x32, 0xb8, 0x2a,
    0xb9, 0x32, 0xb9, 0x32, 0xb9, 0x2a, 0xb9, 0x32, 0xb9, 0x2a, 0xb9, 0x2a,
    0xb9, 0x32, 0xb9, 0x2a, 0xb9, 0x32, 0xb9, 0x32, 0xb9, 0x2a, 0xb9, 0x32,
    0xd9, 0x32, 0xb9, 0x2a, 0xb9, 0x2a, 0xb9, 0x32, 0xb9, 0x32, 0xb9, 0x32,
    0xb9, 0x2a, 0xb9, 0x32, 0xb9, 0x2a, 0xb9, 0x2a, 0xb9, 0x32, 0xb9, 0x2a,
    0xb9, 0x2a, 0xb9, 0x32, 0xd9, 0x2a, 0xb9, 0x2a, 0xb9, 0x32, 0xb9, 0x2a,
    0xb9, 0x32, 0xb9, 0x2a, 0xd9, 0x2a, 0xb9, 0x32, 0xb9, 0x2a, 0xb9, 0x32,
    0xb9, 0x2a, 0xb9, 0x2a, 0xb9, 0x32, 0xb9, 0x2a, 0xb9, 0x32, 0xb9, 0x2a,
    0xb9, 0x32, 0xb9, 0x2a, 0xd9, 0x32, 0x98, 0x2a, 0x57, 0x2a, 0x98, 0x2a,
    0xb8, 0x32, 0xb9, 0x32, 0xb9, 0x32, 0xb9, 0x2a, 0xd9, 0x32, 0xb9, 0x32,
    0xb9, 0x32, 0xb9, 0x2a, 0xd9, 0x32, 0xb9, 0x32, 0xb9, 0x2a, 0xb9, 0x32,
    0xb9, 0x32, 0xb9, 0x32, 0xb8, 0x32, 0xb9, 0x2a, 0xb8, 0x32, 0x98, 0x32,
    0xb8, 0x2a, 0x98, 0x32, 0x97, 0x32, 0x97, 0x2a, 0x96, 0x32, 0x96, 0x32,
    0x76, 0x2a, 0x75, 0x32, 0x75, 0x32, 0x75, 0x32, 0x54, 0x32, 0x54, 0x2a,
    0x53, 0x32, 0x32, 0x2a, 0x12, 0x2a, 0xaf, 0x21, 0xd0, 0x21, 0xf1, 0x21,
    0xf1, 0x21, 0xf2, 0x21, 0xf2, 0x21, 0x13, 0x2a, 0x13, 0x22, 0x13, 0x22,
    0x14, 0x22, 0x34, 0x22, 0x35, 0x2a, 0x55, 0x2a, 0x56, 0x22, 0x56, 0x2a,
    0x56, 0x2a, 0x56, 0x22, 0x56, 0x22, 0x57, 0x2a, 0x77, 0x2a, 0x77, 0x22,
    0x78, 0x2a, 0x78, 0x2a, 0x97, 0x2a, 0x78, 0x2a, 0x78, 0x2a, 0x97, 0x2a,
    0x78, 0x2a, 0x98, 0x2a, 0x98, 0x2a, 0x78, 0x2a, 0x98, 0x2a, 0x78, 0x2a,
    0x98, 0x2a, 0x98, 0x2a, 0x98, 0x2a, 0x98, 0x2a, 0xb8, 0x32, 0xb9, 0x2a,
    0xb8, 0x2a, 0xb9, 0x32, 0xb8, 0x32, 0xb9, 0x2a, 0xb8, 0x32, 0xb9, 0x32,
    0xb9, 0x2a, 0xb9, 0x32, 0xb9, 0x2a, 0xb9, 0x32, 0xb8, 0x32, 0xb9, 0x2a,
    0xb8, 0x32, 0xb9, 0x32, 0xb9, 0x2a, 0xb9, 0x32, 0xb9, 0x32, 0xb9, 0x2a,
    0xb9, 0x32, 0xb9, 0x2a, 0xb9, 0x2a, 0xb8, 0x32, 0xb9, 0x32, 0xb9, 0x32,
    0xb9, 0x32, 0xb9, 0x2a, 0xb9, 0x32, 0xb9, 0x32, 0xb9, 0x32, 0xb9, 0x32,
    0xb9, 0x32, 0xb9, 0x2a, 0xb9, 0x32, 0xd9, 0x32, 0xb9, 0x32, 0xb9, 0x32,
    0xb9, 0x32, 0xb9, 0x2a, 0xb9, 0x32, 0xb9, 0x32, 0xb9, 0x2a, 0xb9, 0x32,
    0xb9, 0x32, 0xb9, 0x32, 0xb9, 0x32, 0xd9, 0x2a, 0xb9, 0x2a, 0xb9, 0x32,
    0xd9, 0x32, 0xb9, 0x2a, 0xb9, 0x32, 0xd9, 0x2a, 0xb9, 0x32, 0xb9, 0x32,
    0xd9, 0x2a, 0xb8, 0x32, 0xb9, 0x2a, 0xd9, 0x32, 0xb9, 0x32, 0xd9, 0x2a,
    0xb9, 0x32, 0xd9, 0x32, 0xb9, 0x2a, 0xb9, 0x32, 0xd9, 0x32, 0xb9, 0x2a,
    0xb9, 0x32, 0xd8, 0x32, 0xb9, 0x2a, 0xb9, 0x32, 0xd9, 0x32, 0xb9, 0x2a,
    0xb9, 0x32, 0xb9, 0x32, 0xb9, 0x2a, 0xb9, 0x32, 0xb9, 0x2a, 0xb9, 0x2a,
    0xd9, 0x32, 0xb9, 0x32, 0xb9, 0x32, 0xd9, 0x32, 0xb9, 0x32, 0xb9, 0x32,
    0xd9, 0x2a, 0xd9, 0x32, 0xb9, 0x32, 0xd9, 0x32, 0xd9, 0x32, 0xda, 0x32,
    0xda, 0x32, 0xd9, 0x32, 0xd9, 0x32, 0xd9, 0x32, 0xd9, 0x32, 0xd9, 0x32,
    0xd9, 0x32, 0xd9, 0x32, 0xd9, 0x32, 0xd9, 0x32, 0xd9, 0x32, 0xd9, 0x32,
    0xd9, 0x32, 0xd9, 0x32, 0xd9, 0x32, 0xd9, 0x32, 0xd9, 0x32, 0xb9, 0x32,
    0xb9, 0x32, 0xb9, 0x32, 0xb9, 0x32, 0xb9, 0x2a, 0xb9, 0x32, 0xd9, 0x32,
    0xb8, 0x2a, 0x77, 0x2a, 0x98, 0x2a, 0xb9, 0x2a, 0xb9, 0x32, 0xb9, 0x32,
    0xd9, 0x32, 0xb9, 0x2a, 0xba, 0x32, 0xb9, 0x32, 0xb9, 0x32, 0xd9, 0x32,
    0xd9, 0x32, 0xb9, 0x32, 0xd9, 0x2a, 0xb9, 0x32, 0xb9, 0x32, 0xb9, 0x32,
    0xb8, 0x32, 0xb8, 0x32, 0xb8, 0x32, 0x98, 0x32, 0xb7, 0x32, 0x97, 0x32,
    0x97, 0x32, 0x97, 0x2a, 0x96, 0x32, 0x96, 0x2a, 0x75, 0x32, 0x75, 0x2a,
    0x75, 0x32, 0x74, 0x32, 0x54, 0x2a, 0x53, 0x2a, 0x32, 0x2a, 0x32, 0x2a,
    0xaf, 0x21, 0xaf, 0x19, 0xf1, 0x21, 0xf1, 0x21, 0xf2, 0x21, 0xf2, 0x29,
    0x12, 0x22, 0x14, 0x2a, 0x13, 0x22, 0x14, 0x22, 0x34, 0x2a, 0x35, 0x2a,
    0x55, 0x22, 0x35, 0x22, 0x56, 0x2a, 0x56, 0x2a, 0x56, 0x22, 0x56, 0x2a,
    0x56, 0x2a, 0x57, 0x22, 0x57, 0x22, 0x77, 0x2a, 0x77, 0x22, 0x77, 0x2a,
    0x78, 0x2a, 0x77, 0x22, 0x77, 0x2a, 0x78, 0x2a, 0x98, 0x2a, 0x77, 0x2a,
    0x77, 0x2a, 0x98, 0x2a, 0x98, 0x2a, 0x98, 0x2a, 0x98, 0x2a, 0x99, 0x2a,
    0xb8, 0x2a, 0x99, 0x2a, 0xb8, 0x2a, 0xb9, 0x32, 0xb9, 0x32, 0xb9, 0x32,
    0xb9, 0x2a, 0xb9, 0x32, 0xb9, 0x32, 0xb9, 0x2a, 0xb9, 0x32, 0xb9, 0x32,
    0xb9, 0x32, 0xb9, 0x32, 0xb9, 0x32, 0xb9, 0x32, 0xb9, 0x32, 0xb9, 0x32,
    0xb9, 0x2a, 0xb9, 0x32, 0xd9, 0x32, 0xb9, 0x32, 0xb9, 0x32, 0xb9, 0x32,
    0xd9, 0x2a, 0xb9, 0x32, 0xb9, 0x32, 0xb9, 0x32, 0xb9, 0x2a, 0xb9, 0x2a,
    0xb9, 0x32, 0xd9, 0x2a, 0xb9, 0x32, 0xd9, 0x2a, 0xb9, 0x32, 0xb9, 0x32,
    0xb9, 0x2a, 0xd9, 0x32, 0xb9, 0x32, 0xd9, 0x2a, 0xd9, 0x32, 0xb9, 0x32,
    0xd9, 0x2a, 0xb9, 0x32, 0xd9, 0x2a, 0xb9, 0x32, 0xb9, 0x2a, 0xd9, 0x32,
    0xb9, 0x32, 0xb9, 0x2a, 0xd9, 0x32, 0xb9, 0x2a, 0xb9, 0x32, 0xd9, 0x32,
    0xb9, 0x32, 0xb9, 0x2a, 0xd9, 0x32, 0xb9, 0x32, 0xb9, 0x32, 0xb9, 0x32,
    0xb9, 0x32, 0xb9, 0x32, 0xb9, 0x32, 0xb9, 0x32, 0xb9, 0x32, 0xd9, 0x32,
    0xb9, 0x2a, 0xb9, 0x32, 0xd9, 0x32, 0xb9, 0x2a, 0xb9, 0x32, 0xd9, 0x32,
    0xb9, 0x32, 0xb9, 0x32, 0xd9, 0x2a, 0xd9, 0x32, 0xd9, 0x32, 0xd9, 0x32,
    0xd9, 0x32, 0xd9, 0x32, 0xd9, 0x32, 0xd9, 0x32, 0xd9, 0x32, 0xd9, 0x32,
    0xd9, 0x32, 0xd9, 0x32, 0xd9, 0x32, 0xd9, 0x32, 0xd9, 0x32, 0xd9, 0x32,
    0xd9, 0x32, 0xd9, 0x32, 0xd9, 0x32, 0xd9, 0x32, 0xd9, 0x32, 0xda, 0x32,
    0xd9, 0x32, 0xd9, 0x32, 0xd9, 0x32, 0xd9, 0x32, 0xd9, 0x32, 0xd9, 0x32,
    0xd9, 0x32, 0xda, 0x32, 0xd9, 0x32, 0xd9, 0x32, 0xd9, 0x32, 0xd9, 0x32,
    0xd9, 0x32, 0xda, 0x32, 0xd9, 0x32, 0xd9, 0x32, 0xd9, 0x32, 0xd9, 0x32,
    0xd9, 0x32, 0xd9, 0x32, 0xda, 0x32, 0xb9, 0x2a, 0x77, 0x2a, 0x98, 0x2a,
    0xb9, 0x32, 0xd9, 0x32, 0xd9, 0x32, 0xb9, 0x32, 0xb9, 0x32, 0xd9, 0x32,
    0xd9, 0x2a, 0xba, 0x32, 0xb9, 0x2a, 0xb9, 0x32, 0xb9, 0x32, 0xb9, 0x32,
    0xb8, 0x2a, 0xb8, 0x32, 0xb8, 0x2a, 0xb8, 0x32, 0xb8, 0x2a, 0xb8, 0x32,
    0x98, 0x2a, 0x97, 0x32, 0x97, 0x32, 0x97, 0x32, 0x97, 0x32, 0x96, 0x2a,
    0x76, 0x32, 0x76, 0x32, 0x75, 0x2a, 0x74, 0x2a, 0x74, 0x32, 0x54, 0x2a,
    0x53, 0x32, 0x32, 0x2a, 0x12, 0x2a, 0xaf, 0x21, 0xaf, 0x21, 0xf1, 0x21,
    0xf1, 0x21, 0xf1, 0x21, 0x12, 0x22, 0x13, 0x22, 0x13, 0x2a, 0x13, 0x2a,
    0x34, 0x22, 0x34, 0x2a, 0x35, 0x22, 0x35, 0x22, 0x55, 0x2a, 0x56, 0x2a,
    0x56, 0x22, 0x56, 0x2a, 0x76, 0x2a, 0x57, 0x2a, 0x77, 0x2a, 0x57, 0x2a,
    0x77, 0x2a, 0x77, 0x2a, 0x77, 0x22, 0x77, 0x2a, 0x77, 0x2a, 0x77, 0x22,
    0x78, 0x2a, 0x77, 0x2a, 0x77, 0x2a, 0x98, 0x2a, 0x78, 0x2a, 0x78, 0x2a,
    0x98, 0x2a, 0x98, 0x2a, 0x98, 0x2a, 0x98, 0x2a, 0xb8, 0x32, 0xb9, 0x2a,
    0xb8, 0x32, 0xb9, 0x32, 0xb9, 0x2a, 0xb9, 0x32, 0xb9, 0x32, 0xd9, 0x32,
    0xb9, 0x32, 0xd9, 0x32, 0xd9, 0x32, 0xd9, 0x2a, 0xb9, 0x32, 0xb9, 0x32,
    0xd9, 0x2a, 0xd9, 0x32, 0xd9, 0x32, 0xb9, 0x32, 0xb9, 0x32, 0xd9, 0x32,
    0xb9, 0x32, 0xd9, 0x32, 0xd9, 0x32, 0xb9, 0x32, 0xd9, 0x2a, 0xd9, 0x32,
    0xd9, 0x32, 0xb9, 0x32, 0xb9, 0x32, 0xd9, 0x32, 0xb9, 0x32, 0xd9, 0x2a,
    0xb9, 0x32, 0xd9, 0x32, 0xb9, 0x32, 0xd9, 0x2a, 0xb9, 0x32, 0xd9, 0x2a,
    0xd9, 0x32, 0xb9, 0x32, 0xd9, 0x2a, 0xb9, 0x32, 0xd9, 0x32, 0xd9, 0x32,
    0xd9, 0x32, 0xb9, 0x32, 0xd9, 0x32, 0xd9, 0x32, 0xb9, 0x32, 0xd9, 0x32,
    0xd9, 0x32, 0xb9, 0x32, 0xd9, 0x32, 0xd9, 0x32, 0xd9, 0x32, 0xd9, 0x32,
    0xd9, 0x32, 0xd9, 0x32, 0xd9, 0x32, 0xd9, 0x2a, 0xd9, 0x32, 0xd9, 0x32,
    0xd9, 0x32, 0xd9, 0x32, 0xd9, 0x32, 0xd9, 0x32, 0xd9, 0x32, 0xd9, 0x32,
    0xd9, 0x32, 0xd9, 0x32, 0xd9, 0x32, 0xd9, 0x32, 0xd9, 0x32, 0xb9, 0x32,
    0xd9, 0x32, 0xd9, 0x32, 0xd9, 0x32, 0xd9, 0x32, 0xd9, 0x32, 0xd9, 0x32,
    0xd9, 0x32, 0xd9, 0x32, 0xd9, 0x32, 0xd9, 0x32, 0xda, 0x32, 0xd9, 0x32,
    0xd9, 0x32, 0xda, 0x32, 0xda, 0x32, 0xd9, 0x32, 0xd9, 0x32, 0xd9, 0x32,
    0xd9, 0x32, 0xd9, 0x32, 0xd9, 0x32, 0xd9, 0x32, 0xd9, 0x32, 0xda, 0x32,
    0xd9, 0x32, 0xd9, 0x32, 0xda, 0x32, 0xd9, 0x32, 0xd9, 0x32, 0xd9, 0x32,
    0xda, 0x32, 0xd9, 0x32, 0xd9, 0x32, 0xd9, 0x32, 0xd9, 0x32, 0xb9, 0x32,
    0xd9, 0x32, 0xd9, 0x32, 0xd9, 0x32, 0xd9, 0x32, 0xb9, 0x32, 0xd9, 0x32,
    0xb9, 0x32, 0x77, 0x2a, 0xb8, 0x32, 0xb9, 0x32, 0xb9, 0x2a, 0xb9, 0x32,
    0xb9, 0x2a, 0xd9, 0x32, 0xb9, 0x32, 0xb9, 0x32, 0xb9, 0x2a, 0xb9, 0x32,
    0xb9, 0x32, 0xb9, 0x32, 0xb9, 0x2a, 0xd8, 0x32, 0xb8, 0x32, 0xb8, 0x32,
    0xb9, 0x32, 0xb8, 0x32, 0x98, 0x32, 0xb7, 0x32, 0xb7, 0x2a, 0x97, 0x32,
    0x97, 0x32, 0x96, 0x32, 0x96, 0x32, 0x76, 0x2a, 0x75, 0x32, 0x75, 0x32,
    0x74, 0x32, 0x54, 0x2a, 0x54, 0x32, 0x53, 0x32, 0x32, 0x2a, 0x12, 0x2a,
    0xaf, 0x21, 0xaf, 0x21, 0xf1, 0x21, 0xd1, 0x21, 0xf1, 0x29, 0x12, 0x22,
    0x13, 0x22, 0x13, 0x22, 0x13, 0x22, 0x33, 0x22, 0x34, 0x22, 0x35, 0x2a,
    0x35, 0x2a, 0x55, 0x2a, 0x55, 0x22, 0x56, 0x2a, 0x56, 0x22, 0x56, 0x22,
    0x56, 0x2a, 0x57, 0x2a, 0x77, 0x22, 0x77, 0x2a, 0x77, 0x2a, 0x77, 0x2a,
    0x77, 0x2a, 0x78, 0x2a, 0x78, 0x2a, 0x77, 0x2a, 0x77, 0x2a, 0x77, 0x2a,
    0x77, 0x2a, 0x77, 0x2a, 0x97, 0x2a, 0x98, 0x2a, 0x98, 0x2a, 0x98, 0x32,
    0xb8, 0x2a, 0xb8, 0x32, 0xb8, 0x32, 0xb9, 0x2a, 0xb8, 0x2a, 0xb8, 0x32,
    0xb9, 0x32, 0xd9, 0x2a, 0xd9, 0x32, 0xd9, 0x32, 0xb9, 0x2a, 0xd9, 0x32,
    0xd9, 0x32, 0xd9, 0x32, 0xd9, 0x32, 0xd9, 0x32, 0xd9, 0x32, 0xd9, 0x32,
    0xd9, 0x32, 0xb9, 0x2a, 0xd9, 0x32, 0xd9, 0x32, 0xd9, 0x2a, 0xd9, 0x32,
    0xd9, 0x32, 0xd9, 0x32, 0xd9, 0x32, 0xd9, 0x32, 0xd9, 0x32, 0xd9, 0x32,
    0xd9, 0x32, 0xd9, 0x32, 0xd9, 0x32, 0xd9, 0x32, 0xd9, 0x32, 0xd9, 0x32,
    0xd9, 0x32, 0xd9, 0x32, 0xd9, 0x32, 0xd9, 0x32, 0xd9, 0x32, 0xd9, 0x32,
    0xb9, 0x32, 0xd9, 0x32, 0xd9, 0x32, 0xd9, 0x32, 0xd9, 0x32, 0xd9, 0x32,
    0xd9, 0x32, 0xd9, 0x32, 0xb9, 0x2a, 0xd9, 0x32, 0xb9, 0x32, 0xd9, 0x32,
    0xd9, 0x2a, 0xb9, 0x32, 0xd9, 0x32, 0xd9, 0x32, 0xb9, 0x32, 0xd9, 0x32,
    0xd9, 0x32, 0xd9, 0x32, 0xb9, 0x2a, 0xd9, 0x32, 0xd9, 0x32, 0xd9, 0x32,
    0xb9, 0x32, 0xb9, 0x32, 0xd9, 0x32, 0xd9, 0x32, 0xd9, 0x32, 0xb9, 0x32,
    0xd9, 0x32, 0xd9, 0x32, 0xd9, 0x32, 0xd9, 0x32, 0xb9, 0x32, 0xd9, 0x32,
    0xd9, 0x32, 0xd9, 0x32, 0xd9, 0x32, 0xd9, 0x32, 0xd9, 0x32, 0xd9, 0x32,
    0xd9, 0x32, 0xd9, 0x32, 0xd9, 0x32, 0xd9, 0x32, 0xd9, 0x32, 0xd9, 0x32,
    0xd9, 0x32, 0xda, 0x32, 0xd9, 0x32, 0xd9, 0x32, 0xd9, 0x32, 0xd9, 0x32,
    0xd9, 0x32, 0xda, 0x32, 0xd9, 0x32, 0xd9, 0x32, 0xd9, 0x32, 0xd9, 0x32,
    0xd9, 0x32, 0xd9, 0x32, 0xd9, 0x32, 0xd9, 0x32, 0xda, 0x32, 0xd9, 0x32,
    0xd9, 0x32, 0xd9, 0x32, 0xd9, 0x32, 0xd9, 0x32, 0xd9, 0x32, 0xd9, 0x32,
    0xd9, 0x32, 0xd9, 0x32, 0xd9, 0x32, 0xb8, 0x32, 0x77, 0x2a, 0xb8, 0x2a,
    0xb8, 0x32, 0xb9, 0x32, 0xd9, 0x2a, 0xb8, 0x32, 0xb9, 0x32, 0xb9, 0x32,
    0xb9, 0x32, 0xb9, 0x32, 0xd9, 0x32, 0xd9, 0x32, 0xb9, 0x32, 0xb8, 0x32,
    0xb9, 0x32, 0xb9, 0x32, 0xb8, 0x32, 0xb8, 0x32, 0xb8, 0x32, 0xb8, 0x32,
    0xb7, 0x32, 0x97, 0x32, 0x97, 0x2a, 0x97, 0x2a, 0x96, 0x32, 0x96, 0x32,
    0x76, 0x32, 0x75, 0x2a, 0x75, 0x32, 0x74, 0x32, 0x74, 0x2a, 0x54, 0x32,
    0x53, 0x2a, 0x32, 0x2a, 0x12, 0x2a, 0xaf, 0x21, 0xaf, 0x21, 0xf1, 0x21,
    0xf1, 0x21, 0xf1, 0x21, 0xf2, 0x29, 0x12, 0x22, 0x13, 0x2a, 0x13, 0x2a,
    0x13, 0x22, 0x34, 0x2a, 0x35, 0x22, 0x35, 0x22, 0x35, 0x2a, 0x35, 0x2a,
    0x56, 0x2a, 0x56, 0x2a, 0x56, 0x22, 0x56, 0x2a, 0x56, 0x2a, 0x57, 0x22,
    0x77, 0x2a, 0x77, 0x2a, 0x77, 0x2a, 0x77, 0x2a, 0x77, 0x2a, 0x77, 0x2a,
    0x77, 0x2a, 0x77, 0x2a, 0x77, 0x2a, 0x77, 0x2a, 0x77, 0x2a, 0x97, 0x2a,
    0x98, 0x2a, 0x98, 0x2a, 0x98, 0x2a, 0x98, 0x2a, 0xb8, 0x32, 0xb9, 0x32,
    0xb9, 0x2a, 0xb8, 0x32, 0xb9, 0x32, 0xd9, 0x32, 0xd9, 0x32, 0xd8, 0x32,
    0xb8, 0x32, 0xb9, 0x32, 0xd8, 0x32, 0xd9, 0x32, 0xd9, 0x32, 0xd9, 0x32,
    0xb9, 0x32, 0xd9, 0x2a, 0xd9, 0x32, 0xd9, 0x32, 0xd9, 0x32, 0xd8, 0x32,
    0xd9, 0x32, 0xb9, 0x32, 0xd9, 0x32, 0xb9, 0x32, 0xb9, 0x32, 0xd9, 0x32,
    0xd9, 0x2a, 0xb8, 0x32, 0xd9, 0x32, 0xd8, 0x32, 0xb9, 0x32, 0xb8, 0x32,
    0xd9, 0x32, 0xd8, 0x32, 0xd9, 0x32, 0xd8, 0x32, 0xb9, 0x32, 0xb9, 0x32,
    0xb8, 0x32, 0xb9, 0x32, 0xb9, 0x32, 0xd9, 0x32, 0xd8, 0x32, 0xb9, 0x32,
    0xd8, 0x2a, 0xb9, 0x32, 0xb8, 0x32, 0xb9, 0x32, 0xd8, 0x32, 0xb8, 0x32,
    0xd9, 0x32, 0xd9, 0x32, 0xb9, 0x32, 0xd9, 0x32, 0xd9, 0x32, 0xd9, 0x32,
    0xd9, 0x32, 0xd9, 0x32, 0xd9, 0x32, 0xd9, 0x32, 0xd9, 0x32, 0xd9, 0x32,
    0xb9, 0x32, 0xd9, 0x32, 0xd9, 0x32, 0xd9, 0x32, 0xd9, 0x32, 0xd9, 0x32,
    0xd9, 0x32, 0xd9, 0x32, 0xd9, 0x32, 0xd9, 0x32, 0xd9, 0x32, 0xd9, 0x32,
    0xd9, 0x32, 0xd9, 0x32, 0xd9, 0x32, 0xd9, 0x32, 0xd9, 0x32, 0xd9, 0x32,
    0xd9, 0x32, 0xd9, 0x32, 0xd9, 0x32, 0xd9, 0x32, 0xd9, 0x32, 0xd9, 0x32,
    0xd9, 0x32, 0xda, 0x32, 0xd9, 0x32, 0xd9, 0x32, 0xd9, 0x32, 0xd9, 0x32,
    0xd9, 0x32, 0xda, 0x32, 0xd9, 0x32, 0xd9, 0x32, 0xd9, 0x32, 0xd9, 0x32,
    0xd9, 0x32, 0xda, 0x32, 0xd9, 0x32, 0xd9, 0x32, 0xda, 0x32, 0xd9, 0x32,
    0xd9, 0x32, 0xd9, 0x32, 0xd9, 0x32, 0xd9, 0x32, 0xd9, 0x32, 0xd9, 0x32,
    0xd9, 0x32, 0xd9, 0x32, 0xd9, 0x32, 0xd9, 0x32, 0xd9, 0x32, 0xd9, 0x32,
    0xb8, 0x32, 0x77, 0x2a, 0x98, 0x2a, 0xb8, 0x32, 0xb8, 0x32, 0xb8, 0x32,
    0xb9, 0x32, 0xb8, 0x2a, 0xd8, 0x32, 0xb8, 0x32, 0xb9, 0x32, 0xd8, 0x32,
    0xb8, 0x2a, 0xb9, 0x32, 0xb9, 0x32, 0xd8, 0x32, 0xb8, 0x32, 0xb8, 0x2a,
    0xb8, 0x32, 0xb8, 0x32, 0x97, 0x2a, 0x97, 0x32, 0xb7, 0x32, 0x97, 0x32,
    0x96, 0x32, 0x96, 0x32, 0x76, 0x2a, 0x75, 0x2a, 0x75, 0x32, 0x75, 0x2a,
    0x74, 0x32, 0x54, 0x32, 0x53, 0x2a, 0x53, 0x2a, 0x32, 0x2a, 0x12, 0x2a,
    0xaf, 0x21, 0xaf, 0x21, 0xf1, 0x21, 0xd1, 0x21, 0xf1, 0x21, 0xf1, 0x21,
    0x12, 0x22, 0x13, 0x22, 0x13, 0x2a, 0x13, 0x22, 0x34, 0x22, 0x34, 0x2a,
    0x35, 0x22, 0x35, 0x2a, 0x55, 0x22, 0x55, 0x22, 0x56, 0x2a, 0x56, 0x2a,
    0x56, 0x22, 0x56, 0x2a, 0x56, 0x2a, 0x57, 0x2a, 0x57, 0x2a, 0x77, 0x2a,
    0x77, 0x2a, 0x77, 0x2a, 0x77, 0x2a, 0x77, 0x2a, 0x77, 0x2a, 0x97, 0x2a,
    0x77, 0x2a, 0x78, 0x2a, 0x97, 0x2a, 0x97, 0x2a, 0x98, 0x2a, 0x98, 0x2a,
    0x98, 0x2a, 0xb8, 0x32, 0xb8, 0x32, 0xb8, 0x32, 0xb9, 0x32, 0xb9, 0x2a,
    0xd8, 0x32, 0xb8, 0x32, 0xb8, 0x32, 0xd9, 0x32, 0xb9, 0x32, 0xd9, 0x32,
    0xb9, 0x32, 0xb9, 0x32, 0xb8, 0x32, 0xd9, 0x32, 0xd9, 0x32, 0xb8, 0x32,
    0xb9, 0x32, 0xb9, 0x32, 0xd9, 0x32, 0xd9, 0x32, 0xd9, 0x32, 0xd8, 0x32,
    0xb9, 0x32, 0xb9, 0x32, 0xd8, 0x32, 0xd9, 0x32, 0xb9, 0x32, 0xb9, 0x32,
    0xd9, 0x32, 0xd9, 0x32, 0xb9, 0x32, 0xb9, 0x32, 0xd9, 0x32, 0xb9, 0x32,
    0xd9, 0x32, 0xd9, 0x32, 0xb9, 0x32, 0xd9, 0x32, 0xd9, 0x32, 0xb9, 0x32,
    0xd9, 0x32, 0xd9, 0x32, 0xb9, 0x32, 0xd9, 0x32, 0xd9, 0x32, 0xb9, 0x32,
    0xd9, 0x32, 0xd9, 0x32, 0xb9, 0x32, 0xd9, 0x32, 0xd8, 0x32, 0xb8, 0x32,
    0xd9, 0x32, 0xd9, 0x32, 0xb9, 0x32, 0xd9, 0x32, 0xd9, 0x32, 0xb9, 0x32,
    0xd9, 0x32, 0xd8, 0x32, 0xd9, 0x32, 0xd9, 0x32, 0xb9, 0x32, 0xd9, 0x32,
    0xd8, 0x32, 0xd9, 0x32, 0xb9, 0x32, 0xd9, 0x32, 0xb9, 0x32, 0xd9, 0x32,
    0xb9, 0x32, 0xb9, 0x32, 0xd9, 0x32, 0xd9, 0x32, 0xb9, 0x32, 0xd9, 0x32,
    0xd9, 0x32, 0xb9, 0x32, 0xd9, 0x32, 0xb9, 0x32, 0xd9, 0x32, 0xd9, 0x32,
    0xd9, 0x32, 0xd9, 0x32, 0xd9, 0x32, 0xd9, 0x32, 0xd9, 0x32, 0xd9, 0x32,
    0xd9, 0x32, 0xf9, 0x32, 0xd9, 0x32, 0xd9, 0x32, 0xd9, 0x32, 0xd9, 0x32,
    0xd9, 0x32, 0xd9, 0x32, 0xf9, 0x32, 0xd9, 0x32, 0xd9, 0x32, 0xd9, 0x32,
    0xd9, 0x32, 0xd9, 0x32, 0xd9, 0x32, 0xd9, 0x32, 0xd9, 0x32, 0xd9, 0x32,
    0xd9, 0x32, 0xd9, 0x32, 0xd9, 0x32, 0xd9, 0x32, 0xd9, 0x32, 0xd9, 0x32,
    0xb9, 0x32, 0xd9, 0x32, 0xd9, 0x32, 0xb8, 0x32, 0x77, 0x2a, 0x98, 0x2a,
    0xb8, 0x32, 0xb8, 0x2a, 0xb9, 0x32, 0xb8, 0x32, 0xb8, 0x32, 0xb9, 0x2a,
    0xb9, 0x2a, 0xb9, 0x32, 0xb8, 0x32, 0xb8, 0x2a, 0xb8, 0x32, 0xb8, 0x32,
    0xb8, 0x2a, 0xb8, 0x32, 0xb8, 0x32, 0xb7, 0x2a, 0xb7, 0x32, 0x97, 0x32,
    0x97, 0x32, 0x97, 0x2a, 0x97, 0x32, 0x96, 0x32, 0x96, 0x32, 0x76, 0x32,
    0x75, 0x32, 0x75, 0x32, 0x75, 0x32, 0x54, 0x2a, 0x54, 0x32, 0x53, 0x32,
    0x53, 0x2a, 0x32, 0x2a, 0x11, 0x2a, 0xaf, 0x21, 0xaf, 0x21, 0xf0, 0x21,
    0xd1, 0x21, 0xf1, 0x21, 0xf2, 0x21, 0xf2, 0x21, 0x13, 0x2a, 0x13, 0x22,
    0x13, 0x22, 0x14, 0x2a, 0x34, 0x2a, 0x34, 0x2a, 0x35, 0x2a, 0x55, 0x22,
    0x35, 0x2a, 0x56, 0x2a, 0x56, 0x22, 0x56, 0x2a, 0x56, 0x2a, 0x56, 0x2a,
    0x76, 0x22, 0x76, 0x2a, 0x57, 0x2a, 0x77, 0x22, 0x77, 0x2a, 0x77, 0x2a,
    0x77, 0x22, 0x77, 0x2a, 0x77, 0x2a, 0x77, 0x2a, 0x77, 0x2a, 0x97, 0x2a,
    0x77, 0x2a, 0x97, 0x2a, 0x97, 0x2a, 0x98, 0x2a, 0x98, 0x32, 0x98, 0x2a,
    0xb8, 0x32, 0xb8, 0x2a, 0xb8, 0x32, 0xb8, 0x32, 0xb9, 0x32, 0xd9, 0x32,
    0xd9, 0x32, 0xb8, 0x32, 0xd9, 0x32, 0xd9, 0x32, 0xd8, 0x32, 0xd9, 0x32,
    0xb8, 0x32, 0xd9, 0x32, 0xd8, 0x32, 0xd9, 0x32, 0xb8, 0x32, 0xd8, 0x32,
    0xd9, 0x32, 0xb8, 0x32, 0xd8, 0x32, 0xd9, 0x32, 0xd8, 0x32, 0xd8, 0x32,
    0xd9, 0x32, 0xd8, 0x32, 0xd8, 0x32, 0xd9, 0x32, 0xd8, 0x32, 0xd9, 0x32,
    0xb8, 0x32, 0xd9, 0x32, 0xb8, 0x32, 0xb9, 0x32, 0xd8, 0x32, 0xd9, 0x32,
    0xd9, 0x32, 0xd8, 0x32, 0xd9, 0x32, 0xb8, 0x32, 0xb8, 0x32, 0xd9, 0x32,
    0xb8, 0x32, 0xd8, 0x32, 0xd9, 0x32, 0xb8, 0x32, 0xd9, 0x32, 0xd9, 0x32,
    0xd9, 0x32, 0xb8, 0x32, 0xb8, 0x32, 0xd9, 0x32, 0xd8, 0x32, 0xd8, 0x32,
    0xb9, 0x32, 0xd8, 0x32, 0xd9, 0x32, 0xb9, 0x32, 0xb8, 0x32, 0xb8, 0x32,
    0xd9, 0x32, 0xd8, 0x32, 0xb9, 0x32, 0xb8, 0x32, 0xd9, 0x32, 0xb9, 0x32,
    0xd8, 0x32, 0xb8, 0x32, 0xd9, 0x32, 0xb8, 0x32, 0xb9, 0x32, 0xd9, 0x32,
    0xd8, 0x32, 0xd9, 0x32, 0xb9, 0x32, 0xd8, 0x32, 0xd9, 0x32, 0xd9, 0x32,
    0xd9, 0x32, 0xd9, 0x32, 0xd9, 0x32, 0xd9, 0x32, 0xd9, 0x32, 0xd9, 0x32,
    0xd9, 0x32, 0xd9, 0x32, 0xd9, 0x32, 0xd9, 0x32, 0xd9, 0x32, 0xd9, 0x32,
    0xd9, 0x32, 0xd9, 0x32, 0xf9, 0x32, 0xd9, 0x32, 0xd9, 0x32, 0xd9, 0x32,
    0xd9, 0x32, 0xd9, 0x32, 0xd9, 0x32, 0xd9, 0x32, 0xd9, 0x32, 0xd9, 0x32,
    0xd9, 0x32, 0xd9, 0x32, 0xd9, 0x32, 0xd9, 0x32, 0xd9, 0x32, 0xd9, 0x32,
    0xd9, 0x32, 0xd9, 0x32, 0xd8, 0x32, 0xd9, 0x32, 0xd8, 0x32, 0xd9, 0x32,
    0xb8, 0x2a, 0x77, 0x2a, 0x97, 0x2a, 0xb8, 0x32, 0xb8, 0x32, 0xb8, 0x2a,
    0xb8, 0x32, 0xb8, 0x32, 0xb8, 0x32, 0xb8, 0x32, 0xb8, 0x32, 0xb8, 0x32,
    0xb8, 0x32, 0xb8, 0x2a, 0xb8, 0x32, 0xb8, 0x2a, 0xb8, 0x32, 0xb7, 0x32,
    0xb7, 0x32, 0xb7, 0x2a, 0xb7, 0x32, 0x97, 0x32, 0x97, 0x32, 0x96, 0x32,
    0x96, 0x2a, 0x96, 0x32, 0x75, 0x2a, 0x75, 0x32, 0x75, 0x2a, 0x75, 0x32,
    0x74, 0x2a, 0x54, 0x32, 0x53, 0x32, 0x53, 0x2a, 0x12, 0x2a, 0x11, 0x2a,
    0xae, 0x21, 0xaf, 0x21, 0xd0, 0x21, 0xf1, 0x21, 0xf1, 0x21, 0xf2, 0x29,
    0xf2, 0x21, 0x13, 0x2a, 0x12, 0x22, 0x13, 0x22, 0x14, 0x2a, 0x34, 0x2a,
    0x34, 0x22, 0x35, 0x2a, 0x55, 0x2a, 0x35, 0x22, 0x55, 0x2a, 0x55, 0x2a,
    0x56, 0x22, 0x56, 0x2a, 0x56, 0x2a, 0x76, 0x22, 0x56, 0x2a, 0x56, 0x2a,
    0x76, 0x2a, 0x56, 0x2a, 0x77, 0x2a, 0x77, 0x2a, 0x76, 0x2a, 0x77, 0x2a,
    0x77, 0x2a, 0x77, 0x2a, 0x97, 0x2a, 0x77, 0x2a, 0x77, 0x2a, 0x98, 0x32,
    0x97, 0x32, 0x98, 0x2a, 0xb8, 0x32, 0xb8, 0x2a, 0xb8, 0x32, 0xb8, 0x32,
    0xb8, 0x32, 0xb8, 0x32, 0xd8, 0x32, 0xb8, 0x2a, 0xb8, 0x32, 0xd8, 0x32,
    0xb8, 0x32, 0xb8, 0x32, 0xd8, 0x32, 0xb8, 0x32, 0xb9, 0x32, 0xd8, 0x32,
    0xb8, 0x32, 0xb8, 0x32, 0xd9, 0x32, 0xb8, 0x32, 0xb9, 0x32, 0xb8, 0x32,
    0xd9, 0x32, 0xb8, 0x32, 0xb8, 0x32, 0xb9, 0x32, 0xb8, 0x32, 0xb8, 0x32,
    0xb8, 0x32, 0xb8, 0x32, 0xd9, 0x32, 0xd8, 0x32, 0xb8, 0x32, 0xd8, 0x32,
    0xb8, 0x32, 0xb8, 0x32, 0xd8, 0x32, 0xb8, 0x32, 0xb8, 0x32, 0xd8, 0x32,
    0xb8, 0x32, 0xd8, 0x32, 0xd8, 0x32, 0xb8, 0x32, 0xb8, 0x32, 0xd8, 0x32,
    0xb8, 0x32, 0xb8, 0x32, 0xd8, 0x32, 0xb8, 0x32, 0xd8, 0x32, 0xb8, 0x32,
    0xb9, 0x32, 0xd8, 0x32, 0xb8, 0x32, 0xd8, 0x32, 0xb8, 0x32, 0xb8, 0x32,
    0xd8, 0x32, 0xb8, 0x32, 0xb9, 0x32, 0xd8, 0x32, 0xb8, 0x32, 0xb8, 0x32,
    0xd8, 0x32, 0xb8, 0x32, 0xd8, 0x32, 0xb8, 0x32, 0xd8, 0x32, 0xd8, 0x32,
    0xd8, 0x32, 0xb8, 0x32, 0xb8, 0x32, 0xd8, 0x32, 0xd8, 0x32, 0xd8, 0x32,
    0xb9, 0x32, 0xd8, 0x32, 0xb8, 0x32, 0xb9, 0x32, 0xd8, 0x32, 0xd9, 0x32,
    0xb9, 0x32, 0xd9, 0x32, 0xd9, 0x32, 0xd8, 0x32, 0xd9, 0x32, 0xd9, 0x32,
    0xb8, 0x32, 0xd9, 0x32, 0xd9, 0x32, 0xd9, 0x32, 0xd9, 0x32, 0xd9, 0x32,
    0xd9, 0x32, 0xd9, 0x32, 0xd9, 0x32, 0xd8, 0x32, 0xd9, 0x32, 0xd9, 0x32,
    0xd8, 0x32, 0xd9, 0x32, 0xd8, 0x32, 0xd9, 0x32, 0xb9, 0x32, 0xb8, 0x32,
    0xb8, 0x32, 0xb9, 0x32, 0xb8, 0x32, 0xb9, 0x32, 0xb8, 0x32, 0xb9, 0x32,
    0xb8, 0x32, 0xb8, 0x32, 0xd8, 0x32, 0xb8, 0x32, 0x76, 0x2a, 0x97, 0x2a,
    0x98, 0x32, 0xb8, 0x32, 0xb8, 0x32, 0xb8, 0x2a, 0xb8, 0x32, 0xb8, 0x32,
    0xb8, 0x32, 0xb8, 0x2a, 0xb8, 0x32, 0xb8, 0x32, 0xb8, 0x32, 0xb8, 0x32,
    0xb7, 0x32, 0xb7, 0x32, 0x98, 0x32, 0x97, 0x32, 0xb7, 0x32, 0x97, 0x2a,
    0x97, 0x2a, 0x96, 0x32, 0x96, 0x2a, 0x76, 0x32, 0x76, 0x32, 0x75, 0x2a,
    0x75, 0x32, 0x75, 0x32, 0x74, 0x2a, 0x74, 0x32, 0x53, 0x2a, 0x53, 0x32,
    0x53, 0x32, 0x12, 0x2a, 0x11, 0x2a, 0xae, 0x21, 0xaf, 0x19, 0xd0, 0x21,
    0xd0, 0x21, 0xf1, 0x21, 0xf1, 0x29, 0x12, 0x22, 0xf2, 0x21, 0xf2, 0x29,
    0x13, 0x22, 0x14, 0x22, 0x34, 0x22, 0x34, 0x22, 0x34, 0x2a, 0x35, 0x2a,
    0x55, 0x22, 0x55, 0x2a, 0x35, 0x2a, 0x35, 0x22, 0x56, 0x2a, 0x56, 0x2a,
    0x56, 0x2a, 0x76, 0x2a, 0x56, 0x2a, 0x56, 0x2a, 0x76, 0x2a, 0x56, 0x2a,
    0x56, 0x2a, 0x76, 0x2a, 0x76, 0x2a, 0x77, 0x2a, 0x76, 0x2a, 0x77, 0x2a,
    0x77, 0x2a, 0x97, 0x2a, 0x97, 0x2a, 0x97, 0x2a, 0xb7, 0x32, 0x98, 0x32,
    0xb8, 0x32, 0xb8, 0x32, 0xb8, 0x32, 0xb8, 0x32, 0xb8, 0x32, 0xb8, 0x32,
    0xb8, 0x32, 0xb8, 0x32, 0xb8, 0x32, 0xb8, 0x32, 0xb9, 0x32, 0xb8, 0x32,
    0xb8, 0x32, 0xb8, 0x32, 0xd8, 0x32, 0xb8, 0x32, 0xb8, 0x32, 0xd8, 0x32,
    0xd8, 0x32, 0xb8, 0x32, 0xd8, 0x32, 0xb8, 0x32, 0xb8, 0x32, 0xb8, 0x32,
    0xd8, 0x32, 0xb8, 0x32, 0xb8, 0x32, 0xb8, 0x32, 0xd8, 0x32, 0xd8, 0x32,
    0xb8, 0x32, 0xb8, 0x32, 0xb9, 0x32, 0xb8, 0x32, 0xd8, 0x32, 0xd8, 0x32,
    0xb8, 0x32, 0xd8, 0x32, 0xb8, 0x32, 0xb9, 0x32, 0xb8, 0x32, 0xb8, 0x32,
    0xb9, 0x32, 0xd9, 0x32, 0xd8, 0x32, 0xb8, 0x32, 0xd8, 0x32, 0xb8, 0x32,
    0xb8, 0x32, 0xb8, 0x32, 0xd8, 0x32, 0xb8, 0x32, 0xb9, 0x32, 0xb8, 0x32,
    0xb8, 0x32, 0xb9, 0x32, 0xb8, 0x32, 0xb8, 0x32, 0xd8, 0x32, 0xd8, 0x32,
    0xd8, 0x32, 0xb9, 0x32, 0xd8, 0x32, 0xd8, 0x32, 0xb9, 0x32, 0xd8, 0x32,
    0xb8, 0x32, 0xb9, 0x32, 0xd8, 0x32, 0xb8, 0x32, 0xd8, 0x32, 0xb8, 0x32,
    0xb9, 0x32, 0xb8, 0x32, 0xb8, 0x32, 0xb9, 0x32, 0xb8, 0x32, 0xb8, 0x32,
    0xd8, 0x32, 0xd8, 0x32, 0xd8, 0x32, 0xd8, 0x32, 0xb8, 0x32, 0xd8, 0x32,
    0xb8, 0x32, 0xd8, 0x32, 0xd8, 0x32, 0xd8, 0x32, 0xd8, 0x32, 0xd8, 0x32,
    0xd8, 0x32, 0xd8, 0x3a, 0xd8, 0x32, 0xd8, 0x32, 0xd8, 0x3a, 0xd8, 0x32,
    0xd8, 0x32, 0xd8, 0x3a, 0xd8, 0x32, 0xd8, 0x32, 0xd8, 0x3a, 0xd8, 0x32,
    0xd8, 0x32, 0xd8, 0x32, 0xd8, 0x32, 0xd8, 0x32, 0xd8, 0x32, 0xd8, 0x32,
    0xb8, 0x32, 0xb8, 0x32, 0xb8, 0x32, 0xb8, 0x32, 0xb8, 0x32, 0xd8, 0x32,
    0xb8, 0x32, 0x56, 0x2a, 0x97, 0x2a, 0x97, 0x32, 0xb8, 0x32, 0xb8, 0x32,
    0xb8, 0x32, 0xb8, 0x32, 0xb8, 0x32, 0xb8, 0x32, 0xb8, 0x32, 0xb8, 0x32,
    0xb8, 0x32, 0xb7, 0x32, 0x98, 0x32, 0xb7, 0x32, 0xb8, 0x32, 0x97, 0x32,
    0xb7, 0x32, 0x97, 0x32, 0x97, 0x32, 0x97, 0x32, 0x96, 0x32, 0x96, 0x32,
    0x96, 0x32, 0x95, 0x32, 0x75, 0x32, 0x75, 0x2a, 0x74, 0x32, 0x74, 0x32,
    0x54, 0x2a, 0x53, 0x2a, 0x53, 0x2a, 0x52, 0x32, 0x11, 0x2a, 0x11, 0x2a,
    0xae, 0x21, 0xaf, 0x21, 0xd0, 0x21, 0xf0, 0x21, 0xf1, 0x21, 0xf1, 0x29,
    0xf2, 0x21, 0x12, 0x22, 0x12, 0x2a, 0x13, 0x2a, 0x13, 0x22, 0x33, 0x2a,
    0x34, 0x22, 0x34, 0x22, 0x35, 0x2a, 0x35, 0x2a, 0x55, 0x22, 0x55, 0x2a,
    0x35, 0x22, 0x56, 0x2a, 0x56, 0x2a, 0x56, 0x22, 0x56, 0x2a, 0x56, 0x2a,
    0x56, 0x22, 0x76, 0x2a, 0x56, 0x2a, 0x57, 0x22, 0x76, 0x2a, 0x76, 0x2a,
    0x76, 0x2a, 0x76, 0x2a, 0x76, 0x2a, 0x77, 0x2a, 0x77, 0x2a, 0x97, 0x32,
    0x97, 0x2a, 0x97, 0x2a, 0x97, 0x32, 0x97, 0x32, 0xb7, 0x32, 0xb8, 0x2a,
    0xb8, 0x32, 0xb8, 0x32, 0xb8, 0x32, 0xb8, 0x32, 0xd8, 0x32, 0xd8, 0x32,
    0xb8, 0x32, 0xd8, 0x32, 0xd8, 0x32, 0xb8, 0x32, 0xd8, 0x32, 0xb8, 0x32,
    0xb8, 0x32, 0xb8, 0x32, 0xd8, 0x32, 0xb8, 0x32, 0xb8, 0x32, 0xb8, 0x32,
    0xd8, 0x32, 0xd8, 0x32, 0xd8, 0x32, 0xd8, 0x32, 0xb8, 0x32, 0xd8, 0x32,
    0xd8, 0x32, 0xb8, 0x32, 0xd8, 0x32, 0xb8, 0x32, 0xb8, 0x32, 0xd8, 0x32,
    0xb8, 0x32, 0xd8, 0x32, 0xb8, 0x32, 0xd8, 0x32, 0xd8, 0x32, 0xb8, 0x32,
    0xd8, 0x32, 0xb8, 0x32, 0xd8, 0x32, 0xb8, 0x32, 0xb8, 0x32, 0xd8, 0x32,
    0xb8, 0x32, 0xb8, 0x32, 0xb8, 0x32, 0xb8, 0x32, 0xb8, 0x32, 0xb8, 0x32,
    0xb8, 0x32, 0xb8, 0x32, 0xd8, 0x32, 0xb8, 0x32, 0xd8, 0x32, 0xb8, 0x32,
    0xb8, 0x32, 0xd8, 0x32, 0xb8, 0x32, 0xb8, 0x32, 0xd8, 0x32, 0xb8, 0x32,
    0xb8, 0x32, 0xb8, 0x32, 0xd8, 0x32, 0xd8, 0x32, 0xb8, 0x32, 0xb8, 0x32,
    0xd8, 0x32, 0xd8, 0x32, 0xb8, 0x32, 0xb8, 0x32, 0xb8, 0x32, 0xb8, 0x32,
    0xd8, 0x32, 0xb8, 0x32, 0xb8, 0x32, 0xb8, 0x32, 0xb8, 0x32, 0xb8, 0x32,
    0xb8, 0x32, 0xb8, 0x32, 0xb8, 0x32, 0xb8, 0x32, 0xb8, 0x32, 0xb8, 0x32,
    0xb8, 0x32, 0xb8, 0x32, 0xb8, 0x32, 0xd8, 0x32, 0xb8, 0x32, 0xd8, 0x32,
    0xb8, 0x32, 0xb8, 0x32, 0xb8, 0x32, 0xb8, 0x32, 0xb8, 0x32, 0xb8, 0x32,
    0xb8, 0x32, 0xb8, 0x32, 0xb8, 0x32, 0xb8, 0x32, 0xb8, 0x32, 0xd8, 0x32,
    0xb8, 0x32, 0xd8, 0x32, 0xd8, 0x32, 0xb8, 0x32, 0xd8, 0x32, 0xd8, 0x32,
    0xb8, 0x32, 0xb8, 0x32, 0xb8, 0x32, 0x97, 0x32, 0x56, 0x2a, 0x77, 0x2a,
    0xb7, 0x32, 0xb7, 0x32, 0x97, 0x32, 0x97, 0x2a, 0x97, 0x32, 0xb7, 0x32,
    0x97, 0x2a, 0xb7, 0x32, 0x98, 0x32, 0xb7, 0x2a, 0x97, 0x32, 0x97, 0x32,
    0xb7, 0x2a, 0x97, 0x32, 0x97, 0x32, 0x97, 0x2a, 0x97, 0x32, 0x96, 0x32,
    0x96, 0x32, 0x76, 0x32, 0x76, 0x2a, 0x95, 0x32, 0x75, 0x2a, 0x75, 0x32,
    0x75, 0x32, 0x74, 0x2a, 0x54, 0x32, 0x54, 0x32, 0x53, 0x32, 0x53, 0x2a,
    0x52, 0x2a, 0x11, 0x2a, 0x11, 0x2a, 0xaf, 0x21, 0xaf, 0x21, 0xd0, 0x21,
    0xd1, 0x21, 0xf1, 0x21, 0xf1, 0x21, 0xf2, 0x21, 0x12, 0x2a, 0xf2, 0x21,
    0x12, 0x22, 0x13, 0x2a, 0x34, 0x2a, 0x33, 0x2a, 0x34, 0x22, 0x34, 0x2a,
    0x34, 0x2a, 0x35, 0x22, 0x55, 0x2a, 0x35, 0x2a, 0x55, 0x2a, 0x55, 0x22,
    0x55, 0x2a, 0x56, 0x2a, 0x56, 0x2a, 0x56, 0x2a, 0x76, 0x2a, 0x56, 0x2a,
    0x56, 0x2a, 0x76, 0x2a, 0x56, 0x2a, 0x76, 0x2a, 0x76, 0x2a, 0x76, 0x2a,
    0x76, 0x2a, 0x76, 0x2a, 0x97, 0x2a, 0x77, 0x32, 0x97, 0x2a, 0x97, 0x2a,
    0x97, 0x32, 0xb7, 0x2a, 0xb7, 0x32, 0xb7, 0x32, 0xb7, 0x32, 0xb8, 0x32,
    0xb7, 0x32, 0xb8, 0x32, 0xb8, 0x32, 0xb8, 0x32, 0xb8, 0x32, 0xb8, 0x32,
    0xb8, 0x32, 0xb8, 0x32, 0xb8, 0x32, 0xb8, 0x32, 0xb8, 0x32, 0xb8, 0x32,
    0xb8, 0x32, 0xb8, 0x32, 0xb8, 0x32, 0xb8, 0x32, 0xb8, 0x32, 0xb8, 0x32,
    0xb8, 0x32, 0xb8, 0x32, 0xb8, 0x32, 0xb8, 0x32, 0xb8, 0x32, 0xb8, 0x32,
    0xb8, 0x32, 0xb8, 0x32, 0xb8, 0x32, 0xb8, 0x32, 0xb8, 0x32, 0xb8, 0x32,
    0xb8, 0x32, 0xb8, 0x32, 0xb8, 0x32, 0xb8, 0x32, 0xb8, 0x32, 0xb8, 0x32,
    0xb7, 0x32, 0xb8, 0x32, 0xb8, 0x32, 0xb8, 0x32, 0xb8, 0x32, 0xd8, 0x32,
    0xb8, 0x32, 0xd8, 0x32, 0xb8, 0x32, 0xb8, 0x32, 0xd8, 0x32, 0xb8, 0x32,
    0xb8, 0x32, 0xb8, 0x32, 0xb8, 0x32, 0xb8, 0x32, 0xb8, 0x32, 0xb8, 0x32,
    0xb8, 0x32, 0xb8, 0x32, 0xb8, 0x32, 0xb8, 0x32, 0xb8, 0x32, 0xb8, 0x32,
    0xb8, 0x32, 0xb8, 0x32, 0xb8, 0x32, 0xb8, 0x32, 0xb8, 0x32, 0xb8, 0x32,
    0xb8, 0x32, 0xd8, 0x32, 0xb8, 0x32, 0xb8, 0x32, 0xb8, 0x32, 0xb8, 0x32,
    0xb8, 0x32, 0xb8, 0x32, 0xb7, 0x32, 0xb8, 0x32, 0xb8, 0x32, 0xb8, 0x32,
    0xb8, 0x32, 0xb8, 0x32, 0xb8, 0x32, 0xb8, 0x32, 0xb8, 0x32, 0xb8, 0x32,
    0xb8, 0x32, 0xb8, 0x32, 0xb8, 0x32, 0xb8, 0x32, 0xb8, 0x32, 0xb8, 0x32,
    0xb8, 0x32, 0xb8, 0x32, 0xb8, 0x32, 0xb8, 0x32, 0xb8, 0x32, 0xb8, 0x32,
    0xb8, 0x32, 0xb8, 0x32, 0xb8, 0x32, 0xb8, 0x32, 0xb8, 0x32, 0xb8, 0x32,
    0xb8, 0x32, 0xb8, 0x32, 0xb7, 0x32, 0xb8, 0x32, 0xb7, 0x32, 0xd8, 0x32,
    0x97, 0x32, 0x56, 0x2a, 0x96, 0x2a, 0x97, 0x32, 0x97, 0x32, 0x97, 0x2a,
    0x97, 0x32, 0x97, 0x32, 0xb7, 0x2a, 0x97, 0x32, 0x97, 0x32, 0xb7, 0x32,
    0x97, 0x32, 0xb7, 0x32, 0xb7, 0x32, 0x97, 0x32, 0x97, 0x32, 0x97, 0x32,
    0x96, 0x32, 0x96, 0x32, 0x96, 0x32, 0x96, 0x32, 0x96, 0x32, 0x75, 0x32,
    0x75, 0x32, 0x75, 0x32, 0x75, 0x2a, 0x74, 0x32, 0x54, 0x32, 0x74, 0x2a,
    0x53, 0x32, 0x53, 0x32, 0x53, 0x32, 0x32, 0x2a, 0x11, 0x2a, 0x11, 0x2a,
    0xae, 0x21, 0xae, 0x21, 0xd0, 0x21, 0xd0, 0x21, 0xf0, 0x21, 0xf1, 0x21,
    0xf1, 0x21, 0xf2, 0x29, 0xf2, 0x21, 0x12, 0x22, 0x13, 0x22, 0x13, 0x22,
    0x14, 0x2a, 0x34, 0x22, 0x34, 0x2a, 0x34, 0x22, 0x34, 0x2a, 0x35, 0x22,
    0x35, 0x2a, 0x55, 0x2a, 0x35, 0x2a, 0x55, 0x2a, 0x55, 0x2a, 0x56, 0x2a,
    0x55, 0x2a, 0x56, 0x2a, 0x75, 0x2a, 0x55, 0x2a, 0x76, 0x2a, 0x56, 0x2a,
    0x56, 0x2a, 0x76, 0x2a, 0x76, 0x2a, 0x76, 0x2a, 0x76, 0x2a, 0x76, 0x32,
    0x96, 0x2a, 0x97, 0x32, 0x97, 0x32, 0x97, 0x2a, 0xb7, 0x32, 0xb7, 0x32,
    0xb7, 0x32, 0xb7, 0x32, 0xb7, 0x32, 0xb7, 0x32, 0xb7, 0x32, 0xb7, 0x32,
    0xb7, 0x32, 0xb7, 0x32, 0xb7, 0x32, 0xb7, 0x32, 0xd7, 0x32, 0xb7, 0x32,
    0xb7, 0x32, 0xb7, 0x32, 0xb7, 0x32, 0xd7, 0x32, 0xb7, 0x32, 0xb7, 0x32,
    0xb7, 0x32, 0xb7, 0x32, 0xb7, 0x32, 0xb7, 0x32, 0xb7, 0x32, 0xb7, 0x32,
    0xb7, 0x32, 0xd8, 0x32, 0xb7, 0x32, 0xb7, 0x32, 0xd7, 0x32, 0xb7, 0x32,
    0xb7, 0x32, 0xd7, 0x32, 0xb7, 0x32, 0xb8, 0x32, 0xb7, 0x32, 0xd7, 0x32,
    0xb7, 0x32, 0xb7, 0x32, 0xb7, 0x32, 0xb7, 0x32, 0xd7, 0x32, 0xb7, 0x32,
    0xb7, 0x32, 0xb7, 0x32, 0xb7, 0x32, 0xb7, 0x32, 0xb7, 0x32, 0xb7, 0x32,
    0xb7, 0x32, 0xb7, 0x32, 0xb7, 0x32, 0xb7, 0x32, 0xd7, 0x32, 0xb7, 0x32,
    0xb7, 0x32, 0xd7, 0x32, 0xb7, 0x32, 0xb7, 0x32, 0xb7, 0x32, 0xd7, 0x32,
    0xb7, 0x32, 0xb7, 0x32, 0xb7, 0x32, 0xb7, 0x32, 0xd7, 0x32, 0xb7, 0x32,
    0xb7, 0x32, 0xb7, 0x32, 0xb7, 0x32, 0xb7, 0x32, 0xb7, 0x32, 0xb7, 0x32,
    0xb7, 0x32, 0xb7, 0x32, 0xb7, 0x32, 0xb7, 0x32, 0xb7, 0x32, 0xb7, 0x32,
    0xb7, 0x32, 0xb7, 0x32, 0xb7, 0x32, 0xd7, 0x32, 0xb7, 0x32, 0xd7, 0x32,
    0xb7, 0x32, 0xb7, 0x3a, 0xd7, 0x32, 0xb7, 0x32, 0xb7, 0x32, 0xb7, 0x32,
    0xb7, 0x32, 0xb7, 0x32, 0xb7, 0x32, 0xb7, 0x32, 0xb7, 0x32, 0xb7, 0x32,
    0xb7, 0x32, 0xb7, 0x32, 0xb7, 0x32, 0xb7, 0x32, 0xb7, 0x32, 0xb7, 0x32,
    0xb7, 0x32, 0xb7, 0x3a, 0xb7, 0x32, 0xb7, 0x32, 0xb7, 0x32, 0xb7, 0x32,
    0xb7, 0x32, 0xb7, 0x32, 0xd7, 0x32, 0x97, 0x32, 0x55, 0x2a, 0x97, 0x2a,
    0x97, 0x32, 0x97, 0x32, 0x97, 0x32, 0x97, 0x32, 0xb7, 0x32, 0x97, 0x32,
    0x97, 0x32, 0x97, 0x2a, 0x97, 0x32, 0x97, 0x32, 0x97, 0x2a, 0x97, 0x32,
    0x97, 0x2a, 0x96, 0x32, 0x96, 0x32, 0x96, 0x2a, 0x96, 0x32, 0x76, 0x2a,
    0x96, 0x32, 0x95, 0x2a, 0x75, 0x32, 0x75, 0x32, 0x75, 0x32, 0x74, 0x32,
    0x74, 0x2a, 0x54, 0x32, 0x54, 0x2a, 0x53, 0x2a, 0x53, 0x32, 0x32, 0x2a,
    0x32, 0x32, 0x11, 0x2a, 0x11, 0x2a, 0xae, 0x21, 0xaf, 0x21, 0xcf, 0x21,
    0xd0, 0x21, 0xd0, 0x29, 0xd1, 0x21, 0xf1, 0x21, 0xf2, 0x29, 0xf2, 0x21,
    0x12, 0x2a, 0x12, 0x22, 0x13, 0x2a, 0x33, 0x22, 0x13, 0x2a, 0x33, 0x2a,
    0x34, 0x22, 0x34, 0x2a, 0x34, 0x2a, 0x35, 0x22, 0x55, 0x2a, 0x55, 0x22,
    0x55, 0x2a, 0x55, 0x2a, 0x55, 0x22, 0x55, 0x2a, 0x55, 0x2a, 0x55, 0x2a,
    0x55, 0x22, 0x55, 0x2a, 0x55, 0x2a, 0x55, 0x2a, 0x55, 0x2a, 0x75, 0x2a,
    0x76, 0x2a, 0x76, 0x2a, 0x76, 0x2a, 0x96, 0x32, 0x96, 0x2a, 0x96, 0x32,
    0x96, 0x32, 0x97, 0x32, 0x97, 0x32, 0xb7, 0x32, 0xb7, 0x32, 0xb7, 0x32,
    0xb7, 0x32, 0xb7, 0x32, 0xb7, 0x32, 0xb7, 0x32, 0xb7, 0x32, 0xb7, 0x32,
    0xb7, 0x32, 0xb7, 0x32, 0xb7, 0x32, 0xb7, 0x32, 0xb7, 0x32, 0xb7, 0x32,
    0xb7, 0x32, 0xb7, 0x32, 0xb7, 0x32, 0xb7, 0x32, 0xb7, 0x32, 0xb7, 0x32,
    0xb7, 0x32, 0xb7, 0x32, 0xb7, 0x32, 0xb7, 0x32, 0xb7, 0x32, 0xb7, 0x32,
    0xb7, 0x32, 0xb7, 0x32, 0xb7, 0x32, 0xb7, 0x32, 0xb7, 0x32, 0xb7, 0x32,
    0xb7, 0x32, 0xb7, 0x32, 0xb7, 0x32, 0xb7, 0x32, 0xb7, 0x32, 0xb7, 0x32,
    0xb7, 0x32, 0xb7, 0x32, 0xb7, 0x32, 0xb7, 0x32, 0xb7, 0x32, 0xb7, 0x32,
    0xb7, 0x32, 0xb7, 0x32, 0xb7, 0x32, 0xb7, 0x32, 0xb7, 0x32, 0xb7, 0x32,
    0xb7, 0x32, 0xb7, 0x32, 0xb7, 0x32, 0xb7, 0x32, 0xb7, 0x32, 0xb7, 0x32,
    0xb7, 0x32, 0xb7, 0x32, 0xb7, 0x32, 0xb7, 0x32, 0xb7, 0x32, 0xb7, 0x32,
    0xb7, 0x32, 0xb7, 0x32, 0xb7, 0x32, 0xb7, 0x32, 0xb7, 0x32, 0xb7, 0x32,
    0xb7, 0x32, 0xb7, 0x32, 0xb7, 0x32, 0xb7, 0x32, 0xb7, 0x32, 0xb7, 0x32,
    0xb7, 0x32, 0xb7, 0x32, 0xb7, 0x32, 0xb7, 0x32, 0xb7, 0x32, 0xb7, 0x32,
    0xb7, 0x32, 0xb7, 0x32, 0xb7, 0x32, 0xb7, 0x32, 0xb7, 0x32, 0xb7, 0x32,
    0xb7, 0x32, 0xb7, 0x32, 0xb7, 0x32, 0xb7, 0x32, 0xb7, 0x32, 0xb7, 0x32,
    0xb7, 0x32, 0xb7, 0x32, 0xb7, 0x32, 0xb7, 0x32, 0xb7, 0x32, 0xb7, 0x32,
    0xb7, 0x32, 0xb7, 0x32, 0xb7, 0x32, 0xb7, 0x32, 0xb7, 0x32, 0xb7, 0x32,
    0xb7, 0x32, 0xb7, 0x32, 0xb7, 0x32, 0xb7, 0x32, 0xb7, 0x32, 0xb7, 0x32,
    0x96, 0x32, 0x55, 0x2a, 0x96, 0x2a, 0x96, 0x32, 0x97, 0x32, 0x97, 0x32,
    0x97, 0x2a, 0x97, 0x32, 0x97, 0x32, 0x97, 0x32, 0x97, 0x2a, 0x97, 0x32,
    0x96, 0x32, 0x96, 0x32, 0x97, 0x32, 0x96, 0x32, 0x96, 0x32, 0x96, 0x32,
    0x96, 0x32, 0x96, 0x32, 0x96, 0x32, 0x75, 0x32, 0x75, 0x32, 0x75, 0x2a,
    0x75, 0x32, 0x74, 0x32, 0x74, 0x2a, 0x54, 0x32, 0x54, 0x32, 0x53, 0x32,
    0x53, 0x32, 0x52, 0x2a, 0x52, 0x2a, 0x52, 0x32, 0x11, 0x2a, 0x11, 0x2a,
    0xae, 0x21, 0xae, 0x21, 0xd0, 0x21, 0xd0, 0x21, 0xd0, 0x21, 0xf0, 0x29,
    0xf1, 0x21, 0xf1, 0x21, 0xf1, 0x29, 0x12, 0x22, 0x12, 0x22, 0x13, 0x2a,
    0x33, 0x22, 0x13, 0x22, 0x34, 0x2a, 0x34, 0x2a, 0x34, 0x22, 0x34, 0x2a,
    0x34, 0x2a, 0x34, 0x2a, 0x34, 0x22, 0x55, 0x2a, 0x55, 0x2a, 0x55, 0x22,
    0x55, 0x2a, 0x55, 0x2a, 0x55, 0x2a, 0x55, 0x2a, 0x55, 0x2a, 0x55, 0x2a,
    0x55, 0x2a, 0x55, 0x2a, 0x55, 0x2a, 0x75, 0x2a, 0x76, 0x2a, 0x76, 0x32,
    0x76, 0x2a, 0x96, 0x32, 0x96, 0x2a, 0x96, 0x32, 0x96, 0x32, 0xb7, 0x32,
    0x97, 0x32, 0x97, 0x32, 0xb7, 0x32, 0x97, 0x32, 0xb7, 0x32, 0xb7, 0x32,
    0xb7, 0x32, 0xb7, 0x32, 0xb7, 0x32, 0xb7, 0x32, 0xb7, 0x32, 0xb7, 0x32,
    0xb7, 0x32, 0xb7, 0x32, 0xb7, 0x32, 0xb7, 0x32, 0xb7, 0x32, 0xb7, 0x32,
    0xb7, 0x32, 0xb7, 0x32, 0xb7, 0x32, 0xb7, 0x32, 0xb7, 0x32, 0xb7, 0x32,
    0xb7, 0x32, 0xb7, 0x32, 0xb7, 0x32, 0xb7, 0x32, 0xb7, 0x32, 0xb7, 0x32,
    0xb7, 0x32, 0xb7, 0x32, 0xb7, 0x32, 0xb7, 0x32, 0xb7, 0x32, 0xb7, 0x32,
    0xb7, 0x32, 0xb7, 0x32, 0xb7, 0x32, 0xb7, 0x32, 0xb7, 0x32, 0xb7, 0x32,
    0xb7, 0x32, 0xb7, 0x32, 0xb7, 0x32, 0xb7, 0x32, 0x97, 0x32, 0xb7, 0x32,
    0xb7, 0x32, 0xb7, 0x32, 0xb7, 0x32, 0xb7, 0x32, 0xb7, 0x32, 0xb7, 0x32,
    0xb7, 0x32, 0xb7, 0x32, 0xb7, 0x32, 0xb7, 0x32, 0xb7, 0x32, 0xb7, 0x32,
    0xb7, 0x32, 0xb7, 0x32, 0xb7, 0x32, 0xb7, 0x32, 0xb7, 0x32, 0xb7, 0x32,
    0xb7, 0x32, 0xb7, 0x32, 0xb7, 0x32, 0xb7, 0x32, 0xb7, 0x32, 0xb7, 0x32,
    0xb7, 0x32, 0xb7, 0x32, 0xb7, 0x32, 0xb7, 0x32, 0xb7, 0x32, 0xb7, 0x32,
    0xb7, 0x32, 0xb7, 0x32, 0xb7, 0x32, 0xb7, 0x32, 0xb7, 0x32, 0xb7, 0x32,
    0xb7, 0x32, 0xb7, 0x32, 0xb7, 0x32, 0xb7, 0x32, 0xb7, 0x32, 0xb7, 0x32,
    0xb7, 0x32, 0xb7, 0x32, 0xb7, 0x32, 0xb7, 0x32, 0xb7, 0x32, 0xb7, 0x32,
    0xb7, 0x32, 0xb7, 0x32, 0xb7, 0x32, 0xb7, 0x32, 0xb7, 0x32, 0xb7, 0x32,
    0xb7, 0x32, 0xb7, 0x32, 0xb7, 0x3a, 0xb7, 0x32, 0xb7, 0x32, 0xb7, 0x32,
    0xb7, 0x32, 0xb7, 0x32, 0xb7, 0x32, 0x96, 0x32, 0x55, 0x2a, 0x76, 0x2a,
    0x96, 0x32, 0x96, 0x32, 0x96, 0x2a, 0x96, 0x32, 0x96, 0x32, 0x96, 0x32,
    0x96, 0x32, 0x96, 0x32, 0x96, 0x32, 0x96, 0x32, 0x96, 0x32, 0x96, 0x32,
    0x96, 0x32, 0x96, 0x32, 0x96, 0x32, 0x96, 0x32, 0x75, 0x32, 0x75, 0x32,
    0x75, 0x32, 0x75, 0x32, 0x75, 0x32, 0x75, 0x2a, 0x74, 0x32, 0x54, 0x32,
    0x54, 0x2a, 0x73, 0x32, 0x53, 0x32, 0x53, 0x32, 0x53, 0x32, 0x32, 0x2a,
    0x32, 0x32, 0x11, 0x2a, 0x10, 0x2a, 0x8e, 0x21, 0xae, 0x21, 0xcf, 0x21,
    0xd0, 0x21, 0xd0, 0x21, 0xf0, 0x21, 0xf1, 0x21, 0xf1, 0x29, 0xf1, 0x21,
    0x11, 0x22, 0x12, 0x2a, 0x13, 0x2a, 0x12, 0x22, 0x13, 0x22, 0x33, 0x2a,
    0x33, 0x2a, 0x34, 0x22, 0x34, 0x2a, 0x34, 0x22, 0x34, 0x2a, 0x34, 0x2a,
    0x34, 0x2a, 0x34, 0x2a, 0x34, 0x2a, 0x55, 0x22, 0x35, 0x2a, 0x55, 0x22,
    0x35, 0x2a, 0x55, 0x2a, 0x55, 0x2a, 0x55, 0x2a, 0x55, 0x2a, 0x55, 0x2a,
    0x55, 0x2a, 0x75, 0x2a, 0x76, 0x32, 0x75, 0x2a, 0x76, 0x32, 0x76, 0x32,
    0x96, 0x32, 0xb6, 0x32, 0x96, 0x32, 0x96, 0x32, 0x96, 0x32, 0xb6, 0x32,
    0x96, 0x32, 0x96, 0x32, 0xb7, 0x32, 0x96, 0x32, 0x96, 0x32, 0xb7, 0x32,
    0x96, 0x32, 0xb6, 0x32, 0x97, 0x32, 0xb6, 0x32, 0x97, 0x32, 0x96, 0x32,
    0xb7, 0x32, 0x96, 0x32, 0x97, 0x32, 0xb7, 0x32, 0xb6, 0x32, 0xb7, 0x32,
    0x97, 0x32, 0x96, 0x32, 0xb6, 0x32, 0xb7, 0x32, 0x96, 0x32, 0x97, 0x32,
    0xb6, 0x32, 0x96, 0x32, 0x96, 0x32, 0xb7, 0x32, 0x96, 0x32, 0x96, 0x32,
    0xb7, 0x32, 0x96, 0x32, 0x96, 0x32, 0x96, 0x32, 0xb7, 0x32, 0x96, 0x32,
    0x97, 0x32, 0xb7, 0x32, 0x96, 0x32, 0x96, 0x32, 0xb7, 0x32, 0x96, 0x32,
    0xb6, 0x32, 0x96, 0x32, 0x97, 0x32, 0xb6, 0x32, 0x96, 0x32, 0x97, 0x32,
    0x96, 0x32, 0x96, 0x32, 0x96, 0x32, 0x97, 0x32, 0x96, 0x32, 0x96, 0x32,
    0x97, 0x32, 0xb6, 0x32, 0x96, 0x32, 0xb6, 0x32, 0xb7, 0x32, 0x96, 0x32,
    0xb6, 0x32, 0x97, 0x32, 0x96, 0x32, 0xb7, 0x32, 0x96, 0x32, 0xb6, 0x32,
    0xb6, 0x32, 0x97, 0x32, 0xb6, 0x32, 0xb6, 0x32, 0x96, 0x32, 0xb6, 0x32,
    0xb6, 0x32, 0x97, 0x32, 0x96, 0x32, 0x96, 0x32, 0x96, 0x32, 0x97, 0x32,
    0x96, 0x32, 0x96, 0x32, 0x96, 0x32, 0x96, 0x32, 0x96, 0x32, 0x96, 0x32,
    0x96, 0x32, 0x96, 0x32, 0xb6, 0x32, 0x96, 0x32, 0xb6, 0x32, 0x97, 0x32,
    0xb6, 0x32, 0x96, 0x32, 0x96, 0x3a, 0xb6, 0x32, 0x96, 0x32, 0x96, 0x32,
    0xb7, 0x3a, 0x96, 0x3a, 0x96, 0x32, 0xb7, 0x32, 0x96, 0x32, 0xb6, 0x32,
    0x96, 0x32, 0x97, 0x32, 0x96, 0x3a, 0x96, 0x32, 0x96, 0x32, 0xb7, 0x3a,
    0x96, 0x32, 0x55, 0x2a, 0x76, 0x32, 0x96, 0x32, 0x96, 0x32, 0x76, 0x32,
    0x96, 0x32, 0x96, 0x32, 0x96, 0x2a, 0x96, 0x32, 0x96, 0x32, 0x96, 0x32,
    0x96, 0x32, 0x96, 0x2a, 0x96, 0x32, 0x96, 0x32, 0x75, 0x2a, 0x75, 0x32,
    0x76, 0x32, 0x95, 0x2a, 0x75, 0x32, 0x75, 0x2a, 0x75, 0x32, 0x74, 0x32,
    0x74, 0x32, 0x74, 0x32, 0x54, 0x32, 0x53, 0x32, 0x53, 0x2a, 0x53, 0x32,
    0x52, 0x2a, 0x32, 0x32, 0x32, 0x32, 0x31, 0x2a, 0x11, 0x2a, 0x10, 0x2a,
    0x8e, 0x21, 0x8e, 0x21, 0xcf, 0x21, 0xcf, 0x21, 0xf0, 0x21, 0xf0, 0x29,
    0xf1, 0x21, 0xf1, 0x29, 0xf1, 0x21, 0xf1, 0x21, 0x12, 0x2a, 0x12, 0x2a,
    0x12, 0x22, 0x13, 0x2a, 0x33, 0x2a, 0x13, 0x22, 0x33, 0x2a, 0x33, 0x2a,
    0x34, 0x22, 0x34, 0x2a, 0x34, 0x22, 0x34, 0x2a, 0x34, 0x2a, 0x54, 0x2a,
    0x34, 0x2a, 0x54, 0x2a, 0x54, 0x2a, 0x34, 0x2a, 0x34, 0x2a, 0x54, 0x2a,
    0x54, 0x2a, 0x55, 0x2a, 0x55, 0x2a, 0x55, 0x2a, 0x75, 0x2a, 0x75, 0x32,
    0x75, 0x2a, 0x75, 0x2a, 0x96, 0x32, 0x76, 0x2a, 0x96, 0x32, 0xb6, 0x32,
    0x96, 0x32, 0x96, 0x32, 0x96, 0x32, 0x96, 0x32, 0x96, 0x32, 0xb6, 0x32,
    0x96, 0x32, 0xb6, 0x32, 0x96, 0x32, 0xb6, 0x32, 0x96, 0x32, 0x96, 0x32,
    0xb6, 0x32, 0xb6, 0x32, 0x96, 0x32, 0xb6, 0x32, 0x96, 0x32, 0x96, 0x32,
    0xb6, 0x32, 0x96, 0x32, 0x96, 0x32, 0xb6, 0x32, 0x96, 0x32, 0x96, 0x32,
    0xb6, 0x32, 0x96, 0x32, 0xb6, 0x32, 0xb6, 0x32, 0x96, 0x32, 0xb6, 0x32,
    0xb6, 0x32, 0x96, 0x32, 0xb6, 0x32, 0x96, 0x32, 0xb6, 0x32, 0x96, 0x32,
    0xb6, 0x32, 0xb6, 0x32, 0x96, 0x32, 0xb6, 0x32, 0x96, 0x32, 0x96, 0x32,
    0xb6, 0x32, 0x96, 0x32, 0xb6, 0x32, 0x96, 0x32, 0xb6, 0x32, 0xb6, 0x32,
    0x96, 0x32, 0xb6, 0x32, 0xb6, 0x32, 0xb6, 0x32, 0xb6, 0x32, 0x96, 0x32,
    0xb6, 0x32, 0xb6, 0x32, 0x96, 0x32, 0xb6, 0x32, 0x96, 0x32, 0x96, 0x32,
    0x96, 0x32, 0xb6, 0x32, 0x96, 0x32, 0xb6, 0x32, 0xb6, 0x32, 0x96, 0x32,
    0x96, 0x32, 0xb6, 0x32, 0x96, 0x32, 0x96, 0x32, 0x96, 0x32, 0xb6, 0x32,
    0x96, 0x32, 0x96, 0x32, 0xb6, 0x32, 0x96, 0x32, 0xb6, 0x32, 0xb6, 0x32,
    0xb6, 0x32, 0xb6, 0x32, 0xb6, 0x32, 0xb6, 0x3a, 0xb6, 0x32, 0x96, 0x32,
    0x96, 0x3a, 0xb6, 0x32, 0xb6, 0x32, 0x96, 0x32, 0xb6, 0x3a, 0x96, 0x32,
    0x96, 0x32, 0x96, 0x3a, 0x96, 0x32, 0xb6, 0x32, 0x96, 0x32, 0xb6, 0x32,
    0x96, 0x32, 0x96, 0x32, 0xb6, 0x32, 0x96, 0x32, 0xb6, 0x32, 0x96, 0x32,
    0x96, 0x32, 0xb6, 0x32, 0xb6, 0x32, 0x96, 0x32, 0xb6, 0x3a, 0xb6, 0x32,
    0xb6, 0x32, 0xb6, 0x32, 0xb6, 0x32, 0x96, 0x32, 0x55, 0x2a, 0x75, 0x32,
    0x95, 0x32, 0x75, 0x32, 0x95, 0x2a, 0x75, 0x32, 0x95, 0x32, 0x76, 0x2a,
    0x96, 0x32, 0x76, 0x32, 0x96, 0x32, 0x75, 0x32, 0x76, 0x32, 0x75, 0x32,
    0x75, 0x32, 0x75, 0x32, 0x75, 0x32, 0x75, 0x32, 0x75, 0x32, 0x75, 0x32,
    0x75, 0x32, 0x74, 0x32, 0x74, 0x2a, 0x74, 0x32, 0x54, 0x32, 0x53, 0x2a,
    0x53, 0x32, 0x53, 0x2a, 0x33, 0x32, 0x52, 0x2a, 0x52, 0x32, 0x32, 0x32,
    0x31, 0x2a, 0xf0, 0x29, 0xf0, 0x29, 0xae, 0x21, 0xae, 0x21, 0xaf, 0x21,
    0xcf, 0x21, 0xd0, 0x21, 0xf0, 0x21, 0xd0, 0x21, 0xf1, 0x29, 0xf1, 0x21,
    0xf1, 0x21, 0xf2, 0x29, 0x12, 0x22, 0x12, 0x22, 0x13, 0x2a, 0x12, 0x22,
    0x13, 0x2a, 0x13, 0x2a, 0x13, 0x22, 0x13, 0x2a, 0x33, 0x2a, 0x34, 0x2a,
    0x34, 0x22, 0x34, 0x2a, 0x34, 0x2a, 0x34, 0x2a, 0x34, 0x2a, 0x34, 0x2a,
    0x34, 0x2a, 0x54, 0x2a, 0x34, 0x2a, 0x34, 0x2a, 0x54, 0x2a, 0x54, 0x2a,
    0x54, 0x2a, 0x54, 0x2a, 0x75, 0x32, 0x75, 0x2a, 0x75, 0x2a, 0x95, 0x32,
    0x95, 0x32, 0x96, 0x32, 0x96, 0x32, 0x96, 0x32, 0x96, 0x32, 0x96, 0x32,
    0x96, 0x32, 0x96, 0x32, 0x96, 0x32, 0x96, 0x32, 0x96, 0x32, 0x96, 0x32,
    0x96, 0x32, 0x96, 0x3a, 0x96, 0x32, 0x96, 0x32, 0x96, 0x32, 0x96, 0x3a,
    0x96, 0x32, 0x95, 0x32, 0x96, 0x3a, 0x96, 0x32, 0x95, 0x32, 0x96, 0x32,
    0x96, 0x32, 0x96, 0x32, 0x96, 0x3a, 0x96, 0x32, 0x96, 0x32, 0x96, 0x32,
    0x96, 0x3a, 0x96, 0x32, 0x96, 0x32, 0x96, 0x32, 0x96, 0x32, 0x96, 0x32,
    0x96, 0x32, 0x96, 0x32, 0x96, 0x32, 0x96, 0x32, 0x96, 0x32, 0x96, 0x32,
    0x95, 0x32, 0x96, 0x32, 0x96, 0x32, 0x96, 0x32, 0x96, 0x32, 0x96, 0x32,
    0x96, 0x32, 0x96, 0x32, 0x96, 0x32, 0x96, 0x32, 0x96, 0x32, 0x96, 0x32,
    0x96, 0x32, 0x96, 0x32, 0x96, 0x32, 0xb6, 0x32, 0x96, 0x32, 0x96, 0x32,
    0x96, 0x32, 0x96, 0x32, 0x96, 0x32, 0x96, 0x32, 0x96, 0x32, 0x96, 0x32,
    0x96, 0x32, 0x96, 0x3a, 0x96, 0x32, 0x96, 0x32, 0x96, 0x32, 0x96, 0x32,
    0x96, 0x32, 0x96, 0x32, 0x96, 0x32, 0x96, 0x32, 0x96, 0x32, 0x96, 0x32,
    0x96, 0x32, 0x96, 0x32, 0x96, 0x3a, 0x96, 0x32, 0x96, 0x32, 0x96, 0x32,
    0x96, 0x32, 0x96, 0x32, 0x96, 0x32, 0x96, 0x32, 0xb6, 0x32, 0x96, 0x32,
    0x96, 0x32, 0x96, 0x3a, 0x96, 0x32, 0xb6, 0x32, 0x96, 0x32, 0x96, 0x3a,
    0x96, 0x32, 0x96, 0x32, 0x96, 0x3a, 0x96, 0x32, 0x96, 0x3a, 0x96, 0x32,
    0x96, 0x32, 0x96, 0x32, 0x96, 0x3a, 0xb6, 0x32, 0xb6, 0x3a, 0xb6, 0x32,
    0x96, 0x32, 0xb6, 0x32, 0xb6, 0x32, 0xb6, 0x3a, 0xb6, 0x32, 0xb6, 0x3a,
    0x95, 0x32, 0x54, 0x2a, 0x95, 0x32, 0x95, 0x32, 0x96, 0x32, 0x95, 0x32,
    0x75, 0x32, 0x76, 0x32, 0x95, 0x32, 0x75, 0x32, 0x75, 0x32, 0x75, 0x2a,
    0x75, 0x32, 0x75, 0x32, 0x75, 0x32, 0x95, 0x32, 0x75, 0x32, 0x95, 0x32,
    0x75, 0x32, 0x74, 0x32, 0x74, 0x32, 0x74, 0x32, 0x74, 0x32, 0x74, 0x32,
    0x54, 0x32, 0x54, 0x32, 0x53, 0x32, 0x53, 0x32, 0x53, 0x32, 0x32, 0x2a,
    0x32, 0x32, 0x32, 0x2a, 0x31, 0x32, 0x31, 0x2a, 0x10, 0x2a, 0xf0, 0x29,
    0x8e, 0x21, 0xae, 0x21, 0xcf, 0x21, 0xcf, 0x21, 0xcf, 0x29, 0xd0, 0x21,
    0xd0, 0x21, 0xf0, 0x29, 0xf1, 0x21, 0xf1, 0x29, 0x11, 0x2a, 0x12, 0x2a,
    0x12, 0x22, 0x12, 0x2a, 0x12, 0x2a, 0x13, 0x22, 0x33, 0x2a, 0x13, 0x2a,
    0x13, 0x22, 0x33, 0x2a, 0x33, 0x2a, 0x33, 0x2a, 0x33, 0x2a, 0x34, 0x2a,
    0x33, 0x2a, 0x34, 0x2a, 0x34, 0x22, 0x34, 0x2a, 0x54, 0x2a, 0x34, 0x2a,
    0x34, 0x2a, 0x54, 0x2a, 0x54, 0x2a, 0x54, 0x2a, 0x54, 0x32, 0x74, 0x2a,
    0x54, 0x32, 0x75, 0x32, 0x75, 0x32, 0x75, 0x32, 0x95, 0x32, 0x95, 0x32,
    0x95, 0x32, 0xb5, 0x32, 0x95, 0x32, 0x95, 0x32, 0x95, 0x32, 0xb5, 0x32,
    0x95, 0x32, 0x95, 0x32, 0x95, 0x32, 0xb5, 0x32, 0x95, 0x32, 0x95, 0x32,
    0x95, 0x32, 0x95, 0x32, 0xb5, 0x32, 0x95, 0x32, 0xb5, 0x32, 0x95, 0x32,
    0x95, 0x32, 0x95, 0x32, 0xb5, 0x3a, 0x95, 0x32, 0x95, 0x32, 0xb5, 0x32,
    0x95, 0x32, 0x95, 0x32, 0x95, 0x32, 0x95, 0x32, 0x95, 0x32, 0x95, 0x32,
    0x95, 0x32, 0x96, 0x32, 0xb5, 0x3a, 0x95, 0x32, 0x95, 0x32, 0xb5, 0x32,
    0x95, 0x32, 0x95, 0x32, 0x95, 0x32, 0xb5, 0x32, 0x95, 0x32, 0x95, 0x32,
    0xb5, 0x32, 0x95, 0x32, 0x95, 0x32, 0x95, 0x32, 0x95, 0x32, 0x95, 0x32,
    0x95, 0x32, 0x95, 0x32, 0x95, 0x32, 0x95, 0x32, 0x96, 0x32, 0x95, 0x32,
    0x95, 0x3a, 0x95, 0x32, 0x95, 0x32, 0xb5, 0x3a, 0xb5, 0x32, 0x95, 0x32,
    0x95, 0x32, 0xb5, 0x32, 0x95, 0x32, 0x95, 0x32, 0x95, 0x32, 0xb5, 0x32,
    0x95, 0x32, 0x95, 0x32, 0xb5, 0x32, 0x95, 0x32, 0x95, 0x32, 0xb5, 0x32,
    0x95, 0x32, 0x95, 0x3a, 0x95, 0x32, 0x95, 0x32, 0x95, 0x3a, 0x95, 0x32,
    0x95, 0x32, 0x95, 0x3a, 0x95, 0x32, 0x96, 0x32, 0x95, 0x32, 0xb5, 0x3a,
    0x96, 0x32, 0x96, 0x3a, 0x95, 0x32, 0x95, 0x32, 0x96, 0x32, 0xb5, 0x32,
    0x96, 0x32, 0x95, 0x32, 0xb5, 0x32, 0x95, 0x3a, 0x95, 0x32, 0xb5, 0x32,
    0x95, 0x32, 0x95, 0x32, 0xb5, 0x3a, 0x95, 0x32, 0x95, 0x32, 0x95, 0x32,
    0x95, 0x32, 0x95, 0x3a, 0x96, 0x32, 0x95, 0x32, 0x96, 0x3a, 0x95, 0x32,
    0x96, 0x32, 0x95, 0x32, 0xb6, 0x3a, 0x95, 0x32, 0x54, 0x2a, 0x75, 0x32,
    0x75, 0x32, 0x75, 0x32, 0x95, 0x32, 0x95, 0x32, 0x75, 0x32, 0x95, 0x32,
    0x95, 0x32, 0x95, 0x32, 0x75, 0x32, 0x95, 0x32, 0x75, 0x32, 0x95, 0x2a,
    0x75, 0x32, 0x95, 0x32, 0x74, 0x2a, 0x74, 0x2a, 0x74, 0x32, 0x74, 0x32,
    0x54, 0x32, 0x74, 0x32, 0x54, 0x32, 0x73, 0x32, 0x53, 0x2a, 0x53, 0x32,
    0x53, 0x32, 0x52, 0x32, 0x52, 0x32, 0x32, 0x32, 0x31, 0x2a, 0x31, 0x32,
    0x31, 0x32, 0x10, 0x2a, 0x10, 0x2a, 0x8d, 0x21, 0xad, 0x21, 0xae, 0x21,
    0xcf, 0x21, 0xcf, 0x21, 0xcf, 0x21, 0xf0, 0x21, 0xf0, 0x29, 0xf0, 0x21,
    0xf1, 0x21, 0xf1, 0x29, 0xf1, 0x21, 0x12, 0x2a, 0x12, 0x2a, 0x12, 0x2a,
    0x12, 0x22, 0x12, 0x2a, 0x12, 0x2a, 0x13, 0x22, 0x33, 0x2a, 0x13, 0x2a,
    0x33, 0x22, 0x33, 0x2a, 0x33, 0x2a, 0x33, 0x2a, 0x33, 0x2a, 0x33, 0x2a,
    0x33, 0x2a, 0x33, 0x2a, 0x33, 0x2a, 0x33, 0x2a, 0x33, 0x2a, 0x53, 0x2a,
    0x34, 0x2a, 0x54, 0x2a, 0x74, 0x32, 0x54, 0x2a, 0x74, 0x32, 0x75, 0x32,
    0x75, 0x32, 0x95, 0x32, 0x95, 0x32, 0x95, 0x32, 0x95, 0x32, 0x95, 0x32,
    0x95, 0x32, 0x95, 0x3a, 0x95, 0x32, 0x95, 0x32, 0x95, 0x3a, 0x95, 0x32,
    0x95, 0x32, 0x95, 0x3a, 0x95, 0x32, 0x95, 0x32, 0x95, 0x3a, 0x95, 0x32,
    0x95, 0x32, 0x95, 0x3a, 0x95, 0x32, 0x95, 0x32, 0x95, 0x3a, 0x95, 0x32,
    0x95, 0x32, 0x95, 0x3a, 0x95, 0x32, 0x95, 0x3a, 0x95, 0x3a, 0x95, 0x32,
    0x95, 0x32, 0x95, 0x3a, 0x95, 0x3a, 0x95, 0x32, 0x95, 0x32, 0x95, 0x3a,
    0x95, 0x32, 0x95, 0x3a, 0x95, 0x3a, 0x95, 0x32, 0x95, 0x3a, 0x95, 0x3a,
    0x95, 0x32, 0x95, 0x3a, 0x95, 0x32, 0x95, 0x3a, 0x95, 0x32, 0x95, 0x3a,
    0x95, 0x32, 0x95, 0x3a, 0x95, 0x32, 0x95, 0x3a, 0x95, 0x32, 0x95, 0x3a,
    0x95, 0x32, 0x95, 0x32, 0x95, 0x3a, 0x95, 0x32, 0x95, 0x32, 0x95, 0x32,
    0x95, 0x3a, 0x95, 0x32, 0x95, 0x3a, 0x95, 0x3a, 0x95, 0x32, 0x95, 0x3a,
    0x95, 0x32, 0x95, 0x32, 0x95, 0x3a, 0x95, 0x3a, 0x95, 0x32, 0x95, 0x3a,
    0x95, 0x3a, 0x95, 0x32, 0x95, 0x3a, 0x95, 0x32, 0x95, 0x32, 0x95, 0x3a,
    0x95, 0x32, 0x95, 0x32, 0x95, 0x32, 0x95, 0x32, 0x95, 0x3a, 0x95, 0x32,
    0x95, 0x32, 0x95, 0x3a, 0x95, 0x32, 0x95, 0x32, 0x95, 0x32, 0x95, 0x3a,
    0x95, 0x32, 0x95, 0x32, 0x95, 0x3a, 0x95, 0x3a, 0x95, 0x32, 0x95, 0x3a,
    0x95, 0x32, 0x95, 0x32, 0x95, 0x32, 0x95, 0x3a, 0x95, 0x32, 0x95, 0x32,
    0x95, 0x3a, 0x95, 0x32, 0x95, 0x32, 0x95, 0x32, 0x95, 0x32, 0x95, 0x3a,
    0x95, 0x3a, 0xb5, 0x3a, 0x95, 0x32, 0x95, 0x3a, 0x95, 0x32, 0x95, 0x3a,
    0x95, 0x32, 0x54, 0x32, 0x74, 0x32, 0x75, 0x32, 0x75, 0x32, 0x75, 0x32,
    0x75, 0x32, 0x74, 0x32, 0x75, 0x32, 0x75, 0x32, 0x75, 0x32, 0x75, 0x32,
    0x74, 0x32, 0x74, 0x32, 0x74, 0x2a, 0x74, 0x32, 0x74, 0x32, 0x74, 0x32,
    0x74, 0x32, 0x74, 0x32, 0x74, 0x2a, 0x73, 0x2a, 0x53, 0x32, 0x53, 0x32,
    0x53, 0x32, 0x53, 0x32, 0x52, 0x2a, 0x32, 0x32, 0x32, 0x2a, 0x52, 0x32,
    0x32, 0x32, 0x31, 0x2a, 0x31, 0x32, 0x31, 0x32, 0x10, 0x2a, 0xef, 0x29,
    0x8d, 0x21, 0xae, 0x21, 0xaf, 0x21, 0xaf, 0x21, 0xcf, 0x21, 0xcf, 0x29,
    0xd0, 0x29, 0xd0, 0x21, 0xf0, 0x21, 0xf0, 0x21, 0xf1, 0x29, 0xf1, 0x21,
    0x11, 0x2a, 0xf1, 0x21, 0x12, 0x2a, 0x12, 0x2a, 0x12, 0x22, 0x12, 0x2a,
    0x12, 0x2a, 0x13, 0x2a, 0x12, 0x22, 0x33, 0x2a, 0x13, 0x2a, 0x33, 0x2a,
    0x33, 0x22, 0x33, 0x2a, 0x33, 0x2a, 0x33, 0x2a, 0x33, 0x2a, 0x33, 0x2a,
    0x33, 0x2a, 0x33, 0x2a, 0x33, 0x2a, 0x53, 0x2a, 0x54, 0x2a, 0x54, 0x32,
    0x54, 0x2a, 0x74, 0x32, 0x74, 0x32, 0x74, 0x32, 0x74, 0x32, 0x95, 0x32,
    0x95, 0x3a, 0x95, 0x32, 0x95, 0x3a, 0x94, 0x32, 0x95, 0x3a, 0x95, 0x32,
    0x95, 0x32, 0x95, 0x3a, 0x95, 0x32, 0x95, 0x32, 0x95, 0x3a, 0x95, 0x32,
    0x95, 0x32, 0x95, 0x3a, 0x95, 0x32, 0x95, 0x32, 0x95, 0x3a, 0x95, 0x32,
    0x95, 0x32, 0x95, 0x3a, 0x95, 0x32, 0x95, 0x32, 0x95, 0x32, 0x94, 0x32,
    0x95, 0x32, 0x95, 0x32, 0x95, 0x32, 0x95, 0x32, 0x95, 0x32, 0x95, 0x32,
    0x94, 0x32, 0x95, 0x32, 0x95, 0x32, 0x95, 0x32, 0x95, 0x32, 0x95, 0x32,
    0x95, 0x32, 0x95, 0x32, 0x95, 0x32, 0x95, 0x32, 0x95, 0x32, 0x95, 0x32,
    0x95, 0x32, 0x94, 0x3a, 0x95, 0x32, 0x95, 0x32, 0x95, 0x32, 0x95, 0x32,
    0x95, 0x32, 0x95, 0x3a, 0x95, 0x32, 0x95, 0x32, 0x95, 0x32, 0x95, 0x3a,
    0x95, 0x32, 0x95, 0x32, 0x95, 0x3a, 0x95, 0x32, 0x95, 0x32, 0x95, 0x32,
    0x95, 0x32, 0x95, 0x32, 0x95, 0x3a, 0x95, 0x32, 0x95, 0x32, 0x95, 0x32,
    0x95, 0x32, 0x95, 0x32, 0x94, 0x32, 0x95, 0x32, 0x95, 0x32, 0x95, 0x3a,
    0x95, 0x32, 0x95, 0x32, 0x95, 0x32, 0x95, 0x32, 0x95, 0x3a, 0x95, 0x32,
    0x95, 0x32, 0x95, 0x32, 0x95, 0x32, 0x94, 0x3a, 0x95, 0x32, 0x95, 0x32,
    0x94, 0x3a, 0x95, 0x32, 0x95, 0x3a, 0x94, 0x3a, 0x95, 0x32, 0x95, 0x3a,
    0x94, 0x32, 0x95, 0x32, 0x95, 0x3a, 0x95, 0x32, 0x95, 0x3a, 0x95, 0x3a,
    0x95, 0x32, 0x95, 0x3a, 0x95, 0x32, 0x95, 0x3a, 0x95, 0x3a, 0x95, 0x3a,
    0x95, 0x32, 0x95, 0x3a, 0x95, 0x32, 0x95, 0x32, 0x95, 0x3a, 0x95, 0x3a,
    0x95, 0x32, 0x95, 0x32, 0x95, 0x3a, 0x94, 0x32, 0x53, 0x2a, 0x74, 0x32,
    0x74, 0x32, 0x74, 0x32, 0x74, 0x32, 0x74, 0x32, 0x74, 0x32, 0x74, 0x32,
    0x74, 0x2a, 0x74, 0x32, 0x74, 0x32, 0x74, 0x32, 0x74, 0x32, 0x74, 0x32,
    0x74, 0x32, 0x74, 0x32, 0x73, 0x32, 0x74, 0x32, 0x73, 0x32, 0x73, 0x32,
    0x53, 0x32, 0x73, 0x32, 0x53, 0x2a, 0x53, 0x32, 0x53, 0x32, 0x52, 0x32,
    0x32, 0x32, 0x52, 0x32, 0x32, 0x32, 0x31, 0x2a, 0x31, 0x32, 0x31, 0x2a,
    0x10, 0x2a, 0xf0, 0x29, 0xef, 0x29, 0x8d, 0x21, 0xad, 0x21, 0xce, 0x21,
    0xae, 0x21, 0xcf, 0x29, 0xcf, 0x21, 0xcf, 0x21, 0xd0, 0x29, 0xd0, 0x21,
    0xf0, 0x29, 0xf1, 0x29, 0xf1, 0x21, 0xf1, 0x29, 0x11, 0x22, 0xf1, 0x29,
    0x12, 0x2a, 0x12, 0x22, 0x12, 0x22, 0x12, 0x2a, 0x12, 0x2a, 0x12, 0x2a,
    0x12, 0x2a, 0x12, 0x2a, 0x12, 0x2a, 0x12, 0x2a, 0x12, 0x2a, 0x13, 0x22,
    0x12, 0x2a, 0x32, 0x2a, 0x12, 0x2a, 0x33, 0x2a, 0x33, 0x2a, 0x33, 0x2a,
    0x33, 0x2a, 0x53, 0x2a, 0x53, 0x32, 0x53, 0x32, 0x53, 0x2a, 0x74, 0x32,
    0x73, 0x32, 0x74, 0x32, 0x94, 0x32, 0x94, 0x32, 0x94, 0x3a, 0x94, 0x32,
    0x74, 0x3a, 0x94, 0x32, 0x94, 0x32, 0x94, 0x3a, 0x94, 0x32, 0x94, 0x32,
    0x94, 0x3a, 0x94, 0x32, 0x94, 0x32, 0x94, 0x3a, 0x94, 0x32, 0x94, 0x32,
    0x94, 0x3a, 0x94, 0x32, 0x94, 0x32, 0x94, 0x3a, 0x94, 0x32, 0x94, 0x3a,
    0x94, 0x3a, 0x94, 0x32, 0x94, 0x3a, 0x94, 0x3a, 0x94, 0x32, 0x94, 0x3a,
    0x94, 0x32, 0x94, 0x3a, 0x94, 0x32, 0x94, 0x3a, 0x94, 0x3a, 0x94, 0x32,
    0x94, 0x3a, 0x94, 0x3a, 0x94, 0x32, 0x94, 0x32, 0x94, 0x3a, 0x94, 0x32,
    0x94, 0x3a, 0x94, 0x3a, 0x94, 0x32, 0x94, 0x32, 0x94, 0x3a, 0x74, 0x32,
    0x94, 0x3a, 0x74, 0x3a, 0x94, 0x32, 0x94, 0x32, 0x94, 0x3a, 0x94, 0x32,
    0x94, 0x3a, 0x94, 0x3a, 0x94, 0x32, 0x94, 0x32, 0x94, 0x3a, 0x94, 0x3a,
    0x94, 0x32, 0x94, 0x3a, 0x94, 0x32, 0x94, 0x32, 0x94, 0x3a, 0x94, 0x32,
    0x94, 0x3a, 0x94, 0x3a, 0x94, 0x32, 0x94, 0x3a, 0x94, 0x32, 0x94, 0x3a,
    0x94, 0x32, 0x94, 0x32, 0x94, 0x3a, 0x94, 0x32, 0x94, 0x3a, 0x94, 0x3a,
    0x74, 0x32, 0x94, 0x3a, 0x74, 0x3a, 0x94, 0x32, 0x94, 0x3a, 0x94, 0x3a,
    0x94, 0x32, 0x94, 0x32, 0x94, 0x3a, 0x94, 0x32, 0x94, 0x32, 0x94, 0x32,
    0x94, 0x32, 0x94, 0x32, 0x94, 0x32, 0x94, 0x32, 0x94, 0x3a, 0x94, 0x32,
    0x94, 0x32, 0x94, 0x32, 0x94, 0x32, 0x94, 0x3a, 0x94, 0x32, 0x94, 0x32,
    0x94, 0x32, 0x94, 0x32, 0x94, 0x32, 0x94, 0x3a, 0x94, 0x32, 0x94, 0x3a,
    0x94, 0x32, 0x94, 0x32, 0x94, 0x3a, 0x94, 0x32, 0x94, 0x32, 0x95, 0x3a,
    0x94, 0x32, 0x53, 0x2a, 0x53, 0x32, 0x74, 0x32, 0x73, 0x32, 0x74, 0x32,
    0x74, 0x32, 0x74, 0x32, 0x73, 0x32, 0x74, 0x32, 0x73, 0x32, 0x73, 0x32,
    0x74, 0x32, 0x73, 0x32, 0x74, 0x32, 0x73, 0x32, 0x73, 0x32, 0x53, 0x32,
    0x53, 0x32, 0x73, 0x32, 0x53, 0x32, 0x53, 0x32, 0x53, 0x32, 0x52, 0x32,
    0x52, 0x32, 0x52, 0x32, 0x32, 0x32, 0x52, 0x32, 0x31, 0x32, 0x31, 0x32,
    0x31, 0x32, 0x31, 0x32, 0x10, 0x32, 0x10, 0x32, 0x10, 0x2a, 0xef, 0x29,
    0x8d, 0x21, 0x8d, 0x21, 0xae, 0x21, 0xce, 0x21, 0xcf, 0x21, 0xcf, 0x21,
    0xcf, 0x21, 0xf0, 0x29, 0xcf, 0x29, 0xf0, 0x21, 0xf0, 0x21, 0xf0, 0x29,
    0xf1, 0x29, 0x11, 0x22, 0xf1, 0x29, 0xf1, 0x29, 0xf1, 0x29, 0x11, 0x22,
    0x11, 0x2a, 0x12, 0x2a, 0x12, 0x22, 0x12, 0x22, 0x12, 0x2a, 0x12, 0x2a,
    0x12, 0x2a, 0x32, 0x2a, 0x12, 0x2a, 0x12, 0x22, 0x32, 0x2a, 0x12, 0x2a,
    0x12, 0x2a, 0x32, 0x2a, 0x32, 0x2a, 0x32, 0x32, 0x32, 0x2a, 0x53, 0x32,
    0x53, 0x32, 0x53, 0x2a, 0x53, 0x32, 0x53, 0x32, 0x74, 0x32, 0x74, 0x3a,
    0x74, 0x3a, 0x74, 0x32, 0x74, 0x32, 0x74, 0x32, 0x74, 0x3a, 0x74, 0x32,
    0x73, 0x3a, 0x74, 0x32, 0x74, 0x3a, 0x73, 0x32, 0x74, 0x3a, 0x74, 0x32,
    0x73, 0x3a, 0x74, 0x32, 0x74, 0x3a, 0x73, 0x32, 0x74, 0x32, 0x74, 0x3a,
    0x73, 0x32, 0x74, 0x32, 0x74, 0x32, 0x74, 0x32, 0x74, 0x3a, 0x74, 0x32,
    0x74, 0x32, 0x74, 0x3a, 0x73, 0x32, 0x74, 0x3a, 0x74, 0x32, 0x74, 0x3a,
    0x74, 0x32, 0x74, 0x32, 0x74, 0x3a, 0x73, 0x32, 0x74, 0x32, 0x74, 0x3a,
    0x73, 0x3a, 0x74, 0x32, 0x74, 0x3a, 0x73, 0x32, 0x74, 0x32, 0x74, 0x3a,
    0x74, 0x32, 0x74, 0x32, 0x94, 0x3a, 0x74, 0x32, 0x73, 0x32, 0x94, 0x3a,
    0x74, 0x3a, 0x73, 0x32, 0x94, 0x32, 0x74, 0x32, 0x94, 0x3a, 0x73, 0x32,
    0x74, 0x32, 0x74, 0x3a, 0x74, 0x32, 0x74, 0x3a, 0x74, 0x3a, 0x74, 0x32,
    0x74, 0x3a, 0x73, 0x32, 0x74, 0x32, 0x74, 0x32, 0x74, 0x3a, 0x73, 0x32,
    0x74, 0x32, 0x74, 0x3a, 0x74, 0x3a, 0x74, 0x3a, 0x74, 0x32, 0x73, 0x32,
    0x74, 0x3a, 0x74, 0x32, 0x73, 0x32, 0x94, 0x32, 0x74, 0x32, 0x73, 0x32,
    0x74, 0x3a, 0x74, 0x3a, 0x74, 0x32, 0x74, 0x32, 0x74, 0x3a, 0x94, 0x3a,
    0x74, 0x32, 0x74, 0x3a, 0x74, 0x3a, 0x74, 0x3a, 0x74, 0x3a, 0x74, 0x3a,
    0x74, 0x3a, 0x74, 0x32, 0x94, 0x3a, 0x74, 0x3a, 0x74, 0x32, 0x74, 0x3a,
    0x74, 0x32, 0x94, 0x3a, 0x74, 0x3a, 0x74, 0x32, 0x94, 0x3a, 0x94, 0x3a,
    0x94, 0x32, 0x94, 0x3a, 0x94, 0x32, 0x94, 0x3a, 0x94, 0x32, 0x94, 0x3a,
    0x94, 0x3a, 0x94, 0x3a, 0x94, 0x3a, 0x74, 0x32, 0x53, 0x32, 0x53, 0x32,
    0x53, 0x32, 0x73, 0x32, 0x53, 0x32, 0x53, 0x32, 0x73, 0x32, 0x53, 0x32,
    0x53, 0x32, 0x73, 0x32, 0x53, 0x32, 0x53, 0x32, 0x73, 0x32, 0x53, 0x32,
    0x53, 0x32, 0x53, 0x32, 0x53, 0x32, 0x53, 0x32, 0x53, 0x32, 0x53, 0x32,
    0x52, 0x32, 0x52, 0x32, 0x52, 0x32, 0x52, 0x32, 0x52, 0x2a, 0x32, 0x32,
    0x31, 0x32, 0x31, 0x2a, 0x31, 0x2a, 0x11, 0x32, 0x11, 0x2a, 0x10, 0x2a,
    0x10, 0x32, 0xef, 0x29, 0xef, 0x29
};
