// 4.23.2 0x9514d292 D2 AY R0 FARGB8888 U565 N0 SExtFlashSection
// Generated by imageconverter. Please, do not edit!

#include <touchgfx/hal/Config.hpp>

LOCATION_PRAGMA("ExtFlashSection")
KEEP extern const unsigned char image_temp_down_00[] LOCATION_ATTRIBUTE("ExtFlashSection") = { // 64x64 ARGB8888 pixels.
    0xf8, 0x00, 0x00, 0x00, 0xf8, 0x00, 0x00, 0x00, 0xf8, 0x00, 0x00, 0x00,
    0xf8, 0x00, 0x00, 0x00, 0xf8, 0x80, 0x00, 0x00, 0xf8, 0x80, 0x00, 0x00,
    0xf8, 0x80, 0x00, 0x04, 0xf8, 0x54, 0x00, 0x04, 0xf8, 0x54, 0x00, 0x04,
    0xf8, 0x40, 0x00, 0x04, 0xf8, 0x40, 0x00, 0x04, 0xf8, 0x34, 0x00, 0x04,
    0xf8, 0x34, 0x00, 0x04, 0xf8, 0x54, 0x00, 0x04, 0xf8, 0x54, 0x00, 0x04,
    0xf8, 0x48, 0x00, 0x08, 0xf8, 0x40, 0x00, 0x08, 0xf8, 0x40, 0x00, 0x08,
    0xf8, 0x38, 0x00, 0x08, 0xf8, 0x38, 0x00, 0x08, 0xf8, 0x4c, 0x00, 0x08,
    0xf8, 0x4c, 0x00, 0x08, 0xf8, 0x44, 0x00, 0x0c, 0xf8, 0x44, 0x00, 0x0c,
    0xf8, 0x48, 0x00, 0x0c, 0xf8, 0x40, 0x00, 0x0c, 0xf8, 0x40, 0x00, 0x0c,
    0xf8, 0x40, 0x00, 0x0c, 0xf8, 0x40, 0x00, 0x0c, 0xf8, 0x40, 0x00, 0x0c,
    0xf8, 0x40, 0x00, 0x0c, 0xf8, 0x44, 0x00, 0x0c, 0xf8, 0x44, 0x00, 0x0c,
    0xf8, 0x48, 0x00, 0x0c, 0xf8, 0x4c, 0x00, 0x08, 0xf8, 0x4c, 0x00, 0x08,
    0xf8, 0x38, 0x00, 0x08, 0xf8, 0x38, 0x00, 0x08, 0xf8, 0x40, 0x00, 0x08,
    0xf8, 0x48, 0x00, 0x08, 0xf8, 0x48, 0x00, 0x08, 0xf8, 0x54, 0x00, 0x04,
    0xf8, 0x54, 0x00, 0x04, 0xf8, 0x34, 0x00, 0x04, 0xf8, 0x40, 0x00, 0x04,
    0xf8, 0x40, 0x00, 0x04, 0xf8, 0x54, 0x00, 0x04, 0xf8, 0x54, 0x00, 0x04,
    0xf8, 0x80, 0x00, 0x00, 0xf8, 0x80, 0x00, 0x00, 0xf8, 0x00, 0x00, 0x00,
    0xf8, 0x00, 0x00, 0x00, 0xf8, 0x00, 0x00, 0x00, 0xf8, 0x00, 0x00, 0x00,
    0xf8, 0x00, 0x00, 0x00, 0x00, 0x00, 0x00, 0x00, 0x00, 0x00, 0x00, 0x00,
    0x00, 0x00, 0x00, 0x00, 0x00, 0x00, 0x00, 0x00, 0x00, 0x00, 0x00, 0x00,
    0x00, 0x00, 0x00, 0x00, 0x00, 0x00, 0x00, 0x00, 0x00, 0x00, 0x00, 0x00,
    0x00, 0x00, 0x00, 0x00, 0xf8, 0x00, 0x00, 0x00, 0xf8, 0x00, 0x00, 0x00,
    0xf8, 0x00, 0x00, 0x00, 0xf8, 0x80, 0x00, 0x04, 0xf8, 0x7c, 0x00, 0x04,
    0xf8, 0x54, 0x00, 0x04, 0xf8, 0x54, 0x00, 0x04, 0xf8, 0x54, 0x00, 0x00,
    0xf8, 0x40, 0x00, 0x04, 0xf8, 0x40, 0x00, 0x04, 0xf8, 0x34, 0x00, 0x04,
    0xf8, 0x54, 0x00, 0x08, 0xf8, 0x54, 0x00, 0x08, 0xf8, 0x48, 0x00, 0x08,
    0xf8, 0x40, 0x00, 0x08, 0xf8, 0x38, 0x00, 0x08, 0xf8, 0x38, 0x00, 0x08,
    0xf8, 0x4c, 0x00, 0x0c, 0xf8, 0x48, 0x00, 0x0c, 0xf8, 0x44, 0x00, 0x0c,
    0xf8, 0x40, 0x00, 0x0c, 0xf8, 0x40, 0x00, 0x0c, 0xf8, 0x50, 0x00, 0x0c,
    0xf8, 0x4c, 0x00, 0x0c, 0xf8, 0x48, 0x00, 0x0c, 0xf8, 0x48, 0x00, 0x0c,
    0xf8, 0x48, 0x00, 0x0c, 0xf8, 0x48, 0x00, 0x10, 0xf8, 0x48, 0x00, 0x0c,
    0xf8, 0x48, 0x00, 0x0c, 0xf8, 0x48, 0x00, 0x0c, 0xf8, 0x48, 0x00, 0x0c,
    0xf8, 0x50, 0x00, 0x0c, 0xf8, 0x4c, 0x00, 0x0c, 0xf8, 0x40, 0x00, 0x0c,
    0xf8, 0x44, 0x00, 0x0c, 0xf8, 0x48, 0x00, 0x0c, 0xf8, 0x4c, 0x00, 0x08,
    0xf8, 0x38, 0x00, 0x08, 0xf8, 0x38, 0x00, 0x08, 0xf8, 0x40, 0x00, 0x08,
    0xf8, 0x48, 0x00, 0x08, 0xf8, 0x54, 0x00, 0x08, 0xf8, 0x54, 0x00, 0x04,
    0xf8, 0x34, 0x00, 0x04, 0xf8, 0x40, 0x00, 0x04, 0xf8, 0x40, 0x00, 0x04,
    0xf8, 0x54, 0x00, 0x04, 0xf8, 0x54, 0x00, 0x04, 0xf8, 0x80, 0x00, 0x00,
    0xf8, 0x80, 0x00, 0x04, 0xf8, 0x00, 0x00, 0x00, 0xf8, 0x00, 0x00, 0x00,
    0xf8, 0x00, 0x00, 0x00, 0xf8, 0x00, 0x00, 0x00, 0x00, 0x00, 0x00, 0x00,
    0x00, 0x00, 0x00, 0x00, 0x00, 0x00, 0x00, 0x00, 0x00, 0x00, 0x00, 0x00,
    0x00, 0x00, 0x00, 0x00, 0x00, 0x00, 0x00, 0x00, 0x00, 0x00, 0x00, 0x00,
    0x00, 0x00, 0x00, 0x00, 0x00, 0x00, 0x00, 0x00, 0xf8, 0x00, 0x00, 0x00,
    0xf8, 0x80, 0x00, 0x04, 0xf8, 0x80, 0x00, 0x04, 0xf8, 0x80, 0x00, 0x00,
    0xf8, 0x54, 0x00, 0x04, 0xf8, 0x54, 0x00, 0x04, 0xf8, 0x40, 0x00, 0x04,
    0xf8, 0x40, 0x00, 0x04, 0xf8, 0x34, 0x00, 0x04, 0xf8, 0x54, 0x00, 0x04,
    0xf8, 0x54, 0x00, 0x04, 0xf8, 0x48, 0x00, 0x08, 0xf8, 0x40, 0x00, 0x08,
    0xf8, 0x38, 0x00, 0x08, 0xf8, 0x38, 0x00, 0x08, 0xf8, 0x4c, 0x00, 0x0c,
    0xf8, 0x48, 0x00, 0x0c, 0xf8, 0x40, 0x00, 0x0c, 0xf8, 0x4c, 0x00, 0x0c,
    0xf8, 0x50, 0x00, 0x0c, 0xf8, 0x48, 0x00, 0x10, 0xf8, 0x48, 0x00, 0x10,
    0xf8, 0x44, 0x00, 0x10, 0xf8, 0x40, 0x00, 0x10, 0xf8, 0x40, 0x00, 0x10,
    0xf8, 0x40, 0x00, 0x10, 0xf8, 0x40, 0x00, 0x10, 0xf8, 0x40, 0x00, 0x10,
    0xf8, 0x40, 0x00, 0x10, 0xf8, 0x40, 0x00, 0x10, 0xf8, 0x40, 0x00, 0x10,
    0xf8, 0x40, 0x00, 0x10, 0xf8, 0x44, 0x00, 0x10, 0xf8, 0x44, 0x00, 0x10,
    0xf8, 0x48, 0x00, 0x0c, 0xf8, 0x50, 0x00, 0x0c, 0xf8, 0x4c, 0x00, 0x0c,
    0xf8, 0x40, 0x00, 0x0c, 0xf8, 0x48, 0x00, 0x0c, 0xf8, 0x4c, 0x00, 0x0c,
    0xf8, 0x38, 0x00, 0x08, 0xf8, 0x40, 0x00, 0x08, 0xf8, 0x40, 0x00, 0x08,
    0xf8, 0x48, 0x00, 0x08, 0xf8, 0x54, 0x00, 0x08, 0xf8, 0x34, 0x00, 0x04,
    0xf8, 0x40, 0x00, 0x04, 0xf8, 0x40, 0x00, 0x04, 0xf8, 0x54, 0x00, 0x04,
    0xf8, 0x54, 0x00, 0x04, 0xf8, 0x80, 0x00, 0x04, 0xf8, 0x80, 0x00, 0x04,
    0xf8, 0x00, 0x00, 0x00, 0xf8, 0x00, 0x00, 0x00, 0xf8, 0x00, 0x00, 0x04,
    0xf8, 0x00, 0x00, 0x00, 0x00, 0x00, 0x00, 0x00, 0x00, 0x00, 0x00, 0x00,
    0x00, 0x00, 0x00, 0x00, 0x00, 0x00, 0x00, 0x00, 0x00, 0x00, 0x00, 0x00,
    0x00, 0x00, 0x00, 0x00, 0x00, 0x00, 0x00, 0x00, 0x00, 0x00, 0x00, 0x00,
    0xf8, 0x80, 0x00, 0x00, 0xf8, 0x7c, 0x00, 0x04, 0xf8, 0x80, 0x00, 0x00,
    0xf8, 0x54, 0x00, 0x04, 0xf8, 0x54, 0x00, 0x04, 0xf8, 0x40, 0x00, 0x04,
    0xf8, 0x40, 0x00, 0x04, 0xf8, 0x34, 0x00, 0x04, 0xf8, 0x54, 0x00, 0x08,
    0xf8, 0x48, 0x00, 0x08, 0xf8, 0x40, 0x00, 0x08, 0xf8, 0x40, 0x00, 0x08,
    0xf8, 0x38, 0x00, 0x08, 0xf8, 0x4c, 0x00, 0x08, 0xf8, 0x48, 0x00, 0x0c,
    0xf8, 0x40, 0x00, 0x0c, 0xf8, 0x50, 0x00, 0x0c, 0xf8, 0x48, 0x00, 0x0c,
    0xf8, 0x44, 0x00, 0x10, 0xf8, 0x40, 0x00, 0x10, 0xf8, 0x40, 0x00, 0x10,
    0xf8, 0x4c, 0x00, 0x10, 0xf8, 0x48, 0x00, 0x10, 0xf8, 0x48, 0x00, 0x14,
    0xf8, 0x44, 0x00, 0x14, 0xf8, 0x44, 0x00, 0x14, 0xf8, 0x44, 0x00, 0x14,
    0xf8, 0x44, 0x00, 0x14, 0xf8, 0x44, 0x00, 0x14, 0xf8, 0x44, 0x00, 0x14,
    0xf8, 0x44, 0x00, 0x14, 0xf8, 0x48, 0x00, 0x14, 0xf8, 0x48, 0x00, 0x10,
    0xf8, 0x4c, 0x00, 0x10, 0xf8, 0x40, 0x00, 0x10, 0xf8, 0x40, 0x00, 0x10,
    0xf8, 0x44, 0x00, 0x10, 0xf8, 0x48, 0x00, 0x10, 0xf8, 0x50, 0x00, 0x0c,
    0xf8, 0x40, 0x00, 0x0c, 0xf8, 0x48, 0x00, 0x0c, 0xf8, 0x4c, 0x00, 0x08,
    0xf8, 0x38, 0x00, 0x08, 0xf8, 0x40, 0x00, 0x08, 0xf8, 0x48, 0x00, 0x08,
    0xf8, 0x54, 0x00, 0x04, 0xf8, 0x34, 0x00, 0x04, 0xf8, 0x40, 0x00, 0x04,
    0xf8, 0x40, 0x00, 0x04, 0xf8, 0x54, 0x00, 0x04, 0xf8, 0x54, 0x00, 0x04,
    0xf8, 0x80, 0x00, 0x00, 0xf8, 0x80, 0x00, 0x04, 0xf8, 0x00, 0x00, 0x00,
    0xf8, 0x00, 0x00, 0x00, 0xf8, 0x00, 0x00, 0x00, 0x00, 0x00, 0x00, 0x00,
    0x00, 0x00, 0x00, 0x00, 0x00, 0x00, 0x00, 0x00, 0x00, 0x00, 0x00, 0x00,
    0x00, 0x00, 0x00, 0x00, 0x00, 0x00, 0x00, 0x00, 0x00, 0x00, 0x00, 0x00,
    0x00, 0x00, 0x00, 0x00, 0xf8, 0x80, 0x00, 0x00, 0xf8, 0x54, 0x00, 0x04,
    0xf8, 0x54, 0x00, 0x04, 0xf8, 0x54, 0x00, 0x04, 0xf8, 0x40, 0x00, 0x04,
    0xf8, 0x34, 0x00, 0x04, 0xf8, 0x54, 0x00, 0x04, 0xf8, 0x54, 0x00, 0x04,
    0xf8, 0x48, 0x00, 0x08, 0xf8, 0x40, 0x00, 0x08, 0xf8, 0x38, 0x00, 0x08,
    0xf8, 0x4c, 0x00, 0x0c, 0xf8, 0x48, 0x00, 0x0c, 0xf8, 0x40, 0x00, 0x0c,
    0xf8, 0x50, 0x00, 0x0c, 0xf8, 0x48, 0x00, 0x10, 0xf8, 0x40, 0x00, 0x10,
    0xf8, 0x40, 0x00, 0x10, 0xf8, 0x48, 0x00, 0x10, 0xf8, 0x48, 0x00, 0x14,
    0xf8, 0x44, 0x00, 0x14, 0xf8, 0x4c, 0x00, 0x14, 0xf8, 0x48, 0x00, 0x14,
    0xf8, 0x48, 0x00, 0x14, 0xf8, 0x44, 0x00, 0x14, 0xf8, 0x48, 0x00, 0x14,
    0xf8, 0x44, 0x00, 0x18, 0xf8, 0x44, 0x00, 0x14, 0xf8, 0x48, 0x00, 0x14,
    0xf8, 0x44, 0x00, 0x18, 0xf8, 0x48, 0x00, 0x14, 0xf8, 0x48, 0x00, 0x14,
    0xf8, 0x4c, 0x00, 0x14, 0xf8, 0x4c, 0x00, 0x14, 0xf8, 0x44, 0x00, 0x14,
    0xf8, 0x48, 0x00, 0x14, 0xf8, 0x4c, 0x00, 0x10, 0xf8, 0x40, 0x00, 0x10,
    0xf8, 0x48, 0x00, 0x10, 0xf8, 0x4c, 0x00, 0x0c, 0xf8, 0x40, 0x00, 0x0c,
    0xf8, 0x48, 0x00, 0x0c, 0xf8, 0x4c, 0x00, 0x0c, 0xf8, 0x38, 0x00, 0x08,
    0xf8, 0x40, 0x00, 0x08, 0xf8, 0x48, 0x00, 0x08, 0xf8, 0x54, 0x00, 0x04,
    0xf8, 0x34, 0x00, 0x04, 0xf8, 0x40, 0x00, 0x04, 0xf8, 0x40, 0x00, 0x04,
    0xf8, 0x54, 0x00, 0x04, 0xf8, 0x54, 0x00, 0x04, 0xf8, 0x80, 0x00, 0x00,
    0xf8, 0x00, 0x00, 0x00, 0xf8, 0x00, 0x00, 0x00, 0xf8, 0x00, 0x00, 0x00,
    0x00, 0x00, 0x00, 0x00, 0x00, 0x00, 0x00, 0x00, 0x00, 0x00, 0x00, 0x00,
    0x00, 0x00, 0x00, 0x00, 0x00, 0x00, 0x00, 0x00, 0x00, 0x00, 0x00, 0x00,
    0x00, 0x00, 0x00, 0x00, 0x00, 0x00, 0x00, 0x00, 0xf8, 0x54, 0x00, 0x04,
    0xf8, 0x54, 0x00, 0x04, 0xf8, 0x54, 0x00, 0x04, 0xf8, 0x40, 0x00, 0x04,
    0xf8, 0x34, 0x00, 0x04, 0xf8, 0x54, 0x00, 0x04, 0xf8, 0x54, 0x00, 0x08,
    0xf8, 0x40, 0x00, 0x08, 0xf8, 0x40, 0x00, 0x08, 0xf8, 0x3c, 0x00, 0x08,
    0xf8, 0x48, 0x00, 0x0c, 0xf8, 0x40, 0x00, 0x0c, 0xf8, 0x50, 0x00, 0x0c,
    0xf8, 0x48, 0x00, 0x10, 0xf8, 0x40, 0x00, 0x10, 0xf8, 0x4c, 0x00, 0x10,
    0xf8, 0x48, 0x00, 0x14, 0xf8, 0x44, 0x00, 0x14, 0xf8, 0x4c, 0x00, 0x14,
    0xf8, 0x48, 0x00, 0x14, 0xf8, 0x44, 0x00, 0x14, 0xf8, 0x44, 0x00, 0x18,
    0xf8, 0x48, 0x00, 0x18, 0xf8, 0x48, 0x00, 0x18, 0xf8, 0x44, 0x00, 0x1c,
    0xf0, 0x44, 0x00, 0x1c, 0xf8, 0x44, 0x00, 0x18, 0xf8, 0x44, 0x00, 0x1c,
    0xf0, 0x44, 0x00, 0x18, 0xf8, 0x44, 0x00, 0x18, 0xf8, 0x44, 0x00, 0x1c,
    0xf0, 0x48, 0x00, 0x18, 0xf0, 0x48, 0x00, 0x18, 0xf8, 0x48, 0x00, 0x18,
    0xf0, 0x48, 0x00, 0x18, 0xf0, 0x48, 0x00, 0x14, 0xf8, 0x44, 0x00, 0x14,
    0xf8, 0x48, 0x00, 0x10, 0xf8, 0x40, 0x00, 0x10, 0xf8, 0x44, 0x00, 0x10,
    0xf8, 0x48, 0x00, 0x0c, 0xf8, 0x50, 0x00, 0x0c, 0xf8, 0x48, 0x00, 0x0c,
    0xf8, 0x4c, 0x00, 0x08, 0xf8, 0x38, 0x00, 0x08, 0xf8, 0x40, 0x00, 0x08,
    0xf8, 0x48, 0x00, 0x08, 0xf8, 0x54, 0x00, 0x08, 0xf8, 0x34, 0x00, 0x04,
    0xf8, 0x40, 0x00, 0x04, 0xf8, 0x54, 0x00, 0x04, 0xf8, 0x54, 0x00, 0x04,
    0xf8, 0x80, 0x00, 0x00, 0xf8, 0x80, 0x00, 0x04, 0xf8, 0x00, 0x00, 0x04,
    0xf8, 0x00, 0x00, 0x00, 0xf8, 0x00, 0x00, 0x00, 0x00, 0x00, 0x00, 0x00,
    0x00, 0x00, 0x00, 0x00, 0x00, 0x00, 0x00, 0x00, 0x00, 0x00, 0x00, 0x00,
    0x00, 0x00, 0x00, 0x00, 0x00, 0x00, 0x00, 0x00, 0x00, 0x00, 0x00, 0x00,
    0xf8, 0x54, 0x00, 0x04, 0xf8, 0x54, 0x00, 0x04, 0xf8, 0x40, 0x00, 0x04,
    0xf8, 0x34, 0x00, 0x04, 0xf8, 0x54, 0x00, 0x04, 0xf8, 0x48, 0x00, 0x08,
    0xf8, 0x40, 0x00, 0x08, 0xf8, 0x38, 0x00, 0x08, 0xf8, 0x4c, 0x00, 0x0c,
    0xf8, 0x48, 0x00, 0x0c, 0xf8, 0x40, 0x00, 0x0c, 0xf8, 0x48, 0x00, 0x0c,
    0xf8, 0x44, 0x00, 0x10, 0xf8, 0x40, 0x00, 0x10, 0xf8, 0x48, 0x00, 0x10,
    0xf8, 0x44, 0x00, 0x14, 0xf8, 0x48, 0x00, 0x14, 0xf8, 0x44, 0x00, 0x14,
    0xf8, 0x40, 0x00, 0x18, 0xf8, 0x4c, 0x00, 0x18, 0xf8, 0x44, 0x00, 0x18,
    0xf8, 0x40, 0x00, 0x1c, 0xf8, 0x48, 0x00, 0x1c, 0xf8, 0x44, 0x00, 0x20,
    0xf0, 0x44, 0x00, 0x20, 0xf0, 0x48, 0x00, 0x20, 0xf0, 0x48, 0x00, 0x20,
    0xf0, 0x48, 0x00, 0x20, 0xf0, 0x48, 0x00, 0x20, 0xf0, 0x48, 0x00, 0x20,
    0xf0, 0x48, 0x00, 0x20, 0xf0, 0x44, 0x00, 0x20, 0xf0, 0x44, 0x00, 0x20,
    0xe8, 0x48, 0x08, 0x1c, 0xe8, 0x40, 0x00, 0x1c, 0xf8, 0x48, 0x00, 0x18,
    0xf8, 0x40, 0x00, 0x18, 0xf0, 0x48, 0x00, 0x14, 0xf0, 0x4c, 0x00, 0x14,
    0xf8, 0x4c, 0x00, 0x10, 0xf8, 0x40, 0x00, 0x10, 0xf8, 0x48, 0x00, 0x10,
    0xf8, 0x4c, 0x00, 0x0c, 0xf8, 0x48, 0x00, 0x0c, 0xf8, 0x4c, 0x00, 0x0c,
    0xf8, 0x38, 0x00, 0x08, 0xf8, 0x40, 0x00, 0x08, 0xf8, 0x48, 0x00, 0x08,
    0xf8, 0x54, 0x00, 0x04, 0xf8, 0x34, 0x00, 0x04, 0xf8, 0x40, 0x00, 0x04,
    0xf8, 0x54, 0x00, 0x04, 0xf8, 0x54, 0x00, 0x04, 0xf8, 0x80, 0x00, 0x00,
    0xf8, 0x00, 0x00, 0x00, 0xf8, 0x00, 0x00, 0x04, 0xf8, 0x00, 0x00, 0x00,
    0x00, 0x00, 0x00, 0x00, 0x00, 0x00, 0x00, 0x00, 0x00, 0x00, 0x00, 0x00,
    0x00, 0x00, 0x00, 0x00, 0x00, 0x00, 0x00, 0x00, 0x00, 0x00, 0x00, 0x00,
    0x00, 0x00, 0x00, 0x00, 0xf8, 0x54, 0x00, 0x04, 0xf8, 0x40, 0x00, 0x04,
    0xf8, 0x34, 0x00, 0x04, 0xf8, 0x54, 0x00, 0x04, 0xf8, 0x54, 0x00, 0x08,
    0xf8, 0x40, 0x00, 0x08, 0xf8, 0x3c, 0x00, 0x08, 0xf8, 0x4c, 0x00, 0x08,
    0xf8, 0x48, 0x00, 0x0c, 0xf8, 0x4c, 0x00, 0x0c, 0xf8, 0x48, 0x00, 0x0c,
    0xf8, 0x40, 0x00, 0x10, 0xf8, 0x4c, 0x00, 0x10, 0xf8, 0x44, 0x00, 0x14,
    0xf8, 0x48, 0x00, 0x14, 0xf8, 0x44, 0x00, 0x14, 0xf8, 0x48, 0x00, 0x18,
    0xf8, 0x48, 0x00, 0x18, 0xf8, 0x44, 0x00, 0x1c, 0xf8, 0x48, 0x00, 0x1c,
    0xf8, 0x44, 0x00, 0x20, 0xf8, 0x48, 0x00, 0x20, 0xf0, 0x44, 0x00, 0x20,
    0xe8, 0x48, 0x00, 0x24, 0xe8, 0x44, 0x08, 0x24, 0xe0, 0x48, 0x08, 0x28,
    0xe0, 0x44, 0x08, 0x28, 0xd8, 0x44, 0x08, 0x2c, 0xd8, 0x44, 0x08, 0x28,
    0xd8, 0x44, 0x08, 0x28, 0xd0, 0x44, 0x08, 0x28, 0xd8, 0x48, 0x08, 0x28,
    0xe0, 0x44, 0x08, 0x28, 0xd8, 0x48, 0x08, 0x24, 0xe8, 0x48, 0x08, 0x20,
    0xe8, 0x44, 0x00, 0x1c, 0xf0, 0x48, 0x00, 0x1c, 0xf8, 0x48, 0x00, 0x18,
    0xf0, 0x44, 0x00, 0x18, 0xf0, 0x4c, 0x00, 0x14, 0xf8, 0x48, 0x00, 0x14,
    0xf8, 0x40, 0x00, 0x10, 0xf8, 0x48, 0x00, 0x0c, 0xf8, 0x50, 0x00, 0x0c,
    0xf8, 0x48, 0x00, 0x0c, 0xf8, 0x4c, 0x00, 0x0c, 0xf8, 0x3c, 0x00, 0x08,
    0xf8, 0x40, 0x00, 0x08, 0xf8, 0x54, 0x00, 0x08, 0xf8, 0x34, 0x00, 0x04,
    0xf8, 0x40, 0x00, 0x04, 0xf8, 0x40, 0x00, 0x04, 0xf8, 0x54, 0x00, 0x04,
    0xf8, 0x80, 0x00, 0x00, 0xf8, 0x00, 0x00, 0x00, 0xf8, 0x00, 0x00, 0x00,
    0xf8, 0x00, 0x00, 0x00, 0x00, 0x00, 0x00, 0x00, 0x00, 0x00, 0x00, 0x00,
    0x00, 0x00, 0x00, 0x00, 0x00, 0x00, 0x00, 0x00, 0x00, 0x00, 0x00, 0x00,
    0x00, 0x00, 0x00, 0x00, 0x00, 0x00, 0x00, 0x00, 0xf8, 0x40, 0x00, 0x04,
    0xf8, 0x34, 0x00, 0x04, 0xf8, 0x54, 0x00, 0x04, 0xf8, 0x54, 0x00, 0x08,
    0xf8, 0x40, 0x00, 0x08, 0xf8, 0x3c, 0x00, 0x08, 0xf8, 0x4c, 0x00, 0x0c,
    0xf8, 0x48, 0x00, 0x0c, 0xf8, 0x4c, 0x00, 0x0c, 0xf8, 0x48, 0x00, 0x10,
    0xf8, 0x40, 0x00, 0x10, 0xf8, 0x48, 0x00, 0x14, 0xf8, 0x4c, 0x00, 0x14,
    0xf8, 0x48, 0x00, 0x14, 0xf8, 0x40, 0x00, 0x18, 0xf8, 0x48, 0x00, 0x18,
    0xf8, 0x4c, 0x00, 0x1c, 0xf8, 0x48, 0x00, 0x1c, 0xf8, 0x4c, 0x00, 0x20,
    0xf8, 0x48, 0x00, 0x20, 0xf0, 0x48, 0x00, 0x24, 0xf0, 0x48, 0x00, 0x24,
    0xe8, 0x48, 0x08, 0x28, 0xe0, 0x48, 0x08, 0x2c, 0xe0, 0x44, 0x08, 0x2c,
    0xd0, 0x44, 0x00, 0x30, 0xd0, 0x44, 0x08, 0x30, 0xd0, 0x40, 0x08, 0x34,
    0xc8, 0x44, 0x08, 0x34, 0xc8, 0x44, 0x08, 0x34, 0xc8, 0x40, 0x08, 0x34,
    0xc8, 0x44, 0x08, 0x30, 0xd0, 0x40, 0x08, 0x2c, 0xd0, 0x44, 0x08, 0x2c,
    0xd8, 0x48, 0x08, 0x28, 0xd8, 0x44, 0x08, 0x24, 0xe8, 0x48, 0x08, 0x20,
    0xe8, 0x44, 0x00, 0x20, 0xe8, 0x44, 0x00, 0x1c, 0xf8, 0x40, 0x00, 0x18,
    0xf0, 0x48, 0x00, 0x14, 0xf8, 0x48, 0x00, 0x10, 0xf8, 0x40, 0x00, 0x10,
    0xf8, 0x48, 0x00, 0x10, 0xf8, 0x4c, 0x00, 0x0c, 0xf8, 0x48, 0x00, 0x0c,
    0xf8, 0x4c, 0x00, 0x08, 0xf8, 0x40, 0x00, 0x08, 0xf8, 0x48, 0x00, 0x08,
    0xf8, 0x54, 0x00, 0x04, 0xf8, 0x34, 0x00, 0x04, 0xf8, 0x40, 0x00, 0x04,
    0xf8, 0x54, 0x00, 0x04, 0xf8, 0x54, 0x00, 0x04, 0xf8, 0x80, 0x00, 0x04,
    0xf8, 0x00, 0x00, 0x00, 0xf8, 0x00, 0x00, 0x00, 0x00, 0x00, 0x00, 0x00,
    0x00, 0x00, 0x00, 0x00, 0x00, 0x00, 0x00, 0x00, 0x00, 0x00, 0x00, 0x00,
    0x00, 0x00, 0x00, 0x00, 0x00, 0x00, 0x00, 0x00, 0x00, 0x00, 0x00, 0x00,
    0xf8, 0x40, 0x00, 0x04, 0xf8, 0x34, 0x00, 0x04, 0xf8, 0x54, 0x00, 0x04,
    0xf8, 0x48, 0x00, 0x08, 0xf8, 0x3c, 0x00, 0x08, 0xf8, 0x4c, 0x00, 0x08,
    0xf8, 0x44, 0x00, 0x0c, 0xf8, 0x4c, 0x00, 0x0c, 0xf8, 0x48, 0x00, 0x0c,
    0xf8, 0x40, 0x00, 0x10, 0xf8, 0x48, 0x00, 0x14, 0xf8, 0x4c, 0x00, 0x14,
    0xf8, 0x44, 0x00, 0x14, 0xf8, 0x4c, 0x00, 0x18, 0xf8, 0x44, 0x00, 0x1c,
    0xf8, 0x48, 0x00, 0x1c, 0xf8, 0x44, 0x00, 0x20, 0xf8, 0x48, 0x00, 0x20,
    0xf8, 0x4c, 0x00, 0x20, 0xf0, 0x48, 0x00, 0x24, 0xf0, 0x48, 0x00, 0x28,
    0xe8, 0x44, 0x08, 0x2c, 0xe0, 0x48, 0x00, 0x30, 0xd8, 0x44, 0x08, 0x34,
    0xd8, 0x44, 0x08, 0x34, 0xc8, 0x44, 0x08, 0x38, 0xc8, 0x44, 0x10, 0x3c,
    0xc8, 0x40, 0x08, 0x41, 0xc0, 0x40, 0x08, 0x41, 0xc0, 0x40, 0x10, 0x41,
    0xc0, 0x44, 0x08, 0x41, 0xc0, 0x40, 0x10, 0x3c, 0xc8, 0x44, 0x10, 0x38,
    0xc8, 0x44, 0x08, 0x34, 0xc8, 0x44, 0x08, 0x30, 0xd8, 0x40, 0x08, 0x2c,
    0xd8, 0x40, 0x08, 0x28, 0xe0, 0x44, 0x08, 0x20, 0xe8, 0x44, 0x00, 0x1c,
    0xe8, 0x44, 0x00, 0x1c, 0xf8, 0x40, 0x00, 0x18, 0xf0, 0x48, 0x00, 0x14,
    0xf8, 0x48, 0x00, 0x14, 0xf8, 0x40, 0x00, 0x10, 0xf8, 0x48, 0x00, 0x0c,
    0xf8, 0x40, 0x00, 0x0c, 0xf8, 0x48, 0x00, 0x0c, 0xf8, 0x38, 0x00, 0x08,
    0xf8, 0x40, 0x00, 0x08, 0xf8, 0x48, 0x00, 0x08, 0xf8, 0x54, 0x00, 0x04,
    0xf8, 0x40, 0x00, 0x04, 0xf8, 0x40, 0x00, 0x04, 0xf8, 0x54, 0x00, 0x04,
    0xf8, 0x80, 0x00, 0x04, 0xf8, 0x00, 0x00, 0x00, 0xf8, 0x00, 0x00, 0x00,
    0xf8, 0x00, 0x00, 0x04, 0x00, 0x00, 0x00, 0x00, 0x00, 0x00, 0x00, 0x00,
    0x00, 0x00, 0x00, 0x00, 0x00, 0x00, 0x00, 0x00, 0x00, 0x00, 0x00, 0x00,
    0x00, 0x00, 0x00, 0x00, 0xf8, 0x34, 0x00, 0x04, 0xf8, 0x54, 0x00, 0x08,
    0xf8, 0x48, 0x00, 0x08, 0xf8, 0x40, 0x00, 0x08, 0xf8, 0x4c, 0x00, 0x0c,
    0xf8, 0x48, 0x00, 0x0c, 0xf8, 0x50, 0x00, 0x0c, 0xf8, 0x48, 0x00, 0x10,
    0xf8, 0x40, 0x00, 0x10, 0xf8, 0x48, 0x00, 0x10, 0xf8, 0x4c, 0x00, 0x14,
    0xf8, 0x40, 0x00, 0x18, 0xf8, 0x48, 0x00, 0x18, 0xf8, 0x4c, 0x00, 0x1c,
    0xf8, 0x48, 0x00, 0x1c, 0xf8, 0x4c, 0x00, 0x20, 0xf8, 0x4c, 0x00, 0x20,
    0xf8, 0x48, 0x00, 0x24, 0xf0, 0x44, 0x00, 0x28, 0xf0, 0x48, 0x00, 0x2c,
    0xe8, 0x48, 0x08, 0x2c, 0xe0, 0x48, 0x00, 0x34, 0xd8, 0x44, 0x08, 0x38,
    0xd0, 0x44, 0x08, 0x3c, 0xc8, 0x44, 0x08, 0x41, 0xc8, 0x40, 0x08, 0x41,
    0xc0, 0x40, 0x10, 0x49, 0xc0, 0x40, 0x10, 0x49, 0xb8, 0x40, 0x10, 0x49,
    0xb8, 0x44, 0x10, 0x49, 0xb8, 0x40, 0x10, 0x49, 0xb8, 0x40, 0x10, 0x45,
    0xb8, 0x40, 0x10, 0x45, 0xc0, 0x40, 0x08, 0x41, 0xc8, 0x44, 0x08, 0x38,
    0xc8, 0x44, 0x08, 0x34, 0xd0, 0x40, 0x08, 0x30, 0xd8, 0x44, 0x08, 0x28,
    0xe0, 0x44, 0x08, 0x24, 0xe8, 0x44, 0x00, 0x1c, 0xf8, 0x44, 0x00, 0x1c,
    0xf0, 0x44, 0x00, 0x18, 0xf8, 0x4c, 0x00, 0x14, 0xf8, 0x48, 0x00, 0x10,
    0xf8, 0x40, 0x00, 0x10, 0xf8, 0x48, 0x00, 0x10, 0xf8, 0x40, 0x00, 0x0c,
    0xf8, 0x4c, 0x00, 0x08, 0xf8, 0x38, 0x00, 0x08, 0xf8, 0x4c, 0x00, 0x08,
    0xf8, 0x54, 0x00, 0x08, 0xf8, 0x34, 0x00, 0x04, 0xf8, 0x40, 0x00, 0x04,
    0xf8, 0x54, 0x00, 0x04, 0xf8, 0x80, 0x00, 0x00, 0xf8, 0x00, 0x00, 0x00,
    0xf8, 0x00, 0x00, 0x00, 0xf8, 0x00, 0x00, 0x00, 0x00, 0x00, 0x00, 0x00,
    0x00, 0x00, 0x00, 0x00, 0x00, 0x00, 0x00, 0x00, 0x00, 0x00, 0x00, 0x00,
    0x00, 0x00, 0x00, 0x00, 0x00, 0x00, 0x00, 0x00, 0xf8, 0x54, 0x00, 0x04,
    0xf8, 0x48, 0x00, 0x08, 0xf8, 0x40, 0x00, 0x08, 0xf8, 0x38, 0x00, 0x08,
    0xf8, 0x48, 0x00, 0x0c, 0xf8, 0x4c, 0x00, 0x0c, 0xf8, 0x48, 0x00, 0x0c,
    0xf8, 0x40, 0x00, 0x10, 0xf8, 0x48, 0x00, 0x14, 0xf0, 0x48, 0x00, 0x14,
    0xf0, 0x4c, 0x00, 0x18, 0xf8, 0x44, 0x00, 0x1c, 0xf8, 0x48, 0x00, 0x1c,
    0xf8, 0x48, 0x00, 0x20, 0xf8, 0x4c, 0x00, 0x20, 0xf8, 0x44, 0x00, 0x24,
    0xf8, 0x48, 0x00, 0x28, 0xf0, 0x48, 0x00, 0x2c, 0xf0, 0x48, 0x08, 0x30,
    0xe8, 0x48, 0x08, 0x30, 0xe0, 0x48, 0x00, 0x34, 0xd8, 0x44, 0x08, 0x3c,
    0xd0, 0x44, 0x08, 0x41, 0xd0, 0x44, 0x08, 0x45, 0xc8, 0x40, 0x08, 0x49,
    0xc0, 0x44, 0x10, 0x51, 0xb8, 0x40, 0x10, 0x55, 0xb8, 0x44, 0x10, 0x55,
    0xb8, 0x40, 0x10, 0x55, 0xb0, 0x40, 0x10, 0x59, 0xb8, 0x40, 0x10, 0x55,
    0xb8, 0x40, 0x10, 0x51, 0xb8, 0x40, 0x10, 0x51, 0xb8, 0x44, 0x10, 0x49,
    0xc0, 0x40, 0x08, 0x45, 0xc0, 0x44, 0x10, 0x3c, 0xc8, 0x44, 0x08, 0x38,
    0xd0, 0x44, 0x08, 0x30, 0xd8, 0x44, 0x08, 0x28, 0xe0, 0x40, 0x08, 0x24,
    0xe8, 0x44, 0x00, 0x20, 0xf8, 0x44, 0x00, 0x18, 0xf8, 0x40, 0x00, 0x18,
    0xf8, 0x44, 0x00, 0x14, 0xf8, 0x4c, 0x00, 0x10, 0xf8, 0x44, 0x00, 0x10,
    0xf8, 0x50, 0x00, 0x0c, 0xf8, 0x44, 0x00, 0x0c, 0xf8, 0x4c, 0x00, 0x0c,
    0xf8, 0x40, 0x00, 0x08, 0xf8, 0x48, 0x00, 0x08, 0xf8, 0x54, 0x00, 0x04,
    0xf8, 0x40, 0x00, 0x04, 0xf8, 0x54, 0x00, 0x04, 0xf8, 0x54, 0x00, 0x04,
    0xf8, 0x80, 0x00, 0x04, 0xf8, 0x00, 0x00, 0x00, 0xf8, 0x00, 0x00, 0x00,
    0x00, 0x00, 0x00, 0x00, 0x00, 0x00, 0x00, 0x00, 0x00, 0x00, 0x00, 0x00,
    0x00, 0x00, 0x00, 0x00, 0x00, 0x00, 0x00, 0x00, 0x00, 0x00, 0x00, 0x00,
    0xf8, 0x54, 0x00, 0x04, 0xf8, 0x40, 0x00, 0x08, 0xf8, 0x38, 0x00, 0x08,
    0xf8, 0x4c, 0x00, 0x08, 0xf8, 0x40, 0x00, 0x0c, 0xf8, 0x48, 0x00, 0x10,
    0xf8, 0x40, 0x00, 0x10, 0xf0, 0x44, 0x00, 0x14, 0xf0, 0x48, 0x00, 0x14,
    0xf8, 0x4c, 0x00, 0x18, 0xf8, 0x40, 0x00, 0x1c, 0xf0, 0x44, 0x00, 0x20,
    0xf0, 0x44, 0x00, 0x20, 0xf0, 0x48, 0x00, 0x24, 0xf0, 0x44, 0x00, 0x28,
    0xf0, 0x48, 0x08, 0x2c, 0xe8, 0x44, 0x08, 0x30, 0xe8, 0x48, 0x00, 0x30,
    0xe8, 0x44, 0x08, 0x34, 0xe0, 0x44, 0x00, 0x3c, 0xd8, 0x44, 0x08, 0x41,
    0xd0, 0x44, 0x08, 0x41, 0xd0, 0x44, 0x08, 0x49, 0xc8, 0x44, 0x10, 0x51,
    0xc0, 0x40, 0x08, 0x55, 0xc0, 0x48, 0x18, 0x5d, 0xe0, 0xac, 0x98, 0x92,
    0xf0, 0xe0, 0xd8, 0xc7, 0xf8, 0xf4, 0xf0, 0xe7, 0xf8, 0xfc, 0xf8, 0xf7,
    0xf8, 0xf4, 0xf0, 0xe7, 0xf0, 0xe0, 0xd8, 0xc7, 0xe0, 0xb0, 0x98, 0x92,
    0xb8, 0x48, 0x18, 0x55, 0xb8, 0x40, 0x10, 0x4d, 0xc0, 0x44, 0x10, 0x45,
    0xc0, 0x40, 0x10, 0x41, 0xd0, 0x40, 0x08, 0x38, 0xd0, 0x44, 0x08, 0x30,
    0xe0, 0x48, 0x08, 0x28, 0xe8, 0x44, 0x08, 0x20, 0xf0, 0x44, 0x00, 0x1c,
    0xf0, 0x48, 0x00, 0x18, 0xf8, 0x48, 0x00, 0x14, 0xf8, 0x44, 0x00, 0x14,
    0xf8, 0x40, 0x00, 0x10, 0xf8, 0x48, 0x00, 0x0c, 0xf8, 0x40, 0x00, 0x0c,
    0xf8, 0x48, 0x00, 0x0c, 0xf8, 0x38, 0x00, 0x08, 0xf8, 0x40, 0x00, 0x08,
    0xf8, 0x54, 0x00, 0x08, 0xf8, 0x34, 0x00, 0x04, 0xf8, 0x40, 0x00, 0x04,
    0xf8, 0x54, 0x00, 0x04, 0xf8, 0x80, 0x00, 0x04, 0xf8, 0x00, 0x00, 0x00,
    0xf8, 0x00, 0x00, 0x00, 0x00, 0x00, 0x00, 0x00, 0x00, 0x00, 0x00, 0x00,
    0x00, 0x00, 0x00, 0x00, 0x00, 0x00, 0x00, 0x00, 0x00, 0x00, 0x00, 0x00,
    0x00, 0x00, 0x00, 0x00, 0xf8, 0x48, 0x00, 0x08, 0xf8, 0x40, 0x00, 0x08,
    0xf8, 0x4c, 0x00, 0x0c, 0xf8, 0x48, 0x00, 0x0c, 0xf8, 0x50, 0x00, 0x0c,
    0xf8, 0x44, 0x00, 0x10, 0xf8, 0x4c, 0x00, 0x10, 0xf0, 0x48, 0x00, 0x14,
    0xf8, 0x44, 0x00, 0x18, 0xf8, 0x40, 0x00, 0x1c, 0xe8, 0x40, 0x00, 0x20,
    0xe8, 0x44, 0x00, 0x20, 0xe8, 0x44, 0x08, 0x28, 0xe8, 0x48, 0x08, 0x2c,
    0xe0, 0x40, 0x08, 0x2c, 0xe8, 0x48, 0x00, 0x34, 0xe8, 0x44, 0x08, 0x34,
    0xe0, 0x44, 0x00, 0x38, 0xe0, 0x44, 0x08, 0x3c, 0xd8, 0x44, 0x08, 0x41,
    0xd8, 0x44, 0x08, 0x49, 0xc8, 0x40, 0x08, 0x4d, 0xc8, 0x40, 0x10, 0x51,
    0xc0, 0x40, 0x10, 0x59, 0xc8, 0x70, 0x48, 0x71, 0xf8, 0xec, 0xe0, 0xdb,
    0xf8, 0xfc, 0xf8, 0xf7, 0xf8, 0xfc, 0xf8, 0xfb, 0xf8, 0xfc, 0xf8, 0xff,
    0xf8, 0xfc, 0xf8, 0xff, 0xf8, 0xfc, 0xf8, 0xff, 0xf8, 0xfc, 0xf8, 0xfb,
    0xf8, 0xfc, 0xf8, 0xf7, 0xf8, 0xec, 0xe8, 0xd7, 0xc8, 0x74, 0x50, 0x6d,
    0xb8, 0x40, 0x10, 0x4d, 0xc0, 0x40, 0x10, 0x45, 0xc0, 0x40, 0x08, 0x41,
    0xd0, 0x44, 0x08, 0x34, 0xd8, 0x40, 0x08, 0x30, 0xe0, 0x44, 0x08, 0x28,
    0xe8, 0x48, 0x00, 0x20, 0xf8, 0x44, 0x00, 0x1c, 0xf0, 0x48, 0x00, 0x18,
    0xf8, 0x4c, 0x00, 0x14, 0xf8, 0x48, 0x00, 0x14, 0xf8, 0x40, 0x00, 0x10,
    0xf8, 0x50, 0x00, 0x0c, 0xf8, 0x44, 0x00, 0x0c, 0xf8, 0x4c, 0x00, 0x08,
    0xf8, 0x40, 0x00, 0x08, 0xf8, 0x4c, 0x00, 0x08, 0xf8, 0x34, 0x00, 0x04,
    0xf8, 0x40, 0x00, 0x04, 0xf8, 0x54, 0x00, 0x04, 0xf8, 0x80, 0x00, 0x00,
    0xf8, 0x00, 0x00, 0x00, 0xf8, 0x00, 0x00, 0x04, 0x00, 0x00, 0x00, 0x00,
    0x00, 0x00, 0x00, 0x00, 0x00, 0x00, 0x00, 0x00, 0x00, 0x00, 0x00, 0x00,
    0x00, 0x00, 0x00, 0x00, 0x00, 0x00, 0x00, 0x00, 0xf8, 0x40, 0x00, 0x08,
    0xf8, 0x38, 0x00, 0x08, 0xf8, 0x48, 0x00, 0x0c, 0xf8, 0x40, 0x00, 0x0c,
    0xf8, 0x48, 0x00, 0x0c, 0xf8, 0x40, 0x00, 0x10, 0xf8, 0x44, 0x00, 0x14,
    0xf0, 0x44, 0x00, 0x14, 0xf8, 0x44, 0x00, 0x1c, 0xf0, 0x44, 0x00, 0x1c,
    0xe8, 0x44, 0x00, 0x20, 0xe0, 0x48, 0x08, 0x28, 0xe0, 0x48, 0x08, 0x2c,
    0xe8, 0x44, 0x00, 0x30, 0xd8, 0x44, 0x08, 0x34, 0xe0, 0x44, 0x08, 0x38,
    0xe0, 0x44, 0x08, 0x3c, 0xd8, 0x44, 0x08, 0x41, 0xd8, 0x44, 0x08, 0x45,
    0xd0, 0x44, 0x08, 0x4d, 0xd0, 0x44, 0x08, 0x51, 0xc8, 0x44, 0x10, 0x55,
    0xc0, 0x40, 0x08, 0x5d, 0xd0, 0x6c, 0x48, 0x75, 0xf8, 0xf4, 0xf0, 0xe7,
    0xf8, 0xfc, 0xf8, 0xff, 0xf8, 0xfc, 0xf8, 0xff, 0xf8, 0xfc, 0xf8, 0xff,
    0xf8, 0xfc, 0xf8, 0xff, 0xf8, 0xfc, 0xf8, 0xff, 0xf8, 0xfc, 0xf8, 0xff,
    0xf8, 0xfc, 0xf8, 0xff, 0xf8, 0xfc, 0xf8, 0xff, 0xf8, 0xfc, 0xf8, 0xff,
    0xf8, 0xf4, 0xf0, 0xe7, 0xc8, 0x70, 0x48, 0x69, 0xb8, 0x40, 0x10, 0x51,
    0xc0, 0x44, 0x10, 0x45, 0xc8, 0x44, 0x10, 0x3c, 0xd0, 0x44, 0x08, 0x34,
    0xd8, 0x44, 0x08, 0x2c, 0xe8, 0x48, 0x08, 0x24, 0xf8, 0x44, 0x00, 0x20,
    0xf8, 0x44, 0x00, 0x18, 0xf8, 0x44, 0x00, 0x14, 0xf8, 0x44, 0x00, 0x14,
    0xf8, 0x4c, 0x00, 0x10, 0xf8, 0x48, 0x00, 0x10, 0xf8, 0x50, 0x00, 0x0c,
    0xf8, 0x48, 0x00, 0x0c, 0xf8, 0x38, 0x00, 0x08, 0xf8, 0x48, 0x00, 0x08,
    0xf8, 0x54, 0x00, 0x04, 0xf8, 0x40, 0x00, 0x04, 0xf8, 0x54, 0x00, 0x04,
    0xf8, 0x80, 0x00, 0x00, 0xf8, 0x00, 0x00, 0x00, 0xf8, 0x00, 0x00, 0x00,
    0xf8, 0x00, 0x00, 0x00, 0x00, 0x00, 0x00, 0x00, 0x00, 0x00, 0x00, 0x00,
    0x00, 0x00, 0x00, 0x00, 0x00, 0x00, 0x00, 0x00, 0x00, 0x00, 0x00, 0x00,
    0xf8, 0x40, 0x00, 0x08, 0xf8, 0x4c, 0x00, 0x08, 0xf8, 0x48, 0x00, 0x0c,
    0xf8, 0x4c, 0x00, 0x0c, 0xf8, 0x40, 0x00, 0x10, 0xf8, 0x48, 0x00, 0x14,
    0xf0, 0x48, 0x00, 0x14, 0xf8, 0x4c, 0x00, 0x18, 0xf8, 0x48, 0x00, 0x1c,
    0xe8, 0x48, 0x00, 0x20, 0xe8, 0x44, 0x08, 0x24, 0xe0, 0x48, 0x08, 0x2c,
    0xe0, 0x44, 0x00, 0x30, 0xe0, 0x44, 0x08, 0x34, 0xd8, 0x44, 0x08, 0x38,
    0xd8, 0x44, 0x08, 0x3c, 0xd8, 0x44, 0x08, 0x45, 0xd0, 0x44, 0x08, 0x49,
    0xd0, 0x40, 0x08, 0x4d, 0xd0, 0x44, 0x08, 0x55, 0xc8, 0x44, 0x08, 0x59,
    0xc8, 0x44, 0x08, 0x5d, 0xc0, 0x40, 0x10, 0x65, 0xf8, 0xe4, 0xd8, 0xd7,
    0xf8, 0xfc, 0xf8, 0xff, 0xf8, 0xfc, 0xf8, 0xff, 0xf8, 0xfc, 0xf8, 0xfb,
    0xe8, 0xc8, 0xb8, 0xbe, 0xd0, 0x80, 0x60, 0x92, 0xc0, 0x60, 0x38, 0x82,
    0xc8, 0x80, 0x60, 0x8e, 0xe8, 0xc8, 0xb8, 0xbe, 0xf8, 0xfc, 0xf8, 0xfb,
    0xf8, 0xfc, 0xf8, 0xff, 0xf8, 0xfc, 0xf8, 0xff, 0xf0, 0xe4, 0xe0, 0xcf,
    0xb8, 0x40, 0x10, 0x59, 0xc0, 0x40, 0x08, 0x4d, 0xc0, 0x44, 0x08, 0x41,
    0xd0, 0x44, 0x08, 0x38, 0xd0, 0x44, 0x00, 0x30, 0xe0, 0x48, 0x08, 0x28,
    0xe8, 0x44, 0x00, 0x20, 0xf8, 0x40, 0x00, 0x1c, 0xf8, 0x44, 0x00, 0x18,
    0xf8, 0x48, 0x00, 0x14, 0xf8, 0x48, 0x00, 0x14, 0xf8, 0x40, 0x00, 0x10,
    0xf8, 0x4c, 0x00, 0x0c, 0xf8, 0x48, 0x00, 0x0c, 0xf8, 0x38, 0x00, 0x08,
    0xf8, 0x40, 0x00, 0x08, 0xf8, 0x54, 0x00, 0x08, 0xf8, 0x34, 0x00, 0x04,
    0xf8, 0x40, 0x00, 0x04, 0xf8, 0x54, 0x00, 0x04, 0xf8, 0x80, 0x00, 0x04,
    0xf8, 0x00, 0x00, 0x00, 0xf8, 0x00, 0x00, 0x00, 0x00, 0x00, 0x00, 0x00,
    0x00, 0x00, 0x00, 0x00, 0x00, 0x00, 0x00, 0x00, 0x00, 0x00, 0x00, 0x00,
    0x00, 0x00, 0x00, 0x00, 0xf8, 0x38, 0x00, 0x08, 0xf8, 0x4c, 0x00, 0x0c,
    0xf8, 0x40, 0x00, 0x0c, 0xf8, 0x48, 0x00, 0x0c, 0xf8, 0x4c, 0x00, 0x10,
    0xf8, 0x44, 0x00, 0x14, 0xf8, 0x40, 0x00, 0x18, 0xf0, 0x44, 0x00, 0x18,
    0xf0, 0x44, 0x00, 0x20, 0xe8, 0x48, 0x00, 0x24, 0xe0, 0x44, 0x08, 0x2c,
    0xe0, 0x44, 0x00, 0x30, 0xd8, 0x44, 0x08, 0x34, 0xd0, 0x44, 0x08, 0x3c,
    0xd0, 0x44, 0x08, 0x41, 0xd8, 0x44, 0x08, 0x45, 0xd0, 0x44, 0x08, 0x49,
    0xd0, 0x44, 0x08, 0x51, 0xd0, 0x44, 0x08, 0x55, 0xc8, 0x44, 0x10, 0x59,
    0xc8, 0x40, 0x08, 0x61, 0xc8, 0x40, 0x10, 0x69, 0xe0, 0x9c, 0x80, 0x96,
    0xf8, 0xfc, 0xf8, 0xff, 0xf8, 0xfc, 0xf8, 0xff, 0xf8, 0xfc, 0xf8, 0xfb,
    0xd8, 0x9c, 0x80, 0x9e, 0xc0, 0x4c, 0x20, 0x79, 0xc0, 0x44, 0x10, 0x79,
    0xb8, 0x44, 0x10, 0x79, 0xb8, 0x44, 0x10, 0x75, 0xc0, 0x4c, 0x20, 0x79,
    0xd8, 0x9c, 0x80, 0x9a, 0xf8, 0xfc, 0xf8, 0xfb, 0xf8, 0xfc, 0xf8, 0xff,
    0xf8, 0xfc, 0xf8, 0xfb, 0xd8, 0x9c, 0x80, 0x86, 0xb8, 0x40, 0x10, 0x55,
    0xc0, 0x44, 0x08, 0x49, 0xc8, 0x40, 0x10, 0x41, 0xd0, 0x44, 0x08, 0x34,
    0xe0, 0x48, 0x08, 0x2c, 0xe8, 0x48, 0x00, 0x24, 0xf8, 0x48, 0x00, 0x1c,
    0xf8, 0x48, 0x00, 0x18, 0xf8, 0x44, 0x00, 0x18, 0xf8, 0x44, 0x00, 0x14,
    0xf8, 0x4c, 0x00, 0x10, 0xf8, 0x48, 0x00, 0x0c, 0xf8, 0x40, 0x00, 0x0c,
    0xf8, 0x4c, 0x00, 0x0c, 0xf8, 0x38, 0x00, 0x08, 0xf8, 0x48, 0x00, 0x08,
    0xf8, 0x34, 0x00, 0x04, 0xf8, 0x40, 0x00, 0x04, 0xf8, 0x54, 0x00, 0x04,
    0xf8, 0x80, 0x00, 0x04, 0xf8, 0x00, 0x00, 0x00, 0xf8, 0x00, 0x00, 0x00,
    0x00, 0x00, 0x00, 0x00, 0x00, 0x00, 0x00, 0x00, 0x00, 0x00, 0x00, 0x00,
    0x00, 0x00, 0x00, 0x00, 0x00, 0x00, 0x00, 0x00, 0xf8, 0x38, 0x00, 0x08,
    0xf8, 0x48, 0x00, 0x0c, 0xf8, 0x4c, 0x00, 0x0c, 0xf8, 0x40, 0x00, 0x10,
    0xf8, 0x48, 0x00, 0x14, 0xf8, 0x48, 0x00, 0x14, 0xf0, 0x4c, 0x00, 0x18,
    0xf8, 0x48, 0x00, 0x1c, 0xe8, 0x44, 0x00, 0x24, 0xe8, 0x48, 0x08, 0x28,
    0xd8, 0x44, 0x08, 0x2c, 0xd8, 0x44, 0x08, 0x34, 0xd8, 0x44, 0x08, 0x3c,
    0xd0, 0x44, 0x08, 0x41, 0xd0, 0x44, 0x08, 0x49, 0xd0, 0x40, 0x08, 0x4d,
    0xd0, 0x44, 0x08, 0x55, 0xc8, 0x44, 0x08, 0x59, 0xc8, 0x44, 0x10, 0x61,
    0xc8, 0x40, 0x10, 0x65, 0xc8, 0x44, 0x08, 0x6d, 0xc0, 0x44, 0x08, 0x71,
    0xf0, 0xdc, 0xd0, 0xcf, 0xf8, 0xfc, 0xf8, 0xff, 0xf8, 0xfc, 0xf8, 0xff,
    0xf0, 0xd0, 0xc0, 0xc7, 0xc0, 0x48, 0x18, 0x79, 0xc0, 0x40, 0x10, 0x75,
    0xc0, 0x40, 0x08, 0x75, 0xc0, 0x40, 0x10, 0x75, 0xc0, 0x44, 0x10, 0x75,
    0xb8, 0x44, 0x08, 0x75, 0xb8, 0x48, 0x18, 0x75, 0xf0, 0xcc, 0xc0, 0xc3,
    0xf8, 0xfc, 0xf8, 0xff, 0xf8, 0xfc, 0xf8, 0xff, 0xf0, 0xd8, 0xd0, 0xc3,
    0xb8, 0x40, 0x10, 0x59, 0xc0, 0x40, 0x10, 0x4d, 0xd0, 0x40, 0x08, 0x41,
    0xd0, 0x44, 0x08, 0x38, 0xd8, 0x44, 0x08, 0x30, 0xe8, 0x44, 0x08, 0x24,
    0xf8, 0x48, 0x00, 0x20, 0xf8, 0x4c, 0x00, 0x1c, 0xf8, 0x48, 0x00, 0x18,
    0xf8, 0x48, 0x00, 0x14, 0xf8, 0x48, 0x00, 0x10, 0xf8, 0x44, 0x00, 0x10,
    0xf8, 0x4c, 0x00, 0x0c, 0xf8, 0x48, 0x00, 0x0c, 0xf8, 0x38, 0x00, 0x08,
    0xf8, 0x40, 0x00, 0x08, 0xf8, 0x54, 0x00, 0x04, 0xf8, 0x40, 0x00, 0x04,
    0xf8, 0x54, 0x00, 0x04, 0xf8, 0x80, 0x00, 0x00, 0xf8, 0x00, 0x00, 0x00,
    0xf8, 0x00, 0x00, 0x04, 0x00, 0x00, 0x00, 0x00, 0x00, 0x00, 0x00, 0x00,
    0x00, 0x00, 0x00, 0x00, 0x00, 0x00, 0x00, 0x00, 0x00, 0x00, 0x00, 0x00,
    0xf8, 0x4c, 0x00, 0x08, 0xf8, 0x40, 0x00, 0x0c, 0xf8, 0x48, 0x00, 0x10,
    0xf8, 0x40, 0x00, 0x10, 0xf8, 0x44, 0x00, 0x14, 0xf8, 0x44, 0x00, 0x14,
    0xf8, 0x44, 0x00, 0x1c, 0xf0, 0x44, 0x00, 0x20, 0xe8, 0x48, 0x00, 0x24,
    0xe0, 0x48, 0x08, 0x2c, 0xd8, 0x40, 0x00, 0x30, 0xd8, 0x44, 0x08, 0x3c,
    0xd0, 0x40, 0x10, 0x41, 0xf8, 0xf8, 0xf8, 0xe7, 0xf8, 0xfc, 0xf8, 0xf3,
    0xf8, 0xfc, 0xf8, 0xf3, 0xf8, 0xfc, 0xf8, 0xf3, 0xf8, 0xfc, 0xf8, 0xf7,
    0xf8, 0xf4, 0xf0, 0xeb, 0xc8, 0x40, 0x10, 0x6d, 0xc0, 0x40, 0x10, 0x71,
    0xc0, 0x44, 0x10, 0x75, 0xf8, 0xf4, 0xf0, 0xef, 0xf8, 0xfc, 0xf8, 0xff,
    0xf8, 0xfc, 0xf8, 0xff, 0xd0, 0x88, 0x68, 0x96, 0xc0, 0x44, 0x10, 0x75,
    0xc0, 0x40, 0x08, 0x71, 0xc0, 0x40, 0x10, 0x71, 0xc0, 0x40, 0x10, 0x71,
    0xc0, 0x40, 0x08, 0x71, 0xc0, 0x40, 0x10, 0x71, 0xc0, 0x44, 0x10, 0x71,
    0xd0, 0x80, 0x60, 0x8e, 0xf8, 0xfc, 0xf8, 0xff, 0xf8, 0xfc, 0xf8, 0xff,
    0xf8, 0xf4, 0xf0, 0xeb, 0xb8, 0x44, 0x10, 0x5d, 0xc0, 0x40, 0x08, 0x51,
    0xc8, 0x40, 0x08, 0x49, 0xd0, 0x44, 0x08, 0x3c, 0xd8, 0x44, 0x08, 0x30,
    0xf0, 0x44, 0x08, 0x28, 0xf8, 0x44, 0x00, 0x20, 0xf8, 0x48, 0x00, 0x1c,
    0xf8, 0x48, 0x00, 0x18, 0xf8, 0x48, 0x00, 0x18, 0xf8, 0x44, 0x00, 0x14,
    0xf8, 0x40, 0x00, 0x10, 0xf8, 0x48, 0x00, 0x10, 0xf8, 0x40, 0x00, 0x0c,
    0xf8, 0x4c, 0x00, 0x08, 0xf8, 0x40, 0x00, 0x08, 0xf8, 0x54, 0x00, 0x08,
    0xf8, 0x34, 0x00, 0x04, 0xf8, 0x54, 0x00, 0x04, 0xf8, 0x80, 0x00, 0x04,
    0xf8, 0x00, 0x00, 0x00, 0xf8, 0x00, 0x00, 0x00, 0x00, 0x00, 0x00, 0x00,
    0x00, 0x00, 0x00, 0x00, 0x00, 0x00, 0x00, 0x00, 0x00, 0x00, 0x00, 0x00,
    0x00, 0x00, 0x00, 0x00, 0xf8, 0x4c, 0x00, 0x08, 0xf8, 0x40, 0x00, 0x0c,
    0xf8, 0x44, 0x00, 0x10, 0xf8, 0x4c, 0x00, 0x10, 0xf8, 0x4c, 0x00, 0x14,
    0xf8, 0x44, 0x00, 0x18, 0xf8, 0x40, 0x00, 0x1c, 0xf0, 0x48, 0x00, 0x20,
    0xe8, 0x44, 0x08, 0x24, 0xe0, 0x44, 0x08, 0x2c, 0xd8, 0x44, 0x08, 0x34,
    0xd8, 0x44, 0x08, 0x3c, 0xc8, 0x40, 0x08, 0x45, 0xf8, 0xfc, 0xf8, 0xf3,
    0xf8, 0xfc, 0xf8, 0xff, 0xf8, 0xfc, 0xf8, 0xff, 0xf8, 0xfc, 0xf8, 0xff,
    0xf8, 0xfc, 0xf8, 0xff, 0xf8, 0xf8, 0xf8, 0xf3, 0xc0, 0x40, 0x10, 0x71,
    0xc0, 0x44, 0x08, 0x71, 0xb8, 0x40, 0x10, 0x75, 0xf8, 0xfc, 0xf8, 0xfb,
    0xf8, 0xfc, 0xf8, 0xff, 0xf8, 0xfc, 0xf8, 0xff, 0xc0, 0x54, 0x28, 0x7d,
    0xc0, 0x40, 0x10, 0x71, 0xc0, 0x44, 0x08, 0x6d, 0xc0, 0x44, 0x08, 0x71,
    0xc0, 0x44, 0x08, 0x71, 0xc0, 0x44, 0x08, 0x6d, 0xc0, 0x44, 0x08, 0x71,
    0xc0, 0x40, 0x10, 0x71, 0xc0, 0x4c, 0x18, 0x79, 0xf8, 0xfc, 0xf8, 0xff,
    0xf8, 0xfc, 0xf8, 0xff, 0xf8, 0xfc, 0xf8, 0xfb, 0xc0, 0x44, 0x10, 0x61,
    0xc0, 0x40, 0x08, 0x55, 0xc8, 0x40, 0x08, 0x4d, 0xd0, 0x44, 0x08, 0x41,
    0xd8, 0x44, 0x08, 0x34, 0xe8, 0x48, 0x08, 0x2c, 0xf8, 0x48, 0x00, 0x24,
    0xf8, 0x44, 0x00, 0x1c, 0xf8, 0x44, 0x00, 0x1c, 0xf8, 0x44, 0x00, 0x18,
    0xf8, 0x4c, 0x00, 0x14, 0xf8, 0x48, 0x00, 0x10, 0xf8, 0x44, 0x00, 0x10,
    0xf8, 0x50, 0x00, 0x0c, 0xf8, 0x48, 0x00, 0x0c, 0xf8, 0x38, 0x00, 0x08,
    0xf8, 0x48, 0x00, 0x08, 0xf8, 0x34, 0x00, 0x04, 0xf8, 0x40, 0x00, 0x04,
    0xf8, 0x54, 0x00, 0x04, 0xf8, 0x80, 0x00, 0x04, 0xf8, 0x00, 0x00, 0x00,
    0xf8, 0x00, 0x00, 0x00, 0x00, 0x00, 0x00, 0x00, 0x00, 0x00, 0x00, 0x00,
    0x00, 0x00, 0x00, 0x00, 0x00, 0x00, 0x00, 0x00, 0xf8, 0x44, 0x00, 0x0c,
    0xf8, 0x50, 0x00, 0x0c, 0xf8, 0x44, 0x00, 0x10, 0xf8, 0x48, 0x00, 0x10,
    0xf8, 0x48, 0x00, 0x14, 0xf8, 0x48, 0x00, 0x18, 0xf8, 0x48, 0x00, 0x1c,
    0xf0, 0x44, 0x00, 0x20, 0xe8, 0x48, 0x08, 0x28, 0xe0, 0x40, 0x08, 0x30,
    0xd8, 0x44, 0x08, 0x38, 0xd0, 0x44, 0x08, 0x41, 0xd0, 0x44, 0x08, 0x49,
    0xd0, 0x64, 0x30, 0x59, 0xd0, 0x64, 0x38, 0x65, 0xd0, 0x60, 0x30, 0x69,
    0xd0, 0x5c, 0x30, 0x71, 0xd0, 0x5c, 0x30, 0x75, 0xc8, 0x58, 0x28, 0x79,
    0xc0, 0x40, 0x10, 0x71, 0xc0, 0x44, 0x10, 0x75, 0xc0, 0x40, 0x08, 0x79,
    0xf8, 0xfc, 0xf8, 0xff, 0xf8, 0xfc, 0xf8, 0xff, 0xf8, 0xfc, 0xf8, 0xff,
    0xc0, 0x44, 0x10, 0x75, 0xc0, 0x44, 0x08, 0x6d, 0xc8, 0x40, 0x08, 0x6d,
    0xc8, 0x44, 0x10, 0x6d, 0xc8, 0x40, 0x10, 0x6d, 0xc8, 0x40, 0x10, 0x6d,
    0xc8, 0x40, 0x08, 0x6d, 0xc0, 0x44, 0x08, 0x6d, 0xc0, 0x40, 0x10, 0x75,
    0xf8, 0xfc, 0xf8, 0xff, 0xf8, 0xfc, 0xf8, 0xff, 0xf8, 0xfc, 0xf8, 0xff,
    0xc0, 0x40, 0x10, 0x65, 0xc0, 0x40, 0x08, 0x59, 0xc8, 0x40, 0x08, 0x4d,
    0xd0, 0x44, 0x08, 0x45, 0xd8, 0x48, 0x08, 0x38, 0xe8, 0x44, 0x08, 0x2c,
    0xf8, 0x44, 0x00, 0x24, 0xf8, 0x4c, 0x00, 0x20, 0xf8, 0x48, 0x00, 0x1c,
    0xf8, 0x48, 0x00, 0x18, 0xf8, 0x48, 0x00, 0x14, 0xf8, 0x48, 0x00, 0x10,
    0xf8, 0x40, 0x00, 0x10, 0xf8, 0x4c, 0x00, 0x0c, 0xf8, 0x48, 0x00, 0x0c,
    0xf8, 0x38, 0x00, 0x08, 0xf8, 0x48, 0x00, 0x08, 0xf8, 0x54, 0x00, 0x04,
    0xf8, 0x40, 0x00, 0x04, 0xf8, 0x54, 0x00, 0x04, 0xf8, 0x80, 0x00, 0x00,
    0xf8, 0x00, 0x00, 0x00, 0xf8, 0x00, 0x00, 0x00, 0x00, 0x00, 0x00, 0x00,
    0x00, 0x00, 0x00, 0x00, 0x00, 0x00, 0x00, 0x00, 0x00, 0x00, 0x00, 0x00,
    0xf8, 0x44, 0x00, 0x0c, 0xf8, 0x4c, 0x00, 0x0c, 0xf8, 0x40, 0x00, 0x10,
    0xf8, 0x44, 0x00, 0x14, 0xf8, 0x48, 0x00, 0x14, 0xf8, 0x48, 0x00, 0x18,
    0xf8, 0x48, 0x00, 0x1c, 0xf0, 0x48, 0x00, 0x24, 0xf0, 0x44, 0x08, 0x28,
    0xe8, 0x44, 0x00, 0x30, 0xd8, 0x44, 0x08, 0x38, 0xd8, 0x44, 0x08, 0x41,
    0xd0, 0x44, 0x08, 0x4d, 0xc8, 0x44, 0x10, 0x51, 0xc8, 0x44, 0x08, 0x59,
    0xc8, 0x40, 0x08, 0x61, 0xc8, 0x40, 0x08, 0x69, 0xc8, 0x40, 0x10, 0x6d,
    0xc0, 0x40, 0x08, 0x71, 0xc0, 0x44, 0x10, 0x75, 0xc0, 0x40, 0x10, 0x75,
    0xb8, 0x40, 0x10, 0x79, 0xf8, 0xfc, 0xf8, 0xff, 0xf8, 0xfc, 0xf8, 0xff,
    0xf8, 0xfc, 0xf8, 0xff, 0xc0, 0x40, 0x10, 0x75, 0xc0, 0x44, 0x08, 0x6d,
    0xc8, 0x44, 0x10, 0x6d, 0xc8, 0x44, 0x08, 0x69, 0xc8, 0x44, 0x10, 0x69,
    0xc8, 0x44, 0x08, 0x6d, 0xc8, 0x44, 0x10, 0x69, 0xc0, 0x44, 0x08, 0x6d,
    0xc0, 0x44, 0x10, 0x75, 0xf8, 0xfc, 0xf8, 0xff, 0xf8, 0xfc, 0xf8, 0xff,
    0xf8, 0xfc, 0xf8, 0xff, 0xc0, 0x40, 0x08, 0x69, 0xc0, 0x44, 0x10, 0x5d,
    0xc8, 0x40, 0x08, 0x51, 0xd0, 0x44, 0x08, 0x45, 0xd8, 0x40, 0x08, 0x3c,
    0xe0, 0x44, 0x00, 0x30, 0xf0, 0x48, 0x00, 0x28, 0xf8, 0x44, 0x00, 0x20,
    0xf8, 0x44, 0x00, 0x1c, 0xf8, 0x44, 0x00, 0x1c, 0xf8, 0x40, 0x00, 0x18,
    0xf8, 0x44, 0x00, 0x14, 0xf8, 0x4c, 0x00, 0x10, 0xf8, 0x48, 0x00, 0x10,
    0xf8, 0x40, 0x00, 0x0c, 0xf8, 0x4c, 0x00, 0x0c, 0xf8, 0x40, 0x00, 0x08,
    0xf8, 0x58, 0x00, 0x08, 0xf8, 0x40, 0x00, 0x04, 0xf8, 0x54, 0x00, 0x04,
    0xf8, 0x80, 0x00, 0x04, 0xf8, 0x00, 0x00, 0x00, 0xf8, 0x00, 0x00, 0x00,
    0x00, 0x00, 0x00, 0x00, 0x00, 0x00, 0x00, 0x00, 0x00, 0x00, 0x00, 0x00,
    0x00, 0x00, 0x00, 0x00, 0xf8, 0x48, 0x00, 0x0c, 0xf8, 0x48, 0x00, 0x0c,
    0xf8, 0x40, 0x00, 0x10, 0xf8, 0x44, 0x00, 0x14, 0xf8, 0x44, 0x00, 0x18,
    0xf8, 0x44, 0x00, 0x1c, 0xf8, 0x44, 0x00, 0x1c, 0xf0, 0x48, 0x00, 0x24,
    0xe8, 0x48, 0x08, 0x2c, 0xe0, 0x48, 0x00, 0x30, 0xd8, 0x44, 0x08, 0x3c,
    0xd0, 0x44, 0x08, 0x45, 0xc8, 0x40, 0x08, 0x4d, 0xc8, 0x44, 0x10, 0x59,
    0xc8, 0x40, 0x08, 0x5d, 0xc8, 0x40, 0x08, 0x65, 0xc8, 0x40, 0x10, 0x6d,
    0xc0, 0x40, 0x10, 0x71, 0xb8, 0x44, 0x08, 0x75, 0xc0, 0x40, 0x08, 0x75,
    0xb8, 0x40, 0x10, 0x75, 0xb8, 0x40, 0x10, 0x79, 0xf8, 0xfc, 0xf8, 0xff,
    0xf8, 0xfc, 0xf8, 0xff, 0xf8, 0xfc, 0xf8, 0xff, 0xc0, 0x40, 0x08, 0x75,
    0xc0, 0x44, 0x08, 0x6d, 0xc8, 0x40, 0x10, 0x6d, 0xc8, 0x44, 0x08, 0x6d,
    0xc0, 0x40, 0x08, 0x6d, 0xc8, 0x44, 0x10, 0x69, 0xc8, 0x40, 0x08, 0x6d,
    0xc0, 0x44, 0x08, 0x71, 0xc0, 0x40, 0x10, 0x71, 0xf8, 0xfc, 0xf8, 0xff,
    0xf8, 0xfc, 0xf8, 0xff, 0xf8, 0xfc, 0xf8, 0xff, 0xc0, 0x40, 0x08, 0x69,
    0xc0, 0x44, 0x08, 0x5d, 0xc8, 0x44, 0x10, 0x55, 0xd0, 0x44, 0x08, 0x49,
    0xd8, 0x40, 0x08, 0x3c, 0xe8, 0x48, 0x08, 0x34, 0xf0, 0x48, 0x00, 0x2c,
    0xf8, 0x48, 0x00, 0x24, 0xf8, 0x4c, 0x00, 0x20, 0xf8, 0x4c, 0x00, 0x1c,
    0xf8, 0x4c, 0x00, 0x18, 0xf8, 0x48, 0x00, 0x14, 0xf8, 0x48, 0x00, 0x14,
    0xf8, 0x44, 0x00, 0x10, 0xf8, 0x4c, 0x00, 0x0c, 0xf8, 0x4c, 0x00, 0x08,
    0xf8, 0x40, 0x00, 0x08, 0xf8, 0x54, 0x00, 0x04, 0xf8, 0x34, 0x00, 0x04,
    0xf8, 0x54, 0x00, 0x04, 0xf8, 0x80, 0x00, 0x00, 0xf8, 0x00, 0x00, 0x00,
    0xf8, 0x00, 0x00, 0x04, 0xf8, 0x00, 0x00, 0x00, 0x00, 0x00, 0x00, 0x00,
    0x00, 0x00, 0x00, 0x00, 0x00, 0x00, 0x00, 0x00, 0xf8, 0x40, 0x00, 0x0c,
    0xf8, 0x48, 0x00, 0x0c, 0xf8, 0x4c, 0x00, 0x10, 0xf8, 0x44, 0x00, 0x14,
    0xf8, 0x44, 0x00, 0x18, 0xf8, 0x44, 0x00, 0x18, 0xf8, 0x48, 0x00, 0x20,
    0xf0, 0x44, 0x00, 0x24, 0xe8, 0x48, 0x08, 0x2c, 0xd8, 0x44, 0x08, 0x34,
    0xd8, 0x44, 0x08, 0x3c, 0xd0, 0x44, 0x08, 0x49, 0xd0, 0x40, 0x08, 0x51,
    0xf8, 0xf8, 0xf8, 0xe7, 0xf8, 0xf8, 0xf8, 0xf7, 0xf8, 0xfc, 0xf8, 0xf7,
    0xf8, 0xfc, 0xf8, 0xf7, 0xf8, 0xfc, 0xf8, 0xf7, 0xf8, 0xf4, 0xf0, 0xeb,
    0xc0, 0x40, 0x10, 0x79, 0xb8, 0x40, 0x10, 0x79, 0xb8, 0x40, 0x10, 0x79,
    0xf8, 0xfc, 0xf8, 0xff, 0xf8, 0xfc, 0xf8, 0xff, 0xf8, 0xfc, 0xf8, 0xff,
    0xc0, 0x40, 0x10, 0x75, 0xc0, 0x40, 0x10, 0x71, 0xc0, 0x40, 0x08, 0x6d,
    0xc0, 0x40, 0x10, 0x6d, 0xc0, 0x44, 0x08, 0x71, 0xc8, 0x40, 0x10, 0x6d,
    0xc0, 0x40, 0x10, 0x6d, 0xc0, 0x44, 0x08, 0x71, 0xc0, 0x40, 0x10, 0x75,
    0xf8, 0xfc, 0xf8, 0xff, 0xf8, 0xfc, 0xf8, 0xff, 0xf8, 0xfc, 0xf8, 0xff,
    0xc0, 0x44, 0x10, 0x6d, 0xc8, 0x40, 0x08, 0x61, 0xc8, 0x44, 0x10, 0x55,
    0xd0, 0x44, 0x08, 0x49, 0xe0, 0x44, 0x08, 0x41, 0xe8, 0x44, 0x08, 0x34,
    0xf0, 0x48, 0x00, 0x2c, 0xf8, 0x48, 0x00, 0x24, 0xf8, 0x48, 0x00, 0x20,
    0xf8, 0x48, 0x00, 0x1c, 0xf8, 0x48, 0x00, 0x18, 0xf8, 0x44, 0x00, 0x14,
    0xf8, 0x44, 0x00, 0x14, 0xf8, 0x40, 0x00, 0x10, 0xf8, 0x50, 0x00, 0x0c,
    0xf8, 0x48, 0x00, 0x0c, 0xf8, 0x38, 0x00, 0x08, 0xf8, 0x48, 0x00, 0x08,
    0xf8, 0x34, 0x00, 0x04, 0xf8, 0x40, 0x00, 0x04, 0xf8, 0x54, 0x00, 0x04,
    0xf8, 0x80, 0x00, 0x04, 0xf8, 0x00, 0x00, 0x00, 0xf8, 0x00, 0x00, 0x00,
    0x00, 0x00, 0x00, 0x00, 0x00, 0x00, 0x00, 0x00, 0x00, 0x00, 0x00, 0x00,
    0xf8, 0x40, 0x00, 0x0c, 0xf8, 0x48, 0x00, 0x10, 0xf8, 0x4c, 0x00, 0x10,
    0xf8, 0x4c, 0x00, 0x14, 0xf8, 0x40, 0x00, 0x18, 0xf8, 0x4c, 0x00, 0x1c,
    0xf8, 0x48, 0x00, 0x20, 0xf0, 0x4c, 0x00, 0x28, 0xe8, 0x44, 0x08, 0x2c,
    0xe0, 0x44, 0x00, 0x34, 0xd8, 0x44, 0x08, 0x41, 0xd0, 0x40, 0x08, 0x49,
    0xd0, 0x44, 0x08, 0x51, 0xf8, 0xfc, 0xf8, 0xf3, 0xf8, 0xfc, 0xf8, 0xff,
    0xf8, 0xfc, 0xf8, 0xff, 0xf8, 0xfc, 0xf8, 0xff, 0xf8, 0xfc, 0xf8, 0xff,
    0xf8, 0xf8, 0xf8, 0xf7, 0xb8, 0x40, 0x10, 0x75, 0xb8, 0x40, 0x10, 0x79,
    0xb8, 0x40, 0x10, 0x79, 0xf8, 0xfc, 0xf8, 0xff, 0xf8, 0xfc, 0xf8, 0xff,
    0xf8, 0xfc, 0xf8, 0xff, 0xb8, 0x44, 0x10, 0x79, 0xc0, 0x44, 0x10, 0x71,
    0xc0, 0x40, 0x10, 0x71, 0xc0, 0x40, 0x10, 0x71, 0xc0, 0x44, 0x10, 0x75,
    0xc0, 0x40, 0x08, 0x71, 0xc0, 0x40, 0x10, 0x71, 0xc0, 0x44, 0x10, 0x75,
    0xc0, 0x40, 0x08, 0x75, 0xf8, 0xfc, 0xf8, 0xff, 0xf8, 0xfc, 0xf8, 0xff,
    0xf8, 0xfc, 0xf8, 0xff, 0xc8, 0x40, 0x08, 0x6d, 0xc8, 0x44, 0x08, 0x61,
    0xd0, 0x44, 0x08, 0x59, 0xd8, 0x40, 0x08, 0x4d, 0xe0, 0x48, 0x08, 0x41,
    0xe8, 0x48, 0x08, 0x34, 0xf8, 0x48, 0x00, 0x2c, 0xf8, 0x4c, 0x00, 0x24,
    0xf8, 0x4c, 0x00, 0x20, 0xf8, 0x44, 0x00, 0x20, 0xf8, 0x44, 0x00, 0x18,
    0xf8, 0x40, 0x00, 0x18, 0xf8, 0x4c, 0x00, 0x14, 0xf8, 0x4c, 0x00, 0x10,
    0xf8, 0x48, 0x00, 0x10, 0xf8, 0x40, 0x00, 0x0c, 0xf8, 0x38, 0x00, 0x08,
    0xf8, 0x48, 0x00, 0x08, 0xf8, 0x54, 0x00, 0x08, 0xf8, 0x40, 0x00, 0x04,
    0xf8, 0x54, 0x00, 0x04, 0xf8, 0x80, 0x00, 0x00, 0xf8, 0x00, 0x00, 0x00,
    0xf8, 0x00, 0x00, 0x04, 0x00, 0x00, 0x00, 0x00, 0x00, 0x00, 0x00, 0x00,
    0x00, 0x00, 0x00, 0x00, 0xf8, 0x40, 0x00, 0x0c, 0xf8, 0x48, 0x00, 0x0c,
    0xf8, 0x4c, 0x00, 0x10, 0xf8, 0x4c, 0x00, 0x14, 0xf8, 0x4c, 0x00, 0x18,
    0xf8, 0x4c, 0x00, 0x1c, 0xf8, 0x48, 0x00, 0x20, 0xf0, 0x48, 0x00, 0x24,
    0xe8, 0x44, 0x08, 0x2c, 0xe0, 0x44, 0x08, 0x34, 0xd8, 0x40, 0x08, 0x41,
    0xd0, 0x44, 0x08, 0x45, 0xd0, 0x44, 0x08, 0x51, 0xd0, 0x5c, 0x30, 0x65,
    0xd0, 0x60, 0x30, 0x6d, 0xd0, 0x5c, 0x30, 0x71, 0xd0, 0x5c, 0x30, 0x75,
    0xc8, 0x5c, 0x28, 0x79, 0xc8, 0x58, 0x28, 0x7d, 0xb8, 0x40, 0x08, 0x75,
    0xc0, 0x40, 0x08, 0x79, 0xb8, 0x44, 0x10, 0x79, 0xf8, 0xfc, 0xf8, 0xff,
    0xf8, 0xfc, 0xf8, 0xff, 0xf8, 0xfc, 0xf8, 0xff, 0xb8, 0x40, 0x10, 0x79,
    0xc0, 0x40, 0x08, 0x79, 0xb8, 0x40, 0x08, 0x75, 0xe8, 0xc0, 0xb0, 0xba,
    0xf8, 0xf4, 0xf0, 0xf3, 0xe8, 0xc0, 0xb0, 0xba, 0xb8, 0x40, 0x10, 0x75,
    0xc0, 0x40, 0x08, 0x75, 0xb8, 0x40, 0x10, 0x79, 0xf8, 0xfc, 0xf8, 0xff,
    0xf8, 0xfc, 0xf8, 0xff, 0xf8, 0xfc, 0xf8, 0xff, 0xc8, 0x40, 0x10, 0x6d,
    0xc8, 0x44, 0x08, 0x65, 0xd0, 0x44, 0x08, 0x59, 0xd8, 0x44, 0x08, 0x51,
    0xd8, 0x44, 0x08, 0x45, 0xf0, 0x44, 0x08, 0x38, 0xf8, 0x48, 0x00, 0x30,
    0xf8, 0x44, 0x00, 0x28, 0xf8, 0x48, 0x00, 0x24, 0xf8, 0x4c, 0x00, 0x20,
    0xf8, 0x4c, 0x00, 0x1c, 0xf8, 0x4c, 0x00, 0x18, 0xf8, 0x48, 0x00, 0x14,
    0xf8, 0x48, 0x00, 0x10, 0xf8, 0x44, 0x00, 0x10, 0xf8, 0x40, 0x00, 0x0c,
    0xf8, 0x4c, 0x00, 0x08, 0xf8, 0x40, 0x00, 0x08, 0xf8, 0x54, 0x00, 0x04,
    0xf8, 0x40, 0x00, 0x04, 0xf8, 0x54, 0x00, 0x04, 0xf8, 0x80, 0x00, 0x00,
    0xf8, 0x00, 0x00, 0x00, 0xf8, 0x00, 0x00, 0x00, 0xf8, 0x00, 0x00, 0x00,
    0x00, 0x00, 0x00, 0x00, 0x00, 0x00, 0x00, 0x00, 0xf8, 0x40, 0x00, 0x0c,
    0xf8, 0x48, 0x00, 0x10, 0xf8, 0x4c, 0x00, 0x10, 0xf8, 0x4c, 0x00, 0x14,
    0xf8, 0x48, 0x00, 0x18, 0xf8, 0x48, 0x00, 0x1c, 0xf8, 0x48, 0x00, 0x20,
    0xf0, 0x4c, 0x00, 0x28, 0xf0, 0x44, 0x08, 0x2c, 0xe8, 0x44, 0x00, 0x34,
    0xe0, 0x44, 0x08, 0x3c, 0xd8, 0x44, 0x08, 0x49, 0xd0, 0x40, 0x08, 0x51,
    0xd0, 0x44, 0x08, 0x59, 0xd0, 0x44, 0x08, 0x61, 0xd0, 0x44, 0x08, 0x65,
    0xc8, 0x44, 0x08, 0x6d, 0xc0, 0x44, 0x08, 0x71, 0xc0, 0x40, 0x10, 0x71,
    0xc0, 0x44, 0x10, 0x75, 0xc0, 0x40, 0x10, 0x79, 0xb8, 0x40, 0x10, 0x79,
    0xf8, 0xfc, 0xf8, 0xff, 0xf8, 0xfc, 0xf8, 0xff, 0xf8, 0xfc, 0xf8, 0xff,
    0xb8, 0x40, 0x10, 0x7d, 0xb8, 0x40, 0x10, 0x79, 0xb8, 0x40, 0x10, 0x79,
    0xf8, 0xfc, 0xf8, 0xf7, 0xf8, 0xfc, 0xf8, 0xff, 0xf8, 0xf8, 0xf8, 0xf7,
    0xb8, 0x40, 0x10, 0x79, 0xb8, 0x40, 0x10, 0x79, 0xb8, 0x40, 0x10, 0x7d,
    0xf8, 0xfc, 0xf8, 0xff, 0xf8, 0xfc, 0xf8, 0xff, 0xf8, 0xfc, 0xf8, 0xff,
    0xc0, 0x44, 0x08, 0x71, 0xc8, 0x44, 0x08, 0x69, 0xd0, 0x40, 0x10, 0x5d,
    0xd0, 0x44, 0x08, 0x51, 0xe0, 0x44, 0x08, 0x45, 0xe8, 0x44, 0x00, 0x3c,
    0xf0, 0x48, 0x00, 0x30, 0xf8, 0x4c, 0x00, 0x28, 0xf8, 0x48, 0x00, 0x24,
    0xf8, 0x48, 0x00, 0x20, 0xf8, 0x48, 0x00, 0x1c, 0xf8, 0x48, 0x00, 0x18,
    0xf8, 0x48, 0x00, 0x14, 0xf8, 0x48, 0x00, 0x14, 0xf8, 0x40, 0x00, 0x10,
    0xf8, 0x4c, 0x00, 0x0c, 0xf8, 0x48, 0x00, 0x0c, 0xf8, 0x40, 0x00, 0x08,
    0xf8, 0x54, 0x00, 0x08, 0xf8, 0x34, 0x00, 0x04, 0xf8, 0x54, 0x00, 0x04,
    0xf8, 0x80, 0x00, 0x04, 0xf8, 0x00, 0x00, 0x00, 0xf8, 0x00, 0x00, 0x00,
    0xf8, 0x00, 0x00, 0x04, 0x00, 0x00, 0x00, 0x00, 0x00, 0x00, 0x00, 0x00,
    0xf8, 0x40, 0x00, 0x0c, 0xf8, 0x48, 0x00, 0x10, 0xf8, 0x48, 0x00, 0x10,
    0xf8, 0x48, 0x00, 0x14, 0xf8, 0x4c, 0x00, 0x18, 0xf8, 0x48, 0x00, 0x1c,
    0xf8, 0x48, 0x00, 0x20, 0xf0, 0x48, 0x00, 0x28, 0xf0, 0x44, 0x08, 0x2c,
    0xe8, 0x44, 0x00, 0x34, 0xe0, 0x48, 0x08, 0x41, 0xd8, 0x44, 0x08, 0x45,
    0xd8, 0x44, 0x08, 0x51, 0xd0, 0x44, 0x08, 0x59, 0xd0, 0x40, 0x08, 0x61,
    0xd0, 0x44, 0x08, 0x65, 0xc8, 0x40, 0x10, 0x69, 0xc0, 0x44, 0x08, 0x71,
    0xc0, 0x40, 0x10, 0x71, 0xc0, 0x40, 0x10, 0x75, 0xb8, 0x40, 0x08, 0x75,
    0xb8, 0x40, 0x10, 0x7d, 0xf8, 0xfc, 0xf8, 0xff, 0xf8, 0xfc, 0xf8, 0xff,
    0xf8, 0xfc, 0xf8, 0xff, 0xb0, 0x40, 0x10, 0x82, 0xb8, 0x40, 0x10, 0x7d,
    0xb8, 0x44, 0x10, 0x7d, 0xf8, 0xfc, 0xf8, 0xff, 0xf8, 0xfc, 0xf8, 0xff,
    0xf8, 0xfc, 0xf8, 0xff, 0xb8, 0x44, 0x10, 0x7d, 0xb8, 0x40, 0x10, 0x7d,
    0xb0, 0x40, 0x10, 0x82, 0xf8, 0xfc, 0xf8, 0xff, 0xf8, 0xfc, 0xf8, 0xff,
    0xf8, 0xfc, 0xf8, 0xff, 0xc0, 0x44, 0x08, 0x71, 0xc8, 0x44, 0x08, 0x69,
    0xd0, 0x44, 0x10, 0x5d, 0xd0, 0x44, 0x08, 0x55, 0xe0, 0x48, 0x08, 0x49,
    0xe8, 0x44, 0x00, 0x3c, 0xf8, 0x48, 0x00, 0x30, 0xf8, 0x48, 0x00, 0x2c,
    0xf8, 0x48, 0x00, 0x28, 0xf8, 0x4c, 0x00, 0x20, 0xf8, 0x44, 0x00, 0x1c,
    0xf8, 0x44, 0x00, 0x1c, 0xf8, 0x40, 0x00, 0x18, 0xf8, 0x44, 0x00, 0x14,
    0xf8, 0x40, 0x00, 0x10, 0xf8, 0x48, 0x00, 0x0c, 0xf8, 0x48, 0x00, 0x0c,
    0xf8, 0x38, 0x00, 0x08, 0xf8, 0x48, 0x00, 0x08, 0xf8, 0x34, 0x00, 0x04,
    0xf8, 0x40, 0x00, 0x04, 0xf8, 0x54, 0x00, 0x04, 0xf8, 0x80, 0x00, 0x04,
    0xf8, 0x00, 0x00, 0x00, 0xf8, 0x00, 0x00, 0x00, 0x00, 0x00, 0x00, 0x00,
    0x00, 0x00, 0x00, 0x00, 0xf8, 0x40, 0x00, 0x0c, 0xf8, 0x48, 0x00, 0x0c,
    0xf8, 0x48, 0x00, 0x14, 0xf8, 0x48, 0x00, 0x14, 0xf8, 0x4c, 0x00, 0x18,
    0xf8, 0x48, 0x00, 0x1c, 0xf8, 0x48, 0x00, 0x20, 0xf0, 0x48, 0x00, 0x28,
    0xf0, 0x44, 0x08, 0x2c, 0xe8, 0x44, 0x08, 0x34, 0xe0, 0x44, 0x08, 0x3c,
    0xd8, 0x44, 0x08, 0x45, 0xd8, 0x44, 0x08, 0x51, 0xf8, 0xf8, 0xf0, 0xeb,
    0xf8, 0xf8, 0xf8, 0xf3, 0xf8, 0xf8, 0xf8, 0xf7, 0xf8, 0xfc, 0xf8, 0xf7,
    0xf8, 0xf8, 0xf8, 0xf7, 0xf8, 0xf4, 0xf0, 0xeb, 0xb8, 0x40, 0x08, 0x79,
    0xb8, 0x40, 0x10, 0x79, 0xb8, 0x44, 0x10, 0x7d, 0xf8, 0xfc, 0xf8, 0xff,
    0xf8, 0xfc, 0xf8, 0xff, 0xf8, 0xfc, 0xf8, 0xff, 0xb0, 0x40, 0x10, 0x82,
    0xb0, 0x40, 0x10, 0x82, 0xb8, 0x40, 0x10, 0x82, 0xf8, 0xfc, 0xf8, 0xff,
    0xf8, 0xfc, 0xf8, 0xff, 0xf8, 0xfc, 0xf8, 0xff, 0xb0, 0x40, 0x10, 0x82,
    0xb8, 0x40, 0x10, 0x82, 0xb0, 0x40, 0x10, 0x82, 0xf8, 0xfc, 0xf8, 0xff,
    0xf8, 0xfc, 0xf8, 0xff, 0xf8, 0xfc, 0xf8, 0xff, 0xc0, 0x40, 0x10, 0x71,
    0xc8, 0x40, 0x10, 0x69, 0xd0, 0x44, 0x08, 0x61, 0xd0, 0x44, 0x08, 0x59,
    0xd8, 0x44, 0x08, 0x4d, 0xe8, 0x44, 0x08, 0x41, 0xf0, 0x48, 0x08, 0x34,
    0xf8, 0x48, 0x00, 0x2c, 0xf8, 0x44, 0x00, 0x28, 0xf8, 0x48, 0x00, 0x24,
    0xf8, 0x4c, 0x00, 0x20, 0xf8, 0x4c, 0x00, 0x1c, 0xf8, 0x40, 0x00, 0x18,
    0xf8, 0x4c, 0x00, 0x14, 0xf8, 0x4c, 0x00, 0x10, 0xf8, 0x48, 0x00, 0x10,
    0xf8, 0x48, 0x00, 0x0c, 0xf8, 0x38, 0x00, 0x08, 0xf8, 0x48, 0x00, 0x08,
    0xf8, 0x34, 0x00, 0x04, 0xf8, 0x40, 0x00, 0x04, 0xf8, 0x54, 0x00, 0x04,
    0xf8, 0x80, 0x00, 0x00, 0xf8, 0x00, 0x00, 0x00, 0xf8, 0x00, 0x00, 0x00,
    0x00, 0x00, 0x00, 0x00, 0x00, 0x00, 0x00, 0x00, 0xf8, 0x40, 0x00, 0x0c,
    0xf8, 0x48, 0x00, 0x0c, 0xf8, 0x4c, 0x00, 0x10, 0xf8, 0x48, 0x00, 0x14,
    0xf8, 0x48, 0x00, 0x18, 0xf8, 0x48, 0x00, 0x1c, 0xf8, 0x48, 0x00, 0x20,
    0xf0, 0x48, 0x00, 0x28, 0xf0, 0x44, 0x00, 0x2c, 0xe8, 0x44, 0x00, 0x34,
    0xe0, 0x44, 0x00, 0x3c, 0xd8, 0x44, 0x08, 0x45, 0xd8, 0x44, 0x08, 0x51,
    0xf8, 0xfc, 0xf8, 0xf3, 0xf8, 0xfc, 0xf8, 0xff, 0xf8, 0xfc, 0xf8, 0xff,
    0xf8, 0xfc, 0xf8, 0xff, 0xf8, 0xfc, 0xf8, 0xff, 0xf8, 0xf8, 0xf8, 0xf7,
    0xc0, 0x40, 0x10, 0x75, 0xb8, 0x40, 0x10, 0x79, 0xb8, 0x40, 0x10, 0x7d,
    0xf8, 0xfc, 0xf8, 0xff, 0xf8, 0xfc, 0xf8, 0xff, 0xf8, 0xfc, 0xf8, 0xff,
    0xb0, 0x40, 0x10, 0x86, 0xb0, 0x40, 0x10, 0x86, 0xb0, 0x40, 0x10, 0x86,
    0xf8, 0xfc, 0xf8, 0xff, 0xf8, 0xfc, 0xf8, 0xff, 0xf8, 0xfc, 0xf8, 0xff,
    0xb0, 0x40, 0x10, 0x86, 0xb0, 0x40, 0x10, 0x86, 0xb0, 0x40, 0x10, 0x82,
    0xf8, 0xfc, 0xf8, 0xff, 0xf8, 0xfc, 0xf8, 0xff, 0xf8, 0xfc, 0xf8, 0xff,
    0xc0, 0x44, 0x10, 0x75, 0xc8, 0x40, 0x08, 0x6d, 0xd0, 0x44, 0x08, 0x65,
    0xd0, 0x44, 0x08, 0x59, 0xd8, 0x44, 0x08, 0x4d, 0xe8, 0x44, 0x00, 0x41,
    0xf0, 0x44, 0x08, 0x38, 0xf8, 0x48, 0x00, 0x30, 0xf8, 0x48, 0x00, 0x28,
    0xf8, 0x44, 0x00, 0x24, 0xf8, 0x48, 0x00, 0x20, 0xf8, 0x48, 0x00, 0x1c,
    0xf8, 0x4c, 0x00, 0x18, 0xf8, 0x48, 0x00, 0x14, 0xf8, 0x48, 0x00, 0x10,
    0xf8, 0x44, 0x00, 0x10, 0xf8, 0x40, 0x00, 0x0c, 0xf8, 0x4c, 0x00, 0x08,
    0xf8, 0x40, 0x00, 0x08, 0xf8, 0x54, 0x00, 0x08, 0xf8, 0x40, 0x00, 0x04,
    0xf8, 0x54, 0x00, 0x04, 0xf8, 0x80, 0x00, 0x04, 0xf8, 0x00, 0x00, 0x00,
    0xf8, 0x00, 0x00, 0x00, 0x00, 0x00, 0x00, 0x00, 0x00, 0x00, 0x00, 0x00,
    0xf8, 0x40, 0x00, 0x0c, 0xf8, 0x48, 0x00, 0x10, 0xf8, 0x4c, 0x00, 0x10,
    0xf8, 0x4c, 0x00, 0x14, 0xf8, 0x4c, 0x00, 0x18, 0xf8, 0x48, 0x00, 0x1c,
    0xf8, 0x48, 0x00, 0x20, 0xf8, 0x4c, 0x00, 0x28, 0xf0, 0x48, 0x00, 0x2c,
    0xe8, 0x48, 0x08, 0x34, 0xe8, 0x44, 0x00, 0x3c, 0xe0, 0x44, 0x08, 0x45,
    0xe0, 0x44, 0x08, 0x49, 0xe0, 0x60, 0x30, 0x61, 0xd8, 0x60, 0x30, 0x65,
    0xd8, 0x60, 0x30, 0x6d, 0xd0, 0x60, 0x30, 0x71, 0xd0, 0x5c, 0x30, 0x75,
    0xc8, 0x5c, 0x28, 0x79, 0xb8, 0x40, 0x08, 0x75, 0xb8, 0x40, 0x10, 0x79,
    0xb8, 0x40, 0x10, 0x7d, 0xf8, 0xfc, 0xf8, 0xff, 0xf8, 0xfc, 0xf8, 0xff,
    0xf8, 0xfc, 0xf8, 0xff, 0xb0, 0x40, 0x10, 0x86, 0xb0, 0x40, 0x10, 0x86,
    0xb0, 0x40, 0x10, 0x86, 0xf8, 0xfc, 0xf8, 0xff, 0xf8, 0xfc, 0xf8, 0xff,
    0xf8, 0xfc, 0xf8, 0xff, 0xb0, 0x40, 0x10, 0x86, 0xb0, 0x40, 0x10, 0x86,
    0xb0, 0x40, 0x10, 0x86, 0xf8, 0xfc, 0xf8, 0xff, 0xf8, 0xfc, 0xf8, 0xff,
    0xf8, 0xfc, 0xf8, 0xff, 0xb8, 0x40, 0x10, 0x75, 0xc0, 0x44, 0x08, 0x71,
    0xc8, 0x40, 0x08, 0x69, 0xd0, 0x44, 0x08, 0x5d, 0xd8, 0x44, 0x08, 0x55,
    0xe0, 0x44, 0x08, 0x45, 0xe8, 0x44, 0x00, 0x3c, 0xf8, 0x48, 0x00, 0x34,
    0xf8, 0x48, 0x00, 0x2c, 0xf8, 0x4c, 0x00, 0x28, 0xf8, 0x44, 0x00, 0x20,
    0xf8, 0x48, 0x00, 0x1c, 0xf8, 0x48, 0x00, 0x18, 0xf8, 0x44, 0x00, 0x18,
    0xf8, 0x48, 0x00, 0x10, 0xf8, 0x44, 0x00, 0x10, 0xf8, 0x4c, 0x00, 0x0c,
    0xf8, 0x4c, 0x00, 0x0c, 0xf8, 0x40, 0x00, 0x08, 0xf8, 0x54, 0x00, 0x04,
    0xf8, 0x40, 0x00, 0x04, 0xf8, 0x54, 0x00, 0x04, 0xf8, 0x80, 0x00, 0x00,
    0xf8, 0x00, 0x00, 0x00, 0xf8, 0x00, 0x00, 0x04, 0x00, 0x00, 0x00, 0x00,
    0x00, 0x00, 0x00, 0x00, 0xf8, 0x44, 0x00, 0x0c, 0xf8, 0x48, 0x00, 0x10,
    0xf8, 0x4c, 0x00, 0x10, 0xf8, 0x4c, 0x00, 0x14, 0xf8, 0x40, 0x00, 0x18,
    0xf8, 0x4c, 0x00, 0x1c, 0xf8, 0x48, 0x00, 0x20, 0xf8, 0x48, 0x00, 0x24,
    0xf0, 0x48, 0x00, 0x2c, 0xf0, 0x48, 0x08, 0x30, 0xf0, 0x44, 0x08, 0x38,
    0xe8, 0x48, 0x00, 0x41, 0xe0, 0x44, 0x08, 0x49, 0xe0, 0x44, 0x08, 0x51,
    0xe0, 0x44, 0x08, 0x59, 0xd0, 0x44, 0x08, 0x61, 0xd0, 0x44, 0x08, 0x65,
    0xc8, 0x44, 0x08, 0x69, 0xc0, 0x40, 0x10, 0x71, 0xc0, 0x40, 0x10, 0x75,
    0xb8, 0x44, 0x10, 0x79, 0xc8, 0x6c, 0x40, 0x8e, 0xf8, 0xfc, 0xf8, 0xff,
    0xf8, 0xfc, 0xf8, 0xff, 0xf8, 0xfc, 0xf8, 0xff, 0xb0, 0x40, 0x10, 0x8a,
    0xb0, 0x40, 0x10, 0x8a, 0xb0, 0x40, 0x10, 0x8a, 0xf8, 0xfc, 0xf8, 0xff,
    0xf8, 0xfc, 0xf8, 0xff, 0xf8, 0xfc, 0xf8, 0xff, 0xb0, 0x40, 0x10, 0x8a,
    0xb0, 0x40, 0x10, 0x8a, 0xb0, 0x40, 0x10, 0x8a, 0xf8, 0xfc, 0xf8, 0xff,
    0xf8, 0xfc, 0xf8, 0xff, 0xf8, 0xfc, 0xf8, 0xff, 0xc8, 0x68, 0x40, 0x86,
    0xc0, 0x40, 0x10, 0x71, 0xc8, 0x44, 0x10, 0x69, 0xd0, 0x44, 0x08, 0x65,
    0xd0, 0x44, 0x08, 0x55, 0xe0, 0x44, 0x08, 0x49, 0xe8, 0x44, 0x08, 0x41,
    0xe8, 0x48, 0x08, 0x34, 0xf0, 0x48, 0x00, 0x2c, 0xf8, 0x48, 0x00, 0x28,
    0xf8, 0x48, 0x00, 0x24, 0xf8, 0x44, 0x00, 0x1c, 0xf8, 0x44, 0x00, 0x1c,
    0xf8, 0x48, 0x00, 0x14, 0xf8, 0x44, 0x00, 0x14, 0xf8, 0x40, 0x00, 0x10,
    0xf8, 0x50, 0x00, 0x0c, 0xf8, 0x48, 0x00, 0x0c, 0xf8, 0x40, 0x00, 0x08,
    0xf8, 0x54, 0x00, 0x04, 0xf8, 0x34, 0x00, 0x04, 0xf8, 0x54, 0x00, 0x04,
    0xf8, 0x80, 0x00, 0x04, 0xf8, 0x00, 0x00, 0x00, 0xf8, 0x00, 0x00, 0x00,
    0xf8, 0x00, 0x00, 0x00, 0x00, 0x00, 0x00, 0x00, 0xf8, 0x48, 0x00, 0x0c,
    0xf8, 0x48, 0x00, 0x0c, 0xf8, 0x40, 0x00, 0x10, 0xf8, 0x44, 0x00, 0x14,
    0xf8, 0x44, 0x00, 0x18, 0xf8, 0x4c, 0x00, 0x1c, 0xf8, 0x48, 0x00, 0x20,
    0xf8, 0x48, 0x00, 0x24, 0xf8, 0x44, 0x00, 0x28, 0xf0, 0x44, 0x00, 0x30,
    0xf0, 0x48, 0x08, 0x34, 0xe8, 0x48, 0x00, 0x3c, 0xe8, 0x44, 0x00, 0x45,
    0xe0, 0x44, 0x08, 0x4d, 0xe0, 0x44, 0x08, 0x59, 0xd8, 0x44, 0x08, 0x5d,
    0xd0, 0x44, 0x08, 0x61, 0xc8, 0x44, 0x08, 0x6d, 0xc0, 0x40, 0x10, 0x71,
    0xc0, 0x40, 0x10, 0x79, 0xc8, 0x78, 0x50, 0x92, 0xf8, 0xf0, 0xe8, 0xef,
    0xf8, 0xfc, 0xf8, 0xff, 0xf8, 0xfc, 0xf8, 0xff, 0xf8, 0xfc, 0xf8, 0xff,
    0xb0, 0x40, 0x10, 0x8a, 0xa8, 0x40, 0x10, 0x8e, 0xa8, 0x40, 0x10, 0x8e,
    0xf8, 0xfc, 0xf8, 0xff, 0xf8, 0xfc, 0xf8, 0xff, 0xf8, 0xfc, 0xf8, 0xff,
    0xa8, 0x40, 0x10, 0x8e, 0xb0, 0x40, 0x10, 0x8e, 0xb0, 0x40, 0x10, 0x8a,
    0xf8, 0xfc, 0xf8, 0xff, 0xf8, 0xfc, 0xf8, 0xff, 0xf8, 0xfc, 0xf8, 0xff,
    0xf8, 0xf0, 0xe8, 0xeb, 0xd0, 0x74, 0x50, 0x8a, 0xc8, 0x44, 0x08, 0x6d,
    0xc8, 0x44, 0x08, 0x69, 0xd0, 0x44, 0x08, 0x59, 0xd8, 0x44, 0x08, 0x4d,
    0xe0, 0x48, 0x00, 0x41, 0xf0, 0x44, 0x08, 0x38, 0xf0, 0x44, 0x00, 0x30,
    0xf8, 0x44, 0x00, 0x28, 0xf8, 0x48, 0x00, 0x24, 0xf8, 0x48, 0x00, 0x20,
    0xf8, 0x4c, 0x00, 0x1c, 0xf8, 0x40, 0x00, 0x18, 0xf8, 0x44, 0x00, 0x14,
    0xf8, 0x40, 0x00, 0x10, 0xf8, 0x48, 0x00, 0x0c, 0xf8, 0x44, 0x00, 0x0c,
    0xf8, 0x38, 0x00, 0x08, 0xf8, 0x4c, 0x00, 0x08, 0xf8, 0x34, 0x00, 0x04,
    0xf8, 0x40, 0x00, 0x04, 0xf8, 0x80, 0x00, 0x04, 0xf8, 0x00, 0x00, 0x00,
    0xf8, 0x00, 0x00, 0x00, 0xf8, 0x00, 0x00, 0x00, 0x00, 0x00, 0x00, 0x00,
    0xf8, 0x44, 0x00, 0x0c, 0xf8, 0x50, 0x00, 0x0c, 0xf8, 0x40, 0x00, 0x10,
    0xf8, 0x44, 0x00, 0x14, 0xf8, 0x44, 0x00, 0x14, 0xf8, 0x44, 0x00, 0x18,
    0xf8, 0x44, 0x00, 0x1c, 0xf8, 0x48, 0x00, 0x24, 0xf8, 0x44, 0x00, 0x28,
    0xf8, 0x48, 0x00, 0x2c, 0xf0, 0x44, 0x08, 0x34, 0xf0, 0x44, 0x00, 0x3c,
    0xe8, 0x48, 0x08, 0x45, 0xe0, 0x48, 0x08, 0x4d, 0xe0, 0x48, 0x08, 0x55,
    0xd8, 0x44, 0x08, 0x5d, 0xd0, 0x44, 0x08, 0x65, 0xc8, 0x40, 0x10, 0x6d,
    0xc0, 0x44, 0x10, 0x75, 0xc0, 0x64, 0x38, 0x86, 0xf8, 0xf0, 0xe8, 0xeb,
    0xf8, 0xfc, 0xf8, 0xff, 0xf8, 0xfc, 0xf8, 0xff, 0xf8, 0xfc, 0xf8, 0xff,
    0xe8, 0xc8, 0xb8, 0xcf, 0xa8, 0x40, 0x10, 0x8e, 0xa8, 0x40, 0x10, 0x92,
    0xa8, 0x40, 0x10, 0x92, 0xf8, 0xfc, 0xf8, 0xff, 0xf8, 0xfc, 0xf8, 0xff,
    0xf8, 0xfc, 0xf8, 0xff, 0xa8, 0x40, 0x10, 0x92, 0xa8, 0x40, 0x10, 0x8e,
    0xa8, 0x40, 0x10, 0x8e, 0xe8, 0xc4, 0xb8, 0xcb, 0xf8, 0xfc, 0xf8, 0xff,
    0xf8, 0xfc, 0xf8, 0xff, 0xf8, 0xfc, 0xf8, 0xff, 0xf8, 0xf0, 0xe8, 0xeb,
    0xc8, 0x60, 0x38, 0x7d, 0xc8, 0x44, 0x10, 0x6d, 0xd0, 0x44, 0x08, 0x61,
    0xd0, 0x44, 0x08, 0x51, 0xd8, 0x44, 0x08, 0x49, 0xe0, 0x44, 0x00, 0x3c,
    0xe8, 0x44, 0x08, 0x34, 0xf0, 0x48, 0x00, 0x2c, 0xf8, 0x48, 0x00, 0x24,
    0xf8, 0x4c, 0x00, 0x20, 0xf8, 0x4c, 0x00, 0x1c, 0xf8, 0x48, 0x00, 0x18,
    0xf8, 0x4c, 0x00, 0x14, 0xf8, 0x4c, 0x00, 0x10, 0xf8, 0x48, 0x00, 0x10,
    0xf8, 0x48, 0x00, 0x0c, 0xf8, 0x38, 0x00, 0x08, 0xf8, 0x48, 0x00, 0x08,
    0xf8, 0x34, 0x00, 0x04, 0xf8, 0x40, 0x00, 0x04, 0xf8, 0x54, 0x00, 0x04,
    0xf8, 0x80, 0x00, 0x04, 0xf8, 0x00, 0x00, 0x00, 0xf8, 0x00, 0x00, 0x00,
    0x00, 0x00, 0x00, 0x00, 0xf8, 0x4c, 0x00, 0x08, 0xf8, 0x4c, 0x00, 0x0c,
    0xf8, 0x40, 0x00, 0x10, 0xf8, 0x44, 0x00, 0x14, 0xf8, 0x44, 0x00, 0x18,
    0xf8, 0x44, 0x00, 0x18, 0xf8, 0x48, 0x00, 0x1c, 0xf8, 0x4c, 0x00, 0x24,
    0xf8, 0x48, 0x00, 0x28, 0xf8, 0x4c, 0x00, 0x2c, 0xf8, 0x48, 0x00, 0x34,
    0xf0, 0x44, 0x00, 0x3c, 0xe8, 0x44, 0x00, 0x41, 0xe8, 0x48, 0x08, 0x4d,
    0xd8, 0x44, 0x08, 0x59, 0xd8, 0x44, 0x08, 0x5d, 0xd0, 0x44, 0x08, 0x65,
    0xc0, 0x40, 0x08, 0x6d, 0xc0, 0x40, 0x10, 0x75, 0xf0, 0xe0, 0xd8, 0xd7,
    0xf8, 0xfc, 0xf8, 0xff, 0xf8, 0xfc, 0xf8, 0xff, 0xf8, 0xfc, 0xf8, 0xfb,
    0xd0, 0x9c, 0x80, 0xb6, 0xb0, 0x48, 0x20, 0x96, 0xa8, 0x40, 0x10, 0x92,
    0xa8, 0x40, 0x10, 0x96, 0xa8, 0x40, 0x10, 0x96, 0xf8, 0xfc, 0xf8, 0xff,
    0xf8, 0xfc, 0xf8, 0xff, 0xf8, 0xfc, 0xf8, 0xff, 0xa8, 0x40, 0x10, 0x96,
    0xa8, 0x40, 0x10, 0x96, 0xa8, 0x3c, 0x10, 0x92, 0xb0, 0x4c, 0x18, 0x96,
    0xd0, 0x98, 0x80, 0xb2, 0xf8, 0xfc, 0xf8, 0xfb, 0xf8, 0xfc, 0xf8, 0xff,
    0xf8, 0xfc, 0xf8, 0xff, 0xf0, 0xe0, 0xd8, 0xd3, 0xc8, 0x40, 0x10, 0x71,
    0xc8, 0x40, 0x08, 0x65, 0xd0, 0x44, 0x08, 0x55, 0xd8, 0x44, 0x08, 0x49,
    0xe0, 0x44, 0x08, 0x41, 0xe8, 0x48, 0x08, 0x34, 0xf8, 0x4c, 0x00, 0x2c,
    0xf8, 0x48, 0x00, 0x24, 0xf8, 0x44, 0x00, 0x20, 0xf8, 0x48, 0x00, 0x1c,
    0xf8, 0x4c, 0x00, 0x18, 0xf8, 0x48, 0x00, 0x14, 0xf8, 0x4c, 0x00, 0x10,
    0xf8, 0x48, 0x00, 0x10, 0xf8, 0x40, 0x00, 0x0c, 0xf8, 0x38, 0x00, 0x08,
    0xf8, 0x48, 0x00, 0x08, 0xf8, 0x34, 0x00, 0x04, 0xf8, 0x40, 0x00, 0x04,
    0xf8, 0x54, 0x00, 0x04, 0xf8, 0x80, 0x00, 0x00, 0xf8, 0x00, 0x00, 0x00,
    0xf8, 0x00, 0x00, 0x04, 0x00, 0x00, 0x00, 0x00, 0xf8, 0x4c, 0x00, 0x08,
    0xf8, 0x40, 0x00, 0x0c, 0xf8, 0x44, 0x00, 0x10, 0xf8, 0x48, 0x00, 0x10,
    0xf8, 0x48, 0x00, 0x14, 0xf8, 0x48, 0x00, 0x18, 0xf8, 0x44, 0x00, 0x1c,
    0xf8, 0x4c, 0x00, 0x24, 0xf8, 0x48, 0x00, 0x24, 0xf8, 0x48, 0x00, 0x2c,
    0xf8, 0x48, 0x00, 0x30, 0xf0, 0x48, 0x00, 0x38, 0xe8, 0x48, 0x08, 0x41,
    0xe8, 0x44, 0x08, 0x4d, 0xd8, 0x44, 0x08, 0x55, 0xd0, 0x44, 0x08, 0x61,
    0xd0, 0x44, 0x08, 0x65, 0xc8, 0x40, 0x08, 0x6d, 0xe0, 0xa8, 0x90, 0xa6,
    0xf8, 0xfc, 0xf8, 0xfb, 0xf8, 0xfc, 0xf8, 0xff, 0xf8, 0xfc, 0xf8, 0xff,
    0xd8, 0xa0, 0x88, 0xb2, 0xb0, 0x44, 0x18, 0x92, 0xa8, 0x40, 0x10, 0x92,
    0xa8, 0x3c, 0x10, 0x96, 0xc8, 0x8c, 0x70, 0xb6, 0xf0, 0xd8, 0xd0, 0xdf,
    0xf8, 0xfc, 0xf8, 0xff, 0xf8, 0xfc, 0xf8, 0xff, 0xf8, 0xfc, 0xf8, 0xff,
    0xf0, 0xd4, 0xd0, 0xdf, 0xc8, 0x88, 0x68, 0xb6, 0xa8, 0x3c, 0x10, 0x96,
    0xa8, 0x40, 0x10, 0x92, 0xb0, 0x44, 0x18, 0x92, 0xd8, 0x9c, 0x80, 0xb2,
    0xf8, 0xfc, 0xf8, 0xff, 0xf8, 0xfc, 0xf8, 0xff, 0xf8, 0xfc, 0xf8, 0xfb,
    0xe0, 0xa8, 0x90, 0xa2, 0xc8, 0x44, 0x10, 0x69, 0xd0, 0x44, 0x08, 0x59,
    0xd0, 0x44, 0x08, 0x51, 0xd8, 0x44, 0x08, 0x41, 0xe0, 0x44, 0x00, 0x38,
    0xe8, 0x48, 0x08, 0x30, 0xf0, 0x44, 0x00, 0x28, 0xf8, 0x48, 0x00, 0x20,
    0xf8, 0x48, 0x00, 0x1c, 0xf8, 0x48, 0x00, 0x18, 0xf8, 0x48, 0x00, 0x14,
    0xf8, 0x48, 0x00, 0x14, 0xf8, 0x44, 0x00, 0x10, 0xf8, 0x40, 0x00, 0x0c,
    0xf8, 0x38, 0x00, 0x08, 0xf8, 0x40, 0x00, 0x08, 0xf8, 0x54, 0x00, 0x08,
    0xf8, 0x40, 0x00, 0x04, 0xf8, 0x54, 0x00, 0x04, 0xf8, 0x80, 0x00, 0x00,
    0xf8, 0x00, 0x00, 0x00, 0xf8, 0x00, 0x00, 0x00, 0x00, 0x00, 0x00, 0x00,
    0xf8, 0x38, 0x00, 0x08, 0xf8, 0x40, 0x00, 0x0c, 0xf8, 0x48, 0x00, 0x10,
    0xf8, 0x4c, 0x00, 0x10, 0xf8, 0x48, 0x00, 0x14, 0xf8, 0x4c, 0x00, 0x18,
    0xf8, 0x48, 0x00, 0x1c, 0xf8, 0x48, 0x00, 0x20, 0xf8, 0x48, 0x00, 0x24,
    0xf8, 0x48, 0x00, 0x28, 0xf8, 0x44, 0x00, 0x30, 0xf8, 0x48, 0x00, 0x34,
    0xf0, 0x44, 0x00, 0x41, 0xe0, 0x44, 0x00, 0x49, 0xd8, 0x44, 0x08, 0x55,
    0xd8, 0x44, 0x08, 0x5d, 0xd0, 0x44, 0x08, 0x65, 0xc0, 0x48, 0x18, 0x71,
    0xf8, 0xf0, 0xe8, 0xeb, 0xf8, 0xfc, 0xf8, 0xff, 0xf8, 0xfc, 0xf8, 0xff,
    0xe8, 0xc8, 0xb8, 0xcb, 0xb0, 0x48, 0x18, 0x8e, 0xa8, 0x3c, 0x10, 0x92,
    0xa8, 0x48, 0x18, 0x9a, 0xe0, 0xc8, 0xb8, 0xd7, 0xf8, 0xf8, 0xf8, 0xfb,
    0xf8, 0xfc, 0xf8, 0xff, 0xf8, 0xfc, 0xf8, 0xff, 0xf8, 0xfc, 0xf8, 0xff,
    0xf8, 0xfc, 0xf8, 0xff, 0xf8, 0xfc, 0xf8, 0xff, 0xf8, 0xfc, 0xf8, 0xfb,
    0xe0, 0xc4, 0xb8, 0xd7, 0xa8, 0x44, 0x18, 0x9a, 0xa8, 0x40, 0x10, 0x92,
    0xb0, 0x44, 0x18, 0x8e, 0xe8, 0xc8, 0xb8, 0xcb, 0xf8, 0xfc, 0xf8, 0xff,
    0xf8, 0xfc, 0xf8, 0xff, 0xf8, 0xf0, 0xe8, 0xe7, 0xc8, 0x48, 0x18, 0x6d,
    0xc8, 0x44, 0x08, 0x61, 0xc8, 0x40, 0x08, 0x51, 0xd0, 0x44, 0x08, 0x45,
    0xd8, 0x44, 0x08, 0x3c, 0xe8, 0x44, 0x08, 0x30, 0xf0, 0x48, 0x00, 0x28,
    0xf8, 0x4c, 0x00, 0x24, 0xf8, 0x48, 0x00, 0x1c, 0xf8, 0x48, 0x00, 0x18,
    0xf8, 0x48, 0x00, 0x14, 0xf8, 0x48, 0x00, 0x10, 0xf8, 0x44, 0x00, 0x10,
    0xf8, 0x40, 0x00, 0x0c, 0xf8, 0x4c, 0x00, 0x08, 0xf8, 0x40, 0x00, 0x08,
    0xf8, 0x54, 0x00, 0x04, 0xf8, 0x40, 0x00, 0x04, 0xf8, 0x54, 0x00, 0x04,
    0xf8, 0x80, 0x00, 0x04, 0xf8, 0x00, 0x00, 0x00, 0xf8, 0x00, 0x00, 0x00,
    0x00, 0x00, 0x00, 0x00, 0xf8, 0x38, 0x00, 0x08, 0xf8, 0x48, 0x00, 0x0c,
    0xf8, 0x48, 0x00, 0x10, 0xf8, 0x4c, 0x00, 0x10, 0xf8, 0x4c, 0x00, 0x14,
    0xf8, 0x40, 0x00, 0x18, 0xf8, 0x4c, 0x00, 0x1c, 0xf8, 0x4c, 0x00, 0x20,
    0xf8, 0x48, 0x00, 0x24, 0xf8, 0x48, 0x00, 0x28, 0xf8, 0x48, 0x00, 0x30,
    0xf8, 0x48, 0x00, 0x34, 0xe8, 0x44, 0x00, 0x41, 0xe0, 0x48, 0x08, 0x49,
    0xd8, 0x44, 0x08, 0x55, 0xd8, 0x44, 0x08, 0x61, 0xc8, 0x44, 0x08, 0x69,
    0xe0, 0x98, 0x80, 0x96, 0xf8, 0xfc, 0xf8, 0xff, 0xf8, 0xfc, 0xf8, 0xff,
    0xf8, 0xf8, 0xf8, 0xf3, 0xb8, 0x5c, 0x30, 0x92, 0xa8, 0x3c, 0x10, 0x8e,
    0xa8, 0x40, 0x18, 0x96, 0xe0, 0xc4, 0xb8, 0xd7, 0xf8, 0xfc, 0xf8, 0xfb,
    0xf8, 0xfc, 0xf8, 0xff, 0xf8, 0xfc, 0xf8, 0xff, 0xf8, 0xfc, 0xf8, 0xff,
    0xf8, 0xfc, 0xf8, 0xff, 0xf8, 0xfc, 0xf8, 0xff, 0xf8, 0xfc, 0xf8, 0xff,
    0xf8, 0xfc, 0xf8, 0xff, 0xf8, 0xfc, 0xf8, 0xfb, 0xe0, 0xc4, 0xb8, 0xd3,
    0xa8, 0x40, 0x18, 0x96, 0xa8, 0x3c, 0x10, 0x8e, 0xb8, 0x5c, 0x30, 0x92,
    0xf8, 0xf8, 0xf8, 0xf7, 0xf8, 0xfc, 0xf8, 0xff, 0xf8, 0xfc, 0xf8, 0xff,
    0xe0, 0x9c, 0x80, 0x96, 0xc8, 0x40, 0x08, 0x61, 0xc8, 0x44, 0x08, 0x55,
    0xd0, 0x44, 0x08, 0x49, 0xd8, 0x44, 0x08, 0x41, 0xe8, 0x48, 0x08, 0x30,
    0xf0, 0x44, 0x00, 0x28, 0xf8, 0x4c, 0x00, 0x24, 0xf8, 0x44, 0x00, 0x1c,
    0xf8, 0x48, 0x00, 0x18, 0xf8, 0x48, 0x00, 0x14, 0xf8, 0x48, 0x00, 0x14,
    0xf8, 0x44, 0x00, 0x10, 0xf8, 0x50, 0x00, 0x0c, 0xf8, 0x4c, 0x00, 0x0c,
    0xf8, 0x40, 0x00, 0x08, 0xf8, 0x54, 0x00, 0x08, 0xf8, 0x40, 0x00, 0x04,
    0xf8, 0x54, 0x00, 0x04, 0xf8, 0x80, 0x00, 0x00, 0xf8, 0x00, 0x00, 0x00,
    0xf8, 0x00, 0x00, 0x04, 0x00, 0x00, 0x00, 0x00, 0xf8, 0x38, 0x00, 0x08,
    0xf8, 0x48, 0x00, 0x0c, 0xf8, 0x4c, 0x00, 0x0c, 0xf8, 0x40, 0x00, 0x10,
    0xf8, 0x44, 0x00, 0x14, 0xf8, 0x40, 0x00, 0x18, 0xf8, 0x44, 0x00, 0x1c,
    0xf8, 0x44, 0x00, 0x1c, 0xf8, 0x4c, 0x00, 0x20, 0xf8, 0x48, 0x00, 0x28,
    0xf8, 0x48, 0x00, 0x2c, 0xf0, 0x44, 0x08, 0x34, 0xe8, 0x44, 0x08, 0x41,
    0xe0, 0x44, 0x08, 0x49, 0xd8, 0x48, 0x08, 0x55, 0xd0, 0x44, 0x08, 0x61,
    0xc8, 0x44, 0x08, 0x69, 0xf0, 0xd4, 0xc8, 0xc7, 0xf8, 0xfc, 0xf8, 0xff,
    0xf8, 0xfc, 0xf8, 0xff, 0xe8, 0xc4, 0xb8, 0xcb, 0xb0, 0x40, 0x10, 0x8a,
    0xa8, 0x40, 0x10, 0x92, 0xc8, 0x84, 0x68, 0xb2, 0xf8, 0xfc, 0xf8, 0xfb,
    0xf8, 0xfc, 0xf8, 0xff, 0xf8, 0xfc, 0xf8, 0xff, 0xf8, 0xfc, 0xf8, 0xff,
    0xf8, 0xfc, 0xf8, 0xff, 0xf8, 0xfc, 0xf8, 0xff, 0xf8, 0xfc, 0xf8, 0xff,
    0xf8, 0xfc, 0xf8, 0xff, 0xf8, 0xfc, 0xf8, 0xff, 0xf8, 0xfc, 0xf8, 0xff,
    0xf8, 0xfc, 0xf8, 0xff, 0xc8, 0x84, 0x68, 0xb2, 0xa8, 0x40, 0x10, 0x92,
    0xb0, 0x40, 0x10, 0x8a, 0xe8, 0xc8, 0xb8, 0xcb, 0xf8, 0xfc, 0xf8, 0xff,
    0xf8, 0xfc, 0xf8, 0xff, 0xf0, 0xd4, 0xc8, 0xc7, 0xc0, 0x40, 0x10, 0x61,
    0xc8, 0x40, 0x10, 0x55, 0xd0, 0x40, 0x08, 0x49, 0xd8, 0x40, 0x08, 0x41,
    0xe0, 0x44, 0x08, 0x34, 0xe8, 0x48, 0x00, 0x28, 0xf8, 0x4c, 0x00, 0x24,
    0xf8, 0x44, 0x00, 0x1c, 0xf8, 0x48, 0x00, 0x18, 0xf8, 0x44, 0x00, 0x18,
    0xf8, 0x48, 0x00, 0x14, 0xf8, 0x44, 0x00, 0x10, 0xf8, 0x4c, 0x00, 0x0c,
    0xf8, 0x4c, 0x00, 0x08, 0xf8, 0x40, 0x00, 0x08, 0xf8, 0x54, 0x00, 0x04,
    0xf8, 0x40, 0x00, 0x04, 0xf8, 0x54, 0x00, 0x04, 0xf8, 0x80, 0x00, 0x00,
    0xf8, 0x00, 0x00, 0x00, 0xf8, 0x00, 0x00, 0x00, 0x00, 0x00, 0x00, 0x00,
    0xf8, 0x40, 0x00, 0x08, 0xf8, 0x4c, 0x00, 0x08, 0xf8, 0x4c, 0x00, 0x0c,
    0xf8, 0x44, 0x00, 0x10, 0xf8, 0x48, 0x00, 0x14, 0xf8, 0x48, 0x00, 0x14,
    0xf8, 0x48, 0x00, 0x18, 0xf8, 0x44, 0x00, 0x1c, 0xf8, 0x44, 0x00, 0x20,
    0xf8, 0x44, 0x00, 0x24, 0xf8, 0x48, 0x00, 0x2c, 0xf0, 0x44, 0x08, 0x34,
    0xe0, 0x48, 0x00, 0x3c, 0xd8, 0x44, 0x08, 0x49, 0xd0, 0x44, 0x08, 0x55,
    0xd0, 0x40, 0x08, 0x61, 0xc8, 0x44, 0x10, 0x69, 0xf8, 0xec, 0xe8, 0xe3,
    0xf8, 0xfc, 0xf8, 0xff, 0xf8, 0xfc, 0xf8, 0xff, 0xd0, 0x8c, 0x70, 0xa6,
    0xb0, 0x40, 0x10, 0x8e, 0xa8, 0x40, 0x10, 0x92, 0xe8, 0xd0, 0xc8, 0xdb,
    0xf8, 0xfc, 0xf8, 0xff, 0xf8, 0xfc, 0xf8, 0xff, 0xf8, 0xfc, 0xf8, 0xff,
    0xf8, 0xfc, 0xf8, 0xff, 0xf8, 0xfc, 0xf8, 0xff, 0xf8, 0xfc, 0xf8, 0xff,
    0xf8, 0xfc, 0xf8, 0xff, 0xf8, 0xfc, 0xf8, 0xff, 0xf8, 0xfc, 0xf8, 0xff,
    0xf8, 0xfc, 0xf8, 0xff, 0xf8, 0xfc, 0xf8, 0xff, 0xe8, 0xd0, 0xc8, 0xdb,
    0xa8, 0x40, 0x10, 0x92, 0xb0, 0x40, 0x10, 0x8e, 0xd0, 0x8c, 0x70, 0xa6,
    0xf8, 0xfc, 0xf8, 0xff, 0xf8, 0xfc, 0xf8, 0xff, 0xf8, 0xf0, 0xe8, 0xe7,
    0xc0, 0x40, 0x10, 0x65, 0xc8, 0x44, 0x10, 0x59, 0xc8, 0x44, 0x08, 0x4d,
    0xd0, 0x44, 0x08, 0x41, 0xe0, 0x44, 0x00, 0x34, 0xf0, 0x48, 0x08, 0x28,
    0xf8, 0x4c, 0x00, 0x24, 0xf8, 0x48, 0x00, 0x1c, 0xf8, 0x48, 0x00, 0x18,
    0xf8, 0x44, 0x00, 0x18, 0xf8, 0x48, 0x00, 0x10, 0xf8, 0x44, 0x00, 0x10,
    0xf8, 0x4c, 0x00, 0x0c, 0xf8, 0x4c, 0x00, 0x0c, 0xf8, 0x40, 0x00, 0x08,
    0xf8, 0x58, 0x00, 0x04, 0xf8, 0x40, 0x00, 0x04, 0xf8, 0x54, 0x00, 0x04,
    0xf8, 0x80, 0x00, 0x04, 0xf8, 0x00, 0x00, 0x00, 0xf8, 0x00, 0x00, 0x00,
    0x00, 0x00, 0x00, 0x00, 0xf8, 0x40, 0x00, 0x08, 0xf8, 0x4c, 0x00, 0x0c,
    0xf8, 0x40, 0x00, 0x0c, 0xf8, 0x44, 0x00, 0x10, 0xf8, 0x48, 0x00, 0x10,
    0xf8, 0x48, 0x00, 0x14, 0xf8, 0x4c, 0x00, 0x18, 0xf8, 0x48, 0x00, 0x1c,
    0xf8, 0x48, 0x00, 0x20, 0xf8, 0x48, 0x00, 0x24, 0xf8, 0x48, 0x00, 0x2c,
    0xf0, 0x48, 0x00, 0x30, 0xe0, 0x44, 0x00, 0x3c, 0xd8, 0x40, 0x08, 0x49,
    0xd0, 0x40, 0x08, 0x55, 0xd0, 0x44, 0x08, 0x61, 0xc8, 0x44, 0x10, 0x6d,
    0xf8, 0xf8, 0xf8, 0xf7, 0xf8, 0xfc, 0xf8, 0xff, 0xf8, 0xfc, 0xf8, 0xff,
    0xb8, 0x58, 0x28, 0x8e, 0xa8, 0x40, 0x10, 0x8e, 0xa8, 0x3c, 0x10, 0x92,
    0xf8, 0xf0, 0xf0, 0xf3, 0xf8, 0xfc, 0xf8, 0xff, 0xf8, 0xfc, 0xf8, 0xff,
    0xf8, 0xfc, 0xf8, 0xff, 0xf8, 0xfc, 0xf8, 0xff, 0xf8, 0xfc, 0xf8, 0xff,
    0xf8, 0xfc, 0xf8, 0xff, 0xf8, 0xfc, 0xf8, 0xff, 0xf8, 0xfc, 0xf8, 0xff,
    0xf8, 0xfc, 0xf8, 0xff, 0xf8, 0xfc, 0xf8, 0xff, 0xf8, 0xfc, 0xf8, 0xff,
    0xf8, 0xf0, 0xf0, 0xf3, 0xa8, 0x3c, 0x10, 0x92, 0xa8, 0x40, 0x10, 0x8e,
    0xb8, 0x60, 0x38, 0x92, 0xf8, 0xfc, 0xf8, 0xff, 0xf8, 0xfc, 0xf8, 0xff,
    0xf8, 0xf8, 0xf8, 0xf7, 0xc0, 0x44, 0x10, 0x65, 0xc8, 0x44, 0x08, 0x59,
    0xc8, 0x40, 0x08, 0x4d, 0xd0, 0x44, 0x08, 0x41, 0xd8, 0x44, 0x08, 0x34,
    0xf0, 0x48, 0x08, 0x28, 0xf8, 0x4c, 0x00, 0x24, 0xf8, 0x44, 0x00, 0x1c,
    0xf8, 0x48, 0x00, 0x18, 0xf8, 0x48, 0x00, 0x14, 0xf8, 0x48, 0x00, 0x14,
    0xf8, 0x44, 0x00, 0x10, 0xf8, 0x50, 0x00, 0x0c, 0xf8, 0x4c, 0x00, 0x08,
    0xf8, 0x40, 0x00, 0x08, 0xf8, 0x54, 0x00, 0x08, 0xf8, 0x40, 0x00, 0x04,
    0xf8, 0x54, 0x00, 0x04, 0xf8, 0x80, 0x00, 0x04, 0xf8, 0x00, 0x00, 0x00,
    0xf8, 0x00, 0x00, 0x00, 0x00, 0x00, 0x00, 0x00, 0xf8, 0x48, 0x00, 0x08,
    0xf8, 0x38, 0x00, 0x08, 0xf8, 0x48, 0x00, 0x0c, 0xf8, 0x48, 0x00, 0x0c,
    0xf8, 0x4c, 0x00, 0x10, 0xf8, 0x4c, 0x00, 0x14, 0xf8, 0x40, 0x00, 0x18,
    0xf8, 0x4c, 0x00, 0x1c, 0xf8, 0x4c, 0x00, 0x20, 0xf8, 0x48, 0x00, 0x24,
    0xf8, 0x48, 0x00, 0x28, 0xe8, 0x48, 0x08, 0x30, 0xe0, 0x44, 0x08, 0x3c,
    0xd8, 0x44, 0x08, 0x49, 0xd0, 0x44, 0x08, 0x51, 0xc8, 0x44, 0x08, 0x5d,
    0xc8, 0x44, 0x10, 0x6d, 0xf8, 0xfc, 0xf8, 0xff, 0xf8, 0xfc, 0xf8, 0xff,
    0xf8, 0xfc, 0xf8, 0xff, 0xb0, 0x40, 0x10, 0x86, 0xa8, 0x40, 0x10, 0x8e,
    0xa8, 0x40, 0x10, 0x92, 0xf8, 0xfc, 0xf8, 0xff, 0xf8, 0xfc, 0xf8, 0xff,
    0xf8, 0xfc, 0xf8, 0xff, 0xf8, 0xfc, 0xf8, 0xff, 0xf8, 0xfc, 0xf8, 0xff,
    0xf8, 0xfc, 0xf8, 0xff, 0xf8, 0xfc, 0xf8, 0xff, 0xf8, 0xfc, 0xf8, 0xff,
    0xf8, 0xfc, 0xf8, 0xff, 0xf8, 0xfc, 0xf8, 0xff, 0xf8, 0xfc, 0xf8, 0xff,
    0xf8, 0xfc, 0xf8, 0xff, 0xf8, 0xfc, 0xf8, 0xff, 0xa8, 0x40, 0x10, 0x92,
    0xa8, 0x40, 0x10, 0x8e, 0xb0, 0x44, 0x18, 0x8a, 0xf8, 0xfc, 0xf8, 0xff,
    0xf8, 0xfc, 0xf8, 0xff, 0xf8, 0xfc, 0xf8, 0xff, 0xc0, 0x40, 0x10, 0x65,
    0xc0, 0x44, 0x08, 0x59, 0xc8, 0x40, 0x08, 0x4d, 0xc8, 0x44, 0x08, 0x41,
    0xd8, 0x44, 0x08, 0x34, 0xe8, 0x48, 0x08, 0x2c, 0xf8, 0x4c, 0x00, 0x24,
    0xf8, 0x44, 0x00, 0x1c, 0xf8, 0x48, 0x00, 0x18, 0xf8, 0x48, 0x00, 0x14,
    0xf8, 0x48, 0x00, 0x14, 0xf8, 0x44, 0x00, 0x10, 0xf8, 0x4c, 0x00, 0x0c,
    0xf8, 0x4c, 0x00, 0x08, 0xf8, 0x40, 0x00, 0x08, 0xf8, 0x54, 0x00, 0x08,
    0xf8, 0x40, 0x00, 0x04, 0xf8, 0x54, 0x00, 0x04, 0xf8, 0x80, 0x00, 0x00,
    0xf8, 0x00, 0x00, 0x00, 0xf8, 0x00, 0x00, 0x00, 0x00, 0x00, 0x00, 0x00,
    0xf8, 0x48, 0x00, 0x08, 0xf8, 0x38, 0x00, 0x08, 0xf8, 0x48, 0x00, 0x0c,
    0xf8, 0x4c, 0x00, 0x0c, 0xf8, 0x40, 0x00, 0x10, 0xf8, 0x44, 0x00, 0x14,
    0xf8, 0x44, 0x00, 0x18, 0xf8, 0x44, 0x00, 0x18, 0xf8, 0x48, 0x00, 0x1c,
    0xf8, 0x44, 0x00, 0x20, 0xf8, 0x48, 0x00, 0x28, 0xf0, 0x44, 0x08, 0x30,
    0xe0, 0x48, 0x00, 0x3c, 0xd0, 0x44, 0x08, 0x45, 0xd0, 0x40, 0x08, 0x51,
    0xc8, 0x40, 0x08, 0x5d, 0xc0, 0x40, 0x10, 0x69, 0xf8, 0xf8, 0xf8, 0xf7,
    0xf8, 0xfc, 0xf8, 0xff, 0xf8, 0xfc, 0xf8, 0xff, 0xb8, 0x50, 0x28, 0x8e,
    0xb0, 0x40, 0x10, 0x8e, 0xa8, 0x40, 0x10, 0x92, 0xf8, 0xf4, 0xf0, 0xf7,
    0xf8, 0xfc, 0xf8, 0xff, 0xf8, 0xfc, 0xf8, 0xff, 0xf8, 0xfc, 0xf8, 0xff,
    0xf8, 0xfc, 0xf8, 0xff, 0xf8, 0xfc, 0xf8, 0xff, 0xf8, 0xfc, 0xf8, 0xff,
    0xf8, 0xfc, 0xf8, 0xff, 0xf8, 0xfc, 0xf8, 0xff, 0xf8, 0xfc, 0xf8, 0xff,
    0xf8, 0xfc, 0xf8, 0xff, 0xf8, 0xfc, 0xf8, 0xff, 0xf8, 0xf4, 0xf0, 0xf7,
    0xa8, 0x40, 0x10, 0x92, 0xb0, 0x40, 0x10, 0x8e, 0xb8, 0x58, 0x30, 0x92,
    0xf8, 0xfc, 0xf8, 0xff, 0xf8, 0xfc, 0xf8, 0xff, 0xf8, 0xfc, 0xf8, 0xf7,
    0xc0, 0x40, 0x10, 0x65, 0xc0, 0x40, 0x08, 0x55, 0xc8, 0x44, 0x08, 0x4d,
    0xd0, 0x44, 0x08, 0x41, 0xe0, 0x44, 0x08, 0x34, 0xe8, 0x44, 0x08, 0x28,
    0xf8, 0x44, 0x00, 0x20, 0xf8, 0x48, 0x00, 0x1c, 0xf8, 0x48, 0x00, 0x18,
    0xf8, 0x48, 0x00, 0x14, 0xf8, 0x48, 0x00, 0x14, 0xf8, 0x44, 0x00, 0x10,
    0xf8, 0x40, 0x00, 0x0c, 0xf8, 0x4c, 0x00, 0x0c, 0xf8, 0x40, 0x00, 0x08,
    0xf8, 0x54, 0x00, 0x04, 0xf8, 0x40, 0x00, 0x04, 0xf8, 0x54, 0x00, 0x04,
    0xf8, 0x80, 0x00, 0x00, 0xf8, 0x00, 0x00, 0x00, 0xf8, 0x00, 0x00, 0x04,
    0x00, 0x00, 0x00, 0x00, 0xf8, 0x54, 0x00, 0x04, 0xf8, 0x40, 0x00, 0x08,
    0xf8, 0x4c, 0x00, 0x0c, 0xf8, 0x50, 0x00, 0x0c, 0xf8, 0x44, 0x00, 0x10,
    0xf8, 0x48, 0x00, 0x14, 0xf8, 0x48, 0x00, 0x14, 0xf8, 0x48, 0x00, 0x18,
    0xf8, 0x48, 0x00, 0x1c, 0xf8, 0x48, 0x00, 0x20, 0xf8, 0x44, 0x00, 0x24,
    0xf0, 0x48, 0x08, 0x30, 0xe0, 0x48, 0x00, 0x38, 0xd8, 0x44, 0x08, 0x41,
    0xc8, 0x44, 0x08, 0x51, 0xc8, 0x40, 0x08, 0x59, 0xc0, 0x44, 0x10, 0x65,
    0xf8, 0xf0, 0xe8, 0xe7, 0xf8, 0xfc, 0xf8, 0xff, 0xf8, 0xfc, 0xf8, 0xff,
    0xc8, 0x80, 0x60, 0x9e, 0xb0, 0x40, 0x10, 0x8e, 0xa8, 0x40, 0x10, 0x92,
    0xe8, 0xd0, 0xc8, 0xdb, 0xf8, 0xfc, 0xf8, 0xff, 0xf8, 0xfc, 0xf8, 0xff,
    0xf8, 0xfc, 0xf8, 0xff, 0xf8, 0xfc, 0xf8, 0xff, 0xf8, 0xfc, 0xf8, 0xff,
    0xf8, 0xfc, 0xf8, 0xff, 0xf8, 0xfc, 0xf8, 0xff, 0xf8, 0xfc, 0xf8, 0xff,
    0xf8, 0xfc, 0xf8, 0xff, 0xf8, 0xfc, 0xf8, 0xff, 0xf8, 0xfc, 0xf8, 0xff,
    0xe8, 0xd4, 0xc8, 0xdf, 0xa8, 0x40, 0x10, 0x92, 0xb0, 0x40, 0x10, 0x8e,
    0xc8, 0x84, 0x68, 0xa2, 0xf8, 0xfc, 0xf8, 0xff, 0xf8, 0xfc, 0xf8, 0xff,
    0xf8, 0xf0, 0xe8, 0xe7, 0xc0, 0x40, 0x10, 0x61, 0xc0, 0x40, 0x10, 0x55,
    0xc8, 0x40, 0x08, 0x49, 0xd0, 0x44, 0x08, 0x3c, 0xd8, 0x48, 0x08, 0x34,
    0xf0, 0x44, 0x00, 0x28, 0xf8, 0x48, 0x00, 0x20, 0xf8, 0x48, 0x00, 0x1c,
    0xf8, 0x4c, 0x00, 0x18, 0xf8, 0x48, 0x00, 0x14, 0xf8, 0x48, 0x00, 0x10,
    0xf8, 0x44, 0x00, 0x10, 0xf8, 0x40, 0x00, 0x0c, 0xf8, 0x4c, 0x00, 0x08,
    0xf8, 0x40, 0x00, 0x08, 0xf8, 0x58, 0x00, 0x08, 0xf8, 0x40, 0x00, 0x04,
    0xf8, 0x54, 0x00, 0x04, 0xf8, 0x80, 0x00, 0x04, 0xf8, 0x00, 0x00, 0x00,
    0xf8, 0x00, 0x00, 0x00, 0x00, 0x00, 0x00, 0x00, 0xf8, 0x54, 0x00, 0x04,
    0xf8, 0x40, 0x00, 0x08, 0xf8, 0x38, 0x00, 0x08, 0xf8, 0x40, 0x00, 0x0c,
    0xf8, 0x48, 0x00, 0x0c, 0xf8, 0x4c, 0x00, 0x10, 0xf8, 0x4c, 0x00, 0x14,
    0xf8, 0x44, 0x00, 0x18, 0xf8, 0x4c, 0x00, 0x1c, 0xf8, 0x4c, 0x00, 0x20,
    0xf8, 0x48, 0x00, 0x24, 0xf0, 0x48, 0x00, 0x2c, 0xd8, 0x44, 0x08, 0x34,
    0xd8, 0x44, 0x08, 0x41, 0xd0, 0x44, 0x08, 0x49, 0xc8, 0x40, 0x10, 0x59,
    0xc0, 0x40, 0x10, 0x61, 0xf0, 0xd8, 0xc8, 0xc7, 0xf8, 0xfc, 0xf8, 0xff,
    0xf8, 0xfc, 0xf8, 0xff, 0xe0, 0xb8, 0xa8, 0xbe, 0xa8, 0x40, 0x10, 0x8a,
    0xa8, 0x40, 0x10, 0x8e, 0xc8, 0x80, 0x68, 0xae, 0xf8, 0xfc, 0xf8, 0xff,
    0xf8, 0xfc, 0xf8, 0xff, 0xf8, 0xfc, 0xf8, 0xff, 0xf8, 0xfc, 0xf8, 0xff,
    0xf8, 0xfc, 0xf8, 0xff, 0xf8, 0xfc, 0xf8, 0xff, 0xf8, 0xfc, 0xf8, 0xff,
    0xf8, 0xfc, 0xf8, 0xff, 0xf8, 0xfc, 0xf8, 0xff, 0xf8, 0xfc, 0xf8, 0xff,
    0xf8, 0xfc, 0xf8, 0xff, 0xc8, 0x84, 0x68, 0xb2, 0xa8, 0x40, 0x10, 0x92,
    0xb0, 0x40, 0x10, 0x8a, 0xe8, 0xbc, 0xa8, 0xc3, 0xf8, 0xfc, 0xf8, 0xff,
    0xf8, 0xfc, 0xf8, 0xff, 0xf0, 0xd8, 0xd0, 0xcb, 0xc0, 0x44, 0x10, 0x61,
    0xc8, 0x40, 0x08, 0x55, 0xc8, 0x44, 0x08, 0x45, 0xd0, 0x44, 0x08, 0x3c,
    0xd8, 0x44, 0x08, 0x30, 0xe8, 0x48, 0x00, 0x28, 0xf8, 0x48, 0x00, 0x20,
    0xf8, 0x4c, 0x00, 0x1c, 0xf8, 0x44, 0x00, 0x18, 0xf8, 0x4c, 0x00, 0x14,
    0xf8, 0x4c, 0x00, 0x10, 0xf8, 0x48, 0x00, 0x10, 0xf8, 0x40, 0x00, 0x0c,
    0xf8, 0x38, 0x00, 0x08, 0xf8, 0x40, 0x00, 0x08, 0xf8, 0x54, 0x00, 0x04,
    0xf8, 0x40, 0x00, 0x04, 0xf8, 0x54, 0x00, 0x04, 0xf8, 0x80, 0x00, 0x00,
    0xf8, 0x00, 0x00, 0x00, 0xf8, 0x00, 0x00, 0x00, 0x00, 0x00, 0x00, 0x00,
    0xf8, 0x34, 0x00, 0x04, 0xf8, 0x48, 0x00, 0x08, 0xf8, 0x38, 0x00, 0x08,
    0xf8, 0x48, 0x00, 0x0c, 0xf8, 0x4c, 0x00, 0x0c, 0xf8, 0x40, 0x00, 0x10,
    0xf8, 0x44, 0x00, 0x14, 0xf8, 0x44, 0x00, 0x18, 0xf8, 0x48, 0x00, 0x18,
    0xf8, 0x44, 0x00, 0x1c, 0xf8, 0x4c, 0x00, 0x20, 0xf0, 0x44, 0x00, 0x28,
    0xe8, 0x44, 0x08, 0x30, 0xd0, 0x44, 0x08, 0x3c, 0xd0, 0x44, 0x08, 0x49,
    0xc8, 0x44, 0x10, 0x51, 0xc0, 0x40, 0x08, 0x5d, 0xe0, 0xa4, 0x90, 0x9a,
    0xf8, 0xfc, 0xf8, 0xff, 0xf8, 0xfc, 0xf8, 0xff, 0xf8, 0xf0, 0xe8, 0xef,
    0xb0, 0x44, 0x18, 0x8a, 0xb0, 0x40, 0x10, 0x8e, 0xa8, 0x44, 0x18, 0x96,
    0xe8, 0xc8, 0xb8, 0xd7, 0xf8, 0xfc, 0xf8, 0xff, 0xf8, 0xfc, 0xf8, 0xff,
    0xf8, 0xfc, 0xf8, 0xff, 0xf8, 0xfc, 0xf8, 0xff, 0xf8, 0xfc, 0xf8, 0xff,
    0xf8, 0xfc, 0xf8, 0xff, 0xf8, 0xfc, 0xf8, 0xff, 0xf8, 0xfc, 0xf8, 0xff,
    0xf8, 0xfc, 0xf8, 0xff, 0xe8, 0xc8, 0xc0, 0xd7, 0xa8, 0x44, 0x18, 0x96,
    0xa8, 0x40, 0x10, 0x8e, 0xb0, 0x48, 0x18, 0x8a, 0xf8, 0xf0, 0xf0, 0xef,
    0xf8, 0xfc, 0xf8, 0xff, 0xf8, 0xfc, 0xf8, 0xff, 0xe0, 0xac, 0x98, 0x9a,
    0xc0, 0x44, 0x10, 0x59, 0xc8, 0x40, 0x10, 0x51, 0xc8, 0x44, 0x08, 0x45,
    0xd8, 0x40, 0x08, 0x3c, 0xe0, 0x44, 0x08, 0x30, 0xf0, 0x44, 0x00, 0x24,
    0xf8, 0x4c, 0x00, 0x20, 0xf8, 0x44, 0x00, 0x1c, 0xf8, 0x40, 0x00, 0x18,
    0xf8, 0x44, 0x00, 0x14, 0xf8, 0x4c, 0x00, 0x10, 0xf8, 0x48, 0x00, 0x0c,
    0xf8, 0x48, 0x00, 0x0c, 0xf8, 0x38, 0x00, 0x08, 0xf8, 0x48, 0x00, 0x08,
    0xf8, 0x54, 0x00, 0x08, 0xf8, 0x40, 0x00, 0x04, 0xf8, 0x54, 0x00, 0x04,
    0xf8, 0x80, 0x00, 0x00, 0xf8, 0x00, 0x00, 0x00, 0xf8, 0x00, 0x00, 0x04,
    0x00, 0x00, 0x00, 0x00, 0xf8, 0x34, 0x00, 0x04, 0xf8, 0x54, 0x00, 0x08,
    0xf8, 0x40, 0x00, 0x08, 0xf8, 0x4c, 0x00, 0x0c, 0xf8, 0x50, 0x00, 0x0c,
    0xf8, 0x44, 0x00, 0x10, 0xf8, 0x48, 0x00, 0x14, 0xf8, 0x48, 0x00, 0x14,
    0xf8, 0x48, 0x00, 0x18, 0xf8, 0x48, 0x00, 0x1c, 0xf8, 0x48, 0x00, 0x20,
    0xf0, 0x48, 0x00, 0x28, 0xe0, 0x40, 0x08, 0x2c, 0xd8, 0x44, 0x08, 0x38,
    0xd0, 0x44, 0x08, 0x45, 0xc8, 0x40, 0x08, 0x4d, 0xc8, 0x40, 0x08, 0x59,
    0xc8, 0x54, 0x20, 0x6d, 0xf8, 0xf4, 0xf8, 0xf3, 0xf8, 0xfc, 0xf8, 0xff,
    0xf8, 0xfc, 0xf8, 0xff, 0xe0, 0xac, 0x98, 0xba, 0xb0, 0x40, 0x10, 0x8e,
    0xa8, 0x40, 0x10, 0x8e, 0xb0, 0x50, 0x28, 0x9a, 0xe8, 0xc8, 0xb8, 0xd7,
    0xf8, 0xfc, 0xf8, 0xff, 0xf8, 0xfc, 0xf8, 0xff, 0xf8, 0xfc, 0xf8, 0xff,
    0xf8, 0xfc, 0xf8, 0xff, 0xf8, 0xfc, 0xf8, 0xff, 0xf8, 0xfc, 0xf8, 0xff,
    0xf8, 0xfc, 0xf8, 0xff, 0xe8, 0xcc, 0xc0, 0xd7, 0xb0, 0x50, 0x28, 0x9a,
    0xa8, 0x40, 0x10, 0x92, 0xb0, 0x40, 0x10, 0x8e, 0xe0, 0xb0, 0x98, 0xba,
    0xf8, 0xfc, 0xf8, 0xff, 0xf8, 0xfc, 0xf8, 0xff, 0xf8, 0xf8, 0xf0, 0xf3,
    0xc0, 0x54, 0x28, 0x6d, 0xc0, 0x40, 0x08, 0x55, 0xc8, 0x40, 0x08, 0x49,
    0xd0, 0x44, 0x08, 0x41, 0xd8, 0x44, 0x08, 0x34, 0xe0, 0x44, 0x08, 0x2c,
    0xf0, 0x48, 0x00, 0x24, 0xf8, 0x44, 0x00, 0x1c, 0xf8, 0x48, 0x00, 0x18,
    0xf8, 0x44, 0x00, 0x14, 0xf8, 0x44, 0x00, 0x14, 0xf8, 0x40, 0x00, 0x10,
    0xf8, 0x4c, 0x00, 0x0c, 0xf8, 0x48, 0x00, 0x0c, 0xf8, 0x38, 0x00, 0x08,
    0xf8, 0x48, 0x00, 0x08, 0xf8, 0x34, 0x00, 0x04, 0xf8, 0x40, 0x00, 0x04,
    0xf8, 0x54, 0x00, 0x04, 0xf8, 0x80, 0x00, 0x04, 0xf8, 0x00, 0x00, 0x00,
    0xf8, 0x00, 0x00, 0x00, 0x00, 0x00, 0x00, 0x00, 0xf8, 0x40, 0x00, 0x04,
    0xf8, 0x54, 0x00, 0x04, 0xf8, 0x40, 0x00, 0x08, 0xf8, 0x38, 0x00, 0x08,
    0xf8, 0x40, 0x00, 0x0c, 0xf8, 0x48, 0x00, 0x0c, 0xf8, 0x4c, 0x00, 0x10,
    0xf8, 0x44, 0x00, 0x14, 0xf8, 0x44, 0x00, 0x18, 0xf8, 0x44, 0x00, 0x18,
    0xf8, 0x4c, 0x00, 0x20, 0xf0, 0x48, 0x00, 0x24, 0xe8, 0x48, 0x08, 0x2c,
    0xe0, 0x48, 0x00, 0x34, 0xd0, 0x40, 0x08, 0x3c, 0xd0, 0x44, 0x08, 0x49,
    0xc8, 0x40, 0x10, 0x55, 0xc0, 0x44, 0x10, 0x61, 0xe8, 0xc0, 0xb0, 0xae,
    0xf8, 0xfc, 0xf8, 0xff, 0xf8, 0xfc, 0xf8, 0xff, 0xf8, 0xf8, 0xf8, 0xf7,
    0xc8, 0x78, 0x50, 0x9a, 0xa8, 0x40, 0x10, 0x8e, 0xa8, 0x40, 0x10, 0x92,
    0xb0, 0x48, 0x20, 0x96, 0xc8, 0x8c, 0x70, 0xb2, 0xe8, 0xd4, 0xc8, 0xdf,
    0xf8, 0xf4, 0xf0, 0xf7, 0xf8, 0xfc, 0xf8, 0xfb, 0xf8, 0xf4, 0xf0, 0xf7,
    0xe8, 0xd4, 0xc8, 0xdf, 0xc8, 0x8c, 0x70, 0xb6, 0xb0, 0x4c, 0x20, 0x96,
    0xa8, 0x40, 0x10, 0x92, 0xb0, 0x40, 0x10, 0x8a, 0xc8, 0x80, 0x60, 0xa2,
    0xf8, 0xf8, 0xf8, 0xf7, 0xf8, 0xfc, 0xf8, 0xff, 0xf8, 0xfc, 0xf8, 0xff,
    0xe8, 0xc0, 0xb0, 0xae, 0xc0, 0x44, 0x10, 0x61, 0xc8, 0x40, 0x08, 0x51,
    0xc8, 0x44, 0x08, 0x49, 0xd0, 0x44, 0x08, 0x3c, 0xd8, 0x48, 0x08, 0x34,
    0xe8, 0x44, 0x08, 0x28, 0xf0, 0x44, 0x00, 0x24, 0xf8, 0x44, 0x00, 0x1c,
    0xf8, 0x4c, 0x00, 0x18, 0xf8, 0x48, 0x00, 0x14, 0xf8, 0x48, 0x00, 0x14,
    0xf8, 0x44, 0x00, 0x10, 0xf8, 0x4c, 0x00, 0x0c, 0xf8, 0x48, 0x00, 0x0c,
    0xf8, 0x38, 0x00, 0x08, 0xf8, 0x48, 0x00, 0x08, 0xf8, 0x34, 0x00, 0x04,
    0xf8, 0x40, 0x00, 0x04, 0xf8, 0x54, 0x00, 0x04, 0xf8, 0x80, 0x00, 0x00,
    0xf8, 0x00, 0x00, 0x00, 0xf8, 0x00, 0x00, 0x00, 0x00, 0x00, 0x00, 0x00,
    0xf8, 0x40, 0x00, 0x04, 0xf8, 0x54, 0x00, 0x08, 0xf8, 0x48, 0x00, 0x08,
    0xf8, 0x38, 0x00, 0x08, 0xf8, 0x48, 0x00, 0x0c, 0xf8, 0x4c, 0x00, 0x0c,
    0xf8, 0x40, 0x00, 0x10, 0xf8, 0x48, 0x00, 0x14, 0xf8, 0x48, 0x00, 0x14,
    0xf8, 0x4c, 0x00, 0x18, 0xf8, 0x44, 0x00, 0x1c, 0xf8, 0x48, 0x00, 0x20,
    0xe8, 0x48, 0x00, 0x28, 0xe8, 0x44, 0x08, 0x30, 0xd8, 0x44, 0x08, 0x38,
    0xd0, 0x44, 0x08, 0x41, 0xc8, 0x44, 0x08, 0x4d, 0xc0, 0x40, 0x08, 0x59,
    0xc0, 0x50, 0x20, 0x6d, 0xf8, 0xec, 0xe8, 0xe3, 0xf8, 0xfc, 0xf8, 0xff,
    0xf8, 0xfc, 0xf8, 0xff, 0xf8, 0xf0, 0xf0, 0xef, 0xc8, 0x78, 0x58, 0x9e,
    0xb0, 0x40, 0x10, 0x8a, 0xa8, 0x40, 0x10, 0x8e, 0xa8, 0x44, 0x18, 0x92,
    0xb0, 0x4c, 0x20, 0x96, 0xb0, 0x50, 0x28, 0x9a, 0xb0, 0x54, 0x28, 0x9a,
    0xb0, 0x50, 0x28, 0x96, 0xb0, 0x4c, 0x20, 0x96, 0xa8, 0x44, 0x18, 0x92,
    0xa8, 0x40, 0x10, 0x8e, 0xb0, 0x40, 0x10, 0x8e, 0xc8, 0x7c, 0x58, 0x9e,
    0xf8, 0xf0, 0xf0, 0xef, 0xf8, 0xfc, 0xf8, 0xff, 0xf8, 0xfc, 0xf8, 0xff,
    0xf8, 0xec, 0xe8, 0xe3, 0xc0, 0x54, 0x28, 0x6d, 0xc0, 0x44, 0x10, 0x59,
    0xc8, 0x40, 0x08, 0x4d, 0xc8, 0x44, 0x08, 0x41, 0xd8, 0x44, 0x08, 0x38,
    0xe0, 0x40, 0x08, 0x30, 0xe8, 0x44, 0x00, 0x24, 0xf8, 0x48, 0x00, 0x20,
    0xf8, 0x40, 0x00, 0x1c, 0xf8, 0x40, 0x00, 0x18, 0xf8, 0x4c, 0x00, 0x14,
    0xf8, 0x4c, 0x00, 0x10, 0xf8, 0x44, 0x00, 0x10, 0xf8, 0x40, 0x00, 0x0c,
    0xf8, 0x4c, 0x00, 0x08, 0xf8, 0x40, 0x00, 0x08, 0xf8, 0x54, 0x00, 0x08,
    0xf8, 0x34, 0x00, 0x04, 0xf8, 0x40, 0x00, 0x04, 0xf8, 0x54, 0x00, 0x04,
    0xf8, 0x80, 0x00, 0x04, 0xf8, 0x00, 0x00, 0x00, 0xf8, 0x00, 0x00, 0x00,
    0x00, 0x00, 0x00, 0x00, 0xf8, 0x40, 0x00, 0x04, 0xf8, 0x34, 0x00, 0x04,
    0xf8, 0x54, 0x00, 0x04, 0xf8, 0x40, 0x00, 0x08, 0xf8, 0x4c, 0x00, 0x0c,
    0xf8, 0x40, 0x00, 0x0c, 0xf8, 0x48, 0x00, 0x0c, 0xf8, 0x4c, 0x00, 0x10,
    0xf8, 0x4c, 0x00, 0x14, 0xf8, 0x40, 0x00, 0x18, 0xf8, 0x44, 0x00, 0x1c,
    0xf8, 0x44, 0x00, 0x1c, 0xf0, 0x48, 0x00, 0x24, 0xe8, 0x48, 0x08, 0x2c,
    0xd8, 0x48, 0x08, 0x34, 0xd8, 0x44, 0x08, 0x3c, 0xc8, 0x40, 0x08, 0x45,
    0xc8, 0x40, 0x10, 0x51, 0xc0, 0x40, 0x10, 0x5d, 0xd0, 0x80, 0x60, 0x82,
    0xf8, 0xf8, 0xf8, 0xf3, 0xf8, 0xfc, 0xf8, 0xff, 0xf8, 0xfc, 0xf8, 0xff,
    0xf8, 0xf8, 0xf0, 0xf3, 0xe0, 0xac, 0x98, 0xb6, 0xb0, 0x48, 0x18, 0x8a,
    0xb0, 0x40, 0x10, 0x8a, 0xb0, 0x40, 0x10, 0x8e, 0xb0, 0x40, 0x10, 0x8a,
    0xa8, 0x40, 0x10, 0x8e, 0xb0, 0x40, 0x10, 0x8e, 0xb0, 0x40, 0x10, 0x8a,
    0xb0, 0x40, 0x10, 0x8a, 0xb0, 0x48, 0x18, 0x8a, 0xe0, 0xac, 0x98, 0xba,
    0xf8, 0xf8, 0xf8, 0xf7, 0xf8, 0xfc, 0xf8, 0xff, 0xf8, 0xfc, 0xf8, 0xff,
    0xf8, 0xf8, 0xf8, 0xf3, 0xd0, 0x84, 0x60, 0x82, 0xc0, 0x40, 0x10, 0x5d,
    0xc8, 0x40, 0x08, 0x51, 0xc8, 0x44, 0x10, 0x45, 0xd0, 0x44, 0x08, 0x3c,
    0xe0, 0x48, 0x08, 0x30, 0xe8, 0x48, 0x08, 0x2c, 0xf0, 0x48, 0x00, 0x24,
    0xf8, 0x44, 0x00, 0x1c, 0xf8, 0x48, 0x00, 0x18, 0xf8, 0x48, 0x00, 0x18,
    0xf8, 0x44, 0x00, 0x14, 0xf8, 0x40, 0x00, 0x10, 0xf8, 0x48, 0x00, 0x0c,
    0xf8, 0x40, 0x00, 0x0c, 0xf8, 0x38, 0x00, 0x08, 0xf8, 0x40, 0x00, 0x08,
    0xf8, 0x54, 0x00, 0x08, 0xf8, 0x34, 0x00, 0x04, 0xf8, 0x54, 0x00, 0x04,
    0xf8, 0x54, 0x00, 0x04, 0xf8, 0x80, 0x00, 0x00, 0xf8, 0x00, 0x00, 0x00,
    0xf8, 0x00, 0x00, 0x00, 0x00, 0x00, 0x00, 0x00, 0xf8, 0x54, 0x00, 0x04,
    0xf8, 0x40, 0x00, 0x04, 0xf8, 0x54, 0x00, 0x04, 0xf8, 0x40, 0x00, 0x08,
    0xf8, 0x38, 0x00, 0x08, 0xf8, 0x48, 0x00, 0x0c, 0xf8, 0x50, 0x00, 0x0c,
    0xf8, 0x40, 0x00, 0x10, 0xf8, 0x48, 0x00, 0x14, 0xf8, 0x48, 0x00, 0x14,
    0xf8, 0x4c, 0x00, 0x18, 0xf8, 0x48, 0x00, 0x1c, 0xf8, 0x44, 0x00, 0x20,
    0xe8, 0x48, 0x00, 0x28, 0xe0, 0x40, 0x08, 0x2c, 0xd8, 0x48, 0x08, 0x38,
    0xd0, 0x40, 0x08, 0x41, 0xc8, 0x40, 0x08, 0x49, 0xc8, 0x44, 0x10, 0x55,
    0xc0, 0x48, 0x10, 0x61, 0xd8, 0x98, 0x78, 0x8e, 0xf8, 0xf8, 0xf8, 0xf3,
    0xf8, 0xfc, 0xf8, 0xff, 0xf8, 0xfc, 0xf8, 0xff, 0xf8, 0xfc, 0xf8, 0xfb,
    0xf8, 0xec, 0xe8, 0xeb, 0xe0, 0xbc, 0xa8, 0xc3, 0xc8, 0x80, 0x60, 0xa2,
    0xc0, 0x60, 0x38, 0x96, 0xb0, 0x44, 0x18, 0x8a, 0xb8, 0x58, 0x28, 0x8e,
    0xc8, 0x80, 0x60, 0xa2, 0xe0, 0xb8, 0xa8, 0xbe, 0xf8, 0xec, 0xe8, 0xeb,
    0xf8, 0xfc, 0xf8, 0xfb, 0xf8, 0xfc, 0xf8, 0xff, 0xf8, 0xfc, 0xf8, 0xff,
    0xf8, 0xf8, 0xf8, 0xf7, 0xd8, 0x94, 0x78, 0x8e, 0xc0, 0x44, 0x18, 0x61,
    0xc0, 0x44, 0x08, 0x55, 0xc8, 0x40, 0x08, 0x49, 0xd0, 0x40, 0x08, 0x41,
    0xd8, 0x48, 0x08, 0x38, 0xe0, 0x40, 0x08, 0x2c, 0xe8, 0x44, 0x00, 0x24,
    0xf8, 0x48, 0x00, 0x20, 0xf8, 0x48, 0x00, 0x1c, 0xf8, 0x4c, 0x00, 0x18,
    0xf8, 0x48, 0x00, 0x14, 0xf8, 0x48, 0x00, 0x14, 0xf8, 0x44, 0x00, 0x10,
    0xf8, 0x4c, 0x00, 0x0c, 0xf8, 0x48, 0x00, 0x0c, 0xf8, 0x38, 0x00, 0x08,
    0xf8, 0x48, 0x00, 0x08, 0xf8, 0x58, 0x00, 0x04, 0xf8, 0x40, 0x00, 0x04,
    0xf8, 0x54, 0x00, 0x04, 0xf8, 0x80, 0x00, 0x00, 0xf8, 0x00, 0x00, 0x00,
    0xf8, 0x00, 0x00, 0x04, 0xf8, 0x00, 0x00, 0x00, 0x00, 0x00, 0x00, 0x00,
    0xf8, 0x54, 0x00, 0x04, 0xf8, 0x40, 0x00, 0x04, 0xf8, 0x34, 0x00, 0x04,
    0xf8, 0x48, 0x00, 0x08, 0xf8, 0x40, 0x00, 0x08, 0xf8, 0x4c, 0x00, 0x0c,
    0xf8, 0x40, 0x00, 0x0c, 0xf8, 0x48, 0x00, 0x10, 0xf8, 0x4c, 0x00, 0x10,
    0xf8, 0x44, 0x00, 0x14, 0xf8, 0x40, 0x00, 0x18, 0xf0, 0x44, 0x00, 0x18,
    0xf8, 0x44, 0x00, 0x20, 0xf0, 0x48, 0x00, 0x24, 0xe8, 0x48, 0x08, 0x28,
    0xe0, 0x44, 0x08, 0x30, 0xd8, 0x44, 0x08, 0x38, 0xd0, 0x44, 0x08, 0x41,
    0xc8, 0x44, 0x08, 0x4d, 0xc0, 0x40, 0x10, 0x55, 0xc0, 0x48, 0x10, 0x61,
    0xd8, 0x88, 0x68, 0x82, 0xf8, 0xf0, 0xe8, 0xe3, 0xf8, 0xfc, 0xf8, 0xff,
    0xf8, 0xfc, 0xf8, 0xff, 0xf8, 0xfc, 0xf8, 0xff, 0xf8, 0xfc, 0xf8, 0xfb,
    0xf8, 0xf8, 0xf8, 0xf7, 0xf8, 0xf8, 0xf8, 0xf7, 0xf8, 0xf8, 0xf8, 0xf7,
    0xf8, 0xf8, 0xf8, 0xf7, 0xf8, 0xf8, 0xf8, 0xfb, 0xf8, 0xfc, 0xf8, 0xfb,
    0xf8, 0xfc, 0xf8, 0xff, 0xf8, 0xfc, 0xf8, 0xff, 0xf8, 0xfc, 0xf8, 0xff,
    0xf8, 0xec, 0xe8, 0xe3, 0xd0, 0x88, 0x68, 0x82, 0xc0, 0x48, 0x18, 0x61,
    0xc0, 0x40, 0x10, 0x55, 0xc8, 0x44, 0x08, 0x4d, 0xd0, 0x40, 0x10, 0x41,
    0xd8, 0x44, 0x08, 0x38, 0xe0, 0x44, 0x08, 0x30, 0xe8, 0x44, 0x08, 0x28,
    0xf0, 0x48, 0x00, 0x24, 0xf8, 0x48, 0x00, 0x1c, 0xf8, 0x44, 0x00, 0x1c,
    0xf8, 0x44, 0x00, 0x18, 0xf8, 0x44, 0x00, 0x14, 0xf8, 0x4c, 0x00, 0x10,
    0xf8, 0x48, 0x00, 0x0c, 0xf8, 0x40, 0x00, 0x0c, 0xf8, 0x4c, 0x00, 0x0c,
    0xf8, 0x40, 0x00, 0x08, 0xf8, 0x48, 0x00, 0x08, 0xf8, 0x34, 0x00, 0x04,
    0xf8, 0x40, 0x00, 0x04, 0xf8, 0x54, 0x00, 0x04, 0xf8, 0x80, 0x00, 0x00,
    0xf8, 0x00, 0x00, 0x00, 0xf8, 0x00, 0x00, 0x00, 0xf8, 0x00, 0x00, 0x00,
    0x00, 0x00, 0x00, 0x00, 0xf8, 0x54, 0x00, 0x04, 0xf8, 0x40, 0x00, 0x04,
    0xf8, 0x34, 0x00, 0x04, 0xf8, 0x54, 0x00, 0x08, 0xf8, 0x40, 0x00, 0x08,
    0xf8, 0x38, 0x00, 0x08, 0xf8, 0x44, 0x00, 0x0c, 0xf8, 0x50, 0x00, 0x0c,
    0xf8, 0x40, 0x00, 0x10, 0xf8, 0x48, 0x00, 0x10, 0xf8, 0x48, 0x00, 0x14,
    0xf8, 0x44, 0x00, 0x18, 0xf8, 0x44, 0x00, 0x1c, 0xf8, 0x48, 0x00, 0x20,
    0xf0, 0x48, 0x00, 0x24, 0xe8, 0x48, 0x08, 0x2c, 0xd8, 0x48, 0x08, 0x34,
    0xd8, 0x44, 0x08, 0x3c, 0xd0, 0x44, 0x08, 0x45, 0xc8, 0x40, 0x08, 0x4d,
    0xc0, 0x40, 0x10, 0x55, 0xc0, 0x44, 0x10, 0x5d, 0xc8, 0x5c, 0x30, 0x6d,
    0xe8, 0xbc, 0xa8, 0xaa, 0xf8, 0xf8, 0xf8, 0xf3, 0xf8, 0xfc, 0xf8, 0xff,
    0xf8, 0xfc, 0xf8, 0xff, 0xf8, 0xfc, 0xf8, 0xff, 0xf8, 0xfc, 0xf8, 0xff,
    0xf8, 0xfc, 0xf8, 0xff, 0xf8, 0xfc, 0xf8, 0xff, 0xf8, 0xfc, 0xf8, 0xff,
    0xf8, 0xfc, 0xf8, 0xff, 0xf8, 0xfc, 0xf8, 0xff, 0xf8, 0xf8, 0xf8, 0xf3,
    0xe8, 0xc4, 0xb8, 0xb2, 0xc0, 0x60, 0x30, 0x71, 0xc0, 0x48, 0x10, 0x5d,
    0xc8, 0x40, 0x10, 0x55, 0xc8, 0x44, 0x08, 0x4d, 0xd0, 0x44, 0x08, 0x45,
    0xd8, 0x44, 0x08, 0x3c, 0xd8, 0x48, 0x08, 0x30, 0xe0, 0x48, 0x08, 0x2c,
    0xf0, 0x48, 0x00, 0x24, 0xf8, 0x48, 0x00, 0x20, 0xf8, 0x40, 0x00, 0x1c,
    0xf8, 0x44, 0x00, 0x18, 0xf8, 0x48, 0x00, 0x14, 0xf8, 0x48, 0x00, 0x10,
    0xf8, 0x40, 0x00, 0x10, 0xf8, 0x4c, 0x00, 0x0c, 0xf8, 0x48, 0x00, 0x0c,
    0xf8, 0x38, 0x00, 0x08, 0xf8, 0x40, 0x00, 0x08, 0xf8, 0x54, 0x00, 0x08,
    0xf8, 0x34, 0x00, 0x04, 0xf8, 0x40, 0x00, 0x04, 0xf8, 0x54, 0x00, 0x04,
    0xf8, 0x80, 0x00, 0x04, 0xf8, 0x00, 0x00, 0x00, 0xf8, 0x00, 0x00, 0x00,
    0x00, 0x00, 0x00, 0x00, 0x00, 0x00, 0x00, 0x00, 0xf8, 0x54, 0x00, 0x04,
    0xf8, 0x54, 0x00, 0x04, 0xf8, 0x40, 0x00, 0x04, 0xf8, 0x54, 0x00, 0x04,
    0xf8, 0x4c, 0x00, 0x08, 0xf8, 0x38, 0x00, 0x08, 0xf8, 0x4c, 0x00, 0x08,
    0xf8, 0x40, 0x00, 0x0c, 0xf8, 0x48, 0x00, 0x10, 0xf8, 0x4c, 0x00, 0x10,
    0xf8, 0x44, 0x00, 0x14, 0xf8, 0x44, 0x00, 0x14, 0xf8, 0x44, 0x00, 0x18,
    0xf8, 0x48, 0x00, 0x1c, 0xf0, 0x48, 0x00, 0x20, 0xe8, 0x44, 0x00, 0x28,
    0xe0, 0x44, 0x08, 0x2c, 0xd8, 0x48, 0x08, 0x34, 0xd8, 0x44, 0x08, 0x3c,
    0xd0, 0x44, 0x08, 0x41, 0xc8, 0x40, 0x08, 0x49, 0xc0, 0x40, 0x10, 0x51,
    0xc0, 0x40, 0x08, 0x59, 0xc0, 0x4c, 0x20, 0x61, 0xc8, 0x60, 0x38, 0x71,
    0xe0, 0xa8, 0x90, 0x9a, 0xf0, 0xd8, 0xd0, 0xc7, 0xf8, 0xf0, 0xe8, 0xe7,
    0xf8, 0xfc, 0xf8, 0xf7, 0xf8, 0xfc, 0xf8, 0xff, 0xf8, 0xfc, 0xf8, 0xf7,
    0xf8, 0xf0, 0xf0, 0xe7, 0xf0, 0xd8, 0xd0, 0xc7, 0xe0, 0xa8, 0x90, 0x9a,
    0xc8, 0x64, 0x40, 0x71, 0xc0, 0x4c, 0x20, 0x61, 0xc0, 0x44, 0x10, 0x59,
    0xc8, 0x40, 0x08, 0x55, 0xc8, 0x40, 0x08, 0x49, 0xd0, 0x44, 0x08, 0x45,
    0xd0, 0x44, 0x08, 0x3c, 0xe0, 0x48, 0x08, 0x34, 0xe0, 0x44, 0x08, 0x2c,
    0xe8, 0x44, 0x00, 0x28, 0xf0, 0x44, 0x00, 0x20, 0xf8, 0x48, 0x00, 0x1c,
    0xf0, 0x44, 0x00, 0x1c, 0xf8, 0x48, 0x00, 0x14, 0xf8, 0x44, 0x00, 0x14,
    0xf8, 0x4c, 0x00, 0x10, 0xf8, 0x48, 0x00, 0x10, 0xf8, 0x40, 0x00, 0x0c,
    0xf8, 0x4c, 0x00, 0x08, 0xf8, 0x38, 0x00, 0x08, 0xf8, 0x48, 0x00, 0x08,
    0xf8, 0x54, 0x00, 0x04, 0xf8, 0x40, 0x00, 0x04, 0xf8, 0x54, 0x00, 0x04,
    0xf8, 0x54, 0x00, 0x04, 0xf8, 0x80, 0x00, 0x00, 0xf8, 0x00, 0x00, 0x00,
    0xf8, 0x00, 0x00, 0x04, 0x00, 0x00, 0x00, 0x00, 0x00, 0x00, 0x00, 0x00,
    0xf8, 0x80, 0x00, 0x00, 0xf8, 0x54, 0x00, 0x04, 0xf8, 0x40, 0x00, 0x04,
    0xf8, 0x34, 0x00, 0x04, 0xf8, 0x54, 0x00, 0x08, 0xf8, 0x40, 0x00, 0x08,
    0xf8, 0x38, 0x00, 0x08, 0xf8, 0x48, 0x00, 0x0c, 0xf8, 0x4c, 0x00, 0x0c,
    0xf8, 0x44, 0x00, 0x10, 0xf8, 0x4c, 0x00, 0x10, 0xf8, 0x4c, 0x00, 0x14,
    0xf8, 0x44, 0x00, 0x18, 0xf0, 0x44, 0x00, 0x1c, 0xf8, 0x48, 0x00, 0x1c,
    0xf0, 0x44, 0x00, 0x20, 0xe8, 0x44, 0x00, 0x24, 0xe0, 0x44, 0x08, 0x2c,
    0xd8, 0x48, 0x08, 0x34, 0xd8, 0x44, 0x08, 0x38, 0xd0, 0x44, 0x08, 0x41,
    0xd0, 0x44, 0x08, 0x45, 0xc8, 0x44, 0x08, 0x4d, 0xc8, 0x40, 0x10, 0x55,
    0xc0, 0x44, 0x08, 0x59, 0xc0, 0x4c, 0x18, 0x5d, 0xc0, 0x50, 0x28, 0x61,
    0xc8, 0x58, 0x28, 0x69, 0xc8, 0x5c, 0x30, 0x69, 0xc8, 0x5c, 0x30, 0x6d,
    0xc8, 0x5c, 0x30, 0x69, 0xc8, 0x58, 0x28, 0x69, 0xc0, 0x50, 0x28, 0x65,
    0xc0, 0x4c, 0x18, 0x5d, 0xc0, 0x44, 0x08, 0x59, 0xc8, 0x40, 0x08, 0x55,
    0xc8, 0x40, 0x08, 0x4d, 0xd0, 0x40, 0x10, 0x45, 0xd0, 0x44, 0x08, 0x41,
    0xd8, 0x44, 0x08, 0x38, 0xd8, 0x44, 0x08, 0x34, 0xe0, 0x48, 0x08, 0x2c,
    0xf0, 0x44, 0x00, 0x24, 0xf0, 0x44, 0x00, 0x20, 0xf8, 0x44, 0x00, 0x1c,
    0xf8, 0x44, 0x00, 0x1c, 0xf8, 0x48, 0x00, 0x14, 0xf8, 0x4c, 0x00, 0x14,
    0xf8, 0x48, 0x00, 0x10, 0xf8, 0x44, 0x00, 0x10, 0xf8, 0x4c, 0x00, 0x0c,
    0xf8, 0x48, 0x00, 0x0c, 0xf8, 0x38, 0x00, 0x08, 0xf8, 0x40, 0x00, 0x08,
    0xf8, 0x58, 0x00, 0x08, 0xf8, 0x34, 0x00, 0x04, 0xf8, 0x40, 0x00, 0x04,
    0xf8, 0x54, 0x00, 0x04, 0xf8, 0x80, 0x00, 0x00, 0xf8, 0x80, 0x00, 0x04,
    0xf8, 0x00, 0x00, 0x00, 0xf8, 0x00, 0x00, 0x00, 0x00, 0x00, 0x00, 0x00,
    0x00, 0x00, 0x00, 0x00, 0xf8, 0x80, 0x00, 0x00, 0xf8, 0x54, 0x00, 0x04,
    0xf8, 0x40, 0x00, 0x04, 0xf8, 0x40, 0x00, 0x04, 0xf8, 0x54, 0x00, 0x04,
    0xf8, 0x48, 0x00, 0x08, 0xf8, 0x40, 0x00, 0x08, 0xf8, 0x4c, 0x00, 0x0c,
    0xf8, 0x40, 0x00, 0x0c, 0xf8, 0x48, 0x00, 0x0c, 0xf8, 0x40, 0x00, 0x10,
    0xf8, 0x48, 0x00, 0x14, 0xf8, 0x4c, 0x00, 0x14, 0xf8, 0x44, 0x00, 0x18,
    0xf8, 0x44, 0x00, 0x18, 0xf8, 0x44, 0x00, 0x1c, 0xf0, 0x44, 0x00, 0x24,
    0xf0, 0x44, 0x00, 0x24, 0xe8, 0x48, 0x08, 0x2c, 0xe0, 0x44, 0x08, 0x30,
    0xd8, 0x44, 0x08, 0x38, 0xd0, 0x44, 0x08, 0x3c, 0xd0, 0x40, 0x10, 0x41,
    0xc8, 0x44, 0x08, 0x49, 0xc8, 0x44, 0x08, 0x4d, 0xc8, 0x40, 0x10, 0x4d,
    0xc0, 0x40, 0x08, 0x51, 0xc0, 0x44, 0x10, 0x55, 0xc0, 0x40, 0x10, 0x55,
    0xc0, 0x40, 0x10, 0x55, 0xc0, 0x40, 0x08, 0x59, 0xc0, 0x44, 0x08, 0x55,
    0xc8, 0x40, 0x10, 0x51, 0xc8, 0x40, 0x10, 0x51, 0xc8, 0x44, 0x08, 0x4d,
    0xc8, 0x44, 0x08, 0x49, 0xd0, 0x44, 0x10, 0x41, 0xd0, 0x44, 0x08, 0x3c,
    0xd8, 0x44, 0x08, 0x38, 0xe0, 0x44, 0x08, 0x30, 0xe0, 0x48, 0x08, 0x2c,
    0xe8, 0x44, 0x00, 0x24, 0xf0, 0x44, 0x00, 0x24, 0xf8, 0x44, 0x00, 0x1c,
    0xf8, 0x44, 0x00, 0x1c, 0xf8, 0x44, 0x00, 0x18, 0xf8, 0x4c, 0x00, 0x14,
    0xf8, 0x48, 0x00, 0x14, 0xf8, 0x40, 0x00, 0x10, 0xf8, 0x48, 0x00, 0x0c,
    0xf8, 0x40, 0x00, 0x0c, 0xf8, 0x4c, 0x00, 0x0c, 0xf8, 0x40, 0x00, 0x08,
    0xf8, 0x48, 0x00, 0x08, 0xf8, 0x54, 0x00, 0x08, 0xf8, 0x34, 0x00, 0x04,
    0xf8, 0x40, 0x00, 0x04, 0xf8, 0x54, 0x00, 0x04, 0xf8, 0x80, 0x00, 0x00,
    0xf8, 0x00, 0x00, 0x00, 0xf8, 0x00, 0x00, 0x00, 0xf8, 0x00, 0x00, 0x00,
    0x00, 0x00, 0x00, 0x00, 0x00, 0x00, 0x00, 0x00, 0xf8, 0x80, 0x00, 0x00,
    0xf8, 0x54, 0x00, 0x04, 0xf8, 0x54, 0x00, 0x04, 0xf8, 0x40, 0x00, 0x04,
    0xf8, 0x34, 0x00, 0x04, 0xf8, 0x54, 0x00, 0x08, 0xf8, 0x40, 0x00, 0x08,
    0xf8, 0x38, 0x00, 0x08, 0xf8, 0x48, 0x00, 0x0c, 0xf8, 0x40, 0x00, 0x0c,
    0xf8, 0x48, 0x00, 0x10, 0xf8, 0x40, 0x00, 0x10, 0xf8, 0x48, 0x00, 0x10,
    0xf8, 0x48, 0x00, 0x14, 0xf8, 0x40, 0x00, 0x18, 0xf0, 0x44, 0x00, 0x1c,
    0xf8, 0x48, 0x00, 0x1c, 0xf0, 0x44, 0x00, 0x20, 0xf0, 0x48, 0x00, 0x24,
    0xe8, 0x44, 0x08, 0x28, 0xe0, 0x44, 0x08, 0x30, 0xd8, 0x44, 0x08, 0x34,
    0xd8, 0x44, 0x08, 0x38, 0xd0, 0x44, 0x08, 0x3c, 0xc8, 0x44, 0x08, 0x41,
    0xc8, 0x44, 0x08, 0x45, 0xc8, 0x40, 0x08, 0x49, 0xc8, 0x44, 0x08, 0x49,
    0xc0, 0x40, 0x08, 0x49, 0xc0, 0x40, 0x08, 0x49, 0xc0, 0x40, 0x08, 0x49,
    0xc8, 0x44, 0x08, 0x49, 0xc8, 0x40, 0x08, 0x49, 0xc8, 0x44, 0x08, 0x45,
    0xc8, 0x44, 0x08, 0x41, 0xd0, 0x44, 0x08, 0x3c, 0xd8, 0x44, 0x08, 0x38,
    0xd8, 0x44, 0x08, 0x34, 0xe0, 0x44, 0x08, 0x30, 0xe8, 0x44, 0x08, 0x28,
    0xf0, 0x48, 0x00, 0x24, 0xf0, 0x44, 0x00, 0x24, 0xf8, 0x44, 0x00, 0x1c,
    0xf8, 0x44, 0x00, 0x1c, 0xf8, 0x44, 0x00, 0x18, 0xf8, 0x48, 0x00, 0x14,
    0xf8, 0x48, 0x00, 0x10, 0xf8, 0x40, 0x00, 0x10, 0xf8, 0x48, 0x00, 0x10,
    0xf8, 0x40, 0x00, 0x0c, 0xf8, 0x44, 0x00, 0x0c, 0xf8, 0x38, 0x00, 0x08,
    0xf8, 0x40, 0x00, 0x08, 0xf8, 0x54, 0x00, 0x04, 0xf8, 0x34, 0x00, 0x04,
    0xf8, 0x40, 0x00, 0x04, 0xf8, 0x54, 0x00, 0x04, 0xf8, 0x54, 0x00, 0x04,
    0xf8, 0x80, 0x00, 0x04, 0xf8, 0x00, 0x00, 0x00, 0xf8, 0x00, 0x00, 0x04,
    0xf8, 0x00, 0x00, 0x00, 0x00, 0x00, 0x00, 0x00, 0x00, 0x00, 0x00, 0x00,
    0xf8, 0x80, 0x00, 0x00, 0xf8, 0x80, 0x00, 0x04, 0xf8, 0x54, 0x00, 0x04,
    0xf8, 0x40, 0x00, 0x04, 0xf8, 0x40, 0x00, 0x04, 0xf8, 0x58, 0x00, 0x04,
    0xf8, 0x48, 0x00, 0x08, 0xf8, 0x40, 0x00, 0x08, 0xf8, 0x38, 0x00, 0x08,
    0xf8, 0x48, 0x00, 0x0c, 0xf8, 0x4c, 0x00, 0x0c, 0xf8, 0x48, 0x00, 0x0c,
    0xf8, 0x40, 0x00, 0x10, 0xf8, 0x48, 0x00, 0x14, 0xf8, 0x48, 0x00, 0x14,
    0xf8, 0x44, 0x00, 0x18, 0xf8, 0x44, 0x00, 0x1c, 0xf8, 0x48, 0x00, 0x1c,
    0xf8, 0x48, 0x00, 0x20, 0xf0, 0x48, 0x00, 0x24, 0xe8, 0x48, 0x00, 0x28,
    0xe8, 0x48, 0x08, 0x2c, 0xe0, 0x48, 0x00, 0x30, 0xd8, 0x48, 0x08, 0x30,
    0xd8, 0x44, 0x08, 0x38, 0xd0, 0x40, 0x08, 0x38, 0xd0, 0x44, 0x08, 0x3c,
    0xd0, 0x44, 0x08, 0x3c, 0xd0, 0x44, 0x08, 0x41, 0xc8, 0x44, 0x08, 0x41,
    0xd0, 0x44, 0x08, 0x41, 0xd0, 0x44, 0x08, 0x3c, 0xd0, 0x44, 0x08, 0x3c,
    0xd0, 0x40, 0x08, 0x38, 0xd8, 0x44, 0x08, 0x38, 0xd8, 0x48, 0x08, 0x30,
    0xe0, 0x44, 0x08, 0x30, 0xe8, 0x48, 0x08, 0x2c, 0xe8, 0x48, 0x00, 0x28,
    0xf0, 0x48, 0x00, 0x24, 0xf8, 0x48, 0x00, 0x20, 0xf8, 0x48, 0x00, 0x1c,
    0xf8, 0x44, 0x00, 0x18, 0xf8, 0x44, 0x00, 0x18, 0xf8, 0x48, 0x00, 0x14,
    0xf8, 0x48, 0x00, 0x10, 0xf8, 0x40, 0x00, 0x10, 0xf8, 0x48, 0x00, 0x10,
    0xf8, 0x4c, 0x00, 0x0c, 0xf8, 0x48, 0x00, 0x0c, 0xf8, 0x38, 0x00, 0x08,
    0xf8, 0x40, 0x00, 0x08, 0xf8, 0x48, 0x00, 0x08, 0xf8, 0x54, 0x00, 0x08,
    0xf8, 0x40, 0x00, 0x04, 0xf8, 0x40, 0x00, 0x04, 0xf8, 0x54, 0x00, 0x04,
    0xf8, 0x80, 0x00, 0x00, 0xf8, 0x80, 0x00, 0x00, 0xf8, 0x00, 0x00, 0x00,
    0xf8, 0x00, 0x00, 0x00, 0xf8, 0x00, 0x00, 0x04, 0x00, 0x00, 0x00, 0x00,
    0x00, 0x00, 0x00, 0x00, 0xf8, 0x00, 0x00, 0x00, 0xf8, 0x80, 0x00, 0x00,
    0xf8, 0x54, 0x00, 0x04, 0xf8, 0x54, 0x00, 0x04, 0xf8, 0x40, 0x00, 0x04,
    0xf8, 0x34, 0x00, 0x04, 0xf8, 0x54, 0x00, 0x08, 0xf8, 0x48, 0x00, 0x08,
    0xf8, 0x40, 0x00, 0x08, 0xf8, 0x4c, 0x00, 0x08, 0xf8, 0x48, 0x00, 0x0c,
    0xf8, 0x50, 0x00, 0x0c, 0xf8, 0x48, 0x00, 0x10, 0xf8, 0x40, 0x00, 0x10,
    0xf8, 0x48, 0x00, 0x10, 0xf8, 0x4c, 0x00, 0x14, 0xf8, 0x48, 0x00, 0x14,
    0xf0, 0x44, 0x00, 0x1c, 0xf8, 0x40, 0x00, 0x1c, 0xf8, 0x48, 0x00, 0x1c,
    0xf8, 0x48, 0x00, 0x20, 0xf0, 0x48, 0x00, 0x24, 0xe8, 0x48, 0x00, 0x28,
    0xe8, 0x48, 0x08, 0x28, 0xe0, 0x48, 0x08, 0x2c, 0xe0, 0x44, 0x08, 0x30,
    0xd8, 0x44, 0x08, 0x30, 0xe0, 0x48, 0x08, 0x34, 0xd8, 0x44, 0x08, 0x34,
    0xd8, 0x44, 0x08, 0x34, 0xd8, 0x44, 0x08, 0x34, 0xd8, 0x48, 0x08, 0x30,
    0xd8, 0x44, 0x08, 0x30, 0xe0, 0x44, 0x08, 0x30, 0xe0, 0x48, 0x08, 0x2c,
    0xe8, 0x48, 0x08, 0x28, 0xe8, 0x48, 0x00, 0x28, 0xf0, 0x48, 0x00, 0x24,
    0xf8, 0x48, 0x00, 0x20, 0xf8, 0x48, 0x00, 0x1c, 0xf8, 0x40, 0x00, 0x1c,
    0xf0, 0x44, 0x00, 0x18, 0xf8, 0x48, 0x00, 0x14, 0xf8, 0x4c, 0x00, 0x14,
    0xf8, 0x48, 0x00, 0x14, 0xf8, 0x40, 0x00, 0x10, 0xf8, 0x48, 0x00, 0x10,
    0xf8, 0x4c, 0x00, 0x0c, 0xf8, 0x48, 0x00, 0x0c, 0xf8, 0x4c, 0x00, 0x08,
    0xf8, 0x40, 0x00, 0x08, 0xf8, 0x48, 0x00, 0x08, 0xf8, 0x58, 0x00, 0x04,
    0xf8, 0x34, 0x00, 0x04, 0xf8, 0x40, 0x00, 0x04, 0xf8, 0x54, 0x00, 0x04,
    0xf8, 0x58, 0x00, 0x04, 0xf8, 0x80, 0x00, 0x00, 0xf8, 0x00, 0x00, 0x00,
    0xf8, 0x00, 0x00, 0x00, 0xf8, 0x00, 0x00, 0x00, 0x00, 0x00, 0x00, 0x00,
    0x00, 0x00, 0x00, 0x00, 0x00, 0x00, 0x00, 0x00, 0xf8, 0x00, 0x00, 0x00,
    0xf8, 0x80, 0x00, 0x04, 0xf8, 0x80, 0x00, 0x00, 0xf8, 0x54, 0x00, 0x04,
    0xf8, 0x54, 0x00, 0x04, 0xf8, 0x40, 0x00, 0x04, 0xf8, 0x34, 0x00, 0x04,
    0xf8, 0x54, 0x00, 0x04, 0xf8, 0x48, 0x00, 0x08, 0xf8, 0x38, 0x00, 0x08,
    0xf8, 0x4c, 0x00, 0x0c, 0xf8, 0x48, 0x00, 0x0c, 0xf8, 0x4c, 0x00, 0x0c,
    0xf8, 0x48, 0x00, 0x0c, 0xf8, 0x40, 0x00, 0x10, 0xf8, 0x48, 0x00, 0x14,
    0xf8, 0x4c, 0x00, 0x14, 0xf8, 0x44, 0x00, 0x14, 0xf8, 0x44, 0x00, 0x18,
    0xf0, 0x44, 0x00, 0x18, 0xf8, 0x48, 0x00, 0x1c, 0xf8, 0x48, 0x00, 0x1c,
    0xf8, 0x48, 0x00, 0x20, 0xf0, 0x44, 0x00, 0x20, 0xf0, 0x48, 0x00, 0x24,
    0xf0, 0x44, 0x00, 0x24, 0xe8, 0x48, 0x00, 0x28, 0xf0, 0x44, 0x08, 0x28,
    0xe8, 0x44, 0x08, 0x28, 0xe8, 0x48, 0x08, 0x28, 0xf0, 0x44, 0x08, 0x28,
    0xe8, 0x44, 0x08, 0x28, 0xe8, 0x48, 0x00, 0x28, 0xf0, 0x44, 0x00, 0x24,
    0xf0, 0x48, 0x00, 0x24, 0xf0, 0x44, 0x00, 0x24, 0xf8, 0x48, 0x00, 0x20,
    0xf8, 0x48, 0x00, 0x1c, 0xf8, 0x48, 0x00, 0x1c, 0xf0, 0x44, 0x00, 0x18,
    0xf8, 0x44, 0x00, 0x18, 0xf8, 0x48, 0x00, 0x18, 0xf8, 0x4c, 0x00, 0x14,
    0xf8, 0x48, 0x00, 0x10, 0xf8, 0x40, 0x00, 0x10, 0xf8, 0x48, 0x00, 0x10,
    0xf8, 0x4c, 0x00, 0x0c, 0xf8, 0x48, 0x00, 0x0c, 0xf8, 0x4c, 0x00, 0x08,
    0xf8, 0x38, 0x00, 0x08, 0xf8, 0x48, 0x00, 0x08, 0xf8, 0x54, 0x00, 0x08,
    0xf8, 0x34, 0x00, 0x04, 0xf8, 0x40, 0x00, 0x04, 0xf8, 0x54, 0x00, 0x04,
    0xf8, 0x54, 0x00, 0x04, 0xf8, 0x80, 0x00, 0x00, 0xf8, 0x80, 0x00, 0x04,
    0xf8, 0x00, 0x00, 0x04, 0xf8, 0x00, 0x00, 0x00, 0xf8, 0x00, 0x00, 0x00,
    0x00, 0x00, 0x00, 0x00, 0x00, 0x00, 0x00, 0x00, 0x00, 0x00, 0x00, 0x00,
    0xf8, 0x00, 0x00, 0x00, 0xf8, 0x00, 0x00, 0x00, 0xf8, 0x80, 0x00, 0x04,
    0xf8, 0x80, 0x00, 0x00, 0xf8, 0x54, 0x00, 0x04, 0xf8, 0x40, 0x00, 0x04,
    0xf8, 0x40, 0x00, 0x04, 0xf8, 0x34, 0x00, 0x04, 0xf8, 0x54, 0x00, 0x08,
    0xf8, 0x40, 0x00, 0x08, 0xf8, 0x38, 0x00, 0x08, 0xf8, 0x4c, 0x00, 0x0c,
    0xf8, 0x48, 0x00, 0x0c, 0xf8, 0x4c, 0x00, 0x0c, 0xf8, 0x48, 0x00, 0x10,
    0xf8, 0x40, 0x00, 0x10, 0xf8, 0x4c, 0x00, 0x10, 0xf8, 0x44, 0x00, 0x14,
    0xf8, 0x48, 0x00, 0x14, 0xf8, 0x48, 0x00, 0x18, 0xf8, 0x48, 0x00, 0x18,
    0xf8, 0x48, 0x00, 0x18, 0xf8, 0x40, 0x00, 0x1c, 0xf8, 0x44, 0x00, 0x1c,
    0xf8, 0x48, 0x00, 0x1c, 0xf8, 0x44, 0x00, 0x20, 0xf8, 0x48, 0x00, 0x20,
    0xf8, 0x48, 0x00, 0x20, 0xf8, 0x48, 0x00, 0x20, 0xf8, 0x48, 0x00, 0x20,
    0xf8, 0x44, 0x00, 0x20, 0xf8, 0x48, 0x00, 0x20, 0xf8, 0x4c, 0x00, 0x20,
    0xf8, 0x44, 0x00, 0x20, 0xf8, 0x44, 0x00, 0x1c, 0xf8, 0x48, 0x00, 0x1c,
    0xf8, 0x40, 0x00, 0x1c, 0xf8, 0x48, 0x00, 0x18, 0xf8, 0x4c, 0x00, 0x18,
    0xf8, 0x44, 0x00, 0x14, 0xf8, 0x48, 0x00, 0x14, 0xf8, 0x44, 0x00, 0x14,
    0xf8, 0x48, 0x00, 0x14, 0xf8, 0x40, 0x00, 0x10, 0xf8, 0x48, 0x00, 0x0c,
    0xf8, 0x4c, 0x00, 0x0c, 0xf8, 0x48, 0x00, 0x0c, 0xf8, 0x4c, 0x00, 0x08,
    0xf8, 0x38, 0x00, 0x08, 0xf8, 0x40, 0x00, 0x08, 0xf8, 0x54, 0x00, 0x08,
    0xf8, 0x34, 0x00, 0x04, 0xf8, 0x40, 0x00, 0x04, 0xf8, 0x40, 0x00, 0x04,
    0xf8, 0x54, 0x00, 0x04, 0xf8, 0x80, 0x00, 0x00, 0xf8, 0x80, 0x00, 0x00,
    0xf8, 0x00, 0x00, 0x00, 0xf8, 0x00, 0x00, 0x00, 0xf8, 0x00, 0x00, 0x04,
    0xf8, 0x00, 0x00, 0x00, 0x00, 0x00, 0x00, 0x00, 0x00, 0x00, 0x00, 0x00,
    0x00, 0x00, 0x00, 0x00, 0xf8, 0x00, 0x00, 0x00, 0xf8, 0x00, 0x00, 0x00,
    0xf8, 0x00, 0x00, 0x00, 0xf8, 0x80, 0x00, 0x04, 0xf8, 0x54, 0x00, 0x04,
    0xf8, 0x54, 0x00, 0x04, 0xf8, 0x40, 0x00, 0x04, 0xf8, 0x34, 0x00, 0x04,
    0xf8, 0x58, 0x00, 0x04, 0xf8, 0x54, 0x00, 0x08, 0xf8, 0x40, 0x00, 0x08,
    0xf8, 0x38, 0x00, 0x08, 0xf8, 0x4c, 0x00, 0x08, 0xf8, 0x48, 0x00, 0x0c,
    0xf8, 0x40, 0x00, 0x0c, 0xf8, 0x48, 0x00, 0x0c, 0xf8, 0x44, 0x00, 0x10,
    0xf8, 0x4c, 0x00, 0x10, 0xf8, 0x48, 0x00, 0x10, 0xf8, 0x44, 0x00, 0x14,
    0xf8, 0x48, 0x00, 0x14, 0xf8, 0x48, 0x00, 0x18, 0xf8, 0x40, 0x00, 0x18,
    0xf8, 0x4c, 0x00, 0x18, 0xf8, 0x48, 0x00, 0x18, 0xf8, 0x44, 0x00, 0x1c,
    0xf8, 0x44, 0x00, 0x18, 0xf8, 0x4c, 0x00, 0x1c, 0xf8, 0x4c, 0x00, 0x1c,
    0xf8, 0x4c, 0x00, 0x1c, 0xf8, 0x4c, 0x00, 0x1c, 0xf8, 0x4c, 0x00, 0x1c,
    0xf8, 0x44, 0x00, 0x18, 0xf8, 0x44, 0x00, 0x1c, 0xf8, 0x48, 0x00, 0x18,
    0xf8, 0x48, 0x00, 0x18, 0xf8, 0x44, 0x00, 0x18, 0xf8, 0x44, 0x00, 0x14,
    0xf8, 0x48, 0x00, 0x14, 0xf8, 0x44, 0x00, 0x14, 0xf8, 0x48, 0x00, 0x14,
    0xf8, 0x4c, 0x00, 0x10, 0xf8, 0x44, 0x00, 0x10, 0xf8, 0x48, 0x00, 0x0c,
    0xf8, 0x40, 0x00, 0x0c, 0xf8, 0x44, 0x00, 0x0c, 0xf8, 0x4c, 0x00, 0x0c,
    0xf8, 0x38, 0x00, 0x08, 0xf8, 0x40, 0x00, 0x08, 0xf8, 0x54, 0x00, 0x08,
    0xf8, 0x54, 0x00, 0x04, 0xf8, 0x34, 0x00, 0x04, 0xf8, 0x40, 0x00, 0x04,
    0xf8, 0x54, 0x00, 0x04, 0xf8, 0x54, 0x00, 0x04, 0xf8, 0x80, 0x00, 0x00,
    0xf8, 0x00, 0x00, 0x00, 0xf8, 0x00, 0x00, 0x00, 0xf8, 0x00, 0x00, 0x00,
    0xf8, 0x00, 0x00, 0x00, 0x00, 0x00, 0x00, 0x00, 0x00, 0x00, 0x00, 0x00,
    0x00, 0x00, 0x00, 0x00, 0x00, 0x00, 0x00, 0x00, 0xf8, 0x00, 0x00, 0x00,
    0xf8, 0x00, 0x00, 0x00, 0xf8, 0x00, 0x00, 0x00, 0xf8, 0x80, 0x00, 0x00,
    0xf8, 0x80, 0x00, 0x00, 0xf8, 0x54, 0x00, 0x04, 0xf8, 0x54, 0x00, 0x04,
    0xf8, 0x40, 0x00, 0x04, 0xf8, 0x34, 0x00, 0x04, 0xf8, 0x54, 0x00, 0x04,
    0xf8, 0x54, 0x00, 0x08, 0xf8, 0x48, 0x00, 0x08, 0xf8, 0x40, 0x00, 0x08,
    0xf8, 0x38, 0x00, 0x08, 0xf8, 0x48, 0x00, 0x0c, 0xf8, 0x40, 0x00, 0x0c,
    0xf8, 0x4c, 0x00, 0x0c, 0xf8, 0x48, 0x00, 0x10, 0xf8, 0x40, 0x00, 0x10,
    0xf8, 0x4c, 0x00, 0x10, 0xf8, 0x48, 0x00, 0x14, 0xf8, 0x44, 0x00, 0x14,
    0xf8, 0x4c, 0x00, 0x14, 0xf8, 0x48, 0x00, 0x14, 0xf8, 0x48, 0x00, 0x18,
    0xf8, 0x44, 0x00, 0x14, 0xf8, 0x44, 0x00, 0x18, 0xf8, 0x44, 0x00, 0x18,
    0xf8, 0x40, 0x00, 0x18, 0xf8, 0x44, 0x00, 0x18, 0xf8, 0x44, 0x00, 0x18,
    0xf8, 0x40, 0x00, 0x18, 0xf8, 0x44, 0x00, 0x18, 0xf8, 0x48, 0x00, 0x14,
    0xf8, 0x44, 0x00, 0x18, 0xf8, 0x48, 0x00, 0x14, 0xf8, 0x4c, 0x00, 0x14,
    0xf8, 0x44, 0x00, 0x14, 0xf8, 0x48, 0x00, 0x14, 0xf8, 0x4c, 0x00, 0x10,
    0xf8, 0x40, 0x00, 0x10, 0xf8, 0x48, 0x00, 0x0c, 0xf8, 0x4c, 0x00, 0x0c,
    0xf8, 0x40, 0x00, 0x0c, 0xf8, 0x48, 0x00, 0x0c, 0xf8, 0x38, 0x00, 0x08,
    0xf8, 0x40, 0x00, 0x08, 0xf8, 0x48, 0x00, 0x08, 0xf8, 0x54, 0x00, 0x08,
    0xf8, 0x58, 0x00, 0x04, 0xf8, 0x34, 0x00, 0x04, 0xf8, 0x40, 0x00, 0x04,
    0xf8, 0x54, 0x00, 0x04, 0xf8, 0x54, 0x00, 0x04, 0xf8, 0x80, 0x00, 0x00,
    0xf8, 0x80, 0x00, 0x04, 0xf8, 0x00, 0x00, 0x04, 0xf8, 0x00, 0x00, 0x00,
    0xf8, 0x00, 0x00, 0x04, 0xf8, 0x00, 0x00, 0x00, 0x00, 0x00, 0x00, 0x00,
    0x00, 0x00, 0x00, 0x00, 0x00, 0x00, 0x00, 0x00, 0x00, 0x00, 0x00, 0x00,
    0xf8, 0x00, 0x00, 0x00, 0xf8, 0x00, 0x00, 0x00, 0xf8, 0x00, 0x00, 0x04,
    0xf8, 0x00, 0x00, 0x00, 0xf8, 0x80, 0x00, 0x00, 0xf8, 0x80, 0x00, 0x04,
    0xf8, 0x54, 0x00, 0x04, 0xf8, 0x54, 0x00, 0x04, 0xf8, 0x40, 0x00, 0x04,
    0xf8, 0x34, 0x00, 0x04, 0xf8, 0x34, 0x00, 0x04, 0xf8, 0x54, 0x00, 0x08,
    0xf8, 0x48, 0x00, 0x08, 0xf8, 0x40, 0x00, 0x08, 0xf8, 0x38, 0x00, 0x08,
    0xf8, 0x4c, 0x00, 0x0c, 0xf8, 0x48, 0x00, 0x0c, 0xf8, 0x40, 0x00, 0x0c,
    0xf8, 0x4c, 0x00, 0x0c, 0xf8, 0x48, 0x00, 0x0c, 0xf8, 0x44, 0x00, 0x10,
    0xf8, 0x40, 0x00, 0x10, 0xf8, 0x4c, 0x00, 0x10, 0xf8, 0x48, 0x00, 0x10,
    0xf8, 0x44, 0x00, 0x14, 0xf8, 0x44, 0x00, 0x14, 0xf8, 0x44, 0x00, 0x14,
    0xf8, 0x4c, 0x00, 0x14, 0xf8, 0x4c, 0x00, 0x14, 0xf8, 0x4c, 0x00, 0x14,
    0xf8, 0x4c, 0x00, 0x14, 0xf8, 0x4c, 0x00, 0x14, 0xf8, 0x44, 0x00, 0x14,
    0xf8, 0x44, 0x00, 0x14, 0xf8, 0x44, 0x00, 0x14, 0xf8, 0x48, 0x00, 0x10,
    0xf8, 0x4c, 0x00, 0x10, 0xf8, 0x40, 0x00, 0x10, 0xf8, 0x44, 0x00, 0x10,
    0xf8, 0x48, 0x00, 0x0c, 0xf8, 0x4c, 0x00, 0x0c, 0xf8, 0x40, 0x00, 0x0c,
    0xf8, 0x44, 0x00, 0x0c, 0xf8, 0x4c, 0x00, 0x0c, 0xf8, 0x38, 0x00, 0x08,
    0xf8, 0x40, 0x00, 0x08, 0xf8, 0x48, 0x00, 0x08, 0xf8, 0x58, 0x00, 0x04,
    0xf8, 0x34, 0x00, 0x04, 0xf8, 0x34, 0x00, 0x04, 0xf8, 0x40, 0x00, 0x04,
    0xf8, 0x54, 0x00, 0x04, 0xf8, 0x54, 0x00, 0x04, 0xf8, 0x80, 0x00, 0x00,
    0xf8, 0x80, 0x00, 0x00, 0xf8, 0x00, 0x00, 0x00, 0xf8, 0x00, 0x00, 0x00,
    0xf8, 0x00, 0x00, 0x00, 0xf8, 0x00, 0x00, 0x00, 0x00, 0x00, 0x00, 0x00,
    0x00, 0x00, 0x00, 0x00, 0x00, 0x00, 0x00, 0x00, 0x00, 0x00, 0x00, 0x00,
    0x00, 0x00, 0x00, 0x00
};
